# auto-battlebot velocity jig
# columns: t_us,count,gx,gy,gz,ax,ay,az  (raw int16 imu)
# encoder: quadrature x4 (constant column if unplugged)
# sample_rate_hz=1000 gyro_dps_per_lsb=0.140 accel_g_per_lsb=0.000488
3558417042,0,-1,-2,-6,5,11,-2048
3558418038,0,2,-1,-2,12,12,-2045
3558419040,0,2,-1,-2,8,15,-2045
3558420038,0,1,0,0,6,17,-2040
3558421038,0,0,-3,-3,-1,15,-2049
3558422038,0,6,-1,-3,11,5,-2041
3558423038,0,3,0,-4,4,13,-2053
3558424038,0,4,-5,-4,7,10,-2048
3558425038,0,3,-2,-8,9,18,-2043
3558426038,0,5,-5,-3,9,12,-2050
3558427038,0,0,-3,-3,8,12,-2047
3558428038,0,1,-1,-3,-2,21,-2048
3558429038,0,3,-4,-3,0,16,-2053
3558430038,0,3,-3,-5,4,12,-2041
3558431038,0,0,0,-1,4,22,-2045
3558432038,0,3,-3,-4,2,14,-2048
3558433038,0,3,-4,-2,6,22,-2039
3558434038,0,4,-3,-2,-2,25,-2046
3558435038,0,0,-3,-3,3,30,-2040
3558436038,0,1,2,-2,10,33,-2047
3558437038,0,4,-3,-4,9,23,-2041
3558438038,0,5,-5,-5,-6,29,-2045
3558439038,0,-2,-2,-5,0,31,-2034
3558440038,0,2,-4,-5,3,32,-2039
3558441038,0,3,-1,-4,6,35,-2047
3558442038,0,2,-1,-2,-4,33,-2041
3558443038,0,1,-4,-7,-2,31,-2041
3558444038,0,5,-6,-5,3,29,-2048
3558445038,0,2,-2,-2,1,31,-2046
3558446038,0,1,0,-3,0,32,-2046
3558447038,0,1,1,-5,-2,26,-2048
3558448038,0,3,-2,-4,-6,25,-2044
3558449038,0,1,-3,0,8,24,-2040
3558450040,0,1,-2,-4,-1,35,-2047
3558451049,0,1,-2,-5,4,24,-2046
3558452038,0,0,2,-5,-1,23,-2043
3558453038,0,2,-3,-3,2,22,-2049
3558454038,0,1,-4,-2,-2,19,-2044
3558455038,0,-2,-1,-3,-2,27,-2047
3558456038,0,3,-4,-2,4,20,-2045
3558457038,0,1,0,-4,4,18,-2049
3558458038,0,4,0,-4,2,18,-2048
3558459038,0,3,0,-1,1,16,-2053
3558460038,0,2,-1,-2,6,14,-2040
3558461038,0,3,-1,-2,1,18,-2045
3558462038,0,6,-3,-4,3,16,-2038
3558463038,0,-3,3,-4,4,17,-2042
3558464038,0,1,-9,-5,7,21,-2042
3558465038,0,3,-3,-1,9,12,-2047
3558466038,0,3,-2,-1,10,11,-2045
3558467038,0,4,-5,-5,4,13,-2043
3558468038,0,2,1,-4,-6,27,-2048
3558469038,0,5,-4,-5,1,21,-2040
3558470038,0,2,0,-2,2,21,-2050
3558471038,0,0,-2,-7,6,21,-2051
3558472038,0,3,-3,-4,6,26,-2046
3558473038,0,4,-2,-4,13,22,-2039
3558474038,0,2,0,-5,-2,26,-2043
3558475038,0,4,-5,-3,6,29,-2042
3558476038,0,5,1,-2,0,26,-2044
3558477038,0,1,-1,-4,-1,27,-2045
3558478038,0,2,-2,-4,2,23,-2040
3558479038,0,4,-4,-7,-2,29,-2048
3558480038,0,4,-4,-8,-1,30,-2039
3558481038,0,1,-4,-7,8,31,-2047
3558482038,0,4,0,-1,4,24,-2046
3558483038,0,1,-8,-5,7,28,-2044
3558484038,0,1,-2,-4,1,25,-2043
3558485038,0,4,-2,-2,3,29,-2040
3558486038,0,3,-4,-5,10,27,-2049
3558487038,0,3,-2,-4,2,28,-2037
3558488038,0,3,-6,-6,-4,31,-2051
3558489038,0,2,-3,-3,-5,33,-2040
3558490038,0,2,-3,-3,5,27,-2044
3558491038,0,1,-2,-6,11,18,-2037
3558492038,0,-2,-1,0,6,18,-2040
3558493038,0,-2,-3,-1,6,22,-2048
3558494038,0,3,-3,-5,4,24,-2049
3558495038,0,-1,1,0,7,14,-2057
3558496038,0,5,-5,-1,6,18,-2051
3558497038,0,-1,-3,-2,-3,17,-2040
3558498038,0,2,-2,-1,2,25,-2043
3558499038,0,3,-2,-3,5,26,-2044
3558500038,0,2,-3,-6,-2,23,-2046
3558501038,0,1,-1,-3,4,20,-2048
3558502038,0,5,-4,-6,9,17,-2041
3558503038,0,4,1,-4,1,23,-2035
3558504038,0,3,-5,-3,3,14,-2044
3558505038,0,3,-1,-2,5,22,-2055
3558506038,0,3,1,-4,5,17,-2043
3558507038,0,7,-4,-5,5,21,-2045
3558508038,0,0,-2,-5,-2,19,-2043
3558509038,0,2,-1,0,7,21,-2048
3558510038,0,4,-4,0,8,27,-2047
3558511038,0,2,-4,-3,-3,21,-2045
3558512038,0,1,-2,-6,10,22,-2042
3558513038,0,2,-2,-3,1,16,-2045
3558514038,0,2,-1,-3,-3,20,-2037
3558515038,0,3,-7,-2,-2,25,-2046
3558516038,0,4,-2,-4,5,26,-2044
3558517038,0,5,-2,-4,10,27,-2046
3558518038,0,5,-4,-4,10,21,-2039
3558519038,0,2,-3,-3,-5,31,-2047
3558520038,0,1,-3,-3,10,25,-2048
3558521038,0,2,-3,0,1,22,-2034
3558522038,0,1,-4,-4,3,22,-2044
3558523038,0,2,-4,0,2,19,-2050
3558524038,0,2,-2,-3,4,27,-2044
3558525038,0,2,-1,0,2,26,-2039
3558526038,0,2,-2,-6,-2,28,-2038
3558527038,0,1,-1,-4,2,28,-2046
3558528038,0,3,-4,-4,3,23,-2040
3558529038,0,1,0,-5,3,30,-2044
3558530038,0,1,-3,-1,0,20,-2041
3558531038,0,0,-2,-3,1,29,-2044
3558532038,0,4,2,-7,-8,33,-2049
3558533038,0,4,-3,-3,-1,17,-2041
3558534038,0,6,-4,-6,3,21,-2051
3558535038,0,-1,-2,-4,5,27,-2047
3558536038,0,2,-4,-3,8,22,-2049
3558537038,0,1,-1,-5,0,23,-2046
3558538038,0,-2,-1,-4,-2,25,-2048
3558539038,0,4,-7,-6,0,25,-2050
3558540038,0,2,-4,-5,9,21,-2039
3558541038,0,2,-1,-5,9,28,-2039
3558542038,0,4,-5,-4,2,27,-2047
3558543038,0,1,-2,-3,1,21,-2045
3558544038,0,0,1,-1,11,20,-2048
3558545038,0,2,-2,0,3,15,-2043
3558546038,0,1,-3,-3,0,24,-2046
3558547038,0,1,-5,-5,9,23,-2038
3558548038,0,-1,1,0,-2,18,-2042
3558549038,0,0,-2,-4,5,27,-2053
3558550038,0,2,-1,-3,8,27,-2046
3558551038,0,2,-1,-5,7,23,-2044
3558552038,0,2,-1,-4,6,36,-2044
3558553038,0,-1,-1,-3,-4,26,-2053
3558554038,0,5,-2,-5,9,27,-2047
3558555038,0,1,-5,-2,7,27,-2050
3558556038,0,5,-2,-4,-1,30,-2052
3558557038,0,4,-5,-4,1,26,-2047
3558558038,0,2,-5,-3,-1,30,-2049
3558559038,0,1,0,-2,8,27,-2045
3558560038,0,-1,-5,-3,0,21,-2045
3558561038,0,6,-4,-4,1,31,-2047
3558562038,0,0,0,-2,1,21,-2053
3558563038,0,1,1,-5,13,18,-2036
3558564038,0,2,-3,-3,6,28,-2043
3558565038,0,1,-2,-6,1,24,-2042
3558566038,0,2,-7,-1,3,22,-2046
3558567038,0,0,1,-4,1,26,-2041
3558568038,0,3,-5,-5,3,16,-2047
3558569038,0,6,-6,-4,7,23,-2044
3558570038,0,2,-3,-3,3,28,-2041
3558571038,0,2,-2,-2,3,17,-2050
3558572038,0,-4,3,-6,7,24,-2049
3558573038,0,1,-3,-3,0,18,-2051
3558574038,0,4,-5,-6,-2,28,-2050
3558575038,0,4,-2,-3,-5,30,-2044
3558576038,0,1,-7,-2,-1,17,-2040
3558577038,0,4,-3,-3,4,23,-2041
3558578038,0,-1,1,-2,7,24,-2038
3558579038,0,2,-2,-2,10,23,-2043
3558580038,0,1,-3,-4,5,27,-2050
3558581038,0,3,-3,-1,3,31,-2045
3558582038,0,6,-5,-4,-3,21,-2044
3558583038,0,4,-4,-7,-8,22,-2051
3558584038,0,1,-2,-6,6,26,-2048
3558585038,0,2,-4,-3,7,24,-2044
3558586038,0,3,-2,-2,1,21,-2048
3558587038,0,0,1,-4,8,23,-2041
3558588038,0,4,0,-4,3,18,-2046
3558589038,0,3,1,0,2,16,-2041
3558590038,0,2,-5,-3,6,31,-2049
3558591038,0,1,0,-2,9,28,-2037
3558592038,0,2,-5,-4,9,25,-2045
3558593038,0,1,-3,-5,5,25,-2045
3558594038,0,1,0,-3,2,26,-2043
3558595038,0,2,-1,-3,-4,20,-2050
3558596038,0,2,1,-4,0,18,-2052
3558597038,0,6,-4,-3,3,23,-2053
3558598038,0,3,-6,-4,9,20,-2051
3558599038,0,3,-3,-6,1,31,-2046
3558600038,0,1,-3,2,-6,35,-2046
3558601038,0,3,-2,-4,-3,20,-2047
3558602038,0,0,-3,-1,-2,21,-2039
3558603038,0,1,-8,-4,4,26,-2049
3558604038,0,0,0,-2,10,18,-2049
3558605038,0,2,-2,-7,2,22,-2048
3558606038,0,0,-4,-9,1,26,-2044
3558607038,0,0,-2,-7,-1,29,-2046
3558608038,0,4,-4,-4,2,30,-2041
3558609038,0,0,-1,-5,-3,34,-2054
3558610038,0,1,0,-6,-1,25,-2051
3558611038,0,2,-4,-5,3,24,-2044
3558612038,0,-2,-1,-2,2,26,-2046
3558613038,0,3,-2,-2,4,27,-2044
3558614038,0,4,0,-3,7,27,-2038
3558615038,0,-1,-1,1,3,22,-2044
3558616038,0,3,-2,-5,5,26,-2043
3558617038,0,0,-2,2,4,26,-2042
3558618038,0,2,-4,-2,-1,18,-2039
3558619038,0,-1,-2,-1,2,23,-2038
3558620038,0,1,-2,-4,3,29,-2044
3558621038,0,1,-2,-6,9,24,-2048
3558622038,0,2,-1,-1,4,19,-2045
3558623038,0,-1,2,-4,-1,24,-2046
3558624038,0,-1,-1,-5,3,27,-2046
3558625038,0,-1,1,-4,2,10,-2050
3558626038,0,5,-5,-2,3,24,-2047
3558627038,0,1,-5,-6,-1,20,-2040
3558628038,0,0,1,-2,-5,17,-2045
3558629038,0,4,-2,-4,3,21,-2042
3558630038,0,1,-2,-5,9,19,-2039
3558631038,0,1,-1,-2,-5,24,-2036
3558632038,0,1,-2,-5,-9,18,-2038
3558633038,0,3,-1,-5,1,26,-2045
3558634038,0,5,-1,-3,-2,27,-2051
3558635038,0,3,0,-4,7,30,-2041
3558636038,0,3,-2,-5,2,20,-2042
3558637038,0,4,-1,-1,0,23,-2041
3558638038,0,5,-5,-2,1,23,-2044
3558639038,0,2,-2,-5,-5,25,-2046
3558640038,0,0,-4,-4,1,19,-2045
3558641038,0,5,2,-3,2,21,-2040
3558642038,0,2,-3,-4,4,24,-2046
3558643038,0,9,-2,-2,-3,23,-2043
3558644038,0,4,-2,-7,6,15,-2046
3558645038,0,0,-5,-2,-4,32,-2049
3558646038,0,0,-3,-4,0,22,-2056
3558647038,0,4,-4,-5,0,26,-2053
3558648038,0,4,-4,-3,-2,25,-2052
3558649038,0,3,-3,-4,1,24,-2044
3558650038,0,2,-4,-5,0,29,-2043
3558651038,0,-2,0,-4,-2,23,-2034
3558652038,0,0,0,-4,4,27,-2048
3558653038,0,1,-1,-3,3,26,-2052
3558654038,0,1,-3,-2,-1,23,-2045
3558655038,0,-1,-1,-3,-3,28,-2040
3558656038,0,1,-2,-3,15,21,-2046
3558657038,0,4,-3,-4,7,32,-2042
3558658038,0,1,-3,-3,5,24,-2044
3558659038,0,4,-5,-5,5,18,-2050
3558660038,0,4,0,-4,5,29,-2055
3558661038,0,3,-3,-5,6,20,-2042
3558662038,0,7,-5,-5,-4,19,-2046
3558663038,0,1,-5,-4,3,28,-2044
3558664038,0,-2,3,0,-2,23,-2045
3558665038,0,0,-2,-1,2,18,-2049
3558666039,0,1,-2,-1,-3,18,-2048
3558667038,0,3,-5,-5,4,23,-2043
3558668039,0,1,0,-3,12,24,-2041
3558669040,0,0,-2,-3,0,19,-2047
3558670038,0,5,-1,-5,-3,20,-2045
3558671038,0,3,-4,-5,7,30,-2044
3558672038,0,2,-3,-5,-2,27,-2044
3558673038,0,4,0,-3,6,21,-2044
3558674038,0,0,-3,-3,5,23,-2045
3558675038,0,1,-6,-6,-2,22,-2046
3558676038,0,4,-3,-2,-1,22,-2039
3558677038,0,4,-2,-5,-1,31,-2049
3558678038,0,-3,1,3,0,20,-2046
3558679038,0,3,-4,-3,-2,22,-2042
3558680038,0,1,-3,-3,3,20,-2038
3558681038,0,1,-3,-2,14,25,-2044
3558682038,0,-3,3,-2,3,21,-2050
3558683038,0,2,-7,-6,3,22,-2040
3558684038,0,1,-5,-5,11,24,-2050
3558685038,0,5,-1,-6,-3,19,-2051
3558686038,0,2,0,-5,5,26,-2042
3558687038,0,0,0,-3,3,28,-2047
3558688038,0,1,-4,-2,6,27,-2045
3558689038,0,1,0,-4,2,28,-2041
3558690038,0,0,-1,0,0,21,-2038
3558691038,0,2,-2,-1,8,25,-2048
3558692038,0,-2,0,-3,7,22,-2043
3558693038,0,2,-5,-5,0,29,-2050
3558694038,0,2,-5,-5,-1,27,-2048
3558695038,0,1,-2,-5,6,20,-2044
3558696038,0,-2,-1,0,6,25,-2045
3558697038,0,4,-4,-5,-1,27,-2046
3558698038,0,0,-6,-2,9,27,-2037
3558699038,0,-1,0,-4,14,24,-2043
3558700038,0,2,-4,-5,0,25,-2045
3558701038,0,2,2,-4,-9,27,-2032
3558702038,0,0,1,-3,4,22,-2048
3558703038,0,2,-1,-5,9,24,-2038
3558704038,0,3,-4,-4,6,22,-2048
3558705038,0,0,2,0,2,16,-2048
3558706038,0,0,0,1,3,19,-2038
3558707038,0,5,-8,-5,7,23,-2039
3558708038,0,4,-4,-3,9,22,-2045
3558709038,0,2,-4,-3,5,26,-2049
3558710038,0,3,-3,-2,5,20,-2052
3558711038,0,3,-4,-4,4,20,-2044
3558712038,0,5,-2,-3,-7,20,-2051
3558713038,0,0,-2,-7,-1,21,-2049
3558714038,0,1,-6,-3,2,16,-2044
3558715038,0,4,-1,-6,4,23,-2045
3558716038,0,4,-3,-5,8,21,-2040
3558717038,0,-2,-1,-3,0,30,-2042
3558718038,0,4,-2,-4,6,27,-2042
3558719038,0,1,-6,-3,8,24,-2041
3558720038,0,5,-3,-3,4,24,-2042
3558721038,0,1,-3,-2,1,30,-2035
3558722038,0,-2,-1,-5,0,21,-2044
3558723038,0,1,-2,-3,-5,27,-2043
3558724038,0,-2,-1,-6,4,22,-2046
3558725038,0,4,-3,-4,5,28,-2037
3558726038,0,4,-5,-6,1,22,-2046
3558727038,0,1,-2,-4,6,23,-2038
3558728038,0,-1,-1,0,3,23,-2037
3558729038,0,3,-4,-2,6,30,-2042
3558730038,0,-2,-2,-4,-3,25,-2043
3558731038,0,-1,-3,-4,-5,21,-2042
3558732038,0,5,-7,-3,4,26,-2045
3558733038,0,1,2,-2,8,21,-2048
3558734038,0,-3,-4,-1,1,24,-2044
3558735038,0,4,-2,-6,1,21,-2046
3558736038,0,4,-4,-4,4,20,-2042
3558737038,0,1,1,-3,3,22,-2040
3558738038,0,-1,-1,-2,7,17,-2042
3558739038,0,-1,1,-4,-1,26,-2041
3558740038,0,1,0,-1,8,23,-2046
3558741038,0,2,-1,-3,0,27,-2047
3558742038,0,0,-1,-3,5,26,-2051
3558743038,0,2,-4,-4,1,27,-2044
3558744038,0,3,-4,-5,10,23,-2043
3558745038,0,1,-4,-6,10,22,-2037
3558746038,0,4,-2,-1,8,30,-2049
3558747038,0,2,-5,-4,6,20,-2042
3558748038,0,2,-4,-5,-2,19,-2040
3558749038,0,-1,-3,-4,8,27,-2042
3558750038,0,2,-7,-5,1,15,-2043
3558751038,0,3,-5,-6,3,17,-2041
3558752038,0,1,-1,-4,1,23,-2047
3558753038,0,3,-2,-6,5,26,-2054
3558754038,0,5,-1,-6,-2,21,-2043
3558755038,0,2,-2,-2,9,20,-2049
3558756038,0,2,-2,-3,8,20,-2045
3558757038,0,4,-5,-5,0,30,-2044
3558758038,0,0,-5,-2,2,26,-2048
3558759038,0,2,-2,-3,4,22,-2043
3558760038,0,0,-5,-2,0,21,-2045
3558761038,0,2,-4,-5,-1,29,-2048
3558762038,0,2,-1,-7,8,27,-2044
3558763038,0,-1,-2,0,2,25,-2035
3558764038,0,3,-3,-4,2,26,-2045
3558765038,0,2,3,-1,5,22,-2050
3558766038,0,2,-1,0,3,21,-2050
3558767038,0,2,-4,-2,1,20,-2046
3558768038,0,1,-4,-5,-3,25,-2048
3558769038,0,5,-3,0,-3,23,-2049
3558770038,0,2,0,-3,3,20,-2046
3558771038,0,0,-3,-2,2,23,-2039
3558772038,0,4,-8,-6,15,26,-2044
3558773038,0,3,-4,-5,4,30,-2046
3558774038,0,3,-3,-4,0,20,-2040
3558775038,0,5,-1,-6,2,23,-2047
3558776038,0,3,-4,-4,1,23,-2050
3558777038,0,0,-2,-6,6,22,-2045
3558778038,0,3,-3,-8,-4,25,-2047
3558779038,0,1,-1,-1,-5,23,-2041
3558780038,0,3,-2,-4,2,28,-2048
3558781038,0,2,1,-5,-5,31,-2042
3558782038,0,3,-2,-6,7,25,-2046
3558783038,0,6,-3,-6,3,21,-2047
3558784038,0,4,-1,-6,-1,18,-2048
3558785038,0,1,0,-3,3,25,-2047
3558786038,0,4,-4,1,-2,28,-2040
3558787038,0,1,-3,0,2,28,-2043
3558788038,0,5,-5,-2,10,25,-2040
3558789038,0,2,-1,0,0,22,-2047
3558790038,0,3,-1,-3,0,23,-2044
3558791038,0,2,-4,-2,8,25,-2049
3558792038,0,0,0,-1,2,25,-2044
3558793038,0,2,-4,-2,2,22,-2042
3558794038,0,3,-3,-6,6,27,-2046
3558795038,0,1,-2,-7,-3,14,-2047
3558796038,0,5,-2,-4,10,20,-2042
3558797038,0,1,-1,-5,2,29,-2046
3558798038,0,4,-6,-6,4,21,-2047
3558799038,0,1,-1,-1,0,31,-2039
3558800038,0,0,1,3,5,25,-2043
3558801038,0,3,-3,-5,5,17,-2047
3558802038,0,-1,1,-3,-1,21,-2041
3558803038,0,2,-2,-4,5,15,-2048
3558804038,0,4,-2,-3,2,25,-2041
3558805038,0,1,-1,-1,1,19,-2049
3558806038,0,0,-3,-1,4,27,-2041
3558807038,0,0,-2,-2,6,24,-2040
3558808038,0,3,-3,-2,5,22,-2042
3558809038,0,3,-4,-1,6,30,-2060
3558810038,0,4,-4,-7,-2,26,-2046
3558811038,0,-1,1,-3,1,30,-2042
3558812038,0,1,-3,-4,7,22,-2050
3558813038,0,6,-4,-6,7,24,-2051
3558814038,0,3,-5,-6,2,18,-2042
3558815038,0,3,2,-2,3,28,-2049
3558816038,0,-1,0,-2,3,25,-2045
3558817038,0,2,-5,-1,3,23,-2042
3558818038,0,-2,-3,2,4,29,-2051
3558819038,0,3,-3,-2,-3,26,-2042
3558820038,0,1,-1,-7,6,20,-2046
3558821038,0,2,1,-2,1,20,-2051
3558822038,0,2,-1,-5,7,21,-2044
3558823038,0,-1,-3,-8,1,25,-2047
3558824038,0,2,0,-2,9,25,-2044
3558825038,0,3,-4,-7,2,20,-2042
3558826038,0,3,1,-5,3,25,-2045
3558827038,0,1,-1,-3,4,22,-2053
3558828038,0,2,-1,-6,-2,19,-2046
3558829038,0,3,0,1,2,13,-2042
3558830038,0,1,-4,2,-1,18,-2046
3558831038,0,-1,1,1,10,20,-2042
3558832038,0,0,1,-3,12,25,-2046
3558833038,0,2,-3,-3,8,25,-2045
3558834038,0,1,-4,-4,4,26,-2042
3558835038,0,3,-6,-4,-4,20,-2040
3558836038,0,1,-4,-1,4,23,-2045
3558837038,0,2,-1,-1,5,21,-2051
3558838038,0,4,-3,-5,3,25,-2047
3558839038,0,5,-4,-6,3,20,-2040
3558840038,0,8,-5,-9,5,19,-2047
3558841038,0,7,-7,-8,4,24,-2055
3558842038,0,5,0,-4,2,25,-2036
3558843038,0,0,2,0,0,33,-2042
3558844038,0,-2,-5,-3,-1,22,-2045
3558845038,0,3,-3,-6,-1,22,-2049
3558846038,0,1,-2,-5,5,25,-2047
3558847038,0,4,-4,-1,9,29,-2047
3558848038,0,4,-3,-4,5,22,-2049
3558849038,0,2,-2,-5,2,29,-2047
3558850038,0,4,-4,-8,0,24,-2041
3558851038,0,2,0,-4,13,22,-2048
3558852038,0,6,-2,0,-1,28,-2052
3558853038,0,4,-2,0,2,24,-2042
3558854038,0,4,0,-1,3,27,-2059
3558855038,0,-2,-1,-4,0,23,-2051
3558856038,0,2,-2,-5,7,29,-2046
3558857038,0,7,-4,-4,1,24,-2046
3558858038,0,2,-2,-2,-5,22,-2038
3558859038,0,3,-3,-4,8,22,-2045
3558860038,0,0,-4,-7,5,26,-2045
3558861038,0,0,-1,-3,3,24,-2052
3558862038,0,2,-5,-1,-1,23,-2040
3558863038,0,3,-4,-4,1,26,-2042
3558864038,0,2,-4,-3,7,20,-2044
3558865038,0,3,0,-2,2,27,-2048
3558866038,0,-1,0,-1,1,26,-2041
3558867038,0,5,-4,-3,-3,23,-2047
3558868038,0,3,-6,-3,5,16,-2044
3558869038,0,0,-2,1,6,25,-2042
3558870038,0,2,-2,-6,10,20,-2052
3558871038,0,3,-3,-4,9,30,-2049
3558872038,0,2,1,-5,-3,23,-2045
3558873038,0,2,-2,-4,6,24,-2035
3558874038,0,0,-2,-3,1,23,-2039
3558875038,0,3,-1,-6,3,22,-2050
3558876038,0,3,-6,-6,0,16,-2038
3558877038,0,1,-4,-8,-7,28,-2047
3558878038,0,2,0,-3,1,30,-2047
3558879038,0,3,-2,-5,3,20,-2046
3558880038,0,6,-4,-5,6,20,-2051
3558881038,0,2,-6,-3,-2,30,-2036
3558882038,0,-1,-1,-7,2,34,-2041
3558883038,0,3,-3,-5,3,19,-2050
3558884038,0,3,-4,-3,2,22,-2046
3558885038,0,1,-2,-4,0,28,-2038
3558886038,0,5,-5,-4,3,23,-2043
3558887038,0,1,-4,-1,3,22,-2039
3558888038,0,4,-1,-2,8,22,-2043
3558889038,0,2,-4,-4,7,27,-2044
3558890038,0,1,0,1,0,24,-2054
3558891038,0,3,-1,-4,11,29,-2035
3558892038,0,3,0,-1,2,18,-2044
3558893038,0,2,-4,-5,3,32,-2038
3558894038,0,4,-5,-3,-1,26,-2043
3558895038,0,2,-2,1,9,21,-2042
3558896038,0,-1,0,-5,10,28,-2046
3558897038,0,2,-4,-6,0,19,-2039
3558898038,0,3,-2,-3,3,20,-2038
3558899038,0,1,-2,-3,4,18,-2050
3558900038,0,5,-3,-2,7,25,-2042
3558901038,0,4,0,-4,7,21,-2045
3558902038,0,3,-6,-4,3,26,-2043
3558903038,0,5,-3,-4,7,27,-2047
3558904038,0,3,2,-5,5,25,-2042
3558905038,0,5,-3,-5,-1,21,-2045
3558906038,0,1,3,-5,2,31,-2041
3558907038,0,4,-4,-3,-5,23,-2047
3558908038,0,6,-5,-7,4,22,-2051
3558909038,0,-2,1,0,0,25,-2047
3558910038,0,1,-2,0,-3,22,-2052
3558911038,0,1,-3,-5,5,29,-2037
3558912038,0,-2,-1,-3,3,27,-2046
3558913038,0,4,-5,-9,-3,25,-2042
3558914038,0,2,-1,-2,2,20,-2051
3558915038,0,0,-5,-4,3,17,-2043
3558916038,0,2,-1,-3,1,26,-2053
3558917038,0,2,-3,-5,5,22,-2042
3558918038,0,2,-4,0,-2,22,-2050
3558919038,0,0,-1,-2,9,30,-2037
3558920038,0,2,2,-2,2,29,-2043
3558921038,0,1,-3,-1,5,25,-2054
3558922038,0,3,-2,-6,5,24,-2046
3558923038,0,0,-1,-3,3,25,-2042
3558924038,0,4,-3,-4,6,27,-2038
3558925038,0,-1,1,-5,8,25,-2039
3558926038,0,2,-5,-5,-2,19,-2046
3558927038,0,-2,-1,-1,-1,19,-2047
3558928038,0,-1,3,-1,8,30,-2040
3558929038,0,5,-2,-2,2,25,-2041
3558930038,0,3,-1,-5,5,28,-2048
3558931038,0,1,-3,-5,-1,19,-2045
3558932038,0,1,-4,-3,1,27,-2038
3558933038,0,2,1,-6,10,21,-2041
3558934038,0,3,-2,-3,-6,23,-2043
3558935038,0,1,-3,-4,7,25,-2053
3558936038,0,3,-1,-7,2,28,-2046
3558937038,0,0,-2,-2,4,29,-2049
3558938038,0,6,-4,-3,2,17,-2051
3558939038,0,0,1,-1,9,20,-2047
3558940038,0,3,0,-3,0,18,-2046
3558941038,0,0,2,-4,-4,28,-2050
3558942038,0,2,-2,-6,8,25,-2045
3558943038,0,4,-3,-6,6,23,-2049
3558944038,0,2,0,0,-4,22,-2046
3558945038,0,3,-2,-6,4,23,-2037
3558946038,0,3,-6,-3,3,24,-2044
3558947038,0,3,-2,-2,8,17,-2040
3558948038,0,2,0,-3,4,23,-2053
3558949038,0,-1,-3,1,3,17,-2048
3558950038,0,3,-3,-8,4,23,-2049
3558951038,0,1,-5,-5,3,18,-2041
3558952038,0,1,2,0,5,22,-2046
3558953038,0,3,-6,-7,7,22,-2052
3558954038,0,4,-1,-4,-1,28,-2052
3558955038,0,2,-1,-6,-6,20,-2045
3558956038,0,2,-3,-5,10,21,-2054
3558957038,0,4,-1,-4,2,20,-2048
3558958038,0,1,-6,-2,4,23,-2041
3558959038,0,0,-1,-5,2,28,-2043
3558960038,0,2,0,-5,6,20,-2052
3558961038,0,1,-3,-2,-7,27,-2042
3558962038,0,5,-6,-5,4,25,-2049
3558963038,0,1,-1,0,0,21,-2041
3558964038,0,3,0,-3,4,27,-2045
3558965038,0,6,-1,-2,10,28,-2049
3558966038,0,0,0,-2,4,24,-2043
3558967038,0,4,-3,-5,-4,20,-2039
3558968038,0,3,-1,-4,1,20,-2046
3558969038,0,5,2,-4,5,22,-2048
3558970038,0,3,-2,-2,9,22,-2042
3558971038,0,4,-1,-6,6,32,-2049
3558972038,0,3,-3,-6,8,22,-2053
3558973038,0,-3,-2,-2,9,23,-2042
3558974038,0,0,0,-5,7,26,-2045
3558975038,0,6,-1,-5,6,29,-2049
3558976038,0,4,-1,-3,-2,21,-2049
3558977038,0,6,-5,-7,-3,29,-2056
3558978038,0,4,-2,-5,-5,23,-2047
3558979038,0,-1,1,-4,5,22,-2046
3558980038,0,4,-6,-3,4,24,-2044
3558981038,0,-1,-3,-4,1,30,-2043
3558982038,0,4,-3,-1,6,26,-2046
3558983038,0,2,-1,-2,2,25,-2042
3558984038,0,2,0,-3,-3,24,-2038
3558985038,0,2,-5,-3,2,21,-2041
3558986038,0,3,2,-1,-2,25,-2043
3558987038,0,1,-5,-3,-2,30,-2047
3558988038,0,2,0,-2,6,17,-2042
3558989038,0,4,-6,-5,6,16,-2044
3558990038,0,1,-5,-3,-2,17,-2042
3558991038,0,4,-3,-3,1,25,-2049
3558992038,0,3,-6,-3,2,29,-2042
3558993038,0,1,-4,-3,3,14,-2044
3558994038,0,1,-5,-3,3,20,-2041
3558995038,0,-1,-3,-1,-2,20,-2052
3558996038,0,3,-6,1,1,13,-2038
3558997038,0,1,0,-6,0,25,-2042
3558998038,0,0,-3,-4,4,29,-2043
3558999038,0,2,-3,-5,0,25,-2047
3559000038,0,-1,-1,-5,5,22,-2041
3559001038,0,1,-2,-3,8,28,-2047
3559002038,0,2,-1,-3,5,20,-2037
3559003038,0,0,0,-3,-5,25,-2047
3559004038,0,2,-2,-1,2,26,-2043
3559005038,0,2,-2,-1,3,16,-2042
3559006038,0,0,-3,-2,9,32,-2051
3559007038,0,2,-2,-3,-5,25,-2046
3559008038,0,3,0,-2,-6,21,-2042
3559009038,0,5,0,-3,4,25,-2050
3559010038,0,3,1,-3,6,24,-2047
3559011038,0,6,0,-3,2,24,-2047
3559012038,0,1,-3,-2,3,29,-2050
3559013038,0,3,-2,-2,3,16,-2035
3559014038,0,4,-3,-3,6,24,-2050
3559015038,0,0,-2,0,4,28,-2047
3559016038,0,-1,-1,-4,-2,31,-2044
3559017038,0,1,-5,-4,9,22,-2048
3559018038,0,2,-3,-1,1,23,-2047
3559019038,0,3,-3,-2,7,23,-2046
3559020038,0,2,-2,-4,4,21,-2046
3559021038,0,1,-3,0,6,29,-2051
3559022038,0,4,-1,-4,3,26,-2043
3559023038,0,3,-3,-3,11,24,-2048
3559024038,0,-1,-1,-1,2,21,-2038
3559025038,0,3,-5,-6,8,22,-2051
3559026038,0,3,-6,-1,3,19,-2057
3559027038,0,-2,1,-5,-4,28,-2049
3559028038,0,4,-3,-5,7,21,-2039
3559029038,0,1,0,-2,0,26,-2047
3559030038,0,3,-2,-4,3,27,-2054
3559031038,0,3,-6,-4,1,27,-2045
3559032038,0,2,-3,-3,0,23,-2037
3559033038,0,2,0,-3,9,29,-2049
3559034038,0,0,-5,-2,4,26,-2041
3559035038,0,0,-2,-5,9,20,-2041
3559036038,0,3,-4,-4,7,18,-2042
3559037038,0,3,-5,-2,6,19,-2045
3559038038,0,5,0,-3,2,25,-2041
3559039038,0,1,-4,-7,-2,23,-2048
3559040038,0,-2,1,-4,5,19,-2051
3559041038,0,4,-1,-3,-3,23,-2044
3559042038,0,-2,-4,-5,1,26,-2047
3559043038,0,1,-3,-4,-1,21,-2048
3559044038,0,4,1,-3,0,28,-2046
3559045038,0,2,-2,-3,9,23,-2042
3559046038,0,1,-4,-1,6,29,-2043
3559047038,0,3,-2,-2,0,21,-2050
3559048038,0,0,0,-3,2,25,-2047
3559049038,0,4,-5,-4,-5,21,-2049
3559050038,0,1,-4,-4,5,20,-2049
3559051038,0,1,-2,-3,10,25,-2050
3559052038,0,1,-3,-2,2,24,-2044
3559053038,0,2,1,1,8,21,-2046
3559054038,0,-2,1,1,2,26,-2049
3559055038,0,4,-6,-5,5,21,-2050
3559056038,0,-2,0,-2,-4,28,-2041
3559057038,0,5,-3,-5,3,23,-2050
3559058038,0,-1,-2,-4,6,25,-2043
3559059038,0,-1,2,-4,3,30,-2047
3559060038,0,3,-4,-4,0,22,-2043
3559061038,0,3,-3,-4,-1,19,-2042
3559062038,0,3,2,-2,7,18,-2045
3559063038,0,3,-3,-4,9,29,-2043
3559064038,0,1,1,-1,-2,18,-2050
3559065038,0,0,-2,-2,8,27,-2046
3559066038,0,1,0,-1,1,23,-2051
3559067038,0,1,-2,-4,11,14,-2046
3559068038,0,0,-2,-1,-3,31,-2048
3559069038,0,1,0,-5,6,20,-2041
3559070038,0,-1,0,-2,3,26,-2045
3559071038,0,5,-1,-4,2,16,-2046
3559072038,0,1,-6,-3,1,17,-2045
3559073038,0,1,-4,-5,11,19,-2050
3559074038,0,5,-2,-4,14,24,-2044
3559075038,0,5,-4,-2,3,27,-2044
3559076038,0,2,-3,-3,-1,21,-2036
3559077038,0,0,-1,-3,-1,25,-2047
3559078038,0,2,0,-6,4,27,-2045
3559079038,0,-1,-3,-4,5,22,-2042
3559080038,0,-1,-2,-4,4,24,-2045
3559081038,0,1,-5,-3,13,18,-2048
3559082038,0,5,-6,-5,13,25,-2047
3559083038,0,4,-2,-3,4,26,-2046
3559084038,0,4,-1,-1,2,18,-2039
3559085038,0,0,-4,1,0,18,-2042
3559086038,0,2,-5,-7,2,26,-2044
3559087038,0,1,-5,-2,4,13,-2044
3559088038,0,2,-3,-5,5,16,-2046
3559089038,0,3,-2,-2,7,27,-2049
3559090038,0,4,-6,-4,9,23,-2044
3559091038,0,0,0,-2,0,31,-2041
3559092038,0,6,-5,-5,5,23,-2043
3559093038,0,3,-2,-3,4,16,-2046
3559094038,0,1,-5,-7,12,21,-2043
3559095038,0,1,-4,-5,4,29,-2036
3559096038,0,0,-2,-1,5,27,-2044
3559097038,0,0,-2,-4,6,22,-2038
3559098038,0,0,-2,-2,-1,25,-2046
3559099038,0,2,-1,0,-1,26,-2033
3559100038,0,2,-5,-2,-2,23,-2041
3559101038,0,1,-2,-4,2,27,-2041
3559102038,0,5,-4,-8,2,28,-2036
3559103038,0,2,-4,-3,1,25,-2047
3559104038,0,3,-1,-4,8,27,-2050
3559105038,0,4,-5,-6,3,32,-2051
3559106038,0,0,0,-5,-5,22,-2048
3559107038,0,1,0,-2,2,26,-2050
3559108038,0,3,0,-4,-1,19,-2048
3559109038,0,-2,0,1,0,22,-2039
3559110038,0,2,-1,-1,5,23,-2047
3559111038,0,3,-2,-1,6,25,-2048
3559112038,0,2,-1,-3,8,20,-2047
3559113038,0,3,-1,-2,2,27,-2045
3559114038,0,3,-4,-5,8,22,-2049
3559115038,0,-2,-3,-3,6,25,-2048
3559116038,0,2,-5,-4,1,25,-2053
3559117038,0,2,-1,-5,3,21,-2051
3559118038,0,3,-2,-9,6,15,-2046
3559119038,0,0,-1,-4,12,20,-2045
3559120038,0,1,-2,-4,8,22,-2045
3559121038,0,2,-1,-4,5,28,-2048
3559122038,0,1,-6,-3,8,25,-2040
3559123038,0,4,-2,-3,-1,27,-2047
3559124038,0,1,-4,-5,8,22,-2046
3559125038,0,2,0,-5,7,22,-2043
3559126038,0,0,2,-6,2,21,-2042
3559127038,0,2,-6,-10,1,17,-2046
3559128038,0,1,0,-4,3,26,-2046
3559129038,0,0,-2,0,3,24,-2044
3559130038,0,3,-3,-2,2,28,-2044
3559131038,0,3,-1,-7,9,17,-2038
3559132038,0,2,-1,0,7,23,-2047
3559133038,0,4,-4,-5,11,31,-2039
3559134038,0,2,-2,-6,3,15,-2048
3559135038,0,3,0,-4,1,21,-2049
3559136038,0,1,-2,-3,4,23,-2043
3559137038,0,1,-2,-1,2,26,-2037
3559138038,0,3,-1,-2,-3,32,-2043
3559139038,0,1,1,-1,1,15,-2045
3559140038,0,1,1,-1,7,21,-2047
3559141038,0,3,-3,-5,0,20,-2054
3559142038,0,2,-5,-5,4,24,-2047
3559143038,0,3,-5,-3,7,27,-2043
3559144038,0,1,1,-4,11,24,-2053
3559145038,0,0,-1,0,1,24,-2046
3559146038,0,2,-4,0,-1,19,-2038
3559147038,0,3,-3,1,2,18,-2051
3559148038,0,4,-2,-4,5,18,-2043
3559149038,0,2,2,-3,5,23,-2042
3559150038,0,1,0,-1,1,16,-2047
3559151038,0,1,-2,-1,-1,22,-2038
3559152038,0,4,-4,-2,7,24,-2042
3559153038,0,-1,-2,-5,0,25,-2036
3559154038,0,0,-1,-4,8,26,-2043
3559155038,0,3,-2,-3,-4,20,-2041
3559156038,0,2,-1,-4,3,23,-2046
3559157038,0,3,-3,0,5,22,-2049
3559158038,0,0,-2,-4,4,32,-2039
3559159038,0,4,0,-3,8,19,-2036
3559160038,0,0,-1,-1,9,23,-2043
3559161038,0,3,-2,-4,2,26,-2041
3559162038,0,0,-3,-2,1,32,-2046
3559163038,0,2,-2,-4,-4,31,-2045
3559164038,0,5,-5,-9,4,25,-2047
3559165038,0,0,-1,-2,3,29,-2043
3559166038,0,2,-5,-1,-1,21,-2042
3559167038,0,6,-1,-6,-3,23,-2043
3559168038,0,3,-2,-1,1,23,-2045
3559169038,0,1,-8,-2,1,18,-2039
3559170038,0,5,-3,-2,5,23,-2041
3559171038,0,5,-2,-7,8,26,-2045
3559172038,0,-2,0,-4,-6,23,-2044
3559173038,0,4,-3,-6,9,17,-2047
3559174038,0,4,-4,-6,2,26,-2054
3559175038,0,-2,-3,-3,-3,29,-2050
3559176038,0,4,-3,-3,11,21,-2045
3559177038,0,-2,-1,1,12,22,-2045
3559178038,0,3,-2,-3,4,19,-2043
3559179038,0,2,-2,-5,9,20,-2048
3559180038,0,8,-6,-4,-1,23,-2048
3559181038,0,3,-4,-2,9,25,-2047
3559182038,0,3,-4,-4,8,22,-2040
3559183038,0,2,-6,-6,5,14,-2052
3559184038,0,-1,-6,-5,1,24,-2040
3559185038,0,2,-1,-3,3,19,-2040
3559186038,0,1,-2,-1,-5,24,-2039
3559187038,0,2,-2,-7,-1,17,-2043
3559188038,0,4,-3,-5,-2,23,-2047
3559189038,0,4,-2,-3,5,21,-2049
3559190038,0,3,-1,-7,14,29,-2042
3559191038,0,4,-5,-6,-5,17,-2042
3559192038,0,2,-3,-4,-2,22,-2045
3559193038,0,4,-5,-2,-1,23,-2046
3559194038,0,3,-4,-4,4,19,-2051
3559195038,0,4,0,-4,7,23,-2045
3559196038,0,6,-9,-2,1,24,-2045
3559197038,0,1,-1,0,5,21,-2052
3559198038,0,0,-1,-5,-1,19,-2043
3559199038,0,3,-1,-5,-3,28,-2043
3559200038,0,2,-2,-4,3,30,-2050
3559201038,0,1,-3,-6,4,16,-2049
3559202038,0,2,-2,-5,0,23,-2041
3559203038,0,3,1,-7,6,19,-2049
3559204038,0,2,-2,-2,2,19,-2052
3559205038,0,2,-4,-3,1,23,-2041
3559206038,0,3,-5,-6,1,21,-2047
3559207038,0,4,-4,-3,4,24,-2049
3559208038,0,0,-5,-3,-2,31,-2047
3559209038,0,1,-2,-3,7,24,-2050
3559210038,0,4,-6,-5,1,23,-2048
3559211038,0,4,-4,-3,0,27,-2042
3559212038,0,3,-2,-5,1,20,-2048
3559213038,0,-2,3,0,0,22,-2045
3559214038,0,4,1,-3,-1,20,-2043
3559215038,0,1,-1,-1,4,25,-2044
3559216038,0,4,-4,-2,6,27,-2040
3559217038,0,-2,-2,-5,3,21,-2043
3559218038,0,3,-5,-5,3,24,-2053
3559219038,0,-1,-1,-3,1,21,-2047
3559220038,0,0,-6,-5,7,21,-2040
3559221038,0,2,-1,-2,10,19,-2048
3559222038,0,0,-2,-4,5,20,-2046
3559223038,0,2,-8,-5,-1,21,-2046
3559224038,0,0,-2,-1,2,27,-2043
3559225038,0,1,-2,-2,2,24,-2043
3559226038,0,1,0,-2,-2,30,-2047
3559227038,0,0,-2,-3,-1,25,-2041
3559228038,0,6,-4,-5,-2,35,-2046
3559229038,0,2,-5,-4,-4,27,-2040
3559230038,0,2,-2,-5,-4,21,-2045
3559231038,0,1,1,-1,0,19,-2039
3559232038,0,1,-2,-5,-5,23,-2043
3559233038,0,2,-1,-5,3,22,-2044
3559234038,0,5,-5,-5,1,23,-2045
3559235038,0,0,-1,-4,7,20,-2051
3559236038,0,1,-3,-7,4,17,-2042
3559237038,0,2,-3,-6,-1,23,-2045
3559238038,0,3,-1,-4,5,15,-2042
3559239038,0,4,-2,-4,-6,20,-2054
3559240038,0,-2,-1,-4,-7,29,-2044
3559241038,0,2,1,-4,2,20,-2041
3559242038,0,3,-2,-3,-2,19,-2042
3559243038,0,6,-2,-4,8,19,-2052
3559244038,0,2,-2,-2,4,22,-2053
3559245038,0,2,-4,-5,2,24,-2049
3559246038,0,2,-2,-4,-2,27,-2038
3559247038,0,1,-2,-5,2,19,-2039
3559248038,0,0,-2,-4,-2,22,-2043
3559249038,0,2,-1,-5,3,22,-2043
3559250038,0,1,-4,-8,3,21,-2038
3559251038,0,-3,0,-4,10,24,-2046
3559252038,0,-2,-4,0,4,22,-2043
3559253038,0,2,-5,-8,8,27,-2044
3559254038,0,3,-1,0,7,25,-2042
3559255038,0,4,-5,-2,8,17,-2042
3559256038,0,4,-2,-1,8,27,-2038
3559257038,0,3,-1,1,9,21,-2048
3559258038,0,1,-1,-5,6,29,-2049
3559259038,0,-2,-3,-5,2,26,-2046
3559260038,0,3,1,-5,2,19,-2044
3559261038,0,2,-2,-4,0,28,-2046
3559262038,0,1,-2,-3,0,23,-2044
3559263038,0,1,0,-3,5,19,-2043
3559264038,0,2,-3,-2,5,24,-2045
3559265038,0,4,-7,-3,2,26,-2048
3559266038,0,4,-5,-3,8,20,-2041
3559267038,0,1,-3,-1,2,25,-2047
3559268038,0,2,1,-4,1,29,-2047
3559269038,0,4,-5,-4,0,22,-2047
3559270038,0,6,-2,-2,-1,28,-2049
3559271038,0,-1,-3,0,-8,26,-2045
3559272038,0,2,2,-4,-4,26,-2042
3559273038,0,1,0,-3,4,16,-2044
3559274038,0,3,-2,-5,-1,22,-2045
3559275038,0,2,0,-4,6,23,-2038
3559276038,0,0,-2,-4,-2,14,-2044
3559277038,0,1,-3,-5,1,18,-2042
3559278038,0,-1,1,-6,3,30,-2043
3559279038,0,-1,-1,-5,2,28,-2050
3559280038,0,2,-2,-1,10,20,-2045
3559281038,0,3,-3,-8,5,20,-2050
3559282038,0,4,-3,-8,-3,26,-2044
3559283038,0,2,-1,-5,2,24,-2048
3559284038,0,5,-3,-7,0,21,-2044
3559285038,0,-3,2,0,-2,26,-2048
3559286038,0,3,-2,-6,4,27,-2048
3559287038,0,3,-1,-8,6,25,-2050
3559288038,0,3,-3,-3,3,30,-2044
3559289038,0,2,-5,-6,1,16,-2044
3559290038,0,-1,2,-1,3,18,-2050
3559291038,0,2,-2,-4,14,25,-2040
3559292038,0,0,0,-3,-3,21,-2043
3559293038,0,2,-3,-6,-3,16,-2040
3559294038,0,0,-1,0,0,21,-2049
3559295038,0,1,-4,-2,-2,25,-2045
3559296038,0,4,-4,-1,8,27,-2050
3559297038,0,3,-4,-6,3,25,-2033
3559298038,0,2,-3,-4,5,17,-2040
3559299038,0,2,-1,-1,6,25,-2036
3559300038,0,1,-1,0,9,21,-2041
3559301038,0,4,-2,-1,10,25,-2040
3559302038,0,1,-3,-2,5,29,-2045
3559303038,0,0,-2,-4,6,21,-2043
3559304038,0,1,-3,-2,13,19,-2046
3559305038,0,3,-1,-5,-2,25,-2039
3559306038,0,2,-4,-6,2,25,-2054
3559307038,0,1,-3,-5,3,36,-2042
3559308038,0,5,-4,-4,3,22,-2041
3559309038,0,1,0,-3,12,22,-2047
3559310038,0,0,-3,-3,4,22,-2046
3559311038,0,4,-5,-4,6,19,-2044
3559312038,0,4,-3,-4,9,18,-2052
3559313038,0,-1,-3,-4,4,27,-2041
3559314038,0,0,-4,-4,3,21,-2040
3559315038,0,3,-3,-5,2,23,-2044
3559316038,0,2,-2,-7,-1,28,-2042
3559317038,0,1,-6,-5,-4,19,-2049
3559318038,0,1,1,-1,-1,27,-2049
3559319038,0,1,0,2,5,22,-2050
3559320038,0,2,-2,-1,7,20,-2045
3559321038,0,-1,-3,0,-6,21,-2046
3559322038,0,5,0,-4,2,20,-2042
3559323038,0,1,-2,-4,-3,15,-2036
3559324038,0,2,-1,-3,6,20,-2048
3559325038,0,7,-3,-3,4,20,-2042
3559326038,0,3,-1,-3,6,29,-2047
3559327038,0,-1,-2,-2,10,29,-2048
3559328038,0,1,-2,-6,11,27,-2049
3559329038,0,3,2,-4,6,19,-2048
3559330038,0,5,-6,-3,6,17,-2040
3559331038,0,4,-4,-6,-5,26,-2042
3559332038,0,1,1,-2,-3,26,-2044
3559333038,0,3,-2,-4,6,26,-2029
3559334038,0,1,-3,-4,5,24,-2044
3559335038,0,1,1,0,5,34,-2051
3559336038,0,2,-4,-2,2,25,-2046
3559337038,0,0,-2,2,5,29,-2047
3559338038,0,5,-3,-3,1,24,-2044
3559339038,0,2,-1,-2,2,23,-2042
3559340038,0,-2,3,-1,1,29,-2042
3559341038,0,9,-8,-10,-5,23,-2041
3559342038,0,1,-7,-5,4,25,-2046
3559343038,0,2,-5,-7,4,25,-2046
3559344038,0,4,-3,-7,8,24,-2050
3559345038,0,2,-2,3,1,25,-2042
3559346038,0,3,-1,-1,4,27,-2040
3559347038,0,2,-3,-3,4,27,-2039
3559348038,0,-1,-1,-1,3,25,-2050
3559349038,0,3,2,0,-2,26,-2044
3559350038,0,5,-3,-3,10,22,-2041
3559351038,0,4,-6,-6,0,23,-2047
3559352038,0,2,-3,-3,2,24,-2038
3559353038,0,0,-2,-6,14,14,-2040
3559354038,0,1,-4,-5,0,24,-2044
3559355038,0,3,-5,-4,5,24,-2043
3559356038,0,-2,-4,-4,11,26,-2045
3559357038,0,5,-5,-6,5,20,-2048
3559358038,0,-1,-2,-3,3,20,-2040
3559359038,0,5,-1,-5,8,23,-2043
3559360038,0,2,-8,-3,7,20,-2042
3559361038,0,2,-5,-1,13,16,-2045
3559362038,0,-1,-3,-3,3,30,-2044
3559363038,0,-3,4,-1,0,21,-2046
3559364038,0,3,-2,-4,3,27,-2041
3559365038,0,5,-2,-4,-1,25,-2048
3559366038,0,1,1,-5,-3,21,-2036
3559367038,0,4,-1,-5,5,22,-2046
3559368038,0,3,-2,-4,7,27,-2043
3559369038,0,0,-1,-3,10,17,-2050
3559370038,0,1,-6,-5,-4,27,-2037
3559371038,0,4,-2,-2,6,23,-2049
3559372038,0,4,-3,-3,7,28,-2049
3559373038,0,1,-3,-4,2,22,-2048
3559374038,0,-1,0,-3,0,24,-2042
3559375038,0,-1,-2,-4,1,22,-2044
3559376038,0,3,-3,-6,-4,21,-2043
3559377038,0,-1,0,-4,0,15,-2042
3559378038,0,3,-3,-3,4,24,-2046
3559379038,0,3,-4,-1,2,22,-2043
3559380038,0,2,-2,-1,2,22,-2044
3559381038,0,2,0,-1,2,21,-2042
3559382038,0,-1,-2,-6,1,23,-2044
3559383038,0,0,-5,-5,0,21,-2034
3559384038,0,3,-4,-4,1,23,-2042
3559385038,0,3,-3,-2,2,25,-2041
3559386038,0,-1,-1,-6,6,22,-2046
3559387038,0,2,0,-2,-2,19,-2041
3559388038,0,0,-1,-3,8,17,-2046
3559389038,0,1,-4,-2,1,30,-2047
3559390038,0,-1,0,-2,5,18,-2043
3559391038,0,2,-4,-1,2,18,-2046
3559392038,0,3,-4,-2,9,24,-2041
3559393038,0,0,-4,-4,5,28,-2047
3559394038,0,0,-4,0,1,26,-2048
3559395038,0,3,-5,-8,5,15,-2044
3559396038,0,4,-3,-5,5,24,-2043
3559397038,0,0,0,-4,-2,23,-2048
3559398038,0,1,2,-2,2,23,-2050
3559399038,0,5,-6,-6,1,21,-2038
3559400038,0,-1,-4,-3,5,20,-2041
3559401038,0,5,0,-3,4,30,-2046
3559402038,0,2,-2,-3,2,25,-2045
3559403038,0,-2,-2,-3,2,23,-2044
3559404038,0,1,-2,-2,5,14,-2044
3559405038,0,1,-4,-5,5,27,-2046
3559406038,0,2,-4,-2,6,15,-2042
3559407038,0,1,-2,-1,7,25,-2042
3559408038,0,2,-2,-4,-5,18,-2043
3559409038,0,3,0,-3,7,20,-2050
3559410038,0,1,-2,-2,12,23,-2049
3559411038,0,2,-3,-4,3,26,-2042
3559412038,0,0,-1,-4,3,24,-2043
3559413038,0,1,-4,-3,-7,21,-2040
3559414038,0,7,-2,-4,-2,19,-2039
3559415038,0,1,-2,-4,2,19,-2047
3559416038,0,2,-6,-6,3,29,-2042
3559417038,0,2,0,-2,3,23,-2046
3559418038,0,6,0,-4,-1,26,-2048
3559419038,0,4,-1,-4,6,32,-2044
3559420038,0,3,-3,-2,5,23,-2044
3559421038,0,6,-5,-5,6,28,-2050
3559422038,0,2,-3,-3,6,23,-2045
3559423038,0,1,-3,-6,2,24,-2041
3559424038,0,2,-4,-2,-2,27,-2046
3559425038,0,4,-3,-4,3,24,-2053
3559426038,0,-1,-3,-3,2,29,-2042
3559427038,0,3,-2,-5,-3,25,-2043
3559428038,0,2,-2,-5,-1,31,-2044
3559429038,0,5,-4,-3,4,25,-2044
3559430038,0,-1,0,-2,0,25,-2049
3559431038,0,-2,-1,-7,3,25,-2051
3559432038,0,2,-1,0,7,26,-2049
3559433038,0,-2,0,-2,-5,24,-2049
3559434038,0,3,-4,-3,-1,22,-2049
3559435038,0,0,-3,-6,-5,28,-2047
3559436038,0,-2,-2,-6,4,22,-2044
3559437038,0,5,-3,-4,3,30,-2048
3559438038,0,3,-5,-5,7,18,-2046
3559439038,0,2,-4,-3,10,15,-2042
3559440038,0,4,-2,-4,1,26,-2041
3559441038,0,5,0,-5,8,25,-2044
3559442038,0,7,-3,-6,-4,23,-2048
3559443038,0,6,-3,-4,3,32,-2043
3559444038,0,1,-2,-4,7,28,-2049
3559445038,0,2,-5,-2,3,26,-2042
3559446038,0,3,-1,-5,-3,21,-2044
3559447038,0,2,-4,-5,8,22,-2044
3559448038,0,4,-3,-1,3,23,-2046
3559449038,0,1,-1,0,5,29,-2048
3559450038,0,5,-4,-5,-1,23,-2044
3559451038,0,2,-5,-3,3,22,-2050
3559452038,0,4,-5,-2,3,19,-2047
3559453038,0,4,-5,-5,8,22,-2048
3559454038,0,5,-4,-2,4,23,-2040
3559455038,0,3,0,-3,-1,17,-2039
3559456038,0,1,-2,-2,5,22,-2041
3559457038,0,3,-3,-5,1,25,-2046
3559458038,0,2,-4,-2,4,21,-2044
3559459038,0,0,-1,-4,7,27,-2050
3559460038,0,-3,4,-3,8,25,-2046
3559461038,0,2,-6,-3,2,25,-2048
3559462038,0,1,0,-6,2,26,-2047
3559463038,0,2,-6,-5,2,30,-2049
3559464038,0,3,-6,-3,-1,31,-2048
3559465038,0,5,-4,-6,1,20,-2043
3559466038,0,3,-4,-3,-1,23,-2049
3559467038,0,5,-2,-6,-4,21,-2049
3559468038,0,3,3,-1,3,27,-2047
3559469038,0,2,-6,-5,3,24,-2042
3559470038,0,5,-5,-2,3,24,-2047
3559471038,0,2,0,-2,3,32,-2045
3559472038,0,0,-6,-4,5,26,-2055
3559473038,0,0,1,-1,4,21,-2044
3559474038,0,2,-4,-3,0,22,-2047
3559475038,0,1,-1,-8,4,22,-2045
3559476038,0,-1,-2,-5,1,24,-2052
3559477038,0,1,-4,-8,-4,28,-2047
3559478038,0,3,-3,-2,-3,21,-2050
3559479038,0,3,-1,-2,3,21,-2054
3559480038,0,2,-1,-1,8,26,-2047
3559481038,0,1,1,1,2,25,-2038
3559482038,0,2,2,-5,7,17,-2042
3559483038,0,0,-4,-5,3,26,-2048
3559484038,0,1,-3,-4,-3,26,-2043
3559485038,0,1,-1,-4,-7,18,-2046
3559486038,0,0,-2,-1,5,13,-2045
3559487038,0,2,-4,-5,-1,19,-2050
3559488038,0,3,-7,0,6,24,-2047
3559489038,0,2,-3,0,1,25,-2049
3559490038,0,5,-3,-2,6,28,-2046
3559491038,0,2,0,0,0,18,-2044
3559492038,0,3,-1,-3,9,21,-2048
3559493038,0,5,-2,-6,5,25,-2052
3559494038,0,1,-2,-6,3,26,-2044
3559495038,0,3,-4,-5,3,25,-2041
3559496038,0,4,-5,-6,2,15,-2043
3559497038,0,4,-2,-5,-7,29,-2047
3559498038,0,0,1,-4,4,20,-2047
3559499038,0,0,-5,-4,3,26,-2042
3559500038,0,-2,0,-5,1,17,-2047
3559501038,0,2,-4,-4,5,18,-2045
3559502038,0,-1,-1,-1,3,19,-2047
3559503038,0,1,-4,-4,10,26,-2038
3559504038,0,3,-3,-5,0,28,-2049
3559505038,0,1,-3,-3,4,23,-2043
3559506038,0,1,-1,-2,5,23,-2048
3559507038,0,4,-4,-5,-4,28,-2046
3559508038,0,0,1,-3,-3,23,-2044
3559509038,0,1,-4,-3,-3,17,-2040
3559510038,0,-1,-2,-3,1,26,-2042
3559511038,0,2,-1,1,9,32,-2050
3559512038,0,4,-4,-4,5,25,-2044
3559513038,0,3,-2,-2,9,22,-2048
3559514038,0,4,-7,-4,5,25,-2053
3559515038,0,5,-5,-5,-4,25,-2049
3559516038,0,1,-3,-1,-3,26,-2043
3559517038,0,2,-2,-8,6,24,-2038
3559518038,0,0,-3,-4,4,22,-2042
3559519038,0,4,0,-2,2,21,-2046
3559520038,0,-1,-4,-3,5,28,-2050
3559521038,0,2,-1,-5,7,19,-2047
3559522038,0,5,-5,-2,4,16,-2046
3559523038,0,2,-4,-3,-3,24,-2050
3559524038,0,3,2,-3,2,25,-2055
3559525038,0,0,-4,-4,9,26,-2039
3559526038,0,0,-2,-5,7,23,-2048
3559527038,0,3,-2,-1,8,22,-2040
3559528038,0,2,-1,-1,-1,24,-2038
3559529038,0,2,1,-4,7,25,-2041
3559530038,0,0,-2,-4,3,15,-2038
3559531038,0,3,-2,-2,5,29,-2045
3559532038,0,1,0,-3,1,21,-2044
3559533038,0,1,-3,-6,-1,25,-2044
3559534038,0,1,-2,-1,-1,26,-2053
3559535038,0,-2,-2,-5,2,30,-2042
3559536038,0,3,-5,-5,8,24,-2049
3559537038,0,-1,-2,-6,4,27,-2048
3559538038,0,-1,0,-3,6,21,-2045
3559539039,0,2,-3,-3,-3,15,-2052
3559540040,0,1,-1,-1,0,23,-2048
3559541038,0,3,-4,-1,2,24,-2051
3559542038,0,1,-3,-1,-5,31,-2047
3559543038,0,1,-1,-3,1,24,-2050
3559544038,0,0,-7,-3,-2,24,-2045
3559545038,0,2,0,-5,1,28,-2043
3559546038,0,1,-1,-3,1,28,-2050
3559547038,0,4,-6,-6,8,28,-2046
3559548038,0,2,-4,-3,-4,16,-2049
3559549038,0,1,-5,-3,8,27,-2045
3559550038,0,2,-4,-2,3,23,-2049
3559551038,0,0,6,-2,-3,16,-2049
3559552038,0,3,-7,-3,6,24,-2048
3559553038,0,1,-1,0,-2,22,-2046
3559554038,0,3,-1,-2,4,19,-2037
3559555038,0,2,-2,-4,10,24,-2034
3559556038,0,4,-1,-4,6,25,-2043
3559557038,0,1,-2,-1,4,20,-2040
3559558038,0,5,-3,-3,0,22,-2045
3559559038,0,-1,4,-2,1,26,-2045
3559560038,0,3,-6,-6,3,23,-2052
3559561038,0,1,-3,-6,1,24,-2042
3559562038,0,0,-1,-6,3,26,-2046
3559563038,0,4,-3,-5,6,19,-2047
3559564038,0,1,0,-3,-3,24,-2048
3559565038,0,3,-4,-2,8,17,-2049
3559566038,0,-1,-1,-2,6,26,-2048
3559567038,0,0,-1,-3,5,23,-2045
3559568038,0,1,-3,-2,5,22,-2042
3559569038,0,-2,-4,-4,1,27,-2045
3559570038,0,2,-1,-4,4,23,-2042
3559571038,0,1,-3,-3,4,26,-2041
3559572038,0,2,-2,-4,8,29,-2048
3559573038,0,3,-4,-5,8,24,-2052
3559574038,0,0,-1,-3,0,25,-2048
3559575038,0,5,-2,-1,2,35,-2049
3559576038,0,-2,-3,0,8,32,-2042
3559577038,0,1,0,-2,10,22,-2040
3559578038,0,2,-6,-5,1,29,-2042
3559579038,0,4,-5,-9,-2,28,-2042
3559580038,0,3,1,-2,-6,28,-2048
3559581038,0,4,-5,-5,2,26,-2045
3559582038,0,4,-2,-4,-1,31,-2045
3559583038,0,0,-1,-6,10,24,-2055
3559584038,0,4,-1,-1,-1,22,-2048
3559585038,0,5,-5,-6,-1,17,-2035
3559586038,0,6,-3,-3,7,23,-2044
3559587038,0,3,-2,-2,3,30,-2051
3559588038,0,6,1,-4,-1,29,-2042
3559589038,0,2,-5,-3,-5,24,-2040
3559590038,0,1,-2,-2,11,26,-2048
3559591038,0,-2,0,-3,0,22,-2043
3559592038,0,1,-6,-6,6,21,-2045
3559593038,0,1,-2,-6,4,15,-2049
3559594038,0,4,-4,-3,6,21,-2045
3559595038,0,2,-3,-3,0,19,-2047
3559596038,0,2,-3,-4,4,29,-2044
3559597038,0,1,-1,-5,4,21,-2042
3559598038,0,1,-4,-3,2,28,-2042
3559599038,0,2,-2,-5,3,24,-2044
3559600038,0,3,-4,-4,4,16,-2047
3559601038,0,2,-2,0,5,20,-2040
3559602038,0,3,-2,-4,12,23,-2042
3559603038,0,1,-2,-1,-1,23,-2043
3559604038,0,4,-2,-4,4,22,-2037
3559605038,0,2,-4,-1,-1,16,-2047
3559606038,0,2,-1,-2,-3,24,-2047
3559607038,0,2,-4,-4,-4,28,-2044
3559608038,0,4,-3,-7,4,23,-2046
3559609038,0,1,-3,-1,6,28,-2044
3559610038,0,5,0,-6,7,24,-2045
3559611038,0,3,-5,-4,1,31,-2047
3559612038,0,-2,1,-3,2,26,-2043
3559613038,0,1,-2,-1,-4,17,-2052
3559614038,0,0,-2,-2,5,20,-2049
3559615038,0,0,-1,-6,-6,32,-2046
3559616038,0,4,-4,-4,9,20,-2045
3559617038,0,5,-2,-5,2,16,-2047
3559618038,0,-2,-4,-7,3,27,-2051
3559619038,0,1,1,-2,10,27,-2038
3559620038,0,3,-1,-2,-2,22,-2038
3559621038,0,0,-1,0,-3,19,-2047
3559622038,0,-1,-3,-1,6,24,-2042
3559623038,0,4,-3,-4,2,24,-2043
3559624038,0,1,-3,-2,2,20,-2041
3559625038,0,3,-2,-6,5,22,-2050
3559626038,0,2,-2,-4,3,26,-2052
3559627038,0,2,-7,-3,0,19,-2054
3559628038,0,2,-4,-2,3,20,-2044
3559629038,0,2,2,-3,1,24,-2041
3559630038,0,3,-4,-3,2,23,-2057
3559631038,0,4,-4,-2,0,19,-2049
3559632038,0,4,-3,-4,-2,26,-2049
3559633038,0,-4,-4,-3,-5,27,-2054
3559634038,0,1,1,-1,0,23,-2040
3559635038,0,2,-2,-4,3,24,-2049
3559636038,0,4,-4,-4,3,24,-2037
3559637038,0,2,-5,-4,12,26,-2041
3559638038,0,2,-3,-3,4,28,-2044
3559639038,0,1,1,-2,-1,27,-2043
3559640038,0,4,-1,-7,4,29,-2042
3559641038,0,3,-3,-6,-4,24,-2042
3559642038,0,-2,1,-2,12,22,-2043
3559643038,0,0,-3,-5,0,25,-2043
3559644038,0,7,-1,-8,1,25,-2049
3559645038,0,2,-3,-3,7,18,-2041
3559646038,0,0,-1,-1,0,21,-2052
3559647038,0,-2,3,-5,2,20,-2045
3559648038,0,4,-3,-6,5,29,-2044
3559649038,0,2,-5,-4,0,30,-2047
3559650038,0,4,-6,-6,-3,28,-2051
3559651038,0,1,-3,-5,3,19,-2042
3559652038,0,0,0,-1,5,20,-2044
3559653038,0,4,-5,-1,10,27,-2048
3559654038,0,4,-7,-6,1,20,-2048
3559655038,0,3,-3,-5,4,26,-2045
3559656038,0,3,-5,-3,9,24,-2048
3559657038,0,5,1,-3,2,17,-2049
3559658038,0,-2,1,0,2,27,-2051
3559659038,0,2,-2,0,3,24,-2040
3559660038,0,1,-3,-3,4,24,-2043
3559661038,0,2,-2,-7,5,23,-2047
3559662038,0,5,-3,-6,6,23,-2050
3559663038,0,0,-3,-4,3,27,-2046
3559664038,0,3,-5,-2,2,23,-2043
3559665038,0,0,-1,-8,1,28,-2045
3559666038,0,5,-5,-3,-5,22,-2054
3559667038,0,-1,-4,2,0,15,-2041
3559668038,0,2,-2,0,0,26,-2043
3559669038,0,1,-3,-3,7,28,-2041
3559670038,0,3,-3,-2,2,22,-2045
3559671038,0,1,-3,-4,3,24,-2046
3559672038,0,1,-2,-3,5,22,-2043
3559673038,0,0,2,-2,-1,29,-2044
3559674038,0,3,-2,-3,0,28,-2049
3559675038,0,4,-2,-5,5,25,-2044
3559676038,0,4,-2,-5,3,33,-2042
3559677038,0,3,-6,-8,1,25,-2047
3559678038,0,2,-4,-7,0,27,-2043
3559679038,0,0,-1,-3,1,25,-2050
3559680038,0,2,-3,-5,2,24,-2036
3559681038,0,5,-9,-4,8,28,-2038
3559682038,0,3,-3,-6,4,20,-2046
3559683038,0,-2,1,-1,0,23,-2045
3559684038,0,4,0,1,0,23,-2046
3559685038,0,2,0,-1,1,23,-2043
3559686038,0,1,-6,-4,10,19,-2044
3559687038,0,4,-5,1,6,19,-2038
3559688038,0,3,-2,-6,4,18,-2041
3559689038,0,2,-5,-3,5,24,-2040
3559690038,0,0,-2,-4,5,25,-2043
3559691038,0,0,-4,-3,6,30,-2039
3559692038,0,-1,-3,-8,-4,20,-2043
3559693038,0,3,0,0,3,23,-2045
3559694038,0,6,-5,-6,6,23,-2047
3559695038,0,2,0,-5,-2,27,-2044
3559696038,0,1,-4,-2,-1,22,-2038
3559697038,0,2,-1,-5,5,17,-2049
3559698038,0,4,-1,-4,5,19,-2051
3559699038,0,1,-4,-3,2,24,-2044
3559700038,0,3,-2,-8,3,8,-2046
3559701038,0,4,-3,-10,4,22,-2047
3559702038,0,1,-1,-3,7,23,-2044
3559703038,0,0,0,-5,6,20,-2045
3559704038,0,4,-1,-2,2,31,-2049
3559705038,0,2,-5,-4,-5,22,-2046
3559706038,0,0,1,1,0,25,-2051
3559707038,0,0,-4,-5,5,24,-2047
3559708038,0,5,-2,-2,7,26,-2048
3559709038,0,4,-3,-6,6,27,-2046
3559710038,0,1,-2,-2,-5,25,-2037
3559711038,0,3,-3,-5,2,20,-2052
3559712038,0,0,-2,-2,0,23,-2043
3559713038,0,-2,-1,0,-2,22,-2051
3559714038,0,4,-2,-7,1,19,-2047
3559715038,0,4,-2,-5,4,23,-2048
3559716038,0,3,-2,-3,1,24,-2043
3559717038,0,-1,-1,-2,-5,25,-2043
3559718038,0,4,0,-5,0,19,-2046
3559719038,0,2,0,-1,6,24,-2046
3559720038,0,2,0,-3,-5,24,-2047
3559721038,0,5,-3,-4,-1,30,-2047
3559722038,0,1,4,-3,3,27,-2046
3559723038,0,4,-3,-1,5,24,-2052
3559724038,0,3,-2,-1,0,27,-2049
3559725038,0,-1,0,-3,8,25,-2045
3559726038,0,0,-4,-1,6,21,-2040
3559727038,0,0,-2,0,7,29,-2042
3559728038,0,-1,-1,-3,4,22,-2049
3559729038,0,3,0,-4,1,29,-2049
3559730038,0,2,-2,-5,1,25,-2047
3559731038,0,0,-4,-4,6,25,-2043
3559732038,0,3,-5,-5,-4,26,-2045
3559733038,0,3,-2,-5,9,22,-2046
3559734038,0,3,0,-3,2,23,-2039
3559735038,0,2,-6,-5,6,24,-2049
3559736038,0,2,-4,-5,9,31,-2049
3559737038,0,2,-5,-1,3,24,-2043
3559738038,0,1,-1,-4,8,22,-2045
3559739038,0,3,-6,-2,6,27,-2049
3559740038,0,0,-2,-1,-7,20,-2044
3559741038,0,3,-5,-5,9,21,-2046
3559742038,0,1,-1,-3,4,18,-2046
3559743038,0,1,-4,-5,1,25,-2041
3559744038,0,1,-5,-4,-2,19,-2041
3559745038,0,1,-4,-1,-1,19,-2046
3559746038,0,-2,-4,-5,0,24,-2041
3559747038,0,1,-4,-3,5,19,-2039
3559748038,0,2,-2,-5,4,21,-2041
3559749038,0,4,-3,-4,0,35,-2042
3559750038,0,3,-6,-4,1,24,-2051
3559751038,0,3,-2,-4,8,23,-2039
3559752038,0,1,-2,-2,0,16,-2043
3559753038,0,1,-3,-4,-4,21,-2050
3559754038,0,2,-2,-1,5,17,-2041
3559755038,0,1,-1,-3,-2,25,-2049
3559756038,0,3,-3,-2,-1,22,-2035
3559757038,0,1,3,-2,5,22,-2035
3559758038,0,1,-5,-1,13,26,-2043
3559759038,0,1,1,0,5,22,-2047
3559760038,0,2,-3,-5,4,27,-2043
3559761038,0,1,0,-6,-2,24,-2044
3559762038,0,0,1,-2,5,27,-2038
3559763038,0,1,-1,-3,2,27,-2047
3559764038,0,2,-3,-5,5,28,-2039
3559765038,0,1,0,-6,3,33,-2047
3559766038,0,3,-5,-1,5,29,-2044
3559767038,0,1,-1,-1,1,19,-2043
3559768038,0,2,-5,-3,6,27,-2046
3559769038,0,2,-4,-3,4,25,-2045
3559770038,0,-1,-1,-3,7,28,-2044
3559771038,0,0,-4,-4,9,25,-2046
3559772038,0,1,-2,-3,2,21,-2041
3559773038,0,1,-2,-4,11,20,-2040
3559774038,0,4,-5,-6,1,22,-2048
3559775038,0,1,0,0,-1,21,-2042
3559776038,0,2,-1,-2,-2,18,-2044
3559777038,0,5,-2,-4,-7,22,-2043
3559778038,0,0,-2,-1,-5,19,-2049
3559779038,0,2,-3,-6,8,24,-2051
3559780038,0,2,-3,-3,-3,23,-2041
3559781038,0,1,-3,-5,10,31,-2047
3559782038,0,1,-3,-6,10,22,-2048
3559783038,0,1,-2,-1,7,22,-2044
3559784038,0,0,-2,-6,1,18,-2041
3559785038,0,4,-2,-2,0,24,-2045
3559786038,0,3,3,-4,3,28,-2041
3559787038,0,4,-4,-4,1,20,-2046
3559788038,0,3,0,-5,6,23,-2049
3559789038,0,3,-2,-8,2,25,-2045
3559790038,0,1,-6,-5,1,27,-2035
3559791038,0,0,-2,-4,3,25,-2038
3559792038,0,7,-3,-6,6,23,-2044
3559793038,0,3,-2,-4,-1,24,-2043
3559794038,0,-1,-1,-3,2,21,-2049
3559795038,0,2,-1,0,-1,22,-2044
3559796038,0,0,0,2,7,27,-2047
3559797038,0,1,-2,-2,5,25,-2046
3559798038,0,0,-2,-5,8,32,-2041
3559799038,0,0,-3,-3,0,23,-2052
3559800038,0,3,-2,-2,4,18,-2038
3559801038,0,2,0,-2,0,21,-2050
3559802038,0,2,-6,-3,-1,22,-2048
3559803038,0,4,-6,-3,8,25,-2043
3559804038,0,4,-7,-1,8,23,-2046
3559805038,0,2,-2,-2,-2,26,-2048
3559806038,0,0,-8,0,4,27,-2038
3559807038,0,2,1,-5,6,21,-2051
3559808038,0,3,-4,-4,0,21,-2046
3559809038,0,3,-4,-5,-6,16,-2039
3559810038,0,2,-2,-4,7,22,-2036
3559811038,0,4,-6,-5,3,19,-2038
3559812038,0,4,-5,-3,-3,24,-2053
3559813038,0,5,0,-7,4,30,-2045
3559814038,0,1,0,-3,9,18,-2051
3559815038,0,2,-4,-7,1,24,-2038
3559816038,0,3,-1,-4,5,27,-2050
3559817038,0,0,-4,-4,5,29,-2044
3559818038,0,0,-5,-3,6,24,-2046
3559819038,0,3,-1,-7,2,25,-2048
3559820038,0,3,1,-2,8,21,-2060
3559821038,0,2,0,0,2,18,-2050
3559822038,0,3,-3,-3,5,22,-2050
3559823038,0,4,-4,-4,4,21,-2040
3559824038,0,3,-4,0,4,21,-2043
3559825038,0,0,0,-1,2,26,-2049
3559826038,0,2,-6,-4,-2,22,-2051
3559827038,0,2,-9,-1,-4,31,-2042
3559828038,0,2,-5,-2,5,24,-2037
3559829038,0,-1,1,-4,0,21,-2045
3559830038,0,2,-4,-3,6,17,-2049
3559831038,0,3,1,-1,1,24,-2044
3559832038,0,3,1,0,4,21,-2047
3559833038,0,3,-5,-6,3,24,-2038
3559834038,0,0,2,-2,0,25,-2043
3559835038,0,3,-1,-3,2,19,-2043
3559836038,0,4,-1,-6,5,21,-2049
3559837038,0,4,-3,-5,0,22,-2045
3559838038,0,0,-6,-6,8,30,-2051
3559839038,0,4,1,-3,2,30,-2057
3559840038,0,1,-2,-2,-2,24,-2053
3559841038,0,3,-4,-3,4,26,-2037
3559842038,0,3,-1,-1,2,19,-2039
3559843038,0,-1,-1,-4,1,18,-2045
3559844038,0,3,0,-4,3,22,-2049
3559845038,0,2,-1,-6,0,24,-2045
3559846038,0,4,-4,-4,1,26,-2047
3559847038,0,1,0,-3,5,24,-2053
3559848038,0,3,-2,-5,8,21,-2037
3559849038,0,4,-8,-3,6,22,-2046
3559850038,0,2,-1,-4,3,20,-2047
3559851038,0,3,-2,-1,0,26,-2048
3559852038,0,3,-5,-5,6,24,-2043
3559853038,0,4,-4,-3,-1,26,-2050
3559854038,0,4,-2,-5,4,20,-2044
3559855038,0,1,-2,-3,3,26,-2049
3559856038,0,2,-5,-1,7,28,-2044
3559857038,0,3,-4,-7,7,28,-2050
3559858038,0,3,-1,-4,5,20,-2041
3559859038,0,5,-4,-6,6,29,-2044
3559860038,0,2,-4,-2,4,30,-2041
3559861038,0,3,-1,-3,12,22,-2040
3559862038,0,3,-4,-3,8,18,-2044
3559863038,0,6,-7,-4,-6,25,-2041
3559864038,0,5,-4,-6,3,17,-2042
3559865038,0,0,0,-3,4,23,-2048
3559866038,0,2,-2,-5,1,24,-2046
3559867038,0,0,-3,-2,4,25,-2038
3559868038,0,2,-3,-2,-3,21,-2046
3559869038,0,5,-3,-4,5,27,-2051
3559870038,0,6,-2,0,2,22,-2049
3559871038,0,4,-5,-4,10,18,-2045
3559872038,0,2,-3,-5,2,23,-2041
3559873038,0,3,-3,-3,0,24,-2045
3559874038,0,3,-5,-5,2,28,-2047
3559875038,0,-2,0,-5,2,30,-2043
3559876038,0,3,0,-3,8,29,-2049
3559877038,0,2,-2,-5,6,24,-2038
3559878038,0,3,-1,-4,2,28,-2040
3559879038,0,3,-6,-3,4,22,-2041
3559880038,0,-2,1,-4,-2,24,-2045
3559881038,0,1,0,0,1,23,-2048
3559882038,0,1,2,-2,8,25,-2050
3559883038,0,2,-3,-4,3,25,-2047
3559884038,0,2,-2,-2,7,27,-2041
3559885038,0,4,-1,-4,-5,29,-2048
3559886038,0,4,-3,-4,0,19,-2048
3559887038,0,2,0,-3,-6,29,-2046
3559888038,0,-1,-1,-3,2,21,-2052
3559889038,0,4,-3,-6,12,24,-2052
3559890038,0,2,-3,-1,-2,22,-2040
3559891038,0,1,-1,-2,6,26,-2042
3559892038,0,-1,-3,-1,8,22,-2054
3559893038,0,5,-3,-2,6,22,-2042
3559894038,0,2,-4,-3,8,32,-2048
3559895038,0,0,-3,-1,4,20,-2044
3559896038,0,6,-4,-2,6,26,-2048
3559897038,0,1,-4,-1,1,19,-2040
3559898038,0,2,-4,-3,1,22,-2049
3559899038,0,2,0,-1,5,20,-2045
3559900038,0,1,-3,-1,-1,17,-2047
3559901038,0,3,-4,-5,8,13,-2045
3559902038,0,3,-5,-9,5,22,-2045
3559903038,0,1,1,-3,7,25,-2047
3559904038,0,3,-2,-2,3,23,-2044
3559905038,0,5,-4,-1,2,14,-2044
3559906038,0,1,1,-3,2,23,-2051
3559907038,0,-2,0,-2,6,25,-2048
3559908038,0,1,-2,-3,7,30,-2046
3559909038,0,1,-2,-4,9,25,-2048
3559910038,0,1,-1,-3,5,27,-2037
3559911038,0,0,-3,-2,1,23,-2046
3559912038,0,4,-1,-6,-2,27,-2051
3559913038,0,5,-3,-4,5,28,-2040
3559914038,0,4,-1,-6,6,24,-2039
3559915038,0,5,-2,-4,9,28,-2044
3559916038,0,-2,-3,-3,-2,25,-2047
3559917038,0,1,-2,-4,7,18,-2055
3559918038,0,-3,-3,-2,-1,26,-2051
3559919038,0,3,-5,-3,5,24,-2042
3559920038,0,0,1,-2,6,20,-2045
3559921038,0,3,-5,-6,0,24,-2038
3559922038,0,2,-3,-5,-2,23,-2044
3559923038,0,-2,-2,-3,6,25,-2048
3559924038,0,4,-5,-7,0,22,-2043
3559925038,0,4,-1,-6,-1,22,-2039
3559926038,0,3,-4,-2,0,24,-2042
3559927038,0,3,-2,-3,-2,19,-2046
3559928038,0,2,-3,-5,-8,21,-2048
3559929038,0,2,-2,-4,1,21,-2041
3559930038,0,3,-2,-2,1,29,-2052
3559931038,0,0,0,-4,7,29,-2046
3559932038,0,2,-2,-7,7,23,-2039
3559933038,0,1,-2,-4,2,26,-2048
3559934038,0,2,-5,0,2,22,-2048
3559935038,0,3,2,-2,8,25,-2048
3559936038,0,2,-1,-5,1,26,-2048
3559937038,0,2,-4,-4,10,24,-2039
3559938038,0,1,2,-4,-1,22,-2043
3559939038,0,1,-3,-6,3,19,-2045
3559940038,0,0,-3,-5,0,22,-2046
3559941038,0,2,-3,-4,-5,24,-2041
3559942038,0,2,-2,-5,5,21,-2053
3559943038,0,3,-3,-6,2,24,-2051
3559944038,0,2,2,-5,4,27,-2045
3559945038,0,7,-4,-5,5,22,-2047
3559946038,0,2,-4,-2,-1,27,-2042
3559947038,0,5,1,-4,3,27,-2049
3559948038,0,2,-3,-2,-3,28,-2047
3559949038,0,4,-1,-1,3,29,-2041
3559950038,0,0,-3,-4,9,34,-2044
3559951038,0,2,-7,-3,-1,21,-2044
3559952038,0,2,-5,-2,0,23,-2047
3559953038,0,0,2,-7,2,13,-2050
3559954038,0,2,2,-4,-4,22,-2044
3559955038,0,3,-2,-5,2,31,-2038
3559956038,0,10,-6,-7,7,24,-2039
3559957038,0,2,1,-7,5,27,-2046
3559958038,0,3,-4,-1,5,27,-2050
3559959038,0,2,-3,-6,0,21,-2049
3559960038,0,1,-3,-6,2,25,-2040
3559961038,0,2,-5,-3,-2,18,-2049
3559962038,0,4,-2,-5,7,24,-2044
3559963038,0,2,-2,-2,4,32,-2040
3559964038,0,5,-5,-3,0,23,-2045
3559965038,0,5,-2,-5,-1,22,-2048
3559966038,0,-1,-1,-4,-4,23,-2044
3559967038,0,1,-6,-6,3,24,-2045
3559968038,0,1,-2,-2,3,23,-2042
3559969038,0,4,-5,-4,5,23,-2042
3559970038,0,-1,0,-5,3,23,-2042
3559971038,0,0,-1,-1,0,25,-2050
3559972038,0,3,-3,-7,0,26,-2037
3559973038,0,-2,0,-4,-5,18,-2045
3559974038,0,2,-3,-4,2,20,-2046
3559975038,0,2,-1,1,2,20,-2045
3559976038,0,2,-3,-3,7,24,-2047
3559977038,0,2,-7,-3,1,23,-2045
3559978038,0,2,-3,-1,2,23,-2049
3559979038,0,5,-5,-5,0,24,-2045
3559980038,0,1,0,-3,-4,22,-2044
3559981038,0,3,2,-3,4,18,-2042
3559982038,0,-2,-2,-3,1,25,-2038
3559983038,0,2,-7,-6,5,26,-2046
3559984038,0,3,-2,-4,6,20,-2045
3559985038,0,2,-5,-7,1,22,-2044
3559986038,0,4,0,-2,9,21,-2035
3559987038,0,1,-4,-5,6,21,-2039
3559988038,0,3,-1,-4,1,28,-2039
3559989038,0,1,-3,-6,-12,31,-2039
3559990038,0,1,-2,-2,3,29,-2039
3559991038,0,0,0,-2,0,23,-2045
3559992038,0,0,-2,-3,2,25,-2048
3559993038,0,3,-2,0,1,22,-2047
3559994038,0,3,-3,-8,7,18,-2043
3559995038,0,0,0,-5,3,28,-2047
3559996038,0,2,-5,-4,1,18,-2055
3559997038,0,1,-4,-4,2,24,-2046
3559998038,0,4,-3,-3,14,24,-2048
3559999038,0,-1,-1,-3,3,23,-2048
3560000038,0,3,-2,-3,2,33,-2050
3560001038,0,4,-2,-7,1,30,-2050
3560002038,0,2,-3,-2,4,29,-2047
3560003038,0,2,-5,-5,1,23,-2044
3560004038,0,2,-5,-6,8,24,-2053
3560005038,0,3,-1,-3,3,23,-2048
3560006038,0,4,-4,-2,3,21,-2050
3560007038,0,6,-3,-6,3,20,-2044
3560008038,0,1,1,-2,2,22,-2044
3560009038,0,1,-5,-3,4,22,-2049
3560010038,0,1,-3,0,-5,23,-2047
3560011038,0,1,0,-5,2,24,-2040
3560012038,0,2,-6,-3,-1,27,-2040
3560013038,0,5,-2,-3,6,23,-2046
3560014038,0,4,-1,-5,7,29,-2050
3560015038,0,3,-4,-3,0,31,-2039
3560016038,0,0,-2,-2,0,23,-2040
3560017038,0,0,-2,-5,5,20,-2043
3560018038,0,1,-1,-4,0,24,-2041
3560019038,0,6,-5,-5,-7,28,-2043
3560020038,0,5,-5,-3,4,25,-2044
3560021038,0,4,-3,-3,1,28,-2050
3560022038,0,1,0,2,-6,25,-2049
3560023038,0,2,-3,-1,4,28,-2042
3560024038,0,0,-2,-2,7,20,-2038
3560025038,0,3,-2,-4,-4,25,-2050
3560026038,0,0,-2,-1,4,27,-2047
3560027038,0,0,-4,-2,5,21,-2045
3560028038,0,0,1,-1,4,24,-2041
3560029038,0,4,-3,-6,7,20,-2039
3560030038,0,0,-2,-1,3,26,-2050
3560031038,0,0,-5,-4,10,32,-2046
3560032038,0,0,-4,0,9,33,-2044
3560033038,0,1,0,-2,-3,22,-2052
3560034038,0,1,-1,1,0,30,-2045
3560035038,0,-1,-1,-4,11,25,-2044
3560036038,0,5,-9,-9,7,28,-2046
3560037038,0,1,-4,-7,7,27,-2049
3560038038,0,2,-3,-5,4,20,-2042
3560039038,0,2,-4,-4,7,25,-2048
3560040038,0,-2,2,-5,6,29,-2043
3560041038,0,3,-4,-6,6,29,-2045
3560042038,0,4,-3,-5,8,23,-2048
3560043038,0,1,-2,-5,4,20,-2046
3560044038,0,2,-2,-3,-3,15,-2044
3560045038,0,-1,1,-2,-4,22,-2042
3560046038,0,1,-4,-4,-3,21,-2037
3560047038,0,4,-2,-1,-2,27,-2047
3560048038,0,5,-3,-2,4,26,-2046
3560049038,0,2,-3,0,4,22,-2044
3560050038,0,2,0,-3,5,24,-2043
3560051038,0,1,-2,-2,2,19,-2046
3560052038,0,4,-4,-4,5,27,-2047
3560053038,0,1,2,0,7,22,-2040
3560054038,0,6,-3,-4,-8,27,-2037
3560055038,0,7,-4,-5,2,30,-2048
3560056038,0,3,-2,-9,2,22,-2057
3560057038,0,3,-4,-5,4,25,-2046
3560058038,0,1,-1,-2,1,25,-2050
3560059038,0,4,0,-4,-8,22,-2038
3560060038,0,2,-2,-2,2,24,-2042
3560061038,0,0,-1,-2,5,34,-2042
3560062038,0,2,-2,-5,3,25,-2040
3560063038,0,0,-3,-4,3,26,-2046
3560064038,0,6,-2,-4,1,25,-2038
3560065038,0,1,-3,-1,6,27,-2047
3560066038,0,1,-1,-6,1,23,-2041
3560067038,0,1,-4,-2,-7,28,-2048
3560068038,0,3,-5,-1,5,26,-2044
3560069038,0,2,-2,-5,-2,22,-2047
3560070038,0,3,0,-2,8,24,-2046
3560071038,0,3,-3,-4,8,21,-2044
3560072038,0,0,-1,-3,0,26,-2051
3560073038,0,4,-3,-6,1,28,-2050
3560074038,0,4,-2,-4,5,24,-2044
3560075038,0,4,1,-3,5,26,-2043
3560076038,0,0,-3,-2,8,29,-2043
3560077038,0,4,0,-2,2,32,-2041
3560078038,0,4,-4,-6,1,13,-2047
3560079038,0,1,-2,-5,5,26,-2053
3560080038,0,5,-1,-8,3,20,-2043
3560081038,0,-1,-2,-3,4,18,-2048
3560082038,0,-3,-4,-3,5,25,-2045
3560083038,0,2,-7,-4,3,17,-2044
3560084038,0,0,-2,-4,-2,25,-2047
3560085038,0,3,-1,-2,-6,25,-2045
3560086038,0,-2,0,-3,4,18,-2051
3560087038,0,2,-4,-6,7,28,-2049
3560088038,0,1,0,-1,7,20,-2045
3560089038,0,2,-1,-5,2,24,-2045
3560090038,0,-2,0,0,1,21,-2052
3560091038,0,-1,-1,-5,-10,22,-2046
3560092038,0,2,-4,-2,3,23,-2040
3560093038,0,4,0,-2,2,21,-2041
3560094038,0,3,-5,-5,3,19,-2041
3560095038,0,1,-2,-1,4,23,-2040
3560096038,0,1,-1,-2,0,26,-2040
3560097038,0,3,-4,-2,-5,25,-2041
3560098038,0,4,-4,-3,-4,15,-2042
3560099038,0,3,0,-2,-1,15,-2038
3560100038,0,7,-6,-3,-5,20,-2048
3560101038,0,1,-1,-4,8,20,-2051
3560102038,0,1,0,-4,0,27,-2044
3560103038,0,3,-3,-2,6,25,-2048
3560104038,0,1,1,-2,0,15,-2045
3560105038,0,-1,-3,-2,-2,25,-2040
3560106038,0,1,-1,-3,5,27,-2045
3560107038,0,5,-4,-5,3,22,-2054
3560108038,0,0,-1,-2,9,29,-2052
3560109038,0,3,-1,-1,7,24,-2048
3560110038,0,0,-2,-4,-6,17,-2040
3560111038,0,-2,-2,-2,-5,24,-2047
3560112038,0,3,-3,-2,-1,27,-2044
3560113038,0,0,-2,-5,-2,26,-2042
3560114038,0,3,-4,-7,-1,14,-2047
3560115038,0,5,-1,-5,-1,16,-2046
3560116038,0,2,-3,-3,9,22,-2043
3560117038,0,1,-2,-1,0,33,-2041
3560118038,0,0,-2,-4,4,24,-2048
3560119038,0,3,-5,-4,1,26,-2040
3560120038,0,1,-4,-4,-1,22,-2044
3560121038,0,1,-2,-3,0,29,-2052
3560122038,0,4,-3,-2,6,22,-2039
3560123038,0,6,-2,-1,1,28,-2044
3560124038,0,2,-5,-2,8,20,-2050
3560125038,0,4,-4,-6,9,22,-2050
3560126038,0,4,-4,-5,8,27,-2042
3560127038,0,1,-2,-2,1,28,-2045
3560128038,0,3,-4,-5,3,27,-2046
3560129038,0,1,-3,-2,2,26,-2042
3560130038,0,0,5,-2,3,25,-2052
3560131038,0,2,-4,-2,6,24,-2041
3560132038,0,3,-4,-6,2,20,-2055
3560133038,0,2,0,-4,2,26,-2049
3560134038,0,-2,-1,-1,4,30,-2049
3560135038,0,4,-4,-4,5,29,-2041
3560136038,0,4,-4,-2,4,34,-2044
3560137038,0,2,-4,-2,6,27,-2043
3560138038,0,0,0,1,14,22,-2044
3560139038,0,0,1,-4,4,24,-2048
3560140038,0,1,-4,-5,5,15,-2041
3560141038,0,4,-3,-4,-2,26,-2040
3560142038,0,3,-3,-1,-8,26,-2036
3560143038,0,3,-4,-5,11,24,-2042
3560144038,0,2,-3,-4,3,19,-2038
3560145038,0,3,-6,-6,5,19,-2041
3560146038,0,4,-7,-3,-1,26,-2040
3560147038,0,3,-1,-3,8,20,-2041
3560148038,0,4,-4,-4,11,20,-2046
3560149038,0,5,-2,-5,6,28,-2039
3560150038,0,-2,1,-5,6,28,-2045
3560151038,0,1,-6,-3,7,22,-2049
3560152038,0,1,2,-5,-1,22,-2047
3560153038,0,1,-1,-3,6,20,-2048
3560154038,0,4,-5,-5,-2,16,-2049
3560155038,0,6,0,-2,-6,31,-2048
3560156038,0,2,-2,-5,7,31,-2047
3560157038,0,2,-1,-2,6,15,-2047
3560158038,0,2,0,-6,2,28,-2044
3560159038,0,2,-6,-4,8,27,-2047
3560160038,0,5,-1,-4,1,27,-2053
3560161038,0,1,-4,-4,-1,20,-2044
3560162038,0,-1,-2,-2,8,25,-2045
3560163038,0,0,-3,-3,0,27,-2042
3560164038,0,2,-3,0,3,16,-2042
3560165038,0,5,-2,-5,1,28,-2045
3560166038,0,0,-5,-6,4,24,-2051
3560167038,0,2,-3,-4,3,26,-2034
3560168038,0,-4,-3,-2,13,22,-2037
3560169038,0,1,-5,-3,0,16,-2052
3560170038,0,1,-3,-2,5,30,-2049
3560171038,0,0,-1,-5,-7,30,-2042
3560172038,0,-1,-2,-5,0,34,-2045
3560173038,0,0,-2,-5,8,24,-2051
3560174038,0,-1,-3,-4,5,18,-2042
3560175038,0,5,-5,-6,3,26,-2046
3560176038,0,3,0,-4,-2,30,-2046
3560177038,0,2,-2,-3,5,20,-2042
3560178038,0,6,-2,-5,7,22,-2044
3560179038,0,1,3,-2,1,29,-2039
3560180038,0,-1,2,1,-7,28,-2044
3560181038,0,2,-2,-1,2,24,-2045
3560182038,0,-1,-2,-4,4,22,-2042
3560183038,0,6,-4,-3,4,16,-2044
3560184038,0,1,0,-2,3,19,-2049
3560185038,0,0,0,-2,0,26,-2046
3560186038,0,2,-3,-4,4,29,-2053
3560187038,0,3,-4,-3,12,30,-2035
3560188038,0,0,-4,1,-9,24,-2051
3560189038,0,1,0,-2,2,26,-2047
3560190038,0,0,-1,-6,1,20,-2051
3560191038,0,6,-2,-5,4,25,-2046
3560192038,0,1,-3,-6,5,30,-2042
3560193038,0,4,-3,-3,7,22,-2046
3560194038,0,2,-5,-3,3,23,-2049
3560195038,0,2,0,-1,14,21,-2056
3560196038,0,5,-5,-8,0,20,-2038
3560197038,0,0,-4,1,10,23,-2048
3560198038,0,1,1,0,5,20,-2048
3560199038,0,0,-3,-1,-2,22,-2044
3560200038,0,4,0,-7,10,26,-2050
3560201038,0,2,-3,-4,4,21,-2042
3560202038,0,3,-3,-3,0,16,-2042
3560203038,0,-4,-2,-1,2,18,-2043
3560204038,0,3,-2,-6,8,30,-2046
3560205038,0,2,-1,-2,2,25,-2042
3560206038,0,5,-4,-2,3,30,-2043
3560207038,0,1,-5,-3,8,30,-2040
3560208038,0,-3,-3,-4,4,27,-2037
3560209038,0,3,-5,-1,5,23,-2037
3560210038,0,2,-6,-6,-2,27,-2044
3560211038,0,0,0,-5,6,28,-2043
3560212038,0,3,-2,-4,7,21,-2045
3560213038,0,0,0,-3,7,20,-2053
3560214038,0,-1,0,-4,5,21,-2043
3560215038,0,4,-7,-5,7,19,-2048
3560216038,0,5,-5,-5,6,21,-2039
3560217038,0,-1,-1,-4,4,26,-2047
3560218038,0,1,-4,-1,7,22,-2049
3560219038,0,-1,-2,-2,9,27,-2044
3560220038,0,0,-1,0,4,21,-2043
3560221038,0,1,-3,-2,4,20,-2043
3560222038,0,1,-2,-5,-6,16,-2050
3560223038,0,3,0,-2,5,20,-2048
3560224038,0,1,-3,-4,8,23,-2039
3560225038,0,3,-4,-1,4,20,-2051
3560226038,0,0,2,0,8,18,-2043
3560227038,0,4,-2,-3,-2,25,-2044
3560228038,0,4,-2,-5,3,26,-2041
3560229038,0,5,-4,-2,6,23,-2046
3560230038,0,4,-5,-5,6,20,-2049
3560231038,0,3,-2,-3,4,19,-2043
3560232038,0,1,-3,-4,4,21,-2042
3560233038,0,0,1,-3,5,28,-2049
3560234038,0,3,-2,-1,2,27,-2048
3560235038,0,1,-2,-3,1,26,-2052
3560236038,0,2,-2,-4,-3,27,-2047
3560237038,0,2,0,-2,-1,19,-2053
3560238038,0,0,-2,-1,10,21,-2052
3560239038,0,-1,-3,-2,7,19,-2043
3560240038,0,0,-1,-3,2,20,-2035
3560241038,0,1,-2,-5,8,20,-2040
3560242038,0,5,-6,-4,-2,25,-2042
3560243038,0,4,-2,-6,-3,29,-2040
3560244038,0,1,0,-3,-3,22,-2045
3560245038,0,3,-2,-1,9,23,-2042
3560246038,0,-1,2,0,4,21,-2047
3560247038,0,0,-3,-2,5,28,-2040
3560248038,0,2,-2,0,3,22,-2040
3560249038,0,1,-3,-2,2,23,-2045
3560250038,0,7,-5,-2,-2,21,-2048
3560251038,0,2,-1,-2,6,18,-2047
3560252038,0,-1,-2,-2,6,25,-2044
3560253038,0,6,-2,-6,0,27,-2044
3560254038,0,2,-3,-6,2,18,-2049
3560255038,0,4,-3,-6,7,21,-2050
3560256038,0,2,-3,-2,10,22,-2052
3560257038,0,3,-2,-4,2,30,-2044
3560258038,0,2,-1,-2,0,22,-2051
3560259038,0,1,-1,-6,1,25,-2046
3560260038,0,3,-4,-1,-4,20,-2054
3560261038,0,6,-3,-5,3,29,-2041
3560262038,0,6,-2,-4,3,26,-2051
3560263038,0,0,-2,1,10,18,-2048
3560264038,0,3,-1,-6,8,19,-2045
3560265038,0,-1,-1,0,6,25,-2040
3560266038,0,2,-4,-2,1,25,-2039
3560267038,0,5,0,-5,9,20,-2046
3560268038,0,3,-2,-3,1,24,-2048
3560269038,0,5,-5,-3,9,30,-2050
3560270038,0,3,-3,-3,-1,27,-2052
3560271038,0,2,-4,-2,-1,22,-2045
3560272038,0,2,-2,-3,-1,29,-2040
3560273038,0,3,1,-1,4,24,-2050
3560274038,0,3,-6,-5,7,30,-2045
3560275038,0,-1,-1,-3,1,30,-2054
3560276038,0,1,-4,-4,6,20,-2043
3560277038,0,2,-3,-5,0,28,-2045
3560278038,0,3,0,-3,1,29,-2047
3560279038,0,3,-5,-1,3,20,-2049
3560280038,0,1,-2,-3,-1,20,-2043
3560281038,0,-1,-4,-2,2,18,-2046
3560282038,0,2,-5,-4,2,30,-2045
3560283038,0,2,-1,1,5,23,-2050
3560284038,0,1,-2,1,-7,22,-2038
3560285038,0,1,1,-1,9,30,-2044
3560286038,0,3,-2,-3,4,23,-2044
3560287038,0,4,-3,-4,-3,17,-2046
3560288038,0,4,-2,-2,3,22,-2046
3560289038,0,5,-1,-4,-1,25,-2040
3560290038,0,3,-3,-3,7,19,-2045
3560291038,0,0,-1,-3,5,17,-2045
3560292038,0,3,1,-3,3,22,-2046
3560293038,0,1,-3,-3,2,28,-2042
3560294038,0,1,3,-2,3,27,-2044
3560295038,0,1,-2,-1,-4,20,-2039
3560296038,0,4,0,-3,3,30,-2047
3560297038,0,2,0,0,4,29,-2043
3560298038,0,2,-2,-6,-7,17,-2043
3560299038,0,2,-2,-1,3,21,-2036
3560300038,0,3,-3,-2,5,29,-2033
3560301038,0,2,-4,-3,6,31,-2041
3560302038,0,6,-3,-1,7,21,-2046
3560303038,0,0,0,-1,0,15,-2048
3560304038,0,5,-3,-6,6,21,-2047
3560305038,0,1,-1,-1,2,21,-2043
3560306038,0,3,-4,-4,1,31,-2050
3560307038,0,2,-2,-2,9,22,-2047
3560308038,0,2,-2,-5,-3,27,-2047
3560309038,0,5,0,-3,-1,22,-2043
3560310038,0,0,0,-1,3,17,-2050
3560311038,0,3,-3,-4,4,20,-2054
3560312038,0,4,-3,-2,4,26,-2044
3560313038,0,-1,-1,-1,4,20,-2046
3560314038,0,5,-6,-8,7,28,-2051
3560315038,0,3,-6,-5,0,24,-2041
3560316038,0,3,-4,-6,3,29,-2048
3560317038,0,1,-3,-3,8,23,-2048
3560318038,0,2,-2,-6,14,25,-2041
3560319038,0,0,-3,-2,-1,26,-2047
3560320038,0,0,-2,-6,8,28,-2037
3560321038,0,3,-2,-3,2,21,-2049
3560322038,0,-1,-1,0,7,22,-2040
3560323038,0,4,-2,-5,8,25,-2039
3560324038,0,-1,-1,-2,3,24,-2042
3560325038,0,1,-3,-2,-3,25,-2050
3560326038,0,-1,0,-3,3,26,-2045
3560327038,0,-2,-2,-2,7,25,-2043
3560328038,0,1,-4,-4,6,24,-2045
3560329038,0,1,-4,-1,8,30,-2049
3560330038,0,-1,-2,-4,-1,25,-2044
3560331038,0,3,-4,-3,4,25,-2045
3560332038,0,-3,3,-2,10,23,-2044
3560333038,0,1,-4,-5,17,26,-2042
3560334038,0,0,-1,-4,0,30,-2042
3560335038,0,3,-5,-7,-1,30,-2043
3560336038,0,9,-1,-3,2,23,-2046
3560337038,0,-1,-5,-4,-7,22,-2049
3560338038,0,8,-5,-5,-3,20,-2033
3560339038,0,3,-3,-4,6,24,-2046
3560340038,0,5,-3,-6,9,20,-2042
3560341038,0,-1,1,-1,5,25,-2048
3560342038,0,3,-5,-4,3,24,-2045
3560343038,0,5,-4,-4,8,20,-2044
3560344038,0,3,-6,-5,3,20,-2042
3560345038,0,0,-1,-4,4,18,-2042
3560346038,0,4,-4,-2,6,19,-2045
3560347038,0,2,-4,-1,8,29,-2050
3560348038,0,3,1,-2,6,25,-2042
3560349038,0,4,-6,-4,1,23,-2046
3560350038,0,1,-4,-5,6,24,-2052
3560351038,0,3,-5,-5,6,25,-2047
3560352038,0,3,-3,-4,-8,25,-2050
3560353038,0,5,-7,-5,11,20,-2051
3560354038,0,2,-3,-4,1,25,-2049
3560355038,0,3,1,-2,0,20,-2047
3560356038,0,1,0,-2,0,29,-2052
3560357038,0,3,-4,-3,-4,25,-2044
3560358038,0,0,-2,-1,2,24,-2045
3560359038,0,4,-4,-4,9,28,-2036
3560360038,0,0,-1,-3,5,24,-2039
3560361038,0,1,-5,-3,6,26,-2048
3560362038,0,3,-4,-3,2,24,-2055
3560363038,0,2,0,-8,-2,17,-2048
3560364038,0,-1,1,1,4,27,-2047
3560365038,0,2,1,-1,-1,19,-2046
3560366038,0,0,-2,-2,0,30,-2046
3560367038,0,5,-2,-2,-1,23,-2040
3560368038,0,4,-6,-3,5,24,-2046
3560369038,0,-1,1,-1,6,26,-2050
3560370038,0,3,-2,1,3,19,-2042
3560371038,0,-1,-3,-3,10,19,-2041
3560372038,0,0,1,0,16,27,-2045
3560373038,0,3,-5,-7,8,25,-2051
3560374038,0,1,-2,-5,5,22,-2039
3560375038,0,6,-7,-4,0,18,-2042
3560376038,0,4,-2,-3,10,22,-2044
3560377038,0,-2,-2,-4,3,16,-2053
3560378038,0,3,-4,-4,3,23,-2051
3560379038,0,1,-3,-3,2,27,-2045
3560380038,0,5,-4,-7,7,27,-2045
3560381038,0,1,-5,-4,4,18,-2048
3560382038,0,-1,0,-1,1,21,-2044
3560383038,0,3,-2,-4,6,21,-2053
3560384038,0,3,-2,-1,10,27,-2046
3560385038,0,0,2,-3,5,29,-2040
3560386038,0,0,-5,-3,3,26,-2043
3560387038,0,0,0,-4,9,18,-2044
3560388038,0,3,-2,-3,1,25,-2047
3560389038,0,3,-2,-2,-2,20,-2045
3560390038,0,1,-1,-2,6,24,-2044
3560391038,0,3,-4,-1,-1,20,-2045
3560392038,0,6,-3,-4,5,27,-2047
3560393038,0,0,1,-2,10,23,-2046
3560394038,0,0,-2,1,-3,20,-2036
3560395038,0,1,-4,-1,8,28,-2048
3560396038,0,-3,0,-1,5,20,-2046
3560397038,0,5,-2,-5,1,20,-2043
3560398038,0,0,-4,-5,2,17,-2046
3560399038,0,7,-3,-5,7,20,-2057
3560400038,0,1,-1,-1,4,25,-2044
3560401038,0,5,-5,-6,-2,20,-2041
3560402038,0,1,-6,0,0,28,-2046
3560403038,0,2,-4,-3,2,18,-2048
3560404038,0,2,-2,-5,6,20,-2048
3560405038,0,2,-4,-4,-7,21,-2041
3560406038,0,1,1,-2,3,24,-2036
3560407038,0,6,-4,-5,-2,24,-2042
3560408038,0,0,-5,-5,8,26,-2047
3560409038,0,2,-2,-2,-4,20,-2050
3560410038,0,3,-3,-4,1,22,-2050
3560411038,0,1,-3,-3,-2,32,-2050
3560412038,0,5,-1,-5,-2,24,-2044
3560413038,0,3,-3,-4,-3,26,-2041
3560414038,0,2,-2,0,12,31,-2042
3560415038,0,0,-1,-2,5,19,-2042
3560416038,0,4,-6,-6,1,27,-2050
3560417038,0,1,-1,-3,1,22,-2045
3560418038,0,2,0,-1,-1,27,-2039
3560419038,0,3,-2,-3,2,19,-2052
3560420038,0,1,-3,-6,2,18,-2040
3560421038,0,4,-2,-8,7,20,-2042
3560422038,0,2,1,-4,9,23,-2041
3560423038,0,3,-3,-10,-5,23,-2043
3560424039,0,1,-1,-2,-2,21,-2049
3560425040,0,-2,-3,-4,11,12,-2047
3560426038,0,0,-1,1,3,24,-2039
3560427038,0,2,-3,-6,-1,24,-2037
3560428038,0,-2,3,-2,-4,25,-2041
3560429038,0,0,-1,0,2,24,-2041
3560430038,0,2,-4,-4,5,24,-2041
3560431038,0,1,1,-2,3,25,-2040
3560432038,0,2,-2,-4,2,22,-2040
3560433038,0,1,-2,-1,0,26,-2039
3560434038,0,3,-4,-4,2,19,-2043
3560435038,0,2,-6,-2,-2,27,-2051
3560436038,0,1,-2,-2,-3,32,-2044
3560437038,0,4,-6,-5,-2,21,-2036
3560438038,0,4,-5,-4,1,23,-2039
3560439038,0,2,0,-4,4,22,-2042
3560440038,0,1,0,1,12,20,-2048
3560441038,0,0,3,-3,-3,30,-2044
3560442038,0,4,-5,-3,-5,27,-2044
3560443038,0,3,-3,-1,4,26,-2048
3560444038,0,-4,-1,0,12,20,-2044
3560445038,0,0,-1,-3,7,25,-2039
3560446038,0,6,0,-2,2,24,-2046
3560447038,0,-1,-1,-5,-2,27,-2050
3560448038,0,2,-2,-4,-5,19,-2042
3560449038,0,0,0,-3,6,25,-2047
3560450038,0,4,0,-6,7,24,-2046
3560451038,0,1,-3,-2,8,26,-2051
3560452038,0,2,-4,-6,6,25,-2050
3560453038,0,4,-6,-5,-1,23,-2045
3560454038,0,1,0,-4,3,28,-2040
3560455038,0,1,0,-4,1,19,-2045
3560456038,0,1,-2,-1,4,28,-2046
3560457038,0,1,-1,0,1,24,-2038
3560458038,0,-1,1,-2,7,19,-2039
3560459038,0,5,-2,-3,0,22,-2045
3560460038,0,0,-1,-5,7,16,-2038
3560461038,0,2,-5,-3,1,18,-2050
3560462038,0,3,-3,-3,3,23,-2054
3560463038,0,1,-2,-7,13,25,-2051
3560464038,0,1,-4,-4,1,27,-2042
3560465038,0,2,0,-4,-2,27,-2043
3560466038,0,3,-1,-4,3,31,-2050
3560467038,0,3,-1,-3,7,18,-2051
3560468038,0,2,-2,-2,8,22,-2051
3560469038,0,5,-4,-3,2,19,-2047
3560470038,0,2,-3,-4,5,24,-2030
3560471038,0,1,0,-1,1,23,-2043
3560472038,0,3,1,0,1,28,-2041
3560473038,0,4,-5,-3,7,22,-2043
3560474038,0,3,0,-3,9,29,-2043
3560475038,0,-1,-4,-4,10,21,-2040
3560476038,0,3,0,-2,-1,34,-2043
3560477038,0,5,-1,-5,9,20,-2054
3560478038,0,-2,-2,-3,3,21,-2045
3560479038,0,2,-4,0,1,14,-2045
3560480038,0,-1,-5,-1,6,15,-2041
3560481038,0,2,-4,-2,4,24,-2040
3560482038,0,1,-3,-1,11,29,-2047
3560483038,0,2,-3,-4,3,22,-2042
3560484038,0,2,-2,-4,-3,24,-2045
3560485038,0,2,-3,-3,1,27,-2043
3560486038,0,5,-4,-5,-4,27,-2036
3560487038,0,0,-1,-3,-5,25,-2046
3560488038,0,5,-7,-3,1,18,-2043
3560489038,0,3,-4,-3,6,20,-2050
3560490038,0,2,-1,-3,1,25,-2048
3560491038,0,3,-4,-4,0,29,-2050
3560492038,0,2,-2,-5,6,26,-2039
3560493038,0,1,-2,-3,6,25,-2044
3560494038,0,5,-4,-3,3,22,-2042
3560495038,0,2,-2,-5,3,28,-2050
3560496038,0,4,-3,-5,-1,26,-2048
3560497038,0,-2,0,-2,-1,18,-2049
3560498038,0,0,-3,0,1,15,-2047
3560499038,0,-1,-1,-1,5,21,-2049
3560500038,0,1,-3,0,10,22,-2040
3560501038,0,5,-2,-4,-4,22,-2051
3560502038,0,3,-2,-1,0,25,-2047
3560503038,0,3,1,-4,11,34,-2042
3560504038,0,2,-4,-3,8,24,-2048
3560505038,0,3,-6,-7,-1,16,-2046
3560506038,0,1,-3,0,-1,20,-2035
3560507038,0,4,-2,1,0,23,-2042
3560508038,0,2,-4,-3,0,28,-2040
3560509038,0,4,-4,-1,8,27,-2047
3560510038,0,0,-1,-6,9,25,-2047
3560511038,0,3,0,-1,8,25,-2056
3560512038,0,4,-3,-2,4,27,-2043
3560513038,0,4,-1,-3,1,24,-2046
3560514038,0,4,-5,-3,8,20,-2045
3560515038,0,1,-5,-1,4,27,-2050
3560516038,0,2,0,-3,1,27,-2045
3560517038,0,3,-3,-7,2,24,-2047
3560518038,0,2,-1,-4,3,19,-2044
3560519038,0,0,-1,-2,-1,22,-2044
3560520038,0,3,-2,-6,-3,23,-2057
3560521038,0,0,-1,-3,10,21,-2046
3560522038,0,3,-4,-4,9,16,-2044
3560523038,0,4,-2,-5,4,26,-2042
3560524038,0,4,-4,-4,10,21,-2050
3560525038,0,4,-3,-3,3,20,-2046
3560526038,0,3,0,-4,1,22,-2043
3560527038,0,3,-1,-6,2,26,-2049
3560528038,0,-1,-2,-2,8,22,-2044
3560529038,0,4,0,-5,7,26,-2049
3560530038,0,4,-6,-4,9,24,-2038
3560531038,0,3,-2,-4,8,23,-2050
3560532038,0,4,-3,-2,4,24,-2049
3560533038,0,1,-2,-2,9,23,-2043
3560534038,0,1,0,-5,3,22,-2045
3560535038,0,3,-3,-1,2,24,-2046
3560536038,0,3,-4,-2,0,19,-2041
3560537038,0,0,-1,-2,13,26,-2041
3560538038,0,4,-6,-5,0,32,-2046
3560539038,0,8,-1,-6,6,23,-2049
3560540038,0,2,-3,-5,0,26,-2048
3560541038,0,3,-5,-4,0,21,-2040
3560542038,0,2,-4,-3,2,20,-2041
3560543038,0,-2,-1,-6,1,14,-2041
3560544038,0,2,-3,-3,-2,15,-2054
3560545038,0,1,-2,-8,3,15,-2047
3560546038,0,3,-5,-4,3,30,-2040
3560547038,0,3,-4,-3,3,25,-2037
3560548038,0,0,-2,-2,-2,18,-2041
3560549038,0,4,-5,-4,0,24,-2051
3560550038,0,-4,-1,-3,4,15,-2041
3560551038,0,-1,-3,-2,8,22,-2037
3560552038,0,0,-4,-3,1,17,-2044
3560553038,0,4,1,-4,5,21,-2039
3560554038,0,0,-2,-2,7,23,-2056
3560555038,0,3,-4,-1,-3,18,-2042
3560556038,0,4,1,-2,-1,22,-2040
3560557038,0,3,-3,-3,9,32,-2039
3560558038,0,2,-1,-3,-6,27,-2048
3560559038,0,3,-1,-3,4,18,-2049
3560560038,0,0,-4,-1,-1,17,-2043
3560561038,0,4,-1,-4,8,25,-2047
3560562038,0,2,-2,-3,4,26,-2046
3560563038,0,3,-4,-4,7,22,-2041
3560564038,0,2,1,-3,6,19,-2048
3560565038,0,2,-3,-3,0,24,-2050
3560566038,0,-1,-3,-4,0,19,-2041
3560567038,0,1,-6,-2,2,18,-2050
3560568038,0,2,-3,-4,1,21,-2046
3560569038,0,5,-4,-1,3,15,-2040
3560570038,0,2,1,-6,4,21,-2045
3560571038,0,6,-4,-4,3,17,-2047
3560572038,0,1,-2,0,6,34,-2043
3560573038,0,4,-9,-7,1,25,-2051
3560574038,0,2,-2,-6,-2,25,-2053
3560575038,0,1,1,-6,6,26,-2049
3560576038,0,0,-3,-1,-1,19,-2039
3560577038,0,4,-3,-4,5,21,-2042
3560578038,0,1,2,-4,2,27,-2039
3560579038,0,3,-7,-3,0,27,-2043
3560580038,0,1,-2,-2,4,15,-2042
3560581038,0,6,-6,-2,10,29,-2046
3560582038,0,5,-2,-3,1,25,-2045
3560583038,0,1,-4,-2,0,21,-2048
3560584038,0,4,-5,-5,5,21,-2043
3560585038,0,1,0,-1,-8,18,-2050
3560586038,0,3,-1,-1,5,22,-2046
3560587038,0,5,-7,-3,7,27,-2048
3560588038,0,-5,2,-1,11,28,-2048
3560589038,0,2,0,-2,0,26,-2041
3560590038,0,6,-1,-2,-3,21,-2043
3560591038,0,2,-3,-2,3,17,-2046
3560592038,0,3,-5,-2,8,18,-2045
3560593038,0,-1,-3,-4,9,27,-2043
3560594038,0,2,-3,-4,5,28,-2046
3560595038,0,0,-4,-3,10,22,-2051
3560596038,0,1,1,-2,-3,27,-2043
3560597038,0,0,0,-2,4,27,-2048
3560598038,0,3,-4,-4,5,19,-2040
3560599038,0,-3,-2,-6,1,24,-2043
3560600038,0,0,-1,-2,8,23,-2044
3560601038,0,0,1,1,1,24,-2047
3560602038,0,4,-1,-5,-2,25,-2051
3560603038,0,1,-3,-3,-1,31,-2048
3560604038,0,0,-2,-2,4,22,-2044
3560605038,0,1,-3,-4,-3,20,-2044
3560606038,0,2,-1,-2,-6,23,-2035
3560607038,0,3,-1,-6,1,24,-2042
3560608038,0,6,-1,-2,-3,17,-2048
3560609038,0,5,-5,-4,-2,23,-2049
3560610038,0,4,-3,-4,2,26,-2049
3560611038,0,3,-3,-3,0,30,-2056
3560612038,0,-1,-2,-3,-1,25,-2046
3560613038,0,-1,0,-5,10,23,-2039
3560614038,0,1,-4,-2,-2,20,-2047
3560615038,0,3,-3,-1,-2,24,-2042
3560616038,0,1,-2,-2,2,19,-2040
3560617038,0,-2,-2,-1,5,18,-2047
3560618038,0,5,0,-4,-2,24,-2039
3560619038,0,0,-1,-2,6,23,-2043
3560620038,0,1,-6,-3,0,26,-2048
3560621038,0,3,-4,-5,10,20,-2049
3560622038,0,0,-1,-2,9,27,-2053
3560623038,0,0,-3,-1,3,26,-2052
3560624038,0,3,-3,-1,-4,24,-2031
3560625038,0,1,-3,-3,5,25,-2051
3560626038,0,0,-2,-1,9,20,-2044
3560627038,0,3,-4,-7,2,18,-2037
3560628038,0,3,-1,-2,5,18,-2043
3560629038,0,5,-3,-7,4,28,-2042
3560630038,0,6,-6,-5,-1,23,-2048
3560631038,0,3,1,-4,5,23,-2041
3560632038,0,-2,-3,-6,7,27,-2044
3560633038,0,2,-6,-2,1,25,-2046
3560634038,0,2,-3,-2,-1,23,-2049
3560635038,0,3,-7,1,-1,25,-2044
3560636038,0,2,-5,-1,-2,24,-2043
3560637038,0,4,-2,-4,-2,19,-2044
3560638038,0,1,-4,-1,2,25,-2038
3560639038,0,1,-1,-3,-4,29,-2045
3560640038,0,1,1,-4,5,21,-2049
3560641038,0,0,-2,-8,6,25,-2046
3560642038,0,0,-3,-3,8,24,-2042
3560643038,0,-2,-1,-5,9,26,-2049
3560644038,0,0,-2,-6,6,34,-2047
3560645038,0,3,-1,-1,6,13,-2042
3560646038,0,3,0,-1,9,22,-2047
3560647038,0,-1,-1,1,3,21,-2040
3560648038,0,5,-2,-6,-3,28,-2041
3560649038,0,2,3,-3,4,18,-2043
3560650038,0,3,-2,-5,1,26,-2048
3560651038,0,-1,-2,-6,1,29,-2042
3560652038,0,1,1,-4,5,27,-2038
3560653038,0,0,-3,-2,1,20,-2048
3560654038,0,6,-4,-4,-1,29,-2043
3560655038,0,2,-1,-8,4,19,-2044
3560656038,0,1,-4,-2,0,23,-2048
3560657038,0,2,0,-5,1,29,-2049
3560658038,0,2,-2,-1,5,26,-2046
3560659038,0,3,-3,-1,6,11,-2041
3560660038,0,4,-6,-4,6,17,-2048
3560661038,0,-1,-1,-2,2,19,-2043
3560662038,0,4,-3,-5,4,21,-2043
3560663038,0,2,1,-1,4,22,-2047
3560664038,0,1,-4,-2,0,27,-2034
3560665038,0,3,-1,-3,2,21,-2046
3560666038,0,1,-1,-3,2,22,-2054
3560667038,0,2,-4,-2,-1,28,-2050
3560668038,0,0,0,-3,-1,31,-2045
3560669038,0,4,-5,-3,2,26,-2040
3560670038,0,-3,-1,-2,3,24,-2045
3560671038,0,-1,-1,1,6,25,-2045
3560672038,0,4,-4,-3,1,19,-2049
3560673038,0,0,1,-4,6,20,-2046
3560674038,0,5,-3,1,4,24,-2049
3560675038,0,3,-1,-8,1,19,-2049
3560676038,0,5,-3,-6,5,30,-2044
3560677038,0,2,-5,-9,1,36,-2047
3560678038,0,1,-6,-8,0,27,-2044
3560679038,0,2,-3,-5,-1,23,-2047
3560680038,0,3,-2,-6,-4,22,-2048
3560681038,0,6,-3,-3,-1,25,-2040
3560682038,0,0,-1,-2,1,22,-2050
3560683038,0,-3,1,-1,1,21,-2041
3560684038,0,2,-3,-5,4,17,-2041
3560685038,0,4,-4,-6,4,26,-2039
3560686038,0,3,-3,-2,5,22,-2045
3560687038,0,-2,4,-2,0,22,-2042
3560688038,0,3,-3,-5,1,30,-2043
3560689038,0,0,-3,-4,10,28,-2041
3560690038,0,4,-3,-5,5,20,-2036
3560691038,0,3,-2,-5,3,26,-2051
3560692038,0,0,2,-2,-13,23,-2044
3560693038,0,2,-4,-2,2,23,-2048
3560694038,0,2,-1,0,8,27,-2045
3560695038,0,3,-1,-4,3,20,-2039
3560696038,0,2,-3,-5,5,31,-2044
3560697038,0,3,-2,-5,1,18,-2042
3560698038,0,1,-2,-2,1,21,-2048
3560699038,0,4,-5,-4,4,17,-2045
3560700038,0,2,-1,-6,8,17,-2042
3560701038,0,2,-3,-6,5,26,-2045
3560702038,0,3,-3,-2,-1,23,-2045
3560703038,0,1,-2,-5,-1,23,-2048
3560704038,0,3,-3,-3,2,20,-2048
3560705038,0,2,-2,-1,9,21,-2044
3560706038,0,4,-6,-2,6,17,-2046
3560707038,0,2,0,-5,3,24,-2043
3560708038,0,0,1,-5,-4,9,-2039
3560709038,0,0,2,-3,0,25,-2045
3560710038,0,2,-3,-3,-6,25,-2057
3560711038,0,2,-5,-3,2,32,-2037
3560712038,0,-1,-2,1,4,28,-2045
3560713038,0,1,-3,-4,-2,31,-2045
3560714038,0,2,-1,-3,-2,33,-2042
3560715038,0,0,-1,-1,-3,24,-2047
3560716038,0,2,-4,-7,1,30,-2050
3560717038,0,2,-5,-5,1,34,-2046
3560718038,0,4,-4,-5,7,26,-2046
3560719038,0,3,-3,-2,0,20,-2046
3560720038,0,4,0,-2,-4,24,-2044
3560721038,0,2,-5,-3,7,26,-2044
3560722038,0,4,-2,-6,-4,24,-2041
3560723038,0,3,-5,-5,6,18,-2038
3560724038,0,2,-4,-2,4,19,-2048
3560725038,0,-3,1,-3,4,21,-2045
3560726038,0,-1,-2,-2,12,24,-2033
3560727038,0,1,-3,0,6,29,-2038
3560728038,0,3,-3,0,1,21,-2043
3560729038,0,3,0,-1,0,22,-2050
3560730038,0,3,-1,-6,2,25,-2046
3560731038,0,6,-4,-2,4,26,-2045
3560732038,0,-1,1,-1,-2,21,-2044
3560733038,0,6,-2,-3,-6,24,-2052
3560734038,0,-1,-2,-2,-2,20,-2049
3560735038,0,-3,1,-1,0,21,-2044
3560736038,0,3,-3,-4,7,22,-2047
3560737038,0,0,-4,-2,-3,30,-2045
3560738038,0,4,-5,-2,11,26,-2049
3560739038,0,1,-1,-3,7,25,-2044
3560740038,0,6,-2,-4,3,23,-2050
3560741038,0,0,-2,-5,2,22,-2040
3560742038,0,3,-4,-1,-2,24,-2045
3560743038,0,-3,-2,-1,2,24,-2044
3560744038,0,1,-3,-7,6,21,-2039
3560745038,0,0,-5,-5,7,31,-2044
3560746038,0,2,-2,-2,9,20,-2055
3560747038,0,2,-3,-2,3,28,-2050
3560748038,0,0,-3,-4,5,20,-2047
3560749038,0,5,-6,-6,1,27,-2045
3560750038,0,3,-5,-4,3,24,-2039
3560751038,0,3,0,0,3,24,-2040
3560752038,0,-1,-1,0,-1,24,-2047
3560753038,0,4,-1,-6,2,19,-2046
3560754038,0,0,1,-5,-2,19,-2040
3560755038,0,5,-5,-6,3,22,-2047
3560756038,0,0,-4,-3,4,23,-2048
3560757038,0,1,-4,-4,1,23,-2033
3560758038,0,3,1,-2,8,23,-2042
3560759038,0,-2,-1,-6,-4,30,-2043
3560760038,0,4,-1,-6,5,16,-2039
3560761038,0,1,-3,-5,2,23,-2052
3560762038,0,2,1,-1,0,24,-2050
3560763038,0,4,-1,-5,-2,23,-2045
3560764038,0,1,0,-4,2,21,-2051
3560765038,0,1,-4,-4,3,28,-2050
3560766038,0,1,-3,-2,1,19,-2046
3560767038,0,6,4,-2,1,20,-2056
3560768038,0,-2,-1,-2,3,31,-2051
3560769038,0,1,0,-3,4,19,-2041
3560770038,0,3,-2,-5,0,16,-2045
3560771038,0,0,-3,-2,7,23,-2044
3560772038,0,3,0,-2,4,14,-2041
3560773038,0,1,-3,-4,7,19,-2050
3560774038,0,1,-3,-5,3,22,-2045
3560775038,0,0,0,-5,5,16,-2045
3560776038,0,2,-2,-5,3,21,-2044
3560777038,0,2,-2,-4,9,15,-2042
3560778038,0,1,-3,-3,4,18,-2051
3560779038,0,4,-4,-5,10,25,-2050
3560780038,0,2,-1,-1,7,19,-2044
3560781038,0,-1,0,-2,1,27,-2047
3560782038,0,2,-3,-5,7,24,-2051
3560783038,0,3,-2,-4,0,26,-2053
3560784038,0,4,-1,-6,3,30,-2033
3560785038,0,-1,-5,-3,5,23,-2046
3560786038,0,2,-3,-5,2,23,-2046
3560787038,0,4,-3,-2,6,23,-2044
3560788038,0,1,-3,-5,0,18,-2052
3560789038,0,3,-1,-5,1,24,-2047
3560790038,0,4,-2,-3,-1,24,-2054
3560791038,0,1,-5,-3,1,28,-2051
3560792038,0,0,-4,-5,-1,25,-2045
3560793038,0,3,-4,-6,7,26,-2047
3560794038,0,1,4,-2,4,29,-2055
3560795038,0,1,-4,-6,-3,32,-2039
3560796038,0,2,-1,-2,2,18,-2046
3560797038,0,3,-1,-6,-3,26,-2045
3560798038,0,4,-6,-2,-5,27,-2048
3560799038,0,2,-4,0,4,29,-2039
3560800038,0,5,-4,0,5,29,-2045
3560801038,0,0,-4,-1,11,24,-2047
3560802038,0,2,-1,-4,4,19,-2043
3560803038,0,1,0,0,1,21,-2043
3560804038,0,2,2,2,0,21,-2049
3560805038,0,2,1,-6,-8,19,-2046
3560806038,0,5,-2,-5,5,18,-2042
3560807038,0,3,-3,-2,8,24,-2045
3560808038,0,1,0,-3,6,24,-2042
3560809038,0,4,-5,-4,4,25,-2052
3560810038,0,0,-3,-3,7,26,-2052
3560811038,0,1,-6,-4,5,23,-2042
3560812038,0,1,0,-1,4,22,-2043
3560813038,0,0,-1,-4,9,15,-2039
3560814038,0,1,-2,-1,-2,19,-2043
3560815038,0,4,-3,-1,-1,24,-2047
3560816038,0,3,-2,-4,2,14,-2044
3560817038,0,3,-1,-2,3,18,-2042
3560818038,0,1,-1,-2,2,14,-2042
3560819038,0,5,-1,-1,5,15,-2041
3560820038,0,3,-5,-6,6,24,-2042
3560821038,0,-3,0,-1,4,31,-2053
3560822038,0,2,-2,-5,7,32,-2043
3560823038,0,-1,-1,-5,0,28,-2040
3560824038,0,2,-4,-3,2,24,-2052
3560825038,0,3,-1,-4,11,30,-2049
3560826038,0,6,0,-1,13,23,-2038
3560827038,0,6,-1,-1,5,24,-2046
3560828038,0,0,2,0,0,27,-2039
3560829038,0,3,0,-3,3,24,-2049
3560830038,0,2,-5,-4,8,24,-2045
3560831038,0,-2,-2,-2,-3,24,-2047
3560832038,0,4,-2,-3,-3,23,-2036
3560833038,0,2,0,-3,5,27,-2035
3560834038,0,2,0,-2,8,21,-2044
3560835038,0,0,-1,-1,5,24,-2052
3560836038,0,3,-3,-5,2,25,-2050
3560837038,0,1,-1,-1,-5,27,-2039
3560838038,0,5,-4,-4,6,27,-2046
3560839038,0,2,-4,0,9,16,-2041
3560840038,0,9,-4,-4,5,25,-2047
3560841038,0,2,0,-4,5,22,-2044
3560842038,0,-1,2,-1,2,27,-2042
3560843038,0,4,-4,-2,2,19,-2049
3560844038,0,1,-1,-1,12,23,-2047
3560845038,0,1,-2,-3,-3,28,-2045
3560846038,0,5,-3,-4,2,17,-2049
3560847038,0,1,-2,1,2,19,-2042
3560848038,0,1,-3,-4,7,30,-2050
3560849038,0,3,-4,-4,6,17,-2044
3560850038,0,1,-2,-3,6,22,-2049
3560851038,0,-2,-4,-1,-1,19,-2045
3560852038,0,-1,-4,1,1,19,-2039
3560853038,0,0,-2,-4,-2,25,-2042
3560854038,0,-3,-1,-3,0,25,-2038
3560855038,0,1,-2,-5,3,26,-2045
3560856038,0,4,-2,-2,0,23,-2043
3560857038,0,1,0,-2,2,19,-2051
3560858038,0,3,-5,-5,-1,23,-2052
3560859038,0,2,-1,-4,1,22,-2049
3560860038,0,3,-2,-2,3,29,-2037
3560861038,0,3,-1,-4,-3,27,-2043
3560862038,0,0,0,-3,5,19,-2041
3560863038,0,-3,0,-3,5,24,-2047
3560864038,0,0,-1,-2,9,12,-2043
3560865038,0,5,-6,-2,9,22,-2046
3560866038,0,3,-4,-1,4,22,-2051
3560867038,0,1,-2,-3,3,21,-2049
3560868038,0,5,-3,-1,10,25,-2047
3560869038,0,2,-4,-2,4,27,-2041
3560870038,0,0,-1,-2,3,29,-2050
3560871038,0,0,-5,-5,1,19,-2046
3560872038,0,4,0,0,7,24,-2044
3560873038,0,1,-4,-3,5,19,-2053
3560874038,0,-1,0,-3,-1,29,-2045
3560875038,0,4,-5,-8,4,22,-2037
3560876038,0,1,-2,-2,-2,24,-2036
3560877038,0,3,-3,-6,-3,21,-2051
3560878038,0,0,-4,-1,4,18,-2037
3560879038,0,1,-1,-4,6,29,-2047
3560880038,0,2,-1,-4,0,23,-2049
3560881038,0,2,1,-5,1,16,-2045
3560882038,0,3,-3,-2,6,15,-2038
3560883038,0,1,-1,-1,-3,16,-2054
3560884038,0,3,-5,-2,13,22,-2043
3560885038,0,2,-1,1,0,22,-2038
3560886038,0,4,-5,-2,8,27,-2049
3560887038,0,2,-1,-1,7,23,-2046
3560888038,0,2,-4,-2,-10,22,-2046
3560889038,0,6,-7,-3,5,21,-2035
3560890038,0,2,3,-1,-5,18,-2044
3560891038,0,4,-2,0,10,24,-2045
3560892038,0,1,-2,-4,3,16,-2047
3560893038,0,4,-5,-7,8,25,-2054
3560894038,0,2,-1,0,6,19,-2041
3560895038,0,1,1,-4,-2,20,-2049
3560896038,0,1,-2,-6,-4,26,-2039
3560897038,0,1,-6,-7,3,28,-2046
3560898038,0,4,-5,-6,5,29,-2033
3560899038,0,4,-5,-6,3,26,-2048
3560900038,0,0,-3,-3,0,17,-2047
3560901038,0,4,-4,-6,2,24,-2041
3560902038,0,6,-1,-6,7,23,-2040
3560903038,0,-1,-2,-3,-6,21,-2043
3560904038,0,2,-2,-1,3,22,-2039
3560905038,0,3,-2,-1,6,25,-2042
3560906038,0,4,-2,-4,0,16,-2041
3560907038,0,6,-5,-1,2,20,-2043
3560908038,0,1,2,-3,-5,20,-2044
3560909038,0,1,2,-3,2,22,-2054
3560910038,0,0,-4,-3,2,23,-2051
3560911038,0,4,-4,-3,4,26,-2046
3560912038,0,2,-2,-1,-5,19,-2050
3560913038,0,3,-2,-3,5,25,-2042
3560914038,0,0,-4,-3,5,25,-2054
3560915038,0,-1,-1,-4,3,20,-2051
3560916038,0,4,-1,-2,7,24,-2035
3560917038,0,0,-1,-7,1,34,-2044
3560918038,0,1,-6,-4,-3,20,-2042
3560919038,0,3,-3,-3,-5,23,-2042
3560920038,0,1,-2,-5,-4,24,-2045
3560921038,0,4,-3,-4,3,19,-2039
3560922038,0,-1,-1,-5,5,25,-2046
3560923038,0,0,-2,-3,0,21,-2045
3560924038,0,2,-5,-2,-4,15,-2042
3560925038,0,2,-2,0,5,23,-2047
3560926038,0,-2,-3,-5,4,19,-2043
3560927038,0,3,-7,-5,8,19,-2046
3560928038,0,5,-1,-3,5,22,-2050
3560929038,0,5,-3,-6,2,23,-2032
3560930038,0,0,-5,-6,8,24,-2047
3560931038,0,2,-1,-6,7,21,-2049
3560932038,0,3,-3,-4,-5,18,-2041
3560933038,0,1,-3,-3,-1,20,-2045
3560934038,0,3,-3,-6,-4,26,-2042
3560935038,0,4,-5,-4,4,25,-2043
3560936038,0,-1,0,-3,2,26,-2042
3560937038,0,2,-1,-2,6,24,-2036
3560938038,0,3,-4,-4,9,25,-2047
3560939038,0,2,-2,-3,5,22,-2046
3560940038,0,2,-4,-5,3,20,-2056
3560941038,0,1,-2,-4,7,24,-2047
3560942038,0,2,-3,-3,0,29,-2038
3560943038,0,6,-2,-3,-2,17,-2041
3560944038,0,0,-1,-5,-3,26,-2041
3560945038,0,-1,-1,-2,6,22,-2051
3560946038,0,2,-4,1,14,24,-2048
3560947038,0,3,-1,-2,4,25,-2050
3560948038,0,1,-3,0,2,19,-2045
3560949038,0,0,0,-2,8,19,-2050
3560950038,0,0,-4,-2,-1,24,-2045
3560951038,0,3,-4,-4,1,18,-2042
3560952038,0,3,-1,-4,4,24,-2049
3560953038,0,1,-3,-5,3,23,-2040
3560954038,0,3,0,-4,2,18,-2045
3560955038,0,5,-7,-6,9,21,-2047
3560956038,0,4,-4,-3,10,23,-2046
3560957038,0,0,-6,-1,-4,25,-2047
3560958038,0,1,4,-1,-5,22,-2053
3560959038,0,2,-3,-4,3,27,-2052
3560960038,0,3,-3,-4,4,20,-2040
3560961038,0,3,-2,-5,11,27,-2042
3560962038,0,2,0,-3,2,23,-2037
3560963038,0,1,-7,-5,3,24,-2041
3560964038,0,2,0,-3,6,21,-2051
3560965038,0,0,-2,1,2,30,-2051
3560966038,0,-2,-4,-3,0,17,-2053
3560967038,0,2,-1,-5,7,17,-2042
3560968038,0,2,-2,-6,3,31,-2047
3560969038,0,5,-3,-4,0,18,-2047
3560970038,0,4,-2,-7,-1,30,-2049
3560971038,0,3,-3,-1,-1,25,-2040
3560972038,0,0,-2,-3,5,27,-2047
3560973038,0,1,-2,-5,1,23,-2038
3560974038,0,-1,-4,-6,4,28,-2040
3560975038,0,0,-4,-6,8,23,-2047
3560976038,0,3,-3,-4,3,25,-2043
3560977038,0,1,-2,-3,3,22,-2046
3560978038,0,2,-6,-3,3,32,-2043
3560979038,0,6,-3,-5,7,27,-2038
3560980038,0,-1,0,-3,-6,15,-2048
3560981038,0,6,-3,-7,4,31,-2049
3560982038,0,3,-1,-4,-5,21,-2043
3560983038,0,0,2,-2,-2,25,-2045
3560984038,0,1,-4,-5,-5,20,-2042
3560985038,0,3,-3,-2,-1,22,-2043
3560986038,0,0,0,-6,4,20,-2047
3560987038,0,1,-2,-4,4,22,-2043
3560988038,0,2,-2,-5,0,20,-2051
3560989038,0,3,-3,-6,-1,26,-2041
3560990038,0,2,-3,0,-1,22,-2045
3560991038,0,1,-5,-5,10,24,-2047
3560992038,0,2,-1,-5,6,25,-2045
3560993038,0,2,-4,-1,0,21,-2045
3560994038,0,2,-4,-4,-3,15,-2048
3560995038,0,3,2,-2,4,22,-2045
3560996038,0,0,-3,-3,5,21,-2038
3560997038,0,1,-1,-2,10,24,-2045
3560998038,0,3,-1,-4,6,21,-2038
3560999038,0,3,0,-1,6,22,-2047
3561000038,0,4,-3,-4,1,30,-2041
3561001038,0,3,-2,-3,9,19,-2046
3561002038,0,-1,-2,-2,4,21,-2054
3561003038,0,-1,-2,0,5,22,-2054
3561004038,0,2,-4,-5,7,21,-2041
3561005038,0,3,0,-4,-2,29,-2047
3561006038,0,3,-3,-2,7,22,-2041
3561007038,0,2,-1,0,7,25,-2050
3561008038,0,3,1,-1,-1,25,-2047
3561009038,0,3,-3,-5,0,26,-2040
3561010038,0,2,-2,-4,1,21,-2053
3561011038,0,2,-5,-2,6,26,-2051
3561012038,0,0,-4,-3,9,24,-2043
3561013038,0,-1,0,-4,6,22,-2048
3561014038,0,7,-3,-6,-2,23,-2049
3561015038,0,5,-2,-4,8,22,-2046
3561016038,0,4,-4,-5,0,22,-2038
3561017038,0,4,-4,-3,-1,21,-2038
3561018038,0,1,-1,-2,-1,21,-2044
3561019038,0,4,0,-1,-1,23,-2048
3561020038,0,1,-2,-3,2,21,-2046
3561021038,0,3,-4,-7,-2,22,-2038
3561022038,0,1,-1,-1,3,25,-2043
3561023038,0,3,-1,-2,7,25,-2046
3561024038,0,0,-1,-3,1,18,-2047
3561025038,0,6,-5,-2,-1,25,-2038
3561026038,0,1,0,-1,5,20,-2041
3561027038,0,2,-4,-7,4,28,-2044
3561028038,0,1,-2,-4,3,19,-2047
3561029038,0,3,-2,-5,4,31,-2047
3561030038,0,1,-2,-6,-1,28,-2042
3561031038,0,0,1,0,1,24,-2049
3561032038,0,-1,-2,-1,11,22,-2042
3561033038,0,6,-4,-2,5,20,-2038
3561034038,0,3,-2,-5,7,28,-2042
3561035038,0,2,-2,-3,4,19,-2037
3561036038,0,6,-1,0,7,27,-2032
3561037038,0,-1,0,0,-5,19,-2048
3561038038,0,1,-6,0,1,21,-2044
3561039038,0,4,-4,-8,5,26,-2048
3561040038,0,3,-4,-6,7,25,-2047
3561041038,0,4,-4,-3,-2,25,-2045
3561042038,0,-2,0,-1,-8,34,-2042
3561043038,0,-1,0,-3,6,21,-2043
3561044038,0,3,-3,-3,-2,19,-2042
3561045038,0,-3,-3,-4,4,23,-2044
3561046038,0,-1,-2,-4,6,26,-2038
3561047038,0,3,0,-2,9,23,-2043
3561048038,0,-1,-1,-2,7,23,-2042
3561049038,0,2,-5,-5,2,18,-2047
3561050038,0,3,-1,-4,-5,20,-2051
3561051038,0,4,-4,-4,6,22,-2053
3561052038,0,3,-4,-3,-3,23,-2048
3561053038,0,1,0,-1,3,20,-2048
3561054038,0,4,-4,-4,4,23,-2044
3561055038,0,1,-2,-3,12,20,-2046
3561056038,0,0,-1,-2,1,26,-2052
3561057038,0,6,-3,-4,-2,26,-2042
3561058038,0,0,1,-6,6,26,-2049
3561059038,0,5,-2,0,0,21,-2045
3561060038,0,3,-4,-3,5,17,-2053
3561061038,0,2,0,-3,9,33,-2042
3561062038,0,2,-6,-5,4,22,-2049
3561063038,0,5,-1,-1,5,29,-2041
3561064038,0,3,0,-3,0,21,-2046
3561065038,0,3,-2,-7,5,23,-2045
3561066038,0,0,-2,-4,5,27,-2051
3561067038,0,4,-3,-5,5,24,-2041
3561068038,0,-2,-2,-4,6,29,-2036
3561069038,0,-4,1,0,4,22,-2046
3561070038,0,3,-3,-2,3,24,-2040
3561071038,0,3,-4,-4,10,23,-2039
3561072038,0,-1,3,1,1,28,-2049
3561073038,0,3,-4,-6,0,23,-2045
3561074038,0,0,-6,-6,3,18,-2044
3561075038,0,3,-2,-5,0,13,-2049
3561076038,0,4,-5,-6,4,22,-2049
3561077038,0,1,-1,-4,6,16,-2039
3561078038,0,4,0,-6,4,22,-2043
3561079038,0,3,-1,-6,0,29,-2044
3561080038,0,0,0,-3,3,26,-2048
3561081038,0,6,-7,-8,-2,18,-2049
3561082038,0,-1,1,0,0,25,-2043
3561083038,0,1,0,1,5,21,-2045
3561084038,0,0,0,-2,3,17,-2039
3561085038,0,5,-1,-3,5,22,-2045
3561086038,0,2,-4,-3,7,18,-2040
3561087038,0,3,-3,-5,8,26,-2042
3561088038,0,1,-3,-2,7,30,-2052
3561089038,0,2,-2,-3,-1,22,-2046
3561090038,0,0,0,-3,8,26,-2041
3561091038,0,3,-3,-2,-2,29,-2047
3561092038,0,5,-3,-3,2,19,-2041
3561093038,0,1,-1,-4,7,26,-2048
3561094038,0,-1,-3,-5,-3,21,-2043
3561095038,0,3,-2,-4,2,29,-2052
3561096038,0,3,0,-3,0,24,-2045
3561097038,0,6,-4,-4,8,21,-2042
3561098038,0,0,2,-1,-4,19,-2041
3561099038,0,1,0,-3,9,22,-2044
3561100038,0,4,-4,-1,2,22,-2041
3561101038,0,1,0,-3,4,27,-2047
3561102038,0,4,0,-5,-1,21,-2037
3561103038,0,3,0,-3,2,32,-2038
3561104038,0,1,-4,-3,-1,17,-2044
3561105038,0,-1,-2,-3,10,29,-2046
3561106038,0,3,0,-2,0,25,-2047
3561107038,0,3,-2,-3,2,22,-2048
3561108038,0,-1,1,-6,10,25,-2040
3561109038,0,2,-1,0,3,19,-2045
3561110038,0,0,-4,-2,8,26,-2047
3561111038,0,1,-1,-3,1,21,-2051
3561112038,0,5,-5,-5,4,20,-2046
3561113038,0,5,-4,-3,6,19,-2046
3561114038,0,-5,-2,-3,3,20,-2049
3561115038,0,1,-4,0,-2,22,-2047
3561116038,0,3,-3,-4,2,21,-2047
3561117038,0,2,-3,-2,0,22,-2048
3561118038,0,2,-1,-3,-2,26,-2054
3561119038,0,4,-3,-4,-6,21,-2034
3561120038,0,-1,-1,-4,-7,16,-2037
3561121038,0,7,-7,-3,2,25,-2051
3561122038,0,0,-6,-4,0,24,-2044
3561123038,0,0,-3,0,5,26,-2050
3561124038,0,2,-4,-5,1,19,-2046
3561125038,0,2,-3,-2,6,21,-2053
3561126038,0,4,-2,-1,2,17,-2040
3561127038,0,2,-6,-5,-1,19,-2039
3561128038,0,-1,-3,-2,1,27,-2044
3561129038,0,1,-3,-2,6,21,-2040
3561130038,0,-1,-2,0,6,22,-2047
3561131038,0,2,-1,-3,3,21,-2045
3561132038,0,2,-1,-3,5,20,-2052
3561133038,0,4,-1,-3,4,26,-2042
3561134038,0,2,-1,-2,0,25,-2042
3561135038,0,5,-3,-5,6,23,-2054
3561136038,0,1,-4,-5,6,24,-2046
3561137038,0,3,-3,-7,-3,32,-2047
3561138038,0,1,-5,-3,10,29,-2038
3561139038,0,3,-4,-4,2,27,-2042
3561140038,0,6,-3,-7,8,22,-2038
3561141038,0,-3,0,0,4,22,-2046
3561142038,0,3,-5,-1,4,25,-2043
3561143038,0,4,-3,-3,4,18,-2045
3561144038,0,5,-1,-5,0,28,-2047
3561145038,0,0,-3,0,-2,25,-2039
3561146038,0,3,-3,-5,6,25,-2041
3561147038,0,3,-1,-4,2,23,-2047
3561148038,0,3,-4,-4,4,26,-2042
3561149038,0,0,-1,-5,1,20,-2043
3561150038,0,5,-2,-3,4,22,-2041
3561151038,0,1,-2,-2,2,25,-2049
3561152038,0,0,-1,-1,6,25,-2041
3561153038,0,1,0,-5,7,18,-2043
3561154038,0,-1,2,0,1,27,-2044
3561155038,0,2,-3,-2,-2,20,-2043
3561156038,0,2,-1,-4,-1,26,-2045
3561157038,0,1,0,-4,0,22,-2046
3561158038,0,3,-2,0,-1,20,-2047
3561159038,0,4,-4,-6,8,19,-2043
3561160038,0,1,1,-4,-7,27,-2047
3561161038,0,4,-7,-7,3,27,-2044
3561162038,0,-3,-2,-4,6,22,-2044
3561163038,0,1,-2,-2,1,27,-2041
3561164038,0,3,-3,-3,6,27,-2048
3561165038,0,4,-4,-6,1,24,-2043
3561166038,0,1,0,-1,-2,20,-2048
3561167038,0,-1,1,-1,-1,22,-2040
3561168038,0,4,-3,-5,8,29,-2050
3561169038,0,0,-1,-2,3,24,-2048
3561170038,0,2,-3,-3,-1,20,-2048
3561171038,0,4,-2,-2,6,26,-2042
3561172038,0,3,-5,-2,8,19,-2049
3561173038,0,0,-1,-4,-2,23,-2045
3561174038,0,6,-3,-2,-3,23,-2047
3561175038,0,5,-5,-7,11,18,-2051
3561176038,0,2,-2,-4,10,23,-2053
3561177038,0,2,-3,-7,-5,28,-2041
3561178038,0,0,-1,-3,8,20,-2042
3561179038,0,3,-3,-2,6,28,-2048
3561180038,0,1,-2,-4,2,22,-2050
3561181038,0,2,-3,-1,-4,25,-2038
3561182038,0,3,1,-1,2,22,-2043
3561183038,0,6,-3,-5,2,27,-2040
3561184038,0,3,0,-3,8,25,-2043
3561185038,0,-2,-4,-1,4,17,-2045
3561186038,0,1,-1,-2,3,22,-2044
3561187038,0,3,-1,-2,-2,19,-2045
3561188038,0,7,-6,-3,-2,26,-2035
3561189038,0,5,-2,-5,1,19,-2046
3561190038,0,-1,2,-4,7,26,-2040
3561191038,0,3,-5,-6,11,26,-2048
3561192038,0,4,-4,-5,3,23,-2044
3561193038,0,4,-1,-5,1,25,-2041
3561194038,0,0,-2,-1,-5,24,-2035
3561195038,0,2,0,-2,5,22,-2043
3561196038,0,3,-3,-5,3,21,-2048
3561197038,0,1,-2,-3,11,30,-2032
3561198038,0,1,0,0,8,24,-2038
3561199038,0,4,-4,-4,10,25,-2043
3561200038,0,2,-2,-3,3,23,-2041
3561201038,0,2,-1,-2,4,22,-2045
3561202038,0,2,-4,-2,6,25,-2047
3561203038,0,-1,-4,1,4,24,-2045
3561204038,0,2,-5,-3,4,22,-2055
3561205038,0,1,0,-2,6,22,-2044
3561206038,0,0,-3,-3,5,24,-2040
3561207038,0,2,-6,-3,-1,21,-2047
3561208038,0,2,1,-5,11,20,-2050
3561209038,0,2,-4,-5,-7,25,-2049
3561210038,0,1,-3,-4,5,28,-2047
3561211038,0,3,-2,-5,1,18,-2049
3561212038,0,4,-6,-7,9,27,-2044
3561213038,0,0,-6,-3,3,25,-2047
3561214038,0,1,-2,-6,2,21,-2042
3561215038,0,2,-4,-4,3,25,-2047
3561216038,0,9,-2,-4,5,19,-2045
3561217038,0,4,-3,-4,-3,16,-2045
3561218038,0,1,-7,-5,-2,17,-2039
3561219038,0,0,3,0,0,29,-2043
3561220038,0,4,-4,-4,-4,21,-2050
3561221038,0,3,-5,-4,3,17,-2042
3561222038,0,-3,-3,-4,-1,21,-2035
3561223038,0,3,-4,-4,1,16,-2039
3561224038,0,3,-2,-3,7,19,-2049
3561225038,0,3,-7,-8,1,22,-2047
3561226038,0,0,-2,-2,2,24,-2045
3561227038,0,-2,-2,-3,2,26,-2045
3561228038,0,2,0,-4,6,18,-2042
3561229038,0,4,-2,-4,4,21,-2038
3561230038,0,0,3,-1,0,22,-2040
3561231038,0,3,-2,-2,-2,19,-2043
3561232038,0,2,-1,-5,11,23,-2051
3561233038,0,2,-3,-2,1,30,-2042
3561234038,0,3,-5,-6,2,31,-2047
3561235038,0,4,-1,-2,8,20,-2036
3561236038,0,4,-7,-8,1,21,-2037
3561237038,0,0,0,-5,8,26,-2036
3561238038,0,2,-2,-3,-3,24,-2046
3561239038,0,4,-4,-4,4,23,-2050
3561240038,0,-1,-3,-7,7,26,-2046
3561241038,0,3,-5,-3,6,27,-2040
3561242038,0,2,0,-2,11,26,-2044
3561243038,0,3,0,-1,6,19,-2047
3561244038,0,4,-1,-1,6,25,-2043
3561245038,0,2,-2,-2,3,24,-2043
3561246038,0,1,-1,-3,1,19,-2043
3561247038,0,0,0,-1,3,28,-2046
3561248038,0,0,-4,-6,-3,24,-2044
3561249038,0,-1,2,-2,2,16,-2040
3561250038,0,1,0,0,9,28,-2043
3561251038,0,0,0,-5,8,24,-2044
3561252038,0,3,-4,-7,-2,19,-2044
3561253038,0,1,-3,-3,-1,25,-2038
3561254038,0,4,0,-10,-3,25,-2040
3561255038,0,0,0,-2,0,25,-2049
3561256038,0,3,1,-3,7,21,-2044
3561257038,0,5,-2,-3,8,17,-2041
3561258038,0,1,-6,-3,0,33,-2042
3561259038,0,3,-1,-3,-2,21,-2048
3561260038,0,4,-2,-2,-2,31,-2046
3561261038,0,3,1,0,5,27,-2046
3561262038,0,1,-4,-4,4,21,-2041
3561263038,0,1,0,-1,3,24,-2047
3561264038,0,2,0,-3,3,25,-2050
3561265038,0,-1,-1,-5,0,17,-2044
3561266038,0,2,-6,-4,0,25,-2041
3561267038,0,0,-2,-5,1,22,-2047
3561268038,0,1,0,-3,7,26,-2044
3561269038,0,1,-4,-3,2,23,-2045
3561270038,0,3,-3,0,6,22,-2044
3561271038,0,5,-3,-1,2,23,-2044
3561272038,0,1,-2,-1,2,29,-2047
3561273038,0,0,-3,-5,7,31,-2046
3561274038,0,2,-2,-2,4,25,-2041
3561275038,0,3,-1,-3,7,19,-2040
3561276038,0,2,-1,-5,9,20,-2043
3561277038,0,3,-5,-6,-3,24,-2043
3561278038,0,0,2,0,-3,25,-2049
3561279038,0,3,-4,-2,-3,22,-2049
3561280038,0,0,-1,-2,5,23,-2048
3561281038,0,0,-5,-4,6,24,-2050
3561282038,0,4,-3,-5,-4,27,-2052
3561283038,0,1,0,-4,3,28,-2040
3561284038,0,2,-2,-6,-2,24,-2041
3561285038,0,3,-3,-8,2,22,-2055
3561286038,0,3,-2,-7,8,20,-2039
3561287038,0,2,0,-5,-2,26,-2039
3561288038,0,-1,-2,-6,2,19,-2042
3561289038,0,-1,-1,-4,6,17,-2051
3561290038,0,-1,-4,-5,7,20,-2044
3561291038,0,-2,-3,-2,-2,22,-2038
3561292038,0,3,-2,-2,-9,24,-2049
3561293038,0,-2,1,0,4,27,-2049
3561294038,0,0,2,1,9,22,-2041
3561295038,0,0,-6,-2,-7,27,-2045
3561296038,0,2,-2,-2,2,28,-2046
3561297038,0,2,-4,-7,4,19,-2052
3561298038,0,3,-6,-5,2,29,-2048
3561299038,0,3,0,-5,9,22,-2052
3561300038,0,0,1,-1,11,19,-2049
3561301039,0,3,-5,-5,7,21,-2051
3561302040,0,0,-1,-6,4,23,-2044
3561303038,0,1,-4,-5,3,27,-2046
3561304038,0,1,-4,-6,-4,20,-2048
3561305038,0,3,-2,-4,-2,20,-2049
3561306038,0,2,-3,-6,4,22,-2038
3561307038,0,0,0,-7,3,26,-2042
3561308038,0,0,-2,-4,4,23,-2051
3561309038,0,1,-2,-7,-2,23,-2038
3561310038,0,3,0,1,0,20,-2042
3561311038,0,4,-5,-6,-9,22,-2043
3561312038,0,0,-2,-2,5,28,-2045
3561313038,0,-3,0,-2,4,23,-2039
3561314038,0,1,-4,-2,1,25,-2047
3561315038,0,0,-1,0,1,19,-2048
3561316038,0,3,2,-2,4,26,-2050
3561317038,0,5,-4,-4,5,25,-2040
3561318038,0,2,0,-4,-2,22,-2042
3561319038,0,1,-3,-7,-4,18,-2040
3561320038,0,3,-4,-5,0,17,-2042
3561321038,0,1,-2,-9,0,24,-2038
3561322038,0,4,-6,-3,-3,25,-2047
3561323038,0,-1,-1,-1,0,20,-2040
3561324038,0,2,-1,-5,11,21,-2043
3561325038,0,3,-1,-6,9,22,-2044
3561326038,0,4,-1,-2,6,27,-2044
3561327038,0,0,-2,-7,3,26,-2043
3561328038,0,1,-2,-4,5,13,-2050
3561329038,0,6,-3,-5,4,19,-2046
3561330038,0,4,-1,-2,1,20,-2045
3561331038,0,3,0,0,2,23,-2047
3561332038,0,3,-2,-4,2,27,-2049
3561333038,0,-1,0,-3,7,21,-2041
3561334038,0,0,0,-4,12,30,-2044
3561335038,0,3,-4,-1,5,25,-2046
3561336038,0,-1,2,-3,0,29,-2046
3561337038,0,3,-2,1,4,24,-2042
3561338038,0,3,1,-5,1,22,-2044
3561339038,0,1,0,-2,-3,24,-2037
3561340038,0,3,0,-5,-4,21,-2045
3561341038,0,0,1,-1,10,23,-2038
3561342038,0,2,-2,-3,4,24,-2037
3561343038,0,5,-6,-5,-1,25,-2043
3561344038,0,1,-4,-2,2,30,-2040
3561345038,0,4,-4,-3,4,28,-2047
3561346038,0,0,-1,-1,-2,21,-2045
3561347038,0,2,-2,-2,6,21,-2043
3561348038,0,2,-3,-2,2,28,-2049
3561349038,0,6,-3,-3,7,22,-2048
3561350038,0,4,0,-3,7,24,-2044
3561351038,0,-3,-2,-4,3,26,-2047
3561352038,0,2,0,-6,1,28,-2048
3561353038,0,2,-2,-3,-2,30,-2041
3561354038,0,3,-3,-4,10,23,-2043
3561355038,0,3,-2,-6,7,16,-2049
3561356038,0,1,1,-1,-1,23,-2043
3561357038,0,2,-1,-3,-1,26,-2047
3561358038,0,0,-3,-2,7,28,-2050
3561359038,0,0,-4,-4,3,22,-2043
3561360038,0,0,-4,-3,4,24,-2044
3561361038,0,1,0,-4,1,19,-2041
3561362038,0,1,-2,-1,10,29,-2048
3561363038,0,1,-1,-2,-2,25,-2054
3561364038,0,1,-3,-3,3,21,-2050
3561365038,0,-1,0,-2,5,24,-2046
3561366038,0,-1,2,-2,3,25,-2046
3561367038,0,1,-1,-3,4,30,-2038
3561368038,0,2,-6,-4,-8,28,-2044
3561369038,0,1,-3,-5,6,27,-2046
3561370038,0,1,-3,-2,6,26,-2052
3561371038,0,2,-1,-4,4,26,-2051
3561372038,0,1,-4,-1,13,25,-2048
3561373038,0,-1,-2,-3,-8,23,-2047
3561374038,0,1,0,-4,-2,22,-2045
3561375038,0,4,-2,-4,7,23,-2041
3561376038,0,3,1,-3,0,22,-2050
3561377038,0,1,2,-2,6,27,-2040
3561378038,0,4,-4,-6,-4,29,-2045
3561379038,0,5,-2,-4,4,21,-2049
3561380038,0,5,-1,-3,3,30,-2043
3561381038,0,1,-3,-4,2,23,-2045
3561382038,0,1,-2,-3,-3,30,-2037
3561383038,0,3,-1,-2,7,19,-2040
3561384038,0,3,-6,-4,-1,24,-2040
3561385038,0,5,-2,-2,4,25,-2042
3561386038,0,4,-4,-2,4,25,-2047
3561387038,0,3,-2,-2,6,28,-2049
3561388038,0,0,-3,-3,6,23,-2049
3561389038,0,4,-6,-4,-1,29,-2049
3561390038,0,2,1,-5,-3,25,-2046
3561391038,0,1,-1,-6,5,24,-2046
3561392038,0,2,-4,-4,1,19,-2045
3561393038,0,2,0,-3,4,31,-2048
3561394038,0,1,-3,-2,3,26,-2043
3561395038,0,2,-3,-1,7,27,-2046
3561396038,0,2,-4,-4,7,24,-2043
3561397038,0,1,-2,-1,4,29,-2049
3561398038,0,1,-2,-1,3,23,-2048
3561399038,0,1,-1,-2,4,25,-2044
3561400038,0,2,1,-4,-2,20,-2045
3561401038,0,3,-3,-4,2,17,-2044
3561402038,0,-2,-3,-2,11,26,-2042
3561403038,0,0,0,-2,-1,24,-2038
3561404038,0,3,0,-2,0,28,-2041
3561405038,0,0,1,1,2,23,-2045
3561406038,0,4,-2,-3,6,18,-2042
3561407038,0,5,-2,-3,3,23,-2044
3561408038,0,1,-2,-1,1,21,-2045
3561409038,0,3,-3,-5,14,23,-2045
3561410038,0,3,-2,-2,-2,20,-2040
3561411038,0,0,1,-2,3,23,-2043
3561412038,0,2,-8,-3,7,24,-2046
3561413038,0,5,-1,-4,6,26,-2059
3561414038,0,3,-1,-4,3,27,-2041
3561415038,0,3,-3,-1,1,22,-2040
3561416038,0,4,-4,-2,10,28,-2037
3561417038,0,0,-1,-1,6,24,-2043
3561418038,0,1,-4,-2,1,26,-2045
3561419038,0,4,-1,-6,1,17,-2056
3561420038,0,0,-1,0,2,18,-2052
3561421038,0,1,-5,-5,8,28,-2040
3561422038,0,0,-7,-4,3,21,-2041
3561423038,0,0,-2,-4,2,25,-2044
3561424038,0,2,-3,-2,3,23,-2041
3561425038,0,2,2,-4,-1,25,-2041
3561426038,0,5,-3,-3,-4,27,-2042
3561427038,0,3,1,-1,12,29,-2044
3561428038,0,1,-1,-4,6,26,-2047
3561429038,0,-1,-4,-3,-4,29,-2042
3561430038,0,3,-2,-6,4,29,-2040
3561431038,0,1,0,0,0,19,-2039
3561432038,0,2,-4,-4,13,34,-2043
3561433038,0,2,-1,-2,5,19,-2045
3561434038,0,1,-4,-7,7,29,-2043
3561435038,0,-1,-2,-3,0,23,-2045
3561436038,0,3,-3,-4,10,22,-2050
3561437038,0,4,-4,-2,8,22,-2049
3561438038,0,1,-2,-3,-2,27,-2050
3561439038,0,5,-3,-7,5,27,-2047
3561440038,0,1,-2,-3,3,14,-2043
3561441038,0,-1,-1,-3,-2,19,-2037
3561442038,0,3,0,-4,6,23,-2040
3561443038,0,-2,-1,-2,4,24,-2038
3561444038,0,2,-7,-4,4,22,-2041
3561445038,0,4,-1,-5,-5,25,-2049
3561446038,0,1,0,-1,3,26,-2040
3561447038,0,1,0,-1,3,20,-2051
3561448038,0,0,-2,-2,8,24,-2051
3561449038,0,0,-3,-3,4,27,-2043
3561450038,0,2,-5,-4,1,28,-2043
3561451038,0,2,-1,-2,4,25,-2049
3561452038,0,3,1,-4,0,26,-2044
3561453038,0,3,-2,-6,-1,24,-2048
3561454038,0,4,-2,-4,6,19,-2051
3561455038,0,3,-1,-2,6,17,-2043
3561456038,0,-1,0,-3,3,25,-2049
3561457038,0,0,2,-2,-1,23,-2047
3561458038,0,3,-4,1,2,21,-2044
3561459038,0,-1,0,-5,1,23,-2054
3561460038,0,0,0,-4,7,22,-2040
3561461038,0,4,-4,-5,4,21,-2042
3561462038,0,2,-3,-6,-2,24,-2047
3561463038,0,1,-2,-5,1,23,-2046
3561464038,0,4,-3,-6,4,30,-2050
3561465038,0,0,-3,-3,8,24,-2050
3561466038,0,2,-3,-4,0,23,-2043
3561467038,0,3,-2,-5,3,24,-2046
3561468038,0,0,-2,-3,1,22,-2045
3561469038,0,5,-5,-2,3,19,-2050
3561470038,0,0,1,-2,0,23,-2046
3561471038,0,3,-4,-4,2,21,-2044
3561472038,0,-3,-1,-4,1,24,-2041
3561473038,0,1,0,-3,1,22,-2048
3561474038,0,-2,-1,1,-5,23,-2035
3561475038,0,0,-1,-5,-3,22,-2036
3561476038,0,0,-1,-5,1,28,-2051
3561477038,0,1,-3,-3,5,22,-2045
3561478038,0,1,-2,-2,8,18,-2046
3561479038,0,3,-2,-6,4,17,-2036
3561480038,0,4,-3,-6,2,26,-2045
3561481038,0,1,-1,-5,4,25,-2047
3561482038,0,-1,-3,-7,4,21,-2047
3561483038,0,5,-2,-3,6,15,-2047
3561484038,0,3,-4,-4,7,20,-2041
3561485038,0,2,-6,-4,7,21,-2050
3561486038,0,3,-4,-4,9,23,-2048
3561487038,0,0,-5,-5,0,15,-2049
3561488038,0,5,-3,-5,3,26,-2047
3561489038,0,2,-1,-2,3,24,-2036
3561490038,0,0,-5,-5,-2,28,-2038
3561491038,0,3,-1,-1,2,23,-2042
3561492038,0,3,1,2,-5,20,-2044
3561493038,0,2,-2,-9,-5,25,-2047
3561494038,0,-1,-3,-2,3,24,-2046
3561495038,0,2,-1,-5,-3,21,-2043
3561496038,0,3,-4,-4,5,20,-2044
3561497038,0,4,1,-2,0,24,-2044
3561498038,0,2,-2,-3,1,28,-2043
3561499038,0,3,0,-3,9,21,-2047
3561500038,0,2,0,-4,5,23,-2051
3561501038,0,0,-4,-1,4,31,-2044
3561502038,0,0,1,-4,-2,22,-2049
3561503038,0,-1,0,0,0,15,-2049
3561504038,0,4,-4,-1,1,14,-2042
3561505038,0,3,2,-3,-1,23,-2037
3561506038,0,2,-4,-5,8,25,-2046
3561507038,0,0,-3,-6,9,24,-2052
3561508038,0,3,-2,-3,5,21,-2041
3561509038,0,3,-3,-3,8,19,-2048
3561510038,0,5,-3,-2,6,30,-2042
3561511038,0,0,2,-2,-6,25,-2043
3561512038,0,1,0,-3,2,26,-2052
3561513038,0,1,-2,-1,9,26,-2048
3561514038,0,7,-1,-4,-4,28,-2050
3561515038,0,2,-4,-4,-5,13,-2039
3561516038,0,1,1,0,-2,24,-2041
3561517038,0,3,0,-4,5,21,-2043
3561518038,0,2,-2,-5,4,19,-2045
3561519038,0,1,-1,-5,6,19,-2052
3561520038,0,4,-5,-5,8,23,-2046
3561521038,0,2,0,-5,2,19,-2046
3561522038,0,2,-2,-5,3,21,-2050
3561523038,0,2,0,-1,1,24,-2042
3561524038,0,3,0,-1,-2,26,-2047
3561525038,0,3,-3,-3,8,18,-2046
3561526038,0,4,-3,-4,-1,29,-2052
3561527038,0,6,-5,-3,7,29,-2039
3561528038,0,3,-4,-4,5,22,-2044
3561529038,0,1,-2,-4,0,23,-2044
3561530038,0,3,-3,-4,3,22,-2044
3561531038,0,2,-2,-2,6,27,-2045
3561532038,0,2,-2,-6,-2,23,-2051
3561533038,0,0,-2,-3,4,26,-2041
3561534038,0,1,-4,-2,8,16,-2043
3561535038,0,1,-3,-1,8,18,-2044
3561536038,0,4,-6,-4,6,22,-2046
3561537038,0,-2,3,-2,-5,22,-2045
3561538038,0,0,-1,1,-1,18,-2045
3561539038,0,1,0,-4,-5,18,-2042
3561540038,0,-3,-2,-4,-2,20,-2041
3561541038,0,2,-4,-3,2,27,-2041
3561542038,0,1,-3,-4,5,27,-2045
3561543038,0,1,-2,-4,2,19,-2047
3561544038,0,3,-2,-4,-4,25,-2047
3561545038,0,2,3,-2,1,28,-2044
3561546038,0,2,-2,-1,-3,26,-2039
3561547038,0,5,-4,-4,1,23,-2049
3561548038,0,-2,-1,-2,-2,25,-2045
3561549038,0,4,-3,-4,4,22,-2043
3561550038,0,0,-3,-3,7,26,-2039
3561551038,0,-1,-5,-5,5,23,-2039
3561552038,0,-1,-4,-2,8,22,-2042
3561553038,0,3,-1,-2,5,26,-2045
3561554038,0,3,-4,-1,0,22,-2047
3561555038,0,1,-2,-3,1,27,-2038
3561556038,0,3,-1,-3,3,23,-2043
3561557038,0,5,-4,-5,0,33,-2043
3561558038,0,4,-4,-6,7,27,-2041
3561559038,0,2,1,2,7,31,-2044
3561560038,0,1,-4,-4,5,18,-2047
3561561038,0,4,-3,-6,5,19,-2045
3561562038,0,3,0,-1,0,26,-2041
3561563038,0,1,-4,-2,6,35,-2039
3561564038,0,1,-1,-2,8,29,-2036
3561565038,0,4,-7,-3,5,21,-2050
3561566038,0,3,-1,-3,4,24,-2051
3561567038,0,3,-2,-5,1,26,-2044
3561568038,0,5,-5,-7,5,17,-2041
3561569038,0,3,-3,-3,7,27,-2051
3561570038,0,-3,-3,-3,5,19,-2047
3561571038,0,1,-4,-4,1,27,-2046
3561572038,0,3,1,-6,-2,24,-2051
3561573038,0,5,-3,-3,1,18,-2046
3561574038,0,2,-1,-1,0,26,-2053
3561575038,0,0,-1,-4,2,16,-2049
3561576038,0,2,-4,-3,3,19,-2045
3561577038,0,3,-2,-7,1,19,-2049
3561578038,0,2,-2,-4,4,22,-2044
3561579038,0,0,-5,-3,-4,19,-2045
3561580038,0,2,-4,-1,0,25,-2039
3561581038,0,8,-4,-3,-6,24,-2043
3561582038,0,-2,-1,-2,12,23,-2045
3561583038,0,3,-3,-4,2,22,-2039
3561584038,0,3,-2,-2,7,26,-2045
3561585038,0,2,-1,-1,4,18,-2042
3561586038,0,1,-4,-6,5,26,-2042
3561587038,0,-3,-2,-2,7,18,-2042
3561588038,0,2,-5,-3,4,28,-2050
3561589038,0,5,2,-2,5,24,-2049
3561590038,0,-1,0,-1,9,24,-2041
3561591038,0,3,-3,-5,-7,26,-2047
3561592038,0,3,-2,-1,4,23,-2048
3561593038,0,5,-3,-3,1,24,-2040
3561594038,0,1,-3,-1,8,20,-2048
3561595038,0,5,-3,-4,2,24,-2043
3561596038,0,2,-3,-6,7,24,-2045
3561597038,0,3,-3,-6,6,23,-2047
3561598038,0,3,-4,-5,-3,20,-2048
3561599038,0,3,-2,-2,3,24,-2041
3561600038,0,6,-4,-3,3,23,-2048
3561601038,0,1,-4,-6,4,31,-2046
3561602038,0,2,-3,-2,3,28,-2045
3561603038,0,1,-2,-5,0,16,-2044
3561604038,0,1,-2,-4,7,22,-2044
3561605038,0,5,-3,-4,-1,18,-2041
3561606038,0,0,0,0,1,26,-2045
3561607038,0,3,2,-4,-2,27,-2045
3561608038,0,6,-2,-5,4,18,-2046
3561609038,0,2,0,-7,0,26,-2047
3561610038,0,1,-4,-5,3,30,-2044
3561611038,0,1,-2,-2,2,24,-2044
3561612038,0,-2,-3,-10,5,25,-2044
3561613038,0,7,-6,-7,3,26,-2045
3561614038,0,1,-1,-2,-8,22,-2041
3561615038,0,-1,-3,-3,8,26,-2042
3561616038,0,6,-3,1,0,25,-2044
3561617038,0,2,-2,2,-1,24,-2046
3561618038,0,1,-3,-1,2,18,-2036
3561619038,0,1,-3,-1,6,24,-2044
3561620038,0,6,-4,-5,4,25,-2041
3561621038,0,-1,-2,-1,3,26,-2043
3561622038,0,1,-3,-4,-2,23,-2047
3561623038,0,0,-3,-4,9,30,-2046
3561624038,0,1,-4,-6,-1,25,-2039
3561625038,0,1,-4,-4,4,28,-2044
3561626038,0,3,1,-3,3,13,-2046
3561627038,0,2,1,-3,3,15,-2037
3561628038,0,-3,-2,-1,2,16,-2047
3561629038,0,2,-4,-1,-3,25,-2048
3561630038,0,1,2,-1,3,19,-2051
3561631038,0,3,-3,-4,-1,22,-2048
3561632038,0,3,-3,-5,8,25,-2045
3561633038,0,3,-3,-4,9,23,-2050
3561634038,0,2,0,-3,-3,26,-2048
3561635038,0,4,-1,-6,-2,26,-2049
3561636038,0,1,0,-3,5,23,-2049
3561637038,0,3,-3,-4,2,21,-2045
3561638038,0,3,-3,-5,1,33,-2049
3561639038,0,1,-1,0,2,18,-2033
3561640038,0,5,-1,-8,4,19,-2045
3561641038,0,3,-3,-2,1,26,-2042
3561642038,0,1,-2,-5,4,23,-2044
3561643038,0,1,0,-2,4,25,-2040
3561644038,0,2,0,-2,0,20,-2039
3561645038,0,0,-4,-2,6,20,-2045
3561646038,0,0,-2,-4,2,24,-2037
3561647038,0,0,0,-3,7,22,-2051
3561648038,0,2,-5,-4,1,22,-2038
3561649038,0,2,0,-3,-2,27,-2037
3561650038,0,3,-1,-3,6,26,-2043
3561651038,0,5,-1,-4,10,22,-2048
3561652038,0,2,-4,-3,-3,20,-2044
3561653038,0,3,0,-6,5,28,-2051
3561654038,0,1,-1,-4,4,23,-2049
3561655038,0,4,-2,-4,5,19,-2040
3561656038,0,1,-3,-1,10,30,-2039
3561657038,0,2,-1,0,5,20,-2047
3561658038,0,2,0,-6,0,25,-2041
3561659038,0,-1,-1,2,4,28,-2048
3561660038,0,-1,2,0,-3,25,-2047
3561661038,0,3,-1,-4,-2,17,-2045
3561662038,0,3,0,-4,4,32,-2039
3561663038,0,1,-2,-5,2,22,-2046
3561664038,0,2,-3,-6,-3,27,-2040
3561665038,0,-3,2,-2,1,22,-2041
3561666038,0,0,2,-2,-2,23,-2052
3561667038,0,2,-3,-4,5,22,-2043
3561668038,0,3,-3,-5,2,21,-2046
3561669038,0,0,-2,-1,3,20,-2044
3561670038,0,3,-5,-6,2,24,-2045
3561671038,0,1,1,-5,2,23,-2046
3561672038,0,4,-4,-7,3,29,-2055
3561673038,0,4,-3,-4,2,25,-2053
3561674038,0,4,-6,-2,1,29,-2040
3561675038,0,-1,-1,0,2,27,-2045
3561676038,0,2,2,-1,1,22,-2041
3561677038,0,1,-4,-4,0,27,-2046
3561678038,0,3,-3,-4,0,34,-2045
3561679038,0,1,-3,-8,-1,23,-2042
3561680038,0,4,-4,-4,0,26,-2049
3561681038,0,2,2,0,4,22,-2054
3561682038,0,5,-6,-2,-1,23,-2046
3561683038,0,4,-4,-5,2,20,-2045
3561684038,0,1,-2,-4,5,29,-2047
3561685038,0,2,-2,-1,7,20,-2041
3561686038,0,2,-5,-1,4,20,-2047
3561687038,0,3,-3,-4,5,27,-2047
3561688038,0,5,-4,-4,-4,22,-2038
3561689038,0,3,-5,-6,7,19,-2049
3561690038,0,0,0,-1,4,18,-2051
3561691038,0,3,-6,-5,0,25,-2044
3561692038,0,2,-3,-6,9,26,-2050
3561693038,0,1,-2,-8,6,26,-2039
3561694038,0,4,-3,-1,5,22,-2039
3561695038,0,-1,-2,-3,1,21,-2043
3561696038,0,3,-2,-3,3,18,-2045
3561697038,0,4,-5,-7,6,23,-2039
3561698038,0,4,-6,-5,4,15,-2048
3561699038,0,0,2,-6,-9,26,-2050
3561700038,0,2,0,-5,7,30,-2044
3561701038,0,4,0,-2,5,25,-2041
3561702038,0,2,-3,-3,3,15,-2048
3561703038,0,1,0,-5,-3,26,-2043
3561704038,0,3,-3,-7,10,19,-2049
3561705038,0,7,-4,-5,8,28,-2054
3561706038,0,3,-1,-2,-2,20,-2045
3561707038,0,3,-5,-5,-2,21,-2046
3561708038,0,5,0,-1,6,27,-2044
3561709038,0,4,0,-6,5,31,-2049
3561710038,0,1,1,-3,2,22,-2054
3561711038,0,3,-2,-4,3,25,-2052
3561712038,0,3,-4,-4,5,21,-2042
3561713038,0,2,-7,-5,5,27,-2038
3561714038,0,4,-3,-4,-2,24,-2046
3561715038,0,2,-1,-4,9,21,-2050
3561716038,0,2,-3,-3,4,26,-2045
3561717038,0,1,-1,-6,2,23,-2050
3561718038,0,0,0,-3,5,31,-2044
3561719038,0,1,-1,-2,0,27,-2038
3561720038,0,3,-6,-6,-3,25,-2053
3561721038,0,2,0,-2,-3,25,-2049
3561722038,0,3,-6,-5,4,21,-2043
3561723038,0,4,-1,-5,7,15,-2046
3561724038,0,0,1,0,-10,26,-2046
3561725038,0,3,-4,-4,6,31,-2042
3561726038,0,2,0,0,0,17,-2040
3561727038,0,1,-3,-3,-1,23,-2047
3561728038,0,5,-4,-2,3,25,-2045
3561729038,0,-2,1,-1,7,21,-2044
3561730038,0,2,-5,-4,1,26,-2046
3561731038,0,6,-1,-4,13,22,-2038
3561732038,0,2,-4,-2,6,16,-2040
3561733038,0,1,-6,-3,4,20,-2045
3561734038,0,2,0,-2,3,26,-2046
3561735038,0,3,0,-2,9,20,-2043
3561736038,0,2,-3,-3,4,20,-2044
3561737038,0,0,-3,-3,8,17,-2045
3561738038,0,0,-1,-3,-4,22,-2040
3561739038,0,2,-4,-3,7,28,-2045
3561740038,0,1,2,-4,3,22,-2038
3561741038,0,-1,-2,0,1,12,-2047
3561742038,0,2,-1,-3,8,23,-2046
3561743038,0,2,-1,-7,-1,28,-2052
3561744038,0,3,-2,-2,4,24,-2050
3561745038,0,0,-2,-2,2,23,-2037
3561746038,0,2,-1,-3,-6,21,-2046
3561747038,0,4,-4,-8,-2,17,-2045
3561748038,0,0,-3,-1,10,23,-2044
3561749038,0,4,-1,-6,-2,27,-2033
3561750038,0,3,-3,-6,3,29,-2044
3561751038,0,2,1,-6,7,22,-2040
3561752038,0,5,-9,-6,1,19,-2045
3561753038,0,2,0,-2,2,23,-2037
3561754038,0,4,2,-5,4,19,-2045
3561755038,0,4,-4,-2,-2,16,-2045
3561756038,0,1,-2,-5,0,22,-2044
3561757038,0,5,-3,-3,3,26,-2041
3561758038,0,1,-2,-2,10,18,-2048
3561759038,0,1,-3,-4,3,26,-2047
3561760038,0,2,-8,-7,3,21,-2043
3561761038,0,1,-1,-4,6,24,-2047
3561762038,0,3,-1,-5,11,16,-2043
3561763038,0,1,0,-3,7,25,-2037
3561764038,0,3,-2,-3,-1,30,-2045
3561765038,0,2,-7,-2,1,20,-2045
3561766038,0,1,-5,-6,7,31,-2050
3561767038,0,0,3,0,6,23,-2039
3561768038,0,0,-2,-5,-3,26,-2046
3561769038,0,4,-2,-6,0,22,-2047
3561770038,0,-2,0,-4,5,28,-2038
3561771038,0,1,-3,-4,-3,14,-2038
3561772038,0,1,1,-3,5,27,-2037
3561773038,0,2,-4,-5,9,26,-2045
3561774038,0,0,-1,-3,0,30,-2046
3561775038,0,-2,-6,-1,6,24,-2048
3561776038,0,5,-5,-3,4,19,-2047
3561777038,0,0,-1,-3,2,19,-2045
3561778038,0,0,-2,-3,8,22,-2046
3561779038,0,4,-5,-3,8,19,-2045
3561780038,0,4,-6,-7,0,15,-2044
3561781038,0,-1,2,-1,7,26,-2044
3561782038,0,4,-5,-3,7,25,-2050
3561783038,0,2,1,-3,2,22,-2046
3561784038,0,3,0,-1,1,23,-2050
3561785038,0,2,-1,-6,-4,23,-2039
3561786038,0,-1,-4,-2,7,20,-2043
3561787038,0,1,-4,-5,1,25,-2039
3561788038,0,0,-1,-6,10,38,-2050
3561789038,0,1,-3,-5,2,23,-2049
3561790038,0,3,0,-3,0,23,-2045
3561791038,0,1,-2,0,9,28,-2044
3561792038,0,0,1,-2,0,25,-2044
3561793038,0,0,-2,-4,-1,18,-2044
3561794038,0,0,-4,-6,3,21,-2048
3561795038,0,0,-5,0,-1,18,-2043
3561796038,0,0,-1,-3,6,22,-2048
3561797038,0,0,0,-5,-2,26,-2039
3561798038,0,1,-1,-5,12,16,-2048
3561799038,0,2,-3,-4,-6,20,-2048
3561800038,0,2,-3,-5,-2,22,-2044
3561801038,0,-2,-2,-5,-3,27,-2043
3561802038,0,-3,-2,0,7,24,-2043
3561803038,0,-1,-3,-2,9,21,-2054
3561804038,0,1,2,3,9,28,-2043
3561805038,0,1,1,1,-1,25,-2054
3561806038,0,3,0,-1,10,31,-2044
3561807038,0,0,-3,2,2,22,-2044
3561808038,0,1,-4,-6,6,21,-2040
3561809038,0,1,-3,-4,-1,21,-2057
3561810038,0,1,-5,-5,5,20,-2047
3561811038,0,4,-4,-5,3,20,-2040
3561812038,0,5,0,-8,-3,20,-2046
3561813038,0,1,-1,-6,-6,28,-2043
3561814038,0,2,-4,-3,4,24,-2045
3561815038,0,1,-5,-4,3,23,-2057
3561816038,0,5,-5,-3,2,21,-2042
3561817038,0,0,-3,-3,5,34,-2044
3561818038,0,4,-6,-4,13,21,-2049
3561819038,0,5,0,-5,5,23,-2045
3561820038,0,-2,3,-3,1,27,-2044
3561821038,0,-2,0,-3,-4,25,-2044
3561822038,0,3,-6,-2,-7,23,-2049
3561823038,0,3,-2,-4,8,25,-2041
3561824038,0,6,-4,-4,6,24,-2042
3561825038,0,3,-4,-4,4,18,-2043
3561826038,0,0,-1,-2,-6,23,-2038
3561827038,0,2,-5,-4,3,24,-2037
3561828038,0,-1,-1,-3,1,19,-2038
3561829038,0,-1,-1,-4,2,17,-2041
3561830038,0,2,-3,-6,4,20,-2042
3561831038,0,-1,-1,-3,-1,22,-2040
3561832038,0,3,-2,-3,-4,24,-2046
3561833038,0,2,-1,-1,5,22,-2046
3561834038,0,-4,2,-2,1,24,-2040
3561835038,0,4,-4,-5,5,19,-2046
3561836038,0,-1,0,-1,5,17,-2045
3561837038,0,1,-3,-1,-1,22,-2049
3561838038,0,1,0,0,4,28,-2045
3561839038,0,1,-3,-2,8,17,-2037
3561840038,0,4,-2,-2,2,22,-2041
3561841038,0,0,1,-2,6,26,-2046
3561842038,0,4,-1,-3,-5,27,-2049
3561843038,0,0,-5,-3,0,27,-2039
3561844038,0,0,-4,-4,8,18,-2050
3561845038,0,0,2,-3,4,25,-2046
3561846038,0,0,-4,-3,-2,21,-2043
3561847038,0,2,1,-3,3,21,-2051
3561848038,0,0,0,-1,3,22,-2048
3561849038,0,7,-1,-4,0,24,-2051
3561850038,0,2,0,-3,9,22,-2048
3561851038,0,-2,-3,-1,2,26,-2050
3561852038,0,3,-5,-4,1,23,-2045
3561853038,0,4,-5,-4,6,27,-2047
3561854038,0,0,-2,-1,-3,25,-2041
3561855038,0,-4,2,0,2,18,-2049
3561856038,0,5,-3,-5,0,25,-2042
3561857038,0,2,-5,-5,5,16,-2044
3561858038,0,2,-2,-6,-4,22,-2045
3561859038,0,3,-1,-2,5,20,-2046
3561860038,0,0,-1,-3,2,24,-2044
3561861038,0,3,-1,-3,1,23,-2034
3561862038,0,5,-2,-3,1,24,-2049
3561863038,0,3,-1,0,4,22,-2039
3561864038,0,0,-4,-5,4,22,-2044
3561865038,0,0,-1,-2,3,19,-2048
3561866038,0,2,1,0,2,28,-2047
3561867038,0,4,-2,1,1,20,-2046
3561868038,0,4,-4,-6,-2,19,-2050
3561869038,0,3,-2,-5,11,19,-2045
3561870038,0,6,-5,-5,8,19,-2047
3561871038,0,4,-4,-7,11,26,-2044
3561872038,0,0,-1,-4,10,17,-2038
3561873038,0,4,-5,-4,-6,23,-2036
3561874038,0,5,-4,-4,-5,24,-2049
3561875038,0,5,-1,-3,1,28,-2049
3561876038,0,3,-3,-3,13,20,-2045
3561877038,0,3,0,0,14,26,-2050
3561878038,0,2,0,0,-1,20,-2045
3561879038,0,3,-2,-1,4,15,-2045
3561880038,0,3,-4,-4,3,22,-2045
3561881038,0,1,-2,-4,-9,19,-2047
3561882038,0,-1,3,-1,2,17,-2053
3561883038,0,0,-1,-4,4,21,-2044
3561884038,0,-2,-4,-3,10,18,-2044
3561885038,0,4,-3,-6,2,28,-2046
3561886038,0,3,-1,-3,-4,32,-2050
3561887038,0,1,-4,-3,-3,21,-2042
3561888038,0,2,-4,-3,4,26,-2045
3561889038,0,3,-1,-2,0,18,-2050
3561890038,0,3,1,-2,2,19,-2044
3561891038,0,-1,-3,0,-4,26,-2042
3561892038,0,1,-4,-3,1,25,-2044
3561893038,0,0,-5,-3,6,28,-2049
3561894038,0,4,-4,-4,7,19,-2043
3561895038,0,1,-1,-6,4,22,-2049
3561896038,0,1,-3,-5,4,38,-2047
3561897038,0,4,-2,-2,4,26,-2042
3561898038,0,5,-6,-5,4,25,-2047
3561899038,0,1,-3,-2,6,29,-2045
3561900038,0,0,-2,-4,0,26,-2050
3561901038,0,6,-3,-4,5,23,-2047
3561902038,0,2,-4,-5,6,25,-2036
3561903038,0,3,-2,-4,2,25,-2040
3561904038,0,4,-5,-3,-3,23,-2051
3561905038,0,0,0,-3,5,24,-2041
3561906038,0,1,1,-4,0,23,-2048
3561907038,0,5,-4,-5,7,24,-2044
3561908038,0,3,-3,-5,-2,25,-2045
3561909038,0,2,0,-3,7,24,-2045
3561910038,0,3,-4,-3,0,27,-2047
3561911038,0,2,-1,-6,12,26,-2042
3561912038,0,3,-2,-6,1,19,-2048
3561913038,0,1,-3,-3,8,20,-2041
3561914038,0,1,-3,-3,-4,23,-2046
3561915038,0,4,-5,-3,0,17,-2043
3561916038,0,3,-4,-5,-4,20,-2049
3561917038,0,-1,-3,-1,5,24,-2048
3561918038,0,2,-4,-5,7,20,-2046
3561919038,0,2,-2,-5,-1,22,-2046
3561920038,0,5,-5,-5,5,19,-2042
3561921038,0,2,-4,-3,2,19,-2048
3561922038,0,0,-4,-7,6,24,-2042
3561923038,0,3,-1,-4,7,17,-2041
3561924038,0,2,0,-3,5,28,-2048
3561925038,0,2,-5,-2,10,18,-2046
3561926038,0,4,-4,-2,2,23,-2046
3561927038,0,-4,0,-3,7,26,-2052
3561928038,0,-1,0,-3,-5,22,-2049
3561929038,0,1,-2,-3,3,20,-2046
3561930038,0,2,-6,-4,4,18,-2053
3561931038,0,4,-1,-4,5,34,-2041
3561932038,0,2,-1,-2,6,25,-2042
3561933038,0,3,1,1,4,26,-2045
3561934038,0,4,-2,-3,3,18,-2046
3561935038,0,-1,1,-1,4,28,-2040
3561936038,0,2,-1,-4,2,25,-2038
3561937038,0,4,-6,-3,1,24,-2038
3561938038,0,5,-1,-2,5,25,-2043
3561939038,0,2,-2,-6,6,26,-2041
3561940038,0,2,1,-5,-2,26,-2050
3561941038,0,1,-1,-4,4,27,-2047
3561942038,0,0,-1,-3,3,21,-2046
3561943038,0,-1,-2,-3,-5,24,-2052
3561944038,0,6,-3,-3,0,26,-2041
3561945038,0,3,-1,-3,1,30,-2041
3561946038,0,1,1,-5,0,20,-2046
3561947038,0,2,-4,-5,1,18,-2036
3561948038,0,6,-4,-5,10,23,-2050
3561949038,0,6,-1,-5,8,30,-2049
3561950038,0,4,-2,-4,3,22,-2044
3561951038,0,1,0,-6,-4,27,-2047
3561952038,0,3,-4,-3,5,18,-2046
3561953038,0,0,-6,-4,4,24,-2049
3561954038,0,-1,-2,-5,0,16,-2047
3561955038,0,4,-1,-5,-3,20,-2052
3561956038,0,0,1,-3,1,25,-2045
3561957038,0,6,-2,-2,7,20,-2049
3561958038,0,4,-6,-5,1,28,-2047
3561959038,0,-2,-1,0,-1,23,-2048
3561960038,0,3,-2,-2,1,27,-2052
3561961038,0,6,-2,-2,-3,22,-2044
3561962038,0,1,-3,-2,11,25,-2048
3561963038,0,3,-3,-4,5,23,-2044
3561964038,0,1,1,0,4,23,-2046
3561965038,0,3,-1,-5,-1,19,-2042
3561966038,0,3,-4,-4,2,20,-2046
3561967038,0,3,-3,-1,1,23,-2041
3561968038,0,1,-2,-4,-1,29,-2040
3561969038,0,1,-2,0,5,17,-2040
3561970038,0,0,-2,-1,4,23,-2043
3561971038,0,-1,-5,-2,6,19,-2042
3561972038,0,-1,0,-5,7,28,-2041
3561973038,0,3,-5,-2,1,27,-2044
3561974038,0,3,-2,-6,7,25,-2044
3561975038,0,3,0,-3,0,33,-2039
3561976038,0,0,-4,-3,-2,28,-2045
3561977038,0,0,0,-3,8,26,-2046
3561978038,0,1,-3,-2,0,19,-2048
3561979038,0,1,-3,-3,-1,29,-2046
3561980038,0,5,-3,-5,9,27,-2047
3561981038,0,3,0,-3,4,25,-2043
3561982038,0,3,-3,-5,2,28,-2047
3561983038,0,2,-1,-2,7,28,-2042
3561984038,0,0,1,-2,7,23,-2041
3561985038,0,0,-1,0,5,20,-2047
3561986038,0,4,-3,-6,1,16,-2039
3561987038,0,0,-2,-2,3,22,-2044
3561988038,0,2,-2,-3,3,22,-2047
3561989038,0,3,-2,-2,4,24,-2051
3561990038,0,2,-5,-3,5,22,-2044
3561991038,0,1,0,-2,6,23,-2046
3561992038,0,4,-1,-4,9,21,-2043
3561993038,0,4,-6,-3,-3,19,-2045
3561994038,0,1,-2,-3,13,27,-2054
3561995038,0,3,-4,-6,5,11,-2056
3561996038,0,-1,-3,-3,7,23,-2047
3561997038,0,2,-3,-5,6,19,-2047
3561998038,0,5,-8,-6,1,21,-2048
3561999038,0,0,-3,-2,-8,22,-2049
3562000038,0,3,1,-5,6,28,-2044
3562001038,0,4,-4,-3,-1,23,-2036
3562002038,0,2,1,-1,3,28,-2046
3562003038,0,0,-2,-3,8,23,-2041
3562004038,0,3,-2,-2,8,27,-2052
3562005038,0,3,3,-4,4,26,-2050
3562006038,0,1,-4,-1,3,23,-2043
3562007038,0,2,-3,-1,5,20,-2042
3562008038,0,1,-4,-4,9,19,-2044
3562009038,0,5,-3,-3,3,25,-2046
3562010038,0,-3,1,-2,-1,24,-2042
3562011038,0,4,-5,-6,7,25,-2052
3562012038,0,6,-2,-2,0,28,-2052
3562013038,0,5,-2,-3,-1,22,-2044
3562014038,0,1,2,-1,3,24,-2040
3562015038,0,1,-2,-2,3,26,-2040
3562016038,0,-2,-6,0,6,25,-2042
3562017038,0,-2,-5,-1,9,23,-2047
3562018038,0,2,-6,-5,0,21,-2045
3562019038,0,1,2,-1,4,22,-2040
3562020038,0,7,-5,-6,4,22,-2047
3562021038,0,-5,1,-1,4,26,-2043
3562022038,0,2,-6,-3,3,28,-2041
3562023038,0,1,-3,-4,3,25,-2044
3562024038,0,2,-3,-3,-4,17,-2039
3562025038,0,5,-7,-5,3,25,-2047
3562026038,0,1,-1,-2,1,22,-2049
3562027038,0,0,-1,-3,1,25,-2048
3562028038,0,5,-7,-7,1,30,-2051
3562029038,0,2,-2,-3,2,25,-2059
3562030038,0,2,-2,-5,2,27,-2044
3562031038,0,-2,-2,-2,2,16,-2040
3562032038,0,-1,-3,-3,3,18,-2051
3562033038,0,6,-5,-3,3,27,-2043
3562034038,0,1,-2,-3,2,24,-2042
3562035038,0,7,-6,-3,-1,21,-2042
3562036038,0,4,-5,-1,7,17,-2052
3562037038,0,2,1,-3,10,21,-2038
3562038038,0,4,-4,-3,9,19,-2045
3562039038,0,2,-3,-5,-3,25,-2053
3562040038,0,2,-3,-1,2,31,-2043
3562041038,0,3,0,-2,6,27,-2042
3562042038,0,4,0,-3,8,20,-2043
3562043038,0,5,-3,-5,10,21,-2046
3562044038,0,1,-4,-3,0,29,-2050
3562045038,0,1,0,-2,17,25,-2041
3562046038,0,4,-3,0,2,29,-2047
3562047038,0,-3,0,-1,0,29,-2040
3562048038,0,4,-1,-1,4,24,-2042
3562049038,0,7,-2,-5,1,24,-2054
3562050038,0,-1,-2,-5,-4,33,-2044
3562051038,0,1,-1,-2,2,26,-2044
3562052038,0,2,-1,-5,2,26,-2041
3562053038,0,-1,-2,-5,4,23,-2040
3562054038,0,-1,2,-4,8,25,-2040
3562055038,0,6,-4,-7,13,20,-2045
3562056038,0,3,-4,-6,2,23,-2039
3562057038,0,-1,1,-2,0,29,-2044
3562058038,0,0,2,-1,3,26,-2041
3562059038,0,-2,0,1,6,22,-2044
3562060038,0,1,-3,-3,5,24,-2045
3562061038,0,0,-3,-3,4,27,-2043
3562062038,0,6,-3,-3,6,26,-2046
3562063038,0,2,0,-1,0,23,-2042
3562064038,0,2,-2,-5,2,25,-2053
3562065038,0,3,-4,-3,2,21,-2052
3562066038,0,1,-2,-6,5,24,-2044
3562067038,0,0,-2,-1,8,24,-2044
3562068038,0,3,-4,-2,-3,24,-2045
3562069038,0,3,-3,-5,1,26,-2037
3562070038,0,5,-2,-1,-1,20,-2044
3562071038,0,1,-3,-2,-3,26,-2042
3562072038,0,1,-6,-2,-2,31,-2041
3562073038,0,-1,-4,-2,-4,23,-2041
3562074038,0,-1,-2,-1,0,22,-2044
3562075038,0,7,-2,-7,-1,26,-2046
3562076038,0,2,-2,-4,3,23,-2053
3562077038,0,3,-5,-7,-1,24,-2041
3562078038,0,2,1,-1,1,24,-2044
3562079038,0,4,-2,-2,-3,18,-2049
3562080038,0,-2,0,0,0,19,-2048
3562081038,0,4,-1,-4,8,19,-2046
3562082038,0,4,-2,-4,3,21,-2044
3562083038,0,2,-5,-3,6,18,-2040
3562084038,0,2,-3,-3,2,26,-2046
3562085038,0,3,-1,-4,8,23,-2042
3562086038,0,3,-4,-6,11,20,-2049
3562087038,0,1,2,-1,9,16,-2045
3562088038,0,2,-3,-3,5,23,-2044
3562089038,0,1,-4,-2,14,24,-2044
3562090038,0,0,0,-4,4,26,-2047
3562091038,0,0,-3,-3,4,37,-2048
3562092038,0,2,1,-2,2,23,-2048
3562093038,0,1,-3,-3,2,19,-2048
3562094038,0,0,-1,-1,0,21,-2049
3562095038,0,-1,-1,-4,5,23,-2048
3562096038,0,0,-2,-3,-3,29,-2039
3562097038,0,8,-5,-4,0,27,-2047
3562098038,0,3,-1,-2,1,17,-2047
3562099038,0,0,-2,-3,6,28,-2046
3562100038,0,1,1,-4,3,19,-2038
3562101038,0,-1,-1,-3,-3,22,-2044
3562102038,0,1,-1,-3,1,34,-2041
3562103038,0,7,-2,-4,2,23,-2045
3562104038,0,3,-3,-5,10,22,-2045
3562105038,0,2,-3,-5,2,19,-2047
3562106038,0,4,1,-3,18,21,-2050
3562107038,0,3,-3,-1,-2,25,-2043
3562108038,0,1,-4,-2,9,34,-2044
3562109038,0,1,-1,-3,-8,27,-2046
3562110038,0,5,-1,-1,0,21,-2047
3562111038,0,5,0,-2,3,22,-2046
3562112038,0,2,0,-6,5,25,-2045
3562113038,0,1,-2,-4,7,23,-2051
3562114038,0,1,2,-4,8,26,-2051
3562115038,0,1,-4,-3,6,15,-2042
3562116038,0,2,-4,-1,1,26,-2043
3562117038,0,3,1,-3,4,23,-2045
3562118038,0,5,-2,-6,8,25,-2048
3562119038,0,4,-4,-1,5,21,-2045
3562120038,0,-1,-4,-2,1,23,-2044
3562121038,0,1,-4,-6,-3,22,-2040
3562122038,0,3,-3,-5,4,19,-2045
3562123038,0,3,-2,-1,8,15,-2043
3562124038,0,3,-3,-7,0,28,-2047
3562125038,0,2,0,-3,6,24,-2047
3562126038,0,5,-5,-1,9,23,-2050
3562127038,0,1,-1,-2,5,23,-2048
3562128038,0,0,-2,-2,8,23,-2053
3562129038,0,-1,-2,-3,0,26,-2038
3562130038,0,1,1,-4,4,25,-2041
3562131038,0,5,-3,-6,2,27,-2042
3562132038,0,7,-7,-8,6,23,-2050
3562133038,0,1,1,-1,4,17,-2040
3562134038,0,-4,0,-1,-2,27,-2044
3562135038,0,4,-5,-4,6,18,-2046
3562136038,0,3,-1,-3,9,29,-2045
3562137038,0,3,-4,-3,9,22,-2050
3562138038,0,2,-6,-6,3,21,-2049
3562139038,0,4,-2,-3,-2,22,-2049
3562140038,0,1,-2,-2,6,33,-2042
3562141038,0,1,-2,-4,6,21,-2047
3562142038,0,1,-4,-6,7,24,-2046
3562143038,0,4,-5,-6,-1,21,-2051
3562144038,0,1,-5,1,6,27,-2040
3562145038,0,1,0,0,-2,26,-2048
3562146038,0,3,-2,-4,4,21,-2051
3562147038,0,1,-5,-6,3,24,-2043
3562148038,0,2,-2,-6,-6,18,-2044
3562149038,0,-1,0,-6,3,26,-2045
3562150038,0,0,3,-4,-2,27,-2043
3562151038,0,4,-2,-5,1,21,-2043
3562152038,0,2,-3,-3,9,31,-2041
3562153038,0,2,-5,-6,2,28,-2042
3562154038,0,3,-2,-4,3,23,-2045
3562155038,0,7,-4,-2,1,28,-2046
3562156038,0,1,0,-4,1,22,-2034
3562157038,0,1,-2,1,1,16,-2046
3562158038,0,2,-6,-8,-6,25,-2043
3562159038,0,1,1,-3,2,27,-2049
3562160038,0,2,-2,-2,5,25,-2046
3562161038,0,2,0,1,-6,23,-2049
3562162038,0,-5,1,0,2,26,-2041
3562163038,0,3,-4,-1,4,22,-2047
3562164038,0,2,3,-2,8,19,-2045
3562165038,0,3,-4,-5,8,28,-2046
3562166038,0,2,-3,-4,2,25,-2052
3562167038,0,0,-3,-2,8,25,-2036
3562168038,0,0,-2,2,7,22,-2040
3562169038,0,2,-1,-5,-1,20,-2044
3562170038,0,4,0,-5,6,23,-2049
3562171038,0,2,-4,-2,6,24,-2044
3562172038,0,2,-4,-2,6,21,-2043
3562173038,0,0,-1,-5,-1,20,-2049
3562174039,0,0,1,-1,4,23,-2047
3562175040,0,4,1,-3,9,24,-2048
3562176038,0,4,-3,-3,3,26,-2044
3562177038,0,2,-5,-4,-3,26,-2044
3562178038,0,3,-3,-4,4,18,-2043
3562179038,0,2,-1,-4,5,31,-2048
3562180038,0,4,-4,-3,4,17,-2041
3562181038,0,2,-3,-5,10,20,-2044
3562182038,0,5,-1,-4,11,27,-2042
3562183038,0,-1,-3,-2,3,26,-2046
3562184038,0,1,-2,-1,4,27,-2048
3562185038,0,2,-6,-3,7,24,-2039
3562186038,0,-1,0,0,-5,28,-2046
3562187038,0,4,-5,-2,0,27,-2049
3562188038,0,1,-1,-2,-1,22,-2046
3562189038,0,0,1,-1,7,23,-2040
3562190038,0,0,-1,0,-2,14,-2041
3562191038,0,0,-3,-1,3,27,-2041
3562192038,0,5,-1,-5,2,23,-2039
3562193038,0,2,-5,-5,0,20,-2041
3562194038,0,6,-3,-5,8,29,-2043
3562195038,0,4,-2,0,6,21,-2044
3562196038,0,4,-1,0,5,26,-2048
3562197038,0,0,-2,-3,7,19,-2044
3562198038,0,2,-1,-4,4,17,-2045
3562199038,0,2,-5,-2,5,26,-2050
3562200038,0,3,1,-1,3,19,-2049
3562201038,0,3,-3,-6,0,22,-2046
3562202038,0,5,-3,-6,3,25,-2044
3562203038,0,4,1,-5,8,27,-2050
3562204038,0,6,-4,-7,-2,27,-2041
3562205038,0,4,-1,-5,5,20,-2048
3562206038,0,1,0,-3,5,20,-2045
3562207038,0,-2,-1,1,3,28,-2048
3562208038,0,1,2,-1,4,23,-2047
3562209038,0,0,-7,-3,1,28,-2044
3562210038,0,4,-3,-4,0,25,-2051
3562211038,0,2,-3,-1,3,29,-2039
3562212038,0,4,-6,-6,-3,29,-2038
3562213038,0,4,-2,-7,5,20,-2040
3562214038,0,3,-6,-4,-1,23,-2046
3562215038,0,-3,-3,0,-2,17,-2040
3562216038,0,3,-2,-2,4,23,-2046
3562217038,0,3,-2,-3,5,28,-2036
3562218038,0,-1,-1,-1,7,21,-2042
3562219038,0,2,-1,0,9,13,-2051
3562220038,0,5,-2,-6,9,18,-2048
3562221038,0,2,-4,0,3,20,-2041
3562222038,0,1,-6,-4,5,19,-2049
3562223038,0,2,-3,-2,1,22,-2049
3562224038,0,1,-1,-1,0,23,-2043
3562225038,0,5,-7,-7,7,25,-2045
3562226038,0,3,-2,0,2,27,-2050
3562227038,0,2,-2,-2,2,24,-2049
3562228038,0,2,-1,-3,-4,30,-2044
3562229038,0,1,-5,-3,-5,24,-2046
3562230038,0,2,-1,-2,3,21,-2048
3562231038,0,3,-2,-1,4,28,-2050
3562232038,0,1,0,-3,9,28,-2049
3562233038,0,-2,-3,-4,2,23,-2046
3562234038,0,6,-3,-6,-1,10,-2041
3562235038,0,6,-3,-4,-1,25,-2045
3562236038,0,3,-2,-3,4,21,-2048
3562237038,0,1,-4,-6,2,23,-2046
3562238038,0,-2,0,-3,5,30,-2049
3562239038,0,2,-1,-3,4,27,-2050
3562240038,0,2,-1,-2,-2,16,-2053
3562241038,0,3,-3,-5,2,14,-2045
3562242038,0,1,-3,-3,11,17,-2042
3562243038,0,-1,1,-5,2,18,-2045
3562244038,0,0,-2,1,0,26,-2039
3562245038,0,3,-4,-4,2,20,-2041
3562246038,0,6,-3,-3,3,21,-2043
3562247038,0,1,-3,-3,4,24,-2039
3562248038,0,2,-3,-5,5,18,-2048
3562249038,0,4,-1,-4,-1,22,-2047
3562250038,0,1,-1,-1,6,23,-2047
3562251038,0,4,-2,-3,5,22,-2039
3562252038,0,4,-4,-3,6,19,-2041
3562253038,0,2,-3,-5,0,18,-2040
3562254038,0,0,2,-5,-4,27,-2043
3562255038,0,8,-4,-2,4,22,-2037
3562256038,0,-4,0,-6,2,28,-2043
3562257038,0,2,0,-3,1,21,-2046
3562258038,0,4,0,0,1,28,-2046
3562259038,0,2,-2,-1,0,31,-2045
3562260038,0,-2,-2,-1,-1,23,-2040
3562261038,0,5,-4,-3,2,23,-2038
3562262038,0,5,-5,-2,0,21,-2045
3562263038,0,3,-2,-2,0,17,-2042
3562264038,0,3,-1,-3,-4,27,-2049
3562265038,0,2,-1,-6,11,24,-2051
3562266038,0,1,0,-6,4,29,-2045
3562267038,0,5,-3,-7,-1,28,-2042
3562268038,0,1,-4,-3,9,24,-2037
3562269038,0,-2,-1,-4,-6,26,-2046
3562270038,0,1,-1,-1,7,26,-2043
3562271038,0,2,-6,-6,4,22,-2049
3562272038,0,2,-4,-6,3,26,-2041
3562273038,0,2,-1,-1,3,21,-2050
3562274038,0,3,-3,-3,10,15,-2048
3562275038,0,3,-1,-1,-1,26,-2043
3562276038,0,7,-4,-4,0,26,-2043
3562277038,0,3,-5,-3,8,19,-2043
3562278038,0,5,-5,-5,6,21,-2050
3562279038,0,1,-3,-2,1,16,-2042
3562280038,0,2,-2,-4,2,22,-2055
3562281038,0,1,-2,-5,11,18,-2056
3562282038,0,1,-3,-4,4,35,-2047
3562283038,0,5,-2,-5,3,28,-2052
3562284038,0,3,-1,-5,1,15,-2047
3562285038,0,3,1,-2,-4,28,-2050
3562286038,0,1,-1,-4,1,19,-2048
3562287038,0,1,-2,-4,-8,21,-2036
3562288038,0,1,-1,-2,-2,24,-2037
3562289038,0,4,-1,-2,8,24,-2048
3562290038,0,4,-4,-5,5,22,-2046
3562291038,0,2,-2,-3,-3,27,-2046
3562292038,0,3,-1,-3,6,22,-2045
3562293038,0,-2,-1,-3,-8,26,-2039
3562294038,0,0,-1,-3,4,19,-2039
3562295038,0,2,-4,-5,6,24,-2044
3562296038,0,1,0,-3,0,24,-2048
3562297038,0,1,-6,-3,3,25,-2049
3562298038,0,1,-4,-5,3,21,-2044
3562299038,0,2,-5,-2,6,23,-2050
3562300038,0,6,-6,-7,-1,24,-2052
3562301038,0,4,-3,-2,2,24,-2046
3562302038,0,3,-2,-1,-1,18,-2034
3562303038,0,3,-3,-5,5,15,-2048
3562304038,0,-2,0,-6,1,34,-2046
3562305038,0,1,0,-7,3,31,-2045
3562306038,0,-3,-3,-2,-2,20,-2051
3562307038,0,-2,1,-1,2,21,-2050
3562308038,0,6,-4,-3,-3,21,-2047
3562309038,0,2,-5,-2,11,28,-2049
3562310038,0,0,-1,-1,-4,21,-2050
3562311038,0,3,-3,-5,-3,26,-2045
3562312038,0,-2,4,2,4,23,-2041
3562313038,0,0,-2,0,3,24,-2048
3562314038,0,2,-1,-6,8,23,-2046
3562315038,0,1,-3,0,0,22,-2044
3562316038,0,1,2,-3,3,26,-2046
3562317038,0,3,-1,-2,6,29,-2045
3562318038,0,0,-1,-4,4,24,-2046
3562319038,0,2,-1,-3,7,24,-2051
3562320038,0,-1,-1,-2,5,23,-2051
3562321038,0,4,-3,-6,4,22,-2047
3562322038,0,5,-2,-3,5,24,-2049
3562323038,0,2,-4,0,2,15,-2044
3562324038,0,2,-2,-3,4,16,-2048
3562325038,0,0,-1,-5,1,23,-2050
3562326038,0,1,-1,-3,6,24,-2048
3562327038,0,2,-4,-5,5,20,-2036
3562328038,0,1,-4,-4,6,29,-2044
3562329038,0,4,0,-3,2,19,-2047
3562330038,0,1,-1,-3,8,13,-2043
3562331038,0,-1,-3,-2,4,23,-2046
3562332038,0,1,-3,-1,9,22,-2053
3562333038,0,2,-2,-5,4,21,-2049
3562334038,0,-1,-2,-2,7,25,-2047
3562335038,0,3,-4,-5,3,20,-2042
3562336038,0,-2,-2,-3,-7,29,-2039
3562337038,0,3,-4,-5,5,26,-2047
3562338038,0,3,-1,-3,-2,23,-2040
3562339038,0,1,-2,-5,6,17,-2046
3562340038,0,5,-7,-4,4,22,-2054
3562341038,0,1,0,-7,13,21,-2041
3562342038,0,4,-6,-7,6,20,-2051
3562343038,0,1,-1,-4,1,22,-2046
3562344038,0,2,-1,-7,4,21,-2041
3562345038,0,-2,0,-3,1,20,-2033
3562346038,0,-2,-3,-2,-5,14,-2043
3562347038,0,3,-5,-4,1,23,-2043
3562348038,0,3,-3,-3,3,29,-2048
3562349038,0,3,-3,-4,1,30,-2049
3562350038,0,2,-2,-4,5,25,-2041
3562351038,0,5,-5,-6,5,24,-2045
3562352038,0,-1,0,-1,0,30,-2046
3562353038,0,0,-1,-5,-2,25,-2045
3562354038,0,3,-2,-5,8,29,-2046
3562355038,0,6,-6,-6,1,20,-2050
3562356038,0,5,-6,-3,4,20,-2039
3562357038,0,-1,0,-3,5,31,-2040
3562358038,0,2,-6,-2,-1,27,-2036
3562359038,0,5,-3,-4,4,20,-2040
3562360038,0,3,-2,-3,-1,22,-2035
3562361038,0,2,1,-3,1,29,-2049
3562362038,0,2,-4,-5,4,25,-2040
3562363038,0,1,1,-4,3,21,-2043
3562364038,0,2,0,-3,-1,28,-2043
3562365038,0,1,-5,-7,-3,27,-2041
3562366038,0,2,-2,-4,-5,21,-2046
3562367038,0,2,-4,-7,-2,20,-2040
3562368038,0,3,-2,-4,3,25,-2041
3562369038,0,0,-1,-3,-2,21,-2044
3562370038,0,5,0,-3,1,17,-2049
3562371038,0,0,-3,0,0,25,-2054
3562372038,0,3,-6,-4,-3,21,-2041
3562373038,0,1,-1,-1,-5,22,-2039
3562374038,0,3,-1,2,4,23,-2044
3562375038,0,6,-2,-1,3,20,-2050
3562376038,0,1,-2,-2,6,29,-2046
3562377038,0,2,-4,-2,7,27,-2046
3562378038,0,7,-5,-4,4,31,-2045
3562379038,0,-2,-1,-5,5,23,-2046
3562380038,0,2,-2,-4,1,31,-2040
3562381038,0,2,-5,-6,-4,19,-2044
3562382038,0,4,-1,-2,9,20,-2039
3562383038,0,4,-3,-1,-3,19,-2052
3562384038,0,0,0,-4,7,18,-2046
3562385038,0,2,0,-4,12,19,-2048
3562386038,0,0,-3,-6,12,29,-2036
3562387038,0,4,-3,-2,2,18,-2051
3562388038,0,2,-4,-2,-3,28,-2050
3562389038,0,1,-1,-2,4,22,-2046
3562390038,0,2,-1,-4,0,27,-2045
3562391038,0,1,-2,-3,1,21,-2048
3562392038,0,4,-5,-5,-2,20,-2051
3562393038,0,3,-3,-4,-2,25,-2045
3562394038,0,6,-4,-4,2,27,-2051
3562395038,0,1,0,-4,2,24,-2053
3562396038,0,3,-5,-5,4,28,-2049
3562397038,0,3,-1,-2,4,28,-2046
3562398038,0,1,-1,-5,8,27,-2054
3562399038,0,1,-4,-3,2,30,-2043
3562400038,0,2,-2,-2,5,27,-2042
3562401038,0,3,-1,0,7,28,-2045
3562402038,0,0,-5,-3,-5,25,-2042
3562403038,0,2,-4,-4,-1,31,-2044
3562404038,0,3,-1,-4,3,21,-2049
3562405038,0,3,-2,-1,2,23,-2043
3562406038,0,3,-4,-6,3,23,-2047
3562407038,0,1,-3,-3,7,29,-2044
3562408038,0,4,0,-4,0,27,-2040
3562409038,0,0,-5,-6,2,18,-2036
3562410038,0,1,-5,-5,3,29,-2039
3562411038,0,1,0,-1,-4,24,-2037
3562412038,0,5,-4,-6,-2,20,-2049
3562413038,0,3,-1,-5,1,29,-2046
3562414038,0,-1,1,-3,-3,24,-2041
3562415038,0,2,-3,-5,-4,21,-2045
3562416038,0,3,1,-2,1,19,-2043
3562417038,0,-2,-1,-2,9,20,-2044
3562418038,0,1,1,-3,-1,25,-2048
3562419038,0,4,1,-4,-5,29,-2039
3562420038,0,2,0,-2,3,18,-2045
3562421038,0,4,-3,-2,0,27,-2047
3562422038,0,7,-1,-6,2,24,-2047
3562423038,0,3,-4,-5,3,19,-2049
3562424038,0,1,-2,-4,5,19,-2037
3562425038,0,3,-1,-2,1,14,-2042
3562426038,0,4,-3,-5,-1,27,-2045
3562427038,0,2,1,-2,9,23,-2046
3562428038,0,1,-3,-4,3,17,-2046
3562429038,0,3,-6,-2,13,21,-2047
3562430038,0,-5,1,-1,8,15,-2048
3562431038,0,0,-4,-2,3,23,-2050
3562432038,0,5,1,-3,6,12,-2039
3562433038,0,1,-2,-2,9,20,-2048
3562434038,0,2,-2,-6,1,18,-2046
3562435038,0,3,0,-3,5,25,-2041
3562436038,0,2,-4,-2,2,24,-2048
3562437038,0,5,-7,-6,4,27,-2045
3562438038,0,5,-5,-4,5,23,-2045
3562439038,0,-1,1,-5,1,19,-2047
3562440038,0,-2,3,-2,-4,24,-2041
3562441038,0,-1,1,-3,0,30,-2041
3562442038,0,2,-5,-3,8,25,-2048
3562443038,0,-1,-2,-3,2,22,-2049
3562444038,0,6,-2,-6,0,22,-2050
3562445038,0,3,-2,-4,5,23,-2045
3562446038,0,5,-1,-4,1,23,-2039
3562447038,0,4,-7,-2,4,30,-2044
3562448038,0,2,-2,-2,0,32,-2044
3562449038,0,0,-3,-3,7,31,-2043
3562450038,0,4,-4,-2,2,29,-2048
3562451038,0,2,-3,-2,2,20,-2044
3562452038,0,1,-3,-4,4,25,-2050
3562453038,0,2,-3,-1,9,24,-2042
3562454038,0,2,-2,-2,-4,21,-2038
3562455038,0,1,-2,-4,2,24,-2049
3562456038,0,2,-1,-5,2,25,-2043
3562457038,0,3,2,-4,-3,29,-2052
3562458038,0,4,-2,-4,8,26,-2044
3562459038,0,-2,1,-2,7,28,-2046
3562460038,0,3,-5,-6,3,22,-2040
3562461038,0,3,-3,-4,-9,19,-2039
3562462038,0,1,-2,-1,3,29,-2041
3562463038,0,3,-1,-3,-2,15,-2044
3562464038,0,5,-1,-4,12,19,-2040
3562465038,0,0,-2,-5,3,16,-2049
3562466038,0,2,0,-2,-2,27,-2044
3562467038,0,0,0,1,11,23,-2045
3562468038,0,4,-3,-4,1,24,-2044
3562469038,0,3,0,-3,0,26,-2050
3562470038,0,4,-2,-3,5,23,-2051
3562471038,0,-5,-2,1,7,16,-2045
3562472038,0,1,-8,-6,10,17,-2048
3562473038,0,4,-6,-5,3,24,-2049
3562474038,0,1,-4,-3,1,20,-2040
3562475038,0,4,-3,-5,3,15,-2043
3562476038,0,4,-2,-2,5,19,-2038
3562477038,0,3,0,-5,3,17,-2051
3562478038,0,2,-3,-5,2,22,-2045
3562479038,0,3,-2,-8,7,22,-2044
3562480038,0,1,-4,-3,5,23,-2047
3562481038,0,0,-2,-4,-1,22,-2048
3562482038,0,2,-3,-3,5,20,-2060
3562483038,0,4,-3,-3,5,24,-2041
3562484038,0,0,-2,-4,3,25,-2041
3562485038,0,6,-2,-5,2,27,-2040
3562486038,0,3,-4,-5,3,24,-2051
3562487038,0,2,-4,-2,3,16,-2043
3562488038,0,6,-4,-11,4,22,-2041
3562489038,0,-2,0,1,8,25,-2043
3562490038,0,0,-5,-2,5,27,-2039
3562491038,0,1,0,-3,9,24,-2036
3562492038,0,0,2,1,0,19,-2048
3562493038,0,0,-1,-3,4,30,-2042
3562494038,0,1,-2,-7,8,28,-2050
3562495038,0,6,-5,-6,-2,16,-2046
3562496038,0,-1,-1,-5,-1,23,-2041
3562497038,0,2,-3,-5,5,30,-2047
3562498038,0,2,-4,-2,4,23,-2051
3562499038,0,0,-3,-5,8,24,-2045
3562500038,0,2,-6,-4,-2,20,-2038
3562501038,0,3,2,-4,0,24,-2045
3562502038,0,2,1,-3,4,25,-2039
3562503038,0,1,-6,-5,0,25,-2049
3562504038,0,4,-2,-6,-2,18,-2048
3562505038,0,0,-2,-3,2,25,-2046
3562506038,0,1,-6,-3,6,17,-2047
3562507038,0,2,-5,-3,1,27,-2049
3562508038,0,-1,1,-3,5,25,-2043
3562509038,0,4,-2,-3,-3,24,-2046
3562510038,0,2,1,-3,4,25,-2046
3562511038,0,3,-3,-2,-2,25,-2053
3562512038,0,2,-2,-4,-3,24,-2047
3562513038,0,3,-1,-1,-1,26,-2043
3562514038,0,3,-3,-5,-2,28,-2046
3562515038,0,0,0,-5,-1,30,-2046
3562516038,0,3,-5,-2,6,23,-2039
3562517038,0,5,-2,0,2,27,-2048
3562518038,0,5,0,-2,6,26,-2044
3562519038,0,2,-2,0,0,26,-2048
3562520038,0,4,-3,-4,-8,26,-2048
3562521038,0,2,1,-2,-1,25,-2044
3562522038,0,-1,-2,-4,3,29,-2042
3562523038,0,5,-3,-6,8,21,-2043
3562524038,0,3,-2,-6,-1,27,-2046
3562525038,0,3,2,-3,2,23,-2042
3562526038,0,4,-4,-3,-2,23,-2032
3562527038,0,5,-3,-3,5,23,-2051
3562528038,0,5,-3,-2,5,23,-2045
3562529038,0,-1,-3,-1,5,25,-2048
3562530038,0,4,-6,-6,10,23,-2047
3562531038,0,4,0,-3,5,18,-2045
3562532038,0,4,-3,-1,0,29,-2052
3562533038,0,3,-2,-5,0,25,-2043
3562534038,0,-8,-1,1,12,20,-2049
3562535038,0,5,-3,-7,2,25,-2041
3562536038,0,3,-3,-4,3,23,-2044
3562537038,0,4,-3,-3,1,21,-2047
3562538038,0,6,-6,-6,3,28,-2043
3562539038,0,1,-1,0,2,31,-2047
3562540038,0,1,-1,-3,8,23,-2045
3562541038,0,5,-5,-3,9,29,-2049
3562542038,0,2,-1,-2,-6,26,-2042
3562543038,0,3,-2,-3,5,18,-2044
3562544038,0,3,-6,-5,6,29,-2046
3562545038,0,2,-1,-2,-1,26,-2047
3562546038,0,3,-3,-1,-3,26,-2046
3562547038,0,4,-5,-4,8,25,-2044
3562548038,0,0,-3,-4,-2,24,-2043
3562549038,0,4,-2,-3,-3,19,-2043
3562550038,0,1,-2,-3,5,24,-2046
3562551038,0,1,-2,-3,7,22,-2045
3562552038,0,1,0,-2,4,22,-2049
3562553038,0,4,-1,-3,5,29,-2039
3562554038,0,4,-3,-2,2,21,-2046
3562555038,0,4,-4,-4,3,24,-2045
3562556038,0,3,-1,-5,-4,21,-2041
3562557038,0,2,-3,-3,3,23,-2051
3562558038,0,2,-1,-5,9,23,-2041
3562559038,0,1,1,0,6,18,-2045
3562560038,0,2,-1,-2,1,22,-2047
3562561038,0,3,0,-5,7,22,-2038
3562562038,0,1,-1,-2,4,25,-2048
3562563038,0,2,-3,-2,4,22,-2047
3562564038,0,0,-1,-3,6,28,-2046
3562565038,0,-1,1,2,4,27,-2043
3562566038,0,0,0,-2,12,30,-2044
3562567038,0,3,0,-3,3,21,-2053
3562568038,0,4,-3,-2,9,22,-2043
3562569038,0,4,-1,-2,3,26,-2051
3562570038,0,5,-4,-8,0,20,-2040
3562571038,0,-1,-2,-4,4,21,-2047
3562572038,0,2,1,-2,1,25,-2051
3562573038,0,0,-3,-2,4,25,-2040
3562574038,0,-1,-1,-4,4,17,-2046
3562575038,0,-5,-4,-1,3,12,-2046
3562576038,0,4,-1,-4,0,23,-2042
3562577038,0,1,-3,-3,1,22,-2043
3562578038,0,-1,-1,0,1,20,-2051
3562579038,0,3,-4,-4,2,27,-2050
3562580038,0,0,-2,-5,4,26,-2046
3562581038,0,7,-4,-5,-2,26,-2047
3562582038,0,1,-2,-2,4,27,-2050
3562583038,0,4,-4,-4,4,20,-2038
3562584038,0,1,-4,-5,-1,16,-2046
3562585038,0,2,1,-4,5,21,-2040
3562586038,0,-1,-3,0,5,23,-2041
3562587038,0,3,-1,-3,-1,25,-2041
3562588038,0,6,-2,-5,1,29,-2040
3562589038,0,3,-4,-3,2,15,-2039
3562590038,0,0,-2,-6,9,21,-2042
3562591038,0,5,-6,-7,13,20,-2052
3562592038,0,4,-6,-3,9,20,-2039
3562593038,0,4,-2,-3,5,24,-2042
3562594038,0,0,-2,-4,5,22,-2046
3562595038,0,1,-3,-2,1,23,-2044
3562596038,0,4,1,-3,0,17,-2051
3562597038,0,1,-1,-2,2,15,-2045
3562598038,0,2,-2,-3,5,27,-2046
3562599038,0,3,-5,-4,6,27,-2042
3562600038,0,5,-1,-2,-8,32,-2048
3562601038,0,1,2,-4,0,23,-2050
3562602038,0,3,-6,-4,7,20,-2049
3562603038,0,2,-1,-5,1,21,-2039
3562604038,0,0,-3,0,3,29,-2045
3562605038,0,3,-10,-2,2,26,-2047
3562606038,0,2,-2,-2,-1,14,-2042
3562607038,0,5,-2,-6,10,25,-2047
3562608038,0,1,-2,-3,7,25,-2048
3562609038,0,4,-3,-4,-1,24,-2044
3562610038,0,0,0,-2,-8,25,-2049
3562611038,0,2,-2,-3,-4,29,-2040
3562612038,0,3,-1,-2,5,29,-2043
3562613038,0,2,-5,-3,4,25,-2035
3562614038,0,3,-1,-5,7,26,-2045
3562615038,0,1,-3,-2,1,17,-2048
3562616038,0,3,-2,-1,-8,23,-2050
3562617038,0,2,0,-4,-6,21,-2047
3562618038,0,-1,-4,-4,9,18,-2052
3562619038,0,0,-2,1,-2,15,-2044
3562620038,0,3,-1,-2,0,21,-2042
3562621038,0,4,0,-3,-1,22,-2042
3562622038,0,2,1,-5,-4,27,-2041
3562623038,0,2,-4,-6,7,31,-2042
3562624038,0,2,-6,-5,2,23,-2040
3562625038,0,3,0,-8,2,26,-2047
3562626038,0,1,0,-2,6,26,-2051
3562627038,0,3,-4,-3,0,24,-2039
3562628038,0,0,-3,-3,-2,20,-2050
3562629038,0,2,-4,-5,4,22,-2056
3562630038,0,2,-2,-7,3,19,-2046
3562631038,0,2,1,0,1,19,-2041
3562632038,0,2,-5,-6,10,25,-2049
3562633038,0,1,0,-5,7,25,-2046
3562634038,0,5,-2,-5,9,20,-2045
3562635038,0,1,0,-6,8,24,-2039
3562636038,0,3,-2,-2,3,24,-2048
3562637038,0,7,-8,-6,3,18,-2046
3562638038,0,1,0,-1,0,30,-2045
3562639038,0,2,-2,-5,-8,28,-2043
3562640038,0,3,-2,-1,2,26,-2044
3562641038,0,2,-4,-3,6,24,-2049
3562642038,0,2,-3,-1,9,24,-2048
3562643038,0,0,-3,-3,10,27,-2055
3562644038,0,4,-5,-5,5,24,-2045
3562645038,0,0,-4,-4,4,24,-2037
3562646038,0,4,-1,-2,3,23,-2048
3562647038,0,-1,-2,-1,4,24,-2046
3562648038,0,0,-1,1,10,22,-2036
3562649038,0,-1,-1,-4,9,29,-2042
3562650038,0,2,-5,-4,2,20,-2043
3562651038,0,5,-4,-7,11,25,-2049
3562652038,0,-1,0,0,1,29,-2047
3562653038,0,-1,-2,-4,4,23,-2040
3562654038,0,3,-3,-4,4,27,-2044
3562655038,0,2,-2,-3,-4,25,-2052
3562656038,0,4,-4,-4,1,29,-2058
3562657038,0,2,-1,-5,4,24,-2050
3562658038,0,-1,-1,-2,1,28,-2044
3562659038,0,3,-2,-4,-2,28,-2052
3562660038,0,3,-2,-6,7,24,-2044
3562661038,0,2,-2,-3,4,19,-2043
3562662038,0,2,-2,-3,8,24,-2047
3562663038,0,2,-2,-7,3,23,-2048
3562664038,0,1,-4,-3,0,26,-2051
3562665038,0,0,-2,-3,3,26,-2044
3562666038,0,1,-3,-6,8,19,-2045
3562667038,0,2,-4,-3,4,23,-2049
3562668038,0,-1,-3,-4,3,25,-2038
3562669038,0,2,-2,-3,5,23,-2049
3562670038,0,1,-3,-3,4,21,-2053
3562671038,0,0,-2,1,-1,23,-2049
3562672038,0,3,-1,-2,-3,13,-2049
3562673038,0,0,-2,0,0,27,-2042
3562674038,0,5,-5,-5,2,21,-2046
3562675038,0,4,-1,-4,10,21,-2036
3562676038,0,1,-1,-2,4,16,-2044
3562677038,0,1,-7,-5,11,24,-2046
3562678038,0,3,0,-3,4,21,-2048
3562679038,0,2,-6,-4,6,27,-2051
3562680038,0,0,-1,-3,0,20,-2050
3562681038,0,1,1,-6,3,20,-2050
3562682038,0,1,-2,-3,8,25,-2042
3562683038,0,5,1,-3,-1,20,-2041
3562684038,0,3,1,-4,2,24,-2033
3562685038,0,2,-3,-4,2,22,-2045
3562686038,0,3,2,-3,0,23,-2044
3562687038,0,4,-3,-2,1,25,-2048
3562688038,0,5,-6,-7,5,25,-2049
3562689038,0,3,-3,-2,10,25,-2047
3562690038,0,-1,-5,-3,4,18,-2045
3562691038,0,2,-3,-2,-1,26,-2042
3562692038,0,2,1,-2,1,29,-2046
3562693038,0,1,-2,-2,6,26,-2046
3562694038,0,0,-2,-4,3,19,-2040
3562695038,0,2,-1,-3,7,21,-2050
3562696038,0,5,-5,-3,5,26,-2046
3562697038,0,3,-2,-4,2,28,-2048
3562698038,0,2,-2,-1,9,22,-2041
3562699038,0,2,-1,-2,-3,15,-2043
3562700038,0,-3,1,-1,-5,25,-2045
3562701038,0,2,-5,-3,0,31,-2050
3562702038,0,1,1,-4,6,25,-2049
3562703038,0,0,-3,-2,2,35,-2045
3562704038,0,3,-3,-3,0,26,-2048
3562705038,0,0,0,-3,3,24,-2038
3562706038,0,6,-6,-5,-1,25,-2043
3562707038,0,4,-3,-6,-2,22,-2043
3562708038,0,1,-1,-6,-3,25,-2044
3562709038,0,2,2,-2,-4,19,-2042
3562710038,0,2,0,-1,-1,28,-2046
3562711038,0,0,-1,1,5,24,-2048
3562712038,0,3,-5,-4,6,27,-2037
3562713038,0,1,0,-2,9,27,-2036
3562714038,0,5,-1,-6,2,22,-2042
3562715038,0,1,-1,-3,-6,19,-2047
3562716038,0,0,1,-4,-2,20,-2047
3562717038,0,5,-6,-3,2,16,-2038
3562718038,0,3,-2,-3,5,19,-2047
3562719038,0,1,-3,-7,1,28,-2045
3562720038,0,2,-3,-1,6,23,-2046
3562721038,0,2,0,-4,2,26,-2053
3562722038,0,0,-2,-6,0,23,-2047
3562723038,0,3,-5,-5,7,14,-2042
3562724038,0,3,-4,-7,8,23,-2049
3562725038,0,3,-4,-5,-1,25,-2041
3562726038,0,7,-3,-5,2,27,-2046
3562727038,0,-1,0,0,1,26,-2048
3562728038,0,4,-3,-4,7,15,-2038
3562729038,0,7,-4,-6,0,20,-2045
3562730038,0,1,-1,-2,1,22,-2045
3562731038,0,-3,-3,0,5,25,-2037
3562732038,0,5,-2,-2,0,17,-2046
3562733038,0,4,-3,-4,-1,14,-2043
3562734038,0,3,-3,-6,1,23,-2042
3562735038,0,0,0,-1,8,27,-2039
3562736038,0,3,0,-5,-1,22,-2041
3562737038,0,2,-3,-4,11,22,-2047
3562738038,0,1,0,-6,7,17,-2053
3562739038,0,1,-1,-3,3,24,-2041
3562740038,0,0,1,0,-6,25,-2041
3562741038,0,6,-5,-7,-1,21,-2040
3562742038,0,2,1,-3,7,21,-2039
3562743038,0,3,-3,-1,6,21,-2049
3562744038,0,-1,-1,-2,5,34,-2051
3562745038,0,-1,-6,-3,6,26,-2047
3562746038,0,4,-4,-4,2,21,-2045
3562747038,0,-2,-1,-1,12,24,-2038
3562748038,0,-2,-3,-1,-2,30,-2046
3562749038,0,2,-1,-4,-3,27,-2042
3562750038,0,2,-3,-2,7,21,-2041
3562751038,0,5,-4,-1,10,25,-2040
3562752038,0,1,-3,-4,0,30,-2039
3562753038,0,0,0,-6,6,13,-2048
3562754038,0,4,-1,-2,-1,26,-2044
3562755038,0,2,0,-1,0,23,-2045
3562756038,0,-1,-2,-1,-5,30,-2049
3562757038,0,3,-3,-3,1,14,-2046
3562758038,0,1,-2,0,2,24,-2041
3562759038,0,4,-1,-2,10,24,-2045
3562760038,0,4,-3,-3,0,27,-2043
3562761038,0,1,-2,-5,1,28,-2050
3562762038,0,0,-4,-3,-2,20,-2041
3562763038,0,1,3,-4,11,28,-2045
3562764038,0,2,-4,-6,6,18,-2044
3562765038,0,4,-4,-4,2,23,-2044
3562766038,0,0,-5,-4,2,20,-2044
3562767038,0,2,-4,-2,-4,23,-2046
3562768038,0,2,-3,-3,3,26,-2046
3562769038,0,1,-5,-5,7,22,-2039
3562770038,0,2,0,-3,-2,24,-2042
3562771038,0,-2,1,-3,5,25,-2048
3562772038,0,0,2,-3,3,34,-2045
3562773038,0,1,-4,-8,4,28,-2047
3562774038,0,5,-5,-5,5,19,-2044
3562775038,0,2,-4,-3,1,20,-2053
3562776038,0,-1,-1,-6,4,25,-2042
3562777038,0,0,-2,-2,3,18,-2041
3562778038,0,2,-8,-6,3,24,-2049
3562779038,0,0,-4,-1,3,22,-2056
3562780038,0,1,-5,-1,5,28,-2042
3562781038,0,0,-2,0,4,28,-2050
3562782038,0,2,-3,-4,6,17,-2045
3562783038,0,0,0,-2,-2,27,-2045
3562784038,0,4,-5,-1,0,22,-2045
3562785038,0,1,-1,-4,8,28,-2044
3562786038,0,4,-1,-3,9,26,-2044
3562787038,0,3,-3,-4,3,32,-2042
3562788038,0,0,-1,-2,-7,22,-2048
3562789038,0,0,-4,-4,7,26,-2046
3562790038,0,0,-1,-5,-8,28,-2045
3562791038,0,2,-1,-2,-5,26,-2046
3562792038,0,0,-4,-5,1,16,-2041
3562793038,0,0,2,-4,-5,24,-2041
3562794038,0,4,1,-6,9,25,-2048
3562795038,0,1,0,-1,1,32,-2041
3562796038,0,-1,1,-4,4,17,-2049
3562797038,0,5,-4,-4,3,20,-2045
3562798038,0,3,0,-6,-5,24,-2046
3562799038,0,0,-3,0,-7,24,-2047
3562800038,0,6,-5,-5,-3,30,-2039
3562801038,0,1,-3,-2,9,26,-2039
3562802038,0,3,-1,-4,11,24,-2044
3562803038,0,1,-4,0,7,27,-2051
3562804038,0,3,-4,-5,9,20,-2044
3562805038,0,-1,1,-3,-2,28,-2038
3562806038,0,0,-2,-3,3,28,-2049
3562807038,0,2,-3,-5,2,23,-2051
3562808038,0,2,-3,-4,7,21,-2050
3562809038,0,-1,-1,0,2,23,-2050
3562810038,0,3,-2,-3,4,26,-2047
3562811038,0,5,-2,-2,-1,21,-2044
3562812038,0,4,0,-1,5,24,-2042
3562813038,0,-2,1,-3,-4,19,-2042
3562814038,0,3,-2,-5,1,18,-2044
3562815038,0,4,0,-3,8,25,-2037
3562816038,0,1,-2,-2,-3,25,-2049
3562817038,0,2,-2,-1,6,21,-2050
3562818038,0,5,-5,-4,1,28,-2043
3562819038,0,5,-4,-5,6,16,-2047
3562820038,0,-1,0,-1,8,27,-2043
3562821038,0,2,-3,0,6,23,-2050
3562822038,0,0,-2,-3,-5,22,-2041
3562823038,0,5,-1,-7,0,25,-2049
3562824038,0,6,-8,-7,7,23,-2045
3562825038,0,5,-4,-8,2,15,-2042
3562826038,0,1,-2,-4,-2,21,-2046
3562827038,0,2,-4,-3,3,23,-2041
3562828038,0,-1,-1,-4,4,23,-2049
3562829038,0,2,-3,-5,2,27,-2042
3562830038,0,2,-2,-2,5,23,-2038
3562831038,0,5,-1,-3,4,20,-2045
3562832038,0,2,-4,-6,5,19,-2043
3562833038,0,5,-7,-8,-1,29,-2042
3562834038,0,2,-1,-4,5,26,-2049
3562835038,0,3,-4,-3,-2,25,-2048
3562836038,0,-1,-2,-2,-2,25,-2039
3562837038,0,3,-3,-2,4,19,-2048
3562838038,0,-3,3,-1,3,29,-2040
3562839038,0,4,1,-3,0,27,-2042
3562840038,0,5,-5,-2,3,28,-2041
3562841038,0,1,0,0,3,26,-2049
3562842038,0,-1,-2,-4,-1,20,-2041
3562843038,0,2,-5,-5,-1,25,-2048
3562844038,0,0,-2,-2,-7,21,-2040
3562845038,0,2,0,-4,5,24,-2047
3562846038,0,1,-6,-7,2,18,-2051
3562847038,0,1,-6,-5,0,24,-2046
3562848038,0,6,-1,-3,0,27,-2050
3562849038,0,2,-2,-6,1,24,-2043
3562850038,0,2,-2,-4,-2,22,-2041
3562851038,0,4,-4,-5,6,28,-2042
3562852038,0,4,-3,-4,3,25,-2040
3562853038,0,0,-2,1,9,15,-2046
3562854038,0,3,-4,-2,3,29,-2042
3562855038,0,-2,0,-5,2,31,-2045
3562856038,0,4,-5,-7,-3,25,-2038
3562857038,0,3,-2,-6,8,19,-2047
3562858038,0,3,-6,-3,-2,23,-2051
3562859038,0,1,3,-2,4,20,-2041
3562860038,0,2,-6,-7,-6,27,-2052
3562861038,0,4,-3,-4,4,28,-2042
3562862038,0,3,0,0,-2,26,-2048
3562863038,0,2,-3,-1,1,27,-2041
3562864038,0,1,-1,1,2,21,-2040
3562865038,0,3,-4,-3,3,19,-2039
3562866038,0,1,-3,-3,8,24,-2043
3562867038,0,1,-1,-4,10,25,-2041
3562868038,0,0,-3,-3,2,17,-2046
3562869038,0,5,1,-2,2,19,-2049
3562870038,0,1,-2,0,4,18,-2041
3562871038,0,1,0,-3,-2,23,-2041
3562872038,0,1,-1,-3,-2,23,-2037
3562873038,0,0,-1,0,-1,27,-2044
3562874038,0,0,-5,-8,5,26,-2045
3562875038,0,6,-3,-3,-1,27,-2054
3562876038,0,3,-1,-5,10,19,-2049
3562877038,0,-2,1,-5,10,26,-2046
3562878038,0,7,-4,-4,-5,23,-2047
3562879038,0,3,1,-1,3,24,-2051
3562880038,0,3,-4,1,1,18,-2052
3562881038,0,-1,-2,-2,2,22,-2040
3562882038,0,2,-1,-4,6,27,-2046
3562883038,0,6,-4,-4,-1,24,-2041
3562884038,0,4,-4,-5,5,34,-2049
3562885038,0,1,-4,0,9,26,-2043
3562886038,0,1,-5,-1,6,25,-2046
3562887038,0,0,0,-4,2,24,-2046
3562888038,0,3,-5,-6,8,19,-2046
3562889038,0,-2,-1,-1,1,23,-2047
3562890038,0,-2,-4,-1,5,31,-2047
3562891038,0,3,-3,-3,8,19,-2051
3562892038,0,4,0,-5,5,16,-2043
3562893038,0,4,-3,-2,-2,25,-2043
3562894038,0,4,-5,-2,1,22,-2050
3562895038,0,2,0,-3,5,22,-2052
3562896038,0,3,-4,-2,2,23,-2043
3562897038,0,4,-3,-7,-3,17,-2041
3562898038,0,2,-1,-6,0,15,-2041
3562899038,0,1,-4,-3,3,23,-2042
3562900038,0,0,1,-4,8,26,-2042
3562901038,0,4,-4,-2,8,23,-2042
3562902038,0,3,-4,-2,7,28,-2038
3562903038,0,2,-3,-4,-3,21,-2043
3562904038,0,5,-3,-4,2,23,-2046
3562905038,0,3,-3,-5,4,20,-2042
3562906038,0,4,-4,-2,2,16,-2045
3562907038,0,2,-3,-6,0,22,-2043
3562908038,0,4,-4,-7,7,24,-2046
3562909038,0,2,-3,0,10,20,-2046
3562910038,0,5,-5,-4,6,30,-2055
3562911038,0,1,-3,-3,6,35,-2053
3562912038,0,1,-2,-3,5,22,-2039
3562913038,0,-2,-1,-3,2,22,-2048
3562914038,0,-1,-2,-3,0,22,-2045
3562915038,0,2,-6,-4,1,19,-2045
3562916038,0,1,-4,-4,-2,21,-2046
3562917038,0,0,-2,-3,-1,24,-2042
3562918038,0,1,-1,-4,2,17,-2045
3562919038,0,5,-2,-4,2,17,-2042
3562920038,0,-2,-2,-1,5,29,-2052
3562921038,0,1,-3,-3,11,27,-2049
3562922038,0,1,2,-3,3,23,-2052
3562923038,0,7,-6,-3,9,27,-2041
3562924038,0,5,-1,-6,7,24,-2045
3562925038,0,3,-3,-4,6,28,-2053
3562926038,0,3,-3,-3,8,14,-2044
3562927038,0,0,-3,-3,6,26,-2039
3562928038,0,0,0,-1,8,23,-2036
3562929038,0,1,-4,-2,4,25,-2042
3562930038,0,1,-1,-4,8,23,-2044
3562931038,0,3,-6,-5,3,22,-2049
3562932038,0,2,-3,-5,-1,20,-2045
3562933038,0,0,4,-2,3,20,-2047
3562934038,0,5,-4,-5,3,20,-2047
3562935038,0,2,-1,-2,-6,19,-2044
3562936038,0,2,-5,-5,5,24,-2043
3562937038,0,-2,-1,-2,5,16,-2047
3562938038,0,7,-2,-8,3,16,-2046
3562939038,0,4,-4,-4,0,21,-2041
3562940038,0,2,0,-2,5,16,-2043
3562941038,0,3,-2,-3,11,25,-2046
3562942038,0,0,1,2,7,21,-2043
3562943038,0,3,-1,-5,9,18,-2047
3562944038,0,2,-6,-1,5,19,-2044
3562945038,0,4,-2,-3,10,28,-2051
3562946038,0,0,-4,-2,-1,23,-2049
3562947038,0,4,-6,-2,7,33,-2048
3562948038,0,4,-5,-3,4,24,-2039
3562949038,0,3,0,0,-7,26,-2047
3562950038,0,3,-2,-3,5,26,-2047
3562951038,0,3,0,-4,6,28,-2049
3562952038,0,3,0,-2,6,23,-2048
3562953038,0,1,-3,-1,0,22,-2038
3562954038,0,1,-3,-1,2,28,-2039
3562955038,0,1,-5,-5,3,27,-2046
3562956038,0,-1,1,-2,4,20,-2045
3562957038,0,6,-4,-6,1,25,-2043
3562958038,0,2,-4,-5,-3,20,-2041
3562959038,0,-2,-2,-4,2,24,-2038
3562960038,0,2,-1,-3,-1,23,-2042
3562961038,0,4,-2,-2,8,22,-2040
3562962038,0,1,-1,-3,4,24,-2044
3562963038,0,1,-3,-7,0,24,-2052
3562964038,0,0,-1,-6,3,23,-2045
3562965038,0,4,-3,-2,5,27,-2042
3562966038,0,4,-2,-4,3,26,-2046
3562967038,0,2,0,-5,0,20,-2047
3562968038,0,8,-5,-7,8,23,-2045
3562969038,0,4,-2,-5,3,22,-2048
3562970038,0,1,-1,-6,2,24,-2035
3562971038,0,3,-3,-3,1,20,-2042
3562972038,0,2,-1,-4,4,22,-2048
3562973038,0,3,-2,-5,-4,27,-2038
3562974038,0,1,0,-2,2,23,-2038
3562975038,0,2,-1,-2,5,25,-2042
3562976038,0,3,-5,-2,-1,25,-2047
3562977038,0,4,-2,-4,4,22,-2050
3562978038,0,0,1,-3,1,32,-2049
3562979038,0,2,-6,-5,5,22,-2044
3562980038,0,1,0,-6,4,19,-2045
3562981038,0,6,-2,-4,3,31,-2042
3562982038,0,2,-2,-4,0,26,-2043
3562983038,0,1,-1,-3,0,19,-2044
3562984038,0,1,-3,-1,-1,28,-2036
3562985038,0,1,-2,-6,1,26,-2040
3562986038,0,6,0,-2,1,24,-2043
3562987038,0,3,-3,-1,13,20,-2039
3562988038,0,3,-1,-3,4,22,-2040
3562989038,0,2,1,-1,4,24,-2044
3562990038,0,6,-8,0,4,27,-2056
3562991038,0,2,-1,-2,-3,26,-2049
3562992038,0,4,-2,-6,2,15,-2053
3562993038,0,5,-6,-5,-7,15,-2045
3562994038,0,1,0,-3,4,21,-2045
3562995038,0,5,-3,-6,13,24,-2043
3562996038,0,6,-3,-5,5,19,-2046
3562997038,0,1,0,-4,6,27,-2041
3562998038,0,3,-3,-1,-4,27,-2046
3562999038,0,1,-4,-4,2,25,-2039
3563000038,0,5,-3,-5,2,20,-2042
3563001038,0,2,-5,-5,-3,22,-2048
3563002038,0,2,-1,-3,5,24,-2043
3563003038,0,5,-5,-3,1,24,-2045
3563004038,0,2,-3,-1,7,30,-2049
3563005038,0,0,-4,-4,6,28,-2048
3563006038,0,-1,0,-1,-1,19,-2048
3563007038,0,1,-2,-1,2,23,-2043
3563008038,0,5,-1,-2,2,27,-2044
3563009038,0,2,-2,1,4,26,-2048
3563010038,0,1,-4,-1,6,14,-2047
3563011038,0,4,-3,-3,0,16,-2049
3563012038,0,3,-5,-5,12,20,-2042
3563013038,0,2,-7,-3,5,20,-2042
3563014038,0,1,-3,-2,2,28,-2047
3563015038,0,6,-2,-4,4,29,-2047
3563016038,0,-3,-3,-5,7,24,-2047
3563017038,0,1,-4,-2,0,30,-2044
3563018038,0,2,-1,-3,2,29,-2043
3563019038,0,1,-2,-6,-6,23,-2046
3563020038,0,5,-6,-6,7,20,-2042
3563021038,0,1,-1,-7,1,22,-2044
3563022038,0,-2,-2,-2,3,20,-2043
3563023038,0,2,1,-1,3,21,-2046
3563024038,0,1,0,-2,7,23,-2045
3563025038,0,-1,0,0,2,25,-2048
3563026038,0,4,-2,-3,8,19,-2046
3563027038,0,4,-3,0,8,22,-2038
3563028038,0,-1,-4,-4,5,18,-2048
3563029038,0,3,-2,-4,-5,24,-2050
3563030038,0,5,-4,-6,6,28,-2040
3563031038,0,5,-1,-6,-2,26,-2040
3563032038,0,2,-4,-6,4,27,-2048
3563033038,0,0,-4,-2,6,24,-2047
3563034038,0,3,1,-2,5,15,-2039
3563035038,0,5,-1,-3,6,27,-2039
3563036038,0,5,-3,-3,-1,25,-2032
3563037038,0,0,-5,-8,9,29,-2040
3563038038,0,3,-2,0,11,20,-2042
3563039038,0,3,-5,-2,-2,19,-2048
3563040038,0,3,-3,-3,4,23,-2040
3563041038,0,1,-3,-2,7,33,-2047
3563042038,0,2,0,-3,2,22,-2048
3563043039,0,2,-3,-5,3,28,-2043
3563044040,0,5,-4,-5,6,22,-2041
3563045038,0,2,-3,-2,4,18,-2039
3563046038,0,3,-5,-3,5,24,-2035
3563047038,0,2,3,-1,4,19,-2040
3563048038,0,4,0,0,6,30,-2046
3563049038,0,5,-3,-2,3,19,-2046
3563050038,0,2,-2,0,-3,23,-2039
3563051038,0,-3,1,-2,2,24,-2050
3563052038,0,3,0,-3,7,16,-2041
3563053038,0,0,1,-2,4,29,-2048
3563054038,0,2,2,-1,-4,24,-2046
3563055038,0,3,-2,-5,4,25,-2055
3563056038,0,-1,-4,-3,7,23,-2052
3563057038,0,5,-6,-3,7,31,-2041
3563058038,0,1,-2,-5,2,20,-2043
3563059038,0,1,-2,-2,5,21,-2041
3563060038,0,1,-3,-6,8,22,-2053
3563061038,0,-2,1,-1,5,21,-2049
3563062038,0,3,-2,0,4,20,-2051
3563063038,0,2,0,-5,2,23,-2051
3563064038,0,2,-3,-4,4,22,-2045
3563065038,0,3,-3,-1,9,27,-2039
3563066038,0,6,-4,-2,14,22,-2039
3563067038,0,3,-5,-4,6,24,-2043
3563068038,0,2,-5,-2,1,29,-2041
3563069038,0,-1,-6,-3,6,22,-2042
3563070038,0,6,-2,-8,-1,27,-2052
3563071038,0,2,-2,-5,4,20,-2050
3563072038,0,5,-3,-4,0,33,-2048
3563073038,0,2,-3,-1,1,22,-2051
3563074038,0,3,1,-2,8,23,-2050
3563075038,0,2,-4,-1,9,24,-2052
3563076038,0,2,-1,-3,10,20,-2057
3563077038,0,0,-2,-5,5,24,-2048
3563078038,0,3,-5,-5,5,30,-2047
3563079038,0,0,-3,-1,8,20,-2049
3563080038,0,1,-1,-3,3,15,-2047
3563081038,0,2,-3,-4,-2,17,-2044
3563082038,0,6,1,-4,10,29,-2041
3563083038,0,2,-2,-3,9,23,-2046
3563084038,0,2,0,0,11,23,-2042
3563085038,0,-1,0,-1,3,22,-2046
3563086038,0,1,-7,-4,-5,20,-2041
3563087038,0,3,-3,-3,-2,21,-2052
3563088038,0,4,-2,-7,0,22,-2044
3563089038,0,1,-5,-3,2,20,-2042
3563090038,0,2,0,-6,2,22,-2042
3563091038,0,5,-3,-4,-2,24,-2050
3563092038,0,0,-1,0,-3,19,-2042
3563093038,0,2,1,-2,3,21,-2049
3563094038,0,5,-2,-6,0,13,-2048
3563095038,0,-1,-1,-4,2,23,-2042
3563096038,0,6,-4,-6,2,31,-2041
3563097038,0,-1,-4,-3,5,22,-2049
3563098038,0,3,-1,-3,-7,24,-2041
3563099038,0,4,-4,-2,1,22,-2039
3563100038,0,4,-4,-3,1,32,-2042
3563101038,0,2,0,-5,8,24,-2044
3563102038,0,2,0,-4,3,18,-2048
3563103038,0,3,-4,-2,0,20,-2053
3563104038,0,2,-3,2,1,25,-2038
3563105038,0,4,-5,-3,2,30,-2047
3563106038,0,3,-3,-4,-1,20,-2043
3563107038,0,4,-2,-5,3,27,-2036
3563108038,0,5,-2,-6,4,25,-2039
3563109038,0,0,-2,-5,-2,21,-2047
3563110038,0,-2,0,-4,6,24,-2050
3563111038,0,2,-4,-2,10,26,-2042
3563112038,0,6,-2,-7,-4,19,-2050
3563113038,0,5,-6,-1,3,16,-2053
3563114038,0,3,-4,-6,4,22,-2051
3563115038,0,5,1,2,5,20,-2046
3563116038,0,2,-2,0,0,27,-2045
3563117038,0,2,-5,-3,-3,24,-2053
3563118038,0,5,-2,-3,6,26,-2041
3563119038,0,3,-4,-5,4,26,-2048
3563120038,0,6,-2,-4,11,22,-2047
3563121038,0,3,-5,-5,5,21,-2047
3563122038,0,1,-1,-4,-8,18,-2044
3563123038,0,3,-5,-4,3,21,-2043
3563124038,0,4,-2,-4,-1,23,-2037
3563125038,0,3,-3,-3,-2,25,-2041
3563126038,0,3,-4,-5,-6,21,-2044
3563127038,0,-1,-2,-3,-3,22,-2042
3563128038,0,4,-5,-1,7,20,-2041
3563129038,0,3,-4,-3,-5,18,-2043
3563130038,0,3,-1,-2,9,23,-2049
3563131038,0,1,-5,-3,8,21,-2051
3563132038,0,0,1,4,5,26,-2051
3563133038,0,2,-2,-4,-1,11,-2049
3563134038,0,2,-2,-2,2,24,-2044
3563135038,0,-1,0,0,5,28,-2044
3563136038,0,2,-2,-2,-4,26,-2044
3563137038,0,4,-3,-4,2,22,-2044
3563138038,0,3,-4,-5,3,20,-2040
3563139038,0,5,-7,-4,-12,28,-2049
3563140038,0,1,-4,-5,-1,21,-2045
3563141038,0,3,-2,-4,0,26,-2049
3563142038,0,2,-1,-2,8,27,-2046
3563143038,0,2,-1,-7,0,20,-2039
3563144038,0,1,1,0,2,18,-2050
3563145038,0,1,-4,-4,-3,17,-2041
3563146038,0,-2,1,-3,4,24,-2038
3563147038,0,2,-5,-5,8,20,-2039
3563148038,0,2,-2,-3,1,26,-2044
3563149038,0,-2,-3,-3,8,29,-2039
3563150038,0,4,-3,-6,1,24,-2050
3563151038,0,4,0,-5,2,20,-2051
3563152038,0,3,0,-7,4,21,-2045
3563153038,0,3,-3,-5,3,25,-2046
3563154038,0,5,-1,-2,0,28,-2048
3563155038,0,2,-4,-2,3,20,-2045
3563156038,0,4,-4,-3,5,25,-2049
3563157038,0,1,-1,-4,6,23,-2047
3563158038,0,6,-2,-4,2,24,-2046
3563159038,0,1,-4,-6,6,24,-2049
3563160038,0,2,-7,-9,2,23,-2047
3563161038,0,0,-3,-2,1,33,-2043
3563162038,0,-1,-4,-5,1,28,-2044
3563163038,0,0,-2,-1,1,22,-2051
3563164038,0,1,-2,-5,3,27,-2047
3563165038,0,4,-3,-5,9,23,-2047
3563166038,0,4,-1,-3,5,21,-2045
3563167038,0,6,-6,-4,-3,22,-2045
3563168038,0,4,-1,-1,-1,27,-2036
3563169038,0,4,-1,-3,5,17,-2049
3563170038,0,-1,-2,-3,2,14,-2047
3563171038,0,5,3,-5,-3,22,-2051
3563172038,0,1,-2,-5,1,16,-2032
3563173038,0,2,-5,-3,2,27,-2037
3563174038,0,0,0,0,5,18,-2050
3563175038,0,3,-2,-6,-4,25,-2049
3563176038,0,5,-4,-6,-1,22,-2034
3563177038,0,3,-3,-4,-2,25,-2044
3563178038,0,1,-5,0,2,26,-2042
3563179038,0,-3,-1,-7,-2,26,-2050
3563180038,0,4,-10,-4,13,27,-2052
3563181038,0,3,-4,-9,-4,25,-2059
3563182038,0,4,-1,-2,-2,14,-2044
3563183038,0,3,-1,-2,11,17,-2046
3563184038,0,0,-2,-5,-4,22,-2045
3563185038,0,7,-6,-3,2,20,-2045
3563186038,0,5,-1,-2,4,22,-2045
3563187038,0,2,-4,-2,10,25,-2045
3563188038,0,3,-3,-1,3,19,-2039
3563189038,0,-1,2,-1,1,18,-2044
3563190038,0,-2,-2,-2,6,19,-2041
3563191038,0,1,-6,1,7,19,-2052
3563192038,0,4,1,-6,6,29,-2046
3563193038,0,1,-5,-5,2,27,-2042
3563194038,0,4,-4,-1,3,28,-2043
3563195038,0,6,-3,-4,-3,20,-2050
3563196038,0,2,-2,0,-1,23,-2047
3563197038,0,0,-2,-7,3,28,-2043
3563198038,0,1,-3,0,7,30,-2051
3563199038,0,2,-6,-5,5,24,-2040
3563200038,0,0,-3,-3,8,19,-2042
3563201038,0,2,-5,-4,-1,26,-2046
3563202038,0,1,-4,-3,0,25,-2052
3563203038,0,1,-6,-4,3,30,-2048
3563204038,0,3,-4,-1,8,23,-2031
3563205038,0,3,-2,-4,0,25,-2041
3563206038,0,0,-2,-7,10,21,-2046
3563207038,0,3,-5,-2,3,29,-2044
3563208038,0,-2,-4,-1,5,25,-2043
3563209038,0,2,-5,-6,-3,23,-2041
3563210038,0,2,-2,-8,5,22,-2046
3563211038,0,2,-2,2,3,26,-2044
3563212038,0,1,-3,0,-1,27,-2042
3563213038,0,3,-1,-3,5,24,-2040
3563214038,0,3,1,-4,4,23,-2035
3563215038,0,1,-2,-5,10,33,-2043
3563216038,0,2,-2,-2,-1,27,-2045
3563217038,0,6,-5,-2,6,29,-2045
3563218038,0,3,-2,-4,1,20,-2048
3563219038,0,2,-3,-3,5,19,-2050
3563220038,0,3,-1,-4,8,28,-2044
3563221038,0,2,-1,-2,6,20,-2052
3563222038,0,3,0,1,4,22,-2037
3563223038,0,0,-4,-1,2,21,-2041
3563224038,0,4,-3,-5,3,20,-2042
3563225038,0,1,2,-5,1,20,-2037
3563226038,0,1,-3,-6,-5,14,-2042
3563227038,0,0,-3,-2,-2,19,-2045
3563228038,0,3,-3,-4,2,18,-2043
3563229038,0,3,-3,-5,8,25,-2050
3563230038,0,-1,-3,-3,1,21,-2049
3563231038,0,4,-5,-4,2,22,-2051
3563232038,0,3,0,-2,2,20,-2041
3563233038,0,4,-1,-5,1,24,-2043
3563234038,0,-1,0,1,4,30,-2044
3563235038,0,3,-1,0,3,21,-2043
3563236038,0,3,-2,-1,4,27,-2044
3563237038,0,5,-2,-7,1,26,-2048
3563238038,0,5,-5,-6,3,22,-2046
3563239038,0,-1,-2,0,1,27,-2046
3563240038,0,1,-2,-2,6,23,-2047
3563241038,0,1,-5,1,0,20,-2052
3563242038,0,1,-4,-5,-2,31,-2045
3563243038,0,0,-1,-5,1,21,-2048
3563244038,0,6,-5,-3,0,24,-2046
3563245038,0,-3,-2,-3,6,26,-2043
3563246038,0,1,-5,-5,1,17,-2040
3563247038,0,1,-4,-1,6,21,-2044
3563248038,0,2,-2,-7,1,24,-2046
3563249038,0,5,-7,-3,6,19,-2035
3563250038,0,-1,-2,-1,-2,24,-2037
3563251038,0,1,2,-1,-1,26,-2046
3563252038,0,6,-6,-1,8,25,-2049
3563253038,0,5,0,-4,7,22,-2038
3563254038,0,-3,-3,-2,3,28,-2052
3563255038,0,4,-2,-1,4,14,-2047
3563256038,0,1,-1,-6,1,24,-2047
3563257038,0,1,-3,-2,-4,23,-2044
3563258038,0,2,3,-6,-2,19,-2048
3563259038,0,0,-1,-3,7,15,-2046
3563260038,0,1,-3,-1,9,23,-2042
3563261038,0,1,-2,-4,6,27,-2042
3563262038,0,5,-1,-6,-3,25,-2045
3563263038,0,5,-5,-6,7,28,-2049
3563264038,0,3,1,-2,-1,30,-2036
3563265038,0,1,2,-4,1,29,-2048
3563266038,0,5,-2,-4,0,21,-2044
3563267038,0,0,0,-4,3,18,-2050
3563268038,0,-2,-4,-2,10,22,-2047
3563269038,0,3,2,-3,-1,25,-2049
3563270038,0,3,-3,-3,0,32,-2042
3563271038,0,2,-4,-4,5,28,-2045
3563272038,0,-1,-2,-3,-3,18,-2043
3563273038,0,1,-3,-6,-6,26,-2051
3563274038,0,3,-2,-4,-3,18,-2041
3563275038,0,0,-2,-4,-3,20,-2046
3563276038,0,1,-5,-2,6,16,-2047
3563277038,0,3,-2,-3,2,35,-2046
3563278038,0,1,-1,-1,13,25,-2046
3563279038,0,4,0,-4,-5,27,-2042
3563280038,0,3,0,-5,-7,27,-2049
3563281038,0,5,-5,-3,8,29,-2049
3563282038,0,2,-5,-8,10,20,-2048
3563283038,0,3,-4,-7,2,24,-2049
3563284038,0,7,-3,-7,5,18,-2049
3563285038,0,1,-4,-5,6,24,-2047
3563286038,0,1,-2,-3,0,28,-2050
3563287038,0,4,-1,-8,-1,26,-2049
3563288038,0,3,0,-5,6,27,-2047
3563289038,0,6,-5,-5,0,25,-2045
3563290038,0,3,-7,-6,2,26,-2044
3563291038,0,4,-1,-3,-2,28,-2047
3563292038,0,0,-2,-1,4,23,-2047
3563293038,0,2,-7,-4,5,28,-2048
3563294038,0,-1,0,-3,1,21,-2040
3563295038,0,0,-3,-4,4,26,-2040
3563296038,0,3,-3,-2,2,20,-2048
3563297038,0,0,0,-7,5,20,-2040
3563298038,0,0,-5,-4,3,15,-2041
3563299038,0,3,-2,-5,6,23,-2047
3563300038,0,5,-1,-6,1,22,-2040
3563301038,0,0,-1,-2,1,24,-2043
3563302038,0,1,0,-4,6,18,-2043
3563303038,0,3,-8,-5,1,25,-2045
3563304038,0,2,-3,-5,2,26,-2041
3563305038,0,4,-4,-4,5,20,-2052
3563306038,0,3,-3,-2,4,32,-2041
3563307038,0,1,-3,-1,1,24,-2049
3563308038,0,0,-3,-2,3,26,-2045
3563309038,0,3,-1,0,2,21,-2046
3563310038,0,1,-3,-4,9,27,-2045
3563311038,0,3,-4,-8,-2,30,-2045
3563312038,0,0,-3,-1,3,26,-2042
3563313038,0,2,-6,-6,-1,25,-2047
3563314038,0,2,-4,-4,4,22,-2042
3563315038,0,-2,0,0,8,28,-2047
3563316038,0,4,-3,-6,-2,22,-2047
3563317038,0,-2,1,-3,-4,27,-2045
3563318038,0,0,-2,-2,0,23,-2048
3563319038,0,2,-1,-3,5,27,-2045
3563320038,0,3,-2,-2,1,23,-2043
3563321038,0,1,-4,-6,8,29,-2046
3563322038,0,5,-1,-3,6,27,-2048
3563323038,0,1,0,-7,1,25,-2043
3563324038,0,4,-5,-7,7,25,-2046
3563325038,0,1,-4,-8,8,25,-2040
3563326038,0,0,0,0,7,25,-2047
3563327038,0,0,-3,-4,2,25,-2041
3563328038,0,-1,-1,-6,4,25,-2045
3563329038,0,6,-3,-5,2,10,-2040
3563330038,0,0,0,0,1,23,-2042
3563331038,0,4,0,-4,-6,23,-2043
3563332038,0,1,0,0,2,24,-2048
3563333038,0,4,-3,-5,7,22,-2050
3563334038,0,2,-6,-5,1,19,-2041
3563335038,0,3,0,-1,-8,19,-2046
3563336038,0,1,0,-3,9,26,-2051
3563337038,0,5,-2,-2,0,23,-2038
3563338038,0,2,-1,-4,3,20,-2051
3563339038,0,1,-1,-3,-3,23,-2048
3563340038,0,1,-4,-4,3,17,-2051
3563341038,0,3,-1,-4,3,21,-2049
3563342038,0,-1,-4,-5,-2,18,-2041
3563343038,0,0,0,-6,10,22,-2045
3563344038,0,3,-2,-4,-1,27,-2045
3563345038,0,4,-5,-4,8,19,-2047
3563346038,0,5,-3,-6,-3,29,-2043
3563347038,0,4,-1,-6,-1,27,-2039
3563348038,0,-3,-1,-3,0,24,-2047
3563349038,0,3,-1,-5,2,22,-2047
3563350038,0,3,2,-1,6,28,-2043
3563351038,0,-4,0,-2,6,29,-2051
3563352038,0,4,-2,-2,7,27,-2048
3563353038,0,1,-2,-3,5,31,-2047
3563354038,0,-2,2,2,2,29,-2043
3563355038,0,-2,-1,1,6,19,-2046
3563356038,0,3,-5,-5,-1,26,-2045
3563357038,0,6,-4,-6,-6,29,-2050
3563358038,0,4,2,-3,2,28,-2051
3563359038,0,-3,-1,-4,-2,30,-2055
3563360038,0,1,1,-3,4,26,-2050
3563361038,0,2,-4,-2,5,25,-2047
3563362038,0,-1,-2,-1,0,19,-2043
3563363038,0,1,0,-3,7,30,-2046
3563364038,0,0,-5,-4,1,24,-2044
3563365038,0,3,-1,-4,-2,18,-2045
3563366038,0,1,-2,-3,1,23,-2042
3563367038,0,4,-1,-3,11,30,-2051
3563368038,0,-1,1,1,-1,27,-2055
3563369038,0,4,-2,-3,3,21,-2040
3563370038,0,2,-1,-3,-2,18,-2035
3563371038,0,0,0,-2,-2,28,-2043
3563372038,0,2,-3,-5,6,21,-2045
3563373038,0,-3,0,-2,5,29,-2044
3563374038,0,-2,-2,-1,1,25,-2045
3563375038,0,2,-3,-4,4,24,-2046
3563376038,0,1,2,-4,0,15,-2047
3563377038,0,2,-1,-3,12,21,-2035
3563378038,0,3,0,1,-1,26,-2038
3563379038,0,3,0,0,6,25,-2040
3563380038,0,-1,-4,-5,-3,26,-2045
3563381038,0,1,-2,-4,-1,27,-2049
3563382038,0,2,-1,-5,-1,25,-2050
3563383038,0,0,-2,-4,2,22,-2045
3563384038,0,0,-3,-3,-2,13,-2050
3563385038,0,0,-5,-4,-1,24,-2040
3563386038,0,3,-6,-6,2,27,-2046
3563387038,0,3,-3,-3,6,23,-2054
3563388038,0,0,-3,-4,6,23,-2043
3563389038,0,-1,-3,-2,4,22,-2049
3563390038,0,3,-3,-2,5,24,-2049
3563391038,0,2,-1,-1,4,21,-2049
3563392038,0,2,-3,-4,8,23,-2052
3563393038,0,1,-2,-1,-6,21,-2043
3563394038,0,2,1,-6,0,30,-2048
3563395038,0,3,-4,-5,4,32,-2051
3563396038,0,0,-4,-6,-1,25,-2048
3563397038,0,0,0,-1,7,23,-2045
3563398038,0,-1,3,-1,10,22,-2044
3563399038,0,6,-6,-8,7,27,-2038
3563400038,0,0,-2,-5,11,26,-2040
3563401038,0,3,-5,-4,2,21,-2039
3563402038,0,0,1,-1,11,28,-2044
3563403038,0,4,-5,-8,-6,20,-2044
3563404038,0,4,-2,-1,6,19,-2040
3563405038,0,2,-1,-3,12,29,-2041
3563406038,0,3,-2,-2,9,14,-2049
3563407038,0,1,-1,0,3,19,-2041
3563408038,0,2,0,-5,5,30,-2043
3563409038,0,0,-1,-1,9,18,-2045
3563410038,0,3,-2,-1,13,24,-2051
3563411038,0,2,-2,-4,-1,24,-2041
3563412038,0,3,-2,-1,4,27,-2039
3563413038,0,-1,0,-1,0,27,-2045
3563414038,0,2,-1,-1,9,29,-2045
3563415038,0,1,-2,-4,2,21,-2044
3563416038,0,3,-3,-5,12,20,-2045
3563417038,0,-1,1,0,1,25,-2043
3563418038,0,1,-4,-2,-2,29,-2056
3563419038,0,3,0,-5,3,24,-2047
3563420038,0,-1,0,-3,6,29,-2053
3563421038,0,6,-4,-7,-5,25,-2055
3563422038,0,3,1,1,-6,27,-2054
3563423038,0,4,0,-2,-5,23,-2053
3563424038,0,2,-3,-3,1,29,-2048
3563425038,0,2,-5,-7,0,17,-2043
3563426038,0,1,0,-2,3,17,-2049
3563427038,0,0,-4,-2,-7,17,-2055
3563428038,0,2,-6,-3,5,22,-2051
3563429038,0,5,-7,-5,6,20,-2043
3563430038,0,3,0,-5,0,21,-2044
3563431038,0,0,-4,-3,2,26,-2037
3563432038,0,3,-4,-5,8,32,-2046
3563433038,0,1,-2,-3,2,20,-2040
3563434038,0,0,0,-1,4,25,-2047
3563435038,0,2,-3,-6,-4,22,-2053
3563436038,0,7,-7,-5,-2,20,-2045
3563437038,0,-2,-2,-3,5,23,-2046
3563438038,0,2,-1,-5,1,25,-2044
3563439038,0,0,-3,-2,8,18,-2045
3563440038,0,-1,2,-3,4,24,-2042
3563441038,0,2,-1,1,5,29,-2050
3563442038,0,2,-6,-4,7,23,-2051
3563443038,0,7,-4,-6,6,22,-2043
3563444038,0,1,-2,-2,3,22,-2048
3563445038,0,5,-5,-6,7,32,-2044
3563446038,0,0,-1,-6,5,19,-2041
3563447038,0,2,-1,-2,7,20,-2043
3563448038,0,2,-1,-3,9,23,-2048
3563449038,0,-1,-3,-1,5,21,-2049
3563450038,0,2,-5,-2,2,22,-2052
3563451038,0,-2,-2,-2,8,27,-2040
3563452038,0,1,-3,-3,1,18,-2039
3563453038,0,4,-3,-4,3,29,-2051
3563454038,0,-1,2,-4,8,17,-2041
3563455038,0,4,-5,-3,10,26,-2045
3563456038,0,3,-4,-4,-1,24,-2046
3563457038,0,-2,-1,-4,2,21,-2048
3563458038,0,5,-2,-4,3,26,-2038
3563459038,0,3,-4,-7,11,23,-2050
3563460038,0,2,-4,-2,-3,24,-2049
3563461038,0,1,-5,0,1,23,-2040
3563462038,0,1,0,1,5,15,-2049
3563463038,0,4,-3,-3,1,20,-2046
3563464038,0,-2,-2,-1,2,30,-2042
3563465038,0,2,0,-1,-3,19,-2039
3563466038,0,2,-2,-4,4,23,-2041
3563467038,0,1,-3,-6,-7,23,-2037
3563468038,0,4,-4,-6,0,27,-2048
3563469038,0,4,-2,-7,1,23,-2048
3563470038,0,5,-6,-9,9,26,-2049
3563471038,0,6,-5,-5,5,19,-2049
3563472038,0,0,-1,-1,5,22,-2050
3563473038,0,-1,0,-4,4,22,-2042
3563474038,0,1,-2,-1,1,21,-2048
3563475038,0,3,-3,-1,-5,23,-2044
3563476038,0,3,-3,-5,-4,21,-2033
3563477038,0,5,-3,-3,5,22,-2047
3563478038,0,2,0,-2,10,20,-2049
3563479038,0,-3,1,-1,4,23,-2043
3563480038,0,5,0,-4,1,20,-2039
3563481038,0,-1,0,-2,0,26,-2044
3563482038,0,3,-2,-3,-1,21,-2044
3563483038,0,-1,-3,-4,-1,27,-2045
3563484038,0,1,-2,-3,4,23,-2041
3563485038,0,1,-1,-4,1,29,-2048
3563486038,0,-1,-2,-3,9,27,-2047
3563487038,0,0,-3,-2,0,21,-2044
3563488038,0,1,-3,-3,1,19,-2047
3563489038,0,2,-3,-6,3,22,-2039
3563490038,0,1,-2,0,8,14,-2039
3563491038,0,3,-2,-6,7,28,-2045
3563492038,0,2,-4,-6,-2,30,-2046
3563493038,0,4,-3,-5,3,25,-2052
3563494038,0,1,-2,-4,3,30,-2048
3563495038,0,4,-2,-3,8,19,-2045
3563496038,0,1,-2,-3,9,21,-2046
3563497038,0,2,-8,-3,4,24,-2048
3563498038,0,2,-4,-3,1,21,-2052
3563499038,0,0,-1,-5,6,21,-2041
3563500038,0,3,-5,-2,7,30,-2047
3563501038,0,0,-3,-4,5,20,-2039
3563502038,0,1,-1,-1,7,23,-2041
3563503038,0,3,-2,-2,7,30,-2051
3563504038,0,1,-1,-5,1,20,-2042
3563505038,0,6,-7,-8,-3,28,-2043
3563506038,0,3,-4,0,5,20,-2051
3563507038,0,0,-1,-1,1,19,-2050
3563508038,0,2,-2,-4,0,25,-2047
3563509038,0,2,-7,-4,4,23,-2041
3563510038,0,7,-3,-6,6,21,-2047
3563511038,0,5,-6,-6,2,20,-2037
3563512038,0,4,-3,-7,9,25,-2044
3563513038,0,2,-3,-2,0,27,-2041
3563514038,0,7,-5,-3,0,22,-2046
3563515038,0,1,0,-2,-3,24,-2044
3563516038,0,2,-2,-5,-3,23,-2043
3563517038,0,0,-2,0,-1,26,-2046
3563518038,0,-2,-1,-3,6,24,-2045
3563519038,0,-1,-3,-4,9,27,-2047
3563520038,0,3,-4,-6,15,27,-2043
3563521038,0,5,-6,-5,3,23,-2044
3563522038,0,4,-3,-3,-2,28,-2051
3563523038,0,2,-2,-2,2,31,-2038
3563524038,0,1,-3,-4,8,28,-2042
3563525038,0,2,-5,-2,13,24,-2039
3563526038,0,1,-4,-3,8,23,-2037
3563527038,0,-2,-1,-1,5,19,-2040
3563528038,0,-2,-1,-2,7,27,-2046
3563529038,0,0,-1,-3,4,24,-2047
3563530038,0,2,1,-4,-1,20,-2044
3563531038,0,2,1,-2,1,24,-2045
3563532038,0,4,-2,-1,11,26,-2046
3563533038,0,1,-1,-4,6,25,-2043
3563534038,0,4,-1,-5,2,18,-2043
3563535038,0,3,-4,-5,1,17,-2045
3563536038,0,-2,1,-2,-1,10,-2044
3563537038,0,2,0,-2,0,25,-2049
3563538038,0,4,0,-2,10,25,-2044
3563539038,0,2,-1,-2,2,25,-2044
3563540038,0,3,-4,-4,9,19,-2048
3563541038,0,2,-4,-5,0,31,-2049
3563542038,0,2,-2,-1,4,22,-2040
3563543038,0,5,-1,-2,0,19,-2047
3563544038,0,5,-1,0,-1,27,-2037
3563545038,0,0,-1,-5,3,24,-2044
3563546038,0,1,-2,-3,-2,23,-2049
3563547038,0,1,-3,-4,5,24,-2036
3563548038,0,-2,-2,-2,-1,18,-2046
3563549038,0,1,-2,-3,2,24,-2042
3563550038,0,4,-1,-5,8,24,-2040
3563551038,0,2,-1,-4,2,23,-2040
3563552038,0,1,1,-3,1,29,-2043
3563553038,0,5,-4,-7,4,20,-2050
3563554038,0,0,-2,-3,12,18,-2047
3563555038,0,3,-3,-3,6,23,-2040
3563556038,0,3,-2,-3,7,25,-2040
3563557038,0,3,-5,-3,1,18,-2048
3563558038,0,5,-1,-2,6,26,-2045
3563559038,0,2,-1,-3,1,20,-2041
3563560038,0,5,-5,-6,5,18,-2046
3563561038,0,1,-2,-6,9,15,-2047
3563562038,0,5,-6,-6,7,23,-2039
3563563038,0,2,-1,-5,0,29,-2046
3563564038,0,3,-4,-3,-6,26,-2042
3563565038,0,4,0,-1,4,22,-2043
3563566038,0,3,1,3,5,31,-2054
3563567038,0,2,-2,-1,-4,21,-2049
3563568038,0,5,-2,-2,-3,24,-2043
3563569038,0,0,-3,-2,0,17,-2034
3563570038,0,2,-2,-4,-2,22,-2043
3563571038,0,-1,-8,-7,6,27,-2044
3563572038,0,2,-2,0,6,23,-2052
3563573038,0,7,0,-5,4,22,-2046
3563574038,0,2,0,-3,2,28,-2044
3563575038,0,0,-2,-4,6,19,-2045
3563576038,0,6,-3,-5,4,28,-2047
3563577038,0,-1,-1,-4,4,20,-2046
3563578038,0,3,-3,-3,-1,25,-2040
3563579038,0,1,-2,-5,-5,22,-2050
3563580038,0,5,-6,-6,9,29,-2048
3563581038,0,4,-2,-3,6,23,-2043
3563582038,0,2,-1,-1,5,22,-2046
3563583038,0,2,-1,1,-2,27,-2046
3563584038,0,3,-5,-5,4,17,-2044
3563585038,0,2,-2,-6,1,24,-2053
3563586038,0,4,-5,-5,0,22,-2048
3563587038,0,2,-4,-6,7,16,-2044
3563588038,0,4,-3,-3,2,21,-2051
3563589038,0,2,-1,-4,3,23,-2044
3563590038,0,3,0,-2,8,15,-2050
3563591038,0,3,-6,-7,-3,22,-2053
3563592038,0,3,-6,-1,-2,23,-2039
3563593038,0,3,-5,-2,-4,25,-2042
3563594038,0,2,-2,-3,4,31,-2036
3563595038,0,3,2,-4,7,23,-2043
3563596038,0,3,-4,-6,6,19,-2043
3563597038,0,0,-4,-1,-4,22,-2052
3563598038,0,3,-3,-5,7,21,-2048
3563599038,0,1,-1,-3,6,23,-2045
3563600038,0,5,-3,-3,7,29,-2043
3563601038,0,5,-5,-4,-5,27,-2052
3563602038,0,5,-5,-2,6,19,-2048
3563603038,0,5,-2,-6,11,23,-2048
3563604038,0,2,-1,-3,3,25,-2035
3563605038,0,3,-3,-2,6,17,-2043
3563606038,0,3,-4,-4,1,19,-2040
3563607038,0,-2,-2,0,2,24,-2039
3563608038,0,2,-1,-1,7,19,-2049
3563609038,0,-2,2,-3,4,22,-2047
3563610038,0,4,-5,-2,4,22,-2042
3563611038,0,5,-4,-1,-1,22,-2045
3563612038,0,4,-2,-5,-1,26,-2040
3563613038,0,4,-7,-1,0,16,-2048
3563614038,0,-2,1,-2,5,20,-2042
3563615038,0,2,-3,-6,0,22,-2034
3563616038,0,5,-4,-6,2,29,-2040
3563617038,0,1,-2,-4,7,21,-2042
3563618038,0,0,-2,-5,-2,26,-2042
3563619038,0,2,-5,-3,2,28,-2036
3563620038,0,2,-4,-6,3,22,-2046
3563621038,0,1,-5,-1,3,25,-2042
3563622038,0,1,-2,-2,3,24,-2044
3563623038,0,-1,-1,-2,4,24,-2046
3563624038,0,2,-2,0,4,22,-2046
3563625038,0,2,-2,-3,-1,27,-2045
3563626038,0,1,-3,-1,6,27,-2040
3563627038,0,1,1,0,12,23,-2031
3563628038,0,5,1,0,1,22,-2047
3563629038,0,4,-2,-5,1,26,-2051
3563630038,0,7,-2,-4,4,23,-2050
3563631038,0,2,-1,-2,-1,27,-2046
3563632038,0,3,-5,-7,5,25,-2047
3563633038,0,2,-1,-2,13,26,-2042
3563634038,0,0,-4,-2,9,25,-2044
3563635038,0,1,-1,-2,6,24,-2048
3563636038,0,0,-1,-3,12,24,-2045
3563637038,0,5,-3,-5,-2,25,-2043
3563638038,0,3,-3,-5,-4,23,-2050
3563639038,0,3,-2,-6,6,26,-2046
3563640038,0,3,1,-4,5,22,-2054
3563641038,0,-1,0,-3,11,25,-2043
3563642038,0,0,0,0,5,27,-2046
3563643038,0,2,-1,-5,8,30,-2051
3563644038,0,2,0,-3,-1,26,-2050
3563645038,0,8,-3,-4,-6,23,-2042
3563646038,0,-2,-2,-5,8,20,-2036
3563647038,0,4,-5,-3,11,29,-2048
3563648038,0,5,-1,-3,-1,17,-2048
3563649038,0,1,-3,-1,13,22,-2045
3563650038,0,0,-1,-4,12,24,-2042
3563651038,0,1,-2,-4,3,19,-2052
3563652038,0,4,-3,-1,6,24,-2051
3563653038,0,3,-2,-4,2,28,-2041
3563654038,0,3,-3,-3,7,26,-2049
3563655038,0,3,-3,-4,11,24,-2042
3563656038,0,4,-3,-7,0,15,-2041
3563657038,0,-1,-1,-5,2,22,-2042
3563658038,0,5,-5,-5,6,24,-2046
3563659038,0,1,2,0,3,27,-2037
3563660038,0,-1,-2,-1,5,22,-2046
3563661038,0,1,0,-1,-5,26,-2041
3563662038,0,3,-4,-3,-5,18,-2043
3563663038,0,3,1,-3,4,29,-2042
3563664038,0,0,-3,-5,1,20,-2042
3563665038,0,6,-1,-3,2,21,-2048
3563666038,0,0,-3,-5,6,27,-2043
3563667038,0,1,-1,-4,3,18,-2041
3563668038,0,3,-1,-5,3,24,-2046
3563669038,0,2,-7,-5,-3,20,-2042
3563670038,0,1,-1,-4,0,27,-2048
3563671038,0,3,-3,-5,3,19,-2048
3563672038,0,3,-2,-2,6,15,-2047
3563673038,0,1,1,-2,4,29,-2048
3563674038,0,5,-2,-3,-2,28,-2047
3563675038,0,1,-1,-3,13,23,-2048
3563676038,0,1,-3,-5,-1,24,-2046
3563677038,0,2,-3,-1,0,21,-2040
3563678038,0,1,-1,-4,-5,24,-2043
3563679038,0,1,-1,-4,-1,17,-2039
3563680038,0,3,-5,-4,6,20,-2048
3563681038,0,1,-2,-3,9,27,-2045
3563682038,0,4,-3,-6,4,25,-2048
3563683038,0,6,-4,-9,7,28,-2051
3563684038,0,4,-2,-6,8,22,-2047
3563685038,0,-1,-3,0,-4,23,-2046
3563686038,0,-1,-4,-6,2,25,-2044
3563687038,0,0,-3,-3,6,25,-2047
3563688038,0,0,-4,-2,1,17,-2040
3563689038,0,1,0,0,-4,22,-2052
3563690038,0,2,-3,-4,2,12,-2047
3563691038,0,3,-3,-5,0,18,-2047
3563692038,0,5,-1,-2,3,25,-2049
3563693038,0,4,-5,-2,4,25,-2043
3563694038,0,0,-4,-2,4,23,-2051
3563695038,0,1,-3,-1,4,21,-2042
3563696038,0,0,0,-2,3,24,-2047
3563697038,0,0,-2,-4,1,19,-2044
3563698038,0,6,-4,-7,-1,25,-2044
3563699038,0,4,0,-2,0,16,-2045
3563700038,0,4,-3,-5,0,21,-2040
3563701038,0,1,-2,-2,-3,30,-2051
3563702038,0,3,-2,-4,6,25,-2042
3563703038,0,1,-4,-5,-3,28,-2046
3563704038,0,1,-3,-5,-6,23,-2045
3563705038,0,-1,0,-2,-2,28,-2042
3563706038,0,5,-2,-5,1,22,-2042
3563707038,0,4,-2,-4,-2,21,-2035
3563708038,0,2,1,-5,2,24,-2050
3563709038,0,5,-2,-3,2,23,-2050
3563710038,0,-2,-1,-5,2,22,-2049
3563711038,0,3,-2,-2,-4,27,-2055
3563712038,0,1,-3,-3,5,20,-2041
3563713038,0,1,-2,-6,5,26,-2047
3563714038,0,4,-3,-1,3,27,-2046
3563715038,0,5,-5,-5,4,19,-2044
3563716038,0,1,-2,-5,-1,16,-2051
3563717038,0,5,-4,-6,2,33,-2042
3563718038,0,1,0,-4,2,22,-2054
3563719038,0,2,-3,-3,3,23,-2045
3563720038,0,2,-3,-3,-2,30,-2057
3563721038,0,0,-2,-4,10,19,-2043
3563722038,0,2,-2,1,12,25,-2051
3563723038,0,-1,-1,-3,-4,19,-2050
3563724038,0,-2,2,0,-1,25,-2051
3563725038,0,3,-6,0,3,22,-2046
3563726038,0,3,-4,-1,1,27,-2048
3563727038,0,4,-3,-2,0,34,-2048
3563728038,0,5,-5,-5,0,22,-2040
3563729038,0,3,-3,-3,6,22,-2051
3563730038,0,1,-5,-2,-6,27,-2047
3563731038,0,0,-1,-3,8,24,-2042
3563732038,0,1,-2,-6,2,26,-2040
3563733038,0,5,-3,-7,4,23,-2040
3563734038,0,8,-3,-5,7,26,-2045
3563735038,0,5,-3,-3,6,23,-2046
3563736038,0,3,-4,-4,-5,26,-2050
3563737038,0,1,2,-5,3,26,-2048
3563738038,0,3,-2,-2,2,24,-2044
3563739038,0,4,-3,-1,4,21,-2052
3563740038,0,0,0,-2,3,20,-2044
3563741038,0,3,-3,-2,6,24,-2041
3563742038,0,2,2,-4,0,29,-2048
3563743038,0,2,-3,-1,-1,24,-2047
3563744038,0,1,-2,-3,7,16,-2044
3563745038,0,-1,-1,-2,-3,26,-2055
3563746038,0,4,-3,-4,7,19,-2045
3563747038,0,2,1,-2,0,16,-2045
3563748038,0,2,-1,-3,6,19,-2038
3563749038,0,3,0,-5,2,28,-2047
3563750038,0,4,-3,-6,9,21,-2047
3563751038,0,3,-1,-4,6,24,-2046
3563752038,0,0,-2,-6,6,24,-2047
3563753038,0,0,-1,-2,8,25,-2041
3563754038,0,0,-1,-3,3,22,-2043
3563755038,0,2,1,1,12,27,-2034
3563756038,0,1,2,0,10,24,-2045
3563757038,0,-3,-2,-2,-4,18,-2042
3563758038,0,0,0,-4,1,16,-2047
3563759038,0,5,-4,-3,2,18,-2048
3563760038,0,0,-2,-1,2,21,-2051
3563761038,0,5,0,-3,0,24,-2047
3563762038,0,6,-6,-5,0,20,-2049
3563763038,0,1,3,-2,-1,22,-2048
3563764038,0,3,-4,-1,1,24,-2048
3563765038,0,3,-5,-5,6,24,-2047
3563766038,0,4,-3,-2,9,23,-2043
3563767038,0,-1,0,1,10,23,-2042
3563768038,0,3,-1,-5,-3,25,-2042
3563769038,0,0,2,-2,4,21,-2048
3563770038,0,3,-3,-3,10,20,-2047
3563771038,0,1,-4,-2,8,25,-2041
3563772038,0,4,-2,-2,-1,17,-2044
3563773038,0,4,-2,-4,3,20,-2043
3563774038,0,2,-1,-5,3,25,-2052
3563775038,0,0,0,-1,3,24,-2045
3563776038,0,3,-3,-3,2,29,-2040
3563777038,0,1,-1,-6,7,24,-2049
3563778038,0,1,-4,-3,7,23,-2043
3563779038,0,4,-4,-8,0,32,-2048
3563780038,0,2,0,-4,12,26,-2045
3563781038,0,3,-1,-7,1,23,-2046
3563782038,0,1,2,-4,1,24,-2046
3563783038,0,0,-2,-5,0,25,-2047
3563784038,0,2,-4,-5,-2,20,-2051
3563785038,0,-3,-5,-2,8,25,-2040
3563786038,0,1,-3,1,6,13,-2045
3563787038,0,1,-2,-2,3,25,-2049
3563788038,0,-1,-1,-2,0,19,-2044
3563789038,0,4,-6,-4,6,22,-2051
3563790038,0,2,-3,-2,-2,20,-2038
3563791038,0,5,-4,-6,5,23,-2046
3563792038,0,0,-1,0,7,20,-2049
3563793038,0,0,2,-1,5,20,-2039
3563794038,0,1,-3,-4,0,27,-2045
3563795038,0,3,-3,-2,7,21,-2048
3563796038,0,-1,0,-5,2,27,-2042
3563797038,0,4,-7,-6,4,29,-2042
3563798038,0,2,-1,-4,-4,24,-2046
3563799038,0,-1,-3,-2,1,27,-2047
3563800038,0,1,-4,-2,3,28,-2044
3563801038,0,0,-2,-3,3,24,-2045
3563802038,0,3,-1,-6,-3,19,-2042
3563803038,0,1,-2,-5,11,24,-2039
3563804038,0,4,-3,-5,-2,26,-2050
3563805038,0,-1,3,-1,6,19,-2055
3563806038,0,4,-2,-5,-1,22,-2052
3563807038,0,3,-3,-5,-3,24,-2044
3563808038,0,3,-5,-3,1,26,-2041
3563809038,0,1,-1,-5,1,22,-2050
3563810038,0,2,-4,-6,1,23,-2046
3563811038,0,4,-4,-2,5,25,-2040
3563812038,0,3,-6,-5,2,27,-2045
3563813038,0,1,-5,-3,3,25,-2041
3563814038,0,3,-7,-4,-2,24,-2048
3563815038,0,0,2,-1,0,25,-2046
3563816038,0,5,-3,-2,11,18,-2047
3563817038,0,2,-1,-1,5,20,-2050
3563818038,0,1,0,0,4,23,-2050
3563819038,0,5,-3,-4,3,17,-2042
3563820038,0,-2,0,-2,-1,20,-2049
3563821038,0,5,-1,-4,4,22,-2044
3563822038,0,3,-2,-4,-6,25,-2043
3563823038,0,0,-4,-5,10,24,-2045
3563824038,0,0,0,-4,3,24,-2038
3563825038,0,1,-3,-2,-1,25,-2049
3563826038,0,3,-2,-3,2,21,-2041
3563827038,0,1,-2,-3,4,18,-2042
3563828038,0,1,0,-4,11,24,-2039
3563829038,0,2,-1,-5,12,24,-2040
3563830038,0,3,-6,-1,16,17,-2047
3563831038,0,5,-2,0,6,25,-2045
3563832038,0,3,1,-5,2,24,-2044
3563833038,0,0,1,-1,9,23,-2050
3563834038,0,3,1,-3,3,19,-2035
3563835038,0,-1,-1,-5,-1,26,-2044
3563836038,0,-1,-1,-2,2,24,-2046
3563837038,0,5,-7,-3,2,23,-2048
3563838038,0,3,-2,-3,0,20,-2039
3563839038,0,1,-1,-3,6,28,-2045
3563840038,0,3,-4,-4,2,21,-2050
3563841038,0,0,-3,-3,5,29,-2048
3563842038,0,3,-2,-5,-1,30,-2035
3563843038,0,1,-2,-6,-2,25,-2044
3563844038,0,2,-1,-6,-4,18,-2050
3563845038,0,-2,0,-2,13,33,-2039
3563846038,0,4,-3,-4,12,14,-2045
3563847038,0,1,-1,-3,4,15,-2049
3563848038,0,1,-4,0,4,23,-2049
3563849038,0,3,-1,1,6,26,-2044
3563850038,0,2,-5,-3,0,17,-2046
3563851038,0,2,-3,-1,7,25,-2048
3563852038,0,1,-4,-5,2,24,-2045
3563853038,0,-1,-6,-3,8,26,-2039
3563854038,0,2,-4,-5,-1,22,-2046
3563855038,0,5,-4,-2,6,21,-2044
3563856038,0,0,-2,-3,4,19,-2042
3563857038,0,1,-1,-5,0,21,-2051
3563858038,0,-1,-4,-2,-3,21,-2045
3563859038,0,4,-4,-2,0,24,-2052
3563860038,0,2,-2,-4,3,26,-2045
3563861038,0,3,-2,-2,9,20,-2047
3563862038,0,4,0,-2,6,13,-2045
3563863038,0,-1,-1,-2,6,29,-2043
3563864038,0,0,-4,-3,1,22,-2052
3563865038,0,1,1,-5,6,21,-2046
3563866038,0,2,-4,-5,10,25,-2046
3563867038,0,5,-5,-6,5,25,-2047
3563868038,0,4,-3,-4,7,25,-2041
3563869038,0,1,-2,-3,1,27,-2044
3563870038,0,1,-1,-5,-1,27,-2046
3563871038,0,-1,0,-3,-4,24,-2044
3563872038,0,2,-2,-6,0,27,-2037
3563873038,0,1,-2,-3,4,25,-2038
3563874038,0,0,0,-3,3,25,-2045
3563875038,0,4,-5,-5,-2,26,-2045
3563876038,0,6,-4,-3,7,23,-2047
3563877038,0,3,-1,-6,-3,23,-2045
3563878038,0,1,-5,-4,2,26,-2039
3563879038,0,1,0,-1,7,22,-2038
3563880038,0,4,-2,-3,1,23,-2046
3563881038,0,2,-1,-6,5,25,-2046
3563882038,0,3,-1,-3,-3,30,-2044
3563883038,0,0,-1,-3,-3,28,-2050
3563884038,0,2,1,-2,1,22,-2044
3563885038,0,1,0,-3,1,21,-2035
3563886038,0,4,-1,-5,4,25,-2054
3563887038,0,6,-3,-1,13,21,-2037
3563888038,0,-1,-1,-1,5,33,-2048
3563889038,0,4,0,-3,2,17,-2040
3563890038,0,4,-4,-4,9,24,-2052
3563891038,0,3,-3,-4,0,24,-2048
3563892038,0,-2,1,-5,-2,28,-2043
3563893038,0,3,-3,-6,3,22,-2043
3563894038,0,4,-2,-5,2,23,-2037
3563895038,0,2,0,-3,3,22,-2039
3563896038,0,2,-3,-1,2,31,-2053
3563897038,0,0,1,-5,8,23,-2047
3563898038,0,3,-2,-2,11,26,-2042
3563899038,0,6,-6,-8,3,27,-2050
3563900038,0,1,-2,-2,9,19,-2047
3563901038,0,2,-5,-5,4,18,-2043
3563902038,0,2,-3,-4,-5,25,-2047
3563903038,0,1,-3,-4,0,21,-2050
3563904038,0,5,-4,-4,1,23,-2041
3563905038,0,1,-4,-4,5,24,-2044
3563906038,0,4,-3,-2,6,24,-2047
3563907038,0,4,-4,-4,0,24,-2055
3563908038,0,4,-2,2,2,19,-2039
3563909038,0,4,-2,-5,6,27,-2047
3563910038,0,2,2,-1,7,20,-2043
3563911038,0,3,-6,-4,4,25,-2051
3563912038,0,5,-2,-5,1,27,-2048
3563913038,0,0,-2,-5,7,23,-2042
3563914038,0,0,-1,-2,4,21,-2044
3563915038,0,2,1,-2,-5,18,-2045
3563916038,0,5,-6,-3,1,20,-2046
3563917038,0,2,-1,-5,-3,32,-2049
3563918038,0,3,-4,-1,2,17,-2044
3563919038,0,2,-3,-7,2,20,-2043
3563920038,0,5,-3,-3,0,24,-2047
3563921038,0,0,0,-1,4,24,-2039
3563922039,0,1,0,-5,8,27,-2054
3563923038,0,3,-6,-6,4,22,-2040
3563924039,0,5,-2,-5,-3,26,-2049
3563925040,0,2,-4,-9,10,22,-2039
3563926038,0,0,0,-2,0,27,-2038
3563927038,0,3,-3,-4,5,23,-2047
3563928038,0,0,-3,-5,3,28,-2046
3563929038,0,5,-2,-2,3,21,-2052
3563930038,0,1,0,-2,8,26,-2049
3563931038,0,2,-3,-4,0,27,-2041
3563932038,0,0,-2,-2,-7,22,-2047
3563933038,0,2,-2,-3,3,19,-2041
3563934038,0,4,-2,-2,0,15,-2045
3563935038,0,-1,0,1,1,16,-2053
3563936038,0,5,-1,-1,3,22,-2054
3563937038,0,3,-4,-3,2,26,-2045
3563938038,0,4,-2,-3,5,26,-2040
3563939038,0,6,-8,-6,3,23,-2040
3563940038,0,2,-3,-4,5,28,-2038
3563941038,0,4,-2,-1,5,28,-2041
3563942038,0,-2,-3,-3,0,19,-2051
3563943038,0,-2,1,-1,6,22,-2045
3563944038,0,2,-3,-6,9,22,-2047
3563945038,0,5,0,-5,2,26,-2039
3563946038,0,2,-1,-2,-1,22,-2048
3563947038,0,4,-3,-2,-1,24,-2042
3563948038,0,4,-4,-3,10,25,-2045
3563949038,0,1,-5,-5,4,29,-2043
3563950038,0,2,0,-2,6,29,-2040
3563951038,0,3,0,-5,1,15,-2055
3563952038,0,4,-1,-4,7,22,-2051
3563953038,0,1,0,-4,1,29,-2041
3563954038,0,1,-1,-3,5,30,-2051
3563955038,0,2,-2,1,-2,29,-2050
3563956038,0,1,1,-5,3,16,-2047
3563957038,0,2,-3,-3,17,19,-2042
3563958038,0,1,-1,-3,3,24,-2045
3563959038,0,-2,-4,-1,4,20,-2046
3563960038,0,2,-6,-3,6,19,-2044
3563961038,0,2,0,-4,2,15,-2039
3563962038,0,3,-2,-2,-6,17,-2049
3563963038,0,6,-4,-5,1,24,-2052
3563964038,0,8,-3,-6,3,21,-2038
3563965038,0,-1,2,-6,7,21,-2042
3563966038,0,4,-4,-5,5,23,-2041
3563967038,0,-2,0,-4,2,25,-2042
3563968038,0,3,-5,-2,-3,24,-2036
3563969038,0,3,-4,-4,11,19,-2050
3563970038,0,0,1,-3,3,24,-2045
3563971038,0,-1,-7,-4,-6,26,-2053
3563972038,0,2,0,-3,4,29,-2044
3563973038,0,4,-5,-7,12,25,-2039
3563974038,0,-2,1,1,0,16,-2042
3563975038,0,2,0,-3,5,21,-2052
3563976038,0,1,-2,0,-3,25,-2044
3563977038,0,0,1,-2,5,25,-2049
3563978038,0,-1,-4,-6,4,31,-2047
3563979038,0,2,-1,-3,5,24,-2040
3563980038,0,2,-1,-4,4,22,-2043
3563981038,0,2,-1,-3,-8,20,-2042
3563982038,0,2,-3,-7,5,23,-2046
3563983038,0,1,-2,-3,-5,24,-2047
3563984038,0,2,-3,-2,6,25,-2046
3563985038,0,0,-4,-4,7,19,-2039
3563986038,0,0,-2,-1,0,24,-2047
3563987038,0,3,-3,-2,-1,20,-2041
3563988038,0,3,-3,-6,3,20,-2040
3563989038,0,4,-5,-6,-6,19,-2055
3563990038,0,3,-1,-3,8,17,-2043
3563991038,0,0,0,-3,2,33,-2049
3563992038,0,2,-2,-4,-2,23,-2033
3563993038,0,5,-2,-2,3,21,-2043
3563994038,0,4,-2,-3,2,26,-2039
3563995038,0,2,-1,-1,7,20,-2041
3563996038,0,-2,0,-2,-1,26,-2043
3563997038,0,1,-5,-4,2,27,-2044
3563998038,0,2,-3,-1,6,21,-2035
3563999038,0,1,-1,-4,4,28,-2049
3564000038,0,-1,-6,-4,-1,24,-2036
3564001038,0,1,-2,-4,5,21,-2041
3564002038,0,3,0,1,2,21,-2044
3564003038,0,2,-6,-2,4,19,-2043
3564004038,0,0,0,-3,7,26,-2048
3564005038,0,3,-4,-6,0,23,-2047
3564006038,0,3,-1,-3,-3,22,-2048
3564007038,0,-2,2,-2,-2,29,-2042
3564008038,0,2,-3,-4,7,24,-2048
3564009038,0,3,-2,-5,6,23,-2039
3564010038,0,1,-2,-3,6,22,-2045
3564011038,0,2,-2,-4,5,26,-2044
3564012038,0,1,-3,-5,8,21,-2045
3564013038,0,-1,0,-1,-2,25,-2046
3564014038,0,6,-2,-4,2,18,-2044
3564015038,0,3,-1,-5,3,23,-2042
3564016038,0,0,0,0,4,22,-2051
3564017038,0,-1,1,-4,9,19,-2047
3564018038,0,-2,-2,-1,2,23,-2046
3564019038,0,2,-2,-5,-2,21,-2046
3564020038,0,0,-2,0,-1,21,-2046
3564021038,0,3,-4,-2,5,23,-2049
3564022038,0,5,-3,-5,2,15,-2038
3564023038,0,3,-5,-5,1,30,-2040
3564024038,0,3,0,-2,1,28,-2046
3564025038,0,2,-3,-4,2,29,-2044
3564026038,0,3,-5,-6,5,18,-2047
3564027038,0,2,-2,-6,7,21,-2043
3564028038,0,2,-4,-3,-3,24,-2045
3564029038,0,2,-3,-2,3,11,-2048
3564030038,0,3,-2,-1,5,24,-2040
3564031038,0,2,0,-1,10,20,-2048
3564032038,0,2,0,0,13,21,-2046
3564033038,0,1,-3,-4,3,28,-2052
3564034038,0,2,-2,-2,7,27,-2054
3564035038,0,2,-3,-4,-5,26,-2057
3564036038,0,1,-5,-5,2,27,-2042
3564037038,0,5,-2,-3,1,24,-2040
3564038038,0,2,0,0,6,22,-2043
3564039038,0,0,2,-2,1,20,-2038
3564040038,0,2,-6,-2,4,27,-2052
3564041038,0,1,-1,-2,2,19,-2048
3564042038,0,0,-2,-3,8,26,-2043
3564043038,0,1,-2,-5,7,26,-2042
3564044038,0,-1,-4,-6,0,23,-2045
3564045038,0,5,-4,-4,4,24,-2047
3564046038,0,1,-2,-4,-3,24,-2047
3564047038,0,-1,-3,-3,0,16,-2042
3564048038,0,4,-2,-3,0,23,-2038
3564049038,0,2,-2,-2,2,20,-2048
3564050038,0,-1,-3,-1,7,20,-2043
3564051038,0,1,-1,-4,3,27,-2040
3564052038,0,1,-4,-2,11,28,-2051
3564053038,0,2,-3,-4,6,20,-2039
3564054038,0,0,-2,-2,-2,24,-2038
3564055038,0,5,-1,-8,-3,21,-2051
3564056038,0,7,-2,-2,10,19,-2038
3564057038,0,4,-3,-6,11,21,-2042
3564058038,0,3,-1,-7,2,25,-2049
3564059038,0,0,-4,-2,4,20,-2047
3564060038,0,-1,-1,-3,0,28,-2041
3564061038,0,0,0,-3,4,30,-2050
3564062038,0,3,-3,-2,-3,22,-2040
3564063038,0,1,-2,-4,-1,15,-2041
3564064038,0,2,-1,-3,0,19,-2046
3564065038,0,3,-4,-4,6,24,-2049
3564066038,0,0,0,-2,5,21,-2048
3564067038,0,1,-3,-1,5,20,-2047
3564068038,0,0,-3,-5,-1,25,-2046
3564069038,0,3,-1,0,2,26,-2043
3564070038,0,3,-2,-2,5,27,-2047
3564071038,0,3,-2,-3,6,24,-2042
3564072038,0,3,-3,-6,1,26,-2041
3564073038,0,2,-1,-4,9,23,-2047
3564074038,0,-1,-2,-5,2,18,-2047
3564075038,0,4,-2,-4,0,25,-2044
3564076038,0,1,0,-4,3,27,-2045
3564077038,0,6,-4,-6,8,19,-2045
3564078038,0,1,-2,-5,0,20,-2045
3564079038,0,-1,2,-2,5,27,-2048
3564080038,0,2,-3,-2,6,23,-2044
3564081038,0,3,-1,-5,-3,23,-2044
3564082038,0,5,-1,-4,6,27,-2039
3564083038,0,4,0,-1,11,27,-2043
3564084038,0,4,-6,-5,12,22,-2050
3564085038,0,4,-4,-2,2,22,-2043
3564086038,0,4,-5,-2,4,25,-2043
3564087038,0,1,-4,0,6,19,-2045
3564088038,0,4,-5,-6,0,22,-2045
3564089038,0,0,3,-2,1,16,-2041
3564090038,0,1,-2,-2,3,17,-2038
3564091038,0,3,0,-3,8,28,-2042
3564092038,0,3,-4,-5,-2,35,-2049
3564093038,0,3,-2,-3,1,34,-2050
3564094038,0,3,-3,0,8,29,-2046
3564095038,0,3,-2,-2,4,21,-2047
3564096038,0,2,-3,-6,9,23,-2043
3564097038,0,2,-1,-4,4,25,-2050
3564098038,0,1,0,-5,3,22,-2058
3564099038,0,2,0,-5,-6,23,-2048
3564100038,0,6,-4,-8,7,20,-2043
3564101038,0,2,-4,-6,11,20,-2043
3564102038,0,6,0,-4,-6,26,-2051
3564103038,0,-1,0,-2,3,19,-2049
3564104038,0,0,-3,-3,4,26,-2041
3564105038,0,2,-4,-6,3,28,-2040
3564106038,0,2,-3,-2,5,24,-2048
3564107038,0,4,-3,-3,-3,18,-2048
3564108038,0,4,-3,-5,6,28,-2045
3564109038,0,2,-1,-3,5,24,-2042
3564110038,0,1,-5,-4,5,20,-2047
3564111038,0,0,-1,-3,-2,31,-2046
3564112038,0,4,-3,-4,-5,23,-2042
3564113038,0,2,-2,-1,8,21,-2051
3564114038,0,0,-4,-4,2,27,-2039
3564115038,0,0,-3,-4,-4,19,-2044
3564116038,0,1,0,-3,0,25,-2050
3564117038,0,0,-4,-1,4,25,-2045
3564118038,0,5,-2,-5,1,29,-2045
3564119038,0,-2,-1,-4,8,20,-2045
3564120038,0,3,-5,-3,2,27,-2047
3564121038,0,2,-1,-7,1,25,-2041
3564122038,0,4,-1,-6,7,25,-2053
3564123038,0,1,-3,-5,7,23,-2044
3564124038,0,2,-3,-5,3,17,-2043
3564125038,0,-2,0,-6,-1,19,-2045
3564126038,0,3,-4,-5,11,30,-2044
3564127038,0,3,-3,-3,4,19,-2051
3564128038,0,3,-2,-3,3,25,-2047
3564129038,0,1,-2,-4,4,24,-2045
3564130038,0,3,-1,0,2,13,-2043
3564131038,0,3,-3,-1,-1,20,-2042
3564132038,0,0,-1,2,-3,23,-2047
3564133038,0,0,-3,-4,-1,22,-2047
3564134038,0,0,-2,-1,2,24,-2049
3564135038,0,1,-1,-4,-3,22,-2046
3564136038,0,6,-3,-6,7,23,-2039
3564137038,0,3,-4,-1,7,32,-2046
3564138038,0,0,-1,-2,3,19,-2041
3564139038,0,3,-5,-7,0,22,-2044
3564140038,0,3,-2,-4,5,23,-2043
3564141038,0,5,-1,-5,1,26,-2040
3564142038,0,4,-3,-4,3,22,-2045
3564143038,0,1,1,-4,1,28,-2045
3564144038,0,3,0,-3,4,29,-2046
3564145038,0,2,-8,-8,7,21,-2055
3564146038,0,5,-2,-4,7,21,-2043
3564147038,0,3,-1,-1,8,27,-2038
3564148038,0,1,-3,-3,6,22,-2044
3564149038,0,0,0,4,3,22,-2046
3564150038,0,3,-5,-5,7,24,-2050
3564151038,0,3,-5,-4,-1,19,-2044
3564152038,0,2,-2,-4,3,22,-2040
3564153038,0,-3,-1,-1,-4,20,-2041
3564154038,0,4,0,-4,-2,23,-2048
3564155038,0,4,-2,-8,4,14,-2042
3564156038,0,2,-1,-3,1,20,-2036
3564157038,0,1,0,-5,3,18,-2033
3564158038,0,-1,0,-3,7,28,-2039
3564159038,0,2,-4,-3,-2,18,-2048
3564160038,0,-3,0,-4,-3,25,-2049
3564161038,0,5,-6,-7,5,29,-2038
3564162038,0,0,1,-4,2,25,-2049
3564163038,0,4,-2,-3,-3,18,-2037
3564164038,0,3,-4,-4,7,26,-2040
3564165038,0,-1,-2,-3,8,23,-2045
3564166038,0,2,-3,-5,8,22,-2047
3564167038,0,1,-3,-1,2,18,-2048
3564168038,0,-1,1,1,6,26,-2045
3564169038,0,5,-1,-1,5,24,-2056
3564170038,0,4,-4,-1,4,24,-2045
3564171038,0,3,-2,-2,9,25,-2040
3564172038,0,5,-5,-7,3,24,-2048
3564173038,0,2,-4,-5,7,27,-2044
3564174038,0,7,-2,-6,3,29,-2047
3564175038,0,3,-4,-7,2,26,-2043
3564176038,0,3,2,-1,-3,26,-2042
3564177038,0,5,-3,-4,2,38,-2041
3564178038,0,-1,-3,-3,2,23,-2044
3564179038,0,3,0,-3,4,20,-2041
3564180038,0,0,-4,-1,-2,21,-2040
3564181038,0,-4,-5,1,-8,25,-2042
3564182038,0,3,-4,-7,3,23,-2047
3564183038,0,-1,2,-4,9,15,-2039
3564184038,0,1,-4,-3,4,27,-2042
3564185038,0,1,-1,-4,0,16,-2048
3564186038,0,5,-3,-3,1,24,-2050
3564187038,0,1,-1,-7,2,27,-2046
3564188038,0,0,0,3,5,23,-2045
3564189038,0,1,-6,-8,-4,24,-2044
3564190038,0,0,-6,-5,7,21,-2049
3564191038,0,0,-4,-5,13,24,-2036
3564192038,0,5,-3,-7,3,22,-2046
3564193038,0,2,-2,-1,4,31,-2047
3564194038,0,1,-1,-3,8,23,-2049
3564195038,0,1,-3,-1,3,19,-2054
3564196038,0,3,-1,-1,10,25,-2044
3564197038,0,-1,-3,-6,3,23,-2052
3564198038,0,2,-2,1,5,20,-2047
3564199038,0,2,1,-3,3,26,-2044
3564200038,0,3,0,-2,-3,18,-2053
3564201038,0,1,-2,-4,5,26,-2053
3564202038,0,2,-4,-5,-1,24,-2047
3564203038,0,-1,-2,0,2,20,-2047
3564204038,0,1,-4,-1,1,29,-2045
3564205038,0,1,0,-1,1,16,-2049
3564206038,0,4,-1,-1,3,19,-2038
3564207038,0,5,-2,-3,1,17,-2039
3564208038,0,2,-2,-4,0,19,-2045
3564209038,0,1,-4,-2,10,15,-2044
3564210038,0,-2,-1,-2,2,19,-2047
3564211038,0,6,-4,-5,8,23,-2044
3564212038,0,-1,1,0,3,25,-2047
3564213038,0,3,-2,-4,3,20,-2049
3564214038,0,1,-5,-3,6,23,-2039
3564215038,0,3,-3,-2,4,26,-2050
3564216038,0,0,-4,-4,-6,17,-2051
3564217038,0,0,-2,-3,2,24,-2046
3564218038,0,0,1,-2,4,24,-2045
3564219038,0,1,-2,-5,4,26,-2050
3564220038,0,1,-1,-2,1,28,-2049
3564221038,0,4,-2,-5,5,19,-2046
3564222038,0,4,-7,-7,-2,27,-2042
3564223038,0,1,-3,-3,4,23,-2052
3564224038,0,2,-2,-1,-1,27,-2038
3564225038,0,2,-1,-3,11,18,-2045
3564226038,0,-1,1,0,9,25,-2043
3564227038,0,3,-1,-5,2,22,-2051
3564228038,0,4,-2,-6,9,29,-2047
3564229038,0,0,-1,-3,3,21,-2039
3564230038,0,4,-4,-6,5,23,-2042
3564231038,0,3,-6,-4,2,21,-2044
3564232038,0,-1,-2,-3,6,14,-2044
3564233038,0,0,-3,-3,1,26,-2038
3564234038,0,2,-3,-2,2,22,-2045
3564235038,0,2,-1,-3,-4,18,-2036
3564236038,0,-1,-3,-4,2,27,-2045
3564237038,0,2,-1,-5,1,24,-2044
3564238038,0,1,0,-1,6,17,-2042
3564239038,0,2,1,-2,-3,18,-2045
3564240038,0,0,0,-3,4,26,-2047
3564241038,0,5,-6,-2,3,21,-2048
3564242038,0,3,-1,0,6,26,-2050
3564243038,0,2,-5,-4,4,26,-2047
3564244038,0,3,-2,-2,4,24,-2050
3564245038,0,0,2,-1,5,19,-2055
3564246038,0,0,-4,-2,-3,21,-2055
3564247038,0,3,-4,-2,5,25,-2047
3564248038,0,0,3,-3,2,29,-2049
3564249038,0,4,-5,-3,2,26,-2044
3564250038,0,4,0,-1,-1,28,-2044
3564251038,0,1,-2,0,1,19,-2051
3564252038,0,3,-4,-3,1,20,-2043
3564253038,0,0,3,-3,8,20,-2036
3564254038,0,3,0,-1,11,24,-2042
3564255038,0,3,0,-2,11,31,-2044
3564256038,0,3,-2,-4,2,18,-2042
3564257038,0,4,-2,-4,3,22,-2040
3564258038,0,-1,0,-4,-2,21,-2042
3564259038,0,3,-1,-2,0,24,-2049
3564260038,0,2,-4,-3,2,23,-2048
3564261038,0,2,-3,-3,-1,26,-2047
3564262038,0,1,-1,-3,-2,24,-2043
3564263038,0,1,-6,-4,13,22,-2039
3564264038,0,3,-5,-6,1,29,-2043
3564265038,0,0,-2,-6,-4,23,-2051
3564266038,0,1,1,-4,-3,25,-2039
3564267038,0,2,-2,-2,3,21,-2045
3564268038,0,0,0,0,3,29,-2052
3564269038,0,2,1,0,4,20,-2039
3564270038,0,4,-4,-3,-1,20,-2040
3564271038,0,5,-6,-3,4,19,-2049
3564272038,0,1,0,0,5,26,-2046
3564273038,0,6,-7,-3,6,23,-2047
3564274038,0,3,-1,-5,5,28,-2047
3564275038,0,1,-2,-5,5,26,-2042
3564276038,0,-1,-1,-5,1,23,-2042
3564277038,0,1,-3,-6,1,31,-2045
3564278038,0,1,-2,-5,4,29,-2043
3564279038,0,6,-5,-6,5,26,-2047
3564280038,0,1,0,-6,6,22,-2038
3564281038,0,4,-3,-4,4,21,-2039
3564282038,0,1,-3,-6,9,20,-2044
3564283038,0,4,-2,-5,4,20,-2046
3564284038,0,3,0,-3,0,27,-2046
3564285038,0,0,-1,1,5,24,-2040
3564286038,0,2,-5,-3,9,23,-2044
3564287038,0,3,-2,-1,6,22,-2049
3564288038,0,2,-5,-7,9,25,-2044
3564289038,0,3,-3,-5,3,27,-2048
3564290038,0,2,-5,0,1,24,-2044
3564291038,0,4,-1,-3,3,23,-2046
3564292038,0,1,-1,-6,-2,23,-2050
3564293038,0,-4,0,-3,6,22,-2052
3564294038,0,4,-2,-2,7,21,-2051
3564295038,0,1,-1,-3,6,28,-2052
3564296038,0,0,-2,-3,8,22,-2047
3564297038,0,2,-1,-4,-9,28,-2038
3564298038,0,3,-4,-3,3,24,-2043
3564299038,0,3,-3,-3,11,21,-2045
3564300038,0,6,-5,-4,3,24,-2047
3564301038,0,2,-1,-3,0,27,-2050
3564302038,0,5,-2,-5,-1,30,-2051
3564303038,0,4,-4,-1,3,25,-2048
3564304038,0,2,-1,-3,4,22,-2038
3564305038,0,2,0,-4,3,31,-2048
3564306038,0,1,2,-1,3,21,-2043
3564307038,0,2,-3,-4,1,17,-2047
3564308038,0,2,-3,-4,4,20,-2055
3564309038,0,2,-3,-3,8,29,-2041
3564310038,0,3,-3,-3,1,27,-2048
3564311038,0,3,-3,-4,4,26,-2041
3564312038,0,1,-2,-1,6,28,-2050
3564313038,0,4,-6,-6,6,25,-2047
3564314038,0,1,-3,-3,1,26,-2049
3564315038,0,0,-3,-2,4,23,-2044
3564316038,0,3,-4,-3,4,17,-2037
3564317038,0,2,2,-3,-2,26,-2047
3564318038,0,1,-2,-5,8,17,-2039
3564319038,0,0,-4,-4,3,28,-2047
3564320038,0,1,0,-4,5,26,-2044
3564321038,0,3,-1,-8,3,23,-2042
3564322038,0,5,-3,-4,2,27,-2049
3564323038,0,4,-5,-4,5,16,-2040
3564324038,0,6,-3,-5,2,26,-2048
3564325038,0,3,-1,-7,-2,19,-2039
3564326038,0,4,-3,-2,6,23,-2046
3564327038,0,6,-4,-5,4,21,-2054
3564328038,0,3,-3,-2,8,23,-2039
3564329038,0,3,-4,-7,11,18,-2045
3564330038,0,3,0,-4,4,26,-2044
3564331038,0,4,-3,-3,-6,17,-2053
3564332038,0,2,-2,-4,-1,22,-2037
3564333038,0,0,-2,-4,0,22,-2038
3564334038,0,3,-6,-4,10,23,-2045
3564335038,0,1,-1,-3,6,27,-2038
3564336038,0,2,-2,-3,0,25,-2048
3564337038,0,1,-5,-6,0,28,-2043
3564338038,0,5,-4,-6,-4,16,-2048
3564339038,0,5,-3,-5,0,16,-2049
3564340038,0,3,-4,-4,13,27,-2044
3564341038,0,0,2,-5,7,24,-2044
3564342038,0,2,-1,-3,2,28,-2046
3564343038,0,2,-2,-4,2,18,-2045
3564344038,0,3,-2,-5,6,20,-2058
3564345038,0,-1,0,-3,3,28,-2047
3564346038,0,4,-4,-4,2,31,-2046
3564347038,0,3,-7,-7,4,24,-2045
3564348038,0,1,-4,-4,0,31,-2041
3564349038,0,3,-3,-1,6,30,-2042
3564350038,0,6,0,-6,-3,20,-2049
3564351038,0,1,-1,-2,2,29,-2039
3564352038,0,1,-4,-3,5,22,-2043
3564353038,0,-1,-4,-1,1,22,-2041
3564354038,0,3,0,-4,0,28,-2045
3564355038,0,4,-3,-3,5,20,-2045
3564356038,0,2,-4,-5,1,23,-2049
3564357038,0,0,0,-2,2,22,-2042
3564358038,0,2,-5,-3,1,20,-2039
3564359038,0,-1,-5,-2,6,26,-2044
3564360038,0,0,-1,2,12,22,-2039
3564361038,0,3,-6,-7,4,19,-2042
3564362038,0,1,-4,-2,7,17,-2045
3564363038,0,2,0,-6,-4,26,-2044
3564364038,0,1,-6,-4,8,23,-2048
3564365038,0,0,-5,-5,7,26,-2041
3564366038,0,0,-3,-5,5,29,-2047
3564367038,0,4,-2,-5,4,29,-2046
3564368038,0,0,-1,-4,-2,24,-2041
3564369038,0,2,-1,-2,-6,30,-2056
3564370038,0,3,-2,-5,0,23,-2052
3564371038,0,7,-4,-7,0,26,-2046
3564372038,0,6,0,-5,2,30,-2044
3564373038,0,0,1,-4,3,20,-2040
3564374038,0,2,-3,-2,0,24,-2049
3564375038,0,1,1,1,3,25,-2047
3564376038,0,6,-4,-5,2,23,-2043
3564377038,0,2,-2,-3,4,22,-2049
3564378038,0,4,-3,-5,-2,20,-2048
3564379038,0,2,-3,-4,2,27,-2045
3564380038,0,3,-1,-5,6,21,-2039
3564381038,0,2,-5,-1,-4,25,-2043
3564382038,0,3,-3,-3,6,23,-2048
3564383038,0,-1,3,-3,3,34,-2047
3564384038,0,3,-2,-6,6,22,-2047
3564385038,0,3,-4,-1,7,18,-2048
3564386038,0,2,-1,-5,7,24,-2049
3564387038,0,0,0,-2,-4,17,-2043
3564388038,0,2,-1,-4,-7,26,-2048
3564389038,0,-1,-3,-1,4,22,-2042
3564390038,0,2,0,-4,5,23,-2040
3564391038,0,2,-3,-1,3,31,-2047
3564392038,0,-2,1,-6,2,17,-2048
3564393038,0,7,-3,-3,-1,27,-2044
3564394038,0,5,-2,-3,8,23,-2045
3564395038,0,1,0,-2,11,17,-2050
3564396038,0,1,-2,-4,-4,25,-2045
3564397038,0,0,-3,-2,4,28,-2039
3564398038,0,7,-4,-2,3,23,-2043
3564399038,0,0,-2,-2,-2,24,-2040
3564400038,0,6,-2,-3,7,28,-2040
3564401038,0,6,-5,-5,2,21,-2045
3564402038,0,1,-3,-6,5,19,-2052
3564403038,0,4,-1,-4,4,25,-2045
3564404038,0,3,-2,0,2,19,-2044
3564405038,0,3,-4,-3,7,21,-2048
3564406038,0,-1,-1,-4,0,17,-2039
3564407038,0,2,-1,-3,6,28,-2034
3564408038,0,3,-3,-4,-1,22,-2041
3564409038,0,0,-1,-3,2,18,-2033
3564410038,0,2,-1,-6,6,24,-2042
3564411038,0,4,-8,-4,3,24,-2048
3564412038,0,3,-2,-5,6,20,-2044
3564413038,0,0,2,-4,4,21,-2047
3564414038,0,4,-7,-2,2,20,-2046
3564415038,0,5,-3,-5,3,25,-2048
3564416038,0,2,0,-5,2,21,-2050
3564417038,0,3,1,3,11,19,-2046
3564418038,0,2,-6,-4,1,26,-2044
3564419038,0,2,-5,-4,3,27,-2052
3564420038,0,3,-3,-5,0,28,-2043
3564421038,0,1,-4,-3,3,24,-2045
3564422038,0,2,2,-4,1,29,-2035
3564423038,0,5,-3,-2,0,26,-2046
3564424038,0,0,-2,-1,2,28,-2045
3564425038,0,1,-4,-1,-3,25,-2045
3564426038,0,3,-6,-5,7,26,-2049
3564427038,0,-1,-1,-2,6,34,-2041
3564428038,0,2,-1,0,1,28,-2050
3564429038,0,4,1,-5,0,29,-2045
3564430038,0,1,-5,-5,4,28,-2050
3564431038,0,0,-1,-2,3,26,-2046
3564432038,0,0,2,-1,3,23,-2049
3564433038,0,1,-4,-2,1,19,-2048
3564434038,0,0,-2,-4,7,22,-2048
3564435038,0,3,-2,-3,-6,17,-2047
3564436038,0,1,-2,-2,3,23,-2051
3564437038,0,1,1,-3,2,22,-2040
3564438038,0,2,-3,-1,6,15,-2049
3564439038,0,2,-4,-5,7,31,-2043
3564440038,0,3,0,-4,8,27,-2042
3564441038,0,0,-4,-2,6,25,-2050
3564442038,0,7,-9,-8,1,28,-2047
3564443038,0,3,-1,-2,0,21,-2049
3564444038,0,3,-5,-3,11,29,-2042
3564445038,0,-2,2,-3,8,24,-2036
3564446038,0,3,-2,-2,1,24,-2047
3564447038,0,5,-3,-3,4,31,-2045
3564448038,0,1,-1,-4,0,30,-2053
3564449038,0,2,-3,-3,5,25,-2043
3564450038,0,1,-3,-6,6,25,-2043
3564451038,0,2,1,-5,-3,22,-2045
3564452038,0,4,-1,-4,2,25,-2046
3564453038,0,0,-3,-4,0,25,-2048
3564454038,0,1,0,-3,10,26,-2045
3564455038,0,6,-6,-6,8,17,-2040
3564456038,0,2,-5,-3,10,22,-2046
3564457038,0,1,-4,-2,0,18,-2047
3564458038,0,-2,0,-1,-3,28,-2044
3564459038,0,0,2,-3,0,17,-2043
3564460038,0,6,0,-2,1,20,-2046
3564461038,0,3,-2,-5,1,25,-2049
3564462038,0,2,-3,-3,13,23,-2049
3564463038,0,5,-4,-3,5,18,-2046
3564464038,0,-2,-1,1,-3,14,-2051
3564465038,0,0,-4,-2,-7,28,-2050
3564466038,0,4,-5,-2,4,26,-2046
3564467038,0,6,-3,-7,5,24,-2046
3564468038,0,0,1,0,9,22,-2047
3564469038,0,4,0,-3,-3,25,-2037
3564470038,0,2,-1,-4,3,24,-2041
3564471038,0,4,-1,-6,9,24,-2042
3564472038,0,2,-1,-3,4,30,-2046
3564473038,0,6,-6,-4,9,25,-2045
3564474038,0,3,-4,-2,3,17,-2039
3564475038,0,1,-3,-1,6,26,-2049
3564476038,0,2,-3,0,4,20,-2050
3564477038,0,2,-2,-2,-1,17,-2047
3564478038,0,0,-3,-2,-3,22,-2050
3564479038,0,1,2,-1,-1,25,-2046
3564480038,0,-2,-3,0,5,22,-2041
3564481038,0,-1,0,0,12,24,-2045
3564482038,0,0,-5,-4,5,21,-2040
3564483038,0,0,-3,-2,5,29,-2045
3564484038,0,3,-4,-1,6,28,-2038
3564485038,0,1,-1,-5,0,25,-2050
3564486038,0,5,-1,-3,3,17,-2044
3564487038,0,3,-4,-3,1,24,-2042
3564488038,0,-2,-2,-6,7,25,-2046
3564489038,0,0,-2,-5,1,25,-2047
3564490038,0,3,-4,-3,0,18,-2046
3564491038,0,4,-2,-4,1,23,-2038
3564492038,0,4,-4,-5,-4,26,-2044
3564493038,0,4,-7,-3,8,28,-2046
3564494038,0,0,-2,-2,2,24,-2052
3564495038,0,4,-1,-6,-7,35,-2048
3564496038,0,5,-3,-3,-2,27,-2049
3564497038,0,2,-4,-7,9,23,-2036
3564498038,0,1,-3,0,-6,19,-2050
3564499038,0,3,0,-2,9,16,-2043
3564500038,0,4,-5,-3,7,26,-2045
3564501038,0,2,-2,-1,-2,27,-2043
3564502038,0,2,-1,-6,4,30,-2043
3564503038,0,2,-1,-4,-1,21,-2049
3564504038,0,0,-1,-7,8,23,-2049
3564505038,0,2,-3,-4,-2,24,-2052
3564506038,0,2,-1,-3,-2,17,-2046
3564507038,0,3,-3,-1,2,23,-2048
3564508038,0,1,-4,-3,4,28,-2042
3564509038,0,1,-2,-5,6,25,-2047
3564510038,0,2,-4,-1,8,21,-2047
3564511038,0,-1,-2,-2,7,24,-2052
3564512038,0,2,-1,2,3,26,-2046
3564513038,0,2,-1,-3,8,20,-2043
3564514038,0,7,-3,-3,9,27,-2045
3564515038,0,2,1,-3,4,23,-2046
3564516038,0,1,-2,-2,4,21,-2038
3564517038,0,2,-4,-5,6,21,-2044
3564518038,0,1,-1,0,6,25,-2051
3564519038,0,3,-7,-7,0,19,-2043
3564520038,0,2,-2,-1,11,17,-2042
3564521038,0,2,0,-3,1,22,-2044
3564522038,0,3,0,2,5,27,-2046
3564523038,0,2,-2,-3,-2,24,-2047
3564524038,0,5,-2,0,-1,16,-2041
3564525038,0,1,-1,-4,4,22,-2054
3564526038,0,1,-1,-4,3,16,-2049
3564527038,0,6,-6,-3,6,23,-2053
3564528038,0,3,-4,-4,5,21,-2055
3564529038,0,2,-3,-4,5,34,-2051
3564530038,0,2,-1,-4,1,18,-2053
3564531038,0,0,0,-5,3,21,-2040
3564532038,0,2,-5,-4,-3,25,-2046
3564533038,0,-1,-3,-3,5,23,-2043
3564534038,0,1,2,0,0,18,-2039
3564535038,0,2,-2,-3,-1,25,-2038
3564536038,0,2,-2,-3,2,29,-2047
3564537038,0,-1,0,-1,-3,28,-2041
3564538038,0,2,-3,-2,3,22,-2041
3564539038,0,3,-3,-4,-4,22,-2050
3564540038,0,4,2,-1,-3,27,-2046
3564541038,0,2,-4,-3,6,27,-2043
3564542038,0,0,-2,-5,5,19,-2054
3564543038,0,3,-4,-2,-1,24,-2048
3564544038,0,0,-1,-5,1,21,-2047
3564545038,0,2,-4,-4,5,29,-2051
3564546038,0,0,-2,-1,-2,19,-2047
3564547038,0,4,-2,-3,8,29,-2044
3564548038,0,9,-4,-3,4,21,-2042
3564549038,0,0,-2,-2,-2,25,-2041
3564550038,0,2,0,-1,5,18,-2034
3564551038,0,2,-7,-4,1,14,-2045
3564552038,0,1,2,-3,1,26,-2049
3564553038,0,6,-4,-5,-2,21,-2046
3564554038,0,6,-5,-4,9,23,-2045
3564555038,0,1,0,-3,4,24,-2036
3564556038,0,3,-6,-5,7,22,-2046
3564557038,0,-1,-3,-6,5,20,-2044
3564558038,0,3,-5,-6,2,27,-2050
3564559038,0,1,0,-5,2,25,-2048
3564560038,0,1,-2,-4,4,27,-2039
3564561038,0,3,-6,-6,7,22,-2041
3564562038,0,6,-4,-3,0,13,-2052
3564563038,0,4,-1,-3,-2,18,-2039
3564564038,0,1,-3,-3,7,25,-2046
3564565038,0,3,0,-2,4,27,-2040
3564566038,0,3,0,-1,4,16,-2047
3564567038,0,4,0,1,6,23,-2043
3564568038,0,4,-1,-5,2,26,-2041
3564569038,0,-1,-3,0,9,30,-2043
3564570038,0,3,-1,-1,3,21,-2053
3564571038,0,2,-2,-1,2,27,-2055
3564572038,0,5,-4,-4,8,29,-2040
3564573038,0,1,2,-2,2,18,-2038
3564574038,0,4,-2,-7,0,21,-2038
3564575038,0,2,-2,-6,5,25,-2042
3564576038,0,-1,-2,-1,1,26,-2044
3564577038,0,6,-3,-6,4,28,-2043
3564578038,0,-2,-4,-5,1,25,-2051
3564579038,0,1,-3,-2,1,17,-2045
3564580038,0,4,-3,-1,6,16,-2043
3564581038,0,5,-2,-3,1,22,-2034
3564582038,0,1,-4,-5,3,20,-2040
3564583038,0,6,-7,-4,-3,24,-2044
3564584038,0,4,-5,-6,0,19,-2041
3564585038,0,1,-2,-7,6,20,-2044
3564586038,0,3,-4,-3,2,24,-2054
3564587038,0,1,-1,-4,0,24,-2053
3564588038,0,0,-3,-3,-1,25,-2044
3564589038,0,0,-1,-3,-1,29,-2039
3564590038,0,2,-3,0,0,28,-2049
3564591038,0,5,-3,-5,-2,21,-2044
3564592038,0,3,-2,-3,-2,20,-2043
3564593038,0,0,-1,-3,5,23,-2043
3564594038,0,-2,-2,-3,4,25,-2044
3564595038,0,0,0,-2,1,28,-2046
3564596038,0,7,-7,-5,12,25,-2043
3564597038,0,2,-1,-4,4,26,-2040
3564598038,0,2,-1,-1,3,24,-2043
3564599038,0,1,0,-7,-1,26,-2054
3564600038,0,5,-3,-4,-3,19,-2051
3564601038,0,1,2,-4,5,22,-2044
3564602038,0,5,-6,-3,0,20,-2049
3564603038,0,4,-4,-3,2,26,-2050
3564604038,0,5,-3,-2,2,22,-2056
3564605038,0,1,-5,-4,3,20,-2048
3564606038,0,0,-1,-2,-3,26,-2041
3564607038,0,5,-4,-5,4,23,-2041
3564608038,0,-1,-4,-4,-1,18,-2036
3564609038,0,6,-7,-4,6,24,-2041
3564610038,0,2,-2,-2,8,29,-2037
3564611038,0,6,-1,-4,5,26,-2044
3564612038,0,6,-4,-3,5,25,-2050
3564613038,0,-1,-1,-2,-2,26,-2042
3564614038,0,3,-2,-6,2,24,-2043
3564615038,0,6,-6,-5,0,23,-2051
3564616038,0,2,-2,-6,1,26,-2042
3564617038,0,1,-1,-3,9,25,-2044
3564618038,0,4,-1,-5,8,19,-2049
3564619038,0,-2,-1,-2,6,16,-2058
3564620038,0,4,-5,-1,0,20,-2049
3564621038,0,1,-4,-3,3,27,-2047
3564622038,0,1,0,1,5,20,-2050
3564623038,0,3,-1,-4,4,26,-2045
3564624038,0,0,1,-3,4,26,-2042
3564625038,0,4,-3,-3,2,25,-2055
3564626038,0,4,-3,-5,4,26,-2034
3564627038,0,3,-4,-2,1,22,-2053
3564628038,0,0,-5,-3,4,30,-2046
3564629038,0,1,-1,-5,0,23,-2045
3564630038,0,-1,2,-3,-9,20,-2050
3564631038,0,3,-4,-4,7,23,-2051
3564632038,0,1,-1,-5,7,24,-2049
3564633038,0,2,-3,-4,3,17,-2046
3564634038,0,5,-6,-6,6,20,-2043
3564635038,0,1,-4,-5,-2,31,-2045
3564636038,0,5,-3,-4,2,31,-2045
3564637038,0,0,-1,-5,-2,24,-2039
3564638038,0,-3,3,-2,6,23,-2040
3564639038,0,7,-7,-3,-1,18,-2044
3564640038,0,-1,-3,0,-7,18,-2047
3564641038,0,-1,-3,1,0,23,-2049
3564642038,0,3,-1,-5,0,16,-2049
3564643038,0,3,-1,-6,2,21,-2038
3564644038,0,1,-3,-3,7,26,-2042
3564645038,0,3,-4,-5,7,28,-2048
3564646038,0,3,-3,-4,2,25,-2044
3564647038,0,1,-2,-6,1,21,-2043
3564648038,0,3,3,-5,4,21,-2047
3564649038,0,2,-2,-7,2,29,-2048
3564650038,0,4,-7,-8,0,30,-2049
3564651038,0,5,3,1,5,27,-2045
3564652038,0,5,-3,-3,1,28,-2045
3564653038,0,0,-6,-3,2,30,-2042
3564654038,0,1,-1,-3,7,19,-2041
3564655038,0,3,0,-1,8,20,-2046
3564656038,0,4,-1,-2,2,19,-2043
3564657038,0,2,-3,-5,12,23,-2035
3564658038,0,2,-2,-2,7,26,-2046
3564659038,0,5,-5,-2,4,23,-2038
3564660038,0,-1,-2,-3,7,23,-2038
3564661038,0,4,-1,0,0,26,-2051
3564662038,0,3,-3,-2,-1,22,-2047
3564663038,0,2,-3,-6,10,23,-2042
3564664038,0,1,-3,-4,5,28,-2043
3564665038,0,1,-3,-6,1,26,-2040
3564666038,0,1,-3,-3,7,31,-2043
3564667038,0,-5,-2,-1,-3,16,-2047
3564668038,0,1,-2,-3,8,20,-2049
3564669038,0,-1,0,-2,3,22,-2050
3564670038,0,-2,-1,-3,10,19,-2054
3564671038,0,4,-4,-1,-2,27,-2044
3564672038,0,1,-3,-1,8,27,-2045
3564673038,0,-1,-3,-2,-2,14,-2050
3564674038,0,3,0,0,6,26,-2049
3564675038,0,0,-1,1,0,22,-2041
3564676038,0,4,-4,-4,5,26,-2049
3564677038,0,2,-4,-5,2,19,-2042
3564678038,0,1,-2,-5,3,23,-2041
3564679038,0,6,-3,-8,4,18,-2036
3564680038,0,4,-1,-3,5,22,-2044
3564681038,0,3,1,-4,-1,18,-2044
3564682038,0,0,-3,-4,6,26,-2044
3564683038,0,1,-1,-2,7,25,-2044
3564684038,0,-1,0,0,9,22,-2047
3564685038,0,4,-3,-4,0,26,-2044
3564686038,0,1,0,-4,0,24,-2044
3564687038,0,1,1,-2,2,25,-2043
3564688038,0,2,-2,0,12,28,-2045
3564689038,0,0,0,1,5,24,-2047
3564690038,0,1,-4,-1,7,16,-2049
3564691038,0,6,-1,-5,4,24,-2051
3564692038,0,1,0,0,5,19,-2053
3564693038,0,5,-1,-4,1,23,-2046
3564694038,0,2,-1,-2,7,28,-2048
3564695038,0,2,-2,-3,4,26,-2052
3564696038,0,2,-2,-1,-5,29,-2046
3564697038,0,1,-1,-2,3,24,-2052
3564698038,0,4,0,-3,0,23,-2044
3564699038,0,-2,0,-2,0,24,-2046
3564700038,0,4,-2,-5,7,22,-2045
3564701038,0,-1,-2,-4,1,19,-2045
3564702038,0,1,-1,-2,2,29,-2044
3564703038,0,4,-4,-3,10,30,-2046
3564704038,0,2,-4,-1,2,27,-2048
3564705038,0,2,-2,-3,2,36,-2047
3564706038,0,3,-4,-3,1,25,-2048
3564707038,0,3,-1,-3,9,21,-2039
3564708038,0,2,-2,-5,6,22,-2042
3564709038,0,2,0,-3,2,24,-2038
3564710038,0,-1,-2,1,2,24,-2043
3564711038,0,4,-3,-2,3,23,-2046
3564712038,0,3,-2,-3,-1,23,-2044
3564713038,0,4,-5,-3,3,21,-2047
3564714038,0,1,-4,-1,3,10,-2042
3564715038,0,-1,0,-5,0,26,-2047
3564716038,0,2,1,-1,8,20,-2046
3564717038,0,0,-2,-3,-1,28,-2044
3564718038,0,1,-1,-3,11,22,-2046
3564719038,0,2,-1,-5,10,26,-2048
3564720038,0,2,-2,-3,-5,22,-2047
3564721038,0,2,-3,-4,-1,23,-2045
3564722038,0,1,-5,-5,2,21,-2046
3564723038,0,2,0,-1,4,24,-2042
3564724038,0,6,-4,-4,3,20,-2038
3564725038,0,2,-5,-2,2,25,-2042
3564726038,0,3,-6,-5,-2,22,-2053
3564727038,0,1,-3,-4,-3,23,-2043
3564728038,0,2,-3,-4,-5,23,-2042
3564729038,0,-1,1,-2,4,19,-2054
3564730038,0,5,-5,-5,-1,16,-2042
3564731038,0,2,-4,-3,4,29,-2048
3564732038,0,1,-1,-4,0,31,-2039
3564733038,0,0,-4,-3,2,25,-2035
3564734038,0,2,-1,-8,6,24,-2042
3564735038,0,2,-4,-4,4,31,-2050
3564736038,0,3,-2,-4,4,28,-2048
3564737038,0,2,-1,-4,-1,17,-2053
3564738038,0,3,-2,-6,5,21,-2048
3564739038,0,3,-2,-3,9,21,-2055
3564740038,0,3,-5,-3,7,8,-2043
3564741038,0,5,-3,-2,9,22,-2048
3564742038,0,3,-3,-3,3,20,-2045
3564743038,0,4,-2,-5,-2,29,-2043
3564744038,0,0,-4,-4,5,15,-2049
3564745038,0,0,-2,-2,10,23,-2041
3564746038,0,0,-4,-4,5,20,-2046
3564747038,0,2,0,-6,8,24,-2045
3564748038,0,1,-2,-1,10,27,-2045
3564749038,0,5,-6,-3,6,27,-2045
3564750038,0,0,-1,-2,1,28,-2047
3564751038,0,4,-2,-5,1,24,-2046
3564752038,0,1,-1,-1,-1,28,-2047
3564753038,0,1,1,-1,1,21,-2042
3564754038,0,3,-2,-7,-2,26,-2046
3564755038,0,3,-5,-5,2,22,-2052
3564756038,0,1,-2,-1,1,22,-2043
3564757038,0,5,-6,-6,12,22,-2046
3564758038,0,-1,2,-2,5,22,-2045
3564759038,0,6,-5,-4,3,26,-2042
3564760038,0,0,-1,-3,13,32,-2039
3564761038,0,2,0,-6,4,31,-2046
3564762038,0,2,-5,-2,7,20,-2041
3564763038,0,4,-1,-2,1,26,-2037
3564764038,0,0,-2,-6,-2,28,-2048
3564765038,0,0,-2,-2,10,30,-2043
3564766038,0,-1,-3,-1,-3,17,-2041
3564767038,0,5,-3,-4,0,31,-2041
3564768038,0,4,-5,-3,4,27,-2033
3564769038,0,1,-3,-3,5,30,-2049
3564770038,0,1,-1,-3,2,27,-2057
3564771038,0,3,0,-2,-1,21,-2047
3564772038,0,1,1,-2,1,21,-2042
3564773038,0,4,-3,-3,5,23,-2040
3564774038,0,1,-2,-3,-3,21,-2044
3564775038,0,4,-1,-3,7,25,-2044
3564776038,0,4,-2,-3,3,18,-2048
3564777038,0,3,-2,-4,6,18,-2047
3564778038,0,4,-5,-6,8,22,-2040
3564779038,0,2,-2,-3,4,21,-2045
3564780038,0,1,-3,-5,3,25,-2041
3564781038,0,6,-6,-7,1,25,-2046
3564782038,0,-1,-2,-1,7,21,-2042
3564783038,0,6,-2,-4,8,20,-2040
3564784038,0,-2,-4,-2,0,25,-2047
3564785038,0,2,-2,-1,5,26,-2052
3564786038,0,1,-4,-6,6,25,-2050
3564787038,0,1,-5,-5,4,26,-2038
3564788038,0,1,0,1,5,20,-2042
3564789038,0,2,-2,-4,11,24,-2049
3564790038,0,0,2,-1,2,24,-2041
3564791038,0,4,-3,-6,7,24,-2043
3564792038,0,1,1,-2,-2,23,-2055
3564793038,0,2,0,-3,-1,25,-2046
3564794038,0,0,-6,-1,3,28,-2042
3564795038,0,1,-3,-5,8,25,-2042
3564796039,0,3,-4,-6,2,18,-2037
3564797040,0,2,-1,-1,2,26,-2039
3564798038,0,1,-4,-6,1,24,-2046
3564799038,0,4,-2,-4,5,26,-2044
3564800038,0,2,0,-4,7,19,-2049
3564801038,0,4,-1,-8,-6,29,-2046
3564802038,0,1,-4,0,8,27,-2038
3564803038,0,0,-1,-2,5,26,-2039
3564804038,0,1,-3,-3,8,24,-2047
3564805038,0,2,-5,-3,8,22,-2048
3564806038,0,3,1,-4,5,24,-2046
3564807038,0,0,-3,-1,0,24,-2051
3564808038,0,4,-3,-1,4,19,-2048
3564809038,0,1,-3,-2,6,24,-2045
3564810038,0,2,-4,-3,5,20,-2051
3564811038,0,1,-2,-4,12,22,-2049
3564812038,0,2,-4,-3,1,24,-2049
3564813038,0,2,-2,-3,4,21,-2051
3564814038,0,1,-4,-1,2,25,-2043
3564815038,0,4,-2,-5,7,25,-2049
3564816038,0,5,-5,-8,2,16,-2041
3564817038,0,2,-4,-4,-5,14,-2041
3564818038,0,2,-7,-3,4,22,-2053
3564819038,0,5,-2,-4,2,23,-2046
3564820038,0,4,-1,-5,6,21,-2047
3564821038,0,2,-2,-4,1,22,-2055
3564822038,0,1,2,-5,10,20,-2050
3564823038,0,2,-1,-7,5,21,-2043
3564824038,0,2,-2,-2,4,24,-2045
3564825038,0,2,0,-2,4,25,-2037
3564826038,0,1,-1,-2,4,23,-2047
3564827038,0,3,-2,-4,7,22,-2041
3564828038,0,2,-2,-1,12,28,-2048
3564829038,0,5,-3,-6,-7,24,-2045
3564830038,0,4,-3,-2,9,20,-2043
3564831038,0,3,-5,-2,-2,34,-2043
3564832038,0,3,-2,-4,1,15,-2040
3564833038,0,2,-4,-3,6,27,-2042
3564834038,0,0,-2,-4,2,21,-2037
3564835038,0,1,-2,-2,6,20,-2048
3564836038,0,2,-3,-5,4,24,-2050
3564837038,0,3,-1,-4,0,23,-2051
3564838038,0,0,-5,-2,14,17,-2049
3564839038,0,2,-1,-3,5,27,-2045
3564840038,0,-2,-2,-3,3,19,-2047
3564841038,0,0,-3,-3,-5,20,-2046
3564842038,0,3,-5,-4,9,16,-2046
3564843038,0,1,-1,-5,1,19,-2048
3564844038,0,1,-2,-3,0,28,-2046
3564845038,0,4,-4,1,3,27,-2048
3564846038,0,0,-2,-4,6,22,-2044
3564847038,0,0,-2,-6,7,30,-2047
3564848038,0,4,-3,-2,-2,23,-2049
3564849038,0,0,1,-2,6,26,-2052
3564850038,0,1,2,2,6,23,-2048
3564851038,0,3,0,-2,1,19,-2045
3564852038,0,-1,-4,-3,3,13,-2044
3564853038,0,3,-3,-2,6,25,-2055
3564854038,0,-1,-2,-6,1,28,-2049
3564855038,0,2,-4,-1,1,28,-2053
3564856038,0,2,-4,-1,3,25,-2047
3564857038,0,2,0,-6,5,29,-2045
3564858038,0,4,-3,-6,4,27,-2037
3564859038,0,0,0,-4,4,19,-2042
3564860038,0,3,-1,-6,10,28,-2045
3564861038,0,0,-3,-5,4,19,-2044
3564862038,0,4,-5,-3,8,27,-2039
3564863038,0,1,-2,1,3,25,-2041
3564864038,0,5,-3,-2,13,25,-2038
3564865038,0,3,-3,-2,6,23,-2042
3564866038,0,3,-1,-4,-1,18,-2046
3564867038,0,2,-2,-3,5,16,-2048
3564868038,0,5,-1,-4,6,27,-2047
3564869038,0,6,-4,-3,7,26,-2049
3564870038,0,3,-2,-6,0,24,-2046
3564871038,0,7,-4,-5,7,18,-2045
3564872038,0,0,-4,-1,3,19,-2043
3564873038,0,1,-4,-4,2,24,-2043
3564874038,0,3,-2,-5,8,20,-2049
3564875038,0,-1,1,-2,1,33,-2044
3564876038,0,1,0,-3,6,21,-2048
3564877038,0,6,-1,-5,-4,28,-2040
3564878038,0,3,-1,-5,4,23,-2040
3564879038,0,4,-1,-4,3,27,-2043
3564880038,0,3,-9,-2,-4,24,-2048
3564881038,0,2,-2,-4,9,19,-2041
3564882038,0,4,2,-3,8,23,-2049
3564883038,0,2,-4,-4,-1,21,-2044
3564884038,0,1,0,-2,1,22,-2048
3564885038,0,3,-7,-5,1,25,-2041
3564886038,0,6,-3,-4,6,22,-2046
3564887038,0,0,-3,0,0,32,-2047
3564888038,0,2,-2,-3,3,14,-2042
3564889038,0,3,-3,-1,4,29,-2044
3564890038,0,4,-3,-4,1,22,-2044
3564891038,0,2,-2,-5,6,23,-2047
3564892038,0,2,-2,-1,2,17,-2049
3564893038,0,1,-1,-4,4,23,-2043
3564894038,0,2,-2,-5,5,22,-2044
3564895038,0,5,-1,-5,8,19,-2046
3564896038,0,0,-2,-4,4,21,-2051
3564897038,0,3,-4,-1,4,21,-2051
3564898038,0,1,0,-5,2,21,-2044
3564899038,0,5,-3,-7,4,26,-2049
3564900038,0,4,-2,-6,-4,23,-2047
3564901038,0,6,-2,-4,-5,26,-2048
3564902038,0,0,-3,-2,0,24,-2041
3564903038,0,2,1,-2,6,24,-2044
3564904038,0,0,-1,-4,-4,25,-2042
3564905038,0,0,-2,-3,7,22,-2038
3564906038,0,-1,-2,-2,6,18,-2041
3564907038,0,4,-5,-3,-3,17,-2045
3564908038,0,4,-1,-2,13,26,-2039
3564909038,0,3,-2,-5,-2,16,-2050
3564910038,0,1,1,-3,7,26,-2044
3564911038,0,1,-5,-7,7,24,-2046
3564912038,0,3,-3,-3,1,23,-2042
3564913038,0,2,-3,-4,16,20,-2050
3564914038,0,1,-5,-3,12,23,-2050
3564915038,0,3,-2,-3,6,22,-2040
3564916038,0,2,-3,-3,5,27,-2043
3564917038,0,3,-4,-3,1,23,-2044
3564918038,0,2,-3,-2,12,25,-2049
3564919038,0,2,-4,-3,1,28,-2044
3564920038,0,-1,-4,-2,2,21,-2045
3564921038,0,1,-1,1,-4,20,-2044
3564922038,0,0,-4,-2,0,20,-2047
3564923038,0,2,-4,-3,-1,23,-2045
3564924038,0,4,-3,-3,2,31,-2049
3564925038,0,3,1,-3,3,27,-2045
3564926038,0,3,-5,-5,2,18,-2054
3564927038,0,3,-3,-1,0,20,-2046
3564928038,0,1,-2,-3,-1,22,-2046
3564929038,0,4,-3,-4,-1,29,-2043
3564930038,0,0,-2,-2,-1,29,-2047
3564931038,0,7,-6,-5,2,21,-2053
3564932038,0,1,-3,-4,4,28,-2047
3564933038,0,0,-1,-5,0,22,-2053
3564934038,0,1,1,-5,-1,27,-2047
3564935038,0,0,0,-4,6,19,-2037
3564936038,0,3,-4,-4,1,17,-2033
3564937038,0,3,1,-2,1,22,-2054
3564938038,0,1,-1,-1,4,23,-2042
3564939038,0,5,-4,-5,6,26,-2043
3564940038,0,-1,0,-2,3,24,-2036
3564941038,0,5,-4,-4,-3,29,-2049
3564942038,0,1,-2,-6,0,18,-2036
3564943038,0,-3,0,-3,1,19,-2045
3564944038,0,0,-1,-3,12,26,-2044
3564945038,0,-1,0,-3,1,28,-2042
3564946038,0,4,-4,-4,2,25,-2043
3564947038,0,2,-1,-3,1,23,-2042
3564948038,0,2,-1,-5,11,24,-2050
3564949038,0,3,-6,-3,2,26,-2047
3564950038,0,1,-4,-2,5,24,-2047
3564951038,0,3,2,-2,5,22,-2046
3564952038,0,1,-3,-3,1,24,-2044
3564953038,0,0,0,-6,8,15,-2043
3564954038,0,4,-4,-7,5,28,-2042
3564955038,0,5,-3,-7,1,22,-2039
3564956038,0,3,-4,-6,1,26,-2034
3564957038,0,3,3,0,6,22,-2038
3564958038,0,0,-1,1,2,19,-2049
3564959038,0,1,-4,-7,-5,24,-2049
3564960038,0,0,1,0,2,27,-2045
3564961038,0,1,-1,-2,0,18,-2044
3564962038,0,0,-1,-2,2,24,-2044
3564963038,0,7,-5,-3,10,24,-2043
3564964038,0,0,1,0,5,28,-2049
3564965038,0,5,-4,-4,-1,19,-2049
3564966038,0,2,-2,1,5,26,-2044
3564967038,0,6,-4,1,5,26,-2047
3564968038,0,1,-4,-4,1,28,-2040
3564969038,0,3,-4,-4,2,21,-2045
3564970038,0,3,0,-2,14,24,-2041
3564971038,0,7,-4,-1,5,22,-2040
3564972038,0,3,1,-4,-8,21,-2046
3564973038,0,4,-3,-6,1,19,-2050
3564974038,0,2,-4,-4,5,27,-2044
3564975038,0,-1,1,-2,6,34,-2045
3564976038,0,2,-3,-4,7,34,-2050
3564977038,0,-1,-2,-2,0,28,-2038
3564978038,0,2,-3,-5,3,27,-2041
3564979038,0,2,-6,-4,1,21,-2040
3564980038,0,1,-1,-4,0,29,-2043
3564981038,0,3,-5,-5,-2,19,-2047
3564982038,0,0,-2,-4,5,24,-2042
3564983038,0,3,0,-2,2,22,-2041
3564984038,0,1,-5,-2,4,21,-2040
3564985038,0,0,1,-2,5,28,-2046
3564986038,0,4,-3,-2,3,21,-2046
3564987038,0,2,-3,-4,3,26,-2053
3564988038,0,0,0,-3,2,25,-2046
3564989038,0,3,-5,-4,3,30,-2046
3564990038,0,2,-1,-4,6,26,-2050
3564991038,0,2,0,-2,1,19,-2048
3564992038,0,-1,-3,-4,4,31,-2040
3564993038,0,1,-5,-3,2,16,-2050
3564994038,0,-1,-1,-5,1,20,-2043
3564995038,0,1,-7,-5,4,17,-2046
3564996038,0,2,-1,-3,3,27,-2043
3564997038,0,2,-3,-1,1,20,-2053
3564998038,0,4,1,-4,2,20,-2049
3564999038,0,1,-2,-5,2,23,-2047
3565000038,0,-2,1,-4,6,26,-2043
3565001038,0,1,1,-2,8,32,-2040
3565002038,0,-2,-3,-4,2,28,-2040
3565003038,0,3,0,-1,9,31,-2042
3565004038,0,7,-2,-4,6,17,-2047
3565005038,0,4,-4,-1,2,23,-2042
3565006038,0,4,-4,-1,6,16,-2043
3565007038,0,3,1,-6,5,29,-2040
3565008038,0,6,-5,-6,12,29,-2057
3565009038,0,3,-4,-5,5,20,-2046
3565010038,0,3,-2,-3,3,30,-2052
3565011038,0,2,-5,-6,8,19,-2054
3565012038,0,2,2,-4,5,24,-2050
3565013038,0,5,-7,-2,7,26,-2045
3565014038,0,2,-4,-4,1,19,-2045
3565015038,0,0,-5,-4,3,27,-2046
3565016038,0,1,0,-4,0,27,-2043
3565017038,0,3,-1,-7,7,30,-2047
3565018038,0,1,1,-2,8,23,-2045
3565019038,0,-1,0,-3,3,20,-2050
3565020038,0,-1,-1,-4,5,22,-2048
3565021038,0,4,-3,-3,3,19,-2046
3565022038,0,0,-2,-2,4,22,-2051
3565023038,0,1,1,-1,-2,26,-2049
3565024038,0,4,-5,-3,0,18,-2043
3565025038,0,4,0,-5,6,32,-2052
3565026038,0,-3,2,-3,0,24,-2043
3565027038,0,-1,-4,-4,6,23,-2043
3565028038,0,2,1,-2,-1,24,-2039
3565029038,0,1,-5,-6,4,22,-2040
3565030038,0,-1,-1,-7,7,23,-2046
3565031038,0,4,-3,-7,8,21,-2049
3565032038,0,5,-3,-7,7,25,-2048
3565033038,0,2,-2,-4,9,22,-2038
3565034038,0,2,-2,-5,16,25,-2043
3565035038,0,3,0,-2,1,32,-2044
3565036038,0,3,-3,-2,4,18,-2047
3565037038,0,7,-8,-4,5,22,-2045
3565038038,0,4,-3,-3,9,16,-2042
3565039038,0,5,-2,-4,7,24,-2047
3565040038,0,4,-4,-6,2,15,-2053
3565041038,0,6,-1,-6,2,20,-2044
3565042038,0,0,-1,-2,4,21,-2036
3565043038,0,6,-2,-3,13,24,-2045
3565044038,0,0,1,-1,2,26,-2049
3565045038,0,2,-4,-3,2,21,-2038
3565046038,0,3,-1,-3,5,29,-2046
3565047038,0,0,1,0,4,24,-2037
3565048038,0,4,-2,-7,6,20,-2048
3565049038,0,1,-2,-3,1,32,-2044
3565050038,0,3,-2,-5,11,26,-2046
3565051038,0,4,-2,0,-3,28,-2046
3565052038,0,-1,-1,-4,8,25,-2044
3565053038,0,0,1,-2,8,23,-2041
3565054038,0,2,0,-2,-8,24,-2049
3565055038,0,-1,-1,-2,8,28,-2051
3565056038,0,1,-4,-9,9,23,-2041
3565057038,0,0,-2,-7,7,24,-2045
3565058038,0,2,0,-4,10,22,-2048
3565059038,0,5,-7,-4,-5,18,-2049
3565060038,0,0,-2,-2,5,23,-2046
3565061038,0,3,-1,-4,6,26,-2043
3565062038,0,0,-1,-2,4,33,-2040
3565063038,0,1,1,-4,10,19,-2041
3565064038,0,4,-1,-3,7,27,-2043
3565065038,0,7,-1,-4,1,17,-2042
3565066038,0,4,-1,0,-2,22,-2043
3565067038,0,0,-2,-2,6,21,-2046
3565068038,0,1,1,1,-5,21,-2042
3565069038,0,3,-2,-5,3,28,-2039
3565070038,0,4,-5,-6,5,25,-2051
3565071038,0,0,0,-1,-2,20,-2048
3565072038,0,3,-3,-6,12,19,-2049
3565073038,0,0,2,-3,1,25,-2043
3565074038,0,-1,1,-6,-2,26,-2040
3565075038,0,5,-3,-3,-1,21,-2047
3565076038,0,2,-2,-2,4,27,-2051
3565077038,0,6,-7,-5,3,23,-2052
3565078038,0,2,-4,-3,2,28,-2048
3565079038,0,3,-3,-1,4,21,-2038
3565080038,0,3,-2,-5,-2,26,-2041
3565081038,0,5,-2,-6,3,20,-2048
3565082038,0,3,-2,-4,4,29,-2041
3565083038,0,0,-2,-5,0,28,-2042
3565084038,0,4,-4,-3,1,27,-2047
3565085038,0,5,-1,-2,7,25,-2045
3565086038,0,4,-5,-5,2,25,-2046
3565087038,0,2,-1,-2,6,25,-2050
3565088038,0,3,-1,-6,9,15,-2047
3565089038,0,4,-2,-2,-2,24,-2041
3565090038,0,2,-1,-5,2,25,-2045
3565091038,0,2,-1,-2,4,22,-2046
3565092038,0,1,-6,-4,-6,18,-2046
3565093038,0,2,-2,-1,5,29,-2050
3565094038,0,-1,-1,-4,6,33,-2041
3565095038,0,2,2,-2,9,22,-2046
3565096038,0,0,-1,-4,1,28,-2043
3565097038,0,2,-1,-7,3,29,-2038
3565098038,0,1,-2,-4,-2,22,-2049
3565099038,0,4,-3,-4,-5,23,-2036
3565100038,0,-1,-1,-3,0,27,-2040
3565101038,0,3,-2,-1,5,20,-2042
3565102038,0,6,-1,-5,-5,27,-2046
3565103038,0,-1,5,2,-9,23,-2046
3565104038,0,1,-1,-3,1,18,-2044
3565105038,0,3,-6,-4,4,24,-2050
3565106038,0,-1,-2,-3,-2,28,-2041
3565107038,0,2,-1,-4,2,29,-2041
3565108038,0,2,2,-3,2,23,-2050
3565109038,0,1,-1,-3,7,19,-2048
3565110038,0,3,-1,-2,7,25,-2053
3565111038,0,3,0,-8,-2,26,-2039
3565112038,0,3,-1,-4,8,20,-2038
3565113038,0,3,-3,-4,3,19,-2050
3565114038,0,1,-1,0,9,20,-2044
3565115038,0,3,-2,-4,10,27,-2052
3565116038,0,2,-1,-3,5,28,-2049
3565117038,0,0,-2,0,4,31,-2046
3565118038,0,0,-4,-3,4,23,-2043
3565119038,0,2,0,-1,1,19,-2047
3565120038,0,3,-4,-3,-3,28,-2049
3565121038,0,2,-2,-5,1,19,-2041
3565122038,0,0,-1,-4,5,22,-2048
3565123038,0,1,-4,-5,4,21,-2040
3565124038,0,0,-1,-6,4,22,-2042
3565125038,0,1,1,-3,1,20,-2041
3565126038,0,1,-3,-3,7,26,-2045
3565127038,0,6,-2,-3,3,19,-2045
3565128038,0,0,-3,-1,6,24,-2050
3565129038,0,1,-3,0,7,22,-2047
3565130038,0,4,-4,-6,6,18,-2042
3565131038,0,2,-2,-3,1,21,-2047
3565132038,0,-1,0,-3,11,23,-2050
3565133038,0,5,-1,-3,8,25,-2037
3565134038,0,5,-4,-2,8,29,-2043
3565135038,0,0,1,-4,4,28,-2039
3565136038,0,3,-2,-4,9,26,-2047
3565137038,0,0,-2,-1,3,26,-2040
3565138038,0,2,-3,-7,-2,25,-2043
3565139038,0,3,-3,-7,3,18,-2042
3565140038,0,5,-4,-3,0,24,-2040
3565141038,0,4,-2,-5,6,20,-2051
3565142038,0,1,0,-5,10,29,-2046
3565143038,0,2,2,-4,10,20,-2044
3565144038,0,1,-2,-2,-1,25,-2049
3565145038,0,1,-3,-2,4,15,-2036
3565146038,0,0,3,-3,9,24,-2044
3565147038,0,2,-2,1,0,20,-2044
3565148038,0,-3,2,-1,11,24,-2044
3565149038,0,3,-2,-2,12,21,-2046
3565150038,0,3,-4,-3,5,18,-2051
3565151038,0,0,-3,-2,-2,32,-2046
3565152038,0,1,-4,-3,6,24,-2048
3565153038,0,1,-4,-1,-3,21,-2046
3565154038,0,0,-3,-4,1,26,-2044
3565155038,0,2,-3,0,0,18,-2048
3565156038,0,4,-4,-3,6,25,-2051
3565157038,0,1,-3,-1,15,23,-2046
3565158038,0,7,-1,-4,-1,22,-2039
3565159038,0,1,-2,-2,0,27,-2048
3565160038,0,3,-3,-4,-2,18,-2039
3565161038,0,5,-2,-4,-1,29,-2045
3565162038,0,3,-1,-2,3,29,-2037
3565163038,0,4,-5,-6,-1,22,-2043
3565164038,0,1,-2,-4,4,23,-2045
3565165038,0,-2,-4,-4,2,19,-2044
3565166038,0,6,-3,-3,-1,31,-2039
3565167038,0,2,0,-3,3,20,-2043
3565168038,0,3,-6,-4,12,20,-2042
3565169038,0,-2,-1,-2,5,25,-2034
3565170038,0,4,1,-5,3,21,-2049
3565171038,0,2,-2,-6,-2,19,-2051
3565172038,0,1,-2,-3,9,23,-2052
3565173038,0,0,-3,-5,9,23,-2038
3565174038,0,4,-5,-5,1,31,-2044
3565175038,0,3,-2,-1,2,29,-2053
3565176038,0,2,-2,-6,5,21,-2046
3565177038,0,4,-4,-4,8,27,-2051
3565178038,0,1,2,-1,6,22,-2042
3565179038,0,5,0,-2,1,24,-2046
3565180038,0,2,1,-2,7,24,-2049
3565181038,0,6,1,-5,5,20,-2041
3565182038,0,1,-3,-3,7,21,-2043
3565183038,0,3,-1,-4,5,24,-2045
3565184038,0,5,-4,-5,4,25,-2047
3565185038,0,0,-1,-4,-2,19,-2047
3565186038,0,-2,-3,-4,-6,21,-2047
3565187038,0,1,-5,-4,4,27,-2048
3565188038,0,4,-1,-4,5,23,-2051
3565189038,0,0,-5,-6,4,23,-2039
3565190038,0,3,-4,-5,4,18,-2044
3565191038,0,-1,-4,-4,6,16,-2044
3565192038,0,1,-3,-4,-2,29,-2052
3565193038,0,0,-2,-4,4,21,-2050
3565194038,0,2,-1,-4,4,24,-2044
3565195038,0,2,-2,-3,6,25,-2045
3565196038,0,1,-2,-2,12,17,-2050
3565197038,0,-3,3,-5,7,24,-2046
3565198038,0,0,-1,-3,-1,24,-2050
3565199038,0,5,0,-2,7,22,-2042
3565200038,0,2,-2,-1,7,21,-2041
3565201038,0,1,-5,-5,0,18,-2040
3565202038,0,0,0,-2,0,24,-2044
3565203038,0,3,-4,0,4,19,-2045
3565204038,0,1,-3,-3,1,17,-2045
3565205038,0,2,-2,-2,3,28,-2046
3565206038,0,3,-7,0,-1,21,-2045
3565207038,0,0,0,1,4,27,-2042
3565208038,0,5,-3,-7,1,24,-2051
3565209038,0,1,-2,-6,3,19,-2043
3565210038,0,3,-1,-2,3,27,-2040
3565211038,0,5,-3,-2,4,23,-2048
3565212038,0,1,-2,-4,0,20,-2046
3565213038,0,0,-1,-2,1,23,-2040
3565214038,0,5,-3,-6,1,31,-2044
3565215038,0,-2,0,-4,9,30,-2045
3565216038,0,-1,-1,-4,-2,19,-2041
3565217038,0,5,0,-3,13,17,-2040
3565218038,0,3,-3,-3,6,30,-2034
3565219038,0,2,-2,-1,0,28,-2041
3565220038,0,1,-2,-4,0,23,-2040
3565221038,0,2,-1,-2,6,21,-2042
3565222038,0,6,-4,-3,3,26,-2042
3565223038,0,3,-2,-2,4,21,-2048
3565224038,0,-1,-3,-2,-4,20,-2054
3565225038,0,4,-6,-7,3,33,-2048
3565226038,0,2,1,-3,4,20,-2039
3565227038,0,3,-3,-5,9,23,-2044
3565228038,0,5,-5,-4,12,26,-2049
3565229038,0,2,-1,-2,7,28,-2044
3565230038,0,5,-2,-2,-7,21,-2045
3565231038,0,0,1,-2,0,19,-2050
3565232038,0,4,-2,-3,9,19,-2055
3565233038,0,1,-2,-4,3,27,-2048
3565234038,0,1,1,-1,5,23,-2050
3565235038,0,0,-1,-1,8,23,-2046
3565236038,0,7,-3,-8,5,27,-2045
3565237038,0,1,-1,-1,0,24,-2037
3565238038,0,4,0,-3,4,24,-2043
3565239038,0,0,-3,-1,8,28,-2056
3565240038,0,3,0,-4,4,25,-2049
3565241038,0,2,-2,-6,7,25,-2043
3565242038,0,1,-1,-1,15,25,-2046
3565243038,0,1,-1,0,7,21,-2040
3565244038,0,3,-1,-5,1,28,-2045
3565245038,0,-1,-1,-2,4,25,-2046
3565246038,0,2,-2,-6,3,25,-2046
3565247038,0,3,-5,-2,5,25,-2040
3565248038,0,3,-5,-4,9,26,-2043
3565249038,0,3,-1,-6,-1,21,-2044
3565250038,0,4,-2,-3,-6,24,-2046
3565251038,0,3,-9,-5,3,18,-2040
3565252038,0,4,-6,0,3,27,-2043
3565253038,0,3,-3,-2,-1,26,-2044
3565254038,0,2,-1,-3,10,24,-2050
3565255038,0,3,-2,-5,2,24,-2048
3565256038,0,5,-4,-7,5,25,-2039
3565257038,0,1,1,-4,1,12,-2046
3565258038,0,1,-2,-5,-7,18,-2039
3565259038,0,4,-4,-4,1,25,-2046
3565260038,0,4,-2,-4,10,25,-2047
3565261038,0,-1,-2,-5,2,27,-2048
3565262038,0,3,-4,-5,1,25,-2040
3565263038,0,0,1,-2,3,24,-2047
3565264038,0,4,-4,-5,-3,20,-2040
3565265038,0,0,-2,-4,2,29,-2045
3565266038,0,5,-1,-5,1,21,-2044
3565267038,0,6,-2,-9,-5,18,-2047
3565268038,0,0,-1,-2,4,18,-2044
3565269038,0,2,-4,-1,0,22,-2053
3565270038,0,0,-7,-3,6,27,-2046
3565271038,0,2,-3,1,10,24,-2046
3565272038,0,3,-3,-3,3,22,-2045
3565273038,0,4,-5,-4,-4,26,-2038
3565274038,0,3,-2,-2,3,25,-2052
3565275038,0,6,-2,-3,-1,27,-2045
3565276038,0,4,0,-2,-1,21,-2042
3565277038,0,-2,1,-2,4,20,-2045
3565278038,0,3,-8,-4,1,25,-2052
3565279038,0,1,-3,-4,3,26,-2043
3565280038,0,2,-5,-6,6,25,-2041
3565281038,0,2,-2,-5,4,25,-2046
3565282038,0,0,-1,-3,4,22,-2038
3565283038,0,3,-2,-2,6,18,-2043
3565284038,0,0,-1,-2,4,21,-2041
3565285038,0,4,-3,-3,3,21,-2053
3565286038,0,3,-1,-5,1,30,-2042
3565287038,0,2,-4,-5,-4,27,-2046
3565288038,0,5,-4,-6,8,27,-2053
3565289038,0,1,-2,-6,3,27,-2043
3565290038,0,1,-3,-3,3,27,-2037
3565291038,0,0,1,-1,0,25,-2040
3565292038,0,1,-1,-1,-2,20,-2046
3565293038,0,0,1,-2,6,15,-2047
3565294038,0,-2,-1,-2,12,22,-2035
3565295038,0,1,1,0,4,23,-2043
3565296038,0,-2,-1,-2,3,18,-2038
3565297038,0,1,-2,-2,2,28,-2049
3565298038,0,0,0,-2,3,13,-2048
3565299038,0,3,-4,-2,7,30,-2043
3565300038,0,-2,0,-3,0,29,-2050
3565301038,0,-2,4,1,-2,25,-2049
3565302038,0,2,0,-3,3,32,-2048
3565303038,0,1,-3,-3,4,25,-2046
3565304038,0,0,0,-3,9,26,-2047
3565305038,0,2,-4,0,-1,24,-2049
3565306038,0,0,1,1,-1,27,-2054
3565307038,0,2,-4,-3,4,18,-2045
3565308038,0,0,-4,-4,2,25,-2047
3565309038,0,0,-2,2,6,23,-2043
3565310038,0,2,-1,-2,9,15,-2044
3565311038,0,3,-2,-6,5,20,-2040
3565312038,0,0,-4,0,4,25,-2039
3565313038,0,1,-3,-7,2,23,-2051
3565314038,0,5,-1,-4,5,12,-2052
3565315038,0,-1,-3,-9,3,16,-2043
3565316038,0,4,-7,-3,7,21,-2047
3565317038,0,4,-1,-4,5,24,-2048
3565318038,0,1,-1,-3,-2,30,-2046
3565319038,0,5,-1,-3,7,29,-2038
3565320038,0,1,-3,-3,-3,24,-2036
3565321038,0,3,-2,-4,2,23,-2041
3565322038,0,1,-2,-3,-11,28,-2048
3565323038,0,2,-4,-5,0,32,-2047
3565324038,0,-1,2,0,8,25,-2040
3565325038,0,2,-2,-5,9,21,-2046
3565326038,0,3,-4,-3,2,24,-2043
3565327038,0,4,-4,-3,1,31,-2043
3565328038,0,1,-3,-4,3,27,-2046
3565329038,0,4,-3,-2,4,25,-2038
3565330038,0,1,-2,-2,6,27,-2044
3565331038,0,0,-4,-1,0,24,-2047
3565332038,0,-1,0,-4,1,24,-2049
3565333038,0,3,-4,-5,-1,26,-2039
3565334038,0,6,-5,-5,9,24,-2040
3565335038,0,-3,0,-4,5,24,-2042
3565336038,0,2,-2,-3,-1,18,-2044
3565337038,0,5,-3,-3,0,26,-2052
3565338038,0,-1,-2,-2,10,24,-2049
3565339038,0,3,-7,-4,2,24,-2044
3565340038,0,7,-5,-5,2,25,-2043
3565341038,0,-2,0,-4,5,31,-2045
3565342038,0,3,-6,-6,5,27,-2046
3565343038,0,0,-1,-6,8,29,-2045
3565344038,0,4,-6,-5,4,19,-2044
3565345038,0,-2,-2,-2,0,18,-2048
3565346038,0,3,0,-4,3,21,-2052
3565347038,0,-2,-2,0,3,18,-2045
3565348038,0,1,-2,1,11,26,-2038
3565349038,0,2,2,-1,3,21,-2045
3565350038,0,2,-6,-4,-3,20,-2046
3565351038,0,1,-5,-2,1,24,-2040
3565352038,0,0,-4,-4,10,15,-2045
3565353038,0,1,-1,-4,4,19,-2045
3565354038,0,2,-2,-1,1,25,-2047
3565355038,0,0,-3,-4,5,22,-2046
3565356038,0,1,-3,-5,4,20,-2049
3565357038,0,-1,-2,0,1,24,-2044
3565358038,0,2,-5,-5,3,19,-2048
3565359038,0,-1,0,-1,9,22,-2039
3565360038,0,3,-2,-2,3,25,-2047
3565361038,0,5,-5,-3,11,26,-2046
3565362038,0,3,-2,0,1,30,-2047
3565363038,0,3,-5,-5,4,29,-2045
3565364038,0,0,-1,-4,3,31,-2040
3565365038,0,1,0,-1,3,26,-2042
3565366038,0,3,-3,-6,-1,29,-2041
3565367038,0,1,-4,-4,9,27,-2054
3565368038,0,1,-3,-5,-4,17,-2051
3565369038,0,3,-3,-2,3,26,-2048
3565370038,0,0,-4,-2,6,20,-2042
3565371038,0,1,-4,-2,7,22,-2042
3565372038,0,-2,-3,1,2,33,-2049
3565373038,0,2,1,-3,10,22,-2047
3565374038,0,4,-2,-4,11,25,-2049
3565375038,0,2,0,0,1,16,-2041
3565376038,0,4,-1,0,-3,24,-2046
3565377038,0,0,0,-3,4,20,-2044
3565378038,0,1,-2,-4,-2,17,-2047
3565379038,0,1,-2,-2,0,20,-2045
3565380038,0,-1,-3,0,-1,17,-2043
3565381038,0,5,-3,-4,3,22,-2053
3565382038,0,0,1,-2,1,26,-2044
3565383038,0,3,-5,-3,3,24,-2047
3565384038,0,1,-5,-4,5,22,-2040
3565385038,0,2,-3,-3,2,16,-2055
3565386038,0,0,-1,-1,3,21,-2040
3565387038,0,4,-2,-4,9,21,-2046
3565388038,0,4,-6,-5,5,25,-2046
3565389038,0,1,-4,-6,3,24,-2050
3565390038,0,5,-4,-6,5,25,-2043
3565391038,0,2,-3,-4,2,26,-2042
3565392038,0,5,-3,-6,1,20,-2049
3565393038,0,-2,-2,-5,1,21,-2042
3565394038,0,2,-4,-6,2,23,-2044
3565395038,0,2,-4,-3,0,25,-2053
3565396038,0,3,-2,-3,6,20,-2044
3565397038,0,1,-2,-1,9,24,-2052
3565398038,0,5,-2,1,10,22,-2044
3565399038,0,3,-2,-3,-2,20,-2045
3565400038,0,-2,1,0,4,24,-2052
3565401038,0,1,0,-1,15,17,-2049
3565402038,0,1,-4,-3,0,21,-2052
3565403038,0,1,-3,-5,4,26,-2045
3565404038,0,3,-6,-3,4,24,-2050
3565405038,0,1,0,-7,-2,21,-2046
3565406038,0,2,-6,-9,-1,28,-2050
3565407038,0,2,-4,-6,-4,32,-2046
3565408038,0,3,-4,-8,0,24,-2038
3565409038,0,1,-2,-3,4,29,-2046
3565410038,0,0,0,-4,9,24,-2051
3565411038,0,4,-7,-3,3,23,-2044
3565412038,0,3,-6,-2,-2,33,-2043
3565413038,0,3,-4,-6,6,24,-2045
3565414038,0,1,0,-3,4,27,-2042
3565415038,0,2,-3,-3,8,18,-2050
3565416038,0,4,-3,-2,3,19,-2041
3565417038,0,3,-6,-3,6,20,-2045
3565418038,0,6,-2,-2,-2,22,-2054
3565419038,0,2,-4,-2,4,20,-2044
3565420038,0,2,-6,-6,8,18,-2042
3565421038,0,2,-4,-7,9,20,-2046
3565422038,0,5,-4,-6,6,16,-2053
3565423038,0,-2,2,-2,4,21,-2050
3565424038,0,0,-5,-3,-2,24,-2049
3565425038,0,3,-3,-7,14,24,-2047
3565426038,0,4,-3,-3,9,19,-2046
3565427038,0,6,-2,-1,-6,17,-2051
3565428038,0,4,-1,0,0,18,-2047
3565429038,0,3,-1,-3,1,20,-2046
3565430038,0,-5,0,-4,3,26,-2040
3565431038,0,3,-3,-5,6,21,-2042
3565432038,0,3,-2,-5,9,17,-2046
3565433038,0,1,-2,-6,-4,17,-2046
3565434038,0,4,-1,-1,5,25,-2041
3565435038,0,6,-7,-4,3,23,-2038
3565436038,0,5,-3,-3,3,18,-2041
3565437038,0,1,0,-2,15,22,-2044
3565438038,0,6,-3,-1,13,16,-2043
3565439038,0,6,-4,-2,11,27,-2043
3565440038,0,-3,-1,2,1,25,-2041
3565441038,0,3,-3,-4,3,25,-2042
3565442038,0,2,-1,-2,5,26,-2040
3565443038,0,2,-1,-5,8,20,-2046
3565444038,0,3,-2,-3,13,29,-2049
3565445038,0,-1,-4,-4,13,26,-2048
3565446038,0,2,-5,-3,1,23,-2042
3565447038,0,0,-3,-2,-3,29,-2036
3565448038,0,3,-1,-5,-6,22,-2044
3565449038,0,3,-2,-4,-2,22,-2046
3565450038,0,4,-2,-3,-1,29,-2042
3565451038,0,3,-5,-5,4,33,-2046
3565452038,0,1,-6,0,8,28,-2040
3565453038,0,2,-2,-3,10,18,-2050
3565454038,0,4,0,-7,6,26,-2050
3565455038,0,4,0,-2,2,25,-2040
3565456038,0,1,0,0,1,25,-2041
3565457038,0,3,-7,-1,4,21,-2041
3565458038,0,3,-1,-6,-8,25,-2045
3565459038,0,3,-4,-7,4,29,-2044
3565460038,0,3,-2,-3,5,31,-2041
3565461038,0,4,0,-3,4,18,-2045
3565462038,0,3,-4,-4,3,25,-2053
3565463038,0,1,-5,-7,4,27,-2049
3565464038,0,1,3,0,4,28,-2042
3565465038,0,3,-4,-6,-1,22,-2041
3565466038,0,4,-1,-7,2,15,-2042
3565467038,0,4,0,-3,5,21,-2050
3565468038,0,3,-5,-6,10,18,-2049
3565469038,0,0,2,-3,8,32,-2047
3565470038,0,4,-3,-3,4,26,-2050
3565471038,0,-2,-3,-3,9,19,-2042
3565472038,0,2,-2,-3,11,27,-2043
3565473038,0,1,-4,-3,11,24,-2038
3565474038,0,2,-3,-3,4,28,-2041
3565475038,0,2,-1,-2,-6,25,-2041
3565476038,0,1,-4,-4,3,24,-2046
3565477038,0,6,-3,-9,6,26,-2042
3565478038,0,2,0,-2,3,32,-2049
3565479038,0,-1,-2,-2,4,28,-2045
3565480038,0,2,-1,-2,9,24,-2041
3565481038,0,1,-4,0,0,28,-2045
3565482038,0,3,-2,1,8,25,-2040
3565483038,0,1,2,-3,6,21,-2038
3565484038,0,4,-6,-7,-3,18,-2046
3565485038,0,2,-1,-4,3,23,-2050
3565486038,0,0,-2,-2,3,27,-2045
3565487038,0,3,-4,-4,6,26,-2045
3565488038,0,0,-2,-7,6,30,-2043
3565489038,0,2,-2,-5,-4,27,-2040
3565490038,0,3,0,-2,7,24,-2044
3565491038,0,1,-5,-2,8,20,-2049
3565492038,0,1,-4,-5,4,22,-2044
3565493038,0,3,-2,-6,6,18,-2044
3565494038,0,5,-2,-2,8,18,-2049
3565495038,0,3,-1,-2,-5,24,-2046
3565496038,0,1,-4,-3,3,26,-2051
3565497038,0,3,-4,-5,4,22,-2042
3565498038,0,0,-2,-3,13,24,-2046
3565499038,0,1,0,-3,-5,25,-2051
3565500038,0,3,-5,-3,-8,19,-2046
3565501038,0,-2,2,-6,4,19,-2047
3565502038,0,1,-5,-7,0,15,-2046
3565503038,0,3,-5,-2,12,25,-2041
3565504038,0,0,-4,-2,2,32,-2042
3565505038,0,0,-3,-6,5,31,-2038
3565506038,0,2,-3,-6,2,23,-2040
3565507038,0,3,0,-4,5,23,-2049
3565508038,0,1,-3,-2,3,22,-2048
3565509038,0,4,-3,-2,4,24,-2045
3565510038,0,-1,3,-4,5,28,-2041
3565511038,0,4,-1,-4,-3,21,-2039
3565512038,0,-3,-3,1,2,23,-2044
3565513038,0,1,-2,-2,6,18,-2042
3565514038,0,-1,-3,-3,2,20,-2041
3565515038,0,3,-2,-5,4,23,-2045
3565516038,0,0,-2,-3,-1,19,-2043
3565517038,0,5,-3,-4,5,24,-2040
3565518038,0,2,0,-5,7,22,-2050
3565519038,0,4,-1,-5,9,24,-2050
3565520038,0,0,-3,-4,9,24,-2040
3565521038,0,2,-2,-4,4,28,-2049
3565522038,0,3,-5,-4,2,27,-2046
3565523038,0,2,-2,-6,-2,25,-2054
3565524038,0,3,-3,-4,6,30,-2047
3565525038,0,4,-4,-4,8,24,-2043
3565526038,0,3,-1,-4,4,25,-2038
3565527038,0,4,-3,-6,-4,29,-2043
3565528038,0,0,-3,-3,5,30,-2046
3565529038,0,0,0,-4,6,26,-2048
3565530038,0,5,-3,-2,-4,27,-2044
3565531038,0,0,-1,-4,-1,25,-2049
3565532038,0,1,0,-1,7,26,-2049
3565533038,0,4,-3,-3,-5,22,-2045
3565534038,0,5,1,-3,9,22,-2052
3565535038,0,2,-5,-5,0,26,-2039
3565536038,0,1,-3,-4,5,31,-2044
3565537038,0,2,-5,-4,-2,28,-2048
3565538038,0,3,-3,-2,9,30,-2038
3565539038,0,1,-1,-3,-1,19,-2040
3565540038,0,3,-5,-2,7,26,-2043
3565541038,0,0,-3,-2,7,17,-2045
3565542038,0,0,-2,-3,4,20,-2043
3565543038,0,3,-3,-5,4,26,-2053
3565544038,0,0,-3,-5,-1,19,-2043
3565545038,0,5,-4,-8,6,23,-2040
3565546038,0,1,-1,0,2,25,-2045
3565547038,0,0,-4,-3,5,18,-2039
3565548038,0,3,-5,-4,2,20,-2046
3565549038,0,3,-4,-5,3,27,-2047
3565550038,0,1,-2,-4,0,23,-2046
3565551038,0,2,-4,-3,-1,21,-2041
3565552038,0,0,-3,-6,-2,21,-2048
3565553038,0,8,-2,-3,4,20,-2040
3565554038,0,0,1,-2,12,21,-2042
3565555038,0,2,0,-5,-1,27,-2043
3565556038,0,2,-4,-1,5,23,-2047
3565557038,0,4,-2,-3,4,22,-2044
3565558038,0,2,-4,-3,-2,26,-2050
3565559038,0,1,0,-3,-3,27,-2045
3565560038,0,2,-5,-5,-2,20,-2042
3565561038,0,1,-7,-5,3,24,-2043
3565562038,0,2,1,-3,0,25,-2046
3565563038,0,-1,-4,0,-1,24,-2038
3565564038,0,0,-3,-4,9,26,-2053
3565565038,0,1,-1,-1,5,25,-2050
3565566038,0,-1,-5,-2,14,25,-2040
3565567038,0,2,-1,-3,2,19,-2036
3565568038,0,0,-3,-2,5,22,-2039
3565569038,0,1,0,-2,5,22,-2046
3565570038,0,1,-3,-4,3,24,-2047
3565571038,0,3,-2,-2,3,19,-2039
3565572038,0,3,0,-2,8,25,-2041
3565573038,0,3,-4,-6,-2,24,-2041
3565574038,0,0,1,-3,4,28,-2048
3565575038,0,4,-7,-3,7,21,-2045
3565576038,0,3,-2,-5,2,24,-2042
3565577038,0,3,-7,-4,6,26,-2051
3565578038,0,4,-1,-1,-4,21,-2052
3565579038,0,2,0,-3,1,19,-2044
3565580038,0,1,-2,-2,11,27,-2038
3565581038,0,5,-1,-3,5,21,-2047
3565582038,0,-1,-3,-4,7,26,-2058
3565583038,0,1,-1,-2,9,26,-2044
3565584038,0,2,-2,-3,0,21,-2052
3565585038,0,1,-2,-4,0,25,-2049
3565586038,0,4,-2,-3,1,25,-2042
3565587038,0,3,-1,-4,3,25,-2051
3565588038,0,-1,-2,-3,2,27,-2042
3565589038,0,2,-3,-5,6,21,-2046
3565590038,0,3,-5,-2,6,22,-2041
3565591038,0,-1,-3,-2,7,24,-2036
3565592038,0,1,-2,-8,9,23,-2047
3565593038,0,4,-3,-6,-3,18,-2045
3565594038,0,3,-4,-3,2,24,-2044
3565595038,0,1,0,-4,7,19,-2053
3565596038,0,2,-1,-2,2,25,-2043
3565597038,0,2,-1,-2,6,20,-2042
3565598038,0,-1,0,0,5,25,-2056
3565599038,0,5,-6,-4,-1,28,-2048
3565600038,0,1,-5,-4,-1,26,-2041
3565601038,0,-1,0,-1,1,26,-2042
3565602038,0,3,-4,-3,1,21,-2043
3565603038,0,1,-3,-4,8,15,-2041
3565604038,0,2,-1,-3,7,21,-2043
3565605038,0,1,1,0,-2,35,-2045
3565606038,0,2,-3,-6,-2,24,-2045
3565607038,0,4,-6,-6,12,23,-2052
3565608038,0,4,-4,-6,2,17,-2043
3565609038,0,4,-2,0,0,27,-2054
3565610038,0,2,-3,-3,1,25,-2043
3565611038,0,2,0,-3,9,27,-2049
3565612038,0,0,0,-1,6,25,-2051
3565613038,0,5,-2,-2,11,26,-2044
3565614038,0,1,-2,-7,-4,31,-2045
3565615038,0,-2,-3,-3,2,21,-2036
3565616038,0,1,-3,-6,5,23,-2050
3565617038,0,-1,-3,-5,0,24,-2045
3565618038,0,3,-1,-3,-2,28,-2043
3565619038,0,0,-2,-2,1,20,-2046
3565620038,0,1,-3,-5,2,13,-2044
3565621038,0,4,-4,-4,1,19,-2045
3565622038,0,-1,-4,-6,-3,19,-2041
3565623038,0,3,-1,-5,9,28,-2049
3565624038,0,4,-3,-1,-3,18,-2047
3565625038,0,3,-1,-2,-4,27,-2049
3565626038,0,3,-3,-5,1,28,-2047
3565627038,0,1,-4,-3,3,24,-2037
3565628038,0,2,-4,-8,6,21,-2040
3565629038,0,-2,-2,0,-1,26,-2042
3565630038,0,3,-1,-5,0,33,-2041
3565631038,0,2,-1,-5,6,23,-2047
3565632038,0,2,-1,-4,1,11,-2044
3565633038,0,2,0,-3,4,15,-2044
3565634038,0,5,-2,0,0,31,-2050
3565635038,0,0,3,-1,5,22,-2046
3565636038,0,0,0,-1,-2,27,-2042
3565637038,0,3,-7,-6,4,27,-2041
3565638038,0,-1,1,-3,3,25,-2047
3565639038,0,0,-1,-5,9,26,-2043
3565640038,0,4,-4,-7,6,17,-2044
3565641038,0,2,-2,-3,3,26,-2035
3565642038,0,3,-1,-3,2,19,-2045
3565643038,0,-2,1,2,1,22,-2050
3565644038,0,3,-4,-4,3,27,-2037
3565645038,0,1,-1,-3,1,28,-2043
3565646038,0,0,-3,-2,2,23,-2042
3565647038,0,1,-4,-4,3,19,-2046
3565648038,0,2,-1,-2,-3,23,-2047
3565649038,0,2,-4,-3,8,26,-2043
3565650038,0,3,-6,-4,9,22,-2041
3565651038,0,3,-5,-7,8,22,-2036
3565652038,0,-2,0,-3,15,28,-2047
3565653038,0,2,-4,-3,-1,22,-2039
3565654038,0,-1,-1,0,1,15,-2042
3565655038,0,1,-5,-2,4,18,-2045
3565656038,0,-2,1,-3,16,25,-2047
3565657038,0,5,-3,-1,5,29,-2043
3565658038,0,2,-2,-1,3,22,-2044
3565659038,0,1,-2,-1,9,23,-2046
3565660038,0,2,-4,-6,0,28,-2052
3565661038,0,1,0,-2,-1,20,-2048
3565662038,0,0,0,-4,3,28,-2050
3565663038,0,3,-5,-2,2,18,-2045
3565664038,0,3,-4,0,1,25,-2044
3565665038,0,1,1,-6,-2,27,-2046
3565666038,0,5,-5,-2,-1,25,-2040
3565667038,0,1,-2,-4,8,22,-2048
3565668038,0,1,-4,-2,0,30,-2039
3565669039,0,1,-1,-4,2,27,-2040
3565670040,0,2,-4,-3,5,21,-2046
3565671038,0,3,-7,-5,1,21,-2044
3565672038,0,-2,-2,-4,0,25,-2050
3565673038,0,2,-4,-3,1,21,-2038
3565674038,0,2,-1,-2,3,23,-2042
3565675038,0,-1,1,-2,3,20,-2045
3565676038,0,2,-4,-4,2,27,-2046
3565677038,0,4,0,-3,8,29,-2045
3565678038,0,3,-1,-3,7,27,-2051
3565679038,0,0,-2,1,5,24,-2049
3565680038,0,1,-3,-4,7,21,-2049
3565681038,0,3,-4,0,-4,21,-2046
3565682038,0,1,-5,-3,-1,27,-2045
3565683038,0,-1,2,0,5,23,-2042
3565684038,0,3,-2,-2,3,17,-2046
3565685038,0,4,-1,0,2,20,-2039
3565686038,0,-1,3,0,-4,27,-2050
3565687038,0,4,1,-1,0,27,-2041
3565688038,0,2,-4,-4,-1,16,-2050
3565689038,0,3,-2,-6,9,30,-2046
3565690038,0,2,-5,-1,7,18,-2052
3565691038,0,1,0,-2,1,21,-2044
3565692038,0,4,-4,-5,-2,9,-2044
3565693038,0,-1,-3,-3,7,21,-2044
3565694038,0,0,-1,-2,-1,24,-2045
3565695038,0,5,-2,-4,-4,23,-2042
3565696038,0,2,-2,-7,5,24,-2048
3565697038,0,2,-3,-4,1,25,-2049
3565698038,0,1,-4,-3,10,22,-2049
3565699038,0,0,-2,-2,-2,26,-2042
3565700038,0,3,-2,-4,4,18,-2038
3565701038,0,7,-6,-6,7,21,-2046
3565702038,0,0,4,0,4,28,-2047
3565703038,0,3,-1,-4,12,24,-2046
3565704038,0,-3,1,-4,3,23,-2055
3565705038,0,2,-4,-5,9,24,-2039
3565706038,0,3,-4,-6,8,18,-2045
3565707038,0,3,-1,-2,6,29,-2049
3565708038,0,-1,-3,-3,-5,21,-2044
3565709038,0,2,0,-5,7,20,-2046
3565710038,0,-3,0,-5,6,26,-2044
3565711038,0,-1,-2,-2,0,18,-2036
3565712038,0,2,-3,-4,11,23,-2038
3565713038,0,3,-4,-5,1,23,-2042
3565714038,0,1,-1,-3,0,26,-2041
3565715038,0,2,-4,-2,-3,26,-2045
3565716038,0,2,-2,-5,7,19,-2054
3565717038,0,4,-5,-5,5,16,-2044
3565718038,0,-1,-1,-2,5,18,-2042
3565719038,0,2,-5,-3,-5,21,-2049
3565720038,0,-1,-1,-3,0,25,-2049
3565721038,0,1,-4,-4,-2,23,-2051
3565722038,0,2,-3,-4,-5,25,-2046
3565723038,0,4,-2,-4,3,25,-2050
3565724038,0,3,1,-4,-1,26,-2048
3565725038,0,-2,1,-2,2,26,-2047
3565726038,0,-2,0,-1,-2,31,-2046
3565727038,0,1,-3,-2,-10,19,-2040
3565728038,0,0,-3,-4,7,26,-2037
3565729038,0,1,0,-3,4,15,-2045
3565730038,0,6,-4,-7,9,27,-2049
3565731038,0,1,-3,-5,5,28,-2043
3565732038,0,3,-6,-6,8,30,-2047
3565733038,0,1,-2,-4,1,23,-2037
3565734038,0,4,-6,-4,9,20,-2041
3565735038,0,1,-2,-4,9,26,-2051
3565736038,0,2,0,-3,1,24,-2044
3565737038,0,1,-2,-2,-1,17,-2041
3565738038,0,0,-3,-5,6,29,-2048
3565739038,0,0,0,-4,6,28,-2046
3565740038,0,0,-2,-4,-2,16,-2048
3565741038,0,3,-7,-5,2,25,-2046
3565742038,0,2,-3,-3,7,24,-2047
3565743038,0,2,-4,-3,13,25,-2050
3565744038,0,0,-1,-4,0,34,-2047
3565745038,0,3,-2,-4,9,17,-2039
3565746038,0,2,-4,-4,3,23,-2041
3565747038,0,2,-2,-4,2,28,-2051
3565748038,0,0,-2,-4,0,24,-2044
3565749038,0,4,-3,-6,-2,25,-2049
3565750038,0,1,-2,-3,1,32,-2047
3565751038,0,5,0,-6,7,24,-2045
3565752038,0,2,-3,-3,7,19,-2040
3565753038,0,5,-1,-5,7,26,-2048
3565754038,0,5,-3,-6,4,28,-2051
3565755038,0,0,2,-3,3,20,-2041
3565756038,0,3,0,-6,1,18,-2051
3565757038,0,-2,0,-3,7,23,-2046
3565758038,0,4,2,-7,9,20,-2046
3565759038,0,2,-5,-6,2,19,-2053
3565760038,0,-2,-1,-3,6,18,-2047
3565761038,0,3,-2,-5,9,20,-2047
3565762038,0,5,-6,-3,-7,27,-2043
3565763038,0,8,-2,-3,-3,25,-2047
3565764038,0,2,-1,-2,10,16,-2048
3565765038,0,1,-2,0,3,23,-2033
3565766038,0,3,-1,-4,5,24,-2040
3565767038,0,2,0,-4,3,23,-2046
3565768038,0,3,-4,-5,4,22,-2037
3565769038,0,-2,1,-6,-3,20,-2044
3565770038,0,3,-5,-3,4,20,-2041
3565771038,0,0,1,-3,-1,23,-2044
3565772038,0,0,-5,-7,2,24,-2043
3565773038,0,2,-4,-3,8,26,-2051
3565774038,0,4,-3,-6,4,25,-2043
3565775038,0,1,-3,-2,6,23,-2049
3565776038,0,4,-3,-3,5,20,-2049
3565777038,0,0,-1,-1,3,23,-2044
3565778038,0,1,-3,-5,5,32,-2040
3565779038,0,3,-4,-4,-3,26,-2036
3565780038,0,1,-2,0,1,18,-2054
3565781038,0,-1,-4,0,2,23,-2040
3565782038,0,1,-1,-3,5,29,-2049
3565783038,0,2,-1,4,8,21,-2045
3565784038,0,2,-6,-6,6,20,-2046
3565785038,0,4,-1,-3,-1,23,-2048
3565786038,0,4,-4,-4,3,20,-2045
3565787038,0,2,-4,-2,6,22,-2046
3565788038,0,3,-3,-5,4,23,-2043
3565789038,0,1,0,-3,4,29,-2045
3565790038,0,0,1,-1,6,24,-2047
3565791038,0,0,-2,-3,4,22,-2042
3565792038,0,1,-1,-1,4,26,-2041
3565793038,0,-1,-2,-5,10,21,-2046
3565794038,0,0,0,-4,0,25,-2047
3565795038,0,-1,-3,-5,4,23,-2048
3565796038,0,1,-5,-3,0,19,-2044
3565797038,0,3,-2,-3,11,27,-2042
3565798038,0,2,-2,-3,-5,22,-2045
3565799038,0,5,-7,-4,2,27,-2044
3565800038,0,2,-3,-5,0,23,-2044
3565801038,0,5,1,-3,3,24,-2049
3565802038,0,5,-4,-1,2,21,-2056
3565803038,0,1,1,-2,5,21,-2047
3565804038,0,3,-2,-5,0,26,-2051
3565805038,0,5,-5,-5,2,27,-2043
3565806038,0,5,-1,-3,6,18,-2046
3565807038,0,2,-2,-3,1,21,-2041
3565808038,0,1,-3,2,3,18,-2039
3565809038,0,3,-1,1,5,19,-2043
3565810038,0,3,-3,-5,1,23,-2044
3565811038,0,4,-2,-4,7,26,-2043
3565812038,0,3,-2,-2,0,26,-2040
3565813038,0,1,-5,-3,6,25,-2050
3565814038,0,1,-1,-2,5,25,-2047
3565815038,0,0,-1,-6,3,25,-2047
3565816038,0,-1,-2,-1,-2,17,-2050
3565817038,0,3,-2,1,2,22,-2043
3565818038,0,1,-4,-5,-3,22,-2048
3565819038,0,-2,-2,-1,6,22,-2044
3565820038,0,2,-2,-4,-6,24,-2043
3565821038,0,3,0,-3,-4,27,-2046
3565822038,0,-1,2,-2,-2,23,-2046
3565823038,0,2,-4,-4,0,25,-2042
3565824038,0,2,-2,-2,9,23,-2047
3565825038,0,2,-2,-5,8,23,-2041
3565826038,0,0,-2,-5,3,24,-2047
3565827038,0,1,-2,-1,4,23,-2046
3565828038,0,1,-3,-1,3,18,-2038
3565829038,0,1,-1,-2,6,23,-2046
3565830038,0,1,1,-3,7,27,-2052
3565831038,0,6,-2,-2,8,21,-2044
3565832038,0,-1,-15,20,350,-249,-1917
3565833038,0,-7,-10,-12,46,175,-1937
3565834038,0,-12,-5,1,-306,299,-2094
3565835038,0,3,11,-14,-462,79,-2064
3565836038,0,-10,24,0,-2,-5,-2049
3565837038,0,-6,15,-3,249,-85,-2073
3565838038,0,0,-4,-7,262,100,-2101
3565839038,0,2,-15,-6,168,162,-2100
3565840038,0,15,-27,-4,-95,188,-2091
3565841038,0,15,-1,-6,-75,66,-1896
3565842038,0,0,18,4,-213,-297,-1925
3565843038,0,-8,18,-2,-33,-124,-2144
3565844038,0,-6,10,1,16,13,-2140
3565845038,0,14,1,-10,63,274,-2078
3565846038,0,3,16,0,-75,27,-1821
3565847038,0,-7,25,-1,-26,-163,-2005
3565848038,0,-11,18,0,78,-84,-2131
3565849038,0,-11,5,2,139,123,-2215
3565850038,0,4,-11,-12,1,345,-2111
3565851038,0,10,-2,-3,-127,86,-1861
3565852038,0,9,12,-4,-105,-220,-1972
3565853038,0,2,11,0,16,-233,-2115
3565854038,0,-8,-1,-3,170,9,-2294
3565855038,0,6,-17,-9,1,198,-2149
3565856038,0,7,-9,-2,-154,66,-1944
3565857038,0,3,1,-2,-157,-32,-1976
3565858038,0,-2,4,-1,17,-118,-2101
3565859038,0,-4,-5,-7,153,100,-2236
3565860038,0,3,-16,-2,39,146,-2106
3565861038,0,13,-11,-6,-89,14,-1899
3565862038,0,5,-6,-1,-139,-56,-1901
3565863038,0,-1,2,-7,-57,-149,-2044
3565864038,0,-4,0,-1,14,-15,-2101
3565865038,0,-1,-3,1,-19,67,-2016
3565866038,0,4,-5,-10,26,132,-1921
3565867038,0,0,3,-4,-12,29,-1924
3565868038,0,2,1,0,24,-106,-2014
3565869038,0,-2,1,-3,117,-5,-2084
3565870038,0,3,-3,-4,38,69,-2102
3565871038,0,6,-11,-8,30,89,-2050
3565872038,0,5,-7,-1,-54,43,-1975
3565873038,0,1,0,-1,-47,-82,-1960
3565874038,0,4,3,-3,93,-10,-2081
3565875038,0,0,-5,-2,54,52,-2054
3565876038,0,-3,-11,-9,74,124,-2134
3565877038,0,5,-4,-2,-56,8,-2041
3565878038,0,3,7,-8,-47,-42,-2078
3565879038,0,1,5,2,48,41,-2137
3565880038,0,4,2,-7,176,11,-2108
3565881038,0,1,-5,-2,97,98,-2109
3565882038,0,5,-14,-8,35,80,-2043
3565883038,0,9,-11,-5,-83,40,-2041
3565884038,0,2,-8,-7,-52,3,-2049
3565885038,0,1,-1,-4,9,6,-2064
3565886038,0,-1,-10,-10,113,81,-2090
3565887038,0,5,-19,-11,105,124,-2036
3565888038,0,9,-19,-7,-5,45,-1990
3565889038,0,9,-20,-6,-12,77,-2045
3565890038,0,8,-16,-4,-4,-4,-2024
3565891038,0,7,-19,-6,47,18,-2054
3565892038,0,9,-20,-6,43,83,-2044
3565893038,0,9,-18,-6,20,27,-1981
3565894038,0,5,-17,-2,-57,78,-2042
3565895038,0,7,-14,-5,2,-15,-2008
3565896038,0,5,-12,-8,36,-17,-2038
3565897038,0,1,-8,-5,-14,36,-2016
3565898038,0,7,-12,-7,-50,67,-2054
3565899038,0,6,-6,-8,-58,52,-2035
3565900038,0,4,-1,-6,-44,-4,-2058
3565901038,0,4,0,-7,-33,-17,-2045
3565902038,0,5,0,-8,-38,42,-2076
3565903038,0,4,2,-6,-31,19,-2059
3565904038,0,7,3,-5,-37,14,-2090
3565905038,0,8,0,-6,-4,-15,-2067
3565906038,0,7,-6,-13,3,29,-2081
3565907038,0,10,-3,-9,-32,35,-2061
3565908038,0,7,0,-10,-15,31,-2079
3565909038,0,8,-7,-9,38,8,-2050
3565910038,0,6,-6,-15,58,22,-2062
3565911038,0,6,-12,-9,40,53,-2042
3565912038,0,9,-14,-11,15,55,-2050
3565913038,0,11,-14,-10,26,18,-2034
3565914038,0,6,-16,-10,59,3,-2043
3565915038,0,9,-16,-14,45,15,-2073
3565916038,0,5,-19,-7,81,23,-2047
3565917038,0,9,-17,-11,42,39,-2039
3565918038,0,2,-21,-7,50,-1,-2021
3565919038,0,6,-16,-7,-6,7,-2038
3565920038,0,1,-12,-5,-25,22,-2061
3565921038,1,2,-11,-4,19,5,-2041
3565922038,1,3,-11,-5,0,-15,-2026
3565923038,1,-1,-9,-3,-21,6,-2035
3565924038,1,1,-3,-6,-14,3,-2026
3565925038,1,4,-7,-4,5,17,-2036
3565926038,1,0,-2,-4,-31,13,-2032
3565927038,1,-1,-5,-4,-39,-5,-2044
3565928038,1,3,-3,-4,-70,29,-2051
3565929038,1,1,-4,-4,-47,11,-2045
3565930038,1,6,2,-5,-30,4,-2036
3565931038,1,2,-1,-6,-12,15,-2051
3565932038,1,4,-2,-4,-23,6,-2032
3565933038,1,6,0,-4,-57,4,-2069
3565934038,1,3,2,-3,-2,15,-2064
3565935038,1,3,-3,-8,-57,21,-2044
3565936038,1,5,-5,-6,-43,32,-2062
3565937038,1,1,0,-8,58,30,-2030
3565938038,1,5,-5,-4,6,11,-2064
3565939038,1,4,-5,-6,-12,41,-2091
3565940038,1,2,-5,-5,-31,40,-2085
3565941038,1,6,-7,-6,21,3,-2054
3565942038,1,6,-8,-5,65,34,-2064
3565943038,1,3,-11,-6,28,59,-2053
3565944038,1,1,-8,-2,31,49,-2053
3565945038,1,6,-8,-6,-2,32,-2052
3565946038,1,3,-8,-1,-8,17,-2062
3565947038,1,4,-6,2,52,14,-2046
3565948038,1,2,-7,-2,17,40,-2042
3565949038,1,-1,-8,0,12,21,-2031
3565950038,1,4,-8,-3,40,32,-2033
3565951038,1,2,-10,-1,48,20,-2021
3565952038,1,4,-13,-4,36,26,-2033
3565953038,1,-1,-9,-3,24,26,-2040
3565954038,1,4,-13,-4,29,28,-2031
3565955038,1,8,-10,-7,-22,8,-2010
3565956038,1,5,-10,-9,-29,8,-2015
3565957038,1,1,-4,-4,-42,5,-2041
3565958038,1,-1,-3,-4,40,-16,-2033
3565959038,1,2,-11,-6,75,45,-2073
3565960038,1,7,-16,-8,67,47,-2069
3565961038,1,4,-15,-9,40,43,-2056
3565962038,1,9,-16,-6,8,20,-2046
3565963038,1,6,-15,-9,-38,30,-2060
3565964038,1,6,-16,-8,50,29,-2057
3565965038,1,9,-21,-10,71,25,-2042
3565966038,1,7,-19,-8,-17,45,-2051
3565967038,1,8,-23,-11,-1,35,-2042
3565968038,1,9,-18,-9,22,53,-2048
3565969038,1,10,-18,-8,51,45,-2048
3565970038,1,11,-21,-10,41,57,-2056
3565971038,1,11,-27,-3,93,44,-2044
3565972038,1,11,-28,-7,100,33,-2036
3565973038,1,14,-33,-9,56,17,-2050
3565974038,1,9,-30,-4,-8,1,-2047
3565975038,1,7,-28,-1,-43,-20,-2046
3565976038,1,6,-23,-3,-59,-17,-2041
3565977038,1,1,-19,1,-58,-10,-2055
3565978038,1,-1,-13,-3,-57,14,-2046
3565979038,1,1,-12,0,-37,21,-2067
3565980038,1,-1,-11,-4,-35,29,-2082
3565981038,1,-3,-2,0,-49,39,-2082
3565982038,1,2,-3,-2,-55,30,-2077
3565983038,1,5,-7,-6,-11,43,-2078
3565984038,1,6,-12,-6,0,50,-2063
3565985038,1,6,-7,-4,-14,45,-2053
3565986038,1,9,-18,-6,-53,24,-2036
3565987038,1,8,-13,-7,-124,-6,-2022
3565988038,1,7,-6,-2,-90,-40,-2011
3565989038,1,4,-6,0,-65,-13,-2010
3565990038,1,1,-2,1,-59,-9,-1999
3565991038,1,2,-5,-1,-10,16,-2006
3565992038,1,0,-9,2,-70,23,-2007
3565993038,1,-2,2,3,-192,8,-2012
3565994038,1,0,6,0,-175,-13,-1998
3565995038,1,-5,13,2,-152,-12,-2036
3565996038,0,-11,23,1,-182,17,-2077
3565997038,0,-4,12,1,14,32,-2108
3565998038,0,-6,13,-1,-87,32,-2063
3565999038,0,-10,19,1,-102,3,-2093
3566000038,0,-2,14,3,-12,48,-2122
3566001038,0,-10,18,1,-63,20,-2072
3566002038,0,-2,11,1,-60,44,-2088
3566003038,0,-2,12,2,38,74,-2055
3566004038,0,-4,17,5,-14,-5,-2039
3566005038,0,-1,9,4,-9,2,-2038
3566006038,0,-6,13,6,-31,-19,-2005
3566007038,0,-6,14,3,-14,-15,-2039
3566008038,0,-4,12,4,142,-18,-2026
3566009038,0,-1,-1,6,245,40,-2070
3566010038,0,3,-16,5,323,-19,-2043
3566011038,0,9,-38,8,345,54,-2122
3566012038,0,10,-54,5,325,61,-2058
3566013038,0,8,-51,2,209,2,-1925
3566014038,0,0,-40,6,-48,-43,-1919
3566015038,0,-5,-26,6,-20,-33,-1942
3566016038,1,-11,-12,8,-20,-81,-1979
3566017038,1,-11,-6,9,66,-74,-1983
3566018038,1,-16,-3,11,116,-21,-2022
3566019038,1,-8,-6,5,87,28,-2074
3566020038,1,-14,-4,7,41,75,-2076
3566021038,1,-6,-4,4,4,83,-2090
3566022038,2,-5,-9,-2,17,71,-2092
3566023038,2,0,-6,-3,-1,47,-2112
3566024038,2,1,-10,0,-48,28,-2142
3566025038,2,1,-9,0,-88,15,-2107
3566026038,2,1,-5,0,-123,-2,-2083
3566027038,2,1,-6,5,-105,9,-2052
3566028038,2,-2,3,3,-115,27,-2038
3566029038,2,1,-1,3,-133,48,-2021
3566030038,1,4,0,0,94,117,-1941
3566031038,1,-2,1,6,-11,99,-1955
3566032038,1,1,0,3,-139,52,-2037
3566033038,1,-1,7,2,-170,40,-1994
3566034038,1,-2,4,1,-108,8,-2010
3566035038,0,-12,13,6,-38,38,-2016
3566036038,0,-14,15,3,-39,31,-2006
3566037038,0,-10,5,8,-68,44,-2085
3566038038,0,-5,2,5,-68,97,-2136
3566039038,-1,-8,2,6,-65,92,-2137
3566040038,-1,-6,2,7,-41,87,-2126
3566041038,-1,-6,3,6,-57,101,-2114
3566042038,-1,-3,5,5,-75,81,-2101
3566043038,-2,1,7,8,-62,61,-2094
3566044038,-2,0,7,4,-70,7,-2085
3566045038,-2,2,8,2,-52,-9,-2082
3566046038,-2,0,10,5,-32,-4,-2088
3566047038,-2,-3,12,2,-49,0,-2042
3566048038,-3,-5,12,0,-31,-12,-2032
3566049038,-3,-6,15,4,48,-35,-2032
3566050038,-3,-6,9,-7,45,-40,-2010
3566051038,-3,-5,11,2,0,23,-1933
3566052038,-3,-4,15,-5,-3,42,-2041
3566053038,-3,1,11,-3,5,42,-2070
3566054038,-3,-2,13,2,41,1,-2005
3566055038,-3,-2,11,1,58,42,-1972
3566056038,-3,2,8,-3,38,58,-2019
3566057038,-3,4,6,0,47,56,-2004
3566058038,-3,9,3,-7,53,27,-2006
3566059038,-2,8,-4,-9,34,15,-2046
3566060038,-2,6,0,-10,-6,6,-2065
3566061038,-2,5,3,-2,66,28,-2069
3566062038,-2,2,4,-7,16,-6,-2011
3566063038,-2,2,-2,-7,8,19,-2060
3566064038,-1,5,-1,-8,18,59,-2067
3566065038,-1,2,2,-8,50,36,-2071
3566066038,-1,1,0,-8,32,28,-2031
3566067038,-1,-5,5,-9,-4,74,-2071
3566068038,0,5,5,-8,10,106,-2074
3566069038,0,8,-4,-7,44,93,-2062
3566070038,0,5,-1,-6,43,46,-2061
3566071038,0,6,-4,-4,92,33,-2058
3566072038,0,4,2,-9,39,29,-1994
3566073038,1,7,-4,-6,-40,60,-2061
3566074038,1,6,-4,-9,6,74,-2056
3566075038,1,6,-7,-3,40,-8,-2034
3566076038,1,3,-7,-2,71,20,-2028
3566077038,1,2,-5,-3,24,24,-2003
3566078038,1,0,-4,0,-48,54,-2034
3566079038,1,4,-5,-5,-2,55,-2045
3566080038,1,8,-6,-6,33,6,-2035
3566081038,1,2,0,-4,41,-10,-2024
3566082038,1,3,0,-5,5,-19,-2048
3566083038,1,0,-1,-4,-109,3,-2060
3566084038,1,4,7,0,-37,-11,-2035
3566085038,1,-1,3,3,45,-17,-2041
3566086038,1,3,7,-1,17,-6,-2035
3566087038,1,-1,8,1,-30,17,-2074
3566088038,1,0,1,0,-34,15,-2070
3566089038,0,1,0,-2,3,-20,-2058
3566090038,0,0,5,9,17,-34,-2046
3566091038,0,3,1,4,20,-6,-2042
3566092038,0,3,2,-7,-86,117,-2073
3566093038,0,8,5,0,-102,39,-2024
3566094038,-1,7,9,-3,-15,-30,-2047
3566095038,-1,0,13,6,4,-41,-2013
3566096038,-1,7,5,2,51,15,-2059
3566097038,-1,6,1,0,52,47,-2048
3566098038,-1,3,2,2,20,23,-2030
3566099038,-2,7,-3,0,1,3,-2027
3566100038,-2,5,1,0,-2,-6,-2029
3566101038,-2,1,4,4,-3,2,-2040
3566102038,-2,-1,1,5,4,26,-2040
3566103038,-2,-2,5,4,13,35,-2035
3566104038,-2,1,2,4,2,45,-2042
3566105038,-2,1,6,5,-7,31,-2043
3566106038,-2,0,3,6,9,11,-2070
3566107038,-2,-1,12,2,-27,57,-2012
3566108038,-2,-3,11,3,-178,80,-2045
3566109038,-2,0,11,3,-110,122,-2100
3566110038,-2,8,17,0,-18,61,-2074
3566111038,-2,4,17,4,74,-14,-2021
3566112038,-2,1,11,0,63,55,-2054
3566113038,-2,2,8,2,13,55,-2065
3566114038,-2,8,9,0,-21,53,-2038
3566115038,-2,3,6,-3,-29,18,-2010
3566116038,-2,1,10,-1,-8,-11,-2005
3566117038,-2,-1,12,0,3,9,-2009
3566118038,-2,-2,13,-3,4,19,-2023
3566119038,-2,-2,12,-4,20,35,-2013
3566120038,-2,-3,13,-1,17,1,-2009
3566121038,-2,-4,9,-1,36,-8,-2029
3566122038,-1,-6,15,2,26,0,-2030
3566123038,-1,-9,17,-5,-160,19,-1998
3566124038,-1,-3,20,-1,-58,78,-2105
3566125038,-1,-3,21,1,70,5,-2061
3566126038,-1,-1,9,-4,97,-22,-2064
3566127038,-1,-5,16,1,79,0,-2078
3566128038,-1,-1,10,2,-37,7,-2096
3566129038,-1,-2,15,3,-38,-11,-2062
3566130038,-1,1,14,2,-16,-33,-2039
3566131038,-1,-7,19,2,30,-29,-2057
3566132038,-1,-4,14,4,30,-11,-2052
3566133038,-1,-5,14,3,23,2,-2054
3566134038,-1,-2,18,4,17,3,-2024
3566135038,-1,-8,16,8,18,3,-2024
3566136038,-1,-5,17,7,23,0,-2016
3566137038,-1,-4,16,8,38,4,-2021
3566138038,-1,-7,14,2,28,17,-2022
3566139038,-1,-3,12,1,20,16,-2034
3566140038,-1,-4,12,6,3,16,-2042
3566141038,-1,-6,16,7,19,2,-2057
3566142038,-2,-1,8,4,71,2,-2087
3566143038,-2,-10,19,7,-45,-24,-1963
3566144038,-2,-6,19,7,-158,52,-2123
3566145038,-2,-6,27,8,-6,133,-2110
3566146038,-2,-7,21,8,132,18,-2052
3566147038,-2,-7,15,7,142,26,-2044
3566148038,-2,-5,12,7,51,63,-2063
3566149038,-2,-6,8,7,-16,53,-2037
3566150038,-3,-1,11,6,-20,45,-2033
3566151038,-3,-8,17,7,-9,14,-2017
3566152038,-3,-6,15,8,39,-12,-2002
3566153038,-3,-9,17,7,0,26,-2036
3566154038,-3,-7,15,8,16,43,-2036
3566155038,-3,-6,16,5,20,38,-2025
3566156038,-3,-7,17,5,16,52,-2032
3566157038,-3,-7,16,6,1,50,-2053
3566158038,-4,-5,15,3,-14,46,-2050
3566159038,-4,-10,19,8,-5,23,-2060
3566160038,-4,-5,14,5,18,30,-2097
3566161038,-4,-19,33,7,-266,-24,-1930
3566162038,-4,-9,33,6,-175,95,-2160
3566163038,-4,-8,33,6,111,28,-2100
3566164038,-4,-8,34,3,119,-9,-2057
3566165038,-4,-5,21,8,71,29,-2066
3566166038,-4,-10,19,5,-23,44,-2085
3566167038,-5,-9,21,2,-56,35,-2041
3566168038,-5,-6,17,2,-52,40,-2027
3566169038,-5,-7,23,5,-2,5,-2022
3566170038,-5,-9,26,3,13,-24,-2011
3566171038,-5,-13,22,1,-8,6,-2026
3566172038,-5,-12,30,3,-16,21,-2019
3566173038,-5,-11,28,1,3,24,-2037
3566174038,-5,-10,29,5,29,13,-2046
3566175038,-5,-7,25,2,52,16,-2061
3566176038,-5,-15,32,1,-100,-16,-2002
3566177038,-5,-15,36,0,-189,30,-2078
3566178038,-5,-7,32,2,92,56,-2078
3566179038,-5,-6,27,-1,134,-3,-2079
3566180038,-5,-6,15,-1,117,27,-2080
3566181038,-5,-5,14,1,4,27,-2068
3566182038,-5,-2,15,-2,-26,17,-2060
3566183038,-5,-6,21,0,-15,6,-2023
3566184038,-5,-8,19,-2,6,7,-2022
3566185038,-5,-11,23,-3,36,22,-2012
3566186038,-5,-9,21,1,37,25,-2022
3566187038,-5,-6,17,-3,24,35,-2013
3566188038,-5,-8,21,-1,25,35,-2023
3566189038,-5,-8,21,-2,38,42,-2027
3566190038,-5,-7,19,-3,40,32,-2034
3566191038,-5,-9,20,0,19,43,-2049
3566192038,-5,-10,21,0,-7,20,-2014
3566193038,-5,-9,23,-2,-61,20,-2052
3566194038,-5,-9,24,-3,44,70,-2083
3566195038,-5,-9,19,3,109,53,-2057
3566196038,-5,-1,17,0,103,47,-2068
3566197038,-5,-2,11,-2,73,48,-2053
3566198038,-5,-5,11,-2,3,46,-2051
3566199038,-5,-2,10,-2,-6,50,-2039
3566200038,-5,-6,12,2,-5,49,-2038
3566201038,-5,-6,11,-1,16,30,-2020
3566202038,-5,-4,14,-1,16,17,-2040
3566203038,-5,-4,13,-2,10,25,-2034
3566204038,-5,-4,13,1,11,32,-2038
3566205038,-5,-7,16,2,15,40,-2045
3566206038,-5,-4,12,3,9,36,-2052
3566207038,-5,-4,14,0,3,29,-2059
3566208038,-5,-4,14,3,-6,26,-2069
3566209038,-6,-2,9,-5,-6,21,-2069
3566210038,-6,-5,14,0,-23,20,-2064
3566211038,-6,-2,12,1,-22,20,-2069
3566212038,-6,-4,15,2,-19,5,-2070
3566213038,-6,1,13,-1,-20,9,-2068
3566214038,-6,-7,13,3,-14,12,-2068
3566215038,-6,-5,13,0,-15,30,-2061
3566216038,-6,-1,14,3,-17,17,-2063
3566217038,-6,0,13,1,-9,17,-2060
3566218038,-6,-4,18,4,-2,13,-2047
3566219038,-6,-6,19,-1,-67,-22,-2015
3566220038,-6,-7,21,3,-59,22,-2054
3566221038,-7,-7,20,3,79,27,-2049
3566222038,-7,0,12,0,92,38,-2058
3566223038,-7,-5,15,3,166,41,-2049
3566224038,-7,-2,3,-2,94,28,-2036
3566225038,-7,-3,5,4,7,53,-2056
3566226038,-7,-3,6,2,13,10,-2030
3566227038,-7,1,5,1,15,-9,-2029
3566228038,-7,-3,8,1,38,5,-2030
3566229038,-7,-5,8,-2,7,14,-2048
3566230038,-7,-1,6,5,5,26,-2048
3566231038,-7,-5,10,4,12,34,-2061
3566232038,-7,-3,6,3,23,30,-2060
3566233038,-7,-4,3,-2,20,38,-2055
3566234038,-7,-1,8,1,-21,42,-2066
3566235038,-7,-2,5,1,-30,29,-2058
3566236038,-7,1,6,-2,-22,15,-2056
3566237038,-7,0,9,-1,-17,17,-2070
3566238038,-7,0,3,-4,-13,17,-2069
3566239038,-7,-3,9,2,9,36,-2061
3566240038,-7,-3,8,1,11,30,-2044
3566241038,-7,-5,7,-2,-22,46,-2057
3566242038,-7,-2,8,-1,7,49,-2036
3566243038,-7,1,2,-3,43,43,-2032
3566244038,-7,0,1,1,72,56,-2042
3566245038,-7,2,-7,-3,236,43,-2025
3566246038,-7,3,-16,-2,463,59,-2036
3566247038,-7,25,-77,-14,1978,178,-2148
3566248038,-7,58,-338,36,8157,-1500,-1624
3566249038,-7,203,-982,-217,5928,-130,-2148
3566250038,-7,238,-1141,-169,3397,1314,-2413
3566251038,-7,198,-869,-133,-1458,-153,-2269
3566252038,-7,175,-668,-101,-3028,629,-2912
3566253038,-5,-97,-182,2,-5577,-295,2985
3566254038,-3,40,-46,-15,-2233,1971,-4994
3566255038,-1,19,80,85,-1620,945,-3295
3566256038,0,94,81,12,-779,209,-3246
3566257038,1,16,162,43,913,-179,-2404
3566258038,1,-46,218,-88,867,-42,-3546
3566259038,0,-52,147,-73,1008,306,-4082
3566260038,-1,42,80,-145,812,1213,-3397
3566261038,-2,64,84,-161,-316,479,-2862
3566262038,-3,19,81,-87,-1240,-932,-1626
3566263038,-3,-25,165,-69,-1777,-693,-907
3566264038,-3,-32,203,-21,-1579,-856,-674
3566265038,-2,-74,211,30,-276,-530,-1086
3566266038,-2,-116,182,69,804,-442,-685
3566267038,-2,-71,84,47,1236,470,-988
3566268038,-2,-34,5,19,868,1433,-907
3566269038,-3,-4,-17,4,600,1732,-900
3566270038,-5,75,-70,-29,6,1289,-926
3566271038,-6,122,-83,-51,-323,366,-944
3566272038,-8,95,-52,-54,-821,-534,-1160
3566273038,-9,77,-37,-41,-912,-711,-1314
3566274038,-10,33,5,-29,-978,-734,-1824
3566275038,-12,4,30,-10,-691,-813,-2405
3566276038,-13,-22,39,10,-239,-602,-2888
3566277038,-15,-42,29,10,36,-377,-3229
3566278038,-16,-39,22,11,90,-149,-3396
3566279038,-17,-32,5,1,-114,362,-3455
3566280038,-19,-2,0,-8,-332,572,-3254
3566281038,-20,16,6,-2,-406,369,-2915
3566282038,-21,23,17,-7,-447,160,-2816
3566283038,-22,30,28,4,-480,-162,-2641
3566284038,-23,19,50,6,-365,-390,-2465
3566285038,-24,4,60,17,-175,-399,-2163
3566286038,-24,-9,57,26,105,-306,-1847
3566287038,-25,-15,57,30,238,-217,-1751
3566288038,-25,-13,25,28,466,-112,-1602
3566289038,-25,-8,-10,20,547,-37,-1534
3566290038,-25,-8,-40,20,458,-37,-1493
3566291038,-24,-5,-53,15,382,-41,-1478
3566292038,-24,2,-68,20,203,-87,-1451
3566293038,-23,-5,-70,15,102,-148,-1484
3566294038,-22,-7,-70,18,11,-100,-1537
3566295038,-22,-9,-60,23,-110,15,-1592
3566296038,-20,-10,-54,13,-144,68,-1678
3566297038,-19,-5,-42,16,-151,183,-1871
3566298038,-18,4,-25,7,-135,241,-2049
3566299038,-17,17,-14,4,-71,211,-2232
3566300038,-16,23,-8,-5,-96,178,-2321
3566301038,-15,18,4,-9,-116,132,-2359
3566302038,-14,16,14,-12,-162,8,-2427
3566303038,-12,15,33,-22,-223,-2,-2343
3566304038,-11,4,48,-21,-169,-33,-2334
3566305038,-10,-3,62,-26,-131,1,-2291
3566306038,-9,-12,70,-25,20,80,-2196
3566307038,-8,-17,64,-28,191,188,-2111
3566308038,-8,-8,49,-33,281,271,-2028
3566309038,-7,-3,35,-34,355,267,-1966
3566310038,-6,1,26,-43,359,260,-1949
3566311038,-6,6,9,-41,304,219,-1922
3566312038,-5,11,-12,-44,247,145,-1896
3566313038,-4,6,-21,-42,165,86,-1896
3566314038,-4,10,-28,-38,140,63,-1912
3566315038,-4,6,-37,-36,96,43,-1926
3566316038,-3,-1,-35,-28,77,10,-1986
3566317038,-3,-4,-39,-25,70,15,-2064
3566318038,-3,1,-44,-25,15,28,-2129
3566319038,-3,-6,-44,-19,-29,35,-2150
3566320038,-3,-2,-41,-24,-112,61,-2161
3566321038,-3,3,-33,-14,-177,19,-2160
3566322038,-3,0,-26,-9,-197,11,-2163
3566323038,-4,3,-13,-6,-208,-11,-2166
3566324038,-4,0,-2,-4,-171,-58,-2137
3566325038,-4,3,10,4,-126,-80,-2096
3566326038,-5,3,14,11,-80,-98,-2058
3566327038,-5,1,24,16,-9,-118,-2010
3566328038,-6,7,18,11,2,-130,-1989
3566329038,-6,6,19,12,39,-138,-1957
3566330038,-7,3,18,20,62,-142,-1908
3566331038,-7,7,16,19,84,-145,-1894
3566332038,-8,2,12,14,87,-137,-1892
3566333038,-8,-3,13,19,94,-139,-1905
3566334038,-9,6,8,13,104,-124,-1930
3566335038,-10,1,8,16,114,-82,-1965
3566336038,-10,5,-3,15,110,-45,-2017
3566337038,-11,6,-3,18,118,-17,-2028
3566338038,-11,1,-5,12,104,10,-2070
3566339038,-12,9,-9,10,83,41,-2135
3566340038,-13,7,-12,13,44,53,-2165
3566341038,-13,8,-8,9,44,54,-2181
3566342038,-14,9,-13,7,26,59,-2192
3566343038,-14,5,-14,3,-5,84,-2190
3566344038,-15,3,-11,1,-9,92,-2181
3566345038,-15,1,-10,2,-28,125,-2144
3566346038,-15,-1,-2,0,-30,140,-2140
3566347038,-16,5,-6,0,-36,165,-2094
3566348038,-16,5,-6,-6,-35,169,-2044
3566349038,-16,4,-8,-4,-35,173,-2020
3566350038,-16,1,-6,-4,-39,163,-1991
3566351038,-16,-2,-6,-5,-34,174,-1970
3566352038,-16,-3,-6,-3,-47,143,-1955
3566353038,-16,2,-6,-8,-51,139,-1941
3566354038,-16,1,-2,-6,-56,122,-1937
3566355038,-16,1,-7,-2,-48,106,-1942
3566356038,-16,4,-8,-1,-54,96,-1950
3566357038,-15,2,-3,-7,-64,82,-1961
3566358038,-15,3,-3,-9,-66,69,-1980
3566359038,-14,0,1,-6,-51,19,-2024
3566360038,-14,4,-2,-13,-35,12,-2034
3566361038,-14,-1,1,-9,-49,12,-2036
3566362038,-13,2,-1,-12,-33,-13,-2061
3566363038,-12,2,5,-12,-28,-34,-2090
3566364038,-12,3,8,-14,-18,-53,-2090
3566365038,-11,-1,7,-19,1,-63,-2102
3566366038,-11,5,4,-14,19,-51,-2105
3566367038,-10,5,5,-17,20,-69,-2110
3566368038,-10,0,4,-17,37,-59,-2094
3566369038,-9,3,8,-18,43,-76,-2081
3566370038,-9,0,3,-19,49,-78,-2093
3566371038,-8,0,2,-14,45,-68,-2077
3566372038,-8,2,1,-18,54,-71,-2044
3566373038,-8,0,-4,-14,44,-60,-2043
3566374038,-7,5,-5,-15,38,-61,-2047
3566375038,-7,1,-7,-15,55,-40,-2034
3566376038,-7,3,-10,-11,54,-36,-2026
3566377038,-6,1,-9,-10,39,-11,-2029
3566378038,-6,2,-9,-7,37,-4,-2033
3566379038,-6,4,-11,-9,22,16,-2028
3566380038,-6,2,-13,-1,13,14,-2037
3566381038,-6,-1,-7,-2,1,29,-2031
3566382038,-6,5,-12,-5,-12,43,-2043
3566383038,-6,-1,-6,2,-9,51,-2056
3566384038,-6,6,-5,1,-6,57,-2043
3566385038,-6,1,0,4,-17,67,-2045
3566386038,-6,-3,0,7,-23,72,-2030
3566387038,-6,3,-2,7,-20,74,-2034
3566388038,-7,6,2,4,-12,86,-2037
3566389038,-7,4,0,3,-23,89,-2031
3566390038,-7,2,1,5,-1,81,-2024
3566391038,-8,3,-1,3,-8,82,-2022
3566392038,-8,4,5,6,-8,80,-2022
3566393038,-8,4,-1,2,3,72,-2021
3566394038,-9,3,2,2,9,78,-2023
3566395038,-10,7,2,4,3,76,-2025
3566396038,-10,3,2,4,11,65,-2041
3566397038,-11,4,5,5,19,61,-2032
3566398038,-11,4,1,2,7,58,-2042
3566399038,-12,0,2,5,11,49,-2055
3566400038,-12,2,1,1,3,41,-2057
3566401038,-12,5,0,3,3,41,-2065
3566402038,-13,1,-3,-1,7,28,-2068
3566403038,-13,4,-2,-1,-2,22,-2072
3566404038,-14,1,-4,-3,-14,14,-2065
3566405038,-14,-4,2,-2,3,4,-2067
3566406038,-14,3,-6,-2,-9,-3,-2066
3566407038,-15,0,-3,-3,-10,1,-2063
3566408038,-15,3,-2,0,-2,0,-2050
3566409038,-15,4,-5,-3,-5,-12,-2049
3566410038,-15,-2,0,-6,-10,-17,-2045
3566411038,-15,5,-10,-8,0,-15,-2036
3566412038,-15,0,-3,-5,0,-17,-2040
3566413038,-15,2,0,-2,-1,-25,-2039
3566414038,-14,2,-2,-5,-3,-21,-2028
3566415038,-14,0,-4,-5,-2,-17,-2029
3566416038,-14,0,-2,-2,3,-23,-2033
3566417038,-14,3,-7,-8,5,-20,-2028
3566418038,-13,1,0,-7,8,-16,-2033
3566419038,-13,3,-4,-6,-1,-5,-2037
3566420038,-12,3,-7,-10,10,-4,-2051
3566421038,-12,0,-4,-4,4,-4,-2051
3566422038,-11,1,-4,-10,8,6,-2046
3566423038,-11,4,-4,-8,11,13,-2053
3566424038,-11,2,-4,-11,10,20,-2052
3566425038,-10,5,-6,-11,11,22,-2057
3566426038,-10,4,-1,-8,11,33,-2047
3566427038,-9,3,-2,-8,2,39,-2053
3566428038,-9,3,-7,-10,5,48,-2054
3566429038,-8,1,-3,-6,6,50,-2048
3566430038,-8,-1,-6,-5,8,51,-2045
3566431038,-8,1,-4,-9,5,65,-2052
3566432038,-8,4,-5,-9,-2,70,-2048
3566433038,-7,2,-3,-9,0,61,-2041
3566434038,-7,1,-4,-10,6,71,-2045
3566435038,-7,1,-6,-6,-1,61,-2033
3566436038,-7,3,-5,-10,-2,57,-2034
3566437038,-7,5,-5,-9,0,67,-2045
3566438038,-7,1,-4,-5,-9,67,-2035
3566439038,-7,3,-4,-6,-8,54,-2039
3566440038,-7,-1,-2,-1,-8,50,-2044
3566441038,-7,1,-3,-2,6,53,-2040
3566442038,-7,2,0,-5,9,39,-2043
3566443038,-7,2,1,0,0,40,-2041
3566444038,-8,4,1,-1,15,35,-2045
3566445038,-8,6,0,0,6,22,-2043
3566446038,-8,6,1,0,6,14,-2045
3566447038,-8,1,0,2,6,12,-2047
3566448038,-9,2,1,1,4,2,-2039
3566449038,-9,3,-2,2,6,0,-2048
3566450038,-9,1,0,1,17,-7,-2050
3566451038,-10,2,2,1,10,-9,-2041
3566452038,-10,3,0,0,17,-12,-2041
3566453038,-10,6,-1,1,16,-12,-2039
3566454038,-11,2,-2,1,9,-13,-2042
3566455038,-11,4,-3,1,10,-9,-2054
3566456038,-11,2,2,2,10,-5,-2050
3566457038,-12,5,-2,2,10,-13,-2052
3566458038,-12,7,-1,0,14,-4,-2049
3566459038,-12,3,-2,2,7,1,-2055
3566460038,-12,2,-4,0,5,7,-2060
3566461038,-12,3,-3,-3,2,-2,-2060
3566462038,-13,3,-5,3,7,18,-2057
3566463038,-13,1,-3,0,-6,17,-2052
3566464038,-13,3,-2,-1,-9,16,-2048
3566465038,-13,-3,0,1,-8,20,-2046
3566466038,-13,3,-6,-4,-3,27,-2051
3566467038,-13,2,-5,-4,-10,38,-2049
3566468038,-13,0,-6,-3,-8,39,-2047
3566469038,-13,3,-1,-3,-14,46,-2045
3566470038,-13,1,-2,-6,-15,44,-2042
3566471038,-12,2,-2,-6,-7,45,-2032
3566472038,-12,3,-2,-8,-16,54,-2045
3566473038,-12,-1,-2,-3,-14,52,-2044
3566474038,-12,2,-1,-5,-5,57,-2036
3566475038,-12,3,1,-4,-10,48,-2033
3566476038,-12,2,-5,-2,5,55,-2041
3566477038,-11,2,-1,-7,-4,56,-2042
3566478038,-11,5,-5,-9,-6,51,-2044
3566479038,-11,-2,0,-6,-9,41,-2041
3566480038,-11,-1,-7,-10,2,46,-2042
3566481038,-10,7,-4,-10,-1,35,-2044
3566482038,-10,3,-1,-6,0,40,-2033
3566483038,-10,2,-2,-8,8,32,-2033
3566484038,-10,6,-5,-10,5,24,-2043
3566485038,-10,0,-3,-7,3,22,-2045
3566486038,-9,2,-3,-7,3,13,-2048
3566487038,-9,3,-3,-10,0,19,-2050
3566488038,-9,-3,-1,-6,9,12,-2053
3566489038,-9,2,-6,-10,3,10,-2052
3566490038,-9,-1,-4,-8,1,9,-2046
3566491038,-9,4,-8,-11,6,10,-2043
3566492038,-9,3,1,-6,4,9,-2045
3566493038,-9,2,1,-6,13,10,-2037
3566494038,-9,3,-1,-2,4,2,-2049
3566495038,-9,1,-1,0,6,5,-2045
3566496038,-9,3,-1,-3,6,8,-2049
3566497038,-9,6,-3,-3,0,5,-2052
3566498038,-9,1,-1,-4,10,3,-2046
3566499038,-9,1,-3,-1,0,8,-2043
3566500038,-9,3,-5,-1,6,6,-2048
3566501038,-9,-2,-2,-2,4,10,-2049
3566502038,-9,4,-1,-2,8,11,-2045
3566503038,-9,-1,1,-2,7,16,-2046
3566504038,-9,0,-2,2,5,12,-2034
3566505038,-9,6,-5,-3,7,23,-2046
3566506038,-10,1,1,2,5,17,-2046
3566507038,-10,0,-6,0,-2,30,-2051
3566508038,-10,0,0,7,5,22,-2049
3566509038,-10,2,-6,2,7,23,-2050
3566510038,-10,5,-5,-2,11,30,-2049
3566511038,-10,2,-1,-1,-2,36,-2045
3566512038,-11,2,-2,-2,3,39,-2043
3566513038,-11,1,-1,0,6,39,-2043
3566514038,-11,3,-2,-1,-1,39,-2054
3566515038,-11,0,1,1,3,42,-2054
3566516038,-11,-1,-2,0,2,36,-2046
3566517038,-11,1,-1,-4,6,34,-2047
3566518038,-11,3,-4,-4,2,37,-2046
3566519038,-11,2,-2,-1,-1,40,-2041
3566520038,-12,1,2,-2,-2,33,-2042
3566521038,-12,3,-4,-4,3,40,-2054
3566522038,-12,4,-1,-2,-4,44,-2041
3566523038,-12,0,0,0,-8,32,-2046
3566524038,-12,0,-3,-7,-4,28,-2048
3566525038,-12,-1,-1,-3,-3,32,-2036
3566526038,-12,4,0,-5,3,28,-2043
3566527038,-12,5,-3,-6,-1,22,-2040
3566528038,-12,1,-4,-6,-12,25,-2045
3566529038,-12,4,-1,-5,-5,27,-2037
3566530038,-11,3,3,-6,-2,21,-2048
3566531038,-11,-6,2,0,-2,19,-2047
3566532038,-11,0,0,-5,2,14,-2051
3566533038,-11,2,-2,-3,8,12,-2044
3566534038,-11,-1,-1,-6,11,13,-2045
3566535038,-11,3,-2,-5,9,16,-2043
3566536038,-11,2,0,-6,-4,16,-2050
3566537038,-11,6,-5,-8,3,12,-2047
3566538038,-11,-3,-1,-5,10,14,-2043
3566539038,-10,3,-4,-9,2,5,-2042
3566540038,-10,3,-1,-9,-1,8,-2045
3566541038,-10,5,-3,-4,2,10,-2045
3566542038,-10,3,0,-5,0,9,-2038
3566543038,-10,0,-3,-3,3,15,-2047
3566544038,-10,1,1,-1,3,18,-2045
3566545038,-10,-1,-4,-2,6,19,-2046
3566546038,-10,5,-4,-4,9,16,-2046
3566547038,-9,3,2,-1,1,20,-2044
3566548038,-9,5,-3,-5,2,24,-2046
3566549038,-9,0,-1,-4,11,24,-2044
3566550038,-9,2,-4,-4,-2,24,-2052
3566551038,-9,1,-4,-7,1,29,-2049
3566552038,-9,2,-2,-6,-1,24,-2043
3566553038,-9,6,-2,-4,5,32,-2046
3566554038,-9,0,0,-2,8,31,-2042
3566555038,-9,-1,-1,-2,-5,31,-2048
3566556038,-9,1,-1,-3,5,39,-2043
3566557038,-9,0,-6,-5,6,36,-2045
3566558038,-9,0,-5,2,9,35,-2043
3566559038,-9,0,-2,-3,-2,38,-2042
3566560038,-10,0,0,-1,-4,30,-2046
3566561038,-10,1,1,-5,0,31,-2045
3566562038,-10,1,1,-3,3,35,-2042
3566563038,-10,3,3,-3,6,36,-2041
3566564038,-10,3,0,-2,-4,35,-2046
3566565038,-10,5,1,-2,6,31,-2041
3566566038,-10,-1,-4,-3,1,22,-2048
3566567038,-10,5,-1,-3,-1,23,-2043
3566568038,-10,3,2,3,1,17,-2046
3566569038,-11,1,-3,-1,8,27,-2049
3566570038,-11,3,1,1,-6,24,-2049
3566571038,-11,3,-2,-4,4,18,-2047
3566572038,-11,4,-3,-1,0,21,-2043
3566573038,-11,1,-2,-4,5,19,-2056
3566574039,-11,3,-3,-3,-3,19,-2047
3566575038,-11,3,0,-3,6,14,-2046
3566576039,-11,2,1,-4,0,17,-2044
3566577040,-11,4,-4,-1,-4,18,-2041
3566578038,-11,-1,-1,-2,1,19,-2041
3566579038,-11,1,-2,-2,-6,20,-2044
3566580038,-11,3,-1,-1,-5,13,-2046
3566581038,-11,2,-1,-1,-1,13,-2043
3566582038,-11,6,-7,-4,2,16,-2044
3566583038,-11,1,-2,-6,8,11,-2044
3566584038,-11,3,-2,-3,0,17,-2044
3566585038,-11,0,-4,-5,1,10,-2048
3566586038,-11,0,-1,-4,0,24,-2045
3566587038,-11,-1,2,-5,-5,18,-2044
3566588038,-11,3,-4,-3,-3,25,-2045
3566589038,-11,2,-2,-4,5,25,-2046
3566590038,-11,0,-3,-7,0,23,-2046
3566591038,-11,1,-5,-7,-1,31,-2042
3566592038,-11,0,-1,-6,1,27,-2041
3566593038,-11,2,-1,-4,1,28,-2048
3566594038,-10,3,-4,-5,-3,30,-2040
3566595038,-10,3,0,-3,4,31,-2041
3566596038,-10,3,0,-7,8,26,-2050
3566597038,-10,0,2,-7,2,24,-2045
3566598038,-10,5,0,-4,10,26,-2044
3566599038,-10,5,-3,-7,8,30,-2043
3566600038,-10,-2,-2,-4,3,26,-2037
3566601038,-10,0,-4,-7,4,32,-2043
3566602038,-10,1,-4,-5,-1,25,-2040
3566603038,-10,2,0,-6,6,27,-2043
3566604038,-10,0,-2,-4,-2,26,-2045
3566605038,-10,2,0,-5,3,23,-2045
3566606038,-10,0,0,-2,3,27,-2041
3566607038,-10,3,-6,-6,-1,22,-2040
3566608038,-10,6,-1,-2,-8,24,-2052
3566609038,-10,-3,-4,-3,1,26,-2050
3566610038,-10,0,-5,-4,2,26,-2040
3566611038,-10,-1,-1,0,3,28,-2030
3566612038,-10,3,-4,-5,5,21,-2048
3566613038,-10,3,-3,-1,5,20,-2043
3566614038,-10,3,-4,-5,6,18,-2042
3566615038,-10,4,0,-1,12,23,-2045
3566616038,-10,0,-2,-2,3,24,-2043
3566617038,-10,2,-2,-2,-1,15,-2050
3566618038,-10,1,-3,-5,0,14,-2037
3566619038,-10,3,-3,-6,3,15,-2053
3566620038,-10,5,1,0,1,25,-2045
3566621038,-10,2,-2,-1,6,13,-2040
3566622038,-10,4,-1,-1,8,20,-2042
3566623038,-10,3,0,-3,-3,21,-2041
3566624038,-10,3,-3,-4,5,15,-2041
3566625038,-11,2,-1,-5,6,15,-2044
3566626038,-11,2,-4,-4,2,26,-2036
3566627038,-11,3,-2,-3,5,20,-2041
3566628038,-11,3,-2,-1,-1,16,-2042
3566629038,-11,3,0,-2,6,28,-2046
3566630038,-11,3,-3,-6,-4,22,-2052
3566631038,-11,4,-6,-3,-1,26,-2039
3566632038,-11,1,-2,-4,11,22,-2045
3566633038,-11,1,-8,-3,5,21,-2045
3566634038,-11,-1,-1,-5,2,31,-2041
3566635038,-11,2,-3,-4,9,31,-2039
3566636038,-11,5,-5,-4,6,27,-2035
3566637038,-11,4,-2,-3,4,24,-2036
3566638038,-11,-1,-3,-7,0,30,-2044
3566639038,-11,1,0,-3,0,20,-2037
3566640038,-11,0,2,-6,-6,35,-2044
3566641038,-11,4,-4,-5,6,27,-2040
3566642038,-11,3,-3,-6,-1,30,-2032
3566643038,-11,3,0,0,8,28,-2040
3566644038,-11,3,-8,-5,5,24,-2039
3566645038,-11,1,1,-3,1,32,-2042
3566646038,-11,3,-2,-3,2,26,-2033
3566647038,-11,3,-1,-6,4,27,-2041
3566648038,-10,2,-3,-4,-4,25,-2041
3566649038,-10,6,-1,-5,12,28,-2036
3566650038,-10,4,-4,-8,-1,21,-2050
3566651038,-10,2,-3,-6,10,25,-2044
3566652038,-10,0,-3,-4,6,18,-2048
3566653038,-10,3,-3,-3,-5,15,-2040
3566654038,-10,4,-1,-6,3,32,-2041
3566655038,-10,3,-4,-4,4,15,-2054
3566656038,-10,3,1,-2,-2,22,-2057
3566657038,-10,0,1,-7,6,22,-2052
3566658038,-10,2,-1,-6,9,20,-2044
3566659038,-10,0,-4,0,-1,18,-2043
3566660038,-10,1,1,-3,2,21,-2049
3566661038,-10,4,-2,-2,6,20,-2036
3566662038,-10,1,0,-2,4,21,-2044
3566663038,-10,6,-8,-4,0,30,-2048
3566664038,-10,1,-1,-3,6,21,-2039
3566665038,-10,1,-3,-4,-1,21,-2048
3566666038,-10,0,-2,-1,6,19,-2042
3566667038,-10,1,-2,-2,6,23,-2042
3566668038,-10,4,-5,-2,3,23,-2045
3566669038,-10,1,-3,-2,1,23,-2044
3566670038,-10,7,-5,-2,7,21,-2051
3566671038,-10,-1,0,-1,7,23,-2048
3566672038,-10,3,-3,-2,7,27,-2048
3566673038,-10,0,-3,-1,-1,22,-2042
3566674038,-10,5,-2,-4,-4,18,-2048
3566675038,-10,1,-5,-2,2,23,-2038
3566676038,-10,-1,-1,-3,7,30,-2040
3566677038,-10,3,-2,-4,-5,16,-2043
3566678038,-10,0,-2,-2,0,21,-2040
3566679038,-10,2,-5,-3,2,28,-2045
3566680038,-10,-1,2,-4,3,27,-2045
3566681038,-10,4,-4,-4,-4,28,-2038
3566682038,-10,5,-6,-5,3,26,-2036
3566683038,-10,5,-5,-3,5,17,-2045
3566684038,-10,1,-5,-5,1,20,-2036
3566685038,-10,3,-5,0,4,26,-2040
3566686038,-10,2,0,-2,5,27,-2045
3566687038,-10,3,-3,-3,4,31,-2047
3566688038,-10,2,-2,-1,6,33,-2045
3566689038,-10,2,-1,-4,2,22,-2046
3566690038,-10,4,-2,-5,4,27,-2044
3566691038,-10,2,1,-1,-2,23,-2045
3566692038,-10,5,-3,-2,-2,18,-2045
3566693038,-10,-1,0,-4,7,21,-2044
3566694038,-10,4,-2,-1,2,29,-2046
3566695038,-10,4,-4,-8,3,26,-2040
3566696038,-10,3,-5,-3,2,26,-2043
3566697038,-10,2,-3,-4,-1,22,-2056
3566698038,-10,1,-2,-2,-1,24,-2052
3566699038,-10,5,-5,-5,2,27,-2049
3566700038,-10,4,-3,-5,0,24,-2041
3566701038,-10,4,-3,-4,8,26,-2046
3566702038,-10,6,-3,-5,1,34,-2042
3566703038,-10,-1,-2,-3,-5,27,-2058
3566704038,-10,1,-3,-4,10,24,-2044
3566705038,-10,3,-5,-5,-4,22,-2051
3566706038,-10,3,-3,-1,4,23,-2051
3566707038,-10,2,-1,-4,2,20,-2040
3566708038,-10,3,-4,-3,0,24,-2043
3566709038,-10,3,-2,-2,3,20,-2049
3566710038,-10,2,-1,-5,-3,20,-2047
3566711038,-10,3,-4,-5,5,20,-2045
3566712038,-10,-2,-1,0,-3,24,-2044
3566713038,-10,2,-2,1,0,25,-2038
3566714038,-10,0,-1,-3,-3,30,-2038
3566715038,-10,1,-1,-3,11,29,-2039
3566716038,-10,3,-3,-6,11,21,-2053
3566717038,-10,2,-2,-3,2,31,-2045
3566718038,-10,1,-4,-1,-1,21,-2044
3566719038,-10,3,-4,-6,-5,27,-2046
3566720038,-10,0,-1,-4,-6,22,-2040
3566721038,-10,1,-3,0,-1,17,-2043
3566722038,-10,5,-5,0,3,19,-2046
3566723038,-10,1,-5,-2,5,23,-2039
3566724038,-10,4,-3,-2,4,22,-2045
3566725038,-10,0,-2,-2,2,34,-2042
3566726038,-10,2,-2,-1,2,23,-2043
3566727038,-10,7,-6,-2,7,28,-2044
3566728038,-10,4,-3,-7,-4,27,-2046
3566729038,-10,0,-1,-4,-7,21,-2055
3566730038,-10,4,-2,-5,2,23,-2047
3566731038,-10,3,-6,-4,2,26,-2041
3566732038,-10,2,-7,-3,4,19,-2042
3566733038,-10,4,1,-1,0,21,-2047
3566734038,-10,1,-3,-3,2,24,-2045
3566735038,-10,1,-2,-2,3,27,-2041
3566736038,-10,2,-1,-6,-3,21,-2046
3566737038,-10,4,-1,-4,3,27,-2047
3566738038,-10,7,-4,-5,-8,19,-2044
3566739038,-10,0,1,-6,-6,26,-2046
3566740038,-10,3,-5,-2,4,19,-2037
3566741038,-10,4,-2,-2,11,27,-2051
3566742038,-10,2,-2,-3,7,21,-2048
3566743038,-10,2,-1,-5,-1,22,-2048
3566744038,-10,1,0,0,2,16,-2051
3566745038,-10,3,-1,-2,5,25,-2045
3566746038,-10,4,-2,-6,-1,27,-2052
3566747038,-10,1,-1,-3,0,24,-2034
3566748038,-10,1,-4,-4,1,20,-2044
3566749038,-10,1,-2,-3,3,19,-2056
3566750038,-10,-2,4,-2,7,23,-2043
3566751038,-10,4,-3,-4,3,21,-2041
3566752038,-10,4,-3,-2,1,29,-2039
3566753038,-10,0,0,0,1,21,-2047
3566754038,-10,3,-3,2,5,25,-2045
3566755038,-10,5,-3,-3,7,26,-2040
3566756038,-10,0,-3,0,5,27,-2044
3566757038,-10,2,-3,-5,8,29,-2046
3566758038,-10,5,-4,-7,0,24,-2039
3566759038,-10,3,-8,-4,1,21,-2039
3566760038,-10,6,-4,-6,-4,23,-2048
3566761038,-10,3,-2,-5,6,32,-2044
3566762038,-10,1,-1,-2,0,18,-2042
3566763038,-10,0,0,-3,8,23,-2042
3566764038,-10,1,-3,-2,4,22,-2049
3566765038,-10,4,-1,-3,8,23,-2041
3566766038,-10,0,-2,0,5,25,-2045
3566767038,-10,2,-6,-6,1,35,-2045
3566768038,-10,5,-5,-2,-1,26,-2046
3566769038,-10,4,1,-2,-4,19,-2046
3566770038,-10,4,-3,-4,3,32,-2044
3566771038,-10,1,-3,-3,4,18,-2040
3566772038,-10,1,-5,-5,-1,21,-2050
3566773038,-10,6,-2,-4,2,21,-2048
3566774038,-10,4,-3,-3,11,34,-2039
3566775038,-10,3,-4,-4,5,19,-2040
3566776038,-10,2,-1,-2,3,19,-2045
3566777038,-10,-1,-4,-3,3,26,-2042
3566778038,-10,4,-4,-3,-2,21,-2050
3566779038,-10,-2,0,-3,1,25,-2050
3566780038,-10,5,-4,-5,-7,31,-2043
3566781038,-10,4,-3,-3,2,28,-2044
3566782038,-10,3,-4,-6,2,19,-2055
3566783038,-10,5,-5,-5,-7,26,-2047
3566784038,-10,1,-3,-5,3,26,-2050
3566785038,-10,2,-4,-2,0,21,-2048
3566786038,-10,3,-4,-4,2,22,-2046
3566787038,-10,2,-3,-4,0,22,-2049
3566788038,-10,1,-1,-2,3,23,-2040
3566789038,-10,-1,-3,-4,1,23,-2045
3566790038,-10,-1,2,-1,-9,23,-2042
3566791038,-10,2,-2,-5,2,27,-2041
3566792038,-10,3,-2,0,-2,31,-2041
3566793038,-10,4,-3,-1,1,20,-2038
3566794038,-10,3,-3,-8,5,21,-2050
3566795038,-10,7,-1,-2,7,25,-2047
3566796038,-10,4,0,-7,-2,26,-2052
3566797038,-10,2,-2,-3,0,23,-2044
3566798038,-10,2,-3,-5,-3,21,-2040
3566799038,-10,3,-5,0,0,22,-2038
3566800038,-10,3,0,-4,10,28,-2042
3566801038,-10,2,-3,-5,1,18,-2044
3566802038,-10,1,-3,-4,0,21,-2044
3566803038,-10,4,-1,-2,12,28,-2046
3566804038,-10,5,-3,-2,1,24,-2051
3566805038,-10,3,-4,-5,0,23,-2048
3566806038,-10,4,-5,-3,3,25,-2045
3566807038,-10,4,-1,-3,8,24,-2048
3566808038,-10,2,-2,-3,2,32,-2047
3566809038,-10,0,0,-1,6,28,-2047
3566810038,-10,-1,-3,-3,-2,30,-2045
3566811038,-10,-1,-1,-1,4,26,-2049
3566812038,-10,6,-7,-7,1,21,-2047
3566813038,-10,3,-5,-4,-2,26,-2045
3566814038,-10,2,-4,-7,2,20,-2044
3566815038,-10,2,-2,-1,8,31,-2034
3566816038,-10,0,-4,-4,7,21,-2038
3566817038,-10,1,0,0,8,23,-2048
3566818038,-10,2,-5,-4,3,22,-2043
3566819038,-10,2,-2,-2,-6,18,-2039
3566820038,-10,1,-4,-5,5,17,-2043
3566821038,-10,2,0,-3,-1,22,-2047
3566822038,-10,-1,-1,-3,-1,22,-2046
3566823038,-10,2,-2,-8,-4,24,-2041
3566824038,-10,1,-2,-1,4,19,-2046
3566825038,-10,2,-1,-3,-1,30,-2047
3566826038,-10,4,-4,-4,4,29,-2041
3566827038,-10,3,-2,-6,-1,18,-2048
3566828038,-10,3,-6,-6,2,26,-2044
3566829038,-10,2,-2,-4,2,23,-2040
3566830038,-10,2,-3,-4,0,28,-2047
3566831038,-10,0,-4,-7,7,30,-2048
3566832038,-10,0,2,-4,4,24,-2055
3566833038,-10,2,-5,-2,-1,27,-2039
3566834038,-10,2,-3,-4,-3,22,-2039
3566835038,-10,-1,-1,-2,-3,26,-2042
3566836038,-10,0,-3,-4,2,21,-2049
3566837038,-10,2,-3,-2,-2,21,-2046
3566838038,-10,2,-5,-5,0,26,-2044
3566839038,-10,1,-4,0,-2,27,-2039
3566840038,-10,1,-3,-3,1,30,-2044
3566841038,-10,2,0,-5,7,32,-2056
3566842038,-10,3,1,-5,-1,21,-2052
3566843038,-10,3,-4,-7,-2,18,-2048
3566844038,-10,0,-4,-1,0,27,-2041
3566845038,-10,2,-3,-2,6,19,-2039
3566846038,-10,1,-2,-1,6,23,-2039
3566847038,-10,4,-9,-5,5,19,-2041
3566848038,-10,2,-3,4,1,22,-2044
3566849038,-10,-3,0,-5,-4,21,-2043
3566850038,-10,-1,-4,-4,-2,20,-2042
3566851038,-10,2,1,1,8,25,-2043
3566852038,-10,-1,-4,-2,-4,23,-2050
3566853038,-10,2,3,-1,7,27,-2052
3566854038,-10,-1,3,-5,7,26,-2041
3566855038,-10,3,-5,-2,2,29,-2048
3566856038,-10,3,-6,-2,4,22,-2046
3566857038,-10,2,-3,-5,4,33,-2042
3566858038,-10,3,-1,-5,3,26,-2052
3566859038,-10,5,-5,-5,-1,28,-2048
3566860038,-10,1,-2,-2,1,19,-2041
3566861038,-10,6,-4,-2,-3,32,-2041
3566862038,-10,1,-4,-3,-7,27,-2042
3566863038,-10,0,0,-8,5,29,-2040
3566864038,-10,1,0,-3,9,22,-2042
3566865038,-10,2,-5,-2,8,16,-2053
3566866038,-10,3,-7,-5,1,19,-2044
3566867038,-10,1,-4,-5,0,25,-2045
3566868038,-10,2,-5,-2,6,25,-2046
3566869038,-10,4,-2,-1,1,21,-2041
3566870038,-10,2,-1,-5,5,23,-2042
3566871038,-10,-1,-3,-4,-2,21,-2045
3566872038,-10,2,2,-1,3,17,-2042
3566873038,-10,1,-2,-4,2,25,-2044
3566874038,-10,2,-7,-4,-3,19,-2043
3566875038,-10,0,0,-5,6,17,-2046
3566876038,-10,5,1,-7,4,26,-2042
3566877038,-10,3,-2,-5,-4,33,-2046
3566878038,-10,2,2,-2,-4,27,-2046
3566879038,-10,1,-2,-2,-2,15,-2054
3566880038,-10,3,-3,-4,6,31,-2040
3566881038,-10,1,-1,0,2,25,-2048
3566882038,-10,4,-3,-1,-1,25,-2041
3566883038,-10,0,0,-1,-1,27,-2042
3566884038,-10,2,-4,-4,-4,22,-2046
3566885038,-10,0,1,-3,2,19,-2045
3566886038,-10,1,0,-7,3,22,-2043
3566887038,-10,4,-8,-7,5,23,-2050
3566888038,-10,7,-7,-10,1,23,-2041
3566889038,-10,2,0,-6,-4,29,-2044
3566890038,-10,4,-1,-3,1,21,-2050
3566891038,-10,3,1,-6,2,26,-2045
3566892038,-10,4,-6,-2,7,19,-2052
3566893038,-10,4,-10,-5,1,26,-2047
3566894038,-10,1,0,-2,3,20,-2048
3566895038,-10,1,-3,-4,8,24,-2041
3566896038,-10,3,-3,-5,5,26,-2045
3566897038,-10,3,-1,-3,2,26,-2046
3566898038,-10,1,0,-3,4,31,-2050
3566899038,-10,1,-7,-6,-1,35,-2045
3566900038,-10,0,-5,-7,-4,17,-2041
3566901038,-10,2,-5,-4,5,22,-2049
3566902038,-10,2,-6,-7,0,29,-2045
3566903038,-10,2,-4,-3,6,22,-2040
3566904038,-10,0,-2,-2,-6,21,-2045
3566905038,-10,1,-2,-3,-6,23,-2040
3566906038,-10,-1,0,-4,2,22,-2044
3566907038,-10,3,-3,-7,7,21,-2042
3566908038,-10,2,2,-2,9,25,-2047
3566909038,-10,5,-4,-1,-1,24,-2048
3566910038,-10,1,-3,-3,-1,20,-2045
3566911038,-10,0,1,0,2,26,-2041
3566912038,-10,0,1,-2,-1,22,-2041
3566913038,-10,0,-3,-2,1,23,-2051
3566914038,-10,2,-2,-3,4,20,-2046
3566915038,-10,0,-3,-6,4,19,-2046
3566916038,-10,2,-3,-4,0,27,-2044
3566917038,-10,1,-3,-4,7,25,-2045
3566918038,-10,0,-5,-4,12,25,-2048
3566919038,-10,4,-5,-6,5,22,-2047
3566920038,-10,3,-2,-4,0,29,-2046
3566921038,-10,2,-3,-1,-3,22,-2042
3566922038,-10,4,-1,-5,-1,20,-2050
3566923038,-10,-1,-3,-4,0,21,-2051
3566924038,-10,2,-1,-5,1,25,-2043
3566925038,-10,2,3,-1,-1,19,-2052
3566926038,-10,5,0,-6,-1,25,-2041
3566927038,-10,0,-2,-3,3,22,-2037
3566928038,-10,3,-1,-3,1,22,-2054
3566929038,-10,1,-3,-4,-8,21,-2040
3566930038,-10,3,-6,-4,2,26,-2046
3566931038,-10,0,4,1,9,23,-2046
3566932038,-10,2,-4,-1,2,19,-2050
3566933038,-10,5,-3,-5,-1,27,-2051
3566934038,-10,4,-3,-3,-3,16,-2049
3566935038,-10,1,-2,-2,4,33,-2042
3566936038,-10,0,-2,-2,5,19,-2044
3566937038,-10,-2,-2,-4,7,28,-2042
3566938038,-10,3,-5,-5,6,24,-2046
3566939038,-10,4,-5,-4,2,25,-2040
3566940038,-10,-1,1,2,8,31,-2043
3566941038,-10,1,1,-2,10,29,-2044
3566942038,-10,1,2,-1,7,19,-2040
3566943038,-10,3,-3,-3,3,25,-2045
3566944038,-10,1,-5,-4,4,23,-2047
3566945038,-10,-2,1,-3,5,23,-2044
3566946038,-10,-1,-3,-3,7,22,-2044
3566947038,-10,0,0,-4,7,28,-2045
3566948038,-10,2,0,-6,11,23,-2045
3566949038,-10,4,0,-2,4,24,-2044
3566950038,-10,-2,3,-1,1,27,-2042
3566951038,-10,2,-3,-3,-1,27,-2052
3566952038,-10,1,0,-1,4,27,-2046
3566953038,-10,1,-2,-6,7,27,-2043
3566954038,-10,5,-5,-2,2,21,-2046
3566955038,-10,-1,-6,-6,3,26,-2049
3566956038,-10,3,-4,-4,9,20,-2047
3566957038,-10,1,0,-2,5,21,-2048
3566958038,-10,2,1,-3,8,22,-2046
3566959038,-10,3,0,-2,-3,32,-2039
3566960038,-10,-2,-2,0,1,18,-2043
3566961038,-10,4,-1,-4,-1,17,-2040
3566962038,-10,3,-4,-6,4,24,-2035
3566963038,-10,-3,0,-4,4,20,-2043
3566964038,-10,1,3,-1,1,20,-2046
3566965038,-10,0,-4,0,9,23,-2045
3566966038,-10,3,-3,-6,5,23,-2048
3566967038,-10,3,-3,-4,-1,25,-2041
3566968038,-10,3,-2,-1,8,25,-2043
3566969038,-10,-1,0,-2,10,28,-2041
3566970038,-10,0,-2,-1,1,30,-2055
3566971038,-10,1,-2,-2,-3,23,-2040
3566972038,-10,2,-3,-2,6,23,-2049
3566973038,-10,3,-4,0,-8,20,-2041
3566974038,-10,2,-3,-3,4,19,-2036
3566975038,-10,1,-3,-4,4,24,-2050
3566976038,-10,-1,-2,-2,4,30,-2043
3566977038,-10,3,-4,-8,9,25,-2052
3566978038,-10,5,-7,-6,5,27,-2048
3566979038,-10,1,-4,-6,3,24,-2047
3566980038,-10,4,-4,-4,8,25,-2051
3566981038,-10,1,2,-1,-6,26,-2052
3566982038,-10,2,-6,-3,5,20,-2041
3566983038,-10,2,-7,-2,-1,22,-2037
3566984038,-10,0,-3,0,8,22,-2047
3566985038,-10,1,-3,-1,2,28,-2044
3566986038,-10,0,-2,-6,0,22,-2051
3566987038,-10,-1,-3,-5,2,26,-2054
3566988038,-10,2,-2,-3,1,27,-2039
3566989038,-10,2,-4,-6,1,33,-2045
3566990038,-10,3,-4,-6,5,13,-2047
3566991038,-10,1,0,0,-3,16,-2045
3566992038,-10,5,0,-4,-2,22,-2050
3566993038,-10,-1,-5,-1,-1,27,-2046
3566994038,-10,1,-4,0,7,29,-2044
3566995038,-10,-1,-2,-4,-2,32,-2054
3566996038,-10,2,0,-3,-1,24,-2042
3566997038,-10,5,-3,-3,3,24,-2046
3566998038,-10,-1,2,-3,-2,29,-2049
3566999038,-10,2,-3,-1,2,27,-2045
3567000038,-10,3,-2,-6,10,21,-2041
3567001038,-10,0,-3,-1,4,23,-2047
3567002038,-10,-1,-6,-4,0,23,-2041
3567003038,-10,3,-5,-1,7,24,-2050
3567004038,-10,-1,-1,-6,8,20,-2049
3567005038,-10,1,-1,-5,3,21,-2047
3567006038,-10,0,1,-6,-4,24,-2045
3567007038,-10,3,-2,-2,5,23,-2041
3567008038,-10,0,0,-4,-7,23,-2043
3567009038,-10,3,-2,-5,1,19,-2045
3567010038,-10,0,-3,-2,6,17,-2051
3567011038,-10,4,-2,0,-3,28,-2043
3567012038,-10,1,-3,-2,-3,22,-2048
3567013038,-10,4,-2,-5,8,25,-2042
3567014038,-10,3,-8,-1,3,28,-2038
3567015038,-10,5,-5,-3,9,18,-2046
3567016038,-10,4,-3,-5,8,22,-2043
3567017038,-10,5,-3,-1,-5,29,-2054
3567018038,-10,1,0,-4,-2,24,-2053
3567019038,-10,3,-4,-4,-3,19,-2046
3567020038,-10,1,0,-2,4,17,-2041
3567021038,-10,4,-3,-2,9,19,-2039
3567022038,-10,1,0,-5,3,20,-2051
3567023038,-10,2,-4,-3,-2,29,-2047
3567024038,-10,5,-2,-6,3,24,-2052
3567025038,-10,1,-1,-4,-6,27,-2034
3567026038,-10,0,2,-2,7,25,-2049
3567027038,-10,3,1,-4,-4,28,-2051
3567028038,-10,1,0,-3,-1,17,-2048
3567029038,-10,6,-1,-4,0,27,-2043
3567030038,-10,3,-4,-4,-2,18,-2039
3567031038,-10,0,-1,-3,7,20,-2044
3567032038,-10,6,0,-5,2,22,-2048
3567033038,-10,1,1,-5,2,23,-2045
3567034038,-10,2,2,-4,3,22,-2040
3567035038,-10,0,-2,-5,6,20,-2046
3567036038,-10,0,-1,-3,5,25,-2037
3567037038,-10,6,-3,-5,3,26,-2044
3567038038,-10,3,0,-4,8,21,-2043
3567039038,-10,5,-3,-5,0,21,-2046
3567040038,-10,2,-2,-2,5,22,-2044
3567041038,-10,6,-1,-8,-1,20,-2048
3567042038,-10,3,-2,-3,-6,21,-2045
3567043038,-10,-1,1,-1,8,33,-2043
3567044038,-10,1,1,-1,2,23,-2047
3567045038,-10,3,-3,-4,1,28,-2042
3567046038,-10,1,-2,-2,2,24,-2043
3567047038,-10,2,-1,-6,-1,28,-2040
3567048038,-10,3,-3,-4,3,27,-2049
3567049038,-10,2,-2,-5,1,21,-2044
3567050038,-10,3,-5,-7,2,21,-2049
3567051038,-10,5,-4,-6,4,22,-2044
3567052038,-10,5,-1,-6,2,20,-2048
3567053038,-10,4,-3,-3,0,26,-2044
3567054038,-10,6,-5,-2,3,30,-2038
3567055038,-10,0,2,-3,7,23,-2042
3567056038,-10,4,-2,-3,1,15,-2051
3567057038,-10,4,0,-1,3,22,-2042
3567058038,-10,3,-3,-1,0,25,-2053
3567059038,-10,3,0,-6,1,28,-2046
3567060038,-10,6,-3,-3,6,21,-2044
3567061038,-10,1,-4,-5,0,23,-2044
3567062038,-10,3,-3,-4,5,21,-2047
3567063038,-10,4,-3,-7,0,19,-2043
3567064038,-10,4,-4,-3,-5,25,-2039
3567065038,-10,3,-4,-4,0,18,-2039
3567066038,-10,4,-4,-6,-1,22,-2044
3567067038,-10,2,-3,-2,13,20,-2044
3567068038,-10,-1,2,-3,-3,24,-2048
3567069038,-10,2,-3,-3,7,30,-2038
3567070038,-10,3,-1,-2,0,23,-2044
3567071038,-10,2,-3,-4,0,29,-2039
3567072038,-10,6,-2,-7,2,18,-2048
3567073038,-10,0,0,-1,3,23,-2050
3567074038,-10,4,-4,-5,2,34,-2048
3567075038,-10,1,-1,-1,-2,25,-2050
3567076038,-10,1,-1,-1,8,24,-2041
3567077038,-10,3,-3,-7,3,29,-2046
3567078038,-10,3,-3,1,10,19,-2042
3567079038,-10,3,-4,-4,2,29,-2044
3567080038,-10,5,-2,-7,8,23,-2039
3567081038,-10,1,-2,-5,-6,23,-2041
3567082038,-10,1,-2,-2,0,25,-2051
3567083038,-10,2,-1,-1,-4,22,-2047
3567084038,-10,-1,2,-1,2,18,-2044
3567085038,-10,1,0,-4,4,23,-2048
3567086038,-10,0,0,0,1,20,-2045
3567087038,-10,3,-4,-7,2,18,-2042
3567088038,-10,1,-2,-3,5,26,-2042
3567089038,-10,2,-5,-2,4,26,-2046
3567090038,-10,2,-4,-5,2,21,-2038
3567091038,-10,2,-5,-4,2,21,-2051
3567092038,-10,0,-4,-5,4,25,-2049
3567093038,-10,3,-3,-4,10,21,-2040
3567094038,-10,1,-3,-5,1,24,-2046
3567095038,-10,1,-4,-5,2,18,-2045
3567096038,-10,3,-3,-2,-1,19,-2045
3567097038,-10,3,-2,-7,4,22,-2050
3567098038,-10,0,-3,-2,-5,14,-2050
3567099038,-10,0,2,-3,3,21,-2046
3567100038,-10,0,-1,-2,-2,27,-2046
3567101038,-10,2,-1,-1,5,22,-2047
3567102038,-10,-2,0,-2,9,25,-2042
3567103038,-10,3,-1,-2,3,23,-2050
3567104038,-10,5,-1,-4,4,23,-2045
3567105038,-10,-1,-2,1,7,26,-2051
3567106038,-10,4,-8,-3,-5,29,-2044
3567107038,-10,4,-3,-8,11,21,-2041
3567108038,-10,0,-5,-7,2,26,-2051
3567109038,-10,3,-4,-2,2,31,-2041
3567110038,-10,7,-7,-7,-5,26,-2041
3567111038,-10,2,-3,-6,-3,24,-2044
3567112038,-10,1,-5,-4,-4,27,-2045
3567113038,-10,2,-4,-4,-2,26,-2049
3567114038,-10,0,-2,0,2,26,-2045
3567115038,-10,2,-4,-6,11,27,-2043
3567116038,-10,-2,-3,-4,9,25,-2045
3567117038,-10,4,-4,-4,7,20,-2039
3567118038,-10,-2,-2,-4,0,25,-2049
3567119038,-10,3,1,0,3,21,-2040
3567120038,-10,9,-2,-1,9,22,-2040
3567121038,-10,4,0,-3,0,21,-2044
3567122038,-10,3,-3,-5,2,22,-2043
3567123038,-10,1,-1,-4,4,15,-2040
3567124038,-10,6,-2,-5,-1,27,-2040
3567125038,-10,4,-2,-2,1,25,-2048
3567126038,-10,2,-2,-5,5,22,-2044
3567127038,-10,4,-5,-7,0,25,-2042
3567128038,-10,3,-2,-2,10,32,-2044
3567129038,-10,4,-4,-6,5,19,-2038
3567130038,-10,1,-1,-3,2,29,-2048
3567131038,-10,2,1,-6,8,28,-2039
3567132038,-10,-1,0,-4,6,19,-2046
3567133038,-10,2,0,-3,-1,23,-2042
3567134038,-10,5,-4,-5,-1,17,-2038
3567135038,-10,2,-2,-3,3,27,-2049
3567136038,-10,2,-3,-3,1,24,-2039
3567137038,-10,1,-1,-5,-5,28,-2041
3567138038,-10,3,-3,-6,-1,22,-2051
3567139038,-10,3,0,1,7,19,-2051
3567140038,-10,1,0,2,1,23,-2040
3567141038,-10,3,-4,-3,10,21,-2045
3567142038,-10,4,-6,-5,15,24,-2045
3567143038,-10,-2,0,-1,6,19,-2040
3567144038,-10,7,-9,-7,1,24,-2049
3567145038,-10,-1,-4,-4,3,24,-2052
3567146038,-10,-3,-6,-1,4,26,-2044
3567147038,-10,3,-4,-7,1,19,-2039
3567148038,-10,0,1,0,-6,24,-2043
3567149038,-10,2,-1,-3,4,21,-2049
3567150038,-10,-1,-7,-9,5,28,-2045
3567151038,-10,0,0,2,7,29,-2043
3567152038,-10,3,0,-1,2,28,-2046
3567153038,-10,3,-1,-1,9,22,-2038
3567154038,-10,6,1,-2,1,14,-2047
3567155038,-10,3,-6,-5,-1,22,-2046
3567156038,-10,0,-1,-3,7,25,-2048
3567157038,-10,1,0,-2,-5,27,-2052
3567158038,-10,0,0,-3,3,23,-2049
3567159038,-10,2,-2,-3,3,27,-2040
3567160038,-10,4,0,-3,-1,26,-2039
3567161038,-10,5,-2,0,-3,24,-2053
3567162038,-10,5,-4,-4,1,19,-2046
3567163038,-10,3,-4,-5,2,23,-2045
3567164038,-10,0,-2,-1,8,23,-2043
3567165038,-10,4,-4,0,2,31,-2049
3567166038,-10,0,0,-3,2,24,-2047
3567167038,-10,3,-3,-2,-7,28,-2042
3567168038,-10,1,-4,-4,9,31,-2044
3567169038,-10,1,-5,-2,1,20,-2045
3567170038,-10,3,-5,-2,3,23,-2046
3567171038,-10,0,-2,-2,2,27,-2044
3567172038,-10,2,-4,-2,7,25,-2042
3567173038,-10,1,2,-4,4,23,-2046
3567174038,-10,0,0,-3,11,13,-2046
3567175038,-10,1,0,-5,8,13,-2043
3567176038,-10,4,-5,-6,-2,13,-2043
3567177038,-10,0,-2,-4,5,22,-2046
3567178038,-10,3,-3,-5,11,16,-2054
3567179038,-10,3,-4,-4,2,19,-2041
3567180038,-10,1,-6,-2,3,21,-2037
3567181038,-10,4,-7,-5,5,16,-2050
3567182038,-10,1,0,0,-1,24,-2048
3567183038,-10,3,1,-2,4,28,-2038
3567184038,-10,4,-2,-3,5,25,-2048
3567185038,-10,1,-3,-4,3,27,-2038
3567186038,-10,3,0,-5,-5,22,-2044
3567187038,-10,2,0,-3,2,22,-2040
3567188038,-10,3,-3,-3,6,23,-2043
3567189038,-10,4,-3,-2,0,22,-2042
3567190038,-10,3,-1,-4,-1,30,-2041
3567191038,-10,5,-2,-4,-3,18,-2046
3567192038,-10,2,-4,-3,-1,20,-2045
3567193038,-10,1,-4,-5,-2,19,-2043
3567194038,-10,2,-2,-5,8,27,-2035
3567195038,-10,-1,-5,-5,0,29,-2049
3567196038,-10,-1,1,-5,-2,27,-2053
3567197038,-10,4,0,-2,-4,18,-2041
3567198038,-10,2,-2,-5,0,28,-2043
3567199038,-10,-1,-2,-3,6,26,-2043
3567200038,-10,0,-2,-2,-9,21,-2043
3567201038,-10,3,-5,-4,-2,22,-2040
3567202038,-10,-1,1,0,5,19,-2034
3567203038,-10,4,-3,-4,3,21,-2039
3567204038,-10,2,-3,-2,6,26,-2045
3567205038,-10,-2,-2,-4,-3,34,-2040
3567206038,-10,2,-2,-4,-6,25,-2041
3567207038,-10,4,-5,-3,4,21,-2050
3567208038,-10,4,-3,-2,-1,16,-2040
3567209038,-10,3,-2,-5,6,23,-2049
3567210038,-10,2,-3,-3,2,25,-2047
3567211038,-10,2,0,-3,4,20,-2045
3567212038,-10,6,1,-5,2,18,-2048
3567213038,-10,1,-4,-3,4,27,-2051
3567214038,-10,3,0,0,4,26,-2051
3567215038,-10,4,1,-4,6,25,-2047
3567216038,-10,2,-3,-3,0,23,-2043
3567217038,-10,2,-4,-3,2,28,-2034
3567218038,-10,4,-4,-7,0,23,-2045
3567219038,-10,-1,-1,-1,4,28,-2048
3567220038,-10,4,0,-3,1,15,-2048
3567221038,-10,3,-1,-5,13,16,-2046
3567222038,-10,1,-1,-3,9,30,-2048
3567223038,-10,-1,-5,-3,-4,21,-2044
3567224038,-10,1,-2,-1,0,30,-2049
3567225038,-10,4,0,-1,-1,27,-2050
3567226038,-10,2,-6,-5,-3,24,-2044
3567227038,-10,8,-1,-2,-3,31,-2041
3567228038,-10,0,0,-4,-5,20,-2047
3567229038,-10,0,-4,-5,3,33,-2045
3567230038,-10,2,0,-2,1,21,-2039
3567231038,-10,1,2,-1,2,23,-2047
3567232038,-10,2,-4,-4,6,23,-2055
3567233038,-10,4,0,-1,7,25,-2040
3567234038,-10,-1,0,-2,11,23,-2039
3567235038,-10,3,-4,-1,4,25,-2040
3567236038,-10,2,0,-6,-1,25,-2037
3567237038,-10,1,0,-1,8,12,-2040
3567238038,-10,3,-5,-3,-2,20,-2050
3567239038,-10,-1,-1,-2,0,29,-2050
3567240038,-10,4,-6,-2,-2,25,-2044
3567241038,-10,5,-2,-5,-1,22,-2038
3567242038,-10,3,-3,-2,6,18,-2046
3567243038,-10,3,-5,-4,6,21,-2045
3567244038,-10,-1,2,-4,2,22,-2050
3567245038,-10,2,-1,-5,1,21,-2044
3567246038,-10,2,-1,-3,-4,20,-2040
3567247038,-10,2,-3,-8,3,9,-2042
3567248038,-10,0,-1,-5,-2,21,-2046
3567249038,-10,1,0,-6,-1,19,-2054
3567250038,-10,4,-3,-3,2,29,-2047
3567251038,-10,3,-4,-3,8,24,-2050
3567252038,-10,0,-3,-1,7,28,-2049
3567253038,-10,6,-3,-4,8,23,-2047
3567254038,-10,2,-4,-3,-3,19,-2042
3567255038,-10,2,-4,-3,3,16,-2043
3567256038,-10,-1,-1,-2,-5,22,-2042
3567257038,-10,4,-4,-7,2,24,-2035
3567258038,-10,0,-3,-4,9,34,-2039
3567259038,-10,3,-4,-2,4,28,-2040
3567260038,-10,-1,-3,-2,-2,26,-2044
3567261038,-10,-3,-1,-3,-9,23,-2044
3567262038,-10,0,-1,0,2,24,-2047
3567263038,-10,3,0,-2,-2,21,-2047
3567264038,-10,0,-2,-4,-4,17,-2040
3567265038,-10,3,-4,-4,2,24,-2048
3567266038,-10,1,-1,-7,13,16,-2042
3567267038,-10,1,-1,0,9,23,-2043
3567268038,-10,3,0,-2,-1,23,-2041
3567269038,-10,0,-3,-4,6,20,-2041
3567270038,-10,0,-4,-5,3,26,-2048
3567271038,-10,4,-2,-4,9,16,-2045
3567272038,-10,2,-3,-3,4,30,-2042
3567273038,-10,0,-4,-3,8,19,-2037
3567274038,-10,6,-3,-3,4,33,-2042
3567275038,-10,5,-2,-3,1,24,-2041
3567276038,-10,0,-4,-4,-2,24,-2044
3567277038,-10,1,0,-2,9,22,-2042
3567278038,-10,-1,-2,-5,4,23,-2039
3567279038,-10,3,0,-5,7,26,-2037
3567280038,-10,3,-2,-2,1,27,-2045
3567281038,-10,1,1,-2,-1,26,-2049
3567282038,-10,4,-2,-3,1,26,-2047
3567283038,-10,1,-2,-4,6,22,-2044
3567284038,-10,2,0,-3,-1,25,-2050
3567285038,-10,-2,1,-4,0,17,-2050
3567286038,-10,3,-5,-5,-1,27,-2044
3567287038,-10,1,-2,-4,5,27,-2042
3567288038,-10,1,-5,-5,3,23,-2048
3567289038,-10,2,-4,-7,-3,28,-2044
3567290038,-10,-2,-2,-5,7,24,-2046
3567291038,-10,2,-1,-1,-4,20,-2046
3567292038,-10,2,0,-4,-3,25,-2038
3567293038,-10,1,-4,0,-6,20,-2042
3567294038,-10,2,-4,-2,6,28,-2037
3567295038,-10,1,0,-2,-8,26,-2050
3567296038,-10,2,-5,-3,1,24,-2047
3567297038,-10,2,-3,-2,3,27,-2049
3567298038,-10,4,-5,-4,5,19,-2044
3567299038,-10,4,-3,-3,-7,19,-2041
3567300038,-10,-1,-4,-4,1,19,-2039
3567301038,-10,2,-2,-5,1,23,-2045
3567302038,-10,0,1,-4,2,22,-2039
3567303038,-10,0,2,-4,9,20,-2046
3567304038,-10,4,-3,-4,4,25,-2041
3567305038,-10,3,-3,0,0,24,-2043
3567306038,-10,0,-2,-4,4,28,-2044
3567307038,-10,4,-6,-4,2,31,-2046
3567308038,-10,1,2,-1,7,29,-2041
3567309038,-10,2,-1,-3,10,27,-2044
3567310038,-10,2,-2,-2,8,22,-2043
3567311038,-10,-2,2,-3,4,17,-2052
3567312038,-10,2,-6,-5,4,25,-2042
3567313038,-10,5,-1,-2,1,21,-2042
3567314038,-10,6,1,-5,2,26,-2045
3567315038,-10,1,-6,-2,3,33,-2044
3567316038,-10,0,-2,-4,5,18,-2044
3567317038,-10,1,-4,-3,-4,25,-2054
3567318038,-10,1,-3,-4,-1,20,-2043
3567319038,-10,1,-1,-7,-1,23,-2046
3567320038,-10,3,-1,1,-1,20,-2042
3567321038,-10,2,-4,-6,-5,23,-2052
3567322038,-10,-3,1,-2,11,22,-2042
3567323038,-10,2,0,-2,0,27,-2044
3567324038,-10,3,-1,-2,4,22,-2049
3567325038,-10,3,-2,-7,3,30,-2041
3567326038,-10,1,0,-1,2,21,-2047
3567327038,-10,2,-2,-5,9,24,-2039
3567328038,-10,4,-2,-2,-5,21,-2042
3567329038,-10,0,-2,-5,1,15,-2041
3567330038,-10,2,-3,-3,5,31,-2044
3567331038,-10,-3,-2,-1,-2,25,-2043
3567332038,-10,2,-1,2,2,24,-2046
3567333038,-10,0,-5,-4,10,26,-2039
3567334038,-10,5,-4,-5,0,31,-2049
3567335038,-10,-1,1,1,6,20,-2050
3567336038,-10,1,1,-3,5,23,-2047
3567337038,-10,-2,0,-3,5,25,-2040
3567338038,-10,3,-2,-5,1,27,-2042
3567339038,-10,0,-2,-3,0,20,-2040
3567340038,-10,-4,1,-4,7,15,-2044
3567341038,-10,0,1,-3,1,24,-2050
3567342038,-10,3,-3,-2,5,24,-2045
3567343038,-10,1,1,0,2,23,-2042
3567344038,-10,7,-1,0,0,16,-2039
3567345038,-10,2,-2,-3,0,29,-2033
3567346038,-10,1,-5,-6,2,21,-2044
3567347038,-10,-1,1,-3,5,26,-2049
3567348038,-10,-1,-2,-1,-3,30,-2043
3567349038,-10,3,-2,-4,2,20,-2049
3567350038,-10,3,-4,-4,-7,18,-2052
3567351038,-10,0,-2,-3,1,20,-2041
3567352038,-10,2,-2,-3,5,18,-2048
3567353038,-10,4,-5,-4,0,27,-2043
3567354038,-10,2,1,-3,1,26,-2049
3567355038,-10,0,-3,-3,1,27,-2052
3567356038,-10,2,-3,-5,7,23,-2043
3567357038,-10,0,-1,-1,-4,26,-2044
3567358038,-10,6,-3,-6,-3,30,-2048
3567359038,-10,-2,-3,-3,1,27,-2050
3567360038,-10,2,-4,-5,1,23,-2040
3567361038,-10,2,1,-2,0,27,-2038
3567362038,-10,4,-1,-5,4,27,-2045
3567363038,-10,3,-4,-1,-4,27,-2044
3567364038,-10,3,-5,-4,-2,21,-2037
3567365038,-10,1,2,-2,9,29,-2041
3567366038,-10,2,-1,-4,-4,24,-2045
3567367038,-10,0,0,-1,-10,19,-2045
3567368038,-10,2,2,-3,-4,22,-2046
3567369038,-10,5,1,-2,0,26,-2046
3567370038,-10,-2,-1,-4,4,16,-2050
3567371038,-10,-2,0,-2,1,19,-2045
3567372038,-10,0,-2,-3,-3,23,-2041
3567373038,-10,0,1,-1,4,19,-2044
3567374038,-10,4,-5,-3,1,17,-2041
3567375038,-10,2,-1,-1,3,16,-2050
3567376038,-10,0,-6,-2,1,26,-2052
3567377038,-10,1,-2,-6,-1,28,-2049
3567378038,-10,2,-5,-2,3,22,-2048
3567379038,-10,1,-2,-3,3,16,-2044
3567380038,-10,-1,-1,-3,-3,15,-2050
3567381038,-10,4,-2,-7,5,26,-2040
3567382038,-10,3,-3,-4,-4,21,-2045
3567383038,-10,1,-3,-4,3,26,-2044
3567384038,-10,3,-4,-4,-4,24,-2043
3567385038,-10,2,-2,-5,-7,20,-2045
3567386038,-10,2,1,-3,-2,25,-2051
3567387038,-10,3,-1,-1,1,28,-2039
3567388038,-10,3,-4,-3,1,21,-2039
3567389038,-10,0,-3,-5,1,22,-2046
3567390038,-10,4,-4,-5,1,23,-2038
3567391038,-10,3,-2,-5,7,23,-2041
3567392038,-10,-2,3,0,3,23,-2042
3567393038,-10,2,-4,-5,-2,24,-2054
3567394038,-10,0,-6,-3,5,32,-2045
3567395038,-10,5,-2,-4,2,24,-2051
3567396038,-10,2,-1,-2,-7,25,-2051
3567397038,-10,2,1,-5,5,27,-2047
3567398038,-10,5,-2,-2,-6,23,-2043
3567399038,-10,-1,-1,-1,4,26,-2045
3567400038,-10,3,-3,-4,3,31,-2046
3567401038,-10,-1,-1,-1,8,22,-2047
3567402038,-10,4,1,-4,2,26,-2050
3567403038,-10,6,-5,-6,-5,29,-2044
3567404038,-10,1,1,-4,-2,23,-2045
3567405038,-10,-3,-1,-6,9,27,-2038
3567406038,-10,1,-1,-2,4,25,-2039
3567407038,-10,0,2,-1,4,22,-2039
3567408038,-10,2,-4,-4,3,28,-2048
3567409038,-10,5,-3,-6,-3,34,-2037
3567410038,-10,5,-1,-2,3,27,-2044
3567411038,-10,3,-3,-2,2,27,-2046
3567412038,-10,4,-7,-4,5,27,-2041
3567413038,-10,3,-5,-6,6,22,-2042
3567414038,-10,-1,-3,-6,3,19,-2042
3567415038,-10,3,-1,-2,3,15,-2039
3567416038,-10,2,-2,-2,-4,21,-2045
3567417038,-10,2,-8,-6,5,24,-2051
3567418038,-10,0,-3,-3,3,27,-2040
3567419038,-10,1,-5,-3,1,24,-2038
3567420038,-10,3,-2,-6,-3,30,-2038
3567421038,-10,3,0,-3,5,27,-2040
3567422038,-10,2,-1,-6,13,23,-2043
3567423038,-10,3,0,-1,0,27,-2041
3567424038,-10,3,-2,-6,4,26,-2049
3567425038,-10,3,-1,-4,7,21,-2049
3567426038,-10,4,-2,-4,-2,16,-2046
3567427038,-10,4,-4,-6,6,24,-2048
3567428038,-10,3,-4,-5,2,23,-2049
3567429038,-10,3,-1,-1,4,31,-2048
3567430038,-10,3,-3,-4,-2,26,-2042
3567431038,-10,2,-2,-2,0,25,-2048
3567432038,-10,3,-3,-5,5,21,-2044
3567433038,-10,2,-2,-1,1,23,-2042
3567434038,-10,2,-2,-3,0,21,-2048
3567435038,-10,-2,-1,-2,1,25,-2041
3567436038,-10,0,1,0,-1,21,-2059
3567437038,-10,3,-2,-2,-2,26,-2045
3567438038,-10,2,0,-2,-5,29,-2048
3567439038,-10,4,-1,-1,-3,22,-2039
3567440038,-10,4,2,-1,3,17,-2038
3567441038,-10,7,-2,-5,12,25,-2046
3567442038,-10,5,-2,-5,8,25,-2037
3567443038,-10,-2,2,0,3,24,-2045
3567444038,-10,2,-3,-3,1,20,-2037
3567445038,-10,4,-1,-2,-1,25,-2048
3567446038,-10,0,-3,-5,-2,22,-2040
3567447038,-10,4,-3,-5,1,29,-2034
3567448038,-10,7,-2,-6,-6,34,-2042
3567449038,-10,4,-1,-4,-1,21,-2045
3567450038,-10,3,-1,-3,5,31,-2048
3567451038,-10,3,-7,-2,7,20,-2038
3567452038,-10,0,0,-3,7,30,-2045
3567453038,-10,6,1,-2,5,25,-2048
3567454038,-10,3,-2,-1,1,26,-2046
3567455038,-10,-2,-3,-7,-2,25,-2045
3567456038,-10,4,-4,-6,3,28,-2046
3567457038,-10,5,-1,-4,6,28,-2044
3567458038,-10,0,-3,-6,5,23,-2052
3567459038,-10,-1,0,-4,-1,19,-2042
3567460038,-10,1,-1,-3,0,20,-2047
3567461038,-10,2,-4,-1,-1,23,-2041
3567462038,-10,5,-5,-5,7,17,-2045
3567463038,-10,3,-4,-7,2,24,-2053
3567464038,-10,3,-4,-5,1,26,-2042
3567465038,-10,3,-1,-3,2,24,-2057
3567466038,-10,3,-1,-4,5,25,-2044
3567467038,-10,1,0,-3,6,29,-2043
3567468038,-10,-1,-2,-2,4,23,-2046
3567469038,-10,0,-2,-2,4,21,-2046
3567470038,-10,1,0,-5,10,29,-2037
3567471038,-10,0,-1,-6,5,15,-2045
3567472038,-10,7,-5,-4,-4,21,-2043
3567473038,-10,3,-3,-2,-3,23,-2050
3567474038,-10,1,-1,1,0,35,-2044
3567475038,-10,-2,-3,-4,-1,30,-2044
3567476038,-10,5,-7,-8,10,22,-2039
3567477038,-10,2,-3,-3,2,20,-2041
3567478038,-10,1,-3,-3,3,26,-2049
3567479038,-10,2,-1,-3,-9,31,-2040
3567480038,-10,2,-2,-3,-49,-3,-2029
3567481038,-10,10,-8,-9,-81,15,-2038
3567482038,-10,1,-1,-5,-91,37,-2065
3567483038,-10,10,4,1,-184,44,-2039
3567484038,-10,2,0,-11,-117,-75,-2115
3567485038,-10,17,33,6,797,57,-2588
3567486038,-10,-39,63,-15,985,-552,-1938
3567487038,-10,-1,29,-25,1026,40,-2215
3567488038,-11,-8,-11,-5,382,-50,-1609
3567489038,-11,23,-27,-20,195,354,-1538
3567490038,-11,13,-18,7,121,91,-950
3567491038,-11,0,10,-29,162,284,-1938
3567492038,-11,29,-80,35,-211,-42,-2942
3567493038,-10,53,-98,40,-1030,1711,-2461
3567494038,-10,50,-94,20,-2359,261,-2024
3567495039,-10,3,-114,106,-1432,-68,-1849
3567496038,-9,-11,-103,82,-1733,49,-2798
3567497039,-9,7,-146,92,-1768,-327,-3321
3567498040,-9,39,-129,98,-2216,330,-3002
3567499038,-9,25,-127,93,-2557,120,-2816
3567500038,-9,20,-91,73,-1705,-617,-2012
3567501038,-10,9,-50,36,-1776,-331,-2092
3567502038,-11,24,-53,24,-1583,-459,-2885
3567503038,-11,33,-34,-15,-1105,-974,-2800
3567504038,-12,-3,-6,-51,-1454,-1333,-1891
3567505038,-13,-39,28,-66,-1251,-678,-1792
3567506038,-14,-69,105,-68,-1252,89,-2202
3567507038,-14,-41,156,-59,-1127,359,-2512
3567508038,-14,-79,201,-64,-405,517,-2091
3567509038,-14,-47,228,-7,-190,574,-2102
3567510038,-12,-24,138,7,411,750,-925
3567511038,-11,12,83,28,-63,1150,-337
3567512038,-8,53,100,60,-567,1058,-349
3567513038,-5,42,93,79,49,759,-1585
3567514038,-2,57,78,114,-307,-185,-2097
3567515038,2,50,18,153,53,-352,-2412
3567516038,6,35,-27,158,-364,-76,-2022
3567517038,11,24,-65,175,-751,397,-907
3567518038,15,32,-84,163,-1280,474,-702
3567519038,20,45,-91,169,-1617,245,-1767
3567520038,24,29,-46,151,-1219,-430,-2982
3567521038,29,14,-53,145,-1197,-1032,-3239
3567522038,33,5,-73,92,-440,-981,-3084
3567523038,37,11,-119,67,-801,-603,-2842
3567524038,41,0,-123,29,-1100,-613,-2211
3567525038,45,-13,-101,11,-1536,-377,-2271
3567526038,48,-14,-70,0,-1850,-536,-2714
3567527038,52,-13,-34,-10,-1996,-200,-3255
3567528038,56,-17,6,-9,-1969,-70,-3078
3567529038,60,3,49,-33,-886,91,-2521
3567530038,64,-24,65,-46,-996,-287,-2245
3567531038,68,-8,36,-64,-723,-161,-2286
3567532038,71,15,-9,-86,-105,-282,-2210
3567533038,75,-15,-14,-106,-782,-417,-1705
3567534038,79,-25,-8,-111,-666,-469,-1294
3567535038,83,-12,8,-96,-1334,46,-1298
3567536038,87,-25,52,-92,-1375,77,-1694
3567537038,92,-47,100,-83,-1128,-9,-1221
3567538038,98,-31,107,-76,-462,604,-1581
3567539040,104,-20,78,-70,-368,211,-1420
3567540038,109,24,20,-78,65,479,-1496
3567541038,115,24,-21,-65,-527,179,-1258
3567542038,122,18,-13,-70,-678,231,-1455
3567543038,128,-11,24,-52,-1416,347,-2293
3567544038,135,-4,23,-58,-1440,312,-2437
3567545038,143,24,27,-37,-1136,749,-2070
3567546038,150,32,37,-37,-831,231,-1458
3567547038,158,18,41,-30,-792,-136,-1720
3567548038,166,18,34,-24,-862,-137,-2154
3567549038,175,11,2,-16,-1150,42,-2704
3567550038,183,-12,4,-25,-1118,-69,-2926
3567551038,192,-12,12,-15,-1352,199,-2759
3567552038,200,-25,37,-12,-981,37,-2763
3567553038,209,-35,58,-10,-1603,334,-2736
3567554038,218,-8,52,0,-1300,137,-2602
3567555038,227,-7,47,-4,-828,-281,-2326
3567556038,236,-15,32,3,-809,-187,-2043
3567557038,245,-15,48,-7,-204,192,-2019
3567558039,254,-24,43,-19,32,-156,-2458
3567559038,262,8,10,-28,140,-503,-2054
3567560038,271,-5,-1,-33,-344,-124,-1872
3567561038,279,10,-10,-42,-982,55,-1709
3567562038,288,44,-9,-38,-482,31,-1350
3567563038,296,27,-14,-40,-608,-466,-1379
3567564038,305,5,-6,-30,-940,-509,-1971
3567565038,313,-12,-3,-23,-738,-510,-1704
3567566038,321,-19,8,-27,-267,-92,-1337
3567567038,329,-14,-16,-15,-443,61,-1592
3567568038,338,12,-24,-31,-151,-109,-1771
3567569038,346,10,-39,-23,-578,-250,-1712
3567570038,354,6,-27,-21,-771,-47,-1593
3567571038,361,17,-34,-10,-1402,-20,-1910
3567572038,369,22,-13,-8,-935,25,-1831
3567573038,377,7,4,-10,-744,-478,-1961
3567574038,385,-14,13,-2,-397,-137,-2150
3567575038,393,-22,26,2,-918,389,-2385
3567576038,401,33,13,-11,-878,583,-2317
3567577038,409,40,24,-3,-780,41,-2177
3567578038,417,30,24,6,-1490,-192,-2327
3567579038,425,20,60,13,-1288,-45,-2398
3567580038,433,15,70,24,-1182,34,-2190
3567581038,441,-7,99,20,-1018,160,-2258
3567582038,450,-12,91,23,-642,-106,-2476
3567583038,458,-6,83,11,92,-39,-2403
3567584038,467,-12,69,29,-19,-113,-2042
3567585038,476,-20,61,11,-402,-199,-2136
3567586038,485,-37,69,42,-413,284,-2217
3567587038,494,-15,68,27,-95,746,-2081
3567588038,503,12,47,17,507,481,-1949
3567589038,513,18,35,18,-206,466,-1957
3567590038,523,24,2,15,-73,227,-1924
3567591038,533,32,-20,18,229,-192,-1784
3567592039,543,22,-28,31,-276,-436,-1745
3567593038,553,0,-24,27,-264,-50,-1905
3567594038,563,-5,-17,39,-494,482,-1927
3567595038,573,22,-25,24,-492,600,-2366
3567596038,584,54,-39,22,-163,-69,-2243
3567597038,595,16,-43,17,-196,-464,-1904
3567598038,606,4,-39,24,-330,-371,-1859
3567599038,616,7,-37,15,-368,-39,-1906
3567600038,627,-3,-41,21,-258,-162,-2004
3567601038,638,8,-35,9,-548,-109,-2064
3567602038,649,9,-37,15,-381,-241,-2090
3567603038,660,-1,-14,14,-544,221,-2063
3567604038,671,6,0,19,-638,-19,-2072
3567605038,682,12,8,20,-99,175,-1882
3567606038,693,25,6,19,-300,270,-1816
3567607038,704,44,-1,11,34,-146,-1839
3567608038,715,32,-6,13,-271,-53,-2045
3567609038,726,42,-12,20,-470,-163,-2103
3567610038,737,20,8,23,-358,-144,-1812
3567611038,748,11,36,26,-725,164,-2010
3567612038,758,27,30,29,-588,174,-2122
3567613038,769,34,25,25,-200,-18,-2207
3567614038,780,24,25,20,-135,-477,-1847
3567615038,791,-11,35,25,-131,-330,-2170
3567616038,801,-11,30,28,-132,-154,-2377
3567617038,812,-13,30,26,-215,121,-2257
3567618038,822,-12,19,13,-89,-243,-1844
3567619038,832,-14,7,8,-204,34,-2002
3567620038,842,-5,-4,15,-198,-1010,-1920
3567621040,853,-51,15,37,136,-39,-1535
3567622038,863,-41,58,19,-745,1379,-2452
3567623038,873,81,-22,18,679,590,-2181
3567624038,883,47,-25,3,838,-634,-1776
3567625038,893,38,-60,14,-274,81,-1931
3567626038,903,53,-51,13,-314,-51,-1986
3567627038,913,34,-29,26,-765,-33,-1988
3567628038,923,19,0,34,-867,-223,-2058
3567629038,933,15,23,42,-321,-44,-2244
3567630038,944,-7,35,42,-151,85,-2155
3567631038,954,12,34,39,-169,357,-2317
3567632038,964,47,9,31,246,462,-2045
3567633038,975,46,-3,20,100,-18,-1933
3567634038,985,37,-17,9,77,-297,-2242
3567635038,995,34,-10,14,-31,-572,-2445
3567636038,1006,-4,-13,16,-257,-745,-2221
3567637038,1016,-28,19,34,-343,-162,-2178
3567638038,1026,-27,37,39,-352,523,-2081
3567639038,1037,-3,30,37,323,216,-1974
3567640038,1048,18,0,39,50,-27,-1880
3567641038,1059,7,-21,39,233,-515,-1926
3567642038,1070,-11,-17,55,12,-356,-1674
3567643038,1082,-43,8,61,-37,423,-1844
3567644038,1093,-42,12,52,35,646,-2190
3567645038,1104,21,-27,45,546,426,-1944
3567646038,1116,38,-63,37,367,-126,-1632
3567647038,1127,21,-76,39,12,-602,-1658
3567648038,1139,-22,-45,57,-691,-849,-1709
3567649039,1151,-40,-17,64,-618,-700,-1815
3567650038,1162,-70,16,69,-541,-1646,-2007
3567651038,1174,-174,58,97,209,55,-1565
3567652038,1186,-115,63,70,-100,1828,-2159
3567653038,1197,-33,10,70,537,2048,-2071
3567654038,1209,58,-41,39,1063,1312,-2344
3567655038,1221,82,-78,46,160,681,-2472
3567656038,1232,116,-74,49,-404,-80,-2288
3567657038,1244,87,-13,59,-713,-177,-2841
3567658038,1255,64,15,69,-1032,-283,-2727
3567659038,1266,70,47,84,-432,-67,-2579
3567660038,1278,55,54,90,-34,-328,-2663
3567661038,1289,30,45,68,170,-267,-2430
3567662038,1300,27,29,75,130,-507,-2388
3567663038,1311,-1,20,64,322,-242,-2374
3567664038,1321,-26,24,53,-95,-115,-2492
3567665038,1332,-26,8,53,310,-402,-1946
3567666038,1342,-66,22,45,-119,315,-1577
3567667038,1352,-27,10,49,-29,311,-1611
3567668038,1362,6,-8,41,246,138,-1418
3567669038,1372,5,-6,46,330,-315,-1675
3567670038,1383,0,-3,71,429,-320,-1555
3567671038,1393,-24,4,65,242,127,-1655
3567672038,1403,10,-16,72,86,204,-1685
3567673038,1413,38,-41,68,46,346,-1440
3567674038,1423,42,-58,68,146,415,-1404
3567675038,1433,57,-76,62,-275,92,-1634
3567676038,1443,69,-82,62,-142,-310,-1777
3567677038,1453,15,-60,66,-204,-994,-1590
3567678038,1462,-33,-15,69,-683,370,-2135
3567679038,1473,27,-38,81,-144,196,-2166
3567680038,1483,20,-43,65,-219,-217,-2385
3567681038,1493,3,-42,81,-75,-444,-2094
3567682038,1503,-21,-12,82,-132,-261,-2285
3567683038,1513,-39,32,95,129,-449,-2217
3567684038,1523,-47,52,89,-44,305,-2751
3567685038,1534,-17,42,89,-63,477,-2990
3567686038,1544,25,22,78,286,456,-2340
3567687038,1554,26,19,86,201,78,-2018
3567688038,1565,29,25,87,-356,450,-2519
3567689038,1576,50,39,86,104,14,-2434
3567690038,1586,27,49,92,-74,-382,-1978
3567691038,1597,-14,55,95,244,-178,-1907
3567692038,1608,-15,49,103,165,499,-2132
3567693038,1619,44,10,96,540,243,-2116
3567694038,1630,40,-6,97,766,-235,-1962
3567695038,1641,13,-16,102,413,-412,-1818
3567696038,1652,-4,3,103,301,354,-1701
3567697038,1663,4,3,107,560,125,-1829
3567698038,1674,22,-33,90,751,-75,-1962
3567699038,1685,19,-32,100,282,35,-2003
3567700038,1696,33,-58,97,87,183,-1902
3567701038,1707,42,-58,105,91,-179,-1861
3567702038,1718,25,-46,106,-96,-263,-2014
3567703038,1729,16,-36,102,78,-352,-1899
3567704038,1739,2,-27,107,117,-224,-1832
3567705038,1750,-7,-44,96,372,-224,-1686
3567706038,1760,7,-57,94,98,240,-2021
3567707038,1771,25,-68,92,-138,55,-2282
3567708038,1781,26,-62,98,80,-186,-2265
3567709038,1791,-10,-52,96,22,-534,-2017
3567710038,1801,-22,-35,98,-239,-32,-2137
3567711038,1811,-25,-31,105,4,-458,-1875
3567712038,1821,-68,13,104,87,614,-1877
3567713038,1831,-49,7,100,-124,724,-2207
3567714038,1841,38,-44,93,385,490,-2502
3567715038,1850,29,-43,97,248,-563,-2098
3567716038,1860,-10,-17,102,78,309,-1999
3567717038,1869,-6,2,96,-395,514,-2267
3567718038,1878,46,-17,97,-150,437,-2373
3567719038,1888,50,-13,90,160,-379,-2040
3567720038,1897,18,-15,99,-154,-525,-1649
3567721038,1906,-11,20,106,-222,-100,-2053
3567722038,1916,-9,20,103,-438,302,-2298
3567723038,1925,9,25,104,64,75,-2300
3567724038,1934,-10,39,100,245,-130,-2045
3567725038,1943,-11,18,99,329,-199,-2087
3567726038,1952,-15,14,92,285,115,-2058
3567727038,1962,-23,13,97,103,-44,-1916
3567728038,1971,-30,24,98,-5,-214,-1651
3567729038,1980,-43,31,105,14,-451,-2024
3567730038,1989,-15,19,114,-647,-3617,-2401
3567731038,1998,-78,15,146,1499,-2304,-807
3567732038,2008,-215,183,121,-702,3973,-3427
3567733038,2017,202,-86,110,2044,2597,-2760
3567734038,2027,223,-123,26,1910,139,-2142
3567735038,2036,134,-140,74,262,-897,-1139
3567736038,2046,96,-137,72,-292,-1161,-1122
3567737038,2055,20,-78,153,-1033,-535,-2052
3567738038,2065,-6,-19,125,-1083,-161,-2836
3567739038,2075,-9,16,166,-446,-207,-2262
3567740038,2085,-18,41,150,120,-256,-2211
3567741038,2095,-41,42,170,177,712,-2171
3567742038,2105,22,3,143,1156,1043,-2398
3567743038,2115,41,-58,121,1069,108,-2451
3567744038,2125,55,-122,102,500,-949,-2165
3567745038,2134,20,-111,106,421,-1096,-2198
3567746038,2144,-61,-57,107,-983,-138,-2145
3567747039,2154,-33,-14,119,-780,163,-1810
3567748039,2164,-19,15,127,-573,-491,-2001
3567749039,2174,-26,31,132,-203,-1024,-2066
3567750038,2184,-106,75,150,241,845,-1942
3567751038,2193,17,9,126,366,885,-2385
3567752038,2203,49,-26,110,1006,346,-2327
3567753038,2213,32,-56,114,213,-71,-1475
3567754038,2222,36,-66,101,290,60,-1691
3567755038,2231,44,-48,108,-376,78,-1778
3567756038,2240,21,-12,91,-354,-143,-1978
3567757038,2250,23,9,118,-452,-296,-1892
3567758038,2259,21,19,107,-103,-534,-2021
3567759038,2269,-15,44,121,211,-434,-2042
3567760038,2278,-20,41,126,344,-67,-1808
3567761038,2287,-15,18,120,145,110,-2069
3567762038,2296,1,4,110,304,247,-2010
3567763038,2305,-11,4,100,600,-65,-1722
3567764038,2313,1,-11,102,57,-544,-1767
3567765038,2322,-47,30,122,345,913,-1802
3567766038,2331,20,35,97,147,962,-2261
3567767038,2340,68,-12,101,1018,305,-2103
3567768038,2349,57,-20,80,812,-370,-2010
3567769038,2357,38,-50,102,285,-348,-1728
3567770038,2366,15,-19,109,152,-404,-1593
3567771038,2375,3,-12,124,-82,90,-2080
3567772038,2383,0,-1,118,-158,382,-2117
3567773038,2392,18,5,113,334,269,-2147
3567774038,2401,29,-12,110,661,285,-1967
3567775038,2410,46,-38,98,188,427,-2299
3567776038,2419,61,-64,97,132,-296,-2311
3567777038,2428,56,-60,100,323,-493,-2117
3567778038,2436,-8,-45,115,-128,-819,-1995
3567779038,2445,-36,-8,107,-187,-87,-2520
3567780038,2454,-29,20,100,-234,322,-2657
3567781038,2462,-10,18,90,428,-169,-2435
3567782038,2471,-7,12,85,540,-260,-2296
3567783038,2480,-20,1,78,331,-329,-2137
3567784038,2489,-13,-8,78,374,-199,-2021
3567785038,2498,-24,1,83,-156,-219,-2243
3567786038,2507,-23,2,81,-236,-385,-2345
3567787038,2516,-45,26,90,207,-466,-2095
3567788038,2525,-66,62,90,-17,1036,-2099
3567789038,2534,36,10,85,719,1106,-1921
3567790038,2543,62,-12,76,1044,790,-1920
3567791038,2553,63,-55,71,753,-173,-1808
3567792038,2562,61,-82,73,432,-589,-1839
3567793038,2571,31,-67,95,-275,-726,-1917
3567794038,2580,-17,-6,103,-468,-383,-2088
3567795038,2590,-29,12,104,-587,-101,-2186
3567796038,2599,-6,14,109,138,-93,-2015
3567797038,2609,-16,21,93,489,-179,-1787
3567798038,2618,-18,-1,94,255,108,-1725
3567799038,2627,-3,-25,92,347,44,-1779
3567800038,2636,-10,-19,92,4,320,-1764
3567801038,2645,-7,-17,75,48,86,-1947
3567802038,2654,-4,-22,77,41,60,-2463
3567803038,2663,14,-25,82,-27,-132,-2040
3567804038,2672,3,-8,87,-61,-257,-1850
3567805038,2681,-15,4,99,-47,-253,-1567
3567806038,2690,-13,8,104,220,456,-1676
3567807038,2698,9,-32,99,541,394,-1857
3567808038,2707,34,-50,91,849,38,-1823
3567809038,2716,31,-55,94,170,139,-1956
3567810038,2724,32,-61,87,-320,217,-2406
3567811038,2733,54,-45,82,-84,11,-2406
3567812038,2741,38,-25,81,-269,-256,-2194
3567813040,2750,32,-34,74,31,-250,-2039
3567814038,2758,31,-25,81,-144,-222,-2091
3567815038,2766,24,-6,75,-322,-216,-2311
3567816038,2774,-5,18,81,-173,-171,-2511
3567817038,2782,-17,41,83,-79,-223,-2807
3567818038,2790,-15,40,80,-78,17,-2736
3567819038,2798,-23,42,74,98,-87,-2467
3567820038,2806,-24,40,70,111,295,-2385
3567821038,2814,-3,38,64,107,275,-2292
3567822038,2822,-14,46,59,438,-95,-2291
3567823038,2830,-6,48,54,242,74,-2501
3567824038,2838,0,40,64,267,67,-2049
3567825038,2847,-12,47,54,368,-107,-1743
3567826038,2855,-12,40,59,325,19,-1970
3567827038,2863,-13,33,57,-13,14,-1970
3567828038,2871,16,29,62,444,-12,-2012
3567829038,2880,-4,56,41,1115,-415,-1816
3567830038,2888,-7,46,15,1725,-353,-1654
3567831038,2896,-1,41,11,1497,152,-2153
3567832038,2905,37,-9,-12,431,143,-2294
3567833038,2913,55,-32,-33,442,-50,-1615
3567834038,2921,18,-10,-33,-42,-558,-1328
3567835038,2930,4,15,-30,-225,-96,-1736
3567836038,2939,-10,20,-22,-198,-94,-1529
3567837038,2948,-14,39,-24,383,130,-1561
3567838038,2957,-15,27,-11,865,402,-1457
3567839038,2966,17,-29,-9,392,750,-1667
3567840038,2975,51,-83,-3,358,546,-1715
3567841038,2985,52,-104,1,355,-108,-1562
3567842038,2994,23,-92,18,-222,-59,-1542
3567843038,3004,-3,-73,22,-157,-22,-1934
3567844038,3014,-14,-69,30,18,-258,-2132
3567845038,3024,-26,-75,40,123,-302,-1934
3567846038,3034,-30,-67,37,277,-293,-1673
3567847038,3043,-39,-62,34,189,512,-1978
3567848038,3053,-5,-91,26,171,309,-2228
3567849038,3063,10,-108,7,93,-42,-2471
3567850038,3072,2,-104,7,62,-109,-2290
3567851038,3082,-23,-74,3,-173,-419,-2164
3567852038,3091,-68,-39,13,-492,-240,-2226
3567853038,3100,-55,13,9,-635,825,-3168
3567854038,3109,-30,6,4,-407,997,-3208
3567855038,3118,41,3,-19,179,350,-2979
3567856038,3127,26,2,-12,-161,123,-2916
3567857038,3135,40,2,-16,-592,26,-2790
3567858038,3143,21,43,-14,-525,98,-2410
3567859038,3151,-4,73,-12,-259,-69,-2129
3567860038,3159,-1,78,-11,-160,-169,-2264
3567861038,3167,6,70,-10,88,-104,-2234
3567862038,3175,-9,74,-14,486,-15,-1971
3567863038,3183,-19,73,-10,-33,122,-1709
3567864038,3191,-2,55,1,-125,22,-1875
3567865038,3198,-4,45,1,275,-1,-1767
3567866038,3206,-19,55,-4,633,121,-1588
3567867038,3213,2,9,-1,611,341,-1760
3567868038,3221,26,-12,-1,275,326,-1774
3567869038,3228,21,-25,-3,408,-232,-1414
3567870038,3236,7,-20,1,299,-362,-1377
3567871038,3243,7,-21,24,303,15,-1693
3567872038,3251,2,-21,27,261,175,-1674
3567873038,3258,6,-42,21,304,-215,-1744
3567874038,3266,-10,-42,20,601,-20,-1414
3567875038,3274,3,-69,15,316,162,-1574
3567876038,3281,13,-87,25,134,134,-1619
3567877038,3289,7,-68,30,334,45,-1592
3567878040,3297,-18,-31,13,373,-218,-1709
3567879038,3304,2,-48,15,955,-264,-1860
3567880038,3312,17,-80,15,793,-224,-1981
3567881038,3320,12,-84,11,524,-543,-1803
3567882038,3328,-2,-63,22,-511,-95,-1759
3567883038,3336,-23,-21,22,-670,60,-2317
3567884038,3344,7,-21,16,-428,365,-3277
3567885038,3352,37,-10,17,-105,311,-3150
3567886038,3360,32,3,15,-452,312,-2921
3567887038,3368,22,21,18,-520,77,-2656
3567888038,3377,39,33,22,-324,-19,-2946
3567889038,3385,2,83,27,31,-118,-2737
3567890038,3393,-21,101,29,-3,-249,-2622
3567891038,3401,-22,91,23,-147,-107,-2867
3567892038,3409,-18,92,30,-23,85,-2790
3567893038,3417,-22,92,18,338,10,-2211
3567894038,3425,-27,111,11,717,-172,-1991
3567895038,3433,-37,139,3,984,152,-2165
3567896038,3441,-51,137,-16,1672,120,-2114
3567897038,3449,-29,82,-33,1840,91,-1606
3567898038,3457,32,-4,-52,1274,69,-1328
3567899038,3465,45,-28,-64,1051,-184,-1216
3567900038,3473,28,-15,-69,381,-142,-1184
3567901038,3480,-3,-4,-57,-18,-104,-1631
3567902038,3488,-2,-5,-46,-62,103,-2137
3567903038,3496,13,-31,-49,192,315,-1945
3567904038,3504,-9,-42,-50,616,81,-1369
3567905038,3512,-16,-61,-52,891,-94,-1052
3567906038,3520,0,-113,-41,298,118,-1566
3567907038,3528,12,-124,-47,58,73,-2061
3567908038,3535,-17,-106,-40,-77,-247,-1610
3567909038,3543,-30,-105,-26,-672,-526,-1660
3567910038,3551,-47,-93,-17,-794,82,-1943
3567911039,3559,-43,-86,1,-848,117,-2157
3567912038,3566,-44,-47,-4,6,241,-2163
3567913038,3574,-68,-14,-13,465,119,-2426
3567914038,3581,-76,-19,-23,167,140,-2721
3567915038,3589,-5,-60,-41,-85,702,-3176
3567916038,3596,47,-75,-56,-76,557,-2504
3567917038,3603,21,-15,-77,-254,223,-1809
3567918038,3610,8,5,-67,-825,-161,-1928
3567919038,3617,13,34,-73,-789,156,-2395
3567920038,3624,22,50,-57,-693,346,-2316
3567921038,3631,22,59,-55,-396,-8,-1528
3567922038,3638,9,63,-47,-150,210,-1424
3567923038,3645,5,60,-41,204,296,-1466
3567924038,3653,29,21,-29,36,466,-2114
3567925038,3660,47,-2,-21,293,9,-1927
3567926038,3667,18,0,-21,388,-265,-1523
3567927038,3675,5,-1,-15,250,-208,-1557
3567928038,3683,8,-24,-9,15,-47,-2025
3567929038,3690,24,-43,0,257,-135,-2053
3567930038,3698,-5,-34,1,368,-555,-1301
3567931038,3706,-42,-12,21,444,-409,-1469
3567932038,3714,-43,-14,18,-465,214,-2017
3567933038,3721,-15,-41,30,-325,557,-2347
3567934038,3729,0,-45,15,255,364,-1846
3567935038,3737,-14,-56,19,335,189,-1926
3567936038,3745,-2,-85,14,7,96,-2332
3567937038,3753,10,-90,14,102,181,-2404
3567938038,3760,12,-94,18,-188,173,-2282
3567939038,3768,1,-60,14,-419,154,-2359
3567940038,3776,14,-35,29,-902,378,-2792
3567941039,3784,31,-30,27,-435,281,-3006
3567942038,3791,46,-5,34,-731,312,-3104
3567943038,3799,71,21,27,-420,153,-2721
3567944038,3806,30,67,24,-186,-245,-2440
3567945038,3813,27,69,19,-369,-247,-2529
3567946038,3820,29,62,15,-310,-251,-2574
3567947038,3827,15,70,12,-261,-163,-2160
3567948038,3834,3,95,7,-35,-310,-1656
3567949038,3841,-35,129,-11,193,-356,-1865
3567950038,3848,-33,137,-18,558,177,-2028
3567951038,3855,-6,94,-23,674,287,-1845
3567952038,3862,24,34,-33,705,-386,-1487
3567953038,3868,6,24,-42,878,-346,-1187
3567954038,3875,-24,43,-37,857,-241,-1270
3567955038,3882,-25,33,-41,-239,491,-1569
3567956038,3888,19,-1,-36,82,665,-2107
3567957038,3895,58,-45,-44,412,117,-1821
3567958038,3902,30,-46,-49,337,-412,-1035
3567959038,3910,10,-36,-47,953,-197,-947
3567960038,3917,1,-62,-46,193,-109,-1757
3567961038,3924,33,-112,-47,-250,109,-2256
3567962038,3931,6,-93,-44,-436,-146,-1708
3567963038,3938,-33,-56,-39,-708,-131,-1534
3567964038,3946,-48,-53,-33,89,-165,-1661
3567965038,3953,-18,-51,-22,-268,486,-2698
3567966038,3961,-10,-61,-20,-247,215,-2543
3567967038,3969,-10,-65,-18,-311,-49,-1950
3567968038,3977,-30,-34,-3,-833,917,-2442
3567969038,3985,-11,-29,-9,-770,1031,-3076
3567970038,3993,65,-30,1,-460,828,-3066
3567971038,4001,50,-3,-2,-118,-138,-2277
3567972038,4009,29,14,8,-444,-225,-2115
3567973038,4017,25,26,27,-444,-200,-2440
3567974038,4026,23,29,43,-528,126,-2246
3567975038,4034,13,51,45,-149,-25,-1595
3567976038,4043,-8,63,40,-29,-463,-1504
3567977038,4051,-42,52,45,203,-641,-1959
3567978038,4059,-57,47,43,299,193,-1944
3567979038,4067,-14,36,33,178,1109,-1955
3567980038,4075,57,-17,12,1059,496,-1465
3567981038,4082,40,-39,-2,533,-322,-1685
3567982038,4090,37,-63,2,81,-361,-1977
3567983038,4098,38,-69,8,-34,-468,-1957
3567984038,4105,4,-37,27,-346,-403,-1799
3567985039,4113,-20,4,39,-173,-270,-1564
3567986038,4120,-32,18,54,-234,192,-2018
3567987038,4127,-16,-7,52,-395,299,-2353
3567988038,4134,27,-24,58,-20,994,-2126
3567989038,4142,48,5,40,571,610,-2054
3567990038,4148,42,21,18,1320,241,-2289
3567991038,4155,26,6,2,328,-121,-2462
3567992038,4161,67,-36,-8,331,183,-2699
3567993038,4168,94,-56,-11,150,-156,-2085
3567994038,4174,47,-13,-18,-248,-695,-1452
3567995038,4180,-4,51,4,-902,-340,-2015
3567996038,4187,-14,62,7,-748,-39,-2322
3567997038,4193,-2,68,21,-418,359,-2519
3567998038,4200,-4,70,18,329,590,-1948
3567999038,4206,-18,62,-1,714,619,-1793
3568000038,4213,-27,26,-9,422,672,-2045
3568001038,4219,17,-51,-12,1172,407,-2303
3568002038,4225,64,-112,-11,274,141,-2064
3568003038,4232,41,-73,-17,-38,-407,-1367
3568004038,4238,-27,35,-19,127,-203,-1667
3568005038,4245,-68,57,-16,-627,-855,-2334
3568006038,4252,-56,64,-30,169,76,-2806
3568007038,4259,-4,14,-56,1285,233,-2348
3568008038,4266,-2,-39,-79,1523,-30,-1627
3568009038,4273,6,-67,-92,765,270,-1608
3568010038,4280,9,-71,-84,-384,495,-1880
3568011038,4288,25,-54,-85,-598,725,-2269
3568012038,4295,13,-18,-61,-455,286,-1807
3568013038,4303,7,-17,-48,-93,318,-1634
3568014038,4312,3,-28,-40,-95,202,-1842
3568015038,4320,22,-62,-21,104,139,-1912
3568016038,4329,25,-92,8,-25,86,-1744
3568017038,4338,12,-79,26,-381,-12,-1900
3568018039,4347,8,-76,43,-577,208,-2221
3568019040,4356,12,-75,41,-537,-38,-2288
3568020038,4364,15,-74,52,-554,77,-2242
3568021038,4373,-5,-46,44,-761,-460,-2100
3568022038,4382,-9,4,34,-296,-193,-2347
3568023038,4391,5,19,33,-176,-420,-2256
3568024038,4400,-3,17,25,-314,-528,-2850
3568025038,4408,12,8,22,-293,-340,-2492
3568026038,4416,-8,41,18,-190,-276,-1570
3568027038,4424,-36,85,9,125,328,-1469
3568028038,4432,-18,91,9,-366,987,-2038
3568029038,4440,74,16,1,76,259,-2260
3568030038,4448,53,-20,2,296,-126,-1414
3568031038,4455,43,-42,22,-166,-53,-1272
3568032038,4463,43,-34,18,-303,-39,-2003
3568033038,4470,11,-33,38,-579,-1002,-2335
3568034038,4477,-23,-37,47,186,-480,-1953
3568035038,4484,-35,-23,56,-262,695,-1847
3568036038,4491,26,-59,48,118,849,-1905
3568037038,4498,33,-69,43,323,206,-2229
3568038038,4504,23,-80,43,168,-104,-2386
3568039038,4511,33,-81,45,-183,-214,-2412
3568040038,4517,22,-56,58,-515,-193,-2295
3568041038,4523,-10,-5,54,-813,-286,-2396
3568042038,4529,-10,10,60,-706,-147,-2509
3568043038,4535,-7,41,46,-264,-195,-2450
3568044038,4541,1,28,54,-181,38,-2564
3568045038,4547,23,33,53,542,99,-2321
3568046038,4553,-7,29,48,-369,-273,-2107
3568047038,4559,-9,26,31,-221,141,-2062
3568048038,4565,3,10,26,-144,225,-2241
3568049038,4571,29,-13,19,-67,318,-2178
3568050038,4577,15,-7,21,-17,-45,-1538
3568051038,4583,-11,11,22,308,-350,-1333
3568052038,4589,-19,8,39,-125,119,-1674
3568053038,4596,0,-11,46,100,245,-1972
3568054038,4603,-15,1,54,183,31,-1576
3568055038,4610,-19,-5,66,-27,88,-1288
3568056038,4618,-8,-25,74,-183,502,-1767
3568057038,4626,10,-50,80,-229,535,-2131
3568058038,4634,46,-86,87,-86,127,-1740
3568059038,4642,34,-85,84,-421,-237,-1786
3568060038,4650,31,-78,88,-920,-1179,-1931
3568061038,4658,-43,-23,124,-498,700,-1960
3568062038,4666,17,4,104,-1080,722,-2528
3568063038,4675,68,-6,103,314,331,-2492
3568064038,4683,35,5,95,-27,-466,-2298
3568065038,4692,6,6,118,-151,-125,-2142
3568066038,4701,12,23,131,-290,56,-1860
3568067038,4709,6,38,124,-322,360,-2145
3568068038,4718,13,36,139,-240,82,-1908
3568069038,4727,29,17,129,244,-92,-2196
3568070038,4735,17,0,133,447,-114,-2284
3568071038,4744,2,-12,121,143,-290,-2008
3568072038,4752,7,-36,130,-106,-138,-1945
3568073038,4760,3,-53,118,-124,-48,-1878
3568074038,4768,14,-64,120,-500,106,-1864
3568075038,4776,39,-57,93,72,-172,-1791
3568076038,4783,-10,2,71,506,-986,-1969
3568077038,4790,-22,14,40,1311,-560,-2244
3568078038,4797,-8,11,35,78,-34,-2695
3568079038,4803,43,-56,3,185,-111,-2508
3568080038,4809,47,-81,-13,-97,-300,-1440
3568081038,4816,13,-38,-18,-726,-177,-1472
3568082038,4822,2,-9,-6,-1026,-4,-2389
3568083038,4828,-8,6,4,-625,105,-2345
3568084038,4834,-30,32,17,-304,131,-2008
3568085038,4841,-26,19,21,217,632,-1655
3568086038,4848,-4,-30,29,252,813,-2057
3568087038,4854,6,-38,28,228,530,-2282
3568088038,4861,26,-64,30,-39,468,-2063
3568089038,4867,28,-53,52,-199,234,-1959
3568090038,4874,8,-23,51,-307,281,-2153
3568091038,4881,-2,-6,62,-310,169,-2116
3568092038,4889,9,-3,66,-388,247,-2246
3568093038,4896,14,-10,82,-532,291,-2071
3568094038,4904,20,-16,90,-136,168,-2307
3568095038,4911,2,-11,95,-176,-62,-2240
3568096038,4919,-1,-3,96,219,40,-2186
3568097038,4927,-3,-8,100,-341,304,-2199
3568098038,4935,9,-17,95,-3,186,-2328
3568099038,4943,17,-24,103,175,-34,-1760
3568100038,4952,9,-22,102,-235,-301,-1764
3568101038,4960,15,-36,115,-308,-66,-2054
3568102038,4969,11,-19,111,-66,-77,-2172
3568103038,4977,5,-25,119,-221,-79,-1662
3568104038,4986,4,-32,114,-442,-181,-1752
3568105038,4995,-4,-42,111,-287,147,-2147
3568106038,5003,1,-44,104,283,-77,-1770
3568107038,5012,22,-70,111,-72,317,-1761
3568108038,5020,34,-62,103,-363,-61,-1892
3568109038,5029,30,-52,105,-409,-254,-2016
3568110038,5037,22,-37,106,-562,-522,-2008
3568111038,5045,-2,-20,115,-501,-179,-2159
3568112038,5054,5,-14,122,-348,-223,-2120
3568113038,5062,4,-12,115,-252,12,-2023
3568114038,5070,17,-13,120,-322,52,-1986
3568115038,5078,17,-17,113,-270,-99,-2131
3568116038,5086,29,-8,110,-314,49,-2349
3568117038,5094,24,-6,105,-520,-166,-2380
3568118038,5101,22,-1,108,-387,-403,-2090
3568119038,5109,19,18,116,-288,-528,-1994
3568120038,5116,-20,37,116,-432,-224,-2060
3568121038,5123,-13,54,114,-375,284,-2175
3568122038,5130,21,31,107,115,312,-2269
3568123038,5137,30,10,97,364,-258,-2227
3568124038,5144,15,-1,98,228,-355,-2053
3568125038,5151,4,-20,98,-303,-392,-1920
3568126038,5158,-31,3,97,-344,-158,-2108
3568127038,5165,-26,5,111,-546,43,-2103
3568128038,5172,-12,-5,110,109,6,-2060
3568129038,5179,-34,15,107,91,-45,-2064
3568130038,5186,-28,-5,111,55,483,-2134
3568131038,5193,4,-30,110,354,314,-2040
3568132038,5201,6,-47,107,105,156,-2086
3568133038,5208,13,-57,107,3,11,-1907
3568134038,5215,-2,-55,107,-163,-212,-2017
3568135038,5223,-6,-60,120,-244,-234,-2092
3568136038,5231,-21,-40,122,-268,-164,-1852
3568137038,5239,-24,-28,127,-248,-62,-1751
3568138038,5247,-19,-23,122,-386,100,-1810
3568139038,5255,-12,-26,134,-419,-617,-1849
3568140038,5264,-52,-6,142,50,595,-1676
3568141038,5272,21,-20,122,-29,710,-2362
3568142038,5280,48,-50,128,-22,519,-2205
3568143038,5289,48,-59,107,-23,-13,-1968
3568144038,5298,59,-79,116,-296,-223,-2018
3568145038,5306,40,-48,119,-538,-364,-1883
3568146038,5315,32,-30,126,-600,-327,-1966
3568147038,5324,23,-17,127,-738,-307,-1845
3568148038,5333,8,5,135,-633,-462,-2207
3568149038,5342,-11,18,129,-427,-491,-2253
3568150038,5351,-36,35,107,202,-178,-2278
3568151038,5360,-35,22,117,107,-255,-2017
3568152038,5369,2,-12,90,538,93,-2167
3568153038,5378,-12,-16,76,421,75,-2187
3568154038,5387,32,-48,75,179,161,-1957
3568155038,5395,3,-2,79,-202,119,-2443
3568156038,5404,-22,4,77,-629,-481,-2490
3568157038,5413,-9,15,102,-527,-241,-2246
3568158038,5422,-45,55,115,-130,-141,-2148
3568159038,5432,-39,40,124,370,355,-1929
3568160038,5441,-18,28,119,394,465,-2210
3568161038,5450,12,-19,113,444,294,-2256
3568162038,5458,29,-47,95,531,253,-2158
3568163038,5467,19,-53,108,-254,18,-1982
3568164038,5476,29,-59,90,-274,-74,-1851
3568165038,5484,4,-37,110,-242,-106,-2034
3568166038,5493,9,-29,99,-463,-306,-1837
3568167038,5501,-12,-8,102,-292,-127,-1897
3568168038,5510,-14,1,109,-486,-216,-2145
3568169038,5518,-4,1,107,82,-134,-2196
3568170038,5526,-17,20,107,148,135,-2087
3568171038,5534,-15,1,101,81,68,-2264
3568172038,5542,7,-19,95,301,-4,-2161
3568173038,5550,2,-35,89,-177,-306,-2319
3568174038,5558,2,-32,91,-272,-357,-2025
3568175038,5566,-23,-10,90,-319,-277,-1942
3568176038,5574,-14,-4,105,-498,59,-2147
3568177038,5582,-24,19,106,-82,135,-1913
3568178038,5590,-21,11,109,-126,466,-1919
3568179038,5598,8,-10,108,72,514,-2026
3568180038,5607,14,-23,107,103,254,-1848
3568181038,5615,13,-30,104,-46,40,-1682
3568182038,5623,15,-25,112,125,179,-1943
3568183038,5631,15,-32,113,-346,167,-1821
3568184038,5639,27,-51,114,0,94,-1885
3568185038,5648,23,-43,113,-175,-185,-1839
3568186038,5656,16,-36,120,-136,-87,-1909
3568187038,5665,5,-27,117,-387,-125,-2199
3568188038,5673,3,-30,125,-237,-203,-2321
3568189038,5682,-2,-21,115,-97,-215,-2100
3568190038,5691,-21,-15,113,-326,-24,-2163
3568191038,5699,-5,-14,110,-128,64,-2431
3568192038,5708,-13,5,116,-416,-121,-2440
3568193038,5717,-13,13,116,-430,32,-2416
3568194038,5726,-14,31,111,-122,-215,-2369
3568195038,5735,-24,38,113,-126,-109,-2268
3568196038,5744,-17,41,110,-25,26,-2173
3568197038,5753,-16,39,109,8,-153,-2124
3568198038,5762,-11,24,119,-101,-165,-2000
3568199038,5772,-27,41,113,-139,345,-1990
3568200038,5781,23,-1,107,95,339,-2220
3568201038,5790,4,5,101,504,-39,-2238
3568202038,5800,-6,-6,100,-36,-291,-2093
3568203038,5809,26,-26,102,-16,33,-1923
3568204038,5818,-16,-5,111,-197,-339,-1982
3568205038,5828,-16,-11,115,-278,-327,-1768
3568206038,5837,-25,-5,115,-193,-213,-1652
3568207038,5846,-41,8,119,-266,-397,-1828
3568208038,5856,-56,19,116,93,355,-2012
3568209038,5865,-39,13,109,-256,450,-2049
3568210038,5874,8,-24,94,461,783,-2057
3568211038,5883,2,-36,89,661,-71,-1887
3568212038,5892,19,-65,87,24,186,-1709
3568213038,5901,23,-51,94,-141,41,-1567
3568214038,5910,23,-35,96,-480,-414,-1994
3568215038,5919,9,-8,106,-599,-113,-1940
3568216038,5928,-8,31,106,-61,168,-1932
3568217038,5937,23,7,112,405,-241,-2164
3568218038,5946,14,-4,103,523,-11,-2107
3568219038,5955,28,-36,98,215,166,-2143
3568220038,5964,40,-45,99,-28,121,-2174
3568221038,5973,29,-45,100,-482,-43,-2110
3568222038,5981,6,-33,96,-597,-156,-2018
3568223038,5990,-10,0,95,-348,-468,-2127
3568224038,5999,-15,5,105,-308,-531,-2415
3568225038,6007,-36,20,101,67,-213,-2220
3568226038,6016,-28,16,104,23,-206,-2382
3568227038,6025,-25,15,101,38,324,-2202
3568228038,6033,6,-5,92,-2,487,-2296
3568229038,6042,10,-11,90,7,251,-2333
3568230038,6050,5,1,80,-187,127,-2362
3568231038,6059,-4,3,86,-422,-189,-2291
3568232038,6067,-19,30,79,-134,-273,-2337
3568233038,6076,-32,45,91,-145,-402,-1900
3568234038,6084,-35,47,89,-105,-145,-1802
3568235038,6093,-26,47,98,218,-36,-2156
3568236038,6102,-22,35,88,473,650,-1915
3568237038,6111,23,10,72,569,544,-1833
3568238038,6120,41,-7,70,363,512,-2081
3568239038,6129,61,-41,67,-262,155,-2040
3568240038,6138,30,-35,84,-330,-613,-1495
3568241038,6147,-12,-4,90,-513,-588,-1594
3568242038,6156,-31,25,107,-505,149,-1853
3568243038,6165,-14,30,101,-85,472,-1780
3568244038,6175,4,17,98,583,301,-1749
3568245038,6184,29,-25,94,682,161,-1759
3568246038,6194,21,-36,87,615,59,-1998
3568247038,6203,5,-45,92,3,18,-2051
3568248038,6213,25,-49,97,-105,293,-2175
3568249038,6222,19,-50,90,-274,47,-1914
3568250038,6232,17,-36,93,-237,141,-1920
3568251040,6242,8,-20,104,-561,-47,-2168
3568252038,6251,8,-10,104,-434,-191,-2231
3568253038,6261,-24,18,110,-254,-178,-2468
3568254038,6271,18,5,118,-189,250,-2608
3568255038,6281,5,18,103,210,24,-2622
3568256038,6290,-3,11,96,-28,-113,-2574
3568257038,6300,7,-6,96,-147,21,-2559
3568258038,6309,-9,8,86,-591,-173,-2236
3568259038,6318,-10,28,92,-326,-233,-1913
3568260038,6328,-53,76,92,-452,-341,-2072
3568261038,6337,-39,77,92,176,283,-2182
3568262038,6346,-13,56,80,823,103,-2196
3568263038,6355,19,23,52,798,65,-2145
3568264038,6364,6,12,54,887,-352,-1593
3568265038,6373,-11,9,48,386,-514,-1466
3568266038,6382,-6,-6,58,-7,-182,-1717
3568267038,6390,-17,-3,42,177,-671,-1800
3568268038,6399,-56,1,60,102,-61,-1591
3568269038,6408,-31,4,53,288,667,-1970
3568270038,6417,-8,-12,54,175,419,-2075
3568271038,6426,-2,-50,47,662,-23,-1969
3568272038,6434,9,-82,48,65,273,-2001
3568273038,6443,14,-96,60,-437,36,-1798
3568274038,6452,5,-75,65,-547,80,-1920
3568275038,6461,-7,-46,72,-740,91,-2012
3568276040,6470,-7,-10,84,-652,40,-2316
3568277038,6479,-5,18,92,-147,-181,-2369
3568278038,6488,-10,34,89,-116,425,-2246
3568279038,6497,7,34,93,71,314,-2333
3568280038,6506,41,3,83,280,126,-2352
3568281038,6514,27,-16,79,-230,-380,-1960
3568282038,6523,0,18,83,-495,264,-1988
3568283038,6532,18,40,84,-602,59,-2290
3568284038,6541,19,47,86,-312,-245,-2075
3568285038,6550,-9,76,87,-116,-471,-2204
3568286038,6560,-15,79,94,-75,-61,-2069
3568287038,6569,-2,69,103,29,123,-1887
3568288038,6578,-3,58,94,302,3,-1944
3568289038,6587,-14,51,105,176,-27,-1856
3568290038,6596,-14,51,84,351,114,-1886
3568291038,6605,16,13,85,537,250,-2042
3568292038,6614,6,4,75,411,-8,-2021
3568293040,6624,15,4,80,337,16,-2034
3568294038,6633,15,-17,79,430,-155,-1751
3568295038,6642,14,-23,74,115,-348,-2197
3568296038,6651,-3,-33,84,-37,-415,-2139
3568297038,6660,-13,-32,89,-44,-1001,-1863
3568298038,6669,-63,-12,97,391,-551,-1678
3568299038,6678,-68,13,84,-259,782,-2505
3568300038,6687,22,-41,79,564,754,-2341
3568301038,6696,6,-67,55,496,-117,-1979
3568302038,6705,1,-80,60,339,-191,-1912
3568303038,6714,10,-83,52,-244,-532,-1787
3568304038,6722,-32,-49,74,-700,-477,-1767
3568305038,6731,-62,12,85,-606,-24,-2073
3568306038,6740,-18,2,85,-315,367,-2266
3568307038,6749,-4,-6,76,348,271,-2273
3568308038,6758,7,-14,67,337,184,-2050
3568309038,6767,15,-18,69,53,111,-1819
3568310038,6775,30,-40,69,-163,-399,-1984
3568311038,6784,10,-25,81,175,-61,-2161
3568312038,6793,0,-9,65,-431,136,-1963
3568313038,6801,17,-5,60,-444,-68,-1836
3568314038,6810,11,17,81,-502,-309,-2194
3568315038,6819,-24,70,78,-465,421,-2276
3568316038,6828,-1,85,63,344,171,-2110
3568317038,6837,24,62,61,1258,-256,-1863
3568318038,6845,16,37,50,527,-206,-2218
3568319038,6854,22,-4,42,233,-34,-1907
3568320038,6863,32,-11,36,227,-364,-1459
3568321038,6871,-13,14,49,-276,-297,-1544
3568322038,6880,-29,60,58,-724,836,-2489
3568323038,6889,17,34,59,369,536,-2248
3568324038,6898,0,9,46,672,-121,-1772
3568325038,6907,-2,-21,51,708,-39,-1574
3568326038,6916,10,-51,56,339,15,-1729
3568327038,6925,-11,-50,65,193,-31,-1683
3568328038,6934,-15,-36,68,40,322,-1930
3568329038,6943,9,-38,69,-80,323,-2131
3568330040,6953,16,-40,61,-12,140,-2295
3568331038,6962,8,-23,65,116,139,-2202
3568332038,6971,9,-29,58,-203,-53,-2006
3568333038,6980,9,-11,57,1,112,-2414
3568334038,6989,3,-17,55,-138,-25,-2342
3568335038,6998,20,-19,38,277,109,-2363
3568336038,7007,7,-5,36,358,-302,-2280
3568337038,7016,-18,38,29,245,-425,-2164
3568338038,7025,-18,46,25,-185,-331,-2414
3568339038,7034,-3,33,17,184,149,-2391
3568340038,7043,7,32,16,92,144,-1892
3568341038,7052,9,16,11,211,-148,-1750
3568342038,7060,-8,25,9,-448,-169,-2286
3568343038,7069,3,22,12,329,-245,-2207
3568344038,7078,-23,39,23,594,-50,-1887
3568345038,7087,-8,29,23,111,358,-1993
3568346038,7096,8,-5,17,192,-94,-1728
3568347038,7105,3,-15,-5,853,-393,-1626
3568348038,7114,-3,0,20,232,-86,-1519
3568349038,7123,1,-12,-1,-191,332,-2238
3568350038,7132,36,-39,-8,118,292,-2516
3568351038,7141,49,-46,-9,331,-180,-1914
3568352038,7150,35,-52,-12,57,-70,-1628
3568353038,7159,11,-40,1,-474,-377,-2091
3568354038,7168,1,-13,7,-598,-69,-2129
3568355038,7177,-19,14,31,-594,-51,-1866
3568356038,7186,-37,31,37,151,160,-1967
3568357038,7195,-46,25,38,145,326,-2174
3568358038,7204,-5,-3,32,518,646,-2153
3568359038,7213,42,-46,16,693,650,-2077
3568360038,7222,43,-65,12,163,4,-1983
3568361038,7231,24,-38,20,-572,-296,-1983
3568362038,7240,20,-23,36,-760,-220,-1990
3568363038,7249,12,9,46,-888,-292,-1790
3568364038,7258,-22,61,59,-369,-315,-1635
3568365038,7267,-24,90,32,860,-176,-1775
3568366038,7276,-5,76,34,500,257,-1879
3568367038,7285,31,4,6,489,-75,-2605
3568368038,7294,46,-50,7,554,-400,-2184
3568369038,7302,23,-35,2,-94,-860,-1468
3568370038,7310,-33,28,14,-743,282,-2126
3568371039,7319,-35,42,13,-696,350,-2381
3568372038,7327,6,52,17,314,470,-2389
3568373038,7336,16,42,21,682,275,-2099
3568374038,7344,36,-4,18,711,149,-2146
3568375038,7353,19,-1,28,538,-414,-2136
3568376038,7361,6,-21,38,511,-359,-1970
3568377038,7369,3,-29,38,111,-49,-2069
3568378038,7378,-11,-23,31,66,181,-2096
3568379038,7386,6,-30,38,137,691,-1826
3568380038,7394,29,-46,34,60,572,-1822
3568381038,7403,45,-49,35,155,542,-2057
3568382038,7411,52,-51,37,199,-57,-1986
3568383038,7419,23,-50,35,-69,-359,-2187
3568384038,7428,23,-63,33,465,-495,-2377
3568385038,7436,13,-76,38,148,-609,-2354
3568386038,7444,-41,-45,44,-282,-416,-1892
3568387038,7452,-50,-11,41,-567,621,-2000
3568388038,7461,-4,-7,44,-327,588,-2527
3568389038,7469,5,-7,39,107,453,-2571
3568390039,7477,9,-11,44,167,-117,-2162
3568391038,7486,-10,-7,42,-19,-181,-2350
3568392039,7494,-16,12,46,-322,-256,-2424
3568393040,7502,-41,39,57,-82,-246,-1644
3568394038,7510,-59,67,63,-164,514,-1944
3568395038,7519,12,57,48,-94,1030,-2299
3568396038,7527,55,22,33,813,539,-1997
3568397038,7535,37,6,33,116,-77,-1670
3568398038,7544,43,-11,34,288,-342,-1946
3568399038,7552,24,-4,43,189,-603,-1756
3568400038,7560,-13,22,46,341,-584,-1393
3568401038,7568,-26,13,53,308,-21,-1399
3568402038,7577,-16,2,48,344,358,-1967
3568403038,7585,-5,-16,44,414,354,-2055
3568404038,7594,8,-42,41,532,345,-1530
3568405038,7602,19,-76,39,-64,330,-1884
3568406038,7611,19,-73,47,-614,-53,-1903
3568407038,7619,4,-67,58,278,-403,-1900
3568408038,7627,-25,-35,72,-380,312,-1997
3568409038,7636,36,-36,74,-153,634,-2489
3568410038,7644,39,-3,63,635,-6,-2289
3568411038,7653,16,15,62,896,-501,-1912
3568412038,7661,20,4,58,-135,-346,-2425
3568413038,7669,39,-13,59,-46,-467,-3068
3568414038,7677,8,13,55,271,-297,-2197
3568415038,7685,2,19,54,-315,-244,-1902
3568416038,7693,-2,22,55,-239,-108,-2531
3568417038,7701,-21,45,48,-119,-163,-2629
3568418038,7709,-32,63,44,172,-456,-1959
3568419038,7717,-41,63,51,438,-173,-1907
3568420038,7725,-45,64,52,337,762,-2331
3568421038,7733,-17,34,47,218,693,-2039
3568422040,7741,40,-16,54,508,460,-1595
3568423038,7748,24,-16,53,102,-127,-1914
3568424038,7756,1,-6,61,-155,-208,-2130
3568425038,7764,0,-1,66,84,29,-2014
3568426038,7772,12,-21,77,-198,-48,-1977
3568427038,7779,21,-26,75,357,-330,-1831
3568428038,7787,-36,-1,78,737,39,-1360
3568429038,7795,5,-33,64,386,536,-1927
3568430038,7802,39,-64,70,328,547,-2292
3568431038,7810,60,-77,51,559,243,-1977
3568432038,7817,15,-46,43,503,-215,-1449
3568433038,7825,2,-35,44,-163,-95,-1911
3568434038,7832,29,-50,52,-621,-3,-2606
3568435038,7839,47,-52,52,106,106,-2141
3568436038,7847,-4,17,40,449,-238,-1279
3568437040,7855,-12,29,31,673,-25,-1925
3568438038,7862,43,-19,28,501,348,-2866
3568439038,7869,46,-28,29,690,-60,-2958
3568440038,7877,25,-32,23,854,-153,-1602
3568441038,7884,2,-8,28,-88,131,-1575
3568442038,7892,14,-16,32,-472,403,-3136
3568443038,7900,0,-7,44,-204,-147,-2560
3568444038,7908,-5,3,48,12,-230,-2032
3568445038,7916,-22,15,63,-94,-153,-2055
3568446038,7924,-44,25,70,160,102,-2747
3568447038,7931,-35,20,82,375,169,-2104
3568448038,7939,-27,5,79,-349,239,-1880
3568449038,7947,-19,10,79,-456,296,-2197
3568450038,7955,-2,20,74,13,307,-2150
3568451038,7963,-2,31,82,14,199,-1986
3568452038,7971,38,3,83,-5,291,-2009
3568453038,7979,46,-2,88,271,-269,-1747
3568454038,7987,-4,29,74,134,-689,-1367
3568455040,7995,-47,51,58,174,-309,-1702
3568456038,8002,-14,13,48,567,-49,-2120
3568457038,8010,3,-14,53,831,85,-1789
3568458038,8017,8,-15,32,346,211,-1431
3568459038,8024,0,6,28,-8,127,-1368
3568460038,8032,20,-10,36,-24,-239,-2403
3568461038,8039,-20,14,48,124,-412,-2284
3568462038,8046,-26,29,55,126,36,-1789
3568463038,8054,-12,6,66,82,338,-1565
3568464038,8061,21,-11,59,478,406,-2243
3568465038,8068,3,-39,66,253,-121,-2122
3568466038,8075,9,-63,64,-21,202,-1870
3568467038,8082,14,-68,65,130,275,-2204
3568468038,8089,38,-78,62,-426,318,-2661
3568469038,8096,17,-37,60,-460,-131,-2091
3568470038,8103,8,-18,71,-622,-146,-2234
3568471038,8110,8,-4,74,-212,70,-2479
3568472038,8117,-10,15,80,-156,-65,-2576
3568473038,8124,-20,12,75,-1,-515,-1986
3568474038,8130,-36,17,81,180,385,-2153
3568475038,8137,11,1,76,251,419,-2350
3568476038,8144,26,-11,71,300,302,-2254
3568477038,8151,31,-36,74,46,-140,-2107
3568478038,8157,23,-42,77,53,-418,-2268
3568479038,8164,-12,2,88,-224,-379,-1791
3568480038,8171,-25,31,83,-159,-202,-1752
3568481038,8178,-18,35,89,-176,66,-1937
3568482038,8185,-5,26,92,-61,53,-2194
3568483038,8191,-8,9,96,-13,8,-1527
3568484038,8198,-19,24,88,-246,53,-1387
3568485038,8205,-15,19,94,4,276,-1683
3568486038,8212,7,9,91,-37,536,-2480
3568487038,8219,11,-4,90,280,152,-1850
3568488038,8226,14,-12,87,97,64,-1496
3568489038,8233,22,-7,95,-591,127,-2360
3568490038,8240,22,-2,101,-248,-35,-2412
3568491038,8247,13,14,117,-272,-114,-1950
3568492038,8254,3,23,122,-332,-246,-1897
3568493038,8261,-5,22,130,-216,-47,-2196
3568494038,8268,-1,24,129,-25,126,-2245
3568495038,8276,-2,24,121,148,34,-2233
3568496038,8283,15,5,113,526,-85,-2374
3568497038,8290,8,-1,116,440,-549,-2215
3568498038,8297,-16,11,110,87,-464,-1918
3568499038,8304,-20,18,117,-267,-139,-2045
3568500038,8311,-8,23,109,-155,149,-2076
3568501038,8318,1,8,106,-39,-178,-1941
3568502038,8325,-11,30,97,591,-319,-1701
3568503038,8332,-12,24,101,-58,138,-1956
3568504038,8339,16,5,96,38,147,-2415
3568505038,8346,19,-5,99,471,-320,-1920
3568506038,8353,-20,18,96,848,-776,-1473
3568507038,8360,-14,-2,93,324,82,-2022
3568508038,8367,22,-28,104,104,292,-2168
3568509038,8374,28,-37,88,110,297,-1871
3568510038,8381,-1,-10,72,415,-326,-1618
3568511038,8388,-34,5,61,117,-102,-2276
3568512038,8395,-25,-13,63,264,-126,-2467
3568513038,8402,7,-48,69,142,255,-2096
3568514039,8409,-3,-21,59,-170,540,-1167
3568515038,8415,32,-19,61,173,458,-1504
3568516038,8422,12,-23,65,167,-47,-2536
3568517040,8430,19,-47,65,137,196,-2788
3568518038,8437,19,-62,76,111,70,-2120
3568519038,8444,10,-65,75,-48,79,-1959
3568520038,8451,4,-57,87,-128,-235,-2191
3568521038,8458,-8,-59,90,-397,-32,-2235
3568522038,8465,-10,-55,102,-690,239,-2339
3568523038,8473,-6,-34,97,-587,87,-2436
3568524038,8480,0,-16,103,-266,-27,-2447
3568525038,8487,-11,5,107,-442,175,-2599
3568526038,8494,-9,6,107,-121,69,-2626
3568527038,8501,-8,22,101,190,-126,-2222
3568528038,8509,-5,23,97,5,-116,-2125
3568529038,8516,4,26,100,17,-106,-2014
3568530038,8523,-19,56,81,232,-167,-1840
3568531038,8530,-22,58,84,-86,-217,-1915
3568532038,8537,13,38,92,56,92,-1994
3568533038,8543,-6,47,92,16,26,-1825
3568534038,8550,-2,48,86,318,34,-1416
3568535038,8557,-12,49,79,217,-124,-1498
3568536038,8564,-10,26,84,89,-152,-2021
3568537038,8571,-17,16,80,174,-66,-1653
3568538038,8578,-2,7,75,219,95,-1497
3568539038,8585,-1,4,68,189,-23,-1756
3568540038,8591,-3,6,67,476,69,-1787
3568541038,8598,-1,-17,69,400,-147,-2044
3568542038,8605,4,-28,69,253,36,-1921
3568543038,8611,18,-12,76,-115,436,-1903
3568544038,8618,25,-9,78,-257,189,-1853
3568545038,8625,29,9,82,114,-22,-2184
3568546038,8632,12,0,89,135,49,-2464
3568547039,8639,28,-36,91,234,4,-2416
3568548038,8645,17,-49,97,-381,225,-1996
3568549038,8652,26,-50,100,-182,-230,-2238
3568550038,8659,18,-46,109,-492,-159,-2435
3568551038,8666,-8,-27,125,-559,-439,-2191
3568552038,8673,-26,-28,124,-50,-300,-2233
3568553038,8680,-39,-20,130,-627,-237,-2599
3568554038,8687,-31,-35,144,-498,51,-2523
3568555038,8694,-34,-27,144,-307,200,-2325
3568556038,8701,-23,-13,144,-327,-87,-2398
3568557038,8708,-10,-8,150,-88,-85,-2235
3568558038,8714,-11,-4,149,-124,-279,-2424
3568559038,8721,-3,-8,160,-238,-179,-2679
3568560038,8728,4,31,163,-129,-33,-1906
3568561038,8735,-39,76,177,-3,-183,-1602
3568562038,8742,-27,78,186,-1,448,-2139
3568563038,8749,1,61,199,-64,120,-2230
3568564038,8755,22,57,217,1324,30,-1505
3568565038,8762,-37,60,200,53,479,-1297
3568566038,8769,-14,67,212,25,656,-2133
3568567038,8776,-20,64,211,1653,22,-2249
3568568038,8782,3,11,202,1455,211,-1205
3568569038,8789,3,-20,200,960,-79,-945
3568570038,8795,-19,-12,197,315,-110,-1399
3568571038,8801,-19,-29,193,-212,-30,-2026
3568572038,8807,-13,-25,194,392,-159,-2249
3568573038,8813,-27,-20,201,741,-183,-1880
3568574038,8819,-57,-2,194,448,481,-1269
3568575038,8825,21,-49,193,581,1000,-2194
3568576038,8830,48,-54,183,248,748,-2292
3568577038,8836,40,-104,170,-191,-162,-1951
3568578038,8841,65,-139,167,-572,-142,-1727
3568579038,8846,32,-110,157,-786,-406,-2150
3568580038,8850,22,-107,161,-1516,-402,-2679
3568581038,8855,38,-109,155,-948,-168,-2952
3568582038,8860,31,-84,155,-720,-604,-2216
3568583038,8864,-23,-25,143,-500,-525,-1720
3568584038,8868,-14,18,138,-262,434,-2505
3568585038,8873,6,22,133,12,255,-2938
3568586038,8877,33,-3,127,-204,-150,-2978
3568587038,8882,8,3,120,-182,-548,-2322
3568588038,8886,-7,29,122,-302,-508,-2172
3568589038,8891,-26,67,145,-704,-85,-2395
3568590038,8896,-27,81,139,-452,-130,-2489
3568591038,8902,-37,88,156,-108,-152,-2019
3568592038,8907,-30,70,165,168,-83,-1829
3568593038,8913,-18,45,168,100,175,-1749
3568594038,8920,-18,53,153,553,255,-1886
3568595038,8926,-31,53,157,-219,-247,-2011
3568596038,8933,-34,46,140,224,-53,-2134
3568597038,8940,-13,20,130,519,238,-1807
3568598038,8947,-7,0,104,624,31,-1612
3568599038,8954,-16,-20,106,179,-435,-1540
3568600038,8961,-18,-8,95,129,108,-1744
3568601038,8969,-7,-18,98,-340,286,-2405
3568602038,8977,-10,-6,89,243,-260,-2492
3568603038,8985,-37,-11,96,-42,-252,-2148
3568604038,8993,-28,-16,102,383,-149,-1880
3568605038,9002,-24,-27,103,108,162,-2314
3568606038,9011,-21,-54,103,-178,-20,-2237
3568607038,9019,-16,-49,108,-239,144,-1929
3568608038,9028,-21,-40,100,-462,-4,-2004
3568609038,9037,-26,-28,110,-491,-20,-2270
3568610038,9046,-31,-4,109,-271,72,-2212
3568611038,9055,4,-23,110,-55,60,-2002
3568612038,9064,7,-36,105,-231,-165,-1624
3568613038,9072,7,-29,108,-197,-340,-1705
3568614038,9081,-33,-2,93,-928,-688,-1848
3568615038,9089,-29,10,83,-510,-364,-1962
3568616038,9097,-54,35,68,-456,333,-2062
3568617038,9105,-23,16,64,225,609,-1762
3568618038,9113,33,2,33,765,408,-1473
3568619038,9121,32,-7,22,604,-355,-1563
3568620038,9128,0,30,17,892,-534,-1666
3568621040,9136,-7,26,25,-190,-207,-1886
3568622038,9143,33,11,11,259,127,-2158
3568623038,9150,0,23,6,886,-504,-1630
3568624038,9157,-7,13,8,675,-478,-1385
3568625038,9164,12,-5,7,422,393,-2249
3568626038,9170,4,-10,15,161,-65,-2271
3568627038,9177,5,-20,16,-266,151,-2038
3568628038,9184,-3,-12,27,-547,342,-1993
3568629040,9191,-3,-20,35,-406,189,-2600
3568630038,9197,-8,-19,39,-78,86,-2514
3568631038,9204,-39,3,48,-596,33,-2556
3568632038,9211,-21,-11,76,-603,399,-2669
3568633038,9217,-29,22,80,-53,603,-2261
3568634038,9224,-17,15,66,-341,570,-2451
3568635038,9231,31,-22,71,-403,360,-2324
3568636038,9237,34,-27,67,429,-104,-2407
3568637038,9244,-5,-1,78,-6,-354,-2129
3568638038,9251,-8,24,95,-259,-273,-1629
3568639038,9258,-25,45,98,28,-32,-2333
3568640038,9265,-51,59,92,-175,-268,-2599
3568641038,9272,-1,22,104,191,397,-1850
3568642038,9280,1,35,85,739,183,-1540
3568643038,9287,-35,42,62,721,-291,-2443
3568644038,9294,-11,19,64,452,14,-2033
3568645038,9301,-4,-12,44,932,-76,-1679
3568646038,9308,9,-41,33,290,-148,-1369
3568647038,9316,-1,-13,24,-57,-247,-1198
3568648038,9323,-5,-1,45,-609,-340,-1647
3568649038,9331,-10,28,43,-215,-143,-2500
3568650038,9339,-50,49,57,-290,-260,-2437
3568651038,9347,-32,19,63,-179,-248,-1886
3568652038,9355,-52,-1,76,391,265,-1811
3568653038,9363,-57,-13,76,-444,615,-2126
3568654038,9372,11,-44,79,167,1032,-2161
3568655038,9380,39,-78,73,-98,19,-2028
3568656038,9388,16,-76,79,-1012,-309,-2448
3568657038,9396,-16,-2,88,-760,-423,-2209
3568658038,9405,-29,51,100,-798,-13,-2193
3568659038,9413,4,34,96,-435,230,-2262
3568660038,9421,18,24,90,51,142,-2334
3568661038,9430,2,23,89,353,-278,-1654
3568662038,9438,-17,27,87,94,-41,-1545
3568663038,9446,-14,13,90,-258,125,-2163
3568664038,9454,20,-6,78,-20,263,-2405
3568665038,9461,2,-1,70,364,-260,-1530
3568666038,9469,-21,24,64,494,-180,-1323
3568667038,9477,-10,5,69,-178,373,-2338
3568668038,9484,25,-10,60,-13,430,-2398
3568669038,9492,18,1,60,802,-247,-1801
3568670038,9499,-12,9,64,82,-520,-1491
3568671038,9506,-25,25,61,120,194,-2266
3568672038,9513,-46,30,70,-53,66,-2492
3568673038,9521,2,6,63,1,428,-2084
3568674038,9528,11,-14,70,-34,-31,-1897
3568675038,9535,-20,-3,63,113,121,-2025
3568676038,9542,-15,-8,66,-57,312,-2101
3568677038,9549,-1,-8,75,-398,269,-2488
3568678038,9556,16,-32,87,-299,77,-2743
3568679038,9563,-16,7,85,-100,-205,-2194
3568680038,9570,-52,43,81,-51,-156,-2223
3568681038,9577,-57,41,74,-469,403,-2652
3568682038,9584,-18,29,61,739,183,-2786
3568683038,9591,-16,16,54,879,-60,-1990
3568684038,9598,-13,23,49,556,150,-1456
3568685038,9605,-2,1,54,-463,224,-2006
3568686038,9612,6,-1,49,-329,144,-2420
3568687038,9619,-27,37,56,-533,-395,-2038
3568688038,9626,-39,59,60,-108,27,-1665
3568689038,9634,-16,37,66,426,299,-2114
3568690038,9641,2,-2,66,594,311,-1956
3568691038,9649,8,-11,66,243,148,-1475
3568692038,9656,23,-37,78,-32,96,-1210
3568693038,9664,22,-22,75,-361,197,-2040
3568694038,9672,16,-13,96,-470,-229,-2282
3568695038,9680,10,-18,84,43,-213,-1912
3568696038,9688,-1,-19,98,-302,-90,-1728
3568697038,9696,12,-13,92,-136,188,-1777
3568698038,9705,4,-6,80,9,1,-2165
3568699038,9713,18,-3,80,375,-304,-2097
3568700038,9721,19,2,82,-191,-55,-2390
3568701038,9729,0,11,78,-372,-347,-2414
3568702038,9737,0,15,75,-67,115,-1971
3568703038,9745,4,17,84,-249,-126,-1865
3568704038,9753,3,27,86,-265,172,-2133
3568705039,9762,-9,41,77,-24,41,-2146
3568706038,9770,5,26,82,-102,62,-2098
3568707038,9778,8,6,84,-137,-66,-2195
3568708038,9786,7,-1,76,-113,-201,-2190
3568709038,9794,10,3,84,-12,82,-1800
3568710038,9802,2,1,79,-420,70,-1831
3568711038,9810,7,6,79,-280,23,-2256
3568712038,9818,-4,12,78,159,-322,-2052
3568713038,9825,-4,4,74,-165,-499,-1788
3568714038,9833,-40,13,79,103,136,-2201
3568715038,9841,-11,1,62,230,217,-2345
3568716038,9849,5,-22,63,526,4,-2030
3568717038,9856,-21,-29,54,75,-290,-1728
3568718038,9864,-12,-31,58,-75,-253,-2067
3568719038,9871,-31,-26,62,-356,-452,-1887
3568720038,9878,-48,-10,66,-508,-242,-1692
3568721038,9886,-68,23,74,-338,672,-1903
3568722038,9893,0,-8,53,403,707,-2225
3568723038,9901,19,-14,58,248,606,-2079
3568724038,9908,23,-44,50,49,25,-1931
3568725038,9916,21,-53,50,-108,-65,-1941
3568726038,9923,26,-52,62,-447,-71,-1899
3568727038,9931,20,-38,62,-428,14,-1914
3568728038,9938,9,9,57,69,132,-1826
3568729038,9946,0,48,42,904,-108,-1939
3568730038,9954,-14,51,31,894,-149,-2231
3568731038,9961,14,6,9,733,162,-2400
3568732038,9969,31,-34,2,537,-9,-2028
3568733038,9976,33,-33,-11,228,151,-1192
3568734038,9984,3,3,-9,-200,53,-1786
3568735038,9992,-13,30,-11,-263,-188,-2718
3568736038,10000,-30,35,4,-399,60,-2463
3568737038,10008,-18,35,18,-329,617,-2161
3568738038,10016,-4,21,27,39,682,-1933
3568739038,10025,11,7,40,86,387,-2062
3568740038,10034,24,-26,49,67,336,-2460
3568741038,10043,33,-32,63,-79,173,-2306
3568742038,10051,32,-39,76,-296,125,-2215
3568743038,10060,8,-8,70,-731,167,-1953
3568744038,10069,26,10,53,-89,38,-2247
3568745038,10078,14,20,39,976,-749,-2471
3568746038,10087,17,-11,35,374,-348,-2310
3568747038,10096,30,-34,26,79,-483,-1656
3568748038,10104,4,-5,15,-47,-351,-1157
3568749038,10113,-20,31,24,-266,-45,-1917
3568750038,10121,-23,36,11,-95,-66,-2405
3568751039,10130,-6,19,24,128,-297,-2183
3568752038,10138,-48,25,18,188,-103,-1664
3568753040,10147,-31,10,16,145,617,-1932
3568754038,10155,25,-37,30,507,549,-2160
3568755038,10163,39,-42,25,-263,520,-2114
3568756038,10172,24,-53,30,-243,-303,-2031
3568757038,10180,-1,-30,34,-679,-288,-2050
3568758038,10188,-4,-8,47,-598,-47,-2239
3568759038,10196,3,4,47,-223,318,-1864
3568760038,10204,7,10,46,-144,166,-2085
3568761038,10211,24,-11,41,-222,71,-2412
3568762038,10219,22,-21,25,-121,-103,-2294
3568763038,10227,12,-18,33,-277,-116,-2196
3568764038,10234,8,-15,33,-263,-307,-1999
3568765038,10241,-20,-1,40,-421,-138,-2071
3568766038,10249,-10,7,32,71,250,-2034
3568767038,10256,6,2,32,161,112,-2109
3568768038,10264,21,1,39,-113,-39,-2268
3568769038,10271,8,8,35,382,-308,-2322
3568770038,10278,-6,21,39,744,-274,-1885
3568771038,10286,-14,32,31,1081,-437,-1604
3568772038,10293,-13,15,11,527,-171,-2157
3568773038,10300,4,-1,17,-73,-289,-2464
3568774038,10308,-10,-2,12,59,323,-1645
3568775038,10315,0,8,16,-276,605,-1360
3568776038,10322,30,2,14,-236,346,-2110
3568777038,10330,35,1,22,254,70,-2052
3568778038,10338,-3,-4,24,272,-243,-1588
3568779038,10346,1,-13,35,138,361,-1472
3568780038,10354,27,-29,43,259,246,-2139
3568781038,10362,32,-51,49,38,-1,-2174
3568782038,10370,41,-68,57,-69,-18,-1955
3568783038,10378,32,-58,65,-307,-216,-1886
3568784038,10386,-7,-24,76,-746,-222,-2218
3568785038,10395,-16,-10,77,-697,-698,-2473
3568786038,10403,-44,-15,95,446,-252,-1942
3568787038,10412,-103,36,100,24,1379,-2008
3568788038,10420,31,8,54,156,899,-2444
3568789038,10428,77,-36,20,1410,-22,-2369
3568790038,10436,63,-66,33,125,-477,-2492
3568791038,10444,55,-74,27,-932,-537,-2612
3568792038,10452,22,-9,49,-680,-621,-1631
3568793038,10461,-13,53,48,-809,-183,-1914
3568794038,10469,-6,66,66,-444,114,-2615
3568795038,10477,-9,74,66,441,-191,-1962
3568796041,10486,-37,69,57,1171,-100,-1682
3568797038,10494,-13,20,43,921,603,-1968
3568798038,10502,49,-64,28,952,392,-2292
3568799038,10510,46,-88,22,635,-370,-1590
3568800038,10517,27,-84,21,-365,-542,-1483
3568801038,10525,-2,-61,31,-831,-466,-1876
3568802038,10533,-30,1,44,-990,-17,-2295
3568803038,10541,-16,18,53,-533,97,-2101
3568804038,10550,5,7,61,-145,-7,-1977
3568805038,10558,7,16,54,253,29,-2008
3568806038,10566,-23,14,49,249,66,-2071
3568807038,10573,8,-5,43,95,395,-2178
3568808038,10581,40,-35,35,-36,354,-2412
3568809038,10589,47,-37,41,-372,195,-2277
3568810038,10596,12,-5,28,-605,-391,-1886
3568811038,10604,-2,41,21,-550,-42,-2194
3568812038,10612,15,57,18,14,-39,-2650
3568813038,10620,23,55,19,726,-297,-2394
3568814038,10627,-2,62,15,224,-459,-2016
3568815038,10635,-13,56,10,312,-142,-1629
3568816038,10643,-7,34,14,162,234,-2105
3568817038,10650,2,25,7,260,-83,-2125
3568818038,10658,-13,22,18,479,233,-1737
3568819038,10666,0,14,12,373,504,-1660
3568820038,10674,14,-21,12,214,256,-2232
3568821038,10682,28,-59,16,151,-129,-2153
3568822038,10690,7,-55,27,-10,-581,-1901
3568823038,10698,-10,-60,30,-173,-585,-1697
3568824038,10706,-47,-27,47,-451,-201,-2184
3568825038,10715,-48,-16,42,-481,489,-2278
3568826038,10723,11,-32,41,200,494,-2082
3568827038,10731,8,-46,49,360,719,-1723
3568828038,10740,13,-42,48,-87,828,-1957
3568829038,10748,59,-36,22,447,508,-2042
3568830038,10756,47,-19,1,976,-183,-2338
3568831038,10764,25,-10,-1,437,-727,-2228
3568832038,10772,29,-23,-4,197,-778,-2407
3568833038,10780,9,-6,-2,171,-174,-1777
3568834038,10788,2,34,-12,-77,427,-1542
3568835038,10796,5,56,-10,17,222,-1514
3568836038,10804,17,33,-17,-56,296,-2432
3568837038,10813,13,12,-12,375,-244,-2514
3568838038,10821,-13,7,-9,494,17,-1809
3568839038,10829,-26,9,4,-83,549,-1619
3568840038,10837,34,-18,4,400,810,-2388
3568841038,10845,25,-23,3,-14,108,-2532
3568842038,10853,7,-24,-9,195,-135,-2275
3568843038,10861,30,-49,-2,32,-177,-2289
3568844038,10869,39,-57,12,-488,-180,-2582
3568845038,10877,0,5,7,-115,-543,-1922
3568846038,10885,-34,61,-1,262,-200,-1873
3568847038,10892,-52,89,-18,827,-262,-2708
3568848038,10900,-36,58,-47,1039,-87,-2847
3568849040,10908,6,-13,-73,854,-55,-2130
3568850038,10915,5,-28,-90,401,-71,-1472
3568851038,10922,1,-17,-94,-77,239,-1358
3568852038,10929,5,3,-80,-587,282,-1772
3568853038,10936,8,24,-71,-601,21,-2298
3568854038,10944,-24,31,-48,-122,-339,-1832
3568855038,10952,-41,31,-38,296,228,-1365
3568856038,10960,-22,10,-17,-27,858,-1690
3568857038,10967,38,-47,-10,413,718,-2084
3568858038,10975,29,-75,-12,-15,135,-1920
3568859038,10983,28,-74,-1,-480,0,-1968
3568860038,10991,24,-74,2,-390,-144,-2081
3568861038,10999,8,-42,8,-437,73,-2367
3568862038,11006,-14,4,17,-435,113,-2007
3568863038,11014,0,24,7,-495,159,-2007
3568864038,11022,9,11,9,-51,-55,-2326
3568865038,11030,26,5,15,56,-25,-2331
3568866038,11037,4,35,7,350,-104,-1556
3568867038,11045,-31,77,-3,627,-395,-1962
3568868038,11052,-34,79,-1,1011,-153,-2536
3568869038,11060,-10,62,-4,-103,368,-2551
3568870038,11067,41,0,-9,173,218,-1961
3568871038,11075,24,17,-28,26,-38,-1406
3568872038,11082,-18,49,-25,-349,-154,-1929
3568873038,11090,-37,54,-36,1054,-433,-2017
3568874038,11097,-8,21,-30,589,5,-2191
3568875038,11104,37,-12,-36,1155,385,-1609
3568876038,11112,-3,4,-43,1088,-19,-1177
3568877038,11119,-1,-15,-42,430,244,-1826
3568878038,11126,30,-47,-28,-1,195,-2489
3568879038,11133,50,-65,-33,339,214,-2344
3568880038,11141,-5,-25,-31,463,-86,-1438
3568881038,11148,-6,-27,-28,170,-258,-1957
3568882038,11156,7,-45,-15,40,158,-3004
3568883038,11163,13,-50,-7,-275,582,-2844
3568884038,11170,13,-31,-6,-278,469,-1834
3568885038,11178,3,-22,-5,-653,228,-2305
3568886038,11185,18,-20,7,-731,-21,-2874
3568887038,11192,9,-11,10,-203,69,-2428
3568888038,11200,-15,22,12,-419,-146,-1932
3568889038,11207,-18,39,19,-219,-316,-2124
3568890038,11215,-19,31,36,-249,-106,-2235
3568891038,11222,-28,46,38,-203,898,-1928
3568892038,11229,-3,33,33,170,382,-1911
3568893038,11236,24,23,14,670,119,-1704
3568894038,11243,29,-7,11,517,-268,-2246
3568895039,11251,29,-22,20,234,-277,-1831
3568896038,11258,23,-6,31,-549,-537,-1621
3568897038,11265,3,29,40,-585,-238,-1513
3568898038,11272,-47,87,22,-305,-483,-2022
3568899038,11279,-42,84,5,587,-273,-2173
3568900038,11285,-14,10,-14,985,-40,-2316
3568901038,11292,6,-18,-24,1129,-548,-1729
3568902038,11299,1,-51,-18,578,43,-829
3568903038,11305,12,2,-52,135,440,-1537
3568904038,11311,9,32,-60,922,51,-2441
3568905038,11318,-5,28,-78,551,-493,-2881
3568906038,11325,5,-17,-69,709,-473,-3089
3568907038,11331,-4,-30,-69,311,-93,-1972
3568908038,11338,-3,-11,-69,94,778,-1245
3568909038,11344,15,-7,-55,-376,619,-2119
3568910038,11351,27,-15,-51,-362,193,-2829
3568911038,11358,4,-26,-27,-354,0,-2660
3568912038,11365,-19,-15,-14,-552,475,-1879
3568913038,11372,-16,-10,3,-713,721,-2323
3568914038,11380,-5,-8,7,-473,257,-2576
3568915038,11387,12,-30,27,28,382,-2332
3568916038,11395,-1,-40,36,-183,14,-2035
3568917038,11402,2,-39,47,-422,143,-2028
3568918038,11410,8,-19,62,-363,239,-2300
3568919038,11417,13,-8,52,-517,247,-2028
3568920038,11425,7,20,55,135,-175,-1983
3568921038,11432,9,27,48,458,-427,-1986
3568922038,11440,21,-2,67,128,91,-1974
3568923038,11447,25,6,72,-125,99,-1344
3568924038,11454,24,35,75,483,31,-1330
3568925038,11462,-17,88,75,1043,-206,-1736
3568926038,11469,-21,84,76,2301,-607,-2796
3568927038,11476,16,12,76,1722,-155,-1743
3568928038,11483,37,10,96,1023,-7,-1917
3568929038,11490,7,-10,71,883,-286,-1289
3568930038,11497,18,2,102,313,-200,-1686
3568931038,11504,26,-27,99,889,-372,-2238
3568932038,11511,-3,-45,104,608,-368,-2276
3568933038,11517,-6,-47,111,-31,-224,-2024
3568934038,11523,-16,-36,114,188,48,-1920
3568935038,11529,3,-51,125,-249,307,-2718
3568936038,11535,16,-44,135,-604,545,-2550
3568937038,11540,23,-40,115,769,-129,-2430
3568938038,11545,6,-38,82,873,-729,-1841
3568939038,11550,31,-73,77,295,-618,-2559
3568940038,11555,38,-101,53,-106,-833,-2306
3568941038,11559,3,-66,37,-934,-1142,-1972
3568942038,11563,-1,-20,29,-579,-493,-2315
3568943038,11567,-38,30,11,-618,-731,-2374
3568944038,11570,-30,14,0,-642,-451,-2700
3568945038,11574,-31,24,-11,-304,-54,-1992
3568946038,11577,-54,37,-17,-263,290,-1458
3568947038,11581,-59,65,-24,38,115,-1393
3568948038,11585,-13,49,-10,-146,730,-2515
3568949038,11589,9,40,-10,374,549,-2057
3568950038,11593,1,33,-2,287,328,-1158
3568951038,11598,-4,23,-2,58,180,-1138
3568952038,11603,8,11,20,-430,500,-1937
3568953038,11608,16,5,45,-398,130,-2015
3568954038,11614,9,4,61,-105,4,-1487
3568955038,11620,7,1,80,-123,275,-1869
3568956038,11627,-9,8,80,-347,405,-2203
3568957038,11634,12,-1,93,-353,512,-2138
3568958038,11641,-1,20,110,-80,228,-1842
3568959038,11648,-5,9,102,-211,168,-2132
3568960038,11656,-5,-2,108,355,213,-2156
3568961038,11664,13,-21,101,388,308,-2085
3568962038,11672,11,-23,102,257,109,-1817
3568963038,11680,12,-26,111,-227,-180,-1978
3568964038,11688,5,-18,117,-451,-54,-2442
3568965038,11697,4,-11,109,-79,-222,-2552
3568966038,11705,12,-19,114,151,-215,-2168
3568967038,11714,14,-22,101,312,-160,-1910
3568968038,11722,24,-36,97,-127,105,-2370
3568969038,11731,41,-48,94,-435,-25,-2439
3568970038,11739,36,-44,80,-330,-180,-2062
3568971038,11747,12,-10,62,-555,-352,-2050
3568972038,11755,-23,41,41,-597,-372,-2124
3568973038,11762,1,21,42,-408,-287,-2231
3568974038,11770,14,-1,22,616,-489,-1876
3568975038,11777,-6,-8,15,626,-906,-1525
3568976039,11784,-50,2,17,239,-421,-1224
3568977038,11790,-39,20,9,-435,403,-2099
3568978038,11797,-3,5,21,-1,443,-2371
3568979038,11803,-8,11,1,414,-50,-2270
3568980038,11810,-19,-9,10,188,-188,-1743
3568981038,11816,-1,-35,15,-12,277,-1900
3568982038,11822,9,-30,19,-373,667,-2051
3568983038,11828,31,-19,18,-627,166,-1948
3568984038,11834,12,8,24,-335,-201,-2029
3568985038,11840,-6,17,38,-471,227,-2296
3568986038,11846,29,12,41,-151,657,-2232
3568987038,11852,23,17,35,299,105,-1871
3568988038,11857,10,8,38,110,-28,-1930
3568989038,11863,3,-20,42,42,-211,-2213
3568990038,11869,2,-32,44,-136,-46,-2229
3568991038,11875,-16,1,44,-35,-12,-1901
3568992038,11880,-41,16,46,-640,-346,-1910
3568993038,11886,-54,31,52,-339,-144,-2191
3568994038,11892,-24,6,57,10,-65,-2488
3568995038,11899,-31,-4,56,281,-176,-2013
3568996038,11905,-56,14,42,78,404,-1675
3568997038,11911,-33,25,37,597,563,-2002
3568998038,11917,26,-29,31,432,415,-2389
3568999038,11924,36,-43,20,181,-269,-2338
3569000038,11930,14,-36,33,4,-536,-1719
3569001038,11937,-7,-22,34,-266,-136,-1468
3569002038,11944,-2,-4,49,-606,526,-1908
3569003038,11951,31,-13,60,-517,547,-2135
3569004038,11959,33,-10,65,-179,89,-1822
3569005038,11966,1,-9,80,-188,-369,-1762
3569006038,11974,0,-13,81,-117,-103,-1885
3569007038,11982,-17,-19,97,-421,-285,-2204
3569008038,11990,-34,-22,90,-306,310,-1881
3569009038,11998,-12,-31,91,-223,540,-1871
3569010038,12006,7,-40,92,65,127,-1961
3569011038,12014,15,-53,92,-273,96,-2040
3569012038,12022,2,-53,97,-570,-324,-1964
3569013038,12030,-3,-33,108,-871,-568,-2079
3569014038,12038,-29,7,122,-381,-259,-2010
3569015038,12046,-55,37,121,-405,560,-2136
3569016038,12054,7,35,107,-35,732,-2415
3569017038,12062,57,-9,93,415,334,-2176
3569018038,12069,62,-40,88,11,-73,-2126
3569019038,12077,41,-34,92,-573,-441,-2053
3569020038,12084,25,-17,94,-519,-609,-1957
3569021038,12092,-12,14,113,-752,-472,-2160
3569022038,12099,-37,38,119,-510,109,-2305
3569023038,12106,-38,55,114,-83,118,-2138
3569024038,12113,-24,22,106,192,101,-1994
3569025038,12120,-6,0,111,291,150,-1855
3569026038,12127,-15,-11,110,236,-283,-2186
3569027038,12133,-32,-6,112,-21,-19,-2002
3569028038,12140,-10,-16,106,-169,332,-2452
3569029038,12146,5,-18,100,-260,406,-2446
3569030038,12152,5,-14,87,-176,-104,-2015
3569031038,12158,8,-33,101,-598,-364,-2087
3569032038,12164,-7,-7,105,-325,-377,-2127
3569033038,12170,-32,14,107,-234,-269,-2100
3569034038,12176,-34,19,112,-305,183,-2176
3569035038,12182,-10,2,104,-63,372,-2266
3569036038,12188,13,-16,94,339,128,-2010
3569037038,12194,-8,-14,89,284,85,-1499
3569038038,12200,-7,-14,96,-402,55,-1740
3569039038,12206,21,-34,95,-258,88,-1899
3569040038,12212,0,-14,93,-282,16,-1780
3569041038,12218,10,-14,100,-188,107,-1732
3569042038,12224,19,-15,104,67,12,-1902
3569043038,12231,6,-18,119,-499,-228,-2054
3569044038,12238,-9,-13,131,-318,-141,-1869
3569045038,12245,-14,0,129,-184,31,-1883
3569046038,12252,-3,-25,136,-236,403,-2076
3569047038,12259,16,-27,128,157,460,-2130
3569048038,12266,10,-27,133,-70,35,-1982
3569049038,12274,9,-33,135,-336,105,-1917
3569050038,12281,16,-24,139,-220,-54,-2134
3569051038,12289,-17,-2,145,-186,-48,-2106
3569052038,12297,-15,-3,145,-375,38,-2069
3569053038,12305,18,-23,149,-98,-148,-2060
3569054038,12314,-25,10,158,-335,347,-2028
3569055038,12322,33,4,138,-147,505,-2326
3569056038,12330,21,21,136,970,-113,-2310
3569057038,12338,11,2,127,738,-334,-2230
3569058038,12347,47,-44,114,564,-196,-2100
3569059038,12355,-10,-12,106,-66,-587,-1786
3569060038,12363,-6,-9,107,-606,-396,-1758
3569061038,12371,-3,-6,117,-184,-423,-1989
3569062038,12380,-34,30,108,-147,123,-2513
3569063038,12388,-34,41,94,243,-115,-2278
3569064038,12396,-49,27,77,511,-161,-2160
3569065038,12404,-49,8,78,1000,-199,-1862
3569066038,12412,-12,-46,53,408,299,-1963
3569067038,12420,-3,-52,51,204,49,-1928
3569068038,12427,3,-56,49,-116,-19,-2049
3569069038,12435,5,-41,53,-547,33,-2481
3569070038,12443,3,-23,58,-406,78,-2471
3569071038,12451,-10,-4,69,-212,79,-2045
3569072038,12459,-15,-6,82,33,73,-1670
3569073040,12467,-15,-31,80,158,195,-1801
3569074038,12474,-6,-43,84,-343,354,-2003
3569075038,12482,36,-76,88,-127,197,-2007
3569076038,12489,-2,-52,84,-480,-73,-2053
3569077038,12497,8,-52,94,-601,43,-2081
3569078038,12504,-2,-23,104,-506,-135,-2004
3569079038,12512,-16,-7,98,-256,-126,-2099
3569080038,12519,-19,-9,111,-288,-184,-1819
3569081038,12527,-20,-13,113,-278,-125,-1942
3569082038,12534,-23,-12,117,-510,49,-1895
3569083038,12541,-15,10,114,-83,277,-1936
3569084038,12549,-22,22,107,-300,259,-2217
3569085038,12556,15,-5,118,-260,497,-2316
3569086038,12563,28,-6,107,72,146,-2050
3569087038,12570,9,5,112,-407,-32,-1940
3569088038,12578,9,3,110,-257,-54,-1790
3569089038,12585,16,11,122,-561,-121,-1967
3569090038,12592,-12,32,127,-316,-210,-1880
3569091038,12600,-6,31,139,-264,-198,-1789
3569092038,12607,-11,55,133,-19,337,-2156
3569093038,12614,4,46,135,-142,503,-2140
3569094038,12622,49,10,130,78,430,-2341
3569095038,12629,44,2,124,-29,-151,-2238
3569096038,12636,39,-13,130,-210,-484,-1866
3569097038,12644,20,-2,132,-308,-376,-1806
3569098038,12651,-13,25,143,-534,-392,-2002
3569099038,12659,-28,41,150,-431,195,-2080
3569100038,12666,-22,51,148,93,185,-2173
3569101038,12674,0,18,151,326,26,-2194
3569102038,12682,4,11,150,346,206,-2251
3569103038,12690,-2,-1,145,149,131,-2212
3569104038,12697,0,-13,144,140,180,-1999
3569105038,12705,0,-27,142,-179,-28,-2134
3569106038,12713,-2,-28,139,98,-212,-2000
3569107038,12721,-7,-31,145,85,-563,-2105
3569108038,12729,-39,6,165,-172,-110,-1910
3569109038,12737,-25,8,159,140,356,-2116
3569110038,12745,-23,16,162,629,177,-2154
3569111038,12753,-16,-2,156,106,249,-2221
3569112038,12761,13,-43,148,518,305,-1997
3569113038,12769,9,-55,142,465,-120,-1827
3569114038,12777,7,-75,142,-58,-180,-1751
3569115038,12785,2,-56,152,-272,-239,-1819
3569116038,12793,1,-50,155,-662,57,-1860
3569117038,12801,8,-29,154,-497,-283,-2116
3569118038,12809,-4,-16,166,-125,-280,-2148
3569119038,12818,-7,-16,161,-148,493,-2124
3569120038,12826,15,-30,153,5,508,-2012
3569121038,12834,44,-66,151,241,8,-1895
3569122038,12841,28,-75,142,-344,-321,-1900
3569123038,12849,11,-65,150,-900,-218,-1989
3569124038,12857,7,-31,153,-790,-292,-2244
3569125038,12865,-13,-11,152,-843,-87,-2134
3569126038,12872,-14,20,154,-521,166,-2032
3569127038,12880,5,12,152,-168,531,-2121
3569128038,12888,29,-14,138,49,163,-2198
3569129038,12895,30,-32,137,210,48,-2038
3569130038,12903,33,-31,137,-63,-38,-1991
3569131038,12911,32,-24,142,-597,-75,-2190
3569132038,12918,15,14,148,-755,40,-2159
3569133038,12926,25,27,146,-297,135,-1956
3569134038,12934,28,31,147,-161,11,-1966
3569135038,12942,33,26,142,-181,145,-2139
3569136038,12950,42,22,139,-56,230,-2035
3569137038,12957,43,-2,134,-48,-50,-1985
3569138038,12965,42,0,142,-65,-290,-1937
3569139038,12973,19,6,138,-373,-404,-2044
3569140038,12981,-10,34,139,-334,181,-1925
3569141038,12989,4,37,140,-250,556,-2112
3569142038,12997,26,27,127,248,241,-2398
3569143038,13005,24,19,133,0,124,-2241
3569144038,13014,32,5,138,1,75,-1906
3569145038,13022,5,15,139,-121,-399,-1917
3569146038,13031,-14,22,157,-194,-222,-1854
3569147038,13039,-18,32,152,-221,302,-1869
3569148038,13048,-6,31,150,306,299,-1859
3569149038,13057,19,-10,146,544,13,-1842
3569150038,13065,22,-26,137,316,190,-1756
3569151038,13074,28,-38,144,-234,107,-1704
3569152038,13083,37,-48,145,156,-142,-1888
3569153038,13092,23,-30,151,173,-121,-1962
3569154038,13101,29,-49,145,81,-206,-1887
3569155038,13110,18,-48,155,-108,-110,-1575
3569156038,13119,2,-33,157,-25,143,-1745
3569157038,13128,17,-30,150,-2,292,-2085
3569158038,13137,41,-51,157,183,-38,-2218
3569159038,13146,16,-38,156,91,-398,-2064
3569160038,13155,14,-54,143,-56,-615,-2083
3569161038,13163,12,-49,151,-98,-310,-1992
3569162038,13172,-20,-35,148,-348,501,-2122
3569163038,13181,30,-42,133,-333,348,-2218
3569164038,13189,45,-45,127,115,-233,-2320
3569165038,13198,26,-38,130,-94,-350,-2420
3569166038,13206,20,-35,129,-227,-78,-2342
3569167038,13215,28,-40,129,-340,-80,-2264
3569168038,13223,18,-31,127,-343,-76,-2012
3569169038,13232,18,-23,123,-304,-61,-2233
3569170038,13240,20,-19,133,-267,1,-2324
3569171038,13248,11,-11,122,-555,143,-2540
3569172038,13256,27,-7,123,-374,123,-2448
3569173038,13265,14,6,122,-19,-152,-2214
3569174038,13273,24,2,113,-61,150,-2132
3569175038,13281,17,5,115,184,72,-2108
3569176038,13289,27,-5,111,-188,-111,-2253
3569177038,13297,30,-6,121,-262,-247,-1968
3569178038,13305,-5,25,133,-350,-324,-1787
3569179038,13314,-16,49,127,-120,626,-2106
3569180038,13322,9,52,126,-134,726,-2185
3569181038,13330,68,4,126,413,544,-1924
3569182038,13339,59,-9,115,668,-666,-1455
3569183038,13348,26,-18,133,-86,-654,-1436
3569184038,13356,22,-15,137,-180,-418,-1567
3569185038,13365,-8,10,148,-303,72,-1850
3569186038,13373,26,8,147,15,370,-1814
3569187038,13382,25,15,137,171,294,-1882
3569188038,13391,39,-21,136,276,76,-1892
3569189038,13400,45,-36,135,128,38,-1694
3569190038,13409,35,-39,149,-297,-229,-1654
3569191038,13418,6,-29,146,-160,-290,-1854
3569192038,13427,-8,-32,161,-442,-385,-1979
3569193038,13437,-16,-29,153,-132,-405,-1987
3569194038,13446,-52,-9,162,16,-1009,-2000
3569195038,13455,-100,9,176,205,379,-1894
3569196041,13465,-36,-2,160,254,1196,-2323
3569197038,13474,52,-75,139,1142,523,-2166
3569198038,13483,41,-86,126,1059,-37,-2144
3569199038,13492,33,-135,133,-41,-180,-2132
3569200038,13501,31,-122,131,-120,29,-2133
3569201038,13510,20,-63,131,-637,65,-2486
3569202038,13519,23,-52,141,-1009,235,-2612
3569203038,13529,42,-22,140,-695,-37,-3016
3569204038,13538,24,2,150,-239,-46,-2998
3569205038,13547,28,22,146,-183,-144,-2580
3569206038,13556,38,33,139,-371,366,-2925
3569207038,13564,38,33,133,-72,59,-2591
3569208038,13573,34,46,117,208,51,-2343
3569209038,13581,32,18,114,-152,-94,-1974
3569210038,13590,34,11,105,-434,70,-1806
3569211038,13598,26,13,114,-272,-43,-1645
3569212038,13607,7,48,113,-437,-157,-1469
3569213038,13615,7,51,129,-444,-188,-1738
3569214038,13624,-11,66,137,129,-79,-1851
3569215038,13633,-25,62,140,383,114,-1718
3569216038,13641,-6,44,140,560,578,-1496
3569217038,13650,44,-4,123,885,455,-1817
3569218038,13658,61,-44,116,749,115,-1732
3569219038,13667,48,-41,116,183,-197,-1221
3569220038,13675,48,-51,123,-209,40,-1558
3569221038,13684,51,-33,126,-455,9,-1884
3569222038,13693,28,-12,128,-308,-172,-1700
3569223038,13702,4,-12,134,-42,-533,-1660
3569224038,13710,-14,-21,141,369,-697,-1991
3569225038,13719,-31,-22,150,-298,-226,-1729
3569226038,13728,-40,-19,140,69,430,-1723
3569227038,13737,-4,-43,142,88,612,-2202
3569228038,13746,23,-75,132,490,165,-2310
3569229038,13755,5,-90,122,261,87,-2078
3569230038,13764,5,-93,122,252,-23,-2137
3569231038,13773,24,-111,123,-150,-72,-2208
3569232038,13782,5,-91,129,-725,60,-2327
3569233038,13792,5,-42,130,-979,-172,-2798
3569234038,13801,5,-24,146,-1058,-104,-3167
3569235038,13810,-14,37,143,-691,-142,-3091
3569236038,13819,-23,88,148,-407,445,-3047
3569237038,13828,1,75,137,461,399,-1973
3569238038,13837,32,47,115,391,554,-1755
3569239038,13846,36,21,112,476,401,-1530
3569240038,13856,81,-10,100,156,291,-1876
3569241038,13865,69,-3,125,-204,-531,-1918
3569242038,13874,37,33,110,-157,-418,-2314
3569243038,13883,23,46,134,103,-383,-2192
3569244038,13892,18,34,124,123,-285,-2032
3569245038,13902,-19,23,140,185,-115,-1506
3569246038,13911,-4,-9,137,249,-87,-1384
3569247038,13920,-12,-5,128,43,-96,-1698
3569248038,13929,-11,-18,129,141,104,-1578
3569249038,13938,-9,-18,109,560,379,-1907
3569250038,13947,10,-30,102,319,84,-1906
3569251038,13956,39,-59,95,554,-99,-1743
3569252038,13965,-1,-66,95,38,-179,-1668
3569253038,13974,2,-74,101,-134,-486,-1713
3569254038,13983,10,-69,121,-315,-149,-1554
3569255038,13992,-30,-40,125,-379,-152,-1566
3569256038,14001,-27,-18,123,71,251,-2363
3569257038,14010,-9,-15,129,-121,524,-2505
3569258038,14019,33,-46,110,396,517,-2840
3569259038,14028,43,-66,110,184,-108,-2502
3569260038,14037,54,-60,106,-750,-269,-2805
3569261038,14045,20,-7,105,-915,-66,-2763
3569262038,14054,18,17,103,-485,-56,-2449
3569263038,14062,17,49,103,-315,98,-2304
3569264038,14071,2,60,91,-40,-177,-2113
3569265038,14080,5,44,88,417,-484,-1899
3569266038,14088,-9,45,92,262,-59,-1669
3569267038,14097,4,34,89,-106,-153,-2043
3569268038,14106,-1,40,103,502,-49,-2108
3569269038,14114,-6,43,105,394,-190,-1976
3569270038,14123,-2,27,103,391,429,-1915
3569271038,14132,5,15,98,563,258,-1945
3569272038,14141,36,-14,103,457,334,-1540
3569273038,14150,26,-21,97,130,-197,-1569
3569274038,14159,10,-25,106,105,-563,-1589
3569275038,14168,-14,-12,122,-155,441,-1878
3569276038,14177,-5,4,110,-170,568,-1804
3569277038,14186,34,-20,107,635,264,-1759
3569278038,14195,12,-9,102,267,129,-2079
3569279038,14204,51,-28,104,331,-63,-2294
3569280038,14213,39,-23,104,338,-117,-2117
3569281038,14222,31,-23,100,80,-162,-2237
3569282038,14231,30,-23,106,63,-329,-1846
3569283038,14240,13,-4,104,-85,-83,-1799
3569284038,14249,11,-1,102,-17,-90,-2102
3569285038,14258,12,-6,101,149,-287,-2122
3569286039,14267,-2,-6,96,101,-165,-2269
3569287038,14275,-1,-5,93,279,389,-2268
3569288038,14284,27,-27,77,580,405,-2205
3569289039,14293,41,-37,81,306,316,-2314
3569290040,14302,40,-56,75,-176,-5,-2412
3569291038,14310,22,-31,86,-493,-103,-2017
3569292038,14319,10,1,93,-6,-429,-2131
3569293038,14328,-7,12,95,131,-351,-2366
3569294038,14337,-24,15,100,-269,223,-2432
3569295038,14345,3,11,82,169,239,-2275
3569296038,14354,22,-3,79,460,206,-2324
3569297038,14362,35,-21,58,395,58,-2133
3569298038,14371,30,-28,66,141,-189,-2193
3569299038,14379,38,-40,69,-176,-228,-1953
3569300038,14388,-4,17,66,-703,-52,-1868
3569301038,14396,-15,66,50,-373,191,-2188
3569302038,14405,-4,76,48,396,9,-2312
3569303038,14413,-3,48,42,523,-229,-1967
3569304038,14421,-1,22,26,679,73,-1622
3569305038,14430,26,-9,24,431,68,-1379
3569306038,14438,16,-5,24,-1,-150,-1636
3569307038,14446,4,9,25,-311,94,-2180
3569308038,14455,9,30,36,-184,-62,-2229
3569309038,14464,-9,38,37,274,-138,-1966
3569310038,14473,-5,9,52,310,225,-1634
3569311038,14481,10,-8,53,423,293,-1625
3569312038,14490,6,-13,52,544,102,-1939
3569313038,14499,22,-44,58,217,-85,-2318
3569314038,14508,6,-40,65,35,-208,-2158
3569315038,14517,-5,-35,69,-206,-191,-2155
3569316038,14526,-18,-2,66,68,86,-2446
3569317038,14535,-12,4,74,-102,226,-2176
3569318038,14544,2,-14,71,200,130,-2164
3569319038,14553,14,-24,72,-19,-245,-2424
3569320038,14562,-12,-8,71,148,-395,-2108
3569321038,14571,-33,2,69,-81,-233,-1939
3569322038,14579,-18,0,72,117,46,-2298
3569323038,14588,1,-11,66,53,-34,-2460
3569324038,14597,-1,-5,68,109,215,-2079
3569325038,14605,26,-17,61,-49,369,-2127
3569326038,14614,27,-19,64,188,198,-1988
3569327038,14622,23,-18,62,44,-9,-2129
3569328038,14631,25,-22,67,371,-267,-1921
3569329038,14639,7,-16,78,311,-555,-1784
3569330038,14647,-14,-8,78,-62,-369,-1922
3569331039,14656,-27,2,83,-300,261,-2196
3569332038,14664,23,-9,84,328,424,-2217
3569333038,14672,36,-23,72,294,387,-1993
3569334038,14680,35,-13,59,586,147,-1869
3569335038,14687,16,-17,55,112,-297,-1983
3569336038,14695,35,-28,56,81,-294,-2169
3569337038,14702,24,-13,63,150,-214,-2095
3569338038,14710,-16,36,42,635,-385,-1995
3569339038,14717,-36,51,46,523,-134,-1967
3569340038,14725,-3,15,45,-365,25,-2486
3569341038,14732,15,13,43,175,86,-2386
3569342038,14740,-8,46,31,110,-202,-1887
3569343038,14747,-14,59,7,425,327,-2136
3569344038,14754,-19,70,4,1308,212,-2252
3569345038,14761,29,6,-9,771,418,-2469
3569346038,14768,38,0,-19,462,-147,-1715
3569347038,14775,21,-3,-13,-87,-221,-1386
3569348038,14783,-5,21,-3,-387,-335,-1831
3569349038,14790,-8,34,13,-362,-64,-2243
3569350038,14798,-13,50,19,134,271,-2182
3569351038,14805,-11,27,33,133,190,-1687
3569352038,14813,2,-9,25,605,227,-1879
3569353038,14821,-15,-16,35,789,334,-1934
3569354038,14829,9,-40,23,764,254,-1987
3569355038,14837,29,-76,23,342,75,-2249
3569356038,14845,26,-85,30,43,-210,-2177
3569357038,14854,-18,-46,38,-377,-279,-1716
3569358038,14862,-31,-36,44,-632,-400,-1811
3569359038,14871,-29,-7,60,-305,90,-2126
3569360038,14879,-31,21,70,52,170,-2199
3569361038,14888,-30,25,63,624,395,-2043
3569362038,14896,-20,11,59,667,92,-2095
3569363038,14905,17,-45,58,434,220,-2384
3569364038,14913,13,-35,46,77,318,-2248
3569365038,14921,33,-34,44,-10,38,-1981
3569366038,14929,29,-12,49,19,-64,-1998
3569367038,14937,31,-7,55,-342,-117,-2240
3569368038,14945,30,-6,59,-68,-380,-2216
3569369038,14954,5,21,69,481,-328,-1730
3569370038,14962,-4,13,80,164,-212,-1872
3569371038,14969,4,3,81,249,55,-2303
3569372038,14977,-17,13,72,467,-194,-2347
3569373038,14985,-26,4,65,513,-54,-1948
3569374038,14992,-12,-28,75,199,111,-1693
3569375038,14999,-19,-24,71,-188,171,-1759
3569376038,15006,-14,-16,58,663,447,-1924
3569377038,15013,-16,6,51,837,63,-1936
3569378038,15020,9,-17,49,709,-38,-2184
3569379038,15026,9,-27,59,315,-121,-2082
3569380038,15033,7,-4,54,324,-82,-1811
3569381038,15039,-9,0,55,-78,-416,-1680
3569382038,15045,-8,22,49,-10,-31,-2364
3569383038,15051,20,5,48,184,318,-2789
3569384038,15057,34,-5,31,155,-37,-2148
3569385038,15063,31,16,32,557,-81,-2032
3569386038,15069,13,20,30,102,-364,-2044
3569387038,15075,5,13,34,-426,-141,-2414
3569388038,15080,-4,34,46,-383,-132,-2211
3569389038,15086,-22,47,46,-84,-139,-1960
3569390038,15092,-32,56,53,-56,-130,-1825
3569391038,15098,-44,62,51,-170,151,-2291
3569392038,15104,-15,38,60,217,161,-2149
3569393038,15110,-23,25,55,476,-217,-1649
3569394038,15116,-33,19,62,634,79,-1773
3569395038,15123,-7,-12,64,350,354,-1792
3569396038,15129,3,-27,62,257,293,-1898
3569397038,15136,-17,-21,67,-265,-122,-1823
3569398038,15142,-4,-4,64,144,-16,-1649
3569399038,15149,-15,-1,72,481,-444,-1608
3569400038,15156,-8,-25,78,137,134,-2147
3569401038,15163,29,-40,75,463,121,-1753
3569402038,15170,18,-37,65,502,-172,-1540
3569403038,15177,7,-31,60,121,-233,-2113
3569404038,15184,-3,-29,56,114,-65,-2450
3569405038,15191,3,-45,64,-319,-57,-2205
3569406038,15198,-1,-29,56,-256,9,-1513
3569407038,15206,-2,-22,66,-284,255,-1800
3569408038,15213,3,-22,69,-50,314,-1981
3569409038,15220,8,-23,80,-526,592,-2348
3569410038,15228,36,-24,82,-433,244,-2049
3569411038,15235,3,21,72,-141,-280,-1805
3569412038,15243,-24,51,60,-23,46,-2341
3569413038,15250,-12,44,45,1648,-419,-2386
3569414038,15257,32,-27,27,1115,-231,-2531
3569415038,15264,54,-52,3,669,-136,-1851
3569416038,15271,13,-12,6,95,-351,-1194
3569417038,15278,-12,22,2,-372,-333,-1456
3569418038,15284,-16,53,14,-440,431,-2415
3569419038,15291,20,32,25,-75,294,-2303
3569420038,15298,-1,31,26,264,48,-1631
3569421038,15305,-32,23,25,126,634,-1828
3569422038,15311,-32,7,17,1727,493,-1944
3569423038,15318,41,-63,11,905,476,-2687
3569424038,15324,73,-130,10,442,-429,-2222
3569425038,15331,1,-92,7,-137,-962,-1313
3569426038,15337,-18,-68,27,-641,-614,-1536
3569427038,15343,-24,-32,38,-942,-44,-2341
3569428038,15350,-41,-4,53,-890,80,-2997
3569429038,15356,-35,4,60,-453,-15,-2332
3569430038,15362,-40,39,50,287,-8,-2023
3569431038,15369,-59,74,37,718,264,-2121
3569432038,15374,-58,77,20,1225,231,-2508
3569433038,15380,-42,62,-14,1379,546,-2454
3569434038,15385,43,-27,-62,1350,-67,-2019
3569435038,15391,80,-43,-77,1003,-541,-1460
3569436038,15396,43,-39,-89,269,-622,-1498
3569437038,15401,20,-8,-78,-824,-743,-2256
3569438038,15407,-15,64,-57,-808,-392,-2171
3569439038,15413,-40,105,-29,-280,117,-1645
3569440039,15419,-46,93,-36,571,75,-1533
3569441038,15425,-23,61,-19,857,476,-1721
3569442038,15431,9,-2,-29,1204,823,-1736
3569443038,15437,45,-84,-15,589,526,-1865
3569444038,15443,55,-107,-1,35,164,-1796
3569445038,15449,50,-104,8,-640,-93,-1853
3569446038,15456,19,-80,24,-721,-251,-1631
3569447038,15462,-11,-64,53,-1182,-263,-2159
3569448038,15469,-3,-64,72,-680,-228,-2372
3569449038,15476,-24,-56,82,-510,-401,-2114
3569450038,15483,-32,-28,80,94,-211,-2035
3569451038,15490,-64,-3,79,309,-263,-2413
3569452041,15497,-57,-2,51,237,125,-2758
3569453038,15503,-24,-20,34,-92,363,-2701
3569454038,15509,-7,-35,21,176,319,-2299
3569455038,15515,0,-11,9,-411,322,-1892
3569456038,15521,6,28,7,-879,180,-2105
3569457038,15527,4,64,12,-490,-9,-2272
3569458038,15533,3,65,21,-288,2,-1997
3569459038,15539,17,46,29,204,-11,-1861
3569460038,15545,20,39,45,736,-86,-1690
3569461038,15551,1,36,62,286,30,-1579
3569462038,15557,10,5,74,-167,430,-1918
3569463038,15563,21,-11,86,255,187,-2465
3569464038,15569,21,-3,101,198,193,-1990
3569465038,15575,-17,36,130,521,116,-1322
3569466038,15581,-9,7,126,321,462,-2169
3569467038,15587,22,8,167,534,278,-2316
3569468038,15593,10,19,155,427,292,-1799
3569469038,15599,9,7,187,675,-118,-1739
3569470038,15605,-12,6,210,395,-35,-2018
3569471038,15610,15,-20,218,272,6,-2295
3569472038,15616,16,-26,226,346,393,-1957
3569473038,15621,15,-21,229,365,195,-1941
3569474038,15626,16,-23,232,644,-169,-2149
3569475038,15631,8,-28,223,538,-283,-2618
3569476038,15635,29,-55,217,67,-286,-2550
3569477038,15639,21,-77,195,293,-942,-2293
3569478038,15643,1,-96,177,-236,-703,-1977
3569479038,15646,-17,-69,167,-140,-615,-1415
3569480038,15649,-37,-40,148,-532,-186,-2082
3569481038,15651,-27,-35,142,-1601,-134,-2702
3569482038,15654,-12,-24,129,-817,-375,-2719
3569483038,15656,-56,5,114,-320,-757,-2053
3569484038,15658,-61,2,93,-171,46,-2303
3569485038,15660,-9,-31,81,-253,550,-2653
3569486038,15662,8,-36,78,-271,149,-2402
3569487038,15664,-3,-18,75,-514,-399,-1983
3569488038,15666,-36,36,85,-552,-508,-2143
3569489038,15668,-43,71,87,-262,198,-2524
3569490038,15671,-24,70,93,-99,365,-2341
3569491038,15674,-1,35,85,315,272,-1993
3569492038,15678,14,4,94,304,-198,-1366
3569493038,15681,-2,21,104,96,-118,-1410
3569494038,15685,-21,42,99,68,322,-2100
3569495038,15690,0,40,117,99,366,-2303
3569496038,15695,43,-10,112,350,157,-2147
3569497038,15700,14,-5,106,382,-93,-1068
3569498038,15706,-13,11,112,173,33,-1121
3569499038,15712,-4,0,111,119,437,-2177
3569500038,15718,26,-21,119,-99,301,-2526
3569501038,15725,45,-56,127,-59,-53,-1942
3569502038,15732,8,-25,129,-345,49,-1333
3569503038,15739,-7,-18,121,-404,318,-1794
3569504038,15747,-1,-18,115,412,-171,-1998
3569505038,15755,16,-44,106,-176,189,-2331
3569506038,15762,18,-57,104,-484,79,-2180
3569507038,15770,5,-27,113,-256,-193,-1958
3569508038,15779,-28,25,129,-557,83,-2245
3569509038,15787,-36,28,132,183,221,-2580
3569510038,15795,10,21,181,692,908,-2866
3569511038,15804,13,29,156,1107,481,-1563
3569512038,15812,9,50,168,1471,25,-1592
3569513038,15820,-9,39,176,392,93,-1952
3569514038,15828,37,-4,189,60,568,-2874
3569515038,15836,89,-65,186,701,-261,-2286
3569516038,15844,59,-68,171,197,-719,-1837
3569517038,15851,14,-44,169,-162,-612,-2023
3569518038,15857,0,-30,161,-44,-458,-2406
3569519038,15863,14,-31,170,-552,69,-2530
3569520038,15868,19,-28,138,-4,-291,-1672
3569521038,15873,-12,-69,112,-138,-764,-1435
3569522038,15878,-2,-87,108,-257,-209,-1377
3569523038,15881,-7,-91,90,-74,-410,-1393
3569524038,15885,-15,-96,75,-711,-605,-2393
3569525038,15887,-23,-85,63,-631,-758,-2740
3569526038,15889,-62,-75,51,-397,-876,-1736
3569527038,15891,-72,-83,53,-548,-291,-1551
3569528038,15893,-70,-94,46,-945,379,-1773
3569529038,15895,-38,-84,45,-1246,685,-2073
3569530038,15896,-28,-37,39,-613,502,-2562
3569531038,15897,-54,-14,42,-816,-16,-2930
3569532038,15899,-47,14,43,-879,533,-2919
3569533038,15900,7,5,50,-593,984,-2739
3569534038,15902,51,-14,43,-504,519,-2098
3569535038,15904,44,25,44,-491,132,-1598
3569536038,15906,18,50,53,-728,-189,-1604
3569537038,15908,7,78,65,-917,312,-1884
3569538038,15911,14,99,89,-639,479,-2013
3569539038,15915,21,107,105,-3,375,-1728
3569540039,15919,10,109,114,394,465,-1542
3569541038,15923,8,94,121,393,407,-1401
3569542038,15928,31,53,132,487,586,-1535
3569543038,15933,57,15,144,372,242,-1348
3569544038,15939,58,15,143,565,-103,-1340
3569545038,15946,25,27,157,-287,-46,-1499
3569546038,15953,13,32,155,-282,101,-2024
3569547038,15960,30,7,152,-12,113,-2215
3569548038,15968,47,-39,140,82,-146,-2161
3569549038,15976,39,-57,139,-63,111,-1683
3569550038,15984,24,-56,130,280,-317,-1437
3569551038,15993,23,-56,133,-103,73,-2009
3569552038,16001,33,-60,121,-101,51,-2638
3569553038,16010,28,-57,121,60,-108,-2362
3569554038,16019,29,-61,119,26,-178,-2480
3569555038,16028,26,-77,117,-181,-45,-2599
3569556038,16036,27,-81,114,-170,-165,-2765
3569557038,16045,14,-77,118,-370,-390,-2385
3569558038,16054,6,-64,116,-382,-311,-2108
3569559038,16062,4,-58,118,-606,-261,-2453
3569560038,16071,7,-61,105,-581,-226,-2681
3569561038,16079,-8,-44,99,-277,-204,-2432
3569562038,16087,-13,-17,97,-345,-11,-2269
3569563038,16094,-7,-27,84,-486,-244,-2215
3569564038,16101,-2,-34,84,-511,-172,-2245
3569565038,16108,-13,-19,81,-686,-151,-1871
3569566040,16115,-24,-2,61,-1016,-182,-1621
3569567038,16121,-39,25,59,-1014,270,-2098
3569568038,16127,-33,23,57,80,-291,-1843
3569569038,16132,-12,-1,57,122,201,-1676
3569570038,16138,-7,-12,62,-61,40,-1320
3569571038,16143,1,-24,63,-232,101,-1426
3569572038,16148,-9,-22,70,-896,-134,-1704
3569573038,16153,6,-41,84,-529,508,-1990
3569574038,16158,18,-21,74,27,553,-1866
3569575038,16163,6,4,74,415,198,-1398
3569576038,16167,8,-15,85,205,192,-1483
3569577038,16172,31,-37,84,-579,410,-2063
3569578038,16177,44,-36,75,-154,17,-1846
3569579038,16181,23,-15,71,-515,41,-1596
3569580039,16186,50,-27,85,-660,203,-2165
3569581038,16190,46,2,88,-575,203,-2318
3569582038,16195,30,26,96,-807,226,-2141
3569583038,16200,15,57,105,-587,39,-2013
3569584038,16206,30,42,118,-410,297,-2396
3569585038,16211,28,39,118,-192,169,-2357
3569586038,16217,17,41,114,-166,198,-2245
3569587038,16223,25,18,127,-56,-6,-2057
3569588038,16229,11,21,133,-322,-46,-2396
3569589038,16235,5,30,144,-376,53,-2381
3569590038,16242,-18,40,152,-276,237,-2271
3569591038,16249,-9,35,158,134,99,-2285
3569592038,16256,11,7,157,364,346,-2238
3569593038,16264,14,-4,147,223,211,-2217
3569594038,16271,19,-20,141,172,-62,-2262
3569595038,16279,8,-30,144,107,-221,-2185
3569596038,16287,18,-46,156,-208,-133,-2121
3569597038,16295,-3,-21,151,149,-307,-2114
3569598038,16303,-7,-23,155,562,-256,-2051
3569599038,16311,-11,-12,160,376,404,-1781
3569600038,16320,-4,-2,163,21,621,-2516
3569601038,16328,25,-10,147,381,343,-2280
3569602038,16337,40,-38,158,519,207,-2015
3569603038,16345,48,-72,161,287,-163,-1815
3569604038,16354,22,-80,162,-81,-301,-1502
3569605038,16362,20,-70,173,-151,-107,-1339
3569606038,16371,9,-59,179,-494,-138,-1620
3569607038,16379,7,-42,193,-522,-182,-2090
3569608038,16388,-10,-29,194,-419,-216,-1995
3569609038,16396,-20,-53,178,-104,-329,-1953
3569610038,16403,15,-76,192,-382,364,-1693
3569611038,16411,4,-56,169,131,-25,-1618
3569612038,16418,13,-66,159,-231,-217,-2173
3569613038,16425,30,-73,161,-524,-123,-2484
3569614038,16432,26,-58,147,-678,-221,-2490
3569615038,16438,0,-23,148,-790,-576,-1834
3569616038,16444,-1,8,147,-899,-305,-2072
3569617038,16450,12,24,144,-717,-93,-2457
3569618038,16456,15,23,134,-412,-901,-2435
3569619038,16461,-27,36,142,65,-405,-1963
3569620038,16466,-19,46,124,-285,515,-2233
3569621038,16471,53,-1,115,275,1223,-2464
3569622038,16476,53,-18,96,-152,205,-2083
3569623038,16481,62,-37,100,13,-92,-2001
3569624038,16486,62,-41,105,-257,-553,-1739
3569625038,16491,0,-3,117,-845,-500,-2033
3569626038,16496,-5,20,139,-418,-86,-1900
3569627038,16501,-15,34,143,-278,-113,-2026
3569628038,16507,-20,35,149,-20,132,-2213
3569629039,16513,-18,9,147,155,261,-2079
3569630038,16518,-6,-15,138,456,308,-2110
3569631038,16524,32,-46,138,302,586,-2102
3569632038,16531,27,-50,132,-40,73,-2278
3569633038,16537,14,-41,137,-227,-96,-2228
3569634038,16544,33,-39,143,-380,207,-2174
3569635038,16551,18,-12,145,-455,-8,-2351
3569636038,16558,12,6,153,-367,-7,-1959
3569637038,16566,14,14,163,-418,80,-1824
3569638038,16574,21,19,160,-6,-59,-2229
3569639038,16582,19,10,167,153,-107,-2168
3569640038,16590,20,7,155,517,-140,-1929
3569641038,16599,18,-2,159,-253,-81,-2189
3569642038,16607,24,-18,155,154,-77,-2239
3569643038,16616,9,-9,155,115,-226,-1753
3569644038,16625,16,-18,155,-104,-401,-1475
3569645038,16634,-18,2,152,63,-71,-1733
3569646038,16644,-19,10,159,-395,50,-1905
3569647038,16653,10,-18,166,-140,304,-1713
3569648038,16663,20,-18,154,200,-3,-1832
3569649038,16672,3,-25,162,205,79,-1904
3569650038,16681,11,-21,151,-167,521,-2005
3569651038,16691,52,-41,145,40,288,-2227
3569652038,16700,54,-62,129,462,-366,-2056
3569653038,16709,44,-59,119,-173,-371,-1840
3569654038,16718,41,-56,123,-607,-496,-1894
3569655038,16726,32,-45,130,-668,-557,-2080
3569656038,16735,-7,5,128,-782,142,-2303
3569657038,16744,33,-14,126,-352,-212,-2396
3569658038,16752,-10,5,107,403,-119,-2635
3569659038,16760,-14,-1,110,-458,7,-2451
3569660038,16768,17,-39,101,-306,228,-2311
3569661038,16775,5,-27,99,-525,-207,-2275
3569662038,16783,-9,-24,104,-848,-191,-2261
3569663038,16790,-17,5,100,-519,-213,-2200
3569664038,16797,-28,10,105,-573,-124,-2191
3569665038,16805,-7,13,108,-275,216,-2332
3569666038,16812,-25,26,102,-2,107,-2107
3569667038,16819,-2,0,105,47,86,-1963
3569668038,16826,10,-7,109,216,91,-1897
3569669038,16833,-2,-10,103,-31,375,-1908
3569670038,16840,42,-36,104,-30,456,-1749
3569671038,16846,32,-22,102,-150,-88,-1751
3569672038,16853,47,-21,111,-244,15,-1877
3569673038,16860,34,-4,115,-485,-108,-1922
3569674038,16868,33,22,125,-225,-181,-2153
3569675038,16875,29,11,129,-108,-92,-1807
3569676038,16882,18,19,133,-221,-24,-1822
3569677038,16890,19,-6,134,-218,168,-1721
3569678038,16897,29,2,130,123,146,-1765
3569679038,16905,20,-6,134,-343,-336,-1781
3569680038,16913,-6,5,135,-137,-160,-1967
3569681039,16921,-12,23,134,-310,473,-2199
3569682038,16929,10,1,134,-198,362,-2129
3569683038,16937,36,-14,127,234,52,-2006
3569684038,16945,16,-20,137,-207,-393,-2067
3569685038,16954,5,-18,145,-161,-410,-1773
3569686038,16963,-15,6,154,-535,-7,-2017
3569687038,16971,-19,27,149,-131,524,-2225
3569688038,16980,12,12,144,-29,228,-2425
3569689038,16989,22,-8,138,255,239,-2127
3569690038,16998,37,-36,110,160,39,-2423
3569691038,17008,51,-50,115,156,-46,-2214
3569692038,17017,43,-54,112,-238,-377,-1903
3569693038,17026,7,-28,115,-597,-273,-1960
3569694038,17035,-8,8,125,-578,-347,-2247
3569695038,17045,-21,20,116,-148,-302,-2348
3569696038,17054,-32,18,124,-203,-253,-2168
3569697038,17063,-25,8,114,209,235,-2269
3569698038,17073,-6,-25,114,200,401,-2236
3569699038,17082,22,-51,99,118,288,-2022
3569700038,17091,14,-57,99,-343,-98,-2082
3569701038,17101,15,-61,98,-362,-326,-2017
3569702038,17110,-7,-39,105,-565,-217,-2020
3569703038,17119,-33,-10,113,-624,-41,-1887
3569704038,17128,-18,9,106,-168,131,-2071
3569705038,17138,-17,9,111,-252,262,-1945
3569706038,17147,4,-19,105,24,214,-2096
3569707038,17156,11,-23,107,4,-506,-1961
3569708038,17165,-17,-12,113,-34,-207,-1589
3569709038,17174,-25,17,104,-393,766,-2088
3569710038,17182,17,-5,106,-326,725,-2297
3569711038,17191,77,-37,85,252,212,-2014
3569712038,17200,38,-37,91,-365,-431,-1754
3569713038,17209,33,-23,93,-488,-241,-1957
3569714038,17217,22,2,108,-596,62,-1940
3569715038,17226,29,9,105,-508,160,-1960
3569716038,17235,32,16,111,-62,-82,-1801
3569717038,17243,35,15,111,-228,-233,-1969
3569718038,17252,20,20,112,-275,-39,-2078
3569719038,17260,18,19,110,-12,-254,-2157
3569720038,17269,21,13,115,-13,-205,-2031
3569721038,17277,-5,28,114,-114,221,-2013
3569722038,17286,23,12,101,155,62,-1973
3569723038,17294,24,6,103,30,117,-1918
3569724038,17303,17,-11,99,-257,-176,-2170
3569725038,17312,16,-2,102,-279,-351,-2154
3569726038,17320,-11,28,116,-493,-358,-2020
3569727038,17329,-34,55,115,-354,-72,-2304
3569728038,17338,-30,54,118,6,-53,-2353
3569729038,17347,-11,40,111,309,306,-2186
3569730038,17356,5,8,105,216,464,-2093
3569731038,17364,23,-3,98,272,288,-2153
3569732038,17373,28,-8,96,146,-45,-2291
3569733038,17382,23,-8,96,-51,-211,-2319
3569734038,17391,17,-5,97,-127,-606,-2367
3569735038,17400,-8,13,110,-57,-582,-2154
3569736038,17409,-44,45,109,257,244,-2024
3569737038,17418,-28,40,107,-308,534,-2286
3569738038,17428,37,4,101,376,511,-2259
3569739038,17437,14,-13,81,538,-160,-2083
3569740038,17446,9,-38,85,224,-264,-1782
3569741038,17456,-12,-12,87,-122,-313,-1801
3569742038,17465,-28,-10,90,-322,44,-1854
3569743038,17474,-8,-5,89,-96,337,-1816
3569744038,17484,15,1,88,-10,409,-1713
3569745038,17494,32,-19,86,123,121,-1730
3569746038,17504,24,-14,88,378,138,-1861
3569747038,17513,32,-36,101,-216,34,-1681
3569748038,17523,22,-24,89,15,-384,-1599
3569749038,17533,-16,-4,90,-275,-418,-1811
3569750038,17543,18,-22,88,34,-906,-1921
3569751038,17553,-16,-13,101,142,-728,-1724
3569752038,17563,-36,9,91,-414,496,-2168
3569753038,17573,35,-25,82,294,627,-1923
3569754038,17582,47,-41,63,242,-159,-2163
3569755038,17592,38,-46,66,-39,-427,-2329
3569756038,17602,10,-38,68,-371,-517,-2153
3569757038,17611,-13,-12,81,-924,-135,-2259
3569758038,17621,-6,23,84,-779,114,-2315
3569759038,17630,0,46,90,-364,109,-2418
3569760038,17640,-11,55,79,41,-34,-2477
3569761038,17650,-13,46,87,-60,-228,-2575
3569762038,17659,-13,32,81,9,235,-2340
3569763038,17668,-15,55,72,104,425,-2314
3569764039,17678,-19,54,62,351,5,-2331
3569765038,17687,-9,49,48,613,-51,-2222
3569766038,17696,5,21,35,633,-346,-2362
3569767038,17705,-16,19,45,406,-55,-1796
3569768038,17714,-18,36,44,-96,157,-1477
3569769038,17723,-4,35,55,-267,275,-1838
3569770038,17732,2,41,51,174,6,-2250
3569771038,17741,-20,21,60,413,-281,-2040
3569772038,17751,-29,3,64,579,-102,-1704
3569773038,17760,-30,-10,66,191,348,-1818
3569774038,17769,-13,-31,60,-12,117,-1835
3569775038,17778,3,-41,65,275,328,-1647
3569776038,17788,4,-42,52,-179,444,-1841
3569777038,17797,13,-51,51,123,-68,-2085
3569778038,17806,14,-49,51,-10,8,-2030
3569779038,17815,-3,-46,57,104,-392,-1837
3569780038,17825,-23,-20,63,-98,-183,-1743
3569781038,17834,2,-18,73,-416,334,-1867
3569782038,17843,-3,-6,74,24,213,-1768
3569783038,17853,3,0,74,-32,254,-1968
3569784038,17862,23,-18,76,205,1082,-2223
3569785038,17872,87,-33,47,297,524,-2718
3569786038,17881,99,-63,63,336,-174,-2410
3569787038,17891,84,-53,53,-212,-514,-2255
3569788038,17900,42,-31,76,-979,-770,-2480
3569789038,17909,-4,26,90,-916,-441,-2218
3569790038,17919,-35,60,87,-722,-389,-2322
3569791038,17929,-41,77,96,54,-506,-2213
3569792038,17938,-74,105,100,77,352,-2121
3569793038,17948,-39,92,74,342,995,-2298
3569794038,17957,48,20,44,878,511,-2366
3569795038,17966,42,-17,38,324,-305,-1985
3569796038,17975,33,-32,38,-199,-564,-1819
3569797038,17985,2,-17,45,-443,-608,-1675
3569798038,17994,-39,31,63,-690,-488,-1925
3569799038,18003,-46,63,69,-461,-295,-2138
3569800038,18013,-56,73,79,149,-208,-1864
3569801038,18023,-76,71,72,671,-199,-2013
3569802038,18032,-45,52,66,740,712,-1989
3569803038,18042,35,-8,44,1076,936,-1843
3569804038,18051,57,-65,20,620,128,-2010
3569805038,18060,56,-88,19,79,-615,-1677
3569806038,18069,37,-73,24,-361,-779,-1460
3569807038,18078,-30,-9,42,-991,-279,-1748
3569808038,18088,-20,36,54,-597,207,-2086
3569809038,18097,-3,45,49,121,143,-2043
3569810038,18107,-3,41,51,700,-328,-2103
3569811038,18117,-1,-1,51,821,-231,-1773
3569812038,18126,3,-28,52,332,236,-1750
3569813038,18135,11,-44,41,500,671,-1804
3569814038,18145,21,-41,31,-70,500,-2013
3569815038,18154,35,-50,32,120,86,-2148
3569816038,18164,31,-51,24,-22,-231,-2177
3569817038,18173,18,-43,42,-388,-842,-1933
3569818038,18183,-55,11,56,30,-44,-1583
3569819038,18193,-62,39,55,-294,645,-1998
3569820038,18202,24,-14,46,202,506,-2335
3569821038,18212,24,-31,27,535,-20,-2435
3569822038,18221,6,-49,37,59,-84,-2202
3569823038,18231,0,-39,31,-576,-120,-2321
3569824038,18240,7,-12,47,-292,441,-2573
3569825038,18250,-1,12,22,-273,229,-2182
3569826038,18259,20,22,20,89,-67,-2387
3569827038,18269,16,2,29,84,-470,-2474
3569828038,18278,7,-1,28,-333,-172,-2111
3569829038,18288,-4,24,38,-179,-71,-1876
3569830038,18297,-7,54,32,-344,281,-2128
3569831038,18306,10,45,29,95,409,-2423
3569832038,18316,1,39,16,676,-503,-1884
3569833038,18325,-17,24,15,235,-394,-1833
3569834038,18334,-31,28,8,219,24,-1952
3569835038,18344,7,3,12,45,289,-2102
3569836038,18353,14,0,7,58,7,-1722
3569837038,18362,3,-4,8,-5,-157,-1595
3569838038,18371,-11,3,22,-251,-630,-1833
3569839038,18381,-43,26,25,-102,62,-1676
3569840038,18390,-42,48,20,-4,500,-1686
3569841038,18399,10,10,13,683,274,-2187
3569842038,18409,16,-28,8,301,66,-2137
3569843038,18418,17,-55,10,198,-257,-1828
3569844038,18428,-13,-32,9,-682,-466,-1473
3569845038,18437,-24,1,23,-529,178,-1911
3569846038,18446,-36,22,21,-362,77,-2278
3569847038,18456,-10,16,26,135,459,-2148
3569848038,18465,-13,7,10,618,247,-1771
3569849038,18475,15,-22,-5,396,113,-2260
3569850038,18484,16,-35,16,162,18,-2216
3569851038,18494,8,-27,5,-107,6,-2282
3569852038,18503,14,-30,30,-584,105,-2013
3569853038,18513,10,-11,17,8,165,-1946
3569854038,18522,-36,22,19,-276,180,-2253
3569855038,18532,7,13,22,4,280,-2483
3569856038,18541,6,7,15,480,305,-2491
3569857038,18551,8,-12,7,398,-177,-2245
3569858038,18561,4,-13,4,-248,-267,-1959
3569859038,18570,-2,-15,9,-60,156,-2221
3569860038,18579,-16,-1,-7,-249,82,-2341
3569861038,18589,-6,8,4,-364,311,-2322
3569862038,18598,-4,15,2,-121,-124,-2097
3569863038,18608,13,-6,6,-409,-126,-2346
3569864038,18617,-8,36,16,20,90,-1908
3569865038,18627,-18,77,0,512,-30,-1966
3569866038,18636,-29,88,-24,1188,-400,-2135
3569867038,18645,26,37,-58,1825,-360,-2433
3569868038,18654,33,-8,-78,1552,-586,-1854
3569869038,18663,16,-4,-97,618,-436,-1068
3569870038,18672,33,17,-94,-311,260,-1244
3569871038,18681,45,63,-112,-169,-39,-1874
3569872038,18690,8,83,-108,217,-865,-2650
3569873038,18699,-5,66,-91,422,-608,-2242
3569874038,18709,-32,55,-76,-15,58,-1671
3569875038,18718,-27,51,-73,310,705,-1527
3569876038,18728,-8,24,-51,35,521,-1546
3569877038,18737,1,-8,-38,359,510,-1661
3569878038,18747,5,-42,-29,38,515,-1872
3569879038,18757,19,-56,-19,258,299,-1908
3569880038,18767,7,-59,-15,210,-42,-1534
3569881038,18777,5,-67,0,-99,-151,-2040
3569882038,18787,-15,-48,11,227,-245,-2046
3569883038,18797,-35,-41,3,203,-643,-1807
3569884038,18807,-41,-50,9,402,-626,-1792
3569885038,18817,-63,-45,12,376,192,-1937
3569886038,18827,-22,-54,-6,-150,1016,-2061
3569887038,18837,19,-75,-13,149,831,-1900
3569888038,18846,22,-65,-19,396,310,-2005
3569889038,18856,28,-88,-13,-202,-77,-2140
3569890038,18865,15,-68,-6,-174,157,-2320
3569891038,18875,7,-39,2,-265,-70,-2222
3569892038,18884,4,-34,-2,-313,-413,-1875
3569893038,18893,-13,-5,8,-61,-565,-2309
3569894038,18902,-28,-1,15,220,-308,-2699
3569895038,18911,-33,4,7,198,57,-2218
3569896038,18920,-5,-12,4,-148,495,-2355
3569897038,18928,13,-15,-5,102,666,-2531
3569898038,18937,27,-18,-6,-14,292,-2605
3569899038,18945,21,-4,-9,-52,-73,-2189
3569900038,18953,15,4,-9,-138,-216,-2177
3569901038,18962,-8,36,8,-103,-132,-1964
3569902038,18970,-18,45,10,-549,148,-2109
3569903038,18978,25,34,22,-397,445,-1963
3569904038,18986,25,39,13,-159,415,-2140
3569905038,18995,21,36,8,-43,4,-2190
3569906038,19003,19,41,10,172,13,-1929
3569907038,19011,22,24,15,-163,-26,-1871
3569908038,19019,17,16,20,10,45,-1805
3569909038,19027,13,26,3,403,177,-1563
3569910038,19035,34,0,7,16,182,-1800
3569911038,19043,40,2,0,54,-132,-2391
3569912038,19051,26,-1,8,190,-522,-2029
3569913038,19059,-4,14,19,-276,-632,-1389
3569914038,19068,-29,26,29,-264,17,-1685
3569915038,19076,-46,41,35,-282,152,-1871
3569916038,19085,-9,24,35,-64,594,-1691
3569917038,19093,12,-6,26,521,140,-1689
3569918038,19102,-1,-31,29,414,70,-1888
3569919038,19111,-7,-44,29,150,181,-1753
3569920038,19120,0,-50,23,297,102,-1703
3569921038,19129,14,-70,29,-5,-196,-1877
3569922038,19138,-15,-60,37,-76,-94,-1935
3569923038,19147,-15,-53,41,-43,24,-1885
3569924039,19157,-10,-55,43,-329,255,-1824
3569925038,19166,-12,-43,40,-131,283,-1989
3569926038,19175,5,-58,50,-109,143,-2296
3569927038,19185,-6,-49,48,-66,57,-2506
3569928038,19194,8,-71,46,-198,304,-2472
3569929038,19204,14,-66,51,-287,107,-2516
3569930038,19213,7,-49,48,-495,301,-2413
3569931038,19223,5,-24,47,-605,304,-2394
3569932038,19233,12,-16,44,-424,26,-2723
3569933038,19242,13,-8,49,-112,-238,-2587
3569934038,19252,13,6,54,-232,35,-2176
3569935038,19261,4,13,54,-112,100,-2180
3569936038,19270,15,19,47,42,208,-2350
3569937038,19280,38,-7,39,61,98,-1873
3569938038,19289,32,-13,42,360,-40,-1840
3569939038,19298,30,-28,37,-163,-202,-1901
3569940038,19307,26,-32,40,-392,86,-1948
3569941038,19316,12,-20,46,-381,-366,-1684
3569942038,19325,-19,6,51,-292,-28,-1853
3569943038,19334,-16,14,50,-156,260,-2008
3569944038,19343,27,-9,50,-69,417,-2134
3569945038,19352,31,-21,38,368,-308,-1874
3569946038,19361,-4,-27,46,75,-520,-1904
3569947040,19370,-11,-17,49,-556,82,-1964
3569948038,19378,-5,-7,54,-622,88,-2002
3569949038,19387,-15,6,51,-665,-215,-2222
3569950038,19395,-14,20,54,-205,-430,-2218
3569951038,19404,-34,41,60,318,564,-1963
3569952038,19412,-36,52,48,-221,803,-1975
3569953038,19420,58,0,48,176,516,-2250
3569954038,19429,51,-8,35,279,-173,-1871
3569955038,19437,34,-8,52,-325,-91,-1693
3569956038,19445,27,-4,55,-317,-193,-1777
3569957038,19454,12,17,72,-522,-88,-2078
3569958038,19462,-4,20,76,-488,-262,-2016
3569959038,19471,-7,18,76,61,-1065,-1784
3569960038,19480,-77,44,89,-8,633,-2009
3569961038,19488,-50,31,72,216,749,-2374
3569962038,19497,39,-46,73,688,464,-2404
3569963038,19506,22,-46,72,430,-88,-1931
3569964038,19514,3,-50,80,161,89,-1859
3569965038,19523,11,-46,93,-469,233,-2410
3569966038,19532,17,-37,95,-547,102,-2564
3569967038,19541,2,-13,98,-278,-472,-1912
3569968038,19550,-15,-2,114,-141,-453,-2008
3569969038,19559,-19,-7,122,-243,183,-2386
3569970038,19568,-16,-21,117,184,52,-2306
3569971038,19577,-2,-36,118,221,470,-1942
3569972038,19586,14,-55,104,133,234,-1860
3569973038,19595,18,-61,91,-96,374,-2258
3569974038,19604,41,-62,90,7,93,-2113
3569975038,19613,38,-65,89,-52,-138,-1956
3569976038,19622,21,-54,93,-145,-681,-2002
3569977038,19631,-6,-46,106,-131,-223,-2132
3569978038,19640,-7,-30,104,-370,39,-2119
3569979038,19649,5,-27,107,-296,56,-2119
3569980038,19658,5,-22,101,-27,-126,-2345
3569981038,19666,-3,-20,109,-113,0,-2296
3569982038,19675,7,-21,107,-162,96,-2103
3569983038,19684,-3,-23,104,-219,419,-1898
3569984038,19693,5,-9,107,-256,552,-1952
3569985038,19701,34,-16,100,-377,366,-1848
3569986038,19710,54,-35,107,-438,-159,-1919
3569987038,19719,28,1,108,-723,-634,-2070
3569988038,19727,-5,11,105,-112,-955,-1968
3569989038,19736,-26,64,100,362,-637,-1934
3569990038,19744,-14,62,100,334,81,-2300
3569991038,19753,12,14,82,184,400,-2089
3569992038,19761,26,-2,66,192,78,-1396
3569993038,19770,29,-3,71,-100,-215,-1257
3569994038,19778,0,12,70,-435,-52,-1836
3569995038,19787,-16,30,88,-438,49,-2248
3569996038,19795,0,28,91,32,236,-2055
3569997038,19804,18,23,97,113,126,-1938
3569998038,19813,17,13,93,424,-65,-1948
3569999038,19821,23,2,108,205,86,-2253
3570000038,19830,26,-13,115,-261,201,-1968
3570001038,19839,23,-9,109,-54,-189,-1662
3570002038,19848,6,-8,113,-147,-175,-1768
3570003038,19857,11,4,115,-223,309,-2101
3570004038,19866,10,-3,110,326,107,-2049
3570005038,19875,23,-20,102,124,89,-2173
3570006038,19884,27,-22,109,10,-55,-2120
3570007038,19893,5,-14,100,256,-273,-1853
3570008038,19902,2,-16,109,120,-190,-2012
3570009038,19911,-10,-8,117,-259,-368,-2271
3570010038,19920,-24,1,120,200,-95,-1975
3570011038,19930,-48,36,129,14,308,-2025
3570012038,19939,-8,10,123,-90,692,-2250
3570013038,19948,32,-31,101,465,272,-2306
3570014038,19958,27,-40,109,168,-264,-2143
3570015038,19967,13,-26,114,28,-173,-1860
3570016038,19976,6,-12,113,-442,-22,-2007
3570017038,19985,19,2,116,-380,-165,-2442
3570018038,19994,-9,17,126,51,-115,-1775
3570019039,20004,-6,30,119,-4,583,-1843
3570020038,20013,25,10,114,-31,490,-2209
3570021038,20022,49,-16,109,289,309,-2229
3570022038,20031,45,-37,109,-8,-75,-1998
3570023038,20040,44,-27,103,147,-333,-2300
3570024038,20049,20,-19,118,61,-186,-2038
3570025038,20058,16,-4,124,-453,155,-2052
3570026038,20067,17,-8,126,-395,22,-2268
3570027038,20076,30,-5,126,-19,-188,-2040
3570028038,20085,12,-4,140,-253,-312,-2053
3570029038,20094,12,-6,129,-21,-629,-2071
3570030038,20103,-28,18,150,43,-56,-1987
3570031038,20111,-6,14,134,-189,601,-2202
3570032038,20120,37,-21,127,373,406,-2162
3570033038,20129,32,-37,116,68,4,-2094
3570034038,20137,42,-52,120,-179,-130,-2093
3570035038,20146,25,-28,124,-464,-307,-1951
3570036038,20154,-2,2,137,-431,-265,-1863
3570037038,20163,-11,36,139,88,8,-1875
3570038038,20171,16,6,146,117,-20,-2108
3570039038,20180,9,-9,130,403,20,-2191
3570040038,20188,4,-24,131,99,-230,-1943
3570041038,20197,5,-20,132,-83,-85,-1875
3570042038,20205,-12,-16,138,-644,-70,-2030
3570043038,20214,-6,-5,148,-199,-125,-2175
3570044038,20222,-25,8,144,-136,128,-1829
3570045038,20230,-10,7,142,-204,165,-1901
3570046038,20239,-5,2,146,5,-137,-2205
3570047038,20248,3,-2,151,-152,-5,-2167
3570048038,20256,2,6,156,-298,44,-1913
3570049038,20265,16,10,159,-153,-201,-2210
3570050038,20273,9,16,166,-297,-275,-2342
3570051038,20282,3,19,163,-355,-238,-2094
3570052038,20290,3,31,167,-116,-194,-2095
3570053038,20299,-11,43,173,-502,310,-2038
3570054038,20308,28,40,170,-375,380,-1952
3570055038,20317,32,31,167,104,-229,-1781
3570056038,20325,7,31,154,232,-353,-1971
3570057038,20334,9,19,166,-2,-65,-2064
3570058038,20343,21,2,158,2,32,-2121
3570059038,20352,5,10,165,154,34,-1804
3570060038,20361,0,15,162,11,-27,-1861
3570061038,20369,7,1,168,-48,212,-1994
3570062038,20378,36,-13,167,345,212,-1923
3570063038,20387,19,-18,163,104,-148,-1958
3570064038,20396,27,-28,167,136,-90,-2034
3570065038,20405,11,-22,172,-29,-133,-2343
3570066038,20414,16,-29,168,-252,-42,-2484
3570067038,20423,12,-26,172,-158,93,-2191
3570068038,20432,36,-31,164,-332,141,-2439
3570069038,20441,8,-2,160,-269,-9,-2446
3570070038,20450,19,10,172,-608,-388,-2395
3570071038,20458,14,16,166,50,-57,-2296
3570072038,20467,-13,59,166,-322,36,-2557
3570073038,20476,27,34,164,83,219,-2172
3570074038,20485,26,36,151,-151,7,-1888
3570075038,20493,37,31,162,-350,-142,-2009
3570076038,20502,26,56,150,-306,-35,-1976
3570077038,20511,41,49,162,-267,-74,-1818
3570078038,20519,-6,84,160,118,-272,-1811
3570079038,20528,15,60,155,262,-171,-2030
3570080038,20537,1,52,155,354,-159,-1713
3570081038,20545,-18,34,155,198,-198,-1885
3570082038,20554,5,5,160,-3,-13,-1860
3570083038,20563,-19,17,159,-169,-99,-1756
3570084038,20572,-19,16,158,66,-166,-1885
3570085038,20580,-22,17,159,210,-536,-1729
3570086038,20589,-79,28,174,342,296,-1550
3570087038,20598,-29,5,162,124,715,-1969
3570088038,20607,33,-44,163,630,503,-1677
3570089038,20615,33,-48,158,645,150,-1506
3570090038,20624,24,-64,162,28,149,-1784
3570091038,20633,57,-72,157,189,87,-1897
3570092038,20642,29,-59,162,-83,-136,-2002
3570093038,20651,34,-64,162,18,-376,-2127
3570094038,20660,18,-57,172,-233,-512,-2090
3570095038,20669,-4,-44,176,-305,-466,-2228
3570096038,20678,-10,-27,183,-162,-214,-2429
3570097039,20687,-26,15,179,-426,558,-2855
3570098038,20695,2,5,169,-288,622,-3016
3570099038,20704,40,-15,155,182,117,-3029
3570100038,20713,23,-17,144,-268,-309,-2722
3570101038,20721,11,10,141,-701,-593,-2554
3570102038,20730,-18,58,154,-789,-444,-2401
3570103038,20738,-39,95,155,-603,-316,-2378
3570104038,20747,-35,129,166,-154,83,-2273
3570105038,20756,-15,128,164,263,447,-1941
3570106038,20765,9,107,154,555,570,-1864
3570107038,20773,6,103,144,1122,185,-1923
3570108038,20782,34,56,148,912,-46,-1709
3570109038,20791,40,25,145,688,162,-1609
3570110038,20799,20,12,142,70,-194,-1604
3570111038,20808,45,-8,149,197,-337,-1484
3570112038,20817,28,13,151,-72,-271,-1346
3570113038,20825,-34,47,165,84,147,-1599
3570114038,20834,15,34,161,127,308,-1956
3570115038,20843,27,1,156,818,110,-2004
3570116038,20852,11,-19,148,684,-474,-1683
3570117038,20861,10,-57,152,575,-600,-1397
3570118038,20869,-28,-40,159,-302,-116,-1709
3570119038,20878,-23,-28,153,-397,354,-1968
3570120038,20886,-11,-7,161,165,140,-1960
3570121038,20895,-8,-9,156,122,209,-1824
3570122038,20904,0,-13,149,284,230,-2069
3570123038,20912,29,-41,159,198,174,-2245
3570124038,20921,33,-29,159,6,-26,-2031
3570125038,20929,32,-28,163,-240,-255,-2159
3570126038,20938,36,-17,165,-1,-347,-2570
3570127038,20946,6,-8,165,-279,-32,-2663
3570128038,20955,19,-5,159,-202,-190,-2555
3570129038,20963,-2,19,158,-77,-463,-2544
3570130038,20971,-11,22,158,-397,-253,-2242
3570131039,20980,-29,44,161,-247,139,-2276
3570132038,20988,-19,38,157,102,-128,-2332
3570133038,20996,-29,40,152,264,-599,-2351
3570134038,21004,-43,38,156,312,-333,-2136
3570135038,21012,-46,57,156,214,346,-2266
3570136038,21020,-20,46,140,-43,537,-2549
3570137038,21028,46,3,142,451,189,-2158
3570138038,21036,23,15,140,26,-335,-1645
3570139038,21044,12,20,156,-189,-522,-1886
3570140038,21053,-1,32,163,-301,-617,-1912
3570141038,21061,-55,90,174,81,330,-1679
3570142038,21069,-17,67,166,450,525,-1820
3570143038,21077,13,25,153,897,163,-1935
3570144038,21085,16,-1,152,567,27,-1813
3570145039,21094,28,-31,144,-199,59,-1607
3570146039,21102,24,-9,155,-249,-259,-1601
3570147039,21110,-4,37,160,-179,-26,-1643
3570148038,21118,-5,30,163,-343,-112,-1690
3570149038,21126,4,20,156,353,-148,-1986
3570150038,21134,20,-1,161,571,-248,-1548
3570151038,21142,6,-13,165,35,95,-1593
3570152038,21151,24,-24,163,-214,291,-1969
3570153038,21159,15,-15,173,382,-394,-2050
3570154038,21167,6,-23,178,244,-213,-1706
3570155038,21175,-3,-15,174,251,452,-1915
3570156038,21183,23,-17,168,89,308,-2120
3570157038,21191,48,-33,171,452,-27,-2234
3570158038,21200,21,-26,164,272,-77,-2335
3570159038,21208,15,-41,165,-243,-279,-2381
3570160038,21216,-9,-27,171,-219,-475,-2231
3570161038,21224,-38,4,179,-367,-339,-2411
3570162038,21232,-44,7,183,-561,14,-2377
3570163038,21240,-46,35,173,-443,-43,-2710
3570164038,21248,-22,26,169,87,-151,-2609
3570165038,21256,-56,36,169,244,-596,-2290
3570166038,21264,-62,46,155,-180,511,-2399
3570167038,21272,-41,38,152,7,462,-2253
3570168038,21279,-12,27,143,253,370,-1949
3570169038,21287,8,15,146,37,-132,-1844
3570170038,21295,-8,23,133,-415,96,-2128
3570171038,21302,9,18,148,-28,-153,-2111
3570172038,21310,25,20,137,400,42,-1710
3570173038,21318,1,34,146,135,-202,-1613
3570174038,21326,6,16,142,477,-125,-1687
3570175038,21333,-12,2,140,277,-277,-1832
3570176038,21341,-3,-3,153,0,-246,-1727
3570177038,21349,-33,14,143,115,-329,-1512
3570178038,21356,-34,9,153,-359,537,-2063
3570179038,21364,1,20,149,346,517,-2155
3570180038,21372,8,11,139,692,350,-1885
3570181038,21380,34,-31,131,598,130,-2019
3570182038,21388,21,-54,127,236,-154,-2287
3570183038,21396,17,-62,143,-248,-507,-1798
3570184040,21404,-25,-2,154,-381,-389,-1705
3570185038,21411,-32,17,164,-1000,34,-2015
3570186038,21420,-28,38,162,-198,149,-2420
3570187039,21428,-17,36,165,274,-135,-2346
3570188038,21436,-9,19,159,655,149,-1880
3570189039,21444,-21,15,153,332,577,-2082
3570190040,21452,16,-23,141,447,87,-2211
3570191038,21460,48,-52,133,919,31,-2164
3570192038,21468,7,-36,132,-9,-357,-2079
3570193038,21476,19,-33,122,-305,-211,-2313
3570194038,21484,16,-31,136,-607,-486,-2438
3570195038,21492,-16,16,130,-339,-536,-2038
3570196038,21500,-43,45,149,-266,-226,-1910
3570197038,21508,-27,40,144,69,730,-2386
3570198038,21516,25,17,125,580,902,-2294
3570199038,21524,24,-2,108,580,69,-2245
3570200038,21532,23,-21,108,370,-290,-2029
3570201038,21540,19,-22,106,-221,-160,-2175
3570202038,21548,-10,14,109,-653,-67,-1884
3570203038,21555,-6,41,118,-1,-115,-1942
3570204038,21563,-7,48,117,102,-201,-1778
3570205038,21571,-23,40,113,126,75,-2234
3570206038,21579,-14,23,117,196,58,-1849
3570207038,21588,-36,28,118,293,-112,-1541
3570208038,21596,-31,21,119,7,169,-1661
3570209038,21604,-17,6,116,151,161,-2041
3570210038,21612,-17,-6,114,255,-224,-1841
3570211038,21620,-26,-16,120,294,-353,-1580
3570212038,21628,-22,-23,112,-47,-138,-1623
3570213038,21636,-29,-36,113,-271,-177,-1766
3570214038,21644,-34,-20,120,-171,-571,-1590
3570215038,21653,-76,2,136,60,71,-1376
3570216038,21661,-34,-7,124,-159,875,-2264
3570217038,21669,4,-46,121,375,744,-2411
3570218038,21677,37,-75,97,909,14,-2104
3570219038,21685,20,-92,109,65,-60,-1848
3570220038,21693,25,-81,103,-672,136,-2268
3570221038,21701,28,-69,124,-804,79,-2320
3570222038,21709,19,-28,124,-914,116,-2180
3570223038,21718,10,8,147,-768,43,-2010
3570224038,21726,-3,40,142,-825,223,-2546
3570225038,21734,16,54,131,-208,384,-2791
3570226038,21742,22,54,133,263,220,-2371
3570227038,21750,46,26,129,169,6,-2275
3570228038,21758,28,31,119,-116,-287,-2350
3570229038,21766,0,41,112,-536,-291,-2037
3570230038,21774,-5,48,108,-437,-541,-1975
3570231038,21781,-24,66,115,147,-74,-1866
3570232038,21789,-38,99,108,72,740,-2125
3570233038,21797,13,66,101,534,536,-1929
3570234038,21805,27,24,84,876,-132,-1974
3570235038,21813,21,1,91,975,-125,-1892
3570236038,21821,2,-23,89,392,-225,-1716
3570237038,21829,-8,-25,103,9,-233,-1620
3570238038,21837,-29,-2,109,9,-176,-1849
3570239038,21845,-32,0,109,57,-52,-1969
3570240038,21853,-37,-3,118,23,172,-1927
3570241038,21861,-21,-24,112,227,137,-1780
3570242038,21869,-16,-31,108,581,544,-1651
3570243038,21877,20,-69,99,326,364,-2081
3570244038,21885,38,-91,94,450,107,-2118
3570245038,21893,31,-104,90,-57,-689,-1875
3570246038,21901,-10,-82,97,-537,-186,-1883
3570247038,21909,-3,-62,100,-1000,90,-2244
3570248038,21917,10,-42,99,-627,86,-2218
3570249038,21925,7,-24,101,-216,-34,-1984
3570250038,21933,3,-10,96,-65,-604,-1801
3570251038,21941,-28,0,102,127,27,-1946
3570252038,21949,-10,9,88,-512,464,-2398
3570253038,21957,48,-4,85,292,286,-1915
3570254038,21965,49,0,68,360,-74,-1765
3570255038,21973,30,-4,67,-433,-338,-2421
3570256038,21981,38,11,73,-418,-401,-2200
3570257038,21989,14,50,88,-297,-157,-1875
3570258038,21997,-1,73,95,-662,173,-1855
3570259038,22006,20,90,97,-188,99,-2008
3570260038,22014,20,72,99,338,-111,-2077
3570261038,22022,18,40,101,360,-54,-2187
3570262038,22031,18,7,98,252,62,-2252
3570263038,22039,17,8,93,436,123,-2129
3570264038,22047,12,-8,91,153,103,-1863
3570265038,22056,25,-8,90,195,165,-1980
3570266038,22064,9,-6,86,134,-152,-2050
3570267038,22072,11,-5,83,24,-103,-2031
3570268038,22080,-3,-4,86,458,-137,-1895
3570269038,22089,-1,-13,71,415,74,-2297
3570270038,22097,7,-38,71,707,-138,-2157
3570271038,22105,-9,-26,56,808,-382,-2005
3570272038,22113,-7,-40,55,-217,18,-2225
3570273038,22121,7,-52,43,184,185,-2603
3570274038,22129,14,-53,48,548,-51,-2121
3570275038,22137,-5,-29,37,290,-125,-1707
3570276038,22146,-6,-28,37,-70,144,-2183
3570277038,22154,8,-34,27,208,52,-2501
3570278038,22162,13,-41,30,96,15,-2344
3570279038,22170,9,-37,38,-170,15,-1908
3570280038,22178,-6,-19,37,-229,143,-1797
3570281038,22186,-16,-11,47,-493,264,-1869
3570282038,22195,3,-8,50,-206,361,-1876
3570283038,22203,20,-8,50,239,234,-1862
3570284038,22211,8,-10,48,267,-162,-1973
3570285038,22220,13,-9,54,431,-231,-1782
3570286038,22228,8,-4,59,-70,7,-2053
3570287038,22237,14,-15,46,-329,106,-2081
3570288038,22245,13,-10,48,-3,-1,-1705
3570289038,22254,9,0,51,137,-37,-1692
3570290038,22262,10,6,59,-298,-111,-1783
3570291038,22271,-2,3,62,-194,-81,-1814
3570292038,22280,1,15,50,50,432,-1856
3570293038,22288,32,-5,50,290,346,-2111
3570294038,22297,54,-34,33,698,-44,-2095
3570295040,22306,30,-46,43,191,-605,-2081
3570296038,22314,12,-38,25,166,-445,-2169
3570297038,22322,5,-24,42,171,19,-2053
3570298038,22331,6,-12,47,-4,116,-1975
3570299038,22339,3,-11,40,-83,-105,-2193
3570300038,22348,-3,-1,43,455,-126,-1931
3570301038,22356,2,-22,44,94,107,-2360
3570302038,22365,9,-34,36,18,-424,-2388
3570303038,22373,-14,-15,22,597,-210,-2210
3570304038,22381,-20,-4,19,407,-328,-2065
3570305038,22389,3,-39,21,-214,45,-2628
3570306038,22397,30,-59,7,-165,60,-2175
3570307038,22405,-1,-30,15,-324,-126,-1573
3570308038,22413,-2,-16,16,-351,-316,-1655
3570309038,22421,-21,13,23,-243,348,-2591
3570310038,22429,4,8,23,214,573,-2323
3570311038,22437,16,-16,17,409,198,-1690
3570312038,22445,22,-41,13,179,190,-2146
3570313038,22453,12,-58,13,83,-57,-2142
3570314038,22461,5,-44,20,-75,52,-1805
3570315038,22469,9,-26,26,-451,-42,-1772
3570316038,22477,-9,-17,25,-378,204,-2152
3570317038,22485,8,-3,33,-125,171,-2034
3570318038,22493,-7,-1,23,216,-39,-1809
3570319038,22501,17,-31,19,304,-8,-2189
3570320038,22509,4,-50,26,437,-189,-2358
3570321038,22517,-21,-33,26,-55,-408,-1781
3570322038,22525,-10,-37,35,-306,-17,-1743
3570323038,22532,-14,-24,28,-261,116,-2065
3570324038,22540,-27,1,35,-411,233,-2256
3570325038,22548,6,-19,41,-6,46,-1971
3570326038,22556,-13,-10,35,225,-74,-2090
3570327038,22564,-11,-9,46,-274,-28,-2078
3570328038,22572,0,-28,41,96,-33,-1877
3570329038,22580,10,-28,45,53,447,-2019
3570330038,22588,43,-37,35,207,386,-2188
3570331038,22596,40,-37,37,-44,151,-2169
3570332038,22604,41,-36,32,-41,-150,-2135
3570333038,22612,34,-30,44,-123,-73,-1804
3570334038,22620,32,-4,42,-216,82,-1810
3570335038,22628,16,8,49,-413,-22,-1831
3570336038,22636,17,16,45,330,12,-1784
3570337038,22644,16,2,44,131,40,-2016
3570338038,22652,28,-18,32,158,70,-1951
3570339040,22660,-3,-18,35,-82,-236,-1652
3570340038,22667,-9,-14,36,286,38,-1683
3570341038,22675,15,-21,36,-53,459,-1991
3570342038,22683,39,-42,31,55,179,-1948
3570343038,22691,35,-38,26,319,-148,-1838
3570344038,22699,15,-40,42,-378,-310,-2078
3570345038,22707,13,-38,47,-286,-91,-2298
3570346038,22715,12,-8,47,189,75,-2196
3570347038,22723,-5,22,33,940,-119,-2085
3570348038,22731,-16,13,21,794,-211,-2458
3570349038,22739,5,-27,14,343,-101,-2895
3570350038,22747,38,-64,4,332,48,-2781
3570351038,22754,-18,-14,-12,321,-381,-1851
3570352038,22762,-31,26,-20,238,-521,-2180
3570353039,22770,-43,47,-4,256,-256,-2941
3570354038,22777,-57,52,-1,-501,120,-3090
3570355038,22785,-55,62,-13,257,356,-1970
3570356038,22793,-17,24,-13,274,660,-1803
3570357038,22801,4,-4,-12,99,474,-2375
3570358038,22809,2,-30,-14,124,150,-1929
3570359038,22817,5,-27,0,411,48,-1391
3570360038,22825,5,-44,8,-319,209,-1648
3570361038,22833,-1,-29,17,-141,197,-2016
3570362038,22842,-14,-29,18,-15,-307,-1658
3570363038,22850,-6,-35,22,2,-87,-1474
3570364038,22859,-6,-43,30,-257,212,-1795
3570365038,22867,11,-56,20,-271,82,-1892
3570366038,22875,-24,-22,11,130,-260,-1511
3570367040,22884,-24,-29,10,-252,158,-2129
3570368038,22892,4,-52,8,-331,538,-2207
3570369038,22900,16,-51,3,-334,49,-1848
3570370038,22908,-1,-38,-2,-659,26,-1232
3570371038,22916,-2,-13,8,-686,69,-1994
3570372038,22924,-2,-11,10,-640,-227,-2359
3570373038,22933,-11,4,26,-434,-429,-2308
3570374038,22941,-18,17,30,-77,-302,-1719
3570375038,22949,-40,29,36,320,776,-1924
3570376038,22957,15,-1,24,-196,828,-2434
3570377038,22965,56,-35,22,782,600,-2337
3570378038,22973,52,-57,4,495,-798,-1746
3570379038,22981,-18,-44,33,-218,393,-1936
3570380038,22989,31,-15,13,-939,693,-2633
3570381038,22997,57,-32,36,-222,115,-2055
3570382038,23004,27,-4,4,232,-205,-1989
3570383038,23012,19,-21,30,-329,-77,-2420
3570384038,23020,15,-18,16,-156,-290,-2275
3570385038,23028,-20,2,21,-270,-127,-1971
3570386038,23035,-17,3,20,28,9,-1883
3570387038,23043,-9,1,23,-114,88,-2283
3570388038,23050,-8,-2,19,216,202,-2143
3570389038,23058,-5,2,12,428,253,-1941
3570390038,23065,11,-20,11,157,351,-1915
3570391038,23073,32,-37,8,143,51,-2212
3570392038,23080,24,-55,8,110,-390,-2145
3570393038,23088,-12,-19,14,-82,-623,-1650
3570394040,23096,-22,4,30,-100,-352,-1603
3570395038,23103,-40,13,33,-636,-339,-2181
3570396038,23111,-30,31,34,-208,338,-2367
3570397038,23119,-23,31,24,457,496,-1720
3570398040,23127,15,-12,15,312,343,-2092
3570399038,23134,46,-55,11,-102,231,-2588
3570400038,23142,34,-51,10,266,-194,-2336
3570401038,23150,-6,-4,8,-372,-699,-1860
3570402038,23158,-6,31,-9,-127,-377,-2151
3570403038,23165,-2,33,-9,57,-331,-2666
3570404038,23173,0,31,-12,438,-304,-2530
3570405038,23181,-3,15,-14,498,-291,-1693
3570406038,23189,-24,38,-20,149,-285,-1524
3570407038,23197,-33,34,-11,7,154,-2493
3570408038,23205,-21,4,-9,346,200,-2503
3570409038,23214,-24,2,-2,383,184,-2137
3570410038,23222,-6,-32,5,223,-568,-1674
3570411038,23230,-63,-14,26,420,1399,-1936
3570412038,23239,39,-45,27,-286,1055,-2263
3570413038,23247,74,-76,21,875,459,-2385
3570414038,23256,57,-73,20,454,-234,-2174
3570415038,23264,54,-97,36,-175,-22,-2048
3570416038,23272,16,-45,47,-798,-39,-1681
3570417038,23280,3,2,46,-816,295,-1685
3570418038,23289,-17,18,38,443,-694,-1598
3570419038,23297,-16,10,31,301,-62,-2335
3570420038,23305,18,-16,25,741,-122,-1856
3570421038,23313,10,-12,14,746,-135,-1233
3570422038,23320,6,-4,18,172,56,-1821
3570423038,23328,19,-9,4,-195,59,-2427
3570424038,23335,14,-28,8,156,-85,-2374
3570425038,23343,3,-26,22,-240,-214,-1511
3570426038,23351,-16,-11,32,-605,-99,-1630
3570427038,23358,-7,-14,37,-588,-60,-1862
3570428038,23366,-6,0,51,-406,179,-2116
3570429038,23373,4,-14,49,-159,165,-1938
3570430038,23381,15,-27,45,113,146,-2150
3570431038,23388,20,-21,47,-103,282,-2274
3570432038,23396,27,-23,41,217,-97,-2050
3570433038,23403,23,-19,38,375,-322,-1856
3570434038,23410,17,-20,25,197,-381,-2158
3570435038,23417,12,-26,35,101,-332,-2027
3570436038,23424,7,-17,33,-608,-208,-2205
3570437038,23431,-17,4,36,-549,-310,-2220
3570438038,23439,-7,14,49,-531,-612,-2546
3570439038,23446,-86,46,76,-203,-48,-2114
3570440038,23453,-75,72,35,-380,1180,-2442
3570441038,23460,-25,41,41,1211,877,-2204
3570442038,23467,59,-34,0,1032,637,-2592
3570443038,23474,55,-79,18,-12,-69,-2373
3570444038,23482,29,-40,27,-949,-555,-1663
3570445038,23489,17,-17,41,-986,-376,-1657
3570446038,23496,-15,49,49,-786,-148,-2421
3570447038,23504,-42,82,64,-28,-548,-2509
3570448038,23511,-61,90,70,666,87,-1703
3570449038,23519,-21,49,56,784,1059,-1984
3570450038,23527,12,7,46,488,955,-2333
3570451038,23535,60,-44,28,876,221,-1902
3570452038,23542,50,-71,30,179,-127,-1639
3570453038,23550,28,-59,34,-731,-317,-1964
3570454038,23558,10,-45,45,-619,-597,-1584
3570455038,23566,-71,32,65,-430,49,-1214
3570456038,23574,-30,51,61,-641,455,-2050
3570457038,23582,31,12,67,523,271,-2040
3570458038,23590,13,-5,57,731,-94,-1792
3570459038,23598,2,-16,59,259,-131,-1796
3570460038,23607,12,-39,53,129,-77,-1979
3570461038,23614,22,-46,52,-576,52,-1989
3570462038,23622,5,-26,59,-621,60,-1635
3570463038,23631,11,-11,63,-488,-10,-1931
3570464038,23639,23,5,72,-335,91,-2111
3570465038,23647,-9,14,61,-178,-351,-2186
3570466038,23656,11,3,58,631,-329,-2092
3570467038,23664,15,-10,58,575,-61,-2208
3570468038,23672,17,-17,52,73,-250,-2358
3570469038,23680,16,-39,53,112,-204,-2010
3570470038,23687,7,-24,52,-219,-107,-1970
3570471038,23695,9,-10,58,-578,-11,-2260
3570472038,23703,7,-3,56,-152,60,-2132
3570473038,23711,0,17,53,-327,-34,-2180
3570474038,23719,1,-1,65,-101,-84,-2096
3570475038,23727,-5,-2,63,219,-68,-2223
3570476038,23735,-5,-17,67,46,-35,-2003
3570477038,23743,2,-23,66,156,52,-1933
3570478038,23750,7,-34,61,-123,-250,-2181
3570479038,23758,-10,-16,58,-51,-148,-2290
3570480038,23766,-13,0,54,98,-212,-2153
3570481038,23773,13,-7,55,312,6,-2266
3570482038,23781,-12,0,58,-505,-306,-2247
3570483038,23788,-9,4,55,-301,-55,-2132
3570484038,23796,-18,18,66,142,-111,-1908
3570485038,23803,-10,2,51,123,107,-2245
3570486038,23811,-14,1,57,7,150,-2103
3570487038,23818,0,-6,51,-27,-130,-1934
3570488038,23826,-12,-12,59,-216,-66,-1717
3570489039,23834,-13,-7,62,-279,-91,-2174
3570490038,23841,-6,-11,59,-39,-60,-1967
3570491038,23849,-8,-4,66,-41,-218,-1910
3570492038,23857,-22,-6,62,99,124,-2248
3570493038,23864,-6,-15,70,-235,171,-2184
3570494038,23872,3,-20,62,-250,45,-2020
3570495038,23880,-11,-17,72,-549,216,-2316
3570496038,23888,-6,-14,70,-372,72,-2380
3570497038,23896,-3,1,76,-340,-48,-2105
3570498038,23904,-7,26,88,-528,192,-2219
3570499038,23912,7,37,95,-419,418,-2428
3570500038,23920,16,58,92,81,180,-2345
3570501038,23929,16,54,91,98,60,-2387
3570502038,23937,43,24,88,22,95,-2329
3570503038,23945,29,26,89,-173,-221,-1951
3570504038,23953,9,25,86,-456,-224,-1617
3570505038,23961,8,25,87,55,-558,-1745
3570506038,23969,-15,39,88,137,-461,-1833
3570507038,23978,-32,60,90,-513,147,-1905
3570508038,23986,-10,46,79,223,409,-1691
3570509038,23994,-8,46,69,1193,207,-1515
3570510038,24002,36,-17,57,715,230,-1833
3570511038,24010,48,-48,39,485,-370,-1881
3570512038,24018,31,-45,35,223,-492,-1591
3570513038,24026,21,-32,48,-64,-140,-1746
3570514038,24034,7,-12,53,-796,-261,-2257
3570515038,24042,2,2,62,-337,-299,-2266
3570516038,24050,-16,18,72,-241,-622,-1749
3570517038,24058,-48,25,68,254,376,-2509
3570518038,24066,-52,17,65,222,1147,-2796
3570519038,24074,50,-35,43,467,1028,-2612
3570520038,24082,66,-83,35,454,100,-2258
3570521038,24090,27,-76,35,-574,-498,-2379
3570522038,24097,6,-41,51,-1171,-574,-2396
3570523038,24105,-15,-5,60,-1219,-540,-2315
3570524038,24113,-49,56,81,-954,-844,-2189
3570525038,24121,-108,113,95,-535,380,-2307
3570526038,24130,-32,80,88,139,1188,-2346
3570527038,24138,18,34,72,599,762,-2063
3570528038,24146,28,-1,62,955,231,-1888
3570529038,24154,45,-35,69,324,123,-1778
3570530038,24162,17,-28,74,-350,-226,-1906
3570531038,24170,22,-11,78,-604,73,-1884
3570532038,24178,15,-3,82,-579,-298,-1605
3570533038,24186,2,14,94,-503,-292,-1674
3570534038,24195,-14,32,111,-268,-123,-1622
3570535038,24203,-11,37,117,212,66,-1690
3570536038,24212,-6,5,117,347,51,-1774
3570537038,24220,-4,-10,110,378,202,-1936
3570538038,24229,4,-37,109,212,-21,-1938
3570539038,24237,-3,-45,98,-116,-34,-1948
3570540038,24245,-5,-32,112,-494,-79,-1974
3570541038,24253,-14,-24,103,-510,-49,-1913
3570542038,24261,-22,6,121,-358,190,-1978
3570543038,24270,-15,13,118,-98,104,-2133
3570544038,24278,10,-16,111,83,-47,-2284
3570545038,24286,13,-25,126,-171,-1068,-2152
3570546038,24294,-44,-8,135,184,135,-1837
3570547038,24302,1,22,115,-767,1028,-2760
3570548038,24310,81,-25,114,529,364,-2709
3570549038,24318,24,3,95,55,24,-2474
3570550038,24326,21,-10,95,-594,281,-2603
3570551038,24334,84,-25,95,-178,-35,-2315
3570552038,24342,37,14,104,-637,-439,-2183
3570553038,24349,2,39,117,-745,-442,-1902
3570554038,24357,-9,65,114,-382,-341,-2199
3570555038,24365,-39,70,117,-21,-414,-2503
3570556038,24372,-25,57,111,113,-88,-2273
3570557038,24380,-22,52,109,405,181,-2045
3570558038,24388,-28,33,97,336,157,-1767
3570559038,24395,-6,-4,89,308,159,-1596
3570560038,24403,1,-16,85,360,-94,-1651
3570561038,24411,-2,-27,93,-53,213,-1546
3570562038,24419,0,-25,83,-23,-14,-1793
3570563038,24427,-6,-25,97,-381,-305,-1760
3570564038,24435,-4,-10,110,-159,-156,-1813
3570565038,24443,-29,12,117,-177,5,-1755
3570566038,24452,-14,4,130,-236,199,-1739
3570567038,24461,-3,-6,129,103,62,-1868
3570568038,24469,0,-31,129,-26,-96,-1781
3570569038,24478,3,-23,130,64,377,-1708
3570570038,24486,8,-19,128,-280,751,-2171
3570571038,24495,54,-25,122,-115,336,-2297
3570572038,24504,37,-18,122,20,-188,-2306
3570573038,24513,40,-34,121,-381,-299,-2137
3570574038,24522,28,-32,130,-328,-321,-2045
3570575038,24531,-11,8,139,-644,-380,-1992
3570576038,24540,2,27,144,-265,109,-2134
3570577038,24549,-10,42,144,-169,-92,-2334
3570578038,24558,-10,32,144,-4,-169,-2612
3570579038,24567,-12,26,140,286,-26,-2345
3570580038,24576,-10,15,123,-98,-483,-2123
3570581038,24585,-43,30,130,20,722,-2085
3570582038,24593,-20,25,110,-1,241,-2236
3570583038,24602,30,-29,117,114,-58,-2104
3570584038,24611,-7,-15,103,-118,-264,-1950
3570585039,24620,-10,-13,115,-751,275,-2155
3570586038,24628,3,19,117,-215,-91,-2036
3570587038,24637,-15,28,121,-252,-87,-2131
3570588038,24645,-10,23,123,-55,93,-2032
3570589038,24654,7,4,114,243,47,-2240
3570590038,24662,1,-5,113,412,-461,-1936
3570591038,24670,-24,9,100,87,142,-1796
3570592038,24679,4,4,103,-378,471,-2095
3570593038,24687,45,-15,84,331,78,-2316
3570594038,24695,16,-5,80,3,-452,-1697
3570595038,24703,5,-8,74,-139,-415,-1681
3570596038,24711,-16,3,91,-371,-325,-1968
3570597038,24719,-29,23,91,-508,54,-1828
3570598038,24728,-4,7,98,-191,-73,-1451
3570599038,24736,-39,28,98,186,193,-1652
3570600038,24744,8,-14,100,184,459,-2116
3570601038,24753,24,-24,100,245,457,-2018
3570602038,24761,14,-40,94,12,-170,-1913
3570603038,24770,18,-64,98,-199,-104,-1801
3570604038,24778,4,-47,106,-409,352,-1897
3570605038,24787,4,-51,105,-565,25,-2001
3570606038,24796,14,-44,104,-439,-126,-1931
3570607038,24805,-9,-31,128,-766,-12,-2025
3570608038,24814,-22,-2,118,-271,489,-2204
3570609038,24823,12,-14,119,-110,319,-2167
3570610038,24832,34,-29,113,280,216,-1979
3570611038,24841,20,-39,106,280,-67,-2395
3570612038,24850,5,-47,106,-225,-192,-2320
3570613038,24860,25,-38,107,-556,31,-2270
3570614038,24869,12,-27,100,-750,-291,-2528
3570615038,24878,-6,-1,113,-500,-289,-2656
3570616039,24888,-33,31,118,-326,-375,-2232
3570617038,24897,-28,35,114,-101,-67,-2285
3570618038,24906,-44,38,110,29,-94,-2266
3570619038,24916,-51,43,113,-145,590,-2251
3570620038,24925,-6,19,102,81,556,-1883
3570621038,24934,1,16,101,69,132,-1796
3570622038,24944,24,-2,98,-104,-316,-1997
3570623038,24953,-18,38,102,-19,-61,-1605
3570624038,24963,-22,41,107,-487,-46,-1713
3570625038,24972,17,27,107,-153,471,-1807
3570626038,24982,38,16,107,361,318,-1668
3570627038,24991,39,-8,102,544,370,-1549
3570628038,25000,43,-20,96,318,432,-1523
3570629038,25010,70,-53,96,5,309,-1975
3570630038,25019,58,-57,98,-69,-573,-1774
3570631038,25028,9,-30,102,-319,-442,-1646
3570632038,25038,4,-10,92,-255,306,-2190
3570633038,25047,-9,-16,101,-404,-307,-2152
3570634038,25056,1,-25,92,-157,146,-1969
3570635038,25065,-3,-18,99,-176,312,-2065
3570636038,25074,13,-33,76,-310,191,-2344
3570637038,25083,23,-43,83,635,-273,-2134
3570638038,25092,0,-32,56,616,-674,-2082
3570639038,25101,-13,-34,57,-81,-375,-2675
3570640038,25110,-17,-26,64,-184,44,-2410
3570641038,25119,-10,-11,54,-386,382,-2113
3570642038,25128,10,6,55,-161,276,-2287
3570643038,25137,21,-4,57,-204,-455,-2593
3570644038,25146,-44,25,73,26,-460,-2507
3570645038,25155,-45,42,70,-202,19,-2366
3570646038,25165,-11,21,76,181,184,-2373
3570647038,25174,-3,6,61,266,55,-2393
3570648038,25183,-10,-5,76,44,-76,-1664
3570649038,25192,-5,11,83,-138,324,-1630
3570650038,25202,8,2,76,38,214,-1928
3570651038,25211,7,-1,88,-135,-59,-1841
3570652038,25221,-7,-3,91,-123,-9,-1521
3570653039,25231,7,-13,102,290,162,-1474
3570654038,25240,11,-11,102,-199,293,-1657
3570655038,25250,37,-17,105,-105,-166,-1473
3570656038,25260,18,-15,119,155,-429,-1426
3570657038,25270,-1,9,114,-375,682,-1984
3570658038,25279,55,-19,116,54,331,-1954
3570659038,25289,52,-27,107,-18,-333,-2010
3570660038,25299,51,-20,113,-143,-108,-2034
3570661038,25309,19,1,107,-342,-621,-2203
3570662038,25318,4,16,111,-309,-182,-2172
3570663038,25328,-1,34,115,-349,-148,-2234
3570664038,25337,-1,23,103,47,-63,-2143
3570665038,25347,2,26,102,107,-308,-2111
3570666038,25356,-10,14,104,-95,198,-2202
3570667038,25366,-9,15,100,109,66,-2261
3570668038,25375,-10,13,105,-29,253,-2295
3570669038,25384,7,0,97,401,244,-2158
3570670038,25393,7,-23,98,553,46,-2259
3570671038,25403,22,-46,92,277,46,-2223
3570672038,25412,12,-55,106,27,44,-1981
3570673038,25421,16,-57,103,-252,-38,-2009
3570674038,25430,15,-38,114,25,-169,-2090
3570675038,25439,-10,-41,107,-111,-265,-2119
3570676038,25448,-3,-45,106,171,53,-2216
3570677038,25458,-2,-53,109,128,119,-2115
3570678038,25467,-5,-61,105,25,314,-2008
3570679038,25476,8,-65,106,-80,105,-2037
3570680038,25485,36,-75,95,-25,146,-1982
3570681038,25493,6,-55,99,-525,-272,-2045
3570682038,25502,11,-38,98,-360,-51,-2025
3570683038,25511,2,-11,103,-441,-145,-1926
3570684038,25520,-11,4,108,-468,-381,-1992
3570685038,25529,-15,18,118,-258,-131,-1815
3570686038,25538,-12,34,123,-737,490,-1872
3570687038,25548,19,41,110,155,393,-1966
3570688038,25557,10,35,105,-292,115,-1969
3570689038,25566,49,8,104,-111,172,-2239
3570690038,25575,10,31,101,-231,-434,-2047
3570691038,25584,12,35,101,-507,-451,-1903
3570692038,25593,-12,53,112,-179,-470,-1751
3570693038,25601,-28,77,128,-524,269,-2108
3570694038,25611,-1,84,114,20,876,-1699
3570695038,25620,61,29,105,527,291,-1772
3570696038,25630,25,31,89,980,-896,-2279
3570697038,25639,-8,35,97,-168,-897,-2145
3570698038,25648,-36,44,106,211,-525,-2096
3570699038,25657,-36,28,100,36,410,-2442
3570700038,25667,5,2,92,552,536,-1646
3570701038,25677,-1,12,81,700,351,-1655
3570702038,25686,-4,-22,91,-123,200,-1963
3570703038,25696,5,-38,79,190,238,-2459
3570704038,25706,-14,-33,82,147,-111,-2180
3570705038,25716,-5,-48,90,55,-4,-1910
3570706038,25726,-14,-57,91,192,-231,-2035
3570707038,25736,-9,-68,100,160,-807,-2266
3570708038,25746,-100,-24,113,166,520,-1465
3570709038,25756,-3,-42,97,-271,1137,-2230
3570710038,25766,47,-72,94,827,648,-2172
3570711038,25777,42,-82,70,635,139,-2014
3570712038,25787,52,-120,83,-36,-222,-1841
3570713038,25797,39,-103,83,-814,12,-2184
3570714038,25807,34,-69,86,-629,-95,-2312
3570715038,25817,6,-45,88,-534,-404,-1847
3570716038,25827,-1,-26,104,-622,-442,-1960
3570717038,25838,-30,21,113,-208,-22,-2190
3570718038,25848,-30,25,99,-7,338,-1858
3570719038,25858,7,7,90,376,135,-2130
3570720038,25868,6,-20,86,107,213,-2322
3570721038,25877,19,-35,78,248,115,-2310
3570722038,25887,7,-17,72,-334,-264,-1845
3570723038,25897,23,-8,76,-852,-28,-2313
3570724038,25906,16,14,81,-778,-414,-2338
3570725038,25916,-26,74,93,-860,-137,-1852
3570726038,25925,-27,99,99,-433,73,-1765
3570727038,25935,-19,109,100,117,84,-2321
3570728038,25945,5,72,99,587,311,-2154
3570729038,25954,-6,56,91,545,-17,-1915
3570730038,25963,6,29,91,242,372,-2003
3570731038,25972,5,31,79,-50,168,-2078
3570732038,25981,11,5,82,359,-211,-1837
3570733038,25991,0,18,88,12,94,-1869
3570734038,26000,-3,22,83,-186,-353,-2331
3570735038,26009,-6,12,85,539,-284,-1827
3570736038,26018,-47,21,94,179,-48,-1816
3570737038,26028,-8,-10,92,366,273,-2306
3570738038,26037,-4,-7,94,592,-94,-2131
3570739038,26046,-24,-21,93,423,173,-1831
3570740038,26055,1,-40,88,119,724,-2191
3570741040,26065,33,-60,84,250,399,-2346
3570742038,26074,38,-74,84,240,82,-1941
3570743038,26083,24,-66,84,31,59,-1768
3570744038,26093,24,-61,94,-147,-173,-2084
3570745038,26102,9,-46,99,23,-151,-1934
3570746038,26112,10,-61,103,-226,-65,-1832
3570747038,26121,24,-73,103,209,160,-1993
3570748038,26131,14,-71,90,-2,-318,-2074
3570749038,26140,-1,-71,93,-285,-905,-2344
3570750038,26150,-38,-41,101,-537,-118,-2287
3570751038,26159,-25,-18,84,-663,124,-2457
3570752038,26169,-14,-14,91,-168,5,-2328
3570753038,26179,-23,0,75,-199,-86,-2219
3570754038,26188,-19,7,71,-235,-47,-2514
3570755038,26198,-9,16,70,-321,-208,-2061
3570756038,26207,-14,32,71,-325,-451,-2021
3570757038,26217,-25,73,75,-436,180,-1848
3570758041,26227,-5,85,79,-268,312,-1850
3570759038,26236,9,78,71,340,-146,-1840
3570760038,26246,6,58,73,252,-425,-1654
3570761038,26256,-8,67,71,521,-410,-1758
3570762038,26266,-25,66,67,199,-50,-1864
3570763038,26276,1,41,57,381,166,-1632
3570764038,26285,0,24,58,161,45,-1663
3570765038,26295,-6,24,59,120,147,-1659
3570766038,26305,-11,29,62,34,49,-1748
3570767038,26315,-13,40,63,100,163,-1936
3570768038,26325,0,45,64,384,197,-2174
3570769038,26335,-9,27,63,512,380,-2032
3570770038,26345,14,18,56,361,156,-2172
3570771038,26355,17,-15,57,663,-44,-1979
3570772038,26365,2,2,35,1066,-229,-2130
3570773038,26375,5,-10,44,352,429,-2554
3570774038,26385,17,-20,39,115,310,-2458
3570775038,26394,46,-40,46,134,33,-2308
3570776038,26404,10,-20,38,273,-350,-1493
3570777038,26414,-8,-13,40,234,-118,-2125
3570778038,26424,6,-41,55,445,-89,-2627
3570779038,26434,12,-42,52,308,137,-2469
3570780038,26444,7,-68,47,345,-388,-2181
3570781038,26454,-3,-82,38,-101,-214,-2226
3570782038,26463,-30,-61,48,-316,39,-2314
3570783038,26473,-21,-45,40,-470,-195,-2355
3570784038,26483,-17,-52,46,-194,-392,-2083
3570785038,26492,-42,-37,40,111,-500,-1854
3570786038,26502,-58,-6,40,-282,250,-2054
3570787038,26511,0,-22,40,222,466,-1994
3570788038,26521,6,-15,31,-189,542,-2225
3570789038,26530,24,-20,32,-416,114,-2321
3570790038,26539,17,-3,30,-109,-291,-1992
3570791038,26549,-2,18,43,-376,-188,-1752
3570792038,26558,-9,38,53,-326,204,-1886
3570793038,26567,0,45,50,-321,391,-1986
3570794038,26577,23,32,51,135,-1,-1580
3570795038,26586,9,36,44,-41,270,-1951
3570796038,26595,39,11,46,38,-103,-1973
3570797038,26605,29,22,40,311,-71,-2036
3570798038,26614,-2,25,45,-251,-560,-2083
3570799038,26623,-24,48,47,-194,-212,-1892
3570800038,26632,-45,81,51,-328,45,-1859
3570801038,26642,-23,72,47,128,94,-1890
3570802038,26651,-26,66,52,-87,94,-1955
3570803038,26660,-19,68,48,104,149,-2116
3570804038,26669,-8,62,45,471,631,-2447
3570805038,26679,27,40,33,382,443,-2505
3570806038,26688,34,34,35,587,97,-2383
3570807038,26697,21,24,42,301,-203,-2044
3570808038,26707,9,25,46,-178,-61,-1905
3570809038,26716,6,32,52,-150,-285,-1914
3570810038,26725,-37,57,68,389,-246,-1796
3570811038,26735,-55,67,65,326,579,-2030
3570812038,26745,1,24,62,454,765,-2421
3570813038,26754,44,-37,52,910,175,-2182
3570814038,26764,14,-54,44,523,-271,-1869
3570815038,26773,-2,-51,49,-46,24,-1956
3570816038,26783,11,-55,53,-219,112,-2272
3570817038,26792,18,-54,58,-508,20,-2278
3570818038,26802,-9,-23,61,-180,-522,-1900
3570819038,26811,-54,10,77,-378,301,-1850
3570820038,26821,-29,15,73,-174,672,-2275
3570821038,26830,18,-9,69,406,343,-2473
3570822038,26840,20,-22,52,458,-244,-1990
3570823038,26849,15,-44,51,-164,-120,-2119
3570824038,26858,14,-32,55,-498,-120,-2003
3570825038,26867,11,-19,52,-192,-2,-1897
3570826038,26876,-6,23,53,-334,-77,-1657
3570827038,26885,5,29,57,-423,-314,-2068
3570828038,26894,-36,53,68,58,-548,-1788
3570829040,26904,-56,64,66,336,332,-1746
3570830038,26913,-10,41,52,78,387,-1992
3570831038,26921,42,-15,43,707,-108,-2312
3570832038,26930,8,-19,38,157,-567,-2199
3570833038,26939,-18,11,41,-373,-628,-1825
3570834038,26947,-36,31,52,-693,-491,-1873
3570835038,26956,-53,75,60,-537,-4,-2257
3570836038,26965,-35,97,52,-146,539,-2243
3570837038,26974,-2,74,36,612,111,-1824
3570838038,26982,4,61,39,441,42,-1976
3570839038,26991,7,38,29,271,-23,-2162
3570840038,27000,-1,38,31,226,-144,-1992
3570841038,27008,-20,59,42,125,-421,-1696
3570842038,27017,-28,69,52,-271,80,-2357
3570843038,27026,-21,60,42,283,271,-2394
3570844038,27034,-1,60,38,720,-102,-1907
3570845038,27044,0,36,43,312,637,-1770
3570846038,27053,51,-8,30,174,326,-2309
3570847038,27062,55,-12,40,341,-381,-2108
3570848038,27071,18,-9,38,192,-426,-1906
3570849038,27080,-20,-6,55,-527,-435,-2259
3570850038,27089,-21,17,71,-419,-76,-2568
3570851038,27098,-52,65,76,-59,341,-2057
3570852038,27107,-43,73,75,221,618,-1786
3570853038,27117,15,35,69,936,464,-2303
3570854038,27126,30,-8,60,835,-91,-2373
3570855038,27135,23,-42,59,35,-580,-1915
3570856038,27145,-28,-20,68,-226,-450,-1947
3570857038,27154,-31,9,76,-1017,1,-2178
3570858038,27163,-26,45,79,-528,274,-2243
3570859038,27172,-29,70,71,86,45,-1835
3570860038,27181,-18,62,73,186,71,-1729
3570861039,27191,-11,58,75,227,341,-1718
3570862038,27200,-5,38,70,433,-192,-1721
3570863038,27209,-6,26,74,174,-445,-1857
3570864038,27217,-20,38,76,-101,286,-2147
3570865038,27226,14,25,71,-96,257,-1883
3570866038,27235,17,25,72,331,76,-1647
3570867038,27244,6,27,73,34,-166,-1382
3570868038,27252,5,42,72,253,252,-1774
3570869038,27261,14,36,78,886,-151,-1708
3570870038,27270,0,27,72,234,-449,-1855
3570871038,27278,-18,11,77,422,-449,-2056
3570872038,27286,-24,-3,77,39,312,-1885
3570873038,27295,4,-13,65,59,448,-1556
3570874038,27303,7,-13,62,274,-135,-1710
3570875038,27311,-5,-16,63,244,250,-1808
3570876038,27320,-5,-8,59,106,427,-2460
3570877038,27328,27,-34,67,336,6,-2190
3570878038,27336,25,-32,64,-70,88,-2314
3570879038,27344,4,-39,76,-311,397,-2274
3570880038,27352,1,6,75,391,-77,-2304
3570881038,27360,16,1,85,198,187,-2588
3570882038,27368,38,-23,71,35,164,-2629
3570883038,27376,15,-12,63,-105,-213,-2472
3570884038,27384,16,-2,72,-96,-241,-2193
3570885038,27392,-6,22,70,-185,1,-2427
3570886038,27400,-17,38,79,-161,-199,-2763
3570887038,27408,-16,45,83,126,-302,-2076
3570888038,27416,-42,58,90,-57,-80,-1685
3570889038,27425,-30,49,82,-25,106,-1821
3570890038,27433,-24,38,98,-156,14,-2396
3570891038,27441,-10,45,96,97,-108,-1942
3570892038,27449,-28,61,100,294,-675,-1749
3570893038,27458,-53,64,105,177,-212,-1879
3570894038,27466,-39,69,103,257,993,-2154
3570895038,27474,47,6,104,703,441,-1458
3570896038,27482,34,9,101,389,-30,-883
3570897038,27491,13,18,107,-343,373,-1784
3570898038,27499,40,16,107,-62,85,-2287
3570899038,27508,54,4,116,462,-360,-2051
3570900038,27516,8,16,117,86,-451,-1632
3570901038,27525,-13,21,108,31,-135,-1827
3570902038,27533,-7,8,123,-116,-133,-2030
3570903038,27541,7,8,119,67,332,-1824
3570904038,27549,12,1,118,-170,64,-1716
3570905038,27558,6,15,113,-3,-108,-2189
3570906038,27566,-11,12,112,208,-220,-2323
3570907038,27574,-15,12,115,73,49,-2206
3570908038,27582,8,4,117,-229,278,-2286
3570909040,27591,15,-10,112,-135,-108,-2173
3570910038,27599,0,-15,118,-251,-114,-2179
3570911038,27607,-10,-7,115,-400,560,-2261
3570912038,27614,28,-10,111,-232,333,-2171
3570913038,27622,30,-15,106,-138,116,-2359
3570914038,27630,23,-11,110,-393,-145,-2638
3570915038,27638,7,17,121,-115,-346,-2373
3570916038,27646,-10,21,124,-138,-351,-2205
3570917038,27654,-28,27,122,-377,-195,-2149
3570918038,27662,-31,25,130,-92,-112,-1981
3570919038,27669,-41,28,128,18,248,-1878
3570920038,27677,4,9,113,151,345,-2268
3570921038,27685,5,2,108,-43,147,-2274
3570922038,27693,6,-5,114,-310,-46,-2480
3570923038,27700,0,13,124,-149,-254,-2018
3570924038,27708,-26,35,122,-203,-348,-1714
3570925038,27716,-40,44,131,-331,-149,-1619
3570926038,27723,-33,47,133,-265,244,-1808
3570927038,27731,-22,53,139,139,180,-1878
3570928038,27739,-4,43,137,70,225,-2053
3570929038,27747,22,30,139,51,189,-2226
3570930038,27754,13,37,140,-133,118,-2128
3570931038,27762,6,34,136,34,-201,-1819
3570932038,27770,12,29,137,273,9,-1645
3570933038,27778,11,22,139,109,111,-2034
3570934038,27786,20,21,149,-230,5,-2003
3570935038,27794,7,23,147,-130,-34,-1671
3570936038,27802,1,31,147,-49,-213,-1728
3570937038,27810,5,33,156,91,-297,-2107
3570938038,27818,-6,25,157,217,-37,-2106
3570939038,27826,-7,29,162,307,200,-2086
3570940038,27833,11,5,148,470,21,-2042
3570941038,27841,25,-21,150,-18,175,-2041
3570942038,27849,28,-16,150,96,339,-1838
3570943038,27857,20,-18,150,-132,101,-1976
3570944038,27865,21,-6,147,-252,12,-2314
3570945038,27873,16,-4,157,-174,-231,-2394
3570946041,27882,4,-1,155,-35,-330,-2167
3570947038,27889,-10,-1,154,-197,-239,-2179
3570948038,27897,-11,1,159,-52,-242,-2404
3570949038,27905,-21,14,157,25,124,-2355
3570950038,27913,3,5,147,16,237,-2285
3570951038,27921,3,-3,144,80,127,-2124
3570952038,27929,-9,-1,140,-129,309,-2107
3570953038,27937,-9,-2,146,-65,-3,-2075
3570954038,27945,6,9,138,205,47,-1692
3570955038,27953,-5,10,140,222,-19,-1942
3570956038,27961,-4,3,143,44,-187,-2050
3570957038,27968,12,-3,147,-159,-136,-2128
3570958038,27976,4,6,157,-55,-227,-1759
3570959038,27984,-24,20,158,19,442,-1670
3570960038,27992,21,12,147,59,737,-2004
3570961038,28000,55,-8,143,526,198,-1922
3570962038,28008,55,-34,133,289,-541,-1823
3570963038,28016,7,-32,154,21,-119,-1666
3570964038,28024,21,-29,149,-405,91,-1818
3570965038,28031,32,-18,152,-217,-75,-2090
3570966038,28039,21,-13,158,27,-463,-1935
3570967038,28047,5,-17,167,48,-324,-2218
3570968038,28055,-3,1,170,29,80,-2257
3570969038,28063,30,-34,172,-89,177,-1893
3570970039,28071,20,-30,157,337,40,-1807
3570971038,28078,0,-31,165,-376,-266,-1951
3570972038,28086,17,-41,168,-434,119,-1930
3570973038,28094,1,-32,165,-566,7,-2087
3570974038,28102,3,-17,170,-439,-269,-2238
3570975038,28109,-9,-5,171,-91,-134,-2199
3570976038,28117,-16,9,173,-589,57,-1996
3570977038,28125,8,2,165,-31,759,-2290
3570978038,28133,31,-11,166,-166,336,-2291
3570979038,28141,44,-25,163,-346,49,-2278
3570980038,28149,42,-16,175,-312,10,-2114
3570981038,28157,18,14,179,-433,-375,-2034
3570982038,28164,-1,49,178,-166,-303,-2009
3570983038,28172,3,40,188,26,-261,-2009
3570984038,28180,11,50,177,320,164,-1906
3570985038,28188,9,37,179,124,68,-1867
3570986038,28196,36,19,165,141,151,-2048
3570987038,28204,53,1,171,106,-92,-2139
3570988038,28212,33,9,174,9,-189,-1763
3570989038,28220,17,18,170,22,-140,-1976
3570990038,28228,18,16,177,-85,-158,-1891
3570991038,28236,14,19,179,-173,176,-1971
3570992038,28245,7,2,182,-17,4,-1977
3570993038,28253,-6,-9,170,242,-23,-1763
3570994038,28261,-8,-14,178,265,68,-1776
3570995038,28269,2,-41,173,79,71,-1927
3570996038,28277,-5,-48,178,115,-111,-1941
3570997038,28285,-25,-41,170,38,-42,-2079
3570998038,28294,-17,-51,176,-212,151,-2049
3570999038,28302,2,-57,171,-54,361,-1928
3571000038,28310,-4,-58,171,-239,249,-2107
3571001038,28318,11,-67,177,-118,109,-2152
3571002038,28327,25,-65,186,-332,164,-2427
3571003038,28335,32,-57,179,-515,139,-2330
3571004038,28343,34,-36,178,-381,-251,-2546
3571005038,28352,51,-34,187,-297,-374,-2461
3571006038,28360,28,-4,181,-564,-129,-2353
3571007038,28368,21,-5,183,-365,197,-2034
3571008038,28376,38,4,179,-76,-55,-2046
3571009038,28385,39,-6,185,-693,-148,-2029
3571010038,28393,20,13,179,-409,-197,-1839
3571011038,28401,-7,33,187,-569,-450,-1850
3571012038,28409,-2,32,188,-300,-122,-1795
3571013038,28418,-28,57,180,27,-52,-2002
3571014038,28426,-6,33,179,205,163,-1926
3571015038,28434,16,21,173,152,32,-1717
3571016038,28442,16,-5,176,-254,80,-1483
3571017038,28450,27,6,176,-5,18,-1667
3571018038,28459,11,17,184,-368,-19,-1752
3571019038,28467,21,12,175,71,13,-1728
3571020038,28475,13,12,178,77,-185,-2233
3571021038,28484,19,-1,176,-535,2,-2108
3571022038,28492,10,-3,171,-27,-329,-1886
3571023038,28501,4,-6,181,-254,-106,-2230
3571024038,28509,1,10,177,-198,169,-2477
3571025038,28517,17,6,173,-249,664,-2494
3571026038,28526,35,-1,159,316,163,-2452
3571027038,28534,21,-9,160,-35,-8,-2313
3571028038,28543,32,-20,163,-349,156,-2303
3571029038,28551,16,0,167,-259,-576,-2225
3571030038,28560,3,12,185,-480,-673,-1889
3571031038,28568,-39,43,179,-297,227,-2209
3571032038,28577,15,25,175,-90,587,-2575
3571033038,28585,32,7,162,598,91,-2164
3571034038,28594,5,-1,160,80,-26,-1982
3571035038,28603,22,-13,165,-119,208,-2120
3571036038,28611,19,-14,163,-47,296,-1897
3571037038,28620,29,-24,163,-214,62,-1624
3571038038,28629,24,-16,163,-62,-194,-1746
3571039038,28638,13,-13,165,-327,-97,-1912
3571040038,28646,12,0,173,145,-373,-1920
3571041038,28655,-4,-1,175,4,30,-1765
3571042038,28664,33,-14,167,0,618,-1838
3571043038,28673,50,-42,169,321,-10,-1575
3571044038,28682,53,-60,159,42,-294,-1445
3571045038,28691,15,-55,160,-281,-498,-1656
3571046038,28700,31,-45,169,-513,-168,-2131
3571047038,28709,1,4,163,-225,480,-2098
3571048038,28718,43,-22,165,-127,206,-2225
3571049038,28727,63,-41,156,131,62,-2239
3571050038,28736,24,-32,149,-307,-468,-2075
3571051038,28744,13,-19,149,-311,-380,-2143
3571052038,28753,-3,7,165,-729,-505,-2342
3571053038,28762,-23,20,158,-459,-810,-2605
3571054038,28771,-66,63,162,-35,153,-2380
3571055038,28780,-12,31,141,3,483,-2473
3571056038,28788,7,3,126,495,82,-2438
3571057038,28797,-6,-6,139,-264,198,-2055
3571058038,28806,14,-11,123,118,233,-2140
3571059038,28815,12,-7,136,-307,-445,-2081
3571060038,28824,-10,4,133,-87,-365,-2089
3571061038,28833,-50,27,152,-538,-289,-2061
3571062038,28842,-27,21,153,-238,-88,-2028
3571063038,28851,-30,25,156,234,213,-1974
3571064038,28860,-7,8,154,32,276,-1946
3571065038,28869,20,-18,142,390,449,-1825
3571066038,28879,30,-37,148,-142,230,-2223
3571067038,28888,47,-44,137,-37,448,-2143
3571068038,28897,29,-30,140,-375,-274,-1795
3571069038,28906,32,-22,148,-384,-195,-1869
3571070038,28916,14,-2,152,-408,73,-1989
3571071038,28925,14,8,150,-183,175,-1709
3571072038,28934,42,0,155,-109,32,-1868
3571073038,28944,25,-4,160,-319,-291,-1819
3571074038,28953,8,15,161,-135,-133,-1752
3571075038,28963,9,24,158,-76,276,-1951
3571076038,28972,8,9,152,165,238,-2043
3571077038,28981,32,-11,140,412,126,-2138
3571078038,28991,41,-24,148,113,-80,-1790
3571079038,29000,31,-19,145,-387,-195,-1755
3571080038,29009,15,22,147,-245,-356,-2150
3571081038,29019,2,42,154,-595,-192,-2121
3571082038,29028,-2,53,157,-270,-38,-2613
3571083038,29037,2,43,161,58,-47,-2529
3571084038,29047,11,25,144,114,-347,-2127
3571085038,29056,-10,24,152,314,-62,-1856
3571086038,29065,-12,39,142,-387,748,-2293
3571087038,29074,45,7,140,110,96,-2201
3571088038,29083,22,16,130,245,-438,-2066
3571089038,29092,-3,6,138,-19,14,-2255
3571090038,29101,9,7,136,-143,106,-2276
3571091038,29110,17,3,137,-36,98,-2115
3571092039,29119,-2,10,141,25,-51,-1930
3571093039,29128,17,-10,144,-50,151,-2090
3571094040,29137,19,-12,135,312,-142,-2148
3571095038,29147,1,-18,134,58,-278,-2073
3571096038,29156,4,-24,137,139,-180,-1941
3571097038,29165,-29,-3,141,162,-366,-1974
3571098038,29174,-20,-1,138,265,332,-1808
3571099038,29183,-12,6,138,-25,232,-1883
3571100038,29192,34,-34,139,-129,323,-1767
3571101038,29201,29,-26,131,70,-119,-1655
3571102038,29210,22,-18,143,-439,-422,-1781
3571103038,29220,25,-21,144,-110,-160,-1755
3571104038,29229,-6,13,159,-109,-23,-1945
3571105038,29239,7,3,150,63,301,-1832
3571106038,29248,51,-23,144,246,337,-1848
3571107038,29257,43,-29,144,403,136,-1848
3571108038,29267,27,-25,139,-140,-67,-1951
3571109038,29276,56,-33,147,-262,-68,-2180
3571110038,29286,31,4,146,-123,-484,-2308
3571111038,29295,-10,20,155,-124,-324,-2199
3571112038,29305,-13,26,157,-74,-116,-2383
3571113038,29314,-4,27,152,-261,23,-2578
3571114038,29324,-7,23,152,48,9,-2344
3571115038,29334,-28,35,152,-132,-172,-2327
3571116038,29343,-28,35,151,49,158,-2461
3571117038,29353,-38,38,150,113,144,-2618
3571118038,29362,-16,26,142,157,318,-2487
3571119038,29371,-3,18,145,130,296,-2272
3571120038,29381,20,13,140,64,478,-2197
3571121038,29390,34,8,133,-93,363,-2253
3571122038,29400,47,-3,139,-62,281,-2274
3571123038,29409,44,12,133,-66,-236,-2181
3571124038,29419,28,19,139,-276,-316,-2202
3571125038,29428,19,26,146,-349,-419,-2077
3571126038,29437,6,31,142,-170,-301,-1996
3571127038,29446,3,45,143,-140,-446,-1897
3571128038,29456,-18,51,140,-119,-82,-1851
3571129038,29465,2,41,131,110,-63,-1875
3571130038,29474,-2,31,122,139,210,-1797
3571131038,29483,8,31,114,196,77,-1743
3571132038,29492,18,20,119,107,-282,-1547
3571133038,29501,21,15,122,-132,-285,-1504
3571134038,29511,9,28,124,-434,-57,-1319
3571135038,29520,29,26,135,-325,-146,-1302
3571136038,29529,18,48,134,110,-265,-1323
3571137038,29538,3,58,140,260,-33,-1577
3571138038,29548,34,38,140,618,366,-1663
3571139038,29557,59,2,133,466,264,-1817
3571140038,29566,78,-17,131,294,192,-1824
3571141038,29576,74,-20,129,98,-184,-1918
3571142038,29585,75,-20,129,-302,-218,-2047
3571143038,29595,33,19,126,-321,-725,-2416
3571144038,29604,-3,43,134,95,-842,-2427
3571145038,29614,-30,52,132,297,-664,-2340
3571146038,29623,-33,36,135,-33,63,-2735
3571147038,29633,-22,25,117,424,126,-2569
3571148038,29642,-31,20,120,381,92,-2701
3571149038,29652,-33,9,103,116,233,-2571
3571150038,29661,-30,16,99,136,308,-2772
3571151040,29671,2,-13,98,391,181,-2543
3571152038,29680,-23,-26,97,297,-82,-2364
3571153038,29689,-5,-40,100,263,523,-2176
3571154038,29699,3,-31,100,138,737,-2221
3571155040,29709,35,-58,100,-268,258,-2475
3571156038,29718,27,-37,101,207,-459,-2407
3571157038,29728,-2,-30,98,-48,-465,-2101
3571158038,29738,1,-27,108,-104,-384,-2127
3571159038,29748,-11,-21,104,-302,125,-1892
3571160038,29757,6,-14,93,-267,328,-1841
3571161038,29767,23,-14,85,-314,114,-1654
3571162038,29777,36,-13,78,-132,-334,-1838
3571163038,29786,15,-1,75,-232,-355,-1867
3571164038,29796,-6,19,89,-425,-562,-1705
3571165038,29806,-11,40,100,-223,-461,-1452
3571166038,29816,-44,60,103,-293,-226,-1209
3571167038,29826,-38,55,103,-26,-156,-1400
3571168038,29836,-36,50,109,-9,-349,-1306
3571169038,29846,-33,36,113,30,-913,-1574
3571170038,29856,-90,68,126,96,726,-1389
3571171038,29866,6,57,112,37,1280,-1953
3571172040,29877,68,18,110,744,915,-1856
3571173038,29886,64,-23,83,825,-94,-1813
3571174038,29896,70,-62,91,70,-310,-1830
3571175038,29906,40,-38,96,-340,-459,-1681
3571176038,29916,16,-1,103,-783,-518,-2331
3571177038,29926,5,15,108,-478,-691,-2207
3571178038,29936,-48,61,117,44,-271,-2664
3571179038,29946,-30,50,108,337,311,-2955
3571180038,29956,-8,11,90,768,292,-2980
3571181038,29965,-5,-5,83,471,238,-2846
3571182038,29975,-12,-22,75,166,-212,-2714
3571183038,29984,-29,-24,75,187,-191,-2347
3571184038,29993,-52,5,71,-51,299,-2412
3571185038,30003,-35,7,67,0,52,-2394
3571186038,30012,-30,6,65,23,275,-2454
3571187038,30022,-35,25,67,15,223,-2517
3571188038,30031,-6,8,72,312,289,-2280
3571189038,30041,0,13,72,345,278,-1944
3571190038,30050,-1,11,75,180,218,-2029
3571191038,30059,24,-10,73,116,366,-1910
3571192038,30069,38,-21,60,45,29,-1951
3571193038,30078,3,-18,71,131,-340,-1655
3571194038,30088,5,19,77,-425,406,-1997
3571195038,30097,28,14,79,-224,452,-1970
3571196038,30107,52,9,82,218,-32,-1584
3571197038,30116,27,15,85,87,15,-1412
3571198038,30126,29,5,92,-70,-262,-1571
3571199038,30136,42,0,93,144,199,-1628
3571200038,30145,10,12,97,44,-261,-1588
3571201038,30155,20,14,101,82,-332,-1653
3571202038,30165,-5,22,114,-92,-154,-1739
3571203038,30175,11,9,95,71,148,-1987
3571204038,30185,33,-2,98,-62,-241,-1805
3571205038,30194,4,3,100,-58,-896,-1912
3571206038,30204,-34,45,103,121,449,-2146
3571207038,30214,38,20,89,380,378,-2239
3571208038,30224,25,3,65,678,-523,-2384
3571209038,30233,5,11,76,131,-589,-2122
3571210038,30243,-21,11,76,-240,-230,-2185
3571211038,30252,-19,23,81,-254,-14,-2208
3571212038,30261,-31,46,82,-144,269,-2386
3571213038,30271,-18,51,87,-12,491,-2384
3571214038,30281,2,37,76,490,136,-2396
3571215038,30290,3,17,66,604,-48,-2474
3571216038,30300,5,-5,68,438,312,-2176
3571217038,30309,24,-26,66,182,-16,-1977
3571218038,30318,22,-30,71,34,-92,-2081
3571219038,30328,1,-19,65,-306,-462,-2244
3571220038,30337,-13,-2,77,-144,-370,-2173
3571221038,30346,-34,46,91,-31,359,-2229
3571222038,30356,-32,54,69,116,540,-2579
3571223038,30365,36,21,63,1023,318,-2351
3571224039,30375,29,-29,47,1120,-176,-1938
3571225038,30384,14,-51,39,483,-539,-1654
3571226038,30393,-10,-27,44,-262,-447,-1842
3571227038,30402,-13,-13,44,-561,-307,-1922
3571228038,30411,-31,15,48,-300,-360,-1997
3571229038,30420,-35,47,65,149,-123,-1823
3571230038,30430,-33,48,56,439,613,-1687
3571231038,30439,-12,24,49,495,363,-1794
3571232038,30449,44,-30,42,521,32,-1942
3571233038,30458,16,-45,58,549,-300,-1500
3571234040,30468,-35,-15,51,130,-60,-1555
3571235038,30477,25,-43,56,15,242,-2138
3571236038,30486,25,-49,54,-203,53,-2136
3571237038,30496,-2,-23,66,-133,-183,-1939
3571238038,30506,-11,2,74,-111,-306,-1650
3571239038,30515,-15,9,79,-233,7,-2254
3571240038,30525,-20,2,85,-112,-154,-2176
3571241038,30535,-16,10,81,342,-342,-2150
3571242038,30544,-52,16,86,241,-143,-1855
3571243038,30554,-44,11,69,368,396,-2431
3571244038,30563,-6,2,64,289,457,-2439
3571245038,30573,9,0,54,410,184,-2218
3571246038,30582,10,-14,61,282,-172,-2090
3571247038,30592,15,-13,68,-66,-242,-2142
3571248038,30601,-18,11,69,202,79,-2022
3571249038,30611,-5,13,76,-38,-34,-2188
3571250038,30620,12,-4,71,-11,215,-2344
3571251038,30630,8,-4,67,266,-413,-2350
3571252038,30639,-19,1,61,102,-30,-2086
3571253040,30649,-7,-4,63,105,300,-2150
3571254038,30658,6,2,57,-53,373,-2330
3571255038,30667,7,-4,50,197,-44,-2048
3571256038,30676,0,-4,50,164,-81,-1769
3571257038,30685,10,-10,46,-138,128,-2012
3571258038,30693,13,-8,40,-219,-51,-2078
3571259038,30702,14,6,36,496,104,-2061
3571260038,30711,16,9,33,407,-132,-1871
3571261038,30720,5,-8,30,99,-407,-1998
3571262038,30729,-2,-7,34,-67,-244,-1935
3571263038,30738,-5,-10,33,-65,43,-1673
3571264038,30746,-1,9,39,-286,282,-1853
3571265038,30755,5,23,42,-1,232,-2056
3571266038,30764,17,11,44,104,153,-1998
3571267038,30773,14,5,44,53,99,-1777
3571268038,30782,22,7,39,263,9,-1760
3571269038,30791,2,7,44,238,-355,-1800
3571270038,30800,-24,8,54,147,396,-2028
3571271038,30810,31,-7,43,-90,502,-2271
3571272038,30819,48,-16,50,238,-74,-2054
3571273038,30828,15,0,37,401,-408,-1736
3571274038,30837,11,3,49,-54,24,-2082
3571275038,30847,28,-5,53,236,256,-2080
3571276038,30856,23,1,33,233,68,-1825
3571277038,30865,18,-5,38,526,-113,-1833
3571278038,30875,27,-14,29,361,-9,-2178
3571279038,30884,19,-5,38,-21,-125,-2281
3571280038,30894,-2,18,37,-123,-382,-2101
3571281038,30903,-7,33,40,-120,-155,-2067
3571282038,30913,-15,51,40,414,176,-2045
3571283038,30922,0,48,27,950,421,-1983
3571284038,30931,20,10,16,974,295,-1860
3571285038,30941,25,-11,-8,723,102,-2117
3571286038,30950,32,-34,3,523,-118,-2231
3571287038,30959,45,-46,-12,155,-272,-1915
3571288038,30969,17,-28,8,-89,-476,-1792
3571289038,30978,-19,15,12,-125,-53,-1945
3571290038,30987,0,12,14,71,346,-2083
3571291038,30997,5,10,17,293,126,-2047
3571292038,31006,20,-9,15,321,117,-1890
3571293038,31016,1,-16,22,429,87,-1486
3571294038,31025,-7,-26,14,250,457,-2002
3571295038,31034,26,-49,16,321,528,-2248
3571296038,31044,39,-79,2,507,123,-2134
3571297038,31053,21,-75,4,-8,-543,-1931
3571298038,31062,2,-53,24,-514,-281,-1869
3571299038,31071,-20,-15,29,-758,136,-2102
3571300038,31081,-3,-5,36,-176,230,-2192
3571301038,31090,8,-10,28,410,-405,-1754
3571302038,31099,-32,-27,21,588,-490,-1989
3571303038,31108,-18,-41,18,733,328,-2412
3571304038,31117,-12,-45,18,1026,655,-2018
3571305038,31126,3,-29,0,-268,960,-2251
3571306038,31134,64,-52,-26,272,233,-2634
3571307038,31143,69,-66,-31,328,-303,-2343
3571308038,31152,51,-59,-29,-16,-528,-1603
3571309038,31160,39,-38,-23,-651,-598,-1748
3571310038,31169,11,10,-16,-701,-493,-2031
3571311038,31178,-32,44,2,-278,-727,-2347
3571312040,31187,-56,58,4,298,-263,-2371
3571313038,31195,-26,31,3,434,1260,-2498
3571314038,31204,12,15,-10,63,1087,-2385
3571315038,31213,61,-28,-18,588,580,-2121
3571316038,31222,48,-41,-23,106,-86,-1970
3571317038,31230,40,-45,-9,-413,-257,-2107
3571318038,31239,36,-27,-1,-412,-354,-1995
3571319038,31248,-13,0,10,-762,-313,-1763
3571320038,31257,-23,28,27,-506,-286,-1955
3571321038,31266,-20,33,38,78,51,-2221
3571322038,31276,-3,23,33,525,422,-2081
3571323038,31285,7,20,34,278,428,-2062
3571324038,31294,44,-18,26,343,186,-2076
3571325038,31303,43,-35,27,65,72,-1964
3571326038,31312,31,-34,7,-192,-232,-1716
3571327038,31321,32,-29,19,358,-330,-1714
3571328038,31330,18,-19,7,-186,-204,-1894
3571329038,31339,6,-10,20,-569,-433,-1944
3571330038,31348,-19,17,6,-115,-699,-1757
3571331038,31358,-28,28,16,115,-132,-2098
3571332038,31367,-26,33,15,-322,20,-2067
3571333038,31376,-7,19,20,473,38,-2085
3571334038,31385,-25,36,4,396,761,-1919
3571335038,31393,57,-39,3,339,689,-2161
3571336038,31402,85,-62,-12,212,196,-1981
3571337038,31411,63,-80,-7,361,-323,-1801
3571338038,31420,43,-74,3,-305,-497,-1448
3571339038,31429,10,-46,26,-739,-305,-1881
3571340038,31438,6,-21,41,-400,209,-2250
3571341038,31447,12,-15,43,-208,210,-2239
3571342038,31456,32,-15,45,-18,253,-2294
3571343038,31465,29,-31,40,-355,433,-2519
3571344038,31474,42,-42,36,-235,72,-2433
3571345038,31483,28,-27,32,47,11,-2304
3571346038,31492,23,-18,26,-135,-188,-2263
3571347038,31500,16,-24,29,-89,-627,-2608
3571348038,31509,-21,18,31,403,-461,-2152
3571349038,31517,-23,41,30,-138,279,-2231
3571350038,31526,5,43,32,-449,299,-2504
3571351038,31535,24,38,32,289,8,-2497
3571352038,31543,18,31,34,296,-170,-2053
3571353039,31552,-1,37,37,-96,-26,-2000
3571354038,31560,-3,29,24,123,333,-2293
3571355038,31568,3,30,32,257,68,-2158
3571356038,31577,33,-11,27,31,-112,-1874
3571357038,31585,5,-8,38,-446,-220,-1692
3571358038,31593,-9,25,35,-672,631,-1879
3571359038,31602,17,29,33,310,250,-1978
3571360038,31610,45,-6,31,127,-138,-2102
3571361038,31619,22,-10,22,208,-462,-1954
3571362038,31627,-4,-12,19,155,-358,-1555
3571363038,31635,-5,-12,33,-80,-304,-1615
3571364040,31644,-13,-11,30,-263,-151,-1854
3571365038,31652,-22,-2,42,-298,39,-1908
3571366038,31660,-24,-1,40,-128,256,-1674
3571367038,31669,-9,-12,32,186,169,-1855
3571368038,31678,4,-18,40,-50,78,-2125
3571369038,31686,24,-51,45,155,-291,-1942
3571370038,31695,-8,-45,56,195,-466,-1815
3571371038,31703,-22,-31,54,69,528,-1937
3571372038,31712,41,-68,53,72,364,-2135
3571373038,31721,37,-81,54,40,331,-2179
3571374038,31730,22,-59,52,-513,-186,-1982
3571375038,31739,19,-27,73,-547,-221,-2080
3571376038,31748,-10,9,85,-583,-295,-2309
3571377041,31757,3,6,81,-311,-407,-2355
3571378038,31765,-7,23,89,-105,-731,-2144
3571379038,31774,-61,59,80,154,916,-2235
3571380038,31783,44,11,80,123,1085,-2558
3571381038,31792,78,-16,48,749,130,-2374
3571382038,31800,41,-17,52,159,-160,-2266
3571383038,31809,54,-30,52,-209,-298,-2038
3571384038,31817,33,-6,61,-439,-350,-2284
3571385038,31826,-3,20,72,-291,-321,-1815
3571386038,31835,-22,51,76,-390,129,-1732
3571387038,31843,-6,43,79,-65,187,-2031
3571388038,31852,6,23,73,403,395,-2061
3571389038,31861,18,-11,65,389,425,-1864
3571390038,31869,45,-37,58,420,345,-1820
3571391038,31878,35,-50,60,59,237,-1832
3571392038,31886,27,-48,52,-95,208,-1892
3571393038,31894,43,-61,53,-447,102,-2168
3571394038,31903,40,-50,54,-324,-396,-2153
3571395038,31911,-12,4,60,-443,-341,-1905
3571396038,31920,-23,7,57,70,-538,-1629
3571397038,31928,1,-1,66,379,216,-2096
3571398038,31937,-1,1,65,202,221,-2200
3571399038,31945,32,-24,52,484,329,-1638
3571400038,31953,19,-25,44,-383,260,-2007
3571401038,31962,40,-47,47,2,141,-2460
3571402038,31970,39,-38,49,-167,-267,-2037
3571403038,31979,-5,-8,55,-378,-178,-1531
3571404038,31987,-4,7,55,-420,190,-2035
3571405038,31996,13,-4,66,-276,286,-2121
3571406038,32005,21,-18,61,-32,-34,-1966
3571407038,32014,3,-13,70,-141,-358,-1859
3571408038,32022,-15,-7,83,-480,-480,-2324
3571409038,32031,-45,21,96,-130,124,-2057
3571410038,32040,-74,44,89,100,540,-2180
3571411038,32049,-12,18,73,329,496,-2194
3571412038,32058,24,-22,63,498,222,-2201
3571413038,32067,5,-38,70,11,-107,-2030
3571414038,32076,2,-45,66,-238,-216,-2139
3571415038,32085,-8,-10,81,-496,-95,-2082
3571416038,32094,-9,13,92,-524,283,-2238
3571417038,32103,-4,26,91,-80,149,-2251
3571418038,32112,-5,34,83,278,193,-2015
3571419038,32121,1,19,91,159,37,-1975
3571420038,32131,31,2,89,82,402,-2395
3571421038,32140,36,-17,93,66,175,-2185
3571422038,32149,42,-19,82,72,-362,-1892
3571423038,32157,29,-8,92,-387,-592,-1919
3571424038,32166,-19,15,91,-294,-105,-2198
3571425038,32175,3,18,88,-109,142,-2311
3571426038,32184,31,-8,76,270,-97,-1889
3571427038,32193,18,-13,79,-90,-182,-2011
3571428038,32202,-9,-5,84,63,-482,-1979
3571429038,32210,-6,3,83,-131,-108,-1956
3571430038,32219,-7,12,82,-311,323,-1917
3571431038,32228,10,5,81,-177,385,-1927
3571432038,32236,17,4,85,104,-74,-1777
3571433038,32245,25,15,74,315,239,-1732
3571434038,32254,24,9,82,517,-26,-1910
3571435038,32262,13,4,65,330,-421,-1928
3571436038,32271,13,-14,62,140,-393,-2083
3571437038,32279,17,-18,72,67,-93,-1825
3571438038,32288,3,-6,72,-143,243,-1639
3571439038,32296,18,3,72,-348,101,-1939
3571440038,32305,23,4,73,117,-66,-2143
3571441038,32313,-3,12,74,50,82,-2250
3571442038,32322,9,-3,67,208,227,-2298
3571443038,32331,36,-25,70,373,224,-2068
3571444038,32339,27,-37,78,-23,-204,-1930
3571445038,32348,20,-25,72,263,84,-1827
3571446038,32357,-17,-16,93,-498,-420,-1783
3571447038,32366,-2,-6,80,-207,179,-2143
3571448038,32375,-5,2,91,98,51,-2235
3571449038,32384,-3,3,87,340,534,-2115
3571450038,32393,21,-32,82,348,239,-1892
3571451038,32402,22,-36,85,358,299,-1813
3571452038,32411,14,-44,73,100,-107,-1908
3571453038,32420,10,-49,94,-321,-237,-2275
3571454038,32429,-10,-12,94,-110,-212,-2170
3571455038,32438,-56,14,100,-264,-207,-2069
3571456038,32447,-15,11,109,-179,330,-2042
3571457038,32456,-1,19,114,-110,215,-2152
3571458038,32466,2,-6,107,315,89,-1864
3571459038,32475,1,-9,107,-161,603,-2110
3571460038,32484,33,-21,111,-227,95,-2265
3571461038,32493,22,-23,98,100,-183,-2032
3571462038,32502,15,-21,122,-340,34,-2157
3571463038,32511,5,4,112,-57,-156,-2245
3571464038,32520,-2,13,121,-353,-133,-2350
3571465038,32529,-1,9,125,-136,-46,-2057
3571466040,32538,-9,13,124,-143,-150,-1968
3571467038,32546,-21,31,124,276,43,-1932
3571468038,32555,8,2,130,81,95,-2201
3571469039,32564,24,-8,125,182,110,-2229
3571470038,32572,-12,-2,122,76,-279,-2143
3571471038,32580,9,-20,121,-81,202,-2150
3571472038,32589,17,-25,127,-191,-27,-1926
3571473038,32597,18,-14,119,-97,88,-1763
3571474038,32605,-3,-15,132,-160,-947,-1804
3571475038,32613,-17,-11,141,-40,-625,-2011
3571476038,32622,-50,19,150,-13,201,-1890
3571477038,32630,-15,-4,133,133,370,-1932
3571478038,32638,6,-27,136,319,165,-2042
3571479039,32646,2,-42,132,86,120,-1956
3571480038,32653,25,-63,131,64,336,-1834
3571481038,32661,0,-29,134,-412,17,-1857
3571482038,32669,38,-36,136,-362,97,-2213
3571483038,32677,24,-15,137,123,-148,-2185
3571484038,32685,-5,-8,147,-116,-429,-2063
3571485038,32693,20,-25,149,127,-423,-1730
3571486038,32701,-5,-16,154,-289,79,-2038
3571487038,32709,-1,-17,151,-53,224,-2221
3571488038,32717,27,-26,144,-88,345,-2182
3571489038,32725,41,-47,134,-21,94,-2290
3571490038,32733,20,-38,130,-205,-194,-2191
3571491038,32741,17,-28,140,-539,-258,-2138
3571492038,32750,4,-11,142,-376,-328,-2014
3571493038,32758,-20,9,154,-596,-388,-2167
3571494038,32766,-29,37,155,-238,374,-2159
3571495038,32775,-22,42,151,-129,105,-2197
3571496038,32783,-24,31,143,-131,60,-2102
3571497038,32792,-6,20,142,578,49,-2195
3571498038,32800,-11,28,136,352,423,-2048
3571499038,32809,40,-1,125,299,417,-1601
3571500038,32818,38,-14,122,50,6,-1830
3571501038,32827,39,-14,131,-392,-101,-2030
3571502038,32836,22,7,140,-644,-231,-1713
3571503038,32845,-1,29,152,-453,-486,-1516
3571504038,32854,-38,63,158,-31,439,-2066
3571505038,32863,13,34,158,316,420,-2327
3571506038,32872,34,1,148,646,427,-1930
3571507038,32882,26,-34,137,260,-71,-1972
3571508038,32891,32,-53,147,-365,-127,-2163
3571509038,32900,19,1,155,-238,-122,-2172
3571510038,32909,-10,-1,148,-587,-46,-2260
3571511038,32918,-14,18,161,-253,-289,-2240
3571512038,32928,-24,19,154,151,-118,-1980
3571513038,32937,-5,13,165,-36,332,-1701
3571514038,32946,4,4,158,399,129,-1845
3571515038,32955,-11,6,159,324,-87,-2321
3571516038,32964,1,-23,159,-4,249,-2464
3571517038,32973,31,-42,150,143,318,-2043
3571518038,32982,26,-47,139,49,-166,-1657
3571519038,32991,11,-46,146,141,-362,-1649
3571520038,33000,1,-35,143,-196,57,-2013
3571521038,33008,9,-44,151,-267,-68,-2063
3571522038,33017,6,-48,149,55,-403,-2007
3571523038,33025,-16,-44,153,-282,-358,-2273
3571524038,33034,-34,-33,142,-31,-258,-2199
3571525038,33042,-42,-24,142,20,-213,-2190
3571526038,33051,-26,-23,149,172,59,-2174
3571527038,33059,-23,-21,138,-205,83,-2065
3571528038,33067,-17,-28,128,-408,186,-1817
3571529038,33075,6,-21,130,-312,-119,-1973
3571530038,33083,-14,8,132,-550,64,-2080
3571531038,33091,-7,24,133,-533,54,-2262
3571532038,33099,3,41,144,70,-76,-2047
3571533038,33107,-17,56,136,-154,-41,-1892
3571534038,33115,-3,43,139,22,42,-2021
3571535038,33124,23,43,145,210,169,-2189
3571536038,33132,28,39,142,425,122,-1781
3571537038,33140,14,49,146,-118,-131,-1524
3571538040,33149,20,41,148,130,-204,-1905
3571539038,33157,7,38,144,205,-218,-1559
3571540038,33165,-22,42,150,-23,-120,-1513
3571541038,33174,-1,30,145,344,-57,-1816
3571542038,33183,-8,33,144,276,227,-1848
3571543040,33192,-5,17,148,316,258,-1977
3571544038,33200,16,4,157,773,191,-1915
3571545038,33209,23,-22,143,516,-79,-1941
3571546038,33218,13,-35,135,800,-259,-1852
3571547038,33228,10,-48,149,336,-219,-1960
3571548038,33237,12,-60,143,287,-59,-2079
3571549038,33246,6,-62,143,-115,345,-2234
3571550038,33255,34,-78,144,150,-29,-1952
3571551038,33264,24,-67,148,218,61,-1942
3571552038,33274,-5,-59,147,-234,61,-2413
3571553038,33283,20,-51,152,192,589,-2674
3571554038,33293,10,-43,156,-98,-14,-2708
3571555038,33302,21,-54,147,-149,-357,-2375
3571556038,33311,-5,-35,152,193,-692,-2380
3571557038,33321,-44,-19,153,-556,-115,-2571
3571558038,33330,-7,-15,148,-367,-68,-2341
3571559038,33339,-33,17,151,-424,57,-2084
3571560038,33348,-23,23,151,-442,292,-2129
3571561038,33357,-10,40,153,-246,171,-1871
3571562038,33365,16,35,142,109,102,-1855
3571563038,33374,10,38,141,206,-65,-1785
3571564038,33383,26,23,150,163,-47,-1551
3571565038,33392,21,23,148,342,-166,-1456
3571566038,33400,18,12,154,-94,-123,-1559
3571567038,33409,26,6,149,129,51,-1604
3571568038,33417,21,1,161,-22,-370,-1639
3571569038,33426,-3,20,153,126,-288,-1983
3571570038,33434,-11,18,160,174,-215,-2022
3571571038,33443,-6,-8,155,10,-150,-2154
3571572038,33451,-35,-4,160,4,-260,-1808
3571573038,33459,-33,-7,162,-289,-225,-1569
3571574038,33467,-42,-2,161,209,-82,-1630
3571575038,33475,-53,15,165,-196,137,-2164
3571576038,33483,-14,3,156,321,227,-2282
3571577038,33491,-24,5,152,213,-5,-2205
3571578038,33499,-9,-7,149,297,280,-2286
3571579038,33507,-2,-7,154,99,386,-2316
3571580038,33515,25,-18,152,-121,151,-2216
3571581038,33523,24,-12,160,182,-169,-2124
3571582038,33531,14,-8,170,-253,-18,-2427
3571583038,33539,16,8,163,22,147,-2547
3571584038,33547,-2,30,160,512,-238,-2607
3571585038,33556,4,7,162,110,-128,-2459
3571586038,33564,-8,2,146,168,-210,-2312
3571587038,33572,-18,-5,149,-139,-235,-2023
3571588038,33580,-6,-4,142,62,226,-1825
3571589038,33588,-21,14,142,-391,127,-2123
3571590038,33596,-8,26,141,-32,56,-2301
3571591038,33605,-20,43,149,59,-162,-2062
3571592038,33613,-27,33,148,263,2,-1966
3571593038,33622,-9,21,149,526,109,-1943
3571594040,33631,12,-10,157,296,-139,-1681
3571595038,33639,4,-12,158,12,97,-1544
3571596038,33648,16,-15,165,-245,185,-1847
3571597038,33657,24,6,170,-11,22,-1997
3571598038,33666,4,24,163,58,105,-1916
3571599038,33675,13,4,160,415,-144,-1777
3571600038,33684,16,-4,157,506,-268,-1677
3571601038,33693,18,-16,162,363,-480,-1530
3571602038,33702,-8,-6,160,81,-92,-1549
3571603038,33710,2,-11,157,-403,-120,-2095
3571604038,33719,16,-7,163,167,-2,-2033
3571605038,33728,-5,14,152,66,319,-1817
3571606038,33737,12,-4,153,431,214,-2041
3571607038,33746,41,-35,140,377,353,-2245
3571608038,33755,40,-55,149,193,-237,-1936
3571609038,33763,9,-41,152,-13,-694,-1454
3571610038,33772,-22,-20,167,-588,-538,-2166
3571611038,33781,-36,-9,169,-404,-355,-2389
3571612038,33789,-41,14,167,312,-21,-2399
3571613038,33797,-20,5,165,716,487,-2113
3571614038,33806,22,-36,140,742,362,-2249
3571615038,33814,29,-54,145,405,21,-2586
3571616038,33822,24,-78,129,66,-203,-1954
3571617038,33830,-6,-63,140,-278,-469,-1660
3571618038,33838,-36,-23,147,-442,-420,-2254
3571619038,33846,-36,19,147,-252,-22,-2648
3571620038,33854,-43,19,140,-261,-158,-2280
3571621038,33863,-22,18,148,195,134,-2432
3571622038,33871,-7,-9,144,188,391,-2339
3571623038,33879,15,-20,131,274,502,-1896
3571624038,33887,24,-17,137,100,136,-1910
3571625038,33895,21,-23,130,-383,-107,-2304
3571626038,33903,5,-2,135,-398,-129,-2128
3571627038,33911,-5,24,141,-183,-336,-1679
3571628038,33920,-7,38,144,-168,-89,-2177
3571629038,33928,-15,38,141,-92,-305,-2133
3571630038,33936,-18,33,162,153,-486,-1812
3571631038,33945,-33,56,167,486,1077,-1675
3571632038,33953,52,4,150,658,758,-2264
3571633038,33961,55,-20,130,890,-102,-1911
3571634038,33970,46,-37,129,846,-361,-1970
3571635038,33978,31,-54,134,229,-390,-2002
3571636038,33987,5,-18,145,-492,-28,-1844
3571637039,33996,6,-5,152,-444,-53,-1609
3571638038,34004,3,16,147,-52,291,-1715
3571639038,34013,-6,36,145,438,-44,-1913
3571640038,34022,-15,33,135,571,55,-2111
3571641038,34030,9,-5,118,912,-145,-2497
3571642038,34039,7,-40,118,783,49,-1876
3571643038,34047,-4,-47,104,484,275,-1799
3571644038,34055,24,-66,103,322,269,-1992
3571645038,34064,25,-62,101,-40,-97,-2097
3571646038,34072,6,-48,111,-472,7,-2183
3571647038,34081,-10,-31,113,-366,-313,-2292
3571648038,34090,-11,-18,135,-172,-167,-2119
3571649038,34099,-25,-14,135,73,14,-1831
3571650038,34107,-25,-18,124,-38,40,-2261
3571651038,34116,1,-45,126,360,186,-2517
3571652038,34124,11,-56,110,1,102,-1979
3571653038,34133,-15,-51,117,118,33,-1839
3571654038,34141,-13,-50,105,-400,-9,-2122
3571655038,34150,17,-59,102,-290,253,-2390
3571656038,34158,12,-43,102,-55,48,-2120
3571657038,34167,7,-33,104,46,-445,-1941
3571658038,34175,-18,-5,115,-17,-483,-2229
3571659038,34184,-21,1,119,-87,-101,-2222
3571660038,34192,-23,5,123,-6,35,-1865
3571661038,34200,-23,8,127,-25,-254,-1888
3571662038,34209,-50,18,136,438,724,-1861
3571663038,34217,8,18,114,-200,1029,-2547
3571664038,34225,68,-37,109,658,282,-2095
3571665038,34234,50,-31,100,58,-560,-1861
3571666038,34242,29,-32,110,-404,-143,-2036
3571667038,34250,21,-16,112,-461,-136,-1846
3571668038,34258,-16,24,124,-574,-184,-1810
3571669038,34267,-10,33,128,-281,-62,-1917
3571670038,34275,-7,31,124,173,336,-1721
3571671038,34283,2,18,117,371,130,-1693
3571672038,34291,3,7,115,576,330,-1997
3571673038,34300,43,-31,105,406,108,-2149
3571674038,34308,58,-53,96,302,140,-2110
3571675038,34316,40,-62,92,279,-323,-2075
3571676038,34324,29,-59,102,-137,-292,-1960
3571677038,34332,8,-33,121,-509,-408,-1794
3571678038,34340,-12,12,127,-382,367,-1849
3571679038,34349,-15,27,130,-121,200,-1955
3571680038,34357,10,17,125,629,214,-2184
3571681038,34366,27,-32,117,762,6,-2352
3571682038,34374,28,-73,101,272,-49,-2314
3571683038,34383,18,-79,103,1,-337,-1840
3571684038,34391,6,-73,101,-192,-225,-1823
3571685038,34399,-9,-51,102,-679,-273,-2099
3571686038,34407,-30,-16,105,-416,-77,-2333
3571687038,34416,-26,3,105,-3,-214,-2148
3571688038,34425,-22,2,104,36,1,-1977
3571689038,34433,-27,-2,94,248,-25,-2290
3571690038,34442,-10,-19,88,288,-103,-2270
3571691038,34450,-9,-27,87,217,329,-2083
3571692038,34459,16,-49,76,-428,440,-2292
3571693038,34467,33,-53,77,-42,-163,-2382
3571694038,34476,4,-29,70,-361,-382,-2131
3571695038,34484,-12,3,81,-656,-759,-2005
3571696038,34493,-68,51,106,-69,-271,-1766
3571697038,34502,-85,81,103,148,1248,-2403
3571698038,34510,-1,49,83,141,1317,-2173
3571699038,34519,74,-34,66,985,749,-1801
3571700038,34528,59,-71,61,133,-513,-1763
3571701038,34537,20,-39,64,-482,-716,-1935
3571702038,34545,4,-19,75,-481,-592,-2000
3571703038,34554,-20,12,84,-454,-485,-2290
3571704038,34563,-27,41,88,-75,-92,-1992
3571705038,34572,-22,36,89,415,-73,-1419
3571706038,34581,-21,17,81,589,390,-1684
3571707038,34590,-10,8,80,278,445,-2070
3571708038,34599,36,-35,72,515,463,-2136
3571709038,34608,13,-40,62,338,-188,-1803
3571710038,34617,26,-51,57,157,-169,-2136
3571711038,34626,12,-35,66,-304,-237,-2020
3571712038,34635,-3,-1,65,-428,7,-2099
3571713038,34644,18,11,78,-309,124,-2066
3571714038,34653,13,25,72,26,-176,-2101
3571715038,34662,6,21,66,95,3,-2041
3571716038,34671,11,13,57,872,59,-1817
3571717038,34679,39,-25,61,265,-145,-1994
3571718038,34688,20,-31,40,-25,-139,-2061
3571719038,34697,-1,-6,22,357,-268,-1877
3571720038,34705,8,-5,17,375,-293,-1805
3571721038,34714,9,-26,6,-135,-263,-2650
3571722038,34723,6,-33,9,165,-173,-2276
3571723038,34731,-8,-10,12,-165,-139,-1676
3571724038,34740,-1,-6,16,-189,183,-2417
3571725038,34749,-21,6,22,-10,-84,-2670
3571726038,34757,-24,4,31,258,-29,-2428
3571727038,34766,-18,-13,34,-41,10,-1818
3571728038,34775,-24,-17,25,-114,688,-1956
3571729038,34784,5,-24,25,281,347,-2397
3571730038,34793,45,-46,28,-5,242,-2342
3571731038,34802,34,-60,28,-326,-314,-2347
3571732038,34810,-3,-26,27,-690,-458,-2197
3571733038,34819,-6,3,47,-416,-341,-2065
3571734038,34828,-25,31,47,-497,-164,-1900
3571735038,34837,-44,57,49,-84,206,-2059
3571736038,34846,-5,29,40,309,159,-2116
3571737038,34855,23,-9,31,277,144,-2261
3571738038,34864,10,-17,31,-139,42,-1768
3571739038,34873,9,-20,36,-157,-415,-1714
3571740038,34882,-6,7,37,-251,2,-1817
3571741038,34891,3,31,39,-164,194,-2170
3571742038,34900,10,24,37,184,-156,-1613
3571743038,34909,3,32,47,163,-187,-1676
3571744038,34918,-6,25,46,-72,-351,-1684
3571745038,34927,-17,34,43,-175,377,-1991
3571746038,34936,-5,21,44,109,237,-1894
3571747039,34945,10,-1,26,276,-150,-2109
3571748038,34953,1,-8,27,204,-475,-1837
3571749038,34962,-24,5,26,148,480,-1782
3571750038,34971,17,-8,20,179,333,-2061
3571751038,34979,33,-15,12,702,-64,-2157
3571752038,34988,10,-22,16,-18,-42,-2079
3571753038,34997,17,-28,21,9,-155,-1921
3571754038,35005,3,-13,35,-49,67,-2210
3571755038,35014,10,-24,27,-15,396,-2277
3571756038,35023,22,-34,21,185,142,-1949
3571757038,35032,34,-54,27,200,24,-2249
3571758038,35040,26,-65,22,6,-253,-2343
3571759038,35049,-7,-43,31,-247,-267,-2055
3571760038,35058,-17,-35,30,-10,-162,-2199
3571761039,35067,-21,-24,39,242,-12,-2616
3571762038,35075,-10,-27,32,-171,134,-2487
3571763038,35084,-10,-44,22,114,-435,-2170
3571764038,35093,-30,-39,29,-241,-236,-2185
3571765038,35101,-35,-9,27,-616,281,-2501
3571766038,35110,-18,-14,26,-354,136,-2236
3571767038,35119,5,-11,22,-337,131,-2074
3571768038,35127,-10,-1,15,-219,-112,-1968
3571769038,35136,-21,13,18,-344,58,-1884
3571770038,35145,-5,20,22,-154,174,-1949
3571771038,35153,-7,21,19,-18,114,-1836
3571772038,35162,-6,18,24,45,-22,-1808
3571773038,35171,-7,18,24,104,-25,-1688
3571774038,35180,6,10,22,240,111,-2172
3571775038,35189,4,11,25,-4,38,-2192
3571776038,35197,-6,10,13,156,-91,-1941
3571777038,35206,5,-9,19,121,-101,-2002
3571778038,35215,4,-15,26,-94,-89,-2246
3571779038,35224,-16,-7,27,-39,83,-1511
3571780038,35233,-26,20,29,-103,68,-1584
3571781038,35242,-4,21,26,-314,369,-2407
3571782038,35251,19,8,30,52,328,-2326
3571783038,35260,21,1,27,198,-47,-1871
3571784038,35269,28,-8,28,-170,-145,-1862
3571785038,35278,11,12,20,72,-381,-2139
3571786038,35287,-10,23,23,466,-1228,-2238
3571787038,35295,-79,65,29,1180,151,-1567
3571788038,35304,-1,36,2,22,817,-1951
3571789038,35313,61,-28,7,960,558,-1908
3571790038,35322,51,-31,-22,1240,-315,-1713
3571791038,35331,3,-39,-3,42,-302,-1944
3571792038,35340,17,-34,-3,-152,-273,-2051
3571793039,35349,-1,-19,13,79,127,-2105
3571794038,35357,-25,14,6,-227,79,-1786
3571795040,35367,2,-9,16,61,482,-1630
3571796038,35376,18,-29,16,514,667,-1987
3571797038,35385,48,-74,17,318,-5,-2240
3571798038,35394,54,-86,19,275,-42,-2354
3571799038,35403,21,-80,28,-188,-321,-2355
3571800038,35412,-7,-46,30,-292,-317,-2269
3571801038,35421,-11,-19,28,-192,-91,-2291
3571802038,35430,6,-22,26,167,-249,-2511
3571803038,35439,-3,-21,30,-496,-207,-2474
3571804038,35448,-24,-7,30,-278,-249,-2280
3571805038,35456,-23,9,31,-228,-67,-2470
3571806038,35465,-29,27,34,-379,-269,-2442
3571807038,35474,-52,46,31,55,-464,-2236
3571808038,35482,-58,57,45,156,2,-2002
3571809038,35491,-19,43,27,403,757,-1961
3571810038,35500,17,10,5,766,84,-1970
3571811038,35508,19,0,-9,1089,-617,-1685
3571812038,35517,8,-3,-3,-232,-557,-1934
3571813038,35525,-8,1,4,-579,-240,-2191
3571814038,35533,4,14,13,-202,27,-1653
3571815038,35542,-14,48,7,51,330,-1316
3571816038,35550,-26,48,4,172,204,-1788
3571817038,35559,9,15,14,190,198,-2334
3571818038,35567,3,8,7,428,93,-1798
3571819038,35576,7,-14,10,-39,123,-1621
3571820038,35584,-5,-10,23,-580,387,-2020
3571821038,35592,12,-8,18,747,411,-2286
3571822038,35601,22,-23,6,891,-77,-1639
3571823038,35609,34,-45,1,173,-312,-2084
3571824038,35618,26,-52,6,144,-481,-2501
3571825038,35626,24,-41,15,-84,-169,-1780
3571826038,35635,2,-5,16,-265,-93,-1702
3571827038,35644,-13,21,17,6,5,-2286
3571828038,35652,5,10,26,196,-76,-2558
3571829038,35661,9,-24,24,319,83,-1970
3571830038,35670,16,-27,18,317,498,-1713
3571831038,35679,26,-35,20,263,175,-1813
3571832038,35687,-8,-6,24,106,-318,-1951
3571833038,35696,-13,-7,18,-360,-126,-2478
3571834038,35705,18,-31,29,216,-290,-2079
3571835038,35714,-8,-17,29,335,172,-1827
3571836038,35723,-11,-5,20,-250,192,-1954
3571837038,35731,22,-32,26,6,54,-2436
3571838038,35740,-10,-25,39,-552,-233,-2130
3571839038,35749,-13,-35,43,-341,-447,-2151
3571840038,35758,-46,6,39,-455,-149,-1968
3571841038,35766,-35,13,41,-246,354,-2325
3571842038,35775,-23,4,49,-88,-13,-2215
3571843038,35784,-27,7,41,-84,-223,-2161
3571844038,35793,-43,16,51,187,-187,-1896
3571845038,35801,-36,27,41,-14,564,-2054
3571846038,35810,26,-33,29,151,437,-2239
3571847038,35818,30,-41,29,47,-236,-1909
3571848038,35827,4,-34,24,243,-393,-1864
3571849038,35835,-9,-26,44,-586,-348,-1815
3571850038,35843,-22,-2,46,-682,-288,-2153
3571851038,35852,-45,29,47,-259,-352,-1914
3571852038,35860,-53,40,52,226,333,-1883
3571853038,35869,-35,28,45,60,705,-2199
3571854038,35877,15,-27,43,478,315,-2249
3571855038,35885,15,-52,30,-64,-80,-1877
3571856038,35893,4,-46,26,-369,-20,-2054
3571857038,35901,7,-27,42,-601,-224,-2128
3571858038,35909,-7,1,38,-513,-161,-2111
3571859038,35918,-15,31,55,-320,-173,-2010
3571860038,35926,-9,35,57,129,-228,-1755
3571861038,35934,-34,49,56,390,97,-1843
3571862038,35942,-30,44,61,25,446,-1932
3571863038,35951,9,14,49,534,471,-1808
3571864038,35959,36,-23,40,562,318,-2164
3571865038,35967,46,-52,41,230,-14,-1901
3571866038,35975,25,-22,45,-288,28,-1776
3571867038,35984,18,-19,42,-286,-80,-1984
3571868038,35992,26,-8,55,-140,-133,-2182
3571869038,36001,12,-4,61,38,-199,-1939
3571870038,36009,12,-15,66,-105,-156,-1877
3571871038,36018,-4,-12,76,285,-408,-1931
3571872038,36027,-23,-11,70,30,-189,-2142
3571873038,36035,-11,-26,67,153,-4,-2430
3571874038,36044,-24,-21,61,277,-44,-2437
3571875038,36052,-12,-38,52,145,-105,-2257
3571876038,36061,-11,-32,51,124,-98,-2378
3571877038,36070,-18,-21,47,-158,-392,-2302
3571878038,36078,-28,-8,55,-253,-157,-2124
3571879038,36087,-42,17,59,-369,-84,-2151
3571880038,36095,-37,23,56,-187,152,-2259
3571881038,36104,-39,14,57,51,200,-2107
3571882038,36113,-32,15,59,70,220,-1966
3571883038,36122,-13,-2,54,-34,73,-1944
3571884038,36130,-14,-7,56,-102,-98,-2167
3571885038,36139,-15,-2,51,390,-10,-1877
3571886038,36148,-9,-12,49,302,-34,-1443
3571887038,36156,2,-19,39,65,21,-1914
3571888038,36165,12,-24,49,116,-117,-1719
3571889038,36173,12,-21,44,85,-289,-1556
3571890038,36182,-4,-10,45,-150,7,-1570
3571891038,36191,-3,-18,50,6,-206,-1788
3571892038,36199,-27,-5,56,130,-327,-1946
3571893038,36208,-29,-20,64,8,-185,-1735
3571894038,36217,-22,-25,55,207,355,-1730
3571895038,36225,-2,-32,51,220,391,-2064
3571896038,36234,46,-55,48,227,34,-1850
3571897038,36242,23,-57,52,81,52,-1727
3571898038,36251,25,-44,40,-256,177,-2206
3571899038,36259,33,-42,53,-425,168,-2276
3571900038,36268,38,-34,50,-268,-75,-2088
3571901038,36276,16,-4,62,-119,-260,-2140
3571902038,36285,-18,13,65,-80,-158,-2122
3571903038,36293,-10,9,69,-76,400,-2228
3571904038,36302,13,-2,52,153,469,-2528
3571905038,36310,42,-34,54,233,177,-2482
3571906038,36319,17,-30,57,-70,-615,-2402
3571907038,36327,-32,-9,63,-85,-152,-2387
3571908038,36336,-40,20,74,-432,294,-2256
3571909038,36344,-10,12,69,-230,389,-2173
3571910038,36352,-14,0,66,207,33,-2526
3571911038,36361,-11,-19,75,-50,179,-2280
3571912038,36369,4,-26,74,-162,285,-2038
3571913038,36378,-4,-9,80,-367,-6,-2074
3571914038,36386,1,2,86,-132,-105,-2246
3571915038,36394,-25,10,88,313,-297,-1858
3571916038,36403,-20,-9,86,30,97,-1966
3571917038,36411,-2,-22,84,154,409,-1898
3571918038,36419,-1,-35,77,208,-2,-1794
3571919038,36428,5,-44,90,-30,-168,-1803
3571920038,36436,-7,-45,84,-66,-388,-1866
3571921038,36444,-14,-37,97,-162,-273,-1761
3571922038,36452,-18,-36,96,-99,-423,-1721
3571923038,36461,-31,-24,106,-173,-203,-1931
3571924038,36469,-26,-18,105,-37,-59,-1867
3571925038,36477,-8,-28,101,-193,158,-1833
3571926038,36485,-1,-30,103,-130,-114,-1911
3571927038,36493,3,-22,105,-135,68,-1930
3571928038,36502,1,-16,108,-467,120,-2096
3571929038,36510,9,-24,111,-202,-151,-2043
3571930038,36518,-15,-4,105,-246,-325,-2105
3571931038,36526,-15,1,104,-33,-287,-2130
3571932038,36534,0,-9,110,-158,86,-1931
3571933038,36542,1,3,108,-278,17,-2068
3571934038,36550,3,3,98,-7,-90,-2206
3571935038,36558,6,4,107,-87,-140,-2155
3571936038,36567,9,-3,108,-38,-212,-2492
3571937038,36575,-20,10,100,-23,-624,-2328
3571938038,36583,-39,12,107,-112,-1006,-2129
3571939038,36591,-77,33,110,297,978,-2322
3571940038,36599,-33,41,94,-92,880,-2428
3571941038,36607,42,-35,85,677,330,-2164
3571942038,36615,33,-51,73,461,-527,-2218
3571943038,36624,8,-51,85,-226,-238,-2425
3571944038,36632,-8,-38,78,-182,-684,-2145
3571945038,36640,-35,-10,90,-211,-461,-2146
3571946038,36648,-36,-3,102,189,-381,-1944
3571947038,36657,-67,12,109,408,41,-1769
3571948038,36665,-51,-14,100,168,422,-1766
3571949038,36674,-16,-42,96,320,352,-1915
3571950038,36682,-17,-60,90,381,322,-1973
3571951038,36691,-2,-74,87,-55,471,-2041
3571952038,36699,17,-77,86,255,-48,-1922
3571953038,36708,3,-72,81,-210,-801,-1933
3571954038,36716,-7,-71,106,-433,-395,-1823
3571955038,36725,-42,-22,110,-702,356,-1814
3571956038,36734,18,-37,114,-309,405,-1709
3571957038,36743,14,-28,107,125,-98,-1912
3571958038,36751,20,-36,119,-332,105,-2062
3571959038,36760,37,-50,121,-209,-6,-2161
3571960038,36769,3,-16,115,-448,-382,-2238
3571961038,36777,11,-10,108,-16,-103,-2210
3571962038,36786,39,-10,107,164,-81,-2148
3571963038,36794,28,21,98,-39,-324,-2396
3571964038,36803,-31,42,112,15,-59,-1952
3571965038,36811,-1,53,118,-410,419,-1966
3571966038,36820,28,30,121,311,106,-2126
3571967038,36829,9,38,123,577,-274,-1762
3571968038,36837,-32,39,133,512,122,-1678
3571969038,36846,-2,5,132,619,300,-2114
3571970038,36854,13,-24,127,433,80,-2392
3571971038,36863,15,-71,138,411,-130,-1957
3571972038,36871,25,-68,138,337,203,-1850
3571973038,36879,7,-69,135,52,-112,-1826
3571974038,36887,27,-78,126,-30,151,-2235
3571975038,36896,18,-64,121,63,-85,-2441
3571976038,36903,20,-70,125,-277,-446,-2471
3571977038,36911,5,-80,123,-280,-407,-2329
3571978038,36919,-34,-48,122,-520,369,-2436
3571979038,36926,18,-69,119,-498,349,-2434
3571980038,36934,20,-66,100,-253,-145,-2458
3571981038,36941,10,-57,108,-366,-333,-2290
3571982038,36948,-10,-45,98,-338,-259,-2185
3571983039,36956,-23,-7,102,-463,-140,-2037
3571984038,36963,-14,-9,108,-307,79,-1962
3571985038,36970,-22,-7,105,191,-82,-1891
3571986038,36977,-27,-12,109,-35,51,-1627
3571987039,36985,-8,-25,109,48,140,-1515
3571988038,36992,-10,-19,114,-310,68,-1732
3571989038,36999,3,-14,117,-31,87,-1857
3571990038,37007,-7,-4,127,-377,-24,-1746
3571991038,37014,12,-7,123,42,-119,-1684
3571992038,37022,-21,3,126,272,282,-1828
3571993038,37030,23,-28,126,34,388,-1753
3571994038,37038,54,-44,117,368,324,-1830
3571995038,37046,31,-47,120,-178,-109,-1817
3571996038,37054,45,-50,120,-383,-31,-2069
3571997038,37062,21,-27,130,-650,-325,-2010
3571998039,37071,7,6,132,-640,422,-2234
3571999040,37079,4,12,126,86,260,-2262
3572000038,37088,48,-2,127,289,73,-1958
3572001038,37097,34,-12,119,125,-46,-2099
3572002038,37105,17,-21,120,-293,-50,-2340
3572003038,37114,10,-19,125,-273,-560,-2146
3572004038,37123,-10,-12,130,-120,-631,-2058
3572005038,37132,-44,10,136,-445,92,-2246
3572006038,37141,-26,4,129,125,300,-2482
3572007038,37150,4,-28,113,414,181,-2294
3572008038,37159,9,-30,119,563,62,-2212
3572009038,37168,-4,-44,115,81,210,-2199
3572010038,37177,20,-48,119,-57,196,-1993
3572011038,37186,11,-40,116,-99,-71,-2025
3572012038,37195,20,-47,116,-228,-212,-1906
3572013038,37204,22,-41,115,59,-12,-1928
3572014038,37213,-2,-32,118,-221,-68,-2012
3572015038,37222,25,-34,117,175,29,-2000
3572016038,37231,3,-38,118,184,-382,-2095
3572017038,37240,12,-51,116,3,-25,-2100
3572018038,37249,8,-62,119,124,-240,-2021
3572019038,37257,0,-67,105,-274,-139,-1986
3572020038,37266,-4,-59,106,-177,-262,-1986
3572021038,37274,-35,-38,114,-501,-300,-2000
3572022038,37283,-26,-39,111,-304,-269,-1949
3572023038,37291,-42,-21,111,-12,-214,-1870
3572024038,37300,-47,-26,108,-272,96,-1873
3572025038,37308,-27,-28,109,-132,122,-1692
3572026038,37316,-25,-33,110,-6,367,-1843
3572027038,37324,-12,-39,106,-156,1056,-1816
3572028038,37332,46,-51,90,-98,779,-2184
3572029038,37340,75,-72,95,62,13,-2211
3572030038,37348,45,-66,99,43,-492,-2078
3572031038,37356,23,-53,103,-625,-60,-2113
3572032038,37364,36,-38,118,-561,261,-2150
3572033038,37372,33,-21,111,-292,-217,-2203
3572034038,37380,8,-19,122,-342,-104,-2306
3572035038,37388,-7,-11,114,-69,69,-2466
3572036038,37397,-10,-9,118,-134,67,-2448
3572037038,37405,4,-23,110,-124,146,-2160
3572038038,37413,-24,-4,101,-187,27,-2313
3572039038,37421,-6,-20,103,-142,-139,-2396
3572040038,37429,-18,-12,104,-61,-183,-2022
3572041038,37438,-45,7,116,-233,8,-1949
3572042038,37446,-28,16,113,-115,419,-2089
3572043038,37455,16,5,113,207,286,-2030
3572044038,37464,31,-16,107,298,192,-1921
3572045038,37472,33,-20,101,456,-146,-2059
3572046038,37481,15,-27,112,130,-404,-1901
3572047038,37490,8,-11,122,237,342,-1638
3572048038,37499,16,-22,110,2,414,-1882
3572049038,37508,44,-36,120,-52,313,-1890
3572050038,37517,41,-44,113,347,-169,-1955
3572051038,37526,3,-43,122,-166,-233,-1991
3572052038,37536,-3,-32,118,77,-102,-2033
3572053038,37545,-4,-31,125,45,-174,-2071
3572054038,37554,-8,-48,114,82,-140,-1903
3572055038,37563,-25,-42,109,-6,-156,-2084
3572056038,37572,-5,-54,114,-5,260,-2087
3572057038,37581,-11,-32,110,-266,162,-2238
3572058038,37590,7,-43,110,-367,69,-2224
3572059038,37600,8,-40,107,66,-263,-2249
3572060038,37609,-8,-21,105,129,-24,-2100
3572061038,37618,-22,-13,93,422,-137,-2140
3572062038,37627,-22,-12,92,-69,-232,-1856
3572063038,37636,-9,-23,94,209,-136,-2134
3572064039,37645,-17,-18,71,327,56,-2000
3572065038,37653,-16,-21,78,255,85,-1624
3572066038,37662,-2,-20,66,325,94,-1813
3572067038,37671,-5,-29,65,0,10,-2224
3572068038,37679,-1,-33,70,324,45,-2019
3572069038,37688,3,-45,73,407,-6,-1656
3572070038,37697,8,-62,84,-3,116,-1770
3572071038,37706,12,-65,80,79,235,-1801
3572072038,37715,1,-60,88,-95,66,-1835
3572073038,37724,33,-80,92,-87,164,-2069
3572074038,37732,-8,-44,100,-32,50,-1822
3572075038,37741,6,-52,104,-274,191,-1884
3572076038,37750,1,-26,97,-164,141,-2358
3572077038,37759,5,-12,98,181,146,-2367
3572078038,37768,20,-28,90,220,-1,-2038
3572079038,37777,37,-28,87,-95,-295,-2542
3572080038,37785,13,-13,82,-157,-650,-2447
3572081038,37794,2,8,86,-393,-697,-2145
3572082038,37802,-21,50,92,-114,856,-2378
3572083038,37811,48,39,77,234,361,-2750
3572084038,37819,50,20,65,828,-175,-2232
3572085038,37828,29,-2,76,407,-383,-1887
3572086038,37836,16,13,73,-78,-319,-1989
3572087038,37845,-18,14,86,-578,-252,-1668
3572088038,37853,-1,21,90,-218,16,-1875
3572089038,37862,-29,29,85,107,71,-2103
3572090038,37871,-29,14,86,403,52,-2094
3572091038,37879,-6,-15,82,814,134,-2053
3572092038,37888,-12,-51,87,365,33,-2098
3572093038,37896,-11,-60,78,284,416,-1756
3572094038,37905,22,-84,81,-102,695,-2067
3572095038,37913,34,-94,72,223,36,-2270
3572096038,37922,15,-97,71,6,-305,-2129
3572097038,37931,3,-67,86,-582,-379,-1821
3572098038,37939,-14,-32,92,-218,-125,-2138
3572099038,37948,-26,-7,100,-230,224,-2009
3572100038,37957,-5,-20,98,69,463,-1910
3572101038,37966,20,-36,85,445,334,-1965
3572102038,37975,49,-74,86,211,151,-2269
3572103038,37984,42,-81,82,-122,-146,-1872
3572104038,37993,31,-71,80,-271,-384,-1904
3572105038,38002,17,-46,88,-613,-428,-2009
3572106038,38011,2,-33,93,-676,-329,-1963
3572107038,38020,-18,-23,97,-737,-896,-1880
3572108038,38029,-62,-3,105,-77,-217,-1551
3572109038,38038,-91,32,110,-322,567,-1730
3572110038,38047,-1,7,90,-105,634,-2313
3572111038,38056,20,-6,86,625,124,-2319
3572112038,38065,17,-25,83,-147,-47,-2358
3572113038,38074,19,-25,77,-11,208,-2330
3572114038,38083,16,-3,77,-243,-14,-2137
3572115038,38092,25,12,85,-584,-81,-2086
3572116038,38101,25,34,80,-392,-300,-2107
3572117038,38110,-1,54,91,-26,-410,-2095
3572118038,38119,-10,66,91,49,-342,-2199
3572119038,38128,-16,45,90,210,-7,-2200
3572120038,38137,-11,33,80,323,359,-2389
3572121038,38146,9,-4,76,622,140,-2148
3572122038,38155,1,-14,66,357,-317,-2052
3572123038,38164,-5,-37,69,24,-305,-2044
3572124038,38172,-19,-41,64,-254,-234,-2090
3572125038,38181,-35,-18,69,-382,-351,-2079
3572126038,38190,-37,-1,81,-234,-187,-1936
3572127038,38199,-55,16,81,289,90,-2042
3572128038,38208,-33,4,83,252,169,-2293
3572129038,38217,-13,-23,75,608,323,-2077
3572130038,38226,-9,-41,73,56,426,-1746
3572131039,38235,8,-48,67,109,126,-1730
3572132038,38243,4,-44,69,-154,-19,-1800
3572133038,38252,-13,-34,70,-136,115,-1863
3572134038,38261,0,-30,72,74,111,-2045
3572135038,38270,10,-36,81,108,171,-2114
3572136038,38279,10,-37,73,-109,268,-1906
3572137038,38288,13,-41,74,69,28,-1849
3572138038,38297,18,-35,72,-104,-58,-2001
3572139038,38306,1,-36,80,-317,11,-1845
3572140038,38315,-9,-34,76,-224,274,-1797
3572141038,38324,9,-40,77,-177,113,-1780
3572142038,38333,5,-47,72,-166,-318,-1748
3572143038,38342,-17,-20,62,-8,283,-1949
3572144038,38351,26,-22,75,-53,516,-2194
3572145038,38360,41,-20,51,436,256,-2177
3572146038,38369,26,-37,68,537,-215,-1892
3572147038,38378,7,-11,60,374,-357,-1705
3572148038,38387,16,-9,66,-164,14,-2193
3572149038,38396,3,8,67,-518,-188,-2509
3572150038,38405,13,9,63,361,-391,-2736
3572151038,38414,-11,46,45,732,-554,-1992
3572152038,38424,-7,40,37,282,-115,-2462
3572153040,38433,4,17,25,338,193,-2595
3572154038,38441,22,12,25,361,14,-1811
3572155038,38450,19,9,24,195,168,-1683
3572156038,38459,6,27,24,-171,106,-2147
3572157038,38468,-6,33,32,70,15,-2504
3572158038,38478,-9,26,33,417,-205,-2113
3572159038,38487,-14,9,38,435,-140,-1868
3572160038,38496,-13,-10,44,428,135,-1898
3572161038,38506,6,-46,53,321,69,-1874
3572162038,38515,-2,-57,53,153,-186,-1771
3572163038,38524,-20,-53,64,-195,-338,-1824
3572164038,38534,-23,-49,67,-75,-142,-2023
3572165038,38543,-35,-23,72,-56,192,-2185
3572166038,38552,-9,-52,56,110,277,-2047
3572167038,38561,6,-68,43,131,-159,-2132
3572168038,38571,14,-72,48,-111,-156,-2068
3572169038,38580,-2,-63,43,-245,-183,-1881
3572170038,38588,-11,-29,55,-593,-20,-1974
3572171038,38597,-4,1,59,-742,-41,-2085
3572172038,38606,-10,33,52,-189,223,-2276
3572173038,38615,-19,42,51,26,-104,-2058
3572174038,38624,17,9,51,317,13,-1974
3572175038,38632,10,-8,46,122,-240,-1887
3572176038,38641,8,-16,49,147,24,-1574
3572177038,38649,15,-17,49,131,67,-1620
3572178038,38658,7,-16,46,-326,142,-2036
3572179038,38666,30,-32,45,178,62,-2139
3572180038,38675,10,-26,42,-19,-57,-1975
3572181038,38683,22,-29,46,-315,143,-1841
3572182038,38692,11,-26,38,384,-426,-1928
3572183038,38700,-3,-22,52,15,-320,-2103
3572184038,38709,-6,-19,54,-77,207,-1971
3572185038,38717,6,-29,49,-74,158,-2149
3572186038,38726,11,-30,41,18,-126,-2305
3572187038,38734,2,-28,51,-438,-18,-2211
3572188038,38743,10,-10,46,-113,72,-2340
3572189038,38751,-22,32,44,432,-35,-2384
3572190038,38760,-13,50,41,707,-106,-2290
3572191038,38768,0,34,32,194,217,-2471
3572192038,38777,14,6,22,343,-45,-2590
3572193038,38785,20,-1,18,217,-209,-1963
3572194038,38794,-4,20,24,-295,-166,-1871
3572195038,38803,2,33,18,183,327,-2520
3572196038,38811,-5,42,23,-190,238,-2503
3572197038,38820,11,18,22,76,-27,-1940
3572198038,38829,-11,18,27,265,-131,-1802
3572199038,38838,-28,8,26,133,-67,-1874
3572200038,38847,-20,-7,25,304,-20,-1695
3572201038,38856,-8,-29,22,232,-88,-1916
3572202038,38865,-23,-38,21,255,106,-2030
3572203038,38874,-16,-31,21,424,70,-1865
3572204039,38884,-12,-46,30,-133,-7,-1930
3572205038,38893,-1,-53,30,-247,243,-2017
3572206038,38902,-12,-22,32,-458,-174,-2089
3572207038,38911,-30,9,29,-187,137,-1942
3572208038,38920,-1,5,19,49,515,-2275
3572209038,38930,15,-5,24,326,307,-2487
3572210038,38939,39,-30,8,470,-90,-2111
3572211038,38948,25,-32,3,87,-286,-1477
3572212038,38957,13,-23,13,-343,-287,-1893
3572213038,38966,-16,6,27,-336,-110,-2157
3572214038,38975,-22,13,25,-191,53,-1978
3572215038,38984,-11,16,35,-102,261,-1756
3572216038,38994,-5,-6,29,221,212,-1926
3572217038,39003,-4,-15,23,231,212,-2150
3572218038,39012,2,-33,24,207,112,-2082
3572219038,39021,16,-46,22,112,85,-2120
3572220038,39029,7,-47,26,-319,-59,-2142
3572221038,39038,2,-26,25,-518,-170,-1814
3572222038,39047,-12,3,29,-458,-298,-2272
3572223038,39056,-17,12,24,-228,-10,-2302
3572224038,39064,-25,15,19,62,39,-2217
3572225038,39073,-11,13,14,437,128,-2115
3572226038,39081,20,-20,12,225,72,-2321
3572227038,39089,4,-13,0,-266,-24,-2169
3572228038,39097,-22,7,3,569,-588,-2420
3572229038,39105,-28,28,-5,499,-314,-2079
3572230038,39113,0,32,-4,201,134,-2312
3572231038,39121,-3,38,-3,368,-251,-1949
3572232038,39129,-8,45,-14,316,-205,-1698
3572233038,39137,-19,51,-13,61,215,-1845
3572234038,39145,17,28,-16,127,129,-2835
3572235038,39153,4,29,-21,197,49,-2126
3572236038,39161,8,10,-13,126,194,-1606
3572237038,39169,7,11,-13,-55,226,-1698
3572238038,39177,11,5,-8,-15,-39,-1828
3572239038,39186,-13,7,5,-21,95,-1650
3572240038,39194,-13,8,9,-166,181,-1875
3572241038,39203,9,-6,10,395,164,-2091
3572242038,39211,8,-28,19,557,177,-1958
3572243038,39220,-24,-32,7,-76,49,-1899
3572244038,39229,2,-48,13,-46,170,-1815
3572245038,39237,-8,-38,19,34,-63,-1973
3572246038,39246,-12,-30,21,-588,274,-1909
3572247038,39255,-14,-23,24,-404,96,-1851
3572248038,39264,8,-22,24,10,-5,-2151
3572249038,39273,9,-21,22,283,-33,-2022
3572250038,39282,6,-17,24,523,-283,-1705
3572251038,39292,-7,-5,28,40,95,-1885
3572252038,39300,11,-15,22,-224,346,-2195
3572253038,39309,29,-35,22,97,-86,-1946
3572254038,39318,-1,-12,20,-465,67,-1964
3572255038,39327,13,-27,20,-327,175,-1836
3572256038,39336,31,-29,32,-401,172,-2213
3572257038,39345,9,6,30,-502,-355,-2284
3572258038,39354,-14,33,10,-191,-384,-2336
3572259038,39363,-15,32,11,192,-300,-2628
3572260038,39372,-5,20,2,98,-474,-2422
3572261038,39380,-17,10,2,18,-42,-1822
3572262038,39388,-21,41,-18,-313,308,-1835
3572263038,39396,18,20,-17,87,323,-2572
3572264038,39404,31,20,-17,19,353,-2566
3572265038,39413,14,18,-21,86,-117,-2484
3572266038,39421,7,29,-33,1128,-324,-1583
3572267038,39429,0,13,-27,706,-335,-2079
3572268038,39437,7,-18,-14,261,109,-2392
3572269038,39445,-5,-13,-25,331,22,-2170
3572270038,39453,-2,1,-14,147,148,-1545
3572271038,39461,7,2,-23,159,215,-2334
3572272038,39469,3,-4,-19,232,-30,-2452
3572273038,39477,-3,-6,-19,182,113,-1921
3572274038,39485,-11,-5,-15,67,16,-1433
3572275038,39493,-13,-24,-10,9,178,-2116
3572276038,39501,-6,-47,-5,-284,-144,-2477
3572277038,39509,13,-57,5,1,-66,-1774
3572278038,39517,-3,-41,1,-538,43,-1645
3572279038,39525,-21,1,7,-878,-76,-2384
3572280038,39533,-28,19,12,-121,-182,-2492
3572281038,39541,-21,1,22,233,295,-2079
3572282038,39549,1,-13,26,189,318,-1832
3572283038,39557,22,-22,16,-20,459,-1732
3572284038,39565,13,0,18,-245,243,-1958
3572285038,39574,13,-3,22,-433,17,-2377
3572286038,39582,32,-10,22,-238,-264,-2377
3572287038,39590,15,9,23,264,-207,-1990
3572288038,39598,-29,54,21,597,-110,-1678
3572289038,39606,-18,32,25,361,-108,-1882
3572290038,39615,9,-13,24,16,-209,-2095
3572291038,39623,-14,16,24,269,352,-1431
3572292038,39631,-33,24,18,42,-196,-1282
3572293038,39639,-8,33,0,736,224,-1879
3572294038,39647,4,-10,1,944,21,-2557
3572295038,39655,63,-88,1,734,-22,-1908
3572296038,39663,49,-70,2,-19,-414,-1578
3572297038,39671,-30,4,-12,-576,-847,-1362
3572298038,39678,-52,48,-21,-160,-599,-2449
3572299038,39686,-51,40,-33,579,443,-3067
3572300038,39694,38,-29,-49,942,718,-2056
3572301038,39702,42,-37,-61,1221,350,-1425
3572302038,39709,31,-47,-74,367,-27,-1649
3572303038,39717,30,-55,-52,-596,53,-2486
3572304038,39724,25,-31,-36,-1075,-173,-2815
3572305038,39732,-9,3,-29,-3,-432,-2540
3572306038,39740,-52,30,-14,197,-404,-1724
3572307038,39748,-40,13,3,135,323,-2203
3572308038,39757,-27,-14,3,234,438,-2371
3572309038,39765,-8,-23,8,66,45,-1783
3572310038,39773,-4,-23,13,-215,42,-1691
3572311038,39781,-12,-6,17,-185,302,-2498
3572312039,39789,-17,17,18,12,311,-2469
3572313040,39797,2,17,15,489,185,-1547
3572314038,39805,-3,20,22,-111,237,-1809
3572315038,39813,38,-19,27,-192,175,-2091
3572316038,39821,54,-21,27,76,-397,-1736
3572317038,39829,0,21,28,175,-856,-1633
3572318038,39837,-23,49,26,445,-682,-2060
3572319038,39844,-3,48,36,-343,-116,-2542
3572320038,39852,3,18,19,-39,-142,-2269
3572321038,39860,1,0,11,-216,258,-1594
3572322038,39867,-2,-3,8,-349,148,-1411
3572323038,39874,12,-15,10,-118,-319,-2203
3572324038,39882,-5,-6,24,-361,9,-2036
3572325038,39889,-20,4,32,-495,131,-1946
3572326038,39897,-14,-1,39,42,489,-1899
3572327038,39904,30,-52,34,287,194,-2149
3572328038,39912,33,-62,45,83,154,-2214
3572329038,39919,28,-51,28,29,55,-2342
3572330038,39926,2,-23,33,-187,-444,-2535
3572331038,39933,-10,-10,33,-235,-225,-2661
3572332038,39941,-17,-1,26,-86,260,-2758
3572333038,39948,-16,1,27,-315,57,-2222
3572334038,39954,-25,19,22,-29,372,-1616
3572335038,39961,-8,22,25,-128,681,-1951
3572336038,39969,29,-7,29,0,413,-2484
3572337038,39976,38,-18,37,106,177,-2423
3572338038,39983,17,1,24,528,-180,-2115
3572339038,39990,0,19,19,1091,-416,-1738
3572340038,39997,-15,27,6,1419,-669,-1793
3572341038,40004,4,-15,-2,867,-153,-1901
3572342038,40011,28,-44,4,143,202,-1787
3572343038,40018,65,-42,-15,328,177,-1239
3572344038,40025,11,25,-23,560,-389,-1651
3572345038,40032,-19,50,-27,594,-556,-2350
3572346038,40040,-19,28,-27,176,-89,-2505
3572347038,40047,-3,-12,-27,591,-40,-2118
3572348038,40054,-12,-21,-30,441,261,-1150
3572349038,40061,-18,-35,-18,-55,244,-1471
3572350038,40069,-15,-32,-15,-311,163,-2592
3572351038,40077,-35,-26,-9,-702,426,-2619
3572352038,40084,-40,-5,7,-573,267,-2290
3572353038,40092,-49,6,27,-468,349,-1961
3572354038,40100,-15,-16,23,-139,746,-2306
3572355038,40109,19,-36,31,167,690,-2172
3572356038,40117,18,-41,21,116,301,-1953
3572357038,40125,30,-57,32,-97,202,-2121
3572358038,40133,36,-52,34,-311,275,-2450
3572359038,40141,40,-38,41,-350,329,-2158
3572360038,40149,32,-22,43,-305,-40,-1996
3572361038,40157,29,-16,49,-149,-262,-1992
3572362038,40165,17,-19,65,-228,-183,-2258
3572363038,40173,11,-13,64,-51,-344,-1973
3572364038,40181,-4,0,66,-51,-129,-2010
3572365038,40189,0,-9,65,-531,-169,-2028
3572366038,40197,1,-19,68,-258,-122,-2156
3572367038,40205,5,-15,73,-171,-189,-1910
3572368038,40212,-1,-16,69,-455,-965,-1594
3572369038,40220,-19,13,71,890,-17,-1573
3572370038,40227,-22,39,48,455,107,-2190
3572371038,40234,69,-38,39,669,-111,-2411
3572372038,40241,56,-57,32,191,-502,-1855
3572373038,40248,48,-32,28,-272,-573,-1306
3572374038,40254,28,24,22,110,-399,-1415
3572375038,40261,-34,89,7,604,-829,-2237
3572376038,40267,-16,76,-11,1758,-714,-2520
3572377038,40273,-6,35,-35,1789,-197,-2364
3572378038,40280,26,10,-38,459,382,-1695
3572379038,40286,57,-24,-64,-79,415,-1459
3572380038,40292,73,-10,-86,-284,280,-2050
3572381038,40298,40,0,-74,-363,-244,-2610
3572382038,40304,36,-27,-61,-69,-393,-2317
3572383038,40310,4,-15,-42,-366,-217,-1925
3572384038,40317,-18,-14,-6,-591,96,-1599
3572385038,40324,-42,23,17,-278,620,-2002
3572386038,40332,-34,0,43,469,653,-2417
3572387038,40339,-38,-33,51,740,304,-1774
3572388038,40347,-37,-71,57,512,587,-2128
3572389038,40354,-4,-125,52,356,651,-1920
3572390038,40362,0,-129,48,81,150,-1929
3572391038,40370,-10,-116,49,14,-132,-1932
3572392038,40378,-7,-100,63,-964,-121,-2058
3572393038,40386,-8,-76,64,-904,-201,-2039
3572394038,40394,-5,-40,74,-658,16,-2056
3572395038,40402,2,-22,92,-207,-107,-1828
3572396038,40410,-14,-14,96,-264,177,-2210
3572397038,40419,1,-18,97,-373,475,-2551
3572398038,40427,33,-38,103,-486,257,-2398
3572399038,40435,21,-32,108,-632,7,-2001
3572400038,40443,12,-21,112,-706,6,-2154
3572401038,40451,14,-8,113,-548,302,-2128
3572402038,40459,19,-2,115,-522,-366,-2128
3572403038,40467,8,21,115,72,-627,-2060
3572404038,40475,-8,33,129,-27,-408,-1858
3572405038,40482,-19,36,126,-137,96,-1839
3572406038,40490,-19,35,127,-46,199,-2085
3572407038,40497,15,14,121,89,289,-1899
3572408038,40504,18,10,119,26,381,-1970
3572409038,40511,21,-2,120,-83,265,-2140
3572410038,40518,21,1,114,115,137,-2040
3572411038,40524,30,-13,116,-90,24,-1972
3572412038,40531,33,-19,110,-17,-211,-1949
3572413038,40537,27,-33,124,-238,-171,-1811
3572414038,40543,20,-29,130,-474,-24,-1619
3572415038,40549,6,-21,134,-394,-144,-1914
3572416038,40556,-8,-5,129,-163,244,-2134
3572417039,40562,5,-15,129,-34,338,-2197
3572418038,40568,42,-54,132,200,178,-1989
3572419038,40573,10,-43,133,162,-198,-1872
3572420038,40579,-10,-41,140,-415,-124,-1761
3572421038,40585,3,-51,144,-454,39,-1999
3572422038,40591,-8,-47,145,-340,-42,-2292
3572423038,40597,-8,-54,154,-501,-449,-1888
3572424038,40603,-7,-43,162,40,-434,-1870
3572425038,40609,-60,-11,165,-232,231,-2175
3572426038,40615,-2,-17,169,-57,741,-2416
3572427038,40621,12,-26,163,234,332,-2091
3572428038,40628,21,-42,162,127,27,-2026
3572429038,40634,14,-53,162,-339,31,-2171
3572430038,40640,9,-31,164,-603,208,-2232
3572431038,40647,36,-29,175,-559,430,-2139
3572432039,40654,42,-7,169,17,-52,-2306
3572433038,40660,17,0,176,-728,-210,-2338
3572434038,40667,23,-8,180,-547,-67,-2217
3572435038,40675,4,23,178,-282,-82,-2204
3572436038,40682,-4,35,193,-468,-73,-2048
3572437038,40689,-9,34,188,-68,34,-2046
3572438038,40697,-19,30,190,-13,-56,-2069
3572439038,40704,-12,8,187,18,-131,-1854
3572440038,40712,-38,20,189,-89,295,-1716
3572441038,40720,-2,9,189,-312,509,-2053
3572442038,40728,3,3,185,114,242,-2201
3572443038,40736,-7,-1,188,34,-126,-2005
3572444038,40744,7,-21,193,-14,162,-1693
3572445038,40752,-8,-24,191,-158,-142,-1696
3572446038,40760,-5,-35,202,-395,213,-1822
3572447038,40768,2,-27,190,-13,178,-1714
3572448038,40776,-2,-31,202,-107,162,-1776
3572449038,40785,14,-37,190,177,17,-2000
3572450038,40793,13,-42,188,-382,-80,-2267
3572451038,40801,24,-68,190,-194,-345,-2018
3572452038,40809,1,-49,196,85,-130,-1800
3572453038,40816,7,-47,192,-502,60,-1711
3572454038,40824,22,-48,184,-110,129,-2157
3572455038,40832,4,-46,179,-324,-299,-2212
3572456038,40839,20,-53,193,-363,-150,-2332
3572457038,40847,17,-38,185,-110,-153,-2240
3572458038,40854,-1,-27,189,-304,-48,-2071
3572459038,40861,10,-17,191,-247,22,-2136
3572460038,40869,9,-21,188,-255,-131,-2045
3572461038,40876,21,-23,192,-290,0,-2040
3572462038,40883,1,-7,187,-253,-88,-2050
3572463038,40889,25,-16,184,-341,168,-2399
3572464038,40896,29,0,178,-68,221,-2180
3572465038,40903,25,-6,165,-22,-43,-2104
3572466038,40910,52,-32,169,-145,29,-2085
3572467038,40916,23,-20,161,-410,-297,-2244
3572468038,40923,20,-19,169,-691,-76,-1904
3572469038,40929,1,15,168,-399,-209,-1890
3572470038,40936,-16,18,177,-248,-315,-2135
3572471038,40943,-9,7,172,-39,34,-2221
3572472038,40950,-9,10,168,85,142,-2074
3572473038,40957,-8,-7,171,-10,50,-1871
3572474038,40964,-3,-12,160,151,99,-2046
3572475038,40971,-1,-19,171,-319,143,-2258
3572476038,40978,21,-17,175,-192,60,-2078
3572477038,40985,-1,-6,178,-310,-54,-1998
3572478038,40993,5,12,179,-56,251,-2170
3572479038,41001,5,18,185,-160,111,-2282
3572480038,41008,12,7,187,38,126,-2256
3572481040,41017,15,-6,188,183,124,-1876
3572482038,41025,7,-6,190,-69,-134,-1730
3572483038,41033,16,-20,194,-166,163,-1812
3572484038,41041,3,-5,192,-95,154,-2152
3572485038,41050,22,-15,196,-223,76,-2202
3572486038,41058,11,-4,193,240,85,-1793
3572487038,41067,1,-2,200,-151,203,-1861
3572488038,41075,14,-23,197,-53,323,-1845
3572489038,41084,16,-22,202,8,263,-1732
3572490038,41093,21,-40,212,-184,156,-1600
3572491038,41102,4,-34,207,-393,-64,-1832
3572492038,41111,6,-24,219,-284,10,-2062
3572493038,41119,1,-21,216,-18,13,-1908
3572494038,41128,6,-25,216,-65,14,-1932
3572495038,41137,12,-51,213,-23,35,-1892
3572496038,41145,17,-53,202,-133,57,-1857
3572497038,41154,13,-61,210,-24,-198,-1906
3572498038,41162,10,-56,204,-463,-66,-2201
3572499038,41170,-6,-38,205,-581,-124,-2245
3572500038,41179,-12,-28,202,-377,-567,-2050
3572501038,41187,-52,8,198,-152,252,-2494
3572502038,41194,-41,26,190,-124,618,-2813
3572503038,41202,26,10,179,669,397,-2605
3572504038,41210,29,6,162,748,-132,-2128
3572505038,41217,17,11,157,568,-70,-2167
3572506038,41224,7,19,144,151,-36,-2072
3572507038,41231,0,39,154,-8,-64,-1729
3572508038,41238,1,65,141,190,622,-2184
3572509038,41245,46,29,125,903,205,-2714
3572510038,41253,44,46,124,851,-405,-2330
3572511038,41260,33,55,130,894,-227,-2356
3572512038,41267,-4,79,130,806,-212,-2543
3572513038,41274,-24,79,140,1009,-113,-2254
3572514038,41281,-38,76,130,1411,-186,-1475
3572515038,41288,-50,74,130,1297,-3,-1555
3572516038,41295,-58,64,138,1193,554,-1832
3572517038,41302,-20,70,146,929,1005,-2396
3572518038,41309,19,69,157,1515,639,-2360
3572519038,41317,1,78,169,1671,259,-1859
3572520038,41324,2,62,172,1495,537,-1842
3572521038,41332,22,36,182,1603,599,-1749
3572522038,41339,36,-3,193,1470,572,-1626
3572523038,41347,40,-18,207,1158,443,-1522
3572524038,41354,40,-26,216,987,283,-1726
3572525038,41361,42,-31,215,1193,79,-1901
3572526038,41368,41,-36,219,1185,-298,-2161
3572527038,41375,23,-27,226,1356,-337,-2100
3572528038,41381,5,-39,216,1333,-298,-2123
3572529038,41388,4,-40,218,1183,-48,-2223
3572530038,41393,-5,-54,203,1009,-171,-1979
3572531038,41399,-4,-59,204,896,-134,-1647
3572532038,41404,-30,-54,204,553,-126,-1656
3572533038,41408,-37,-40,208,498,77,-1895
3572534038,41413,-40,-40,207,860,-68,-1724
3572535038,41417,-31,-37,212,1157,125,-1746
3572536038,41421,-16,-44,215,1198,152,-1868
3572537038,41424,4,-61,217,1241,195,-2084
3572538038,41428,15,-75,217,1050,129,-2157
3572539038,41430,24,-83,218,917,27,-2106
3572540038,41433,28,-68,217,735,-72,-2157
3572541038,41435,28,-52,216,464,-107,-2356
3572542038,41437,34,-35,214,525,-343,-2340
3572543038,41438,34,-19,218,551,-344,-2292
3572544038,41440,28,-4,217,694,-492,-2355
3572545038,41441,18,4,209,511,-489,-2500
3572546038,41442,13,17,205,498,-480,-2507
3572547038,41442,9,23,204,657,-487,-2202
3572548038,41442,-13,40,198,829,-472,-2095
3572549038,41443,-27,46,188,740,-252,-2191
3572550038,41443,-23,39,187,787,87,-2285
3572551038,41443,-18,41,185,948,47,-2078
3572552038,41444,-19,38,181,957,86,-1978
3572553038,41444,-20,37,186,1031,149,-2000
3572554038,41444,-11,33,190,989,228,-2131
3572555038,41445,8,13,186,1148,375,-2036
3572556038,41446,11,1,191,1173,268,-1781
3572557038,41446,10,-7,193,1133,280,-1757
3572558038,41448,16,-23,196,1006,250,-1850
3572559038,41449,14,-26,196,992,94,-1923
3572560038,41450,14,-36,194,876,30,-2015
3572561038,41452,11,-32,194,930,-14,-1982
3572562038,41453,0,-33,186,850,-61,-1984
3572563038,41455,-2,-41,187,824,-12,-1892
3572564038,41457,-6,-42,179,774,-14,-1954
3572565038,41459,-10,-39,171,751,-11,-1992
3572566038,41461,-12,-38,163,713,-29,-2036
3572567038,41463,-12,-34,162,589,76,-2159
3572568038,41465,-7,-23,159,663,92,-2087
3572569040,41468,-7,-11,156,610,140,-2188
3572570038,41470,0,-11,151,657,158,-2181
3572571038,41472,10,-14,143,693,21,-2123
3572572038,41475,12,-12,137,767,-97,-2044
3572573038,41477,11,-12,129,668,-118,-2209
3572574040,41480,8,-2,119,677,-145,-2246
3572575038,41482,8,-1,114,606,-133,-2210
3572576038,41484,9,0,99,672,-140,-2070
3572577038,41486,-1,8,89,651,-181,-1958
3572578038,41488,3,1,77,622,-105,-1876
3572579038,41489,1,6,75,648,-122,-1964
3572580038,41491,-7,8,66,667,-165,-1988
3572581038,41493,-8,2,55,745,-165,-1950
3572582038,41494,-10,-5,42,692,-89,-1961
3572583038,41495,-10,-17,33,631,-74,-1930
3572584038,41496,-2,-21,27,688,-120,-1870
3572585038,41497,-4,-21,15,650,-150,-1836
3572586038,41497,1,-20,9,592,-92,-2041
3572587038,41498,5,-22,3,563,-113,-2152
3572588038,41498,1,-14,-9,589,-116,-2110
3572589038,41498,5,-11,-13,576,-71,-2072
3572590038,41498,5,-8,-19,555,-64,-2062
3572591038,41498,7,-7,-28,532,-129,-2125
3572592038,41498,7,-4,-37,525,-214,-2153
3572593038,41498,11,1,-42,524,-232,-2189
3572594038,41497,2,2,-43,541,-248,-2197
3572595038,41497,-3,3,-51,498,-161,-2134
3572596038,41497,-2,4,-54,444,-87,-2026
3572597038,41497,-4,0,-58,441,-87,-1958
3572598038,41497,-6,5,-60,427,-66,-1915
3572599038,41496,-6,6,-65,483,-17,-1967
3572600038,41496,-4,2,-69,490,24,-2126
3572601038,41496,-1,2,-67,539,90,-2133
3572602038,41496,4,-2,-66,524,114,-2091
3572603038,41497,8,-2,-63,469,203,-1998
3572604038,41497,5,1,-57,448,245,-1954
3572605038,41497,10,-2,-47,424,231,-1995
3572606038,41498,8,-3,-39,424,205,-2060
3572607038,41499,9,-1,-36,419,171,-2053
3572608038,41500,7,-9,-22,409,139,-2048
3572609038,41501,8,-18,-14,359,110,-2046
3572610038,41502,8,-23,-6,258,81,-2019
3572611038,41503,1,-26,-1,171,67,-1983
3572612038,41504,-5,-24,1,119,52,-1966
3572613038,41505,-5,-25,6,39,93,-1978
3572614038,41506,-4,-24,8,14,110,-2004
3572615038,41507,-4,-25,10,-11,117,-2033
3572616038,41508,3,-29,8,11,90,-2044
3572617038,41509,1,-31,12,-14,55,-2062
3572618038,41509,3,-31,10,-51,14,-2087
3572619038,41509,5,-35,4,-115,-18,-2137
3572620038,41510,3,-33,2,-180,-66,-2161
3572621038,41510,4,-33,2,-215,-75,-2165
3572622038,41509,7,-32,0,-270,-96,-2146
3572623038,41509,-1,-20,-6,-301,-88,-2127
3572624038,41509,1,-17,-7,-300,-80,-2110
3572625038,41508,0,-14,-12,-310,-71,-2101
3572626038,41507,0,-8,-15,-295,-56,-2081
3572627038,41506,-1,-5,-20,-290,-23,-2067
3572628038,41504,-1,1,-23,-295,24,-2070
3572629038,41503,-3,5,-23,-288,44,-2053
3572630038,41501,0,4,-28,-282,49,-2043
3572631038,41500,3,10,-26,-262,67,-2006
3572632038,41498,4,11,-24,-237,74,-1977
3572633038,41497,5,16,-18,-202,80,-1975
3572634038,41495,4,15,-15,-193,82,-1962
3572635038,41494,5,13,-13,-159,96,-1970
3572636038,41492,3,18,-8,-140,113,-1975
3572637038,41491,7,12,-4,-124,125,-1991
3572638038,41490,8,10,1,-116,126,-1989
3572639038,41489,3,14,5,-114,119,-1995
3572640038,41488,5,6,10,-110,99,-2007
3572641038,41487,3,6,14,-102,75,-2025
3572642038,41486,3,6,16,-74,52,-2032
3572643038,41486,6,7,20,-53,42,-2070
3572644038,41485,-3,8,25,-42,45,-2087
3572645038,41485,2,2,25,-31,26,-2101
3572646038,41485,5,-1,26,-16,14,-2121
3572647038,41485,2,1,26,-9,-22,-2125
3572648038,41486,4,0,23,-5,-27,-2119
3572649038,41486,4,-5,22,-7,-48,-2107
3572650038,41486,3,-7,19,-9,-82,-2100
3572651038,41487,5,-10,15,1,-83,-2092
3572652038,41488,3,-7,8,-8,-98,-2076
3572653038,41489,-2,-7,8,0,-96,-2071
3572654038,41489,1,-10,-2,1,-90,-2058
3572655038,41490,0,-8,-4,4,-86,-2046
3572656038,41491,3,-11,-13,19,-69,-2034
3572657038,41492,-2,-5,-11,8,-77,-2014
3572658038,41493,1,-5,-18,17,-41,-2021
3572659038,41494,-1,-6,-24,17,-33,-2011
3572660038,41495,-1,-7,-26,2,-2,-2003
3572661038,41496,3,-7,-31,-4,27,-1995
3572662038,41497,3,-5,-28,-16,35,-2001
3572663038,41497,4,-1,-31,-16,59,-2005
3572664038,41498,2,-10,-33,-15,75,-2001
3572665038,41499,4,-1,-30,-22,86,-2016
3572666038,41500,5,-6,-33,-23,99,-2012
3572667038,41500,6,-7,-33,-35,106,-2030
3572668038,41501,1,-2,-26,-37,124,-2027
3572669038,41502,5,-4,-26,-41,133,-2043
3572670038,41502,4,-2,-20,-45,141,-2046
3572671038,41503,-1,2,-21,-41,144,-2052
3572672038,41503,1,-3,-15,-38,140,-2058
3572673038,41504,4,-2,-13,-41,123,-2063
3572674038,41504,4,1,-9,-44,116,-2060
3572675038,41504,1,-2,-8,-53,91,-2055
3572676038,41504,1,4,1,-58,85,-2060
3572677038,41504,2,-1,-1,-64,59,-2059
3572678038,41504,4,-5,1,-74,39,-2057
3572679038,41504,-2,0,10,-74,25,-2048
3572680038,41504,5,-4,2,-74,7,-2053
3572681038,41503,2,-2,7,-56,-10,-2062
3572682038,41503,1,-6,9,-61,-23,-2054
3572683038,41502,5,-5,8,-50,-43,-2057
3572684038,41502,4,-2,6,-50,-41,-2066
3572685038,41501,1,-1,9,-47,-52,-2060
3572686038,41500,2,-2,5,-40,-50,-2059
3572687038,41500,3,-2,2,-31,-55,-2064
3572688038,41499,1,-3,6,-30,-58,-2060
3572689038,41498,-1,0,6,-19,-58,-2058
3572690038,41497,2,4,8,-12,-51,-2058
3572691038,41496,3,-1,2,-3,-36,-2045
3572692038,41495,4,1,2,0,-41,-2042
3572693038,41494,2,4,4,5,-28,-2034
3572694038,41493,2,0,4,12,-17,-2024
3572695038,41493,4,5,5,9,-7,-2024
3572696038,41492,6,2,4,13,15,-2016
3572697038,41491,1,-1,4,17,20,-2020
3572698038,41491,3,3,1,9,19,-2015
3572699038,41490,4,2,4,6,27,-2020
3572700038,41490,0,2,6,5,44,-2011
3572701038,41489,4,-4,3,-8,52,-2025
3572702038,41489,5,-1,5,-13,58,-2028
3572703038,41489,-1,0,6,-20,62,-2036
3572704038,41489,4,-4,3,-33,60,-2042
3572705038,41489,5,-8,1,-43,68,-2046
3572706038,41489,2,-7,-1,-53,66,-2047
3572707038,41489,1,-6,3,-68,62,-2060
3572708038,41490,-1,-4,2,-65,63,-2070
3572709038,41490,-1,-3,2,-66,56,-2071
3572710038,41490,2,-5,-2,-77,60,-2071
3572711038,41491,-2,-3,-2,-82,57,-2069
3572712038,41491,2,-6,-7,-84,51,-2068
3572713038,41492,2,-6,-7,-79,47,-2064
3572714038,41492,2,-3,-6,-82,46,-2061
3572715038,41493,2,-8,-12,-79,40,-2055
3572716038,41494,5,-7,-16,-68,37,-2052
3572717038,41494,-1,-1,-10,-66,38,-2054
3572718038,41495,4,-5,-17,-60,35,-2046
3572719038,41496,0,-1,-16,-41,39,-2046
3572720038,41496,0,-1,-18,-38,29,-2036
3572721038,41497,0,0,-13,-26,32,-2037
3572722038,41497,2,3,-15,-22,30,-2035
3572723038,41498,1,-6,-16,-21,20,-2034
3572724038,41498,3,-1,-14,-11,26,-2031
3572725038,41499,-1,-1,-15,-10,23,-2020
3572726038,41499,4,0,-13,-16,17,-2033
3572727038,41500,2,0,-15,-1,21,-2028
3572728038,41500,2,-2,-12,-3,15,-2029
3572729038,41500,-3,0,-9,-9,11,-2025
3572730038,41501,2,-4,-12,-3,9,-2039
3572731038,41501,3,-9,-12,-4,7,-2040
3572732038,41501,4,-6,-10,-10,5,-2039
3572733038,41501,1,-4,-7,-15,-1,-2038
3572734038,41501,0,-1,-5,-14,1,-2041
3572735038,41501,-1,-3,-3,-16,5,-2046
3572736038,41501,0,-4,0,-17,-12,-2050
3572737038,41501,3,-3,0,-21,-8,-2043
3572738038,41501,-1,-4,4,-29,-10,-2048
3572739038,41501,3,-6,-2,-39,-1,-2060
3572740038,41500,4,0,3,-35,-3,-2057
3572741038,41500,3,-4,3,-43,-9,-2051
3572742038,41500,4,-6,2,-41,-2,-2053
3572743038,41499,4,-6,1,-40,9,-2046
3572744038,41499,3,-1,7,-44,7,-2049
3572745038,41498,2,-6,2,-44,13,-2043
3572746038,41498,5,-1,5,-42,30,-2050
3572747038,41497,3,-3,6,-41,23,-2056
3572748038,41497,5,2,5,-40,34,-2056
3572749038,41496,3,1,4,-42,35,-2061
3572750038,41495,4,-4,2,-30,37,-2049
3572751038,41495,4,-1,2,-37,40,-2049
3572752038,41494,1,1,5,-29,48,-2048
3572753038,41494,5,-1,2,-42,54,-2043
3572754038,41493,3,5,3,-34,54,-2034
3572755038,41493,4,0,3,-26,54,-2035
3572756038,41493,-1,1,3,-29,60,-2040
3572757038,41492,3,1,-1,-24,51,-2032
3572758038,41492,1,1,4,-30,50,-2023
3572759038,41492,0,2,3,-20,54,-2039
3572760038,41491,2,-2,-2,-19,54,-2034
3572761038,41491,6,-4,-1,-25,49,-2040
3572762038,41491,1,0,1,-29,48,-2044
3572763038,41491,4,0,0,-25,44,-2036
3572764038,41491,-1,4,-1,-26,39,-2039
3572765038,41491,2,-5,-5,-35,33,-2042
3572766038,41492,1,-4,-3,-33,24,-2043
3572767038,41492,0,-5,-6,-43,25,-2045
3572768038,41492,4,-6,-6,-41,22,-2049
3572769038,41492,2,-3,-4,-45,8,-2053
3572770038,41493,-1,1,-7,-36,8,-2053
3572771038,41493,3,-4,-7,-45,7,-2054
3572772038,41493,5,-7,-12,-50,9,-2049
3572773038,41494,2,-4,-10,-39,2,-2060
3572774038,41494,2,-5,-9,-37,5,-2049
3572775038,41495,-1,-1,-10,-42,16,-2051
3572776038,41495,0,0,-9,-32,10,-2052
3572777038,41496,2,-5,-12,-31,4,-2048
3572778038,41496,2,-1,-9,-30,3,-2047
3572779038,41497,0,0,-8,-29,7,-2047
3572780038,41497,1,-3,-11,-26,4,-2049
3572781038,41497,3,-6,-10,-33,8,-2043
3572782038,41498,3,-6,-10,-31,9,-2046
3572783038,41498,-1,-2,-9,-28,11,-2041
3572784038,41498,6,-6,-13,-25,18,-2035
3572785038,41499,1,-1,-6,-32,19,-2040
3572786038,41499,1,-4,-7,-26,21,-2041
3572787038,41499,4,-2,-9,-24,25,-2035
3572788038,41500,1,-2,-6,-30,23,-2040
3572789038,41500,2,-4,-8,-30,23,-2042
3572790038,41500,3,-2,-8,-27,27,-2046
3572791038,41500,5,-5,-7,-27,26,-2036
3572792038,41500,1,-1,-4,-29,28,-2040
3572793038,41500,3,-5,-4,-28,35,-2038
3572794038,41500,2,0,0,-32,30,-2043
3572795038,41500,5,-6,-4,-28,29,-2046
3572796038,41499,-1,-3,2,-30,31,-2046
3572797038,41499,0,-2,4,-41,29,-2045
3572798038,41499,2,-1,-2,-38,30,-2044
3572799038,41499,2,-5,1,-28,32,-2039
3572800038,41498,5,-5,-2,-38,35,-2043
3572801038,41498,0,-2,2,-38,39,-2043
3572802038,41498,4,-2,2,-32,29,-2042
3572803038,41497,2,-2,2,-36,30,-2046
3572804038,41497,5,1,3,-34,27,-2047
3572805038,41496,0,0,1,-37,35,-2047
3572806038,41496,2,0,2,-35,35,-2043
3572807038,41496,4,-2,4,-30,24,-2036
3572808038,41495,4,-2,1,-34,27,-2043
3572809038,41495,2,-2,1,-34,31,-2046
3572810038,41494,4,0,0,-28,25,-2044
3572811038,41494,3,-3,1,-30,28,-2049
3572812038,41494,5,-2,-1,-43,23,-2045
3572813038,41493,3,3,1,-24,22,-2051
3572814038,41493,3,-3,0,-25,20,-2051
3572815038,41493,0,2,-3,-26,20,-2045
3572816038,41493,2,-3,0,-32,26,-2042
3572817038,41493,2,-1,2,-29,18,-2042
3572818038,41493,3,1,-2,-33,19,-2043
3572819038,41493,3,-5,-3,-30,15,-2039
3572820038,41493,3,-3,-4,-24,18,-2043
3572821038,41493,0,-2,-3,-41,20,-2040
3572822038,41493,1,-3,-2,-33,16,-2037
3572823038,41493,-1,-2,-3,-35,18,-2039
3572824038,41493,1,-7,-4,-27,19,-2049
3572825038,41493,6,-5,-5,-33,18,-2052
3572826038,41493,-1,1,-5,-38,14,-2049
3572827038,41494,1,-6,-6,-39,24,-2044
3572828038,41494,1,-1,-4,-43,23,-2048
3572829038,41494,1,-5,-7,-34,25,-2046
3572830038,41494,-1,-7,-6,-28,27,-2053
3572831038,41495,4,-5,-7,-38,26,-2055
3572832038,41495,4,-5,-10,-30,19,-2049
3572833038,41495,-1,-1,-7,-34,30,-2055
3572834038,41496,-1,0,-5,-41,26,-2046
3572835038,41496,1,-6,-11,-37,29,-2043
3572836038,41496,4,-4,-9,-35,30,-2043
3572837038,41497,1,-5,-11,-21,32,-2048
3572838038,41497,3,-6,-9,-36,34,-2041
3572839038,41497,1,-1,-7,-25,27,-2041
3572840038,41497,4,-3,-8,-28,32,-2046
3572841038,41498,4,-5,-6,-21,36,-2038
3572842038,41498,5,-1,-10,-29,31,-2041
3572843038,41498,1,-1,-6,-29,33,-2045
3572844038,41498,1,-4,-6,-32,30,-2038
3572845038,41498,-1,0,-4,-30,30,-2042
3572846038,41498,1,-3,-5,-27,31,-2037
3572847038,41498,1,-1,-7,-31,29,-2040
3572848038,41498,2,-4,-9,-37,18,-2038
3572849038,41498,1,1,-2,-33,30,-2044
3572850038,41498,3,-1,-6,-38,18,-2043
3572851038,41498,0,0,-7,-34,23,-2047
3572852038,41498,-2,-3,-7,-34,19,-2050
3572853038,41498,2,-2,-3,-34,22,-2050
3572854038,41498,-1,-1,0,-33,15,-2046
3572855038,41498,-2,4,-1,-30,21,-2038
3572856038,41497,3,-2,2,-36,17,-2049
3572857038,41497,0,-3,0,-37,21,-2042
3572858038,41497,-2,0,0,-34,15,-2043
3572859038,41497,4,-4,-1,-30,18,-2039
3572860038,41496,3,1,1,-29,13,-2049
3572861038,41496,1,-2,-1,-25,13,-2049
3572862038,41496,2,-2,0,-40,14,-2046
3572863038,41496,0,0,-2,-30,13,-2041
3572864038,41495,2,-5,0,-27,17,-2047
3572865038,41495,3,1,0,-27,24,-2045
3572866038,41495,2,-4,-4,-33,18,-2040
3572867038,41495,1,0,2,-30,22,-2042
3572868038,41494,4,-1,-1,-29,22,-2048
3572869038,41494,-2,0,5,-29,21,-2044
3572870038,41494,4,-5,2,-36,23,-2047
3572871038,41494,3,-4,3,-36,19,-2049
3572872038,41494,2,0,-2,-36,30,-2036
3572873038,41494,1,-1,-3,-37,27,-2038
3572874038,41494,3,-4,-3,-28,30,-2051
3572875038,41494,1,-1,-1,-35,29,-2050
3572876038,41494,2,-4,-3,-30,34,-2045
3572877038,41494,3,-1,-4,-31,26,-2040
3572878038,41494,3,-3,-5,-34,31,-2035
3572879038,41494,2,-2,-5,-28,29,-2036
3572880038,41494,4,-6,-5,-33,35,-2042
3572881038,41494,2,-1,-5,-36,34,-2054
3572882038,41494,3,-4,-4,-39,28,-2047
3572883038,41494,1,0,-4,-34,34,-2045
3572884038,41494,2,-2,-4,-29,24,-2044
3572885038,41495,3,-4,-4,-37,31,-2049
3572886038,41495,1,-4,-6,-34,27,-2045
3572887038,41495,0,-5,-7,-34,33,-2043
3572888038,41495,1,-2,-5,-29,26,-2041
3572889038,41495,4,-6,-7,-28,28,-2049
3572890038,41496,-1,0,-6,-26,28,-2041
3572891038,41496,1,0,-6,-38,21,-2048
3572892038,41496,1,-4,-8,-27,23,-2043
3572893038,41496,3,0,-6,-24,25,-2043
3572894038,41497,1,-1,-3,-36,28,-2044
3572895038,41497,5,-2,-8,-22,20,-2044
3572896038,41497,0,-2,-1,-32,16,-2040
3572897038,41497,2,-3,-5,-32,22,-2039
3572898038,41497,0,-4,-4,-34,20,-2043
3572899038,41497,2,-2,-6,-31,19,-2037
3572900038,41497,3,-3,-6,-32,23,-2040
3572901038,41497,5,-3,-5,-34,25,-2031
3572902038,41497,2,-5,-6,-32,19,-2040
3572903038,41498,2,1,-1,-23,18,-2040
3572904038,41498,1,-4,-5,-27,21,-2043
3572905038,41498,2,-2,-6,-30,14,-2043
3572906038,41498,0,1,-2,-29,19,-2044
3572907038,41497,1,-2,-5,-34,21,-2034
3572908038,41497,1,0,-3,-36,24,-2045
3572909039,41497,-1,-1,0,-32,15,-2045
3572910038,41497,4,-2,-2,-39,16,-2044
3572911039,41497,-1,2,0,-32,16,-2051
3572912040,41497,0,-5,0,-32,24,-2048
3572913038,41497,4,-2,-4,-33,25,-2044
3572914038,41497,0,0,2,-35,18,-2047
3572915038,41496,5,-6,1,-30,26,-2033
3572916038,41496,4,-1,-1,-36,31,-2041
3572917038,41496,2,-2,-4,-36,14,-2045
3572918038,41496,-2,1,1,-27,24,-2045
3572919038,41496,0,-4,-3,-42,25,-2046
3572920038,41496,3,-2,-4,-29,29,-2042
3572921038,41495,-3,-2,1,-32,23,-2042
3572922038,41495,4,0,0,-30,22,-2042
3572923038,41495,6,-2,-4,-35,27,-2050
3572924038,41495,3,-1,-2,-35,33,-2041
3572925038,41495,1,-3,0,-28,28,-2051
3572926038,41495,2,-2,-1,-34,33,-2046
3572927038,41494,4,-1,-3,-29,32,-2051
3572928038,41494,4,-3,-2,-35,26,-2052
3572929038,41494,3,-5,-4,-38,32,-2047
3572930038,41494,0,2,2,-25,24,-2043
3572931038,41494,1,-4,-3,-25,27,-2045
3572932038,41494,4,-2,-1,-36,28,-2044
3572933038,41494,2,-4,-3,-31,27,-2037
3572934038,41494,3,-3,-5,-30,25,-2042
3572935038,41494,2,-2,-3,-32,25,-2043
3572936038,41494,5,-3,-3,-37,26,-2047
3572937038,41494,5,-5,-4,-31,28,-2045
3572938038,41495,5,-3,-7,-32,26,-2042
3572939038,41495,5,-7,-8,-31,24,-2042
3572940038,41495,1,-3,-4,-28,23,-2046
3572941038,41495,5,-4,-6,-24,25,-2049
3572942038,41495,6,-4,-8,-33,25,-2045
3572943038,41495,3,-5,-7,-31,25,-2041
3572944038,41495,3,-2,-6,-35,26,-2048
3572945038,41496,2,-5,-8,-27,23,-2048
3572946038,41496,2,-3,-9,-31,21,-2051
3572947038,41496,2,-2,-6,-31,20,-2042
3572948038,41496,3,-2,-6,-34,27,-2042
3572949038,41496,3,-3,-5,-39,26,-2044
3572950038,41496,1,-3,-4,-35,20,-2040
3572951038,41496,3,-2,-2,-38,16,-2046
3572952038,41496,2,0,-3,-32,18,-2042
3572953038,41497,0,-4,-5,-28,25,-2051
3572954038,41497,0,-2,-1,-36,28,-2045
3572955038,41497,0,-7,-2,-31,21,-2043
3572956038,41497,1,-4,-4,-34,21,-2039
3572957038,41497,1,-4,-5,-31,25,-2048
3572958038,41497,0,-1,-3,-33,21,-2056
3572959038,41497,2,-3,-4,-32,26,-2042
3572960038,41497,0,-4,-4,-32,23,-2046
3572961038,41497,1,-3,-5,-34,26,-2046
3572962038,41497,-1,-4,-4,-33,23,-2053
3572963038,41497,1,-3,-4,-40,29,-2052
3572964038,41497,3,-2,-3,-34,22,-2048
3572965038,41497,3,2,-4,-36,25,-2041
3572966038,41497,3,-4,0,-27,24,-2047
3572967038,41497,2,-4,-2,-26,24,-2040
3572968038,41497,1,1,0,-37,28,-2039
3572969038,41496,5,-3,0,-27,32,-2037
3572970038,41496,1,-1,-2,-38,22,-2041
3572971038,41496,1,-2,-1,-27,20,-2044
3572972038,41496,3,-2,-5,-34,26,-2038
3572973038,41496,4,2,-3,-30,28,-2042
3572974038,41496,2,-4,-2,-29,24,-2049
3572975038,41496,2,-4,-1,-34,26,-2040
3572976038,41496,3,-1,-3,-28,23,-2048
3572977038,41495,4,-1,0,-36,28,-2040
3572978038,41495,5,-2,-3,-43,28,-2047
3572979038,41495,6,-1,-6,-32,19,-2048
3572980038,41495,3,-2,-2,-28,18,-2043
3572981038,41495,-1,4,0,-28,22,-2041
3572982038,41495,4,-3,-1,-30,23,-2044
3572983038,41495,1,-2,3,-28,28,-2043
3572984038,41495,0,-1,0,-30,25,-2046
3572985038,41495,5,-1,2,-30,31,-2048
3572986038,41495,2,0,-3,-30,22,-2048
3572987038,41495,5,-2,-3,-27,28,-2047
3572988038,41495,4,0,-4,-35,24,-2047
3572989038,41495,0,-1,-1,-31,23,-2043
3572990038,41495,4,-4,-5,-34,19,-2046
3572991038,41495,0,-1,-1,-41,19,-2045
3572992038,41495,1,0,-3,-36,24,-2042
3572993038,41495,3,-2,-6,-35,18,-2044
3572994038,41495,5,-2,-4,-25,28,-2044
3572995038,41495,2,1,-4,-25,23,-2041
3572996038,41495,1,1,-3,-34,24,-2043
3572997038,41495,2,-1,-6,-24,22,-2046
3572998038,41495,2,-2,-6,-29,25,-2046
3572999038,41495,5,-4,-6,-36,27,-2044
3573000038,41496,-1,-5,-2,-34,19,-2052
3573001038,41496,0,-5,-4,-21,16,-2038
3573002038,41496,0,-2,-6,-22,22,-2043
3573003038,41496,2,-4,-6,-33,27,-2048
3573004038,41496,3,0,-2,-25,26,-2044
3573005038,41496,1,-2,-4,-29,22,-2042
3573006038,41496,3,-5,-5,-27,22,-2042
3573007038,41496,3,-2,-2,-32,24,-2047
3573008038,41496,5,-4,-4,-37,30,-2047
3573009038,41496,-1,-1,-2,-30,27,-2046
3573010038,41496,-1,-3,-2,-38,28,-2043
3573011038,41496,4,-6,-8,-35,24,-2048
3573012038,41496,1,-3,-5,-30,30,-2045
3573013038,41496,2,-2,-2,-34,30,-2047
3573014038,41496,3,-2,-4,-36,25,-2046
3573015038,41496,5,-5,-3,-28,30,-2036
3573016038,41496,5,-5,-3,-36,22,-2049
3573017038,41496,4,1,-2,-42,18,-2042
3573018038,41496,1,-5,-4,-32,23,-2040
3573019038,41496,3,-4,-5,-26,17,-2046
3573020038,41496,2,-3,-4,-29,22,-2044
3573021038,41496,-2,1,-1,-32,25,-2048
3573022038,41496,2,-2,0,-30,31,-2038
3573023038,41496,3,-4,-5,-36,24,-2040
3573024038,41496,0,-3,-3,-37,24,-2046
3573025038,41496,5,-3,1,-31,21,-2047
3573026038,41496,5,-2,-3,-30,22,-2039
3573027038,41496,0,-2,0,-31,24,-2046
3573028038,41496,4,0,-4,-32,16,-2047
3573029038,41496,4,-2,-1,-32,19,-2039
3573030038,41496,0,-4,-3,-25,20,-2044
3573031038,41496,2,-2,-3,-41,24,-2043
3573032038,41496,4,0,-4,-29,22,-2039
3573033038,41495,5,-3,-4,-36,24,-2043
3573034038,41495,-1,2,0,-31,27,-2047
3573035038,41495,4,-4,-3,-31,27,-2044
3573036038,41495,1,1,-2,-28,24,-2043
3573037038,41495,3,-1,-2,-31,24,-2041
3573038038,41495,4,-3,-4,-37,22,-2043
3573039038,41495,1,-2,-3,-36,25,-2044
3573040038,41495,4,-3,-5,-31,28,-2043
3573041038,41495,0,-5,-3,-30,23,-2041
3573042038,41495,3,-5,-6,-33,21,-2042
3573043038,41495,3,0,-5,-31,27,-2048
3573044038,41495,3,-1,-3,-34,21,-2048
3573045038,41495,-1,0,-1,-24,25,-2044
3573046038,41495,3,-4,-4,-35,23,-2051
3573047038,41495,2,-3,0,-41,26,-2039
3573048038,41495,1,-2,-1,-41,21,-2046
3573049038,41495,2,-4,-1,-39,21,-2043
3573050038,41495,3,-1,-2,-28,24,-2047
3573051038,41495,3,-2,-3,-28,23,-2046
3573052038,41495,2,-7,-3,-24,20,-2048
3573053038,41495,3,-3,-2,-39,30,-2047
3573054038,41495,1,-3,-6,-35,28,-2044
3573055038,41496,3,-2,-3,-32,30,-2042
3573056038,41496,3,0,-5,-31,24,-2037
3573057038,41496,4,-4,-6,-28,14,-2048
3573058038,41496,1,-5,-3,-30,22,-2040
3573059038,41496,0,1,-5,-30,22,-2054
3573060038,41496,4,-4,-5,-35,21,-2040
3573061038,41496,3,-1,-5,-34,23,-2048
3573062038,41496,1,0,-5,-28,26,-2043
3573063038,41496,4,-4,-4,-35,26,-2045
3573064038,41496,-2,0,-1,-34,28,-2046
3573065038,41496,-1,-2,0,-28,22,-2045
3573066038,41496,1,-1,-1,-25,23,-2044
3573067038,41496,0,-5,-3,-29,26,-2038
3573068038,41496,-1,-2,-3,-35,17,-2042
3573069038,41496,1,-2,-1,-31,28,-2034
3573070038,41496,3,-2,-4,-36,23,-2045
3573071038,41496,1,-5,0,-32,25,-2043
3573072038,41496,0,-4,-5,-34,23,-2046
3573073038,41496,1,-4,-2,-33,22,-2037
3573074038,41496,4,-4,-5,-32,27,-2039
3573075038,41496,7,-4,-7,-30,29,-2051
3573076038,41496,2,-5,-5,-27,15,-2051
3573077038,41496,-1,-1,-1,-31,23,-2046
3573078038,41496,4,-2,-6,-31,28,-2041
3573079038,41496,4,-3,-2,-32,22,-2053
3573080038,41496,2,-3,-7,-29,21,-2050
3573081038,41496,0,-3,-1,-32,27,-2043
3573082038,41496,3,-4,-3,-37,31,-2041
3573083038,41496,4,-4,-5,-32,22,-2047
3573084038,41496,0,-3,-5,-26,29,-2038
3573085038,41496,0,1,-6,-28,20,-2054
3573086038,41496,0,1,1,-39,20,-2047
3573087038,41496,2,-5,-7,-35,23,-2046
3573088038,41496,-1,2,-3,-31,24,-2049
3573089038,41496,1,-2,-2,-33,26,-2045
3573090038,41496,3,-1,-1,-28,23,-2047
3573091038,41495,-1,-2,-3,-38,22,-2049
3573092038,41495,5,-3,-4,-30,23,-2044
3573093038,41495,-1,1,1,-30,23,-2045
3573094038,41495,0,3,0,-30,22,-2046
3573095038,41495,4,-2,-5,-32,18,-2040
3573096038,41495,1,2,-3,-35,20,-2051
3573097038,41495,2,-4,-5,-33,23,-2049
3573098038,41495,3,-2,-1,-30,32,-2042
3573099038,41495,3,-3,-1,-31,25,-2043
3573100038,41495,0,0,-3,-25,25,-2047
3573101038,41495,3,-1,-3,-30,21,-2041
3573102038,41495,2,-1,-4,-27,23,-2038
3573103038,41495,-2,-1,-4,-29,19,-2044
3573104038,41495,0,1,-5,-30,25,-2040
3573105038,41495,4,-3,-3,-33,28,-2053
3573106038,41496,1,-2,-5,-35,26,-2040
3573107038,41496,1,-5,-6,-31,24,-2041
3573108038,41496,2,-5,-6,-33,22,-2042
3573109038,41496,2,1,-3,-30,25,-2043
3573110038,41496,3,-3,-2,-36,20,-2034
3573111038,41496,3,-3,-3,-31,17,-2044
3573112038,41496,-2,-1,-1,-35,21,-2046
3573113038,41496,2,-4,-3,-29,18,-2048
3573114038,41496,0,0,-1,-29,19,-2047
3573115038,41496,1,-5,-6,-37,24,-2052
3573116038,41496,0,-5,-6,-31,24,-2041
3573117038,41496,2,-1,-3,-28,28,-2046
3573118038,41496,3,-2,-1,-28,21,-2042
3573119038,41496,5,-5,-6,-33,20,-2045
3573120038,41496,4,-1,-5,-28,22,-2043
3573121038,41496,3,-2,-3,-32,29,-2046
3573122038,41496,3,-3,-8,-30,18,-2047
3573123038,41496,1,2,0,-25,22,-2048
3573124038,41496,2,-3,-2,-34,25,-2042
3573125038,41496,1,-3,-7,-29,29,-2048
3573126038,41496,6,-4,-5,-36,20,-2046
3573127038,41496,0,-4,-4,-31,23,-2045
3573128038,41496,4,0,-3,-33,30,-2046
3573129038,41496,-1,-1,-1,-35,25,-2037
3573130038,41496,-1,-2,-4,-30,27,-2047
3573131038,41496,2,-5,-5,-38,15,-2040
3573132038,41496,2,-2,-2,-34,18,-2048
3573133038,41496,1,-4,-2,-35,23,-2053
3573134038,41496,7,-6,-3,-33,22,-2049
3573135038,41496,2,-3,-2,-37,20,-2046
3573136038,41496,3,-1,-4,-32,18,-2045
3573137038,41496,0,-2,0,-33,24,-2044
3573138038,41496,0,-1,-1,-32,20,-2047
3573139038,41496,0,3,-2,-29,22,-2042
3573140038,41496,4,-2,-4,-31,24,-2051
3573141038,41496,1,-3,-2,-31,23,-2041
3573142038,41496,1,-3,-5,-28,24,-2043
3573143038,41496,4,-3,-5,-34,21,-2044
3573144038,41496,1,-1,-3,-37,25,-2052
3573145038,41496,2,0,-2,-34,26,-2046
3573146038,41496,1,-3,-3,-36,28,-2043
3573147038,41496,3,-4,-5,-33,25,-2034
3573148038,41496,5,-1,-4,-37,24,-2040
3573149038,41496,4,-3,-3,-33,25,-2042
3573150038,41496,0,-3,-5,-26,25,-2048
3573151038,41496,0,-4,-2,-26,27,-2044
3573152038,41496,2,1,-4,-35,24,-2041
3573153038,41496,3,-3,-4,-36,20,-2042
3573154038,41496,0,-3,0,-35,29,-2039
3573155038,41496,3,0,-6,-28,34,-2038
3573156038,41496,3,-4,-5,-31,28,-2045
3573157038,41496,5,-3,-7,-33,22,-2041
3573158038,41496,1,-4,-5,-34,23,-2045
3573159038,41496,2,-3,-5,-31,22,-2045
3573160038,41496,1,-2,-2,-37,27,-2048
3573161038,41496,4,-1,-5,-28,26,-2042
3573162038,41496,3,-3,-3,-29,23,-2040
3573163038,41496,5,-3,-3,-37,29,-2040
3573164038,41496,4,-2,0,-40,28,-2046
3573165038,41496,2,-1,-3,-37,26,-2046
3573166038,41496,1,-4,-1,-36,16,-2049
3573167038,41496,4,-3,-5,-29,20,-2049
3573168038,41496,5,-3,-5,-36,22,-2044
3573169038,41496,-4,-3,-3,-34,14,-2040
3573170038,41496,0,-3,-3,-30,26,-2046
3573171038,41496,0,-4,-2,-39,23,-2048
3573172038,41496,0,0,-5,-36,15,-2040
3573173038,41496,4,-4,-1,-34,26,-2049
3573174038,41496,5,1,-3,-33,25,-2048
3573175038,41496,2,-3,-3,-35,22,-2046
3573176038,41496,2,-2,-2,-36,29,-2043
3573177038,41496,2,-2,-1,-34,18,-2042
3573178038,41496,2,2,-5,-33,29,-2043
3573179038,41496,0,2,-2,-36,31,-2038
3573180038,41496,0,-3,-1,-37,25,-2035
3573181038,41496,1,0,0,-37,24,-2048
3573182038,41496,2,-5,-4,-31,28,-2046
3573183038,41496,3,-3,-5,-36,27,-2050
3573184038,41496,2,-5,-6,-38,21,-2046
3573185038,41496,4,-2,-4,-27,21,-2039
3573186038,41496,4,-2,-5,-39,29,-2044
3573187038,41496,4,-2,-2,-31,29,-2051
3573188038,41496,3,-4,-1,-36,23,-2040
3573189038,41496,2,-4,-3,-32,21,-2042
3573190038,41496,-2,-1,-1,-31,22,-2050
3573191038,41496,4,-4,-2,-38,23,-2043
3573192038,41496,4,-1,-2,-31,24,-2045
3573193038,41496,4,-3,-3,-35,29,-2043
3573194038,41496,4,-4,-5,-32,26,-2043
3573195038,41496,3,-1,-4,-33,30,-2040
3573196038,41496,4,-3,-6,-30,19,-2040
3573197038,41496,5,-5,-4,-31,16,-2048
3573198038,41496,1,-1,-4,-31,22,-2042
3573199038,41496,3,-2,-3,-38,23,-2050
3573200038,41496,3,-4,-2,-33,26,-2051
3573201038,41496,4,0,-3,-40,20,-2042
3573202038,41496,3,0,-2,-37,20,-2047
3573203038,41496,0,0,-2,-38,22,-2044
3573204038,41496,1,-1,-3,-30,23,-2049
3573205038,41496,4,-2,-6,-29,23,-2046
3573206038,41496,0,-3,3,-26,22,-2039
3573207038,41496,5,-4,-1,-28,26,-2043
3573208038,41496,1,0,1,-31,18,-2044
3573209038,41496,4,0,-3,-36,24,-2044
3573210038,41496,4,0,-1,-34,31,-2046
3573211038,41496,3,1,-2,-37,19,-2046
3573212038,41496,1,-5,-3,-37,17,-2049
3573213038,41496,2,-1,-3,-30,23,-2047
3573214038,41496,-3,2,-2,-34,26,-2050
3573215038,41496,4,-2,-3,-32,26,-2043
3573216038,41496,7,-2,-6,-32,18,-2044
3573217038,41496,7,-4,-4,-33,22,-2041
3573218038,41496,5,-3,-4,-37,25,-2049
3573219038,41496,2,-3,-6,-33,29,-2044
3573220038,41496,3,-6,-7,-34,25,-2042
3573221038,41496,3,-3,-6,-30,22,-2039
3573222038,41496,1,-2,-3,-32,23,-2045
3573223038,41496,5,-5,-6,-32,32,-2036
3573224038,41496,1,1,-1,-41,24,-2046
3573225038,41496,1,-3,-5,-34,25,-2050
3573226038,41496,1,-1,-1,-35,20,-2045
3573227038,41496,0,-1,-4,-31,21,-2046
3573228038,41496,5,-5,-3,-31,22,-2049
3573229038,41496,3,0,2,-36,28,-2049
3573230038,41496,5,-6,-5,-30,19,-2043
3573231038,41496,4,-2,-7,-30,21,-2049
3573232038,41496,3,-2,-7,-33,26,-2035
3573233038,41496,5,-1,-3,-31,23,-2041
3573234038,41496,-1,-3,-1,-38,29,-2040
3573235038,41496,1,0,-2,-34,28,-2039
3573236038,41496,3,-4,-3,-40,20,-2051
3573237038,41496,4,-2,-3,-30,27,-2053
3573238038,41496,2,-2,-5,-38,19,-2046
3573239038,41496,6,-4,-4,-32,23,-2044
3573240038,41496,-2,2,-2,-33,30,-2049
3573241038,41496,1,-1,-2,-27,24,-2043
3573242038,41496,0,-1,-2,-26,29,-2047
3573243038,41496,2,-1,-3,-32,21,-2047
3573244038,41496,1,-4,-3,-34,19,-2047
3573245038,41496,0,-1,-1,-34,28,-2038
3573246038,41496,2,-4,-4,-37,24,-2042
3573247038,41496,4,-3,-5,-31,22,-2040
3573248038,41496,3,2,-3,-29,30,-2050
3573249038,41496,4,-6,-1,-37,27,-2048
3573250038,41496,1,0,-4,-26,23,-2039
3573251038,41496,2,-4,-6,-27,25,-2043
3573252038,41496,1,-5,-5,-28,20,-2037
3573253038,41496,-2,-3,-2,-31,26,-2048
3573254038,41496,0,-2,-3,-34,20,-2049
3573255038,41496,4,-2,-3,-31,19,-2050
3573256038,41496,1,3,-2,-42,22,-2042
3573257038,41496,0,-1,-2,-33,26,-2049
3573258038,41496,1,-2,-5,-27,25,-2044
3573259038,41496,2,-3,-3,-27,22,-2046
3573260038,41496,3,-4,-3,-25,28,-2043
3573261038,41496,5,-2,-3,-31,22,-2040
3573262038,41496,3,-1,-3,-31,27,-2042
3573263038,41496,2,-4,-3,-27,24,-2046
3573264038,41496,1,0,-1,-25,26,-2048
3573265038,41496,1,-1,-3,-36,22,-2051
3573266038,41496,2,-4,-3,-32,25,-2044
3573267038,41496,1,0,-3,-31,28,-2042
3573268038,41496,3,-1,-4,-30,22,-2041
3573269038,41496,1,-4,-3,-34,19,-2040
3573270038,41496,1,-3,-2,-34,23,-2046
3573271038,41496,1,-4,2,-35,24,-2047
3573272038,41496,1,-2,-1,-37,27,-2049
3573273038,41496,3,-4,-4,-38,30,-2040
3573274038,41496,-1,-3,-4,-33,17,-2042
3573275038,41496,2,0,0,-25,24,-2039
3573276038,41496,0,-4,-4,-34,21,-2043
3573277038,41496,3,-2,-4,-28,30,-2049
3573278038,41496,3,0,-5,-33,26,-2049
3573279038,41496,1,-4,-3,-32,22,-2040
3573280038,41496,2,0,-2,-38,22,-2049
3573281038,41496,1,-3,-3,-33,21,-2045
3573282038,41496,4,-1,-1,-38,17,-2040
3573283038,41496,2,0,-5,-29,26,-2043
3573284038,41496,5,-5,-5,-33,18,-2047
3573285038,41496,1,-2,-4,-30,17,-2045
3573286038,41496,4,-1,-4,-32,28,-2036
3573287038,41496,7,-2,-4,-31,26,-2047
3573288038,41496,3,-2,-1,-36,19,-2040
3573289038,41496,-1,-1,-2,-35,20,-2047
3573290038,41496,5,-6,-5,-34,24,-2035
3573291038,41496,2,-1,-4,-24,30,-2047
3573292038,41496,1,-3,-4,-39,29,-2046
3573293038,41496,2,-3,-5,-36,21,-2040
3573294038,41496,2,-3,-5,-34,26,-2046
3573295038,41496,1,-4,-3,-33,25,-2044
3573296038,41496,2,-3,-4,-32,17,-2044
3573297038,41496,3,1,-1,-33,29,-2040
3573298038,41496,4,-3,-2,-34,19,-2041
3573299038,41496,1,-3,-4,-37,29,-2041
3573300038,41496,3,-1,-4,-37,23,-2042
3573301038,41496,2,-3,-5,-30,26,-2051
3573302038,41496,2,0,-4,-38,22,-2042
3573303038,41496,1,-2,-1,-26,24,-2046
3573304038,41496,-1,0,-1,-30,25,-2039
3573305038,41496,-1,-3,-5,-31,23,-2043
3573306038,41496,0,-2,-3,-27,26,-2041
3573307038,41496,4,-3,-4,-36,19,-2037
3573308038,41496,3,-4,-5,-35,23,-2047
3573309038,41496,2,-1,-2,-29,19,-2042
3573310038,41496,3,-3,-3,-30,22,-2051
3573311038,41496,2,1,-3,-30,17,-2047
3573312038,41496,1,-2,-3,-33,26,-2040
3573313038,41496,1,-2,-6,-39,24,-2049
3573314038,41496,2,-5,-5,-31,19,-2053
3573315038,41496,1,1,-3,-28,20,-2049
3573316038,41496,1,-2,-3,-30,18,-2039
3573317038,41496,4,-2,-5,-24,20,-2047
3573318038,41496,1,-6,-3,-28,24,-2050
3573319038,41496,4,-4,-1,-27,22,-2042
3573320038,41496,0,-1,-4,-32,24,-2051
3573321038,41496,-1,-3,1,-33,20,-2042
3573322038,41496,2,-4,-6,-24,16,-2048
3573323038,41496,0,-2,-4,-28,25,-2043
3573324038,41496,1,-1,-6,-35,26,-2047
3573325038,41496,2,2,-6,-31,26,-2049
3573326038,41496,-1,-3,-1,-33,20,-2046
3573327038,41496,0,-2,-1,-35,23,-2042
3573328038,41496,-1,-4,-6,-32,24,-2051
3573329038,41496,4,2,-5,-34,18,-2046
3573330038,41496,2,-3,-6,-35,26,-2042
3573331038,41496,3,0,-3,-32,29,-2040
3573332038,41496,0,-1,0,-30,21,-2046
3573333038,41496,1,2,-3,-39,26,-2048
3573334038,41496,2,0,1,-32,21,-2047
3573335038,41496,1,-4,-1,-36,21,-2051
3573336038,41496,4,-4,-6,-31,24,-2040
3573337038,41496,1,-2,-5,-28,23,-2051
3573338038,41496,0,-4,-3,-25,20,-2042
3573339038,41496,0,-1,-1,-26,18,-2050
3573340038,41496,-2,-3,-5,-30,25,-2043
3573341038,41496,2,-2,-5,-30,25,-2044
3573342038,41496,1,-3,-6,-33,24,-2054
3573343038,41496,3,-5,-3,-34,23,-2050
3573344038,41496,2,-4,-4,-31,26,-2049
3573345038,41496,4,-5,-6,-31,29,-2049
3573346038,41496,2,-1,-4,-37,32,-2037
3573347038,41496,0,-2,-2,-30,19,-2045
3573348038,41496,2,-2,-3,-31,24,-2044
3573349038,41496,5,-3,-5,-29,28,-2038
3573350038,41496,1,0,-2,-32,21,-2044
3573351038,41496,2,-2,-3,-31,22,-2034
3573352038,41496,1,-2,-4,-31,24,-2039
3573353038,41496,1,-2,-4,-31,17,-2044
3573354038,41496,3,-2,-4,-38,22,-2043
3573355038,41496,4,-1,-1,-33,25,-2039
3573356038,41496,2,-1,-4,-27,22,-2049
3573357038,41496,6,-3,-6,-33,22,-2039
3573358038,41496,3,0,-5,-27,25,-2052
3573359038,41496,5,-5,-4,-36,30,-2040
3573360038,41496,3,-1,0,-28,25,-2048
3573361038,41496,5,-5,-7,-28,27,-2055
3573362038,41496,4,-6,-5,-29,19,-2047
3573363038,41496,2,-1,-2,-34,17,-2047
3573364038,41496,4,-1,-2,-28,27,-2039
3573365038,41496,3,-4,-1,-35,21,-2045
3573366038,41496,1,-3,-3,-36,26,-2043
3573367038,41496,6,-3,-2,-29,22,-2043
3573368038,41496,3,-2,-4,-36,30,-2043
3573369038,41496,3,-3,-1,-40,16,-2040
3573370038,41496,2,-1,-2,-32,27,-2043
3573371038,41496,1,-3,-2,-36,20,-2048
3573372038,41496,2,-7,-6,-35,24,-2051
3573373038,41496,2,-8,-1,-33,26,-2044
3573374038,41496,-1,-2,-1,-31,26,-2042
3573375038,41496,3,-4,-6,-22,25,-2043
3573376038,41496,2,-2,-2,-38,26,-2042
3573377038,41496,-2,-1,-2,-27,22,-2050
3573378038,41496,2,-3,-6,-36,21,-2046
3573379038,41496,3,-2,1,-27,23,-2042
3573380038,41496,2,-5,-1,-33,25,-2049
3573381038,41496,3,-4,-1,-39,30,-2038
3573382038,41496,2,-1,-2,-29,23,-2049
3573383038,41496,2,1,0,-33,26,-2054
3573384038,41496,1,-3,-6,-37,28,-2042
3573385038,41496,6,-8,-5,-34,28,-2047
3573386038,41496,3,-3,0,-42,23,-2048
3573387038,41496,0,-3,0,-29,20,-2049
3573388038,41496,5,0,-6,-32,33,-2042
3573389038,41496,1,-6,-6,-33,26,-2048
3573390038,41496,2,-2,-2,-36,25,-2041
3573391038,41496,4,-4,-5,-30,23,-2041
3573392038,41496,2,-1,-4,-33,36,-2044
3573393038,41496,1,-1,-5,-33,25,-2049
3573394038,41496,1,-4,-1,-38,22,-2044
3573395038,41496,-1,0,-4,-28,25,-2042
3573396038,41496,5,-3,-4,-32,21,-2045
3573397038,41496,1,-5,-3,-36,25,-2038
3573398038,41496,-2,-2,-6,-35,25,-2044
3573399038,41496,2,-3,-4,-30,24,-2045
3573400038,41496,2,-2,-1,-28,21,-2045
3573401038,41496,3,0,-6,-39,29,-2037
3573402038,41496,4,-1,-3,-33,25,-2049
3573403038,41496,-2,3,-3,-30,22,-2043
3573404038,41496,4,0,-3,-33,26,-2045
3573405038,41496,4,-6,-3,-30,19,-2041
3573406038,41496,-1,-1,-4,-35,23,-2050
3573407038,41496,3,-5,-2,-34,20,-2045
3573408038,41496,4,-3,-4,-31,22,-2039
3573409038,41496,4,-3,-4,-33,17,-2046
3573410038,41496,2,-3,-2,-32,19,-2043
3573411038,41496,2,0,-4,-29,22,-2044
3573412038,41496,1,-4,-5,-34,15,-2051
3573413038,41496,3,-4,-1,-34,19,-2040
3573414038,41496,2,-3,-4,-45,25,-2041
3573415038,41496,1,-4,-7,-38,35,-2043
3573416038,41496,1,-5,-3,-32,26,-2038
3573417038,41496,1,-2,-4,-25,25,-2043
3573418038,41496,2,-3,-1,-34,26,-2046
3573419038,41496,1,0,-4,-34,21,-2034
3573420038,41496,6,-5,-5,-32,22,-2037
3573421038,41496,6,-6,-6,-34,21,-2040
3573422038,41496,2,-1,-5,-38,24,-2054
3573423038,41496,1,-2,-3,-33,30,-2047
3573424038,41496,4,-4,-5,-32,24,-2051
3573425038,41496,3,1,-1,-29,19,-2047
3573426038,41496,4,-2,-2,-19,24,-2041
3573427038,41496,4,-3,-1,-28,27,-2047
3573428038,41496,3,-2,-2,-33,29,-2042
3573429038,41496,2,1,-3,-33,18,-2047
3573430038,41496,3,1,-1,-29,24,-2042
3573431038,41496,2,-2,-2,-38,17,-2045
3573432038,41496,1,-4,-3,-31,16,-2046
3573433038,41496,-2,-1,0,-34,31,-2043
3573434038,41496,4,-5,-5,-32,27,-2045
3573435038,41496,1,-2,-2,-29,24,-2044
3573436038,41496,5,-3,-2,-26,19,-2038
3573437038,41496,2,-6,-3,-20,27,-2040
3573438038,41496,3,-1,-5,-30,25,-2048
3573439038,41496,2,-2,-6,-39,22,-2044
3573440038,41496,3,-3,-6,-35,19,-2042
3573441038,41496,0,-5,-6,-36,23,-2043
3573442038,41496,2,-2,-8,-35,22,-2041
3573443038,41496,5,-1,-2,-30,25,-2043
3573444038,41496,2,-3,-1,-29,29,-2040
3573445038,41496,3,-1,-4,-36,24,-2049
3573446038,41496,0,2,1,-27,32,-2040
3573447038,41496,2,0,1,-33,28,-2043
3573448038,41496,2,-5,-3,-30,29,-2044
3573449038,41496,1,1,-3,-26,20,-2045
3573450038,41496,4,-1,-3,-35,17,-2045
3573451038,41496,1,-2,-5,-32,20,-2046
3573452038,41496,4,-4,2,-27,25,-2045
3573453038,41496,3,-2,-5,-25,30,-2050
3573454038,41496,-2,0,-6,-31,28,-2039
3573455038,41496,1,-4,-2,-38,22,-2039
3573456038,41496,3,-3,-6,-35,21,-2043
3573457038,41496,0,-2,-2,-33,22,-2045
3573458038,41496,4,-4,-3,-30,17,-2047
3573459038,41496,5,-5,-4,-34,23,-2039
3573460038,41496,5,-2,-3,-36,28,-2038
3573461038,41496,1,-3,-2,-38,25,-2046
3573462038,41496,3,0,-3,-36,29,-2045
3573463038,41496,0,-2,-1,-28,26,-2047
3573464038,41496,-2,-3,-4,-29,23,-2047
3573465038,41496,2,-3,-6,-24,29,-2045
3573466038,41496,2,-5,-1,-39,18,-2046
3573467038,41496,1,-3,0,-37,26,-2045
3573468038,41496,4,-1,-2,-36,22,-2047
3573469038,41496,7,-4,-2,-27,25,-2038
3573470038,41496,4,-2,-5,-34,18,-2044
3573471038,41496,-2,0,0,-31,29,-2043
3573472038,41496,1,-1,-5,-32,18,-2047
3573473038,41496,2,2,-2,-31,24,-2052
3573474038,41496,4,-2,-3,-28,20,-2044
3573475038,41496,-2,-2,-1,-27,25,-2045
3573476038,41496,1,-2,-3,-40,23,-2040
3573477038,41496,0,-2,-2,-30,23,-2031
3573478038,41496,-1,1,-5,-30,24,-2045
3573479038,41496,0,-3,-1,-24,33,-2048
3573480038,41496,2,-3,-6,-34,17,-2051
3573481038,41496,1,-1,0,-29,23,-2042
3573482038,41496,4,0,-6,-33,30,-2043
3573483038,41496,-2,-1,-4,-38,26,-2049
3573484038,41496,3,1,0,-26,26,-2046
3573485038,41496,4,-5,-3,-25,28,-2042
3573486038,41496,2,0,-3,-31,24,-2044
3573487038,41496,4,2,-4,-30,24,-2044
3573488038,41496,2,-3,-5,-38,23,-2044
3573489038,41496,-1,-1,-2,-36,27,-2046
3573490038,41496,2,-4,-5,-33,30,-2039
3573491038,41496,0,-4,-4,-27,28,-2045
3573492038,41496,3,-3,-3,-38,26,-2051
3573493038,41496,3,-1,-5,-31,33,-2049
3573494038,41496,-1,-1,-2,-25,24,-2043
3573495038,41496,2,-3,-6,-39,20,-2039
3573496038,41496,2,-4,-1,-40,20,-2042
3573497038,41496,2,3,-2,-29,25,-2031
3573498038,41496,2,-1,-2,-30,24,-2032
3573499038,41496,2,2,-2,-32,29,-2038
3573500038,41496,3,-2,-3,-33,27,-2043
3573501038,41496,1,-3,-6,-23,30,-2046
3573502038,41496,0,-3,-3,-26,19,-2049
3573503038,41496,1,-1,-3,-35,24,-2045
3573504038,41496,5,-3,-6,-37,19,-2043
3573505038,41496,3,-1,-2,-33,25,-2043
3573506038,41496,3,-3,-1,-32,24,-2037
3573507038,41496,1,-3,-2,-32,24,-2035
3573508038,41496,1,-2,-2,-29,26,-2043
3573509038,41496,4,-7,-4,-24,26,-2038
3573510038,41496,3,0,-1,-25,21,-2048
3573511038,41496,-2,2,-2,-41,17,-2047
3573512038,41496,4,-2,-4,-29,25,-2048
3573513038,41496,4,-1,-4,-26,18,-2037
3573514038,41496,8,-4,-7,-35,17,-2040
3573515038,41496,4,-4,-4,-30,22,-2047
3573516038,41496,1,1,-6,-39,24,-2051
3573517038,41496,3,-5,-2,-31,22,-2057
3573518038,41496,-2,-4,-1,-31,27,-2049
3573519038,41496,3,-2,-2,-37,29,-2053
3573520038,41496,3,-5,-4,-32,28,-2043
3573521038,41496,1,-3,-5,-26,28,-2051
3573522038,41496,3,-3,-6,-31,22,-2044
3573523038,41496,5,-5,-7,-33,23,-2043
3573524038,41496,1,-3,-5,-31,26,-2045
3573525038,41496,2,-3,-3,-23,26,-2046
3573526038,41496,1,1,-2,-29,22,-2043
3573527038,41496,3,0,-3,-32,20,-2047
3573528038,41496,1,-2,-1,-36,26,-2051
3573529038,41496,1,-2,0,-32,21,-2052
3573530038,41496,3,-1,0,-33,15,-2049
3573531038,41496,4,-5,0,-27,30,-2041
3573532038,41496,4,-1,-5,-36,22,-2043
3573533038,41496,2,-6,-3,-37,20,-2041
3573534038,41496,3,-5,-4,-41,24,-2041
3573535038,41496,0,0,-5,-33,22,-2042
3573536038,41496,2,-3,-7,-28,21,-2041
3573537038,41496,-1,1,-6,-32,26,-2042
3573538038,41496,2,-1,-4,-32,35,-2044
3573539038,41496,2,-1,-4,-32,24,-2043
3573540038,41496,2,-3,0,-40,27,-2056
3573541038,41496,3,-3,-3,-28,21,-2054
3573542038,41496,2,-1,-3,-37,27,-2044
3573543038,41496,2,-3,-4,-35,25,-2043
3573544038,41496,-1,1,-4,-30,25,-2044
3573545038,41496,4,-3,-5,-37,25,-2046
3573546038,41496,3,-3,-7,-32,25,-2050
3573547038,41496,2,-1,-2,-36,22,-2040
3573548038,41496,4,-4,-4,-29,25,-2039
3573549038,41496,5,-3,-3,-33,22,-2039
3573550038,41496,5,-3,-3,-31,21,-2047
3573551038,41496,3,-5,1,-30,25,-2050
3573552038,41496,1,1,-1,-31,26,-2047
3573553038,41496,3,-2,-4,-29,29,-2041
3573554038,41496,3,-4,-2,-31,33,-2043
3573555038,41496,1,1,0,-38,29,-2051
3573556038,41496,-3,1,0,-38,18,-2042
3573557038,41496,1,-3,-4,-24,17,-2032
3573558038,41496,3,1,-3,-37,15,-2040
3573559038,41496,2,-3,-5,-30,23,-2048
3573560038,41496,3,-2,-6,-30,26,-2045
3573561038,41496,-1,1,-1,-36,25,-2046
3573562038,41496,1,-2,-2,-35,25,-2047
3573563038,41496,2,0,-4,-32,20,-2051
3573564038,41496,3,-3,-4,-30,24,-2043
3573565038,41496,3,-4,-4,-33,31,-2049
3573566038,41496,0,-3,-2,-27,24,-2046
3573567038,41496,6,-4,-5,-32,20,-2040
3573568038,41496,4,-5,-4,-30,22,-2046
3573569038,41496,2,-5,-5,-33,19,-2046
3573570038,41496,4,-4,-1,-28,25,-2040
3573571038,41496,2,-1,-4,-30,22,-2045
3573572038,41496,-1,-1,0,-27,22,-2043
3573573038,41496,1,-6,-2,-36,29,-2047
3573574038,41496,2,-5,-4,-33,18,-2049
3573575038,41496,-1,-4,-3,-37,23,-2039
3573576038,41496,1,0,-4,-32,20,-2037
3573577038,41496,0,-1,-5,-25,23,-2040
3573578038,41496,5,-2,-3,-32,24,-2035
3573579038,41496,6,-6,-6,-38,27,-2041
3573580038,41496,-3,3,1,-31,22,-2047
3573581038,41496,0,-2,-1,-35,30,-2043
3573582038,41496,4,-1,-3,-35,30,-2043
3573583038,41496,2,-1,-3,-30,28,-2045
3573584038,41496,3,0,-2,-32,25,-2048
3573585038,41496,0,0,-2,-32,24,-2046
3573586038,41496,5,-5,-5,-32,21,-2037
3573587038,41496,2,-4,-4,-24,27,-2045
3573588038,41496,3,-1,-2,-31,25,-2046
3573589038,41496,5,-4,-2,-38,23,-2045
3573590038,41496,1,-5,-2,-24,26,-2044
3573591038,41496,1,-5,-5,-28,26,-2049
3573592038,41496,2,-2,-4,-36,18,-2044
3573593038,41496,3,-5,-5,-24,19,-2048
3573594038,41496,1,3,-2,-31,24,-2043
3573595038,41496,1,-5,-3,-31,20,-2041
3573596038,41496,1,1,-1,-30,25,-2040
3573597038,41496,1,-2,-3,-30,21,-2041
3573598038,41496,3,-1,-3,-34,24,-2046
3573599038,41496,3,-1,-2,-35,25,-2042
3573600038,41496,2,-4,0,-37,27,-2042
3573601038,41496,1,-4,0,-28,28,-2047
3573602038,41496,-1,-2,-2,-38,34,-2053
3573603038,41496,2,-4,-4,-30,20,-2048
3573604038,41496,3,-4,-3,-31,23,-2034
3573605038,41496,7,-6,-4,-32,25,-2045
3573606038,41496,5,-2,-2,-25,27,-2040
3573607038,41496,3,-1,-4,-33,23,-2042
3573608038,41496,2,-5,-3,-29,25,-2041
3573609038,41496,-2,2,-2,-22,23,-2043
3573610038,41496,-1,-1,-1,-32,24,-2039
3573611038,41496,3,-2,-3,-27,24,-2049
3573612038,41496,1,0,-4,-31,24,-2043
3573613038,41496,2,-2,-3,-29,30,-2050
3573614038,41496,3,0,-3,-28,29,-2047
3573615038,41496,-1,-1,-2,-39,20,-2040
3573616038,41496,1,-1,-1,-32,24,-2039
3573617038,41496,3,-3,1,-30,17,-2045
3573618038,41496,6,-5,-2,-34,23,-2048
3573619038,41496,2,-5,-4,-31,27,-2041
3573620038,41496,2,-3,-4,-26,24,-2048
3573621038,41496,3,-1,-4,-34,22,-2038
3573622038,41496,2,-4,-4,-32,24,-2047
3573623038,41496,-1,-2,-4,-31,25,-2046
3573624038,41496,0,-3,-4,-32,19,-2045
3573625038,41496,-1,-1,-5,-27,18,-2040
3573626038,41496,-1,-1,-4,-30,23,-2047
3573627038,41496,1,-4,-4,-31,24,-2046
3573628038,41496,-1,-1,-5,-31,24,-2050
3573629038,41496,6,0,-6,-38,26,-2046
3573630038,41496,0,1,-5,-36,28,-2045
3573631038,41496,2,-3,-2,-34,28,-2048
3573632038,41496,1,-5,-3,-34,26,-2047
3573633038,41496,0,-2,-4,-37,24,-2046
3573634038,41496,2,-2,-5,-29,30,-2043
3573635038,41496,1,-4,-3,-30,29,-2047
3573636038,41496,3,0,-2,-27,22,-2038
3573637038,41496,1,1,0,-26,31,-2047
3573638038,41496,0,-5,-2,-33,31,-2041
3573639038,41496,5,-4,-7,-33,27,-2044
3573640038,41496,0,-3,0,-28,18,-2040
3573641038,41496,1,-1,-5,-35,23,-2045
3573642038,41496,1,0,-2,-31,21,-2046
3573643038,41496,3,-4,-3,-32,24,-2042
3573644038,41496,0,-2,-2,-27,29,-2046
3573645038,41496,2,-1,-1,-35,27,-2043
3573646038,41496,4,-5,-3,-26,24,-2055
3573647038,41496,1,1,0,-30,28,-2038
3573648038,41496,-1,-3,0,-39,27,-2046
3573649038,41496,3,0,-3,-32,25,-2046
3573650038,41496,1,-4,-3,-37,16,-2048
3573651038,41496,4,-4,-4,-32,30,-2049
3573652038,41496,1,-1,-4,-35,19,-2049
3573653038,41496,2,-1,-6,-32,22,-2043
3573654038,41496,4,-2,-6,-36,25,-2046
3573655038,41496,2,-3,-5,-32,21,-2047
3573656038,41496,2,0,-7,-35,18,-2044
3573657038,41496,0,-3,-5,-30,22,-2041
3573658038,41496,1,1,0,-40,20,-2042
3573659038,41496,3,-3,-2,-27,17,-2038
3573660038,41496,0,-3,-3,-33,25,-2040
3573661038,41496,6,-2,-4,-39,20,-2045
3573662038,41496,3,-3,-6,-34,28,-2041
3573663038,41496,3,-3,-4,-32,31,-2038
3573664038,41496,5,-3,-4,-36,22,-2042
3573665038,41496,2,-6,-7,-30,18,-2045
3573666038,41496,2,2,-4,-38,19,-2039
3573667038,41496,3,-2,-4,-32,22,-2040
3573668038,41496,-2,0,-1,-29,30,-2043
3573669038,41496,2,-2,-3,-32,24,-2044
3573670038,41496,0,-5,-1,-32,23,-2038
3573671038,41496,1,2,-3,-35,26,-2048
3573672038,41496,3,-3,-6,-32,26,-2046
3573673038,41496,0,-1,-3,-34,25,-2043
3573674038,41496,6,-6,-4,-36,22,-2047
3573675038,41496,2,-2,-4,-27,25,-2045
3573676038,41496,3,-2,-5,-24,26,-2048
3573677038,41496,2,-3,-3,-30,19,-2044
3573678038,41496,1,-3,-3,-32,29,-2043
3573679038,41496,3,-1,-4,-30,28,-2042
3573680038,41496,3,-4,-2,-37,24,-2038
3573681038,41496,0,2,-2,-32,15,-2040
3573682038,41496,0,-1,-4,-31,16,-2049
3573683038,41496,0,1,-4,-37,22,-2041
3573684038,41496,-2,0,-1,-34,13,-2044
3573685038,41496,3,-3,-3,-37,22,-2050
3573686038,41496,2,-1,0,-33,23,-2047
3573687038,41496,1,-5,-3,-33,28,-2048
3573688038,41496,5,-5,-5,-30,27,-2043
3573689038,41496,3,-3,-2,-29,28,-2043
3573690038,41496,1,-1,-4,-34,28,-2038
3573691038,41496,4,-6,-4,-31,27,-2046
3573692038,41496,2,-2,-5,-35,29,-2048
3573693038,41496,3,-5,-1,-27,26,-2046
3573694038,41496,1,0,-2,-32,22,-2044
3573695038,41496,2,-3,-5,-32,32,-2042
3573696038,41496,3,-6,-8,-34,26,-2036
3573697038,41496,4,0,-3,-34,33,-2040
3573698038,41496,2,1,-2,-31,25,-2047
3573699038,41496,1,-3,-7,-32,24,-2042
3573700038,41496,0,3,0,-35,22,-2037
3573701038,41496,4,-1,-5,-37,27,-2051
3573702038,41496,4,-2,-7,-37,32,-2040
3573703038,41496,1,0,-4,-31,27,-2039
3573704038,41496,4,-3,-5,-29,26,-2046
3573705038,41496,1,0,-1,-35,17,-2041
3573706038,41496,4,-2,0,-32,21,-2041
3573707038,41496,6,-1,-3,-38,25,-2046
3573708038,41496,-1,-4,-2,-35,24,-2045
3573709038,41496,3,-5,-3,-35,22,-2043
3573710038,41496,3,-4,-3,-27,24,-2037
3573711038,41496,2,-2,-4,-29,22,-2044
3573712038,41496,2,-7,-4,-27,26,-2038
3573713038,41496,5,1,-3,-32,21,-2037
3573714038,41496,3,-3,-2,-34,27,-2043
3573715038,41496,7,-2,-3,-36,27,-2050
3573716038,41496,5,-3,-2,-32,20,-2044
3573717038,41496,-1,-2,-5,-29,24,-2048
3573718038,41496,-1,-3,-3,-28,20,-2042
3573719038,41496,0,1,-3,-31,20,-2043
3573720038,41496,0,-4,-4,-30,23,-2048
3573721038,41496,3,-2,-2,-23,25,-2048
3573722038,41496,0,2,-3,-28,22,-2049
3573723038,41496,3,-6,-4,-27,19,-2046
3573724038,41496,2,-2,-4,-38,20,-2044
3573725038,41496,2,-4,-5,-31,18,-2049
3573726038,41496,2,-2,-2,-32,28,-2044
3573727038,41496,1,-2,-4,-30,24,-2042
3573728038,41496,4,-7,-5,-28,21,-2051
3573729038,41496,0,-2,-1,-28,28,-2045
3573730038,41496,2,-2,-2,-38,25,-2039
3573731038,41496,3,-2,-4,-29,24,-2047
3573732038,41496,1,-1,-2,-31,27,-2048
3573733038,41496,2,-1,-4,-34,25,-2047
3573734038,41496,3,-4,-4,-25,25,-2038
3573735038,41496,4,-2,-3,-28,23,-2045
3573736038,41496,3,-2,-4,-29,19,-2052
3573737038,41496,3,-1,0,-26,29,-2046
3573738038,41496,1,-2,-2,-30,21,-2050
3573739038,41496,2,-1,-2,-32,22,-2046
3573740038,41496,0,-4,-6,-29,30,-2045
3573741038,41496,3,-5,-6,-30,21,-2047
3573742038,41496,6,-6,-5,-35,23,-2045
3573743038,41496,1,-3,-4,-25,27,-2044
3573744038,41496,2,-3,-1,-30,24,-2035
3573745038,41496,0,-2,-4,-23,22,-2042
3573746038,41496,6,-4,-3,-36,22,-2039
3573747038,41496,4,-7,-5,-24,27,-2044
3573748038,41496,4,-3,-7,-29,18,-2045
3573749038,41496,-2,-3,-4,-26,33,-2049
3573750038,41496,1,-3,-3,-26,25,-2047
3573751038,41496,-1,-1,-3,-35,22,-2046
3573752038,41496,3,-2,-5,-39,24,-2040
3573753038,41496,2,-2,-3,-30,19,-2042
3573754038,41496,-1,0,-5,-30,26,-2042
3573755038,41496,5,-4,-3,-38,21,-2050
3573756038,41496,3,-1,-3,-33,27,-2041
3573757038,41496,3,-2,-2,-33,31,-2049
3573758038,41496,5,-1,-5,-29,25,-2044
3573759038,41496,3,-4,-7,-33,22,-2048
3573760038,41496,6,-5,-7,-36,21,-2046
3573761038,41496,3,-4,-4,-31,26,-2036
3573762038,41496,3,-2,-5,-26,23,-2046
3573763038,41496,2,-4,-4,-34,26,-2046
3573764038,41496,1,0,-3,-35,24,-2040
3573765038,41496,4,-2,-7,-25,24,-2041
3573766038,41496,1,3,-4,-37,27,-2036
3573767038,41496,0,-2,-4,-33,25,-2047
3573768038,41496,0,-4,-3,-27,17,-2042
3573769038,41496,3,1,-3,-31,22,-2050
3573770038,41496,0,-2,-2,-34,36,-2047
3573771038,41496,3,-4,-2,-33,16,-2040
3573772038,41496,3,1,-3,-34,23,-2053
3573773038,41496,0,-6,-1,-39,27,-2044
3573774038,41496,1,-3,-4,-35,24,-2043
3573775038,41496,-1,1,0,-28,25,-2043
3573776038,41496,3,-3,0,-27,22,-2038
3573777038,41496,1,2,-2,-30,22,-2042
3573778038,41496,0,-3,-3,-30,23,-2038
3573779038,41496,2,-5,-5,-32,17,-2047
3573780038,41496,1,0,-5,-32,26,-2038
3573781038,41496,3,-5,-2,-36,28,-2036
3573782038,41496,0,-2,-1,-39,25,-2045
3573783038,41496,3,-1,-3,-34,18,-2039
3573784038,41496,5,-7,-8,-36,25,-2050
3573785038,41496,0,-2,-2,-31,14,-2040
3573786038,41496,3,-2,-3,-31,21,-2038
3573787038,41496,2,-3,1,-32,20,-2046
3573788038,41496,2,-2,-2,-35,27,-2044
3573789038,41496,3,-5,-3,-36,35,-2046
3573790038,41496,2,1,-4,-34,19,-2044
3573791038,41496,4,-4,-3,-28,23,-2041
3573792038,41496,0,-5,-4,-35,26,-2047
3573793038,41496,4,0,-3,-31,21,-2050
3573794038,41496,0,-2,-2,-30,17,-2044
3573795038,41496,1,-3,-3,-25,21,-2046
3573796038,41496,4,-1,-2,-35,22,-2045
3573797038,41496,1,-3,-3,-34,25,-2042
3573798038,41496,2,-1,-1,-29,29,-2045
3573799038,41496,-1,-3,-3,-28,25,-2043
3573800038,41496,2,-1,-3,-34,24,-2046
3573801038,41496,1,-1,-3,-42,22,-2043
3573802038,41496,-1,-1,-6,-32,27,-2046
3573803038,41496,4,-3,-7,-29,26,-2049
3573804038,41496,1,2,-2,-32,23,-2047
3573805038,41496,3,-5,-7,-37,21,-2038
3573806038,41496,2,0,-4,-30,25,-2039
3573807038,41496,-1,1,-1,-33,30,-2041
3573808038,41496,3,-5,-2,-28,19,-2036
3573809038,41496,3,-3,-4,-30,21,-2042
3573810038,41496,3,-6,-5,-32,20,-2047
3573811038,41496,3,-7,-4,-28,20,-2042
3573812038,41496,1,-3,-4,-35,24,-2045
3573813038,41496,-1,2,-3,-36,21,-2041
3573814038,41496,5,-3,-4,-34,13,-2044
3573815038,41496,-1,2,-2,-27,17,-2048
3573816038,41496,3,-2,-6,-39,29,-2051
3573817038,41496,3,-3,-5,-32,27,-2043
3573818038,41496,2,-2,-3,-27,22,-2046
3573819038,41496,4,-5,-3,-36,22,-2045
3573820038,41496,0,-3,-4,-35,29,-2047
3573821038,41496,2,0,-1,-34,26,-2045
3573822038,41496,1,-2,-1,-37,28,-2040
3573823038,41496,1,-1,-5,-31,24,-2048
3573824038,41496,1,-4,0,-28,21,-2036
3573825038,41496,5,-3,-2,-34,24,-2043
3573826038,41496,2,-4,-5,-29,22,-2040
3573827038,41496,2,0,1,-30,20,-2046
3573828038,41496,3,-4,0,-35,20,-2047
3573829038,41496,1,-4,-3,-34,22,-2043
3573830038,41496,5,-2,-3,-28,21,-2043
3573831038,41496,3,-1,-2,-34,27,-2040
3573832038,41496,5,-5,-2,-33,26,-2046
3573833038,41496,-1,-3,-5,-33,22,-2053
3573834038,41496,1,-3,-7,-29,21,-2034
3573835038,41496,-2,-2,-3,-28,29,-2044
3573836038,41496,1,-4,-3,-28,20,-2036
3573837038,41496,1,-3,-4,-36,29,-2041
3573838038,41496,1,-6,-4,-34,23,-2039
3573839038,41496,0,-2,-3,-32,25,-2045
3573840038,41496,4,-5,-8,-33,23,-2041
3573841038,41496,-2,2,0,-28,26,-2046
3573842038,41496,0,-1,-4,-26,23,-2043
3573843038,41496,0,-2,-3,-31,23,-2044
3573844038,41496,1,-4,-6,-34,17,-2049
3573845038,41496,3,0,1,-27,23,-2050
3573846038,41496,7,-1,-4,-33,30,-2042
3573847038,41496,2,-2,-4,-31,25,-2043
3573848038,41496,3,0,-5,-32,24,-2047
3573849038,41496,2,0,0,-22,24,-2044
3573850038,41496,0,-3,-4,-32,24,-2041
3573851038,41496,1,-4,-6,-33,24,-2040
3573852038,41496,1,-3,-2,-29,28,-2046
3573853038,41496,0,-3,-5,-32,23,-2040
3573854038,41496,7,-2,-6,-37,21,-2044
3573855038,41496,2,-2,-3,-34,28,-2047
3573856038,41496,4,-4,-3,-34,24,-2043
3573857038,41496,2,-1,-2,-29,22,-2045
3573858038,41496,1,-2,-1,-32,27,-2036
3573859038,41496,1,-4,0,-34,24,-2043
3573860038,41496,0,-6,-6,-36,20,-2044
3573861038,41496,3,-4,0,-27,23,-2041
3573862038,41496,1,1,2,-31,27,-2044
3573863038,41496,0,1,-2,-33,14,-2047
3573864038,41496,4,-3,-3,-34,33,-2045
3573865038,41496,0,-5,-4,-36,24,-2049
3573866038,41496,2,1,-3,-27,28,-2041
3573867038,41496,-2,-3,-5,-35,25,-2044
3573868038,41496,0,0,-5,-34,20,-2046
3573869038,41496,5,-2,-5,-35,21,-2047
3573870038,41496,2,-3,-1,-29,20,-2045
3573871038,41496,0,-3,-4,-29,20,-2046
3573872039,41496,4,-1,-5,-28,26,-2053
3573873038,41496,3,1,-2,-25,20,-2047
3573874040,41496,0,2,-4,-25,26,-2042
3573875038,41496,0,-2,-5,-33,27,-2045
3573876038,41496,0,-1,-3,-29,29,-2052
3573877038,41496,1,-2,-6,-35,26,-2044
3573878038,41496,2,-5,-5,-40,26,-2046
3573879038,41496,1,-4,-4,-34,22,-2047
3573880038,41496,1,-2,-3,-36,15,-2036
3573881038,41496,-2,-4,-2,-34,21,-2054
3573882038,41496,5,0,-4,-25,25,-2053
3573883038,41496,2,-7,-6,-30,24,-2043
3573884038,41496,3,-2,-5,-33,24,-2046
3573885038,41496,3,1,-2,-27,20,-2042
3573886038,41496,0,-2,-6,-33,27,-2048
3573887038,41496,0,-3,-1,-24,26,-2044
3573888038,41496,4,-2,-4,-29,27,-2041
3573889038,41496,1,-2,-3,-31,30,-2038
3573890038,41496,-1,-1,-4,-36,25,-2049
3573891038,41496,-1,-2,-2,-34,20,-2052
3573892038,41496,2,-1,-1,-32,19,-2040
3573893038,41496,1,1,-4,-38,21,-2040
3573894038,41496,5,-4,-4,-30,24,-2048
3573895038,41496,2,-1,-3,-35,26,-2041
3573896038,41496,0,2,-8,-30,20,-2038
3573897038,41496,3,3,-2,-33,21,-2045
3573898038,41496,-1,0,-5,-30,26,-2041
3573899038,41496,1,-4,-6,-37,32,-2039
3573900038,41496,1,0,0,-35,24,-2046
3573901038,41496,4,-3,-2,-35,17,-2048
3573902038,41496,0,-5,-7,-38,19,-2051
3573903038,41496,2,-1,-3,-27,25,-2042
3573904038,41496,-1,-1,0,-35,22,-2036
3573905038,41496,1,-1,-3,-29,35,-2047
3573906038,41496,2,-2,-3,-34,29,-2054
3573907038,41496,4,-3,-5,-33,28,-2041
3573908038,41496,1,-3,-2,-31,23,-2044
3573909038,41496,3,0,-6,-29,20,-2043
3573910038,41496,4,-3,-1,-40,25,-2048
3573911038,41496,1,-2,-5,-31,23,-2042
3573912038,41496,5,-6,-4,-36,27,-2038
3573913038,41496,0,-2,-5,-28,24,-2046
3573914038,41496,1,-3,-2,-28,27,-2042
3573915038,41496,-1,0,-4,-41,22,-2044
3573916038,41496,-1,0,-4,-36,26,-2036
3573917038,41496,3,-1,-5,-35,16,-2049
3573918038,41496,1,-4,-4,-40,26,-2043
3573919038,41496,3,-1,-7,-36,18,-2036
3573920038,41496,2,-4,-5,-31,26,-2044
3573921038,41496,4,-4,-2,-31,20,-2054
3573922038,41496,2,-2,-2,-37,34,-2043
3573923038,41496,3,-1,-2,-26,27,-2042
3573924038,41496,1,-2,-1,-35,23,-2043
3573925038,41496,2,0,-4,-34,28,-2040
3573926038,41496,4,-2,-4,-36,22,-2042
3573927038,41496,1,-3,-5,-33,22,-2046
3573928038,41496,0,1,-3,-34,26,-2044
3573929038,41496,-1,-3,-3,-31,28,-2052
3573930038,41496,-2,-2,-3,-31,24,-2046
3573931038,41496,1,-3,-7,-31,21,-2042
3573932038,41496,2,1,-2,-37,18,-2041
3573933038,41496,3,-2,-3,-29,28,-2035
3573934038,41496,5,-4,-6,-34,20,-2046
3573935038,41496,4,-3,-5,-31,21,-2053
3573936038,41496,4,-4,-5,-34,27,-2048
3573937038,41496,0,-2,0,-40,28,-2045
3573938038,41496,-2,0,-2,-32,33,-2040
3573939038,41496,-1,-2,0,-36,24,-2051
3573940038,41496,4,-6,-5,-39,30,-2052
3573941038,41496,0,4,0,-31,23,-2051
3573942038,41496,0,-1,-3,-30,25,-2033
3573943038,41496,2,1,-3,-24,18,-2047
3573944038,41496,2,-2,-3,-28,27,-2046
3573945038,41496,0,-3,-4,-28,18,-2042
3573946038,41496,1,-4,-3,-33,22,-2041
3573947038,41496,2,-7,-3,-37,21,-2048
3573948038,41496,3,1,-3,-37,22,-2044
3573949038,41496,1,-1,-2,-27,21,-2043
3573950038,41496,0,-5,-5,-32,22,-2044
3573951038,41496,1,-2,-2,-26,23,-2049
3573952038,41496,0,-3,-2,-35,23,-2040
3573953038,41496,-1,-4,-2,-36,22,-2050
3573954038,41496,-2,1,-5,-43,27,-2044
3573955038,41496,4,-4,-3,-30,25,-2038
3573956038,41496,2,0,-1,-26,26,-2049
3573957038,41496,6,-3,-4,-30,28,-2043
3573958038,41496,4,-6,-2,-39,25,-2037
3573959038,41496,1,0,-3,-32,21,-2044
3573960038,41496,4,-3,-1,-37,29,-2047
3573961038,41496,4,-4,-4,-28,20,-2039
3573962038,41496,-2,-3,-5,-25,22,-2044
3573963038,41496,0,-6,-4,-31,26,-2050
3573964038,41496,4,-2,-2,-31,27,-2044
3573965038,41496,6,-4,-7,-36,23,-2044
3573966038,41496,4,-4,-6,-30,26,-2041
3573967038,41496,0,-1,-3,-28,22,-2040
3573968038,41496,3,-2,-2,-35,25,-2045
3573969038,41496,2,-1,-1,-37,21,-2042
3573970038,41496,2,-2,-3,-32,19,-2048
3573971038,41496,0,-3,-2,-33,25,-2039
3573972038,41496,2,-3,-4,-34,16,-2042
3573973038,41496,3,-2,-2,-37,26,-2044
3573974038,41496,4,-3,-2,-33,22,-2039
3573975038,41496,0,-1,-1,-41,24,-2043
3573976038,41496,1,-3,-1,-29,21,-2048
3573977038,41496,3,-3,-1,-25,22,-2051
3573978038,41496,3,-1,-3,-25,22,-2043
3573979038,41496,1,-2,0,-23,21,-2043
3573980038,41496,2,-4,-6,-31,13,-2041
3573981038,41496,3,-2,-1,-30,21,-2043
3573982038,41496,4,-3,-6,-35,15,-2046
3573983038,41496,1,-3,-5,-39,26,-2042
3573984038,41496,2,-3,-2,-28,19,-2033
3573985038,41496,2,0,-1,-35,33,-2040
3573986038,41496,1,-4,-7,-24,28,-2041
3573987038,41496,2,-3,-4,-30,27,-2041
3573988038,41496,5,-3,-6,-36,29,-2043
3573989038,41496,-2,1,-3,-31,18,-2051
3573990038,41496,4,-2,-4,-34,17,-2043
3573991038,41496,1,-1,-4,-25,19,-2045
3573992038,41496,4,-2,-1,-29,20,-2043
3573993038,41496,5,-6,-1,-35,24,-2047
3573994038,41496,0,-3,-3,-31,24,-2037
3573995038,41496,4,-4,-3,-30,25,-2041
3573996038,41496,2,-1,-3,-36,21,-2041
3573997038,41496,3,-1,-4,-37,21,-2051
3573998038,41496,2,-2,-3,-29,25,-2046
3573999038,41496,1,0,-2,-24,21,-2045
3574000038,41496,4,-2,-8,-35,25,-2045
3574001038,41496,3,-2,0,-34,22,-2042
3574002038,41496,4,-1,-5,-30,23,-2044
3574003038,41496,4,-3,-4,-32,28,-2044
3574004038,41496,4,-8,-6,-34,22,-2035
3574005038,41496,2,0,-3,-30,30,-2040
3574006038,41496,4,1,-5,-34,23,-2048
3574007038,41496,1,-2,-3,-37,21,-2042
3574008038,41496,0,-2,-5,-37,17,-2040
3574009038,41496,4,-1,-6,-37,19,-2046
3574010038,41496,1,-1,1,-32,31,-2040
3574011038,41496,2,-3,-2,-29,23,-2043
3574012038,41496,2,-3,-2,-38,28,-2042
3574013038,41496,1,0,1,-36,23,-2038
3574014038,41496,2,-1,-6,-32,28,-2040
3574015038,41496,2,-2,-3,-33,19,-2038
3574016038,41496,3,-1,-4,-32,23,-2047
3574017038,41496,5,-5,-4,-34,21,-2040
3574018038,41496,-1,-1,-6,-36,23,-2040
3574019038,41496,2,-1,-3,-31,25,-2042
3574020038,41496,4,-5,-3,-32,18,-2044
3574021038,41496,3,2,-3,-30,29,-2046
3574022038,41496,4,-4,-6,-34,28,-2039
3574023038,41496,3,-2,-6,-32,18,-2048
3574024038,41496,2,0,-5,-36,20,-2040
3574025038,41496,2,-5,-5,-32,27,-2049
3574026038,41496,4,-2,0,-30,20,-2042
3574027038,41496,3,-3,-1,-40,20,-2047
3574028038,41496,1,-2,-6,-35,25,-2045
3574029038,41496,2,-4,-4,-32,26,-2044
3574030038,41496,3,-3,-3,-35,24,-2039
3574031038,41496,2,-1,-2,-34,27,-2043
3574032038,41496,5,-4,-6,-32,22,-2048
3574033038,41496,-2,1,-1,-24,24,-2045
3574034038,41496,2,1,-6,-28,30,-2043
3574035038,41496,0,-3,-7,-31,27,-2044
3574036038,41496,3,-3,-7,-39,22,-2042
3574037038,41496,3,-2,-4,-37,21,-2050
3574038038,41496,6,-4,-4,-37,23,-2044
3574039038,41496,0,-2,-4,-37,27,-2043
3574040038,41496,3,-2,-2,-28,22,-2048
3574041038,41496,2,-1,-4,-26,23,-2045
3574042038,41496,1,-1,-4,-29,25,-2044
3574043038,41496,5,-2,-5,-38,22,-2043
3574044038,41496,1,0,2,-35,25,-2046
3574045038,41496,3,3,0,-28,21,-2042
3574046038,41496,4,-8,-5,-34,22,-2047
3574047038,41496,3,-4,-2,-32,25,-2045
3574048038,41496,3,2,-5,-26,20,-2043
3574049038,41496,0,-2,-4,-33,27,-2044
3574050038,41496,1,-2,-3,-34,25,-2052
3574051038,41496,3,1,-4,-32,25,-2048
3574052038,41496,1,-1,-5,-34,22,-2052
3574053038,41496,-1,1,-4,-25,22,-2045
3574054038,41496,0,-4,-6,-29,20,-2047
3574055038,41496,2,-3,-2,-37,22,-2042
3574056038,41496,1,3,-4,-31,27,-2041
3574057038,41496,4,-2,-6,-37,26,-2048
3574058038,41496,2,-6,-4,-32,27,-2037
3574059038,41496,1,-5,-2,-34,26,-2044
3574060038,41496,3,-1,-1,-29,17,-2040
3574061038,41496,3,0,-2,-43,21,-2045
3574062038,41496,4,0,-1,-28,23,-2046
3574063038,41496,1,-4,-4,-32,28,-2045
3574064038,41496,5,-5,-5,-41,23,-2044
3574065038,41496,1,-3,-5,-33,22,-2045
3574066038,41496,2,-5,-5,-37,19,-2045
3574067038,41496,-1,1,0,-38,17,-2048
3574068038,41496,1,-3,-4,-29,25,-2043
3574069038,41496,0,-3,-4,-27,28,-2045
3574070038,41496,2,-4,-4,-33,24,-2050
3574071038,41496,3,-3,-3,-28,27,-2045
3574072038,41496,1,-1,-3,-37,27,-2046
3574073038,41496,-2,-2,-2,-25,19,-2041
3574074038,41496,3,-3,-2,-24,23,-2049
3574075038,41496,2,-1,-2,-30,16,-2048
3574076038,41496,0,-2,0,-26,21,-2041
3574077038,41496,1,0,-4,-31,18,-2040
3574078038,41496,1,0,-3,-30,29,-2043
3574079038,41496,6,-3,-3,-36,29,-2037
3574080038,41496,2,0,-3,-32,21,-2044
3574081038,41496,1,2,-3,-37,20,-2051
3574082038,41496,1,-3,-2,-41,23,-2048
3574083038,41496,3,1,-4,-26,16,-2048
3574084038,41496,2,-4,-3,-34,22,-2036
3574085038,41496,0,-2,-6,-37,24,-2048
3574086038,41496,-1,-2,-1,-29,21,-2054
3574087038,41496,-2,-4,-4,-25,19,-2044
3574088038,41496,-1,-2,-2,-30,26,-2046
3574089038,41496,4,-4,-2,-35,28,-2047
3574090038,41496,2,-2,-6,-31,22,-2041
3574091038,41496,4,-3,-2,-34,21,-2045
3574092038,41496,1,-3,-4,-33,17,-2047
3574093038,41496,-1,-3,-4,-23,29,-2048
3574094038,41496,2,-1,-7,-26,18,-2049
3574095038,41496,3,-1,-6,-35,20,-2049
3574096038,41496,3,2,-2,-28,18,-2041
3574097038,41496,4,-6,-7,-25,12,-2044
3574098038,41496,4,-4,-5,-33,21,-2051
3574099038,41496,2,-4,-2,-34,20,-2046
3574100038,41496,1,-2,-3,-27,21,-2049
3574101038,41496,-1,1,0,-32,24,-2047
3574102038,41496,2,-4,-1,-29,23,-2043
3574103038,41496,1,-2,-4,-43,27,-2043
3574104038,41496,2,-3,-5,-33,25,-2044
3574105038,41496,2,-5,-3,-33,21,-2042
3574106038,41496,-1,3,-3,-32,22,-2041
3574107038,41496,2,-4,-6,-34,26,-2045
3574108038,41496,1,-5,-6,-39,20,-2041
3574109038,41496,3,0,-3,-35,27,-2041
3574110038,41496,3,-2,-5,-33,20,-2049
3574111038,41496,6,-4,-5,-30,25,-2049
3574112038,41496,-2,-3,1,-36,22,-2042
3574113038,41496,0,-4,0,-30,26,-2044
3574114038,41496,-1,0,-2,-31,29,-2037
3574115038,41496,0,0,-1,-34,21,-2041
3574116038,41496,5,-5,-6,-33,25,-2045
3574117038,41496,0,0,-5,-40,24,-2043
3574118038,41496,4,-4,-4,-38,30,-2045
3574119038,41496,0,1,-5,-37,21,-2048
3574120038,41496,1,-1,-4,-37,27,-2047
3574121038,41496,3,-3,0,-40,28,-2041
3574122038,41496,3,-1,-3,-35,19,-2047
3574123038,41496,-1,-3,-2,-35,20,-2041
3574124038,41496,4,-3,-4,-31,26,-2029
3574125038,41496,-2,-2,-3,-28,25,-2039
3574126038,41496,2,-2,-5,-28,22,-2047
3574127038,41496,-4,-4,-3,-30,26,-2048
3574128038,41496,1,-3,-5,-32,22,-2040
3574129038,41496,2,1,1,-29,22,-2045
3574130038,41496,1,-2,-3,-32,23,-2033
3574131038,41496,3,-1,-3,-38,28,-2049
3574132038,41496,1,-3,-3,-35,21,-2048
3574133038,41496,3,-2,-4,-24,20,-2047
3574134038,41496,5,-2,-6,-27,16,-2043
3574135038,41496,2,-1,-3,-34,20,-2039
3574136038,41496,2,-2,-5,-32,20,-2045
3574137038,41496,3,-3,-6,-35,25,-2044
3574138038,41496,1,1,-2,-37,30,-2049
3574139038,41496,3,-4,-6,-28,22,-2041
3574140038,41496,4,-5,-6,-30,21,-2043
3574141038,41496,4,-3,-6,-38,20,-2050
3574142038,41496,-1,0,-1,-37,23,-2047
3574143038,41496,1,1,-2,-37,30,-2050
3574144038,41496,3,-3,-3,-30,22,-2041
3574145038,41496,3,-2,-2,-31,17,-2045
3574146038,41496,2,-4,-3,-40,22,-2048
3574147038,41496,0,-1,-2,-43,19,-2046
3574148038,41496,4,-3,-3,-36,26,-2045
3574149038,41496,2,-1,-4,-33,20,-2037
3574150038,41496,1,-2,-6,-30,23,-2037
3574151038,41496,3,-3,-4,-29,27,-2035
3574152038,41496,4,-3,-3,-34,20,-2050
3574153038,41496,3,-6,-2,-29,22,-2045
3574154038,41496,3,0,-1,-29,28,-2046
3574155038,41496,-2,-3,-5,-28,16,-2039
3574156038,41496,7,-5,-2,-33,24,-2046
3574157038,41496,3,-4,-2,-34,25,-2036
3574158038,41496,1,-2,-2,-26,28,-2047
3574159038,41496,3,2,-1,-30,21,-2038
3574160038,41496,1,-2,-6,-31,28,-2042
3574161038,41496,3,1,-3,-36,24,-2040
3574162038,41496,3,-1,1,-32,23,-2043
3574163038,41496,3,-3,-2,-33,20,-2042
3574164038,41496,5,-1,-6,-36,28,-2049
3574165038,41496,3,-5,-2,-32,27,-2054
3574166038,41496,4,-5,-5,-34,28,-2038
3574167038,41496,3,-3,-7,-36,26,-2045
3574168038,41496,1,-1,-3,-34,18,-2047
3574169038,41496,1,-4,-8,-37,21,-2042
3574170038,41496,3,-2,-5,-33,22,-2037
3574171038,41496,-1,1,-4,-32,25,-2045
3574172038,41496,1,-4,-2,-26,21,-2035
3574173038,41496,3,-1,1,-30,23,-2044
3574174038,41496,0,-4,-2,-31,20,-2044
3574175038,41496,3,-5,-6,-40,20,-2040
3574176038,41496,2,-1,-2,-31,26,-2038
3574177038,41496,-2,-4,-3,-31,20,-2042
3574178038,41496,-2,-5,-5,-30,21,-2037
3574179038,41496,-1,1,-4,-35,27,-2045
3574180038,41496,3,-4,-5,-34,26,-2043
3574181038,41496,-1,0,-1,-32,23,-2043
3574182038,41496,-1,1,-4,-32,25,-2051
3574183038,41496,1,-2,-4,-31,22,-2041
3574184038,41496,2,-2,-3,-33,27,-2045
3574185038,41496,5,-4,-8,-29,22,-2045
3574186038,41496,2,-1,0,-28,16,-2042
3574187038,41496,2,-3,-1,-34,24,-2045
3574188038,41496,2,-3,-2,-37,27,-2043
3574189038,41496,3,-3,-4,-39,29,-2047
3574190038,41496,2,-2,-4,-33,22,-2045
3574191038,41496,2,-4,-7,-29,25,-2041
3574192038,41496,2,-3,-5,-31,24,-2035
3574193038,41496,1,-4,-3,-31,30,-2042
3574194038,41496,-1,0,-1,-34,19,-2040
3574195038,41496,3,-3,-3,-33,24,-2042
3574196038,41496,0,-3,-3,-34,22,-2049
3574197038,41496,2,-1,-3,-30,21,-2040
3574198038,41496,2,0,-4,-32,24,-2038
3574199038,41496,5,0,-3,-25,25,-2046
3574200038,41496,2,-2,-4,-33,22,-2040
3574201038,41496,2,-2,-3,-26,22,-2046
3574202038,41496,2,-6,-5,-35,22,-2052
3574203038,41496,3,-5,-3,-28,20,-2049
3574204038,41496,2,-4,-2,-31,30,-2045
3574205038,41496,0,-1,-2,-33,29,-2035
3574206038,41496,0,2,0,-32,32,-2045
3574207038,41496,5,-3,-1,-31,29,-2045
3574208038,41496,1,0,-6,-36,16,-2049
3574209038,41496,4,-2,-4,-39,23,-2046
3574210038,41496,-1,0,-1,-30,24,-2045
3574211038,41496,1,-2,-4,-31,24,-2048
3574212038,41496,3,-8,-4,-35,23,-2042
3574213038,41496,1,-1,-2,-35,22,-2038
3574214038,41496,2,-2,-1,-31,22,-2044
3574215038,41496,2,-2,-4,-37,20,-2042
3574216038,41496,-3,3,-2,-33,24,-2039
3574217038,41496,2,-5,-4,-30,24,-2034
3574218038,41496,2,-3,-6,-30,24,-2041
3574219038,41496,2,-3,-1,-39,19,-2045
3574220038,41496,1,0,-3,-41,28,-2041
3574221038,41496,4,0,-2,-27,22,-2054
3574222038,41496,3,1,-1,-38,25,-2048
3574223038,41496,4,-6,-2,-33,28,-2045
3574224038,41496,3,-3,-4,-27,24,-2052
3574225038,41496,2,-2,-3,-36,29,-2053
3574226038,41496,0,0,-3,-31,29,-2048
3574227038,41496,1,-3,-7,-35,22,-2040
3574228038,41496,2,-2,-3,-35,25,-2044
3574229038,41496,4,0,-2,-37,24,-2040
3574230038,41496,6,-3,-5,-33,29,-2041
3574231038,41496,3,0,-1,-33,27,-2046
3574232038,41496,3,-2,-4,-28,16,-2044
3574233038,41496,2,-5,-3,-29,22,-2041
3574234038,41496,0,-2,-1,-31,30,-2043
3574235038,41496,3,-3,-5,-31,20,-2038
3574236038,41496,4,-5,-4,-22,31,-2040
3574237038,41496,7,-5,-3,-37,20,-2039
3574238038,41496,3,-2,-4,-33,19,-2043
3574239038,41496,0,-7,-3,-36,25,-2040
3574240038,41496,4,-2,-9,-32,22,-2043
3574241038,41496,3,0,-6,-38,25,-2040
3574242038,41496,0,-2,-7,-28,29,-2043
3574243038,41496,2,-3,-2,-22,26,-2046
3574244038,41496,1,-6,-3,-30,20,-2045
3574245038,41496,-1,-5,0,-34,28,-2040
3574246038,41496,5,-2,-6,-31,24,-2037
3574247038,41496,4,-4,-4,-32,22,-2045
3574248038,41496,5,-3,-4,-36,25,-2046
3574249038,41496,4,-3,-3,-23,21,-2045
3574250038,41496,4,-4,-2,-30,19,-2050
3574251038,41496,5,-4,-2,-29,20,-2043
3574252038,41496,2,0,-7,-37,16,-2037
3574253038,41496,4,-3,-1,-31,17,-2042
3574254038,41496,0,-1,-3,-33,22,-2048
3574255038,41496,-1,-3,0,-32,23,-2044
3574256038,41496,5,-1,-3,-34,27,-2051
3574257038,41496,1,-6,-2,-29,28,-2048
3574258038,41496,-1,-1,-4,-32,19,-2043
3574259038,41496,5,-4,-6,-35,26,-2045
3574260038,41496,3,-5,-2,-32,25,-2039
3574261038,41496,4,-1,-5,-33,20,-2046
3574262038,41496,2,-5,-8,-34,27,-2044
3574263038,41496,2,-4,-5,-30,23,-2044
3574264038,41496,3,-5,-7,-34,29,-2043
3574265038,41496,-1,0,-1,-29,23,-2037
3574266038,41496,4,-2,-2,-40,18,-2043
3574267038,41496,2,-2,-3,-36,25,-2042
3574268038,41496,1,-4,-4,-34,28,-2045
3574269038,41496,-1,-2,-2,-28,26,-2045
3574270038,41496,3,0,-2,-30,27,-2047
3574271038,41496,1,-2,-1,-37,24,-2037
3574272038,41496,2,-4,-2,-30,16,-2039
3574273038,41496,4,-3,-2,-44,22,-2036
3574274038,41496,4,0,-4,-39,22,-2046
3574275038,41496,1,-1,-1,-36,26,-2047
3574276038,41496,1,-3,-5,-32,20,-2051
3574277038,41496,0,3,1,-31,35,-2049
3574278038,41496,1,-1,-2,-37,19,-2045
3574279038,41496,4,1,-3,-32,27,-2040
3574280038,41496,3,0,-4,-25,19,-2040
3574281038,41496,3,-4,-3,-37,17,-2043
3574282038,41496,3,-1,-2,-28,24,-2044
3574283038,41496,-1,0,-2,-34,27,-2049
3574284038,41496,1,0,-6,-35,20,-2042
3574285038,41496,0,-2,-1,-34,22,-2045
3574286038,41496,2,-2,-2,-32,23,-2041
3574287038,41496,4,-4,-1,-29,25,-2044
3574288038,41496,4,-2,-3,-30,20,-2043
3574289038,41496,2,-2,-1,-39,31,-2046
3574290038,41496,3,-3,-6,-37,25,-2046
3574291038,41496,2,-2,-4,-39,28,-2049
3574292038,41496,0,0,-1,-30,22,-2044
3574293038,41496,3,-2,-3,-35,22,-2046
3574294038,41496,4,-2,-4,-30,29,-2040
3574295038,41496,5,-5,-7,-32,22,-2052
3574296038,41496,3,0,-4,-31,31,-2039
3574297038,41496,2,-2,-5,-36,19,-2049
3574298038,41496,2,0,-4,-29,21,-2045
3574299038,41496,2,2,-3,-26,21,-2040
3574300038,41496,3,-3,-4,-35,24,-2053
3574301038,41496,3,0,-4,-31,30,-2048
3574302038,41496,-1,0,-2,-33,22,-2051
3574303038,41496,5,-3,-2,-29,28,-2046
3574304038,41496,4,-4,-5,-30,23,-2050
3574305038,41496,1,2,-2,-33,15,-2043
3574306038,41496,0,-2,-4,-29,20,-2049
3574307038,41496,5,-4,0,-37,25,-2047
3574308038,41496,1,-5,-5,-36,19,-2051
3574309038,41496,1,-3,-4,-27,29,-2044
3574310038,41496,-4,2,-2,-30,21,-2039
3574311038,41496,3,-6,-3,-33,17,-2043
3574312038,41496,3,-2,-1,-26,24,-2042
3574313038,41496,5,-3,-2,-33,17,-2041
3574314038,41496,6,-4,-4,-32,18,-2046
3574315038,41496,1,0,-6,-28,22,-2046
3574316038,41496,3,-4,-2,-34,20,-2043
3574317038,41496,3,-4,-7,-32,27,-2043
3574318038,41496,4,-4,-3,-34,17,-2046
3574319038,41496,4,-5,-3,-26,31,-2043
3574320038,41496,1,-4,-4,-34,19,-2044
3574321038,41496,1,-4,-5,-29,21,-2045
3574322038,41496,4,-1,-6,-35,21,-2041
3574323038,41496,5,-2,-5,-31,19,-2043
3574324038,41496,1,-1,-1,-34,19,-2048
3574325038,41496,2,1,-6,-27,28,-2041
3574326038,41496,1,-1,-3,-30,28,-2054
3574327038,41496,2,-6,-7,-35,24,-2049
3574328038,41496,1,1,-1,-31,23,-2041
3574329038,41496,-1,0,-2,-34,29,-2038
3574330038,41496,1,-3,-2,-37,29,-2040
3574331038,41496,1,-2,-1,-33,20,-2043
3574332038,41496,1,-1,-2,-28,21,-2045
3574333038,41496,1,-3,-2,-29,22,-2046
3574334038,41496,0,0,-3,-27,26,-2040
3574335038,41496,2,-6,-5,-27,22,-2042
3574336038,41496,2,-4,-1,-34,26,-2050
3574337038,41496,1,-1,-2,-33,22,-2043
3574338038,41496,3,-4,-6,-36,20,-2042
3574339038,41496,2,-3,-4,-35,27,-2043
3574340038,41496,3,-2,-3,-34,21,-2041
3574341038,41496,2,-1,-3,-31,17,-2041
3574342038,41496,1,-7,-3,-33,23,-2047
3574343038,41496,1,-2,-7,-36,18,-2043
3574344038,41496,0,-1,-5,-33,30,-2050
3574345038,41496,6,-3,-6,-34,26,-2048
3574346038,41496,7,-5,-3,-21,15,-2040
3574347038,41496,5,-3,-3,-30,23,-2043
3574348038,41496,5,-1,-3,-29,22,-2046
3574349038,41496,4,-3,-3,-34,26,-2047
3574350038,41496,2,-5,0,-31,22,-2048
3574351038,41496,2,-7,-3,-27,22,-2044
3574352038,41496,7,-4,-4,-32,24,-2052
3574353038,41496,2,-2,-1,-31,31,-2038
3574354038,41496,7,-2,-3,-35,27,-2046
3574355038,41496,2,-2,-5,-32,18,-2049
3574356038,41496,2,-2,-3,-32,25,-2041
3574357038,41496,1,-1,-5,-28,21,-2041
3574358038,41496,3,-3,-6,-38,29,-2047
3574359038,41496,4,-4,-4,-24,23,-2044
3574360038,41496,4,-5,-2,-30,30,-2046
3574361038,41496,1,-2,0,-26,19,-2037
3574362038,41496,3,-4,-6,-29,24,-2040
3574363038,41496,2,-1,-4,-30,23,-2046
3574364038,41496,2,-2,-3,-31,20,-2040
3574365038,41496,1,-4,-5,-38,25,-2045
3574366038,41496,2,-1,-1,-39,26,-2047
3574367038,41496,4,-1,-5,-32,20,-2050
3574368038,41496,2,-2,-1,-31,27,-2042
3574369038,41496,3,-2,-3,-29,29,-2042
3574370038,41496,3,0,0,-27,24,-2050
3574371038,41496,1,-2,-2,-29,24,-2045
3574372038,41496,5,-7,-2,-31,22,-2042
3574373038,41496,2,-1,-3,-31,25,-2047
3574374038,41496,2,-1,-4,-34,23,-2046
3574375038,41496,1,-3,-1,-38,18,-2044
3574376038,41496,1,-2,0,-35,20,-2043
3574377038,41496,2,-4,-2,-36,27,-2039
3574378038,41496,2,-1,-1,-32,20,-2041
3574379038,41496,0,2,-2,-33,26,-2040
3574380038,41496,7,-8,-4,-32,23,-2043
3574381038,41496,0,-3,-3,-29,23,-2042
3574382038,41496,1,-3,-6,-30,22,-2051
3574383038,41496,1,-2,-5,-32,24,-2045
3574384038,41496,5,-2,-6,-29,21,-2043
3574385038,41496,0,-2,-3,-40,24,-2037
3574386038,41496,5,-3,-6,-28,21,-2044
3574387038,41496,-3,-1,-4,-34,26,-2053
3574388038,41496,4,-5,-7,-42,25,-2045
3574389038,41496,-1,-1,-2,-28,19,-2051
3574390038,41496,2,-1,-2,-32,24,-2042
3574391038,41496,4,-4,-5,-30,18,-2044
3574392038,41496,4,-6,-4,-32,23,-2042
3574393038,41496,1,-3,-2,-35,19,-2044
3574394038,41496,4,-6,-2,-32,24,-2039
3574395038,41496,2,-1,-2,-34,18,-2032
3574396038,41496,1,-3,-2,-28,18,-2047
3574397038,41496,-1,-2,-3,-29,23,-2043
3574398038,41496,-2,3,-4,-35,24,-2045
3574399038,41496,0,-3,-4,-37,27,-2044
3574400038,41496,4,1,-5,-33,26,-2042
3574401038,41496,0,-2,-4,-36,16,-2050
3574402038,41496,5,-3,-4,-34,21,-2048
3574403038,41496,-2,-3,-3,-28,29,-2050
3574404038,41496,2,-1,-8,-36,27,-2049
3574405038,41496,1,-4,-3,-30,27,-2045
3574406038,41496,1,-3,-5,-39,22,-2048
3574407038,41496,3,-3,-1,-34,20,-2046
3574408038,41496,5,-4,-5,-31,26,-2048
3574409038,41496,-2,-2,-4,-39,31,-2041
3574410038,41496,1,-1,-1,-31,20,-2049
3574411038,41496,2,1,-3,-36,25,-2040
3574412038,41496,4,-1,-3,-27,26,-2043
3574413038,41496,1,0,0,-33,25,-2050
3574414038,41496,3,-4,-2,-26,30,-2048
3574415038,41496,2,-1,-1,-37,22,-2049
3574416038,41496,1,-1,1,-34,22,-2050
3574417038,41496,1,-1,-4,-31,27,-2050
3574418038,41496,4,-4,-7,-35,21,-2044
3574419038,41496,-2,0,-2,-33,25,-2047
3574420038,41496,4,-6,-6,-23,19,-2045
3574421038,41496,1,3,-2,-28,24,-2039
3574422038,41496,1,-3,-6,-32,24,-2046
3574423038,41496,3,-1,-7,-32,29,-2048
3574424038,41496,2,-3,-4,-30,24,-2044
3574425038,41496,3,-4,-3,-29,23,-2045
3574426038,41496,6,-5,-4,-34,22,-2046
3574427038,41496,4,0,-4,-44,27,-2050
3574428038,41496,4,-1,-4,-34,19,-2041
3574429038,41496,6,-2,-7,-38,18,-2046
3574430038,41496,-2,1,-2,-30,26,-2047
3574431038,41496,0,-2,-4,-30,23,-2047
3574432038,41496,0,-4,-4,-32,22,-2047
3574433038,41496,0,-2,-4,-40,31,-2047
3574434038,41496,2,-3,-6,-31,26,-2051
3574435038,41496,4,-3,-5,-29,22,-2046
3574436038,41496,2,-1,-8,-37,22,-2046
3574437038,41496,1,-4,-6,-25,23,-2045
3574438038,41496,3,-2,-4,-35,25,-2044
3574439038,41496,-1,-5,-4,-27,25,-2039
3574440038,41496,3,-2,-6,-27,24,-2044
3574441038,41496,5,-2,-1,-36,29,-2041
3574442038,41496,4,-3,-2,-32,21,-2044
3574443038,41496,2,-1,-4,-33,26,-2046
3574444038,41496,2,-3,-4,-34,18,-2045
3574445038,41496,4,-1,-5,-34,21,-2050
3574446038,41496,5,-4,-4,-34,27,-2044
3574447038,41496,0,-3,-5,-27,26,-2043
3574448038,41496,0,-2,-3,-26,24,-2040
3574449038,41496,6,-7,-4,-22,24,-2038
3574450038,41496,5,-8,-4,-28,29,-2045
3574451038,41496,5,-1,-5,-26,18,-2043
3574452038,41496,4,-6,-2,-32,22,-2042
3574453038,41496,1,-1,-2,-31,26,-2044
3574454038,41496,0,-4,0,-35,20,-2044
3574455038,41496,1,1,0,-33,24,-2047
3574456038,41496,0,-4,-1,-32,26,-2047
3574457038,41496,1,-6,-7,-29,29,-2043
3574458038,41496,2,0,-1,-31,26,-2048
3574459038,41496,0,1,0,-31,27,-2040
3574460038,41496,4,-3,-2,-37,14,-2053
3574461038,41496,0,-2,-2,-27,25,-2037
3574462038,41496,-1,-3,-1,-35,20,-2044
3574463038,41496,1,-3,-2,-39,28,-2042
3574464038,41496,1,2,-4,-32,28,-2045
3574465038,41496,1,0,-5,-25,18,-2049
3574466038,41496,2,-4,-2,-31,24,-2051
3574467038,41496,1,-1,-4,-30,22,-2044
3574468038,41496,4,-3,-5,-31,28,-2038
3574469038,41496,4,-5,-4,-26,26,-2045
3574470038,41496,2,-2,-5,-31,25,-2044
3574471038,41496,1,-2,0,-28,24,-2037
3574472038,41496,-2,0,-2,-38,24,-2045
3574473038,41496,1,-2,-4,-29,27,-2052
3574474038,41496,3,-2,-4,-31,21,-2040
3574475038,41496,-1,2,-2,-26,19,-2036
3574476038,41496,4,-2,-4,-35,29,-2050
3574477038,41496,4,-6,-4,-33,23,-2044
3574478038,41496,2,-2,-3,-35,29,-2038
3574479038,41496,0,-1,-3,-30,29,-2038
3574480038,41496,-1,-1,0,-30,19,-2047
3574481038,41496,1,0,-5,-31,28,-2044
3574482038,41496,4,-3,-2,-26,22,-2037
3574483038,41496,-2,0,0,-34,26,-2047
3574484038,41496,4,-2,-5,-29,19,-2052
3574485038,41496,3,-3,-2,-35,25,-2052
3574486038,41496,1,-3,-4,-27,24,-2049
3574487038,41496,4,-3,-4,-35,22,-2042
3574488038,41496,1,-2,-6,-28,20,-2051
3574489038,41496,5,-2,-8,-38,20,-2043
3574490038,41496,3,-3,-3,-25,20,-2048
3574491038,41496,4,-1,-4,-28,23,-2045
3574492038,41496,5,-4,-8,-31,17,-2044
3574493038,41496,2,-3,-6,-28,26,-2040
3574494038,41496,3,-1,-4,-28,16,-2041
3574495038,41496,2,-2,-6,-34,22,-2046
3574496038,41496,4,-1,-4,-29,23,-2042
3574497038,41496,6,0,-5,-32,24,-2039
3574498038,41496,3,-3,-2,-29,25,-2035
3574499038,41496,3,-2,-6,-39,25,-2041
3574500038,41496,5,-4,-5,-32,22,-2046
3574501038,41496,5,-4,-3,-29,24,-2040
3574502038,41496,4,-2,-1,-30,23,-2040
3574503038,41496,3,-4,-3,-27,25,-2048
3574504038,41496,0,-1,-4,-41,21,-2038
3574505038,41496,2,0,-2,-28,22,-2043
3574506038,41496,3,-2,-1,-33,22,-2040
3574507038,41496,3,-1,-2,-33,25,-2041
3574508038,41496,1,-1,-2,-28,25,-2048
3574509038,41496,3,-6,-5,-26,32,-2042
3574510038,41496,4,0,-4,-35,29,-2050
3574511038,41496,2,-3,-1,-26,24,-2041
3574512038,41496,2,0,-6,-31,26,-2041
3574513038,41496,-1,-1,0,-34,18,-2051
3574514038,41496,3,-4,-6,-31,25,-2051
3574515038,41496,0,-2,-1,-37,27,-2045
3574516038,41496,-1,-1,0,-33,24,-2041
3574517038,41496,7,-5,-6,-32,32,-2045
3574518038,41496,0,-3,-5,-37,18,-2041
3574519038,41496,6,-5,-2,-28,19,-2039
3574520038,41496,2,-3,-1,-34,28,-2050
3574521038,41496,1,-3,-4,-34,22,-2045
3574522038,41496,4,-1,-4,-28,28,-2045
3574523038,41496,2,-2,-5,-30,29,-2050
3574524038,41496,2,-3,-5,-35,21,-2052
3574525038,41496,0,-4,-1,-30,19,-2048
3574526038,41496,-1,-3,-2,-32,23,-2041
3574527038,41496,2,-2,-4,-29,27,-2045
3574528038,41496,2,-6,-8,-34,23,-2047
3574529038,41496,3,-1,-3,-27,26,-2043
3574530038,41496,0,-1,-3,-34,22,-2047
3574531038,41496,3,0,-4,-31,25,-2052
3574532038,41496,-1,-2,-2,-33,26,-2042
3574533038,41496,3,-4,-5,-32,20,-2044
3574534038,41496,3,-2,-4,-29,28,-2047
3574535038,41496,0,-2,-5,-32,30,-2044
3574536038,41496,1,-1,-3,-29,20,-2042
3574537038,41496,0,0,-3,-35,21,-2040
3574538038,41496,3,-4,-6,-27,22,-2040
3574539038,41496,4,-4,-4,-30,27,-2049
3574540038,41496,3,-2,-2,-27,21,-2049
3574541038,41496,3,-5,-5,-30,29,-2049
3574542038,41496,0,-4,-3,-35,22,-2041
3574543038,41496,1,0,-5,-26,23,-2050
3574544038,41496,1,0,-1,-34,24,-2043
3574545038,41496,-1,-3,-2,-32,23,-2043
3574546038,41496,5,-4,-3,-32,19,-2042
3574547038,41496,1,1,-2,-32,20,-2042
3574548038,41496,5,-1,-5,-36,25,-2051
3574549038,41496,2,-2,-3,-29,24,-2036
3574550038,41496,2,-1,-2,-32,21,-2038
3574551038,41496,-1,0,-1,-38,20,-2042
3574552038,41496,0,-1,-1,-35,16,-2051
3574553038,41496,3,-3,-4,-34,25,-2048
3574554038,41496,0,1,0,-29,26,-2050
3574555038,41496,4,-3,-4,-33,20,-2042
3574556038,41496,1,-3,-3,-33,19,-2046
3574557038,41496,6,-4,-6,-39,31,-2040
3574558038,41496,-2,3,-4,-32,27,-2046
3574559038,41496,2,-4,-3,-40,27,-2042
3574560038,41496,6,-3,-2,-33,19,-2042
3574561038,41496,3,-7,-5,-33,23,-2040
3574562038,41496,4,-5,-6,-34,20,-2045
3574563038,41496,-2,2,2,-33,22,-2035
3574564038,41496,-1,0,-1,-28,28,-2047
3574565038,41496,3,-4,-4,-36,25,-2046
3574566038,41496,4,1,-5,-36,29,-2042
3574567038,41496,1,-4,-1,-31,29,-2047
3574568038,41496,2,-3,-7,-32,26,-2048
3574569038,41496,0,-1,-3,-23,35,-2042
3574570038,41496,1,-2,-4,-26,27,-2044
3574571038,41496,1,-1,-3,-33,30,-2042
3574572038,41496,2,-1,-2,-30,29,-2047
3574573038,41496,2,-6,-3,-35,16,-2051
3574574038,41496,1,-2,-3,-39,24,-2044
3574575038,41496,1,-3,-3,-27,21,-2046
3574576038,41496,0,-4,-3,-35,23,-2048
3574577038,41496,-3,3,-2,-34,24,-2041
3574578038,41496,4,-4,-3,-37,30,-2045
3574579038,41496,-1,-4,-4,-26,20,-2047
3574580038,41496,5,-4,-7,-30,23,-2043
3574581038,41496,0,-3,-1,-29,27,-2044
3574582038,41496,2,-3,-3,-40,22,-2045
3574583038,41496,4,-4,-4,-33,22,-2043
3574584038,41496,3,-2,-2,-35,21,-2044
3574585038,41496,5,-1,-4,-40,26,-2039
3574586038,41496,2,-3,-4,-27,24,-2039
3574587038,41496,2,-2,-2,-35,28,-2045
3574588038,41496,0,0,-1,-29,29,-2043
3574589038,41496,2,-3,-2,-42,25,-2049
3574590038,41496,1,2,-1,-36,27,-2048
3574591038,41496,4,-2,-3,-33,23,-2047
3574592038,41496,1,2,-5,-37,28,-2049
3574593038,41496,3,0,-4,-32,20,-2045
3574594038,41496,3,-2,-4,-33,24,-2043
3574595038,41496,-2,1,-2,-35,25,-2046
3574596038,41496,1,-2,-3,-30,22,-2050
3574597038,41496,3,-3,-6,-40,23,-2044
3574598038,41496,2,-6,-2,-28,24,-2049
3574599038,41496,3,-2,-5,-29,25,-2046
3574600038,41496,1,-2,-3,-36,28,-2043
3574601038,41496,8,-4,-4,-30,22,-2053
3574602038,41496,1,-6,-7,-31,28,-2045
3574603038,41496,-2,0,-6,-33,26,-2037
3574604038,41496,7,-5,-5,-29,26,-2042
3574605038,41496,6,-6,-5,-29,25,-2045
3574606038,41496,4,-6,-2,-37,21,-2042
3574607038,41496,1,-1,-1,-35,32,-2043
3574608038,41496,-3,0,-2,-33,25,-2050
3574609038,41496,-2,-2,1,-29,33,-2049
3574610038,41496,3,-1,-5,-37,24,-2043
3574611038,41496,1,1,-2,-33,24,-2043
3574612038,41496,0,1,-4,-34,26,-2048
3574613038,41496,-1,-4,-2,-33,17,-2046
3574614038,41496,4,-3,-4,-44,33,-2046
3574615038,41496,2,-4,-4,-32,24,-2047
3574616038,41496,3,-3,-7,-39,27,-2045
3574617038,41496,2,0,-2,-31,28,-2042
3574618038,41496,1,-5,-8,-37,21,-2035
3574619038,41496,2,-3,-4,-30,29,-2039
3574620038,41496,1,-5,-4,-33,23,-2049
3574621038,41496,6,-3,-6,-40,18,-2045
3574622038,41496,1,3,0,-29,24,-2039
3574623038,41496,-1,1,-5,-27,21,-2035
3574624038,41496,-1,-3,-5,-37,22,-2040
3574625038,41496,0,-4,-4,-38,22,-2043
3574626038,41496,4,-2,-4,-33,27,-2041
3574627038,41496,0,-3,-1,-39,22,-2041
3574628038,41496,0,-2,-1,-38,32,-2049
3574629038,41496,5,-5,-4,-32,18,-2045
3574630038,41496,5,-4,-5,-27,19,-2041
3574631038,41496,2,-1,2,-35,22,-2040
3574632038,41496,1,-1,-2,-37,21,-2044
3574633038,41496,1,-1,-3,-34,24,-2043
3574634038,41496,3,-7,-7,-27,25,-2049
3574635038,41496,3,-1,-2,-37,26,-2038
3574636038,41496,1,-1,-1,-32,28,-2046
3574637038,41496,4,-3,-3,-34,18,-2045
3574638038,41496,2,-4,-4,-37,21,-2045
3574639038,41496,-3,-4,-2,-36,29,-2045
3574640038,41496,5,-3,-5,-32,24,-2041
3574641038,41496,-1,-4,-2,-27,25,-2042
3574642038,41496,6,-2,-4,-24,23,-2050
3574643038,41496,-1,-1,-3,-30,20,-2046
3574644038,41496,0,-3,-2,-33,26,-2044
3574645038,41496,4,-1,-5,-30,27,-2040
3574646038,41496,1,0,-4,-29,19,-2041
3574647038,41496,-1,-2,-4,-34,23,-2048
3574648038,41496,-1,-2,-1,-37,22,-2034
3574649038,41496,1,-7,0,-34,25,-2048
3574650038,41496,1,-1,-4,-38,23,-2043
3574651038,41496,4,-2,-5,-31,24,-2047
3574652038,41496,5,0,-4,-31,16,-2040
3574653038,41496,1,-5,-4,-31,20,-2037
3574654038,41496,1,1,-3,-30,24,-2040
3574655038,41496,5,-4,-5,-36,21,-2049
3574656038,41496,5,-6,-5,-31,23,-2044
3574657038,41496,4,-1,-2,-34,20,-2045
3574658038,41496,2,-2,-3,-35,26,-2042
3574659038,41496,2,-3,-6,-36,27,-2036
3574660038,41496,2,-2,-5,-31,20,-2039
3574661038,41496,3,-5,-6,-33,21,-2050
3574662038,41496,1,2,-5,-33,24,-2045
3574663038,41496,1,-1,-2,-38,17,-2045
3574664038,41496,6,-5,-1,-22,23,-2038
3574665038,41496,0,-3,-2,-37,19,-2047
3574666038,41496,1,-4,-1,-28,28,-2040
3574667038,41496,3,-2,-2,-37,15,-2046
3574668038,41496,-1,-2,-2,-33,24,-2050
3574669038,41496,4,-5,-5,-29,24,-2043
3574670038,41496,4,-1,-5,-36,23,-2045
3574671038,41496,2,-3,-3,-33,25,-2047
3574672038,41496,1,-1,-5,-28,20,-2041
3574673038,41496,-2,-1,-4,-37,31,-2047
3574674038,41496,3,-7,-3,-29,23,-2042
3574675038,41496,0,-4,-5,-41,23,-2042
3574676038,41496,-1,-3,-6,-28,25,-2044
3574677038,41496,4,1,-3,-34,29,-2045
3574678038,41496,2,-3,-2,-36,29,-2049
3574679038,41496,2,-1,-4,-34,23,-2042
3574680038,41496,3,-2,-2,-34,26,-2044
3574681038,41496,1,-1,-1,-27,23,-2043
3574682038,41496,5,-2,0,-39,18,-2040
3574683038,41496,2,-2,-1,-26,26,-2041
3574684038,41496,-1,-1,-3,-33,22,-2038
3574685038,41496,1,-2,0,-35,27,-2043
3574686038,41496,2,-1,-7,-30,20,-2046
3574687038,41496,4,-4,-1,-31,16,-2053
3574688038,41496,1,0,-3,-32,23,-2040
3574689038,41496,0,-2,-3,-35,25,-2041
3574690038,41496,3,-2,-3,-31,17,-2043
3574691038,41496,6,-4,-2,-29,22,-2040
3574692038,41496,1,-2,-3,-38,22,-2049
3574693038,41496,0,-4,-5,-34,22,-2040
3574694038,41496,2,-2,-3,-32,21,-2043
3574695038,41496,-1,-1,-5,-36,22,-2048
3574696038,41496,2,-1,-3,-35,25,-2043
3574697038,41496,3,0,-3,-29,19,-2045
3574698038,41496,5,-1,-5,-35,31,-2042
3574699038,41496,1,-4,-2,-24,20,-2047
3574700038,41496,-1,2,-3,-39,26,-2040
3574701038,41496,2,-3,-4,-35,18,-2040
3574702038,41496,2,-1,-3,-32,25,-2042
3574703038,41496,4,1,-2,-34,14,-2041
3574704038,41496,3,-5,-4,-32,20,-2044
3574705038,41496,4,0,-4,-38,27,-2041
3574706038,41496,-2,-3,-2,-38,21,-2051
3574707038,41496,2,-4,-1,-30,30,-2047
3574708038,41496,0,-3,-5,-33,22,-2043
3574709038,41496,3,-3,-2,-35,26,-2041
3574710038,41496,1,-4,-5,-30,21,-2043
3574711038,41496,3,-1,-6,-33,21,-2050
3574712038,41496,0,-3,-5,-36,28,-2042
3574713038,41496,3,-3,-3,-29,22,-2047
3574714038,41496,2,0,-4,-30,30,-2048
3574715038,41496,3,-1,-2,-29,10,-2043
3574716038,41496,3,-4,-5,-31,26,-2046
3574717038,41496,5,-5,-7,-32,20,-2042
3574718038,41496,0,-2,-2,-36,21,-2044
3574719038,41496,1,0,-3,-33,21,-2045
3574720038,41496,5,-4,-4,-30,18,-2042
3574721038,41496,3,-4,-4,-33,28,-2039
3574722038,41496,3,-1,-5,-34,27,-2046
3574723038,41496,1,-1,-3,-32,29,-2048
3574724038,41496,2,1,-2,-39,22,-2049
3574725038,41496,0,1,-2,-47,26,-2042
3574726038,41496,3,-3,-2,-35,26,-2047
3574727038,41496,0,2,-3,-32,26,-2047
3574728038,41496,6,-5,-4,-34,21,-2051
3574729038,41496,2,-2,-3,-32,26,-2045
3574730038,41496,1,-1,1,-37,26,-2045
3574731038,41496,2,-2,-2,-37,25,-2044
3574732038,41496,3,1,-4,-37,28,-2040
3574733038,41496,0,-2,-5,-26,26,-2040
3574734038,41496,1,2,-4,-27,25,-2050
3574735038,41496,-1,-1,-1,-29,28,-2043
3574736038,41496,5,-3,-2,-31,26,-2052
3574737038,41496,0,2,-1,-37,22,-2044
3574738038,41496,1,-2,-3,-30,17,-2053
3574739038,41496,-1,1,0,-27,19,-2047
3574740038,41496,0,1,-4,-32,26,-2055
3574741038,41496,2,-2,-1,-35,19,-2047
3574742038,41496,3,-2,-1,-31,28,-2042
3574743038,41496,-1,1,-1,-32,21,-2049
3574744038,41496,2,-1,-2,-30,19,-2040
3574745038,41496,3,0,0,-37,26,-2048
3574746038,41496,3,-2,-4,-35,24,-2042
3574747038,41496,0,-2,-2,-38,27,-2042
3574748038,41496,2,-3,-7,-34,22,-2042
3574749038,41496,1,-4,-5,-34,24,-2049
3574750038,41496,1,1,0,-30,26,-2049
3574751038,41496,4,-2,-5,-27,31,-2045
3574752038,41496,0,-3,-5,-31,22,-2046
3574753038,41496,-2,-2,-4,-31,28,-2042
3574754038,41496,3,-2,-4,-33,17,-2043
3574755038,41496,-1,-2,-3,-25,29,-2051
3574756038,41496,4,-2,-5,-28,30,-2037
3574757038,41496,2,0,-1,-30,27,-2036
3574758038,41496,5,-2,-4,-36,27,-2046
3574759038,41496,1,0,-1,-34,37,-2045
3574760038,41496,1,-3,-3,-32,26,-2045
3574761038,41496,-2,-1,-3,-35,18,-2051
3574762038,41496,3,-5,-2,-36,28,-2050
3574763038,41496,4,-5,-2,-40,24,-2039
3574764038,41496,1,0,-4,-29,17,-2041
3574765038,41496,2,-4,-6,-27,27,-2042
3574766038,41496,-1,-1,-4,-32,24,-2051
3574767038,41496,-2,-1,-5,-31,25,-2040
3574768038,41496,3,-1,-5,-28,32,-2043
3574769038,41496,4,-2,-4,-35,21,-2050
3574770038,41496,1,-2,-6,-27,29,-2046
3574771038,41496,1,1,-2,-35,19,-2042
3574772038,41496,3,-2,-4,-24,26,-2045
3574773038,41496,2,-1,-3,-26,20,-2041
3574774038,41496,-2,-5,-5,-38,22,-2045
3574775038,41496,1,1,1,-31,24,-2046
3574776038,41496,6,-2,-3,-38,18,-2048
3574777038,41496,2,-1,-3,-32,24,-2048
3574778038,41496,-2,1,-2,-40,22,-2041
3574779038,41496,4,-3,-4,-24,34,-2038
3574780038,41496,2,-2,-2,-36,27,-2045
3574781038,41496,4,-3,-3,-29,20,-2042
3574782038,41496,3,-1,-2,-33,29,-2044
3574783038,41496,2,-4,-5,-32,20,-2047
3574784038,41496,5,-2,-5,-32,22,-2042
3574785038,41496,1,-5,-2,-32,25,-2047
3574786038,41496,-2,-2,-3,-29,23,-2040
3574787038,41496,5,-2,-5,-29,34,-2046
3574788038,41496,-3,0,-1,-32,24,-2040
3574789038,41496,0,-3,-4,-32,30,-2045
3574790038,41496,0,2,-3,-28,23,-2044
3574791038,41496,1,-1,-3,-34,18,-2041
3574792038,41496,2,-3,-5,-30,20,-2045
3574793038,41496,1,-3,-1,-30,26,-2047
3574794038,41496,3,-2,-3,-28,24,-2051
3574795038,41496,7,-6,-4,-36,27,-2044
3574796038,41496,2,2,-3,-36,28,-2044
3574797038,41496,0,-3,-5,-33,18,-2044
3574798038,41496,1,-4,-2,-32,23,-2044
3574799038,41496,1,-4,-1,-35,25,-2045
3574800038,41496,4,-3,-6,-35,24,-2041
3574801038,41496,6,-3,-2,-34,26,-2046
3574802038,41496,2,-2,0,-31,22,-2042
3574803038,41496,4,-1,-1,-34,29,-2040
3574804038,41496,-1,1,-1,-25,24,-2044
3574805038,41496,0,-1,-3,-34,26,-2054
3574806038,41496,1,-5,-2,-38,21,-2036
3574807038,41496,1,3,-2,-28,20,-2038
3574808038,41496,3,-4,-4,-33,24,-2042
3574809038,41496,1,2,-4,-36,31,-2046
3574810038,41496,1,-3,-1,-35,21,-2041
3574811038,41496,4,-5,-3,-38,28,-2049
3574812038,41496,1,1,-2,-28,30,-2039
3574813038,41496,2,-4,-3,-32,19,-2045
3574814038,41496,2,-2,-2,-24,26,-2044
3574815038,41496,5,-5,-6,-32,28,-2045
3574816038,41496,3,-2,-6,-29,22,-2040
3574817038,41496,4,-4,-8,-27,21,-2040
3574818038,41496,1,-1,-6,-31,24,-2046
3574819038,41496,2,-5,-3,-29,22,-2038
3574820038,41496,3,-3,-5,-28,20,-2044
3574821038,41496,6,-2,-5,-29,26,-2044
3574822038,41496,3,-2,-3,-33,28,-2044
3574823038,41496,4,-1,-6,-33,24,-2048
3574824038,41496,3,-1,-5,-34,22,-2043
3574825038,41496,-2,0,-2,-33,22,-2047
3574826038,41496,3,-5,-5,-31,23,-2046
3574827038,41496,3,-3,-4,-28,27,-2044
3574828038,41496,4,-4,-6,-28,30,-2042
3574829038,41496,1,-2,-2,-30,16,-2036
3574830038,41496,0,-5,-3,-32,21,-2043
3574831038,41496,1,-1,-6,-33,26,-2046
3574832039,41496,2,-5,-3,-26,19,-2049
3574833040,41496,2,-1,-7,-36,25,-2043
3574834038,41496,3,-2,-4,-30,31,-2043
3574835038,41496,7,0,-5,-37,26,-2046
3574836038,41496,2,0,-3,-33,26,-2036
3574837038,41496,3,0,-5,-32,21,-2044
3574838038,41496,5,-2,-5,-26,19,-2041
3574839038,41496,3,1,-3,-28,23,-2044
3574840038,41496,1,-1,-1,-39,27,-2043
3574841038,41496,-1,-3,-5,-35,21,-2038
3574842038,41496,1,0,-4,-38,20,-2049
3574843038,41496,3,-5,-4,-29,28,-2038
3574844038,41496,4,-6,-4,-29,26,-2048
3574845038,41496,1,-3,-4,-42,35,-2043
3574846038,41496,2,-2,-2,-40,28,-2034
3574847038,41496,1,-2,-2,-33,22,-2038
3574848038,41496,4,-7,-5,-32,27,-2037
3574849038,41496,-1,-4,-4,-35,21,-2050
3574850038,41496,0,1,-1,-31,26,-2040
3574851038,41496,2,-4,-4,-32,20,-2044
3574852038,41496,2,-6,-1,-25,21,-2047
3574853038,41496,-1,0,-2,-21,15,-2045
3574854038,41496,2,-4,-2,-35,15,-2044
3574855038,41496,3,-4,-3,-29,29,-2046
3574856038,41496,1,1,-7,-28,20,-2045
3574857038,41496,-1,0,-6,-36,23,-2045
3574858038,41496,2,-1,-1,-34,30,-2043
3574859038,41496,3,-2,1,-33,19,-2040
3574860038,41496,3,0,-4,-34,23,-2043
3574861038,41496,-1,-3,-3,-39,27,-2042
3574862038,41496,2,-2,-5,-31,25,-2054
3574863038,41496,2,-3,-6,-28,20,-2050
3574864038,41496,-2,0,-3,-29,27,-2050
3574865038,41496,0,-1,-4,-31,33,-2049
3574866038,41496,3,-7,-3,-34,32,-2043
3574867038,41496,5,-8,-6,-36,25,-2039
3574868038,41496,3,-6,-1,-32,24,-2050
3574869038,41496,4,1,-4,-33,24,-2045
3574870038,41496,1,-2,-3,-28,22,-2041
3574871038,41496,2,2,-1,-27,24,-2035
3574872038,41496,5,-5,-4,-39,25,-2049
3574873038,41496,0,-3,-3,-26,21,-2036
3574874038,41496,3,-2,-3,-32,27,-2043
3574875038,41496,6,-9,-5,-35,29,-2045
3574876038,41496,3,0,-5,-34,26,-2040
3574877038,41496,2,-1,-4,-34,24,-2041
3574878038,41496,3,-4,-4,-37,17,-2043
3574879038,41496,-1,1,-6,-32,21,-2037
3574880038,41496,2,-2,-3,-33,24,-2036
3574881038,41496,-1,-2,-2,-31,20,-2043
3574882038,41496,0,-1,1,-30,17,-2043
3574883038,41496,2,-2,-4,-36,23,-2049
3574884038,41496,0,-4,2,-40,24,-2039
3574885038,41496,2,-1,-3,-43,16,-2042
3574886038,41496,3,-3,1,-35,22,-2044
3574887038,41496,2,-4,-8,-29,22,-2043
3574888038,41496,6,-7,-2,-31,24,-2034
3574889038,41496,5,-3,-4,-29,24,-2045
3574890038,41496,1,-3,-6,-33,15,-2043
3574891038,41496,2,-3,-5,-37,27,-2043
3574892038,41496,1,-2,-1,-28,30,-2043
3574893038,41496,2,-5,-3,-29,26,-2050
3574894038,41496,3,-3,1,-29,22,-2042
3574895038,41496,3,-1,-2,-30,31,-2042
3574896038,41496,0,-2,-3,-29,23,-2040
3574897038,41496,0,-2,-3,-29,25,-2036
3574898038,41496,-1,0,-3,-32,28,-2046
3574899038,41496,4,-5,-5,-40,24,-2046
3574900038,41496,1,-4,-6,-35,21,-2047
3574901038,41496,1,-1,-1,-31,17,-2045
3574902038,41496,4,-3,-1,-29,27,-2050
3574903038,41496,6,-3,-2,-32,19,-2039
3574904038,41496,3,-6,-4,-29,17,-2046
3574905038,41496,5,-8,-6,-31,21,-2043
3574906038,41496,-1,0,-2,-29,21,-2046
3574907038,41496,0,0,-3,-34,22,-2034
3574908038,41496,4,-1,-3,-37,21,-2034
3574909038,41496,2,-2,-8,-29,28,-2046
3574910038,41496,2,-1,0,-34,26,-2046
3574911038,41496,0,-3,-2,-36,23,-2051
3574912038,41496,0,-2,-3,-34,25,-2048
3574913038,41496,3,-3,-6,-37,24,-2045
3574914038,41496,4,-3,-5,-33,18,-2039
3574915038,41496,1,-1,-3,-37,15,-2044
3574916038,41496,4,-1,-4,-35,18,-2048
3574917038,41496,0,-3,-4,-34,18,-2049
3574918038,41496,2,-6,-6,-31,19,-2044
3574919038,41496,-2,1,-2,-33,18,-2050
3574920038,41496,2,-4,-3,-31,23,-2047
3574921038,41496,0,-2,-3,-38,26,-2046
3574922038,41496,0,-4,-5,-25,24,-2049
3574923038,41496,0,-3,-3,-34,26,-2045
3574924038,41496,2,-4,-7,-33,27,-2037
3574925038,41496,4,-2,-6,-32,19,-2056
3574926038,41496,3,-3,-3,-25,25,-2042
3574927038,41496,4,-1,-3,-35,35,-2043
3574928038,41496,0,0,-2,-33,16,-2051
3574929038,41496,3,-4,-3,-27,18,-2042
3574930038,41496,3,0,-1,-32,20,-2049
3574931038,41496,2,-2,-2,-28,21,-2041
3574932038,41496,5,-4,-5,-31,23,-2038
3574933038,41496,2,-4,-2,-33,19,-2046
3574934038,41496,5,-6,-2,-30,22,-2042
3574935038,41496,2,-2,-6,-30,24,-2048
3574936038,41496,4,-2,-6,-30,22,-2047
3574937038,41496,-1,0,1,-43,24,-2037
3574938038,41496,1,0,-3,-37,21,-2044
3574939038,41496,3,-3,-4,-30,28,-2045
3574940038,41496,-1,-2,0,-31,22,-2045
3574941038,41496,-1,-1,-2,-39,24,-2036
3574942038,41496,2,-4,-4,-32,26,-2042
3574943038,41496,2,-2,-3,-28,19,-2052
3574944038,41496,5,-2,-4,-22,23,-2040
3574945038,41496,1,-7,-3,-32,23,-2045
3574946038,41496,3,2,-4,-36,19,-2047
3574947038,41496,1,-4,-8,-39,26,-2048
3574948038,41496,4,-5,-5,-35,24,-2037
3574949038,41496,2,-3,-3,-25,24,-2042
3574950038,41496,4,1,-4,-29,22,-2038
3574951038,41496,1,-3,-3,-31,25,-2039
3574952038,41496,2,-4,-3,-32,21,-2045
3574953038,41496,2,-2,-5,-29,23,-2046
3574954038,41496,3,-1,-5,-38,24,-2047
3574955038,41496,5,-2,-5,-33,23,-2047
3574956038,41496,-1,-2,-3,-29,23,-2048
3574957038,41496,4,-3,-6,-31,24,-2044
3574958038,41496,2,-3,-4,-36,19,-2048
3574959038,41496,2,-1,-1,-28,17,-2045
3574960038,41496,0,-3,-1,-24,27,-2039
3574961038,41496,1,-3,-4,-23,17,-2042
3574962038,41496,1,-1,-4,-28,25,-2047
3574963038,41496,2,-4,-1,-31,23,-2045
3574964038,41496,0,-4,-3,-30,28,-2041
3574965038,41496,-4,2,1,-29,17,-2050
3574966038,41496,2,-7,-4,-30,22,-2045
3574967038,41496,0,1,0,-32,21,-2042
3574968038,41496,2,-3,-2,-31,21,-2048
3574969038,41496,2,-2,-2,-33,30,-2050
3574970038,41496,2,-1,-6,-27,23,-2045
3574971038,41496,4,-2,-6,-35,29,-2039
3574972038,41496,4,-4,-5,-34,24,-2050
3574973038,41496,2,-1,0,-28,26,-2040
3574974038,41496,4,-6,-9,-27,29,-2035
3574975038,41496,1,-1,-3,-33,21,-2048
3574976038,41496,1,-6,-4,-36,17,-2052
3574977038,41496,5,-5,-5,-33,27,-2043
3574978038,41496,2,-1,-1,-35,28,-2047
3574979038,41496,3,-3,-7,-31,26,-2041
3574980038,41496,2,-2,-3,-31,19,-2047
3574981038,41496,2,-1,-4,-34,25,-2041
3574982038,41496,3,-2,-4,-34,26,-2042
3574983038,41496,2,-2,-5,-40,27,-2048
3574984038,41496,3,-3,-4,-32,29,-2045
3574985038,41496,5,-1,-3,-33,21,-2045
3574986038,41496,2,-2,-5,-24,29,-2048
3574987038,41496,4,-1,-2,-29,23,-2035
3574988038,41496,3,-6,-6,-33,19,-2040
3574989038,41496,2,-2,-4,-32,25,-2041
3574990038,41496,1,-3,-8,-34,23,-2044
3574991038,41496,5,-3,-4,-32,22,-2046
3574992038,41496,1,-2,-4,-30,23,-2047
3574993038,41496,1,0,0,-33,25,-2043
3574994038,41496,4,-3,-3,-34,21,-2045
3574995038,41496,1,0,-2,-41,26,-2034
3574996038,41496,3,-1,-5,-38,24,-2048
3574997038,41496,-3,0,0,-32,31,-2044
3574998038,41496,2,-2,-2,-32,37,-2045
3574999038,41496,5,-3,-2,-40,18,-2051
3575000038,41496,3,-1,-5,-30,20,-2040
3575001038,41496,2,0,-2,-28,27,-2048
3575002038,41496,1,-2,-4,-36,24,-2046
3575003038,41496,5,-3,-8,-31,25,-2044
3575004038,41496,-1,0,-3,-37,16,-2051
3575005038,41496,1,0,-3,-30,19,-2047
3575006038,41496,1,-4,-3,-34,28,-2046
3575007038,41496,2,-4,-5,-30,22,-2049
3575008038,41496,3,-3,-8,-32,21,-2041
3575009038,41496,1,-2,-5,-32,18,-2040
3575010038,41496,2,3,1,-32,27,-2049
3575011038,41496,3,-4,-3,-29,23,-2048
3575012038,41496,2,-5,-2,-36,24,-2040
3575013038,41496,0,-3,-5,-31,20,-2043
3575014038,41496,2,-7,-3,-36,26,-2040
3575015038,41496,1,-1,-3,-34,26,-2037
3575016038,41496,0,3,-7,-33,16,-2046
3575017038,41496,3,-5,-8,-35,23,-2041
3575018038,41496,1,-2,-1,-32,25,-2041
3575019038,41496,2,-5,-4,-26,18,-2045
3575020038,41496,-1,-1,1,-31,20,-2036
3575021038,41496,5,-4,-4,-30,22,-2049
3575022038,41496,4,-4,-2,-26,24,-2042
3575023038,41496,7,-1,0,-31,18,-2039
3575024038,41496,-1,0,-5,-35,20,-2045
3575025038,41496,1,-5,-6,-26,17,-2043
3575026038,41496,3,-3,-4,-29,18,-2040
3575027038,41496,1,-3,-2,-24,22,-2044
3575028038,41496,0,-2,-2,-42,22,-2042
3575029038,41496,4,-2,-3,-33,24,-2051
3575030038,41496,1,-2,-3,-33,17,-2050
3575031038,41496,5,-5,-7,-34,28,-2042
3575032038,41496,3,-2,-4,-31,24,-2042
3575033038,41496,2,-1,-5,-29,17,-2045
3575034038,41496,3,0,-5,-28,16,-2048
3575035038,41496,4,-5,-5,-31,28,-2044
3575036038,41496,3,-2,-4,-32,23,-2042
3575037038,41496,3,-4,-4,-24,23,-2039
3575038038,41496,2,-1,0,-34,24,-2041
3575039038,41496,0,-3,-6,-34,23,-2046
3575040038,41496,2,-1,-3,-36,25,-2047
3575041038,41496,5,-3,-6,-31,23,-2043
3575042038,41496,4,-5,-5,-26,21,-2039
3575043038,41496,2,1,-1,-33,28,-2047
3575044038,41496,6,-4,-4,-29,19,-2044
3575045038,41496,0,-2,-4,-32,24,-2048
3575046038,41496,1,-3,-4,-28,23,-2046
3575047038,41496,1,-1,-2,-31,24,-2044
3575048038,41496,5,-4,-3,-26,25,-2044
3575049038,41496,0,-2,1,-32,21,-2043
3575050038,41496,1,-1,-1,-38,25,-2041
3575051038,41496,3,-4,-2,-27,23,-2044
3575052038,41496,1,-3,-3,-33,19,-2043
3575053038,41496,4,-1,-1,-32,26,-2053
3575054038,41496,1,-3,-1,-32,26,-2055
3575055038,41496,4,-4,-1,-38,22,-2044
3575056038,41496,3,-4,-7,-34,25,-2044
3575057038,41496,4,-1,-7,-34,21,-2050
3575058038,41496,3,-5,-3,-37,29,-2045
3575059038,41496,4,-1,-2,-36,27,-2046
3575060038,41496,-1,1,-1,-31,16,-2039
3575061038,41496,1,-3,-3,-32,19,-2047
3575062038,41496,3,-4,-1,-35,22,-2047
3575063038,41496,5,-3,-2,-33,31,-2051
3575064038,41496,2,-2,-4,-32,30,-2045
3575065038,41496,1,-4,-3,-25,23,-2045
3575066038,41496,3,-1,-5,-35,24,-2043
3575067038,41496,4,-4,-5,-30,23,-2053
3575068038,41496,3,0,-4,-27,21,-2033
3575069038,41496,1,1,-4,-33,20,-2046
3575070038,41496,1,-3,-1,-34,13,-2036
3575071038,41496,3,-4,-2,-29,19,-2045
3575072038,41496,5,-2,0,-32,22,-2050
3575073038,41496,2,-2,-2,-36,26,-2039
3575074038,41496,0,-1,-3,-27,22,-2028
3575075038,41496,0,-4,-4,-26,20,-2047
3575076038,41496,4,-3,-2,-33,20,-2038
3575077038,41496,1,-1,-3,-31,24,-2043
3575078038,41496,2,-4,-7,-35,24,-2042
3575079038,41496,-1,2,2,-29,21,-2047
3575080038,41496,-1,0,0,-28,25,-2046
3575081038,41496,2,-1,-2,-33,31,-2050
3575082038,41496,0,-1,-4,-32,22,-2040
3575083038,41496,1,-1,-3,-34,15,-2041
3575084038,41496,2,-3,-4,-44,23,-2038
3575085038,41496,0,-2,-3,-36,21,-2045
3575086038,41496,2,-5,-1,-31,27,-2043
3575087038,41496,2,-3,-4,-32,25,-2034
3575088038,41496,2,2,0,-39,23,-2046
3575089038,41496,3,-5,-1,-28,22,-2040
3575090038,41496,3,-2,1,-25,34,-2047
3575091038,41496,3,-5,-1,-35,30,-2044
3575092038,41496,3,-6,-6,-36,23,-2039
3575093038,41496,0,2,0,-35,24,-2045
3575094038,41496,2,-6,-3,-38,27,-2040
3575095038,41496,-2,-1,-1,-32,21,-2043
3575096038,41496,3,-4,-3,-31,24,-2037
3575097038,41496,2,-2,-6,-35,32,-2047
3575098038,41496,-1,0,-2,-32,26,-2041
3575099038,41496,5,-2,-5,-36,22,-2039
3575100038,41496,6,-4,-2,-38,22,-2041
3575101038,41496,1,-1,-1,-35,23,-2047
3575102038,41496,0,0,-2,-41,24,-2040
3575103038,41496,3,-3,-8,-31,26,-2043
3575104038,41496,1,-2,-1,-29,21,-2038
3575105038,41496,1,-2,-1,-32,25,-2036
3575106038,41496,1,-2,-7,-37,20,-2041
3575107038,41496,-1,-3,-7,-27,22,-2042
3575108038,41496,2,-3,-3,-36,26,-2032
3575109038,41496,3,-3,-6,-28,27,-2048
3575110038,41496,3,-2,-4,-28,17,-2047
3575111038,41496,4,0,-6,-33,19,-2037
3575112038,41496,5,-3,-8,-36,30,-2043
3575113038,41496,2,-3,-5,-33,26,-2044
3575114038,41496,5,-2,-6,-28,20,-2044
3575115038,41496,2,-5,-6,-29,26,-2050
3575116038,41496,2,-1,-2,-43,23,-2049
3575117038,41496,3,2,-2,-34,24,-2042
3575118038,41496,3,-7,-3,-30,22,-2047
3575119038,41496,-1,-1,-2,-26,27,-2043
3575120038,41496,3,-4,-4,-34,19,-2046
3575121038,41496,5,-5,-4,-31,22,-2046
3575122038,41496,2,-2,-6,-34,26,-2040
3575123038,41496,3,-2,-4,-29,26,-2041
3575124038,41496,6,-4,-3,-30,20,-2044
3575125038,41496,-3,0,-3,-32,16,-2051
3575126038,41496,6,-2,-1,-33,21,-2043
3575127038,41496,0,-2,-1,-22,25,-2045
3575128038,41496,3,-4,-4,-34,23,-2043
3575129038,41496,1,-1,-2,-28,30,-2046
3575130038,41496,1,-1,-1,-30,28,-2041
3575131038,41496,1,-2,-4,-32,17,-2035
3575132038,41496,1,-2,-6,-29,22,-2041
3575133038,41496,-3,2,-2,-29,19,-2054
3575134038,41496,6,-3,-1,-24,15,-2044
3575135038,41496,0,-5,-6,-29,22,-2039
3575136038,41496,1,-2,-5,-32,27,-2044
3575137038,41496,5,-6,-3,-36,24,-2047
3575138038,41496,2,-3,-4,-24,25,-2040
3575139038,41496,1,-2,-1,-28,25,-2045
3575140038,41496,2,-4,-3,-33,25,-2052
3575141038,41496,1,-2,-5,-29,28,-2047
3575142038,41496,6,-2,-1,-33,27,-2045
3575143038,41496,2,-3,-5,-35,21,-2041
3575144038,41496,3,-4,-6,-36,23,-2043
3575145038,41496,4,-6,-5,-39,20,-2044
3575146038,41496,2,0,-4,-33,22,-2046
3575147038,41496,1,-1,-6,-27,23,-2053
3575148038,41496,2,-2,-3,-33,27,-2048
3575149038,41496,-1,-1,-7,-36,21,-2048
3575150038,41496,2,-2,-5,-28,24,-2041
3575151038,41496,5,-3,-6,-33,18,-2044
3575152038,41496,1,-1,-2,-31,28,-2038
3575153038,41496,6,-3,-6,-30,26,-2042
3575154038,41496,1,0,-6,-28,25,-2050
3575155038,41496,2,-5,-6,-35,28,-2039
3575156038,41496,4,-5,-4,-31,26,-2038
3575157038,41496,-1,1,-2,-34,21,-2047
3575158038,41496,3,-3,-4,-33,23,-2045
3575159038,41496,0,-2,-3,-27,26,-2043
3575160038,41496,1,-2,-1,-30,22,-2053
3575161038,41496,3,-3,-5,-29,22,-2050
3575162038,41496,1,1,-5,-33,24,-2045
3575163038,41496,5,-4,-7,-28,25,-2045
3575164038,41496,1,-2,-1,-36,25,-2050
3575165038,41496,1,-2,1,-29,28,-2044
3575166038,41496,1,-3,-2,-36,24,-2046
3575167038,41496,-1,1,-2,-27,22,-2049
3575168038,41496,4,-3,-2,-34,28,-2048
3575169038,41496,2,-8,-5,-27,24,-2048
3575170038,41496,0,-4,-3,-35,27,-2046
3575171038,41496,2,-6,-4,-30,25,-2043
3575172038,41496,9,-3,-6,-26,27,-2052
3575173038,41496,5,-4,-7,-37,31,-2051
3575174038,41496,0,-3,-6,-29,25,-2044
3575175038,41496,2,-3,-5,-33,19,-2048
3575176038,41496,3,-1,-3,-25,24,-2051
3575177038,41496,3,-4,-3,-35,24,-2047
3575178038,41496,-3,-1,-2,-27,23,-2043
3575179038,41496,1,-1,-2,-29,20,-2042
3575180038,41496,2,-3,-4,-32,21,-2041
3575181038,41496,4,1,-2,-31,26,-2048
3575182038,41496,4,-4,-4,-26,23,-2049
3575183038,41496,1,1,0,-29,23,-2044
3575184038,41496,3,0,-4,-27,19,-2047
3575185038,41496,2,-3,-5,-31,26,-2048
3575186038,41496,2,-2,-3,-23,22,-2044
3575187038,41496,2,-3,0,-33,22,-2039
3575188038,41496,2,-3,-4,-39,28,-2046
3575189038,41496,3,0,-1,-30,21,-2046
3575190038,41496,5,-6,-3,-29,25,-2046
3575191038,41496,3,-8,-3,-35,24,-2043
3575192038,41496,0,0,-6,-33,22,-2048
3575193038,41496,0,0,-2,-22,29,-2045
3575194038,41496,1,1,-5,-33,25,-2044
3575195038,41496,3,-4,-2,-33,27,-2044
3575196038,41496,0,-2,-4,-37,23,-2042
3575197038,41496,3,-2,-5,-35,29,-2042
3575198038,41496,4,1,1,-33,31,-2038
3575199038,41496,2,0,-1,-30,27,-2049
3575200038,41496,5,-2,-3,-34,26,-2037
3575201038,41496,1,-3,-3,-32,20,-2043
3575202038,41496,1,-3,-1,-37,24,-2037
3575203038,41496,3,-3,-2,-37,13,-2036
3575204038,41496,3,-1,-5,-31,25,-2044
3575205038,41496,-1,1,1,-35,24,-2044
3575206038,41496,1,-3,-2,-26,18,-2042
3575207038,41496,2,-4,-3,-33,23,-2043
3575208038,41496,1,-3,-3,-28,22,-2047
3575209038,41496,2,-5,-4,-28,22,-2043
3575210038,41496,0,-4,0,-27,27,-2038
3575211038,41496,2,-3,-4,-42,19,-2042
3575212038,41496,4,0,-4,-32,20,-2044
3575213038,41496,5,-2,-3,-29,26,-2042
3575214038,41496,2,-4,-3,-28,31,-2045
3575215038,41496,-4,-1,-2,-32,21,-2045
3575216038,41496,2,-3,-4,-29,16,-2050
3575217038,41496,1,-2,-5,-25,24,-2044
3575218038,41496,3,0,-4,-25,29,-2049
3575219038,41496,1,2,-7,-26,24,-2036
3575220038,41496,0,-7,-7,-29,25,-2050
3575221038,41496,0,-1,-5,-30,24,-2031
3575222038,41496,1,-2,-5,-36,22,-2039
3575223038,41496,2,-3,-2,-36,23,-2044
3575224038,41496,2,0,-3,-28,27,-2043
3575225038,41496,-2,-2,0,-28,22,-2041
3575226038,41496,0,-3,-3,-27,20,-2046
3575227038,41496,3,-5,-4,-30,20,-2048
3575228038,41496,4,-8,-5,-31,27,-2044
3575229038,41496,-1,-3,-4,-36,24,-2048
3575230038,41496,3,-2,-4,-35,29,-2046
3575231038,41496,6,-1,-6,-35,21,-2042
3575232038,41496,0,-1,-4,-35,26,-2040
3575233038,41496,2,-5,-1,-40,27,-2047
3575234038,41496,6,-5,-4,-36,20,-2044
3575235038,41496,-1,-2,-1,-36,26,-2049
3575236038,41496,4,-8,-2,-34,24,-2044
3575237038,41496,0,-4,-2,-32,31,-2054
3575238038,41496,0,-2,-4,-29,24,-2038
3575239038,41496,3,-1,-2,-31,35,-2041
3575240038,41496,1,-3,2,-32,19,-2046
3575241038,41496,5,-2,0,-25,26,-2045
3575242038,41496,1,-1,-2,-33,25,-2051
3575243038,41496,3,0,-1,-27,27,-2038
3575244038,41496,4,-4,-3,-31,23,-2037
3575245038,41496,3,2,0,-32,25,-2042
3575246038,41496,3,-2,-2,-34,27,-2050
3575247038,41496,-1,0,-2,-29,20,-2046
3575248038,41496,2,-2,-3,-32,31,-2050
3575249038,41496,7,-5,-2,-31,27,-2045
3575250038,41496,1,1,-4,-33,21,-2055
3575251038,41496,2,-4,-5,-35,23,-2040
3575252038,41496,3,-3,1,-28,24,-2050
3575253038,41496,0,-1,-4,-36,19,-2044
3575254038,41496,5,-5,-7,-36,22,-2038
3575255038,41496,6,-4,-5,-32,19,-2040
3575256038,41496,2,0,-5,-28,19,-2045
3575257038,41496,0,-4,-4,-32,23,-2042
3575258038,41496,1,-2,-6,-38,25,-2047
3575259038,41496,0,-3,-2,-30,24,-2044
3575260038,41496,5,-2,-4,-38,22,-2044
3575261038,41496,0,1,-3,-33,21,-2045
3575262038,41496,3,-8,-5,-36,26,-2048
3575263038,41496,2,-1,-4,-38,26,-2042
3575264038,41496,2,-1,-4,-35,26,-2044
3575265038,41496,5,-5,-4,-35,20,-2053
3575266038,41496,3,-3,-3,-29,20,-2039
3575267038,41496,5,-2,-4,-33,24,-2042
3575268038,41496,1,-4,-5,-38,21,-2043
3575269038,41496,2,-4,-6,-37,25,-2045
3575270038,41496,1,-1,-4,-33,17,-2050
3575271038,41496,1,-4,-4,-37,28,-2048
3575272038,41496,0,-7,-5,-39,25,-2043
3575273038,41496,2,-1,-1,-29,15,-2045
3575274038,41496,0,-1,-1,-35,17,-2040
3575275038,41496,3,-4,-3,-30,23,-2044
3575276038,41496,2,-2,-4,-26,23,-2043
3575277038,41496,1,0,-7,-29,15,-2044
3575278038,41496,0,-4,-3,-38,24,-2045
3575279038,41496,3,0,0,-34,19,-2043
3575280038,41496,-1,0,-2,-35,32,-2042
3575281038,41496,4,-6,-5,-28,24,-2044
3575282038,41496,5,-6,-4,-36,18,-2047
3575283038,41496,1,-1,-3,-36,22,-2048
3575284038,41496,2,-3,0,-33,24,-2047
3575285038,41496,1,0,-1,-35,18,-2043
3575286038,41496,1,-2,2,-31,13,-2035
3575287038,41496,3,-3,-3,-30,28,-2043
3575288038,41496,1,0,-3,-33,18,-2046
3575289038,41496,1,-1,-8,-32,28,-2051
3575290038,41496,2,-3,-5,-33,29,-2043
3575291038,41496,3,-2,-4,-36,27,-2044
3575292038,41496,1,-5,-6,-37,25,-2046
3575293038,41496,5,-2,-4,-30,24,-2043
3575294038,41496,-1,3,-2,-32,22,-2049
3575295038,41496,1,-1,-6,-31,25,-2039
3575296038,41496,1,2,-3,-33,26,-2041
3575297038,41496,3,-8,-5,-31,34,-2036
3575298038,41496,3,-1,-3,-34,22,-2052
3575299038,41496,1,-1,-5,-34,19,-2048
3575300038,41496,2,-7,-3,-31,25,-2045
3575301038,41496,2,-2,-4,-34,33,-2042
3575302038,41496,2,-3,-3,-27,26,-2041
3575303038,41496,1,1,-4,-31,31,-2041
3575304038,41496,3,-1,-4,-35,17,-2039
3575305038,41496,1,-2,-3,-29,20,-2051
3575306038,41496,5,-5,-5,-33,18,-2044
3575307038,41496,4,-4,-8,-20,26,-2046
3575308038,41496,4,-2,-2,-32,26,-2045
3575309038,41496,3,-3,-7,-32,22,-2044
3575310038,41496,5,-5,-6,-30,20,-2045
3575311038,41496,1,-2,-3,-35,18,-2046
3575312038,41496,0,0,-4,-29,18,-2043
3575313038,41496,6,-5,-6,-29,15,-2046
3575314038,41496,2,-3,-4,-33,24,-2049
3575315038,41496,2,4,1,-34,23,-2044
3575316038,41496,1,0,-1,-36,29,-2039
3575317038,41496,3,-1,-1,-33,29,-2046
3575318038,41496,2,-2,-4,-33,33,-2049
3575319038,41496,0,-2,-2,-26,29,-2041
3575320038,41496,1,-5,-2,-29,21,-2044
3575321038,41496,-1,-1,-7,-36,20,-2052
3575322038,41496,6,-6,-5,-32,22,-2044
3575323038,41496,4,-7,-7,-28,16,-2047
3575324038,41496,2,-4,-3,-34,29,-2051
3575325038,41496,-1,0,-3,-29,29,-2039
3575326038,41496,3,-1,-5,-35,23,-2032
3575327038,41496,4,-6,-7,-33,21,-2046
3575328038,41496,3,-3,-5,-30,19,-2043
3575329038,41496,1,-5,-6,-33,19,-2040
3575330038,41496,3,1,-1,-27,26,-2046
3575331038,41496,0,-2,-2,-33,24,-2040
3575332038,41496,2,-5,-5,-36,25,-2052
3575333038,41496,1,-4,-5,-25,24,-2042
3575334038,41496,2,2,-6,-35,21,-2044
3575335038,41496,3,-7,0,-33,27,-2045
3575336038,41496,1,-1,-1,-37,29,-2046
3575337038,41496,4,-2,3,-35,18,-2047
3575338038,41496,5,-5,0,-39,28,-2037
3575339038,41496,1,-1,-1,-38,23,-2037
3575340038,41496,3,-4,-6,-34,26,-2034
3575341038,41496,2,-5,-7,-29,23,-2043
3575342038,41496,7,-3,-7,-32,26,-2050
3575343038,41496,1,-1,-9,-35,27,-2045
3575344038,41496,1,-3,-1,-35,25,-2044
3575345038,41496,-2,-2,-4,-31,20,-2044
3575346038,41496,-1,2,-3,-28,15,-2046
3575347038,41496,3,-1,-1,-35,20,-2040
3575348038,41496,0,0,0,-42,27,-2039
3575349038,41496,4,-2,-4,-33,24,-2044
3575350038,41496,2,-6,-4,-33,28,-2044
3575351038,41496,4,-4,-3,-30,17,-2047
3575352038,41496,4,-1,-6,-36,27,-2041
3575353038,41496,2,1,-4,-41,21,-2040
3575354038,41496,6,0,-6,-33,26,-2051
3575355038,41496,4,0,-3,-29,28,-2042
3575356038,41496,-1,-4,-3,-28,28,-2041
3575357038,41496,1,-2,-2,-27,30,-2054
3575358038,41496,2,-2,-3,-38,26,-2043
3575359038,41496,0,-5,-2,-30,24,-2048
3575360038,41496,0,-3,-3,-27,21,-2041
3575361038,41496,-1,-2,-3,-31,16,-2039
3575362038,41496,4,-2,-1,-33,22,-2036
3575363038,41496,0,3,-2,-36,25,-2035
3575364038,41496,1,-3,-4,-30,27,-2043
3575365038,41496,6,-3,-5,-36,29,-2038
3575366038,41496,1,-4,-3,-28,20,-2041
3575367038,41496,3,-2,-2,-36,26,-2044
3575368038,41496,0,3,-3,-30,22,-2042
3575369038,41496,4,-2,-5,-27,30,-2048
3575370038,41496,2,-1,-5,-37,32,-2043
3575371038,41496,-2,0,-2,-32,25,-2041
3575372038,41496,6,-4,-2,-31,26,-2048
3575373038,41496,5,0,-6,-30,27,-2039
3575374038,41496,3,-1,-5,-35,24,-2043
3575375038,41496,1,-5,-4,-28,22,-2051
3575376038,41496,3,0,-2,-31,17,-2046
3575377038,41496,4,-2,-2,-30,25,-2050
3575378038,41496,4,-4,-3,-34,25,-2049
3575379038,41496,-3,0,-6,-28,32,-2043
3575380038,41496,3,-3,-5,-33,29,-2048
3575381038,41496,4,-1,-2,-31,19,-2048
3575382038,41496,0,-2,-4,-30,25,-2043
3575383038,41496,4,-4,-5,-32,22,-2048
3575384038,41496,-1,0,-5,-32,26,-2046
3575385038,41496,2,-2,-2,-31,18,-2040
3575386038,41496,3,-6,-2,-39,25,-2049
3575387038,41496,4,0,-2,-34,25,-2050
3575388038,41496,-1,-3,-1,-29,24,-2044
3575389038,41496,0,-6,-3,-28,28,-2047
3575390038,41496,1,2,-1,-35,26,-2047
3575391038,41496,-1,-2,-3,-32,22,-2043
3575392038,41496,1,-3,-5,-32,22,-2043
3575393038,41496,3,-4,0,-35,21,-2047
3575394038,41496,1,-1,-4,-35,31,-2042
3575395038,41496,0,3,-1,-29,19,-2043
3575396038,41496,1,-5,-3,-38,24,-2044
3575397038,41496,0,0,-2,-32,23,-2038
3575398038,41496,3,0,0,-31,31,-2043
3575399038,41496,5,-3,-3,-43,25,-2043
3575400038,41496,5,-4,-6,-33,19,-2044
3575401038,41496,6,-3,-4,-32,30,-2050
3575402038,41496,0,-3,-4,-33,23,-2045
3575403038,41496,1,2,-6,-32,29,-2043
3575404038,41496,7,-4,-6,-40,20,-2041
3575405038,41496,3,-4,-2,-33,18,-2041
3575406038,41496,-1,-2,-4,-29,20,-2049
3575407038,41496,6,-3,-5,-30,19,-2047
3575408038,41496,-2,1,-3,-32,24,-2031
3575409038,41496,3,-3,-2,-32,27,-2047
3575410038,41496,1,-2,-3,-39,22,-2041
3575411038,41496,2,-2,-1,-38,19,-2041
3575412038,41496,4,-4,-3,-37,24,-2050
3575413038,41496,-2,2,-3,-37,26,-2041
3575414038,41496,1,-2,-4,-31,22,-2051
3575415038,41496,2,-4,-6,-32,29,-2046
3575416038,41496,0,-2,0,-36,23,-2045
3575417038,41496,0,-1,-5,-39,24,-2044
3575418038,41496,2,-2,-2,-33,17,-2046
3575419038,41496,4,-3,-4,-28,27,-2046
3575420038,41496,2,0,-5,-28,18,-2047
3575421038,41496,1,-3,-3,-32,19,-2039
3575422038,41496,1,0,-3,-31,25,-2046
3575423038,41496,2,-5,-7,-27,21,-2039
3575424038,41496,0,1,0,-33,26,-2042
3575425038,41496,0,0,0,-37,24,-2052
3575426038,41496,1,0,-1,-35,17,-2045
3575427038,41496,0,-1,-1,-29,29,-2041
3575428038,41496,2,0,-2,-29,27,-2043
3575429038,41496,3,0,-3,-36,27,-2042
3575430038,41496,2,-2,-1,-35,25,-2040
3575431038,41496,6,-3,-8,-22,18,-2041
3575432038,41496,2,-8,-2,-36,25,-2044
3575433038,41496,4,-2,-2,-35,26,-2045
3575434038,41496,0,-2,-3,-24,25,-2052
3575435038,41496,1,-5,-3,-25,18,-2042
3575436038,41496,2,-5,-6,-26,24,-2038
3575437038,41496,2,-3,0,-30,27,-2040
3575438038,41496,1,-5,-8,-32,25,-2044
3575439038,41496,7,-9,-5,-26,23,-2045
3575440038,41496,3,2,-4,-31,23,-2046
3575441038,41496,3,-3,-4,-32,23,-2052
3575442038,41496,3,-1,-4,-33,23,-2036
3575443038,41496,1,-2,-3,-30,28,-2040
3575444038,41496,3,-3,-3,-28,29,-2039
3575445038,41496,1,-2,-3,-32,24,-2043
3575446038,41496,-1,0,-2,-32,26,-2039
3575447038,41496,3,-3,-4,-31,28,-2047
3575448038,41496,2,-2,-5,-31,24,-2039
3575449038,41496,-1,-1,-2,-41,24,-2049
3575450038,41496,3,-4,-4,-30,17,-2043
3575451038,41496,2,1,1,-31,24,-2047
3575452038,41496,5,-3,-2,-28,21,-2044
3575453038,41496,1,1,-3,-36,20,-2043
3575454038,41496,1,-1,-6,-34,24,-2046
3575455038,41496,3,-5,-5,-36,23,-2041
3575456038,41496,3,-3,-3,-32,16,-2043
3575457038,41496,1,-2,-3,-28,20,-2038
3575458038,41496,3,-2,-1,-35,25,-2035
3575459038,41496,0,-3,-2,-29,27,-2040
3575460038,41496,2,-4,-9,-26,24,-2050
3575461038,41496,1,-3,-3,-28,24,-2045
3575462038,41496,2,-7,-7,-29,30,-2047
3575463038,41496,3,-1,-3,-31,26,-2045
3575464038,41496,1,0,-6,-33,22,-2046
3575465038,41496,3,-3,-2,-27,27,-2047
3575466038,41496,3,-4,-3,-35,25,-2047
3575467038,41496,3,-6,-2,-32,17,-2039
3575468038,41496,0,-1,-1,-34,17,-2046
3575469038,41496,2,-7,-4,-33,21,-2048
3575470038,41496,1,-1,-6,-33,29,-2052
3575471038,41496,3,-4,-3,-31,22,-2043
3575472038,41496,5,-3,-6,-25,29,-2044
3575473038,41496,2,-3,-7,-31,32,-2039
3575474038,41496,5,-2,-5,-32,23,-2043
3575475038,41496,1,-3,-6,-36,23,-2046
3575476038,41496,0,-3,-3,-37,22,-2048
3575477038,41496,-1,-1,-6,-35,29,-2036
3575478038,41496,-1,0,-3,-28,20,-2044
3575479038,41496,-1,-2,0,-32,29,-2031
3575480038,41496,0,-1,-6,-30,23,-2043
3575481038,41496,-1,-4,-4,-25,25,-2046
3575482038,41496,3,-3,-1,-35,14,-2048
3575483038,41496,-2,-2,-1,-33,24,-2043
3575484038,41496,4,-2,0,-30,23,-2042
3575485038,41496,1,-4,-4,-23,25,-2037
3575486038,41496,1,1,-2,-22,21,-2041
3575487038,41496,3,-4,-3,-33,21,-2044
3575488038,41496,0,-2,-5,-31,26,-2054
3575489038,41496,0,-2,-4,-37,21,-2047
3575490038,41496,0,-3,-4,-31,26,-2055
3575491038,41496,-1,-1,-3,-36,14,-2052
3575492038,41496,5,-2,-2,-30,25,-2048
3575493038,41496,4,-4,-5,-36,26,-2048
3575494038,41496,-2,-3,-2,-31,20,-2043
3575495038,41496,3,-5,-5,-33,27,-2047
3575496038,41496,1,-1,-2,-35,30,-2033
3575497038,41496,2,0,-3,-32,25,-2048
3575498038,41496,-1,-3,0,-29,23,-2044
3575499038,41496,3,-4,-2,-35,30,-2038
3575500038,41496,1,-5,-5,-27,20,-2042
3575501038,41496,3,-5,-1,-36,22,-2045
3575502038,41496,0,4,0,-29,25,-2043
3575503038,41496,5,-2,-3,-34,24,-2048
3575504038,41496,1,-2,-5,-32,26,-2050
3575505038,41496,0,-5,-4,-31,24,-2046
3575506038,41496,3,-2,-6,-26,21,-2034
3575507038,41496,2,0,-3,-36,25,-2040
3575508038,41496,3,-2,-3,-29,15,-2041
3575509038,41496,2,-1,-3,-41,24,-2050
3575510038,41496,-1,0,-2,-33,29,-2042
3575511038,41496,1,-5,-3,-32,23,-2050
3575512038,41496,2,-4,-5,-29,26,-2043
3575513038,41496,3,-1,-5,-35,30,-2043
3575514038,41496,3,-3,-2,-32,20,-2046
3575515038,41496,-1,-1,0,-37,28,-2044
3575516038,41496,3,-3,-5,-31,24,-2047
3575517038,41496,5,-2,-2,-32,24,-2045
3575518038,41496,1,-1,-2,-38,19,-2037
3575519038,41496,4,-5,-1,-30,24,-2043
3575520038,41496,6,-2,-1,-33,29,-2044
3575521038,41496,3,-1,-6,-28,26,-2047
3575522038,41496,-1,-2,-1,-30,27,-2045
3575523038,41496,1,-2,-2,-28,27,-2051
3575524038,41496,7,-3,-5,-33,30,-2043
3575525038,41496,1,-4,-4,-40,19,-2051
3575526038,41496,4,-5,-3,-39,22,-2039
3575527038,41496,7,-1,-4,-38,23,-2050
3575528038,41496,2,-1,-6,-40,26,-2046
3575529038,41496,0,0,-1,-30,29,-2050
3575530038,41496,0,-3,-2,-30,18,-2046
3575531038,41496,2,-2,-2,-28,22,-2042
3575532038,41496,1,-2,-2,-30,21,-2044
3575533038,41496,2,-4,-2,-31,25,-2047
3575534038,41496,0,0,-10,-38,27,-2046
3575535038,41496,3,-5,-5,-32,18,-2042
3575536038,41496,0,-1,-5,-41,26,-2047
3575537038,41496,-2,1,1,-37,32,-2042
3575538038,41496,2,0,-1,-31,29,-2045
3575539038,41496,0,-2,1,-33,23,-2043
3575540038,41496,2,-2,-2,-32,33,-2045
3575541038,41496,0,-3,-4,-33,26,-2041
3575542038,41496,4,-1,-3,-29,25,-2051
3575543038,41496,5,-4,0,-34,22,-2044
3575544038,41496,3,-4,-1,-37,25,-2052
3575545038,41496,2,-1,-1,-40,27,-2047
3575546038,41496,3,-6,-6,-30,27,-2044
3575547038,41496,1,-4,-3,-37,25,-2042
3575548038,41496,3,-5,-6,-33,21,-2045
3575549038,41496,1,-5,-3,-34,28,-2049
3575550038,41496,1,0,-6,-30,21,-2044
3575551038,41496,2,-4,-3,-32,18,-2049
3575552038,41496,-1,-1,-3,-31,24,-2041
3575553038,41496,2,-2,-4,-27,21,-2045
3575554038,41496,0,-4,-4,-31,23,-2048
3575555038,41496,3,0,0,-25,20,-2045
3575556038,41496,1,0,-1,-28,31,-2043
3575557038,41496,3,-5,-3,-30,22,-2048
3575558038,41496,4,-4,-5,-29,27,-2046
3575559038,41496,1,-1,-1,-28,29,-2050
3575560038,41496,-1,-1,-3,-27,22,-2046
3575561038,41496,1,2,-2,-35,22,-2048
3575562038,41496,1,0,-3,-32,18,-2041
3575563038,41496,0,-2,-4,-31,23,-2050
3575564038,41496,0,-3,-3,-31,25,-2046
3575565038,41496,1,-5,-2,-34,20,-2054
3575566038,41496,2,-2,-3,-31,24,-2044
3575567038,41496,1,-4,-2,-30,26,-2046
3575568038,41496,1,1,-2,-25,21,-2046
3575569038,41496,1,-1,-2,-39,24,-2049
3575570038,41496,1,-4,-4,-36,27,-2043
3575571038,41496,2,-4,-4,-30,26,-2042
3575572038,41496,3,-5,-4,-40,24,-2048
3575573038,41496,-2,1,-1,-35,28,-2042
3575574038,41496,-4,2,1,-32,27,-2046
3575575038,41496,-1,-2,-4,-34,22,-2043
3575576038,41496,3,-3,-6,-36,27,-2042
3575577038,41496,1,-4,-3,-31,24,-2046
3575578038,41496,5,-3,-4,-25,20,-2046
3575579038,41496,2,-3,-3,-37,25,-2037
3575580038,41496,2,0,1,-28,23,-2041
3575581038,41496,3,-1,-3,-25,24,-2047
3575582038,41496,3,-3,0,-30,20,-2042
3575583038,41496,7,-6,-2,-33,27,-2047
3575584038,41496,3,-2,-6,-34,22,-2038
3575585038,41496,0,-3,-4,-24,26,-2046
3575586038,41496,3,-2,-3,-36,24,-2053
3575587038,41496,3,-1,-1,-37,17,-2048
3575588038,41496,1,-3,-5,-31,24,-2044
3575589038,41496,0,-3,-5,-29,24,-2050
3575590038,41496,-2,1,0,-29,19,-2043
3575591038,41496,3,-1,-4,-33,25,-2043
3575592038,41496,4,-3,1,-31,16,-2046
3575593038,41496,0,-1,-5,-28,25,-2045
3575594038,41496,0,-4,-6,-35,28,-2041
3575595038,41496,4,-3,-3,-27,16,-2036
3575596038,41496,0,1,-1,-30,22,-2039
3575597038,41496,1,-3,-3,-34,24,-2040
3575598038,41496,2,-1,-1,-34,28,-2054
3575599038,41496,6,-2,-5,-35,26,-2044
3575600038,41496,3,-2,0,-43,27,-2048
3575601038,41496,2,-2,-4,-34,23,-2046
3575602038,41496,0,-1,-2,-32,21,-2043
3575603038,41496,3,-1,-5,-40,23,-2047
3575604038,41496,3,-4,-3,-31,26,-2040
3575605038,41496,4,-4,-6,-21,13,-2044
3575606038,41496,1,-5,-2,-32,16,-2037
3575607038,41496,0,-4,-5,-29,25,-2039
3575608038,41496,3,-1,-2,-34,26,-2044
3575609038,41496,3,2,-5,-27,23,-2038
3575610038,41496,2,-5,-6,-37,19,-2042
3575611038,41496,0,-2,-2,-32,19,-2051
3575612038,41496,1,-5,-5,-27,31,-2048
3575613038,41496,1,-3,-3,-29,18,-2045
3575614038,41496,6,-4,-4,-33,20,-2045
3575615038,41496,2,-2,-2,-34,26,-2046
3575616038,41496,5,-3,-6,-28,24,-2046
3575617038,41496,2,-2,-4,-31,26,-2049
3575618038,41496,5,0,-6,-31,23,-2045
3575619038,41496,0,-2,-4,-26,28,-2049
3575620038,41496,2,-1,-3,-33,16,-2039
3575621038,41496,3,-2,-2,-24,23,-2042
3575622038,41496,2,-4,-4,-27,27,-2045
3575623038,41496,2,-1,-2,-33,29,-2046
3575624038,41496,0,-4,-2,-30,22,-2048
3575625038,41496,1,0,-7,-29,21,-2046
3575626038,41496,0,-2,-4,-33,19,-2051
3575627038,41496,3,-4,-8,-29,26,-2043
3575628038,41496,0,0,-2,-36,19,-2047
3575629038,41496,7,-1,-3,-30,26,-2047
3575630038,41496,3,-3,-5,-32,23,-2044
3575631038,41496,1,-3,-4,-39,22,-2044
3575632038,41496,2,1,-4,-28,26,-2048
3575633038,41496,2,-2,-2,-32,24,-2039
3575634038,41496,5,-1,-4,-35,14,-2043
3575635038,41496,0,-6,-8,-30,17,-2048
3575636038,41496,5,-5,-6,-37,18,-2052
3575637038,41496,2,-3,-2,-33,22,-2050
3575638038,41496,3,-5,-3,-37,24,-2042
3575639038,41496,4,-3,-4,-29,26,-2047
3575640038,41496,3,-4,-4,-31,18,-2041
3575641038,41496,0,-1,-1,-39,22,-2044
3575642038,41496,4,-2,-3,-33,14,-2043
3575643038,41496,3,-1,-3,-31,25,-2051
3575644038,41496,2,-4,-3,-32,20,-2042
3575645038,41496,2,-3,-3,-29,23,-2045
3575646038,41496,1,-4,1,-29,19,-2045
3575647038,41496,3,-2,-5,-37,29,-2042
3575648038,41496,0,-5,-3,-35,30,-2049
3575649038,41496,1,-2,-4,-30,31,-2045
3575650038,41496,2,-5,-2,-31,31,-2045
3575651038,41496,2,-3,-3,-37,35,-2045
3575652038,41496,4,-4,-4,-31,22,-2048
3575653038,41496,1,-4,-2,-31,32,-2048
3575654038,41496,0,-5,1,-30,18,-2048
3575655038,41496,1,0,-3,-34,31,-2042
3575656038,41496,3,0,0,-36,27,-2043
3575657038,41496,1,-2,-2,-30,23,-2045
3575658038,41496,0,0,0,-26,23,-2046
3575659038,41496,2,0,-1,-39,23,-2040
3575660038,41496,1,-1,-4,-37,17,-2042
3575661038,41496,0,-4,-5,-30,25,-2048
3575662038,41496,4,-6,-2,-35,23,-2038
3575663038,41496,8,-5,-6,-33,19,-2043
3575664038,41496,2,0,-3,-29,26,-2046
3575665038,41496,3,-2,-4,-28,24,-2045
3575666038,41496,1,0,2,-31,23,-2045
3575667038,41496,0,2,-1,-36,22,-2044
3575668038,41496,3,-5,-5,-33,19,-2036
3575669038,41496,0,2,1,-31,23,-2040
3575670038,41496,-4,-1,-3,-29,18,-2039
3575671038,41496,4,0,-5,-42,20,-2048
3575672038,41496,-2,-1,-4,-27,27,-2042
3575673038,41496,1,-2,-3,-28,18,-2046
3575674038,41496,4,-6,-6,-39,29,-2051
3575675038,41496,0,0,-3,-31,27,-2034
3575676038,41496,-1,0,-2,-29,28,-2043
3575677038,41496,6,-4,-2,-34,28,-2040
3575678038,41496,0,1,-1,-27,25,-2041
3575679038,41496,2,-2,-4,-34,28,-2046
3575680038,41496,1,-3,-4,-37,26,-2043
3575681038,41496,-2,4,-2,-31,23,-2050
3575682038,41496,3,-4,-3,-35,26,-2049
3575683038,41496,2,-5,-4,-32,29,-2042
3575684038,41496,-1,-5,-5,-37,25,-2047
3575685038,41496,6,-8,-5,-31,24,-2039
3575686038,41496,2,-2,-1,-33,21,-2044
3575687038,41496,3,-5,-7,-37,25,-2043
3575688038,41496,0,-2,-4,-33,28,-2042
3575689038,41496,-1,-2,-3,-31,24,-2048
3575690038,41496,3,-1,-2,-36,25,-2049
3575691038,41496,3,0,-2,-39,20,-2048
3575692038,41496,2,1,-3,-38,29,-2047
3575693038,41496,3,-5,-6,-38,26,-2049
3575694038,41496,0,-2,-4,-36,19,-2047
3575695038,41496,-1,-1,-2,-33,22,-2047
3575696038,41496,4,-1,-5,-30,29,-2048
3575697038,41496,5,-1,-4,-35,22,-2051
3575698038,41496,3,-3,-3,-33,25,-2046
3575699038,41496,8,-6,-7,-34,20,-2051
3575700038,41496,3,-5,-6,-28,25,-2049
3575701038,41496,-3,0,0,-30,23,-2040
3575702038,41496,-2,-2,0,-33,25,-2043
3575703038,41496,1,-3,-2,-27,21,-2044
3575704038,41496,-1,-2,-3,-33,28,-2045
3575705038,41496,3,-1,-1,-31,21,-2042
3575706038,41496,1,0,-2,-32,21,-2042
3575707038,41496,3,-4,0,-31,23,-2042
3575708038,41496,6,-2,-3,-38,24,-2041
3575709038,41496,3,-7,-7,-32,24,-2045
3575710038,41496,1,-3,-6,-31,16,-2044
3575711038,41496,3,-2,-6,-28,20,-2046
3575712038,41496,2,-1,-4,-35,22,-2049
3575713038,41496,3,-3,-8,-35,23,-2044
3575714038,41496,3,-1,-3,-32,22,-2047
3575715038,41496,-3,1,-3,-36,23,-2050
3575716038,41496,-2,0,-3,-37,24,-2046
3575717038,41496,5,-3,-6,-28,30,-2040
3575718038,41496,7,-6,-2,-32,30,-2047
3575719038,41496,-3,1,-4,-30,23,-2054
3575720038,41496,1,-3,-4,-38,20,-2047
3575721038,41496,0,-4,-2,-40,23,-2044
3575722038,41496,4,-5,-1,-31,20,-2038
3575723038,41496,4,0,0,-31,14,-2043
3575724038,41496,1,0,0,-36,18,-2038
3575725038,41496,3,-2,-3,-34,28,-2042
3575726038,41496,4,-4,-3,-30,16,-2048
3575727038,41496,5,-2,-4,-30,26,-2038
3575728038,41496,0,-3,0,-36,22,-2040
3575729038,41496,-1,-2,-5,-33,25,-2046
3575730038,41496,3,-2,-5,-30,25,-2050
3575731038,41496,3,-2,-1,-39,27,-2043
3575732038,41496,2,0,-5,-29,15,-2037
3575733038,41496,2,0,-3,-39,25,-2046
3575734038,41496,2,0,-5,-31,29,-2049
3575735038,41496,6,-4,-7,-35,26,-2045
3575736038,41496,4,-1,-5,-37,23,-2046
3575737038,41496,6,1,-3,-26,28,-2040
3575738038,41496,2,-5,0,-35,28,-2047
3575739038,41496,3,-1,-2,-33,20,-2045
3575740038,41496,3,-2,-4,-31,25,-2045
3575741038,41496,6,-4,-2,-33,22,-2048
3575742038,41496,1,-1,-3,-31,22,-2044
3575743038,41496,1,-5,-4,-26,19,-2037
3575744038,41496,3,-6,-6,-32,24,-2045
3575745038,41496,2,-2,-3,-38,25,-2037
3575746038,41496,4,-2,-1,-30,19,-2050
3575747038,41496,6,-5,-5,-29,25,-2041
3575748038,41496,6,-2,-6,-32,16,-2043
3575749038,41496,3,-4,-5,-30,21,-2046
3575750038,41496,3,-4,-6,-28,22,-2041
3575751038,41496,2,0,-1,-35,25,-2043
3575752038,41496,2,-3,0,-31,24,-2047
3575753038,41496,1,-4,-3,-29,26,-2039
3575754038,41496,5,0,-2,-38,22,-2052
3575755038,41496,2,0,-4,-36,24,-2044
3575756038,41496,3,-2,-5,-27,20,-2038
3575757038,41496,4,-9,-4,-37,23,-2046
3575758038,41496,3,-5,-4,-32,29,-2044
3575759038,41496,5,-1,-5,-33,22,-2046
3575760038,41496,2,-2,-3,-30,18,-2040
3575761038,41496,2,-1,-3,-35,29,-2038
3575762038,41496,3,-5,-3,-29,26,-2045
3575763038,41496,4,-5,-5,-29,15,-2042
3575764038,41496,-1,-2,0,-32,31,-2036
3575765038,41496,7,0,-3,-37,21,-2037
3575766038,41496,4,0,-2,-36,24,-2048
3575767038,41496,1,-9,-2,-32,29,-2052
3575768038,41496,0,-2,-5,-21,27,-2043
3575769038,41496,-2,2,-1,-25,25,-2051
3575770038,41496,3,-3,-2,-31,25,-2046
3575771038,41496,2,-8,-2,-27,18,-2044
3575772038,41496,0,-4,-5,-25,27,-2042
3575773038,41496,6,-4,-3,-30,25,-2042
3575774038,41496,1,-1,-6,-36,29,-2042
3575775038,41496,-4,0,0,-34,17,-2044
3575776038,41496,1,-2,-4,-42,22,-2045
3575777038,41496,0,0,-5,-33,29,-2042
3575778038,41496,2,0,-2,-37,24,-2038
3575779038,41496,0,-2,-2,-27,25,-2052
3575780038,41496,0,-3,-2,-30,28,-2046
3575781038,41496,1,-2,-4,-32,18,-2048
3575782038,41496,0,-3,-5,-30,15,-2043
3575783038,41496,0,1,-5,-24,21,-2045
3575784038,41496,0,-5,-3,-30,23,-2043
3575785038,41496,3,-1,-3,-32,23,-2045
3575786038,41496,2,-4,-7,-35,20,-2039
3575787038,41496,0,-2,-6,-40,20,-2041
3575788038,41496,4,1,-6,-33,26,-2052
3575789038,41496,0,-1,-4,-36,25,-2051
3575790038,41496,4,-4,-3,-36,19,-2041
3575791038,41496,3,-3,-6,-23,29,-2050
3575792038,41496,0,-3,-5,-31,28,-2043
3575793038,41496,4,1,-4,-31,28,-2045
3575794039,41496,4,-6,-4,-28,16,-2036
3575795038,41496,1,-6,-4,-27,25,-2047
3575796039,41496,-2,2,-1,-25,27,-2049
3575797040,41496,3,-4,-3,-25,23,-2043
3575798038,41496,6,-5,-4,-35,25,-2048
3575799038,41496,0,-3,-5,-35,22,-2040
3575800038,41496,0,-6,0,-24,28,-2045
3575801038,41496,5,0,-6,-26,24,-2038
3575802038,41496,3,-3,-3,-38,29,-2049
3575803038,41496,4,-1,-6,-29,20,-2046
3575804038,41496,0,0,-3,-28,28,-2039
3575805038,41496,2,0,-3,-39,28,-2044
3575806038,41496,3,-1,-5,-33,26,-2041
3575807038,41496,4,-4,-4,-39,18,-2037
3575808038,41496,5,-3,-3,-36,28,-2050
3575809038,41496,3,-1,-3,-31,24,-2047
3575810038,41496,4,-2,-5,-28,22,-2041
3575811038,41496,4,-5,-4,-29,18,-2045
3575812038,41496,1,-2,-4,-33,20,-2045
3575813038,41496,4,-3,-5,-31,28,-2050
3575814038,41496,0,-2,-2,-26,31,-2042
3575815038,41496,1,-2,-4,-25,21,-2038
3575816038,41496,4,0,2,-34,23,-2040
3575817038,41496,1,-2,0,-27,28,-2044
3575818038,41496,3,-1,-2,-39,19,-2046
3575819038,41496,1,-2,-2,-28,33,-2040
3575820038,41496,4,-2,-5,-28,20,-2047
3575821038,41496,3,-5,-6,-34,37,-2053
3575822038,41496,5,-5,-6,-35,27,-2046
3575823038,41496,-2,1,-1,-34,18,-2046
3575824038,41496,5,-3,-6,-25,26,-2034
3575825038,41496,6,-3,-4,-29,22,-2039
3575826038,41496,1,-3,-4,-32,26,-2037
3575827038,41496,3,-1,-3,-31,27,-2046
3575828038,41496,3,-2,-5,-30,26,-2037
3575829038,41496,3,-2,-2,-31,20,-2041
3575830038,41496,2,-4,-2,-31,14,-2043
3575831038,41496,4,-2,-2,-36,26,-2038
3575832038,41496,4,-4,-3,-30,24,-2044
3575833038,41496,1,-4,-7,-35,28,-2047
3575834038,41496,0,-2,-3,-30,24,-2043
3575835038,41496,0,-5,-3,-30,20,-2046
3575836038,41496,0,-3,-4,-32,30,-2046
3575837038,41496,3,-3,-2,-31,26,-2046
3575838038,41496,4,0,-6,-26,29,-2048
3575839038,41496,1,-2,-6,-34,16,-2052
3575840038,41496,-2,2,-4,-30,30,-2045
3575841038,41496,-1,-5,-4,-36,24,-2038
3575842038,41496,0,-4,-6,-34,19,-2046
3575843038,41496,5,-7,-7,-31,18,-2044
3575844038,41496,1,-4,-5,-38,19,-2040
3575845038,41496,3,-2,-2,-26,25,-2041
3575846038,41496,-1,-3,-2,-38,27,-2047
3575847038,41496,1,-3,-4,-39,22,-2047
3575848038,41496,3,-4,-6,-23,15,-2040
3575849038,41496,5,-3,-2,-34,24,-2038
3575850038,41496,2,2,-5,-34,23,-2045
3575851038,41496,-1,-1,-3,-29,26,-2040
3575852038,41496,1,0,-4,-28,30,-2042
3575853038,41496,-2,1,-5,-31,21,-2043
3575854038,41496,2,0,-4,-27,27,-2043
3575855038,41496,4,-3,-5,-29,19,-2047
3575856038,41496,5,0,-4,-36,23,-2053
3575857038,41496,4,-2,-5,-31,32,-2042
3575858038,41496,4,-4,-5,-26,24,-2046
3575859038,41496,2,1,-2,-38,22,-2042
3575860038,41496,2,-4,-3,-27,18,-2048
3575861038,41496,-1,1,-6,-40,25,-2046
3575862038,41496,3,-5,-7,-34,27,-2047
3575863038,41496,5,-3,-4,-37,19,-2051
3575864038,41496,2,-4,-5,-30,26,-2040
3575865038,41496,4,-2,-4,-23,24,-2041
3575866038,41496,3,-2,-2,-30,21,-2037
3575867038,41496,4,-4,-4,-36,23,-2046
3575868038,41496,-1,0,-1,-40,22,-2052
3575869038,41496,3,-2,-3,-35,17,-2038
3575870038,41496,1,-1,-1,-35,22,-2043
3575871038,41496,0,0,0,-37,23,-2055
3575872038,41496,4,-1,-2,-25,26,-2040
3575873038,41496,3,-1,-7,-30,22,-2038
3575874038,41496,1,-2,-4,-31,25,-2048
3575875038,41496,4,-5,-5,-29,20,-2046
3575876038,41496,3,-3,-4,-31,24,-2040
3575877038,41496,2,-3,-3,-27,24,-2046
3575878038,41496,-1,-3,-1,-36,23,-2043
3575879038,41496,0,2,-6,-32,22,-2046
3575880038,41496,3,-3,-4,-37,21,-2046
3575881038,41496,-1,1,-2,-37,25,-2040
3575882038,41496,-2,-1,0,-31,22,-2045
3575883038,41496,0,-3,-4,-29,24,-2044
3575884038,41496,1,-2,-1,-36,18,-2042
3575885038,41496,0,1,-3,-34,17,-2045
3575886038,41496,3,-2,-7,-34,23,-2045
3575887038,41496,0,-1,-1,-37,27,-2041
3575888038,41496,2,-4,-6,-29,18,-2046
3575889038,41496,2,-5,-3,-30,21,-2043
3575890038,41496,3,-2,-3,-29,28,-2050
3575891038,41496,4,-5,-6,-35,27,-2043
3575892038,41496,3,-2,-6,-35,26,-2041
3575893038,41496,1,-1,-4,-33,22,-2046
3575894038,41496,1,-4,-3,-31,26,-2045
3575895038,41496,1,-1,-2,-34,24,-2042
3575896038,41496,4,-1,-1,-22,23,-2038
3575897038,41496,1,-2,-3,-28,19,-2046
3575898038,41496,4,-3,-2,-27,28,-2041
3575899038,41496,3,-6,-3,-32,18,-2043
3575900038,41496,4,-3,-2,-35,22,-2042
3575901038,41496,2,-2,-2,-33,27,-2050
3575902038,41496,3,-3,-3,-30,19,-2045
3575903038,41496,3,-2,-3,-30,20,-2044
3575904038,41496,3,-2,-4,-39,21,-2045
3575905038,41496,-1,-2,-2,-40,27,-2037
3575906038,41496,2,4,-3,-35,19,-2045
3575907038,41496,3,-5,-5,-35,23,-2043
3575908038,41496,1,-1,-1,-35,21,-2047
3575909038,41496,4,-2,-4,-33,26,-2043
3575910038,41496,3,-6,-8,-34,18,-2046
3575911038,41496,0,1,-2,-36,17,-2042
3575912038,41496,4,-5,-3,-30,25,-2045
3575913038,41496,3,0,-4,-38,22,-2047
3575914038,41496,2,-3,0,-33,24,-2041
3575915038,41496,4,-1,-7,-28,18,-2043
3575916038,41496,-2,0,-5,-33,22,-2041
3575917038,41496,5,-7,-6,-30,27,-2045
3575918038,41496,5,-5,-4,-30,25,-2044
3575919038,41496,4,-2,-5,-30,23,-2047
3575920038,41496,-2,0,0,-40,28,-2049
3575921038,41496,6,-7,-6,-32,30,-2048
3575922038,41496,2,-2,-2,-36,33,-2040
3575923038,41496,2,-6,-5,-33,24,-2043
3575924038,41496,1,0,-5,-33,18,-2047
3575925038,41496,3,-6,-2,-30,20,-2039
3575926038,41496,4,-3,-4,-25,25,-2056
3575927038,41496,1,1,-5,-29,25,-2044
3575928038,41496,0,1,-5,-34,20,-2041
3575929038,41496,1,-3,-4,-34,25,-2043
3575930038,41496,-1,-1,-4,-31,25,-2048
3575931038,41496,4,-3,-6,-34,24,-2044
3575932038,41496,3,2,-2,-35,23,-2043
3575933038,41496,0,2,-5,-32,31,-2048
3575934038,41496,2,-4,-4,-39,30,-2048
3575935038,41496,1,5,2,-29,19,-2045
3575936038,41496,4,-4,-1,-32,26,-2046
3575937038,41496,0,-3,-1,-31,21,-2038
3575938038,41496,1,-2,-4,-33,24,-2047
3575939038,41496,2,-3,-2,-30,20,-2043
3575940038,41496,1,-5,-6,-37,23,-2043
3575941038,41496,2,1,-6,-36,24,-2042
3575942038,41496,0,-2,-1,-37,22,-2041
3575943038,41496,-1,1,-1,-39,21,-2042
3575944038,41496,3,-5,-4,-36,24,-2042
3575945038,41496,2,-1,-1,-32,20,-2046
3575946038,41496,1,-2,-5,-38,25,-2044
3575947038,41496,2,-3,-3,-34,22,-2036
3575948038,41496,0,-4,-2,-29,22,-2049
3575949038,41496,4,-5,-5,-36,21,-2041
3575950038,41496,-1,-5,1,-37,27,-2036
3575951038,41496,0,2,-4,-32,19,-2043
3575952038,41496,0,-5,-4,-38,18,-2036
3575953038,41496,-1,-2,-4,-32,34,-2049
3575954038,41496,2,-3,-3,-27,25,-2037
3575955038,41496,4,-2,-1,-36,20,-2053
3575956038,41496,3,-2,-3,-33,20,-2038
3575957038,41496,0,2,-1,-38,25,-2042
3575958038,41496,4,-2,-1,-38,20,-2052
3575959038,41496,3,-4,-3,-33,20,-2043
3575960038,41496,1,-6,-1,-30,25,-2045
3575961038,41496,0,0,0,-37,30,-2045
3575962038,41496,3,-8,-5,-36,26,-2048
3575963038,41496,5,-5,-4,-41,25,-2048
3575964038,41496,3,1,-3,-28,22,-2044
3575965038,41496,2,-5,-5,-28,25,-2050
3575966038,41496,2,1,-4,-36,18,-2047
3575967038,41496,0,1,-2,-37,24,-2045
3575968038,41496,0,-6,-3,-31,25,-2047
3575969038,41496,2,-1,-4,-38,25,-2040
3575970038,41496,-1,-3,-5,-32,25,-2041
3575971038,41496,3,-4,-4,-29,26,-2045
3575972038,41496,5,-3,-3,-32,29,-2044
3575973038,41496,3,-1,-3,-35,27,-2047
3575974038,41496,5,0,-5,-37,21,-2054
3575975038,41496,-6,-3,-2,-40,23,-2038
3575976038,41496,0,-5,-3,-30,23,-2042
3575977038,41496,-2,2,-1,-37,23,-2043
3575978038,41496,1,-1,0,-33,24,-2044
3575979038,41496,2,-5,-6,-37,24,-2042
3575980038,41496,5,-6,-6,-34,21,-2048
3575981038,41496,4,-5,-3,-36,28,-2043
3575982038,41496,5,-2,-5,-33,28,-2043
3575983038,41496,1,-3,-6,-33,24,-2040
3575984038,41496,1,2,-2,-34,25,-2042
3575985038,41496,6,-3,-6,-37,23,-2044
3575986038,41496,1,1,0,-33,23,-2049
3575987038,41496,5,-1,-3,-36,23,-2039
3575988038,41496,0,-3,-4,-34,20,-2044
3575989038,41496,5,-3,-5,-33,16,-2045
3575990038,41496,6,-7,-6,-29,29,-2041
3575991038,41496,3,-2,-2,-28,21,-2044
3575992038,41496,2,-1,-1,-34,22,-2037
3575993038,41496,4,-2,-5,-30,25,-2038
3575994038,41496,1,-2,-1,-43,28,-2053
3575995038,41496,2,-6,-4,-33,20,-2038
3575996038,41496,2,-2,-3,-36,25,-2048
3575997038,41496,2,-2,2,-37,26,-2050
3575998038,41496,6,-3,-5,-33,24,-2051
3575999038,41496,-1,-1,1,-34,29,-2045
3576000038,41496,1,-2,-2,-28,18,-2045
3576001038,41496,-1,1,2,-28,26,-2038
3576002038,41496,4,1,-2,-31,24,-2041
3576003038,41496,5,-3,-2,-28,25,-2042
3576004038,41496,2,-1,-4,-28,17,-2049
3576005038,41496,1,2,-2,-33,32,-2052
3576006038,41496,3,-2,-5,-38,20,-2047
3576007038,41496,6,1,3,-34,23,-2040
3576008038,41496,3,0,-2,-32,19,-2044
3576009038,41496,4,-2,-5,-33,25,-2043
3576010038,41496,3,-4,-4,-35,26,-2041
3576011038,41496,4,0,-1,-29,29,-2046
3576012038,41496,-2,-4,-4,-34,22,-2046
3576013038,41496,-3,1,-2,-29,18,-2045
3576014038,41496,4,-5,-6,-34,28,-2041
3576015038,41496,4,2,-5,-39,18,-2046
3576016038,41496,3,-2,-4,-39,19,-2047
3576017038,41496,4,-4,-1,-30,22,-2052
3576018038,41496,3,0,-3,-29,23,-2048
3576019038,41496,0,-1,-2,-34,24,-2042
3576020038,41496,3,-2,-4,-33,19,-2055
3576021038,41496,1,-2,-4,-29,20,-2037
3576022038,41496,2,-4,-4,-40,21,-2046
3576023038,41496,1,0,0,-26,25,-2040
3576024038,41496,0,-2,-3,-31,22,-2045
3576025038,41496,2,-2,-3,-30,23,-2053
3576026038,41496,2,-2,-2,-35,25,-2042
3576027038,41496,-3,-3,-1,-41,12,-2047
3576028038,41496,0,0,-3,-34,27,-2053
3576029038,41496,2,-2,-5,-33,23,-2043
3576030038,41496,3,-1,-1,-31,22,-2043
3576031038,41496,1,2,-4,-31,29,-2044
3576032038,41496,5,-1,-3,-37,22,-2050
3576033038,41496,2,-1,-3,-37,31,-2049
3576034038,41496,3,-1,-4,-37,29,-2046
3576035038,41496,4,-4,-4,-37,17,-2049
3576036038,41496,-1,-5,-3,-34,27,-2045
3576037038,41496,1,-3,-2,-34,23,-2038
3576038038,41496,1,-3,-2,-37,26,-2040
3576039038,41496,3,-3,-4,-27,19,-2045
3576040038,41496,2,-3,-5,-31,24,-2045
3576041038,41496,3,0,-1,-30,27,-2039
3576042038,41496,2,-1,0,-31,24,-2046
3576043038,41496,5,-5,-3,-38,17,-2045
3576044038,41496,2,-2,-3,-28,18,-2045
3576045038,41496,1,1,-2,-30,24,-2038
3576046038,41496,7,-3,-4,-25,17,-2042
3576047038,41496,4,-4,-8,-31,25,-2042
3576048038,41496,2,-2,-5,-32,28,-2038
3576049038,41496,2,-2,-1,-35,20,-2040
3576050038,41496,-1,2,-3,-28,27,-2047
3576051038,41496,2,-3,-3,-28,25,-2049
3576052038,41496,0,-1,-3,-35,20,-2047
3576053038,41496,1,-1,-1,-36,23,-2050
3576054038,41496,3,-5,-4,-39,19,-2046
3576055038,41496,1,-3,-1,-35,26,-2040
3576056038,41496,2,-5,-2,-40,21,-2042
3576057038,41496,4,0,-3,-34,16,-2047
3576058038,41496,-2,0,1,-28,22,-2039
3576059038,41496,5,-3,-3,-26,27,-2045
3576060038,41496,1,-1,-4,-40,27,-2041
3576061038,41496,-1,1,0,-36,30,-2051
3576062038,41496,1,-2,-2,-38,22,-2040
3576063038,41496,2,-1,-1,-34,27,-2041
3576064038,41496,3,-5,-4,-33,23,-2047
3576065038,41496,4,-2,-5,-37,27,-2035
3576066038,41496,1,-2,-5,-31,24,-2041
3576067038,41496,4,-6,-4,-29,27,-2035
3576068038,41496,1,-3,-5,-34,18,-2046
3576069038,41496,2,-3,-4,-34,15,-2038
3576070038,41496,1,1,-4,-37,18,-2042
3576071038,41496,2,-1,-3,-32,23,-2040
3576072038,41496,5,-2,-5,-31,17,-2049
3576073038,41496,4,-4,-9,-30,32,-2050
3576074038,41496,5,-3,-4,-37,23,-2043
3576075038,41496,4,-3,-1,-34,27,-2045
3576076038,41496,3,0,-4,-33,24,-2047
3576077038,41496,-3,5,-1,-38,28,-2047
3576078038,41496,5,-5,-3,-32,13,-2041
3576079038,41496,2,-2,-6,-29,21,-2047
3576080038,41496,1,-3,0,-37,30,-2048
3576081038,41496,1,-2,-3,-36,28,-2040
3576082038,41496,2,-2,-4,-36,22,-2036
3576083038,41496,1,-5,-6,-32,23,-2044
3576084038,41496,4,-4,-3,-25,24,-2042
3576085038,41496,0,-3,-5,-32,21,-2046
3576086038,41496,3,-3,-7,-29,25,-2054
3576087038,41496,2,-3,-5,-40,21,-2038
3576088038,41496,3,-4,-2,-30,19,-2044
3576089038,41496,1,1,-5,-34,20,-2045
3576090038,41496,4,-3,-3,-28,24,-2045
3576091038,41496,2,-4,-3,-26,26,-2049
3576092038,41496,2,-4,-5,-41,29,-2038
3576093038,41496,3,-1,-2,-30,28,-2050
3576094038,41496,2,-2,-2,-41,23,-2046
3576095038,41496,-3,1,-3,-29,29,-2050
3576096038,41496,2,-3,-2,-34,28,-2040
3576097038,41496,1,-7,-3,-31,15,-2037
3576098038,41496,4,-2,-6,-29,23,-2042
3576099038,41496,5,-2,-6,-35,21,-2042
3576100038,41496,1,-1,-4,-36,25,-2046
3576101038,41496,3,-2,-6,-34,19,-2054
3576102038,41496,2,-4,-2,-30,28,-2049
3576103038,41496,3,-1,-4,-31,17,-2046
3576104038,41496,1,-1,-1,-33,26,-2048
3576105038,41496,3,-4,-7,-27,26,-2046
3576106038,41496,1,-1,-5,-29,23,-2044
3576107038,41496,1,-2,-2,-37,28,-2049
3576108038,41496,1,-2,-2,-28,24,-2048
3576109038,41496,3,-1,2,-30,24,-2045
3576110038,41496,5,-2,-2,-29,23,-2043
3576111038,41496,3,-2,-1,-29,29,-2043
3576112038,41496,3,-1,-6,-31,31,-2056
3576113038,41496,2,2,-4,-32,21,-2050
3576114038,41496,-5,2,-2,-29,17,-2043
3576115038,41496,2,1,0,-33,26,-2042
3576116038,41496,4,0,-1,-32,29,-2052
3576117038,41496,3,-2,-4,-30,27,-2046
3576118038,41496,1,-2,-3,-33,26,-2050
3576119038,41496,1,0,-1,-30,23,-2042
3576120038,41496,2,-2,1,-36,22,-2049
3576121038,41496,3,0,-5,-30,27,-2041
3576122038,41496,3,0,-1,-30,29,-2042
3576123038,41496,4,-1,-3,-37,28,-2038
3576124038,41496,3,-2,-4,-31,24,-2050
3576125038,41496,1,1,2,-37,32,-2046
3576126038,41496,1,-7,-5,-29,23,-2047
3576127038,41496,0,-2,-3,-24,24,-2045
3576128038,41496,0,-3,-4,-27,20,-2045
3576129038,41496,5,-4,-6,-29,22,-2038
3576130038,41496,2,-1,-2,-42,27,-2042
3576131038,41496,-1,-2,-2,-30,25,-2046
3576132038,41496,1,-3,0,-32,26,-2049
3576133038,41496,2,-1,-3,-33,24,-2043
3576134038,41496,1,-3,-3,-29,23,-2048
3576135038,41496,0,2,-4,-29,24,-2043
3576136038,41496,-2,-1,1,-32,29,-2048
3576137038,41496,3,-5,-2,-32,25,-2039
3576138038,41496,-2,-1,-3,-34,25,-2047
3576139038,41496,4,-6,-5,-33,32,-2050
3576140038,41496,0,0,-4,-38,26,-2042
3576141038,41496,-1,1,-4,-32,27,-2049
3576142038,41496,2,-1,-5,-29,26,-2040
3576143038,41496,3,0,-2,-33,30,-2047
3576144038,41496,-1,-3,-4,-30,22,-2043
3576145038,41496,3,-4,-3,-31,21,-2043
3576146038,41496,0,-2,-5,-35,24,-2043
3576147038,41496,1,-2,-5,-23,24,-2048
3576148038,41496,2,-3,-3,-27,23,-2050
3576149038,41496,2,-1,-4,-32,26,-2045
3576150038,41496,3,-4,-5,-26,26,-2041
3576151038,41496,1,1,-3,-39,23,-2046
3576152038,41496,3,0,-4,-33,28,-2048
3576153038,41496,1,-3,-1,-31,30,-2042
3576154038,41496,-1,-1,-3,-33,21,-2040
3576155038,41496,1,-1,-4,-27,23,-2049
3576156038,41496,3,0,-2,-36,27,-2051
3576157038,41496,2,0,-3,-22,27,-2046
3576158038,41496,0,2,-1,-32,26,-2041
3576159038,41496,5,-4,-3,-34,19,-2047
3576160038,41496,5,-1,-5,-36,28,-2052
3576161038,41496,3,-4,-4,-32,28,-2048
3576162038,41496,-1,-1,-4,-26,24,-2046
3576163038,41496,3,-4,-6,-36,27,-2051
3576164038,41496,4,-2,-4,-31,20,-2039
3576165038,41496,1,-2,-9,-35,20,-2039
3576166038,41496,3,-3,-4,-32,26,-2043
3576167038,41496,-2,0,-3,-30,26,-2047
3576168038,41496,3,-3,-6,-27,24,-2050
3576169038,41496,3,-5,-2,-30,19,-2044
3576170038,41496,4,-2,-5,-33,36,-2044
3576171038,41496,2,-3,-2,-24,28,-2041
3576172038,41496,2,-3,-3,-36,24,-2041
3576173038,41496,6,-2,-2,-36,27,-2047
3576174038,41496,0,-4,1,-38,29,-2046
3576175038,41496,2,-4,-1,-30,24,-2050
3576176038,41496,3,-1,-4,-26,24,-2051
3576177038,41496,3,-4,-5,-24,25,-2043
3576178038,41496,-1,-5,-3,-34,28,-2047
3576179038,41496,0,-2,0,-29,24,-2046
3576180038,41496,3,-4,-8,-39,29,-2040
3576181038,41496,1,-4,-3,-38,25,-2045
3576182038,41496,4,-1,0,-30,21,-2045
3576183038,41496,1,0,-2,-23,21,-2041
3576184038,41496,0,-2,-4,-27,27,-2047
3576185038,41496,-1,-1,-3,-28,25,-2044
3576186038,41496,0,1,-3,-32,23,-2040
3576187038,41496,4,-6,-5,-35,22,-2046
3576188038,41496,3,-3,-5,-37,27,-2044
3576189038,41496,-1,-3,-2,-22,25,-2050
3576190038,41496,4,-2,-4,-39,30,-2054
3576191038,41496,3,-1,-7,-29,20,-2043
3576192038,41496,3,-1,-5,-27,23,-2045
3576193038,41496,3,-1,0,-35,31,-2045
3576194038,41496,2,-3,-5,-30,24,-2050
3576195038,41496,4,-6,-6,-31,27,-2043
3576196038,41496,6,-6,-8,-27,24,-2047
3576197038,41496,5,-4,-3,-28,27,-2043
3576198038,41496,0,-1,-5,-43,27,-2046
3576199038,41496,-1,-4,-4,-36,23,-2049
3576200038,41496,1,-4,-2,-27,26,-2042
3576201038,41496,1,-3,-2,-27,18,-2040
3576202038,41496,1,-4,0,-34,16,-2044
3576203038,41496,2,-4,-4,-32,25,-2048
3576204038,41496,3,-4,-9,-22,25,-2048
3576205038,41496,3,-3,-4,-25,24,-2046
3576206038,41496,2,-1,-3,-31,23,-2038
3576207038,41496,2,-3,-8,-32,23,-2039
3576208038,41496,3,-3,-1,-38,21,-2047
3576209038,41496,1,-5,-7,-28,29,-2049
3576210038,41496,1,0,-2,-28,29,-2038
3576211038,41496,4,-1,-1,-37,24,-2048
3576212038,41496,3,-4,-6,-34,22,-2051
3576213038,41496,3,-4,-6,-25,20,-2047
3576214038,41496,4,-2,-4,-33,32,-2045
3576215038,41496,1,-4,-2,-33,21,-2045
3576216038,41496,6,-3,-4,-31,26,-2042
3576217038,41496,2,-2,-3,-28,27,-2043
3576218038,41496,2,-2,-1,-32,27,-2042
3576219038,41496,4,-3,-2,-38,29,-2045
3576220038,41496,3,-3,-2,-33,18,-2046
3576221038,41496,4,-2,-3,-27,19,-2040
3576222038,41496,5,-5,-7,-30,19,-2040
3576223038,41496,1,-3,-3,-36,21,-2047
3576224038,41496,1,0,-4,-31,21,-2045
3576225038,41496,2,-4,-4,-39,20,-2047
3576226038,41496,2,-3,-2,-40,26,-2042
3576227038,41496,1,0,-2,-32,21,-2044
3576228038,41496,1,-5,-5,-34,28,-2050
3576229038,41496,2,-3,-1,-33,27,-2049
3576230038,41496,2,-5,-4,-32,26,-2047
3576231038,41496,3,-2,-4,-34,24,-2048
3576232038,41496,3,-2,-3,-28,23,-2049
3576233038,41496,2,-1,-3,-31,23,-2033
3576234038,41496,2,-2,-4,-34,24,-2042
3576235038,41496,4,-1,-3,-32,27,-2049
3576236038,41496,-2,-2,-1,-32,25,-2051
3576237038,41496,1,1,-2,-29,15,-2041
3576238038,41496,4,-2,1,-28,15,-2048
3576239038,41496,3,-2,0,-34,25,-2041
3576240038,41496,0,-2,-5,-37,30,-2048
3576241038,41496,1,-6,-3,-35,27,-2050
3576242038,41496,3,0,-7,-19,25,-2035
3576243038,41496,5,-2,-6,-29,23,-2039
3576244038,41496,3,-2,-2,-32,30,-2039
3576245038,41496,1,-1,-4,-32,14,-2042
3576246038,41496,0,-1,-2,-33,28,-2031
3576247038,41496,4,-2,-6,-36,27,-2047
3576248038,41496,-1,0,-3,-33,19,-2043
3576249038,41496,2,-4,-3,-25,29,-2044
3576250038,41496,2,-2,-3,-36,25,-2046
3576251038,41496,0,-2,-3,-31,25,-2037
3576252038,41496,2,-2,-5,-28,20,-2043
3576253038,41496,-1,1,-1,-39,23,-2033
3576254038,41496,4,-3,-4,-32,23,-2041
3576255038,41496,2,-2,-4,-28,25,-2040
3576256038,41496,2,-4,-5,-28,30,-2042
3576257038,41496,2,-3,-2,-35,22,-2043
3576258038,41496,1,-2,-2,-34,29,-2042
3576259038,41496,5,-1,-4,-30,28,-2056
3576260038,41496,2,-3,-5,-28,28,-2037
3576261038,41496,6,-4,-2,-31,18,-2047
3576262038,41496,2,-2,-3,-33,24,-2047
3576263038,41496,2,-4,-5,-29,21,-2042
3576264038,41496,3,-4,-1,-32,30,-2047
3576265038,41496,3,-6,0,-37,21,-2038
3576266038,41496,3,0,0,-33,20,-2053
3576267038,41496,2,-2,-3,-30,21,-2048
3576268038,41496,4,-2,0,-28,20,-2043
3576269038,41496,3,-2,-3,-32,28,-2048
3576270038,41496,5,-6,-7,-30,18,-2052
3576271038,41496,1,0,-2,-28,17,-2044
3576272038,41496,0,3,-5,-28,18,-2048
3576273038,41496,1,-5,-1,-33,28,-2043
3576274038,41496,4,-4,-2,-37,22,-2044
3576275038,41496,4,-5,-6,-28,21,-2047
3576276038,41496,0,1,-4,-39,24,-2046
3576277038,41496,1,-3,-4,-35,21,-2038
3576278038,41496,2,-3,-6,-32,31,-2048
3576279038,41496,1,-2,-4,-34,20,-2044
3576280038,41496,2,-1,-4,-37,28,-2040
3576281038,41496,2,0,0,-30,24,-2040
3576282038,41496,1,0,0,-32,23,-2042
3576283038,41496,2,-2,-1,-36,22,-2039
3576284038,41496,2,-4,-3,-32,28,-2051
3576285038,41496,-1,-4,-4,-40,23,-2041
3576286038,41496,0,-2,-2,-31,27,-2039
3576287038,41496,4,-7,-3,-38,26,-2047
3576288038,41496,-1,-2,-3,-35,18,-2048
3576289038,41496,4,-2,-1,-38,25,-2038
3576290038,41496,-2,-5,-2,-36,22,-2048
3576291038,41496,4,-5,-1,-30,28,-2045
3576292038,41496,1,-4,-2,-31,26,-2047
3576293038,41496,2,-3,-1,-31,19,-2044
3576294038,41496,4,-1,-4,-25,26,-2052
3576295038,41496,-1,0,-1,-28,29,-2047
3576296038,41496,1,-1,-3,-38,24,-2044
3576297038,41496,-1,0,-3,-36,13,-2045
3576298038,41496,1,0,0,-34,25,-2050
3576299038,41496,5,-4,-5,-33,21,-2046
3576300038,41496,1,-4,-3,-28,15,-2054
3576301038,41496,9,-2,-4,-35,24,-2048
3576302038,41496,5,-2,-1,-31,28,-2050
3576303038,41496,2,-1,-2,-26,25,-2045
3576304038,41496,0,-2,-4,-31,25,-2043
3576305038,41496,4,-3,-1,-32,33,-2043
3576306038,41496,0,-4,-2,-34,27,-2044
3576307038,41496,1,-6,-5,-38,27,-2046
3576308038,41496,1,0,-5,-34,21,-2044
3576309038,41496,2,0,-5,-32,27,-2039
3576310038,41496,1,-1,-2,-25,21,-2038
3576311038,41496,3,-2,-3,-36,28,-2052
3576312038,41496,5,-4,-5,-32,21,-2047
3576313038,41496,3,-5,-6,-36,24,-2044
3576314038,41496,1,-2,-6,-33,24,-2047
3576315038,41496,-3,0,-3,-38,24,-2045
3576316038,41496,5,-1,-6,-38,16,-2053
3576317038,41496,-2,-2,-5,-34,24,-2042
3576318038,41496,2,-2,-6,-33,25,-2049
3576319038,41496,3,-2,-5,-24,24,-2045
3576320038,41496,4,-1,-4,-34,25,-2053
3576321038,41496,6,-1,-4,-31,28,-2045
3576322038,41496,5,-4,-4,-21,22,-2044
3576323038,41496,3,-3,-2,-27,20,-2037
3576324038,41496,2,-4,-4,-34,21,-2042
3576325038,41496,0,-1,-8,-34,17,-2050
3576326038,41496,2,-2,-7,-31,21,-2043
3576327038,41496,2,-1,-2,-33,25,-2041
3576328038,41496,1,-4,-4,-35,20,-2042
3576329038,41496,2,-3,-4,-32,22,-2045
3576330038,41496,4,-2,-4,-39,22,-2040
3576331038,41496,2,-3,0,-27,28,-2040
3576332038,41496,3,-1,-4,-29,35,-2043
3576333038,41496,4,-3,-1,-35,23,-2045
3576334038,41496,2,-3,-3,-28,27,-2040
3576335038,41496,-2,1,0,-40,22,-2040
3576336038,41496,3,-3,-4,-32,29,-2046
3576337038,41496,1,-4,0,-30,17,-2046
3576338038,41496,-1,0,0,-40,25,-2040
3576339038,41496,1,0,-4,-35,25,-2047
3576340038,41496,3,-3,0,-38,20,-2042
3576341038,41496,0,-2,-4,-31,21,-2043
3576342038,41496,1,-2,0,-31,21,-2045
3576343038,41496,3,-6,-3,-28,27,-2045
3576344038,41496,2,0,-3,-31,24,-2042
3576345038,41496,5,-2,-4,-37,20,-2047
3576346038,41496,1,-1,-5,-33,23,-2049
3576347038,41496,2,-1,-7,-32,22,-2049
3576348038,41496,7,-4,-4,-35,24,-2038
3576349038,41496,5,-3,-3,-29,31,-2046
3576350038,41496,2,-1,-5,-27,24,-2040
3576351038,41496,0,-2,-2,-34,18,-2038
3576352038,41496,-1,-1,-2,-30,24,-2039
3576353038,41496,1,-3,-4,-37,28,-2038
3576354038,41496,0,-3,-2,-29,21,-2032
3576355038,41496,1,-3,-3,-35,20,-2048
3576356038,41496,1,-2,-2,-31,25,-2046
3576357038,41496,7,-2,-6,-32,20,-2040
3576358038,41496,3,-5,-6,-30,22,-2052
3576359038,41496,-1,4,0,-29,25,-2040
3576360038,41496,-2,3,-1,-32,22,-2043
3576361038,41496,-1,-1,-2,-32,23,-2044
3576362038,41496,1,0,-2,-30,27,-2044
3576363038,41496,2,-1,-6,-31,26,-2048
3576364038,41496,5,-5,-3,-30,31,-2052
3576365038,41496,2,0,-5,-32,22,-2046
3576366038,41496,1,-5,-1,-28,30,-2047
3576367038,41496,4,-2,-2,-28,26,-2046
3576368038,41496,3,-2,-3,-37,24,-2054
3576369038,41496,4,-3,-1,-25,20,-2051
3576370038,41496,-2,-1,-1,-31,32,-2052
3576371038,41496,4,-2,-4,-29,25,-2047
3576372038,41496,3,-2,-2,-30,19,-2037
3576373038,41496,2,-2,-3,-33,25,-2048
3576374038,41496,1,-3,-6,-30,17,-2040
3576375038,41496,1,-2,-5,-36,21,-2047
3576376038,41496,1,-2,-4,-32,25,-2051
3576377038,41496,1,-2,-4,-34,25,-2045
3576378038,41496,3,-3,-4,-34,22,-2039
3576379038,41496,3,-1,-7,-36,25,-2045
3576380038,41496,7,-5,-2,-29,22,-2049
3576381038,41496,2,0,-2,-29,30,-2044
3576382038,41496,1,-1,-2,-29,21,-2046
3576383038,41496,3,1,-4,-31,26,-2046
3576384038,41496,1,-1,-2,-27,20,-2044
3576385038,41496,4,-3,-7,-35,31,-2051
3576386038,41496,4,-2,0,-35,28,-2042
3576387038,41496,1,-1,-6,-28,24,-2048
3576388038,41496,5,-2,-5,-40,23,-2048
3576389038,41496,4,-5,-7,-33,21,-2045
3576390038,41496,1,-1,-2,-35,22,-2048
3576391038,41496,3,-4,-6,-31,20,-2050
3576392038,41496,5,-1,-5,-29,25,-2048
3576393038,41496,3,-3,-4,-35,25,-2047
3576394038,41496,2,-4,-2,-32,29,-2036
3576395038,41496,3,-1,-3,-30,24,-2044
3576396038,41496,3,-3,-2,-30,26,-2042
3576397038,41496,2,0,-1,-35,24,-2045
3576398038,41496,5,-3,-5,-31,20,-2052
3576399038,41496,1,-1,-1,-35,29,-2042
3576400038,41496,0,-3,-7,-31,24,-2038
3576401038,41496,1,-4,-3,-30,21,-2045
3576402038,41496,2,-1,-3,-32,24,-2040
3576403038,41496,6,-2,-4,-30,24,-2056
3576404038,41496,1,-1,-5,-27,21,-2045
3576405038,41496,-1,1,-4,-34,24,-2049
3576406038,41496,1,-3,-3,-33,28,-2042
3576407038,41496,6,-3,-6,-31,25,-2046
3576408038,41496,0,-2,-4,-35,24,-2042
3576409038,41496,1,0,-4,-33,21,-2047
3576410038,41496,-2,0,-3,-22,25,-2046
3576411038,41496,3,-4,-7,-28,29,-2042
3576412038,41496,1,-3,-6,-30,30,-2039
3576413038,41496,-2,-1,-2,-33,24,-2041
3576414038,41496,1,1,-5,-33,23,-2041
3576415038,41496,3,-4,-2,-39,23,-2042
3576416038,41496,3,1,-3,-26,28,-2037
3576417038,41496,3,-1,-2,-38,30,-2043
3576418038,41496,2,-4,0,-31,25,-2045
3576419038,41496,2,-5,-3,-32,17,-2043
3576420038,41496,1,-3,-2,-24,25,-2041
3576421038,41496,1,0,-2,-33,21,-2045
3576422038,41496,2,-3,-1,-29,25,-2047
3576423038,41496,3,-2,-6,-37,18,-2041
3576424038,41496,2,1,-1,-31,18,-2050
3576425038,41496,4,-4,-6,-39,20,-2039
3576426038,41496,6,-5,-4,-36,24,-2039
3576427038,41496,2,2,-4,-35,32,-2042
3576428038,41496,6,-6,-3,-32,26,-2047
3576429038,41496,3,1,-1,-32,28,-2044
3576430038,41496,0,-2,-6,-26,24,-2035
3576431038,41496,3,-7,-6,-39,18,-2047
3576432038,41496,1,2,-5,-32,23,-2043
3576433038,41496,2,-6,-6,-33,26,-2047
3576434038,41496,2,-3,0,-37,23,-2050
3576435038,41496,0,-2,-1,-32,28,-2046
3576436038,41496,3,-5,-6,-32,21,-2044
3576437038,41496,5,-3,-8,-34,24,-2049
3576438038,41496,0,-4,-7,-39,22,-2045
3576439038,41496,3,-7,-7,-33,26,-2051
3576440038,41496,0,-1,-5,-33,29,-2046
3576441038,41496,2,1,-4,-35,23,-2050
3576442038,41496,2,0,-5,-36,27,-2052
3576443038,41496,5,0,-5,-28,26,-2048
3576444038,41496,6,-5,-5,-37,28,-2047
3576445038,41496,2,-5,-2,-32,21,-2045
3576446038,41496,5,-4,-1,-38,20,-2041
3576447038,41496,6,-3,-4,-33,24,-2046
3576448038,41496,1,-4,-3,-28,13,-2043
3576449038,41496,4,-3,-5,-38,23,-2045
3576450038,41496,4,-2,-5,-29,25,-2045
3576451038,41496,3,-2,-7,-33,23,-2042
3576452038,41496,4,-2,-5,-32,19,-2053
3576453038,41496,2,-4,-4,-36,30,-2047
3576454038,41496,1,-2,-3,-23,23,-2047
3576455038,41496,2,-2,-5,-37,20,-2049
3576456038,41496,3,-1,-7,-30,28,-2045
3576457038,41496,3,-2,-5,-28,25,-2045
3576458038,41496,3,1,-1,-28,27,-2050
3576459038,41496,3,0,-2,-34,20,-2043
3576460038,41496,0,0,-2,-34,18,-2042
3576461038,41496,0,-3,-5,-34,31,-2038
3576462038,41496,5,-6,-5,-31,18,-2047
3576463038,41496,3,-2,-4,-39,24,-2051
3576464038,41496,2,-1,-3,-34,29,-2047
3576465038,41496,3,-3,-3,-30,29,-2043
3576466038,41496,4,-4,-7,-28,22,-2037
3576467038,41496,0,-3,-3,-31,23,-2042
3576468038,41496,5,-4,-1,-29,25,-2047
3576469038,41496,3,-2,-6,-29,21,-2043
3576470038,41496,-1,-1,0,-36,25,-2039
3576471038,41496,4,-2,-3,-33,19,-2051
3576472038,41496,2,-4,-6,-36,18,-2050
3576473038,41496,-1,3,-1,-32,26,-2045
3576474038,41496,1,-3,-2,-33,29,-2045
3576475038,41496,1,0,-6,-38,28,-2045
3576476038,41496,7,-2,-3,-35,19,-2047
3576477038,41496,1,-1,-3,-27,16,-2039
3576478038,41496,0,-4,-6,-28,22,-2047
3576479038,41496,3,-5,-6,-32,21,-2047
3576480038,41496,4,-4,-2,-37,22,-2042
3576481038,41496,5,2,-1,-39,27,-2044
3576482038,41496,3,-3,-3,-39,22,-2049
3576483038,41496,0,-2,-3,-37,24,-2045
3576484038,41496,3,0,-2,-26,22,-2044
3576485038,41496,0,-3,-4,-32,15,-2047
3576486038,41496,0,-2,-3,-34,21,-2053
3576487038,41496,3,-7,-5,-33,23,-2051
3576488038,41496,2,-2,-4,-29,21,-2057
3576489038,41496,5,-4,-5,-31,24,-2043
3576490038,41496,0,-3,0,-32,22,-2044
3576491038,41496,1,-2,-3,-34,25,-2047
3576492038,41496,2,-5,-6,-37,29,-2044
3576493038,41496,4,-2,-4,-30,27,-2048
3576494038,41496,-1,-2,0,-30,24,-2052
3576495038,41496,2,-1,-3,-29,26,-2050
3576496038,41496,1,-5,-4,-37,22,-2048
3576497038,41496,1,-2,-2,-36,23,-2045
3576498038,41496,4,-4,-3,-32,27,-2048
3576499038,41496,2,-4,-4,-40,21,-2044
3576500038,41496,2,1,-4,-27,22,-2042
3576501038,41496,0,-5,-3,-29,24,-2046
3576502038,41496,5,-2,-1,-29,24,-2045
3576503038,41496,2,-6,0,-30,22,-2044
3576504038,41496,2,-3,-2,-34,23,-2040
3576505038,41496,3,1,-2,-27,25,-2047
3576506038,41496,1,-4,-5,-31,22,-2039
3576507038,41496,1,3,-4,-32,24,-2041
3576508038,41496,4,-2,-5,-34,26,-2048
3576509038,41496,-1,-2,-2,-36,25,-2052
3576510038,41496,2,-1,-4,-25,31,-2049
3576511038,41496,8,-2,-5,-40,30,-2044
3576512038,41496,2,-2,-1,-38,31,-2047
3576513038,41496,2,-1,-2,-30,26,-2032
3576514038,41496,6,-4,-3,-28,12,-2049
3576515038,41496,2,1,-2,-30,25,-2037
3576516038,41496,3,0,-4,-31,27,-2047
3576517038,41496,5,-2,-3,-30,19,-2044
3576518038,41496,4,-4,-5,-29,25,-2048
3576519038,41496,0,1,-1,-32,24,-2045
3576520038,41496,3,-5,-3,-36,22,-2049
3576521038,41496,3,-3,-7,-32,23,-2047
3576522038,41496,4,-3,-4,-31,19,-2046
3576523038,41496,2,0,-5,-36,21,-2047
3576524038,41496,3,-3,-1,-31,24,-2047
3576525038,41496,2,-5,0,-22,18,-2042
3576526038,41496,4,-2,-3,-39,26,-2041
3576527038,41496,5,-2,-1,-38,22,-2044
3576528038,41496,1,-2,-4,-31,21,-2048
3576529038,41496,5,-1,-1,-37,31,-2046
3576530038,41496,2,-2,-3,-31,21,-2048
3576531038,41496,2,-4,-5,-35,30,-2043
3576532038,41496,2,-3,-5,-36,23,-2042
3576533038,41496,3,-1,-2,-30,27,-2052
3576534038,41496,2,-3,-3,-34,24,-2039
3576535038,41496,2,-1,-5,-28,26,-2047
3576536038,41496,0,-2,-4,-29,24,-2047
3576537038,41496,2,-2,0,-34,24,-2042
3576538038,41496,4,-1,-1,-34,28,-2041
3576539038,41496,-1,0,-2,-26,27,-2049
3576540038,41496,1,-4,-4,-40,26,-2044
3576541038,41496,2,-2,-4,-26,24,-2040
3576542038,41496,1,-4,-1,-33,21,-2042
3576543038,41496,5,-8,-5,-32,25,-2052
3576544038,41496,2,-1,0,-35,25,-2048
3576545038,41496,0,-5,-4,-28,27,-2044
3576546038,41496,0,0,0,-32,23,-2046
3576547038,41496,2,-6,-3,-32,28,-2052
3576548038,41496,0,0,-3,-26,29,-2034
3576549038,41496,1,-2,-4,-29,24,-2041
3576550038,41496,2,-4,-2,-23,31,-2043
3576551038,41496,3,-3,-4,-29,26,-2040
3576552038,41496,-1,1,-1,-23,27,-2050
3576553038,41496,-1,-3,-2,-28,23,-2043
3576554038,41496,-3,-3,0,-36,24,-2044
3576555038,41496,4,-1,-6,-39,20,-2036
3576556038,41496,0,-3,-5,-21,24,-2048
3576557038,41496,0,-1,-3,-25,30,-2048
3576558038,41496,-1,0,-5,-35,23,-2047
3576559038,41496,2,-3,-3,-29,28,-2040
3576560038,41496,1,0,-4,-33,31,-2047
3576561038,41496,1,-4,-5,-29,19,-2035
3576562038,41496,5,-4,-6,-32,20,-2044
3576563038,41496,2,-3,-2,-26,36,-2043
3576564038,41496,3,-4,-5,-29,23,-2044
3576565038,41496,4,0,-2,-32,30,-2048
3576566038,41496,3,3,0,-30,28,-2046
3576567038,41496,1,-3,-2,-36,19,-2047
3576568038,41496,1,-1,1,-37,21,-2041
3576569038,41496,-1,-2,-5,-29,29,-2043
3576570038,41496,0,-2,2,-39,21,-2042
3576571038,41496,2,-4,-2,-33,22,-2045
3576572038,41496,1,-3,-2,-33,27,-2044
3576573038,41496,7,0,-3,-29,23,-2045
3576574038,41496,0,2,-5,-30,26,-2045
3576575038,41496,-1,-2,-3,-35,25,-2040
3576576038,41496,3,-2,-2,-35,23,-2049
3576577038,41496,1,-3,-2,-40,25,-2048
3576578038,41496,4,0,-4,-41,24,-2040
3576579038,41496,3,0,-2,-30,28,-2047
3576580038,41496,-1,-2,-4,-29,23,-2040
3576581038,41496,1,-3,-3,-38,20,-2046
3576582038,41496,1,1,1,-34,23,-2048
3576583038,41496,4,-7,-5,-35,30,-2046
3576584038,41496,2,-2,-5,-23,19,-2045
3576585038,41496,2,-3,-5,-31,25,-2046
3576586038,41496,3,-1,-2,-27,23,-2047
3576587038,41496,3,-1,-4,-27,25,-2051
3576588038,41496,5,-4,-5,-32,22,-2050
3576589038,41496,1,-4,-5,-34,28,-2042
3576590038,41496,1,-1,-1,-29,20,-2044
3576591038,41496,0,-4,-1,-32,29,-2049
3576592038,41496,3,-5,-2,-40,24,-2049
3576593038,41496,1,0,-4,-28,27,-2043
3576594038,41496,4,-7,-3,-34,25,-2049
3576595038,41496,3,-4,-3,-36,23,-2052
3576596038,41496,1,1,-2,-33,21,-2047
3576597038,41496,3,-4,-4,-34,25,-2044
3576598038,41496,4,-5,-5,-33,19,-2034
3576599038,41496,2,-5,-5,-30,21,-2044
3576600038,41496,5,-1,-5,-41,25,-2045
3576601038,41496,0,-3,-1,-31,27,-2041
3576602038,41496,0,-1,-2,-34,22,-2037
3576603038,41496,5,-4,-2,-31,25,-2039
3576604038,41496,3,-2,-2,-33,25,-2046
3576605038,41496,2,-2,-6,-35,22,-2045
3576606038,41496,4,-1,-4,-31,30,-2047
3576607038,41496,6,-4,-3,-40,18,-2047
3576608038,41496,4,-4,-6,-35,24,-2047
3576609038,41496,1,-4,-9,-34,25,-2039
3576610038,41496,2,-2,-3,-21,26,-2038
3576611038,41496,0,-2,-2,-28,23,-2042
3576612038,41496,3,-2,-6,-37,22,-2035
3576613038,41496,-2,-5,-5,-28,29,-2043
3576614038,41496,2,0,-3,-33,17,-2045
3576615038,41496,0,-2,-4,-35,20,-2041
3576616038,41496,3,-3,-1,-33,25,-2045
3576617038,41496,0,-1,-5,-32,27,-2043
3576618038,41496,3,-1,-1,-29,24,-2045
3576619038,41496,3,-1,-4,-29,18,-2046
3576620038,41496,4,-1,-4,-34,32,-2044
3576621038,41496,2,-2,-6,-33,26,-2049
3576622038,41496,0,0,-5,-32,23,-2045
3576623038,41496,4,-2,-3,-33,20,-2045
3576624038,41496,2,-3,-5,-28,22,-2049
3576625038,41496,3,-4,-7,-32,29,-2041
3576626038,41496,6,-5,-4,-32,20,-2046
3576627038,41496,-1,-3,-3,-27,25,-2046
3576628038,41496,3,-5,-4,-34,25,-2045
3576629038,41496,3,-1,0,-29,20,-2043
3576630038,41496,1,-4,-1,-31,25,-2047
3576631038,41496,5,-5,-5,-27,24,-2050
3576632038,41496,5,-4,-2,-28,22,-2049
3576633038,41496,-1,1,-6,-34,20,-2048
3576634038,41496,2,-5,-6,-30,21,-2048
3576635038,41496,-1,-4,-4,-27,19,-2051
3576636038,41496,4,-2,-4,-36,22,-2041
3576637038,41496,-1,-1,-5,-23,32,-2039
3576638038,41496,0,-2,-1,-31,28,-2048
3576639038,41496,3,-3,-2,-29,17,-2046
3576640038,41496,0,-2,-2,-38,22,-2043
3576641038,41496,2,-1,-4,-39,24,-2045
3576642038,41496,5,-3,-3,-35,26,-2045
3576643038,41496,3,-4,-6,-31,23,-2046
3576644038,41496,4,-2,-3,-36,23,-2046
3576645038,41496,4,-4,-3,-40,24,-2050
3576646038,41496,3,1,-3,-32,27,-2039
3576647038,41496,2,-3,-4,-31,19,-2044
3576648038,41496,7,-5,-5,-36,30,-2052
3576649038,41496,4,-3,-1,-33,27,-2039
3576650038,41496,5,-4,-2,-24,30,-2045
3576651038,41496,-1,3,-1,-27,23,-2042
3576652038,41496,2,1,-2,-33,26,-2043
3576653038,41496,3,1,-3,-28,23,-2039
3576654038,41496,0,-3,-4,-35,23,-2046
3576655038,41496,-1,-1,2,-34,18,-2051
3576656038,41496,4,0,-7,-30,24,-2044
3576657038,41496,0,-1,-1,-32,31,-2049
3576658038,41496,9,-1,-1,-35,26,-2045
3576659038,41496,3,0,-1,-26,26,-2045
3576660038,41496,1,-4,-1,-29,29,-2046
3576661038,41496,3,-3,-5,-25,30,-2049
3576662038,41496,3,0,-2,-36,28,-2050
3576663038,41496,4,-3,-4,-37,24,-2038
3576664038,41496,1,0,-3,-31,33,-2049
3576665038,41496,5,1,-2,-27,27,-2045
3576666038,41496,1,-6,-5,-32,17,-2040
3576667038,41496,1,-2,-3,-33,22,-2043
3576668038,41496,1,2,-4,-29,20,-2044
3576669038,41496,3,-7,-5,-32,25,-2053
3576670038,41496,1,-1,-4,-28,24,-2045
3576671038,41496,2,-1,-8,-31,27,-2050
3576672038,41496,2,-2,-4,-33,22,-2045
3576673038,41496,2,0,-2,-28,27,-2052
3576674038,41496,4,0,-4,-38,30,-2048
3576675038,41496,2,-2,-4,-43,24,-2042
3576676038,41496,4,-4,-3,-28,20,-2055
3576677038,41496,4,-4,-5,-28,18,-2040
3576678038,41496,1,-5,-1,-32,22,-2045
3576679038,41496,2,-1,-6,-34,21,-2047
3576680038,41496,0,-2,-1,-34,20,-2045
3576681038,41496,1,2,0,-22,24,-2047
3576682038,41496,-1,-1,-3,-37,28,-2041
3576683038,41496,3,-4,-5,-31,26,-2040
3576684038,41496,3,-1,-3,-28,26,-2048
3576685038,41496,4,-4,-4,-29,20,-2048
3576686038,41496,4,-2,-2,-23,25,-2045
3576687038,41496,5,-2,-4,-37,17,-2044
3576688038,41496,3,-1,-6,-35,31,-2040
3576689038,41496,5,-2,-6,-36,23,-2046
3576690038,41496,0,-2,-3,-29,25,-2040
3576691038,41496,1,2,-2,-37,35,-2046
3576692038,41496,3,0,-7,-34,24,-2044
3576693038,41496,0,-2,-3,-32,25,-2045
3576694038,41496,3,-1,-4,-37,24,-2048
3576695038,41496,5,-2,-3,-35,24,-2048
3576696038,41496,2,-1,1,-27,19,-2040
3576697038,41496,3,-2,-4,-33,25,-2045
3576698038,41496,2,-2,-2,-34,27,-2040
3576699038,41496,1,-2,-2,-37,16,-2046
3576700038,41496,0,-2,-5,-28,28,-2046
3576701038,41496,4,1,-1,-26,22,-2045
3576702038,41496,0,-2,-3,-26,21,-2043
3576703038,41496,3,-3,-6,-26,26,-2041
3576704038,41496,2,-2,-4,-31,25,-2050
3576705038,41496,4,-5,-7,-36,28,-2046
3576706038,41496,2,-2,-5,-29,22,-2044
3576707038,41496,-1,-1,-5,-32,24,-2043
3576708038,41496,0,-2,-5,-30,26,-2048
3576709038,41496,2,-4,-4,-36,25,-2049
3576710038,41496,-2,-1,-1,-24,29,-2047
3576711038,41496,-1,-2,-4,-35,28,-2046
3576712038,41496,2,-4,-7,-34,26,-2043
3576713038,41496,2,-4,-4,-28,19,-2044
3576714038,41496,2,-6,-4,-28,25,-2042
3576715038,41496,1,-2,-4,-35,20,-2047
3576716038,41496,3,2,-4,-32,29,-2046
3576717038,41496,2,-3,-3,-30,24,-2041
3576718038,41496,-2,-1,-4,-33,28,-2050
3576719038,41496,2,-5,-2,-33,25,-2046
3576720038,41496,-1,-5,-4,-30,25,-2038
3576721038,41496,6,0,-1,-28,14,-2040
3576722038,41496,4,-3,-2,-36,23,-2045
3576723038,41496,0,-1,-3,-27,26,-2051
3576724038,41496,1,-1,-5,-35,24,-2048
3576725038,41496,4,-3,-4,-36,21,-2047
3576726038,41496,0,-1,-2,-28,30,-2052
3576727038,41496,4,-3,-3,-39,20,-2054
3576728038,41496,6,-1,-1,-30,19,-2048
3576729038,41496,1,-4,-6,-31,27,-2043
3576730038,41496,4,-4,-3,-24,25,-2041
3576731038,41496,0,-2,-2,-30,32,-2046
3576732038,41496,0,-1,-3,-29,26,-2044
3576733038,41496,1,-2,-3,-26,24,-2046
3576734038,41496,1,-3,-2,-37,26,-2045
3576735038,41496,4,-2,-5,-33,22,-2042
3576736038,41496,0,-1,-2,-28,27,-2042
3576737038,41496,3,1,-3,-31,17,-2038
3576738038,41496,3,-3,-3,-34,29,-2037
3576739038,41496,-1,-1,-5,-19,22,-2042
3576740038,41496,0,0,-6,-36,21,-2051
3576741038,41496,2,-6,-5,-37,28,-2041
3576742038,41496,1,-2,-3,-29,22,-2039
3576743038,41496,4,-4,-3,-40,29,-2044
3576744038,41496,2,-3,-6,-32,32,-2054
3576745038,41496,2,-2,-3,-34,28,-2060
3576746038,41496,0,-4,-3,-33,33,-2041
3576747038,41496,2,-4,-3,-36,21,-2043
3576748038,41496,2,1,-2,-31,22,-2040
3576749038,41496,2,-4,-2,-30,27,-2044
3576750038,41496,0,-4,-1,-31,25,-2046
3576751038,41496,1,-3,-5,-31,27,-2041
3576752038,41496,-1,-4,-3,-37,20,-2042
3576753038,41496,3,2,-2,-29,24,-2041
3576754038,41496,1,-1,-6,-30,26,-2046
3576755038,41496,0,-4,-4,-29,30,-2045
3576756039,41496,0,-3,-5,-34,25,-2051
3576757040,41496,5,-7,-7,-28,21,-2046
3576758038,41496,0,-2,-3,-33,21,-2040
3576759038,41496,3,-2,-3,-33,28,-2045
3576760038,41496,4,-3,-3,-37,32,-2045
3576761038,41496,2,0,-2,-33,25,-2037
3576762038,41496,4,-6,-7,-27,20,-2042
3576763038,41496,4,-5,-5,-36,23,-2041
3576764038,41496,1,2,-2,-26,23,-2044
3576765038,41496,4,-1,-4,-36,24,-2051
3576766038,41496,2,-4,-2,-31,25,-2042
3576767038,41496,3,-2,-4,-37,24,-2041
3576768038,41496,3,1,-5,-25,21,-2041
3576769038,41496,2,-1,-4,-29,27,-2044
3576770038,41496,0,0,-1,-29,25,-2051
3576771038,41496,4,-3,-6,-36,22,-2047
3576772038,41496,4,1,-7,-34,20,-2052
3576773038,41496,0,0,-3,-37,25,-2045
3576774038,41496,3,-1,-2,-34,20,-2045
3576775038,41496,1,0,-4,-32,25,-2050
3576776038,41496,6,-3,-6,-26,19,-2043
3576777038,41496,5,-5,-4,-32,23,-2038
3576778038,41496,-1,1,-2,-38,18,-2036
3576779038,41496,2,-6,-4,-30,24,-2040
3576780038,41496,2,-4,-4,-27,23,-2040
3576781038,41496,4,-5,-4,-43,22,-2046
3576782038,41496,3,-1,-5,-31,29,-2044
3576783038,41496,5,0,-3,-36,24,-2052
3576784038,41496,1,-3,-5,-26,25,-2053
3576785038,41496,2,-2,-5,-37,23,-2052
3576786038,41496,2,-3,-4,-30,29,-2039
3576787038,41496,4,-3,-5,-31,24,-2049
3576788038,41496,0,0,0,-37,29,-2048
3576789038,41496,2,-2,-2,-33,22,-2040
3576790038,41496,4,1,-3,-38,24,-2043
3576791038,41496,5,-2,-5,-29,25,-2046
3576792038,41496,3,-3,-4,-34,18,-2053
3576793038,41496,-1,1,-2,-33,19,-2046
3576794038,41496,3,-6,-5,-37,19,-2040
3576795038,41496,3,-1,-2,-29,30,-2051
3576796038,41496,0,-2,-5,-28,17,-2041
3576797038,41496,2,-3,-2,-35,27,-2047
3576798038,41496,1,2,0,-33,24,-2043
3576799038,41496,3,0,-2,-32,28,-2043
3576800038,41496,2,-8,-4,-35,32,-2050
3576801038,41496,3,-3,-4,-31,24,-2045
3576802038,41496,1,-6,-3,-29,20,-2036
3576803038,41496,1,0,-4,-36,31,-2046
3576804038,41496,1,-2,-3,-33,26,-2044
3576805038,41496,2,-7,-3,-30,23,-2038
3576806038,41496,2,0,-3,-29,22,-2049
3576807038,41496,-3,-6,-4,-32,26,-2040
3576808038,41496,0,-2,-5,-30,26,-2047
3576809038,41496,6,-4,-5,-22,24,-2050
3576810038,41496,9,-4,-3,-31,15,-2037
3576811038,41496,1,-1,-4,-35,26,-2038
3576812038,41496,-4,2,1,-27,26,-2052
3576813038,41496,1,-4,-5,-38,25,-2047
3576814038,41496,2,-2,-2,-32,22,-2048
3576815038,41496,-1,-2,-3,-30,24,-2050
3576816038,41496,2,2,-2,-24,19,-2046
3576817038,41496,2,-1,-4,-39,23,-2045
3576818038,41496,5,-3,-3,-36,22,-2043
3576819038,41496,3,-1,-3,-37,28,-2047
3576820038,41496,1,-1,-2,-35,25,-2039
3576821038,41496,4,-2,-3,-32,29,-2039
3576822038,41496,3,-3,-7,-32,24,-2047
3576823038,41496,1,-1,-6,-32,29,-2051
3576824038,41496,4,-5,-6,-26,27,-2045
3576825038,41496,2,0,-3,-28,23,-2048
3576826038,41496,2,-3,-3,-26,28,-2051
3576827038,41496,1,1,-3,-22,17,-2044
3576828038,41496,0,-1,-1,-33,25,-2045
3576829038,41496,6,-3,-4,-25,28,-2037
3576830038,41496,1,-1,-5,-29,30,-2049
3576831038,41496,1,-4,-2,-29,28,-2037
3576832038,41496,0,-3,-6,-36,22,-2045
3576833038,41496,1,0,-1,-32,18,-2038
3576834038,41496,2,-4,-8,-34,23,-2042
3576835038,41496,2,-2,-4,-29,34,-2036
3576836038,41496,1,-3,-5,-33,26,-2048
3576837038,41496,3,-8,-5,-32,25,-2046
3576838038,41496,0,-4,-4,-27,23,-2046
3576839038,41496,-1,0,-4,-32,20,-2052
3576840038,41496,-4,-2,-3,-27,27,-2048
3576841038,41496,2,-3,-4,-30,21,-2047
3576842038,41496,1,-1,-6,-31,17,-2043
3576843038,41496,4,-4,-4,-28,21,-2041
3576844038,41496,3,-2,-5,-38,18,-2049
3576845038,41496,3,-3,-6,-32,15,-2038
3576846038,41496,-2,-2,-1,-29,21,-2042
3576847038,41496,3,-2,-2,-36,24,-2050
3576848038,41496,6,-4,-3,-34,28,-2039
3576849038,41496,3,-1,-6,-36,23,-2040
3576850038,41496,5,-2,-4,-32,22,-2045
3576851038,41496,2,-3,-3,-33,26,-2040
3576852038,41496,3,0,-3,-27,24,-2046
3576853038,41496,4,-3,-5,-28,25,-2043
3576854038,41496,3,-6,-3,-32,31,-2044
3576855038,41496,1,-3,-3,-34,27,-2046
3576856038,41496,3,2,-3,-37,26,-2044
3576857038,41496,0,-3,-6,-26,26,-2048
3576858038,41496,0,-4,-4,-32,25,-2045
3576859038,41496,2,-3,-1,-30,26,-2041
3576860038,41496,1,0,-3,-23,20,-2044
3576861038,41496,0,-2,-2,-24,22,-2045
3576862038,41496,4,-2,-3,-30,30,-2041
3576863038,41496,3,0,-2,-32,23,-2043
3576864038,41496,2,-3,-1,-37,23,-2046
3576865038,41496,2,0,1,-37,24,-2044
3576866038,41496,4,-2,-4,-40,24,-2044
3576867038,41496,2,-4,-2,-30,26,-2052
3576868038,41496,1,-1,-1,-31,28,-2052
3576869038,41496,-1,-3,-2,-33,25,-2041
3576870038,41496,0,-2,-2,-37,26,-2048
3576871038,41496,4,-3,-6,-30,28,-2040
3576872038,41496,2,-3,-5,-30,30,-2045
3576873038,41496,-1,-4,-3,-39,23,-2045
3576874038,41496,5,-3,-4,-26,19,-2036
3576875038,41496,1,-2,-4,-40,24,-2041
3576876038,41496,2,-1,0,-32,23,-2052
3576877038,41496,2,-3,-2,-34,17,-2059
3576878038,41496,3,-2,-4,-32,27,-2039
3576879038,41496,4,-3,-2,-34,27,-2043
3576880038,41496,2,-4,-5,-41,23,-2045
3576881038,41496,2,0,-1,-30,18,-2051
3576882038,41496,2,-1,-4,-29,23,-2040
3576883038,41496,2,-3,-4,-30,29,-2044
3576884038,41496,0,0,-2,-33,26,-2043
3576885038,41496,-2,-2,0,-32,22,-2037
3576886038,41496,1,-2,-3,-29,26,-2040
3576887038,41496,4,-2,-5,-37,20,-2036
3576888038,41496,1,-2,-4,-35,32,-2037
3576889038,41496,5,-2,-5,-34,29,-2043
3576890038,41496,1,-7,-4,-32,30,-2046
3576891038,41496,3,-4,-6,-33,25,-2039
3576892038,41496,0,1,-3,-33,21,-2045
3576893038,41496,2,-4,-5,-32,27,-2048
3576894038,41496,1,-3,-3,-34,29,-2050
3576895038,41496,0,0,-2,-25,23,-2047
3576896038,41496,3,-3,-3,-27,23,-2048
3576897038,41496,-1,2,-2,-32,30,-2046
3576898038,41496,1,-4,-5,-26,26,-2045
3576899038,41496,4,-1,-7,-29,25,-2051
3576900038,41496,4,0,-2,-31,25,-2045
3576901038,41496,4,-6,-4,-30,19,-2050
3576902038,41496,0,1,-2,-29,24,-2048
3576903038,41496,3,-3,-4,-27,23,-2043
3576904038,41496,2,-6,-2,-31,25,-2046
3576905038,41496,5,-2,-2,-29,21,-2039
3576906038,41496,1,-2,-3,-33,26,-2041
3576907038,41496,0,-5,-3,-29,25,-2040
3576908038,41496,1,-1,-1,-30,27,-2056
3576909038,41496,2,-5,-4,-35,26,-2038
3576910038,41496,3,-3,-3,-31,25,-2049
3576911038,41496,2,-8,-3,-33,28,-2040
3576912038,41496,3,-1,-6,-28,22,-2047
3576913038,41496,2,-1,-3,-30,23,-2052
3576914038,41496,0,-1,-1,-37,18,-2045
3576915038,41496,2,-1,-5,-34,28,-2045
3576916038,41496,1,2,-5,-30,23,-2040
3576917038,41496,5,-5,-9,-36,24,-2044
3576918038,41496,-1,-2,1,-34,20,-2040
3576919038,41496,-1,-2,-5,-28,28,-2038
3576920038,41496,3,-2,0,-39,20,-2036
3576921038,41496,2,0,-3,-31,23,-2040
3576922038,41496,2,-4,-7,-30,25,-2044
3576923038,41496,2,-3,-2,-34,29,-2037
3576924038,41496,0,1,-1,-32,25,-2041
3576925038,41496,2,-5,-5,-30,29,-2052
3576926038,41496,-1,-2,-3,-24,28,-2046
3576927038,41496,1,0,-4,-25,21,-2045
3576928038,41496,4,-5,-5,-25,20,-2048
3576929038,41496,3,-1,-4,-37,24,-2045
3576930038,41496,4,-2,-4,-33,30,-2046
3576931038,41496,5,-6,-5,-28,26,-2046
3576932038,41496,1,-3,-3,-26,21,-2036
3576933038,41496,-3,-2,-3,-35,25,-2053
3576934038,41496,2,-3,-5,-30,26,-2044
3576935038,41496,3,0,-5,-31,23,-2046
3576936038,41496,3,-5,-3,-28,22,-2046
3576937038,41496,3,0,1,-32,26,-2047
3576938038,41496,2,-2,0,-26,23,-2042
3576939038,41496,4,-4,-4,-36,28,-2050
3576940038,41496,2,-3,-4,-31,27,-2046
3576941038,41496,0,-3,-1,-28,23,-2042
3576942038,41496,0,-2,-3,-31,31,-2045
3576943038,41496,2,-1,-2,-29,28,-2049
3576944038,41496,1,-2,-4,-33,27,-2044
3576945038,41496,3,-2,-6,-33,28,-2041
3576946038,41496,2,-3,-6,-29,17,-2037
3576947038,41496,2,-2,-2,-31,19,-2044
3576948038,41496,3,-1,-6,-35,21,-2048
3576949038,41496,-1,-2,-3,-27,26,-2038
3576950038,41496,4,-4,-7,-33,21,-2041
3576951038,41496,0,-1,-5,-33,23,-2050
3576952038,41496,5,0,-1,-29,24,-2054
3576953038,41496,-1,-3,-4,-35,28,-2050
3576954038,41496,3,-1,-5,-31,30,-2043
3576955038,41496,1,-2,-2,-33,26,-2038
3576956038,41496,1,-4,-4,-34,20,-2045
3576957038,41496,3,0,-4,-40,23,-2048
3576958038,41496,0,-2,-1,-32,23,-2045
3576959038,41496,1,-1,-3,-36,29,-2040
3576960038,41496,3,-2,-1,-43,25,-2046
3576961038,41496,3,2,-4,-30,27,-2045
3576962038,41496,-3,-4,-2,-33,22,-2047
3576963038,41496,5,-6,-7,-25,22,-2048
3576964038,41496,5,-3,-5,-32,25,-2045
3576965038,41496,3,-2,-3,-34,19,-2037
3576966038,41496,-3,-1,3,-30,25,-2040
3576967038,41496,2,0,-3,-36,27,-2052
3576968038,41496,4,-4,-1,-37,31,-2039
3576969038,41496,2,-2,-3,-38,24,-2041
3576970038,41496,-1,-6,-2,-31,24,-2046
3576971038,41496,4,-1,-6,-33,26,-2042
3576972038,41496,3,-4,-4,-29,25,-2044
3576973038,41496,-1,-3,-9,-34,19,-2040
3576974038,41496,2,-3,-7,-35,23,-2042
3576975038,41496,-1,0,-4,-34,22,-2045
3576976038,41496,3,-4,0,-35,25,-2049
3576977038,41496,-1,-3,-3,-32,25,-2038
3576978038,41496,2,0,-3,-28,24,-2049
3576979038,41496,-1,-3,-3,-34,26,-2044
3576980038,41496,4,-2,-4,-35,24,-2044
3576981038,41496,3,-7,-5,-27,19,-2037
3576982038,41496,1,-2,-3,-36,22,-2047
3576983038,41496,-2,-4,-4,-28,23,-2040
3576984038,41496,-1,-3,2,-31,23,-2041
3576985038,41496,2,-1,-3,-29,23,-2049
3576986038,41496,2,2,-2,-32,36,-2050
3576987038,41496,1,-4,-4,-32,25,-2045
3576988038,41496,2,1,-4,-30,23,-2044
3576989038,41496,1,-1,-2,-36,22,-2047
3576990038,41496,4,-2,-1,-26,23,-2047
3576991038,41496,4,-2,-5,-38,27,-2046
3576992038,41496,5,-5,-4,-37,23,-2042
3576993038,41496,2,-1,-2,-29,24,-2042
3576994038,41496,3,-1,-2,-29,18,-2042
3576995038,41496,1,0,-1,-28,18,-2049
3576996038,41496,1,-3,-4,-30,25,-2047
3576997038,41496,2,-3,-7,-35,26,-2047
3576998038,41496,1,-3,-6,-28,24,-2050
3576999038,41496,2,0,-5,-34,24,-2047
3577000038,41496,1,-1,-2,-37,32,-2052
3577001038,41496,0,1,-1,-31,26,-2045
3577002038,41496,1,-3,3,-29,23,-2048
3577003038,41496,2,-2,-3,-36,26,-2043
3577004038,41496,3,-1,1,-26,25,-2047
3577005038,41496,0,-2,-3,-31,23,-2039
3577006038,41496,3,-1,0,-39,31,-2038
3577007038,41496,0,-2,-5,-41,21,-2039
3577008038,41496,3,0,-4,-38,18,-2038
3577009038,41496,3,-4,-1,-34,22,-2045
3577010038,41496,2,-2,-3,-32,22,-2048
3577011038,41496,4,-2,-4,-27,27,-2046
3577012038,41496,3,1,-3,-33,26,-2044
3577013038,41496,2,-1,-3,-30,22,-2044
3577014038,41496,-1,-2,-1,-28,30,-2052
3577015038,41496,4,0,-2,-30,24,-2047
3577016038,41496,3,-2,-3,-27,28,-2043
3577017038,41496,0,-1,-5,-30,29,-2043
3577018038,41496,0,-2,-5,-34,29,-2043
3577019038,41496,1,-3,-3,-34,24,-2049
3577020038,41496,0,1,-6,-26,21,-2040
3577021038,41496,8,-4,-7,-35,29,-2035
3577022038,41496,1,2,-4,-31,25,-2053
3577023038,41496,0,-1,-1,-31,25,-2055
3577024038,41496,3,-3,-2,-37,24,-2043
3577025038,41496,5,-5,-4,-28,23,-2040
3577026038,41496,-4,1,-1,-31,27,-2043
3577027038,41496,2,-3,-6,-33,24,-2045
3577028038,41496,0,2,-1,-29,23,-2045
3577029038,41496,3,0,-1,-38,28,-2038
3577030038,41496,2,-2,-6,-32,26,-2033
3577031038,41496,-2,-2,-1,-30,24,-2045
3577032038,41496,2,-6,-3,-34,23,-2047
3577033038,41496,1,-1,-3,-29,25,-2045
3577034038,41496,1,-3,-1,-32,19,-2044
3577035038,41496,2,-4,-3,-30,18,-2047
3577036038,41496,3,0,-5,-34,30,-2037
3577037038,41496,2,-2,-2,-29,23,-2044
3577038038,41496,0,0,-3,-37,24,-2043
3577039038,41496,1,-2,-3,-35,22,-2043
3577040038,41496,3,-5,-1,-32,17,-2040
3577041038,41496,0,5,-2,-37,20,-2045
3577042038,41496,-1,-3,1,-33,25,-2039
3577043038,41496,2,-2,-2,-29,24,-2043
3577044038,41496,1,2,-2,-28,20,-2047
3577045038,41496,0,1,-3,-30,26,-2044
3577046038,41496,3,-1,-4,-35,21,-2042
3577047038,41496,2,-3,-6,-36,21,-2043
3577048038,41496,3,-4,-8,-35,24,-2040
3577049038,41496,3,-1,-1,-35,21,-2044
3577050038,41496,3,-1,-4,-30,26,-2045
3577051038,41496,3,-3,-6,-35,24,-2048
3577052038,41496,5,-4,-3,-25,32,-2048
3577053038,41496,1,-3,-7,-35,26,-2045
3577054038,41496,0,-4,-5,-34,23,-2040
3577055038,41496,2,-3,-5,-37,22,-2047
3577056038,41496,1,-1,-3,-33,25,-2044
3577057038,41496,-1,-1,0,-26,23,-2044
3577058038,41496,0,-2,-5,-32,19,-2041
3577059038,41496,2,-8,-5,-28,16,-2043
3577060038,41496,0,-1,-4,-30,25,-2040
3577061038,41496,0,0,-2,-28,19,-2039
3577062038,41496,3,-5,-4,-33,22,-2047
3577063038,41496,0,0,-1,-36,24,-2045
3577064038,41496,4,-7,-5,-35,19,-2044
3577065038,41496,1,-3,1,-35,23,-2045
3577066038,41496,0,-3,2,-32,23,-2044
3577067038,41496,3,-2,-2,-41,25,-2046
3577068038,41496,3,-2,0,-28,23,-2043
3577069038,41496,1,-2,-5,-31,19,-2047
3577070038,41496,2,-1,-3,-31,26,-2041
3577071038,41496,1,-1,-3,-32,25,-2044
3577072038,41496,2,-3,-1,-29,21,-2045
3577073038,41496,4,-3,-7,-35,22,-2039
3577074038,41496,1,-1,-9,-22,19,-2052
3577075038,41496,0,-2,-6,-33,23,-2041
3577076038,41496,1,2,-2,-29,22,-2042
3577077038,41496,3,-2,-5,-31,21,-2045
3577078038,41496,2,-1,-4,-41,16,-2045
3577079038,41496,2,-1,-5,-33,20,-2047
3577080038,41496,2,-2,-2,-31,21,-2042
3577081038,41496,1,-1,-3,-23,24,-2043
3577082038,41496,1,-2,-4,-28,20,-2044
3577083038,41496,4,-3,-3,-34,29,-2050
3577084038,41496,4,0,-2,-29,22,-2047
3577085038,41496,2,-4,-2,-34,23,-2043
3577086038,41496,3,-4,-3,-31,26,-2046
3577087038,41496,4,-1,-1,-27,22,-2043
3577088038,41496,2,-2,-4,-36,23,-2047
3577089038,41496,3,-4,-3,-38,23,-2049
3577090038,41496,-1,-1,-1,-31,26,-2048
3577091038,41496,4,-6,-3,-29,22,-2038
3577092038,41496,3,-5,-2,-30,27,-2047
3577093038,41496,7,-4,-8,-31,22,-2037
3577094038,41496,0,3,2,-30,22,-2048
3577095038,41496,0,3,-5,-25,24,-2053
3577096038,41496,3,-5,-4,-29,22,-2048
3577097038,41496,4,-5,-4,-26,30,-2038
3577098038,41496,5,-4,-4,-29,28,-2041
3577099038,41496,5,-4,-2,-31,22,-2051
3577100038,41496,3,-5,-1,-27,24,-2045
3577101038,41496,-1,-2,-3,-30,31,-2044
3577102038,41496,2,-4,-5,-34,27,-2045
3577103038,41496,3,-5,-5,-36,29,-2043
3577104038,41496,4,-1,-5,-32,27,-2045
3577105038,41496,4,-3,-2,-37,24,-2042
3577106038,41496,1,-2,-4,-29,25,-2050
3577107038,41496,4,-3,-3,-28,30,-2051
3577108038,41496,1,-2,-4,-26,20,-2040
3577109038,41496,1,-7,-3,-27,28,-2041
3577110038,41496,0,-3,-3,-35,21,-2043
3577111038,41496,0,-3,-2,-39,21,-2048
3577112038,41496,-1,-2,-7,-30,25,-2045
3577113038,41496,2,-2,-3,-41,24,-2051
3577114038,41496,-2,1,-2,-37,24,-2046
3577115038,41496,1,-4,-6,-30,26,-2043
3577116038,41496,3,-6,-4,-34,22,-2049
3577117038,41496,2,-1,-4,-36,23,-2044
3577118038,41496,3,-1,1,-28,18,-2050
3577119038,41496,-2,1,1,-29,27,-2044
3577120038,41496,2,-2,-3,-33,25,-2043
3577121038,41496,4,-2,-2,-34,27,-2042
3577122038,41496,1,-2,-6,-28,27,-2046
3577123038,41496,3,-5,-5,-28,23,-2050
3577124038,41496,4,-3,-6,-29,23,-2050
3577125038,41496,2,-2,-5,-34,22,-2049
3577126038,41496,-1,0,-6,-28,30,-2042
3577127038,41496,0,2,-5,-32,35,-2043
3577128038,41496,2,-1,-5,-35,20,-2042
3577129038,41496,2,1,-2,-29,24,-2043
3577130038,41496,0,-1,-2,-29,26,-2041
3577131038,41496,1,-4,-3,-28,22,-2038
3577132038,41496,0,-2,-1,-40,18,-2038
3577133038,41496,2,-4,-5,-35,21,-2048
3577134038,41496,3,-4,-3,-30,18,-2047
3577135038,41496,2,-4,-5,-35,21,-2048
3577136038,41496,0,-3,-1,-26,22,-2045
3577137038,41496,1,0,-2,-36,27,-2042
3577138038,41496,5,0,-2,-33,23,-2045
3577139038,41496,-1,0,-3,-26,24,-2043
3577140038,41496,3,-2,-2,-32,25,-2048
3577141038,41496,2,0,-1,-35,24,-2041
3577142038,41496,0,-2,-4,-25,23,-2051
3577143038,41496,4,-1,-1,-36,24,-2044
3577144038,41496,2,0,-4,-35,23,-2045
3577145038,41496,2,-1,-5,-33,26,-2048
3577146038,41496,1,-4,-3,-32,26,-2044
3577147038,41496,3,-5,-4,-35,18,-2040
3577148038,41496,3,-3,-5,-32,23,-2042
3577149038,41496,1,-1,-4,-25,21,-2051
3577150038,41496,2,-8,-4,-35,24,-2041
3577151038,41496,5,-2,-5,-34,26,-2041
3577152038,41496,3,-5,-4,-30,25,-2043
3577153038,41496,3,-3,-5,-29,25,-2041
3577154038,41496,-2,0,-1,-32,27,-2047
3577155038,41496,4,-3,-4,-33,29,-2051
3577156038,41496,3,0,1,-34,26,-2041
3577157038,41496,0,1,-2,-30,33,-2045
3577158038,41496,6,-4,-4,-32,21,-2048
3577159038,41496,0,0,-4,-30,17,-2045
3577160038,41496,1,-1,-3,-37,22,-2043
3577161038,41496,1,1,-1,-31,32,-2047
3577162038,41496,3,0,-5,-30,24,-2040
3577163038,41496,7,-4,-5,-33,21,-2042
3577164038,41496,3,-3,-7,-33,21,-2039
3577165038,41496,3,-3,-6,-36,23,-2047
3577166038,41496,3,-4,-7,-37,28,-2046
3577167038,41496,5,-4,-6,-31,25,-2048
3577168038,41496,1,1,-5,-40,21,-2043
3577169038,41496,-2,-4,-8,-31,25,-2050
3577170038,41496,1,1,-5,-38,24,-2047
3577171038,41496,3,-3,-4,-20,23,-2043
3577172038,41496,-2,-2,-2,-28,24,-2046
3577173038,41496,0,-4,-1,-35,18,-2046
3577174038,41496,3,-3,-3,-34,17,-2044
3577175038,41496,0,0,-2,-33,24,-2047
3577176038,41496,0,-2,-5,-35,20,-2048
3577177038,41496,2,2,-1,-34,28,-2041
3577178038,41496,3,-1,-2,-25,22,-2045
3577179038,41496,1,-3,-2,-33,26,-2042
3577180038,41496,4,-4,-6,-28,17,-2044
3577181038,41496,-1,3,-3,-34,28,-2043
3577182038,41496,3,-4,-6,-28,24,-2046
3577183038,41496,1,-4,-6,-29,27,-2054
3577184038,41496,6,-2,-5,-24,25,-2049
3577185038,41496,4,-7,-3,-28,24,-2048
3577186038,41496,-1,5,-4,-38,23,-2042
3577187038,41496,2,-1,-3,-29,22,-2045
3577188038,41496,-1,0,-1,-37,19,-2044
3577189038,41496,2,-2,-5,-34,22,-2046
3577190038,41496,-2,-3,-2,-28,24,-2044
3577191038,41496,3,-3,-2,-30,22,-2047
3577192038,41496,3,1,-2,-31,19,-2045
3577193038,41496,-1,-1,-1,-26,26,-2048
3577194038,41496,-4,0,1,-35,24,-2042
3577195038,41496,3,-4,-3,-38,24,-2049
3577196038,41496,5,-3,-3,-31,18,-2044
3577197038,41496,0,-5,-4,-30,24,-2040
3577198038,41496,1,2,-2,-28,23,-2045
3577199038,41496,3,-2,-4,-33,24,-2048
3577200038,41496,3,-3,-5,-31,22,-2046
3577201038,41496,6,-2,-6,-32,27,-2047
3577202038,41496,2,-4,-8,-31,22,-2046
3577203038,41496,1,-1,-4,-34,26,-2043
3577204038,41496,3,-2,-1,-31,28,-2048
3577205038,41496,0,-1,-2,-37,27,-2042
3577206038,41496,4,-2,-2,-25,27,-2053
3577207038,41496,1,0,-3,-32,21,-2050
3577208038,41496,1,-2,-3,-27,20,-2049
3577209038,41496,0,0,-3,-32,23,-2046
3577210038,41496,-1,-3,-3,-38,26,-2039
3577211038,41496,4,-4,-8,-30,25,-2048
3577212038,41496,0,-1,-5,-32,21,-2047
3577213038,41496,1,-3,-2,-35,25,-2042
3577214038,41496,4,-6,-4,-29,20,-2055
3577215038,41496,2,0,-4,-36,25,-2044
3577216038,41496,4,-1,-2,-35,21,-2052
3577217038,41496,-1,1,-1,-25,27,-2039
3577218038,41496,3,-1,-5,-33,16,-2039
3577219038,41496,-1,-2,-4,-35,27,-2053
3577220038,41496,-3,1,0,-30,18,-2055
3577221038,41496,2,-3,-4,-32,34,-2044
3577222038,41496,2,-2,-6,-29,21,-2035
3577223038,41496,4,-2,-3,-31,27,-2044
3577224038,41496,3,-3,-6,-36,21,-2046
3577225038,41496,2,-4,-5,-30,24,-2042
3577226038,41496,3,-4,-2,-28,24,-2044
3577227038,41496,2,-3,-9,-31,28,-2040
3577228038,41496,0,1,-3,-26,31,-2045
3577229038,41496,-2,0,-2,-31,28,-2047
3577230038,41496,2,-5,-2,-32,33,-2044
3577231038,41496,4,-1,-3,-30,29,-2043
3577232038,41496,0,0,-2,-39,27,-2042
3577233038,41496,0,-2,-2,-26,28,-2041
3577234038,41496,0,-1,-4,-27,22,-2042
3577235038,41496,5,-3,-3,-29,21,-2045
3577236038,41496,1,0,-3,-34,26,-2051
3577237038,41496,3,-3,-5,-24,25,-2043
3577238038,41496,3,-6,-6,-35,22,-2050
3577239038,41496,2,-1,-6,-30,25,-2045
3577240038,41496,3,-5,-8,-28,26,-2046
3577241038,41496,-1,-2,-1,-30,24,-2039
3577242038,41496,-1,-1,0,-30,30,-2043
3577243038,41496,1,-5,-2,-31,18,-2042
3577244038,41496,1,-6,-1,-28,27,-2047
3577245038,41496,1,-1,-5,-32,22,-2042
3577246038,41496,3,-1,-2,-36,21,-2039
3577247038,41496,0,2,-3,-34,21,-2041
3577248038,41496,2,-2,-6,-29,30,-2037
3577249038,41496,1,-1,-5,-30,18,-2041
3577250038,41496,3,0,-1,-40,19,-2043
3577251038,41496,4,-4,-2,-33,21,-2042
3577252038,41496,3,-2,-5,-34,21,-2042
3577253038,41496,4,-3,-5,-34,28,-2049
3577254038,41496,3,2,-6,-31,22,-2041
3577255038,41496,-1,-2,-4,-33,23,-2040
3577256038,41496,-1,0,-3,-29,19,-2048
3577257038,41496,5,-4,-4,-37,28,-2043
3577258038,41496,4,-2,-7,-35,24,-2043
3577259038,41496,1,-3,2,-37,19,-2039
3577260038,41496,2,-3,-2,-33,28,-2040
3577261038,41496,1,-1,-1,-37,15,-2042
3577262038,41496,2,-3,-6,-37,23,-2043
3577263038,41496,0,6,-1,-37,24,-2041
3577264038,41496,5,-1,-8,-35,24,-2045
3577265038,41496,4,-3,-3,-34,20,-2046
3577266038,41496,-2,-3,-7,-30,24,-2045
3577267038,41496,1,-2,-2,-35,24,-2053
3577268038,41496,2,-2,-4,-35,29,-2051
3577269038,41496,2,-1,-4,-34,22,-2041
3577270038,41496,3,-2,-2,-35,27,-2045
3577271038,41496,3,-5,-3,-33,24,-2052
3577272038,41496,2,-6,-3,-39,20,-2038
3577273038,41496,4,-1,-2,-29,15,-2045
3577274038,41496,4,-2,-5,-37,19,-2050
3577275038,41496,5,-4,-5,-38,21,-2054
3577276038,41496,-3,-2,-3,-34,22,-2053
3577277038,41496,2,-2,-9,-33,19,-2049
3577278038,41496,6,-3,-5,-34,17,-2043
3577279038,41496,3,-3,-1,-36,26,-2042
3577280038,41496,4,-2,-1,-42,28,-2043
3577281038,41496,0,-1,-3,-28,28,-2039
3577282038,41496,3,0,1,-30,32,-2043
3577283038,41496,5,-5,-5,-39,21,-2039
3577284038,41496,-1,1,-2,-38,19,-2045
3577285038,41496,-1,-2,-4,-41,24,-2040
3577286038,41496,0,-3,-2,-35,24,-2042
3577287038,41496,-2,-2,-1,-31,25,-2046
3577288038,41496,2,0,-4,-29,19,-2044
3577289038,41496,3,-2,-2,-26,22,-2045
3577290038,41496,2,-1,-5,-37,19,-2041
3577291038,41496,-1,-4,-1,-29,22,-2040
3577292038,41496,-2,-4,-1,-32,22,-2047
3577293038,41496,4,-4,-3,-35,34,-2040
3577294038,41496,1,-1,-4,-28,21,-2048
3577295038,41496,-1,-3,-4,-33,21,-2047
3577296038,41496,-1,2,0,-39,28,-2042
3577297038,41496,4,-2,-4,-36,19,-2045
3577298038,41496,3,-2,-3,-36,23,-2041
3577299038,41496,3,0,-3,-34,21,-2052
3577300038,41496,3,-6,-1,-36,24,-2051
3577301038,41496,-1,-1,-2,-28,29,-2040
3577302038,41496,-2,-5,1,-26,29,-2046
3577303038,41496,2,-2,-3,-39,20,-2044
3577304038,41496,0,-3,0,-29,30,-2045
3577305038,41496,4,-7,-3,-34,21,-2040
3577306038,41496,-2,-1,-1,-34,17,-2036
3577307038,41496,3,-2,-7,-30,30,-2036
3577308038,41496,0,-1,-4,-25,25,-2052
3577309038,41496,5,-2,-3,-33,28,-2051
3577310038,41496,3,-5,-6,-33,26,-2045
3577311038,41496,4,-3,-4,-27,22,-2042
3577312038,41496,0,-6,-7,-22,22,-2043
3577313038,41496,2,-5,-6,-41,24,-2039
3577314038,41496,-1,-2,-1,-36,18,-2048
3577315038,41496,3,-3,-2,-27,29,-2047
3577316038,41496,0,-3,-1,-30,20,-2043
3577317038,41496,-2,2,-2,-35,23,-2051
3577318038,41496,5,-7,-6,-34,21,-2051
3577319038,41496,3,-1,0,-30,24,-2036
3577320038,41496,3,-1,-4,-24,31,-2041
3577321038,41496,1,-1,-3,-28,16,-2043
3577322038,41496,2,-2,-3,-39,27,-2050
3577323038,41496,2,-5,-7,-37,24,-2049
3577324038,41496,6,-6,-5,-35,19,-2051
3577325038,41496,0,0,-4,-25,26,-2046
3577326038,41496,2,-1,-6,-28,25,-2048
3577327038,41496,3,-2,-4,-28,23,-2046
3577328038,41496,0,-2,-4,-37,25,-2050
3577329038,41496,4,-3,-3,-36,28,-2042
3577330038,41496,3,-1,-2,-30,22,-2054
3577331038,41496,0,-3,-7,-36,31,-2043
3577332038,41496,2,-7,-2,-31,24,-2042
3577333038,41496,3,-3,-2,-32,24,-2042
3577334038,41496,1,-4,-3,-33,22,-2049
3577335038,41496,-1,-1,-3,-31,30,-2051
3577336038,41496,2,0,-2,-29,16,-2052
3577337038,41496,1,-4,-5,-32,27,-2043
3577338038,41496,2,0,-1,-35,30,-2037
3577339038,41496,1,-6,-4,-29,21,-2043
3577340038,41496,4,-2,-3,-33,19,-2046
3577341038,41496,0,0,-1,-29,24,-2048
3577342038,41496,5,-8,-3,-28,21,-2037
3577343038,41496,-1,-2,2,-32,17,-2041
3577344038,41496,0,-3,-3,-35,32,-2041
3577345038,41496,3,-5,-3,-43,29,-2046
3577346038,41496,1,0,-2,-34,19,-2044
3577347038,41496,0,-3,-2,-31,21,-2038
3577348038,41496,3,-3,-2,-33,21,-2044
3577349038,41496,-2,-2,0,-32,23,-2036
3577350038,41496,4,-4,-4,-27,23,-2038
3577351038,41496,3,-5,-2,-30,27,-2048
3577352038,41496,0,-4,-2,-29,24,-2046
3577353038,41496,5,-6,-5,-36,29,-2044
3577354038,41496,4,-2,-4,-33,26,-2046
3577355038,41496,1,0,-4,-28,20,-2043
3577356038,41496,3,-5,-8,-29,24,-2045
3577357038,41496,4,0,-5,-31,27,-2041
3577358038,41496,2,0,-2,-30,23,-2043
3577359038,41496,4,-2,-3,-33,19,-2041
3577360038,41496,3,-2,-2,-30,30,-2040
3577361038,41496,-1,-2,1,-35,22,-2045
3577362038,41496,2,-4,-2,-28,25,-2045
3577363038,41496,3,-3,-1,-34,27,-2039
3577364038,41496,4,-5,-4,-36,29,-2045
3577365038,41496,5,-1,-4,-33,29,-2043
3577366038,41496,7,-6,-3,-24,23,-2044
3577367038,41496,1,2,1,-27,28,-2045
3577368038,41496,3,-4,-1,-34,25,-2044
3577369038,41496,4,-6,-5,-28,28,-2035
3577370038,41496,5,-3,-2,-35,25,-2045
3577371038,41496,0,-1,-5,-30,31,-2042
3577372038,41496,4,-5,-4,-35,19,-2037
3577373038,41496,1,-1,-3,-35,25,-2037
3577374038,41496,3,-2,-3,-27,22,-2042
3577375038,41496,3,-2,-6,-34,19,-2048
3577376038,41496,1,-1,-4,-27,25,-2044
3577377038,41496,3,-5,-5,-29,29,-2049
3577378038,41496,-1,-1,-1,-36,29,-2044
3577379038,41496,0,-3,-2,-34,18,-2042
3577380038,41496,4,-1,-4,-34,20,-2047
3577381038,41496,3,-1,-4,-29,16,-2046
3577382038,41496,3,-4,-3,-31,28,-2044
3577383038,41496,2,-1,-5,-31,25,-2044
3577384038,41496,1,-2,-1,-35,19,-2052
3577385038,41496,4,-6,-5,-39,24,-2046
3577386038,41496,3,-2,-7,-29,26,-2048
3577387038,41496,3,-1,-4,-27,28,-2047
3577388038,41496,3,-3,-4,-33,26,-2046
3577389038,41496,3,-2,-1,-36,22,-2042
3577390038,41496,0,-5,-6,-38,21,-2040
3577391038,41496,5,3,-3,-36,33,-2056
3577392038,41496,-1,-1,-6,-33,24,-2048
3577393038,41496,3,-3,-2,-37,28,-2041
3577394038,41496,2,-1,-4,-34,28,-2042
3577395038,41496,3,-2,-4,-37,21,-2052
3577396038,41496,5,-2,-6,-40,25,-2043
3577397038,41496,2,-5,-5,-29,24,-2046
3577398038,41496,5,-7,-3,-31,20,-2048
3577399038,41496,6,-6,-4,-24,30,-2050
3577400038,41496,4,-5,-3,-33,24,-2040
3577401038,41496,3,3,-3,-33,26,-2045
3577402038,41496,1,-1,-4,-29,19,-2045
3577403038,41496,4,-4,-4,-32,19,-2038
3577404038,41496,2,-1,-5,-30,21,-2047
3577405038,41496,2,-4,-5,-32,15,-2042
3577406038,41496,5,-5,-9,-38,17,-2044
3577407038,41496,3,-5,-7,-31,23,-2040
3577408038,41496,3,-2,0,-34,28,-2042
3577409038,41496,4,-1,-2,-30,26,-2047
3577410038,41496,1,1,-1,-32,23,-2045
3577411038,41496,1,-2,-5,-28,30,-2039
3577412038,41496,-1,1,0,-29,22,-2041
3577413038,41496,2,-1,-5,-28,25,-2046
3577414038,41496,2,-2,-5,-28,30,-2036
3577415038,41496,1,-1,-4,-31,22,-2048
3577416038,41496,2,-1,-3,-37,27,-2041
3577417038,41496,4,-3,-5,-31,26,-2049
3577418038,41496,6,-7,-3,-39,27,-2045
3577419038,41496,-4,2,-3,-29,22,-2041
3577420038,41496,3,-3,-4,-36,21,-2046
3577421038,41496,3,-1,-1,-30,15,-2057
3577422038,41496,0,0,-5,-29,22,-2041
3577423038,41496,0,-4,-2,-30,23,-2047
3577424038,41496,1,-3,-5,-36,26,-2043
3577425038,41496,2,-1,-6,-35,26,-2046
3577426038,41496,2,0,-3,-40,18,-2051
3577427038,41496,3,-4,-4,-34,24,-2044
3577428038,41496,4,-3,-4,-38,26,-2048
3577429038,41496,2,-3,-2,-28,21,-2043
3577430038,41496,4,-3,-3,-35,23,-2041
3577431038,41496,-1,-1,-3,-35,29,-2041
3577432038,41496,3,-2,-3,-35,19,-2045
3577433038,41496,0,3,0,-31,26,-2047
3577434038,41496,4,-3,-4,-31,17,-2045
3577435038,41496,1,-5,-3,-24,27,-2042
3577436038,41496,3,-4,-4,-38,24,-2047
3577437038,41496,4,-3,-4,-30,17,-2043
3577438038,41496,2,-4,-2,-30,26,-2039
3577439038,41496,3,-5,-3,-37,26,-2050
3577440038,41496,2,-2,-4,-30,22,-2042
3577441038,41496,5,-4,-2,-39,14,-2044
3577442038,41496,3,-1,-5,-28,22,-2041
3577443038,41496,1,-3,0,-37,29,-2043
3577444038,41496,1,-1,-2,-27,31,-2041
3577445038,41496,0,-1,-5,-37,23,-2037
3577446038,41496,2,-3,-6,-35,27,-2045
3577447038,41496,5,-4,-6,-31,22,-2044
3577448038,41496,3,-1,-4,-33,22,-2048
3577449038,41496,-1,-3,-4,-34,23,-2040
3577450038,41496,0,-1,-3,-33,25,-2053
3577451038,41496,0,-4,-4,-41,24,-2041
3577452038,41496,3,-3,-3,-32,25,-2039
3577453038,41496,1,2,0,-33,26,-2035
3577454038,41496,0,-3,-4,-32,19,-2047
3577455038,41496,2,-1,1,-32,24,-2042
3577456038,41496,3,0,-3,-29,18,-2037
3577457038,41496,2,-4,-1,-29,29,-2042
3577458038,41496,3,-1,-2,-39,25,-2045
3577459038,41496,8,-2,-6,-25,21,-2043
3577460038,41496,-2,-2,-3,-35,24,-2035
3577461038,41496,0,0,-4,-35,25,-2041
3577462038,41496,1,-2,-5,-32,26,-2050
3577463038,41496,2,0,-6,-31,24,-2043
3577464038,41496,4,0,-2,-35,25,-2043
3577465038,41496,3,-2,-5,-33,20,-2039
3577466038,41496,5,-2,-3,-29,14,-2044
3577467038,41496,0,-1,-5,-34,22,-2046
3577468038,41496,1,0,-2,-36,21,-2048
3577469038,41496,4,-5,-5,-30,22,-2045
3577470038,41496,3,-1,-2,-36,29,-2046
3577471038,41496,2,-5,-1,-30,22,-2038
3577472038,41496,-1,-2,-1,-33,22,-2046
3577473038,41496,0,-1,-3,-32,15,-2046
3577474038,41496,4,-1,-3,-36,28,-2040
3577475038,41496,6,0,-6,-37,22,-2039
3577476038,41496,0,-7,-4,-38,22,-2037
3577477038,41496,0,-1,-7,-34,24,-2040
3577478038,41496,4,0,0,-32,28,-2045
3577479038,41496,3,-5,-3,-27,26,-2050
3577480038,41496,-1,-1,-1,-32,23,-2041
3577481038,41496,2,-4,-4,-34,27,-2043
3577482038,41496,2,-5,-3,-31,21,-2040
3577483038,41496,3,-1,-2,-29,33,-2045
3577484038,41496,4,-2,-3,-35,24,-2048
3577485038,41496,2,0,-5,-33,25,-2038
3577486038,41496,3,-1,-6,-35,24,-2049
3577487038,41496,0,-4,-4,-30,23,-2046
3577488038,41496,2,0,-3,-36,23,-2048
3577489038,41496,0,-4,-7,-36,23,-2049
3577490038,41496,3,-4,-4,-27,18,-2046
3577491038,41496,1,-1,-5,-41,28,-2044
3577492038,41496,4,-3,-1,-35,25,-2040
3577493038,41496,5,-3,-3,-32,35,-2039
3577494038,41496,1,-3,-5,-36,22,-2049
3577495038,41496,1,-1,-3,-32,24,-2048
3577496038,41496,3,-6,-4,-33,23,-2051
3577497038,41496,3,-1,-1,-33,16,-2050
3577498038,41496,0,-1,-4,-29,29,-2045
3577499038,41496,0,0,-3,-29,38,-2041
3577500038,41496,1,0,-4,-30,20,-2040
3577501038,41496,3,-1,-3,-32,24,-2043
3577502038,41496,0,-4,-4,-33,27,-2046
3577503038,41496,4,-3,-6,-33,21,-2048
3577504038,41496,0,0,-3,-38,25,-2043
3577505038,41496,5,-2,-1,-31,25,-2039
3577506038,41496,2,-2,-5,-38,30,-2045
3577507038,41496,2,-5,-5,-30,24,-2046
3577508038,41496,5,-5,-6,-36,23,-2042
3577509038,41496,-4,0,-2,-26,25,-2046
3577510038,41496,5,-2,-2,-34,21,-2048
3577511038,41496,4,-5,-1,-30,23,-2045
3577512038,41496,1,0,-4,-33,22,-2040
3577513038,41496,5,-4,-1,-25,25,-2050
3577514038,41496,1,-3,-2,-31,18,-2036
3577515038,41496,0,-2,-4,-36,25,-2040
3577516038,41496,3,-2,-6,-35,23,-2049
3577517038,41496,1,-1,-1,-28,30,-2048
3577518038,41496,5,-2,-3,-32,23,-2038
3577519038,41496,1,-2,-4,-30,23,-2045
3577520038,41496,3,-3,-4,-31,27,-2043
3577521038,41496,3,-5,-3,-34,24,-2043
3577522038,41496,2,-4,-3,-30,18,-2049
3577523038,41496,0,-3,-3,-33,29,-2041
3577524038,41496,3,-3,-5,-32,26,-2044
3577525038,41496,1,-1,-5,-35,24,-2045
3577526038,41496,3,-2,-2,-32,25,-2047
3577527038,41496,4,-4,-5,-35,30,-2045
3577528038,41496,-1,-3,-2,-38,21,-2046
3577529038,41496,2,-2,-4,-35,20,-2045
3577530038,41496,0,0,-6,-27,28,-2042
3577531038,41496,-1,-1,-4,-31,19,-2037
3577532038,41496,4,-6,-5,-32,23,-2048
3577533038,41496,0,0,0,-31,28,-2043
3577534038,41496,4,-6,-3,-33,24,-2046
3577535038,41496,4,-3,-2,-32,25,-2046
3577536038,41496,1,0,-1,-37,25,-2050
3577537038,41496,2,-3,-2,-31,19,-2050
3577538038,41496,2,1,-4,-27,33,-2047
3577539038,41496,-1,0,-4,-32,22,-2039
3577540038,41496,1,-4,-3,-32,27,-2052
3577541038,41496,1,-1,-4,-30,18,-2043
3577542038,41496,-1,-2,-4,-37,27,-2043
3577543038,41496,1,-5,-4,-28,26,-2044
3577544038,41496,2,-2,-4,-40,22,-2046
3577545038,41496,1,-1,0,-32,21,-2040
3577546038,41496,1,-1,-2,-38,28,-2047
3577547038,41496,2,-1,-1,-35,32,-2051
3577548038,41496,-1,-6,-4,-27,23,-2036
3577549038,41496,4,-5,-4,-34,22,-2046
3577550038,41496,4,-3,-9,-30,27,-2049
3577551038,41496,2,-2,-2,-30,23,-2043
3577552038,41496,7,-3,-5,-33,28,-2043
3577553038,41496,4,-5,-6,-40,27,-2042
3577554038,41496,2,-3,-4,-31,18,-2042
3577555038,41496,2,-1,-1,-33,29,-2048
3577556038,41496,-1,-1,-7,-28,22,-2043
3577557038,41496,3,-1,-3,-35,23,-2047
3577558038,41496,5,0,-4,-28,26,-2047
3577559038,41496,2,-6,-2,-36,25,-2044
3577560038,41496,3,0,-3,-28,24,-2045
3577561038,41496,3,-5,-2,-32,20,-2041
3577562038,41496,4,-6,-6,-34,21,-2049
3577563038,41496,-2,1,1,-30,22,-2052
3577564038,41496,2,-2,-7,-34,25,-2045
3577565038,41496,3,-3,-2,-46,20,-2044
3577566038,41496,2,-4,-2,-35,23,-2046
3577567038,41496,5,-7,-7,-32,22,-2046
3577568038,41496,-1,0,-5,-32,28,-2044
3577569038,41496,1,-3,-4,-31,29,-2039
3577570038,41496,3,-1,-7,-41,23,-2041
3577571038,41496,1,1,-5,-33,24,-2043
3577572038,41496,0,0,-5,-30,17,-2037
3577573038,41496,0,-6,-3,-35,24,-2042
3577574038,41496,-1,0,-5,-36,27,-2044
3577575038,41496,2,-6,-4,-32,28,-2048
3577576038,41496,1,-5,-4,-35,23,-2041
3577577038,41496,5,-5,-5,-34,18,-2042
3577578038,41496,4,-3,-2,-37,27,-2044
3577579038,41496,3,0,-3,-32,16,-2048
3577580038,41496,4,0,-1,-33,21,-2039
3577581038,41496,8,-3,-1,-29,27,-2043
3577582038,41496,1,-3,-3,-35,27,-2043
3577583038,41496,1,0,-2,-30,26,-2040
3577584038,41496,3,-3,-2,-32,16,-2036
3577585038,41496,3,-2,-1,-37,27,-2047
3577586038,41496,2,-1,-2,-31,32,-2044
3577587038,41496,1,-2,-3,-35,25,-2039
3577588038,41496,4,-2,-2,-34,28,-2040
3577589038,41496,2,0,0,-36,24,-2049
3577590038,41496,5,0,-5,-34,29,-2038
3577591038,41496,3,-3,-2,-25,20,-2042
3577592038,41496,0,-2,-3,-31,20,-2041
3577593038,41496,0,-2,-4,-27,28,-2052
3577594038,41496,4,-3,-7,-33,25,-2038
3577595038,41496,4,-3,-7,-34,27,-2048
3577596038,41496,6,-5,-6,-28,20,-2040
3577597038,41496,1,-2,-4,-27,16,-2051
3577598038,41496,2,-2,0,-36,24,-2049
3577599038,41496,2,-2,-3,-30,30,-2047
3577600038,41496,4,-1,-1,-31,23,-2050
3577601038,41496,1,-3,-1,-31,14,-2050
3577602038,41496,1,-2,-2,-37,24,-2047
3577603038,41496,2,-3,-4,-29,21,-2044
3577604038,41496,4,-4,-4,-35,18,-2043
3577605038,41496,-1,-2,1,-31,25,-2041
3577606038,41496,3,-2,-5,-30,22,-2048
3577607038,41496,1,-4,-2,-28,24,-2045
3577608038,41496,0,-2,-5,-35,22,-2045
3577609038,41496,4,-7,-5,-31,29,-2046
3577610038,41496,7,-5,-3,-26,21,-2045
3577611038,41496,4,2,0,-31,18,-2047
3577612038,41496,1,-3,-1,-30,26,-2046
3577613038,41496,0,0,-5,-35,25,-2046
3577614038,41496,2,-4,-5,-38,21,-2042
3577615038,41496,-1,-2,-4,-28,26,-2040
3577616038,41496,2,-4,-6,-28,24,-2046
3577617038,41496,4,-6,-7,-28,24,-2048
3577618038,41496,2,-2,-2,-33,26,-2045
3577619038,41496,2,-2,-4,-40,30,-2043
3577620038,41496,4,-2,-2,-26,26,-2041
3577621038,41496,3,-6,-5,-31,22,-2041
3577622038,41496,1,-3,-1,-34,25,-2039
3577623038,41496,2,-4,-4,-27,22,-2048
3577624038,41496,3,-3,-7,-26,24,-2044
3577625038,41496,1,-1,-3,-32,25,-2044
3577626038,41496,2,-2,-5,-36,22,-2043
3577627038,41496,1,-2,-3,-31,29,-2045
3577628038,41496,4,-2,-3,-27,27,-2041
3577629038,41496,3,-1,-5,-32,25,-2045
3577630038,41496,1,-2,-4,-28,20,-2042
3577631038,41496,2,-4,-2,-35,25,-2045
3577632038,41496,2,-1,-3,-36,20,-2034
3577633038,41496,0,-3,-4,-29,26,-2043
3577634038,41496,1,-3,0,-33,23,-2046
3577635038,41496,4,-2,-6,-30,22,-2048
3577636038,41496,4,-3,-2,-27,24,-2052
3577637038,41496,5,-3,-3,-32,21,-2051
3577638038,41496,0,-1,-1,-29,25,-2047
3577639038,41496,2,-4,-2,-28,23,-2053
3577640038,41496,2,-2,-1,-30,25,-2040
3577641038,41496,1,-3,-3,-40,29,-2041
3577642038,41496,3,-3,-4,-32,20,-2040
3577643038,41496,-2,-3,-5,-33,28,-2044
3577644038,41496,3,-2,-2,-38,28,-2043
3577645038,41496,4,-1,-5,-27,25,-2035
3577646038,41496,3,-2,-2,-31,21,-2039
3577647038,41496,0,-1,-5,-23,27,-2044
3577648038,41496,2,-1,-6,-34,20,-2046
3577649038,41496,5,-5,-5,-31,27,-2035
3577650038,41496,2,-7,-2,-33,27,-2040
3577651038,41496,2,-2,-2,-32,27,-2040
3577652038,41496,0,0,-4,-21,18,-2045
3577653038,41496,1,-3,-1,-35,23,-2045
3577654038,41496,1,2,-2,-32,18,-2046
3577655038,41496,3,-1,-2,-35,25,-2049
3577656038,41496,1,-3,-6,-28,20,-2044
3577657038,41496,1,-2,1,-34,25,-2045
3577658038,41496,0,-1,-3,-36,22,-2045
3577659038,41496,0,-1,-2,-35,21,-2044
3577660038,41496,1,-3,-2,-30,20,-2044
3577661038,41496,3,-1,-3,-32,27,-2038
3577662038,41496,3,0,0,-27,29,-2049
3577663038,41496,2,-3,-6,-26,22,-2046
3577664038,41496,3,0,-3,-31,21,-2043
3577665038,41496,1,-3,-4,-32,21,-2045
3577666038,41496,4,-4,-3,-38,15,-2051
3577667038,41496,3,-1,-4,-31,29,-2043
3577668038,41496,2,-2,-2,-35,21,-2043
3577669038,41496,1,-6,-4,-35,31,-2043
3577670038,41496,-1,2,-3,-30,31,-2045
3577671038,41496,0,-4,-7,-41,29,-2044
3577672038,41496,-1,-1,-4,-39,18,-2047
3577673038,41496,6,-7,-6,-31,24,-2053
3577674038,41496,2,-2,-4,-39,21,-2036
3577675038,41496,-3,1,1,-36,18,-2041
3577676038,41496,5,-5,-5,-25,25,-2046
3577677038,41496,4,-7,-5,-30,27,-2048
3577678038,41496,4,-5,-6,-36,29,-2045
3577679038,41496,0,-4,0,-35,27,-2044
3577680038,41496,1,-3,-3,-26,26,-2038
3577681038,41496,2,-3,-2,-43,31,-2047
3577682038,41496,4,-1,-2,-38,21,-2046
3577683038,41496,3,-3,-3,-30,26,-2047
3577684038,41496,2,-1,-4,-34,29,-2049
3577685038,41496,1,-5,-3,-34,26,-2046
3577686038,41496,-1,-1,-2,-28,25,-2043
3577687038,41496,4,-5,-4,-36,27,-2045
3577688038,41496,5,-3,-2,-31,25,-2046
3577689038,41496,3,-2,-4,-34,18,-2041
3577690038,41496,3,-1,-4,-30,23,-2048
3577691038,41496,1,0,-2,-36,15,-2048
3577692038,41496,4,-3,-3,-29,18,-2046
3577693038,41496,0,-1,-6,-32,23,-2037
3577694038,41496,3,-3,-1,-25,21,-2050
3577695038,41496,4,-6,-3,-28,28,-2043
3577696038,41496,4,-3,-4,-33,25,-2049
3577697038,41496,2,-5,-6,-17,21,-2045
3577698038,41496,1,-2,-4,-27,14,-2038
3577699038,41496,0,-3,0,-27,28,-2050
3577700038,41496,5,-4,-4,-29,18,-2047
3577701038,41496,0,-1,-3,-35,26,-2044
3577702038,41496,0,-3,-4,-36,22,-2041
3577703038,41496,6,-2,-4,-25,29,-2047
3577704038,41496,3,-2,-5,-31,30,-2039
3577705038,41496,3,1,-5,-41,25,-2047
3577706038,41496,1,-3,-2,-30,26,-2033
3577707038,41496,2,-1,-5,-30,16,-2035
3577708038,41496,7,-6,-5,-31,26,-2039
3577709038,41496,-1,-3,-1,-34,31,-2039
3577710038,41496,2,-2,-5,-25,32,-2048
3577711038,41496,0,0,-4,-31,19,-2037
3577712038,41496,-1,-3,-4,-33,21,-2042
3577713038,41496,3,0,-3,-26,23,-2047
3577714039,41496,4,-5,-2,-35,23,-2051
3577715038,41496,5,-1,-1,-32,29,-2046
3577716040,41496,1,-4,0,-33,25,-2044
3577717038,41496,3,-1,-3,-37,21,-2037
3577718038,41496,0,-1,-4,-31,22,-2050
3577719038,41496,1,-3,-1,-29,31,-2045
3577720038,41496,3,-4,-5,-29,26,-2049
3577721038,41496,0,1,-3,-30,29,-2052
3577722038,41496,0,-3,-3,-33,23,-2047
3577723038,41496,5,-2,-4,-25,26,-2043
3577724038,41496,4,-4,-5,-32,20,-2045
3577725038,41496,-3,-1,-4,-34,27,-2041
3577726038,41496,-1,-1,-4,-30,27,-2047
3577727038,41496,3,-3,-7,-37,22,-2046
3577728038,41496,1,0,-1,-31,29,-2039
3577729038,41496,0,-1,-4,-35,23,-2036
3577730038,41496,1,-5,-7,-32,22,-2039
3577731038,41496,3,-3,-2,-39,22,-2039
3577732038,41496,-2,-3,-2,-39,23,-2040
3577733038,41496,3,-2,-5,-31,23,-2041
3577734038,41496,1,1,-2,-25,21,-2045
3577735038,41496,3,-5,-1,-34,28,-2048
3577736038,41496,-1,-5,-7,-33,27,-2045
3577737038,41496,3,-2,1,-31,24,-2050
3577738038,41496,0,0,0,-29,23,-2046
3577739038,41496,1,0,-5,-37,25,-2049
3577740038,41496,1,-3,-1,-38,31,-2054
3577741038,41496,3,-4,-2,-24,26,-2045
3577742038,41496,6,-5,-7,-32,28,-2038
3577743038,41496,2,1,-3,-39,18,-2043
3577744038,41496,5,-1,-5,-23,18,-2040
3577745038,41496,0,-1,-1,-27,20,-2043
3577746038,41496,2,-4,-7,-32,22,-2047
3577747038,41496,4,-4,-4,-42,19,-2051
3577748038,41496,0,-4,0,-40,28,-2047
3577749038,41496,3,-7,-8,-36,27,-2049
3577750038,41496,-5,1,-2,-33,28,-2048
3577751038,41496,4,-2,-3,-26,20,-2050
3577752038,41496,3,-2,-4,-31,22,-2041
3577753038,41496,2,-1,-5,-32,25,-2047
3577754038,41496,-1,-2,-1,-34,24,-2045
3577755038,41496,2,-2,0,-25,21,-2042
3577756038,41496,4,-5,-4,-31,27,-2042
3577757038,41496,0,-1,-1,-36,29,-2045
3577758038,41496,-4,0,0,-28,19,-2034
3577759038,41496,-2,-2,-1,-30,24,-2046
3577760038,41496,5,-2,-8,-38,23,-2044
3577761038,41496,0,1,0,-33,15,-2048
3577762038,41496,5,-3,-2,-24,31,-2042
3577763038,41496,-2,-5,-2,-31,20,-2052
3577764038,41496,5,-5,-3,-28,20,-2047
3577765038,41496,5,-3,-6,-25,24,-2040
3577766038,41496,0,-2,-3,-31,25,-2037
3577767038,41496,0,-3,-1,-40,23,-2045
3577768038,41496,1,-1,-5,-24,22,-2044
3577769038,41496,2,-1,-3,-39,20,-2042
3577770038,41496,4,-1,-3,-29,31,-2043
3577771038,41496,2,-4,-6,-26,30,-2041
3577772038,41496,4,-2,-5,-23,24,-2045
3577773038,41496,3,-5,-4,-33,23,-2042
3577774038,41496,3,0,-3,-32,21,-2049
3577775038,41496,0,-2,-3,-36,19,-2056
3577776038,41496,0,-4,-4,-37,25,-2042
3577777038,41496,-1,-2,0,-29,23,-2044
3577778038,41496,5,-4,-2,-33,21,-2050
3577779038,41496,0,-2,-2,-33,19,-2047
3577780038,41496,1,-2,-5,-33,28,-2047
3577781038,41496,5,-4,-3,-29,17,-2046
3577782038,41496,1,-2,-3,-36,23,-2049
3577783038,41496,3,-4,-4,-26,36,-2041
3577784038,41496,0,1,-2,-38,25,-2043
3577785038,41496,1,1,-3,-37,23,-2047
3577786038,41496,3,-2,0,-35,22,-2037
3577787038,41496,0,-1,-3,-30,24,-2043
3577788038,41496,3,-4,-4,-32,30,-2044
3577789038,41496,1,-1,-4,-32,25,-2042
3577790038,41496,5,-3,-2,-27,17,-2046
3577791038,41496,2,-4,-2,-34,28,-2045
3577792038,41496,4,-4,-6,-36,21,-2045
3577793038,41496,0,-3,-3,-33,25,-2045
3577794038,41496,3,-3,-3,-35,23,-2047
3577795038,41496,3,-6,-7,-29,24,-2049
3577796038,41496,2,-1,-4,-31,17,-2046
3577797038,41496,3,-3,-3,-27,19,-2046
3577798038,41496,1,-3,-4,-33,24,-2046
3577799038,41496,3,-6,-7,-31,21,-2041
3577800038,41496,3,-5,-7,-36,23,-2038
3577801038,41496,1,-3,-4,-28,29,-2049
3577802038,41496,5,0,-1,-26,22,-2044
3577803038,41496,2,-5,-3,-34,22,-2041
3577804038,41496,3,-6,-5,-35,21,-2047
3577805038,41496,4,-4,-4,-31,23,-2042
3577806038,41496,3,-2,-5,-33,31,-2039
3577807038,41496,2,-1,-4,-35,18,-2044
3577808038,41496,3,-2,-6,-31,15,-2043
3577809038,41496,0,-1,-5,-29,17,-2047
3577810038,41496,1,-1,-5,-35,21,-2045
3577811038,41496,1,-4,-6,-31,25,-2045
3577812038,41496,1,0,-2,-32,24,-2041
3577813038,41496,1,-1,-3,-35,27,-2039
3577814038,41496,-2,0,-2,-32,26,-2050
3577815038,41496,5,-4,-6,-27,30,-2036
3577816038,41496,0,0,-2,-28,25,-2039
3577817038,41496,-1,0,-4,-33,22,-2042
3577818038,41496,2,-2,-6,-33,20,-2039
3577819038,41496,2,-3,-2,-33,26,-2049
3577820038,41496,-3,-2,-5,-34,26,-2038
3577821038,41496,2,-2,-4,-31,20,-2042
3577822038,41496,2,-2,-6,-34,24,-2043
3577823038,41496,-2,-2,-3,-27,25,-2044
3577824038,41496,3,0,-7,-28,20,-2052
3577825038,41496,3,-5,-5,-35,24,-2049
3577826038,41496,1,-1,-3,-31,18,-2054
3577827038,41496,-1,-3,-2,-29,32,-2052
3577828038,41496,1,-7,-6,-36,30,-2043
3577829038,41496,6,-1,-2,-25,17,-2038
3577830038,41496,-1,-2,-6,-35,24,-2039
3577831038,41496,0,-2,0,-27,19,-2046
3577832038,41496,0,-4,-1,-39,31,-2044
3577833038,41496,4,-2,-4,-29,21,-2044
3577834038,41496,5,-5,-3,-37,26,-2046
3577835038,41496,-3,-1,-1,-39,18,-2051
3577836038,41496,1,-2,0,-35,15,-2047
3577837038,41496,-1,1,0,-33,20,-2043
3577838038,41496,4,-4,-3,-38,20,-2038
3577839038,41496,-1,2,-2,-29,23,-2042
3577840038,41496,0,1,-2,-26,31,-2037
3577841038,41496,2,-3,-3,-29,23,-2040
3577842038,41496,5,-5,-1,-36,28,-2050
3577843038,41496,4,-3,-2,-29,23,-2036
3577844038,41496,0,1,-4,-33,24,-2037
3577845038,41496,2,-2,-3,-29,30,-2046
3577846038,41496,-3,1,-1,-34,22,-2038
3577847038,41496,1,-2,-5,-31,21,-2050
3577848038,41496,1,-1,-1,-31,18,-2041
3577849038,41496,-1,-1,-3,-38,30,-2046
3577850038,41496,3,0,-4,-35,28,-2042
3577851038,41496,6,-3,-3,-30,32,-2040
3577852038,41496,3,-2,-4,-36,26,-2050
3577853038,41496,1,-6,-4,-29,29,-2048
3577854038,41496,0,-3,-7,-32,26,-2040
3577855038,41496,0,-4,0,-37,17,-2050
3577856038,41496,8,-6,-2,-23,25,-2050
3577857038,41496,-1,0,-4,-38,13,-2048
3577858038,41496,2,-6,-6,-34,23,-2040
3577859038,41496,-1,-1,-2,-38,25,-2046
3577860038,41496,0,1,-3,-34,27,-2040
3577861038,41496,-1,-3,-3,-32,24,-2048
3577862038,41496,4,-1,-2,-33,24,-2041
3577863038,41496,6,-3,-5,-29,18,-2044
3577864038,41496,1,-5,0,-31,20,-2048
3577865038,41496,0,2,-1,-32,22,-2039
3577866038,41496,4,-5,-6,-32,24,-2043
3577867038,41496,1,-4,-3,-28,30,-2040
3577868038,41496,2,-5,-4,-31,20,-2052
3577869038,41496,5,-4,-4,-30,28,-2042
3577870038,41496,2,-2,-1,-28,18,-2048
3577871038,41496,3,-5,-4,-24,18,-2047
3577872038,41496,8,-1,-7,-23,27,-2044
3577873038,41496,2,3,-1,-32,19,-2046
3577874038,41496,3,-4,-6,-29,21,-2050
3577875038,41496,1,-4,-4,-34,19,-2049
3577876038,41496,2,-2,-4,-34,30,-2045
3577877038,41496,-1,-5,-2,-36,18,-2044
3577878038,41496,-1,-5,-7,-32,26,-2043
3577879038,41496,2,-3,-6,-33,23,-2046
3577880038,41496,3,-2,-6,-32,23,-2045
3577881038,41496,0,1,-3,-30,24,-2053
3577882038,41496,3,-6,-8,-33,22,-2050
3577883038,41496,3,-3,-4,-28,26,-2050
3577884038,41496,2,-1,2,-30,21,-2041
3577885038,41496,3,0,-5,-32,23,-2042
3577886038,41496,1,-3,-4,-30,25,-2043
3577887038,41496,2,-4,-3,-29,25,-2046
3577888038,41496,1,-1,-4,-31,26,-2041
3577889038,41496,2,0,-3,-33,23,-2037
3577890038,41496,0,-2,0,-33,24,-2052
3577891038,41496,4,2,-3,-35,21,-2047
3577892038,41496,3,-4,-2,-36,21,-2034
3577893038,41496,5,-6,-2,-28,23,-2048
3577894038,41496,4,-2,-5,-34,31,-2053
3577895038,41496,3,-5,-5,-25,28,-2047
3577896038,41496,7,-2,-5,-32,22,-2040
3577897038,41496,0,-5,-5,-38,20,-2052
3577898038,41496,1,0,-1,-43,27,-2037
3577899038,41496,3,-4,-4,-32,18,-2040
3577900038,41496,0,-1,-2,-26,29,-2050
3577901038,41496,5,-2,-2,-34,22,-2049
3577902038,41496,2,-2,-4,-29,31,-2047
3577903038,41496,2,-2,-1,-27,23,-2044
3577904038,41496,1,-3,-4,-33,27,-2046
3577905038,41496,4,-4,-5,-35,23,-2039
3577906038,41496,6,-6,-4,-37,26,-2042
3577907038,41496,-1,-3,-1,-28,20,-2042
3577908038,41496,5,-1,-6,-34,17,-2044
3577909038,41496,3,-3,-6,-28,30,-2045
3577910038,41496,-1,-2,-4,-29,20,-2038
3577911038,41496,2,-6,-3,-34,21,-2044
3577912038,41496,1,-1,0,-27,22,-2045
3577913038,41496,-1,-1,2,-38,26,-2051
3577914038,41496,6,-3,-5,-30,27,-2045
3577915038,41496,4,-6,-4,-29,29,-2036
3577916038,41496,1,-3,-6,-30,26,-2038
3577917038,41496,0,0,-5,-27,16,-2040
3577918038,41496,0,-3,-5,-30,26,-2048
3577919038,41496,-2,-7,-5,-39,27,-2044
3577920038,41496,3,-3,-4,-25,18,-2051
3577921038,41496,3,0,0,-32,26,-2042
3577922038,41496,4,-2,-7,-34,26,-2042
3577923038,41496,2,-4,-9,-31,25,-2041
3577924038,41496,-1,-1,-4,-26,30,-2044
3577925038,41496,2,-3,-2,-29,23,-2042
3577926038,41496,-1,-3,-4,-28,30,-2038
3577927038,41496,1,-3,-4,-41,26,-2041
3577928038,41496,4,-1,-3,-38,26,-2046
3577929038,41496,2,0,-1,-34,26,-2047
3577930038,41496,2,-2,-4,-37,32,-2042
3577931038,41496,2,-1,-3,-25,33,-2050
3577932038,41496,-1,-1,-2,-35,23,-2045
3577933038,41496,6,-2,-2,-36,28,-2046
3577934038,41496,2,-3,-3,-34,18,-2040
3577935038,41496,2,0,0,-30,25,-2050
3577936038,41496,4,-3,-5,-43,20,-2043
3577937038,41496,1,4,-4,-32,18,-2043
3577938038,41496,-2,-1,-2,-31,25,-2041
3577939038,41496,-2,1,0,-34,27,-2042
3577940038,41496,1,-1,-4,-35,27,-2047
3577941038,41496,3,-4,-4,-33,22,-2047
3577942038,41496,5,-4,-6,-38,20,-2038
3577943038,41496,3,-2,-3,-30,22,-2042
3577944038,41496,3,0,-1,-34,26,-2043
3577945038,41496,2,-2,-2,-27,22,-2044
3577946038,41496,1,-3,-3,-31,21,-2045
3577947038,41496,0,2,-2,-32,28,-2046
3577948038,41496,2,-3,-2,-39,26,-2050
3577949038,41496,1,1,-2,-33,21,-2042
3577950038,41496,3,-3,-2,-37,26,-2051
3577951038,41496,3,-2,-5,-25,22,-2041
3577952038,41496,0,0,0,-34,20,-2042
3577953038,41496,4,-2,-1,-34,23,-2036
3577954038,41496,3,-4,-3,-29,26,-2042
3577955038,41496,3,-2,-5,-34,24,-2049
3577956038,41496,-2,1,1,-23,22,-2047
3577957038,41496,3,-5,-3,-33,29,-2042
3577958038,41496,1,-2,-6,-35,24,-2044
3577959038,41496,3,-3,-5,-35,17,-2049
3577960038,41496,2,-1,-3,-32,19,-2046
3577961038,41496,4,-2,-4,-35,24,-2039
3577962038,41496,1,-1,-2,-26,24,-2046
3577963038,41496,4,-2,-2,-32,24,-2044
3577964038,41496,1,-2,-1,-40,23,-2045
3577965038,41496,0,-5,-2,-34,23,-2041
3577966038,41496,3,-3,-2,-32,31,-2048
3577967038,41496,1,0,-4,-27,32,-2042
3577968038,41496,4,-5,-6,-35,27,-2048
3577969038,41496,5,-3,-4,-30,21,-2047
3577970038,41496,2,-4,-2,-31,23,-2045
3577971038,41496,3,-2,-1,-38,19,-2041
3577972038,41496,5,0,-4,-30,30,-2038
3577973038,41496,5,-3,-4,-25,20,-2040
3577974038,41496,3,-3,-5,-39,23,-2040
3577975038,41496,4,-3,0,-32,29,-2041
3577976038,41496,0,-2,-5,-31,23,-2044
3577977038,41496,2,-2,-4,-37,30,-2036
3577978038,41496,2,-1,-3,-34,19,-2042
3577979038,41496,0,-2,-2,-23,27,-2045
3577980038,41496,8,-5,-4,-39,25,-2036
3577981038,41496,4,1,-6,-33,28,-2044
3577982038,41496,3,-4,-3,-33,27,-2038
3577983038,41496,0,0,0,-35,20,-2046
3577984038,41496,2,-3,1,-23,32,-2052
3577985038,41496,2,-2,-2,-30,21,-2042
3577986038,41496,2,-5,-3,-30,26,-2044
3577987038,41496,2,-4,-4,-31,22,-2039
3577988038,41496,3,-1,-3,-33,26,-2039
3577989038,41496,4,-4,-5,-45,27,-2042
3577990038,41496,2,-2,-5,-37,20,-2042
3577991038,41496,0,-1,-6,-30,22,-2045
3577992038,41496,-1,-2,-3,-27,20,-2049
3577993038,41496,-1,-1,-2,-31,25,-2042
3577994038,41496,3,-2,-6,-35,23,-2047
3577995038,41496,-1,-5,-1,-31,26,-2044
3577996038,41496,-2,-3,-6,-31,27,-2045
3577997038,41496,-1,-5,-4,-36,25,-2038
3577998038,41496,3,-3,-5,-35,16,-2048
3577999038,41496,2,-3,-4,-30,27,-2048
3578000038,41496,0,-1,-3,-28,19,-2046
3578001038,41496,1,-4,-4,-34,24,-2045
3578002038,41496,0,-4,-3,-28,25,-2051
3578003038,41496,-2,-3,-3,-24,16,-2045
3578004038,41496,1,-4,-5,-27,26,-2045
3578005038,41496,2,0,-4,-36,20,-2052
3578006038,41496,4,-2,-7,-30,23,-2045
3578007038,41496,3,-1,-5,-30,22,-2039
3578008038,41496,1,0,0,-33,25,-2037
3578009038,41496,1,-3,-1,-33,24,-2047
3578010038,41496,3,2,-3,-37,23,-2044
3578011038,41496,1,-3,-1,-29,20,-2045
3578012038,41496,2,-5,-3,-25,28,-2035
3578013038,41496,3,-2,-1,-29,25,-2053
3578014038,41496,0,1,0,-35,21,-2050
3578015038,41496,2,-1,0,-26,26,-2056
3578016038,41496,3,-3,-1,-32,27,-2049
3578017038,41496,2,-1,0,-24,22,-2034
3578018038,41496,4,-2,-1,-25,30,-2044
3578019038,41496,1,-2,-1,-38,18,-2049
3578020038,41496,-2,-2,-3,-31,28,-2039
3578021038,41496,1,0,-5,-26,22,-2038
3578022038,41496,0,-5,-5,-31,21,-2033
3578023038,41496,1,-1,-5,-33,28,-2049
3578024038,41496,9,-5,-6,-30,23,-2050
3578025038,41496,0,-1,-4,-34,27,-2047
3578026038,41496,3,-3,-3,-39,22,-2042
3578027038,41496,1,-3,-2,-27,23,-2047
3578028038,41496,0,-4,-1,-33,26,-2045
3578029038,41496,0,-3,-2,-36,19,-2049
3578030038,41496,2,-1,-5,-38,34,-2042
3578031038,41496,-1,0,-1,-31,28,-2042
3578032038,41496,3,-6,-3,-38,23,-2043
3578033038,41496,3,2,-2,-32,25,-2048
3578034038,41496,4,-4,-6,-39,23,-2047
3578035038,41496,5,-4,-2,-29,19,-2043
3578036038,41496,2,0,-3,-34,23,-2042
3578037038,41496,2,-3,-3,-33,23,-2042
3578038038,41496,3,0,-3,-27,18,-2040
3578039038,41496,4,-4,-2,-37,25,-2048
3578040038,41496,1,-3,-2,-30,20,-2047
3578041038,41496,2,0,-3,-31,19,-2049
3578042038,41496,0,-2,-4,-34,24,-2040
3578043038,41496,2,-1,-2,-34,25,-2047
3578044038,41496,1,-3,-6,-30,29,-2038
3578045038,41496,3,-2,-4,-28,24,-2038
3578046038,41496,4,-2,-2,-26,17,-2039
3578047038,41496,1,-3,-4,-30,19,-2039
3578048038,41496,1,-3,-5,-28,25,-2045
3578049038,41496,5,0,-2,-35,23,-2049
3578050038,41496,1,-3,-4,-37,25,-2052
3578051038,41496,2,-2,-2,-30,25,-2044
3578052038,41496,3,0,-5,-37,17,-2034
3578053038,41496,1,-6,-5,-30,22,-2040
3578054038,41496,-1,-2,-3,-37,20,-2044
3578055038,41496,2,-3,-4,-32,16,-2046
3578056038,41496,4,-5,-4,-36,21,-2048
3578057038,41496,3,-3,-3,-30,30,-2047
3578058038,41496,9,-6,-3,-38,24,-2050
3578059038,41496,-3,-3,-5,-30,19,-2047
3578060038,41496,5,-4,-6,-32,35,-2043
3578061038,41496,3,-5,-7,-29,25,-2044
3578062038,41496,1,1,-6,-35,24,-2050
3578063038,41496,2,-3,-4,-24,25,-2053
3578064038,41496,5,-4,-4,-25,18,-2041
3578065038,41496,2,-1,-3,-26,25,-2044
3578066038,41496,3,-2,-4,-33,23,-2046
3578067038,41496,2,-3,-6,-31,21,-2042
3578068038,41496,0,-1,0,-37,27,-2049
3578069038,41496,3,-5,-3,-34,23,-2046
3578070038,41496,1,-2,-1,-31,24,-2047
3578071038,41496,1,1,0,-26,26,-2045
3578072038,41496,5,-5,-3,-32,23,-2042
3578073038,41496,0,-4,-3,-23,18,-2048
3578074038,41496,2,-7,-6,-36,24,-2041
3578075038,41496,4,-7,-4,-33,24,-2046
3578076038,41496,3,-3,-6,-34,18,-2045
3578077038,41496,0,-1,-2,-34,23,-2045
3578078038,41496,1,2,-3,-34,20,-2038
3578079038,41496,4,-3,-1,-29,25,-2044
3578080038,41496,5,-6,-6,-38,21,-2056
3578081038,41496,2,-3,-5,-35,24,-2049
3578082038,41496,0,0,-4,-30,31,-2045
3578083038,41496,2,-1,-5,-28,25,-2050
3578084038,41496,0,0,-1,-37,29,-2042
3578085038,41496,4,-7,-5,-31,28,-2049
3578086038,41496,3,2,-3,-37,24,-2045
3578087038,41496,5,-3,-3,-30,28,-2041
3578088038,41496,6,-4,-3,-33,21,-2041
3578089038,41496,2,0,-2,-36,24,-2045
3578090038,41496,3,0,-2,-37,22,-2045
3578091038,41496,-1,-2,-3,-28,22,-2043
3578092038,41496,5,-7,-8,-36,27,-2048
3578093038,41496,3,0,-1,-38,26,-2044
3578094038,41496,2,-6,-7,-30,22,-2051
3578095038,41496,1,2,-2,-35,23,-2047
3578096038,41496,1,-5,-3,-38,25,-2051
3578097038,41496,0,2,-1,-37,22,-2047
3578098038,41496,2,-3,-2,-28,27,-2041
3578099038,41496,2,-5,-5,-39,18,-2050
3578100038,41496,-2,-2,1,-34,22,-2041
3578101038,41496,1,-4,-3,-30,29,-2044
3578102038,41496,0,1,-1,-36,23,-2043
3578103038,41496,-1,-1,1,-25,22,-2049
3578104038,41496,0,-4,-5,-33,20,-2048
3578105038,41496,0,-3,-3,-38,19,-2040
3578106038,41496,1,-1,-4,-29,24,-2051
3578107038,41496,3,-1,-7,-35,31,-2045
3578108038,41496,4,-6,-7,-31,28,-2041
3578109038,41496,1,-1,-1,-32,26,-2044
3578110038,41496,5,-3,-4,-36,28,-2048
3578111038,41496,0,-2,-1,-27,29,-2045
3578112038,41496,1,-2,-5,-32,26,-2041
3578113038,41496,2,-3,-5,-32,27,-2041
3578114038,41496,1,-1,-2,-31,30,-2045
3578115038,41496,2,-4,-3,-31,22,-2043
3578116038,41496,3,0,-4,-31,24,-2036
3578117038,41496,2,-2,-7,-25,22,-2046
3578118038,41496,1,-2,-2,-31,22,-2045
3578119038,41496,2,2,-3,-29,30,-2050
3578120038,41496,1,-3,-2,-33,32,-2045
3578121038,41496,1,-4,-3,-24,25,-2042
3578122038,41496,2,-2,-3,-35,26,-2041
3578123038,41496,3,-4,-5,-27,26,-2039
3578124038,41496,5,-3,-6,-36,19,-2046
3578125038,41496,0,-2,-4,-37,22,-2044
3578126038,41496,1,-4,-5,-36,22,-2046
3578127038,41496,5,-3,-5,-37,32,-2040
3578128038,41496,1,-4,-4,-32,24,-2039
3578129038,41496,3,-4,-6,-36,19,-2045
3578130038,41496,5,-4,-4,-33,20,-2044
3578131038,41496,5,-6,-5,-27,22,-2045
3578132038,41496,1,1,-3,-36,20,-2046
3578133038,41496,3,-2,-4,-31,18,-2038
3578134038,41496,0,-1,-2,-34,27,-2047
3578135038,41496,3,-2,-2,-41,27,-2046
3578136038,41496,4,-3,-2,-38,26,-2039
3578137038,41496,3,-2,-4,-37,24,-2046
3578138038,41496,3,-2,-4,-27,24,-2038
3578139038,41496,3,-3,-3,-25,14,-2040
3578140038,41496,2,-2,0,-38,13,-2042
3578141038,41496,4,-2,-4,-33,23,-2036
3578142038,41496,1,-2,-4,-34,21,-2043
3578143038,41496,2,-3,-4,-29,25,-2046
3578144038,41496,0,-2,-2,-25,20,-2046
3578145038,41496,4,-5,-4,-39,30,-2046
3578146038,41496,0,-3,-3,-34,22,-2047
3578147038,41496,4,-4,-5,-32,22,-2045
3578148038,41496,2,-1,-6,-36,28,-2043
3578149038,41496,1,0,0,-31,26,-2046
3578150038,41496,1,-2,-5,-36,24,-2049
3578151038,41496,3,-1,-2,-31,22,-2043
3578152038,41496,4,0,-1,-37,22,-2043
3578153038,41496,1,-4,-3,-28,28,-2047
3578154038,41496,1,-3,-2,-28,23,-2042
3578155038,41496,7,-4,-3,-37,23,-2048
3578156038,41496,3,-3,-5,-28,21,-2046
3578157038,41496,0,-3,-4,-36,28,-2051
3578158038,41496,2,0,-4,-32,26,-2035
3578159038,41496,2,0,-3,-34,20,-2045
3578160038,41496,2,-3,-1,-28,26,-2047
3578161038,41496,-2,1,-1,-32,26,-2043
3578162038,41496,0,-3,-4,-32,26,-2048
3578163038,41496,4,-6,-5,-28,26,-2041
3578164038,41496,2,-2,-2,-29,24,-2040
3578165038,41496,5,-5,-3,-28,22,-2039
3578166038,41496,3,-2,-4,-25,20,-2042
3578167038,41496,0,1,-3,-33,23,-2043
3578168038,41496,2,1,0,-34,27,-2048
3578169038,41496,5,-5,-7,-31,28,-2046
3578170038,41496,2,-3,-2,-33,27,-2046
3578171038,41496,6,-2,-4,-31,29,-2045
3578172038,41496,2,1,-3,-29,31,-2050
3578173038,41496,0,-1,-3,-32,24,-2046
3578174038,41496,3,-2,-5,-36,23,-2044
3578175038,41496,2,-2,-3,-30,21,-2041
3578176038,41496,2,-5,-3,-42,21,-2043
3578177038,41496,0,0,-4,-30,21,-2041
3578178038,41496,2,-5,-2,-26,20,-2049
3578179038,41496,3,-4,-4,-31,22,-2045
3578180038,41496,2,-2,-3,-27,24,-2043
3578181038,41496,2,-4,-3,-34,28,-2039
3578182038,41496,3,-2,-3,-31,23,-2041
3578183038,41496,3,0,-1,-30,27,-2041
3578184038,41496,0,-5,-3,-35,27,-2037
3578185038,41496,4,-3,-7,-41,34,-2047
3578186038,41496,1,-5,-4,-31,13,-2037
3578187038,41496,4,-2,-4,-36,18,-2043
3578188038,41496,7,-5,-7,-31,26,-2043
3578189038,41496,1,-5,-6,-35,25,-2041
3578190038,41496,2,-3,-2,-34,18,-2042
3578191038,41496,0,3,-3,-36,26,-2041
3578192038,41496,2,-2,-2,-41,32,-2045
3578193038,41496,4,-2,-5,-29,30,-2042
3578194038,41496,-2,-1,-5,-40,23,-2046
3578195038,41496,3,-2,-1,-31,21,-2052
3578196038,41496,1,0,-2,-29,20,-2052
3578197038,41496,2,-4,-5,-24,27,-2033
3578198038,41496,1,-5,-4,-29,21,-2048
3578199038,41496,0,-2,-3,-30,29,-2049
3578200038,41496,4,-2,-6,-37,24,-2046
3578201038,41496,4,-2,-5,-27,26,-2051
3578202038,41496,4,-3,-6,-36,22,-2035
3578203038,41496,4,-5,-7,-32,25,-2045
3578204038,41496,3,-1,-3,-39,23,-2044
3578205038,41496,0,-3,-6,-39,28,-2041
3578206038,41496,1,-4,-4,-28,25,-2043
3578207038,41496,3,-2,-3,-26,27,-2050
3578208038,41496,0,0,0,-27,20,-2036
3578209038,41496,3,-3,-3,-30,24,-2040
3578210038,41496,0,1,-2,-31,23,-2045
3578211038,41496,1,-1,-3,-28,28,-2040
3578212038,41496,-1,0,-2,-35,25,-2048
3578213038,41496,4,-1,-5,-35,24,-2047
3578214038,41496,2,-3,-2,-38,22,-2046
3578215038,41496,1,-4,-2,-32,22,-2046
3578216038,41496,0,-3,-6,-28,34,-2049
3578217038,41496,1,-3,1,-40,33,-2046
3578218038,41496,2,-1,0,-36,31,-2040
3578219038,41496,4,-3,-4,-31,22,-2047
3578220038,41496,-2,-3,0,-33,23,-2049
3578221038,41496,0,-4,-4,-27,20,-2046
3578222038,41496,4,-3,-2,-30,24,-2052
3578223038,41496,3,-4,-5,-27,28,-2050
3578224038,41496,4,-3,-6,-30,31,-2049
3578225038,41496,3,-2,-3,-26,24,-2047
3578226038,41496,2,-4,-8,-24,28,-2047
3578227038,41496,0,1,-6,-36,26,-2040
3578228038,41496,1,-5,-7,-39,22,-2047
3578229038,41496,1,0,-5,-28,24,-2044
3578230038,41496,4,-4,-1,-37,16,-2045
3578231038,41496,0,-4,-4,-31,23,-2044
3578232038,41496,3,-3,-2,-38,22,-2041
3578233038,41496,3,-3,0,-38,31,-2047
3578234038,41496,3,-1,-4,-31,22,-2044
3578235038,41496,6,-5,-3,-29,20,-2051
3578236038,41496,3,-4,-7,-32,23,-2040
3578237038,41496,0,0,0,-30,25,-2046
3578238038,41496,5,-4,-6,-30,24,-2049
3578239038,41496,1,1,-2,-34,24,-2047
3578240038,41496,3,-2,-5,-27,19,-2046
3578241038,41496,4,-3,-4,-38,22,-2046
3578242038,41496,0,1,0,-31,35,-2045
3578243038,41496,1,-4,-5,-32,19,-2039
3578244038,41496,3,-2,-6,-29,20,-2045
3578245038,41496,3,-4,-5,-32,28,-2043
3578246038,41496,2,-1,-2,-32,17,-2049
3578247038,41496,7,-3,-3,-29,29,-2035
3578248038,41496,-1,-4,-1,-42,27,-2051
3578249038,41496,4,-7,-6,-36,28,-2047
3578250038,41496,1,-4,-4,-36,16,-2051
3578251038,41496,2,-5,-6,-33,28,-2049
3578252038,41496,2,-4,-5,-29,29,-2043
3578253038,41496,1,-2,-3,-36,26,-2057
3578254038,41496,3,-4,-1,-30,26,-2039
3578255038,41496,2,1,-2,-36,28,-2048
3578256038,41496,3,0,-3,-34,25,-2048
3578257038,41496,2,-2,-3,-24,21,-2049
3578258038,41496,3,0,0,-30,24,-2046
3578259038,41496,2,-1,0,-31,17,-2048
3578260038,41496,3,-4,-2,-33,15,-2038
3578261038,41496,5,-2,-7,-29,20,-2039
3578262038,41496,3,-6,-4,-30,23,-2049
3578263038,41496,1,-4,-4,-29,27,-2040
3578264038,41496,0,-2,-4,-29,26,-2041
3578265038,41496,2,-4,-3,-32,21,-2039
3578266038,41496,4,-3,-3,-39,22,-2043
3578267038,41496,3,-5,-5,-39,21,-2040
3578268038,41496,1,-1,-1,-29,26,-2043
3578269038,41496,1,-1,-4,-37,25,-2047
3578270038,41496,5,-4,-4,-32,21,-2048
3578271038,41496,4,0,-3,-28,32,-2048
3578272038,41496,0,-6,-3,-28,33,-2043
3578273038,41496,3,-1,-5,-33,28,-2046
3578274038,41496,-2,2,-2,-34,23,-2043
3578275038,41496,1,-4,-6,-32,23,-2042
3578276038,41496,3,-1,0,-34,26,-2048
3578277038,41496,6,-5,-4,-32,22,-2045
3578278038,41496,2,-5,-4,-29,25,-2038
3578279038,41496,5,-2,-3,-35,26,-2045
3578280038,41496,2,-4,-3,-38,26,-2035
3578281038,41496,5,-5,-4,-34,24,-2048
3578282038,41496,3,-2,-3,-33,23,-2038
3578283038,41496,-1,1,1,-29,27,-2044
3578284038,41496,2,-2,-2,-29,25,-2044
3578285038,41496,2,-1,-5,-32,24,-2039
3578286038,41496,4,-3,-6,-38,23,-2040
3578287038,41496,1,-3,-5,-40,24,-2042
3578288038,41496,6,1,-5,-35,20,-2047
3578289038,41496,7,-2,-6,-33,30,-2049
3578290038,41496,0,1,0,-28,27,-2047
3578291038,41496,1,-5,-4,-26,18,-2030
3578292038,41496,1,-3,-2,-28,25,-2045
3578293038,41496,2,-1,-2,-37,28,-2047
3578294038,41496,3,-3,-5,-35,23,-2048
3578295038,41496,1,0,-2,-31,25,-2049
3578296038,41496,3,-1,-6,-33,22,-2036
3578297038,41496,-2,-3,-2,-29,26,-2041
3578298038,41496,1,-1,1,-25,24,-2037
3578299038,41496,0,-5,-5,-28,24,-2046
3578300038,41496,2,-4,-4,-29,30,-2042
3578301038,41496,0,-1,-3,-28,18,-2050
3578302038,41496,5,-4,-4,-32,17,-2042
3578303038,41496,2,-1,-1,-34,18,-2044
3578304038,41496,3,-1,-4,-34,16,-2044
3578305038,41496,4,-5,-1,-32,21,-2052
3578306038,41496,4,-3,-3,-36,23,-2042
3578307038,41496,4,-4,-4,-28,31,-2044
3578308038,41496,2,0,-2,-38,22,-2048
3578309038,41496,2,-5,-4,-31,21,-2033
3578310038,41496,1,-2,-5,-42,25,-2038
3578311038,41496,2,-4,-3,-37,24,-2041
3578312038,41496,4,-4,-7,-31,24,-2054
3578313038,41496,2,-1,-3,-32,31,-2048
3578314038,41496,1,-1,-3,-31,24,-2043
3578315038,41496,4,-2,-1,-29,21,-2050
3578316038,41496,3,0,-1,-31,30,-2040
3578317038,41496,-2,-2,-4,-26,24,-2045
3578318038,41496,2,-6,-1,-41,27,-2045
3578319038,41496,2,-9,-6,-35,26,-2047
3578320038,41496,3,-5,-2,-34,22,-2045
3578321038,41496,1,-1,-1,-30,30,-2043
3578322038,41496,2,-2,-2,-35,20,-2044
3578323038,41496,1,-2,-5,-29,28,-2048
3578324038,41496,1,-2,0,-34,32,-2046
3578325038,41496,6,-5,-4,-26,22,-2046
3578326038,41496,3,-4,-2,-29,26,-2047
3578327038,41496,4,-4,-4,-30,23,-2044
3578328038,41496,2,-4,-3,-32,27,-2045
3578329038,41496,0,-1,0,-28,25,-2036
3578330038,41496,0,1,0,-45,25,-2041
3578331038,41496,2,-4,-3,-29,23,-2040
3578332038,41496,2,-1,-4,-32,18,-2040
3578333038,41496,2,0,-2,-33,24,-2044
3578334038,41496,2,-2,-4,-35,14,-2037
3578335038,41496,0,0,-5,-41,24,-2044
3578336038,41496,3,-2,-2,-35,26,-2050
3578337038,41496,3,0,-6,-26,26,-2045
3578338038,41496,-1,1,-5,-37,26,-2039
3578339038,41496,-2,-4,-3,-37,25,-2036
3578340038,41496,2,-2,-4,-38,22,-2044
3578341038,41496,2,-1,-5,-34,24,-2043
3578342038,41496,4,-4,-2,-30,19,-2045
3578343038,41496,4,-5,-4,-33,29,-2047
3578344038,41496,3,-3,-6,-28,32,-2037
3578345038,41496,1,-1,-3,-29,21,-2044
3578346038,41496,0,-3,-4,-35,19,-2043
3578347038,41496,2,-1,-4,-33,21,-2041
3578348038,41496,4,-3,-4,-31,26,-2042
3578349038,41496,1,-1,-3,-35,19,-2045
3578350038,41496,2,-2,-4,-33,32,-2044
3578351038,41496,2,-4,-2,-31,23,-2042
3578352038,41496,1,-2,-1,-29,20,-2040
3578353038,41496,6,-3,-3,-36,19,-2036
3578354038,41496,-1,-1,-3,-31,28,-2045
3578355038,41496,2,-3,-3,-31,21,-2050
3578356038,41496,3,-3,-5,-38,20,-2043
3578357038,41496,4,-4,-3,-25,24,-2045
3578358038,41496,6,-4,-1,-30,16,-2050
3578359038,41496,1,-4,-3,-26,24,-2044
3578360038,41496,2,-3,0,-38,17,-2047
3578361038,41496,5,-5,-4,-33,26,-2044
3578362038,41496,2,-3,-2,-29,26,-2045
3578363038,41496,4,-4,-1,-35,17,-2049
3578364038,41496,4,-3,-4,-30,25,-2045
3578365038,41496,2,-1,-4,-33,28,-2048
3578366038,41496,5,-2,-4,-31,21,-2051
3578367038,41496,3,-2,-4,-31,28,-2049
3578368038,41496,1,-2,-5,-36,26,-2042
3578369038,41496,1,-3,-3,-33,23,-2051
3578370038,41496,1,-4,-2,-29,21,-2050
3578371038,41496,-1,1,-2,-33,20,-2046
3578372038,41496,5,-2,-4,-27,27,-2047
3578373038,41496,2,0,1,-28,26,-2047
3578374038,41496,1,-3,-5,-35,23,-2044
3578375038,41496,2,0,-5,-26,29,-2050
3578376038,41496,2,0,-4,-33,26,-2047
3578377038,41496,1,-3,-3,-29,21,-2032
3578378038,41496,3,-2,-3,-35,23,-2044
3578379038,41496,-4,0,-3,-33,27,-2048
3578380038,41496,2,-3,-5,-27,21,-2043
3578381038,41496,0,-5,-6,-30,26,-2047
3578382038,41496,5,-6,-6,-34,25,-2049
3578383038,41496,-2,-2,-2,-32,24,-2045
3578384038,41496,0,-4,-1,-29,33,-2042
3578385038,41496,2,-5,-2,-27,23,-2041
3578386038,41496,3,-4,-4,-37,25,-2044
3578387038,41496,3,-3,-8,-31,27,-2047
3578388038,41496,3,-4,-4,-32,22,-2044
3578389038,41496,3,-1,-4,-30,22,-2046
3578390038,41496,4,-3,-2,-31,31,-2041
3578391038,41496,3,-1,-4,-33,22,-2042
3578392038,41496,0,-4,-5,-27,20,-2050
3578393038,41496,0,-3,-2,-32,29,-2038
3578394038,41496,1,-2,-2,-36,21,-2044
3578395038,41496,-3,-2,-3,-32,23,-2043
3578396038,41496,3,-2,-2,-33,23,-2045
3578397038,41496,-1,-1,-2,-35,21,-2042
3578398038,41496,6,-5,-6,-39,27,-2045
3578399038,41496,5,-4,-3,-30,26,-2042
3578400038,41496,2,-2,-3,-31,24,-2048
3578401038,41496,4,-4,-3,-36,23,-2040
3578402038,41496,0,-3,-8,-32,29,-2045
3578403038,41496,1,-3,-3,-34,26,-2043
3578404038,41496,3,-2,-4,-30,20,-2048
3578405038,41496,2,-2,-5,-32,25,-2046
3578406038,41496,1,-2,-5,-28,16,-2046
3578407038,41496,3,-3,-5,-28,14,-2043
3578408038,41496,1,-1,-5,-32,26,-2043
3578409038,41496,2,-2,-2,-31,18,-2049
3578410038,41496,3,-2,-1,-30,25,-2038
3578411038,41496,2,-3,-3,-26,24,-2041
3578412038,41496,5,-4,-2,-33,28,-2037
3578413038,41496,5,-3,-4,-37,20,-2049
3578414038,41496,0,-2,-3,-32,25,-2046
3578415038,41496,3,-2,-4,-31,25,-2049
3578416038,41496,0,-2,-1,-27,14,-2051
3578417038,41496,6,-9,-3,-36,29,-2047
3578418038,41496,2,-3,-3,-27,22,-2035
3578419038,41496,2,-3,-1,-29,23,-2044
3578420038,41496,2,-1,-4,-35,19,-2046
3578421038,41496,2,1,-4,-34,25,-2044
3578422038,41496,7,-2,-6,-31,21,-2042
3578423038,41496,0,-3,-3,-32,22,-2050
3578424038,41496,1,-1,-2,-34,28,-2042
3578425038,41496,5,-9,-5,-34,22,-2042
3578426038,41496,3,-2,-5,-34,27,-2043
3578427038,41496,3,-2,-2,-37,20,-2042
3578428038,41496,-1,-3,-4,-36,28,-2048
3578429038,41496,1,0,-2,-33,24,-2055
3578430038,41496,0,-1,-6,-29,25,-2044
3578431038,41496,-1,-6,-4,-26,17,-2048
3578432038,41496,2,-2,-6,-28,29,-2044
3578433038,41496,2,-4,-1,-27,28,-2041
3578434038,41496,0,-1,-4,-36,27,-2051
3578435038,41496,3,-3,-5,-21,20,-2041
3578436038,41496,3,-2,-6,-38,24,-2053
3578437038,41496,2,-5,-7,-36,27,-2046
3578438038,41496,2,-4,-1,-29,28,-2045
3578439038,41496,0,-2,-3,-35,25,-2043
3578440038,41496,-1,-1,-2,-34,22,-2038
3578441038,41496,-1,0,-1,-35,24,-2043
3578442038,41496,0,1,1,-34,18,-2047
3578443038,41496,3,-3,-4,-28,29,-2051
3578444038,41496,3,-1,-5,-34,19,-2037
3578445038,41496,2,0,-2,-31,21,-2048
3578446038,41496,2,-5,-3,-28,25,-2042
3578447038,41496,1,1,-5,-29,22,-2043
3578448038,41496,1,0,-2,-33,22,-2044
3578449038,41496,-2,1,0,-37,23,-2046
3578450038,41496,2,0,-4,-34,19,-2041
3578451038,41496,2,-1,-1,-30,29,-2051
3578452038,41496,4,-2,-4,-35,21,-2047
3578453038,41496,1,-1,-1,-41,22,-2040
3578454038,41496,5,-4,-3,-36,20,-2043
3578455038,41496,2,-4,-3,-38,26,-2047
3578456038,41496,4,1,-4,-29,26,-2042
3578457038,41496,5,-3,-3,-36,21,-2036
3578458038,41496,2,-2,-1,-31,18,-2033
3578459038,41496,0,-2,-6,-24,19,-2044
3578460038,41496,3,0,-4,-34,31,-2045
3578461038,41496,3,-3,-2,-30,28,-2052
3578462038,41496,-1,-1,-2,-33,24,-2044
3578463038,41496,1,-5,-2,-29,20,-2042
3578464038,41496,0,-2,0,-36,20,-2042
3578465038,41496,2,-1,-5,-38,25,-2036
3578466038,41496,3,-4,-2,-27,23,-2042
3578467038,41496,-1,1,-4,-34,25,-2043
3578468038,41496,2,0,-3,-35,23,-2040
3578469038,41496,3,-6,-7,-30,19,-2041
3578470038,41496,0,-2,-4,-36,21,-2044
3578471038,41496,1,-3,-4,-33,17,-2045
3578472038,41496,2,-2,-9,-36,18,-2039
3578473038,41496,0,-5,-6,-33,29,-2042
3578474038,41496,1,-2,-5,-31,23,-2045
3578475038,41496,1,-2,0,-32,21,-2046
3578476038,41496,1,-4,-2,-30,30,-2043
3578477038,41496,-2,1,0,-28,23,-2045
3578478038,41496,2,-4,-3,-22,30,-2042
3578479038,41496,3,-3,0,-26,24,-2038
3578480038,41496,3,1,0,-32,12,-2042
3578481038,41496,4,-3,-3,-30,27,-2049
3578482038,41496,3,-5,-5,-28,19,-2051
3578483038,41496,5,-3,-4,-29,27,-2045
3578484038,41496,0,-5,-3,-37,25,-2051
3578485038,41496,1,-4,-4,-30,20,-2058
3578486038,41496,6,-3,-4,-35,28,-2043
3578487038,41496,2,0,-7,-33,28,-2039
3578488038,41496,-1,-3,-1,-27,18,-2047
3578489038,41496,5,-4,-5,-33,15,-2048
3578490038,41496,-1,-4,-2,-24,21,-2042
3578491038,41496,5,2,-2,-28,21,-2042
3578492038,41496,1,0,-5,-27,18,-2044
3578493038,41496,1,-7,-6,-28,22,-2048
3578494038,41496,4,-3,-3,-35,25,-2042
3578495038,41496,5,-3,-5,-32,25,-2046
3578496038,41496,5,-4,-5,-38,18,-2046
3578497038,41496,2,1,-2,-33,29,-2036
3578498038,41496,-2,2,-1,-34,30,-2035
3578499038,41496,0,1,-1,-31,21,-2044
3578500038,41496,3,-6,-3,-33,22,-2043
3578501038,41496,3,-4,-7,-27,24,-2041
3578502038,41496,0,-5,-3,-35,22,-2044
3578503038,41496,1,-4,-5,-26,18,-2039
3578504038,41496,0,-4,-3,-33,25,-2037
3578505038,41496,4,-3,-4,-24,28,-2041
3578506038,41496,2,-2,-1,-30,23,-2050
3578507038,41496,2,0,-5,-26,24,-2046
3578508038,41496,2,-3,-4,-28,30,-2047
3578509038,41496,0,5,-1,-29,17,-2044
3578510038,41496,4,0,-4,-35,24,-2047
3578511038,41496,1,-5,-1,-32,26,-2049
3578512038,41496,-2,-1,-3,-34,30,-2045
3578513038,41496,4,-4,-3,-29,25,-2048
3578514038,41496,2,-2,-5,-26,22,-2041
3578515038,41496,-1,-3,-4,-34,26,-2048
3578516038,41496,2,-1,-2,-27,22,-2046
3578517038,41496,2,-1,-6,-33,27,-2043
3578518038,41496,3,-3,-2,-35,27,-2048
3578519038,41496,1,-1,-1,-31,27,-2045
3578520038,41496,5,-2,-6,-29,28,-2043
3578521038,41496,5,-3,-7,-38,23,-2042
3578522038,41496,2,1,-3,-33,28,-2047
3578523038,41496,2,-1,-3,-35,27,-2045
3578524038,41496,4,0,-5,-35,22,-2050
3578525038,41496,4,-4,-1,-29,18,-2040
3578526038,41496,1,-3,-2,-35,26,-2043
3578527038,41496,2,-3,-2,-31,16,-2052
3578528038,41496,-2,-5,-3,-30,28,-2042
3578529038,41496,0,-4,-5,-29,21,-2049
3578530038,41496,1,-2,-2,-31,20,-2038
3578531038,41496,3,0,-3,-36,22,-2044
3578532038,41496,5,-3,-3,-28,21,-2039
3578533038,41496,0,-2,-3,-35,29,-2040
3578534038,41496,1,-1,-4,-38,16,-2044
3578535038,41496,2,-4,-4,-34,27,-2049
3578536038,41496,1,-2,-2,-33,25,-2044
3578537038,41496,1,0,-2,-32,21,-2047
3578538038,41496,4,-6,-2,-38,23,-2045
3578539038,41496,2,-2,-4,-34,20,-2041
3578540038,41496,3,-5,-3,-38,25,-2040
3578541038,41496,1,-3,-3,-36,25,-2053
3578542038,41496,2,1,0,-25,20,-2044
3578543038,41496,1,-3,-4,-30,27,-2041
3578544038,41496,4,-2,-6,-37,20,-2043
3578545038,41496,4,-1,-4,-34,29,-2039
3578546038,41496,-1,0,-3,-30,23,-2037
3578547038,41496,0,0,-3,-33,21,-2043
3578548038,41496,4,-4,-6,-29,20,-2054
3578549038,41496,1,-2,-4,-28,25,-2040
3578550038,41496,-1,0,-2,-29,19,-2047
3578551038,41496,3,-2,-4,-31,20,-2047
3578552038,41496,-1,-3,-4,-32,17,-2049
3578553038,41496,0,0,0,-32,19,-2041
3578554038,41496,-1,-3,0,-32,28,-2044
3578555038,41496,5,-2,-4,-33,25,-2048
3578556038,41496,1,-5,-8,-32,22,-2048
3578557038,41496,-3,0,-1,-35,23,-2048
3578558038,41496,-2,2,-3,-31,28,-2045
3578559038,41496,2,-6,-6,-39,21,-2039
3578560038,41496,0,1,-2,-28,29,-2049
3578561038,41496,4,-4,-7,-31,24,-2045
3578562038,41496,3,-1,-2,-24,23,-2049
3578563038,41496,3,-4,-3,-34,27,-2045
3578564038,41496,4,-4,-4,-27,19,-2039
3578565038,41496,2,-4,-6,-32,24,-2042
3578566038,41496,3,-2,-3,-31,24,-2047
3578567038,41496,5,-2,-4,-29,26,-2038
3578568038,41496,2,1,0,-33,19,-2046
3578569038,41496,3,-3,-4,-30,21,-2043
3578570038,41496,1,1,-3,-36,25,-2034
3578571038,41496,2,-6,-7,-36,19,-2048
3578572038,41496,6,-6,-5,-31,28,-2047
3578573038,41496,2,-4,-2,-37,23,-2046
3578574038,41496,5,-2,-2,-36,26,-2044
3578575038,41496,0,-1,-5,-39,22,-2044
3578576038,41496,-3,-2,0,-37,22,-2048
3578577038,41496,-1,-1,-2,-33,22,-2043
3578578038,41496,0,-1,-3,-33,29,-2035
3578579038,41496,-2,0,-1,-27,23,-2050
3578580038,41496,1,-2,-4,-33,25,-2041
3578581038,41496,2,-1,0,-23,20,-2038
3578582038,41496,2,-3,-3,-31,17,-2036
3578583038,41496,2,-3,-3,-29,27,-2043
3578584038,41496,1,-3,-5,-26,16,-2039
3578585038,41496,1,-2,-2,-35,27,-2043
3578586038,41496,3,2,-2,-29,27,-2044
3578587038,41496,1,-4,0,-32,26,-2047
3578588038,41496,3,-3,-3,-31,34,-2039
3578589038,41496,4,-1,-3,-29,26,-2043
3578590038,41496,1,-4,-7,-35,20,-2042
3578591038,41496,7,-8,-7,-34,23,-2048
3578592038,41496,1,-2,-3,-25,23,-2041
3578593038,41496,0,2,-3,-32,20,-2046
3578594038,41496,1,-2,-2,-40,22,-2042
3578595038,41496,1,1,-1,-30,24,-2041
3578596038,41496,3,-3,-5,-33,23,-2042
3578597038,41496,1,3,-2,-25,17,-2048
3578598038,41496,2,-5,-4,-33,22,-2052
3578599038,41496,4,-6,-4,-35,30,-2046
3578600038,41496,0,-5,-4,-33,26,-2040
3578601038,41496,3,-4,-7,-39,21,-2040
3578602038,41496,2,2,-2,-38,32,-2043
3578603038,41496,2,-1,-3,-30,25,-2046
3578604038,41496,-2,-2,-1,-32,24,-2040
3578605038,41496,4,-2,-4,-32,25,-2039
3578606038,41496,-2,-1,-2,-33,25,-2041
3578607038,41496,3,-6,-3,-26,19,-2042
3578608038,41496,1,-1,-2,-27,24,-2044
3578609038,41496,1,-3,-4,-29,18,-2039
3578610038,41496,1,-5,-5,-30,24,-2044
3578611038,41496,-4,1,1,-31,26,-2050
3578612038,41496,4,-6,-8,-37,23,-2046
3578613038,41496,6,-5,-5,-35,28,-2046
3578614038,41496,6,-5,-6,-28,17,-2044
3578615038,41496,2,-6,-6,-37,22,-2043
3578616038,41496,-2,0,-1,-40,23,-2040
3578617038,41496,1,-4,-2,-28,26,-2043
3578618038,41496,1,-2,-4,-31,9,-2038
3578619038,41496,0,2,-1,-32,22,-2053
3578620038,41496,3,-2,-3,-24,28,-2040
3578621038,41496,1,-2,-4,-32,23,-2037
3578622038,41496,2,-2,-6,-26,31,-2045
3578623038,41496,4,-4,-5,-38,21,-2045
3578624038,41496,0,-2,-6,-30,21,-2048
3578625038,41496,6,-4,-3,-24,21,-2049
3578626038,41496,5,-5,-5,-27,21,-2043
3578627038,41496,3,1,-7,-32,19,-2038
3578628038,41496,2,0,-6,-35,24,-2046
3578629038,41496,3,0,-4,-25,29,-2049
3578630038,41496,2,-4,-4,-35,26,-2044
3578631038,41496,0,-5,-3,-32,27,-2039
3578632038,41496,2,0,0,-25,23,-2039
3578633038,41496,6,-6,-7,-29,27,-2045
3578634038,41496,5,-4,-3,-33,26,-2050
3578635038,41496,3,-2,-4,-28,24,-2050
3578636038,41496,1,-8,-3,-30,23,-2038
3578637038,41496,5,-3,-4,-26,16,-2044
3578638038,41496,3,-4,-5,-29,25,-2042
3578639038,41496,2,-4,-2,-32,30,-2044
3578640038,41496,0,-1,-1,-26,26,-2049
3578641038,41496,-3,-3,-2,-30,19,-2043
3578642038,41496,6,-4,-2,-30,28,-2047
3578643038,41496,1,-7,-3,-33,26,-2051
3578644038,41496,0,-2,-4,-33,22,-2044
3578645038,41496,1,-4,-4,-34,19,-2042
3578646038,41496,0,-3,-2,-34,14,-2040
3578647038,41496,2,-1,-2,-33,19,-2043
3578648038,41496,3,-1,-1,-35,24,-2052
3578649038,41496,3,-5,-2,-29,25,-2052
3578650038,41496,1,-5,-3,-30,17,-2042
3578651038,41496,2,1,0,-40,24,-2046
3578652038,41496,-2,-3,-4,-29,23,-2045
3578653038,41496,5,-4,-5,-33,24,-2047
3578654038,41496,2,-5,-7,-28,24,-2047
3578655038,41496,6,-4,-5,-30,27,-2042
3578656038,41496,4,-3,-5,-31,18,-2045
3578657038,41496,-4,0,-6,-38,23,-2044
3578658038,41496,3,-5,-2,-28,29,-2047
3578659038,41496,2,0,-1,-28,19,-2043
3578660038,41496,2,-2,-4,-24,24,-2048
3578661038,41496,-1,-1,-4,-34,23,-2046
3578662038,41496,-1,2,-2,-31,27,-2048
3578663038,41496,3,-1,-7,-25,21,-2052
3578664038,41496,6,-5,-5,-37,27,-2045
3578665038,41496,0,0,-1,-31,19,-2044
3578666038,41496,7,-6,-5,-27,21,-2042
3578667038,41496,3,-2,-3,-26,21,-2044
3578668038,41496,4,-5,-5,-39,22,-2044
3578669038,41496,2,-4,-4,-36,19,-2046
3578670038,41496,-2,0,-3,-36,23,-2041
3578671038,41496,0,0,-7,-29,26,-2037
3578672039,41496,3,-1,-6,-33,22,-2042
3578673038,41496,2,-4,-3,-34,22,-2041
3578674039,41496,5,-3,-3,-31,19,-2043
3578675040,41496,3,0,-2,-32,14,-2041
3578676038,41496,5,0,-5,-38,31,-2056
3578677038,41496,5,-3,-3,-32,26,-2051
3578678038,41496,3,-2,-3,-29,25,-2042
3578679038,41496,2,-1,-4,-36,33,-2050
3578680038,41496,3,-2,-5,-33,23,-2044
3578681038,41496,4,-1,1,-30,22,-2041
3578682038,41496,0,2,-2,-36,17,-2039
3578683038,41496,3,-1,-1,-33,24,-2044
3578684038,41496,4,-3,-1,-22,24,-2045
3578685038,41496,-2,1,0,-27,21,-2045
3578686038,41496,-1,-2,-3,-29,15,-2039
3578687038,41496,6,-5,-5,-31,29,-2043
3578688038,41496,4,-1,-2,-30,21,-2045
3578689038,41496,1,-3,-5,-27,23,-2035
3578690038,41496,4,-3,-5,-28,30,-2053
3578691038,41496,2,-3,-5,-31,22,-2045
3578692038,41496,3,-4,-2,-37,15,-2049
3578693038,41496,3,-5,-3,-34,22,-2051
3578694038,41496,-1,1,-2,-30,25,-2045
3578695038,41496,1,-3,-2,-35,22,-2045
3578696038,41496,7,-4,-4,-32,29,-2041
3578697038,41496,2,0,-4,-33,27,-2046
3578698038,41496,5,-3,-6,-38,20,-2052
3578699038,41496,2,2,-6,-34,24,-2036
3578700038,41496,3,-5,-6,-29,27,-2037
3578701038,41496,2,-5,-6,-36,25,-2049
3578702038,41496,2,-3,-3,-34,31,-2045
3578703038,41496,1,-2,-3,-37,26,-2053
3578704038,41496,2,0,-3,-32,19,-2041
3578705038,41496,6,-4,-2,-31,23,-2043
3578706038,41496,0,1,1,-31,21,-2032
3578707038,41496,0,-3,-3,-30,29,-2038
3578708038,41496,4,0,-3,-35,27,-2043
3578709038,41496,3,-3,-2,-32,21,-2042
3578710038,41496,1,-2,-3,-34,20,-2047
3578711038,41496,0,-2,-2,-28,28,-2048
3578712038,41496,5,-3,-6,-36,19,-2041
3578713038,41496,4,-4,-3,-27,21,-2035
3578714038,41496,2,-6,-5,-30,26,-2042
3578715038,41496,-1,0,-6,-29,21,-2043
3578716038,41496,0,2,-2,-37,26,-2041
3578717038,41496,5,-3,-5,-31,26,-2048
3578718038,41496,1,-1,-2,-32,28,-2045
3578719038,41496,1,-4,-1,-30,26,-2038
3578720038,41496,1,-3,-1,-30,31,-2048
3578721038,41496,1,1,-5,-31,30,-2039
3578722038,41496,6,-3,-2,-22,26,-2044
3578723038,41496,0,-3,-5,-30,27,-2040
3578724038,41496,0,-2,-2,-31,26,-2042
3578725038,41496,1,-4,-5,-26,30,-2040
3578726038,41496,1,0,-2,-30,25,-2042
3578727038,41496,2,-4,-3,-36,25,-2043
3578728038,41496,4,-4,-3,-37,22,-2038
3578729038,41496,1,-1,-1,-30,21,-2044
3578730038,41496,-3,-2,-4,-32,17,-2044
3578731038,41496,2,0,-2,-30,22,-2048
3578732038,41496,4,-4,-1,-32,25,-2046
3578733038,41496,1,-2,0,-34,22,-2046
3578734038,41496,0,-1,-3,-28,23,-2055
3578735038,41496,5,-1,-5,-29,21,-2046
3578736038,41496,2,-4,-1,-32,20,-2050
3578737038,41496,3,-4,-3,-31,19,-2048
3578738038,41496,1,-5,-6,-30,26,-2042
3578739038,41496,1,-3,-3,-34,25,-2043
3578740038,41496,1,-5,-4,-31,22,-2044
3578741038,41496,1,-1,-5,-30,20,-2049
3578742038,41496,2,0,-4,-32,26,-2046
3578743038,41496,1,0,-3,-36,25,-2044
3578744038,41496,-2,-4,-3,-34,27,-2032
3578745038,41496,0,1,-1,-32,23,-2039
3578746038,41496,3,-4,-5,-32,32,-2044
3578747038,41496,4,-1,-1,-33,24,-2046
3578748038,41496,3,2,-3,-30,22,-2042
3578749038,41496,0,1,-2,-34,24,-2050
3578750038,41496,-1,-2,-1,-35,27,-2043
3578751038,41496,-2,-2,-3,-33,31,-2046
3578752038,41496,2,-2,-5,-34,20,-2049
3578753038,41496,2,-1,-4,-29,23,-2040
3578754038,41496,1,-2,-6,-30,26,-2040
3578755038,41496,1,-5,-3,-32,21,-2039
3578756038,41496,5,-3,-2,-37,26,-2033
3578757038,41496,4,-4,-5,-28,22,-2046
3578758038,41496,3,1,-4,-25,28,-2053
3578759038,41496,4,-3,-1,-36,21,-2042
3578760038,41496,1,0,-1,-36,27,-2047
3578761038,41496,4,-2,-4,-30,29,-2044
3578762038,41496,0,-3,-1,-33,25,-2042
3578763038,41496,4,2,-1,-31,27,-2037
3578764038,41496,2,-3,0,-26,22,-2048
3578765038,41496,1,0,-4,-31,24,-2053
3578766038,41496,0,-1,-3,-29,24,-2045
3578767038,41496,3,-3,-2,-38,29,-2041
3578768038,41496,2,-3,-3,-32,25,-2047
3578769038,41496,1,-5,-3,-29,21,-2048
3578770038,41496,3,-3,-3,-36,25,-2035
3578771038,41496,0,1,-2,-33,23,-2047
3578772038,41496,1,-3,-4,-29,28,-2049
3578773038,41496,3,-1,-1,-23,24,-2043
3578774038,41496,-2,1,-1,-32,24,-2049
3578775038,41496,4,-4,-4,-28,24,-2038
3578776038,41496,0,0,-1,-35,22,-2040
3578777038,41496,5,-2,-1,-37,31,-2049
3578778038,41496,3,-1,-6,-26,26,-2045
3578779038,41496,2,-2,-1,-33,26,-2039
3578780038,41496,-1,-3,-3,-32,21,-2046
3578781038,41496,2,-2,-4,-29,14,-2045
3578782038,41496,0,1,-3,-29,31,-2040
3578783038,41496,2,-4,-5,-32,28,-2054
3578784038,41496,4,-1,-3,-26,22,-2036
3578785038,41496,1,-2,-3,-37,18,-2037
3578786038,41496,3,-4,-5,-30,19,-2052
3578787038,41496,0,-2,-2,-27,27,-2044
3578788038,41496,5,-4,-4,-31,28,-2038
3578789038,41496,1,-2,-4,-27,19,-2046
3578790038,41496,3,1,-3,-39,29,-2047
3578791038,41496,5,-5,-5,-32,27,-2052
3578792038,41496,4,0,-6,-35,29,-2051
3578793038,41496,4,0,-4,-34,25,-2042
3578794038,41496,1,-4,-5,-34,22,-2049
3578795038,41496,1,0,-1,-25,27,-2050
3578796038,41496,0,-2,-1,-31,19,-2041
3578797038,41496,3,-3,-1,-25,24,-2044
3578798038,41496,0,-3,-3,-29,25,-2051
3578799038,41496,0,0,-2,-27,28,-2051
3578800038,41496,0,-2,-1,-39,22,-2045
3578801038,41496,1,-3,-3,-30,24,-2047
3578802038,41496,2,-4,-6,-30,16,-2051
3578803038,41496,3,2,-2,-27,22,-2045
3578804038,41496,2,-2,-4,-40,25,-2043
3578805038,41496,3,-5,-2,-27,20,-2046
3578806038,41496,-2,-1,-2,-34,22,-2044
3578807038,41496,4,-3,-2,-26,28,-2045
3578808038,41496,1,-1,-3,-31,30,-2045
3578809038,41496,-1,-4,2,-30,25,-2043
3578810038,41496,3,-5,-2,-31,31,-2046
3578811038,41496,1,-4,-2,-33,27,-2041
3578812038,41496,3,-4,-2,-27,23,-2046
3578813038,41496,1,-2,-2,-34,23,-2039
3578814038,41496,3,-1,-1,-35,21,-2042
3578815038,41496,3,-2,0,-34,23,-2049
3578816038,41496,1,-5,1,-24,16,-2046
3578817038,41496,3,-2,-5,-26,31,-2041
3578818038,41496,7,-3,-4,-37,25,-2047
3578819038,41496,5,-3,-5,-37,16,-2054
3578820038,41496,3,-1,-3,-26,23,-2055
3578821038,41496,1,-4,-3,-33,17,-2036
3578822038,41496,2,-1,-2,-28,20,-2041
3578823038,41496,6,-10,-6,-35,20,-2038
3578824038,41496,0,-2,-2,-42,27,-2038
3578825038,41496,4,3,-2,-32,16,-2043
3578826038,41496,-2,-4,-3,-32,20,-2044
3578827038,41496,3,-3,-3,-33,15,-2045
3578828038,41496,3,-4,-6,-35,31,-2048
3578829038,41496,1,-3,-5,-35,26,-2045
3578830038,41496,2,-1,-1,-29,26,-2045
3578831038,41496,3,-4,-3,-33,22,-2049
3578832038,41496,4,-3,-3,-27,20,-2037
3578833038,41496,1,-2,-5,-31,23,-2039
3578834038,41496,1,-2,-2,-27,26,-2038
3578835038,41496,2,-2,-1,-35,24,-2051
3578836038,41496,0,0,-3,-38,28,-2041
3578837038,41496,7,-5,-5,-30,24,-2047
3578838038,41496,2,-5,-4,-32,17,-2044
3578839038,41496,4,-3,-5,-40,19,-2043
3578840038,41496,-1,-1,0,-35,25,-2053
3578841038,41496,6,-1,-3,-24,19,-2048
3578842038,41496,2,-5,-1,-34,30,-2040
3578843038,41496,2,0,-2,-37,25,-2048
3578844038,41496,4,-2,-3,-35,22,-2042
3578845038,41496,2,-2,-2,-32,32,-2047
3578846038,41496,0,1,-3,-42,27,-2049
3578847038,41496,0,2,-4,-35,23,-2046
3578848038,41496,1,-3,-4,-27,33,-2049
3578849038,41496,2,1,-2,-35,21,-2044
3578850038,41496,3,-5,-5,-33,21,-2048
3578851038,41496,2,-3,-1,-25,30,-2045
3578852038,41496,-2,-4,-5,-39,26,-2049
3578853038,41496,2,-2,-6,-26,26,-2049
3578854038,41496,-1,-4,-1,-29,24,-2044
3578855038,41496,0,-5,-2,-27,24,-2049
3578856038,41496,3,-2,-3,-28,22,-2038
3578857038,41496,2,-2,-5,-27,27,-2041
3578858038,41496,-1,1,-2,-31,26,-2049
3578859038,41496,2,-4,-7,-35,27,-2034
3578860038,41496,2,-2,-2,-32,28,-2044
3578861038,41496,0,-2,-1,-36,27,-2043
3578862038,41496,-1,-2,-2,-26,25,-2046
3578863038,41496,3,-4,-4,-36,24,-2048
3578864038,41496,-1,-2,-2,-41,26,-2037
3578865038,41496,1,2,-6,-32,20,-2051
3578866038,41496,-1,2,-1,-28,22,-2043
3578867038,41496,4,-1,-6,-37,26,-2041
3578868038,41496,-1,1,-2,-26,25,-2041
3578869038,41496,1,-1,-2,-29,25,-2050
3578870038,41496,4,-2,-1,-31,21,-2043
3578871038,41496,6,-2,-4,-31,25,-2042
3578872038,41496,1,0,-6,-35,25,-2043
3578873038,41496,0,1,-2,-25,27,-2042
3578874038,41496,3,-2,-4,-29,21,-2039
3578875038,41496,-1,-2,0,-32,27,-2041
3578876038,41496,-1,-3,0,-37,23,-2040
3578877038,41496,1,-1,-6,-33,18,-2044
3578878038,41496,1,0,-5,-36,23,-2042
3578879038,41496,2,-3,-3,-30,23,-2044
3578880038,41496,-1,0,1,-33,25,-2042
3578881038,41496,6,-3,-4,-27,26,-2037
3578882038,41496,0,-3,-1,-34,24,-2039
3578883038,41496,0,-2,-4,-32,22,-2035
3578884038,41496,0,-1,-4,-30,24,-2043
3578885038,41496,2,-4,-1,-31,28,-2041
3578886038,41496,5,1,-6,-31,24,-2046
3578887038,41496,-1,-5,-8,-29,27,-2041
3578888038,41496,0,-2,-6,-22,23,-2045
3578889038,41496,1,-1,-4,-34,28,-2042
3578890038,41496,3,-5,-1,-26,24,-2048
3578891038,41496,5,-3,-4,-32,22,-2039
3578892038,41496,1,-3,-2,-40,22,-2042
3578893038,41496,2,-5,-6,-29,29,-2049
3578894038,41496,-1,-1,-3,-29,23,-2044
3578895038,41496,1,-3,-2,-37,29,-2045
3578896038,41496,4,-3,-3,-31,24,-2050
3578897038,41496,2,0,-8,-32,25,-2045
3578898038,41496,1,-2,-4,-36,21,-2044
3578899038,41496,5,-2,-6,-35,26,-2050
3578900038,41496,-1,-1,-2,-36,32,-2046
3578901038,41496,0,-1,-2,-31,27,-2049
3578902038,41496,1,-2,0,-31,21,-2045
3578903038,41496,4,-2,1,-37,23,-2045
3578904038,41496,-3,-3,-3,-29,23,-2042
3578905038,41496,4,-1,-4,-33,21,-2037
3578906038,41496,3,-3,-4,-30,23,-2041
3578907038,41496,3,-2,-2,-32,18,-2053
3578908038,41496,1,-4,-6,-34,27,-2046
3578909038,41496,3,-3,-2,-28,29,-2045
3578910038,41496,1,-2,0,-32,22,-2045
3578911038,41496,2,-2,-1,-31,32,-2043
3578912038,41496,3,-1,-5,-34,27,-2041
3578913038,41496,2,-2,-2,-25,20,-2042
3578914038,41496,2,-3,-4,-31,24,-2040
3578915038,41496,-1,-5,-2,-34,24,-2045
3578916038,41496,2,-2,-1,-34,21,-2040
3578917038,41496,5,-2,-5,-42,30,-2043
3578918038,41496,-2,0,0,-35,31,-2047
3578919038,41496,2,-3,0,-28,25,-2047
3578920038,41496,4,-4,0,-26,23,-2040
3578921038,41496,2,-1,-2,-36,19,-2040
3578922038,41496,3,-3,-5,-37,23,-2053
3578923038,41496,3,-3,-3,-31,27,-2048
3578924038,41496,1,-3,-3,-33,22,-2052
3578925038,41496,3,0,-5,-37,17,-2052
3578926038,41496,6,-3,0,-31,22,-2042
3578927038,41496,0,0,-5,-27,30,-2041
3578928038,41496,2,-4,2,-32,22,-2052
3578929038,41496,1,-1,-4,-34,24,-2044
3578930038,41496,3,-1,-1,-35,28,-2049
3578931038,41496,3,-3,-4,-35,25,-2046
3578932038,41496,1,1,0,-33,25,-2045
3578933038,41496,3,-2,-3,-29,23,-2040
3578934038,41496,6,-4,-5,-32,22,-2042
3578935038,41496,3,-5,-4,-26,20,-2037
3578936038,41496,1,1,-4,-31,27,-2047
3578937038,41496,0,-4,-2,-34,28,-2042
3578938038,41496,1,-2,-1,-36,22,-2041
3578939038,41496,-2,3,2,-29,25,-2038
3578940038,41496,0,1,-2,-34,27,-2043
3578941038,41496,2,-7,-4,-34,26,-2050
3578942038,41496,2,-4,-5,-27,27,-2043
3578943038,41496,1,-4,-3,-35,25,-2039
3578944038,41496,4,-4,-4,-30,25,-2044
3578945038,41496,2,1,-2,-31,25,-2043
3578946038,41496,4,-7,-5,-38,19,-2045
3578947038,41496,3,-2,-3,-37,21,-2046
3578948038,41496,1,-4,-3,-34,24,-2047
3578949038,41496,2,-6,-8,-38,25,-2049
3578950038,41496,-1,0,-4,-28,16,-2052
3578951038,41496,3,-1,-4,-33,27,-2050
3578952038,41496,0,-2,-1,-32,30,-2043
3578953038,41496,0,-2,0,-36,27,-2037
3578954038,41496,7,-4,-5,-29,20,-2039
3578955038,41496,3,-1,1,-36,23,-2052
3578956038,41496,0,-1,0,-40,23,-2047
3578957038,41496,1,-1,1,-39,21,-2047
3578958038,41496,3,-1,-2,-28,31,-2042
3578959038,41496,5,-4,-7,-32,23,-2046
3578960038,41496,5,-5,-9,-27,24,-2037
3578961038,41496,3,1,-6,-30,29,-2038
3578962038,41496,3,-4,-6,-31,24,-2045
3578963038,41496,2,0,-4,-28,26,-2046
3578964038,41496,1,0,-8,-31,18,-2044
3578965038,41496,1,1,-7,-32,26,-2046
3578966038,41496,6,-3,-3,-34,23,-2045
3578967038,41496,1,-6,-3,-32,18,-2047
3578968038,41496,5,-4,-2,-26,23,-2041
3578969038,41496,-2,0,-1,-30,19,-2042
3578970038,41496,3,-3,-2,-31,25,-2045
3578971038,41496,3,-3,-1,-34,25,-2041
3578972038,41496,3,-1,-4,-33,23,-2045
3578973038,41496,2,-2,0,-28,27,-2044
3578974038,41496,1,-3,-5,-32,23,-2056
3578975038,41496,2,-7,-4,-38,16,-2044
3578976038,41496,1,-2,-2,-29,28,-2046
3578977038,41496,2,-2,-4,-36,20,-2046
3578978038,41496,7,-10,-8,-23,24,-2044
3578979038,41496,3,-5,-5,-31,22,-2045
3578980038,41496,1,-5,-5,-34,28,-2037
3578981038,41496,1,-2,-4,-32,24,-2039
3578982038,41496,2,-6,-4,-33,17,-2048
3578983038,41496,4,-1,-4,-31,20,-2046
3578984038,41496,-1,-5,-1,-34,26,-2049
3578985038,41496,-1,-2,-2,-35,23,-2042
3578986038,41496,3,-2,-6,-30,26,-2043
3578987038,41496,2,1,-3,-31,21,-2050
3578988038,41496,1,-5,-3,-37,27,-2045
3578989038,41496,-2,-1,-5,-34,21,-2041
3578990038,41496,3,-5,-7,-31,25,-2040
3578991038,41496,2,-3,-3,-32,27,-2044
3578992038,41496,1,-1,-1,-30,21,-2046
3578993038,41496,3,-3,-2,-33,22,-2047
3578994038,41496,5,-3,-5,-25,24,-2044
3578995038,41496,3,-5,-5,-29,17,-2044
3578996038,41496,3,-2,-2,-30,19,-2050
3578997038,41496,2,-6,-7,-28,22,-2050
3578998038,41496,5,-4,-5,-37,27,-2042
3578999038,41496,1,-2,-5,-36,25,-2037
3579000038,41496,3,-1,-5,-33,24,-2034
3579001038,41496,0,-1,-5,-29,14,-2041
3579002038,41496,3,-3,-6,-33,19,-2048
3579003038,41496,2,0,-5,-32,22,-2047
3579004038,41496,4,-6,-1,-40,26,-2042
3579005038,41496,0,1,-6,-29,23,-2050
3579006038,41496,1,-3,-1,-30,22,-2046
3579007038,41496,4,-2,-3,-28,22,-2052
3579008038,41496,5,-6,-5,-28,28,-2032
3579009038,41496,-1,3,-1,-35,24,-2039
3579010038,41496,0,-4,-2,-32,26,-2045
3579011038,41496,4,-3,-5,-32,26,-2047
3579012038,41496,3,-6,-3,-35,17,-2037
3579013038,41496,3,-1,-4,-30,20,-2047
3579014038,41496,-1,-1,-2,-29,28,-2050
3579015038,41496,1,-3,-3,-30,30,-2034
3579016038,41496,7,-2,-4,-36,21,-2037
3579017038,41496,3,-1,-2,-34,15,-2046
3579018038,41496,2,-4,-2,-30,22,-2049
3579019038,41496,1,0,-2,-36,21,-2042
3579020038,41496,1,1,-2,-37,20,-2047
3579021038,41496,2,-5,-4,-35,17,-2044
3579022038,41496,2,-1,-5,-25,29,-2039
3579023038,41496,2,-1,-2,-31,22,-2045
3579024038,41496,-1,-4,-2,-29,23,-2043
3579025038,41496,3,-2,-5,-35,21,-2043
3579026038,41496,3,-6,-7,-36,26,-2048
3579027038,41496,-1,-1,-3,-27,15,-2051
3579028038,41496,3,1,-2,-36,18,-2050
3579029038,41496,5,-7,-4,-35,23,-2051
3579030038,41496,2,-4,-4,-39,25,-2046
3579031038,41496,1,-2,-6,-32,26,-2046
3579032038,41496,-1,0,-3,-31,25,-2040
3579033038,41496,1,1,-2,-26,25,-2041
3579034038,41496,7,-1,-3,-35,23,-2044
3579035038,41496,0,-3,-7,-31,19,-2036
3579036038,41496,2,-1,-9,-37,28,-2047
3579037038,41496,0,-3,-3,-30,35,-2044
3579038038,41496,2,-6,-3,-32,21,-2034
3579039038,41496,4,-5,-5,-37,15,-2040
3579040038,41496,1,-4,-3,-30,17,-2052
3579041038,41496,2,1,-2,-43,23,-2046
3579042038,41496,3,0,0,-35,27,-2042
3579043038,41496,0,0,-4,-32,11,-2048
3579044038,41496,1,-2,-3,-34,25,-2043
3579045038,41496,0,-2,1,-28,25,-2042
3579046038,41496,2,-2,-4,-34,14,-2050
3579047038,41496,3,-3,-5,-39,22,-2043
3579048038,41496,6,-4,-6,-37,23,-2037
3579049038,41496,3,-1,-5,-34,22,-2043
3579050038,41496,-1,0,-4,-32,24,-2044
3579051038,41496,2,-6,-4,-28,24,-2045
3579052038,41496,1,-4,-2,-33,26,-2040
3579053038,41496,1,-1,-2,-35,29,-2047
3579054038,41496,5,-1,-7,-43,21,-2041
3579055038,41496,0,-1,-3,-36,22,-2042
3579056038,41496,-1,-4,-4,-33,24,-2038
3579057038,41496,-3,1,-1,-26,27,-2043
3579058038,41496,3,1,-4,-30,26,-2048
3579059038,41496,4,-1,-4,-30,19,-2044
3579060038,41496,-1,-1,-1,-28,24,-2047
3579061038,41496,2,-5,-6,-33,25,-2047
3579062038,41496,3,-4,-3,-35,29,-2046
3579063038,41496,-1,0,0,-26,23,-2043
3579064038,41496,2,-1,-3,-37,27,-2040
3579065038,41496,2,1,-1,-26,19,-2052
3579066038,41496,5,-3,-1,-31,21,-2048
3579067038,41496,2,-1,2,-34,17,-2059
3579068038,41496,3,-2,-3,-31,22,-2052
3579069038,41496,4,-7,-2,-29,22,-2044
3579070038,41496,4,-5,-1,-24,21,-2046
3579071038,41496,3,-4,-2,-31,16,-2040
3579072038,41496,-1,3,-1,-31,19,-2039
3579073038,41496,1,0,-5,-31,18,-2041
3579074038,41496,6,-4,-5,-30,21,-2048
3579075038,41496,2,-4,-4,-29,29,-2049
3579076038,41496,1,-2,-2,-32,20,-2040
3579077038,41496,4,-4,-5,-28,22,-2043
3579078038,41496,1,-5,-2,-33,19,-2045
3579079038,41496,1,-5,-8,-37,24,-2041
3579080038,41496,1,-2,-4,-29,25,-2042
3579081038,41496,3,-1,-2,-41,22,-2050
3579082038,41496,3,-2,-5,-37,25,-2046
3579083038,41496,4,-4,-6,-29,24,-2045
3579084038,41496,-1,-2,0,-33,18,-2046
3579085038,41496,0,-6,-2,-41,34,-2042
3579086038,41496,5,-5,-8,-34,21,-2051
3579087038,41496,0,0,-1,-26,27,-2048
3579088038,41496,7,-2,2,-32,21,-2047
3579089038,41496,0,-1,-4,-32,27,-2042
3579090038,41496,4,-5,-6,-26,27,-2047
3579091038,41496,-1,1,-4,-39,25,-2041
3579092038,41496,2,-1,-3,-33,22,-2046
3579093038,41496,3,-6,-2,-30,25,-2045
3579094038,41496,5,-5,-2,-36,30,-2050
3579095038,41496,0,-3,0,-30,22,-2042
3579096038,41496,4,-1,-2,-28,24,-2043
3579097038,41496,1,0,-4,-38,22,-2047
3579098038,41496,4,-2,-4,-29,24,-2047
3579099038,41496,1,0,-7,-30,25,-2040
3579100038,41496,0,-2,-7,-35,25,-2051
3579101038,41496,3,-6,-4,-33,20,-2051
3579102038,41496,0,-2,-2,-31,19,-2049
3579103038,41496,2,-3,-3,-35,19,-2039
3579104038,41496,0,-4,-5,-42,22,-2038
3579105038,41496,2,-1,-5,-33,24,-2039
3579106038,41496,3,-4,-1,-42,29,-2045
3579107038,41496,0,-5,-2,-36,30,-2047
3579108038,41496,2,-5,-3,-31,23,-2046
3579109038,41496,9,-3,-4,-31,19,-2041
3579110038,41496,-1,1,1,-31,22,-2049
3579111038,41496,4,-6,-5,-30,20,-2037
3579112038,41496,2,-5,-3,-34,22,-2045
3579113038,41496,-5,2,-5,-34,29,-2052
3579114038,41496,2,-6,-4,-26,23,-2045
3579115038,41496,2,-6,-3,-28,32,-2045
3579116038,41496,1,-2,-5,-34,27,-2044
3579117038,41496,4,-6,-6,-35,30,-2038
3579118038,41496,5,-3,-6,-35,25,-2043
3579119038,41496,2,0,-3,-28,23,-2044
3579120038,41496,7,-8,-4,-31,17,-2044
3579121038,41496,2,-1,0,-33,29,-2050
3579122038,41496,5,-5,-4,-29,20,-2043
3579123038,41496,1,-3,-2,-35,18,-2049
3579124038,41496,2,-4,-7,-28,15,-2041
3579125038,41496,3,-4,-2,-36,12,-2051
3579126038,41496,4,-3,-5,-32,22,-2047
3579127038,41496,2,0,-1,-31,27,-2047
3579128038,41496,3,-6,-6,-28,37,-2042
3579129038,41496,3,-3,-5,-36,27,-2055
3579130038,41496,3,-3,-5,-29,23,-2038
3579131038,41496,2,-3,-2,-32,21,-2038
3579132038,41496,1,-4,-1,-35,22,-2041
3579133038,41496,1,-2,-5,-28,26,-2047
3579134038,41496,1,-5,-3,-35,29,-2050
3579135038,41496,-3,1,-3,-25,26,-2048
3579136038,41496,3,-4,-4,-35,25,-2048
3579137038,41496,-1,2,1,-32,23,-2040
3579138038,41496,3,-4,-1,-23,19,-2045
3579139038,41496,2,-7,-2,-32,24,-2038
3579140038,41496,2,1,-1,-31,29,-2042
3579141038,41496,2,-2,-4,-33,29,-2041
3579142038,41496,3,0,-5,-34,24,-2047
3579143038,41496,1,0,-2,-32,23,-2051
3579144038,41496,1,-4,-4,-39,28,-2043
3579145038,41496,2,-3,-3,-38,20,-2047
3579146038,41496,3,-3,-5,-36,23,-2046
3579147038,41496,1,-3,-4,-30,28,-2040
3579148038,41496,-1,1,-2,-24,22,-2044
3579149038,41496,2,0,-2,-35,22,-2044
3579150038,41496,2,-2,-2,-30,24,-2051
3579151038,41496,0,0,-3,-28,24,-2047
3579152038,41496,4,-2,-4,-30,24,-2044
3579153038,41496,-1,-1,-5,-34,30,-2045
3579154038,41496,4,-2,-5,-30,22,-2052
3579155038,41496,1,-1,-5,-33,22,-2040
3579156038,41496,0,-2,-3,-33,26,-2049
3579157038,41496,2,-2,-3,-29,32,-2038
3579158038,41496,2,-2,-3,-33,26,-2040
3579159038,41496,4,-1,-1,-34,24,-2041
3579160038,41496,0,-3,-4,-34,25,-2050
3579161038,41496,3,-2,1,-31,21,-2051
3579162038,41496,2,-1,-3,-32,26,-2042
3579163038,41496,2,1,-4,-31,25,-2050
3579164038,41496,4,-4,-5,-26,27,-2040
3579165038,41496,4,-2,-3,-30,24,-2045
3579166038,41496,4,-5,-4,-32,29,-2050
3579167038,41496,0,-2,-4,-36,22,-2040
3579168038,41496,2,-1,-3,-34,27,-2043
3579169038,41496,1,-3,-5,-30,27,-2039
3579170038,41496,1,-2,-3,-24,21,-2046
3579171038,41496,-1,-1,-3,-32,23,-2036
3579172038,41496,0,-2,0,-27,17,-2043
3579173038,41496,-1,-4,-4,-36,21,-2043
3579174038,41496,3,-1,-4,-36,25,-2046
3579175038,41496,1,1,-3,-35,32,-2044
3579176038,41496,6,-6,-4,-33,29,-2041
3579177038,41496,6,-5,-4,-29,21,-2047
3579178038,41496,-3,2,-2,-30,18,-2044
3579179038,41496,3,-5,-2,-29,22,-2041
3579180038,41496,1,-2,-4,-38,19,-2050
3579181038,41496,-2,-5,0,-40,24,-2045
3579182038,41496,1,-2,-5,-35,23,-2051
3579183038,41496,1,-3,-2,-33,23,-2048
3579184038,41496,5,-1,-6,-36,24,-2047
3579185038,41496,2,-1,-2,-36,23,-2039
3579186038,41496,2,-1,-3,-30,22,-2047
3579187038,41496,2,-4,-4,-27,26,-2047
3579188038,41496,1,0,-3,-30,28,-2049
3579189038,41496,5,-6,-5,-32,29,-2045
3579190038,41496,2,-4,-2,-34,26,-2038
3579191038,41496,6,-3,-4,-35,29,-2056
3579192038,41496,1,-2,-2,-34,26,-2040
3579193038,41496,4,-5,-6,-35,24,-2038
3579194038,41496,1,-1,-3,-30,24,-2039
3579195038,41496,5,-6,-4,-33,32,-2056
3579196038,41496,3,0,-4,-33,20,-2047
3579197038,41496,3,-4,-4,-35,26,-2039
3579198038,41496,4,-7,-3,-31,30,-2049
3579199038,41496,1,1,0,-28,22,-2046
3579200038,41496,3,-2,-3,-28,24,-2055
3579201038,41496,1,1,-4,-38,30,-2048
3579202038,41496,3,-4,-3,-28,21,-2040
3579203038,41496,2,-2,-6,-40,21,-2037
3579204038,41496,2,-7,-5,-34,21,-2043
3579205038,41496,2,-2,-2,-34,25,-2045
3579206038,41496,5,-2,-4,-44,26,-2041
3579207038,41496,1,-2,-2,-32,19,-2048
3579208038,41496,4,-3,-5,-32,25,-2045
3579209038,41496,2,1,-3,-36,25,-2043
3579210038,41496,2,-6,-3,-30,26,-2053
3579211038,41496,5,-4,-4,-32,28,-2039
3579212038,41496,0,-1,-2,-40,24,-2046
3579213038,41496,2,-4,-1,-39,27,-2039
3579214038,41496,0,0,-5,-34,21,-2046
3579215038,41496,5,-2,-1,-32,20,-2054
3579216038,41496,0,-2,-1,-32,24,-2045
3579217038,41496,-1,-2,-3,-33,19,-2039
3579218038,41496,2,-2,-3,-30,25,-2046
3579219038,41496,4,-4,-4,-39,19,-2038
3579220038,41496,3,-2,-6,-33,28,-2044
3579221038,41496,3,-2,-4,-35,18,-2050
3579222038,41496,4,-2,-6,-32,19,-2046
3579223038,41496,2,-2,-4,-35,27,-2035
3579224038,41496,-3,-3,-3,-35,27,-2044
3579225038,41496,0,0,-2,-32,22,-2046
3579226038,41496,1,-1,-2,-34,20,-2046
3579227038,41496,3,-4,-1,-29,25,-2050
3579228038,41496,1,0,-2,-36,17,-2048
3579229038,41496,-2,-1,-3,-36,22,-2047
3579230038,41496,6,-6,-6,-36,19,-2041
3579231038,41496,0,-2,-1,-35,19,-2042
3579232038,41496,3,-3,-4,-33,23,-2046
3579233038,41496,2,0,-6,-38,21,-2046
3579234038,41496,3,-2,-3,-25,21,-2037
3579235038,41496,4,-6,-6,-33,24,-2040
3579236038,41496,2,0,-7,-36,17,-2043
3579237038,41496,1,-3,-3,-28,24,-2038
3579238038,41496,6,-5,-3,-32,27,-2048
3579239038,41496,0,-1,-2,-33,23,-2042
3579240038,41496,3,0,-4,-38,29,-2047
3579241038,41496,2,-4,-4,-38,24,-2047
3579242038,41496,-1,-1,-3,-35,20,-2046
3579243038,41496,3,-3,-6,-30,17,-2047
3579244038,41496,-1,0,-3,-30,28,-2053
3579245038,41496,2,1,-5,-29,22,-2045
3579246038,41496,3,-1,-3,-34,19,-2044
3579247038,41496,1,-2,-3,-36,19,-2041
3579248038,41496,5,-4,-3,-35,31,-2051
3579249038,41496,-2,0,-2,-34,27,-2047
3579250038,41496,5,-1,-5,-29,18,-2044
3579251038,41496,2,-4,-4,-28,26,-2049
3579252038,41496,1,-1,-2,-33,23,-2050
3579253038,41496,1,-5,-5,-40,25,-2038
3579254038,41496,0,-1,-3,-27,21,-2046
3579255038,41496,2,-2,-5,-29,26,-2040
3579256038,41496,3,-4,-1,-23,12,-2040
3579257038,41496,-2,-3,-4,-33,27,-2044
3579258038,41496,0,2,-3,-32,24,-2049
3579259038,41496,1,-2,-4,-24,30,-2047
3579260038,41496,4,-4,-2,-26,19,-2049
3579261038,41496,0,-1,-3,-34,22,-2038
3579262038,41496,2,-4,-4,-37,35,-2040
3579263038,41496,3,-4,-5,-39,18,-2047
3579264038,41496,6,-6,-4,-26,21,-2042
3579265038,41496,-1,-2,-2,-29,25,-2050
3579266038,41496,1,0,-5,-34,24,-2042
3579267038,41496,2,-2,-5,-36,23,-2041
3579268038,41496,-1,-1,-4,-27,24,-2049
3579269038,41496,1,-3,-3,-28,29,-2044
3579270038,41496,4,-3,-4,-36,20,-2044
3579271038,41496,1,-4,-3,-27,21,-2041
3579272038,41496,2,-3,-1,-34,23,-2042
3579273038,41496,1,-1,-3,-32,18,-2048
3579274038,41496,3,-4,-3,-35,24,-2044
3579275038,41496,4,-4,-1,-32,20,-2046
3579276038,41496,2,-1,-4,-30,29,-2045
3579277038,41496,0,1,-2,-23,29,-2042
3579278038,41496,5,-5,-4,-33,22,-2040
3579279038,41496,-1,0,-7,-34,21,-2036
3579280038,41496,6,-4,-7,-36,29,-2048
3579281038,41496,1,-4,-4,-39,24,-2042
3579282038,41496,1,-1,-7,-27,24,-2047
3579283038,41496,0,0,-1,-39,21,-2047
3579284038,41496,1,-5,-6,-29,28,-2042
3579285038,41496,3,-4,-7,-32,21,-2048
3579286038,41496,6,-5,-5,-41,29,-2045
3579287038,41496,4,-4,-5,-27,23,-2045
3579288038,41496,2,0,-2,-29,28,-2046
3579289038,41496,1,-1,-3,-34,22,-2042
3579290038,41496,2,-3,-3,-25,24,-2042
3579291038,41496,2,-5,-4,-32,24,-2048
3579292038,41496,-2,-3,-4,-40,21,-2043
3579293038,41496,3,0,0,-36,27,-2048
3579294038,41496,3,-4,-1,-35,25,-2044
3579295038,41496,3,-4,0,-30,32,-2042
3579296038,41496,5,-4,-1,-36,24,-2048
3579297038,41496,5,-3,-3,-33,18,-2041
3579298038,41496,1,-1,-4,-30,20,-2047
3579299038,41496,5,-3,-6,-29,25,-2044
3579300038,41496,2,-1,-2,-31,23,-2044
3579301038,41496,5,-8,-5,-27,26,-2043
3579302038,41496,1,0,-3,-31,25,-2041
3579303038,41496,1,0,-3,-41,24,-2045
3579304038,41496,-1,-1,-2,-38,25,-2052
3579305038,41496,0,-2,-4,-34,19,-2041
3579306038,41496,-2,2,-2,-38,31,-2040
3579307038,41496,1,-2,-4,-28,24,-2045
3579308038,41496,1,-3,-8,-26,20,-2042
3579309038,41496,3,-2,-3,-45,28,-2049
3579310038,41496,3,2,-2,-37,21,-2042
3579311038,41496,2,-4,-4,-34,21,-2044
3579312038,41496,4,-7,-6,-34,21,-2036
3579313038,41496,2,-2,-3,-30,20,-2054
3579314038,41496,2,0,-2,-35,24,-2041
3579315038,41496,2,-3,-1,-28,20,-2040
3579316038,41496,3,-3,-4,-31,26,-2046
3579317038,41496,1,-1,-4,-29,20,-2040
3579318038,41496,5,-3,-4,-29,23,-2044
3579319038,41496,2,-2,2,-31,25,-2049
3579320038,41496,3,-3,-4,-27,23,-2049
3579321038,41496,4,-6,-3,-35,23,-2042
3579322038,41496,1,-1,-1,-31,20,-2044
3579323038,41496,-1,-2,-3,-28,26,-2047
3579324038,41496,5,-3,-4,-35,24,-2048
3579325038,41496,2,-1,-2,-34,24,-2041
3579326038,41496,2,-2,-4,-31,27,-2046
3579327038,41496,0,-1,-1,-30,24,-2045
3579328038,41496,3,-2,-3,-33,23,-2044
3579329038,41496,2,0,-4,-30,25,-2044
3579330038,41496,1,-3,-3,-31,23,-2046
3579331038,41496,5,-4,-3,-34,31,-2045
3579332038,41496,0,0,-6,-39,24,-2045
3579333038,41496,6,-6,-4,-28,27,-2044
3579334038,41496,0,-2,-5,-37,24,-2045
3579335038,41496,0,-3,-2,-35,21,-2049
3579336038,41496,2,-5,-4,-30,29,-2037
3579337038,41496,0,-3,-4,-32,28,-2046
3579338038,41496,2,-4,-3,-27,22,-2046
3579339038,41496,-1,-5,-4,-34,15,-2048
3579340038,41496,1,-2,-3,-38,20,-2048
3579341038,41496,2,-3,-4,-30,25,-2046
3579342038,41496,4,-8,-5,-34,27,-2044
3579343038,41496,1,3,-2,-29,19,-2046
3579344038,41496,2,-6,-3,-36,27,-2043
3579345038,41496,4,-4,-3,-31,19,-2049
3579346038,41496,2,-1,-1,-37,20,-2050
3579347038,41496,1,-4,-6,-34,29,-2044
3579348038,41496,3,-3,-3,-29,25,-2041
3579349038,41496,2,-1,-5,-35,28,-2040
3579350038,41496,-1,-4,-3,-37,26,-2046
3579351038,41496,4,-5,-4,-31,32,-2033
3579352038,41496,-2,-2,-3,-26,24,-2037
3579353038,41496,4,-7,-8,-34,24,-2039
3579354038,41496,0,0,-3,-33,29,-2045
3579355038,41496,3,-4,-2,-28,23,-2039
3579356038,41496,1,-4,-2,-33,20,-2047
3579357038,41496,4,0,-2,-30,28,-2045
3579358038,41496,1,-7,-5,-28,24,-2055
3579359038,41496,1,-3,0,-41,28,-2049
3579360038,41496,2,-3,-5,-37,22,-2047
3579361038,41496,-1,-3,-1,-32,24,-2040
3579362038,41496,-1,1,-2,-36,19,-2043
3579363038,41496,3,-3,-1,-31,25,-2046
3579364038,41496,1,0,-2,-31,21,-2044
3579365038,41496,4,-1,-2,-25,20,-2041
3579366038,41496,-2,1,0,-33,19,-2047
3579367038,41496,1,0,-1,-30,25,-2039
3579368038,41496,2,-2,-5,-39,26,-2048
3579369038,41496,4,-5,-2,-29,24,-2045
3579370038,41496,0,-4,-2,-32,17,-2041
3579371038,41496,2,-4,-3,-22,26,-2041
3579372038,41496,0,-4,-4,-30,20,-2044
3579373038,41496,1,-2,-3,-40,20,-2035
3579374038,41496,3,-1,-2,-38,22,-2045
3579375038,41496,3,-4,-4,-32,25,-2042
3579376038,41496,5,0,-4,-35,23,-2048
3579377038,41496,1,-3,-4,-26,17,-2046
3579378038,41496,2,0,-1,-36,28,-2041
3579379038,41496,0,-3,-3,-26,17,-2043
3579380038,41496,-2,-2,-3,-29,26,-2038
3579381038,41496,0,-4,-1,-34,19,-2046
3579382038,41496,1,-5,-1,-39,19,-2048
3579383038,41496,-1,1,0,-27,22,-2050
3579384038,41496,4,-3,-5,-33,24,-2047
3579385038,41496,2,-4,-2,-28,28,-2046
3579386038,41496,1,-2,-1,-41,23,-2031
3579387038,41496,1,-1,-4,-36,30,-2044
3579388038,41496,5,-5,-3,-33,18,-2050
3579389038,41496,2,-6,-4,-30,25,-2046
3579390038,41496,2,-4,-1,-34,17,-2048
3579391038,41496,3,-2,-4,-32,15,-2048
3579392038,41496,1,-4,-5,-27,22,-2048
3579393038,41496,2,-3,-4,-22,24,-2039
3579394038,41496,1,1,-2,-31,19,-2042
3579395038,41496,2,-1,-3,-28,25,-2045
3579396038,41496,2,-1,-3,-33,27,-2044
3579397038,41496,4,-3,-2,-29,20,-2050
3579398038,41496,3,1,-2,-36,29,-2052
3579399038,41496,2,-1,-2,-28,25,-2044
3579400038,41496,-2,-1,-2,-36,29,-2053
3579401038,41496,3,-1,-3,-37,22,-2043
3579402038,41496,4,1,-2,-34,24,-2046
3579403038,41496,0,-4,-4,-34,16,-2047
3579404038,41496,1,-6,-1,-29,24,-2045
3579405038,41496,2,-4,0,-29,27,-2035
3579406038,41496,2,-4,-2,-37,27,-2046
3579407038,41496,0,-1,-3,-27,21,-2047
3579408038,41496,4,-7,-4,-32,24,-2044
3579409038,41496,2,-3,-3,-31,24,-2038
3579410038,41496,2,-5,-2,-30,24,-2045
3579411038,41496,-2,0,-1,-29,27,-2043
3579412038,41496,2,-4,-5,-33,23,-2042
3579413038,41496,5,-4,-6,-28,29,-2049
3579414038,41496,3,-4,-2,-32,26,-2049
3579415038,41496,1,-3,-7,-27,13,-2041
3579416038,41496,-3,-1,-2,-32,24,-2043
3579417038,41496,6,-4,-2,-27,25,-2039
3579418038,41496,0,0,-3,-27,24,-2043
3579419038,41496,1,1,-2,-34,16,-2036
3579420038,41496,1,-5,-4,-35,26,-2042
3579421038,41496,1,-3,-7,-33,29,-2048
3579422038,41496,2,-4,-5,-36,27,-2046
3579423038,41496,3,-3,-4,-36,22,-2041
3579424038,41496,3,-3,-2,-30,30,-2042
3579425038,41496,-3,-3,-2,-33,24,-2040
3579426038,41496,2,-3,-3,-38,28,-2040
3579427038,41496,1,-5,-2,-30,23,-2050
3579428038,41496,6,-5,0,-35,18,-2043
3579429038,41496,3,-2,-4,-29,23,-2046
3579430038,41496,3,0,-5,-32,29,-2041
3579431038,41496,2,0,-4,-24,27,-2048
3579432038,41496,0,0,-6,-28,24,-2045
3579433038,41496,4,-3,-6,-29,20,-2044
3579434038,41496,-1,0,-2,-28,31,-2046
3579435038,41496,2,-5,-4,-37,27,-2047
3579436038,41496,1,-4,-3,-29,18,-2044
3579437038,41496,3,-2,-2,-30,26,-2046
3579438038,41496,2,-3,0,-32,22,-2041
3579439038,41496,3,-4,-7,-30,24,-2040
3579440038,41496,3,-5,-6,-28,20,-2041
3579441038,41496,3,-3,0,-33,28,-2043
3579442038,41496,6,-2,-6,-37,24,-2046
3579443038,41496,2,-1,1,-35,21,-2039
3579444038,41496,0,-3,-3,-29,24,-2043
3579445038,41496,3,-1,-5,-30,23,-2032
3579446038,41496,4,-3,-4,-32,26,-2046
3579447038,41496,0,2,-4,-31,24,-2045
3579448038,41496,3,-4,-5,-33,24,-2050
3579449038,41496,1,-5,-4,-31,25,-2050
3579450038,41496,5,-1,-3,-26,23,-2044
3579451038,41496,3,-5,-6,-36,24,-2042
3579452038,41496,0,-3,3,-32,28,-2042
3579453038,41496,1,-2,-4,-32,18,-2053
3579454038,41496,3,-3,-3,-30,18,-2049
3579455038,41496,2,0,-1,-32,23,-2045
3579456038,41496,2,-6,-2,-27,21,-2046
3579457038,41496,1,-4,-4,-22,29,-2044
3579458038,41496,1,-1,-4,-33,28,-2050
3579459038,41496,2,-1,-4,-27,24,-2043
3579460038,41496,2,-3,-5,-24,20,-2049
3579461038,41496,-1,1,-2,-36,28,-2041
3579462038,41496,5,-7,-9,-36,24,-2045
3579463038,41496,2,-3,-5,-32,28,-2039
3579464038,41496,3,-3,-2,-30,27,-2040
3579465038,41496,4,-4,-6,-34,27,-2040
3579466038,41496,-3,-2,-4,-35,24,-2046
3579467038,41496,-3,-2,2,-30,22,-2050
3579468038,41496,2,0,-4,-35,30,-2046
3579469038,41496,3,-2,-3,-35,19,-2044
3579470038,41496,1,-1,-3,-32,21,-2047
3579471038,41496,-1,-2,-3,-34,21,-2042
3579472038,41496,1,0,-2,-26,25,-2036
3579473038,41496,-2,-5,-4,-18,22,-2044
3579474038,41496,0,-1,-1,-34,20,-2031
3579475038,41496,1,-1,-3,-31,24,-2046
3579476038,41496,4,-3,-5,-31,22,-2044
3579477038,41496,2,-1,2,-35,17,-2035
3579478038,41496,1,-4,-7,-34,26,-2052
3579479038,41496,1,-2,-5,-32,21,-2050
3579480038,41496,3,-2,-6,-25,22,-2043
3579481038,41496,6,-6,-4,-30,28,-2042
3579482038,41496,2,-2,0,-31,31,-2049
3579483038,41496,-1,0,-4,-28,31,-2046
3579484038,41496,4,-2,-4,-32,24,-2036
3579485038,41496,0,-2,-7,-32,19,-2049
3579486038,41496,4,-8,-5,-29,24,-2041
3579487038,41496,6,-9,-5,-39,18,-2038
3579488038,41496,1,-2,-2,-33,26,-2049
3579489038,41496,5,-6,-6,-37,24,-2056
3579490038,41496,1,-5,-4,-27,28,-2041
3579491038,41496,0,-2,-2,-28,27,-2042
3579492038,41496,4,-5,-6,-28,26,-2045
3579493038,41496,4,-1,-2,-35,32,-2044
3579494038,41496,1,-3,-4,-30,27,-2045
3579495038,41496,0,-1,-8,-29,28,-2044
3579496038,41496,3,-2,-5,-45,28,-2040
3579497038,41496,4,-1,-3,-27,20,-2038
3579498038,41496,0,-2,-2,-33,23,-2040
3579499038,41496,1,-2,0,-35,16,-2040
3579500038,41496,4,-2,-3,-33,23,-2044
3579501038,41496,1,-4,0,-28,24,-2048
3579502038,41496,2,-4,-7,-25,21,-2042
3579503038,41496,0,-2,-3,-30,20,-2047
3579504038,41496,0,2,-2,-28,25,-2048
3579505038,41496,-2,-3,-4,-31,23,-2036
3579506038,41496,0,-4,-3,-27,21,-2047
3579507038,41496,0,1,-4,-38,27,-2041
3579508038,41496,-2,-2,-3,-32,22,-2042
3579509038,41496,1,-1,-4,-33,22,-2051
3579510038,41496,2,-1,-5,-33,28,-2040
3579511038,41496,3,0,-2,-26,29,-2046
3579512038,41496,1,-2,-4,-34,22,-2041
3579513038,41496,3,-3,-4,-32,28,-2039
3579514038,41496,1,-2,-2,-28,33,-2042
3579515038,41496,2,-6,-5,-33,22,-2046
3579516038,41496,1,-2,-3,-33,31,-2050
3579517038,41496,0,1,0,-44,23,-2048
3579518038,41496,2,0,-4,-40,27,-2041
3579519038,41496,5,1,-4,-29,20,-2038
3579520038,41496,3,-1,-4,-25,19,-2044
3579521038,41496,4,-3,-2,-33,32,-2043
3579522038,41496,-1,-4,-2,-26,19,-2048
3579523038,41496,3,-5,-5,-37,24,-2048
3579524038,41496,3,-2,-2,-33,26,-2046
3579525038,41496,0,-3,-5,-33,30,-2045
3579526038,41496,3,-6,-3,-32,21,-2050
3579527038,41496,5,-2,-3,-38,22,-2043
3579528038,41496,5,-1,-6,-33,17,-2041
3579529038,41496,7,-8,-7,-35,29,-2042
3579530038,41496,-3,2,1,-36,15,-2043
3579531038,41496,-1,-2,-2,-33,19,-2045
3579532038,41496,1,-6,-3,-32,27,-2039
3579533038,41496,0,-4,0,-29,25,-2044
3579534038,41496,3,-4,-7,-36,24,-2045
3579535038,41496,-1,-1,-1,-32,19,-2038
3579536038,41496,2,-3,-4,-31,23,-2041
3579537038,41496,5,-6,-5,-32,21,-2045
3579538038,41496,0,0,-6,-36,21,-2047
3579539038,41496,0,-7,-1,-31,17,-2038
3579540038,41496,4,-3,-6,-32,21,-2047
3579541038,41496,4,-3,-3,-29,21,-2045
3579542038,41496,4,-3,-6,-31,29,-2047
3579543038,41496,2,-2,-6,-30,19,-2039
3579544038,41496,0,-1,-3,-32,25,-2043
3579545038,41496,5,-8,-7,-29,22,-2043
3579546038,41496,5,-5,-3,-33,24,-2049
3579547038,41496,0,-3,-4,-36,20,-2048
3579548038,41496,4,-3,-4,-40,26,-2042
3579549038,41496,3,-1,-3,-32,26,-2039
3579550038,41496,5,-3,-5,-29,23,-2043
3579551038,41496,1,-6,-1,-24,26,-2043
3579552038,41496,1,-1,-3,-32,21,-2042
3579553038,41496,0,-5,-2,-35,27,-2044
3579554038,41496,0,-4,-4,-35,26,-2039
3579555038,41496,1,-2,-2,-40,16,-2044
3579556038,41496,3,-2,-2,-34,27,-2051
3579557038,41496,3,-4,-2,-37,22,-2046
3579558038,41496,1,-2,-7,-32,19,-2047
3579559038,41496,6,-6,-3,-35,21,-2049
3579560038,41496,1,-1,1,-34,26,-2046
3579561038,41496,6,-4,1,-33,22,-2044
3579562038,41496,2,0,-3,-26,20,-2039
3579563038,41496,4,-4,-4,-28,25,-2050
3579564038,41496,1,-2,-3,-31,28,-2042
3579565038,41496,0,0,-3,-35,27,-2042
3579566038,41496,0,-1,-2,-34,34,-2041
3579567038,41496,3,-4,-4,-32,18,-2046
3579568038,41496,0,0,-2,-38,16,-2042
3579569038,41496,3,-4,-3,-27,15,-2044
3579570038,41496,2,-3,-6,-25,26,-2044
3579571038,41496,1,1,0,-26,19,-2045
3579572038,41496,6,-2,-3,-34,22,-2036
3579573038,41496,6,-4,-4,-34,27,-2038
3579574038,41496,2,-3,-2,-31,22,-2046
3579575038,41496,0,0,1,-32,27,-2047
3579576038,41496,1,-3,-2,-38,25,-2046
3579577038,41496,2,-5,-4,-32,26,-2040
3579578038,41496,2,-4,-4,-27,22,-2044
3579579038,41496,2,-5,-3,-36,15,-2042
3579580038,41496,2,-3,-5,-29,29,-2046
3579581038,41496,2,-1,-2,-35,23,-2048
3579582038,41496,2,-3,-3,-41,25,-2063
3579583038,41496,6,-5,-4,-27,27,-2052
3579584038,41496,1,0,-3,-30,22,-2049
3579585038,41496,2,1,-4,-27,24,-2041
3579586038,41496,0,0,-2,-36,26,-2041
3579587038,41496,2,-1,-5,-36,28,-2046
3579588038,41496,2,-2,-4,-28,20,-2038
3579589038,41496,2,-2,-2,-35,26,-2043
3579590038,41496,5,-3,-3,-32,27,-2046
3579591038,41496,1,-4,-3,-32,22,-2049
3579592038,41496,2,-3,0,-33,22,-2043
3579593038,41496,4,-2,-2,-34,22,-2051
3579594038,41496,3,-3,-5,-34,20,-2046
3579595038,41496,3,-5,-6,-29,29,-2037
3579596038,41496,4,-5,-1,-38,29,-2044
3579597038,41496,2,0,-3,-32,31,-2054
3579598038,41496,3,-1,-5,-27,33,-2039
3579599038,41496,1,3,-6,-32,19,-2040
3579600038,41496,3,-4,-4,-29,20,-2044
3579601038,41496,4,-7,-3,-27,25,-2044
3579602038,41496,3,-1,-2,-30,28,-2043
3579603038,41496,1,-2,-2,-33,17,-2046
3579604038,41496,5,-4,-7,-31,30,-2044
3579605038,41496,5,-7,-6,-32,21,-2044
3579606038,41496,4,-5,-1,-28,22,-2040
3579607038,41496,2,-4,-4,-39,25,-2050
3579608038,41496,-2,0,-2,-28,21,-2046
3579609038,41496,-2,-2,-3,-29,24,-2043
3579610038,41496,0,-1,-2,-34,22,-2043
3579611038,41496,0,-1,-4,-31,24,-2051
3579612038,41496,3,-5,-3,-34,23,-2042
3579613038,41496,-3,0,-3,-36,25,-2042
3579614038,41496,1,-6,-4,-33,22,-2051
3579615038,41496,6,-3,-4,-27,30,-2040
3579616038,41496,6,-5,-2,-30,27,-2051
3579617038,41496,-1,0,-4,-35,28,-2037
3579618038,41496,-1,-2,-5,-30,27,-2033
3579619038,41496,0,4,-2,-37,22,-2045
3579620038,41496,2,-5,-4,-30,24,-2041
3579621038,41496,4,-4,-4,-32,23,-2035
3579622038,41496,3,0,-2,-34,20,-2046
3579623038,41496,3,-6,-7,-31,30,-2040
3579624038,41496,1,-3,-2,-34,27,-2050
3579625038,41496,5,-5,-1,-27,25,-2045
3579626038,41496,1,1,-1,-24,29,-2049
3579627038,41496,5,-4,-2,-45,26,-2044
3579628038,41496,0,-3,-1,-29,22,-2045
3579629038,41496,2,2,-2,-40,30,-2044
3579630038,41496,4,-1,-1,-33,25,-2040
3579631038,41496,5,-7,-5,-38,23,-2043
3579632038,41496,3,0,-5,-36,21,-2045
3579633038,41496,1,0,-2,-30,26,-2045
3579634039,41496,1,-2,-4,-39,26,-2049
3579635040,41496,2,-3,-7,-40,21,-2043
3579636038,41496,2,-1,-5,-30,23,-2044
3579637038,41496,3,-5,-6,-31,22,-2047
3579638038,41496,0,-2,-7,-40,30,-2046
3579639038,41496,3,-2,-4,-38,24,-2048
3579640038,41496,0,-3,-7,-39,26,-2043
3579641038,41496,2,-3,-3,-33,21,-2042
3579642038,41496,4,0,1,-34,21,-2043
3579643038,41496,-1,-2,-2,-31,20,-2047
3579644038,41496,3,-3,-4,-34,19,-2048
3579645038,41496,4,3,-3,-32,28,-2042
3579646038,41496,3,-3,-3,-31,22,-2049
3579647038,41496,5,-5,-1,-36,33,-2042
3579648038,41496,-3,-1,1,-26,28,-2043
3579649038,41496,2,-4,-11,-35,16,-2042
3579650038,41496,2,-4,-6,-28,21,-2045
3579651038,41496,2,-5,-4,-32,17,-2044
3579652038,41496,3,-3,-3,-31,27,-2047
3579653038,41496,1,-1,0,-34,20,-2043
3579654038,41496,-1,1,3,-29,24,-2043
3579655038,41496,1,-1,-1,-25,25,-2043
3579656038,41496,1,-2,-3,-35,26,-2046
3579657038,41496,4,-4,-6,-31,24,-2053
3579658038,41496,3,-2,0,-23,28,-2043
3579659038,41496,-2,-2,0,-35,28,-2047
3579660038,41496,0,-3,-5,-31,28,-2041
3579661038,41496,5,-2,-5,-33,22,-2037
3579662038,41496,3,-4,-2,-30,23,-2043
3579663038,41496,1,-4,-3,-32,23,-2042
3579664038,41496,3,-3,-5,-31,14,-2037
3579665038,41496,1,-3,-7,-40,23,-2045
3579666038,41496,-1,-5,-1,-31,32,-2042
3579667038,41496,0,-1,-6,-33,21,-2045
3579668038,41496,0,0,-4,-33,24,-2041
3579669038,41496,2,-3,-1,-34,27,-2047
3579670038,41496,5,-2,-3,-31,16,-2045
3579671038,41496,5,-4,-4,-37,19,-2048
3579672038,41496,-1,-1,-5,-35,20,-2040
3579673038,41496,4,-2,-4,-33,22,-2046
3579674038,41496,0,-1,-3,-33,22,-2045
3579675038,41496,2,-3,-4,-29,24,-2049
3579676038,41496,-1,1,0,-28,24,-2045
3579677038,41496,2,0,-4,-31,17,-2049
3579678038,41496,5,-2,-5,-33,23,-2046
3579679038,41496,1,-4,-3,-37,19,-2044
3579680038,41496,1,-6,-4,-46,26,-2051
3579681038,41496,0,-2,-4,-28,26,-2040
3579682038,41496,4,-2,-2,-36,20,-2044
3579683038,41496,5,-5,-5,-26,25,-2043
3579684038,41496,5,-2,-4,-39,23,-2038
3579685038,41496,2,-2,-4,-37,21,-2044
3579686038,41496,0,1,0,-36,22,-2049
3579687038,41496,4,-4,-3,-32,20,-2049
3579688038,41496,-1,-2,-3,-27,32,-2042
3579689038,41496,0,-3,-2,-34,23,-2046
3579690038,41496,1,-4,1,-31,26,-2045
3579691038,41496,1,-3,-3,-30,20,-2054
3579692038,41496,0,1,-1,-38,26,-2054
3579693038,41496,-2,-1,-5,-40,25,-2040
3579694038,41496,3,-6,-6,-28,27,-2038
3579695038,41496,0,-1,-2,-31,30,-2042
3579696038,41496,3,-4,-4,-27,19,-2049
3579697038,41496,6,-3,-8,-31,18,-2047
3579698038,41496,3,-3,1,-31,24,-2049
3579699038,41496,1,-1,-3,-30,20,-2051
3579700038,41496,4,-4,-3,-34,19,-2042
3579701038,41496,0,-3,-3,-31,24,-2052
3579702038,41496,3,-4,-5,-38,28,-2036
3579703038,41496,3,-4,-3,-33,20,-2048
3579704038,41496,4,0,0,-26,19,-2043
3579705038,41496,0,-2,0,-27,24,-2045
3579706038,41496,2,-4,-6,-35,26,-2036
3579707038,41496,2,-5,-5,-28,21,-2035
3579708038,41496,2,-1,-4,-22,25,-2044
3579709038,41496,5,1,-5,-34,31,-2041
3579710038,41496,-1,-2,-2,-29,23,-2050
3579711038,41496,4,-5,-3,-36,28,-2049
3579712038,41496,3,-1,-4,-29,19,-2048
3579713038,41496,1,-5,-4,-35,23,-2039
3579714038,41496,2,-1,-1,-34,26,-2039
3579715038,41496,1,-1,-3,-32,22,-2039
3579716038,41496,4,-4,-1,-28,29,-2042
3579717038,41496,4,1,-2,-42,18,-2040
3579718038,41496,-2,-2,-1,-28,24,-2051
3579719038,41496,2,-6,-1,-28,29,-2040
3579720038,41496,2,0,-2,-38,22,-2041
3579721038,41496,2,-4,-2,-33,26,-2048
3579722038,41496,2,-2,-2,-41,28,-2040
3579723038,41496,4,-2,-3,-33,20,-2043
3579724038,41496,3,-2,-3,-33,29,-2050
3579725038,41496,3,-3,-2,-35,23,-2045
3579726038,41496,4,-2,-4,-24,25,-2041
3579727038,41496,0,-4,-1,-32,20,-2046
3579728038,41496,0,0,-2,-37,29,-2042
3579729038,41496,1,-2,-1,-24,23,-2040
3579730038,41496,3,-1,-3,-29,32,-2047
3579731038,41496,1,-1,0,-29,29,-2052
3579732038,41496,3,-3,-2,-30,27,-2047
3579733038,41496,2,-1,-3,-28,25,-2051
3579734038,41496,3,-3,-2,-40,21,-2042
3579735038,41496,4,-3,-4,-25,27,-2049
3579736038,41496,3,-1,-5,-30,20,-2053
3579737038,41496,4,-3,-5,-25,22,-2044
3579738038,41496,0,-3,-4,-37,25,-2045
3579739038,41496,2,-3,-1,-38,26,-2039
3579740038,41496,1,-3,-3,-31,21,-2044
3579741038,41496,2,-4,-5,-34,24,-2045
3579742038,41496,0,-6,-7,-36,24,-2041
3579743038,41496,3,-4,-7,-28,25,-2043
3579744038,41496,3,-3,-5,-33,19,-2044
3579745038,41496,1,-2,-5,-31,23,-2044
3579746038,41496,4,-4,-3,-35,27,-2048
3579747038,41496,2,-1,-4,-30,31,-2043
3579748038,41496,2,-1,-5,-23,20,-2048
3579749038,41496,2,-2,-6,-23,29,-2053
3579750038,41496,1,-3,-1,-32,25,-2047
3579751038,41496,4,-7,-4,-33,22,-2040
3579752038,41496,3,-2,-5,-38,27,-2043
3579753038,41496,0,-4,-3,-33,17,-2043
3579754038,41496,4,-3,-3,-35,20,-2043
3579755038,41496,-1,0,-2,-29,23,-2046
3579756038,41496,3,0,-2,-36,23,-2043
3579757038,41496,1,2,0,-34,22,-2044
3579758038,41496,0,-2,-1,-35,31,-2042
3579759038,41496,1,-2,-3,-30,24,-2042
3579760038,41496,2,1,-2,-33,24,-2043
3579761038,41496,0,-4,-4,-27,26,-2043
3579762038,41496,-2,0,-1,-25,24,-2043
3579763038,41496,3,-5,-1,-29,25,-2046
3579764038,41496,3,-5,-1,-37,24,-2043
3579765038,41496,2,-5,-5,-30,26,-2045
3579766038,41496,1,-1,-10,-35,23,-2046
3579767038,41496,5,-4,-6,-30,28,-2045
3579768038,41496,3,0,-3,-34,22,-2043
3579769038,41496,4,-2,-5,-34,25,-2044
3579770038,41496,3,-1,-4,-35,25,-2041
3579771038,41496,3,-3,-5,-30,32,-2036
3579772038,41496,4,-4,-5,-34,28,-2042
3579773038,41496,2,-3,-5,-34,15,-2042
3579774038,41496,2,-1,-2,-35,24,-2038
3579775038,41496,3,-4,-1,-25,26,-2041
3579776038,41496,2,-2,0,-29,25,-2046
3579777038,41496,4,-1,-5,-28,27,-2049
3579778038,41496,4,-2,-5,-38,21,-2050
3579779038,41496,4,-4,-6,-28,24,-2037
3579780038,41496,3,-6,-5,-30,33,-2043
3579781038,41496,-1,2,-2,-30,27,-2051
3579782038,41496,1,-1,-3,-32,16,-2041
3579783038,41496,2,-1,-3,-31,22,-2043
3579784038,41496,-1,-1,-4,-30,22,-2045
3579785038,41496,3,1,-4,-30,21,-2042
3579786038,41496,2,-3,-4,-38,21,-2044
3579787038,41496,3,-5,-5,-31,25,-2044
3579788038,41496,3,-1,-4,-27,23,-2042
3579789038,41496,2,0,-2,-34,28,-2058
3579790038,41496,0,2,1,-30,17,-2050
3579791038,41496,4,-5,-6,-35,19,-2047
3579792038,41496,3,-6,-5,-34,24,-2039
3579793038,41496,4,-3,-2,-32,29,-2044
3579794038,41496,3,-2,-2,-31,18,-2044
3579795038,41496,1,-1,-4,-32,22,-2041
3579796038,41496,8,-4,-4,-34,23,-2044
3579797038,41496,2,-4,2,-35,24,-2047
3579798038,41496,1,-1,-2,-28,31,-2046
3579799038,41496,4,-4,-5,-33,21,-2049
3579800038,41496,-1,-3,-5,-28,23,-2043
3579801038,41496,3,-7,-8,-27,21,-2047
3579802038,41496,0,0,-4,-34,22,-2050
3579803038,41496,2,-1,-2,-36,18,-2046
3579804038,41496,-1,-3,-4,-33,23,-2041
3579805038,41496,2,0,-3,-31,30,-2042
3579806038,41496,1,-1,-4,-36,28,-2040
3579807038,41496,2,-1,-3,-27,16,-2036
3579808038,41496,1,-5,-1,-35,18,-2050
3579809038,41496,-1,1,-1,-28,23,-2045
3579810038,41496,2,-3,-2,-36,20,-2046
3579811038,41496,2,-1,-2,-36,28,-2044
3579812038,41496,1,-3,-4,-32,17,-2044
3579813038,41496,3,-5,-5,-35,22,-2045
3579814038,41496,1,-2,-1,-31,27,-2050
3579815038,41496,5,-6,-2,-29,26,-2049
3579816038,41496,1,2,-3,-35,26,-2045
3579817038,41496,5,-3,-5,-39,22,-2039
3579818038,41496,4,-1,-2,-24,21,-2041
3579819038,41496,5,-1,-4,-29,20,-2041
3579820038,41496,4,-5,-4,-35,28,-2043
3579821038,41496,0,1,-2,-29,25,-2046
3579822038,41496,1,1,-2,-32,24,-2034
3579823038,41496,-1,1,-4,-30,25,-2038
3579824038,41496,-1,-2,-3,-29,25,-2044
3579825038,41496,4,-1,-4,-26,29,-2049
3579826038,41496,1,-2,-4,-34,23,-2043
3579827038,41496,3,-3,-4,-32,24,-2050
3579828038,41496,3,-2,-5,-27,26,-2043
3579829038,41496,2,-3,-2,-31,24,-2039
3579830038,41496,1,0,-3,-37,19,-2048
3579831038,41496,4,-3,-5,-33,30,-2044
3579832038,41496,2,-1,-1,-35,23,-2047
3579833038,41496,2,-4,-3,-40,21,-2044
3579834038,41496,1,-3,-3,-37,23,-2045
3579835038,41496,2,-2,-5,-34,21,-2042
3579836038,41496,2,-3,-2,-28,22,-2039
3579837038,41496,4,-4,-4,-30,27,-2043
3579838038,41496,3,-1,-4,-32,25,-2048
3579839038,41496,0,-4,-3,-33,29,-2048
3579840038,41496,2,-2,-4,-27,29,-2040
3579841038,41496,2,-1,-4,-28,18,-2047
3579842038,41496,4,-4,-2,-38,25,-2046
3579843038,41496,2,-2,-4,-33,24,-2047
3579844038,41496,5,-4,-5,-32,25,-2043
3579845038,41496,0,0,-2,-26,24,-2047
3579846038,41496,0,0,-3,-32,24,-2047
3579847038,41496,1,0,-3,-30,22,-2041
3579848038,41496,1,-1,-4,-33,24,-2045
3579849038,41496,3,-5,-3,-32,24,-2036
3579850038,41496,5,0,-5,-32,27,-2046
3579851038,41496,1,-2,-6,-36,26,-2052
3579852038,41496,1,-2,-3,-37,22,-2049
3579853038,41496,-1,-1,0,-28,22,-2042
3579854038,41496,-1,2,-3,-26,27,-2048
3579855038,41496,3,-5,-4,-30,30,-2046
3579856038,41496,5,-6,-3,-33,26,-2043
3579857038,41496,4,-1,-6,-32,17,-2046
3579858038,41496,1,0,-3,-33,25,-2044
3579859038,41496,2,1,-4,-31,27,-2046
3579860038,41496,2,0,-2,-28,25,-2039
3579861038,41496,3,-2,-3,-36,20,-2050
3579862038,41496,2,-5,-3,-39,29,-2042
3579863038,41496,4,-2,-5,-35,23,-2053
3579864038,41496,4,-3,-2,-34,22,-2042
3579865038,41496,2,0,-3,-34,21,-2049
3579866038,41496,1,-3,-1,-38,32,-2041
3579867038,41496,-1,0,-2,-29,26,-2046
3579868038,41496,1,-4,-2,-32,26,-2041
3579869038,41496,-1,-3,-1,-34,28,-2050
3579870038,41496,1,1,-2,-25,25,-2050
3579871038,41496,1,0,0,-36,19,-2037
3579872038,41496,3,-1,0,-31,20,-2045
3579873038,41496,2,-3,-5,-37,26,-2045
3579874038,41496,2,1,-6,-28,28,-2046
3579875038,41496,2,-4,-4,-35,20,-2046
3579876038,41496,4,-4,-3,-31,28,-2043
3579877038,41496,-1,2,-1,-38,25,-2050
3579878038,41496,0,-1,-3,-35,26,-2056
3579879038,41496,2,-4,-3,-32,23,-2041
3579880038,41496,1,-4,-5,-35,24,-2043
3579881038,41496,1,1,-1,-26,29,-2045
3579882038,41496,5,-4,-6,-25,15,-2043
3579883038,41496,4,-4,-1,-32,19,-2036
3579884038,41496,3,-4,-3,-38,28,-2045
3579885038,41496,1,-4,-5,-34,16,-2049
3579886038,41496,4,-4,-3,-33,30,-2045
3579887038,41496,-1,0,-3,-36,22,-2043
3579888038,41496,3,0,-5,-30,26,-2048
3579889038,41496,3,-4,-2,-28,32,-2044
3579890038,41496,4,-4,-1,-33,20,-2041
3579891038,41496,0,0,-3,-25,20,-2049
3579892038,41496,3,-4,-6,-35,26,-2048
3579893038,41496,1,-3,-5,-35,24,-2041
3579894038,41496,3,-1,-3,-33,21,-2043
3579895038,41496,3,-1,-7,-36,24,-2038
3579896038,41496,1,-2,-6,-26,26,-2042
3579897038,41496,1,-3,-3,-36,28,-2044
3579898038,41496,1,-4,-3,-28,30,-2048
3579899038,41496,0,-3,-1,-32,21,-2039
3579900038,41496,2,-2,-7,-29,23,-2051
3579901038,41496,5,0,-5,-22,26,-2050
3579902038,41496,0,-1,-4,-32,18,-2043
3579903038,41496,2,-4,-1,-35,20,-2046
3579904038,41496,2,-2,-2,-27,21,-2042
3579905038,41496,2,-2,-3,-36,18,-2042
3579906038,41496,3,-7,-4,-30,25,-2042
3579907038,41496,7,-5,-3,-27,23,-2038
3579908038,41496,-1,0,0,-37,22,-2039
3579909038,41496,3,-4,-6,-38,22,-2048
3579910038,41496,1,-4,-4,-30,20,-2051
3579911038,41496,0,-6,-3,-26,26,-2045
3579912038,41496,-2,-2,1,-26,22,-2040
3579913038,41496,3,-4,-3,-32,23,-2048
3579914038,41496,1,0,-3,-31,25,-2038
3579915038,41496,1,-2,-3,-31,27,-2055
3579916038,41496,1,-2,-3,-36,19,-2047
3579917038,41496,0,-3,-4,-34,29,-2050
3579918038,41496,1,-3,-1,-31,20,-2040
3579919038,41496,6,-1,-1,-27,24,-2044
3579920038,41496,4,-1,-7,-29,23,-2042
3579921038,41496,-2,-2,-3,-30,10,-2042
3579922038,41496,1,-5,-4,-34,17,-2042
3579923038,41496,1,0,1,-34,19,-2041
3579924038,41496,6,-5,-5,-31,22,-2043
3579925038,41496,6,-5,-6,-34,25,-2043
3579926038,41496,-1,1,-2,-31,18,-2048
3579927038,41496,4,-4,-4,-32,25,-2052
3579928038,41496,0,-1,-1,-37,29,-2046
3579929038,41496,1,-2,-2,-29,21,-2044
3579930038,41496,5,-6,-3,-25,26,-2045
3579931038,41496,1,-4,-2,-30,21,-2042
3579932038,41496,3,-2,-4,-26,32,-2045
3579933038,41496,2,-3,1,-32,17,-2044
3579934038,41496,2,-3,-2,-32,24,-2037
3579935038,41496,1,-5,-2,-31,17,-2040
3579936038,41496,2,-1,-3,-32,21,-2044
3579937038,41496,1,-4,-4,-38,23,-2038
3579938038,41496,2,-2,-3,-28,25,-2041
3579939038,41496,1,-1,-5,-32,25,-2044
3579940038,41496,0,-3,-4,-37,30,-2043
3579941038,41496,4,-6,-7,-35,27,-2044
3579942038,41496,2,0,-6,-27,29,-2048
3579943038,41496,4,-4,1,-38,27,-2051
3579944038,41496,-1,0,0,-35,13,-2044
3579945038,41496,2,-3,-2,-27,21,-2044
3579946038,41496,-2,-2,0,-33,24,-2039
3579947038,41496,4,-3,-4,-39,26,-2050
3579948038,41496,5,-2,-5,-28,23,-2045
3579949038,41496,4,-2,-2,-32,20,-2042
3579950038,41496,3,-2,-6,-37,17,-2037
3579951038,41496,2,-3,0,-28,14,-2040
3579952038,41496,1,-3,-3,-30,23,-2052
3579953038,41496,3,-3,-2,-32,20,-2044
3579954038,41496,2,-6,-4,-31,18,-2045
3579955038,41496,2,3,-1,-26,24,-2044
3579956038,41496,2,-6,-2,-27,18,-2050
3579957038,41496,3,-5,-7,-41,21,-2036
3579958038,41496,2,0,-4,-36,27,-2048
3579959038,41496,-2,-1,-2,-35,27,-2052
3579960038,41496,3,-4,-7,-31,28,-2045
3579961038,41496,1,-2,-3,-37,26,-2050
3579962038,41496,2,-3,-6,-26,25,-2044
3579963038,41496,6,1,-5,-30,18,-2050
3579964038,41496,-1,-2,-4,-35,23,-2047
3579965038,41496,1,-4,-1,-33,18,-2053
3579966038,41496,-3,-4,-3,-32,26,-2048
3579967038,41496,-2,-1,-2,-30,23,-2044
3579968038,41496,2,-1,-3,-29,26,-2040
3579969038,41496,1,-3,-4,-37,27,-2047
3579970038,41496,2,-4,-3,-31,31,-2038
3579971038,41496,0,-3,-4,-32,16,-2044
3579972038,41496,1,-2,-4,-30,28,-2046
3579973038,41496,3,-3,-6,-35,24,-2046
3579974038,41496,-3,0,-1,-30,23,-2043
3579975038,41496,-1,-1,-4,-25,18,-2052
3579976038,41496,3,-3,-2,-31,24,-2045
3579977038,41496,0,1,-3,-33,20,-2048
3579978038,41496,3,0,0,-31,22,-2043
3579979038,41496,4,-5,-4,-25,27,-2054
3579980038,41496,3,2,-1,-35,29,-2049
3579981038,41496,-1,-1,1,-35,33,-2040
3579982038,41496,-2,-1,-2,-35,26,-2047
3579983038,41496,4,0,-2,-34,21,-2049
3579984038,41496,1,-1,-3,-38,18,-2043
3579985038,41496,1,-3,-4,-29,21,-2044
3579986038,41496,0,-2,0,-36,26,-2045
3579987038,41496,2,-3,-3,-30,26,-2040
3579988038,41496,1,-2,-5,-33,22,-2038
3579989038,41496,4,-4,-3,-30,26,-2043
3579990038,41496,1,1,-1,-32,22,-2047
3579991038,41496,3,-2,-5,-27,20,-2043
3579992038,41496,1,-1,-3,-27,28,-2046
3579993038,41496,0,0,-5,-35,23,-2039
3579994038,41496,1,-5,-5,-33,17,-2049
3579995038,41496,2,-4,-6,-28,21,-2048
3579996038,41496,-1,-2,-5,-30,21,-2046
3579997038,41496,3,-6,-3,-38,24,-2045
3579998038,41496,3,-6,-4,-28,23,-2047
3579999038,41496,3,-4,-5,-32,25,-2054
3580000038,41496,3,-4,-4,-34,30,-2050
3580001038,41496,1,2,-4,-32,30,-2051
3580002038,41496,2,0,-4,-31,25,-2042
3580003038,41496,1,2,-4,-29,30,-2045
3580004038,41496,2,-5,-3,-29,33,-2046
3580005038,41496,4,0,-3,-34,25,-2045
3580006038,41496,1,1,-2,-30,18,-2051
3580007038,41496,-2,-1,-3,-29,25,-2045
3580008038,41496,2,-1,0,-31,27,-2045
3580009038,41496,1,-4,-2,-25,31,-2040
3580010038,41496,3,-4,-5,-38,25,-2042
3580011038,41496,6,-5,-4,-33,21,-2041
3580012038,41496,4,-2,-3,-33,28,-2038
3580013038,41496,6,-3,-4,-34,26,-2042
3580014038,41496,6,-1,-3,-29,29,-2041
3580015038,41496,1,-2,-2,-31,29,-2044
3580016038,41496,-1,-4,0,-33,21,-2046
3580017038,41496,5,1,-2,-31,25,-2042
3580018038,41496,3,-3,-7,-33,23,-2036
3580019038,41496,0,1,-1,-30,14,-2048
3580020038,41496,3,-1,-4,-32,26,-2047
3580021038,41496,3,-3,-5,-36,21,-2044
3580022038,41496,1,0,0,-29,26,-2047
3580023038,41496,2,-2,-1,-34,32,-2047
3580024038,41496,1,-2,-3,-37,30,-2045
3580025038,41496,1,-3,-2,-31,22,-2046
3580026038,41496,1,-4,-5,-31,23,-2039
3580027038,41496,-2,-1,1,-31,24,-2050
3580028038,41496,1,-5,-9,-29,24,-2041
3580029038,41496,2,-9,-8,-40,19,-2042
3580030038,41496,1,-1,-8,-37,26,-2043
3580031038,41496,2,-4,-5,-35,28,-2052
3580032038,41496,4,-1,-2,-43,21,-2044
3580033038,41496,3,-1,-1,-35,29,-2043
3580034038,41496,3,-6,-4,-34,23,-2045
3580035038,41496,5,-4,-1,-25,23,-2038
3580036038,41496,0,-3,-5,-32,19,-2045
3580037038,41496,1,-1,-2,-26,24,-2039
3580038038,41496,0,0,-5,-35,19,-2042
3580039038,41496,1,-2,-6,-30,19,-2040
3580040038,41496,4,-5,-9,-36,24,-2045
3580041038,41496,4,-4,-8,-36,27,-2047
3580042038,41496,1,-3,-3,-32,20,-2044
3580043038,41496,5,-1,-1,-31,24,-2040
3580044038,41496,1,-1,-3,-36,25,-2043
3580045038,41496,5,-6,-5,-26,28,-2046
3580046038,41496,1,-2,-4,-38,24,-2046
3580047038,41496,6,-2,-1,-31,25,-2055
3580048038,41496,3,-3,-4,-36,29,-2047
3580049038,41496,2,1,-4,-33,22,-2036
3580050038,41496,3,-1,-3,-41,25,-2038
3580051038,41496,1,-1,-1,-20,22,-2042
3580052038,41496,2,3,-1,-23,26,-2047
3580053038,41496,5,-1,-3,-36,27,-2042
3580054038,41496,0,-3,-5,-35,25,-2042
3580055038,41496,2,0,-3,-31,22,-2041
3580056038,41496,3,-4,-7,-29,19,-2040
3580057038,41496,0,-2,-3,-42,30,-2045
3580058038,41496,3,-4,-6,-33,21,-2042
3580059038,41496,2,-4,-6,-38,27,-2046
3580060038,41496,1,-1,1,-35,22,-2042
3580061038,41496,3,-1,-3,-34,28,-2040
3580062038,41496,0,-2,-4,-29,22,-2045
3580063038,41496,2,-2,-1,-38,25,-2049
3580064038,41496,5,-5,-4,-30,28,-2046
3580065038,41496,-1,1,-3,-27,20,-2043
3580066038,41496,4,-3,-6,-37,19,-2035
3580067038,41496,4,-3,-5,-28,20,-2049
3580068038,41496,3,-4,0,-37,27,-2039
3580069038,41496,3,-1,-3,-37,18,-2047
3580070038,41496,6,-3,-3,-33,23,-2038
3580071038,41496,0,-2,0,-32,26,-2038
3580072038,41496,1,-4,-3,-32,27,-2048
3580073038,41496,5,-2,-5,-31,22,-2045
3580074038,41496,1,-2,-2,-30,25,-2050
3580075038,41496,0,-3,-4,-23,19,-2049
3580076038,41496,3,-2,-6,-37,24,-2042
3580077038,41496,-1,-1,-4,-30,25,-2044
3580078038,41496,6,0,-3,-37,29,-2044
3580079038,41496,2,-3,-2,-33,23,-2038
3580080038,41496,4,-1,0,-32,25,-2045
3580081038,41496,1,-1,-2,-34,17,-2044
3580082038,41496,4,-1,-1,-32,16,-2043
3580083038,41496,5,-4,-5,-41,26,-2042
3580084038,41496,1,-3,-3,-30,20,-2045
3580085038,41496,1,-2,-2,-33,23,-2038
3580086038,41496,2,-1,0,-35,24,-2051
3580087038,41496,4,-5,-4,-32,25,-2051
3580088038,41496,2,2,-5,-40,23,-2048
3580089038,41496,-1,-3,-4,-31,19,-2042
3580090038,41496,4,-4,-5,-30,24,-2043
3580091038,41496,2,-4,-5,-32,20,-2047
3580092038,41496,-1,0,-4,-28,25,-2052
3580093038,41496,5,-5,-5,-41,23,-2044
3580094038,41496,2,-4,-3,-33,24,-2041
3580095038,41496,3,-2,-3,-38,22,-2045
3580096038,41496,3,-6,-3,-31,24,-2054
3580097038,41496,1,-1,-2,-29,17,-2042
3580098038,41496,0,1,-1,-32,21,-2042
3580099038,41496,3,-2,-4,-36,26,-2045
3580100038,41496,3,-1,-2,-28,26,-2044
3580101038,41496,3,-2,-4,-30,26,-2048
3580102038,41496,3,0,-5,-29,30,-2049
3580103038,41496,-1,-1,-4,-33,20,-2046
3580104038,41496,1,-1,-1,-34,23,-2046
3580105038,41496,2,-2,-3,-40,30,-2040
3580106038,41496,3,-1,0,-32,20,-2039
3580107038,41496,0,-1,-3,-31,26,-2046
3580108038,41496,6,-5,-4,-33,26,-2043
3580109038,41496,1,-1,-4,-37,26,-2038
3580110038,41496,0,0,-2,-33,17,-2039
3580111038,41496,2,-1,-3,-26,21,-2041
3580112038,41496,7,-3,-8,-35,29,-2047
3580113038,41496,-1,0,-5,-37,28,-2045
3580114038,41496,2,-1,-5,-37,22,-2038
3580115038,41496,1,2,0,-31,24,-2044
3580116038,41496,-1,-1,-1,-38,31,-2044
3580117038,41496,1,-4,-3,-35,18,-2046
3580118038,41496,6,-7,-5,-32,25,-2043
3580119038,41496,0,-8,-6,-33,22,-2050
3580120038,41496,5,-1,-1,-32,21,-2047
3580121038,41496,0,-3,0,-36,23,-2037
3580122038,41496,1,0,-4,-27,27,-2046
3580123038,41496,0,0,-1,-29,24,-2038
3580124038,41496,2,-2,-6,-34,24,-2037
3580125038,41496,2,-2,-2,-26,28,-2045
3580126038,41496,1,-1,0,-31,26,-2041
3580127038,41496,-2,-1,-2,-33,26,-2046
3580128038,41496,2,-6,-3,-32,23,-2048
3580129038,41496,2,-1,0,-29,22,-2045
3580130038,41496,2,-2,-5,-35,24,-2046
3580131038,41496,3,-3,-3,-38,15,-2036
3580132038,41496,5,-5,-4,-33,25,-2048
3580133038,41496,3,1,-1,-32,25,-2041
3580134038,41496,1,-1,-1,-32,25,-2042
3580135038,41496,4,-2,-3,-27,25,-2039
3580136038,41496,2,-3,-5,-34,28,-2043
3580137038,41496,3,-4,-5,-36,24,-2044
3580138038,41496,0,0,-2,-31,20,-2049
3580139038,41496,5,-7,-3,-30,18,-2045
3580140038,41496,2,-1,-3,-32,31,-2043
3580141038,41496,5,-4,-4,-39,19,-2043
3580142038,41496,0,-4,-3,-30,23,-2046
3580143038,41496,0,0,-3,-33,26,-2043
3580144038,41496,3,-5,-2,-36,24,-2047
3580145038,41496,6,-3,-5,-30,31,-2040
3580146038,41496,-1,-4,-2,-32,20,-2041
3580147038,41496,4,-1,-5,-38,24,-2041
3580148038,41496,2,1,1,-34,23,-2042
3580149038,41496,0,1,0,-34,22,-2043
3580150038,41496,3,-3,-6,-30,27,-2048
3580151038,41496,3,0,1,-40,33,-2044
3580152038,41496,2,-4,-2,-27,28,-2042
3580153038,41496,4,-1,-1,-31,31,-2044
3580154038,41496,2,-2,-2,-32,21,-2049
3580155038,41496,5,-2,-2,-35,19,-2041
3580156038,41496,1,1,-3,-29,31,-2043
3580157038,41496,2,-2,-5,-32,26,-2039
3580158038,41496,-1,-2,-3,-38,21,-2047
3580159038,41496,3,-2,-3,-23,21,-2050
3580160038,41496,2,-3,0,-31,15,-2044
3580161038,41496,5,-1,-3,-31,26,-2037
3580162038,41496,2,0,-1,-34,24,-2042
3580163038,41496,2,-1,-5,-31,20,-2052
3580164038,41496,3,-3,-6,-32,20,-2039
3580165038,41496,1,3,-4,-31,26,-2041
3580166038,41496,3,1,-4,-33,27,-2047
3580167038,41496,2,-2,-4,-30,20,-2043
3580168038,41496,0,-1,-2,-37,29,-2041
3580169038,41496,-4,-3,-4,-31,22,-2049
3580170038,41496,4,0,-3,-32,24,-2047
3580171038,41496,3,-6,-5,-28,22,-2039
3580172038,41496,2,-3,-3,-29,25,-2041
3580173038,41496,2,-6,-8,-34,26,-2047
3580174038,41496,1,-3,-2,-32,27,-2045
3580175038,41496,2,-2,-2,-26,25,-2044
3580176038,41496,3,-3,-2,-32,23,-2047
3580177038,41496,1,-2,-5,-32,21,-2039
3580178038,41496,1,-2,-4,-38,25,-2047
3580179038,41496,4,-3,-5,-40,22,-2045
3580180038,41496,5,-1,-2,-33,25,-2042
3580181038,41496,3,-5,-5,-32,22,-2051
3580182038,41496,2,-2,0,-33,28,-2040
3580183038,41496,4,-1,-3,-35,21,-2053
3580184038,41496,2,-2,-2,-32,22,-2053
3580185038,41496,5,-2,-4,-34,20,-2046
3580186038,41496,3,-4,-4,-33,25,-2049
3580187038,41496,2,-5,2,-30,28,-2040
3580188038,41496,1,0,-4,-29,17,-2040
3580189038,41496,7,-1,-7,-26,23,-2049
3580190038,41496,-1,-2,-1,-33,31,-2044
3580191038,41496,-1,-1,-1,-30,18,-2045
3580192038,41496,3,-5,-6,-36,18,-2048
3580193038,41496,-2,-2,-1,-37,22,-2049
3580194038,41496,2,-2,0,-29,26,-2048
3580195038,41496,1,-5,-5,-32,24,-2043
3580196038,41496,-1,-1,-1,-36,27,-2043
3580197038,41496,3,-2,-4,-30,26,-2045
3580198038,41496,4,-5,-3,-30,23,-2039
3580199038,41496,1,1,-3,-36,26,-2045
3580200038,41496,-1,-4,-5,-31,23,-2044
3580201038,41496,5,-4,-5,-31,24,-2044
3580202038,41496,-1,2,-1,-28,26,-2048
3580203038,41496,3,-3,-1,-35,29,-2049
3580204038,41496,3,-3,-6,-35,29,-2042
3580205038,41496,0,-4,-4,-30,23,-2048
3580206038,41496,0,0,-3,-35,22,-2039
3580207038,41496,3,0,-1,-35,26,-2040
3580208038,41496,2,-4,-4,-39,32,-2049
3580209038,41496,2,0,-2,-30,21,-2047
3580210038,41496,1,-5,-4,-33,21,-2044
3580211038,41496,4,-6,-1,-33,25,-2047
3580212038,41496,6,-5,-3,-32,31,-2051
3580213038,41496,3,-1,-3,-39,26,-2049
3580214038,41496,3,-2,-4,-33,22,-2048
3580215038,41496,3,-4,-5,-32,26,-2049
3580216038,41496,3,-4,-3,-29,21,-2046
3580217038,41496,2,-4,-5,-33,19,-2043
3580218038,41496,2,-4,-5,-32,17,-2043
3580219038,41496,2,-6,-5,-35,30,-2043
3580220038,41496,4,1,-3,-36,19,-2038
3580221038,41496,1,-4,0,-33,17,-2046
3580222038,41496,6,-4,-3,-32,26,-2044
3580223038,41496,1,-2,-5,-30,17,-2049
3580224038,41496,3,-3,-4,-32,25,-2045
3580225038,41496,0,-1,-1,-26,31,-2045
3580226038,41496,0,-3,-2,-34,28,-2050
3580227038,41496,2,-1,-2,-36,22,-2046
3580228038,41496,3,-1,-3,-25,24,-2041
3580229038,41496,0,-4,-1,-38,31,-2053
3580230038,41496,3,0,-1,-28,23,-2045
3580231038,41496,2,-1,-5,-35,17,-2043
3580232038,41496,4,-3,-1,-35,20,-2040
3580233038,41496,2,-2,-2,-33,22,-2038
3580234038,41496,4,-3,-4,-42,22,-2041
3580235038,41496,5,-1,-4,-33,22,-2038
3580236038,41496,1,1,-2,-29,20,-2043
3580237038,41496,0,-3,-2,-30,21,-2050
3580238038,41496,3,-2,-7,-31,25,-2048
3580239038,41496,-3,0,-5,-35,25,-2044
3580240038,41496,6,-6,-6,-41,22,-2038
3580241038,41496,2,1,-3,-37,18,-2053
3580242038,41496,2,-3,-7,-32,21,-2043
3580243038,41496,3,-6,0,-34,26,-2045
3580244038,41496,3,-2,-4,-30,23,-2042
3580245038,41496,0,-4,-1,-34,24,-2047
3580246038,41496,5,-3,-1,-34,22,-2044
3580247038,41496,0,0,-1,-36,30,-2052
3580248038,41496,3,-4,-5,-29,29,-2041
3580249038,41496,-1,0,-5,-34,15,-2040
3580250038,41496,5,-4,-7,-30,31,-2042
3580251038,41496,-1,-1,-1,-33,24,-2042
3580252038,41496,1,-2,-7,-35,22,-2050
3580253038,41496,3,-2,-2,-33,19,-2045
3580254038,41496,-1,-1,-3,-29,22,-2041
3580255038,41496,1,-1,-4,-32,28,-2038
3580256038,41496,0,-3,-5,-33,23,-2043
3580257038,41496,4,-3,-2,-30,22,-2039
3580258038,41496,2,-4,-1,-34,23,-2043
3580259038,41496,1,-2,-5,-33,28,-2044
3580260038,41496,2,-4,1,-26,29,-2048
3580261038,41496,2,0,-3,-27,22,-2046
3580262038,41496,5,0,-2,-29,24,-2051
3580263038,41496,0,-2,-3,-28,21,-2042
3580264038,41496,5,-2,-4,-34,21,-2037
3580265038,41496,5,-4,-7,-33,25,-2037
3580266038,41496,-1,-1,0,-32,30,-2047
3580267038,41496,3,-4,-9,-32,22,-2045
3580268038,41496,5,-2,-5,-38,31,-2042
3580269038,41496,1,-4,-5,-39,22,-2041
3580270038,41496,0,-2,0,-30,16,-2044
3580271038,41496,0,2,0,-32,23,-2047
3580272038,41496,-3,-1,-4,-26,25,-2044
3580273038,41496,1,-2,-5,-32,24,-2051
3580274038,41496,0,1,-4,-38,21,-2045
3580275038,41496,4,-3,-3,-32,27,-2041
3580276038,41496,1,-1,-1,-29,26,-2041
3580277038,41496,5,-3,-4,-32,21,-2036
3580278038,41496,2,-6,-6,-33,27,-2048
3580279038,41496,6,1,-5,-32,21,-2053
3580280038,41496,4,0,-3,-30,25,-2043
3580281038,41496,6,-3,-4,-37,22,-2045
3580282038,41496,3,-3,-3,-37,24,-2044
3580283038,41496,-1,-1,-1,-36,28,-2041
3580284038,41496,3,-5,-7,-27,25,-2042
3580285038,41496,-1,-2,-3,-28,27,-2046
3580286038,41496,6,-5,-6,-33,22,-2044
3580287038,41496,4,-2,-7,-41,29,-2045
3580288038,41496,-2,-3,-3,-31,31,-2041
3580289038,41496,3,-1,-5,-35,18,-2043
3580290038,41496,2,-3,-4,-32,32,-2041
3580291038,41496,2,-4,-7,-24,23,-2042
3580292038,41496,5,-6,-4,-34,23,-2040
3580293038,41496,0,-3,-1,-30,17,-2040
3580294038,41496,-1,-2,-2,-29,29,-2048
3580295038,41496,0,-2,-2,-27,26,-2048
3580296038,41496,4,-1,-2,-38,19,-2036
3580297038,41496,2,-3,-1,-26,22,-2050
3580298038,41496,3,-4,-8,-33,21,-2050
3580299038,41496,5,-5,-7,-29,28,-2045
3580300038,41496,0,0,1,-34,22,-2048
3580301038,41496,2,-2,-2,-28,21,-2043
3580302038,41496,0,-1,-2,-32,26,-2044
3580303038,41496,4,2,-1,-36,23,-2041
3580304038,41496,1,-3,-3,-24,28,-2047
3580305038,41496,3,-4,-4,-39,28,-2049
3580306038,41496,3,-2,-3,-26,26,-2043
3580307038,41496,-2,-2,-4,-28,26,-2046
3580308038,41496,0,2,-2,-31,24,-2042
3580309038,41496,1,1,-3,-32,23,-2049
3580310038,41496,0,-3,-4,-28,22,-2043
3580311038,41496,2,-3,-2,-28,25,-2041
3580312038,41496,1,-4,-5,-37,20,-2038
3580313038,41496,1,-7,-4,-31,24,-2044
3580314038,41496,0,1,-2,-28,23,-2044
3580315038,41496,6,-5,0,-34,11,-2046
3580316038,41496,-2,2,-3,-29,24,-2047
3580317038,41496,3,-1,-5,-33,25,-2050
3580318038,41496,2,-4,-3,-36,22,-2039
3580319038,41496,1,3,-4,-38,23,-2045
3580320038,41496,0,-1,-2,-39,20,-2044
3580321038,41496,3,-3,-7,-33,19,-2042
3580322038,41496,2,-2,-4,-38,24,-2044
3580323038,41496,4,-3,-3,-36,35,-2048
3580324038,41496,-1,-2,0,-32,20,-2046
3580325038,41496,2,-2,-6,-28,27,-2048
3580326038,41496,1,-5,-5,-27,25,-2041
3580327038,41496,2,-3,-2,-20,25,-2042
3580328038,41496,-1,-4,-2,-33,18,-2040
3580329038,41496,2,-4,0,-32,23,-2045
3580330038,41496,-1,-2,-1,-32,23,-2045
3580331038,41496,3,-4,-3,-39,27,-2050
3580332038,41496,3,-3,-2,-30,22,-2045
3580333038,41496,4,-4,-4,-25,16,-2047
3580334038,41496,2,-5,-7,-39,21,-2046
3580335038,41496,2,1,-1,-30,23,-2047
3580336038,41496,4,-1,-7,-38,26,-2042
3580337038,41496,4,-4,-4,-29,24,-2045
3580338038,41496,2,-3,-5,-41,26,-2043
3580339038,41496,4,-3,-5,-37,21,-2051
3580340038,41496,3,-3,-4,-38,24,-2039
3580341038,41496,-2,2,0,-34,29,-2050
3580342038,41496,6,-3,-3,-32,19,-2044
3580343038,41496,-1,-1,-3,-26,28,-2045
3580344038,41496,2,-2,-4,-35,28,-2035
3580345038,41496,2,-6,-6,-27,28,-2047
3580346038,41496,2,-3,-6,-33,26,-2048
3580347038,41496,4,-5,-5,-33,20,-2031
3580348038,41496,0,-2,-4,-31,25,-2038
3580349038,41496,0,-4,-4,-36,31,-2044
3580350038,41496,4,-6,-5,-34,27,-2043
3580351038,41496,1,0,-1,-34,18,-2042
3580352038,41496,3,-3,-4,-31,19,-2047
3580353038,41496,0,-4,-1,-36,27,-2042
3580354038,41496,-2,-4,-4,-36,17,-2046
3580355038,41496,3,-4,-5,-40,25,-2039
3580356038,41496,-1,-2,-5,-39,28,-2040
3580357038,41496,0,-4,0,-32,24,-2042
3580358038,41496,3,-5,-5,-27,29,-2048
3580359038,41496,1,-2,-3,-32,20,-2044
3580360038,41496,-1,-1,-3,-38,16,-2044
3580361038,41496,5,-1,-3,-33,23,-2042
3580362038,41496,2,-7,-5,-35,32,-2045
3580363038,41496,1,-5,-1,-27,30,-2054
3580364038,41496,2,-2,-4,-27,23,-2050
3580365038,41496,1,0,-3,-27,23,-2038
3580366038,41496,4,-2,-6,-40,23,-2039
3580367038,41496,-2,-1,-4,-32,20,-2038
3580368038,41496,3,-1,-3,-30,27,-2039
3580369038,41496,4,-3,-4,-36,17,-2046
3580370038,41496,3,1,0,-35,16,-2043
3580371038,41496,3,-2,-9,-36,29,-2050
3580372038,41496,4,-4,-4,-26,24,-2044
3580373038,41496,2,-4,-3,-31,26,-2046
3580374038,41496,6,-3,-7,-31,35,-2043
3580375038,41496,2,-3,-1,-34,21,-2042
3580376038,41496,-1,-2,-4,-36,28,-2043
3580377038,41496,0,-3,-3,-31,29,-2048
3580378038,41496,7,-3,-1,-30,23,-2047
3580379038,41496,8,-4,-5,-34,27,-2047
3580380038,41496,-1,0,-4,-36,32,-2038
3580381038,41496,4,-5,-5,-30,27,-2045
3580382038,41496,2,-1,-3,-35,23,-2045
3580383038,41496,1,-5,-2,-32,25,-2049
3580384038,41496,2,-5,-7,-33,27,-2045
3580385038,41496,-1,1,-2,-31,18,-2043
3580386038,41496,3,-4,-3,-31,21,-2051
3580387038,41496,3,-5,-5,-32,26,-2041
3580388038,41496,3,-1,-4,-33,28,-2039
3580389038,41496,2,-3,-2,-28,21,-2041
3580390038,41496,3,-3,-6,-29,20,-2042
3580391038,41496,4,-3,-6,-36,27,-2046
3580392038,41496,3,-5,-4,-26,26,-2040
3580393038,41496,0,-2,-4,-29,25,-2047
3580394038,41496,2,0,-5,-36,17,-2047
3580395038,41496,6,-4,-2,-28,25,-2045
3580396038,41496,2,-2,-4,-29,28,-2040
3580397038,41496,1,-4,-3,-25,22,-2045
3580398038,41496,1,-6,-4,-32,17,-2047
3580399038,41496,0,-1,-4,-28,23,-2052
3580400038,41496,2,-1,-4,-27,22,-2038
3580401038,41496,3,-3,-4,-38,24,-2048
3580402038,41496,3,-2,-5,-43,21,-2040
3580403038,41496,-2,-4,-4,-40,25,-2045
3580404038,41496,-2,-3,-7,-25,24,-2042
3580405038,41496,-2,-4,-4,-25,28,-2041
3580406038,41496,0,-3,-4,-32,29,-2034
3580407038,41496,-1,2,-1,-39,18,-2050
3580408038,41496,2,-5,-4,-29,18,-2052
3580409038,41496,2,-4,-4,-27,26,-2048
3580410038,41496,-2,2,-1,-25,19,-2048
3580411038,41496,1,-1,0,-30,22,-2041
3580412038,41496,1,-1,-6,-30,22,-2040
3580413038,41496,1,-3,-3,-36,15,-2043
3580414038,41496,2,-3,-7,-25,28,-2041
3580415038,41496,2,-5,-3,-28,24,-2048
3580416038,41496,4,-1,-2,-31,26,-2046
3580417038,41496,5,-6,-8,-36,31,-2043
3580418038,41496,3,-1,-4,-30,20,-2046
3580419038,41496,0,-1,-4,-31,25,-2039
3580420038,41496,5,1,-4,-34,16,-2049
3580421038,41496,1,-3,-1,-32,23,-2047
3580422038,41496,5,-2,-3,-29,20,-2041
3580423038,41496,1,0,-5,-33,21,-2051
3580424038,41496,3,-6,-7,-38,25,-2042
3580425038,41496,3,-2,-2,-37,25,-2040
3580426038,41496,1,-1,-5,-32,26,-2050
3580427038,41496,0,-5,-4,-34,26,-2045
3580428038,41496,4,-4,-4,-31,28,-2040
3580429038,41496,4,-6,-6,-36,24,-2045
3580430038,41496,3,-2,-4,-34,29,-2045
3580431038,41496,0,2,-1,-35,31,-2050
3580432038,41496,0,-4,-2,-36,23,-2041
3580433038,41496,0,-3,-4,-26,29,-2047
3580434038,41496,2,0,-1,-30,23,-2047
3580435038,41496,0,-1,-5,-29,31,-2042
3580436038,41496,1,-5,-5,-34,32,-2044
3580437038,41496,3,-3,-3,-32,20,-2049
3580438038,41496,2,-8,-6,-35,19,-2048
3580439038,41496,4,-3,-2,-26,22,-2048
3580440038,41496,3,-2,-9,-38,22,-2053
3580441038,41496,3,-3,-7,-36,26,-2043
3580442038,41496,0,0,-6,-33,22,-2044
3580443038,41496,3,-3,-4,-38,19,-2044
3580444038,41496,3,-3,0,-27,22,-2043
3580445038,41496,0,-3,-2,-39,23,-2044
3580446038,41496,4,-6,-6,-35,22,-2047
3580447038,41496,-1,-1,-5,-33,29,-2045
3580448038,41496,1,-2,-7,-30,32,-2045
3580449038,41496,3,-3,-4,-40,21,-2049
3580450038,41496,2,-3,-5,-33,26,-2041
3580451038,41496,5,-3,-3,-34,23,-2049
3580452038,41496,4,-4,-3,-34,22,-2041
3580453038,41496,2,-1,0,-31,24,-2047
3580454038,41496,3,-4,-4,-32,22,-2045
3580455038,41496,3,-3,-5,-36,20,-2038
3580456038,41496,2,-2,-2,-34,27,-2047
3580457038,41496,3,-2,-1,-31,25,-2041
3580458038,41496,-3,0,-5,-33,22,-2045
3580459038,41496,4,-2,-2,-32,35,-2039
3580460038,41496,2,-1,-2,-33,27,-2035
3580461038,41496,0,0,-2,-37,25,-2044
3580462038,41496,5,-3,-3,-28,18,-2048
3580463038,41496,-1,3,0,-34,23,-2049
3580464038,41496,3,-4,-4,-27,24,-2045
3580465038,41496,4,-2,1,-36,27,-2044
3580466038,41496,4,-4,-3,-38,26,-2039
3580467038,41496,2,-2,-5,-24,22,-2043
3580468038,41496,4,-5,-6,-31,26,-2048
3580469038,41496,3,-3,-4,-30,21,-2046
3580470038,41496,0,-3,-3,-34,20,-2042
3580471038,41496,-2,-1,-3,-30,21,-2047
3580472038,41496,1,-1,-2,-39,26,-2042
3580473038,41496,6,-6,-3,-36,25,-2042
3580474038,41496,4,-1,-2,-34,21,-2045
3580475038,41496,3,-8,-2,-35,23,-2044
3580476038,41496,3,-1,-5,-32,23,-2041
3580477038,41496,0,-1,-3,-38,25,-2043
3580478038,41496,5,-3,-3,-30,27,-2037
3580479038,41496,3,-1,-7,-43,16,-2041
3580480038,41496,2,-3,-1,-30,25,-2047
3580481038,41496,6,-3,-3,-37,22,-2054
3580482038,41496,7,-5,-4,-40,25,-2055
3580483038,41496,5,-6,-8,-33,24,-2045
3580484038,41496,3,1,1,-38,26,-2044
3580485038,41496,1,0,-9,-32,28,-2050
3580486038,41496,8,-6,-6,-32,23,-2054
3580487038,41496,5,-4,-5,-29,26,-2042
3580488038,41496,0,-5,-5,-36,23,-2039
3580489038,41496,3,-5,-6,-36,20,-2041
3580490038,41496,2,-1,-3,-35,20,-2049
3580491038,41496,4,-4,-7,-30,30,-2041
3580492038,41496,6,-2,-3,-24,30,-2042
3580493038,41496,2,-2,-2,-35,26,-2048
3580494038,41496,1,0,-4,-27,17,-2042
3580495038,41496,4,-1,-4,-31,25,-2040
3580496038,41496,5,-2,-4,-35,21,-2044
3580497038,41496,-3,-2,-2,-30,26,-2051
3580498038,41496,1,-1,-6,-30,20,-2042
3580499038,41496,3,-2,-4,-28,21,-2049
3580500038,41496,2,-2,-2,-33,29,-2047
3580501038,41496,5,-4,-3,-33,21,-2045
3580502038,41496,3,-1,-6,-39,31,-2045
3580503038,41496,5,-1,-3,-28,26,-2046
3580504038,41496,-2,-2,-2,-29,22,-2044
3580505038,41496,3,-5,-2,-31,23,-2050
3580506038,41496,1,-4,-4,-28,26,-2041
3580507038,41496,3,-4,-6,-30,23,-2040
3580508038,41496,-2,0,-3,-31,22,-2042
3580509038,41496,2,0,-3,-23,26,-2046
3580510038,41496,3,-7,-4,-33,25,-2038
3580511038,41496,3,0,-5,-33,18,-2038
3580512038,41496,2,-2,-4,-33,26,-2040
3580513038,41496,1,-4,-3,-42,26,-2047
3580514038,41496,1,0,-5,-33,24,-2039
3580515038,41496,3,-3,-5,-30,19,-2046
3580516038,41496,2,-5,-4,-40,18,-2041
3580517038,41496,1,3,-1,-34,25,-2046
3580518038,41496,4,-4,-4,-27,26,-2045
3580519038,41496,-1,-1,-4,-37,27,-2045
3580520038,41496,-2,-4,-2,-31,28,-2039
3580521038,41496,2,-7,-5,-32,28,-2039
3580522038,41496,1,1,-2,-31,28,-2040
3580523038,41496,0,-1,0,-27,25,-2038
3580524038,41496,0,-2,-4,-30,23,-2040
3580525038,41496,3,-1,-4,-38,25,-2044
3580526038,41496,3,-1,-2,-29,21,-2045
3580527038,41496,4,-1,-7,-32,26,-2038
3580528038,41496,4,-1,-1,-36,23,-2046
3580529038,41496,2,-2,-3,-29,19,-2048
3580530038,41496,-2,-2,-4,-32,26,-2044
3580531038,41496,2,1,-1,-38,25,-2042
3580532038,41496,4,-4,-6,-37,36,-2037
3580533038,41496,3,-1,-5,-36,25,-2041
3580534038,41496,5,-4,-5,-29,30,-2038
3580535038,41496,2,0,-4,-33,31,-2052
3580536038,41496,3,-1,-4,-30,30,-2048
3580537038,41496,2,-6,-3,-32,24,-2043
3580538038,41496,3,0,-5,-31,21,-2046
3580539038,41496,3,-4,-3,-29,24,-2050
3580540038,41496,1,-2,-5,-31,22,-2049
3580541038,41496,6,-2,-5,-32,22,-2045
3580542038,41496,2,-9,-7,-31,28,-2044
3580543038,41496,4,-3,-2,-32,28,-2040
3580544038,41496,-1,-1,-2,-31,25,-2039
3580545038,41496,2,-5,-1,-32,30,-2039
3580546038,41496,1,-4,-2,-36,25,-2049
3580547038,41496,2,0,-2,-33,24,-2047
3580548038,41496,4,-4,-6,-29,32,-2042
3580549038,41496,2,-1,-3,-36,23,-2048
3580550038,41496,2,-2,-4,-33,22,-2047
3580551038,41496,1,-3,-3,-34,26,-2044
3580552038,41496,2,-3,-5,-33,26,-2042
3580553038,41496,0,-2,-4,-36,21,-2035
3580554038,41496,1,-2,-1,-32,25,-2038
3580555038,41496,4,-3,1,-34,27,-2043
3580556038,41496,6,-1,-7,-35,20,-2051
3580557038,41496,1,0,0,-32,26,-2048
3580558038,41496,2,-1,-4,-34,30,-2044
3580559038,41496,-1,1,-3,-31,20,-2049
3580560038,41496,1,-2,-3,-31,23,-2044
3580561038,41496,1,-1,-2,-28,23,-2036
3580562038,41496,2,-3,1,-36,28,-2046
3580563038,41496,1,-3,-6,-37,26,-2047
3580564038,41496,5,-3,-4,-32,29,-2045
3580565038,41496,1,1,-6,-31,26,-2041
3580566038,41496,1,-3,-4,-31,25,-2044
3580567038,41496,2,-2,-4,-28,27,-2034
3580568038,41496,5,-2,-4,-36,26,-2040
3580569038,41496,3,-4,-6,-34,22,-2050
3580570038,41496,0,-5,-4,-38,19,-2039
3580571038,41496,5,-2,-5,-34,15,-2045
3580572038,41496,4,-4,-2,-35,34,-2054
3580573038,41496,3,0,-3,-23,23,-2037
3580574038,41496,4,-3,-3,-35,19,-2043
3580575038,41496,-1,-2,-4,-34,21,-2039
3580576038,41496,-1,-2,-2,-32,22,-2041
3580577038,41496,3,-3,-4,-25,24,-2042
3580578038,41496,0,2,-1,-37,33,-2047
3580579038,41496,2,-1,-4,-38,18,-2047
3580580038,41496,3,-1,-3,-30,21,-2038
3580581038,41496,1,-1,-4,-27,26,-2040
3580582038,41496,3,1,1,-31,25,-2042
3580583038,41496,-3,-1,-1,-38,22,-2046
3580584038,41496,-1,-3,-3,-33,20,-2045
3580585038,41496,5,-3,0,-29,30,-2052
3580586038,41496,2,0,-3,-36,24,-2052
3580587038,41496,1,-4,-3,-34,22,-2044
3580588038,41496,4,-5,-3,-26,33,-2046
3580589038,41496,2,-2,-5,-39,29,-2042
3580590038,41496,4,-4,-4,-28,25,-2045
3580591038,41496,4,-6,-7,-38,16,-2045
3580592038,41496,6,-2,-2,-34,29,-2045
3580593039,41496,3,-7,-6,-32,21,-2053
3580594040,41496,0,-4,0,-40,17,-2046
3580595038,41496,5,-3,-6,-35,30,-2044
3580596038,41496,4,-2,-4,-31,22,-2048
3580597038,41496,4,-2,-1,-30,21,-2046
3580598038,41496,1,-4,0,-40,27,-2040
3580599038,41496,1,-1,-3,-37,24,-2039
3580600038,41496,1,2,-4,-36,20,-2035
3580601038,41496,0,-3,-5,-29,27,-2043
3580602038,41496,4,-4,-5,-28,24,-2044
3580603038,41496,1,-4,0,-40,21,-2051
3580604038,41496,2,-4,-6,-34,25,-2047
3580605038,41496,1,-1,-4,-34,15,-2052
3580606038,41496,2,-4,-4,-30,24,-2045
3580607038,41496,4,-3,-5,-37,23,-2040
3580608038,41496,4,-2,-4,-38,21,-2056
3580609038,41496,2,-6,-3,-30,31,-2043
3580610038,41496,2,-1,-4,-33,26,-2039
3580611038,41496,4,-5,-1,-27,24,-2038
3580612038,41496,2,-5,-3,-34,27,-2049
3580613038,41496,3,1,-6,-29,24,-2047
3580614038,41496,3,-3,-5,-29,21,-2045
3580615038,41496,1,-2,-4,-36,29,-2039
3580616038,41496,2,-5,-6,-30,21,-2046
3580617038,41496,0,-4,-5,-31,20,-2039
3580618038,41496,4,-1,-3,-30,21,-2046
3580619038,41496,5,-4,-2,-33,25,-2049
3580620038,41496,4,-2,-5,-31,24,-2043
3580621038,41496,5,-2,-6,-33,29,-2046
3580622038,41496,3,0,-1,-30,23,-2050
3580623038,41496,5,0,-4,-32,25,-2049
3580624038,41496,-1,0,-1,-29,22,-2046
3580625038,41496,2,-2,-2,-29,15,-2047
3580626038,41496,1,1,-3,-40,22,-2041
3580627038,41496,-1,-3,-4,-36,23,-2044
3580628038,41496,4,-3,0,-28,23,-2044
3580629038,41496,0,-3,-4,-28,20,-2047
3580630038,41496,3,-1,-1,-31,24,-2041
3580631038,41496,1,-2,-5,-33,25,-2044
3580632038,41496,2,-4,-4,-29,28,-2045
3580633038,41496,5,-4,-3,-36,22,-2041
3580634038,41496,2,-5,-5,-29,26,-2042
3580635038,41496,4,-4,-8,-36,25,-2047
3580636038,41496,3,-5,-4,-36,21,-2040
3580637038,41496,0,1,-3,-26,25,-2052
3580638038,41496,0,-3,-4,-36,24,-2042
3580639038,41496,2,-4,-3,-34,25,-2043
3580640038,41496,3,-3,-3,-26,18,-2040
3580641038,41496,2,-3,-6,-28,29,-2049
3580642038,41496,4,-4,-3,-35,28,-2046
3580643038,41496,1,-4,-4,-37,23,-2050
3580644038,41496,1,-1,-6,-29,24,-2043
3580645038,41496,5,-2,-4,-33,18,-2048
3580646038,41496,2,-1,-3,-26,29,-2049
3580647038,41496,2,-2,-6,-29,23,-2043
3580648038,41496,2,1,-5,-30,26,-2049
3580649038,41496,3,-1,-5,-25,23,-2045
3580650038,41496,2,0,-4,-37,21,-2052
3580651038,41496,3,-4,-2,-29,21,-2047
3580652038,41496,5,-4,-5,-35,24,-2044
3580653038,41496,1,-3,0,-28,20,-2046
3580654038,41496,2,-2,-5,-34,29,-2051
3580655038,41496,5,-5,-1,-29,27,-2039
3580656038,41496,2,-1,-4,-27,25,-2047
3580657038,41496,2,-4,0,-33,14,-2041
3580658038,41496,2,-4,-6,-32,31,-2045
3580659038,41496,1,-1,3,-33,29,-2049
3580660038,41496,3,-2,0,-33,31,-2046
3580661038,41496,3,-4,-3,-39,29,-2047
3580662038,41496,4,-3,-3,-36,28,-2041
3580663038,41496,4,-3,-3,-31,30,-2056
3580664038,41496,1,0,-5,-40,22,-2050
3580665038,41496,3,0,-2,-32,22,-2040
3580666038,41496,1,-1,-4,-26,23,-2041
3580667038,41496,1,3,-4,-32,16,-2044
3580668038,41496,1,-3,-5,-30,23,-2042
3580669038,41496,-3,2,-3,-37,17,-2046
3580670038,41496,1,-4,-7,-31,30,-2043
3580671038,41496,1,-3,-2,-36,19,-2054
3580672038,41496,2,-4,0,-29,20,-2035
3580673038,41496,4,-1,-5,-32,21,-2048
3580674038,41496,-2,1,-1,-34,27,-2043
3580675038,41496,5,-1,-4,-39,24,-2043
3580676038,41496,2,-4,-3,-31,24,-2037
3580677038,41496,4,1,-1,-38,23,-2053
3580678038,41496,2,-2,0,-31,24,-2039
3580679038,41496,-1,0,-5,-30,23,-2044
3580680038,41496,2,-1,-6,-32,21,-2037
3580681038,41496,4,-4,-5,-29,19,-2048
3580682038,41496,0,1,-2,-38,25,-2042
3580683038,41496,1,0,-2,-26,17,-2045
3580684038,41496,1,-6,-3,-28,24,-2042
3580685038,41496,2,-2,-2,-31,23,-2046
3580686038,41496,3,-5,-4,-41,21,-2049
3580687038,41496,7,-4,-5,-30,19,-2039
3580688038,41496,-2,-1,-1,-31,19,-2047
3580689038,41496,3,-4,-5,-25,32,-2045
3580690038,41496,5,-4,-5,-36,19,-2050
3580691038,41496,-2,1,-2,-33,26,-2037
3580692038,41496,1,0,-2,-31,21,-2046
3580693038,41496,3,1,-3,-34,18,-2040
3580694038,41496,6,-3,-5,-28,20,-2045
3580695038,41496,1,-2,-2,-36,22,-2050
3580696038,41496,2,1,-2,-32,28,-2045
3580697038,41496,-1,-4,0,-40,25,-2044
3580698038,41496,2,-2,-2,-39,23,-2047
3580699038,41496,-1,3,-5,-35,32,-2049
3580700038,41496,4,-3,-3,-36,26,-2041
3580701038,41496,2,1,-4,-30,24,-2050
3580702038,41496,3,-4,-4,-29,25,-2051
3580703038,41496,4,-5,-7,-39,28,-2050
3580704038,41496,2,-1,-3,-38,27,-2045
3580705038,41496,3,-2,-4,-32,28,-2037
3580706038,41496,2,-5,-4,-30,31,-2042
3580707038,41496,2,-1,-5,-28,25,-2041
3580708038,41496,2,-2,-5,-35,30,-2043
3580709038,41496,0,-1,-1,-47,22,-2045
3580710038,41496,2,-4,-2,-37,20,-2042
3580711038,41496,1,-3,-1,-27,26,-2048
3580712038,41496,5,0,-5,-36,32,-2043
3580713038,41496,2,-2,-2,-29,21,-2047
3580714038,41496,3,-2,-5,-32,22,-2043
3580715038,41496,2,1,-5,-37,29,-2042
3580716038,41496,2,-3,-3,-23,20,-2042
3580717038,41496,2,-1,-3,-29,12,-2050
3580718038,41496,1,0,-3,-35,26,-2047
3580719038,41496,1,-3,-2,-37,23,-2037
3580720038,41496,1,-2,-3,-33,23,-2047
3580721038,41496,1,0,-3,-34,25,-2042
3580722038,41496,3,-7,-3,-36,21,-2040
3580723038,41496,0,0,0,-33,23,-2042
3580724038,41496,3,-2,-3,-32,27,-2046
3580725038,41496,1,-2,-3,-39,24,-2045
3580726038,41496,7,-6,-6,-35,25,-2052
3580727038,41496,-2,0,-2,-35,19,-2041
3580728038,41496,3,0,-5,-38,19,-2049
3580729038,41496,-2,-2,-3,-33,28,-2049
3580730038,41496,6,-3,-5,-24,23,-2049
3580731038,41496,3,-1,-3,-40,22,-2049
3580732038,41496,1,-1,-3,-37,22,-2046
3580733038,41496,2,-3,-2,-31,21,-2044
3580734038,41496,0,-2,-3,-35,23,-2047
3580735038,41496,1,-3,0,-32,20,-2051
3580736038,41496,3,-2,-4,-34,26,-2043
3580737038,41496,2,-1,-7,-28,22,-2040
3580738038,41496,4,-6,-3,-29,20,-2040
3580739038,41496,-3,-3,-4,-32,20,-2044
3580740038,41496,2,-3,-2,-28,23,-2039
3580741038,41496,-2,0,-6,-21,24,-2047
3580742038,41496,5,-6,-4,-31,21,-2044
3580743038,41496,2,-4,-4,-35,26,-2043
3580744038,41496,3,-2,-2,-28,19,-2045
3580745038,41496,-1,-2,-3,-27,16,-2045
3580746038,41496,4,-2,-1,-25,23,-2045
3580747038,41496,3,-4,-7,-38,21,-2043
3580748038,41496,3,-2,-5,-39,25,-2041
3580749038,41496,1,-3,-4,-25,29,-2041
3580750038,41496,5,-1,-2,-31,27,-2045
3580751038,41496,3,-7,-5,-29,33,-2049
3580752038,41496,1,-1,-1,-30,25,-2048
3580753038,41496,2,1,-4,-29,22,-2041
3580754038,41496,5,0,-3,-27,20,-2050
3580755038,41496,0,-5,-3,-21,24,-2051
3580756038,41496,3,-4,-2,-28,24,-2035
3580757038,41496,4,-4,-2,-33,27,-2052
3580758038,41496,-1,1,0,-30,24,-2050
3580759038,41496,0,-3,-3,-27,24,-2041
3580760038,41496,2,-5,-3,-31,23,-2044
3580761038,41496,4,-1,-5,-24,22,-2048
3580762038,41496,-1,-3,-5,-33,24,-2047
3580763038,41496,4,-4,-3,-31,22,-2045
3580764038,41496,2,0,-5,-39,23,-2051
3580765038,41496,3,-6,-4,-33,25,-2048
3580766038,41496,0,-3,-3,-42,28,-2044
3580767038,41496,2,-5,-6,-34,22,-2046
3580768038,41496,2,-3,-4,-37,25,-2043
3580769038,41496,-2,-2,-2,-34,20,-2047
3580770038,41496,6,-5,-9,-36,26,-2046
3580771038,41496,0,-4,-4,-28,23,-2043
3580772038,41496,2,-5,-4,-31,30,-2043
3580773038,41496,3,1,-5,-31,19,-2038
3580774038,41496,-2,-3,-3,-29,24,-2043
3580775038,41496,1,-4,-3,-37,27,-2049
3580776038,41496,3,-3,-5,-30,20,-2050
3580777038,41496,5,0,-1,-33,30,-2042
3580778038,41496,-1,-3,-4,-36,23,-2044
3580779038,41496,1,0,-4,-33,21,-2041
3580780038,41496,5,-2,-5,-33,27,-2048
3580781038,41496,0,-2,-2,-31,24,-2045
3580782038,41496,2,-1,-6,-37,24,-2050
3580783038,41496,7,-8,-8,-30,26,-2042
3580784038,41496,1,-3,-3,-36,24,-2044
3580785038,41496,3,-3,-4,-30,23,-2042
3580786038,41496,2,-2,-2,-31,23,-2049
3580787038,41496,0,-2,-2,-26,26,-2045
3580788038,41496,2,-6,-6,-30,23,-2048
3580789038,41496,1,-1,-2,-30,28,-2046
3580790038,41496,2,1,0,-36,25,-2043
3580791038,41496,1,-1,-1,-33,28,-2049
3580792038,41496,2,0,-4,-32,23,-2047
3580793038,41496,1,0,-4,-35,28,-2039
3580794038,41496,3,-2,-5,-32,26,-2041
3580795038,41496,2,-2,-3,-33,20,-2045
3580796038,41496,6,-5,-7,-30,23,-2037
3580797038,41496,4,-3,-7,-32,26,-2040
3580798038,41496,2,-3,-5,-31,22,-2053
3580799038,41496,3,-3,-4,-35,21,-2047
3580800038,41496,0,-1,-2,-34,24,-2050
3580801038,41496,1,-2,-2,-36,24,-2049
3580802038,41496,4,-3,-4,-39,26,-2040
3580803038,41496,0,-4,-3,-37,23,-2051
3580804038,41496,2,-4,-1,-22,18,-2053
3580805038,41496,3,0,-3,-27,30,-2049
3580806038,41496,2,-1,0,-36,25,-2046
3580807038,41496,1,-2,-3,-30,22,-2043
3580808038,41496,1,-1,-5,-34,27,-2050
3580809038,41496,0,-1,-1,-34,23,-2042
3580810038,41496,2,-1,-5,-35,23,-2052
3580811038,41496,5,0,-3,-38,23,-2039
3580812038,41496,1,-3,0,-29,17,-2041
3580813038,41496,2,-4,-1,-32,19,-2047
3580814038,41496,0,-2,-2,-30,28,-2045
3580815038,41496,6,-6,-2,-29,34,-2040
3580816038,41496,4,-1,-4,-32,20,-2036
3580817038,41496,7,-2,-5,-28,19,-2046
3580818038,41496,1,-1,0,-30,24,-2043
3580819038,41496,4,-2,-4,-30,24,-2045
3580820038,41496,5,-6,-6,-30,25,-2043
3580821038,41496,4,-4,-6,-33,26,-2047
3580822038,41496,3,-4,-5,-33,24,-2044
3580823038,41496,2,-3,-1,-26,23,-2044
3580824038,41496,1,-2,-3,-31,22,-2046
3580825038,41496,2,-2,-4,-32,22,-2046
3580826038,41496,5,-3,-3,-32,32,-2037
3580827038,41496,2,-4,-4,-33,22,-2049
3580828038,41496,4,-1,-4,-35,28,-2042
3580829038,41496,3,-1,-1,-33,27,-2040
3580830038,41496,3,3,-2,-30,30,-2044
3580831038,41496,2,-3,-5,-31,22,-2046
3580832038,41496,0,-2,-3,-31,21,-2044
3580833038,41496,-1,-2,-4,-38,30,-2037
3580834038,41496,0,-1,-2,-25,21,-2047
3580835038,41496,3,-1,-1,-29,23,-2050
3580836038,41496,-1,-2,-5,-25,16,-2045
3580837038,41496,1,-2,-1,-33,23,-2042
3580838038,41496,5,-4,-2,-30,25,-2036
3580839038,41496,4,-2,-4,-19,26,-2035
3580840038,41496,1,-3,-4,-29,17,-2046
3580841038,41496,6,-7,-3,-26,26,-2040
3580842038,41496,1,-2,-3,-27,26,-2039
3580843038,41496,2,-4,-3,-34,27,-2050
3580844038,41496,5,-5,-2,-39,26,-2042
3580845038,41496,5,-3,-4,-24,22,-2037
3580846038,41496,2,-3,-5,-32,20,-2043
3580847038,41496,3,-10,-6,-34,18,-2049
3580848038,41496,7,1,-4,-34,27,-2045
3580849038,41496,3,-3,-7,-28,24,-2042
3580850038,41496,5,-2,-4,-26,20,-2042
3580851038,41496,1,-2,-4,-29,30,-2042
3580852038,41496,1,-3,-3,-34,22,-2046
3580853038,41496,1,-2,-4,-30,23,-2047
3580854038,41496,5,-3,-5,-38,28,-2050
3580855038,41496,-1,1,-4,-35,14,-2048
3580856038,41496,3,0,-2,-28,22,-2044
3580857038,41496,2,1,-2,-33,23,-2046
3580858038,41496,8,-3,-2,-23,22,-2049
3580859038,41496,2,-1,-2,-34,23,-2042
3580860038,41496,0,-5,-1,-36,26,-2054
3580861038,41496,1,-5,-2,-30,30,-2038
3580862038,41496,1,-2,-3,-34,29,-2049
3580863038,41496,1,-1,0,-37,25,-2043
3580864038,41496,-1,-3,0,-35,24,-2038
3580865038,41496,1,-2,-6,-34,24,-2039
3580866038,41496,5,-8,-5,-37,22,-2042
3580867038,41496,2,-3,-5,-26,22,-2048
3580868038,41496,1,-2,-5,-32,21,-2040
3580869038,41496,0,-4,-1,-32,22,-2047
3580870038,41496,2,-2,-4,-34,26,-2042
3580871038,41496,4,-3,-2,-31,20,-2044
3580872038,41496,-2,-2,-3,-43,25,-2044
3580873038,41496,0,-4,-5,-38,30,-2041
3580874038,41496,4,-5,-3,-32,25,-2050
3580875038,41496,3,0,-4,-29,23,-2040
3580876038,41496,4,-3,-2,-25,23,-2046
3580877038,41496,2,-4,-4,-33,28,-2052
3580878038,41496,-1,1,-2,-34,20,-2045
3580879038,41496,3,0,-3,-40,20,-2040
3580880038,41496,1,-1,-2,-38,23,-2048
3580881038,41496,3,-3,-2,-36,24,-2041
3580882038,41496,6,-6,1,-30,25,-2043
3580883038,41496,1,-1,2,-37,22,-2042
3580884038,41496,3,-2,-1,-33,25,-2044
3580885038,41496,3,-5,-2,-33,21,-2040
3580886038,41496,2,-3,-3,-33,21,-2046
3580887038,41496,-1,-3,-3,-25,32,-2047
3580888038,41496,2,0,-4,-31,30,-2043
3580889038,41496,-2,0,-1,-33,22,-2041
3580890038,41496,3,-1,-2,-32,20,-2054
3580891038,41496,1,-1,-3,-29,16,-2044
3580892038,41496,4,-7,-6,-41,25,-2047
3580893038,41496,3,-1,-5,-26,25,-2034
3580894038,41496,3,-1,-7,-33,20,-2043
3580895038,41496,6,-4,-5,-37,22,-2047
3580896038,41496,0,-2,-2,-29,16,-2042
3580897038,41496,3,-3,-4,-34,19,-2046
3580898038,41496,3,-3,-3,-37,24,-2037
3580899038,41496,5,-1,-1,-32,21,-2049
3580900038,41496,2,-3,-5,-39,20,-2048
3580901038,41496,3,-1,-5,-36,22,-2046
3580902038,41496,-1,-3,-2,-29,25,-2048
3580903038,41496,6,-1,-6,-32,22,-2043
3580904038,41496,0,0,-3,-39,26,-2047
3580905038,41496,4,-5,-5,-36,19,-2044
3580906038,41496,0,-2,-1,-35,24,-2043
3580907038,41496,0,-4,-3,-32,29,-2041
3580908038,41496,3,-2,-7,-36,29,-2038
3580909038,41496,-1,-2,-2,-36,23,-2045
3580910038,41496,1,-1,-2,-33,19,-2047
3580911038,41496,-1,0,0,-32,25,-2043
3580912038,41496,2,-2,-4,-26,24,-2044
3580913038,41496,4,-4,-4,-34,21,-2042
3580914038,41496,1,-2,-3,-31,22,-2048
3580915038,41496,3,-7,-5,-34,20,-2046
3580916038,41496,2,-5,-2,-28,26,-2045
3580917038,41496,2,-3,-2,-38,21,-2045
3580918038,41496,0,-4,-3,-31,20,-2045
3580919038,41496,6,-4,-5,-30,23,-2040
3580920038,41496,0,-2,-6,-29,25,-2044
3580921038,41496,2,-4,-7,-36,22,-2045
3580922038,41496,2,-5,-5,-32,21,-2044
3580923038,41496,5,-6,-2,-35,24,-2048
3580924038,41496,-2,0,-4,-33,26,-2042
3580925038,41496,2,0,-2,-31,27,-2056
3580926038,41496,-2,0,-1,-36,23,-2048
3580927038,41496,3,-1,-1,-27,17,-2043
3580928038,41496,1,-5,-5,-30,26,-2038
3580929038,41496,3,1,-1,-29,22,-2050
3580930038,41496,-1,-2,-3,-33,31,-2042
3580931038,41496,1,1,-5,-32,19,-2044
3580932038,41496,2,-3,-3,-36,25,-2045
3580933038,41496,-2,-1,-4,-34,27,-2046
3580934038,41496,1,-1,-6,-37,29,-2045
3580935038,41496,4,-4,-5,-31,29,-2043
3580936038,41496,-1,1,-4,-32,22,-2043
3580937038,41496,2,-1,-4,-33,20,-2045
3580938038,41496,1,-2,-4,-26,22,-2047
3580939038,41496,-1,-1,-3,-33,22,-2045
3580940038,41496,1,2,-6,-34,23,-2049
3580941038,41496,1,-4,-4,-33,20,-2050
3580942038,41496,2,-2,-2,-35,22,-2041
3580943038,41496,5,-3,-4,-32,27,-2039
3580944038,41496,-1,-2,-1,-34,22,-2049
3580945038,41496,6,-5,-5,-34,22,-2046
3580946038,41496,3,-1,-3,-36,27,-2036
3580947038,41496,1,-2,-2,-36,23,-2040
3580948038,41496,3,-1,-5,-32,18,-2037
3580949038,41496,5,-5,-8,-33,27,-2040
3580950038,41496,3,0,-4,-32,24,-2043
3580951038,41496,2,-1,-4,-29,27,-2046
3580952038,41496,1,-2,-5,-29,23,-2041
3580953038,41496,2,-1,-5,-32,23,-2046
3580954038,41496,2,-4,-5,-32,24,-2038
3580955038,41496,3,-4,-6,-34,21,-2045
3580956038,41496,1,-2,-2,-38,27,-2044
3580957038,41496,2,-4,-4,-32,33,-2045
3580958038,41496,1,-2,-6,-30,29,-2039
3580959038,41496,0,-1,-3,-28,21,-2053
3580960038,41496,2,-4,-4,-22,23,-2045
3580961038,41496,5,0,-4,-34,23,-2046
3580962038,41496,2,-4,-6,-39,19,-2040
3580963038,41496,3,-2,-4,-29,16,-2042
3580964038,41496,0,-1,-1,-30,25,-2041
3580965038,41496,2,-1,-4,-28,29,-2039
3580966038,41496,2,-6,-3,-40,22,-2043
3580967038,41496,0,-3,-2,-32,25,-2044
3580968038,41496,5,-7,-1,-30,20,-2045
3580969038,41496,3,0,-5,-30,20,-2038
3580970038,41496,3,-5,-1,-31,22,-2041
3580971038,41496,1,-2,-1,-38,30,-2043
3580972038,41496,1,-6,-3,-39,19,-2051
3580973038,41496,2,-1,-5,-26,28,-2041
3580974038,41496,2,-1,-5,-33,21,-2044
3580975038,41496,3,-2,-4,-40,23,-2042
3580976038,41496,3,-3,-4,-33,29,-2043
3580977038,41496,1,-1,-4,-38,32,-2047
3580978038,41496,2,-1,-3,-31,28,-2043
3580979038,41496,3,-1,-6,-30,19,-2049
3580980038,41496,4,-5,-6,-32,24,-2048
3580981038,41496,0,-3,-6,-27,26,-2041
3580982038,41496,-1,-1,-3,-40,23,-2054
3580983038,41496,1,-4,-1,-32,28,-2049
3580984038,41496,1,2,-1,-30,26,-2049
3580985038,41496,-1,-3,-1,-35,24,-2053
3580986038,41496,4,-4,-4,-34,23,-2050
3580987038,41496,3,-2,-2,-30,24,-2039
3580988038,41496,-3,0,-2,-33,27,-2039
3580989038,41496,2,-3,-4,-33,23,-2049
3580990038,41496,1,-1,-6,-35,22,-2043
3580991038,41496,0,0,-1,-35,22,-2048
3580992038,41496,1,-1,-4,-29,19,-2048
3580993038,41496,3,-1,-2,-39,20,-2047
3580994038,41496,5,-1,-5,-23,24,-2046
3580995038,41496,3,-4,-7,-35,26,-2046
3580996038,41496,4,-5,-3,-29,29,-2040
3580997038,41496,4,-3,-7,-33,31,-2040
3580998038,41496,1,2,-1,-33,23,-2038
3580999038,41496,2,-2,-2,-30,29,-2042
3581000038,41496,-1,-5,-1,-42,19,-2050
3581001038,41496,3,-7,-3,-23,22,-2050
3581002038,41496,1,-1,-3,-34,18,-2046
3581003038,41496,2,0,-3,-25,26,-2054
3581004038,41496,1,-3,-3,-33,24,-2043
3581005038,41496,1,-1,-2,-33,24,-2044
3581006038,41496,1,-2,-4,-35,24,-2040
3581007038,41496,0,-3,-5,-29,26,-2041
3581008038,41496,1,-2,-3,-32,21,-2044
3581009038,41496,-2,-1,-7,-29,18,-2049
3581010038,41496,1,-5,-6,-31,22,-2040
3581011038,41496,2,-3,-4,-37,19,-2049
3581012038,41496,1,-4,-4,-32,21,-2046
3581013038,41496,1,-1,-4,-24,22,-2048
3581014038,41496,3,-3,-2,-31,23,-2049
3581015038,41496,4,-2,0,-30,26,-2046
3581016038,41496,3,-3,0,-36,31,-2051
3581017038,41496,2,-2,0,-35,22,-2036
3581018038,41496,4,-6,-3,-27,24,-2034
3581019038,41496,1,-3,-2,-36,27,-2046
3581020038,41496,0,2,-5,-27,25,-2046
3581021038,41496,2,-1,0,-38,25,-2050
3581022038,41496,3,-3,-4,-42,31,-2033
3581023038,41496,2,-2,-3,-27,18,-2040
3581024038,41496,-1,-7,-2,-40,18,-2047
3581025038,41496,-1,-3,-4,-28,23,-2047
3581026038,41496,2,-4,-4,-30,25,-2047
3581027038,41496,3,-4,-4,-39,19,-2042
3581028038,41496,4,-1,-4,-33,22,-2046
3581029038,41496,1,-2,-2,-31,22,-2049
3581030038,41496,3,2,-1,-35,26,-2047
3581031038,41496,3,-3,-4,-36,32,-2052
3581032038,41496,4,1,-4,-33,18,-2046
3581033038,41496,2,0,-4,-31,21,-2037
3581034038,41496,0,-5,-4,-31,20,-2042
3581035038,41496,1,-4,-5,-34,23,-2045
3581036038,41496,2,-3,0,-33,24,-2043
3581037038,41496,5,-6,-5,-31,24,-2045
3581038038,41496,-1,0,-2,-28,21,-2041
3581039038,41496,0,0,-1,-35,27,-2044
3581040038,41496,0,-2,-2,-33,26,-2041
3581041038,41496,0,-4,-6,-26,25,-2045
3581042038,41496,3,-3,-2,-34,24,-2051
3581043038,41496,2,-1,-4,-31,25,-2039
3581044038,41496,6,-2,-3,-29,26,-2050
3581045038,41496,3,-1,-3,-36,20,-2050
3581046038,41496,1,-3,-5,-28,25,-2049
3581047038,41496,7,-2,-4,-30,22,-2047
3581048038,41496,4,-4,-3,-30,25,-2047
3581049038,41496,3,-2,-5,-30,26,-2033
3581050038,41496,2,-5,-4,-26,23,-2049
3581051038,41496,2,-4,-6,-35,28,-2051
3581052038,41496,2,0,-2,-24,24,-2049
3581053038,41496,3,-1,-4,-31,28,-2047
3581054038,41496,-1,-6,-2,-28,21,-2043
3581055038,41496,0,-1,-1,-31,23,-2036
3581056038,41496,1,0,-5,-28,30,-2044
3581057038,41496,-1,-1,1,-32,23,-2044
3581058038,41496,5,-4,-2,-33,28,-2039
3581059038,41496,2,-2,-3,-40,27,-2038
3581060038,41496,3,-4,-1,-32,20,-2045
3581061038,41496,-2,0,-5,-31,22,-2046
3581062038,41496,1,-2,-3,-31,23,-2039
3581063038,41496,5,-5,-5,-34,19,-2039
3581064038,41496,2,-3,-1,-32,19,-2042
3581065038,41496,1,-1,-2,-21,23,-2047
3581066038,41496,1,-1,-2,-35,29,-2046
3581067038,41496,1,-4,-1,-30,28,-2042
3581068038,41496,1,-2,-6,-35,26,-2042
3581069038,41496,5,-1,-4,-29,23,-2047
3581070038,41496,2,-2,-4,-32,27,-2040
3581071038,41496,1,-4,-3,-30,23,-2051
3581072038,41496,4,-3,-2,-28,22,-2047
3581073038,41496,2,-2,-2,-40,26,-2042
3581074038,41496,2,-2,-5,-25,21,-2039
3581075038,41496,0,-3,2,-35,32,-2046
3581076038,41496,5,-3,0,-32,20,-2045
3581077038,41496,4,-4,-3,-28,20,-2042
3581078038,41496,3,-5,-5,-33,14,-2039
3581079038,41496,3,-1,-5,-35,27,-2051
3581080038,41496,4,-10,-6,-31,24,-2047
3581081038,41496,5,-3,-5,-30,26,-2043
3581082038,41496,3,-2,-6,-34,17,-2040
3581083038,41496,3,-2,-5,-29,20,-2047
3581084038,41496,-2,2,-3,-38,21,-2041
3581085038,41496,5,-5,-4,-30,17,-2045
3581086038,41496,2,0,-4,-32,23,-2047
3581087038,41496,-3,1,-1,-37,20,-2050
3581088038,41496,3,-4,-5,-35,21,-2046
3581089038,41496,1,-1,-3,-33,24,-2049
3581090038,41496,1,-2,-4,-33,21,-2044
3581091038,41496,1,-5,1,-40,28,-2043
3581092038,41496,3,-5,-1,-34,22,-2036
3581093038,41496,-1,-1,-3,-40,24,-2040
3581094038,41496,1,1,-1,-35,22,-2049
3581095038,41496,1,-2,-3,-28,20,-2048
3581096038,41496,2,-4,-3,-32,24,-2043
3581097038,41496,2,-3,-4,-32,23,-2040
3581098038,41496,1,-2,-1,-38,23,-2045
3581099038,41496,3,-3,-5,-30,24,-2038
3581100038,41496,3,-4,-7,-35,23,-2047
3581101038,41496,1,-2,-2,-30,25,-2044
3581102038,41496,1,0,-2,-34,22,-2044
3581103038,41496,2,-2,-7,-30,21,-2049
3581104038,41496,4,-3,-6,-32,28,-2042
3581105038,41496,1,-4,-3,-30,23,-2045
3581106038,41496,-1,-4,-1,-34,22,-2038
3581107038,41496,3,-3,-6,-34,25,-2042
3581108038,41496,0,-2,-2,-27,28,-2037
3581109038,41496,3,-4,-6,-31,19,-2043
3581110038,41496,1,-6,-6,-37,24,-2045
3581111038,41496,6,-1,-3,-29,25,-2045
3581112038,41496,5,-2,-7,-33,23,-2039
3581113038,41496,-3,-1,-6,-31,28,-2046
3581114038,41496,2,-4,-7,-30,23,-2042
3581115038,41496,4,-1,-5,-31,32,-2050
3581116038,41496,1,-2,-5,-43,21,-2043
3581117038,41496,3,-4,-4,-35,26,-2053
3581118038,41496,1,1,-4,-32,27,-2040
3581119038,41496,5,-2,-5,-36,18,-2049
3581120038,41496,0,-3,-2,-26,24,-2045
3581121038,41496,0,0,-1,-36,26,-2041
3581122038,41496,3,-4,-4,-38,27,-2048
3581123038,41496,5,-3,-2,-34,21,-2046
3581124038,41496,3,1,-1,-40,28,-2043
3581125038,41496,2,-3,-5,-30,23,-2048
3581126038,41496,2,-1,-3,-34,29,-2044
3581127038,41496,2,-1,-2,-31,25,-2044
3581128038,41496,2,-2,-3,-36,24,-2037
3581129038,41496,2,-2,-4,-38,25,-2052
3581130038,41496,5,-2,-6,-35,26,-2052
3581131038,41496,4,-2,-6,-30,20,-2043
3581132038,41496,1,-1,-3,-34,25,-2040
3581133038,41496,2,-1,-7,-32,20,-2041
3581134038,41496,4,0,1,-30,25,-2039
3581135038,41496,0,-1,-2,-35,25,-2044
3581136038,41496,3,-2,-2,-33,15,-2040
3581137038,41496,6,-1,-4,-33,32,-2042
3581138038,41496,2,-2,-3,-35,26,-2052
3581139038,41496,1,-1,-1,-30,23,-2050
3581140038,41496,2,0,-3,-30,24,-2045
3581141038,41496,3,-3,-4,-34,27,-2049
3581142038,41496,3,-5,-4,-27,21,-2046
3581143038,41496,-2,1,0,-28,25,-2046
3581144038,41496,0,-5,-4,-33,27,-2045
3581145038,41496,2,-2,-2,-30,23,-2037
3581146038,41496,3,-2,-4,-34,26,-2045
3581147038,41496,3,-5,-2,-28,28,-2044
3581148038,41496,2,-3,-6,-38,30,-2046
3581149038,41496,8,-7,-6,-31,20,-2037
3581150038,41496,4,0,-1,-38,25,-2043
3581151038,41496,-2,0,-4,-29,21,-2044
3581152038,41496,0,-1,-4,-27,20,-2037
3581153038,41496,2,-3,-4,-34,28,-2047
3581154038,41496,3,-9,-9,-26,29,-2042
3581155038,41496,3,-3,-3,-24,26,-2042
3581156038,41496,2,-1,-1,-35,26,-2042
3581157038,41496,-1,1,-3,-37,24,-2045
3581158038,41496,4,-1,-4,-37,30,-2051
3581159038,41496,-1,-2,-2,-29,31,-2041
3581160038,41496,2,-1,-2,-42,17,-2052
3581161038,41496,3,0,-3,-29,24,-2037
3581162038,41496,2,-4,-2,-36,23,-2032
3581163038,41496,2,-5,-3,-37,26,-2043
3581164038,41496,0,-1,-3,-32,29,-2046
3581165038,41496,1,-2,-3,-34,23,-2052
3581166038,41496,4,-3,-5,-36,17,-2047
3581167038,41496,1,-3,-4,-31,26,-2052
3581168038,41496,3,-3,-4,-34,24,-2048
3581169038,41496,4,-1,-2,-40,21,-2046
3581170038,41496,7,-4,-3,-33,28,-2037
3581171038,41496,-3,-2,-1,-34,22,-2038
3581172038,41496,2,-2,-3,-25,31,-2040
3581173038,41496,-1,1,0,-30,22,-2051
3581174038,41496,5,-4,-4,-35,24,-2047
3581175038,41496,0,4,-6,-34,21,-2048
3581176038,41496,3,-3,-3,-28,21,-2047
3581177038,41496,3,0,-4,-31,20,-2046
3581178038,41496,3,-3,-7,-27,20,-2042
3581179038,41496,5,-3,-5,-23,31,-2047
3581180038,41496,3,0,0,-30,23,-2047
3581181038,41496,4,-1,0,-31,29,-2043
3581182038,41496,2,0,-2,-31,22,-2048
3581183038,41496,1,-4,0,-31,23,-2045
3581184038,41496,1,-1,-5,-27,26,-2041
3581185038,41496,2,0,-1,-36,23,-2051
3581186038,41496,0,-5,-3,-36,29,-2051
3581187038,41496,2,0,-1,-25,19,-2041
3581188038,41496,2,-2,-2,-33,18,-2048
3581189038,41496,3,-3,-4,-33,24,-2046
3581190038,41496,1,-4,-3,-28,23,-2044
3581191038,41496,0,0,-5,-32,18,-2046
3581192038,41496,5,-6,-7,-42,29,-2046
3581193038,41496,2,-5,-2,-36,29,-2047
3581194038,41496,0,-2,-6,-31,20,-2050
3581195038,41496,3,-2,-5,-38,19,-2042
3581196038,41496,-1,-3,-3,-39,25,-2049
3581197038,41496,7,-4,-4,-32,27,-2054
3581198038,41496,-2,0,-1,-36,28,-2048
3581199038,41496,-1,-2,0,-32,29,-2041
3581200038,41496,2,-3,-3,-28,30,-2046
3581201038,41496,2,-3,-3,-37,24,-2048
3581202038,41496,1,-2,0,-24,32,-2050
3581203038,41496,2,-2,-2,-28,21,-2039
3581204038,41496,1,-2,-1,-25,17,-2044
3581205038,41496,2,-3,-4,-39,24,-2037
3581206038,41496,2,-5,-1,-24,19,-2048
3581207038,41496,2,-1,1,-37,23,-2043
3581208038,41496,3,-3,-5,-36,24,-2047
3581209038,41496,5,-4,-8,-35,25,-2047
3581210038,41496,0,0,-4,-27,25,-2046
3581211038,41496,2,-4,-4,-29,21,-2051
3581212038,41496,3,0,-3,-31,19,-2043
3581213038,41496,2,-2,-5,-31,23,-2047
3581214038,41496,6,-5,-6,-31,24,-2047
3581215038,41496,4,-3,-4,-29,17,-2046
3581216038,41496,3,-2,-3,-34,25,-2041
3581217038,41496,3,-4,-4,-35,19,-2041
3581218038,41496,3,-5,-7,-36,24,-2045
3581219038,41496,1,-1,-3,-31,21,-2039
3581220038,41496,0,-3,-3,-31,23,-2043
3581221038,41496,-2,-3,-3,-39,26,-2043
3581222038,41496,1,0,2,-33,22,-2048
3581223038,41496,2,-3,-3,-27,26,-2046
3581224038,41496,1,-6,-5,-36,20,-2038
3581225038,41496,2,-2,-1,-35,27,-2041
3581226038,41496,3,-3,-5,-33,20,-2045
3581227038,41496,3,-5,-2,-26,20,-2047
3581228038,41496,2,0,-2,-35,27,-2048
3581229038,41496,1,-3,-5,-26,26,-2047
3581230038,41496,2,-1,-4,-30,25,-2045
3581231038,41496,1,-3,-7,-32,20,-2040
3581232038,41496,0,-4,-2,-29,23,-2052
3581233038,41496,2,-5,-2,-28,24,-2039
3581234038,41496,2,-4,-3,-27,23,-2047
3581235038,41496,0,-1,2,-41,20,-2050
3581236038,41496,0,-1,-2,-29,18,-2039
3581237038,41496,3,0,-6,-35,13,-2040
3581238038,41496,2,0,-6,-40,25,-2040
3581239038,41496,-1,0,2,-35,23,-2039
3581240038,41496,4,-3,-5,-30,22,-2050
3581241038,41496,2,-4,-5,-35,25,-2043
3581242038,41496,1,-2,-3,-39,18,-2039
3581243038,41496,1,-2,-2,-31,22,-2049
3581244038,41496,0,0,-1,-31,19,-2047
3581245038,41496,1,-1,-3,-35,22,-2047
3581246038,41496,2,-2,-1,-26,31,-2047
3581247038,41496,1,-2,-5,-31,29,-2044
3581248038,41496,0,-4,0,-33,17,-2045
3581249038,41496,0,0,0,-32,24,-2039
3581250038,41496,2,-6,-2,-29,26,-2041
3581251038,41496,0,-4,0,-34,25,-2042
3581252038,41496,0,-1,-1,-39,27,-2043
3581253038,41496,3,-4,-5,-39,29,-2050
3581254038,41496,0,-1,-3,-28,33,-2043
3581255038,41496,-2,-2,-2,-32,25,-2053
3581256038,41496,1,-2,-1,-26,22,-2048
3581257038,41496,0,0,-2,-32,26,-2048
3581258038,41496,4,-3,-5,-35,23,-2044
3581259038,41496,2,-3,-6,-28,25,-2048
3581260038,41496,1,-2,-5,-37,27,-2047
3581261038,41496,1,-2,-4,-24,21,-2043
3581262038,41496,1,-1,-2,-28,18,-2044
3581263038,41496,-1,-3,-3,-33,27,-2041
3581264038,41496,5,-5,-2,-38,22,-2041
3581265038,41496,-1,-4,-5,-41,25,-2044
3581266038,41496,3,-3,-5,-39,30,-2045
3581267038,41496,1,-3,-1,-28,21,-2043
3581268038,41496,3,-1,-4,-38,18,-2046
3581269038,41496,2,-4,-4,-38,33,-2042
3581270038,41496,3,-1,-4,-31,30,-2039
3581271038,41496,2,-4,-3,-32,30,-2040
3581272038,41496,4,-7,-3,-33,28,-2044
3581273038,41496,3,-1,-4,-32,23,-2047
3581274038,41496,5,-1,-2,-31,23,-2052
3581275038,41496,1,-3,-3,-32,16,-2038
3581276038,41496,4,-5,-4,-37,28,-2048
3581277038,41496,-2,-3,0,-31,24,-2049
3581278038,41496,2,-2,-4,-30,33,-2044
3581279038,41496,2,-3,-4,-26,20,-2040
3581280038,41496,1,-3,-3,-30,25,-2040
3581281038,41496,0,-1,-8,-36,21,-2034
3581282038,41496,5,-2,-5,-29,30,-2043
3581283038,41496,4,-2,-4,-26,26,-2044
3581284038,41496,1,0,-3,-37,26,-2042
3581285038,41496,3,-4,-4,-35,13,-2047
3581286038,41496,0,-4,-4,-26,18,-2052
3581287038,41496,3,-2,-3,-25,22,-2043
3581288038,41496,4,-4,-2,-38,22,-2044
3581289038,41496,0,1,-6,-32,22,-2043
3581290038,41496,6,-2,-4,-38,22,-2038
3581291038,41496,4,-6,-3,-34,20,-2046
3581292038,41496,1,-4,-4,-32,21,-2048
3581293038,41496,2,-4,-3,-27,28,-2044
3581294038,41496,3,-2,-5,-32,32,-2052
3581295038,41496,2,-1,-3,-28,27,-2037
3581296038,41496,3,-3,-1,-30,25,-2042
3581297038,41496,1,-5,-1,-29,29,-2046
3581298038,41496,2,-4,-1,-31,26,-2042
3581299038,41496,4,-3,-3,-33,27,-2039
3581300038,41496,2,1,-3,-34,21,-2044
3581301038,41496,3,-3,-5,-27,19,-2050
3581302038,41496,0,-5,-3,-27,27,-2039
3581303038,41496,2,1,0,-29,26,-2034
3581304038,41496,4,-4,-2,-26,27,-2046
3581305038,41496,2,-4,-3,-25,18,-2043
3581306038,41496,1,-3,-3,-43,21,-2045
3581307038,41496,-1,-4,1,-32,22,-2038
3581308038,41496,0,-1,-4,-30,26,-2044
3581309038,41496,1,-4,-4,-32,26,-2045
3581310038,41496,3,-5,-6,-34,27,-2045
3581311038,41496,3,-1,-3,-36,23,-2046
3581312038,41496,2,-1,-3,-35,26,-2037
3581313038,41496,2,-4,-5,-31,26,-2042
3581314038,41496,2,0,-3,-37,26,-2039
3581315038,41496,0,-3,-1,-26,28,-2041
3581316038,41496,2,1,-3,-36,22,-2040
3581317038,41496,3,-2,-4,-31,20,-2044
3581318038,41496,3,-3,-1,-31,28,-2050
3581319038,41496,3,-4,-5,-32,14,-2054
3581320038,41496,2,-3,-4,-39,18,-2051
3581321038,41496,1,-6,-5,-37,28,-2039
3581322038,41496,2,-1,-2,-35,25,-2045
3581323038,41496,5,-5,-5,-31,21,-2043
3581324038,41496,2,-2,-4,-33,24,-2052
3581325038,41496,4,-3,-4,-32,20,-2046
3581326038,41496,1,1,-2,-29,33,-2037
3581327038,41496,1,-2,-3,-32,24,-2040
3581328038,41496,6,-3,-4,-37,20,-2045
3581329038,41496,-3,0,0,-33,18,-2049
3581330038,41496,4,-2,-3,-29,22,-2045
3581331038,41496,1,-3,-5,-33,26,-2040
3581332038,41496,1,-3,-2,-29,22,-2042
3581333038,41496,4,-4,-4,-33,20,-2043
3581334038,41496,1,-3,-5,-28,23,-2047
3581335038,41496,1,0,-5,-29,30,-2051
3581336038,41496,5,-4,-4,-34,24,-2045
3581337038,41496,3,-3,-3,-34,27,-2040
3581338038,41496,1,-3,-3,-34,20,-2046
3581339038,41496,2,-2,-1,-26,28,-2050
3581340038,41496,4,-3,-5,-33,19,-2043
3581341038,41496,2,-3,-4,-38,26,-2053
3581342038,41496,1,-3,-3,-34,22,-2043
3581343038,41496,2,-4,-2,-38,30,-2047
3581344038,41496,0,-2,-7,-32,23,-2048
3581345038,41496,6,0,-6,-31,24,-2044
3581346038,41496,3,-1,-5,-34,22,-2042
3581347038,41496,0,-2,-1,-28,23,-2043
3581348038,41496,-1,-2,0,-27,25,-2044
3581349038,41496,0,-3,-6,-33,24,-2047
3581350038,41496,2,-5,-5,-30,23,-2047
3581351038,41496,2,-5,-5,-37,23,-2039
3581352038,41496,6,-3,-7,-36,33,-2044
3581353038,41496,3,0,-4,-32,20,-2051
3581354038,41496,1,-2,-5,-31,15,-2041
3581355038,41496,-3,-1,-3,-32,30,-2044
3581356038,41496,-2,-1,-3,-30,17,-2043
3581357038,41496,0,-5,-6,-31,23,-2046
3581358038,41496,3,-1,-5,-34,21,-2033
3581359038,41496,-2,2,-2,-38,28,-2038
3581360038,41496,3,-2,-2,-26,20,-2044
3581361038,41496,1,-3,-1,-25,24,-2042
3581362038,41496,-1,-4,-4,-33,23,-2042
3581363038,41496,3,0,-2,-37,14,-2046
3581364038,41496,3,-2,-4,-38,23,-2035
3581365038,41496,4,-3,-4,-35,26,-2037
3581366038,41496,4,-2,-5,-33,25,-2047
3581367038,41496,0,-1,-1,-30,20,-2046
3581368038,41496,3,-1,-2,-26,28,-2044
3581369038,41496,2,-2,-3,-27,22,-2042
3581370038,41496,3,3,-1,-33,21,-2044
3581371038,41496,2,-4,-1,-31,18,-2043
3581372038,41496,5,-4,-4,-39,23,-2045
3581373038,41496,1,1,-5,-28,24,-2046
3581374038,41496,1,-2,-5,-31,22,-2048
3581375038,41496,0,-2,-1,-32,24,-2042
3581376038,41496,1,-5,-4,-26,34,-2049
3581377038,41496,1,-2,-8,-33,24,-2043
3581378038,41496,0,-2,-4,-35,22,-2048
3581379038,41496,1,-5,-1,-38,19,-2043
3581380038,41496,0,0,-3,-30,23,-2036
3581381038,41496,5,-3,-6,-34,31,-2040
3581382038,41496,2,-6,-3,-33,27,-2044
3581383038,41496,2,0,-6,-36,29,-2044
3581384038,41496,1,-1,-6,-27,22,-2041
3581385038,41496,4,-3,-2,-25,19,-2040
3581386038,41496,1,-1,-5,-38,26,-2040
3581387038,41496,2,-5,-7,-37,26,-2041
3581388038,41496,1,1,-2,-35,23,-2041
3581389038,41496,1,-3,-4,-34,30,-2045
3581390038,41496,4,-6,-5,-37,28,-2043
3581391038,41496,3,-5,-4,-27,21,-2042
3581392038,41496,2,-1,-2,-25,17,-2046
3581393038,41496,-1,0,-3,-31,22,-2043
3581394038,41496,3,0,-3,-31,21,-2039
3581395038,41496,1,-4,-4,-37,15,-2039
3581396038,41496,4,-2,-4,-32,29,-2035
3581397038,41496,0,0,-1,-27,30,-2047
3581398038,41496,-1,0,-2,-27,28,-2047
3581399038,41496,3,-5,-8,-30,23,-2039
3581400038,41496,2,-8,-9,-26,23,-2045
3581401038,41496,2,-4,-4,-32,26,-2048
3581402038,41496,-2,-2,-5,-33,20,-2042
3581403038,41496,1,-5,-6,-33,22,-2040
3581404038,41496,1,2,2,-31,22,-2045
3581405038,41496,1,0,-4,-30,30,-2042
3581406038,41496,3,-6,-5,-24,21,-2034
3581407038,41496,2,-4,-2,-34,28,-2043
3581408038,41496,2,0,-2,-28,26,-2041
3581409038,41496,1,-3,-4,-37,23,-2048
3581410038,41496,2,1,-1,-32,23,-2049
3581411038,41496,2,0,-3,-33,22,-2042
3581412038,41496,4,-2,-2,-38,27,-2045
3581413038,41496,-1,-1,-5,-33,25,-2039
3581414038,41496,3,-3,-2,-31,27,-2045
3581415038,41496,-2,-1,-4,-29,25,-2047
3581416038,41496,3,-1,-3,-37,17,-2039
3581417038,41496,-1,-3,-3,-35,25,-2048
3581418038,41496,1,0,-4,-38,24,-2037
3581419038,41496,6,-5,-4,-36,26,-2046
3581420038,41496,-1,-2,-1,-28,16,-2037
3581421038,41496,6,-3,-3,-35,16,-2043
3581422038,41496,4,-1,-3,-33,20,-2041
3581423038,41496,3,1,-2,-29,21,-2042
3581424038,41496,4,-1,-4,-35,24,-2046
3581425038,41496,9,-2,-1,-28,20,-2045
3581426038,41496,3,-1,-4,-39,17,-2041
3581427038,41496,7,-4,-5,-38,18,-2042
3581428038,41496,6,-3,-2,-44,24,-2040
3581429038,41496,7,-1,-2,-30,24,-2044
3581430038,41496,2,-1,-5,-31,28,-2046
3581431038,41496,-1,-2,-3,-33,23,-2043
3581432038,41496,4,-2,-4,-30,21,-2049
3581433038,41496,4,-2,-3,-33,22,-2044
3581434038,41496,-1,1,-3,-32,18,-2043
3581435038,41496,1,-1,-2,-37,26,-2043
3581436038,41496,4,0,-4,-33,21,-2049
3581437038,41496,3,0,0,-29,22,-2045
3581438038,41496,7,-2,-1,-32,20,-2044
3581439038,41496,3,-1,-3,-34,32,-2039
3581440038,41496,2,-3,-4,-29,27,-2048
3581441038,41496,3,-5,-9,-37,25,-2046
3581442038,41496,0,1,-1,-32,29,-2049
3581443038,41496,2,-3,1,-33,21,-2038
3581444038,41496,2,-5,-4,-37,21,-2042
3581445038,41496,0,3,-4,-33,21,-2048
3581446038,41496,2,-5,-4,-35,22,-2050
3581447038,41496,1,-1,-6,-32,17,-2042
3581448038,41496,3,-6,-5,-35,31,-2047
3581449038,41496,2,-1,-3,-36,27,-2049
3581450038,41496,3,0,-5,-34,28,-2054
3581451038,41496,3,-2,0,-30,27,-2041
3581452038,41496,0,2,0,-37,26,-2045
3581453038,41496,1,0,-3,-37,25,-2047
3581454038,41496,0,-4,-1,-30,22,-2037
3581455038,41496,2,-3,-2,-32,31,-2048
3581456038,41496,1,-5,-3,-33,25,-2042
3581457038,41496,0,-3,-2,-30,27,-2039
3581458038,41496,1,-4,-5,-34,24,-2044
3581459038,41496,3,-1,0,-32,23,-2046
3581460038,41496,1,-4,-4,-32,20,-2046
3581461038,41496,5,-1,-5,-38,25,-2048
3581462038,41496,3,-1,-3,-25,23,-2048
3581463038,41496,0,-1,-5,-27,34,-2043
3581464038,41496,2,-4,-5,-36,21,-2042
3581465038,41496,2,-3,-5,-36,14,-2048
3581466038,41496,2,-1,-5,-32,23,-2040
3581467038,41496,3,-4,-1,-27,23,-2034
3581468038,41496,0,-3,-3,-34,24,-2043
3581469038,41496,0,0,-1,-25,27,-2038
3581470038,41496,2,-2,0,-33,21,-2047
3581471038,41496,0,0,-2,-27,26,-2042
3581472038,41496,3,-3,-4,-31,25,-2043
3581473038,41496,3,-4,-3,-26,21,-2047
3581474038,41496,-1,-1,-6,-31,24,-2047
3581475038,41496,3,-2,-4,-28,22,-2050
3581476038,41496,2,-3,-3,-35,18,-2040
3581477038,41496,3,-4,-8,-27,19,-2049
3581478038,41496,4,-3,-6,-34,20,-2043
3581479038,41496,2,-1,-2,-27,24,-2050
3581480038,41496,7,-2,-5,-31,21,-2051
3581481038,41496,3,-2,-5,-34,17,-2044
3581482038,41496,2,-2,-2,-27,28,-2039
3581483038,41496,0,-3,-3,-36,25,-2039
3581484038,41496,1,-2,-4,-28,26,-2044
3581485038,41496,3,0,-2,-31,22,-2046
3581486038,41496,5,-2,-3,-31,19,-2040
3581487038,41496,-1,-1,-2,-35,31,-2043
3581488038,41496,1,-5,-2,-34,26,-2048
3581489038,41496,3,-3,-4,-31,25,-2049
3581490038,41496,1,-2,-4,-35,20,-2046
3581491038,41496,2,-2,-6,-32,22,-2048
3581492038,41496,1,-3,-3,-29,21,-2037
3581493038,41496,3,0,-3,-28,22,-2044
3581494038,41496,1,-5,-3,-31,21,-2038
3581495038,41496,3,0,-4,-31,24,-2041
3581496038,41496,1,-3,-5,-27,32,-2050
3581497038,41496,3,-5,0,-30,18,-2040
3581498038,41496,2,-1,-3,-35,23,-2040
3581499038,41496,5,0,-1,-34,28,-2047
3581500038,41496,3,1,-2,-34,31,-2049
3581501038,41496,-2,4,1,-30,19,-2042
3581502038,41496,3,-1,-3,-27,23,-2044
3581503038,41496,2,-1,-7,-36,27,-2042
3581504038,41496,0,-3,-4,-32,24,-2044
3581505038,41496,3,-3,-5,-40,26,-2039
3581506038,41496,3,0,-4,-36,21,-2046
3581507038,41496,1,-2,-1,-29,25,-2046
3581508038,41496,-2,-1,-2,-31,18,-2044
3581509038,41496,1,0,-3,-32,23,-2048
3581510038,41496,3,-5,-2,-29,25,-2048
3581511038,41496,0,3,-2,-33,24,-2045
3581512038,41496,3,-4,-2,-34,27,-2045
3581513038,41496,1,-2,-4,-35,30,-2052
3581514038,41496,4,-1,-3,-34,31,-2046
3581515038,41496,4,-3,1,-34,31,-2044
3581516038,41496,1,0,0,-33,20,-2045
3581517038,41496,2,0,-3,-36,27,-2044
3581518038,41496,2,-2,-3,-32,19,-2045
3581519038,41496,1,0,-3,-33,29,-2054
3581520038,41496,2,-4,-4,-36,22,-2046
3581521038,41496,4,-4,-4,-31,24,-2051
3581522038,41496,-3,-4,-4,-29,21,-2050
3581523038,41496,7,1,-6,-26,28,-2044
3581524038,41496,5,-2,-4,-32,32,-2044
3581525038,41496,1,-1,-6,-27,25,-2044
3581526038,41496,1,-2,-6,-32,21,-2045
3581527038,41496,1,1,-2,-28,22,-2046
3581528038,41496,1,-3,-3,-30,27,-2040
3581529038,41496,3,-5,-6,-29,29,-2056
3581530038,41496,5,0,-5,-29,27,-2045
3581531038,41496,0,-2,-4,-30,28,-2042
3581532038,41496,1,-3,-5,-34,19,-2045
3581533038,41496,3,-1,-3,-29,21,-2047
3581534038,41496,0,-2,-2,-32,27,-2046
3581535038,41496,0,4,-2,-27,20,-2046
3581536038,41496,3,-2,-3,-30,26,-2039
3581537038,41496,7,-7,-3,-37,28,-2041
3581538038,41496,-1,-5,-2,-33,22,-2046
3581539038,41496,2,-7,-6,-24,23,-2044
3581540038,41496,4,-3,-8,-32,31,-2040
3581541038,41496,0,1,0,-33,25,-2049
3581542038,41496,3,-2,0,-33,21,-2051
3581543038,41496,6,-3,-3,-33,29,-2041
3581544038,41496,3,-2,-3,-32,23,-2043
3581545038,41496,1,1,-2,-30,12,-2046
3581546038,41496,4,-3,-5,-30,21,-2045
3581547038,41496,4,-4,-1,-33,14,-2044
3581548038,41496,2,-1,-2,-37,15,-2045
3581549038,41496,1,-3,-4,-34,24,-2048
3581550038,41496,5,-2,-3,-33,23,-2055
3581551038,41496,3,-2,-3,-28,21,-2042
3581552038,41496,1,-2,-7,-37,20,-2037
3581553038,41496,3,-6,-2,-32,28,-2036
3581554038,41496,6,-3,-1,-35,25,-2046
3581555039,41496,1,1,-2,-32,27,-2047
3581556040,41496,2,-3,-3,-40,29,-2043
3581557038,41496,2,1,-3,-38,22,-2046
3581558038,41496,5,-4,-4,-36,28,-2045
3581559038,41496,4,-1,1,-33,27,-2051
3581560038,41496,3,-2,-2,-31,24,-2043
3581561038,41496,1,-8,-5,-36,17,-2044
3581562038,41496,-3,-4,-3,-43,22,-2045
3581563038,41496,3,-8,-3,-33,24,-2044
3581564038,41496,2,1,-3,-32,24,-2051
3581565038,41496,4,-3,-2,-38,19,-2053
3581566038,41496,2,-6,-5,-35,25,-2041
3581567038,41496,2,-5,-8,-31,26,-2049
3581568038,41496,0,3,1,-26,25,-2049
3581569038,41496,6,0,-6,-35,25,-2047
3581570038,41496,2,-2,-6,-31,24,-2046
3581571038,41496,6,-6,-7,-34,19,-2046
3581572038,41496,2,-5,-9,-33,28,-2047
3581573038,41496,2,3,0,-24,20,-2031
3581574038,41496,3,-3,-2,-38,32,-2042
3581575038,41496,5,-5,-3,-38,22,-2043
3581576038,41496,2,-3,-5,-34,19,-2049
3581577038,41496,3,-2,-3,-33,26,-2037
3581578038,41496,0,1,-3,-30,24,-2044
3581579038,41496,5,-4,-4,-35,26,-2047
3581580038,41496,4,-4,-7,-33,19,-2047
3581581038,41496,2,0,-5,-35,22,-2049
3581582038,41496,4,-5,-1,-41,19,-2040
3581583038,41496,3,-6,-6,-29,19,-2048
3581584038,41496,0,-5,-4,-33,25,-2047
3581585038,41496,2,-4,-4,-31,32,-2044
3581586038,41496,1,-4,-7,-30,18,-2046
3581587038,41496,5,-2,-5,-32,23,-2052
3581588038,41496,3,-4,-7,-29,22,-2039
3581589038,41496,-2,-2,-1,-34,20,-2050
3581590038,41496,4,-1,-4,-29,15,-2048
3581591038,41496,-1,-2,-4,-26,23,-2047
3581592038,41496,1,-4,-3,-29,29,-2050
3581593038,41496,1,-3,-2,-27,29,-2034
3581594038,41496,4,-4,-3,-30,25,-2041
3581595038,41496,3,-1,-3,-30,29,-2042
3581596038,41496,1,-3,-6,-25,29,-2042
3581597038,41496,1,-2,-5,-38,23,-2038
3581598038,41496,0,-2,-3,-32,20,-2044
3581599038,41496,1,-1,-6,-37,21,-2046
3581600038,41496,0,-3,-2,-34,25,-2047
3581601038,41496,4,-3,-3,-40,16,-2047
3581602038,41496,2,-4,-2,-29,24,-2040
3581603038,41496,3,-3,-4,-37,23,-2041
3581604038,41496,2,-1,-3,-23,16,-2040
3581605038,41496,1,0,-7,-38,24,-2040
3581606038,41496,1,-4,-4,-34,29,-2038
3581607038,41496,0,1,-3,-30,18,-2040
3581608038,41496,0,-2,-4,-34,26,-2047
3581609038,41496,2,-2,-5,-32,22,-2048
3581610038,41496,-1,-1,-3,-35,17,-2048
3581611038,41496,7,-4,-4,-32,23,-2047
3581612038,41496,3,-4,-4,-24,25,-2043
3581613038,41496,2,-3,-1,-36,24,-2040
3581614038,41496,5,-2,-4,-32,19,-2048
3581615038,41496,4,-2,-3,-33,23,-2050
3581616038,41496,4,-1,-5,-31,23,-2040
3581617038,41496,5,-3,-5,-31,27,-2051
3581618038,41496,2,-1,-2,-31,27,-2040
3581619038,41496,0,-1,-1,-36,27,-2045
3581620038,41496,7,-6,-3,-29,20,-2040
3581621038,41496,0,-1,-3,-39,24,-2037
3581622038,41496,4,-4,-3,-31,25,-2042
3581623038,41496,2,-1,-5,-26,32,-2048
3581624038,41496,-2,1,0,-32,32,-2043
3581625038,41496,3,-3,-2,-35,29,-2038
3581626038,41496,2,-3,-4,-24,19,-2048
3581627038,41496,2,-1,-3,-42,22,-2045
3581628038,41496,2,-2,-1,-34,21,-2044
3581629038,41496,2,1,-1,-31,20,-2046
3581630038,41496,4,-4,-4,-27,30,-2047
3581631038,41496,3,-2,-2,-33,21,-2050
3581632038,41496,0,1,-5,-33,28,-2050
3581633038,41496,2,-8,0,-26,19,-2044
3581634038,41496,0,-2,-1,-28,24,-2047
3581635038,41496,3,0,-4,-36,22,-2048
3581636038,41496,3,-6,-2,-29,22,-2042
3581637038,41496,-1,-2,-5,-33,21,-2044
3581638038,41496,4,-7,-7,-34,25,-2039
3581639038,41496,3,-5,-4,-30,22,-2044
3581640038,41496,-1,-4,-1,-33,19,-2042
3581641038,41496,2,-2,-3,-33,26,-2047
3581642038,41496,-1,0,-3,-32,23,-2043
3581643038,41496,3,0,-3,-35,25,-2042
3581644038,41496,4,-7,-3,-36,20,-2041
3581645038,41496,1,-2,-6,-30,22,-2048
3581646038,41496,0,1,-4,-32,26,-2044
3581647038,41496,4,-1,-4,-36,27,-2053
3581648038,41496,1,-1,-3,-35,20,-2044
3581649038,41496,3,-3,-4,-41,27,-2046
3581650038,41496,4,2,-3,-30,27,-2039
3581651038,41496,1,1,-2,-30,24,-2045
3581652038,41496,4,0,-3,-34,22,-2047
3581653038,41496,3,-2,-6,-22,27,-2043
3581654038,41496,3,-1,0,-31,21,-2041
3581655038,41496,4,-3,-6,-32,22,-2045
3581656038,41496,0,-4,-4,-30,25,-2041
3581657038,41496,2,-1,-1,-26,20,-2042
3581658038,41496,0,-2,-1,-29,16,-2050
3581659038,41496,4,-3,-4,-31,22,-2041
3581660038,41496,4,-2,-2,-34,31,-2039
3581661038,41496,5,-5,-2,-36,27,-2044
3581662038,41496,3,-2,-3,-37,24,-2040
3581663038,41496,1,0,-4,-28,25,-2042
3581664038,41496,0,-3,-5,-22,26,-2050
3581665038,41496,1,-4,-5,-29,22,-2043
3581666038,41496,0,-4,1,-30,29,-2046
3581667038,41496,3,-3,-6,-34,27,-2047
3581668038,41496,5,-2,-2,-33,27,-2045
3581669038,41496,1,-2,-3,-33,23,-2038
3581670038,41496,2,-5,-5,-34,20,-2046
3581671038,41496,2,-3,-2,-27,24,-2043
3581672038,41496,0,-3,-2,-29,26,-2043
3581673038,41496,4,-2,-4,-33,21,-2046
3581674038,41496,2,-1,-6,-40,25,-2048
3581675038,41496,-1,1,-4,-28,20,-2041
3581676038,41496,3,-1,-3,-32,22,-2048
3581677038,41496,4,-3,-5,-31,20,-2046
3581678038,41496,-2,-1,-3,-34,31,-2049
3581679038,41496,6,-2,-5,-26,23,-2046
3581680038,41496,1,-2,-4,-29,24,-2052
3581681038,41496,4,-2,-4,-32,20,-2045
3581682038,41496,0,-2,-3,-36,24,-2042
3581683038,41496,4,-3,-2,-36,20,-2041
3581684038,41496,3,-2,-2,-32,30,-2032
3581685038,41496,3,-2,-1,-32,28,-2041
3581686038,41496,6,-3,0,-26,20,-2045
3581687038,41496,1,-3,0,-31,27,-2038
3581688038,41496,4,-1,-6,-32,28,-2041
3581689038,41496,2,-4,-3,-32,23,-2050
3581690038,41496,2,-3,-2,-30,29,-2043
3581691038,41496,3,0,-7,-30,22,-2045
3581692038,41496,1,-2,-3,-32,24,-2038
3581693038,41496,0,2,-3,-31,24,-2047
3581694038,41496,5,-4,-6,-34,25,-2040
3581695038,41496,6,-5,-8,-33,32,-2045
3581696038,41496,0,0,0,-29,29,-2048
3581697038,41496,2,-4,-4,-34,20,-2044
3581698038,41496,2,-2,-5,-29,30,-2038
3581699038,41496,3,-3,-5,-36,26,-2048
3581700038,41496,2,-4,-3,-27,26,-2048
3581701038,41496,1,-1,-4,-37,25,-2043
3581702038,41496,2,-5,-3,-30,29,-2043
3581703038,41496,0,-4,-4,-25,30,-2044
3581704038,41496,3,-5,-3,-38,29,-2048
3581705038,41496,-1,-1,-6,-29,20,-2045
3581706038,41496,3,-1,-5,-28,22,-2043
3581707038,41496,2,-3,-4,-35,19,-2042
3581708038,41496,5,-4,1,-42,24,-2040
3581709038,41496,4,-4,0,-26,22,-2042
3581710038,41496,0,3,-5,-33,23,-2044
3581711038,41496,2,-2,-2,-34,23,-2044
3581712038,41496,0,-3,-3,-35,25,-2046
3581713038,41496,2,-5,-4,-32,31,-2048
3581714038,41496,2,-1,-4,-28,21,-2045
3581715038,41496,-1,-5,-1,-37,22,-2041
3581716038,41496,6,-9,-5,-36,23,-2043
3581717038,41496,4,-5,-5,-33,28,-2044
3581718038,41496,5,-5,-2,-37,20,-2042
3581719038,41496,1,-1,-3,-30,28,-2043
3581720038,41496,3,-3,-3,-35,19,-2048
3581721038,41496,3,-2,-6,-30,34,-2039
3581722038,41496,-2,-2,-2,-30,27,-2048
3581723038,41496,3,1,-4,-35,25,-2054
3581724038,41496,1,-3,-5,-33,18,-2056
3581725038,41496,2,-2,-7,-31,23,-2044
3581726038,41496,3,-2,-6,-32,19,-2047
3581727038,41496,-1,-1,-4,-36,23,-2049
3581728038,41496,0,-2,-3,-38,29,-2040
3581729038,41496,6,-4,-7,-32,20,-2038
3581730038,41496,4,-5,-2,-26,29,-2043
3581731038,41496,1,0,-1,-20,24,-2043
3581732038,41496,2,-1,-1,-34,21,-2036
3581733038,41496,2,0,-4,-32,25,-2038
3581734038,41496,3,-3,-7,-34,18,-2045
3581735038,41496,2,-5,-4,-41,23,-2043
3581736038,41496,4,-2,-5,-27,23,-2039
3581737038,41496,4,-2,1,-25,20,-2046
3581738038,41496,0,-2,-2,-33,24,-2037
3581739038,41496,-2,-1,-2,-34,27,-2046
3581740038,41496,2,-4,1,-37,27,-2048
3581741038,41496,2,-1,-1,-37,23,-2044
3581742038,41496,0,-2,-4,-32,18,-2049
3581743038,41496,5,-2,-5,-30,25,-2045
3581744038,41496,2,-1,-2,-37,30,-2045
3581745038,41496,0,-2,-6,-38,28,-2047
3581746038,41496,0,0,-2,-33,24,-2041
3581747038,41496,2,-2,-6,-37,21,-2048
3581748038,41496,8,-3,-5,-31,24,-2047
3581749038,41496,0,-4,-5,-32,27,-2044
3581750038,41496,2,-5,-3,-30,25,-2041
3581751038,41496,0,0,-2,-34,27,-2045
3581752038,41496,-3,1,-4,-40,21,-2045
3581753038,41496,4,-4,-3,-28,21,-2046
3581754038,41496,4,-4,-1,-36,21,-2044
3581755038,41496,3,0,-3,-25,19,-2042
3581756038,41496,2,-4,-1,-29,18,-2044
3581757038,41496,3,2,-1,-33,21,-2043
3581758038,41496,0,-1,-2,-31,23,-2041
3581759038,41496,3,0,0,-30,21,-2042
3581760038,41496,1,-2,-3,-36,19,-2035
3581761038,41496,3,-1,-1,-30,28,-2045
3581762038,41496,1,0,-6,-34,22,-2038
3581763038,41496,5,-5,-3,-39,17,-2048
3581764038,41496,2,-4,-1,-29,28,-2038
3581765038,41496,5,-3,-4,-38,26,-2039
3581766038,41496,3,-7,-2,-37,30,-2045
3581767038,41496,5,-4,-4,-38,15,-2045
3581768038,41496,1,-1,-2,-33,24,-2038
3581769038,41496,4,-3,-5,-35,23,-2049
3581770038,41496,2,-3,-4,-35,23,-2040
3581771038,41496,2,-3,-6,-30,21,-2046
3581772038,41496,5,-2,-5,-34,20,-2046
3581773038,41496,1,-3,-1,-31,27,-2045
3581774038,41496,4,-1,-1,-26,26,-2044
3581775038,41496,6,-5,-1,-34,19,-2036
3581776038,41496,-4,-2,-1,-39,24,-2039
3581777038,41496,4,-7,-8,-28,22,-2047
3581778038,41496,4,1,-4,-35,22,-2044
3581779038,41496,0,-3,-3,-38,22,-2040
3581780038,41496,2,-3,-2,-30,29,-2042
3581781038,41496,3,0,-3,-29,26,-2041
3581782038,41496,4,-2,-6,-32,24,-2046
3581783038,41496,2,-2,0,-33,25,-2047
3581784038,41496,3,-2,-3,-37,22,-2040
3581785038,41496,4,-1,-5,-27,21,-2044
3581786038,41496,1,-3,-4,-25,19,-2044
3581787038,41496,2,-6,-5,-30,28,-2045
3581788038,41496,6,-1,-3,-37,22,-2049
3581789038,41496,0,-2,-1,-33,11,-2047
3581790038,41496,-1,-2,-2,-37,26,-2043
3581791038,41496,-1,-1,1,-31,23,-2047
3581792038,41496,6,-5,-6,-34,21,-2051
3581793038,41496,0,-5,-3,-32,21,-2037
3581794038,41496,-1,-2,-3,-34,23,-2035
3581795038,41496,1,-1,-3,-33,24,-2040
3581796038,41496,5,-4,-6,-32,20,-2042
3581797038,41496,-1,-3,-1,-37,24,-2047
3581798038,41496,-1,-2,-6,-34,26,-2037
3581799038,41496,-2,-1,-3,-27,24,-2050
3581800038,41496,4,-5,-4,-34,22,-2041
3581801038,41496,1,1,-1,-29,27,-2053
3581802038,41496,-1,-2,0,-37,22,-2039
3581803038,41496,-1,-4,-4,-28,19,-2053
3581804038,41496,2,-1,-5,-36,31,-2051
3581805038,41496,1,-2,-4,-30,23,-2042
3581806038,41496,5,-5,-6,-27,27,-2048
3581807038,41496,4,-7,-6,-33,27,-2046
3581808038,41496,3,-3,-3,-36,23,-2041
3581809038,41496,4,-2,-1,-32,19,-2049
3581810038,41496,2,1,-2,-32,21,-2036
3581811038,41496,2,0,-3,-28,20,-2045
3581812038,41496,2,-4,-4,-28,25,-2042
3581813038,41496,0,-2,-1,-31,26,-2045
3581814038,41496,4,-3,-4,-35,24,-2044
3581815038,41496,3,-4,-6,-32,22,-2040
3581816038,41496,4,-3,-4,-32,26,-2048
3581817038,41496,3,-4,-2,-31,19,-2049
3581818038,41496,2,-2,-4,-31,23,-2050
3581819038,41496,1,-5,-3,-36,24,-2046
3581820038,41496,2,-2,-2,-31,20,-2044
3581821038,41496,0,0,-1,-38,24,-2041
3581822038,41496,0,-1,-2,-34,25,-2048
3581823038,41496,4,-5,-4,-34,29,-2043
3581824038,41496,3,1,-3,-29,19,-2052
3581825038,41496,1,-2,-4,-35,20,-2043
3581826038,41496,5,-2,-3,-35,26,-2046
3581827038,41496,3,-3,-3,-30,27,-2045
3581828038,41496,-1,0,-5,-34,19,-2045
3581829038,41496,0,-1,-3,-39,22,-2044
3581830038,41496,-2,-2,-4,-34,22,-2048
3581831038,41496,7,-3,-5,-31,22,-2053
3581832038,41496,4,-1,-5,-27,21,-2041
3581833038,41496,2,-2,-3,-33,23,-2051
3581834038,41496,2,-2,-4,-27,29,-2053
3581835038,41496,4,0,-4,-30,24,-2045
3581836038,41496,6,-6,-2,-29,24,-2041
3581837038,41496,-1,0,-1,-31,28,-2050
3581838038,41496,3,0,-4,-34,25,-2042
3581839038,41496,1,-4,-1,-31,26,-2035
3581840038,41496,3,-4,-5,-32,20,-2039
3581841038,41496,3,0,-1,-40,27,-2050
3581842038,41496,1,-4,-2,-35,28,-2046
3581843038,41496,-1,-3,-2,-38,25,-2043
3581844038,41496,5,-6,-2,-35,31,-2053
3581845038,41496,2,1,-1,-28,19,-2044
3581846038,41496,2,-1,-1,-26,27,-2045
3581847038,41496,2,-2,-1,-31,23,-2046
3581848038,41496,-1,-3,1,-35,29,-2049
3581849038,41496,1,0,-5,-34,21,-2046
3581850038,41496,-1,0,0,-32,30,-2048
3581851038,41496,0,3,-3,-24,22,-2043
3581852038,41496,3,-3,-3,-30,28,-2046
3581853038,41496,0,-1,0,-34,26,-2044
3581854038,41496,-5,-1,-3,-37,23,-2035
3581855038,41496,4,-3,-3,-31,30,-2045
3581856038,41496,4,-1,-7,-25,24,-2042
3581857038,41496,2,-5,-8,-26,21,-2043
3581858038,41496,1,-1,-6,-35,22,-2050
3581859038,41496,1,-1,-6,-32,23,-2047
3581860038,41496,3,-3,-3,-29,22,-2049
3581861038,41496,1,1,0,-29,29,-2047
3581862038,41496,2,-5,-3,-28,20,-2043
3581863038,41496,1,-4,-2,-26,19,-2042
3581864038,41496,2,-1,-4,-23,29,-2052
3581865038,41496,2,-3,-7,-31,22,-2048
3581866038,41496,2,-3,-3,-39,26,-2032
3581867038,41496,-2,-1,-2,-29,31,-2046
3581868038,41496,3,-5,-2,-36,30,-2045
3581869038,41496,-1,-3,-7,-37,21,-2044
3581870038,41496,1,-3,2,-38,22,-2050
3581871038,41496,0,-1,-2,-32,21,-2050
3581872038,41496,1,-7,-3,-33,24,-2049
3581873038,41496,-1,-2,-3,-37,24,-2041
3581874038,41496,2,-1,-6,-35,24,-2047
3581875038,41496,4,1,0,-34,21,-2039
3581876038,41496,2,-3,-4,-28,24,-2042
3581877038,41496,3,-2,-2,-30,21,-2041
3581878038,41496,3,1,-3,-33,24,-2046
3581879038,41496,5,-3,-5,-29,23,-2039
3581880038,41496,4,-2,-5,-34,17,-2042
3581881038,41496,2,-5,-4,-25,22,-2044
3581882038,41496,1,-3,-5,-29,24,-2046
3581883038,41496,3,-1,-4,-32,30,-2041
3581884038,41496,4,-6,-5,-33,27,-2041
3581885038,41496,3,-6,-4,-33,22,-2034
3581886038,41496,3,-2,-4,-41,24,-2056
3581887038,41496,3,-1,-5,-36,15,-2042
3581888038,41496,3,-3,-4,-31,25,-2047
3581889038,41496,2,-4,-4,-34,26,-2046
3581890038,41496,4,-3,-3,-36,24,-2050
3581891038,41496,1,-3,-3,-28,30,-2055
3581892038,41496,1,-2,-4,-34,27,-2050
3581893038,41496,3,-3,-3,-34,22,-2047
3581894038,41496,1,-7,-4,-36,28,-2050
3581895038,41496,3,-2,-6,-32,27,-2043
3581896038,41496,0,-1,-3,-39,17,-2038
3581897038,41496,3,-1,-3,-28,26,-2042
3581898038,41496,0,-1,-3,-34,15,-2047
3581899038,41496,2,1,-5,-33,29,-2038
3581900038,41496,2,-3,-3,-37,23,-2044
3581901038,41496,6,-4,-3,-38,29,-2043
3581902038,41496,-4,1,-1,-33,29,-2039
3581903038,41496,3,-6,-5,-39,32,-2048
3581904038,41496,2,-4,-1,-40,24,-2042
3581905038,41496,0,-4,-4,-29,23,-2048
3581906038,41496,2,0,-6,-32,22,-2051
3581907038,41496,1,0,-3,-38,31,-2049
3581908038,41496,4,-4,-4,-37,18,-2045
3581909038,41496,3,2,-5,-35,22,-2049
3581910038,41496,0,-2,-4,-38,21,-2047
3581911038,41496,4,-2,-5,-34,29,-2047
3581912038,41496,3,1,-3,-30,27,-2049
3581913038,41496,3,-1,-1,-26,23,-2046
3581914038,41496,5,-5,-2,-35,22,-2044
3581915038,41496,2,-3,-3,-26,23,-2045
3581916038,41496,2,-2,-1,-35,26,-2048
3581917038,41496,5,-3,-4,-34,20,-2045
3581918038,41496,0,-4,-4,-29,22,-2046
3581919038,41496,4,-3,-3,-38,25,-2050
3581920038,41496,3,-2,-6,-30,26,-2053
3581921038,41496,1,-1,-3,-33,16,-2041
3581922038,41496,2,-5,0,-37,25,-2050
3581923038,41496,1,0,-2,-30,23,-2037
3581924038,41496,3,-4,-1,-32,22,-2040
3581925038,41496,2,0,0,-35,25,-2040
3581926038,41496,3,-3,-4,-34,28,-2049
3581927038,41496,4,-3,-4,-32,20,-2039
3581928038,41496,4,-4,-6,-23,25,-2046
3581929038,41496,4,3,-4,-32,25,-2043
3581930038,41496,6,-5,-4,-34,18,-2040
3581931038,41496,1,-2,-4,-28,19,-2041
3581932038,41496,5,-1,-4,-30,32,-2051
3581933038,41496,2,-5,-2,-35,22,-2043
3581934038,41496,1,3,-4,-28,19,-2049
3581935038,41496,1,-3,-4,-34,25,-2048
3581936038,41496,5,-6,-5,-29,17,-2046
3581937038,41496,0,0,-1,-31,27,-2050
3581938038,41496,2,-1,-4,-26,24,-2045
3581939038,41496,-1,1,-3,-31,21,-2050
3581940038,41496,5,-3,-5,-30,19,-2041
3581941038,41496,0,-2,-3,-30,28,-2048
3581942038,41496,0,-3,-4,-28,25,-2042
3581943038,41496,4,-3,-4,-37,24,-2050
3581944038,41496,4,-4,-5,-34,20,-2051
3581945038,41496,3,-3,0,-30,24,-2050
3581946038,41496,0,-1,-2,-35,21,-2049
3581947038,41496,4,-5,-4,-32,19,-2048
3581948038,41496,0,2,-6,-31,22,-2046
3581949038,41496,3,-3,-5,-35,33,-2042
3581950038,41496,2,-2,-4,-30,22,-2044
3581951038,41496,4,-3,-6,-31,25,-2046
3581952038,41496,2,0,-2,-30,18,-2045
3581953038,41496,3,-2,-5,-29,18,-2043
3581954038,41496,-2,0,1,-30,29,-2039
3581955038,41496,4,-1,0,-37,18,-2046
3581956038,41496,2,0,-7,-35,15,-2052
3581957038,41496,0,0,-1,-33,26,-2047
3581958038,41496,2,-3,-9,-28,28,-2036
3581959038,41496,3,-4,-8,-34,22,-2052
3581960038,41496,5,-2,-2,-32,21,-2037
3581961038,41496,0,-1,0,-30,31,-2040
3581962038,41496,3,-3,-3,-33,19,-2046
3581963038,41496,-2,-3,3,-32,29,-2041
3581964038,41496,2,-2,-3,-32,21,-2045
3581965038,41496,2,-5,-7,-34,32,-2040
3581966038,41496,0,-1,-4,-37,26,-2049
3581967038,41496,2,-3,-5,-34,28,-2046
3581968038,41496,3,-1,-5,-43,20,-2039
3581969038,41496,2,-2,-6,-37,22,-2052
3581970038,41496,3,-3,-5,-32,23,-2041
3581971038,41496,-1,-1,-3,-33,20,-2044
3581972038,41496,2,-3,-6,-31,23,-2038
3581973038,41496,2,-5,-7,-32,24,-2045
3581974038,41496,4,-4,-6,-31,22,-2046
3581975038,41496,1,-3,-3,-35,22,-2045
3581976038,41496,1,-2,-5,-26,21,-2044
3581977038,41496,2,-3,-4,-30,20,-2043
3581978038,41496,3,-2,-4,-29,25,-2043
3581979038,41496,2,-3,-5,-35,23,-2044
3581980038,41496,0,-5,1,-27,30,-2042
3581981038,41496,3,-4,-2,-32,26,-2044
3581982038,41496,2,1,-3,-27,27,-2049
3581983038,41496,6,-2,-4,-33,26,-2046
3581984038,41496,0,-1,-3,-29,19,-2047
3581985038,41496,6,-1,-5,-30,17,-2047
3581986038,41496,2,-7,-4,-34,26,-2044
3581987038,41496,3,0,-5,-35,28,-2048
3581988038,41496,4,-4,-6,-42,27,-2044
3581989038,41496,1,-3,-4,-34,22,-2044
3581990038,41496,1,-1,-5,-37,21,-2045
3581991038,41496,2,-3,-4,-33,26,-2044
3581992038,41496,1,-1,-5,-34,36,-2050
3581993038,41496,2,-2,-3,-39,24,-2042
3581994038,41496,2,-1,-3,-29,28,-2045
3581995038,41496,2,-1,-2,-34,22,-2049
3581996038,41496,2,-5,-3,-30,30,-2051
3581997038,41496,2,-2,-4,-32,17,-2042
3581998038,41496,3,-4,-5,-37,22,-2041
3581999038,41496,3,-5,-3,-34,33,-2046
3582000038,41496,8,-1,-1,-31,22,-2039
3582001038,41496,3,-1,-1,-22,24,-2046
3582002038,41496,1,-3,-4,-31,19,-2054
3582003038,41496,1,3,-3,-37,21,-2038
3582004038,41496,5,-1,-2,-31,17,-2046
3582005038,41496,3,1,-5,-42,28,-2040
3582006038,41496,1,-1,-3,-28,24,-2047
3582007038,41496,2,-7,-5,-26,30,-2048
3582008038,41496,2,-5,-4,-30,29,-2042
3582009038,41496,2,-6,-3,-23,26,-2040
3582010038,41496,2,0,-4,-29,34,-2043
3582011038,41496,-2,3,-2,-40,22,-2042
3582012038,41496,4,-3,-4,-34,21,-2049
3582013038,41496,6,2,-3,-36,24,-2048
3582014038,41496,3,-4,0,-35,29,-2041
3582015038,41496,4,-2,-1,-36,26,-2042
3582016038,41496,0,-4,-5,-33,32,-2048
3582017038,41496,1,-3,-1,-30,23,-2045
3582018038,41496,3,-6,-4,-29,29,-2036
3582019038,41496,2,-1,0,-33,31,-2050
3582020038,41496,2,0,-5,-37,17,-2039
3582021038,41496,5,-7,0,-29,21,-2038
3582022038,41496,0,0,-3,-38,25,-2036
3582023038,41496,4,-2,-4,-32,21,-2037
3582024038,41496,3,-2,-6,-25,22,-2046
3582025038,41496,2,-3,-3,-30,28,-2049
3582026038,41496,6,-6,-7,-24,27,-2042
3582027038,41496,5,-2,-4,-24,22,-2045
3582028038,41496,4,-2,-1,-32,26,-2044
3582029038,41496,1,-4,-5,-37,28,-2042
3582030038,41496,0,0,-2,-30,30,-2041
3582031038,41496,4,0,-4,-30,23,-2040
3582032038,41496,1,0,-2,-35,20,-2041
3582033038,41496,0,-2,-2,-29,23,-2047
3582034038,41496,2,-3,-1,-25,27,-2038
3582035038,41496,2,1,-1,-30,27,-2048
3582036038,41496,2,-2,-4,-31,23,-2041
3582037038,41496,0,-4,-2,-31,35,-2050
3582038038,41496,1,-5,-4,-25,26,-2047
3582039038,41496,2,-1,-3,-33,21,-2047
3582040038,41496,2,-4,-7,-31,16,-2043
3582041038,41496,1,0,-3,-34,17,-2052
3582042038,41496,0,-5,-3,-32,29,-2039
3582043038,41496,3,-4,-2,-27,18,-2042
3582044038,41496,4,0,-5,-26,22,-2046
3582045038,41496,3,-2,-3,-32,26,-2045
3582046038,41496,-1,2,0,-33,26,-2044
3582047038,41496,4,-5,-4,-33,24,-2043
3582048038,41496,4,1,-4,-39,22,-2046
3582049038,41496,5,-4,-5,-41,25,-2048
3582050038,41496,5,-2,-2,-30,25,-2044
3582051038,41496,6,-5,-5,-32,21,-2042
3582052038,41496,-1,-3,-2,-33,23,-2043
3582053038,41496,8,-4,-7,-40,25,-2047
3582054038,41496,-1,-1,-4,-27,22,-2048
3582055038,41496,4,-6,-5,-27,20,-2046
3582056038,41496,1,0,-3,-30,22,-2043
3582057038,41496,1,0,-3,-27,23,-2048
3582058038,41496,-1,-4,-3,-30,25,-2047
3582059038,41496,2,1,-2,-36,24,-2044
3582060038,41496,4,-4,-7,-29,21,-2040
3582061038,41496,3,1,-2,-34,24,-2043
3582062038,41496,0,0,-4,-41,23,-2042
3582063038,41496,7,-6,-6,-28,30,-2041
3582064038,41496,3,-1,-3,-29,20,-2039
3582065038,41496,4,-2,-3,-36,26,-2043
3582066038,41496,0,-3,-4,-31,26,-2047
3582067038,41496,0,0,-3,-33,25,-2048
3582068038,41496,5,-7,-4,-27,26,-2043
3582069038,41496,-1,-2,-2,-34,30,-2044
3582070038,41496,-3,3,0,-30,25,-2048
3582071038,41496,4,-4,-8,-29,21,-2051
3582072038,41496,1,-1,-3,-31,20,-2043
3582073038,41496,1,2,-3,-34,22,-2048
3582074038,41496,3,-1,-4,-30,15,-2041
3582075038,41496,3,-2,-2,-37,20,-2044
3582076038,41496,3,-2,-4,-28,17,-2044
3582077038,41496,-2,-2,-4,-32,30,-2045
3582078038,41496,1,-1,-3,-37,29,-2047
3582079038,41496,1,-3,-2,-35,20,-2047
3582080038,41496,0,-3,-4,-31,28,-2046
3582081038,41496,1,-2,-2,-33,23,-2039
3582082038,41496,2,-4,-2,-35,19,-2047
3582083038,41496,2,-1,-3,-36,24,-2045
3582084038,41496,4,-5,-3,-31,16,-2043
3582085038,41496,1,0,-2,-34,19,-2040
3582086038,41496,4,-5,-4,-27,23,-2044
3582087038,41496,4,-3,-4,-31,20,-2041
3582088038,41496,1,-3,-2,-31,23,-2042
3582089038,41496,2,-2,-4,-30,25,-2045
3582090038,41496,3,-3,-2,-32,28,-2048
3582091038,41496,4,-5,-5,-30,24,-2050
3582092038,41496,1,0,-3,-37,29,-2040
3582093038,41496,-1,-1,0,-34,21,-2053
3582094038,41496,3,-5,-4,-28,23,-2046
3582095038,41496,-1,-2,-4,-26,21,-2048
3582096038,41496,4,-7,-5,-32,24,-2040
3582097038,41496,1,-4,-3,-34,24,-2045
3582098038,41496,1,-2,-6,-37,21,-2046
3582099038,41496,2,-3,-3,-30,26,-2044
3582100038,41496,3,0,-5,-29,27,-2041
3582101038,41496,1,-4,-5,-35,24,-2041
3582102038,41496,1,-1,-1,-33,20,-2045
3582103038,41496,5,-6,-6,-35,20,-2040
3582104038,41496,1,-3,-2,-27,23,-2041
3582105038,41496,3,-2,-1,-26,25,-2042
3582106038,41496,2,-4,-2,-33,24,-2042
3582107038,41496,5,-4,-3,-32,26,-2045
3582108038,41496,3,-1,-1,-35,21,-2044
3582109038,41496,3,-6,-3,-36,25,-2049
3582110038,41496,2,-3,-1,-29,21,-2047
3582111038,41496,5,-3,-5,-33,25,-2045
3582112038,41496,2,-2,-1,-37,21,-2044
3582113038,41496,1,-5,-2,-33,29,-2045
3582114038,41496,4,-2,-3,-37,25,-2045
3582115038,41496,4,-3,-6,-36,29,-2043
3582116038,41496,2,-1,-6,-36,20,-2044
3582117038,41496,2,-1,-5,-33,22,-2044
3582118038,41496,3,-1,-4,-34,18,-2044
3582119038,41496,3,-2,-5,-29,26,-2039
3582120038,41496,4,-4,-4,-25,22,-2044
3582121038,41496,1,1,-2,-29,19,-2047
3582122038,41496,6,-2,-2,-42,25,-2039
3582123038,41496,3,-4,-2,-35,23,-2050
3582124038,41496,5,-3,-4,-29,25,-2048
3582125038,41496,3,-1,-2,-35,26,-2047
3582126038,41496,2,-4,-1,-33,31,-2043
3582127038,41496,5,-6,-1,-32,28,-2045
3582128038,41496,1,-2,-5,-31,23,-2040
3582129038,41496,1,-6,-5,-28,24,-2041
3582130038,41496,4,-1,-2,-38,23,-2043
3582131038,41496,1,-1,-2,-28,25,-2047
3582132038,41496,6,-6,-6,-35,26,-2041
3582133038,41496,-1,-3,-4,-37,15,-2043
3582134038,41496,2,-2,-4,-32,17,-2048
3582135038,41496,3,-2,3,-29,23,-2043
3582136038,41496,4,-1,-4,-34,28,-2044
3582137038,41496,4,-1,-5,-34,25,-2047
3582138038,41496,2,-3,-2,-31,26,-2041
3582139038,41496,4,-5,-5,-28,27,-2043
3582140038,41496,2,-3,1,-31,24,-2046
3582141038,41496,3,-3,-2,-36,19,-2051
3582142038,41496,1,-1,-2,-43,25,-2043
3582143038,41496,4,-5,-3,-35,16,-2041
3582144038,41496,2,0,-6,-38,30,-2048
3582145038,41496,-1,-1,-5,-29,25,-2047
3582146038,41496,1,-2,0,-30,19,-2049
3582147038,41496,3,-2,-7,-34,30,-2047
3582148038,41496,1,-6,-4,-37,24,-2036
3582149038,41496,3,0,-4,-31,23,-2038
3582150038,41496,1,0,-3,-29,17,-2045
3582151038,41496,0,-1,-5,-31,24,-2048
3582152038,41496,3,-7,-7,-38,23,-2044
3582153038,41496,1,3,-3,-31,27,-2037
3582154038,41496,2,-4,-1,-31,29,-2043
3582155038,41496,2,-3,-3,-35,26,-2043
3582156038,41496,0,-1,-1,-42,23,-2042
3582157038,41496,4,-3,-5,-28,21,-2040
3582158038,41496,-3,-1,-2,-34,22,-2046
3582159038,41496,2,-2,-3,-24,26,-2043
3582160038,41496,1,-3,-1,-29,20,-2050
3582161038,41496,2,-3,-7,-36,24,-2044
3582162038,41496,2,-1,-4,-33,19,-2045
3582163038,41496,1,0,-4,-37,23,-2040
3582164038,41496,5,-3,-5,-28,17,-2047
3582165038,41496,5,-6,-5,-36,26,-2044
3582166038,41496,0,-1,-1,-28,22,-2049
3582167038,41496,-2,-1,-3,-37,23,-2047
3582168038,41496,1,-6,-5,-26,19,-2046
3582169038,41496,0,-4,-1,-35,25,-2041
3582170038,41496,4,-4,-4,-34,22,-2044
3582171038,41496,4,-2,-6,-33,18,-2048
3582172038,41496,-1,-2,-2,-34,27,-2040
3582173038,41496,3,-5,-4,-37,20,-2038
3582174038,41496,3,-1,-8,-33,22,-2046
3582175038,41496,7,-2,-6,-38,29,-2043
3582176038,41496,3,-5,-2,-32,22,-2037
3582177038,41496,1,-4,-2,-38,21,-2044
3582178038,41496,1,-6,-1,-35,23,-2047
3582179038,41496,4,-1,-3,-30,23,-2048
3582180038,41496,-2,-4,-3,-30,25,-2046
3582181038,41496,3,-1,-5,-34,22,-2038
3582182038,41496,3,2,-2,-30,23,-2049
3582183038,41496,3,-3,-6,-33,26,-2049
3582184038,41496,-1,-4,-6,-42,22,-2038
3582185038,41496,2,-2,-3,-31,28,-2037
3582186038,41496,2,-2,1,-31,25,-2037
3582187038,41496,-2,0,-1,-31,28,-2049
3582188038,41496,1,-5,-3,-38,25,-2043
3582189038,41496,5,-6,-2,-27,29,-2049
3582190038,41496,4,-2,-2,-34,24,-2048
3582191038,41496,2,-4,-4,-30,21,-2051
3582192038,41496,4,1,-4,-29,18,-2050
3582193038,41496,3,-3,-5,-33,18,-2041
3582194038,41496,-2,-1,0,-37,17,-2040
3582195038,41496,4,0,-3,-28,28,-2046
3582196038,41496,0,-1,-2,-34,15,-2038
3582197038,41496,1,-2,-2,-27,25,-2047
3582198038,41496,8,-1,-3,-27,25,-2048
3582199038,41496,0,0,-3,-28,24,-2051
3582200038,41496,5,-3,-4,-27,22,-2045
3582201038,41496,4,-1,-5,-38,26,-2045
3582202038,41496,5,0,-5,-23,22,-2055
3582203038,41496,0,-2,-2,-23,27,-2048
3582204038,41496,1,-2,0,-30,25,-2044
3582205038,41496,3,-3,-3,-26,31,-2050
3582206038,41496,0,-1,-1,-32,24,-2043
3582207038,41496,2,-3,-2,-33,22,-2044
3582208038,41496,4,-1,-5,-25,23,-2043
3582209038,41496,3,-1,-4,-31,29,-2041
3582210038,41496,4,-3,-4,-29,25,-2044
3582211038,41496,1,-2,-4,-34,17,-2042
3582212038,41496,0,-1,-1,-29,25,-2047
3582213038,41496,0,-6,-1,-29,27,-2049
3582214038,41496,-3,-1,-3,-31,26,-2043
3582215038,41496,0,1,-1,-34,22,-2049
3582216038,41496,5,-6,-2,-30,22,-2043
3582217038,41496,3,0,-1,-38,22,-2044
3582218038,41496,4,-3,-4,-37,28,-2047
3582219038,41496,3,2,-6,-37,18,-2050
3582220038,41496,-1,0,-1,-36,29,-2043
3582221038,41496,1,0,-4,-28,15,-2045
3582222038,41496,1,-2,-3,-37,21,-2046
3582223038,41496,-2,-1,-4,-36,24,-2041
3582224038,41496,5,-5,-5,-34,22,-2037
3582225038,41496,4,0,0,-36,25,-2041
3582226038,41496,6,-3,-6,-31,29,-2047
3582227038,41496,2,1,-5,-34,30,-2047
3582228038,41496,2,2,-3,-28,17,-2050
3582229038,41496,2,-3,-3,-28,28,-2048
3582230038,41496,1,0,-2,-32,19,-2049
3582231038,41496,0,-1,-2,-32,18,-2054
3582232038,41496,2,-1,-2,-38,22,-2047
3582233038,41496,4,-2,-3,-30,19,-2038
3582234038,41496,1,-2,-2,-38,27,-2049
3582235038,41496,6,-6,-7,-38,21,-2042
3582236038,41496,3,-3,-3,-40,27,-2047
3582237038,41496,1,-4,-4,-35,22,-2042
3582238038,41496,2,-4,-4,-35,32,-2044
3582239038,41496,2,-4,-3,-31,22,-2046
3582240038,41496,1,-1,1,-30,26,-2040
3582241038,41496,4,2,-1,-31,24,-2047
3582242038,41496,2,-1,-4,-35,24,-2038
3582243038,41496,5,2,-4,-33,25,-2043
3582244038,41496,1,-1,-3,-31,21,-2035
3582245038,41496,5,-1,-2,-27,24,-2043
3582246038,41496,0,3,-3,-31,26,-2042
3582247038,41496,1,-1,-4,-30,34,-2049
3582248038,41496,4,-3,-6,-37,22,-2056
3582249038,41496,1,0,-3,-28,21,-2042
3582250038,41496,4,-3,-4,-24,13,-2046
3582251038,41496,1,-4,-3,-34,17,-2041
3582252038,41496,0,-3,0,-31,19,-2047
3582253038,41496,2,-1,-1,-24,28,-2044
3582254038,41496,0,-2,-6,-34,22,-2044
3582255038,41496,-3,-3,-1,-33,29,-2041
3582256038,41496,6,-4,-4,-31,23,-2044
3582257038,41496,4,-8,-5,-27,18,-2043
3582258038,41496,2,4,1,-32,19,-2044
3582259038,41496,2,-5,-6,-27,28,-2041
3582260038,41496,5,-3,-6,-28,33,-2041
3582261038,41496,1,-2,-2,-28,23,-2047
3582262038,41496,0,1,-4,-27,28,-2049
3582263038,41496,1,-4,-5,-34,24,-2045
3582264038,41496,-3,-4,-5,-28,24,-2047
3582265038,41496,4,-4,-3,-23,28,-2041
3582266038,41496,3,-2,-3,-30,26,-2042
3582267038,41496,-2,-1,-4,-36,20,-2044
3582268038,41496,1,-2,-4,-38,23,-2039
3582269038,41496,3,-5,-2,-33,30,-2048
3582270038,41496,1,-4,-4,-34,26,-2045
3582271038,41496,3,-4,-5,-37,19,-2044
3582272038,41496,2,-1,-3,-28,30,-2047
3582273038,41496,1,0,-3,-28,22,-2041
3582274038,41496,0,0,-1,-31,25,-2041
3582275038,41496,0,-2,-4,-33,26,-2041
3582276038,41496,4,-2,-4,-27,28,-2040
3582277038,41496,3,0,-2,-31,28,-2049
3582278038,41496,3,-2,-3,-35,25,-2043
3582279038,41496,2,-3,-5,-32,29,-2052
3582280038,41496,3,-3,-4,-22,26,-2051
3582281038,41496,2,-1,-2,-33,25,-2041
3582282038,41496,3,-6,-6,-13,29,-2041
3582283038,41496,5,-6,-2,-56,24,-2038
3582284038,41496,3,-1,-3,-61,-5,-2049
3582285038,41496,2,-3,-5,-60,44,-2066
3582286038,41496,-2,1,2,-24,83,-2049
3582287038,41496,2,1,-4,2,55,-1990
3582288038,41496,5,-4,-4,-19,-60,-2001
3582289038,41496,1,-4,-4,-87,-55,-2091
3582290038,41496,-4,3,-2,-96,46,-2087
3582291038,41496,0,4,-2,-59,168,-2052
3582292038,41496,9,1,-4,22,51,-2026
3582293038,41496,4,-7,-6,12,-62,-2044
3582294038,41495,2,0,-3,-44,-1,-2032
3582295038,41495,1,-4,-1,-59,58,-2040
3582296038,41495,5,0,-4,-59,95,-2051
3582297038,41495,6,2,-4,-10,34,-2059
3582298038,41495,4,-2,-5,-16,-12,-2048
3582299038,41495,3,-1,-6,-27,24,-2032
3582300038,41495,4,-1,-4,-43,41,-2033
3582301038,41495,3,0,-6,-10,17,-2042
3582302038,41495,0,0,0,8,-1,-2044
3582303038,41495,0,-5,-2,-15,-3,-2040
3582304038,41495,2,-1,-4,-53,16,-2061
3582305038,41495,0,-1,-2,-61,48,-2039
3582306038,41495,4,-2,-4,-46,40,-2033
3582307038,41495,4,-4,-3,-11,8,-2051
3582308038,41495,3,-5,-3,-16,-7,-2062
3582309038,41495,2,-2,0,-23,15,-2049
3582310038,41495,1,-5,-5,-53,5,-2041
3582311038,41495,2,-4,-4,-66,38,-2041
3582312038,41495,3,4,-2,-32,23,-2050
3582313038,41495,4,2,-3,-52,44,-2061
3582314038,41495,5,-1,-2,-9,36,-2073
3582315038,41495,8,-2,-7,-23,9,-2035
3582316038,41495,0,-1,-3,-41,-35,-2041
3582317038,41495,0,0,-6,-65,29,-2061
3582318038,41495,-7,5,-1,-35,25,-2040
3582319038,41495,2,1,-2,-38,19,-2048
3582320038,41495,1,1,-2,-18,5,-2038
3582321038,41495,0,-1,-5,-29,23,-2055
3582322038,41495,0,0,-3,-29,32,-2051
3582323038,41495,0,-1,-3,-21,62,-2035
3582324038,41495,2,2,-2,-28,9,-2023
3582325038,41495,1,-1,-6,-24,-21,-2034
3582326038,41495,-2,-1,-3,-34,11,-2049
3582327038,41495,0,0,-3,-43,38,-2044
3582328038,41495,1,-1,0,-30,78,-2058
3582329038,41495,-1,0,-1,-3,38,-2051
3582330038,41495,2,-3,-4,-5,8,-2045
3582331038,41495,2,0,-1,-19,7,-2045
3582332038,41495,-3,-1,-1,-28,22,-2044
3582333038,41495,1,-4,-6,-44,40,-2038
3582334038,41495,1,-2,-3,-28,37,-2044
3582335038,41495,3,-1,-3,-18,41,-2053
3582336038,41495,2,-7,-6,-17,37,-2057
3582337038,41495,3,0,-3,-29,24,-2045
3582338038,41495,5,-4,-3,-35,18,-2042
3582339038,41495,6,-4,-1,-31,4,-2044
3582340038,41495,2,-6,-2,-31,5,-2055
3582341038,41495,-4,-1,0,-36,15,-2053
3582342038,41495,1,-1,-1,-56,19,-2049
3582343038,41495,3,-6,-7,-58,28,-2048
3582344038,41495,4,-2,-2,-57,22,-2053
3582345038,41495,1,0,-2,-31,19,-2051
3582346038,41495,-3,-2,-3,-22,21,-2047
3582347038,41495,1,-4,-4,-24,24,-2053
3582348038,41495,3,-3,-5,-34,31,-2048
3582349038,41495,3,-4,-3,-39,30,-2044
3582350038,41495,2,-3,-3,-44,29,-2042
3582351038,41495,6,-3,-2,-29,13,-2042
3582352038,41495,4,-4,-2,-34,10,-2038
3582353038,41495,2,0,0,-21,23,-2045
3582354038,41495,1,-3,0,-20,18,-2038
3582355038,41495,3,0,-4,-24,19,-2048
3582356038,41495,3,-2,-4,-25,18,-2047
3582357038,41495,0,-6,-2,-16,23,-2049
3582358038,41495,0,-5,-2,-30,19,-2038
3582359038,41495,2,-4,-5,-40,27,-2044
3582360038,41495,5,-7,-4,-30,24,-2054
3582361038,41495,4,-4,-2,-33,27,-2035
3582362038,41495,1,-4,-3,-29,26,-2055
3582363038,41495,1,-4,1,-37,19,-2044
3582364038,41495,-6,-3,-2,-42,30,-2050
3582365038,41495,3,-6,-3,-33,23,-2046
3582366038,41495,3,-7,-5,-5,26,-2040
3582367038,41495,-3,-7,-2,-60,4,-2038
3582368038,41495,2,-3,-3,-96,-6,-2041
3582369038,41495,-2,0,-6,-112,15,-2070
3582370038,41495,-1,2,-5,-63,86,-2045
3582371038,41495,2,3,-4,-11,55,-2035
3582372038,41495,5,-2,-3,29,-47,-2045
3582373038,41495,0,0,-4,-6,-56,-2060
3582374038,41495,-1,0,-5,-66,57,-2066
3582375038,41495,4,0,-1,-57,108,-2049
3582376038,41495,6,-1,-5,-25,26,-2034
3582377038,41495,0,4,-5,-12,-22,-2039
3582378038,41495,2,0,-3,-19,-8,-2032
3582379038,41495,4,-1,-3,-23,53,-2023
3582380038,41495,3,1,-1,0,56,-2037
3582381038,41495,4,-6,-6,16,10,-2028
3582382038,41495,4,-4,-4,6,15,-2040
3582383038,41495,0,-7,-6,-28,12,-2035
3582384038,41495,-2,-3,-3,-33,42,-2041
3582385038,41495,0,2,0,-27,24,-2041
3582386038,41495,2,-6,-3,-12,5,-2040
3582387038,41495,3,-7,-4,11,-22,-2037
3582388038,41495,0,-7,1,-12,-6,-2054
3582389038,41495,1,-9,-2,-51,35,-2041
3582390038,41495,3,-7,-4,-54,54,-2036
3582391038,41495,5,-2,-1,-52,47,-2047
3582392038,41495,3,-9,-4,-43,17,-2048
3582393038,41495,6,-8,-4,-37,6,-2054
3582394038,41495,3,-5,-5,-48,15,-2049
3582395038,41495,3,-4,-2,-47,5,-2038
3582396038,41495,2,-3,-4,-46,1,-2040
3582397038,41495,2,-2,-2,-35,4,-2052
3582398038,41495,7,-4,-2,-43,25,-2047
3582399038,41495,-1,-2,-1,-37,35,-2043
3582400038,41495,2,-1,-3,-36,34,-2043
3582401038,41495,1,1,-2,-27,42,-2047
3582402038,41495,-2,1,-1,-20,37,-2038
3582403038,41495,2,-5,-5,-20,29,-2036
3582404038,41495,0,-5,-4,-36,28,-2048
3582405038,41495,0,-6,-4,-35,27,-2047
3582406038,41495,-2,-4,-2,-37,41,-2037
3582407038,41495,-1,-2,0,-19,35,-2037
3582408038,41495,1,-2,-2,-4,27,-2041
3582409038,41495,5,-6,-5,-10,28,-2043
3582410038,41495,4,-6,-3,-10,32,-2033
3582411038,41495,3,-5,-3,-40,31,-2042
3582412038,41495,0,-6,-5,-47,26,-2050
3582413038,41495,3,-5,-5,-47,22,-2049
3582414038,41495,0,-4,-4,-39,20,-2039
3582415038,41496,4,-1,-3,-30,24,-2043
3582416038,41496,5,-4,-1,-41,25,-2064
3582417038,41496,0,-4,-4,-16,27,-2038
3582418038,41496,3,-5,-1,-22,18,-2035
3582419038,41496,5,-9,-5,-25,11,-2046
3582420038,41496,-1,-5,-3,-31,19,-2051
3582421038,41496,-1,-4,-6,-44,42,-2052
3582422038,41496,2,-7,-3,-36,30,-2041
3582423038,41496,2,-3,-2,-33,20,-2039
3582424038,41496,5,-5,-4,-36,6,-2042
3582425038,41496,4,-4,-6,-31,3,-2045
3582426038,41496,6,-4,-6,-32,15,-2050
3582427038,41496,5,-2,-6,-28,21,-2046
3582428038,41496,2,-2,-4,-31,19,-2048
3582429038,41496,2,-4,-4,-31,23,-2049
3582430038,41496,3,-2,-2,-26,22,-2040
3582431038,41496,0,-4,0,-31,20,-2040
3582432038,41496,5,-7,-4,-26,11,-2040
3582433038,41496,3,-4,-5,-31,14,-2042
3582434038,41496,4,-2,-9,-41,14,-2049
3582435038,41496,4,-3,-5,-26,21,-2039
3582436038,41496,4,-4,-3,-33,25,-2047
3582437038,41496,1,-5,-2,-32,31,-2041
3582438038,41496,4,-6,-4,-20,31,-2042
3582439038,41496,2,-4,-4,-21,32,-2043
3582440038,41496,1,-2,1,-41,31,-2040
3582441038,41496,3,-3,-3,-43,15,-2036
3582442038,41496,1,-4,1,-43,14,-2044
3582443038,41496,0,-4,1,-42,18,-2042
3582444038,41496,1,1,-1,-40,24,-2042
3582445038,41496,1,2,-2,-34,33,-2046
3582446038,41496,1,-2,-3,-34,29,-2044
3582447038,41496,-1,0,-2,-27,25,-2054
3582448038,41496,3,-2,-4,-28,35,-2040
3582449038,41496,3,-4,-5,-34,29,-2042
3582450038,41496,1,-2,-2,-32,26,-2047
3582451038,41496,3,-3,-2,-38,26,-2040
3582452038,41496,3,0,-2,-43,38,-2049
3582453038,41496,1,0,-6,-46,28,-2053
3582454038,41496,2,-2,-2,-75,54,-2029
3582455038,41496,3,0,-4,-33,17,-2007
3582456038,41496,1,0,-4,-29,19,-2066
3582457038,41496,4,1,-2,-11,21,-2047
3582458038,41496,0,2,1,-34,34,-2043
3582459038,41496,6,-4,-9,-53,40,-2043
3582460038,41496,1,-3,-5,-18,9,-2045
3582461038,41496,2,-3,-4,-28,16,-2045
3582462038,41496,4,-4,-1,-30,25,-2036
3582463038,41496,2,3,0,-38,30,-2045
3582464038,41496,2,-3,-3,-38,28,-2048
3582465038,41496,4,-5,-4,-27,23,-2033
3582466038,41496,0,-1,-2,-35,20,-2031
3582467038,41496,6,-4,-4,-28,13,-2046
3582468038,41496,3,-4,-4,-19,24,-2041
3582469038,41496,6,3,-2,-30,21,-2048
3582470038,41496,5,-6,-6,-34,21,-2042
3582471038,41496,2,-8,-6,-36,21,-2052
3582472038,41496,3,-5,-6,-36,20,-2048
3582473038,41496,1,1,-3,-32,25,-2046
3582474038,41496,0,-2,-2,-32,22,-2039
3582475038,41496,1,-1,0,-26,23,-2041
3582476038,41496,0,-4,-3,-35,29,-2046
3582477038,41496,6,-1,-5,-35,28,-2046
3582478038,41496,0,-4,-3,-35,26,-2047
3582479038,41496,1,-1,-8,-30,22,-2046
3582480038,41496,1,-4,-4,-34,22,-2039
3582481038,41496,-1,-1,-4,-35,23,-2038
3582482038,41496,0,4,-2,-29,24,-2042
3582483038,41496,2,1,-4,-30,25,-2045
3582484038,41495,0,1,-4,-37,16,-2038
3582485038,41495,4,-4,-2,-36,30,-2050
3582486038,41495,2,-1,-5,-39,24,-2035
3582487038,41495,-2,-1,-2,-32,25,-2043
3582488038,41495,4,-4,-4,-26,24,-2047
3582489038,41495,6,-1,-3,-42,23,-2042
3582490038,41495,3,-2,-3,-31,31,-2040
3582491038,41495,-1,0,0,-34,30,-2047
3582492038,41495,-1,0,-2,-30,23,-2041
3582493038,41495,3,-3,-3,-34,35,-2045
3582494038,41495,3,-5,-6,-38,36,-2046
3582495038,41495,3,-1,-3,-37,28,-2046
3582496038,41495,3,-2,-2,-40,33,-2041
3582497038,41495,3,-4,-3,-41,23,-2046
3582498038,41495,0,0,-5,-31,22,-2040
3582499038,41495,4,-5,-1,-42,20,-2047
3582500038,41495,-2,-4,-4,-40,31,-2052
3582501038,41495,3,1,-3,-32,27,-2043
3582502038,41495,0,-5,-3,-28,24,-2040
3582503038,41495,3,-1,-1,-35,24,-2046
3582504038,41495,4,-6,-6,-38,23,-2046
3582505038,41495,-2,2,-4,-28,17,-2047
3582506038,41495,-2,1,-4,-32,20,-2049
3582507038,41495,4,-4,-4,-26,33,-2034
3582508038,41495,5,-4,-4,-36,21,-2043
3582509038,41495,3,-3,-5,-33,25,-2045
3582510038,41495,4,-1,-2,-27,24,-2042
3582511038,41495,4,-3,-5,-24,25,-2041
3582512038,41495,2,0,-3,-29,24,-2044
3582513038,41495,6,-5,-1,-28,25,-2047
3582514038,41495,-2,0,-5,-20,24,-2044
3582515038,41495,2,0,-3,-32,24,-2049
3582516039,41495,2,2,-2,-38,22,-2046
3582517038,41495,1,-1,-5,-38,24,-2049
3582518040,41495,2,-2,-1,-35,21,-2050
3582519038,41495,-1,3,-5,-39,30,-2039
3582520038,41495,5,-2,-5,-40,29,-2040
3582521038,41495,1,0,-3,-28,32,-2004
3582522038,41495,4,0,-3,-72,16,-2018
3582523038,41495,2,3,-1,-53,40,-2048
3582524038,41495,3,3,-2,-7,39,-2041
3582525038,41495,3,-1,-5,1,28,-2044
3582526038,41495,9,-6,-5,-17,26,-2037
3582527038,41495,1,0,-4,-44,24,-2031
3582528038,41495,1,0,-4,-52,14,-2026
3582529038,41495,2,3,-5,-33,41,-2042
3582530038,41495,1,3,-2,-20,26,-2043
3582531038,41495,3,-2,-2,2,18,-2032
3582532038,41495,4,-5,-7,-21,59,-2069
3582533038,41495,4,-2,-4,-39,33,-2053
3582534038,41495,4,-2,-10,-62,52,-2077
3582535038,41495,3,-1,-6,-57,-14,-2034
3582536038,41495,3,-3,-6,-51,10,-2069
3582537038,41495,1,1,-3,-47,-10,-2040
3582538038,41495,6,-4,-8,2,71,-2068
3582539038,41495,5,-5,-7,-12,46,-2070
3582540038,41495,5,-3,-5,-21,-6,-2017
3582541038,41495,0,-2,-7,-43,24,-2082
3582542038,41495,3,2,-1,-54,-3,-2037
3582543038,41495,1,4,-4,-25,34,-2052
3582544038,41495,8,-3,-2,6,55,-2038
3582545038,41495,8,-7,-5,8,19,-2037
3582546038,41495,3,-3,-3,20,6,-2025
3582547038,41495,4,-5,-6,-40,18,-2046
3582548038,41495,6,-9,-6,36,32,-2042
3582549038,41495,1,-5,-1,-65,-28,-1986
3582550038,41495,-3,-3,-5,-121,15,-2066
3582551038,41495,0,-3,-4,-72,21,-2052
3582552038,41495,0,1,-3,56,10,-2041
3582553038,41495,1,-6,-4,90,33,-2034
3582554038,41495,3,-9,-4,22,56,-2048
3582555038,41495,8,-12,-6,12,96,-2038
3582556038,41495,10,-17,-7,4,86,-2053
3582557038,41495,11,-15,-9,-57,42,-2060
3582558038,41495,12,-15,-6,10,33,-2018
3582559038,41495,11,-14,-5,-62,4,-2015
3582560038,41495,6,-7,-3,-70,-19,-2031
3582561038,41495,9,-9,-3,-82,-18,-2034
3582562038,41495,-1,2,-3,-98,-22,-2037
3582563038,41495,2,-1,-2,-62,-17,-2047
3582564038,41495,2,2,-3,-32,16,-2056
3582565038,41495,-2,4,1,-18,23,-2058
3582566038,41495,-1,-2,-3,-5,47,-2052
3582567038,41495,-1,-2,-5,-21,49,-2049
3582568038,41495,1,-2,-4,-46,36,-2061
3582569038,41495,5,-7,-11,-67,24,-2061
3582570038,41495,7,-6,-7,-70,25,-2062
3582571038,41495,3,-3,-6,-75,15,-2054
3582572038,41495,1,-1,-5,-65,10,-2053
3582573038,41495,4,0,-6,-50,8,-2057
3582574038,41495,3,-1,-2,-44,4,-2056
3582575038,41495,0,0,-1,-38,12,-2060
3582576038,41495,5,-3,-4,-27,16,-2057
3582577038,41495,4,-7,-4,-32,19,-2055
3582578038,41495,3,-3,-3,-39,14,-2054
3582579038,41495,6,-6,-5,-45,7,-2054
3582580038,41495,0,-1,-1,-35,-9,-2048
3582581038,41495,2,-4,-1,-39,-17,-2034
3582582038,41495,-1,-1,1,-32,-3,-2044
3582583038,41495,-5,0,-1,-22,5,-2052
3582584038,41495,0,0,0,-16,12,-2050
3582585038,41495,-1,-3,-1,-8,16,-2053
3582586038,41495,-1,-2,1,-14,16,-2048
3582587038,41495,-4,-4,2,-13,11,-2042
3582588038,41495,1,-7,-6,-34,16,-2047
3582589038,41495,2,-3,-1,-30,3,-2037
3582590038,41495,4,-6,-4,-29,6,-2047
3582591038,41495,2,-5,-2,-37,12,-2049
3582592038,41495,0,-6,-2,-37,6,-2049
3582593038,41495,0,-6,-7,-27,24,-2051
3582594038,41495,1,-1,-4,-26,21,-2056
3582595038,41495,1,-4,-4,-24,25,-2050
3582596038,41495,3,-3,-2,-29,28,-2050
3582597038,41495,1,-4,-1,-19,31,-2048
3582598038,41495,3,-8,-2,-30,39,-2052
3582599038,41495,2,-5,1,-28,38,-2050
3582600038,41495,3,-8,2,-35,38,-2053
3582601038,41495,4,-9,-3,-22,41,-2054
3582602038,41495,0,-7,-4,-41,45,-2045
3582603038,41495,-2,-9,-3,-27,45,-2051
3582604038,41495,4,-5,-3,-43,52,-2051
3582605038,41495,-1,-7,-5,-41,37,-2048
3582606038,41495,2,-7,-2,-49,36,-2055
3582607038,41495,0,-1,-2,-54,37,-2052
3582608038,41495,-1,-5,-4,-53,38,-2045
3582609038,41495,2,-4,-3,-47,41,-2050
3582610038,41495,-3,-1,-1,-41,35,-2053
3582611038,41495,3,-2,-3,-49,36,-2045
3582612038,41495,1,-1,-6,-79,63,-2051
3582613038,41495,3,-1,-7,-156,129,-2053
3582614038,41495,5,0,-6,-113,56,-2028
3582615038,41495,1,7,-5,7,-1,-2038
3582616038,41495,-2,2,1,58,-33,-2037
3582617038,41495,0,-5,-5,-55,62,-2047
3582618038,41495,-1,-1,-3,-90,81,-2046
3582619038,41495,5,0,-3,-105,29,-2004
3582620038,41495,3,5,-5,-88,42,-1998
3582621038,41495,-3,8,-4,-76,38,-2014
3582622038,41495,1,8,3,229,-202,-1950
3582623038,41495,-9,-3,-8,134,28,-2125
3582624038,41495,-3,-6,-2,61,1,-2067
3582625038,41495,8,-12,-7,-47,142,-2137
3582626038,41495,2,-7,-3,-95,-14,-1994
3582627038,41495,4,0,-4,-19,-39,-2015
3582628038,41495,0,-2,0,-16,20,-2066
3582629038,41495,1,1,-3,34,2,-2069
3582630038,41495,2,-6,-6,-56,106,-2047
3582631038,41495,10,-3,-5,-111,58,-2028
3582632038,41495,-2,-1,0,71,-111,-2071
3582633038,41495,1,-8,-5,51,-12,-2088
3582634038,41495,5,-11,-4,-16,85,-2024
3582635038,41495,7,-9,-5,-122,62,-2012
3582636038,41495,4,-2,-3,-143,73,-2037
3582637038,41495,1,0,1,76,-131,-2043
3582638038,41495,3,-9,-4,81,0,-2119
3582639038,41495,1,-12,3,62,53,-2060
3582640038,41495,9,-16,-6,-57,86,-2056
3582641038,41495,5,-12,-2,-98,55,-2025
3582642038,41495,5,-6,-4,-85,33,-2030
3582643038,41495,5,-5,-4,-49,18,-2058
3582644038,41495,3,-8,-5,-12,29,-2021
3582645038,41495,3,-5,-6,-15,40,-2044
3582646038,41495,4,-4,0,-62,58,-2023
3582647038,41495,3,-2,-5,-104,59,-2028
3582648038,41495,4,2,-8,-142,19,-2020
3582649038,41495,0,-5,-8,119,-10,-2129
3582650038,41495,-1,-13,-4,109,39,-2039
3582651038,41495,4,-17,-7,34,161,-2037
3582652038,41495,9,-15,-5,-86,72,-1995
3582653038,41495,8,-8,-6,-90,8,-2026
3582654038,41495,2,-1,-4,-48,-31,-2027
3582655038,41495,3,-1,-2,-6,-19,-2051
3582656038,41495,-1,-2,-5,13,8,-2050
3582657038,41495,0,-9,-4,-8,53,-2033
3582658038,41495,2,-3,-3,-10,53,-2029
3582659038,41495,3,-12,-5,38,23,-2059
3582660038,41495,0,-11,-3,51,17,-2065
3582661038,41495,4,-11,-5,18,23,-2056
3582662038,41495,5,-15,-6,-25,24,-2044
3582663038,41495,6,-9,-5,-68,3,-2028
3582664038,41495,7,-8,-4,-34,-29,-2041
3582665038,41495,2,-7,-5,-37,-30,-2053
3582666038,41495,0,-8,-3,-10,-9,-2058
3582667038,41495,1,-8,-4,-29,18,-2056
3582668038,41495,4,-7,-3,-48,34,-2059
3582669038,41495,-1,-4,0,-30,23,-2039
3582670038,41495,3,-5,-4,-28,28,-2049
3582671038,41495,1,-3,-4,-33,35,-2050
3582672038,41495,2,-8,-5,-41,21,-2049
3582673038,41495,2,-6,-4,-60,14,-2043
3582674038,41495,6,-5,-4,-64,-1,-2040
3582675038,41495,0,-3,-1,-73,-9,-2034
3582676038,41495,-1,-1,-1,-55,5,-2043
3582677038,41495,-3,0,0,-50,11,-2036
3582678038,41495,0,-2,0,-59,30,-2037
3582679038,41495,-1,-4,-4,-60,32,-2025
3582680038,41495,1,0,1,-53,33,-2034
3582681038,41495,4,-8,-5,-63,26,-2034
3582682038,41495,-1,-2,-1,-65,20,-2040
3582683038,41495,-1,-1,-5,-75,28,-2052
3582684038,41495,0,-5,-2,-84,27,-2039
3582685038,41495,-2,2,0,-90,14,-2038
3582686038,41494,4,0,-4,-73,7,-2047
3582687038,41494,-3,3,1,-76,22,-2051
3582688038,41494,-3,3,0,-55,27,-2046
3582689038,41494,-3,1,-3,-56,43,-2055
3582690038,41494,0,0,-2,-61,34,-2059
3582691038,41494,-1,4,-2,-54,33,-2040
3582692038,41494,-2,5,-2,-51,32,-2056
3582693038,41494,-3,7,-1,-39,36,-2047
3582694038,41494,-1,5,-6,-33,44,-2053
3582695038,41494,4,2,-5,-28,39,-2045
3582696038,41494,4,1,-4,-23,27,-2042
3582697038,41494,2,0,-1,-23,32,-2044
3582698038,41494,1,7,-5,-22,33,-2054
3582699038,41494,2,3,-5,-22,32,-2046
3582700038,41494,0,1,-3,-8,23,-2043
3582701038,41494,1,3,-5,-15,25,-2041
3582702038,41494,-2,-1,-4,-10,14,-2030
3582703038,41494,0,1,-5,-20,40,-2034
3582704038,41494,2,-2,-3,-5,29,-2042
3582705038,41494,-3,4,-3,-25,32,-2034
3582706038,41494,1,3,-6,-27,17,-2040
3582707038,41494,-1,3,-3,-31,27,-2044
3582708038,41494,4,0,-4,-32,34,-2046
3582709038,41494,0,2,-2,-34,30,-2037
3582710038,41494,5,3,-2,-32,19,-2037
3582711038,41494,3,0,-9,-47,20,-2041
3582712038,41494,3,5,-7,-56,11,-2050
3582713038,41494,4,1,-6,-58,24,-2048
3582714038,41494,-1,3,-5,-45,18,-2043
3582715038,41494,1,5,-4,-43,20,-2050
3582716038,41494,3,2,-6,-44,22,-2045
3582717038,41494,3,0,-7,-36,24,-2043
3582718038,41495,3,1,-6,-32,21,-2056
3582719038,41495,4,5,-7,-18,13,-2053
3582720038,41495,3,2,0,-23,21,-2047
3582721038,41495,5,-4,-2,-32,23,-2046
3582722038,41495,1,2,-4,-31,22,-2055
3582723038,41495,0,1,0,-29,12,-2048
3582724038,41495,1,3,-4,-29,13,-2049
3582725038,41495,-2,5,0,-26,8,-2055
3582726038,41495,1,0,0,-22,14,-2054
3582727038,41495,-3,2,-5,-20,13,-2041
3582728038,41495,0,-2,-3,-24,14,-2047
3582729038,41495,1,-1,-4,-28,22,-2044
3582730038,41494,3,2,-2,-30,21,-2047
3582731038,41494,4,-2,-4,-66,31,-2048
3582732038,41494,5,-1,-2,-34,7,-2032
3582733038,41494,1,-2,-5,-31,14,-2066
3582734038,41494,4,-2,-4,-32,2,-2058
3582735038,41494,3,-4,-5,-27,16,-2036
3582736038,41494,3,-3,-4,-33,21,-2045
3582737038,41494,5,-5,-4,-34,11,-2042
3582738038,41494,-1,4,-3,-36,15,-2039
3582739038,41494,3,-2,-2,-28,31,-2061
3582740038,41494,1,-2,-3,-18,24,-2059
3582741038,41494,1,-2,-4,-27,25,-2048
3582742038,41494,5,-3,-6,-35,30,-2047
3582743038,41494,4,-6,-1,-41,28,-2045
3582744038,41494,4,-2,-2,-47,28,-2046
3582745038,41494,3,-3,-1,-31,29,-2045
3582746038,41494,2,-4,-2,-32,19,-2052
3582747038,41494,0,-2,-2,-29,17,-2050
3582748038,41494,1,-4,-1,-35,21,-2045
3582749038,41494,1,0,-3,-30,20,-2048
3582750038,41494,1,-4,-3,-20,23,-2045
3582751038,41494,2,-8,-3,-26,25,-2047
3582752038,41494,1,-6,-5,-31,19,-2046
3582753038,41494,1,-7,-2,-39,18,-2050
3582754038,41494,-2,-2,-1,-22,25,-2043
3582755038,41494,-2,-3,-1,-25,26,-2044
3582756038,41494,2,-5,-7,-29,24,-2047
3582757038,41494,3,-6,-2,-28,25,-2044
3582758038,41494,-2,-12,-4,-30,21,-2040
3582759038,41494,-1,-7,-7,-29,22,-2043
3582760038,41494,-4,-1,-1,-23,15,-2036
3582761038,41494,7,-8,-5,-36,12,-2045
3582762038,41494,5,-3,-2,-31,18,-2040
3582763038,41494,2,-5,-2,-34,16,-2027
3582764038,41494,-2,-3,-5,-38,24,-2038
3582765038,41494,1,-4,-3,-34,18,-2031
3582766038,41494,-1,-3,-3,-37,25,-2029
3582767038,41494,-1,0,-2,-29,27,-2030
3582768038,41494,0,0,-6,-29,28,-2027
3582769038,41494,5,-5,-6,-36,29,-2032
3582770038,41494,-1,1,-3,-26,29,-2026
3582771038,41494,1,-2,-7,-33,30,-2030
3582772038,41494,1,1,-2,-24,29,-2032
3582773038,41494,0,-1,-5,-24,24,-2038
3582774038,41494,2,-4,-6,-23,39,-2024
3582775038,41494,3,-2,-3,-19,36,-2032
3582776038,41494,2,1,-5,-30,38,-2033
3582777038,41494,5,-3,-5,-24,37,-2022
3582778038,41494,3,-2,-5,-21,42,-2040
3582779038,41494,2,0,-2,-21,39,-2039
3582780038,41494,5,-6,-5,-28,35,-2040
3582781038,41494,2,0,-4,-28,40,-2048
3582782038,41494,0,0,-1,-34,30,-2046
3582783038,41494,3,-4,-5,-26,32,-2044
3582784038,41494,4,1,-3,-32,34,-2051
3582785038,41494,4,-2,-3,-27,29,-2037
3582786038,41494,3,-1,-1,-28,27,-2049
3582787038,41494,3,-1,-6,-34,22,-2051
3582788038,41494,-1,-2,-3,-29,23,-2046
3582789038,41494,0,-1,-5,-33,15,-2056
3582790038,41494,1,1,-4,-27,25,-2052
3582791038,41494,3,-2,-3,-22,24,-2044
3582792038,41494,2,-1,-5,-18,23,-2045
3582793038,41494,4,2,-5,-11,28,-2044
3582794038,41494,5,-1,-5,-11,15,-2037
3582795038,41494,0,-2,-3,-12,8,-2036
3582796038,41494,5,-3,-6,-19,11,-2040
3582797038,41494,4,-5,-4,-24,30,-2044
3582798038,41494,2,-4,-6,-34,35,-2030
3582799038,41494,5,-3,-6,-33,30,-2035
3582800038,41494,2,1,-5,-32,6,-2039
3582801038,41494,4,-1,-2,-35,15,-2046
3582802038,41494,2,-1,-9,-30,19,-2044
3582803038,41494,1,-1,-7,-34,26,-2039
3582804038,41494,3,-3,-4,-48,16,-2043
3582805038,41494,2,0,-4,-47,26,-2043
3582806038,41494,4,-5,-3,-48,35,-2042
3582807038,41494,4,2,-3,-35,22,-2046
3582808038,41494,6,1,-3,-40,29,-2033
3582809038,41494,6,0,-8,-41,26,-2038
3582810038,41494,4,1,-5,-40,33,-2036
3582811038,41494,2,0,-6,-33,30,-2035
3582812038,41494,2,1,-4,-49,38,-2036
3582813038,41493,2,2,-6,-27,36,-2034
3582814038,41493,7,-1,-8,-33,33,-2033
3582815038,41493,3,0,-4,-21,23,-2036
3582816038,41493,4,3,-3,-18,23,-2033
3582817038,41493,-1,0,1,-11,26,-2031
3582818038,41493,3,-4,-6,-8,39,-2042
3582819038,41493,4,-6,-6,-6,37,-2037
3582820038,41493,2,-3,-4,-10,29,-2039
3582821038,41493,4,-5,-6,-9,31,-2042
3582822038,41493,7,-7,-10,-14,17,-2045
3582823038,41493,7,-8,-9,-19,20,-2055
3582824038,41493,2,-7,-5,-24,13,-2054
3582825038,41493,6,-3,-8,-32,18,-2055
3582826038,41493,5,-4,-11,-26,11,-2060
3582827038,41493,6,-4,-8,-30,7,-2064
3582828038,41493,4,-5,-9,-32,6,-2058
3582829038,41493,4,-3,-9,-24,10,-2067
3582830038,41493,4,-5,-6,-30,14,-2059
3582831038,41493,3,-2,-7,-20,6,-2055
3582832038,41493,0,-4,-6,-19,4,-2058
3582833038,41493,1,-6,-10,-27,10,-2053
3582834038,41493,-1,0,-3,-22,15,-2055
3582835038,41493,0,-1,-3,-22,18,-2052
3582836038,41493,2,-2,-7,-21,19,-2044
3582837038,41493,1,-2,-5,-22,17,-2031
3582838038,41493,2,-2,-5,-34,19,-2039
3582839038,41493,2,-2,-7,-32,19,-2043
3582840038,41493,3,-3,-7,-26,23,-2037
3582841038,41493,9,-6,-8,-32,18,-2036
3582842038,41493,6,-1,-5,-25,25,-2039
3582843038,41493,2,-6,-4,-32,31,-2042
3582844038,41493,4,-7,-5,-35,33,-2033
3582845038,41493,4,-4,-7,-30,25,-2029
3582846038,41493,6,-6,-2,-46,25,-2034
3582847038,41493,2,-5,-5,-55,25,-2039
3582848038,41493,6,-8,-5,-54,31,-2041
3582849038,41493,5,-9,-4,-48,17,-2051
3582850038,41493,4,-7,-6,-54,23,-2060
3582851038,41493,4,-8,-2,-53,23,-2060
3582852038,41493,3,-9,-5,-60,36,-2062
3582853038,41493,5,-7,-1,-61,35,-2061
3582854038,41493,2,-3,-2,-70,26,-2053
3582855038,41493,3,-4,-6,-66,30,-2058
3582856038,41493,2,1,-3,-61,16,-2054
3582857038,41493,4,-4,-5,-58,26,-2049
3582858038,41493,1,-1,-1,-61,23,-2066
3582859038,41493,4,0,-3,-56,28,-2048
3582860038,41493,5,-5,-1,-57,21,-2044
3582861038,41493,4,-3,-2,-48,24,-2040
3582862038,41493,-4,0,-1,-60,25,-2035
3582863038,41493,0,-1,-4,-41,18,-2031
3582864038,41492,4,1,-3,-50,25,-2033
3582865038,41492,1,-2,-3,-40,16,-2005
3582866038,41492,0,1,-2,-56,12,-2038
3582867038,41492,1,2,-2,-45,16,-2020
3582868038,41492,4,-2,-3,-52,33,-2039
3582869038,41492,2,2,-5,-43,20,-2026
3582870038,41492,-2,1,-2,-50,25,-2036
3582871038,41492,0,7,-1,-40,28,-2031
3582872038,41492,0,7,-1,-41,23,-2041
3582873038,41492,1,1,-5,-46,29,-2041
3582874038,41492,4,3,-4,-43,17,-2042
3582875038,41492,0,7,-2,-38,17,-2044
3582876038,41492,5,1,-5,-38,25,-2031
3582877038,41492,4,6,-3,-33,23,-2041
3582878038,41492,0,6,-6,-23,15,-2037
3582879038,41492,0,5,-4,-28,15,-2035
3582880038,41492,-1,8,-2,-26,20,-2049
3582881038,41492,8,4,1,-2,39,-2022
3582882038,41492,-1,7,-2,-62,7,-2024
3582883038,41492,-1,4,-6,-18,30,-2077
3582884038,41492,-3,9,-3,-21,7,-2046
3582885038,41492,4,4,-6,-13,17,-2027
3582886038,41492,3,3,-5,-1,25,-2044
3582887038,41492,5,-1,-4,-16,27,-2060
3582888038,41492,1,3,-4,-20,24,-2062
3582889038,41492,1,-3,-6,-21,26,-2054
3582890038,41493,2,-3,-6,-19,19,-2050
3582891038,41493,2,3,-6,-26,29,-2053
3582892038,41493,3,-5,-6,-27,23,-2057
3582893038,41493,-3,4,-2,-31,25,-2054
3582894038,41493,2,-3,-8,-33,22,-2059
3582895038,41493,2,-3,-7,-30,26,-2048
3582896038,41493,0,0,-8,-35,24,-2054
3582897038,41493,1,0,-6,-24,17,-2052
3582898038,41493,1,1,-5,-34,16,-2050
3582899038,41493,0,-1,-6,-31,23,-2049
3582900038,41493,-1,-2,-4,-28,30,-2048
3582901038,41493,1,1,-2,-31,28,-2043
3582902038,41493,2,-2,-4,-28,34,-2043
3582903038,41493,2,-1,-1,-26,26,-2041
3582904038,41493,-2,-1,-3,-30,31,-2037
3582905038,41493,4,-2,-4,-29,36,-2039
3582906038,41493,3,-4,-7,-28,23,-2030
3582907038,41493,-4,2,1,-26,26,-2022
3582908038,41493,3,1,-1,-21,24,-2032
3582909038,41493,3,-4,-2,-24,28,-2048
3582910038,41492,2,-4,-6,-22,25,-2043
3582911038,41492,4,-1,-3,-17,29,-2039
3582912038,41492,0,-1,1,-24,28,-2037
3582913038,41492,1,-6,-7,-23,28,-2040
3582914038,41492,0,-1,-5,-14,21,-2038
3582915038,41492,-2,0,-3,-20,19,-2052
3582916038,41492,-1,-3,-3,-18,19,-2055
3582917038,41492,0,-3,-2,-17,25,-2045
3582918038,41492,0,1,-2,-14,23,-2054
3582919038,41492,2,-5,-4,-16,14,-2048
3582920038,41492,-3,2,0,-13,20,-2056
3582921038,41492,-1,2,-4,-15,17,-2044
3582922038,41492,0,-3,-4,-12,20,-2054
3582923038,41492,1,0,-4,-10,21,-2048
3582924038,41492,2,1,-2,-20,21,-2049
3582925038,41492,0,-1,-5,-24,22,-2043
3582926038,41492,-1,-4,-2,-20,19,-2038
3582927038,41492,-1,-1,-5,-13,25,-2038
3582928038,41492,2,-1,-3,-21,17,-2035
3582929038,41492,1,-5,-3,-20,30,-2043
3582930038,41492,-2,0,-3,-13,24,-2043
3582931038,41492,2,-3,-5,-15,24,-2026
3582932038,41492,3,-6,-5,-13,45,-2033
3582933038,41492,1,-5,-4,-19,30,-2035
3582934038,41492,-3,-5,-4,-32,31,-2032
3582935038,41492,3,-2,-4,-21,30,-2031
3582936038,41492,5,-1,-6,-29,37,-2039
3582937038,41492,2,-3,-5,-28,35,-2042
3582938038,41492,5,-7,-5,-43,21,-2047
3582939038,41492,-1,4,-2,-44,22,-2041
3582940038,41492,3,-3,-6,-48,23,-2047
3582941038,41492,3,1,-4,-47,32,-2048
3582942038,41492,5,-4,-3,-40,34,-2040
3582943038,41492,-2,1,-3,-48,33,-2049
3582944038,41492,4,-3,-4,-50,32,-2054
3582945038,41492,1,0,-4,-48,32,-2051
3582946038,41492,2,2,-3,-42,30,-2059
3582947038,41492,0,-1,-4,-45,28,-2049
3582948038,41492,1,2,-5,-45,23,-2051
3582949038,41492,4,-3,-7,-53,20,-2046
3582950038,41492,1,1,-6,-58,20,-2062
3582951038,41491,3,-2,-5,-47,19,-2060
3582952038,41491,0,-1,-2,-48,21,-2050
3582953038,41491,1,-2,-2,-51,9,-2048
3582954038,41491,2,-3,-3,-50,20,-2052
3582955038,41491,2,2,0,-47,15,-2055
3582956038,41491,4,0,-3,-50,11,-2054
3582957038,41491,2,-1,-4,-47,14,-2052
3582958038,41491,1,-6,-4,-52,18,-2050
3582959038,41491,3,-3,-4,-53,24,-2047
3582960038,41491,1,-2,-1,-53,8,-2052
3582961038,41491,-3,-4,-2,-45,7,-2056
3582962038,41491,0,-3,-3,-44,9,-2055
3582963038,41491,0,-1,-5,-46,13,-2063
3582964038,41491,0,-2,-2,-39,10,-2049
3582965038,41491,0,-1,0,-37,12,-2042
3582966038,41491,-3,-3,-3,-43,17,-2046
3582967038,41491,1,0,0,-41,18,-2051
3582968038,41491,0,-2,-3,-46,10,-2050
3582969038,41491,4,-5,-4,-38,14,-2045
3582970038,41491,6,-4,-4,-29,14,-2046
3582971038,41491,-3,1,1,-36,20,-2047
3582972038,41491,1,-2,0,-39,21,-2047
3582973038,41491,2,0,-3,-39,21,-2043
3582974038,41491,-5,3,4,-32,25,-2041
3582975038,41491,-3,1,0,-19,20,-2043
3582976038,41491,0,-1,-1,-27,31,-2042
3582977038,41491,1,0,-2,-30,26,-2039
3582978038,41491,2,-3,-3,-38,27,-2043
3582979038,41491,0,-4,-4,-35,17,-2038
3582980038,41491,0,-3,-2,-35,26,-2044
3582981038,41491,-1,-2,-2,-26,18,-2042
3582982038,41491,1,-3,-5,-27,19,-2048
3582983038,41491,2,-6,-1,-25,24,-2049
3582984038,41491,0,-6,-3,-25,22,-2046
3582985038,41491,-4,3,0,-20,19,-2050
3582986038,41491,-5,-2,-1,-24,19,-2047
3582987038,41491,-5,-4,-4,-25,19,-2050
3582988038,41491,-5,-6,-3,-36,16,-2053
3582989038,41491,-2,-1,-3,-27,18,-2050
3582990038,41491,-5,-1,-1,-27,13,-2039
3582991038,41491,-4,-4,0,-23,15,-2031
3582992038,41491,-3,-2,1,-17,19,-2049
3582993038,41491,-1,0,4,-16,15,-2040
3582994038,41491,-4,-1,0,-20,18,-2041
3582995038,41491,-1,-4,0,-28,17,-2044
3582996038,41491,0,-2,-1,-17,17,-2031
3582997038,41491,-1,-2,0,-26,8,-2029
3582998038,41491,-5,2,1,-30,14,-2028
3582999038,41491,0,-6,-4,-30,13,-2032
3583000038,41491,-3,-3,-2,-20,16,-2035
3583001038,41491,-7,-1,0,-36,16,-2042
3583002038,41491,-7,1,0,-31,21,-2038
3583003038,41491,-3,1,-1,-33,21,-2037
3583004038,41490,-4,0,-3,-39,28,-2039
3583005038,41490,-2,-2,-3,-50,19,-2041
3583006038,41490,-3,4,-1,-34,25,-2038
3583007038,41490,-6,0,-2,-32,33,-2042
3583008038,41490,-3,3,1,-39,25,-2037
3583009038,41490,-5,5,0,-37,36,-2035
3583010038,41490,-2,2,0,-37,30,-2037
3583011038,41490,-4,3,2,-35,31,-2040
3583012038,41490,-4,3,-1,-41,34,-2039
3583013038,41490,-4,3,-2,-41,36,-2039
3583014038,41490,-1,3,-2,-48,42,-2042
3583015038,41490,-4,4,0,-36,35,-2040
3583016038,41490,-5,5,1,-43,37,-2032
3583017038,41490,-3,7,-2,-38,36,-2036
3583018038,41490,-2,4,1,-44,33,-2037
3583019038,41490,-5,6,-3,-28,48,-2041
3583020038,41490,-2,8,1,-51,31,-2040
3583021038,41489,-4,5,-3,-37,25,-2052
3583022038,41489,-5,11,0,-46,38,-2041
3583023038,41489,-2,6,-5,-43,48,-2041
3583024038,41489,-7,9,-1,-73,-23,-2049
3583025038,41489,-13,13,0,-224,-116,-2091
3583026038,41489,-5,9,-6,47,105,-2120
3583027038,41489,-10,13,-3,-33,170,-2036
3583028038,41489,3,10,-5,44,7,-2029
3583029038,41489,-3,3,-9,33,-10,-2048
3583030038,41489,-4,4,-8,-30,59,-2037
3583031038,41489,-3,11,-9,-35,68,-2034
3583032038,41489,-3,10,-9,-12,91,-2055
3583033038,41489,1,8,-12,-13,29,-2042
3583034038,41489,1,9,-8,-2,-9,-2032
3583035038,41489,-2,15,-10,2,-8,-2035
3583036038,41489,0,13,-11,10,-2,-2062
3583037038,41489,0,16,-12,37,21,-2047
3583038038,41489,0,16,-16,78,12,-2055
3583039038,41489,-2,21,-18,84,11,-2060
3583040038,41489,0,19,-20,78,12,-2056
3583041038,41489,-2,12,-21,75,55,-2008
3583042038,41489,-1,15,-21,73,67,-1999
3583043038,41489,-2,17,-27,60,66,-2033
3583044038,41489,-2,18,-28,47,59,-2046
3583045038,41489,1,15,-30,50,29,-2025
3583046038,41489,1,17,-29,77,30,-2025
3583047038,41489,2,13,-29,80,38,-2068
3583048038,41489,1,13,-27,-15,62,-2053
3583049038,41489,0,9,-30,-37,80,-2038
3583050038,41489,-3,9,-24,-50,89,-2007
3583051038,41489,1,7,-21,-36,100,-2025
3583052038,41489,2,7,-18,-52,67,-2144
3583053038,41489,1,11,-18,-39,25,-2103
3583054038,41489,-1,10,-16,-24,17,-2058
3583055038,41490,0,7,-15,-40,4,-2069
3583056038,41490,3,7,-12,-70,3,-2083
3583057038,41490,1,5,-11,-116,25,-2056
3583058038,41490,0,8,-10,-128,25,-2048
3583059038,41490,0,6,-9,-150,35,-2066
3583060038,41490,-2,10,-4,-156,38,-2056
3583061038,41490,0,6,0,-128,31,-2044
3583062038,41490,7,4,-2,-123,-3,-2039
3583063038,41490,1,5,4,-118,-9,-2037
3583064038,41490,1,5,2,-136,-27,-2060
3583065038,41490,6,1,5,-152,-38,-2054
3583066038,41490,3,6,5,-152,-27,-2049
3583067038,41489,0,5,8,-150,-18,-2050
3583068038,41489,3,7,10,-152,-3,-2046
3583069038,41489,4,9,9,-140,-5,-2035
3583070038,41489,4,7,8,-118,-11,-2033
3583071038,41488,3,8,11,-111,-21,-2056
3583072038,41488,6,10,10,-98,-18,-2068
3583073038,41488,6,9,12,-99,-23,-2064
3583074038,41487,5,9,9,-72,-17,-2071
3583075038,41487,1,11,5,-53,-12,-2071
3583076038,41486,6,8,5,-35,-16,-2075
3583077038,41486,4,9,1,-32,15,-2084
3583078038,41486,0,13,2,3,37,-2060
3583079038,41485,1,6,-4,35,50,-2058
3583080038,41485,1,7,-3,49,57,-2058
3583081038,41484,1,13,-1,50,64,-2050
3583082038,41484,6,4,-4,43,64,-2039
3583083038,41484,1,6,1,50,74,-2027
3583084038,41483,3,1,-1,40,74,-2014
3583085038,41483,2,0,-4,35,70,-2011
3583086038,41483,1,1,-2,20,68,-2011
3583087038,41483,0,-1,-2,21,61,-2006
3583088038,41483,3,-1,-3,-1,52,-2018
3583089038,41483,2,-2,-3,-29,63,-2024
3583090038,41483,-1,-2,-6,-30,64,-2024
3583091038,41483,0,-1,-4,-45,59,-2028
3583092038,41483,1,-3,-4,-55,52,-2045
3583093038,41483,5,-4,-4,-62,37,-2048
3583094038,41483,3,1,0,-66,39,-2073
3583095038,41483,2,-1,-4,-69,27,-2065
3583096038,41483,3,-2,-6,-82,11,-2063
3583097038,41484,7,-1,-5,-77,1,-2069
3583098038,41484,3,1,-9,-66,-9,-2069
3583099038,41484,-1,3,-5,-67,-14,-2066
3583100038,41484,2,2,-9,-63,-16,-2058
3583101038,41485,3,4,-6,-45,-20,-2055
3583102038,41485,0,6,-9,-45,-14,-2052
3583103038,41485,1,4,-11,-27,-8,-2059
3583104038,41486,0,6,-5,-25,-2,-2047
3583105038,41486,2,5,-9,-16,-8,-2052
3583106038,41486,1,3,-10,-4,-1,-2041
3583107038,41486,2,2,-7,-1,2,-2038
3583108038,41487,1,4,-7,2,11,-2031
3583109038,41487,3,2,-5,1,29,-2042
3583110038,41487,2,3,-9,-10,38,-2037
3583111038,41487,1,0,-4,-18,24,-2028
3583112038,41488,3,2,-5,-6,8,-2030
3583113038,41488,1,2,-6,-14,19,-2036
3583114038,41488,1,-1,-7,-29,42,-2036
3583115038,41488,1,3,-5,-31,58,-2039
3583116038,41488,-1,7,-2,-38,49,-2035
3583117038,41488,2,2,-2,-36,38,-2036
3583118038,41488,-1,7,1,-44,30,-2032
3583119038,41488,-2,9,0,-34,47,-2029
3583120038,41488,-1,8,0,-28,36,-2035
3583121038,41488,-3,9,-3,-22,31,-2030
3583122038,41488,-3,8,1,-28,33,-2037
3583123038,41487,3,8,-1,-39,44,-2034
3583124038,41487,-1,8,-1,-51,63,-2039
3583125038,41487,1,9,1,-56,54,-2040
3583126038,41487,-1,10,0,-50,16,-2041
3583127038,41487,0,10,-1,-49,1,-2043
3583128038,41486,-4,13,-1,-32,13,-2054
3583129038,41486,-3,10,2,-30,29,-2057
3583130038,41486,-4,9,2,-31,27,-2063
3583131038,41485,-1,10,2,-28,25,-2051
3583132038,41485,1,7,0,-28,16,-2058
3583133038,41485,1,9,-1,-20,8,-2052
3583134038,41485,-2,14,1,-9,21,-2042
3583135038,41484,-2,9,-6,-8,24,-2040
3583136038,41484,-3,12,5,-7,20,-2040
3583137038,41484,1,11,0,-14,21,-2028
3583138038,41484,-1,9,-2,-17,27,-2036
3583139038,41484,-2,13,1,-24,19,-2034
3583140038,41483,0,6,-2,-28,23,-2037
3583141038,41483,-1,11,-1,-30,8,-2035
3583142038,41483,-3,11,-2,-25,7,-2037
3583143038,41483,-5,13,1,-29,10,-2046
3583144038,41483,-2,10,-2,-30,19,-2045
3583145038,41483,-3,9,1,-37,24,-2049
3583146038,41483,-1,7,-2,-33,33,-2053
3583147038,41483,-3,12,0,-26,30,-2055
3583148038,41483,-2,12,-3,-33,21,-2050
3583149038,41483,-1,11,-3,-34,22,-2047
3583150038,41483,-3,13,-2,-38,23,-2048
3583151038,41484,-2,9,-1,-39,17,-2055
3583152038,41484,-1,10,-2,-42,18,-2058
3583153038,41484,0,12,-6,-30,20,-2049
3583154038,41484,-5,10,-2,-39,23,-2052
3583155038,41484,1,10,-4,-20,35,-2048
3583156038,41484,-4,14,-4,-23,30,-2056
3583157038,41485,0,4,-6,-11,37,-2060
3583158038,41485,-3,9,-3,-2,40,-2055
3583159038,41485,2,7,-11,5,33,-2050
3583160038,41485,-2,5,-6,-4,40,-2047
3583161038,41485,-1,6,-4,-8,42,-2049
3583162038,41485,0,9,-8,-8,29,-2041
3583163038,41485,-1,2,-7,-15,31,-2040
3583164038,41486,-2,6,-6,-11,30,-2042
3583165038,41486,0,8,-7,-14,33,-2047
3583166038,41486,3,5,-6,-16,36,-2035
3583167038,41486,-1,7,-6,-21,27,-2039
3583168038,41486,1,4,-4,-22,32,-2034
3583169038,41486,-3,3,-6,-25,26,-2032
3583170038,41486,4,6,-3,-21,30,-2035
3583171038,41486,1,4,1,-21,20,-2023
3583172038,41486,-5,7,-2,-23,21,-2031
3583173038,41486,1,0,-2,-24,19,-2026
3583174038,41486,-2,7,1,-12,18,-2025
3583175038,41486,-2,7,0,-10,8,-2029
3583176038,41486,-3,5,1,-4,19,-2031
3583177038,41486,0,2,-3,-10,18,-2029
3583178038,41485,1,0,1,-17,12,-2031
3583179038,41485,0,2,0,-8,9,-2041
3583180038,41485,1,-2,-2,-7,18,-2038
3583181038,41485,3,4,-4,-10,23,-2040
3583182038,41485,-2,2,-1,-9,26,-2042
3583183038,41485,-1,1,-3,-5,27,-2038
3583184038,41485,0,3,-5,-11,23,-2044
3583185038,41484,4,2,-5,-12,27,-2051
3583186038,41484,-2,2,1,-14,30,-2036
3583187038,41484,-1,2,-2,-12,22,-2050
3583188038,41484,0,-4,-1,-18,25,-2041
3583189038,41484,1,0,1,-15,28,-2046
3583190038,41484,-2,1,5,-27,23,-2037
3583191038,41484,0,-1,-5,-28,21,-2042
3583192038,41484,-2,-4,-3,-22,19,-2049
3583193038,41483,-2,-2,-2,-20,26,-2040
3583194038,41483,-1,-3,-1,-25,24,-2042
3583195038,41483,-1,-1,-1,-31,23,-2037
3583196038,41483,-1,1,-2,-25,30,-2042
3583197038,41483,0,-3,-2,-27,24,-2040
3583198038,41483,-1,-1,-5,-25,29,-2039
3583199038,41483,-2,0,-5,-35,34,-2038
3583200038,41483,-4,0,-2,-32,29,-2052
3583201038,41483,-1,0,-1,-26,6,-1966
3583202038,41483,2,-3,-1,-82,34,-2041
3583203038,41483,-2,0,-5,-38,46,-2049
3583204038,41483,-4,6,-1,-54,22,-2031
3583205038,41484,-1,0,-2,-39,25,-2051
3583206038,41484,-4,0,-4,-42,29,-2050
3583207038,41484,-2,6,-4,-49,32,-2048
3583208038,41484,-2,4,-5,-53,34,-2051
3583209038,41484,-5,8,-3,-57,28,-2045
3583210038,41484,-1,6,-4,-52,31,-2052
3583211038,41484,-3,8,-3,-38,33,-2052
3583212038,41484,-7,8,-2,-58,33,-2050
3583213038,41484,-6,8,-5,-47,27,-2049
3583214038,41484,-4,9,-4,-45,36,-2051
3583215038,41484,-6,10,0,-47,34,-2040
3583216038,41484,-4,15,0,-39,31,-2046
3583217038,41484,-5,16,-3,-32,31,-2050
3583218038,41484,-3,11,-3,-34,34,-2045
3583219038,41485,-6,11,-1,-28,35,-2040
3583220038,41485,-4,14,1,-25,30,-2042
3583221038,41485,-6,16,-3,-14,33,-2048
3583222038,41485,-4,12,-3,-14,35,-2031
3583223038,41485,-6,15,1,-20,32,-2039
3583224038,41485,-1,12,-4,-15,26,-2042
3583225038,41485,-1,11,-1,-5,25,-2049
3583226038,41485,2,7,0,-15,28,-2042
3583227038,41484,-5,14,-1,-6,24,-2038
3583228038,41484,-3,12,-1,-12,26,-2037
3583229038,41484,2,8,-1,-13,26,-2038
3583230038,41484,-3,8,-3,-15,34,-2043
3583231038,41484,-2,8,-3,-13,31,-2038
3583232038,41484,-4,11,0,-21,31,-2037
3583233038,41484,0,12,1,-25,31,-2035
3583234038,41484,-2,11,0,-30,27,-2035
3583235038,41484,-1,12,0,-27,34,-2039
3583236038,41484,-2,12,-5,-26,30,-2046
3583237038,41484,1,10,-6,-33,26,-2041
3583238038,41483,-1,9,-2,-41,34,-2036
3583239038,41483,4,8,-5,-31,44,-2043
3583240038,41483,0,11,0,-34,38,-2043
3583241038,41483,-1,13,-1,-29,41,-2036
3583242038,41483,1,11,-1,-39,46,-2046
3583243038,41483,2,11,-1,-34,46,-2049
3583244038,41483,0,11,0,-27,43,-2045
3583245038,41483,2,12,-3,-23,36,-2056
3583246038,41483,1,14,0,-16,41,-2043
3583247038,41483,2,12,2,-15,45,-2047
3583248038,41483,3,12,-2,-9,48,-2050
3583249038,41482,-2,12,-3,-4,45,-2034
3583250038,41482,6,9,-2,-4,40,-2041
3583251038,41482,0,10,-1,-5,41,-2043
3583252038,41482,-3,10,-2,-7,43,-2051
3583253038,41482,4,9,-5,-15,37,-2046
3583254038,41482,2,5,-3,-12,39,-2050
3583255038,41482,6,9,-4,-10,42,-2040
3583256038,41482,3,5,-2,-14,38,-2047
3583257038,41482,4,5,-4,-20,35,-2048
3583258038,41482,3,5,-4,-24,27,-2048
3583259038,41482,5,7,-6,-19,30,-2050
3583260038,41482,6,4,-3,-29,31,-2056
3583261038,41482,8,2,-10,-33,21,-2050
3583262038,41482,7,9,-4,-42,28,-2050
3583263038,41482,3,11,-7,-37,21,-2051
3583264038,41482,10,5,-5,-35,27,-2050
3583265038,41483,7,7,-5,-33,24,-2051
3583266038,41483,10,7,-7,-39,28,-2053
3583267038,41483,5,11,-7,-26,28,-2047
3583268038,41483,6,7,-8,-26,25,-2045
3583269038,41483,6,8,-7,-27,21,-2048
3583270038,41483,3,14,-4,-20,16,-2053
3583271038,41483,1,11,-4,-16,19,-2050
3583272038,41483,4,10,-10,-9,9,-2039
3583273038,41483,3,10,-4,-9,15,-2050
3583274038,41483,4,8,-5,-6,19,-2051
3583275038,41483,3,5,-5,-3,20,-2046
3583276038,41483,1,8,-3,0,24,-2047
3583277038,41483,4,10,-4,-6,28,-2043
3583278038,41483,4,10,-7,0,19,-2042
3583279038,41483,5,4,-4,-5,24,-2046
3583280038,41483,2,5,-5,-1,26,-2047
3583281038,41483,0,10,-2,3,27,-2048
3583282038,41483,6,5,-7,-6,28,-2033
3583283038,41483,8,4,-7,-7,32,-2043
3583284038,41483,3,4,-4,-11,33,-2042
3583285038,41483,7,4,-6,-13,21,-2042
3583286038,41483,5,10,-3,-15,30,-2041
3583287038,41482,5,3,-2,-17,31,-2044
3583288038,41482,4,6,-3,-12,29,-2046
3583289038,41482,4,6,-1,-25,30,-2041
3583290038,41482,4,6,-1,-24,29,-2047
3583291038,41482,4,1,-3,-19,30,-2045
3583292038,41482,4,5,-3,-17,24,-2045
3583293038,41482,5,3,-4,-18,21,-2044
3583294038,41482,5,8,-1,-26,29,-2043
3583295038,41482,2,2,-2,-33,21,-2057
3583296038,41482,1,9,-1,-32,18,-2055
3583297038,41482,2,8,-6,-22,19,-2054
3583298038,41482,3,10,-4,-23,24,-2053
3583299038,41482,2,6,-4,-20,28,-2044
3583300038,41482,0,10,-3,-18,26,-2044
3583301038,41482,5,5,-7,-10,25,-2034
3583302038,41482,1,7,-4,-13,20,-2043
3583303038,41482,-1,4,-6,-14,20,-2040
3583304038,41482,4,6,-6,-24,19,-2043
3583305038,41482,-2,8,-5,-23,9,-2050
3583306038,41482,3,6,-2,-18,9,-2053
3583307038,41482,2,0,-7,-23,18,-2053
3583308038,41482,1,6,-4,-27,26,-2056
3583309038,41482,-5,6,-1,-26,19,-2051
3583310038,41482,1,8,-3,-31,18,-2052
3583311038,41482,3,10,-2,-26,14,-2054
3583312038,41482,3,8,-4,-25,22,-2048
3583313038,41482,-1,9,-4,-27,15,-2045
3583314038,41482,0,8,-3,-23,13,-2041
3583315038,41482,-3,8,-3,-12,16,-2031
3583316038,41482,1,6,-4,-6,20,-2041
3583317038,41482,0,6,-1,-7,16,-2041
3583318038,41482,-4,6,-2,-6,24,-2040
3583319038,41482,-3,6,-7,-5,21,-2049
3583320038,41482,2,0,-7,-3,22,-2060
3583321038,41482,3,1,-6,2,19,-2048
3583322038,41482,1,2,-6,-1,27,-2052
3583323038,41482,0,2,-2,-9,29,-2056
3583324038,41482,-1,2,-4,-7,24,-2047
3583325038,41482,2,1,-2,-5,24,-2050
3583326038,41482,-2,4,-1,-13,20,-2054
3583327038,41482,-2,2,-5,-15,20,-2058
3583328038,41482,2,0,-6,-18,33,-2059
3583329038,41482,-2,2,-4,-27,28,-2056
3583330038,41482,-1,4,-4,-33,25,-2048
3583331038,41482,-2,5,-1,-33,31,-2062
3583332038,41482,0,4,-4,-30,27,-2061
3583333038,41482,1,-3,-5,-37,28,-2052
3583334038,41482,3,0,-7,-31,34,-2055
3583335038,41482,-1,4,-2,-35,27,-2052
3583336038,41482,3,1,-9,-30,28,-2051
3583337038,41482,2,4,-1,-26,26,-2046
3583338038,41481,1,3,-3,-23,22,-2045
3583339038,41481,0,4,-3,-14,30,-2044
3583340038,41481,1,3,-4,-16,27,-2039
3583341038,41481,-2,4,-5,-17,27,-2037
3583342038,41481,-2,1,-4,-17,19,-2040
3583343038,41481,-1,5,-3,-16,26,-2037
3583344038,41481,1,3,-2,-20,17,-2035
3583345038,41481,0,5,1,-2,22,-2041
3583346038,41481,2,5,-3,-4,29,-2037
3583347038,41481,-1,4,-5,-6,25,-2034
3583348038,41481,0,7,0,-9,31,-2046
3583349038,41481,6,3,-4,-1,33,-2049
3583350038,41481,1,3,-2,10,26,-2040
3583351038,41481,-2,4,-2,8,24,-2033
3583352038,41481,0,-2,-5,-3,32,-2038
3583353038,41481,1,-1,-2,-3,42,-2043
3583354038,41481,0,-1,-1,-25,42,-2041
3583355038,41481,2,1,0,-44,46,-2037
3583356038,41481,-1,6,-3,-39,23,-2043
3583357038,41481,-1,3,-4,-30,13,-2045
3583358038,41481,-4,10,-1,-27,19,-2038
3583359038,41481,-3,6,-2,-29,36,-2039
3583360038,41481,-3,2,-4,-22,34,-2038
3583361038,41481,-1,4,-4,-4,31,-2033
3583362038,41481,2,-1,-4,-6,32,-2031
3583363038,41481,0,-1,-7,11,37,-2035
3583364038,41481,-2,1,-2,24,34,-2034
3583365038,41481,1,-5,-8,37,40,-2038
3583366038,41481,2,-4,-7,34,30,-2046
3583367038,41481,-1,-2,-2,17,41,-2049
3583368038,41481,3,-5,-1,16,38,-2051
3583369038,41481,3,-7,-7,9,38,-2052
3583370038,41481,3,-3,-2,16,31,-2056
3583371038,41481,4,-9,-5,10,24,-2055
3583372038,41481,0,-7,-6,1,17,-2048
3583373038,41481,3,-10,-5,-6,12,-2053
3583374038,41481,3,-9,-2,-24,27,-2047
3583375038,41481,0,-12,-3,-17,35,-2047
3583376038,41481,6,-13,-5,-23,33,-2040
3583377038,41481,1,-12,-6,-35,32,-2048
3583378038,41481,6,-11,-5,-33,29,-2049
3583379038,41481,4,-10,-2,-39,28,-2043
3583380038,41481,0,-6,-4,-32,31,-2046
3583381038,41481,3,-7,-4,-36,37,-2041
3583382038,41481,4,-7,-2,-31,31,-2040
3583383038,41481,3,-6,-3,-32,33,-2037
3583384038,41481,6,-6,-6,-35,35,-2047
3583385038,41481,3,-3,-5,-23,40,-2053
3583386038,41481,5,-7,-1,-18,39,-2042
3583387038,41481,2,-6,-3,-14,30,-2041
3583388038,41481,4,-6,-5,-18,35,-2043
3583389038,41481,9,-7,-5,-20,35,-2055
3583390038,41481,11,-10,-5,-14,31,-2049
3583391038,41481,7,-3,-1,-25,37,-2052
3583392038,41481,6,-9,-5,-24,37,-2046
3583393038,41481,5,-5,-1,-29,35,-2054
3583394038,41481,5,-5,-1,-33,35,-2054
3583395038,41481,9,-5,-4,-32,35,-2047
3583396038,41481,5,-5,-5,-32,39,-2049
3583397038,41481,8,-8,-7,-33,42,-2049
3583398038,41481,7,-3,-5,-32,34,-2045
3583399038,41481,7,-2,-4,-29,32,-2044
3583400038,41481,3,-3,-5,-30,39,-2038
3583401038,41481,6,-2,-6,-33,34,-2048
3583402038,41481,7,-3,-5,-23,40,-2034
3583403038,41481,6,-5,-8,-30,34,-2043
3583404038,41481,4,1,-7,-30,34,-2036
3583405038,41481,3,-3,-5,-22,39,-2035
3583406038,41481,7,-2,-7,-31,29,-2034
3583407038,41481,4,1,-6,-29,30,-2038
3583408038,41481,5,2,-4,-26,27,-2043
3583409038,41481,6,1,-6,-22,23,-2037
3583410038,41481,6,3,-4,-22,23,-2032
3583411038,41481,7,0,-2,-10,25,-2036
3583412038,41481,5,4,-5,-10,35,-2029
3583413038,41481,3,-2,-5,-13,29,-2030
3583414038,41481,4,-1,-3,-12,31,-2027
3583415038,41481,3,2,0,-4,31,-2036
3583416038,41481,8,-1,-7,-9,28,-2039
3583417038,41481,2,-3,-2,-9,27,-2033
3583418038,41481,5,-2,-1,-13,32,-2044
3583419038,41481,3,2,-4,-18,20,-2037
3583420038,41481,7,-5,-5,-19,21,-2041
3583421038,41481,8,-1,-2,-21,17,-2048
3583422038,41481,4,-3,-4,-20,18,-2051
3583423038,41481,6,0,-7,-19,20,-2043
3583424038,41481,5,3,-2,-23,15,-2042
3583425038,41481,2,1,-5,-12,9,-1992
3583426038,41481,7,3,0,-36,20,-2045
3583427038,41481,4,0,-5,-23,20,-2033
3583428038,41481,3,3,-5,-20,17,-2025
3583429038,41481,2,-2,-2,-5,23,-2039
3583430038,41481,6,-1,-5,-2,28,-2031
3583431038,41481,3,-1,-2,-6,30,-2036
3583432038,41481,2,-3,-4,-4,26,-2054
3583433038,41481,3,1,-1,-6,22,-2043
3583434038,41481,2,-1,-4,-9,15,-2051
3583435038,41481,3,-2,-2,-11,21,-2043
3583436038,41481,3,-1,-3,-7,24,-2049
3583437038,41481,1,-1,-6,-5,22,-2036
3583438038,41481,2,-2,-6,3,17,-2042
3583439038,41481,1,0,-2,-4,27,-2046
3583440038,41481,1,-1,-1,-2,15,-2051
3583441038,41481,2,-1,-2,-19,21,-2043
3583442038,41481,2,-4,-2,-14,22,-2042
3583443038,41481,5,-5,-1,-8,23,-2053
3583444038,41481,1,-4,-1,-10,22,-2054
3583445038,41481,5,-4,-3,-18,26,-2066
3583446038,41481,1,-4,-1,-25,27,-2051
3583447038,41481,-1,0,1,-21,25,-2048
3583448038,41481,5,-4,-5,-18,33,-2052
3583449038,41481,5,-4,-4,-20,30,-2050
3583450038,41481,4,-5,-2,-19,27,-2054
3583451038,41481,1,-4,-2,-11,33,-2053
3583452038,41481,4,-1,-3,-18,31,-2055
3583453038,41481,5,-4,-4,-16,24,-2053
3583454038,41481,2,-5,-2,-26,21,-2053
3583455038,41481,4,-5,-3,-15,25,-2050
3583456038,41481,4,-3,-2,-19,26,-2050
3583457038,41481,3,-2,-4,-13,20,-2050
3583458038,41481,5,-2,-2,-20,35,-2051
3583459038,41481,2,-5,-5,-11,28,-2046
3583460038,41481,3,-3,-3,-24,33,-2052
3583461038,41481,3,-6,-6,-21,35,-2060
3583462038,41481,5,-6,-9,-21,30,-2050
3583463038,41481,4,-5,-6,-12,31,-2052
3583464038,41481,4,-6,-5,-18,25,-2036
3583465038,41481,6,-4,-6,-20,29,-2043
3583466038,41481,6,-10,-4,-12,40,-2046
3583467038,41481,7,-7,-4,-14,37,-2041
3583468038,41481,7,-5,-7,-11,38,-2041
3583469039,41481,7,-5,0,-23,28,-2044
3583470040,41481,4,-6,-4,-22,27,-2038
3583471038,41481,9,-6,-7,-17,38,-2039
3583472038,41481,4,-5,-4,-22,44,-2049
3583473038,41481,3,-3,-4,-18,39,-2041
3583474038,41481,6,-6,-4,-17,35,-2036
3583475038,41481,6,-5,-5,-22,35,-2035
3583476038,41481,9,-1,-6,-24,39,-2028
3583477038,41481,7,-7,-5,-24,44,-2034
3583478038,41481,8,-5,-3,-23,30,-2037
3583479038,41481,5,-2,-5,-35,32,-2030
3583480038,41481,9,-8,-4,-32,31,-2033
3583481038,41481,6,-1,-5,-29,40,-2034
3583482038,41481,9,-2,-7,-26,46,-2052
3583483038,41481,8,0,-8,-33,36,-2040
3583484038,41481,6,1,-6,-24,36,-2033
3583485038,41481,7,-1,-10,-22,39,-2038
3583486038,41481,7,-1,-7,-29,39,-2043
3583487038,41481,8,-2,-5,-27,44,-2037
3583488038,41481,11,3,-7,-15,40,-2047
3583489038,41481,7,4,-6,-19,23,-2047
3583490038,41481,7,4,-3,-26,35,-2030
3583491038,41481,6,5,-4,-23,30,-2035
3583492038,41481,6,7,-2,-19,26,-2042
3583493038,41481,7,2,-4,-12,23,-2048
3583494038,41481,8,2,-2,-10,26,-2038
3583495038,41481,9,0,-8,-16,22,-2036
3583496038,41481,9,5,-10,-11,23,-2039
3583497038,41481,8,2,-7,-15,20,-2036
3583498038,41481,5,4,-5,-11,23,-2041
3583499038,41481,4,5,-3,-25,23,-2030
3583500038,41481,0,11,-2,-20,15,-2039
3583501038,41481,8,2,-4,-15,12,-2045
3583502038,41481,8,2,-4,-12,12,-2041
3583503038,41481,1,6,-4,-9,26,-2048
3583504038,41481,7,4,-7,-14,30,-2048
3583505038,41481,3,3,-3,-23,19,-2039
3583506038,41481,3,5,-5,-22,17,-2045
3583507038,41481,4,1,-6,-20,10,-2055
3583508038,41481,3,4,-6,-22,24,-2051
3583509038,41481,6,4,-7,-21,24,-2040
3583510038,41481,5,4,-5,-25,22,-2037
3583511038,41481,3,11,-7,-28,18,-2036
3583512038,41481,4,6,-4,-23,23,-2044
3583513038,41481,7,4,-2,-21,26,-2039
3583514038,41481,6,5,-8,-24,37,-2048
3583515038,41481,4,10,2,-22,30,-2047
3583516038,41481,8,4,-3,-10,33,-2048
3583517038,41481,4,7,-5,-11,31,-2042
3583518038,41481,3,8,-3,-17,29,-2048
3583519038,41481,6,8,-3,-15,31,-2049
3583520038,41481,5,5,-7,-17,29,-2052
3583521038,41481,5,6,-3,-24,25,-2042
3583522038,41481,6,9,-4,-28,27,-2052
3583523038,41481,3,10,-6,-15,28,-2045
3583524038,41481,2,7,-3,-21,32,-2047
3583525038,41481,6,5,-4,-22,32,-2039
3583526038,41481,6,6,-7,-16,37,-2037
3583527038,41481,6,7,-5,-18,28,-2045
3583528038,41481,6,9,-3,-15,34,-2041
3583529038,41481,6,9,-6,-16,35,-2047
3583530038,41481,4,9,-6,-9,31,-2044
3583531038,41481,7,8,-4,-26,28,-2047
3583532038,41481,2,13,0,-15,31,-2047
3583533038,41481,5,8,-6,-17,27,-2044
3583534038,41480,4,5,-7,-11,26,-2052
3583535038,41480,3,9,-6,-4,19,-2051
3583536038,41480,7,10,-7,-27,26,-2045
3583537038,41480,6,9,-7,-21,19,-2048
3583538038,41480,3,10,-5,-12,26,-2056
3583539038,41480,7,7,-8,-4,27,-2051
3583540038,41480,4,7,-10,0,32,-2053
3583541038,41480,4,9,-7,-8,28,-2044
3583542038,41480,9,7,-6,-5,37,-2043
3583543038,41480,6,10,-8,-9,38,-2052
3583544038,41480,6,6,-5,-19,37,-2079
3583545038,41480,3,4,-9,-15,10,-2066
3583546038,41480,8,7,-5,-7,7,-2067
3583547038,41480,7,5,-10,-12,12,-2060
3583548038,41480,7,6,-10,-7,0,-2065
3583549038,41480,7,0,-6,-3,-1,-2053
3583550038,41480,7,2,-9,1,-7,-2054
3583551038,41480,4,2,-9,-8,3,-2034
3583552038,41480,-2,6,-4,-11,10,-2032
3583553038,41480,2,5,-4,-18,16,-2037
3583554038,41480,1,3,-4,-1,28,-2049
3583555038,41480,4,3,-8,-12,35,-2046
3583556038,41480,2,2,-7,-9,32,-2056
3583557038,41480,8,1,-8,-11,23,-2051
3583558038,41480,8,-2,-9,-9,21,-2048
3583559038,41480,5,0,-6,-13,21,-2049
3583560038,41480,3,-2,-4,-13,18,-2051
3583561038,41480,4,1,-4,-1,24,-2048
3583562038,41480,7,1,-5,-10,23,-2048
3583563038,41480,5,-1,-7,-9,28,-2052
3583564038,41480,6,2,-3,-3,31,-2051
3583565038,41480,0,3,-6,-10,29,-2050
3583566038,41480,2,2,-2,-2,34,-2054
3583567038,41480,5,-1,-6,-19,31,-2059
3583568038,41480,4,-1,-8,-11,32,-2046
3583569038,41480,4,3,-5,-9,29,-2051
3583570038,41480,5,-3,-6,-20,18,-2048
3583571038,41480,11,-4,-9,-12,27,-2047
3583572038,41480,6,-4,-6,-10,29,-2041
3583573038,41480,1,-2,-4,-24,27,-2049
3583574038,41480,4,5,-5,-15,21,-2049
3583575038,41480,5,2,-1,-13,27,-2052
3583576038,41480,8,1,-6,-11,25,-2044
3583577038,41480,5,0,-4,-3,27,-2046
3583578038,41480,4,-1,-10,-7,30,-2058
3583579038,41480,5,-4,-6,-16,27,-2056
3583580038,41480,6,0,-8,-7,18,-2046
3583581038,41480,4,0,-8,-9,21,-2056
3583582038,41480,5,-4,-4,-10,17,-2054
3583583038,41480,2,-2,-5,-3,15,-2051
3583584038,41480,4,0,-7,2,10,-2052
3583585038,41480,3,-4,-2,9,12,-2053
3583586038,41480,4,0,-2,2,13,-2047
3583587038,41480,5,-8,-5,8,17,-2044
3583588038,41480,4,-5,-5,9,8,-2048
3583589038,41480,3,-8,-5,12,12,-2051
3583590038,41480,6,-8,-5,18,19,-2052
3583591038,41480,2,-11,-7,4,15,-2052
3583592038,41480,2,-11,-6,4,23,-2050
3583593038,41480,9,-10,-5,1,14,-2063
3583594038,41480,3,-10,-2,-11,18,-2057
3583595038,41480,2,-13,-4,-12,16,-2061
3583596038,41480,3,-11,-8,-9,20,-2046
3583597038,41480,1,-10,-4,-15,11,-2044
3583598038,41481,2,-11,-6,-19,25,-2053
3583599038,41481,-1,-10,-6,-23,21,-2048
3583600038,41481,4,-12,-5,-18,24,-2043
3583601038,41481,3,-11,-5,-15,24,-2044
3583602038,41481,4,-6,-4,-19,27,-2044
3583603038,41481,3,-8,-5,-24,24,-2038
3583604038,41481,4,-7,-6,-13,29,-2049
3583605038,41481,3,-8,-7,-15,16,-2047
3583606038,41481,2,-10,-5,-22,24,-2037
3583607038,41481,4,-8,-5,-18,28,-2047
3583608038,41481,4,-11,-5,-19,24,-2043
3583609038,41481,1,-10,-7,-25,33,-2046
3583610038,41481,4,-8,-6,-19,15,-2055
3583611038,41481,3,-6,-2,-14,22,-2054
3583612038,41481,5,-11,-7,-12,22,-2046
3583613038,41481,5,-9,-7,-28,19,-2044
3583614038,41481,3,-5,-1,-20,22,-2044
3583615038,41481,-1,-10,-4,-27,19,-2049
3583616038,41481,0,-6,-1,-18,19,-2045
3583617038,41481,-1,-9,-4,-26,13,-2050
3583618038,41481,-1,-3,-2,-23,23,-2050
3583619038,41481,2,-6,-4,-32,25,-2041
3583620038,41481,-2,-7,-3,-27,29,-2051
3583621038,41481,1,-3,-4,-29,29,-2042
3583622038,41481,0,-4,-1,-29,17,-2043
3583623038,41481,0,-5,0,-24,21,-2032
3583624038,41481,-1,1,0,-27,24,-2046
3583625038,41481,2,-4,-6,-32,19,-2041
3583626038,41481,1,-1,-6,-26,30,-2037
3583627038,41480,1,-5,-6,-26,32,-2037
3583628038,41480,-1,0,-3,-21,25,-2034
3583629038,41480,1,-2,-3,-23,31,-2041
3583630038,41480,0,-2,-5,-26,25,-2040
3583631038,41480,-1,-1,-4,-19,34,-2041
3583632038,41480,0,1,-2,-16,25,-2039
3583633038,41480,-2,2,-3,-18,31,-2042
3583634038,41480,-5,5,0,-12,29,-2036
3583635038,41480,0,4,1,-18,31,-2043
3583636038,41480,-2,2,2,-9,32,-2046
3583637038,41480,-1,-1,-3,-11,28,-2038
3583638038,41480,2,1,-1,-12,30,-2030
3583639038,41480,4,2,-4,-17,35,-2041
3583640038,41480,2,-2,-3,-7,27,-2041
3583641038,41480,1,-2,3,-5,26,-2048
3583642038,41480,2,0,-2,-13,32,-2049
3583643038,41480,-1,3,-4,-8,38,-2047
3583644038,41480,3,-1,-6,-9,25,-2045
3583645038,41480,3,0,-5,-22,29,-2047
3583646038,41480,2,0,-5,-23,30,-2043
3583647038,41480,3,-2,-7,-16,29,-2051
3583648038,41480,-2,2,-3,-27,23,-2050
3583649038,41480,-1,1,-4,-29,28,-2049
3583650038,41480,0,1,-4,-25,31,-2043
3583651038,41480,7,6,0,-19,29,-2048
3583652038,41480,2,-2,0,-22,26,-2038
3583653038,41480,3,4,-3,-20,32,-2041
3583654038,41480,0,3,-4,-18,36,-2039
3583655038,41480,-2,3,-1,-24,31,-2030
3583656038,41480,2,2,-4,-22,27,-2037
3583657038,41480,2,2,-2,-19,27,-2037
3583658038,41480,1,7,-3,-18,29,-2042
3583659038,41480,1,4,-4,-21,35,-2037
3583660038,41480,2,9,-5,-22,36,-2042
3583661038,41480,5,9,-5,-15,35,-2049
3583662038,41480,4,5,-2,-22,34,-2045
3583663038,41480,2,7,-2,-14,30,-2043
3583664038,41480,2,6,-2,-31,33,-2040
3583665038,41480,3,7,-4,-20,40,-2043
3583666038,41480,5,7,-3,-19,34,-2045
3583667038,41480,4,3,-2,-21,37,-2038
3583668038,41480,2,5,-2,-20,28,-2043
3583669038,41480,4,9,-3,-11,40,-2038
3583670038,41480,5,7,-2,-15,30,-2042
3583671038,41480,7,8,-8,-5,34,-2039
3583672038,41480,8,5,-6,-14,33,-2039
3583673038,41480,4,7,-6,-15,30,-2041
3583674038,41480,5,9,-1,-19,26,-2042
3583675038,41480,3,7,-6,-13,30,-2044
3583676038,41480,3,6,-5,-17,28,-2048
3583677038,41480,5,8,-7,-12,29,-2038
3583678038,41480,4,7,-5,-13,22,-2045
3583679038,41480,6,7,-4,-7,24,-2043
3583680038,41480,6,6,-5,-14,36,-2047
3583681038,41480,4,4,-3,-17,27,-2044
3583682038,41480,6,7,-5,-21,25,-2046
3583683038,41480,4,6,-5,-13,23,-2036
3583684038,41480,7,6,-6,-12,30,-2036
3583685038,41480,5,6,-4,-9,27,-2047
3583686038,41480,7,12,-3,8,28,-2046
3583687038,41480,5,9,-3,4,25,-2038
3583688038,41480,8,6,-7,12,27,-2041
3583689038,41480,6,1,-5,10,34,-2039
3583690038,41480,0,3,-5,10,23,-2046
3583691038,41480,8,0,-4,11,20,-2041
3583692038,41480,7,1,-4,14,23,-2054
3583693038,41480,5,2,-3,16,23,-2051
3583694038,41480,8,3,-8,8,20,-2054
3583695038,41480,7,1,-8,10,19,-2049
3583696038,41480,7,-3,-7,2,25,-2058
3583697038,41480,9,-5,-9,-9,15,-2058
3583698038,41480,4,1,-3,-10,29,-2060
3583699038,41480,6,-2,-4,-9,23,-2059
3583700038,41480,8,-5,-5,-10,21,-2049
3583701038,41480,7,-4,-5,-7,30,-2055
3583702038,41480,2,1,-4,-14,23,-2047
3583703038,41480,3,-2,-6,-9,26,-2049
3583704038,41480,4,-4,-5,-17,20,-2042
3583705038,41480,8,-5,-7,-10,29,-2049
3583706038,41480,5,-3,-5,-4,26,-2048
3583707038,41480,3,-1,-4,-6,28,-2042
3583708038,41480,7,-3,-5,-9,28,-2048
3583709038,41480,6,-3,-2,-9,15,-2045
3583710038,41480,6,-7,-5,4,18,-2042
3583711038,41480,4,-3,-5,-8,18,-2051
3583712038,41480,6,0,-4,-3,16,-2046
3583713038,41480,5,-8,-8,0,17,-2051
3583714038,41480,6,-6,-3,-1,19,-2046
3583715038,41480,6,-8,-5,-6,15,-2056
3583716038,41480,6,-6,-7,-10,25,-2048
3583717038,41480,1,-5,-5,-9,21,-2050
3583718038,41480,6,-7,-4,-11,28,-2050
3583719038,41480,6,-6,-6,-16,28,-2046
3583720038,41480,2,-9,-4,-12,29,-2058
3583721038,41480,6,-6,-5,-27,31,-2052
3583722038,41480,5,-7,-6,-18,32,-2048
3583723038,41480,6,-6,-7,-24,31,-2050
3583724038,41480,7,-10,-6,-23,27,-2047
3583725038,41480,4,-3,-3,-26,28,-2040
3583726038,41480,7,-10,-3,-21,29,-2050
3583727038,41480,5,-6,-5,-21,22,-2042
3583728038,41480,3,-5,-4,-14,25,-2038
3583729038,41480,8,-4,-7,-19,28,-2044
3583730038,41480,1,-1,-6,-13,26,-2034
3583731038,41480,4,-3,-9,-25,19,-2041
3583732038,41480,0,-1,-4,-20,29,-2038
3583733038,41480,4,0,-6,-18,33,-2040
3583734038,41480,5,-4,-5,-21,27,-2042
3583735038,41480,5,-4,-4,-13,26,-2043
3583736038,41480,8,-8,-2,39,23,-2163
3583737038,41480,32,-28,-5,445,453,-2611
3583738038,41480,-22,-1,6,-540,-176,-1553
3583739038,41480,4,18,-5,-466,-124,-2760
3583740038,41480,-5,17,3,144,94,-1914
3583741038,41480,13,-7,-3,-3,59,-2385
3583742038,41480,-1,-9,-11,-59,48,-2009
3583743038,41480,10,-10,-9,37,36,-2045
3583744038,41480,9,4,-5,-43,58,-2108
3583745038,41480,8,0,-5,-73,31,-2084
3583746038,41480,2,5,-5,-41,44,-2098
3583747038,41480,7,2,-7,-24,2,-2098
3583748038,41480,5,4,-3,-37,26,-2068
3583749038,41480,5,4,-5,-27,30,-2057
3583750038,41480,6,2,-3,20,13,-2047
3583751038,41480,5,-3,-2,-4,8,-2031
3583752038,41480,-2,3,-4,-14,17,-2041
3583753038,41480,3,0,-6,-16,19,-2038
3583754038,41480,4,2,-5,-12,18,-2023
3583755038,41480,3,-2,-3,-14,39,-2033
3583756038,41480,2,2,-3,-15,47,-2037
3583757038,41480,4,4,-4,-23,38,-2036
3583758038,41480,5,1,-2,-20,19,-2041
3583759038,41480,5,2,-3,-12,34,-2039
3583760038,41480,7,1,-3,-3,36,-2049
3583761038,41480,6,0,-5,-4,34,-2045
3583762038,41480,3,0,-3,-4,26,-2046
3583763038,41480,5,4,-3,-8,14,-2044
3583764038,41480,5,-1,-8,-5,8,-2041
