t,x,y,yaw,visible,cmd_lin,cmd_ang,trainer_lin,trainer_ang,label
5064.4711,0.37163,0.17339,1.48236,1,,,,,
5064.4877,0.37843,0.17362,1.48471,1,,,,,
5064.5044,0.37546,0.17314,1.47892,1,,,,,
5064.5210,0.36922,0.17313,1.48364,1,0.0000,0.8000,0,-400,sync_start
5064.5377,0.38693,0.17570,1.14958,1,0.0000,0.8000,0,-400,sync_start
5064.5544,0.38438,0.17462,1.39697,1,0.0000,0.8000,0,-400,sync_start
5064.5710,0.36317,0.17268,1.29851,1,0.0000,0.8000,0,-400,sync_start
5064.5877,0.38149,0.17625,1.09686,1,0.0000,0.8000,0,-400,sync_start
5064.6044,0.37295,0.17742,0.88665,1,0.0000,0.8000,0,-400,sync_start
5064.6210,0.37269,0.17959,0.24974,1,0.0000,-0.8000,0,400,sync_start
5064.6377,0.39589,0.18523,0.14841,1,0.0000,-0.8000,0,400,sync_start
5064.6544,0.39428,0.19011,0.09564,1,0.0000,-0.8000,0,400,sync_start
5064.6710,0.40563,0.19820,-0.09347,1,0.0000,-0.8000,0,400,sync_start
5064.6877,0.38211,0.20360,-1.02346,1,0.0000,-0.8000,0,400,sync_start
5064.7044,0.39992,0.21119,-0.97191,1,0.0000,-0.8000,0,400,sync_start
5064.7210,0.38833,0.21307,-1.50186,1,0.0000,0.0000,0,0,sync_start
5064.7377,0.40836,0.21757,-1.60712,1,0.0000,0.0000,0,0,sync_start
5064.7543,0.41919,0.22198,-1.71694,1,0.0000,0.0000,0,0,sync_start
5064.7710,0.41476,0.22195,-1.70195,1,0.0000,0.0000,0,0,sync_start
5064.7877,0.41018,0.22110,-2.13843,1,0.0000,0.0000,0,0,sync_start
5064.8043,0.41643,0.22200,-1.69274,1,0.0000,0.0000,0,0,sync_start
5064.8210,0.41384,0.22166,-2.15800,1,0.0000,0.0000,0,0,sync_start
5064.8377,0.41703,0.22223,-2.16724,1,0.0000,0.0000,0,0,sync_start
5064.8543,0.42096,0.22274,-1.68235,1,0.0000,0.0000,0,0,sync_start
5064.8710,0.40342,0.21975,-2.13876,1,0.0000,0.0000,0,0,sync_start
5064.8877,0.40972,0.22154,-1.69414,1,0.0000,0.0000,0,0,sync_start
5064.9043,0.40556,0.22037,-2.14955,1,0.0000,0.0000,0,0,sync_start
5064.9210,0.41368,0.22157,-1.69403,1,0.0000,0.0000,0,0,sync_start
5064.9377,0.40211,0.22077,-1.67784,1,0.0000,0.0000,0,0,sync_start
5064.9543,0.41691,0.22271,-1.71161,1,0.0000,0.0000,0,0,sync_start
5064.9710,0.41290,0.22196,-2.14991,1,0.0000,0.0000,0,0,sync_start
5064.9876,0.41298,0.22127,-2.10650,1,0.0000,0.0000,0,0,sync_start
5065.0043,0.40627,0.22027,-2.12395,1,0.0000,0.0000,0,0,sync_start
5065.0210,0.40897,0.22149,-2.13130,1,0.0000,0.0000,0,0,sync_start
5065.0376,0.41848,0.22223,-2.14361,1,0.0000,0.0000,0,0,sync_start
5065.0543,0.40413,0.22095,-2.23145,1,0.0000,0.0000,0,0,sync_start
5065.0710,0.41621,0.22137,-2.12487,1,0.0000,0.0000,0,0,sync_start
5065.0876,0.42006,0.22268,-1.69681,1,0.0000,0.0000,0,0,sync_start
5065.1043,0.42000,0.22157,-2.11131,1,0.0000,0.0000,0,0,sync_start
5065.1210,0.40542,0.22030,-2.15446,1,0.0000,0.0000,0,0,sync_start
5065.1376,0.41238,0.22162,-1.67330,1,0.0000,0.0000,0,0,sync_start
5065.1543,0.42705,0.22288,-2.14765,1,0.0000,0.0000,0,0,sync_start
5065.1710,0.41452,0.22193,-1.69225,1,0.0000,0.0000,0,0,sync_start
5065.1876,0.43030,0.22434,-1.66501,1,0.0000,0.0000,0,0,sync_start
5065.2043,0.41172,0.22121,-1.68308,1,0.0000,0.0000,0,0,sync_start
5065.2209,0.41519,0.22160,-2.11384,1,0.0000,0.0000,0,0,sync_start
5065.2376,0.40941,0.22158,-1.68208,1,0.0000,0.0000,0,0,sync_start
5065.2543,0.41374,0.22162,-2.16208,1,0.0000,0.0000,0,0,sync_start
5065.2709,0.41815,0.22229,-1.69376,1,0.0000,0.0000,0,0,sync_start
5065.2876,0.40872,0.22156,-1.68852,1,0.0000,0.0000,0,0,sync_start
5065.3043,0.40607,0.22142,-1.67854,1,0.0000,0.0000,0,0,sync_start
5065.3209,0.41772,0.22227,-1.67176,1,0.0000,0.0000,0,0,sync_start
5065.3376,0.41736,0.22138,-2.12781,1,0.0000,0.0000,0,0,sync_start
5065.3543,0.40910,0.22150,-1.68083,1,0.0000,0.0000,0,0,sync_start
5065.3709,0.42389,0.22424,-1.66464,1,0.0000,0.0000,0,0,sync_start
5065.3876,0.40155,0.21994,-1.69900,1,0.0000,0.0000,0,0,sync_start
5065.4043,0.40794,0.22066,-2.12976,1,0.0000,0.0000,0,0,sync_start
5065.4209,0.42062,0.22262,-1.67099,1,0.0000,0.0000,0,0,sync_start
5065.4376,0.41764,0.22264,-1.69485,1,0.0000,0.0000,0,0,sync_start
5065.4542,0.40646,0.22060,-2.14432,1,0.0000,0.0000,0,0,sync_start
5065.4709,0.41095,0.22120,-2.13464,1,0.0000,0.0000,0,0,sync_start
5065.4876,0.41019,0.22125,-1.69153,1,0.0000,0.0000,0,0,sync_start
5065.5042,0.41345,0.22188,-1.69322,1,0.0000,0.0000,0,0,sync_start
5065.5209,0.41329,0.22099,-2.13492,1,0.0000,0.0000,0,0,sync_start
5065.5376,0.42559,0.22459,-1.65355,1,0.0000,0.0000,0,0,sync_start
5065.5542,0.41129,0.22053,-2.14353,1,0.0000,0.0000,0,0,sync_start
5065.5709,0.40671,0.22056,-2.13124,1,0.0000,0.0000,0,0,sync_start
5065.5876,0.41654,0.22140,-2.13367,1,0.0000,0.0000,0,0,sync_start
5065.6042,0.41421,0.22159,-1.68567,1,0.0000,0.0000,0,0,sync_start
5065.6209,0.41469,0.22178,-2.14504,1,0.0000,0.0000,0,0,sync_start
5065.6376,0.41316,0.22158,-1.69100,1,0.0000,0.0000,0,0,sync_start
5065.6542,0.41149,0.22154,-1.68613,1,0.0000,0.0000,0,0,sync_start
5065.6709,0.42279,0.22254,-2.14977,1,0.0000,0.0000,0,0,sync_start
5065.6875,0.40737,0.22093,-1.69381,1,0.0000,0.0000,0,0,sync_start
5065.7042,0.40709,0.22058,-2.14394,1,0.0000,0.0000,0,0,sync_start
5065.7209,0.41365,0.22101,-1.69112,1,0.0000,0.0000,0,0,sync_start
5065.7375,0.40736,0.22106,-2.15484,1,0.0000,0.0000,0,0,sync_start
5065.7542,0.40716,0.22067,-1.68713,1,0.0000,0.0000,0,0,idle
5065.7709,0.40577,0.22122,-1.67199,1,0.0000,0.0000,0,0,idle
5065.7875,0.41856,0.22206,-2.14769,1,0.0000,0.0000,0,0,idle
5065.8042,0.40919,0.22090,-1.69057,1,0.0000,0.0000,0,0,idle
5065.8209,0.41329,0.22120,-2.12653,1,0.0000,0.0000,0,0,idle
5065.8375,0.41279,0.22165,-2.13940,1,0.0000,0.0000,0,0,idle
5065.8542,0.41855,0.22253,-2.04279,1,0.0000,0.0000,0,0,idle
5065.8709,0.41182,0.22136,-2.11871,1,0.0000,0.0000,0,0,idle
5065.8875,0.40423,0.22111,-1.67737,1,0.0000,0.0000,0,0,idle
5065.9042,0.41708,0.22214,-2.15580,1,0.0000,0.0000,0,0,idle
5065.9208,0.40484,0.22058,-1.69382,1,0.0000,0.0000,0,0,idle
5065.9375,0.40925,0.22155,-1.68295,1,0.0000,0.0000,0,0,idle
5065.9542,0.39779,0.21987,-1.68708,1,0.0000,0.0000,0,0,idle
5065.9708,0.41625,0.22216,-1.67432,1,0.0000,0.0000,0,0,idle
5065.9875,0.41702,0.22209,-2.15330,1,0.0000,0.0000,0,0,idle
5066.0042,0.41042,0.22109,-2.13773,1,0.0000,0.0000,0,0,idle
5066.0208,0.41688,0.22150,-2.11006,1,0.0000,0.0000,0,0,idle
5066.0375,0.42430,0.22299,-1.69837,1,0.0000,0.0000,0,0,idle
5066.0542,0.41411,0.22145,-2.11460,1,0.0000,0.0000,0,0,idle
5066.0708,0.41879,0.22242,-1.67481,1,0.0000,0.0000,0,0,idle
5066.0875,0.41818,0.22230,-1.67095,1,0.0000,0.0000,0,0,idle
5066.1042,0.41238,0.22159,-1.67301,1,0.0000,0.0000,0,0,idle
5066.1208,0.39860,0.21964,-1.69845,1,0.0000,0.0000,0,0,idle
5066.1375,0.41246,0.22145,-1.69058,1,0.0000,0.0000,0,0,idle
5066.1541,0.41039,0.22115,-2.12700,1,0.0000,0.0000,0,0,idle
5066.1708,0.41855,0.22242,-1.67326,1,0.0000,0.0000,0,0,idle
5066.1875,0.41294,0.22084,-2.14668,1,0.0000,0.0000,0,0,idle
5066.2041,0.40950,0.22162,-1.68225,1,0.0000,0.0000,0,0,idle
5066.2208,0.40563,0.22045,-1.69081,1,0.0000,0.0000,0,0,idle
5066.2375,0.40878,0.22081,-2.13560,1,0.0000,0.0000,0,0,idle
5066.2541,0.41216,0.22148,-1.69134,1,0.0000,0.0000,0,0,idle
5066.2708,0.41212,0.22087,-2.17246,1,0.0000,0.0000,0,0,idle
5066.2875,0.41900,0.22236,-2.12896,1,0.0000,0.0000,0,0,idle
5066.3041,0.41707,0.22140,-2.12331,1,0.0000,0.0000,0,0,idle
5066.3208,0.41530,0.22185,-1.67901,1,0.0000,0.0000,0,0,idle
5066.3375,0.41248,0.22146,-1.69392,1,0.0000,0.0000,0,0,idle
5066.3541,0.40818,0.22141,-1.68094,1,0.0000,0.0000,0,0,idle
5066.3708,0.41608,0.22128,-2.11911,1,0.0000,0.0000,0,0,idle
5066.3874,0.41810,0.22167,-2.11442,1,0.0000,0.0000,0,0,idle
5066.4041,0.41316,0.22111,-2.13239,1,0.0000,0.0000,0,0,idle
5066.4208,0.42212,0.22366,-1.67885,1,0.0000,0.0000,0,0,idle
5066.4374,0.41572,0.22197,-2.16018,1,0.0000,0.0000,0,0,idle
5066.4541,0.40584,0.22085,-1.69277,1,0.0000,0.0000,0,0,idle
5066.4708,0.41345,0.22137,-1.68201,1,0.0000,0.0000,0,0,idle
5066.4874,0.41563,0.22134,-2.10998,1,0.0000,0.0000,0,0,idle
5066.5041,0.42509,0.22269,-2.13477,1,0.0000,0.0000,0,0,idle
5066.5208,0.41378,0.22185,-2.09445,1,0.0000,0.0000,0,0,idle
5066.5374,0.40911,0.22026,-2.13134,1,0.0000,0.0000,0,0,idle
5066.5541,0.41642,0.22141,-2.13269,1,0.0000,0.0000,0,0,idle
5066.5708,0.40682,0.22008,-2.16970,1,0.0000,0.0000,0,0,idle
5066.5874,0.41150,0.22093,-2.12804,1,0.0000,0.0000,0,0,idle
5066.6041,0.40018,0.21994,-2.22253,1,0.0000,0.0000,0,0,idle
5066.6207,0.42195,0.22340,-1.70991,1,0.0000,0.0000,0,0,idle
5066.6374,0.41080,0.22063,-2.18507,1,0.0000,0.0000,0,0,idle
5066.6541,0.41102,0.22161,-2.17669,1,0.0000,0.0000,0,0,idle
5066.6707,0.40919,0.22032,-2.15495,1,0.0000,0.0000,0,0,idle
5066.6874,0.41671,0.22205,-2.08569,1,0.0000,0.0000,0,0,idle
5066.7041,0.41516,0.22115,-2.13725,1,0.0000,0.0000,0,0,idle
5066.7207,0.41560,0.22234,-1.68156,1,0.0000,0.0000,0,0,idle
5066.7374,0.41458,0.22168,-2.10072,1,0.0000,0.0000,0,0,idle
5066.7541,0.40794,0.22142,-1.68256,1,0.0000,0.0000,0,0,idle
5066.7707,0.41288,0.22121,-2.11755,1,0.0000,0.0000,0,0,idle
5066.7874,0.41446,0.22229,-1.68243,1,0.0000,0.0000,0,0,idle
5066.8041,0.41191,0.22162,-1.68882,1,0.0000,0.0000,0,0,idle
5066.8207,0.40785,0.22124,-1.67795,1,0.0000,0.0000,0,0,idle
5066.8374,0.42039,0.22296,-1.65121,1,0.0000,0.0000,0,0,idle
5066.8540,0.41532,0.22238,-1.68178,1,0.0000,0.0000,0,0,idle
5066.8707,0.41899,0.22229,-2.17460,1,0.0000,0.0000,0,0,idle
5066.8874,0.41881,0.22179,-2.11409,1,0.0000,0.0000,0,0,idle
5066.9040,0.42031,0.22278,-1.69250,1,0.0000,0.0000,0,0,idle
5066.9207,0.40596,0.22122,-1.68110,1,0.0000,0.0000,0,0,idle
5066.9374,0.41575,0.22257,-2.22683,1,0.0000,0.0000,0,0,idle
5066.9540,0.40671,0.22104,-1.69401,1,0.0000,0.0000,0,0,idle
5066.9707,0.41497,0.22160,-1.68286,1,0.0000,0.0000,0,0,idle
5066.9874,0.41187,0.22144,-1.69166,1,0.0000,0.0000,0,0,idle
5067.0040,0.40298,0.21994,-2.14516,1,0.0000,0.0000,0,0,idle
5067.0207,0.43225,0.22500,-1.64292,1,0.0000,0.0000,0,0,idle
5067.0374,0.43000,0.22461,-1.67597,1,0.0000,0.0000,0,0,idle
5067.0540,0.42157,0.22266,-1.66538,1,0.0000,0.0000,0,0,idle
5067.0707,0.41960,0.22175,-2.10695,1,0.0000,0.0000,0,0,idle
5067.0873,0.41506,0.22201,-2.17003,1,0.0000,0.0000,0,0,idle
5067.1040,0.40830,0.22069,-1.68492,1,0.0000,0.0000,0,0,idle
5067.1207,0.43222,0.22536,-1.67973,1,0.0000,0.0000,0,0,idle
5067.1373,0.41107,0.22049,-2.15281,1,0.0000,0.0000,0,0,idle
5067.1540,0.41875,0.22230,-1.66887,1,0.0000,0.0000,0,0,idle
5067.1707,0.40406,0.22021,-1.70078,1,0.0000,0.0000,0,0,idle
5067.1873,0.41232,0.22208,-1.67366,1,0.0000,0.0000,0,0,idle
5067.2040,0.41806,0.22278,-1.66216,1,0.0000,0.0000,0,0,idle
5067.2207,0.41642,0.22190,-2.08370,1,0.0000,0.0000,0,0,idle
5067.2373,0.41228,0.22228,-1.67131,1,0.0000,0.0000,0,0,idle
5067.2540,0.40789,0.22079,-1.69473,1,0.0000,0.0000,0,0,idle
5067.2707,0.41613,0.22176,-2.14062,1,0.0000,0.0000,0,0,idle
5067.2873,0.41130,0.22063,-2.12389,1,0.0000,0.0000,0,0,idle
5067.3040,0.40391,0.22035,-1.69751,1,0.0000,0.0000,0,0,idle
5067.3206,0.41346,0.22143,-1.68380,1,0.0000,0.0000,0,0,idle
5067.3373,0.42120,0.22274,-2.14103,1,0.0000,0.0000,0,0,idle
5067.3540,0.41732,0.22271,-1.69959,1,0.0000,0.0000,0,0,idle
5067.3706,0.40847,0.22039,-2.16342,1,0.0000,0.0000,0,0,idle
5067.3873,0.41799,0.22174,-2.11064,1,0.0000,0.0000,0,0,idle
5067.4040,0.40663,0.22124,-1.68173,1,0.0000,0.0000,0,0,idle
5067.4206,0.41488,0.22182,-1.69141,1,0.0000,0.0000,0,0,idle
5067.4373,0.41134,0.22169,-1.67838,1,0.0000,0.0000,0,0,idle
5067.4540,0.41657,0.22131,-2.13899,1,0.0000,0.0000,0,0,idle
5067.4706,0.42535,0.22270,-2.07960,1,0.0000,0.0000,0,0,idle
5067.4873,0.43457,0.22519,-1.64688,1,0.0000,0.0000,0,0,idle
5067.5040,0.42470,0.22293,-1.67396,1,0.0000,0.0000,0,0,idle
5067.5206,0.41348,0.22131,-2.15311,1,0.0000,0.0000,0,0,idle
5067.5373,0.41310,0.22122,-2.11696,1,0.0000,0.0000,0,0,idle
5067.5540,0.41355,0.22135,-2.14727,1,0.0000,0.0000,0,0,idle
5067.5706,0.41590,0.22210,-1.69140,1,0.0000,0.0000,0,0,idle
5067.5873,0.41050,0.22204,-2.26110,1,0.0000,0.0000,0,0,idle
5067.6039,0.41442,0.22227,-1.70824,1,0.0000,0.0000,0,0,idle
5067.6206,0.41365,0.22110,-2.13905,1,0.0000,0.0000,0,0,idle
5067.6373,0.41472,0.22150,-2.11456,1,0.0000,0.0000,0,0,idle
5067.6539,0.40181,0.21962,-2.14926,1,0.0000,0.0000,0,0,idle
5067.6706,0.42372,0.22309,-1.69191,1,0.0000,0.0000,0,0,idle
5067.6873,0.41208,0.22171,-1.70334,1,0.0000,0.0000,0,0,idle
5067.7039,0.41553,0.22235,-1.68556,1,0.0000,0.0000,0,0,idle
5067.7206,0.41292,0.22168,-2.11532,1,0.0000,0.0000,0,0,idle
5067.7373,0.41578,0.22168,-1.67938,1,0.0000,0.0000,0,0,idle
5067.7539,0.41824,0.22268,-2.10558,1,0.0000,0.0000,0,0,idle
5067.7706,0.43282,0.22446,-1.66184,1,0.0000,0.0000,0,0,idle
5067.7873,0.41907,0.22233,-2.15028,1,0.0000,0.0000,0,0,idle
5067.8039,0.41168,0.22102,-2.12124,1,0.0000,0.0000,0,0,idle
5067.8206,0.40344,0.22041,-1.69305,1,0.0000,0.0000,0,0,idle
5067.8372,0.41823,0.22199,-2.10730,1,0.0000,0.0000,0,0,idle
5067.8539,0.40883,0.22041,-2.16771,1,0.0000,0.0000,0,0,idle
5067.8706,0.40327,0.22030,-2.16598,1,0.0000,0.0000,0,0,idle
5067.8872,0.42002,0.22281,-1.66842,1,0.0000,0.0000,0,0,idle
5067.9039,0.41006,0.22156,-1.67843,1,0.0000,0.0000,0,0,idle
5067.9206,0.40828,0.22008,-2.15621,1,0.0000,0.0000,0,0,idle
5067.9372,0.41244,0.22119,-2.11311,1,0.0000,0.0000,0,0,idle
5067.9539,0.40837,0.22084,-2.13176,1,0.0000,0.0000,0,0,idle
5067.9706,0.41023,0.22094,-1.68544,1,0.0000,0.0000,0,0,idle
5067.9872,0.42929,0.22334,-2.12974,1,0.0000,0.0000,0,0,idle
5068.0039,0.41039,0.22121,-2.14479,1,0.0000,0.0000,0,0,idle
5068.0206,0.40899,0.22086,-2.13969,1,0.0000,0.0000,0,0,idle
5068.0372,0.41084,0.22187,-1.67296,1,0.0000,0.0000,0,0,idle
5068.0539,0.41100,0.22147,-1.69401,1,0.0000,0.0000,0,0,idle
5068.0705,0.40564,0.22079,-1.69636,1,0.0000,0.0000,0,0,idle
5068.0872,0.41150,0.22140,-1.69279,1,0.0000,0.0000,0,0,idle
5068.1039,0.42193,0.22276,-1.67015,1,0.0000,0.0000,0,0,idle
5068.1205,0.41287,0.22131,-2.11845,1,0.0000,0.0000,0,0,idle
5068.1372,0.43058,0.22438,-1.66417,1,0.0000,0.0000,0,0,idle
5068.1539,0.41025,0.22083,-2.13333,1,0.0000,0.0000,0,0,idle
5068.1705,0.40291,0.22012,-2.13688,1,0.0000,0.0000,0,0,idle
5068.1872,0.39776,0.21968,-1.70044,1,0.0000,0.0000,0,0,idle
5068.2039,0.41626,0.22175,-2.14509,1,0.0000,0.0000,0,0,idle
5068.2205,0.40559,0.22098,-1.67728,1,0.0000,0.0000,0,0,idle
5068.2372,0.40104,0.22031,-1.68149,1,0.0000,0.0000,0,0,idle
5068.2539,0.41652,0.22212,-1.67197,1,0.0000,0.0000,0,0,idle
5068.2705,0.40301,0.21959,-2.16696,1,0.0000,0.0000,0,0,idle
5068.2872,0.40981,0.22076,-2.14492,1,0.0000,0.0000,0,0,idle
5068.3038,0.42520,0.22261,-2.12846,1,0.0000,0.0000,0,0,idle
5068.3205,0.40302,0.22067,-1.68257,1,0.0000,0.0000,0,0,idle
5068.3372,0.42092,0.22211,-2.14230,1,0.0000,0.0000,0,0,idle
5068.3538,0.41195,0.22201,-2.20764,1,0.0000,0.0000,0,0,idle
5068.3705,0.40609,0.22091,-1.68937,1,0.0000,0.0000,0,0,idle
5068.3872,0.41353,0.22198,-1.68552,1,0.0000,0.0000,0,0,idle
5068.4038,0.40991,0.22140,-1.69842,1,0.0000,0.0000,0,0,idle
5068.4205,0.41733,0.22213,-1.69172,1,0.0000,0.0000,0,0,idle
5068.4372,0.40691,0.22053,-2.15118,1,0.0000,0.0000,0,0,idle
5068.4538,0.41101,0.22090,-1.70915,1,0.0000,0.0000,0,0,idle
5068.4705,0.41848,0.22194,-2.10547,1,0.0000,0.0000,0,0,idle
5068.4872,0.41168,0.22091,-2.13340,1,0.0000,0.0000,0,0,idle
5068.5038,0.41598,0.22233,-2.10697,1,0.0000,0.0000,0,0,idle
5068.5205,0.40589,0.22114,-1.70920,1,0.0000,0.0000,0,0,idle
5068.5371,0.41248,0.22162,-1.67300,1,0.0000,0.0000,0,0,idle
5068.5538,0.41623,0.22296,-2.18720,1,0.0000,0.0000,0,0,idle
5068.5705,0.40886,0.22116,-1.69414,1,0.0000,0.0000,0,0,idle
5068.5871,0.40031,0.22037,-1.67739,1,0.0000,0.0000,0,0,idle
5068.6038,0.40573,0.22051,-1.69536,1,0.0000,0.0000,0,0,idle
5068.6205,0.41011,0.22068,-1.67466,1,0.0000,0.0000,0,0,idle
5068.6371,0.40363,0.22022,-1.69352,1,0.0000,0.0000,0,0,idle
5068.6538,0.40851,0.22144,-1.67237,1,0.0000,0.0000,0,0,idle
5068.6705,0.42261,0.22222,-2.13652,1,0.0000,0.0000,0,0,idle
5068.6871,0.41477,0.22145,-2.11030,1,0.0000,0.0000,0,0,idle
5071.4369,0.40572,0.22078,-1.69623,1,0.0000,0.0000,0,0,idle
5071.4703,0.41615,0.22213,-2.12322,1,0.0000,0.0000,0,0,idle
5071.4869,0.41458,0.22119,-2.12397,1,0.0000,0.0000,0,0,idle
5071.5036,0.42463,0.22262,-2.13109,1,0.0000,0.0000,0,0,idle
5071.5202,0.41031,0.22125,-1.69260,1,0.0000,0.0000,0,0,idle
5071.5369,0.41232,0.22129,-1.68472,1,0.0000,0.0000,0,0,idle
5071.5536,0.41744,0.22207,-1.67739,1,0.0000,0.0000,0,0,idle
5071.5702,0.40518,0.22062,-2.16253,1,0.0000,0.0000,0,0,idle
5071.5869,0.42731,0.22405,-1.66395,1,0.0000,0.0000,0,0,idle
5071.6036,0.40996,0.22196,-1.66963,1,0.0000,0.0000,0,0,idle
5071.6202,0.41432,0.22212,-1.67885,1,0.0000,0.0000,0,0,idle
5071.6369,0.41334,0.22131,-1.68109,1,0.0000,0.0000,0,0,idle
5071.6536,0.41127,0.22061,-2.13775,1,0.0000,0.0000,0,0,idle
5071.6702,0.41922,0.22240,-1.67294,1,0.0000,0.0000,0,0,idle
5071.6869,0.41046,0.22076,-1.67936,1,0.0000,0.0000,0,0,idle
5071.7036,0.42194,0.22237,-2.14455,1,0.0000,0.0000,0,0,idle
5071.7202,0.42109,0.22332,-1.70337,1,0.0000,0.0000,0,0,idle
5071.7369,0.42329,0.22297,-2.16479,1,0.0000,0.0000,0,0,idle
5071.7535,0.41493,0.22183,-1.67997,1,0.0400,0.0000,20,0,lin_deadzone_fwd
5071.7702,0.41653,0.22270,-2.11582,1,0.0400,0.0000,20,0,lin_deadzone_fwd
5071.7869,0.41024,0.22628,-1.67197,1,0.0400,0.0000,20,0,lin_deadzone_fwd
5071.8035,0.41121,0.23160,-1.68744,1,0.0400,0.0000,20,0,lin_deadzone_fwd
5071.8202,0.41365,0.23647,-1.70897,1,0.0400,0.0000,20,0,lin_deadzone_fwd
5071.8369,0.42065,0.24236,-1.70938,1,0.0400,0.0000,20,0,lin_deadzone_fwd
5071.8535,0.42478,0.24796,-1.69736,1,0.0400,0.0000,20,0,lin_deadzone_fwd
5071.8702,0.42165,0.25212,-1.69454,1,0.0400,0.0000,20,0,lin_deadzone_fwd
5071.8869,0.41957,0.25778,-1.71658,1,0.0400,0.0000,20,0,lin_deadzone_fwd
5071.9035,0.41963,0.26191,-2.24944,1,0.0400,0.0000,20,0,lin_deadzone_fwd
5071.9202,0.42244,0.26905,-1.67702,1,0.0400,0.0000,20,0,lin_deadzone_fwd
5071.9369,0.43053,0.27587,-2.12471,1,0.0400,0.0000,20,0,lin_deadzone_fwd
5071.9535,0.42735,0.28028,-1.71195,1,0.0400,0.0000,20,0,lin_deadzone_fwd
5071.9702,0.42156,0.28469,-1.69879,1,0.0400,0.0000,20,0,lin_deadzone_fwd
5071.9868,0.42725,0.28933,-2.18862,1,0.0400,0.0000,20,0,lin_deadzone_fwd
5072.0035,0.43599,0.29760,-1.65777,1,0.0400,0.0000,20,0,lin_deadzone_fwd
5072.0202,0.43005,0.30221,-1.65493,1,0.0400,0.0000,20,0,lin_deadzone_fwd
5072.0368,0.42860,0.30511,-1.68952,1,0.0400,0.0000,20,0,lin_deadzone_fwd
5072.0535,0.42178,0.30962,-1.66859,1,0.0400,0.0000,20,0,lin_deadzone_fwd
5072.0702,0.43040,0.31713,-1.69004,1,0.0400,0.0000,20,0,lin_deadzone_fwd
5072.0868,0.43384,0.32288,-1.68231,1,0.0400,0.0000,20,0,lin_deadzone_fwd
5072.1035,0.42709,0.32770,-1.68384,1,0.0400,0.0000,20,0,lin_deadzone_fwd
5072.1202,0.42452,0.33256,-1.68600,1,0.0400,0.0000,20,0,lin_deadzone_fwd
5072.1368,0.42587,0.33745,-2.25040,1,0.0400,0.0000,20,0,lin_deadzone_fwd
5072.1535,0.42970,0.34287,-1.67398,1,0.0400,0.0000,20,0,lin_deadzone_fwd
5072.1702,0.43329,0.34856,-2.20439,1,0.0400,0.0000,20,0,lin_deadzone_fwd
5072.1868,0.42325,0.35143,-1.68021,1,0.0400,0.0000,20,0,lin_deadzone_fwd
5072.2035,0.42339,0.35785,-1.68109,1,0.0400,0.0000,20,0,lin_deadzone_fwd
5072.2201,0.43209,0.36444,-1.66743,1,0.0400,0.0000,20,0,lin_deadzone_fwd
5072.2368,0.42492,0.36890,-1.66243,1,0.0400,0.0000,20,0,lin_deadzone_fwd
5072.2535,0.44105,0.37741,-2.27329,1,0.0400,0.0000,20,0,lin_deadzone_fwd
5072.2701,0.43885,0.38227,-1.67546,1,0.0400,0.0000,20,0,lin_deadzone_fwd
5072.2868,0.42925,0.38446,-1.66942,1,0.0400,0.0000,20,0,lin_deadzone_fwd
5072.3035,0.43762,0.39189,-2.28436,1,0.0400,0.0000,20,0,lin_deadzone_fwd
5072.3201,0.44226,0.39835,-1.67549,1,0.0400,0.0000,20,0,lin_deadzone_fwd
5072.3368,0.44544,0.40371,-2.24759,1,0.0400,0.0000,20,0,lin_deadzone_fwd
5072.3535,0.45054,0.41065,-2.23211,1,0.0400,0.0000,20,0,lin_deadzone_fwd
5072.3701,0.43713,0.41270,-1.68008,1,0.0400,0.0000,20,0,lin_deadzone_fwd
5072.3868,0.43301,0.41635,-1.67379,1,0.0400,0.0000,20,0,lin_deadzone_fwd
5072.4035,0.43242,0.42145,-2.24849,1,0.0400,0.0000,20,0,lin_deadzone_fwd
5072.4201,0.43582,0.42759,-1.64690,1,0.0400,0.0000,20,0,lin_deadzone_fwd
5072.4368,0.44229,0.43517,-2.31356,1,0.0400,0.0000,20,0,lin_deadzone_fwd
5072.4534,0.44074,0.44091,-1.67018,1,0.0400,0.0000,20,0,lin_deadzone_fwd
5072.4701,0.43399,0.44300,-1.60447,1,0.0400,0.0000,20,0,lin_deadzone_fwd
5072.4868,0.44283,0.45095,-1.64512,1,0.0800,0.0000,40,0,lin_deadzone_fwd
5072.5034,0.44599,0.45799,-1.68423,1,0.0800,0.0000,40,0,lin_deadzone_fwd
5072.5201,0.44511,0.46417,-2.23534,1,0.0800,0.0000,40,0,lin_deadzone_fwd
5072.5368,0.44926,0.47380,-1.68942,1,0.0800,0.0000,40,0,lin_deadzone_fwd
5072.5534,0.45110,0.48016,-1.68651,1,0.0800,0.0000,40,0,lin_deadzone_fwd
5072.5701,0.45267,0.48871,-2.32107,1,0.0800,0.0000,40,0,lin_deadzone_fwd
5072.5868,0.44030,0.49162,-1.67468,1,0.0800,0.0000,40,0,lin_deadzone_fwd
5072.6034,0.44051,0.49809,-1.66191,1,0.0800,0.0000,40,0,lin_deadzone_fwd
5072.6201,0.44920,0.50885,-1.68371,1,0.0800,0.0000,40,0,lin_deadzone_fwd
5072.6368,0.46315,0.52242,-1.65830,1,0.0800,0.0000,40,0,lin_deadzone_fwd
5072.6534,0.44499,0.52293,-1.67483,1,0.0800,0.0000,40,0,lin_deadzone_fwd
5072.6701,0.45109,0.53063,-2.32529,1,0.0800,0.0000,40,0,lin_deadzone_fwd
5072.6867,0.45223,0.53905,-2.34784,1,0.0800,0.0000,40,0,lin_deadzone_fwd
5072.7034,0.44329,0.54314,-1.69209,1,0.0800,0.0000,40,0,lin_deadzone_fwd
5072.7201,0.46135,0.55844,-1.65905,1,0.0800,0.0000,40,0,lin_deadzone_fwd
5072.7367,0.46271,0.56505,-1.67000,1,0.0800,0.0000,40,0,lin_deadzone_fwd
5072.7534,0.45468,0.56889,-1.67254,1,0.0800,0.0000,40,0,lin_deadzone_fwd
5072.7701,0.45096,0.57359,-1.64203,1,0.0800,0.0000,40,0,lin_deadzone_fwd
5072.7867,0.45322,0.58383,-1.63346,1,0.0800,0.0000,40,0,lin_deadzone_fwd
5072.8034,0.45784,0.59107,-2.36930,1,0.0800,0.0000,40,0,lin_deadzone_fwd
5072.8201,0.45201,0.59636,-1.68310,1,0.0800,0.0000,40,0,lin_deadzone_fwd
5072.8367,0.44779,0.60112,-2.37444,1,0.0800,0.0000,40,0,lin_deadzone_fwd
5072.8534,0.46717,0.61806,-1.64328,1,0.0800,0.0000,40,0,lin_deadzone_fwd
5072.8701,0.46161,0.62326,-1.68716,1,0.1200,0.0000,60,0,lin_deadzone_fwd
5072.8867,0.46825,0.63443,-2.34906,1,0.1200,0.0000,60,0,lin_deadzone_fwd
5072.9034,0.46935,0.64689,-1.67234,1,0.1200,0.0000,60,0,lin_deadzone_fwd
5072.9200,0.46437,0.65365,-1.61139,1,0.1200,0.0000,60,0,lin_deadzone_fwd
5072.9367,0.47604,0.67057,-1.67623,1,0.1200,0.0000,60,0,lin_deadzone_fwd
5072.9534,,,,0,0.1200,0.0000,60,0,lin_deadzone_fwd
5072.9700,0.46652,0.68536,-1.66790,1,0.1200,0.0000,60,0,lin_deadzone_fwd
5072.9867,,,,0,0.1200,0.0000,60,0,lin_deadzone_fwd
5073.0034,,,,0,0.1200,0.0000,60,0,lin_deadzone_fwd
5073.0200,0.47308,0.72151,-1.67762,1,0.1200,0.0000,60,0,lin_deadzone_fwd
5073.0367,0.49329,0.74392,-1.63700,1,0.1200,0.0000,60,0,lin_deadzone_fwd
5073.0534,,,,0,0.1200,0.0000,60,0,lin_deadzone_fwd
5073.0700,,,,0,0.1200,0.0000,60,0,lin_deadzone_fwd
5073.0867,,,,0,0.1200,0.0000,60,0,lin_deadzone_fwd
5073.1034,,,,0,0.1600,0.0000,80,0,lin_deadzone_fwd
5073.1200,,,,0,0.1600,0.0000,80,0,lin_deadzone_fwd
5073.1367,,,,0,0.1600,0.0000,80,0,lin_deadzone_fwd
5073.1533,,,,0,0.1600,0.0000,80,0,lin_deadzone_fwd
5073.1700,,,,0,0.1600,0.0000,80,0,lin_deadzone_fwd
5073.1867,,,,0,0.1600,0.0000,80,0,lin_deadzone_fwd
5073.2033,0.50587,0.87216,-1.66848,1,0.1600,0.0000,80,0,lin_deadzone_fwd
5073.2200,,,,0,0.1600,0.0000,80,0,lin_deadzone_fwd
5073.2367,,,,0,0.1600,0.0000,80,0,lin_deadzone_fwd
5073.2533,,,,0,0.1600,0.0000,80,0,lin_deadzone_fwd
5073.2700,,,,0,0.1600,0.0000,80,0,lin_deadzone_fwd
5073.2867,,,,0,0.1600,0.0000,80,0,lin_deadzone_fwd
5073.3033,,,,0,0.2000,0.0000,100,0,lin_deadzone_fwd
5073.3200,,,,0,0.2000,0.0000,100,0,lin_deadzone_fwd
5073.3367,,,,0,0.2000,0.0000,100,0,lin_deadzone_fwd
5073.3533,,,,0,0.2000,0.0000,100,0,lin_deadzone_fwd
5073.3700,,,,0,0.2000,0.0000,100,0,lin_deadzone_fwd
5073.3866,,,,0,0.2000,0.0000,100,0,lin_deadzone_fwd
5073.4033,,,,0,0.2000,0.0000,100,0,lin_deadzone_fwd
5073.4200,,,,0,0.2000,0.0000,100,0,lin_deadzone_fwd
5073.4366,,,,0,0.2000,0.0000,100,0,lin_deadzone_fwd
5073.4533,,,,0,0.2400,0.0000,120,0,lin_deadzone_fwd
5073.4700,,,,0,0.2400,0.0000,120,0,lin_deadzone_fwd
5073.4866,,,,0,0.2400,0.0000,120,0,lin_deadzone_fwd
5073.5033,,,,0,0.2400,0.0000,120,0,lin_deadzone_fwd
5073.5200,,,,0,0.2400,0.0000,120,0,lin_deadzone_fwd
5073.5366,,,,0,0.2400,0.0000,120,0,lin_deadzone_fwd
5073.5533,,,,0,0.2400,0.0000,120,0,lin_deadzone_fwd
5073.5700,,,,0,0.2800,0.0000,140,0,lin_deadzone_fwd
5073.5866,,,,0,0.2800,0.0000,140,0,lin_deadzone_fwd
5073.6033,,,,0,0.2800,0.0000,140,0,lin_deadzone_fwd
5073.6200,,,,0,0.2800,0.0000,140,0,lin_deadzone_fwd
5073.6366,,,,0,0.2800,0.0000,140,0,lin_deadzone_fwd
5073.6533,,,,0,0.2800,0.0000,140,0,lin_deadzone_fwd
5073.6699,,,,0,0.0000,0.0000,0,0,lin_deadzone_fwd
5073.6866,,,,0,0.0000,0.0000,0,0,lin_deadzone_fwd
5073.7033,,,,0,0.0000,0.0000,0,0,lin_deadzone_fwd
5073.7199,,,,0,0.0000,0.0000,0,0,lin_deadzone_fwd
5073.7366,,,,0,0.0000,0.0000,0,0,lin_deadzone_fwd
5073.7533,,,,0,0.0000,0.0000,0,0,lin_deadzone_fwd
5073.7699,,,,0,0.0000,0.0000,0,0,lin_deadzone_fwd
5073.7866,,,,0,0.0000,0.0000,0,0,lin_deadzone_fwd
5073.8033,,,,0,0.0000,0.0000,0,0,lin_deadzone_fwd
5073.8199,,,,0,0.0000,0.0000,0,0,lin_deadzone_fwd
5073.8366,,,,0,0.0000,0.0000,0,0,lin_deadzone_fwd
5073.8533,,,,0,0.0000,0.0000,0,0,lin_deadzone_fwd
5073.8699,,,,0,0.0000,0.0000,0,0,lin_deadzone_fwd
5073.8866,,,,0,0.0000,0.0000,0,0,lin_deadzone_fwd
5073.9032,,,,0,0.0000,0.0000,0,0,lin_deadzone_fwd
5073.9199,,,,0,0.0000,0.0000,0,0,lin_deadzone_fwd
5073.9366,,,,0,0.0000,0.0000,0,0,lin_deadzone_fwd
5073.9532,,,,0,0.0000,0.0000,0,0,lin_deadzone_fwd
5073.9699,,,,0,0.0000,0.0000,0,0,lin_deadzone_fwd
5073.9866,,,,0,0.0000,0.0000,0,0,lin_deadzone_fwd
5074.0032,,,,0,0.0000,0.0000,0,0,lin_deadzone_fwd
5074.0199,,,,0,0.0000,0.0000,0,0,lin_deadzone_fwd
5074.0366,,,,0,0.0000,0.0000,0,0,lin_deadzone_fwd
5074.0532,,,,0,0.0000,0.0000,0,0,lin_deadzone_fwd
5074.0699,,,,0,0.0000,0.0000,0,0,lin_deadzone_fwd
5074.0866,,,,0,0.0000,0.0000,0,0,lin_deadzone_fwd
5074.1032,,,,0,0.0000,0.0000,0,0,lin_deadzone_fwd
5074.1199,,,,0,0.0000,0.0000,0,0,lin_deadzone_fwd
5074.1365,,,,0,0.0000,0.0000,0,0,lin_deadzone_fwd
5074.1532,,,,0,0.0000,0.0000,0,0,lin_deadzone_fwd
5074.1699,,,,0,0.0000,0.0000,0,0,lin_deadzone_fwd
5074.1865,,,,0,0.0000,0.0000,0,0,lin_deadzone_fwd
5074.2032,,,,0,0.0000,0.0000,0,0,lin_deadzone_fwd
5074.2199,,,,0,0.0000,0.0000,0,0,lin_deadzone_fwd
5074.2365,,,,0,0.0000,0.0000,0,0,lin_deadzone_fwd
5074.2532,,,,0,0.0000,0.0000,0,0,lin_deadzone_fwd
5074.2699,,,,0,0.0000,0.0000,0,0,lin_deadzone_fwd
5074.2865,,,,0,0.0000,0.0000,0,0,lin_deadzone_fwd
5074.3032,,,,0,0.0000,0.0000,0,0,lin_deadzone_fwd
5074.3199,,,,0,0.0000,0.0000,0,0,lin_deadzone_fwd
5074.3365,,,,0,0.0000,0.0000,0,0,lin_deadzone_fwd
5074.3532,,,,0,0.0000,0.0000,0,0,lin_deadzone_fwd
5074.3698,,,,0,0.0000,0.0000,0,0,lin_deadzone_fwd
5074.3865,,,,0,0.0000,0.0000,0,0,lin_deadzone_fwd
5074.4032,,,,0,0.0000,0.0000,0,0,lin_deadzone_fwd
5074.4198,,,,0,0.0000,0.0000,0,0,lin_deadzone_fwd
5074.4365,,,,0,0.0000,0.0000,0,0,lin_deadzone_fwd
5074.4532,,,,0,0.0000,0.0000,0,0,lin_deadzone_fwd
5074.4698,,,,0,0.0000,0.0000,0,0,lin_deadzone_fwd
5074.4865,,,,0,0.0000,0.0000,0,0,lin_deadzone_fwd
5074.5032,,,,0,0.0000,0.0000,0,0,lin_deadzone_fwd
5074.5198,,,,0,0.0000,0.0000,0,0,lin_deadzone_fwd
5074.5365,,,,0,0.0000,0.0000,0,0,lin_deadzone_fwd
5074.5532,,,,0,0.0000,0.0000,0,0,lin_deadzone_fwd
5074.5698,,,,0,0.0000,0.0000,0,0,lin_deadzone_fwd
5074.5865,,,,0,0.0000,0.0000,0,0,lin_deadzone_fwd
5074.6031,,,,0,0.0000,0.0000,0,0,lin_deadzone_fwd
5074.6198,,,,0,0.0000,0.0000,0,0,lin_deadzone_fwd
5074.6365,,,,0,0.0000,0.0000,0,0,lin_deadzone_fwd
5074.6531,,,,0,0.0000,0.0000,0,0,lin_deadzone_fwd
5092.8508,0.40830,0.14322,-1.52021,1,0.0000,0.0000,0,0,lin_deadzone_fwd
5092.9008,0.41238,0.14357,-1.52311,1,0.0000,0.0000,0,0,lin_deadzone_fwd
5092.9174,0.41226,0.14451,-1.51794,1,0.0000,0.0000,0,0,lin_deadzone_fwd
5092.9341,0.40250,0.14363,-1.52807,1,0.0000,0.0000,0,0,lin_deadzone_fwd
5092.9508,0.40465,0.14296,-1.51389,1,0.0000,0.0000,0,0,lin_deadzone_fwd
5092.9674,0.41610,0.14463,-1.50987,1,0.0000,0.0000,0,0,lin_deadzone_fwd
5092.9841,0.40656,0.14311,-1.52125,1,0.0000,0.0000,0,0,lin_deadzone_fwd
5093.0008,0.41480,0.14397,-1.49980,1,0.0000,0.0000,0,0,lin_deadzone_fwd
5093.0174,0.40137,0.14277,-1.52833,1,0.0000,0.0000,0,0,lin_deadzone_fwd
5093.0341,0.40290,0.14321,-1.51560,1,0.0000,0.0000,0,0,lin_deadzone_fwd
5093.0508,0.40288,0.14347,-1.52181,1,0.0000,0.0000,0,0,lin_deadzone_fwd
5093.0674,0.41068,0.14423,-1.50857,1,0.0000,0.0000,0,0,lin_deadzone_fwd
5093.0841,0.41127,0.14424,-1.51359,1,0.0000,0.0000,0,0,lin_deadzone_fwd
5093.1008,0.41524,0.14423,-1.50363,1,0.0000,0.0000,0,0,lin_deadzone_fwd
5093.1174,0.41145,0.14374,-1.52914,1,0.0000,0.0000,0,0,lin_deadzone_fwd
5093.1341,0.41991,0.14453,-1.50381,1,0.0000,0.0000,0,0,lin_deadzone_fwd
5093.1507,0.40502,0.14297,-1.51701,1,0.0000,0.0000,0,0,lin_deadzone_fwd
5093.1674,0.41317,0.14330,-1.48773,1,-0.0400,0.0000,-20,0,lin_deadzone_rev
5093.1841,0.41034,0.14226,-1.53247,1,-0.0400,0.0000,-20,0,lin_deadzone_rev
5093.2007,0.42050,0.14024,-1.50872,1,-0.0400,0.0000,-20,0,lin_deadzone_rev
5093.2174,0.41793,0.13540,-1.51632,1,-0.0400,0.0000,-20,0,lin_deadzone_rev
5093.2341,0.40763,0.13063,-1.52699,1,-0.0400,0.0000,-20,0,lin_deadzone_rev
5093.2507,0.41785,0.12601,-1.65271,1,-0.0400,0.0000,-20,0,lin_deadzone_rev
5093.2674,0.42301,0.12074,-1.50774,1,-0.0400,0.0000,-20,0,lin_deadzone_rev
5093.2841,0.43283,0.11627,-1.55502,1,-0.0400,0.0000,-20,0,lin_deadzone_rev
5093.3007,0.41735,0.10973,-1.53684,1,-0.0400,0.0000,-20,0,lin_deadzone_rev
5093.3173,0.43325,0.10474,-1.52572,1,-0.0400,0.0000,-20,0,lin_deadzone_rev
5093.3340,0.42910,0.09999,-1.53121,1,-0.0400,0.0000,-20,0,lin_deadzone_rev
5093.3507,0.41314,0.09406,-1.53018,1,-0.0400,0.0000,-20,0,lin_deadzone_rev
5093.3673,0.42911,0.08943,-1.53085,1,-0.0400,0.0000,-20,0,lin_deadzone_rev
5093.3840,0.41681,0.08316,-1.55174,1,-0.0400,0.0000,-20,0,lin_deadzone_rev
5093.4007,0.39599,0.07806,-1.47876,1,-0.0400,0.0000,-20,0,lin_deadzone_rev
5093.4173,0.42356,0.07317,-1.53400,1,-0.0400,0.0000,-20,0,lin_deadzone_rev
5093.4340,0.40499,0.06831,-1.54246,1,-0.0400,0.0000,-20,0,lin_deadzone_rev
5093.4507,0.41219,0.06281,-1.55137,1,-0.0400,0.0000,-20,0,lin_deadzone_rev
5093.4673,0.42032,0.05741,-1.53340,1,-0.0400,0.0000,-20,0,lin_deadzone_rev
5093.4840,0.42444,0.05194,-1.55414,1,-0.0400,0.0000,-20,0,lin_deadzone_rev
5093.5006,0.41440,0.04709,-1.55983,1,-0.0400,0.0000,-20,0,lin_deadzone_rev
5093.5173,0.41646,0.04178,-1.55414,1,-0.0400,0.0000,-20,0,lin_deadzone_rev
5093.5340,0.41868,0.03601,-1.39392,1,-0.0400,0.0000,-20,0,lin_deadzone_rev
5093.5506,0.42594,0.03112,-1.54816,1,-0.0400,0.0000,-20,0,lin_deadzone_rev
5093.5673,0.40095,0.02671,-1.55191,1,-0.0400,0.0000,-20,0,lin_deadzone_rev
5093.5840,0.44287,0.01933,-1.52288,1,-0.0400,0.0000,-20,0,lin_deadzone_rev
5093.6006,0.41168,0.01502,-1.30141,1,-0.0400,0.0000,-20,0,lin_deadzone_rev
5093.6173,0.41309,0.00971,-1.32792,1,-0.0400,0.0000,-20,0,lin_deadzone_rev
5093.6340,0.41912,0.00543,-1.55249,1,-0.0400,0.0000,-20,0,lin_deadzone_rev
5093.6506,0.42706,-0.00129,-1.55449,1,-0.0400,0.0000,-20,0,lin_deadzone_rev
5093.6673,0.40590,-0.00451,-1.57213,1,-0.0400,0.0000,-20,0,lin_deadzone_rev
5093.6840,0.41487,-0.00996,-1.55137,1,-0.0400,0.0000,-20,0,lin_deadzone_rev
5093.7006,0.41820,-0.01561,-1.56880,1,-0.0400,0.0000,-20,0,lin_deadzone_rev
5093.7173,0.40853,-0.02082,-1.55825,1,-0.0400,0.0000,-20,0,lin_deadzone_rev
5093.7339,0.41775,-0.02606,-1.54337,1,-0.0400,0.0000,-20,0,lin_deadzone_rev
5093.7506,0.41447,-0.03216,-1.21605,1,-0.0400,0.0000,-20,0,lin_deadzone_rev
5093.7673,0.41441,-0.03639,-1.56012,1,-0.0400,0.0000,-20,0,lin_deadzone_rev
5093.7839,0.42410,-0.04318,-1.54608,1,-0.0400,0.0000,-20,0,lin_deadzone_rev
5093.8006,0.41338,-0.04655,-1.56117,1,-0.0400,0.0000,-20,0,lin_deadzone_rev
5093.8173,0.42097,-0.05232,-1.56738,1,-0.0400,0.0000,-20,0,lin_deadzone_rev
5093.8339,0.44432,-0.06134,-1.54626,1,-0.0400,0.0000,-20,0,lin_deadzone_rev
5093.8506,0.43547,-0.06501,-1.28215,1,-0.0400,0.0000,-20,0,lin_deadzone_rev
5093.8673,0.41113,-0.06821,-1.15633,1,-0.0400,0.0000,-20,0,lin_deadzone_rev
5093.8839,0.40415,-0.07198,-1.56280,1,-0.0400,0.0000,-20,0,lin_deadzone_rev
5093.9006,0.40636,-0.07804,-1.12982,1,-0.0800,0.0000,-40,0,lin_deadzone_rev
5093.9173,0.43123,-0.08720,-1.57525,1,-0.0800,0.0000,-40,0,lin_deadzone_rev
5093.9339,0.41958,-0.09089,-1.60427,1,-0.0800,0.0000,-40,0,lin_deadzone_rev
5093.9506,0.43239,-0.09937,-1.25900,1,-0.0800,0.0000,-40,0,lin_deadzone_rev
5093.9672,0.44151,-0.10716,-1.27126,1,-0.0800,0.0000,-40,0,lin_deadzone_rev
5093.9839,0.42196,-0.11021,-1.57701,1,-0.0800,0.0000,-40,0,lin_deadzone_rev
5094.0006,0.41034,-0.11372,-1.59689,1,-0.0800,0.0000,-40,0,lin_deadzone_rev
5094.0172,0.41681,-0.12103,-1.60665,1,-0.0800,0.0000,-40,0,lin_deadzone_rev
5094.0339,0.41468,-0.12698,-1.62064,1,-0.0800,0.0000,-40,0,lin_deadzone_rev
5094.0506,0.42246,-0.13527,-1.58627,1,-0.0800,0.0000,-40,0,lin_deadzone_rev
5094.0672,0.41344,-0.13974,-1.22909,1,-0.0800,0.0000,-40,0,lin_deadzone_rev
5094.0839,0.41077,-0.14542,-1.24679,1,-0.0800,0.0000,-40,0,lin_deadzone_rev
5094.1006,0.41570,-0.15284,-1.60419,1,-0.0800,0.0000,-40,0,lin_deadzone_rev
5094.1172,0.41276,-0.15861,-1.64082,1,-0.0800,0.0000,-40,0,lin_deadzone_rev
5094.1339,0.40236,-0.16177,-1.64016,1,-0.0800,0.0000,-40,0,lin_deadzone_rev
5094.1506,0.42114,-0.17229,-1.65436,1,-0.0800,0.0000,-40,0,lin_deadzone_rev
5094.1672,0.40367,-0.17417,-1.65916,1,-0.0800,0.0000,-40,0,lin_deadzone_rev
5094.1839,0.39713,-0.17940,-1.67944,1,-0.0800,0.0000,-40,0,lin_deadzone_rev
5094.2005,0.40776,-0.18849,-1.68903,1,-0.0800,0.0000,-40,0,lin_deadzone_rev
5094.2172,0.43653,-0.20303,-1.29070,1,-0.0800,0.0000,-40,0,lin_deadzone_rev
5094.2339,0.40990,-0.20206,-1.12503,1,-0.0800,0.0000,-40,0,lin_deadzone_rev
5094.2505,0.42157,-0.21007,-1.72426,1,-0.0800,0.0000,-40,0,lin_deadzone_rev
5094.2672,0.42974,-0.22018,-1.68534,1,-0.1200,0.0000,-60,0,lin_deadzone_rev
5094.2839,0.40232,-0.21879,-1.71137,1,-0.1200,0.0000,-60,0,lin_deadzone_rev
5094.3005,0.41431,-0.23000,-1.43991,1,-0.1200,0.0000,-60,0,lin_deadzone_rev
5094.3172,0.40302,-0.23466,-1.39697,1,-0.1200,0.0000,-60,0,lin_deadzone_rev
5094.3339,0.40600,-0.24493,-1.34166,1,-0.1200,0.0000,-60,0,lin_deadzone_rev
5094.3505,0.41561,-0.25757,-1.76474,1,-0.1200,0.0000,-60,0,lin_deadzone_rev
5094.3672,0.41762,-0.26965,-1.77028,1,-0.1200,0.0000,-60,0,lin_deadzone_rev
5094.3839,0.39748,-0.27170,-1.34337,1,-0.1200,0.0000,-60,0,lin_deadzone_rev
5094.4005,0.41344,-0.28715,-1.76486,1,-0.1200,0.0000,-60,0,lin_deadzone_rev
5094.4172,0.38424,-0.28567,-1.78232,1,-0.1200,0.0000,-60,0,lin_deadzone_rev
5094.4338,0.41096,-0.30598,-1.43086,1,-0.1200,0.0000,-60,0,lin_deadzone_rev
5094.4505,0.39267,-0.30846,-1.77472,1,-0.1200,0.0000,-60,0,lin_deadzone_rev
5094.4672,0.39866,-0.32163,-1.38585,1,-0.1200,0.0000,-60,0,lin_deadzone_rev
5094.4838,0.38456,-0.32509,-1.31063,1,-0.1200,0.0000,-60,0,lin_deadzone_rev
5094.5005,0.39083,-0.33716,-1.79387,1,-0.1200,0.0000,-60,0,lin_deadzone_rev
5094.5172,0.37333,-0.33986,-1.83398,1,-0.1600,0.0000,-80,0,lin_deadzone_rev
5094.5338,0.40290,-0.36316,-1.82360,1,-0.1600,0.0000,-80,0,lin_deadzone_rev
5094.5505,0.40267,-0.37436,-1.82377,1,-0.1600,0.0000,-80,0,lin_deadzone_rev
5094.5672,,,,0,-0.1600,0.0000,-80,0,lin_deadzone_rev
5094.5838,0.39851,-0.39913,-1.91233,1,-0.1600,0.0000,-80,0,lin_deadzone_rev
5094.6005,0.38601,-0.40651,-1.87697,1,-0.1600,0.0000,-80,0,lin_deadzone_rev
5094.6172,0.41146,-0.43387,-1.86576,1,-0.1600,0.0000,-80,0,lin_deadzone_rev
5094.6338,0.37036,-0.42651,-1.88419,1,-0.1600,0.0000,-80,0,lin_deadzone_rev
5094.6505,0.36322,-0.43589,-1.89907,1,-0.1600,0.0000,-80,0,lin_deadzone_rev
5094.6671,0.37768,-0.45692,-1.86946,1,-0.1600,0.0000,-80,0,lin_deadzone_rev
5094.6838,0.33771,-0.44944,-1.91807,1,-0.1600,0.0000,-80,0,lin_deadzone_rev
5094.7005,0.33345,-0.46070,-1.89829,1,-0.2000,0.0000,-100,0,lin_deadzone_rev
5094.7171,0.36607,-0.49462,-1.90898,1,-0.2000,0.0000,-100,0,lin_deadzone_rev
5094.7338,0.34914,-0.49927,-1.91752,1,-0.2000,0.0000,-100,0,lin_deadzone_rev
5094.7505,0.35184,-0.51766,-1.92812,1,-0.2000,0.0000,-100,0,lin_deadzone_rev
5094.7671,0.35441,-0.53676,-1.49184,1,-0.2000,0.0000,-100,0,lin_deadzone_rev
5094.7838,0.34128,-0.54594,-1.95208,1,-0.2000,0.0000,-100,0,lin_deadzone_rev
5094.8005,0.33493,-0.55943,-1.98921,1,-0.2000,0.0000,-100,0,lin_deadzone_rev
5094.8171,0.33458,-0.57776,-1.95493,1,-0.2000,0.0000,-100,0,lin_deadzone_rev
5094.8338,0.33688,-0.59791,-1.96032,1,-0.2000,0.0000,-100,0,lin_deadzone_rev
5094.8505,0.33711,-0.61639,-1.96080,1,-0.2400,0.0000,-120,0,lin_deadzone_rev
5094.8671,0.29224,-0.60336,-1.19121,1,-0.2400,0.0000,-120,0,lin_deadzone_rev
5094.8838,0.29942,-0.62868,-1.99604,1,-0.2400,0.0000,-120,0,lin_deadzone_rev
5094.9005,0.32688,-0.67357,-1.29783,1,-0.2400,0.0000,-120,0,lin_deadzone_rev
5094.9171,0.30943,-0.68093,-1.96049,1,-0.2400,0.0000,-120,0,lin_deadzone_rev
5094.9338,0.27913,-0.67882,-2.00214,1,-0.2400,0.0000,-120,0,lin_deadzone_rev
5094.9504,0.27048,-0.69466,-2.01810,1,-0.2400,0.0000,-120,0,lin_deadzone_rev
5094.9671,0.28370,-0.73090,-1.24683,1,-0.2400,0.0000,-120,0,lin_deadzone_rev
5094.9838,0.26711,-0.73999,-2.00125,1,-0.2800,0.0000,-140,0,lin_deadzone_rev
5095.0004,0.28485,-0.78172,-1.94971,1,-0.2800,0.0000,-140,0,lin_deadzone_rev
5095.0171,,,,0,-0.2800,0.0000,-140,0,lin_deadzone_rev
5095.0338,0.25624,-0.80873,-1.16262,1,-0.2800,0.0000,-140,0,lin_deadzone_rev
5095.0504,0.23696,-0.81768,-1.95312,1,-0.2800,0.0000,-140,0,lin_deadzone_rev
5095.0671,0.20877,-0.81592,-1.98999,1,-0.2800,0.0000,-140,0,lin_deadzone_rev
5095.0838,,,,0,0.0000,0.0000,0,0,lin_deadzone_rev
5095.1004,0.19794,-0.85478,-1.93623,1,0.0000,0.0000,0,0,lin_deadzone_rev
5095.1171,0.17516,-0.84017,-1.96978,1,0.0000,0.0000,0,0,lin_deadzone_rev
5095.1338,0.19616,-0.87187,-1.90065,1,0.0000,0.0000,0,0,lin_deadzone_rev
5095.1504,0.18383,-0.86351,-1.93575,1,0.0000,0.0000,0,0,lin_deadzone_rev
5095.1671,0.18508,-0.86888,-1.98013,1,0.0000,0.0000,0,0,lin_deadzone_rev
5095.1837,0.17157,-0.85391,-1.97953,1,0.0000,0.0000,0,0,lin_deadzone_rev
5095.2004,0.18198,-0.86751,-1.05469,1,0.0000,0.0000,0,0,lin_deadzone_rev
5095.2171,0.17230,-0.85469,-0.97260,1,0.0000,0.0000,0,0,lin_deadzone_rev
5095.2337,0.18489,-0.86623,-1.95010,1,0.0000,0.0000,0,0,lin_deadzone_rev
5095.2504,0.18968,-0.86759,-1.95733,1,0.0000,0.0000,0,0,lin_deadzone_rev
5095.2671,0.18673,-0.85759,-1.92452,1,0.0000,0.0000,0,0,lin_deadzone_rev
5095.2837,0.18372,-0.84941,-1.03097,1,0.0000,0.0000,0,0,lin_deadzone_rev
5095.3004,0.16723,-0.82731,-1.98823,1,0.0000,0.0000,0,0,lin_deadzone_rev
5095.3171,0.18365,-0.84349,-1.95875,1,0.0000,0.0000,0,0,lin_deadzone_rev
5095.3337,0.17037,-0.82808,-1.97243,1,0.0000,0.0000,0,0,lin_deadzone_rev
5095.3504,0.16994,-0.82759,-1.96151,1,0.0000,0.0000,0,0,lin_deadzone_rev
5095.3671,0.18898,-0.84881,-1.95004,1,0.0000,0.0000,0,0,lin_deadzone_rev
5095.3837,0.17177,-0.82960,-1.96610,1,0.0000,0.0000,0,0,lin_deadzone_rev
5095.4004,0.18180,-0.84097,-1.94716,1,0.0000,0.0000,0,0,lin_deadzone_rev
5095.4170,0.18647,-0.84604,-1.94246,1,0.0000,0.0000,0,0,lin_deadzone_rev
5095.4337,0.17069,-0.82842,-1.97116,1,0.0000,0.0000,0,0,lin_deadzone_rev
5095.4504,0.19136,-0.85231,-1.10346,1,0.0000,0.0000,0,0,lin_deadzone_rev
5095.4670,0.18533,-0.84516,-1.96859,1,0.0000,0.0000,0,0,lin_deadzone_rev
5095.4837,0.16689,-0.82434,-1.96870,1,0.0000,0.0000,0,0,lin_deadzone_rev
5095.5004,0.16764,-0.82480,-1.96502,1,0.0000,0.0000,0,0,lin_deadzone_rev
5095.5170,0.17006,-0.82763,-1.96606,1,0.0000,0.0000,0,0,lin_deadzone_rev
5095.5337,0.16800,-0.82524,-1.96658,1,0.0000,0.0000,0,0,lin_deadzone_rev
5095.5504,0.19107,-0.85201,-1.10386,1,0.0000,0.0000,0,0,lin_deadzone_rev
5095.5670,0.16479,-0.82200,-1.96972,1,0.0000,0.0000,0,0,lin_deadzone_rev
5095.5837,0.17637,-0.83502,-1.97156,1,0.0000,0.0000,0,0,lin_deadzone_rev
5095.6004,0.16430,-0.82155,-1.97574,1,0.0000,0.0000,0,0,lin_deadzone_rev
5095.6170,0.16637,-0.82351,-1.97378,1,0.0000,0.0000,0,0,lin_deadzone_rev
5095.6337,0.17468,-0.83272,-1.95635,1,0.0000,0.0000,0,0,lin_deadzone_rev
5095.6503,0.18153,-0.84070,-1.94717,1,0.0000,0.0000,0,0,lin_deadzone_rev
5095.6670,0.18613,-0.84654,-1.05659,1,0.0000,0.0000,0,0,lin_deadzone_rev
5095.6837,0.17873,-0.83777,-1.04430,1,0.0000,0.0000,0,0,lin_deadzone_rev
5095.7003,0.16747,-0.82488,-1.96897,1,0.0000,0.0000,0,0,lin_deadzone_rev
5095.7170,0.17351,-0.83177,-1.97018,1,0.0000,0.0000,0,0,lin_deadzone_rev
5095.7337,0.16342,-0.82076,-1.98309,1,0.0000,0.0000,0,0,lin_deadzone_rev
5095.7503,0.17806,-0.83584,-1.98261,1,0.0000,0.0000,0,0,lin_deadzone_rev
5095.7670,0.18126,-0.84107,-1.01693,1,0.0000,0.0000,0,0,lin_deadzone_rev
5095.7837,0.16891,-0.82635,-1.96260,1,0.0000,0.0000,0,0,lin_deadzone_rev
5095.8003,0.16203,-0.81926,-1.98577,1,0.0000,0.0000,0,0,lin_deadzone_rev
5095.8170,0.16926,-0.82673,-1.96743,1,0.0000,0.0000,0,0,lin_deadzone_rev
5095.8337,0.17957,-0.83911,-1.02615,1,0.0000,0.0000,0,0,lin_deadzone_rev
5095.8503,0.17930,-0.83888,-1.01522,1,0.0000,0.0000,0,0,lin_deadzone_rev
5095.8670,0.16888,-0.82645,-1.96049,1,0.0000,0.0000,0,0,lin_deadzone_rev
5095.8836,0.18111,-0.84085,-1.02061,1,0.0000,0.0000,0,0,lin_deadzone_rev
5095.9003,0.16949,-0.82705,-1.96081,1,0.0000,0.0000,0,0,lin_deadzone_rev
5095.9170,0.16464,-0.82259,-0.87909,1,0.0000,0.0000,0,0,lin_deadzone_rev
5095.9336,0.16661,-0.82376,-1.96436,1,0.0000,0.0000,0,0,lin_deadzone_rev
5095.9503,0.16657,-0.82394,-1.96985,1,0.0000,0.0000,0,0,lin_deadzone_rev
5095.9670,0.16920,-0.82668,-1.95910,1,0.0000,0.0000,0,0,lin_deadzone_rev
5095.9836,0.18066,-0.83991,-1.97813,1,0.0000,0.0000,0,0,lin_deadzone_rev
5096.0003,0.16650,-0.82341,-1.97211,1,0.0000,0.0000,0,0,lin_deadzone_rev
5096.0170,0.17690,-0.83509,-1.94424,1,0.0000,0.0000,0,0,lin_deadzone_rev
5096.0336,0.18132,-0.84083,-1.06251,1,0.0000,0.0000,0,0,lin_deadzone_rev
5096.0503,0.17964,-0.83907,-1.03346,1,0.0000,0.0000,0,0,lin_deadzone_rev
5115.4142,0.40872,0.12145,-1.68334,1,0.0000,0.0000,0,0,lin_deadzone_rev
5115.4476,0.40381,0.12086,-1.70120,1,0.0000,0.0000,0,0,lin_deadzone_rev
5115.4642,0.40809,0.12177,-1.69606,1,0.0000,0.0000,0,0,lin_deadzone_rev
5115.4809,0.41042,0.12167,-1.67898,1,0.0000,0.0000,0,0,lin_deadzone_rev
5115.4975,0.40345,0.12110,-1.68758,1,0.0000,0.0000,0,0,lin_deadzone_rev
5115.5142,0.40671,0.12122,-1.68808,1,0.0000,0.0000,0,0,lin_deadzone_rev
5115.5309,0.40370,0.12152,-1.70427,1,0.0000,0.0000,0,0,lin_deadzone_rev
5115.5475,0.40116,0.12099,-1.68856,1,0.0000,0.0000,0,0,lin_deadzone_rev
5115.5642,0.41994,0.12183,-1.69353,1,0.0000,0.0000,0,0,lin_deadzone_rev
5115.5809,0.40282,0.12111,-1.68652,1,0.0000,0.0000,0,0,lin_deadzone_rev
5115.5975,0.40812,0.12173,-1.69777,1,0.0000,0.0000,0,0,lin_deadzone_rev
5115.6142,0.41076,0.12162,-1.66997,1,0.0000,0.0000,0,0,lin_deadzone_rev
5115.6309,0.40516,0.12139,-2.03990,1,0.0000,0.0000,0,0,lin_deadzone_rev
5115.6475,0.41937,0.12070,-1.91123,1,0.0000,0.0000,0,0,lin_deadzone_rev
5115.6642,0.40332,0.12111,-1.71329,1,0.0000,0.0000,0,0,lin_deadzone_rev
5115.6809,0.40174,0.12114,-1.69317,1,0.2500,0.0000,125,0,lin_step
5115.6975,0.40192,0.12143,-1.69732,1,0.2500,0.0000,125,0,lin_step
5115.7142,0.41172,0.12808,-1.70285,1,0.2500,0.0000,125,0,lin_step
5115.7308,0.41612,0.13837,-2.20155,1,0.2500,0.0000,125,0,lin_step
5115.7475,0.42564,0.15332,-2.24543,1,0.2500,0.0000,125,0,lin_step
5115.7642,0.42095,0.17044,-1.74823,1,0.2500,0.0000,125,0,lin_step
5115.7808,0.41419,0.18869,-1.75312,1,0.2500,0.0000,125,0,lin_step
5115.7975,0.41955,0.20853,-1.74685,1,0.2500,0.0000,125,0,lin_step
5115.8142,0.43124,0.23154,-2.35381,1,0.2500,0.0000,125,0,lin_step
5115.8308,0.44321,0.25436,-1.76431,1,0.2500,0.0000,125,0,lin_step
5115.8475,0.44568,0.27807,-2.45220,1,0.2500,0.0000,125,0,lin_step
5115.8642,,,,0,0.2500,0.0000,125,0,lin_step
5115.8808,,,,0,0.2500,0.0000,125,0,lin_step
5115.8975,,,,0,0.2500,0.0000,125,0,lin_step
5115.9142,,,,0,0.2500,0.0000,125,0,lin_step
5115.9308,,,,0,0.2500,0.0000,125,0,lin_step
5115.9475,,,,0,0.2500,0.0000,125,0,lin_step
5115.9641,,,,0,0.2500,0.0000,125,0,lin_step
5115.9808,,,,0,0.2500,0.0000,125,0,lin_step
5115.9975,,,,0,0.2500,0.0000,125,0,lin_step
5116.0141,,,,0,0.2500,0.0000,125,0,lin_step
5116.0308,,,,0,0.2500,0.0000,125,0,lin_step
5116.0475,,,,0,0.2500,0.0000,125,0,lin_step
5116.0641,,,,0,0.2500,0.0000,125,0,lin_step
5116.0808,,,,0,0.2500,0.0000,125,0,lin_step
5116.0975,,,,0,0.2500,0.0000,125,0,lin_step
5116.1141,,,,0,0.2500,0.0000,125,0,lin_step
5116.1308,,,,0,0.2500,0.0000,125,0,lin_step
5116.1475,,,,0,0.2500,0.0000,125,0,lin_step
5116.1641,,,,0,0.2500,0.0000,125,0,lin_step
5116.1808,,,,0,0.2500,0.0000,125,0,lin_step
5116.1974,,,,0,0.2500,0.0000,125,0,lin_step
5116.2141,,,,0,0.2500,0.0000,125,0,lin_step
5116.2308,,,,0,0.2500,0.0000,125,0,lin_step
5116.2474,,,,0,0.2500,0.0000,125,0,lin_step
5116.2641,,,,0,0.2500,0.0000,125,0,lin_step
5116.2808,,,,0,0.2500,0.0000,125,0,lin_step
5116.2974,,,,0,0.2500,0.0000,125,0,lin_step
5116.3141,,,,0,0.2500,0.0000,125,0,lin_step
5116.3308,,,,0,0.2500,0.0000,125,0,lin_step
5116.3474,,,,0,0.2500,0.0000,125,0,lin_step
5116.3641,,,,0,0.2500,0.0000,125,0,lin_step
5116.3808,,,,0,0.2500,0.0000,125,0,lin_step
5116.3974,,,,0,0.2500,0.0000,125,0,lin_step
5116.4141,,,,0,0.2500,0.0000,125,0,lin_step
5116.4307,,,,0,0.2500,0.0000,125,0,lin_step
5116.4474,,,,0,0.2500,0.0000,125,0,lin_step
5116.4641,,,,0,0.2500,0.0000,125,0,lin_step
5116.4807,,,,0,0.2500,0.0000,125,0,lin_step
5116.4974,,,,0,0.2500,0.0000,125,0,lin_step
5116.5141,,,,0,0.0000,0.0000,0,0,lin_step
5116.5307,,,,0,0.0000,0.0000,0,0,lin_step
5116.5474,,,,0,0.0000,0.0000,0,0,lin_step
5116.5641,,,,0,0.0000,0.0000,0,0,lin_step
5116.5807,,,,0,0.0000,0.0000,0,0,lin_step
5116.5974,,,,0,0.0000,0.0000,0,0,lin_step
5116.6141,,,,0,0.0000,0.0000,0,0,lin_step
5116.6307,,,,0,0.0000,0.0000,0,0,lin_step
5116.6474,,,,0,0.0000,0.0000,0,0,lin_step
5116.6640,,,,0,0.0000,0.0000,0,0,lin_step
5116.6807,,,,0,0.0000,0.0000,0,0,lin_step
5116.6974,,,,0,0.0000,0.0000,0,0,lin_step
5116.7140,,,,0,0.0000,0.0000,0,0,lin_step
5116.7307,,,,0,0.0000,0.0000,0,0,lin_step
5116.7474,,,,0,0.0000,0.0000,0,0,lin_step
5116.7640,,,,0,0.0000,0.0000,0,0,lin_step
5116.7807,,,,0,0.0000,0.0000,0,0,lin_step
5116.7974,,,,0,0.0000,0.0000,0,0,lin_step
5116.8140,,,,0,0.0000,0.0000,0,0,lin_step
5116.8307,,,,0,0.0000,0.0000,0,0,lin_step
5116.8474,,,,0,0.0000,0.0000,0,0,lin_step
5116.8640,,,,0,0.0000,0.0000,0,0,lin_step
5116.8807,,,,0,0.0000,0.0000,0,0,lin_step
5116.8974,,,,0,0.0000,0.0000,0,0,lin_step
5116.9140,,,,0,0.0000,0.0000,0,0,lin_step
5116.9307,,,,0,0.0000,0.0000,0,0,lin_step
5116.9473,,,,0,0.0000,0.0000,0,0,lin_step
5116.9640,,,,0,0.0000,0.0000,0,0,lin_step
5116.9807,,,,0,0.0000,0.0000,0,0,lin_step
5116.9973,,,,0,0.0000,0.0000,0,0,lin_step
5117.0140,,,,0,0.0000,0.0000,0,0,lin_step
5117.0307,,,,0,0.0000,0.0000,0,0,lin_step
5117.0473,,,,0,0.0000,0.0000,0,0,lin_step
5117.0640,,,,0,0.0000,0.0000,0,0,lin_step
5117.0807,,,,0,0.0000,0.0000,0,0,lin_step
5117.0973,,,,0,0.0000,0.0000,0,0,lin_step
5117.1140,,,,0,0.0000,0.0000,0,0,lin_step
5117.1307,,,,0,0.0000,0.0000,0,0,lin_step
5117.1473,,,,0,0.0000,0.0000,0,0,lin_step
5117.1640,,,,0,0.0000,0.0000,0,0,lin_step
5117.1806,,,,0,0.0000,0.0000,0,0,lin_step
5117.1973,,,,0,0.0000,0.0000,0,0,lin_step
5117.2140,,,,0,0.0000,0.0000,0,0,lin_step
5117.2306,,,,0,0.0000,0.0000,0,0,lin_step
5117.2473,,,,0,0.0000,0.0000,0,0,lin_step
5117.2640,,,,0,0.0000,0.0000,0,0,lin_step
5117.2806,,,,0,0.0000,0.0000,0,0,lin_step
5117.2973,,,,0,0.0000,0.0000,0,0,lin_step
5117.3140,,,,0,0.0000,0.0000,0,0,lin_step
5117.3306,,,,0,0.0000,0.0000,0,0,lin_step
5117.3473,,,,0,0.0000,0.0000,0,0,lin_step
5117.3640,,,,0,0.0000,0.0000,0,0,lin_step
5117.3806,,,,0,0.0000,0.0000,0,0,lin_step
5117.3973,,,,0,0.0000,0.0000,0,0,lin_step
5117.4139,,,,0,0.0000,0.0000,0,0,lin_step
5117.4306,,,,0,0.0000,0.0000,0,0,lin_step
5117.4473,,,,0,0.0000,0.0000,0,0,lin_step
5117.4639,,,,0,0.0000,0.0000,0,0,lin_step
5117.4806,,,,0,0.0000,0.0000,0,0,lin_step
5117.4973,,,,0,0.0000,0.0000,0,0,lin_step
5117.5139,,,,0,0.0000,0.0000,0,0,lin_step
5117.5306,,,,0,0.0000,0.0000,0,0,lin_step
5117.5473,,,,0,0.0000,0.0000,0,0,lin_step
5117.5639,,,,0,0.0000,0.0000,0,0,lin_step
5117.5806,,,,0,0.0000,0.0000,0,0,lin_step
5117.5973,,,,0,0.0000,0.0000,0,0,lin_step
5117.6139,,,,0,0.0000,0.0000,0,0,lin_step
5117.6306,,,,0,0.0000,0.0000,0,0,lin_step
5117.6473,,,,0,0.0000,0.0000,0,0,lin_step
5117.6639,,,,0,0.0000,0.0000,0,0,lin_step
5117.6806,,,,0,0.0000,0.0000,0,0,lin_step
5117.6973,,,,0,0.0000,0.0000,0,0,lin_step
5117.7139,,,,0,-0.2500,0.0000,-125,0,lin_step
5117.7306,,,,0,-0.2500,0.0000,-125,0,lin_step
5117.7473,,,,0,-0.2500,0.0000,-125,0,lin_step
5117.7639,,,,0,-0.2500,0.0000,-125,0,lin_step
5117.7806,,,,0,-0.2500,0.0000,-125,0,lin_step
5117.7973,,,,0,-0.2500,0.0000,-125,0,lin_step
5117.8139,,,,0,-0.2500,0.0000,-125,0,lin_step
5117.8306,,,,0,-0.2500,0.0000,-125,0,lin_step
5117.8472,,,,0,-0.2500,0.0000,-125,0,lin_step
5117.8639,,,,0,-0.2500,0.0000,-125,0,lin_step
5117.8806,,,,0,-0.2500,0.0000,-125,0,lin_step
5117.8972,,,,0,-0.2500,0.0000,-125,0,lin_step
5117.9139,,,,0,-0.2500,0.0000,-125,0,lin_step
5117.9306,,,,0,-0.2500,0.0000,-125,0,lin_step
5117.9472,,,,0,-0.2500,0.0000,-125,0,lin_step
5117.9639,,,,0,-0.2500,0.0000,-125,0,lin_step
5117.9806,,,,0,-0.2500,0.0000,-125,0,lin_step
5117.9972,,,,0,-0.2500,0.0000,-125,0,lin_step
5118.0139,,,,0,-0.2500,0.0000,-125,0,lin_step
5118.0306,,,,0,-0.2500,0.0000,-125,0,lin_step
5118.0472,,,,0,-0.2500,0.0000,-125,0,lin_step
5118.0639,,,,0,-0.2500,0.0000,-125,0,lin_step
5118.0805,,,,0,-0.2500,0.0000,-125,0,lin_step
5118.0972,,,,0,-0.2500,0.0000,-125,0,lin_step
5118.1139,,,,0,-0.2500,0.0000,-125,0,lin_step
5118.1305,,,,0,-0.2500,0.0000,-125,0,lin_step
5118.1472,,,,0,-0.2500,0.0000,-125,0,lin_step
5118.1639,,,,0,-0.2500,0.0000,-125,0,lin_step
5118.1805,,,,0,-0.2500,0.0000,-125,0,lin_step
5118.1972,,,,0,-0.2500,0.0000,-125,0,lin_step
5118.2139,,,,0,-0.2500,0.0000,-125,0,lin_step
5118.2305,,,,0,-0.2500,0.0000,-125,0,lin_step
5118.2472,,,,0,-0.2500,0.0000,-125,0,lin_step
5118.2639,,,,0,-0.2500,0.0000,-125,0,lin_step
5118.2805,,,,0,-0.2500,0.0000,-125,0,lin_step
5118.2972,,,,0,-0.2500,0.0000,-125,0,lin_step
5118.3138,,,,0,-0.2500,0.0000,-125,0,lin_step
5118.3305,,,,0,-0.2500,0.0000,-125,0,lin_step
5118.3472,,,,0,-0.2500,0.0000,-125,0,lin_step
5118.3638,,,,0,-0.2500,0.0000,-125,0,lin_step
5118.3805,,,,0,-0.2500,0.0000,-125,0,lin_step
5118.3972,,,,0,-0.2500,0.0000,-125,0,lin_step
5118.4138,,,,0,-0.2500,0.0000,-125,0,lin_step
5118.4305,,,,0,-0.2500,0.0000,-125,0,lin_step
5118.4472,,,,0,-0.2500,0.0000,-125,0,lin_step
5118.4638,,,,0,-0.2500,0.0000,-125,0,lin_step
5118.4805,,,,0,-0.2500,0.0000,-125,0,lin_step
5118.4972,,,,0,-0.2500,0.0000,-125,0,lin_step
5118.5138,,,,0,-0.2500,0.0000,-125,0,lin_step
5118.5305,,,,0,0.0000,0.0000,0,0,lin_step
5118.5471,0.44046,0.36986,-1.99981,1,0.0000,0.0000,0,0,lin_step
5118.5638,0.43214,0.36254,-2.02367,1,0.0000,0.0000,0,0,lin_step
5118.5805,0.43316,0.35925,-2.01246,1,0.0000,0.0000,0,0,lin_step
5118.5971,0.41315,0.35068,-2.60878,1,0.0000,0.0000,0,0,lin_step
5118.6138,0.41700,0.35078,-2.54744,1,0.0000,0.0000,0,0,lin_step
5118.6305,0.41384,0.34935,-1.99347,1,0.0000,0.0000,0,0,lin_step
5118.6471,0.42174,0.35201,-2.61314,1,0.0000,0.0000,0,0,lin_step
5118.6638,0.43114,0.35598,-2.00650,1,0.0000,0.0000,0,0,lin_step
5118.6805,0.42562,0.35741,-2.04223,1,0.0000,0.0000,0,0,lin_step
5118.6971,0.43088,0.36164,-2.03860,1,0.0000,0.0000,0,0,lin_step
5118.7138,0.44116,0.36519,-2.57945,1,0.0000,0.0000,0,0,lin_step
5118.7305,0.42057,0.36115,-2.03189,1,0.0000,0.0000,0,0,lin_step
5118.7471,0.43412,0.36517,-2.02492,1,0.0000,0.0000,0,0,lin_step
5118.7638,0.42575,0.36250,-2.03462,1,0.0000,0.0000,0,0,lin_step
5118.7804,0.43198,0.36398,-2.01393,1,0.0000,0.0000,0,0,lin_step
5118.7971,0.42971,0.36329,-2.01543,1,0.0000,0.0000,0,0,lin_step
5118.8138,0.42076,0.36122,-2.03672,1,0.0000,0.0000,0,0,lin_step
5118.8304,0.43337,0.36462,-2.02614,1,0.0000,0.0000,0,0,lin_step
5118.8471,0.42745,0.36295,-2.03055,1,0.0000,0.0000,0,0,lin_step
5118.8638,0.42552,0.36269,-2.02829,1,0.0000,0.0000,0,0,lin_step
5118.8804,0.42283,0.36137,-2.03781,1,0.0000,0.0000,0,0,lin_step
5118.8971,0.42826,0.36313,-2.02377,1,0.0000,0.0000,0,0,lin_step
5118.9138,0.43418,0.36498,-2.02778,1,0.0000,0.0000,0,0,lin_step
5118.9304,0.42855,0.36328,-2.02422,1,0.0000,0.0000,0,0,lin_step
5118.9471,0.42871,0.36298,-2.01265,1,0.0000,0.0000,0,0,lin_step
5118.9638,0.43413,0.36481,-2.02565,1,0.0000,0.0000,0,0,lin_step
5118.9804,0.42607,0.36191,-1.99759,1,0.0000,0.0000,0,0,lin_step
5118.9971,0.42620,0.36203,-2.02697,1,0.0000,0.0000,0,0,lin_step
5119.0137,0.43129,0.36390,-2.01323,1,0.0000,0.0000,0,0,lin_step
5119.0304,0.42389,0.36233,-2.02603,1,0.0000,0.0000,0,0,lin_step
5119.0471,0.42523,0.36232,-2.02780,1,0.0000,0.0000,0,0,lin_step
5119.0637,0.42768,0.36309,-2.02381,1,0.0000,0.0000,0,0,lin_step
5119.0804,0.42810,0.36342,-2.02988,1,0.0000,0.0000,0,0,lin_step
5119.0971,0.43572,0.36473,-2.01611,1,0.0000,0.0000,0,0,lin_step
5119.1137,0.42399,0.36186,-2.00944,1,0.0000,0.0000,0,0,lin_step
5119.1304,0.42633,0.36286,-2.02788,1,0.0000,0.0000,0,0,lin_step
5119.1471,0.42480,0.36235,-2.02134,1,0.0000,0.0000,0,0,lin_step
5119.1637,0.43012,0.36359,-2.03602,1,0.0000,0.0000,0,0,lin_step
5119.1804,0.42324,0.36163,-2.01745,1,0.0000,0.0000,0,0,lin_step
5119.1971,0.43255,0.36464,-2.02483,1,0.0000,0.0000,0,0,lin_step
5119.2137,0.43719,0.36578,-2.02541,1,0.0000,0.0000,0,0,lin_step
5119.2304,0.42977,0.36363,-2.02216,1,0.0000,0.0000,0,0,lin_step
5119.2470,0.43505,0.36533,-2.01674,1,0.0000,0.0000,0,0,lin_step
5119.2637,0.43088,0.36372,-2.03411,1,0.0000,0.0000,0,0,lin_step
5119.2804,0.43372,0.36460,-2.01202,1,0.0000,0.0000,0,0,lin_step
5119.2970,0.42184,0.36135,-2.03760,1,0.0000,0.0000,0,0,lin_step
5119.3137,0.42954,0.36379,-2.02706,1,0.0000,0.0000,0,0,lin_step
5119.3304,0.43154,0.36439,-2.02764,1,0.0000,0.0000,0,0,lin_step
5119.3470,0.42876,0.36393,-2.01828,1,0.0000,0.0000,0,0,lin_step
5119.3637,0.41556,0.35977,-2.03366,1,0.0000,0.0000,0,0,lin_step
5119.3804,0.43034,0.36405,-2.02703,1,0.0000,0.0000,0,0,lin_step
5119.3970,0.42878,0.36329,-2.02325,1,0.0000,0.0000,0,0,lin_step
5119.4137,0.41845,0.36033,-2.03655,1,0.0000,0.0000,0,0,lin_step
5119.4304,0.42372,0.36236,-2.02117,1,0.0000,0.0000,0,0,lin_step
5119.4470,0.42441,0.36224,-2.02942,1,0.0000,0.0000,0,0,lin_step
5119.4637,0.43559,0.36506,-2.01478,1,0.0000,0.0000,0,0,lin_step
5119.4803,0.43541,0.36536,-2.02134,1,0.0000,0.0000,0,0,lin_step
5119.4970,0.42719,0.36310,-2.02866,1,0.0000,0.0000,0,0,lin_step
5119.5137,0.43039,0.36402,-2.02591,1,0.0000,0.0000,0,0,lin_step
5119.5303,0.43441,0.36477,-2.01204,1,0.0000,0.0000,0,0,lin_step
5119.5470,0.43211,0.36432,-2.01964,1,0.0000,0.0000,0,0,lin_step
5119.5637,0.42795,0.36336,-2.02390,1,0.0000,0.0000,0,0,lin_step
5119.5803,0.42587,0.36276,-2.02821,1,0.0000,0.0000,0,0,lin_step
5119.5970,0.43276,0.36451,-2.01764,1,0.0000,0.0000,0,0,lin_step
5119.6137,0.42408,0.36215,-2.03049,1,0.0000,0.0000,0,0,lin_step
5119.6303,0.42430,0.36204,-2.02732,1,0.0000,0.0000,0,0,lin_step
5119.6470,0.42665,0.36255,-2.01747,1,0.0000,0.0000,0,0,lin_step
5119.6637,0.42622,0.36276,-2.03001,1,0.0000,0.0000,0,0,lin_step
5119.6803,0.42640,0.36303,-2.02487,1,0.0000,0.0000,0,0,lin_step
5119.6970,0.43204,0.36456,-2.02755,1,0.0000,0.0000,0,0,lin_step
5119.7136,0.43317,0.36433,-2.03672,1,0.0000,0.0000,0,0,lin_step
5119.7303,0.42617,0.36283,-2.02677,1,0.0000,0.0000,0,0,lin_step
5119.7470,0.43000,0.36343,-2.01334,1,0.5000,0.0000,250,0,lin_step
5119.7636,0.44066,0.36834,-2.03752,1,0.5000,0.0000,250,0,lin_step
5119.7803,0.44360,0.37624,-2.03916,1,0.5000,0.0000,250,0,lin_step
5119.7970,,,,0,0.5000,0.0000,250,0,lin_step
5119.8136,,,,0,0.5000,0.0000,250,0,lin_step
5119.8303,,,,0,0.5000,0.0000,250,0,lin_step
5119.8470,,,,0,0.5000,0.0000,250,0,lin_step
5119.8636,,,,0,0.5000,0.0000,250,0,lin_step
5119.8803,,,,0,0.5000,0.0000,250,0,lin_step
5119.8970,,,,0,0.5000,0.0000,250,0,lin_step
5119.9136,,,,0,0.5000,0.0000,250,0,lin_step
5119.9303,,,,0,0.5000,0.0000,250,0,lin_step
5119.9469,,,,0,0.5000,0.0000,250,0,lin_step
5119.9636,,,,0,0.5000,0.0000,250,0,lin_step
5119.9803,,,,0,0.5000,0.0000,250,0,lin_step
5119.9969,,,,0,0.5000,0.0000,250,0,lin_step
5120.0136,,,,0,0.5000,0.0000,250,0,lin_step
5120.0303,,,,0,0.5000,0.0000,250,0,lin_step
5120.0469,,,,0,0.5000,0.0000,250,0,lin_step
5120.0636,,,,0,0.5000,0.0000,250,0,lin_step
5120.0803,,,,0,0.5000,0.0000,250,0,lin_step
5120.0969,,,,0,0.5000,0.0000,250,0,lin_step
5120.1136,,,,0,0.5000,0.0000,250,0,lin_step
5120.1303,,,,0,0.5000,0.0000,250,0,lin_step
5120.1469,,,,0,0.5000,0.0000,250,0,lin_step
5120.1636,,,,0,0.0000,0.0000,0,0,lin_step
5120.1802,,,,0,0.0000,0.0000,0,0,lin_step
5120.1969,,,,0,0.0000,0.0000,0,0,lin_step
5120.2136,,,,0,0.0000,0.0000,0,0,lin_step
5120.2302,,,,0,0.0000,0.0000,0,0,lin_step
5120.2469,,,,0,0.0000,0.0000,0,0,lin_step
5120.2636,,,,0,0.0000,0.0000,0,0,lin_step
5120.2802,,,,0,0.0000,0.0000,0,0,lin_step
5120.2969,,,,0,0.0000,0.0000,0,0,lin_step
5120.3136,,,,0,0.0000,0.0000,0,0,lin_step
5120.3302,0.95786,1.15594,-1.90893,1,0.0000,0.0000,0,0,lin_step
5120.3469,,,,0,0.0000,0.0000,0,0,lin_step
5120.3636,0.92910,1.14260,-2.72846,1,0.0000,0.0000,0,0,lin_step
5120.3802,,,,0,0.0000,0.0000,0,0,lin_step
5120.3969,0.90448,1.13442,-1.88884,1,0.0000,0.0000,0,0,lin_step
5120.4136,0.91281,1.14291,-1.86785,1,0.0000,0.0000,0,0,lin_step
5120.4302,0.88960,1.13050,-2.78963,1,0.0000,0.0000,0,0,lin_step
5120.4469,0.88727,1.13312,-1.91480,1,0.0000,0.0000,0,0,lin_step
5120.4635,0.93443,1.16975,-1.88729,1,0.0000,0.0000,0,0,lin_step
5120.4802,0.90405,1.15321,-2.66452,1,0.0000,0.0000,0,0,lin_step
5120.4969,0.88277,1.14138,-1.85957,1,0.0000,0.0000,0,0,lin_step
5120.5135,0.88685,1.15026,-1.90173,1,0.0000,0.0000,0,0,lin_step
5120.5302,0.89230,1.15917,-1.89954,1,0.0000,0.0000,0,0,lin_step
5120.5469,0.89538,1.16722,-1.89377,1,0.0000,0.0000,0,0,lin_step
5120.5635,0.92099,1.19215,-1.90937,1,0.0000,0.0000,0,0,lin_step
5120.5802,0.93016,1.20568,-1.93919,1,0.0000,0.0000,0,0,lin_step
5120.5969,,,,0,0.0000,0.0000,0,0,lin_step
5120.6135,,,,0,0.0000,0.0000,0,0,lin_step
5120.6302,,,,0,0.0000,0.0000,0,0,lin_step
5120.6469,,,,0,0.0000,0.0000,0,0,lin_step
5120.6635,,,,0,0.0000,0.0000,0,0,lin_step
5120.6802,,,,0,0.0000,0.0000,0,0,lin_step
5120.6968,,,,0,0.0000,0.0000,0,0,lin_step
5120.7135,,,,0,0.0000,0.0000,0,0,lin_step
5120.7302,,,,0,0.0000,0.0000,0,0,lin_step
5120.7468,,,,0,0.0000,0.0000,0,0,lin_step
5120.7635,,,,0,0.0000,0.0000,0,0,lin_step
5120.7802,,,,0,0.0000,0.0000,0,0,lin_step
5120.7968,,,,0,0.0000,0.0000,0,0,lin_step
5120.8135,,,,0,0.0000,0.0000,0,0,lin_step
5120.8302,,,,0,0.0000,0.0000,0,0,lin_step
5120.8468,,,,0,0.0000,0.0000,0,0,lin_step
5120.8635,,,,0,0.0000,0.0000,0,0,lin_step
5120.8802,,,,0,0.0000,0.0000,0,0,lin_step
5120.8968,,,,0,0.0000,0.0000,0,0,lin_step
5120.9135,,,,0,0.0000,0.0000,0,0,lin_step
5120.9301,,,,0,0.0000,0.0000,0,0,lin_step
5120.9468,,,,0,0.0000,0.0000,0,0,lin_step
5120.9635,,,,0,0.0000,0.0000,0,0,lin_step
5120.9801,,,,0,0.0000,0.0000,0,0,lin_step
5120.9968,,,,0,0.0000,0.0000,0,0,lin_step
5121.0135,,,,0,0.0000,0.0000,0,0,lin_step
5121.0301,,,,0,0.0000,0.0000,0,0,lin_step
5121.0468,,,,0,0.0000,0.0000,0,0,lin_step
5121.0635,,,,0,0.0000,0.0000,0,0,lin_step
5121.0801,,,,0,0.0000,0.0000,0,0,lin_step
5121.0968,,,,0,0.0000,0.0000,0,0,lin_step
5121.1135,,,,0,0.0000,0.0000,0,0,lin_step
5121.1301,,,,0,0.0000,0.0000,0,0,lin_step
5121.1468,,,,0,0.0000,0.0000,0,0,lin_step
5121.1634,,,,0,0.0000,0.0000,0,0,lin_step
5121.1801,,,,0,0.0000,0.0000,0,0,lin_step
5121.1968,,,,0,0.0000,0.0000,0,0,lin_step
5121.2134,,,,0,0.0000,0.0000,0,0,lin_step
5121.2301,,,,0,0.0000,0.0000,0,0,lin_step
5121.2468,,,,0,0.0000,0.0000,0,0,lin_step
5121.2634,,,,0,0.0000,0.0000,0,0,lin_step
5121.2801,,,,0,0.0000,0.0000,0,0,lin_step
5121.2968,,,,0,0.0000,0.0000,0,0,lin_step
5121.3134,,,,0,0.0000,0.0000,0,0,lin_step
5121.3301,,,,0,0.0000,0.0000,0,0,lin_step
5121.3468,,,,0,0.0000,0.0000,0,0,lin_step
5121.3634,,,,0,-0.5000,0.0000,-250,0,lin_step
5121.3801,,,,0,-0.5000,0.0000,-250,0,lin_step
5121.3967,,,,0,-0.5000,0.0000,-250,0,lin_step
5121.4134,,,,0,-0.5000,0.0000,-250,0,lin_step
5121.4301,,,,0,-0.5000,0.0000,-250,0,lin_step
5121.4467,,,,0,-0.5000,0.0000,-250,0,lin_step
5121.4634,,,,0,-0.5000,0.0000,-250,0,lin_step
5121.4801,,,,0,-0.5000,0.0000,-250,0,lin_step
5121.4967,,,,0,-0.5000,0.0000,-250,0,lin_step
5121.5134,,,,0,-0.5000,0.0000,-250,0,lin_step
5121.5301,,,,0,-0.5000,0.0000,-250,0,lin_step
5121.5467,,,,0,-0.5000,0.0000,-250,0,lin_step
5121.5634,,,,0,-0.5000,0.0000,-250,0,lin_step
5121.5801,,,,0,-0.5000,0.0000,-250,0,lin_step
5121.5967,,,,0,-0.5000,0.0000,-250,0,lin_step
5121.6134,,,,0,-0.5000,0.0000,-250,0,lin_step
5121.6300,,,,0,-0.5000,0.0000,-250,0,lin_step
5121.6467,,,,0,-0.5000,0.0000,-250,0,lin_step
5121.6634,,,,0,-0.5000,0.0000,-250,0,lin_step
5121.6800,,,,0,-0.5000,0.0000,-250,0,lin_step
5121.6967,,,,0,-0.5000,0.0000,-250,0,lin_step
5121.7134,,,,0,-0.5000,0.0000,-250,0,lin_step
5121.7300,,,,0,-0.5000,0.0000,-250,0,lin_step
5121.7467,,,,0,-0.5000,0.0000,-250,0,lin_step
5121.7634,,,,0,-0.5000,0.0000,-250,0,lin_step
5121.7800,,,,0,0.0000,0.0000,0,0,lin_step
5121.7967,,,,0,0.0000,0.0000,0,0,lin_step
5121.8134,,,,0,0.0000,0.0000,0,0,lin_step
5121.8300,,,,0,0.0000,0.0000,0,0,lin_step
5121.8467,,,,0,0.0000,0.0000,0,0,lin_step
5121.8633,,,,0,0.0000,0.0000,0,0,lin_step
5121.8800,,,,0,0.0000,0.0000,0,0,lin_step
5121.8967,,,,0,0.0000,0.0000,0,0,lin_step
5121.9133,,,,0,0.0000,0.0000,0,0,lin_step
5121.9300,,,,0,0.0000,0.0000,0,0,lin_step
5121.9467,,,,0,0.0000,0.0000,0,0,lin_step
5121.9633,,,,0,0.0000,0.0000,0,0,lin_step
5121.9800,,,,0,0.0000,0.0000,0,0,lin_step
5121.9967,,,,0,0.0000,0.0000,0,0,lin_step
5122.0133,,,,0,0.0000,0.0000,0,0,lin_step
5122.0300,,,,0,0.0000,0.0000,0,0,lin_step
5122.0467,,,,0,0.0000,0.0000,0,0,lin_step
5122.0633,,,,0,0.0000,0.0000,0,0,lin_step
5122.0800,,,,0,0.0000,0.0000,0,0,lin_step
5122.0966,,,,0,0.0000,0.0000,0,0,lin_step
5122.1133,,,,0,0.0000,0.0000,0,0,lin_step
5122.1300,,,,0,0.0000,0.0000,0,0,lin_step
5122.1466,,,,0,0.0000,0.0000,0,0,lin_step
5122.1633,,,,0,0.0000,0.0000,0,0,lin_step
5122.1800,,,,0,0.0000,0.0000,0,0,lin_step
5122.1966,,,,0,0.0000,0.0000,0,0,lin_step
5122.2133,,,,0,0.0000,0.0000,0,0,lin_step
5122.2300,,,,0,0.0000,0.0000,0,0,lin_step
5122.2466,,,,0,0.0000,0.0000,0,0,lin_step
5122.2633,,,,0,0.0000,0.0000,0,0,lin_step
5122.2800,,,,0,0.0000,0.0000,0,0,lin_step
5122.2966,,,,0,0.0000,0.0000,0,0,lin_step
5122.3133,,,,0,0.0000,0.0000,0,0,lin_step
5122.3299,,,,0,0.0000,0.0000,0,0,lin_step
5122.3466,,,,0,0.0000,0.0000,0,0,lin_step
5122.3633,,,,0,0.0000,0.0000,0,0,lin_step
5122.3799,,,,0,0.0000,0.0000,0,0,lin_step
5122.3966,,,,0,0.0000,0.0000,0,0,lin_step
5122.4133,,,,0,0.0000,0.0000,0,0,lin_step
5122.4299,,,,0,0.0000,0.0000,0,0,lin_step
5122.4466,,,,0,0.0000,0.0000,0,0,lin_step
5122.4633,,,,0,0.0000,0.0000,0,0,lin_step
5122.4799,,,,0,0.0000,0.0000,0,0,lin_step
5122.4966,,,,0,0.0000,0.0000,0,0,lin_step
5122.5133,,,,0,0.0000,0.0000,0,0,lin_step
5122.5299,,,,0,0.0000,0.0000,0,0,lin_step
5122.5466,,,,0,0.0000,0.0000,0,0,lin_step
5122.5632,,,,0,0.0000,0.0000,0,0,lin_step
5122.5799,,,,0,0.0000,0.0000,0,0,lin_step
5122.5966,,,,0,0.0000,0.0000,0,0,lin_step
5122.6132,,,,0,0.0000,0.0000,0,0,lin_step
5122.6299,,,,0,0.0000,0.0000,0,0,lin_step
5122.6466,,,,0,0.0000,0.0000,0,0,lin_step
5122.6632,,,,0,0.0000,0.0000,0,0,lin_step
5122.6799,,,,0,0.0000,0.0000,0,0,lin_step
5122.6966,,,,0,0.0000,0.0000,0,0,lin_step
5122.7132,,,,0,0.0000,0.0000,0,0,lin_step
5122.7299,,,,0,0.0000,0.0000,0,0,lin_step
5122.7466,,,,0,0.0000,0.0000,0,0,lin_step
5122.7632,,,,0,0.0000,0.0000,0,0,lin_step
5122.7799,,,,0,0.0000,0.0000,0,0,lin_step
5122.7965,,,,0,0.0000,0.0000,0,0,lin_step
5122.8132,,,,0,0.0000,0.0000,0,0,lin_step
5122.8299,,,,0,0.0000,0.0000,0,0,lin_step
5122.8465,,,,0,0.0000,0.0000,0,0,lin_step
5122.8632,,,,0,0.0000,0.0000,0,0,lin_step
5122.8799,,,,0,0.0000,0.0000,0,0,lin_step
5122.8965,,,,0,0.0000,0.0000,0,0,lin_step
5122.9132,,,,0,0.0000,0.0000,0,0,lin_step
5122.9299,,,,0,0.0000,0.0000,0,0,lin_step
5122.9465,,,,0,0.0000,0.0000,0,0,lin_step
5122.9632,,,,0,0.0000,0.0000,0,0,lin_step
5122.9799,,,,0,0.0000,0.0000,0,0,lin_step
5122.9965,,,,0,0.7500,0.0000,375,0,lin_step
5123.0132,,,,0,0.7500,0.0000,375,0,lin_step
5123.0298,,,,0,0.7500,0.0000,375,0,lin_step
5123.0465,,,,0,0.7500,0.0000,375,0,lin_step
5123.0632,,,,0,0.7500,0.0000,375,0,lin_step
5123.0798,,,,0,0.7500,0.0000,375,0,lin_step
5123.0965,,,,0,0.7500,0.0000,375,0,lin_step
5123.1132,,,,0,0.7500,0.0000,375,0,lin_step
5123.1298,,,,0,0.7500,0.0000,375,0,lin_step
5123.1465,,,,0,0.7500,0.0000,375,0,lin_step
5123.1632,,,,0,0.7500,0.0000,375,0,lin_step
5123.1798,,,,0,0.7500,0.0000,375,0,lin_step
5123.1965,,,,0,0.7500,0.0000,375,0,lin_step
5123.2132,,,,0,0.7500,0.0000,375,0,lin_step
5123.2298,,,,0,0.7500,0.0000,375,0,lin_step
5123.2465,,,,0,0.7500,0.0000,375,0,lin_step
5123.2631,,,,0,0.7500,0.0000,375,0,lin_step
5123.2798,,,,0,0.0000,0.0000,0,0,lin_step
5123.2965,,,,0,0.0000,0.0000,0,0,lin_step
5123.3131,,,,0,0.0000,0.0000,0,0,lin_step
5123.3298,,,,0,0.0000,0.0000,0,0,lin_step
5123.3465,,,,0,0.0000,0.0000,0,0,lin_step
5123.3631,,,,0,0.0000,0.0000,0,0,lin_step
5123.3798,,,,0,0.0000,0.0000,0,0,lin_step
5123.3965,,,,0,0.0000,0.0000,0,0,lin_step
5123.4131,,,,0,0.0000,0.0000,0,0,lin_step
5123.4298,,,,0,0.0000,0.0000,0,0,lin_step
5123.4465,,,,0,0.0000,0.0000,0,0,lin_step
5123.4631,,,,0,0.0000,0.0000,0,0,lin_step
5123.4798,,,,0,0.0000,0.0000,0,0,lin_step
5123.4964,,,,0,0.0000,0.0000,0,0,lin_step
5123.5131,,,,0,0.0000,0.0000,0,0,lin_step
5123.5298,,,,0,0.0000,0.0000,0,0,lin_step
5123.5464,,,,0,0.0000,0.0000,0,0,lin_step
5123.5631,,,,0,0.0000,0.0000,0,0,lin_step
5123.5798,,,,0,0.0000,0.0000,0,0,lin_step
5123.5964,,,,0,0.0000,0.0000,0,0,lin_step
5123.6131,,,,0,0.0000,0.0000,0,0,lin_step
5123.6298,,,,0,0.0000,0.0000,0,0,lin_step
5123.6464,,,,0,0.0000,0.0000,0,0,lin_step
5123.6631,,,,0,0.0000,0.0000,0,0,lin_step
5123.6798,,,,0,0.0000,0.0000,0,0,lin_step
5123.6964,,,,0,0.0000,0.0000,0,0,lin_step
5123.7131,,,,0,0.0000,0.0000,0,0,lin_step
5123.7297,,,,0,0.0000,0.0000,0,0,lin_step
5123.7464,,,,0,0.0000,0.0000,0,0,lin_step
5123.7631,,,,0,0.0000,0.0000,0,0,lin_step
5123.7797,,,,0,0.0000,0.0000,0,0,lin_step
5123.7964,,,,0,0.0000,0.0000,0,0,lin_step
5123.8131,,,,0,0.0000,0.0000,0,0,lin_step
5123.8297,,,,0,0.0000,0.0000,0,0,lin_step
5123.8464,,,,0,0.0000,0.0000,0,0,lin_step
5123.8631,,,,0,0.0000,0.0000,0,0,lin_step
5123.8797,,,,0,0.0000,0.0000,0,0,lin_step
5123.8964,,,,0,0.0000,0.0000,0,0,lin_step
5123.9131,,,,0,0.0000,0.0000,0,0,lin_step
5123.9297,,,,0,0.0000,0.0000,0,0,lin_step
5123.9464,,,,0,0.0000,0.0000,0,0,lin_step
5123.9631,,,,0,0.0000,0.0000,0,0,lin_step
5123.9797,,,,0,0.0000,0.0000,0,0,lin_step
5123.9964,,,,0,0.0000,0.0000,0,0,lin_step
5124.0130,,,,0,0.0000,0.0000,0,0,lin_step
5124.0297,,,,0,0.0000,0.0000,0,0,lin_step
5124.0464,,,,0,0.0000,0.0000,0,0,lin_step
5124.0630,,,,0,0.0000,0.0000,0,0,lin_step
5124.0797,,,,0,0.0000,0.0000,0,0,lin_step
5124.0964,,,,0,0.0000,0.0000,0,0,lin_step
5124.1130,,,,0,0.0000,0.0000,0,0,lin_step
5124.1297,,,,0,0.0000,0.0000,0,0,lin_step
5124.1464,,,,0,0.0000,0.0000,0,0,lin_step
5124.1630,,,,0,0.0000,0.0000,0,0,lin_step
5124.1797,,,,0,0.0000,0.0000,0,0,lin_step
5124.1964,,,,0,0.0000,0.0000,0,0,lin_step
5124.2130,,,,0,0.0000,0.0000,0,0,lin_step
5124.2297,,,,0,0.0000,0.0000,0,0,lin_step
5124.2463,,,,0,0.0000,0.0000,0,0,lin_step
5124.2630,,,,0,0.0000,0.0000,0,0,lin_step
5124.2797,,,,0,0.0000,0.0000,0,0,lin_step
5124.2963,,,,0,0.0000,0.0000,0,0,lin_step
5124.3130,,,,0,0.0000,0.0000,0,0,lin_step
5124.3297,,,,0,0.0000,0.0000,0,0,lin_step
5124.3463,,,,0,0.0000,0.0000,0,0,lin_step
5124.3630,,,,0,0.0000,0.0000,0,0,lin_step
5124.3797,,,,0,0.0000,0.0000,0,0,lin_step
5124.3963,,,,0,0.0000,0.0000,0,0,lin_step
5124.4130,,,,0,0.0000,0.0000,0,0,lin_step
5124.4297,,,,0,0.0000,0.0000,0,0,lin_step
5124.4463,,,,0,0.0000,0.0000,0,0,lin_step
5124.4630,,,,0,0.0000,0.0000,0,0,lin_step
5124.4796,,,,0,0.0000,0.0000,0,0,lin_step
5124.4963,,,,0,-0.7500,0.0000,-375,0,lin_step
5124.5130,,,,0,-0.7500,0.0000,-375,0,lin_step
5124.5296,,,,0,-0.7500,0.0000,-375,0,lin_step
5124.5463,,,,0,-0.7500,0.0000,-375,0,lin_step
5124.5630,,,,0,-0.7500,0.0000,-375,0,lin_step
5124.5796,,,,0,-0.7500,0.0000,-375,0,lin_step
5124.5963,,,,0,-0.7500,0.0000,-375,0,lin_step
5124.6130,,,,0,-0.7500,0.0000,-375,0,lin_step
5124.6296,,,,0,-0.7500,0.0000,-375,0,lin_step
5124.6463,,,,0,-0.7500,0.0000,-375,0,lin_step
5124.6630,,,,0,-0.7500,0.0000,-375,0,lin_step
5124.6796,0.99600,1.10451,-2.46057,1,-0.7500,0.0000,-375,0,lin_step
5124.6963,0.92880,1.07669,-2.85864,1,-0.7500,0.0000,-375,0,lin_step
5124.7129,,,,0,-0.7500,0.0000,-375,0,lin_step
5124.7296,,,,0,-0.7500,0.0000,-375,0,lin_step
5124.7463,,,,0,-0.7500,0.0000,-375,0,lin_step
5124.7629,,,,0,-0.7500,0.0000,-375,0,lin_step
5124.7796,,,,0,-0.7500,0.0000,-375,0,lin_step
5124.7963,,,,0,0.0000,0.0000,0,0,lin_step
5124.8129,,,,0,0.0000,0.0000,0,0,lin_step
5124.8296,,,,0,0.0000,0.0000,0,0,lin_step
5124.8463,,,,0,0.0000,0.0000,0,0,lin_step
5124.8629,,,,0,0.0000,0.0000,0,0,lin_step
5124.8796,0.54258,0.96771,-3.04171,1,0.0000,0.0000,0,0,lin_step
5124.8963,0.53363,0.97132,-3.02873,1,0.0000,0.0000,0,0,lin_step
5124.9129,0.52829,0.97686,-2.40045,1,0.0000,0.0000,0,0,lin_step
5124.9296,,,,0,0.0000,0.0000,0,0,lin_step
5124.9462,,,,0,0.0000,0.0000,0,0,lin_step
5124.9629,,,,0,0.0000,0.0000,0,0,lin_step
5124.9796,,,,0,0.0000,0.0000,0,0,lin_step
5124.9962,,,,0,0.0000,0.0000,0,0,lin_step
5125.0129,,,,0,0.0000,0.0000,0,0,lin_step
5125.0296,,,,0,0.0000,0.0000,0,0,lin_step
5125.0462,,,,0,0.0000,0.0000,0,0,lin_step
5125.0629,,,,0,0.0000,0.0000,0,0,lin_step
5125.0796,,,,0,0.0000,0.0000,0,0,lin_step
5125.0962,,,,0,0.0000,0.0000,0,0,lin_step
5125.1129,,,,0,0.0000,0.0000,0,0,lin_step
5125.1296,,,,0,0.0000,0.0000,0,0,lin_step
5125.1462,,,,0,0.0000,0.0000,0,0,lin_step
5125.1629,,,,0,0.0000,0.0000,0,0,lin_step
5125.1795,,,,0,0.0000,0.0000,0,0,lin_step
5125.1962,,,,0,0.0000,0.0000,0,0,lin_step
5125.2129,,,,0,0.0000,0.0000,0,0,lin_step
5125.2295,,,,0,0.0000,0.0000,0,0,lin_step
5125.2462,,,,0,0.0000,0.0000,0,0,lin_step
5125.2629,,,,0,0.0000,0.0000,0,0,lin_step
5125.2795,,,,0,0.0000,0.0000,0,0,lin_step
5125.2962,,,,0,0.0000,0.0000,0,0,lin_step
5125.3129,,,,0,0.0000,0.0000,0,0,lin_step
5125.3295,,,,0,0.0000,0.0000,0,0,lin_step
5125.3462,,,,0,0.0000,0.0000,0,0,lin_step
5125.3629,,,,0,0.0000,0.0000,0,0,lin_step
5125.3795,,,,0,0.0000,0.0000,0,0,lin_step
5125.3962,,,,0,0.0000,0.0000,0,0,lin_step
5125.4128,,,,0,0.0000,0.0000,0,0,lin_step
5125.4295,,,,0,0.0000,0.0000,0,0,lin_step
5125.4462,,,,0,0.0000,0.0000,0,0,lin_step
5125.4628,,,,0,0.0000,0.0000,0,0,lin_step
5125.4795,,,,0,0.0000,0.0000,0,0,lin_step
5125.4962,,,,0,0.0000,0.0000,0,0,lin_step
5125.5128,,,,0,0.0000,0.0000,0,0,lin_step
5125.5295,,,,0,0.0000,0.0000,0,0,lin_step
5125.5462,,,,0,0.0000,0.0000,0,0,lin_step
5125.5628,,,,0,0.0000,0.0000,0,0,lin_step
5125.5795,,,,0,0.0000,0.0000,0,0,lin_step
5125.5962,,,,0,0.0000,0.0000,0,0,lin_step
5125.6128,,,,0,0.0000,0.0000,0,0,lin_step
5125.6295,,,,0,0.0000,0.0000,0,0,lin_step
5125.6461,,,,0,0.0000,0.0000,0,0,lin_step
5125.6628,,,,0,0.0000,0.0000,0,0,lin_step
5125.6795,,,,0,0.0000,0.0000,0,0,lin_step
5125.6961,,,,0,0.0000,0.0000,0,0,lin_step
5125.7128,,,,0,0.0000,0.0000,0,0,lin_step
5125.7295,,,,0,0.0000,0.0000,0,0,lin_step
5125.7461,,,,0,0.0000,0.0000,0,0,lin_step
5125.7628,,,,0,0.0000,0.0000,0,0,lin_step
5125.7795,,,,0,0.0000,0.0000,0,0,lin_step
5125.7962,,,,0,0.0000,0.0000,0,0,lin_step
5125.8128,,,,0,0.0000,0.0000,0,0,lin_step
5125.8295,,,,0,0.0000,0.0000,0,0,lin_step
5125.8462,,,,0,0.0000,0.0000,0,0,lin_step
5125.8628,,,,0,0.0000,0.0000,0,0,lin_step
5125.8795,,,,0,0.0000,0.0000,0,0,lin_step
5125.8961,,,,0,0.0000,0.0000,0,0,lin_step
5125.9128,,,,0,0.0000,0.0000,0,0,lin_step
5125.9295,,,,0,0.0000,0.0000,0,0,lin_step
5125.9461,,,,0,0.0000,0.0000,0,0,lin_step
5125.9628,,,,0,0.0000,0.0000,0,0,lin_step
5125.9795,,,,0,0.0000,0.0000,0,0,lin_step
5125.9961,,,,0,1.0000,0.0000,500,0,lin_step
5126.0128,,,,0,1.0000,0.0000,500,0,lin_step
5126.0295,,,,0,1.0000,0.0000,500,0,lin_step
5126.0461,,,,0,1.0000,0.0000,500,0,lin_step
5126.0628,,,,0,1.0000,0.0000,500,0,lin_step
5126.0795,,,,0,1.0000,0.0000,500,0,lin_step
5126.0961,,,,0,1.0000,0.0000,500,0,lin_step
5126.1128,,,,0,1.0000,0.0000,500,0,lin_step
5126.1294,,,,0,1.0000,0.0000,500,0,lin_step
5126.1461,,,,0,1.0000,0.0000,500,0,lin_step
5126.1628,,,,0,1.0000,0.0000,500,0,lin_step
5126.1794,,,,0,1.0000,0.0000,500,0,lin_step
5126.1961,,,,0,0.0000,0.0000,0,0,lin_step
5126.2128,,,,0,0.0000,0.0000,0,0,lin_step
5126.2294,,,,0,0.0000,0.0000,0,0,lin_step
5126.2461,,,,0,0.0000,0.0000,0,0,lin_step
5126.2628,,,,0,0.0000,0.0000,0,0,lin_step
5126.2794,,,,0,0.0000,0.0000,0,0,lin_step
5126.2961,,,,0,0.0000,0.0000,0,0,lin_step
5126.3128,,,,0,0.0000,0.0000,0,0,lin_step
5126.3294,,,,0,0.0000,0.0000,0,0,lin_step
5126.3461,,,,0,0.0000,0.0000,0,0,lin_step
5126.3627,,,,0,0.0000,0.0000,0,0,lin_step
5126.3794,,,,0,0.0000,0.0000,0,0,lin_step
5126.3961,,,,0,0.0000,0.0000,0,0,lin_step
5126.4127,,,,0,0.0000,0.0000,0,0,lin_step
5126.4294,,,,0,0.0000,0.0000,0,0,lin_step
5126.4461,,,,0,0.0000,0.0000,0,0,lin_step
5126.4627,,,,0,0.0000,0.0000,0,0,lin_step
5126.4794,,,,0,0.0000,0.0000,0,0,lin_step
5126.4961,,,,0,0.0000,0.0000,0,0,lin_step
5126.5127,,,,0,0.0000,0.0000,0,0,lin_step
5126.5294,,,,0,0.0000,0.0000,0,0,lin_step
5126.5461,,,,0,0.0000,0.0000,0,0,lin_step
5126.5627,,,,0,0.0000,0.0000,0,0,lin_step
5126.5794,,,,0,0.0000,0.0000,0,0,lin_step
5126.5960,,,,0,0.0000,0.0000,0,0,lin_step
5126.6127,,,,0,0.0000,0.0000,0,0,lin_step
5126.6294,,,,0,0.0000,0.0000,0,0,lin_step
5126.6460,,,,0,0.0000,0.0000,0,0,lin_step
5126.6627,,,,0,0.0000,0.0000,0,0,lin_step
5126.6794,,,,0,0.0000,0.0000,0,0,lin_step
5126.6960,,,,0,0.0000,0.0000,0,0,lin_step
5126.7127,,,,0,0.0000,0.0000,0,0,lin_step
5126.7294,,,,0,0.0000,0.0000,0,0,lin_step
5126.7460,,,,0,0.0000,0.0000,0,0,lin_step
5126.7627,,,,0,0.0000,0.0000,0,0,lin_step
5126.7794,,,,0,0.0000,0.0000,0,0,lin_step
5126.7960,,,,0,0.0000,0.0000,0,0,lin_step
5126.8127,,,,0,0.0000,0.0000,0,0,lin_step
5126.8293,,,,0,0.0000,0.0000,0,0,lin_step
5126.8460,,,,0,0.0000,0.0000,0,0,lin_step
5126.8627,,,,0,0.0000,0.0000,0,0,lin_step
5126.8793,,,,0,0.0000,0.0000,0,0,lin_step
5126.8960,,,,0,0.0000,0.0000,0,0,lin_step
5126.9127,,,,0,0.0000,0.0000,0,0,lin_step
5126.9293,,,,0,0.0000,0.0000,0,0,lin_step
5126.9460,,,,0,0.0000,0.0000,0,0,lin_step
5126.9627,,,,0,0.0000,0.0000,0,0,lin_step
5126.9793,,,,0,0.0000,0.0000,0,0,lin_step
5126.9960,,,,0,0.0000,0.0000,0,0,lin_step
5127.0127,,,,0,0.0000,0.0000,0,0,lin_step
5127.0293,,,,0,0.0000,0.0000,0,0,lin_step
5127.0460,,,,0,0.0000,0.0000,0,0,lin_step
5127.0626,,,,0,0.0000,0.0000,0,0,lin_step
5127.0793,,,,0,0.0000,0.0000,0,0,lin_step
5127.0960,,,,0,0.0000,0.0000,0,0,lin_step
5127.1126,,,,0,0.0000,0.0000,0,0,lin_step
5127.1293,,,,0,0.0000,0.0000,0,0,lin_step
5127.1460,,,,0,0.0000,0.0000,0,0,lin_step
5127.1626,,,,0,0.0000,0.0000,0,0,lin_step
5127.1793,,,,0,0.0000,0.0000,0,0,lin_step
5127.1960,,,,0,0.0000,0.0000,0,0,lin_step
5127.2126,,,,0,0.0000,0.0000,0,0,lin_step
5127.2293,,,,0,0.0000,0.0000,0,0,lin_step
5127.2460,,,,0,0.0000,0.0000,0,0,lin_step
5127.2626,,,,0,0.0000,0.0000,0,0,lin_step
5127.2793,,,,0,0.0000,0.0000,0,0,lin_step
5127.2959,,,,0,0.0000,0.0000,0,0,lin_step
5127.3126,,,,0,0.0000,0.0000,0,0,lin_step
5127.3293,,,,0,0.0000,0.0000,0,0,lin_step
5127.3459,,,,0,0.0000,0.0000,0,0,lin_step
5127.3626,,,,0,0.0000,0.0000,0,0,lin_step
5127.3793,,,,0,0.0000,0.0000,0,0,lin_step
5127.3959,,,,0,0.0000,0.0000,0,0,lin_step
5127.4126,,,,0,-1.0000,0.0000,-500,0,lin_step
5127.4293,,,,0,-1.0000,0.0000,-500,0,lin_step
5127.4459,,,,0,-1.0000,0.0000,-500,0,lin_step
5127.4626,,,,0,-1.0000,0.0000,-500,0,lin_step
5127.4793,,,,0,-1.0000,0.0000,-500,0,lin_step
5127.4959,,,,0,-1.0000,0.0000,-500,0,lin_step
5127.5126,,,,0,-1.0000,0.0000,-500,0,lin_step
5127.5292,,,,0,-1.0000,0.0000,-500,0,lin_step
5127.5459,,,,0,-1.0000,0.0000,-500,0,lin_step
5127.5626,,,,0,-1.0000,0.0000,-500,0,lin_step
5127.5792,,,,0,-1.0000,0.0000,-500,0,lin_step
5127.5959,,,,0,-1.0000,0.0000,-500,0,lin_step
5127.6126,,,,0,-1.0000,0.0000,-500,0,lin_step
5127.6292,,,,0,0.0000,0.0000,0,0,lin_step
5127.6459,,,,0,0.0000,0.0000,0,0,lin_step
5127.6626,,,,0,0.0000,0.0000,0,0,lin_step
5127.6792,,,,0,0.0000,0.0000,0,0,lin_step
5127.6959,,,,0,0.0000,0.0000,0,0,lin_step
5127.7126,,,,0,0.0000,0.0000,0,0,lin_step
5127.7292,,,,0,0.0000,0.0000,0,0,lin_step
5127.7459,,,,0,0.0000,0.0000,0,0,lin_step
5127.7625,,,,0,0.0000,0.0000,0,0,lin_step
5127.7792,,,,0,0.0000,0.0000,0,0,lin_step
5127.7959,,,,0,0.0000,0.0000,0,0,lin_step
5127.8125,,,,0,0.0000,0.0000,0,0,lin_step
5127.8292,,,,0,0.0000,0.0000,0,0,lin_step
5127.8459,,,,0,0.0000,0.0000,0,0,lin_step
5127.8625,,,,0,0.0000,0.0000,0,0,lin_step
5127.8792,,,,0,0.0000,0.0000,0,0,lin_step
5127.8959,,,,0,0.0000,0.0000,0,0,lin_step
5127.9125,,,,0,0.0000,0.0000,0,0,lin_step
5127.9292,,,,0,0.0000,0.0000,0,0,lin_step
5127.9459,,,,0,0.0000,0.0000,0,0,lin_step
5127.9625,,,,0,0.0000,0.0000,0,0,lin_step
5127.9792,,,,0,0.0000,0.0000,0,0,lin_step
5127.9959,,,,0,0.0000,0.0000,0,0,lin_step
5128.0125,,,,0,0.0000,0.0000,0,0,lin_step
5128.0292,,,,0,0.0000,0.0000,0,0,lin_step
5128.0458,,,,0,0.0000,0.0000,0,0,lin_step
5128.0625,,,,0,0.0000,0.0000,0,0,lin_step
5128.0792,,,,0,0.0000,0.0000,0,0,lin_step
5128.0958,,,,0,0.0000,0.0000,0,0,lin_step
5128.1125,,,,0,0.0000,0.0000,0,0,lin_step
5128.1292,,,,0,0.0000,0.0000,0,0,lin_step
5128.1458,,,,0,0.0000,0.0000,0,0,lin_step
5128.1625,,,,0,0.0000,0.0000,0,0,lin_step
5128.1792,,,,0,0.0000,0.0000,0,0,lin_step
5128.1958,,,,0,0.0000,0.0000,0,0,lin_step
5128.2125,,,,0,0.0000,0.0000,0,0,lin_step
5128.2292,,,,0,0.0000,0.0000,0,0,lin_step
5128.2458,,,,0,0.0000,0.0000,0,0,lin_step
5128.2625,,,,0,0.0000,0.0000,0,0,lin_step
5128.2791,,,,0,0.0000,0.0000,0,0,lin_step
5128.2958,,,,0,0.0000,0.0000,0,0,lin_step
5128.3125,,,,0,0.0000,0.0000,0,0,lin_step
5128.3291,,,,0,0.0000,0.0000,0,0,lin_step
5128.3458,,,,0,0.0000,0.0000,0,0,lin_step
5128.3625,,,,0,0.0000,0.0000,0,0,lin_step
5128.3791,,,,0,0.0000,0.0000,0,0,lin_step
5128.3958,,,,0,0.0000,0.0000,0,0,lin_step
5128.4125,,,,0,0.0000,0.0000,0,0,lin_step
5128.4291,,,,0,0.0000,0.0000,0,0,lin_step
5128.4458,,,,0,0.0000,0.0000,0,0,lin_step
5128.4624,,,,0,0.0000,0.0000,0,0,lin_step
5128.4791,,,,0,0.0000,0.0000,0,0,lin_step
5128.4958,,,,0,0.0000,0.0000,0,0,lin_step
5128.5124,,,,0,0.0000,0.0000,0,0,lin_step
5128.5291,,,,0,0.0000,0.0000,0,0,lin_step
5128.5458,,,,0,0.0000,0.0000,0,0,lin_step
5128.5624,,,,0,0.0000,0.0000,0,0,lin_step
5128.5791,,,,0,0.0000,0.0000,0,0,lin_step
5128.5958,,,,0,0.0000,0.0000,0,0,lin_step
5128.6124,,,,0,0.0000,0.0000,0,0,lin_step
5128.6291,,,,0,0.0000,0.0000,0,0,lin_step
5128.6458,,,,0,0.0000,0.0000,0,0,lin_step
5128.6624,,,,0,0.0000,0.0000,0,0,lin_step
5128.6791,,,,0,0.0000,0.0000,0,0,lin_step
5128.6958,,,,0,0.0000,0.0000,0,0,lin_step
5128.7124,,,,0,0.0000,0.0000,0,0,lin_step
5128.7291,,,,0,0.0000,0.0000,0,0,lin_step
5128.7457,,,,0,0.0000,0.0000,0,0,lin_step
5128.7624,,,,0,0.0000,0.0000,0,0,lin_step
5128.7791,,,,0,0.0000,0.0000,0,0,lin_step
5128.7957,,,,0,0.0000,0.0000,0,0,lin_step
5136.4615,0.41209,0.20457,-1.54922,1,0.0000,0.0000,0,0,lin_step
5136.4948,0.40172,0.20359,-1.54420,1,0.0000,0.0000,0,0,lin_step
5136.5115,0.41298,0.20440,-1.54734,1,0.0000,0.0000,0,0,lin_step
5136.5282,0.41714,0.20458,-1.55187,1,0.0000,0.0000,0,0,lin_step
5136.5448,0.40856,0.20438,-1.54104,1,0.0000,0.0000,0,0,lin_step
5136.5615,0.40683,0.20433,-1.55366,1,0.0000,0.0000,0,0,lin_step
5136.5782,0.42396,0.20578,-1.55038,1,0.0000,0.0000,0,0,lin_step
5136.5948,0.40463,0.20386,-1.54365,1,0.0000,0.0000,0,0,lin_step
5136.6115,0.40761,0.20378,-1.54780,1,0.0000,0.0000,0,0,lin_step
5136.6282,0.40605,0.20395,-1.54437,1,0.0000,0.0000,0,0,lin_step
5136.6448,0.40985,0.20458,-1.54006,1,0.0000,0.0000,0,0,lin_step
5136.6615,0.41008,0.20414,-1.55428,1,0.0000,0.0000,0,0,lin_step
5136.6781,0.40173,0.20321,-1.55209,1,0.0000,0.0000,0,0,lin_step
5136.6948,0.40055,0.20379,-1.52370,1,0.0000,0.0000,0,0,lin_step
5136.7115,0.40512,0.20421,-1.55571,1,0.0000,0.0000,0,0,lin_step
5136.7281,0.40439,0.20352,-1.55882,1,0.0000,0.0000,0,0,lin_step
5136.7448,0.40247,0.20419,-1.52868,1,0.0000,0.0000,0,0,lin_step
5136.7615,0.40471,0.20384,-1.53760,1,0.0000,0.0400,0,-20,ang_deadzone_left
5136.7781,0.42037,0.20564,-1.52729,1,0.0000,0.0400,0,-20,ang_deadzone_left
5136.7948,0.40047,0.20478,-1.55647,1,0.0000,0.0400,0,-20,ang_deadzone_left
5136.8115,0.40251,0.20616,-1.62522,1,0.0000,0.0400,0,-20,ang_deadzone_left
5136.8281,0.41802,0.20741,-1.64987,1,0.0000,0.0400,0,-20,ang_deadzone_left
5136.8448,0.41656,0.20615,-1.80135,1,0.0000,0.0400,0,-20,ang_deadzone_left
5136.8615,0.41773,0.20621,-1.86072,1,0.0000,0.0400,0,-20,ang_deadzone_left
5136.8781,0.41612,0.20402,-2.47282,1,0.0000,0.0400,0,-20,ang_deadzone_left
5136.8948,0.41909,0.20325,-2.00820,1,0.0000,0.0400,0,-20,ang_deadzone_left
5136.9114,0.42518,0.20264,-2.08226,1,0.0000,0.0400,0,-20,ang_deadzone_left
5136.9281,0.42870,0.20133,-2.17260,1,0.0000,0.0400,0,-20,ang_deadzone_left
5136.9448,0.43907,0.20087,-2.23149,1,0.0000,0.0400,0,-20,ang_deadzone_left
5136.9614,0.44217,0.19869,-2.28484,1,0.0000,0.0400,0,-20,ang_deadzone_left
5136.9781,0.44336,0.19655,-2.37993,1,0.0000,0.0400,0,-20,ang_deadzone_left
5136.9948,0.44837,0.19579,-2.43807,1,0.0000,0.0400,0,-20,ang_deadzone_left
5137.0114,0.45261,0.19360,-2.51600,1,0.0000,0.0400,0,-20,ang_deadzone_left
5137.0281,0.45412,0.18961,-2.91164,1,0.0000,0.0400,0,-20,ang_deadzone_left
5137.0448,0.43547,0.18570,-2.68384,1,0.0000,0.0400,0,-20,ang_deadzone_left
5137.0614,0.44356,0.18403,-2.75303,1,0.0000,0.0400,0,-20,ang_deadzone_left
5137.0781,0.42485,0.17950,-2.84663,1,0.0000,0.0400,0,-20,ang_deadzone_left
5137.0948,0.44549,0.17900,-2.90933,1,0.0000,0.0400,0,-20,ang_deadzone_left
5137.1114,,,,0,0.0000,0.0400,0,-20,ang_deadzone_left
5137.1281,,,,0,0.0000,0.0400,0,-20,ang_deadzone_left
5137.1447,0.45727,0.17116,3.09417,1,0.0000,0.0400,0,-20,ang_deadzone_left
5137.1614,0.41512,0.16510,3.06664,1,0.0000,0.0400,0,-20,ang_deadzone_left
5137.1781,0.46034,0.16606,2.98201,1,0.0000,0.0400,0,-20,ang_deadzone_left
5137.1947,,,,0,0.0000,0.0400,0,-20,ang_deadzone_left
5137.2114,,,,0,0.0000,0.0400,0,-20,ang_deadzone_left
5137.2281,0.46774,0.15778,3.05177,1,0.0000,0.0400,0,-20,ang_deadzone_left
5137.2447,0.44467,0.15351,2.63617,1,0.0000,0.0400,0,-20,ang_deadzone_left
5137.2614,0.43065,0.15033,2.58351,1,0.0000,0.0400,0,-20,ang_deadzone_left
5137.2781,0.45409,0.14914,2.45489,1,0.0000,0.0400,0,-20,ang_deadzone_left
5137.2947,0.44047,0.14653,2.40579,1,0.0000,0.0400,0,-20,ang_deadzone_left
5137.3114,0.43522,0.14431,2.32094,1,0.0000,0.0400,0,-20,ang_deadzone_left
5137.3281,0.42985,0.14238,2.25711,1,0.0000,0.0400,0,-20,ang_deadzone_left
5137.3447,0.42358,0.14011,2.16439,1,0.0000,0.0400,0,-20,ang_deadzone_left
5137.3614,0.42138,0.13828,2.10595,1,0.0000,0.0400,0,-20,ang_deadzone_left
5137.3780,0.41209,0.13678,2.01663,1,0.0000,0.0400,0,-20,ang_deadzone_left
5137.3947,0.41515,0.13603,1.94791,1,0.0000,0.0400,0,-20,ang_deadzone_left
5137.4114,0.41481,0.13557,1.87152,1,0.0000,0.0400,0,-20,ang_deadzone_left
5137.4280,0.40609,0.13468,1.77708,1,0.0000,0.0400,0,-20,ang_deadzone_left
5137.4447,0.40768,0.13386,1.72961,1,0.0000,0.0400,0,-20,ang_deadzone_left
5137.4614,0.39543,0.13375,1.62848,1,0.0000,0.0400,0,-20,ang_deadzone_left
5137.4780,0.37813,0.13288,1.55203,1,0.0000,0.0400,0,-20,ang_deadzone_left
5137.4947,0.37932,0.13247,1.44400,1,0.0000,0.0400,0,-20,ang_deadzone_left
5137.5114,0.39465,0.13458,1.37128,1,0.0000,0.0400,0,-20,ang_deadzone_left
5137.5280,0.36536,0.13291,1.31092,1,0.0000,0.0400,0,-20,ang_deadzone_left
5137.5447,0.37274,0.13568,0.63605,1,0.0000,0.0400,0,-20,ang_deadzone_left
5137.5614,0.36977,0.13544,1.14484,1,0.0000,0.0400,0,-20,ang_deadzone_left
5137.5780,0.36473,0.13659,1.08421,1,0.0000,0.0800,0,-40,ang_deadzone_left
5137.5947,0.36401,0.13836,0.99382,1,0.0000,0.0800,0,-40,ang_deadzone_left
5137.6113,0.35752,0.14036,0.91580,1,0.0000,0.0800,0,-40,ang_deadzone_left
5137.6280,0.36222,0.14254,0.82115,1,0.0000,0.0800,0,-40,ang_deadzone_left
5137.6447,0.36151,0.14425,0.75449,1,0.0000,0.0800,0,-40,ang_deadzone_left
5137.6613,0.35989,0.14656,0.69286,1,0.0000,0.0800,0,-40,ang_deadzone_left
5137.6780,0.35922,0.14942,0.60037,1,0.0000,0.0800,0,-40,ang_deadzone_left
5137.6947,0.36706,0.15336,0.22133,1,0.0000,0.0800,0,-40,ang_deadzone_left
5137.7113,0.36826,0.15647,0.39219,1,0.0000,0.0800,0,-40,ang_deadzone_left
5137.7280,0.36346,0.16020,0.15399,1,0.0000,0.0800,0,-40,ang_deadzone_left
5137.7447,0.36265,0.16350,0.12295,1,0.0000,0.0800,0,-40,ang_deadzone_left
5137.7613,0.37139,0.16809,0.10734,1,0.0000,0.0800,0,-40,ang_deadzone_left
5137.7780,0.36365,0.17067,0.08208,1,0.0000,0.0800,0,-40,ang_deadzone_left
5137.7947,0.36403,0.17421,0.04555,1,0.0000,0.0800,0,-40,ang_deadzone_left
5137.8113,0.36512,0.17796,-0.24712,1,0.0000,0.0800,0,-40,ang_deadzone_left
5137.8280,0.35912,0.18015,-0.00629,1,0.0000,0.0800,0,-40,ang_deadzone_left
5137.8446,0.36332,0.18404,-0.07002,1,0.0000,0.0800,0,-40,ang_deadzone_left
5137.8613,0.36300,0.18756,-0.55479,1,0.0000,0.0800,0,-40,ang_deadzone_left
5137.8780,0.35292,0.18839,-0.13116,1,0.0000,0.0800,0,-40,ang_deadzone_left
5137.8946,0.37887,0.19356,-0.22394,1,0.0000,0.0800,0,-40,ang_deadzone_left
5137.9113,0.38125,0.19689,-0.31177,1,0.0000,0.0800,0,-40,ang_deadzone_left
5137.9280,0.36461,0.19683,-0.93516,1,0.0000,0.0800,0,-40,ang_deadzone_left
5137.9446,0.36879,0.19875,-1.03094,1,0.0000,0.0800,0,-40,ang_deadzone_left
5137.9613,0.37643,0.20126,-1.11878,1,0.0000,0.0800,0,-40,ang_deadzone_left
5137.9780,0.38623,0.20310,-1.20268,1,0.0000,0.0800,0,-40,ang_deadzone_left
5137.9946,0.37977,0.20315,-1.30582,1,0.0000,0.0800,0,-40,ang_deadzone_left
5138.0113,0.39648,0.20490,-1.40882,1,0.0000,0.0800,0,-40,ang_deadzone_left
5138.0280,0.39020,0.20461,-1.50514,1,0.0000,0.0800,0,-40,ang_deadzone_left
5138.0446,0.42246,0.20837,-1.86756,1,0.0000,0.0800,0,-40,ang_deadzone_left
5138.0613,0.42618,0.20798,-1.69794,1,0.0000,0.0800,0,-40,ang_deadzone_left
5138.0779,0.43123,0.20654,-2.39769,1,0.0000,0.0800,0,-40,ang_deadzone_left
5138.0946,0.44160,0.20765,-1.91797,1,0.0000,0.0800,0,-40,ang_deadzone_left
5138.1113,0.43373,0.20443,-2.02345,1,0.0000,0.0800,0,-40,ang_deadzone_left
5138.1279,0.43487,0.20251,-2.12715,1,0.0000,0.0800,0,-40,ang_deadzone_left
5138.1446,0.44682,0.20163,-2.18375,1,0.0000,0.0800,0,-40,ang_deadzone_left
5138.1613,0.44054,0.19753,-2.81239,1,0.0000,0.0800,0,-40,ang_deadzone_left
5138.1779,0.45660,0.19709,-2.39539,1,0.0000,0.0800,0,-40,ang_deadzone_left
5138.1946,0.49388,0.19688,-2.46260,1,0.0000,0.0800,0,-40,ang_deadzone_left
5138.2113,,,,0,0.0000,0.0800,0,-40,ang_deadzone_left
5138.2279,,,,0,0.0000,0.0800,0,-40,ang_deadzone_left
5138.2446,0.43620,0.18147,-2.79587,1,0.0000,0.0800,0,-40,ang_deadzone_left
5138.2613,0.48128,0.18352,-2.92262,1,0.0000,0.0800,0,-40,ang_deadzone_left
5138.2779,0.44579,0.17501,-3.04100,1,0.0000,0.0800,0,-40,ang_deadzone_left
5138.2946,0.44469,0.17127,-3.12753,1,0.0000,0.0800,0,-40,ang_deadzone_left
5138.3112,0.44974,0.16896,-3.10664,1,0.0000,0.0800,0,-40,ang_deadzone_left
5138.3279,,,,0,0.0000,0.0800,0,-40,ang_deadzone_left
5138.3446,,,,0,0.0000,0.0800,0,-40,ang_deadzone_left
5138.3612,0.45029,0.15777,2.75815,1,0.0000,0.0800,0,-40,ang_deadzone_left
5138.3779,0.43438,0.15412,2.68391,1,0.0000,0.0800,0,-40,ang_deadzone_left
5138.3946,0.45004,0.15209,2.58247,1,0.0000,0.1200,0,-60,ang_deadzone_left
5138.4112,0.44019,0.14843,2.48118,1,0.0000,0.1200,0,-60,ang_deadzone_left
5138.4279,,,,0,0.0000,0.1200,0,-60,ang_deadzone_left
5138.4446,0.44562,0.14281,2.73988,1,0.0000,0.1200,0,-60,ang_deadzone_left
5138.4612,0.42859,0.13843,2.07177,1,0.0000,0.1200,0,-60,ang_deadzone_left
5138.4779,0.42281,0.13634,1.95935,1,0.0000,0.1200,0,-60,ang_deadzone_left
5138.4946,0.42530,0.13621,2.06199,1,0.0000,0.1200,0,-60,ang_deadzone_left
5138.5112,0.41036,0.13358,1.66214,1,0.0000,0.1200,0,-60,ang_deadzone_left
5138.5279,0.40700,0.13349,1.46369,1,0.0000,0.1200,0,-60,ang_deadzone_left
5138.5445,0.39977,0.13419,1.34379,1,0.0000,0.1200,0,-60,ang_deadzone_left
5138.5612,0.38036,0.13551,0.59875,1,0.0000,0.1200,0,-60,ang_deadzone_left
5138.5779,0.38970,0.13735,0.55099,1,0.0000,0.1200,0,-60,ang_deadzone_left
5138.5945,0.36958,0.13924,0.92344,1,0.0000,0.1200,0,-60,ang_deadzone_left
5138.6112,0.36383,0.14241,0.79775,1,0.0000,0.1200,0,-60,ang_deadzone_left
5138.6279,0.36845,0.14716,0.27459,1,0.0000,0.1200,0,-60,ang_deadzone_left
5138.6445,0.36579,0.15111,0.51327,1,0.0000,0.1200,0,-60,ang_deadzone_left
5138.6612,0.37001,0.15593,0.38421,1,0.0000,0.1200,0,-60,ang_deadzone_left
5138.6779,0.37064,0.16094,0.15336,1,0.0000,0.1200,0,-60,ang_deadzone_left
5138.6945,0.37354,0.16692,0.01708,1,0.0000,0.1200,0,-60,ang_deadzone_left
5138.7112,0.36627,0.17098,0.06010,1,0.0000,0.1200,0,-60,ang_deadzone_left
5138.7279,0.35778,0.17532,-0.30350,1,0.0000,0.1200,0,-60,ang_deadzone_left
5138.7445,0.36003,0.17984,-0.02394,1,0.0000,0.1200,0,-60,ang_deadzone_left
5138.7612,0.36197,0.18488,-0.55878,1,0.0000,0.1200,0,-60,ang_deadzone_left
5138.7778,0.38353,0.19202,-0.65167,1,0.0000,0.1200,0,-60,ang_deadzone_left
5138.7945,0.38540,0.19478,-0.84282,1,0.0000,0.1200,0,-60,ang_deadzone_left
5138.8112,0.37615,0.19703,-0.96588,1,0.0000,0.1200,0,-60,ang_deadzone_left
5138.8278,0.37581,0.19941,-1.09505,1,0.0000,0.1200,0,-60,ang_deadzone_left
5138.8445,0.41284,0.20552,-1.24609,1,0.0000,0.1200,0,-60,ang_deadzone_left
5138.8612,0.40420,0.20499,-1.37093,1,0.0000,0.1200,0,-60,ang_deadzone_left
5138.8778,0.40008,0.20587,-1.51307,1,0.0000,0.1200,0,-60,ang_deadzone_left
5138.8945,0.42536,0.20819,-1.70805,1,0.0000,0.1200,0,-60,ang_deadzone_left
5138.9112,0.43464,0.20803,-1.80302,1,0.0000,0.1200,0,-60,ang_deadzone_left
5138.9278,0.42963,0.20541,-1.98291,1,0.0000,0.1200,0,-60,ang_deadzone_left
5138.9445,0.43992,0.20318,-2.65695,1,0.0000,0.1200,0,-60,ang_deadzone_left
5138.9612,0.44180,0.20098,-2.23986,1,0.0000,0.1200,0,-60,ang_deadzone_left
5138.9778,0.44114,0.19717,-2.38347,1,0.0000,0.1200,0,-60,ang_deadzone_left
5138.9945,0.44289,0.19325,-2.51894,1,0.0000,0.1200,0,-60,ang_deadzone_left
5139.0111,0.45421,0.18939,-2.64996,1,0.0000,0.1200,0,-60,ang_deadzone_left
5139.0278,0.44329,0.18354,-2.79502,1,0.0000,0.1200,0,-60,ang_deadzone_left
5139.0445,,,,0,0.0000,0.1200,0,-60,ang_deadzone_left
5139.0611,0.47172,0.17622,-3.12752,1,0.0000,0.1200,0,-60,ang_deadzone_left
5139.0778,0.44227,0.16915,3.08492,1,0.0000,0.1200,0,-60,ang_deadzone_left
5139.0945,,,,0,0.0000,0.1200,0,-60,ang_deadzone_left
5139.1111,0.45194,0.15847,2.75169,1,0.0000,0.1200,0,-60,ang_deadzone_left
5139.1278,0.45463,0.15441,2.60105,1,0.0000,0.1200,0,-60,ang_deadzone_left
5139.1445,,,,0,0.0000,0.1200,0,-60,ang_deadzone_left
5139.1611,0.44998,0.14632,2.30864,1,0.0000,0.1200,0,-60,ang_deadzone_left
5139.1778,0.45538,0.14240,2.18656,1,0.0000,0.1200,0,-60,ang_deadzone_left
5139.1945,0.43106,0.13966,2.03896,1,0.0000,0.1200,0,-60,ang_deadzone_left
5139.2111,0.42247,0.13724,1.91041,1,0.0000,0.1600,0,-80,ang_deadzone_left
5139.2278,0.41893,0.13665,1.75942,1,0.0000,0.1600,0,-80,ang_deadzone_left
5139.2445,0.40816,0.13426,1.59839,1,0.0000,0.1600,0,-80,ang_deadzone_left
5139.2611,0.39961,0.13541,1.39626,1,0.0000,0.1600,0,-80,ang_deadzone_left
5139.2778,0.38437,0.13544,1.18891,1,0.0000,0.1600,0,-80,ang_deadzone_left
5139.2944,0.37363,0.13751,1.02766,1,0.0000,0.1600,0,-80,ang_deadzone_left
5139.3111,0.36482,0.14010,0.84807,1,0.0000,0.1600,0,-80,ang_deadzone_left
5139.3278,0.37233,0.14525,0.66932,1,0.0000,0.1600,0,-80,ang_deadzone_left
5139.3444,0.37762,0.15083,0.45234,1,0.0000,0.1600,0,-80,ang_deadzone_left
5139.3611,0.36806,0.15701,0.06539,1,0.0000,0.1600,0,-80,ang_deadzone_left
5139.3778,0.36868,0.16331,0.09770,1,0.0000,0.1600,0,-80,ang_deadzone_left
5139.3944,0.36375,0.16954,-0.17185,1,0.0000,0.1600,0,-80,ang_deadzone_left
5139.4111,0.36213,0.17611,-0.35350,1,0.0000,0.1600,0,-80,ang_deadzone_left
5139.4278,0.35828,0.18178,-0.54055,1,0.0000,0.1600,0,-80,ang_deadzone_left
5139.4444,0.35696,0.18651,-0.70248,1,0.0000,0.1600,0,-80,ang_deadzone_left
5139.4611,0.39678,0.19504,-0.87834,1,0.0000,0.1600,0,-80,ang_deadzone_left
5139.4778,0.37012,0.19548,-1.03000,1,0.0000,0.1600,0,-80,ang_deadzone_left
5139.4944,0.38047,0.19946,-1.20218,1,0.0000,0.1600,0,-80,ang_deadzone_left
5139.5111,0.38586,0.20217,-1.39958,1,0.0000,0.1600,0,-80,ang_deadzone_left
5139.5277,0.40385,0.20620,-1.57255,1,0.0000,0.1600,0,-80,ang_deadzone_left
5139.5444,0.42605,0.20842,-1.78521,1,0.0000,0.1600,0,-80,ang_deadzone_left
5139.5611,,,,0,0.0000,0.1600,0,-80,ang_deadzone_left
5139.5777,0.43500,0.20390,-2.15663,1,0.0000,0.1600,0,-80,ang_deadzone_left
5139.5944,0.45715,0.20220,-2.30310,1,0.0000,0.1600,0,-80,ang_deadzone_left
5139.6111,,,,0,0.0000,0.1600,0,-80,ang_deadzone_left
5139.6277,0.44837,0.19058,-2.67625,1,0.0000,0.1600,0,-80,ang_deadzone_left
5139.6444,,,,0,0.0000,0.1600,0,-80,ang_deadzone_left
5139.6611,,,,0,0.0000,0.1600,0,-80,ang_deadzone_left
5139.6777,0.42980,0.16982,3.05809,1,0.0000,0.1600,0,-80,ang_deadzone_left
5139.6944,0.46153,0.16563,2.80943,1,0.0000,0.1600,0,-80,ang_deadzone_left
5139.7110,0.45935,0.15949,2.63973,1,0.0000,0.1600,0,-80,ang_deadzone_left
5139.7277,0.45419,0.15292,2.45765,1,0.0000,0.1600,0,-80,ang_deadzone_left
5139.7444,0.44698,0.14724,2.26699,1,0.0000,0.1600,0,-80,ang_deadzone_left
5139.7610,0.43888,0.14322,2.11129,1,0.0000,0.1600,0,-80,ang_deadzone_left
5139.7777,0.42314,0.13855,1.93958,1,0.0000,0.1600,0,-80,ang_deadzone_left
5139.7944,0.41281,0.13636,2.05355,1,0.0000,0.1600,0,-80,ang_deadzone_left
5139.8110,0.38861,0.13516,1.21046,1,0.0000,0.1600,0,-80,ang_deadzone_left
5139.8277,0.40195,0.13541,0.85340,1,0.0000,0.1600,0,-80,ang_deadzone_left
5139.8444,0.37748,0.13629,1.17974,1,0.0000,0.1600,0,-80,ang_deadzone_left
5139.8610,0.37195,0.13855,0.99735,1,0.0000,0.1600,0,-80,ang_deadzone_left
5139.8777,0.37479,0.14284,0.33519,1,0.0000,0.1600,0,-80,ang_deadzone_left
5139.8944,0.37446,0.14747,0.64402,1,0.0000,0.1600,0,-80,ang_deadzone_left
5139.9110,0.37191,0.15298,0.17592,1,0.0000,0.1600,0,-80,ang_deadzone_left
5139.9277,0.37547,0.15985,0.08780,1,0.0000,0.1600,0,-80,ang_deadzone_left
5139.9444,0.36567,0.16551,0.02723,1,0.0000,0.1600,0,-80,ang_deadzone_left
5139.9610,0.36672,0.17176,0.06817,1,0.0000,0.1600,0,-80,ang_deadzone_left
5139.9777,0.36742,0.17843,-0.37147,1,0.0000,0.1600,0,-80,ang_deadzone_left
5139.9943,0.36290,0.18400,-0.10049,1,0.0000,0.1600,0,-80,ang_deadzone_left
5140.0110,0.37399,0.18964,-0.15151,1,0.0000,0.2000,0,-100,ang_deadzone_left
5140.0277,0.38231,0.19619,-0.37926,1,0.0000,0.2000,0,-100,ang_deadzone_left
5140.0443,0.38228,0.19956,-1.10535,1,0.0000,0.2000,0,-100,ang_deadzone_left
5140.0610,0.39174,0.20366,-1.31890,1,0.0000,0.2000,0,-100,ang_deadzone_left
5140.0777,0.39351,0.20574,-1.53649,1,0.0000,0.2000,0,-100,ang_deadzone_left
5140.0943,0.42117,0.20867,-1.79071,1,0.0000,0.2000,0,-100,ang_deadzone_left
5140.1110,0.43911,0.20993,-2.02864,1,0.0000,0.2000,0,-100,ang_deadzone_left
5140.1277,0.45197,0.20863,-2.23418,1,0.0000,0.2000,0,-100,ang_deadzone_left
5140.1443,,,,0,0.0000,0.2000,0,-100,ang_deadzone_left
5140.1610,,,,0,0.0000,0.2000,0,-100,ang_deadzone_left
5140.1777,,,,0,0.0000,0.2000,0,-100,ang_deadzone_left
5140.1943,0.44631,0.18235,3.13014,1,0.0000,0.2000,0,-100,ang_deadzone_left
5140.2110,0.45545,0.17607,2.92672,1,0.0000,0.2000,0,-100,ang_deadzone_left
5140.2276,0.44786,0.16798,2.69849,1,0.0000,0.2000,0,-100,ang_deadzone_left
5140.2443,,,,0,0.0000,0.2000,0,-100,ang_deadzone_left
5140.2610,0.45236,0.15506,2.24524,1,0.0000,0.2000,0,-100,ang_deadzone_left
5140.2776,0.45291,0.15059,2.04460,1,0.0000,0.2000,0,-100,ang_deadzone_left
5140.2943,0.44081,0.14561,2.13389,1,0.0000,0.2000,0,-100,ang_deadzone_left
5140.3110,0.41730,0.14188,1.45393,1,0.0000,0.2000,0,-100,ang_deadzone_left
5140.3276,0.42335,0.14170,0.83285,1,0.0000,0.2000,0,-100,ang_deadzone_left
5140.3443,0.38811,0.14124,1.11889,1,0.0000,0.2000,0,-100,ang_deadzone_left
5140.3610,0.39743,0.14586,0.92627,1,0.0000,0.2000,0,-100,ang_deadzone_left
5140.3776,0.37388,0.14844,0.23764,1,0.0000,0.2000,0,-100,ang_deadzone_left
5140.3943,0.38173,0.15492,0.47705,1,0.0000,0.2000,0,-100,ang_deadzone_left
5140.4110,0.37643,0.16209,0.18383,1,0.0000,0.2000,0,-100,ang_deadzone_left
5140.4276,0.38236,0.17007,0.09479,1,0.0000,0.2000,0,-100,ang_deadzone_left
5140.4443,0.36695,0.17657,0.05123,1,0.0000,0.2000,0,-100,ang_deadzone_left
5140.4609,0.35974,0.18321,-0.53968,1,0.0000,0.2000,0,-100,ang_deadzone_left
5140.4776,0.36599,0.19092,-0.75492,1,0.0000,0.2000,0,-100,ang_deadzone_left
5140.4943,0.36987,0.19740,-0.94828,1,0.0000,0.2000,0,-100,ang_deadzone_left
5140.5109,0.37750,0.20270,-1.15932,1,0.0000,0.2000,0,-100,ang_deadzone_left
5140.5276,0.39511,0.20688,-1.38669,1,0.0000,0.2000,0,-100,ang_deadzone_left
5140.5443,0.40140,0.20945,-1.58622,1,0.0000,0.2000,0,-100,ang_deadzone_left
5140.5609,0.42483,0.21251,-1.84001,1,0.0000,0.2000,0,-100,ang_deadzone_left
5140.5776,0.43829,0.21186,-2.06416,1,0.0000,0.2000,0,-100,ang_deadzone_left
5140.5943,0.44777,0.20871,-2.28854,1,0.0000,0.2000,0,-100,ang_deadzone_left
5140.6109,0.46311,0.20501,-2.48546,1,0.0000,0.2000,0,-100,ang_deadzone_left
5140.6276,,,,0,0.0000,0.2000,0,-100,ang_deadzone_left
5140.6443,,,,0,0.0000,0.2000,0,-100,ang_deadzone_left
5140.6609,,,,0,0.0000,0.2000,0,-100,ang_deadzone_left
5140.6776,,,,0,0.0000,0.2000,0,-100,ang_deadzone_left
5140.6942,0.44621,0.16696,2.64905,1,0.0000,0.2000,0,-100,ang_deadzone_left
5140.7109,0.46506,0.16165,2.38000,1,0.0000,0.2000,0,-100,ang_deadzone_left
5140.7276,0.44486,0.15436,2.18701,1,0.0000,0.2000,0,-100,ang_deadzone_left
5140.7442,0.43791,0.14966,1.97990,1,0.0000,0.2000,0,-100,ang_deadzone_left
5140.7609,0.43338,0.14734,1.73181,1,0.0000,0.2000,0,-100,ang_deadzone_left
5140.7776,0.40706,0.14458,1.03125,1,0.0000,0.2000,0,-100,ang_deadzone_left
5140.7942,0.40222,0.14427,0.66279,1,0.0000,0.2000,0,-100,ang_deadzone_left
5140.8109,0.38907,0.14495,1.03508,1,0.0000,0.2000,0,-100,ang_deadzone_left
5140.8276,0.37448,0.14824,0.86146,1,0.0000,0.2400,0,-120,ang_deadzone_left
5140.8442,0.39033,0.15329,0.58357,1,0.0000,0.2400,0,-120,ang_deadzone_left
5140.8609,0.38573,0.16006,0.12626,1,0.0000,0.2400,0,-120,ang_deadzone_left
5140.8776,0.38107,0.16728,0.12883,1,0.0000,0.2400,0,-120,ang_deadzone_left
5140.8942,0.36621,0.17335,0.07640,1,0.0000,0.2400,0,-120,ang_deadzone_left
5140.9109,0.36549,0.18212,-0.04192,1,0.0000,0.2400,0,-120,ang_deadzone_left
5140.9275,0.38107,0.19120,-0.18638,1,0.0000,0.2400,0,-120,ang_deadzone_left
5140.9442,0.38980,0.19929,-0.97750,1,0.0000,0.2400,0,-120,ang_deadzone_left
5140.9609,0.39621,0.20629,-0.79359,1,0.0000,0.2400,0,-120,ang_deadzone_left
5140.9775,0.40812,0.21136,-1.47078,1,0.0000,0.2400,0,-120,ang_deadzone_left
5140.9942,0.41638,0.21462,-1.71678,1,0.0000,0.2400,0,-120,ang_deadzone_left
5141.0109,0.43571,0.21677,-1.99483,1,0.0000,0.2400,0,-120,ang_deadzone_left
5141.0275,0.44554,0.21549,-2.21432,1,0.0000,0.2400,0,-120,ang_deadzone_left
5141.0442,0.45024,0.21275,-2.46068,1,0.0000,0.2400,0,-120,ang_deadzone_left
5141.0609,,,,0,0.0000,0.2400,0,-120,ang_deadzone_left
5141.0775,0.48257,0.20178,-3.04226,1,0.0000,0.2400,0,-120,ang_deadzone_left
5141.0942,,,,0,0.0000,0.2400,0,-120,ang_deadzone_left
5141.1109,,,,0,0.0000,0.2400,0,-120,ang_deadzone_left
5141.1275,,,,0,0.0000,0.2400,0,-120,ang_deadzone_left
5141.1442,,,,0,0.0000,0.2400,0,-120,ang_deadzone_left
5141.1608,0.45390,0.16098,2.56153,1,0.0000,0.2400,0,-120,ang_deadzone_left
5141.1775,0.44318,0.15545,1.76685,1,0.0000,0.2400,0,-120,ang_deadzone_left
5141.1942,0.40121,0.15004,1.50342,1,0.0000,0.2400,0,-120,ang_deadzone_left
5141.2108,0.40195,0.14912,1.25390,1,0.0000,0.2400,0,-120,ang_deadzone_left
5141.2275,0.40836,0.15245,0.99758,1,0.0000,0.2400,0,-120,ang_deadzone_left
5141.2442,0.39708,0.15586,0.28343,1,0.0000,0.2400,0,-120,ang_deadzone_left
5141.2608,0.38673,0.16009,0.20392,1,0.0000,0.2400,0,-120,ang_deadzone_left
5141.2775,0.38686,0.16699,0.06790,1,0.0000,0.2400,0,-120,ang_deadzone_left
5141.2942,0.37012,0.17313,0.16401,1,0.0000,0.2400,0,-120,ang_deadzone_left
5141.3108,0.36283,0.18089,-0.39462,1,0.0000,0.2400,0,-120,ang_deadzone_left
5141.3275,0.35422,0.18748,-0.63060,1,0.0000,0.2400,0,-120,ang_deadzone_left
5141.3442,0.40136,0.20063,-0.89080,1,0.0000,0.2400,0,-120,ang_deadzone_left
5141.3608,0.38633,0.20412,-1.09735,1,0.0000,0.2400,0,-120,ang_deadzone_left
5141.3775,0.40378,0.21142,-1.32035,1,0.0000,0.2400,0,-120,ang_deadzone_left
5141.3941,0.39508,0.21411,-1.57184,1,0.0000,0.2400,0,-120,ang_deadzone_left
5141.4108,0.42011,0.21805,-1.84051,1,0.0000,0.2400,0,-120,ang_deadzone_left
5141.4275,0.44008,0.22060,-2.06909,1,0.0000,0.2400,0,-120,ang_deadzone_left
5141.4441,0.44801,0.21856,-2.29010,1,0.0000,0.2400,0,-120,ang_deadzone_left
5141.4608,0.47887,0.21852,-2.51294,1,0.0000,0.2400,0,-120,ang_deadzone_left
5141.4775,,,,0,0.0000,0.2400,0,-120,ang_deadzone_left
5141.4941,0.42779,0.20000,-3.04351,1,0.0000,0.2400,0,-120,ang_deadzone_left
5141.5108,,,,0,0.0000,0.2400,0,-120,ang_deadzone_left
5141.5275,,,,0,0.0000,0.2400,0,-120,ang_deadzone_left
5141.5441,0.47998,0.17985,2.43751,1,0.0000,0.2400,0,-120,ang_deadzone_left
5141.5608,0.46211,0.17100,2.21757,1,0.0000,0.2400,0,-120,ang_deadzone_left
5141.5775,0.44926,0.16403,1.99895,1,0.0000,0.2400,0,-120,ang_deadzone_left
5141.5941,0.44343,0.15903,1.78522,1,0.0000,0.2400,0,-120,ang_deadzone_left
5141.6108,0.39494,0.15309,1.48874,1,0.0000,0.2400,0,-120,ang_deadzone_left
5141.6274,0.39364,0.15214,1.22977,1,0.0000,0.2800,0,-140,ang_deadzone_left
5141.6441,0.38984,0.15426,0.97411,1,0.0000,0.2800,0,-140,ang_deadzone_left
5141.6608,0.40863,0.16033,0.26035,1,0.0000,0.2800,0,-140,ang_deadzone_left
5141.6774,0.39759,0.16540,0.19747,1,0.0000,0.2800,0,-140,ang_deadzone_left
5141.6940,0.38725,0.17139,0.14422,1,0.0000,0.2800,0,-140,ang_deadzone_left
5141.7107,0.37608,0.17948,0.06461,1,0.0000,0.2800,0,-140,ang_deadzone_left
5141.7273,0.36797,0.18727,-0.49434,1,0.0000,0.2800,0,-140,ang_deadzone_left
5141.7440,0.36191,0.19512,-0.76931,1,0.0000,0.2800,0,-140,ang_deadzone_left
5141.7607,0.37400,0.20369,-1.02234,1,0.0000,0.2800,0,-140,ang_deadzone_left
5141.7773,0.38049,0.21042,-1.27562,1,0.0000,0.2800,0,-140,ang_deadzone_left
5141.7940,0.41147,0.21822,-1.77842,1,0.0000,0.2800,0,-140,ang_deadzone_left
5141.8106,0.41766,0.22262,-1.83135,1,0.0000,0.2800,0,-140,ang_deadzone_left
5141.8273,0.43871,0.22673,-2.11482,1,0.0000,0.2800,0,-140,ang_deadzone_left
5141.8440,0.44679,0.22683,-2.35197,1,0.0000,0.2800,0,-140,ang_deadzone_left
5141.8606,0.45179,0.22351,-2.59973,1,0.0000,0.2800,0,-140,ang_deadzone_left
5141.8773,0.48453,0.22271,-2.92603,1,0.0000,0.2800,0,-140,ang_deadzone_left
5141.8940,,,,0,0.0000,0.2800,0,-140,ang_deadzone_left
5141.9106,,,,0,0.0000,0.2800,0,-140,ang_deadzone_left
5141.9273,0.47255,0.20008,2.52816,1,0.0000,0.2800,0,-140,ang_deadzone_left
5141.9440,0.45266,0.19059,2.28693,1,0.0000,0.2800,0,-140,ang_deadzone_left
5141.9606,0.43470,0.18200,1.99364,1,0.0000,0.2800,0,-140,ang_deadzone_left
5141.9773,0.44318,0.17753,1.76675,1,0.0000,0.2800,0,-140,ang_deadzone_left
5141.9940,0.43549,0.17439,0.99861,1,0.0000,0.2800,0,-140,ang_deadzone_left
5142.0106,0.40494,0.16961,1.16811,1,0.0000,0.2800,0,-140,ang_deadzone_left
5142.0273,0.40629,0.17034,0.90900,1,0.0000,0.2800,0,-140,ang_deadzone_left
5142.0439,0.39597,0.17297,0.24391,1,0.0000,0.2800,0,-140,ang_deadzone_left
5142.0606,0.40417,0.17879,0.31311,1,0.0000,0.2800,0,-140,ang_deadzone_left
5142.0773,0.38439,0.18357,0.11673,1,0.0000,0.2800,0,-140,ang_deadzone_left
5142.0939,0.37459,0.18994,0.09102,1,0.0000,0.2800,0,-140,ang_deadzone_left
5142.1106,0.38165,0.19894,-0.57929,1,0.0000,0.2800,0,-140,ang_deadzone_left
5142.1273,0.36877,0.20477,-0.87567,1,0.0000,0.2800,0,-140,ang_deadzone_left
5142.1439,0.38266,0.21292,-1.09535,1,0.0000,0.2800,0,-140,ang_deadzone_left
5142.1606,0.41295,0.22126,-1.36002,1,0.0000,0.2800,0,-140,ang_deadzone_left
5142.1773,0.43571,0.22892,-1.68423,1,0.0000,0.2800,0,-140,ang_deadzone_left
5142.1939,0.43825,0.23146,-1.97153,1,0.0000,0.2800,0,-140,ang_deadzone_left
5142.2106,0.43918,0.23156,-2.24309,1,0.0000,0.2800,0,-140,ang_deadzone_left
5142.2273,,,,0,0.0000,0.2800,0,-140,ang_deadzone_left
5142.2439,0.47805,0.23018,-2.79626,1,0.0000,0.2800,0,-140,ang_deadzone_left
5142.2606,,,,0,0.0000,0.2800,0,-140,ang_deadzone_left
5142.2772,,,,0,0.0000,0.2800,0,-140,ang_deadzone_left
5142.2939,,,,0,0.0000,0.2800,0,-140,ang_deadzone_left
5142.3106,,,,0,0.0000,0.2800,0,-140,ang_deadzone_left
5142.3272,0.47187,0.19341,2.10432,1,0.0000,0.2800,0,-140,ang_deadzone_left
5142.3439,0.43720,0.18355,1.86231,1,0.0000,0.2800,0,-140,ang_deadzone_left
5142.3606,0.43800,0.17880,1.62374,1,0.0000,0.2800,0,-140,ang_deadzone_left
5142.3772,0.42926,0.17432,0.74582,1,0.0000,0.2800,0,-140,ang_deadzone_left
5142.3939,0.39851,0.17132,1.05084,1,0.0000,0.2800,0,-140,ang_deadzone_left
5142.4106,0.39963,0.17340,0.78902,1,0.0000,0.2800,0,-140,ang_deadzone_left
5142.4272,0.39347,0.17760,0.18137,1,0.0000,0.2800,0,-140,ang_deadzone_left
5142.4439,0.40965,0.18561,0.19085,1,0.0000,0.0000,0,0,ang_deadzone_left
5142.4606,0.38622,0.18925,0.11310,1,0.0000,0.0000,0,0,ang_deadzone_left
5142.4772,0.37792,0.19589,0.03556,1,0.0000,0.0000,0,0,ang_deadzone_left
5142.4939,0.36756,0.20179,-0.02051,1,0.0000,0.0000,0,0,ang_deadzone_left
5142.5105,0.36459,0.20680,-0.48686,1,0.0000,0.0000,0,0,ang_deadzone_left
5142.5272,0.36006,0.20888,-0.55298,1,0.0000,0.0000,0,0,ang_deadzone_left
5142.5439,0.36706,0.21070,-0.56144,1,0.0000,0.0000,0,0,ang_deadzone_left
5142.5605,0.36974,0.21146,-0.55293,1,0.0000,0.0000,0,0,ang_deadzone_left
5142.5772,0.35932,0.20987,-0.56554,1,0.0000,0.0000,0,0,ang_deadzone_left
5142.5939,0.36618,0.21071,-0.55722,1,0.0000,0.0000,0,0,ang_deadzone_left
5142.6105,0.35561,0.20935,-0.57099,1,0.0000,0.0000,0,0,ang_deadzone_left
5142.6272,0.36813,0.21089,-0.55407,1,0.0000,0.0000,0,0,ang_deadzone_left
5142.6439,0.36052,0.20968,-0.09903,1,0.0000,0.0000,0,0,ang_deadzone_left
5142.6605,0.36407,0.21024,-0.10291,1,0.0000,0.0000,0,0,ang_deadzone_left
5142.6772,0.35670,0.20914,-0.09088,1,0.0000,0.0000,0,0,ang_deadzone_left
5142.6939,0.36099,0.21005,-0.56119,1,0.0000,0.0000,0,0,ang_deadzone_left
5142.7105,0.36431,0.21041,-0.56072,1,0.0000,0.0000,0,0,ang_deadzone_left
5142.7272,0.36501,0.21057,-0.56530,1,0.0000,0.0000,0,0,ang_deadzone_left
5142.7438,0.35697,0.20918,-0.08752,1,0.0000,0.0000,0,0,ang_deadzone_left
5142.7605,0.36247,0.20984,-0.09952,1,0.0000,0.0000,0,0,ang_deadzone_left
5142.7772,0.36667,0.21071,-0.55601,1,0.0000,0.0000,0,0,ang_deadzone_left
5142.7938,0.36311,0.20999,-0.10574,1,0.0000,0.0000,0,0,ang_deadzone_left
5142.8105,0.35696,0.20943,-0.56804,1,0.0000,0.0000,0,0,ang_deadzone_left
5142.8272,0.36620,0.21052,-0.55987,1,0.0000,0.0000,0,0,ang_deadzone_left
5142.8438,0.36728,0.21073,-0.55533,1,0.0000,0.0000,0,0,ang_deadzone_left
5142.8605,0.36738,0.21077,-0.55750,1,0.0000,0.0000,0,0,ang_deadzone_left
5142.8772,0.36294,0.21032,-0.56073,1,0.0000,0.0000,0,0,ang_deadzone_left
5142.8938,0.36086,0.20973,-0.09029,1,0.0000,0.0000,0,0,ang_deadzone_left
5142.9105,0.36957,0.21108,-0.55477,1,0.0000,0.0000,0,0,ang_deadzone_left
5142.9272,0.36371,0.21033,-0.55733,1,0.0000,0.0000,0,0,ang_deadzone_left
5142.9438,0.36444,0.21052,-0.55395,1,0.0000,0.0000,0,0,ang_deadzone_left
5142.9605,0.35714,0.20947,-0.56628,1,0.0000,0.0000,0,0,ang_deadzone_left
5142.9771,0.36355,0.21036,-0.56158,1,0.0000,0.0000,0,0,ang_deadzone_left
5142.9938,0.36299,0.21027,-0.55318,1,0.0000,0.0000,0,0,ang_deadzone_left
5143.0105,0.36672,0.21075,-0.55482,1,0.0000,0.0000,0,0,ang_deadzone_left
5143.0271,0.36393,0.21038,-0.55931,1,0.0000,0.0000,0,0,ang_deadzone_left
5143.0438,0.36194,0.21017,-0.56761,1,0.0000,0.0000,0,0,ang_deadzone_left
5143.0605,0.36289,0.20995,-0.09782,1,0.0000,0.0000,0,0,ang_deadzone_left
5143.0771,0.36142,0.20983,-0.10501,1,0.0000,0.0000,0,0,ang_deadzone_left
5143.0938,0.36111,0.21004,-0.56053,1,0.0000,0.0000,0,0,ang_deadzone_left
5143.1105,0.36973,0.21116,-0.54924,1,0.0000,0.0000,0,0,ang_deadzone_left
5143.1271,0.36015,0.20968,-0.08497,1,0.0000,0.0000,0,0,ang_deadzone_left
5143.1438,0.35577,0.20946,-0.56900,1,0.0000,0.0000,0,0,ang_deadzone_left
5143.1605,0.36838,0.21061,-0.12455,1,0.0000,0.0000,0,0,ang_deadzone_left
5143.1771,0.35623,0.20905,-0.07534,1,0.0000,0.0000,0,0,ang_deadzone_left
5143.1938,0.36091,0.21008,-0.56162,1,0.0000,0.0000,0,0,ang_deadzone_left
5143.2104,0.35571,0.20940,-0.56639,1,0.0000,0.0000,0,0,ang_deadzone_left
5143.2271,0.36612,0.21067,-0.55646,1,0.0000,0.0000,0,0,ang_deadzone_left
5143.2438,0.36309,0.21023,-0.56883,1,0.0000,0.0000,0,0,ang_deadzone_left
5143.2604,0.36576,0.21059,-0.55629,1,0.0000,-0.0400,0,20,ang_deadzone_right
5143.2771,0.36378,0.20976,-0.54811,1,0.0000,-0.0400,0,20,ang_deadzone_right
5143.2938,0.36031,0.20782,-0.03170,1,0.0000,-0.0400,0,20,ang_deadzone_right
5143.3104,0.36590,0.20599,-0.03634,1,0.0000,-0.0400,0,20,ang_deadzone_right
5143.3271,0.36043,0.20349,0.02987,1,0.0000,-0.0400,0,20,ang_deadzone_right
5143.3438,0.36194,0.20099,0.05090,1,0.0000,-0.0400,0,20,ang_deadzone_right
5143.3604,0.36483,0.19931,0.07491,1,0.0000,-0.0400,0,20,ang_deadzone_right
5143.3771,0.36525,0.19655,0.06063,1,0.0000,-0.0400,0,20,ang_deadzone_right
5143.3938,0.36797,0.19375,0.11075,1,0.0000,-0.0400,0,20,ang_deadzone_right
5143.4104,0.36599,0.19098,0.12275,1,0.0000,-0.0400,0,20,ang_deadzone_right
5143.4271,0.37366,0.18886,0.15359,1,0.0000,-0.0400,0,20,ang_deadzone_right
5143.4437,0.37010,0.18597,0.10159,1,0.0000,-0.0400,0,20,ang_deadzone_right
5143.4604,0.36562,0.18280,0.12736,1,0.0000,-0.0400,0,20,ang_deadzone_right
5143.4771,0.36726,0.18003,0.20270,1,0.0000,-0.0400,0,20,ang_deadzone_right
5143.4937,0.36968,0.17720,0.50675,1,0.0000,-0.0400,0,20,ang_deadzone_right
5143.5104,0.36412,0.17371,0.58820,1,0.0000,-0.0400,0,20,ang_deadzone_right
5143.5271,0.36710,0.17189,0.66108,1,0.0000,-0.0400,0,20,ang_deadzone_right
5143.5437,0.36920,0.16974,0.72627,1,0.0000,-0.0400,0,20,ang_deadzone_right
5143.5604,0.37167,0.16765,0.80003,1,0.0000,-0.0400,0,20,ang_deadzone_right
5143.5771,0.36187,0.16440,0.88786,1,0.0000,-0.0400,0,20,ang_deadzone_right
5143.5937,0.36601,0.16289,0.96202,1,0.0000,-0.0400,0,20,ang_deadzone_right
5143.6104,0.36632,0.16112,1.03140,1,0.0000,-0.0400,0,20,ang_deadzone_right
5143.6271,0.37713,0.16034,1.09796,1,0.0000,-0.0400,0,20,ang_deadzone_right
5143.6437,0.38203,0.15894,1.16456,1,0.0000,-0.0400,0,20,ang_deadzone_right
5143.6604,0.38872,0.15842,1.25072,1,0.0000,-0.0400,0,20,ang_deadzone_right
5143.6770,0.37420,0.15605,1.32351,1,0.0000,-0.0400,0,20,ang_deadzone_right
5143.6937,0.38770,0.15594,1.39538,1,0.0000,-0.0400,0,20,ang_deadzone_right
5143.7104,0.41204,0.15689,1.45655,1,0.0000,-0.0400,0,20,ang_deadzone_right
5143.7270,0.37454,0.15389,1.56274,1,0.0000,-0.0400,0,20,ang_deadzone_right
5143.7437,0.42979,0.15759,1.68222,1,0.0000,-0.0400,0,20,ang_deadzone_right
5143.7604,0.39774,0.15533,1.74178,1,0.0000,-0.0400,0,20,ang_deadzone_right
5143.7770,0.41822,0.15721,1.79289,1,0.0000,-0.0400,0,20,ang_deadzone_right
5143.7937,0.42479,0.15812,1.91116,1,0.0000,-0.0400,0,20,ang_deadzone_right
5143.8104,0.42864,0.15930,1.97637,1,0.0000,-0.0400,0,20,ang_deadzone_right
5143.8270,0.42634,0.15978,2.06997,1,0.0000,-0.0400,0,20,ang_deadzone_right
5143.8437,0.43054,0.16129,2.13916,1,0.0000,-0.0400,0,20,ang_deadzone_right
5143.8604,0.43491,0.16246,2.18555,1,0.0000,-0.0400,0,20,ang_deadzone_right
5143.8770,0.43975,0.16471,2.27270,1,0.0000,-0.0400,0,20,ang_deadzone_right
5143.8937,0.44227,0.16710,2.35006,1,0.0000,-0.0400,0,20,ang_deadzone_right
5143.9103,,,,0,0.0000,-0.0400,0,20,ang_deadzone_right
5143.9270,0.45118,0.17190,2.50617,1,0.0000,-0.0400,0,20,ang_deadzone_right
5143.9437,,,,0,0.0000,-0.0400,0,20,ang_deadzone_right
5143.9603,0.44399,0.17536,2.67373,1,0.0000,-0.0400,0,20,ang_deadzone_right
5143.9770,0.45820,0.17930,2.72518,1,0.0000,-0.0400,0,20,ang_deadzone_right
5143.9937,0.44800,0.18120,2.81874,1,0.0000,-0.0400,0,20,ang_deadzone_right
5144.0103,,,,0,0.0000,-0.0400,0,20,ang_deadzone_right
5144.0270,0.48426,0.19033,2.98673,1,0.0000,-0.0400,0,20,ang_deadzone_right
5144.0437,0.47987,0.19284,3.03268,1,0.0000,-0.0400,0,20,ang_deadzone_right
5144.0603,,,,0,0.0000,-0.0400,0,20,ang_deadzone_right
5144.0770,,,,0,0.0000,-0.0800,0,40,ang_deadzone_right
5144.0937,,,,0,0.0000,-0.0800,0,40,ang_deadzone_right
5144.1103,,,,0,0.0000,-0.0800,0,40,ang_deadzone_right
5144.1270,,,,0,0.0000,-0.0800,0,40,ang_deadzone_right
5144.1436,0.43856,0.20707,-2.67261,1,0.0000,-0.0800,0,40,ang_deadzone_right
5144.1603,,,,0,0.0000,-0.0800,0,40,ang_deadzone_right
5144.1770,0.45480,0.21657,-2.45083,1,0.0000,-0.0800,0,40,ang_deadzone_right
5144.1936,0.45250,0.21798,-2.81425,1,0.0000,-0.0800,0,40,ang_deadzone_right
5144.2103,,,,0,0.0000,-0.0800,0,40,ang_deadzone_right
5144.2270,0.44693,0.22406,-2.16447,1,0.0000,-0.0800,0,40,ang_deadzone_right
5144.2436,0.43871,0.22453,-2.06101,1,0.0000,-0.0800,0,40,ang_deadzone_right
5144.2603,0.44343,0.22769,-1.97983,1,0.0000,-0.0800,0,40,ang_deadzone_right
5144.2770,0.42406,0.22748,-1.86762,1,0.0000,-0.0800,0,40,ang_deadzone_right
5144.2936,0.42398,0.22894,-1.75927,1,0.0000,-0.0800,0,40,ang_deadzone_right
5144.3103,0.40944,0.22664,-1.66057,1,0.0000,-0.0800,0,40,ang_deadzone_right
5144.3270,0.39961,0.22672,-1.52728,1,0.0000,-0.0800,0,40,ang_deadzone_right
5144.3436,0.39936,0.22678,-1.41915,1,0.0000,-0.0800,0,40,ang_deadzone_right
5144.3603,0.40265,0.22653,-1.32925,1,0.0000,-0.0800,0,40,ang_deadzone_right
5144.3769,0.40297,0.22569,-0.90243,1,0.0000,-0.0800,0,40,ang_deadzone_right
5144.3936,0.38091,0.22223,-1.13703,1,0.0000,-0.0800,0,40,ang_deadzone_right
5144.4103,0.37496,0.21999,-1.05059,1,0.0000,-0.0800,0,40,ang_deadzone_right
5144.4269,0.37061,0.21769,-0.94213,1,0.0000,-0.0800,0,40,ang_deadzone_right
5144.4436,0.36849,0.21562,-0.85253,1,0.0000,-0.0800,0,40,ang_deadzone_right
5144.4603,0.38674,0.21624,-0.72782,1,0.0000,-0.0800,0,40,ang_deadzone_right
5144.4769,0.36626,0.21048,-0.66978,1,0.0000,-0.0800,0,40,ang_deadzone_right
5144.4936,0.36160,0.20736,-0.57506,1,0.0000,-0.0800,0,40,ang_deadzone_right
5144.5103,0.37602,0.20611,-0.43940,1,0.0000,-0.0800,0,40,ang_deadzone_right
5144.5269,0.36530,0.20122,0.01552,1,0.0000,-0.0800,0,40,ang_deadzone_right
5144.5436,0.36467,0.19804,0.04570,1,0.0000,-0.0800,0,40,ang_deadzone_right
5144.5603,0.36208,0.19448,0.07078,1,0.0000,-0.0800,0,40,ang_deadzone_right
5144.5769,0.36709,0.19169,0.10573,1,0.0000,-0.0800,0,40,ang_deadzone_right
5144.5936,0.37061,0.18834,0.11867,1,0.0000,-0.0800,0,40,ang_deadzone_right
5144.6102,0.37280,0.18495,0.22741,1,0.0000,-0.0800,0,40,ang_deadzone_right
5144.6269,0.37115,0.18119,0.31533,1,0.0000,-0.0800,0,40,ang_deadzone_right
5144.6436,0.36934,0.17774,0.16821,1,0.0000,-0.0800,0,40,ang_deadzone_right
5144.6602,0.36546,0.17351,0.51453,1,0.0000,-0.0800,0,40,ang_deadzone_right
5144.6769,0.36722,0.17039,0.62616,1,0.0000,-0.0800,0,40,ang_deadzone_right
5144.6936,0.36265,0.16694,0.72619,1,0.0000,-0.0800,0,40,ang_deadzone_right
5144.7102,0.37290,0.16489,0.79606,1,0.0000,-0.0800,0,40,ang_deadzone_right
5144.7269,0.39002,0.16404,0.90017,1,0.0000,-0.0800,0,40,ang_deadzone_right
5144.7436,0.36974,0.15932,1.01645,1,0.0000,-0.0800,0,40,ang_deadzone_right
5144.7602,0.37154,0.15774,1.10451,1,0.0000,-0.0800,0,40,ang_deadzone_right
5144.7769,0.41136,0.15942,1.17513,1,0.0000,-0.0800,0,40,ang_deadzone_right
5144.7936,0.39875,0.15696,1.28149,1,0.0000,-0.0800,0,40,ang_deadzone_right
5144.8102,0.36946,0.15339,1.41033,1,0.0000,-0.0800,0,40,ang_deadzone_right
5144.8269,0.38575,0.15465,1.07426,1,0.0000,-0.0800,0,40,ang_deadzone_right
5144.8435,0.40901,0.15531,1.61110,1,0.0000,-0.0800,0,40,ang_deadzone_right
5144.8602,0.40385,0.15520,1.71311,1,0.0000,-0.0800,0,40,ang_deadzone_right
5144.8769,0.41509,0.15608,2.17921,1,0.0000,-0.1200,0,60,ang_deadzone_right
5144.8935,0.42267,0.15741,1.94003,1,0.0000,-0.1200,0,60,ang_deadzone_right
5144.9102,0.43360,0.15861,2.05492,1,0.0000,-0.1200,0,60,ang_deadzone_right
5144.9269,0.44210,0.16167,2.17941,1,0.0000,-0.1200,0,60,ang_deadzone_right
5144.9435,0.44515,0.16433,2.33061,1,0.0000,-0.1200,0,60,ang_deadzone_right
5144.9602,0.44924,0.16808,2.48547,1,0.0000,-0.1200,0,60,ang_deadzone_right
5144.9769,,,,0,0.0000,-0.1200,0,60,ang_deadzone_right
5144.9935,,,,0,0.0000,-0.1200,0,60,ang_deadzone_right
5145.0102,,,,0,0.0000,-0.1200,0,60,ang_deadzone_right
5145.0269,0.45671,0.18744,3.08703,1,0.0000,-0.1200,0,60,ang_deadzone_right
5145.0435,,,,0,0.0000,-0.1200,0,60,ang_deadzone_right
5145.0602,0.47305,0.20066,-2.87810,1,0.0000,-0.1200,0,60,ang_deadzone_right
5145.0769,0.44839,0.20415,-2.69392,1,0.0000,-0.1200,0,60,ang_deadzone_right
5145.0935,0.45134,0.20958,-2.55380,1,0.0000,-0.1200,0,60,ang_deadzone_right
5145.1102,0.46455,0.21592,-2.37459,1,0.0000,-0.1200,0,60,ang_deadzone_right
5145.1268,0.44317,0.21800,-2.26274,1,0.0000,-0.1200,0,60,ang_deadzone_right
5145.1435,0.45022,0.22250,-2.08963,1,0.0000,-0.1200,0,60,ang_deadzone_right
5145.1602,0.43793,0.22384,-2.51697,1,0.0000,-0.1200,0,60,ang_deadzone_right
5145.1768,0.43376,0.22737,-1.81039,1,0.0000,-0.1200,0,60,ang_deadzone_right
5145.1935,0.41044,0.22501,-1.65609,1,0.0000,-0.1200,0,60,ang_deadzone_right
5145.2102,0.42311,0.22764,-1.49087,1,0.0000,-0.1200,0,60,ang_deadzone_right
5145.2268,0.40893,0.22731,-1.33832,1,0.0000,-0.1200,0,60,ang_deadzone_right
5145.2435,0.40091,0.22479,-1.18071,1,0.0000,-0.1200,0,60,ang_deadzone_right
5145.2602,0.37579,0.22001,-1.03637,1,0.0000,-0.1200,0,60,ang_deadzone_right
5145.2768,0.37187,0.21710,-0.89850,1,0.0000,-0.1200,0,60,ang_deadzone_right
5145.2935,0.37081,0.21419,-0.74280,1,0.0000,-0.1200,0,60,ang_deadzone_right
5145.3102,0.37755,0.21140,-0.11989,1,0.0000,-0.1200,0,60,ang_deadzone_right
5145.3268,0.37080,0.20666,-0.42739,1,0.0000,-0.1200,0,60,ang_deadzone_right
5145.3435,0.36672,0.20122,-0.30694,1,0.0000,-0.1200,0,60,ang_deadzone_right
5145.3601,0.37240,0.19667,0.07836,1,0.0000,-0.1200,0,60,ang_deadzone_right
5145.3768,0.37878,0.19229,0.04777,1,0.0000,-0.1200,0,60,ang_deadzone_right
5145.3935,0.37493,0.18615,0.21245,1,0.0000,-0.1200,0,60,ang_deadzone_right
5145.4101,0.37505,0.18098,0.15775,1,0.0000,-0.1200,0,60,ang_deadzone_right
5145.4268,0.36892,0.17477,0.54523,1,0.0000,-0.1200,0,60,ang_deadzone_right
5145.4435,0.37026,0.17023,0.70396,1,0.0000,-0.1200,0,60,ang_deadzone_right
5145.4601,0.39002,0.16710,0.39679,1,0.0000,-0.1200,0,60,ang_deadzone_right
5145.4768,0.37676,0.16200,0.97475,1,0.0000,-0.1200,0,60,ang_deadzone_right
5145.4935,0.37400,0.15840,1.12526,1,0.0000,-0.1200,0,60,ang_deadzone_right
5145.5101,0.38153,0.15622,1.27440,1,0.0000,-0.1200,0,60,ang_deadzone_right
5145.5268,0.39297,0.15546,1.41415,1,0.0000,-0.1200,0,60,ang_deadzone_right
5145.5435,0.42147,0.15584,1.58004,1,0.0000,-0.1200,0,60,ang_deadzone_right
5145.5601,0.43331,0.15715,1.73083,1,0.0000,-0.1200,0,60,ang_deadzone_right
5145.5768,0.42505,0.15689,1.91635,1,0.0000,-0.1200,0,60,ang_deadzone_right
5145.5934,0.43717,0.15910,2.07068,1,0.0000,-0.1200,0,60,ang_deadzone_right
5145.6101,0.45026,0.16290,2.19503,1,0.0000,-0.1200,0,60,ang_deadzone_right
5145.6268,0.44990,0.16550,2.34989,1,0.0000,-0.1200,0,60,ang_deadzone_right
5145.6434,,,,0,0.0000,-0.1200,0,60,ang_deadzone_right
5145.6601,0.45588,0.17446,2.64825,1,0.0000,-0.1200,0,60,ang_deadzone_right
5145.6768,,,,0,0.0000,-0.1200,0,60,ang_deadzone_right
5145.6934,0.44957,0.18313,2.94057,1,0.0000,-0.1600,0,80,ang_deadzone_right
5145.7101,,,,0,0.0000,-0.1600,0,80,ang_deadzone_right
5145.7268,0.46857,0.19736,-2.97181,1,0.0000,-0.1600,0,80,ang_deadzone_right
5145.7434,,,,0,0.0000,-0.1600,0,80,ang_deadzone_right
5145.7601,,,,0,0.0000,-0.1600,0,80,ang_deadzone_right
5145.7768,0.46406,0.21678,-2.35635,1,0.0000,-0.1600,0,80,ang_deadzone_right
5145.7934,0.44924,0.22035,-2.17684,1,0.0000,-0.1600,0,80,ang_deadzone_right
5145.8101,0.45156,0.22567,-1.99635,1,0.0000,-0.1600,0,80,ang_deadzone_right
5145.8267,0.43468,0.22747,-2.35342,1,0.0000,-0.1600,0,80,ang_deadzone_right
5145.8434,0.42015,0.22717,-1.56075,1,0.0000,-0.1600,0,80,ang_deadzone_right
5145.8601,0.39791,0.22595,-1.33518,1,0.0000,-0.1600,0,80,ang_deadzone_right
5145.8767,0.40634,0.22600,-1.15101,1,0.0000,-0.1600,0,80,ang_deadzone_right
5145.8934,0.38503,0.22214,-0.95371,1,0.0000,-0.1600,0,80,ang_deadzone_right
5145.9101,0.39212,0.22092,-0.76970,1,0.0000,-0.1600,0,80,ang_deadzone_right
5145.9267,0.39493,0.21655,-0.08341,1,0.0000,-0.1600,0,80,ang_deadzone_right
5145.9434,0.37601,0.20922,-0.01085,1,0.0000,-0.1600,0,80,ang_deadzone_right
5145.9601,0.37067,0.20330,0.10611,1,0.0000,-0.1600,0,80,ang_deadzone_right
5145.9767,0.38158,0.19829,0.10704,1,0.0000,-0.1600,0,80,ang_deadzone_right
5145.9934,0.37490,0.19088,0.14756,1,0.0000,-0.1600,0,80,ang_deadzone_right
5146.0101,0.38092,0.18441,0.44702,1,0.0000,-0.1600,0,80,ang_deadzone_right
5146.0267,0.37900,0.17778,0.66977,1,0.0000,-0.1600,0,80,ang_deadzone_right
5146.0434,0.37583,0.17152,0.85977,1,0.0000,-0.1600,0,80,ang_deadzone_right
5146.0600,0.37123,0.16579,1.05400,1,0.0000,-0.1600,0,80,ang_deadzone_right
5146.0767,0.38831,0.16264,1.22903,1,0.0000,-0.1600,0,80,ang_deadzone_right
5146.0934,0.39722,0.15972,1.43501,1,0.0000,-0.1600,0,80,ang_deadzone_right
5146.1100,0.41504,0.15941,1.68880,1,0.0000,-0.1600,0,80,ang_deadzone_right
5146.1267,0.41205,0.15770,1.83010,1,0.0000,-0.1600,0,80,ang_deadzone_right
5146.1434,0.42925,0.16060,2.02872,1,0.0000,-0.1600,0,80,ang_deadzone_right
5146.1600,0.44556,0.16343,2.22751,1,0.0000,-0.1600,0,80,ang_deadzone_right
5146.1767,0.46363,0.16795,2.39337,1,0.0000,-0.1600,0,80,ang_deadzone_right
5146.1934,0.45783,0.17286,2.61727,1,0.0000,-0.1600,0,80,ang_deadzone_right
5146.2100,,,,0,0.0000,-0.1600,0,80,ang_deadzone_right
5146.2267,0.46133,0.18501,3.05070,1,0.0000,-0.1600,0,80,ang_deadzone_right
5146.2434,,,,0,0.0000,-0.1600,0,80,ang_deadzone_right
5146.2600,,,,0,0.0000,-0.1600,0,80,ang_deadzone_right
5146.2767,,,,0,0.0000,-0.1600,0,80,ang_deadzone_right
5146.2933,0.45416,0.21324,-2.44135,1,0.0000,-0.1600,0,80,ang_deadzone_right
5146.3100,0.46509,0.22073,-2.22452,1,0.0000,-0.1600,0,80,ang_deadzone_right
5146.3267,0.43571,0.22268,-2.08128,1,0.0000,-0.1600,0,80,ang_deadzone_right
5146.3433,0.44833,0.22953,-1.87879,1,0.0000,-0.1600,0,80,ang_deadzone_right
5146.3600,0.44066,0.23070,-1.68696,1,0.0000,-0.1600,0,80,ang_deadzone_right
5146.3767,0.40540,0.22765,-1.44221,1,0.0000,-0.1600,0,80,ang_deadzone_right
5146.3933,0.39830,0.22750,-1.22985,1,0.0000,-0.1600,0,80,ang_deadzone_right
5146.4100,0.38883,0.22458,-1.05126,1,0.0000,-0.1600,0,80,ang_deadzone_right
5146.4267,0.38069,0.22102,-0.85910,1,0.0000,-0.1600,0,80,ang_deadzone_right
5146.4433,0.37884,0.21685,-0.66212,1,0.0000,-0.1600,0,80,ang_deadzone_right
5146.4600,0.37939,0.21184,-0.45401,1,0.0000,-0.1600,0,80,ang_deadzone_right
5146.4767,0.37733,0.20577,-0.24951,1,0.0000,-0.1600,0,80,ang_deadzone_right
5146.4933,0.37923,0.19926,0.10124,1,0.0000,-0.1600,0,80,ang_deadzone_right
5146.5100,0.38356,0.19388,0.12057,1,0.0000,-0.2000,0,100,ang_deadzone_right
5146.5266,0.37514,0.18548,0.43614,1,0.0000,-0.2000,0,100,ang_deadzone_right
5146.5433,0.37274,0.17840,0.63152,1,0.0000,-0.2000,0,100,ang_deadzone_right
5146.5600,0.37009,0.17083,0.87274,1,0.0000,-0.2000,0,100,ang_deadzone_right
5146.5766,0.37111,0.16501,1.08326,1,0.0000,-0.2000,0,100,ang_deadzone_right
5146.5933,0.38988,0.16155,1.27953,1,0.0000,-0.2000,0,100,ang_deadzone_right
5146.6100,0.40848,0.15870,1.49580,1,0.0000,-0.2000,0,100,ang_deadzone_right
5146.6266,0.42029,0.15877,1.79011,1,0.0000,-0.2000,0,100,ang_deadzone_right
5146.6433,0.42490,0.15817,2.00553,1,0.0000,-0.2000,0,100,ang_deadzone_right
5146.6600,0.44106,0.15993,2.22484,1,0.0000,-0.2000,0,100,ang_deadzone_right
5146.6766,0.45252,0.16413,2.45526,1,0.0000,-0.2000,0,100,ang_deadzone_right
5146.6933,,,,0,0.0000,-0.2000,0,100,ang_deadzone_right
5146.7100,,,,0,0.0000,-0.2000,0,100,ang_deadzone_right
5146.7266,,,,0,0.0000,-0.2000,0,100,ang_deadzone_right
5146.7433,,,,0,0.0000,-0.2000,0,100,ang_deadzone_right
5146.7599,,,,0,0.0000,-0.2000,0,100,ang_deadzone_right
5146.7766,0.48393,0.20624,-2.38986,1,0.0000,-0.2000,0,100,ang_deadzone_right
5146.7933,0.45628,0.21106,-2.20231,1,0.0000,-0.2000,0,100,ang_deadzone_right
5146.8099,0.44961,0.21632,-1.97096,1,0.0000,-0.2000,0,100,ang_deadzone_right
5146.8266,0.44726,0.22110,-1.74393,1,0.0000,-0.2000,0,100,ang_deadzone_right
5146.8433,0.40939,0.22047,-1.48645,1,0.0000,-0.2000,0,100,ang_deadzone_right
5146.8599,0.41686,0.22282,-1.27865,1,0.0000,-0.2000,0,100,ang_deadzone_right
5146.8766,0.39747,0.22138,-1.03714,1,0.0000,-0.2000,0,100,ang_deadzone_right
5146.8933,0.38638,0.21839,-0.82070,1,0.0000,-0.2000,0,100,ang_deadzone_right
5146.9099,0.38387,0.21463,-0.57928,1,0.0000,-0.2000,0,100,ang_deadzone_right
5146.9266,0.37749,0.20838,0.02892,1,0.0000,-0.2000,0,100,ang_deadzone_right
5146.9433,0.39041,0.20417,0.08194,1,0.0000,-0.2000,0,100,ang_deadzone_right
5146.9599,0.39359,0.19815,0.02829,1,0.0000,-0.2000,0,100,ang_deadzone_right
5146.9766,0.38246,0.18906,0.18970,1,0.0000,-0.2000,0,100,ang_deadzone_right
5146.9932,0.37011,0.18015,0.24058,1,0.0000,-0.2000,0,100,ang_deadzone_right
5147.0099,0.37518,0.17265,0.85558,1,0.0000,-0.2000,0,100,ang_deadzone_right
5147.0266,0.37610,0.16640,1.08280,1,0.0000,-0.2000,0,100,ang_deadzone_right
5147.0432,0.38535,0.16135,1.29951,1,0.0000,-0.2000,0,100,ang_deadzone_right
5147.0599,0.38828,0.15795,1.52989,1,0.0000,-0.2000,0,100,ang_deadzone_right
5147.0766,0.40828,0.15724,1.74718,1,0.0000,-0.2000,0,100,ang_deadzone_right
5147.0932,0.42616,0.15807,2.01184,1,0.0000,-0.2000,0,100,ang_deadzone_right
5147.1099,0.43459,0.15981,2.22271,1,0.0000,-0.2000,0,100,ang_deadzone_right
5147.1266,,,,0,0.0000,-0.2000,0,100,ang_deadzone_right
5147.1432,,,,0,0.0000,-0.2000,0,100,ang_deadzone_right
5147.1599,0.46482,0.17558,2.89020,1,0.0000,-0.2000,0,100,ang_deadzone_right
5147.1766,0.45221,0.18139,-3.12850,1,0.0000,-0.2000,0,100,ang_deadzone_right
5147.1932,,,,0,0.0000,-0.2000,0,100,ang_deadzone_right
5147.2099,,,,0,0.0000,-0.2000,0,100,ang_deadzone_right
5147.2265,0.47330,0.20487,-2.42708,1,0.0000,-0.2000,0,100,ang_deadzone_right
5147.2432,0.45926,0.21086,-2.23590,1,0.0000,-0.2000,0,100,ang_deadzone_right
5147.2599,0.45876,0.21677,-2.00957,1,0.0000,-0.2000,0,100,ang_deadzone_right
5147.2765,0.44439,0.22005,-1.79543,1,0.0000,-0.2000,0,100,ang_deadzone_right
5147.2932,0.43466,0.22327,-1.52873,1,0.0000,-0.2000,0,100,ang_deadzone_right
5147.3099,0.40857,0.22174,-1.29786,1,0.0000,-0.2400,0,120,ang_deadzone_right
5147.3265,0.39256,0.22107,-1.07959,1,0.0000,-0.2400,0,120,ang_deadzone_right
5147.3432,0.40425,0.22127,-0.85674,1,0.0000,-0.2400,0,120,ang_deadzone_right
5147.3599,0.40701,0.21916,-0.53159,1,0.0000,-0.2400,0,120,ang_deadzone_right
5147.3765,0.38762,0.21163,0.01882,1,0.0000,-0.2400,0,120,ang_deadzone_right
5147.3932,0.39030,0.20653,0.10784,1,0.0000,-0.2400,0,120,ang_deadzone_right
5147.4099,0.38787,0.19942,0.09580,1,0.0000,-0.2400,0,120,ang_deadzone_right
5147.4265,0.37250,0.18998,0.19639,1,0.0000,-0.2400,0,120,ang_deadzone_right
5147.4432,0.38525,0.18296,0.72528,1,0.0000,-0.2400,0,120,ang_deadzone_right
5147.4598,0.36708,0.17374,1.03159,1,0.0000,-0.2400,0,120,ang_deadzone_right
5147.4765,0.39031,0.16978,1.25923,1,0.0000,-0.2400,0,120,ang_deadzone_right
5147.4932,0.38321,0.16343,1.53262,1,0.0000,-0.2400,0,120,ang_deadzone_right
5147.5098,0.41486,0.16266,1.81891,1,0.0000,-0.2400,0,120,ang_deadzone_right
5147.5265,0.41646,0.15989,2.04156,1,0.0000,-0.2400,0,120,ang_deadzone_right
5147.5432,0.43531,0.16131,2.28762,1,0.0000,-0.2400,0,120,ang_deadzone_right
5147.5598,0.45003,0.16448,2.53729,1,0.0000,-0.2400,0,120,ang_deadzone_right
5147.5765,0.45347,0.16893,2.77986,1,0.0000,-0.2400,0,120,ang_deadzone_right
5147.5932,,,,0,0.0000,-0.2400,0,120,ang_deadzone_right
5147.6098,,,,0,0.0000,-0.2400,0,120,ang_deadzone_right
5147.6265,,,,0,0.0000,-0.2400,0,120,ang_deadzone_right
5147.6432,,,,0,0.0000,-0.2400,0,120,ang_deadzone_right
5147.6598,0.46714,0.20371,-2.72791,1,0.0000,-0.2400,0,120,ang_deadzone_right
5147.6765,0.44039,0.20782,-1.96686,1,0.0000,-0.2400,0,120,ang_deadzone_right
5147.6931,0.44218,0.21543,-1.71058,1,0.0000,-0.2400,0,120,ang_deadzone_right
5147.7098,0.41268,0.21662,-1.40808,1,0.0000,-0.2400,0,120,ang_deadzone_right
5147.7265,0.41806,0.21923,-1.15454,1,0.0000,-0.2400,0,120,ang_deadzone_right
5147.7431,0.38651,0.21679,-0.92746,1,0.0000,-0.2400,0,120,ang_deadzone_right
5147.7598,0.40223,0.21736,-0.10239,1,0.0000,-0.2400,0,120,ang_deadzone_right
5147.7765,0.39458,0.21376,-0.38571,1,0.0000,-0.2400,0,120,ang_deadzone_right
5147.7931,0.39061,0.20843,-0.13427,1,0.0000,-0.2400,0,120,ang_deadzone_right
5147.8098,0.39047,0.20265,0.06709,1,0.0000,-0.2400,0,120,ang_deadzone_right
5147.8265,0.38026,0.19377,0.21903,1,0.0000,-0.2400,0,120,ang_deadzone_right
5147.8431,0.37175,0.18542,0.66580,1,0.0000,-0.2400,0,120,ang_deadzone_right
5147.8598,0.37850,0.17864,0.41886,1,0.0000,-0.2400,0,120,ang_deadzone_right
5147.8765,0.39734,0.17325,1.15555,1,0.0000,-0.2400,0,120,ang_deadzone_right
5147.8931,0.39820,0.16682,1.37636,1,0.0000,-0.2400,0,120,ang_deadzone_right
5147.9098,0.40436,0.16264,1.64369,1,0.0000,-0.2400,0,120,ang_deadzone_right
5147.9264,0.41188,0.16080,1.88860,1,0.0000,-0.2400,0,120,ang_deadzone_right
5147.9431,0.42279,0.15975,2.13714,1,0.0000,-0.2400,0,120,ang_deadzone_right
5147.9598,0.43629,0.16096,2.34733,1,0.0000,-0.2400,0,120,ang_deadzone_right
5147.9764,0.44218,0.16325,2.60908,1,0.0000,-0.2400,0,120,ang_deadzone_right
5147.9931,0.44218,0.16707,2.84477,1,0.0000,-0.2400,0,120,ang_deadzone_right
5148.0098,,,,0,0.0000,-0.2400,0,120,ang_deadzone_right
5148.0264,,,,0,0.0000,-0.2400,0,120,ang_deadzone_right
5148.0431,,,,0,0.0000,-0.2400,0,120,ang_deadzone_right
5148.0598,0.44952,0.19410,-2.35823,1,0.0000,-0.2400,0,120,ang_deadzone_right
5148.0764,0.45661,0.20167,-2.11087,1,0.0000,-0.2400,0,120,ang_deadzone_right
5148.0931,0.43453,0.20577,-1.86517,1,0.0000,-0.2400,0,120,ang_deadzone_right
5148.1098,0.41738,0.20916,-1.56537,1,0.0000,-0.2400,0,120,ang_deadzone_right
5148.1264,0.39509,0.21045,-1.30850,1,0.0000,-0.2800,0,140,ang_deadzone_right
5148.1431,0.40565,0.21298,-1.04077,1,0.0000,-0.2800,0,140,ang_deadzone_right
5148.1597,0.40076,0.21284,-0.75223,1,0.0000,-0.2800,0,140,ang_deadzone_right
5148.1764,0.38073,0.20773,-0.52370,1,0.0000,-0.2800,0,140,ang_deadzone_right
5148.1931,0.38406,0.20374,0.04207,1,0.0000,-0.2800,0,140,ang_deadzone_right
5148.2097,0.38920,0.19873,0.06030,1,0.0000,-0.2800,0,140,ang_deadzone_right
5148.2264,0.38014,0.19100,0.17973,1,0.0000,-0.2800,0,140,ang_deadzone_right
5148.2431,0.36083,0.18153,0.70754,1,0.0000,-0.2800,0,140,ang_deadzone_right
5148.2597,0.36156,0.17479,0.91407,1,0.0000,-0.2800,0,140,ang_deadzone_right
5148.2764,0.37307,0.16864,1.17422,1,0.0000,-0.2800,0,140,ang_deadzone_right
5148.2931,0.35012,0.16002,1.45484,1,0.0000,-0.2800,0,140,ang_deadzone_right
5148.3097,,,,0,0.0000,-0.2800,0,140,ang_deadzone_right
5148.3264,0.41187,0.15535,2.00585,1,0.0000,-0.2800,0,140,ang_deadzone_right
5148.3431,0.42956,0.15520,2.25731,1,0.0000,-0.2800,0,140,ang_deadzone_right
5148.3597,0.43663,0.15513,2.54235,1,0.0000,-0.2800,0,140,ang_deadzone_right
5148.3764,0.45530,0.15941,2.81284,1,0.0000,-0.2800,0,140,ang_deadzone_right
5148.3930,,,,0,0.0000,-0.2800,0,140,ang_deadzone_right
5148.4097,,,,0,0.0000,-0.2800,0,140,ang_deadzone_right
5148.4264,,,,0,0.0000,-0.2800,0,140,ang_deadzone_right
5148.4430,0.44633,0.18137,-2.30449,1,0.0000,-0.2800,0,140,ang_deadzone_right
5148.4597,0.44077,0.18816,-2.06182,1,0.0000,-0.2800,0,140,ang_deadzone_right
5148.4764,0.43947,0.19419,-1.72636,1,0.0000,-0.2800,0,140,ang_deadzone_right
5148.4930,0.41448,0.19685,-1.44848,1,0.0000,-0.2800,0,140,ang_deadzone_right
5148.5097,0.40458,0.20020,-1.15995,1,0.0000,-0.2800,0,140,ang_deadzone_right
5148.5264,0.40910,0.20281,-0.35273,1,0.0000,-0.2800,0,140,ang_deadzone_right
5148.5430,0.39988,0.20088,-0.15070,1,0.0000,-0.2800,0,140,ang_deadzone_right
5148.5597,0.38635,0.19748,-0.01297,1,0.0000,-0.2800,0,140,ang_deadzone_right
5148.5764,0.38900,0.19423,0.13041,1,0.0000,-0.2800,0,140,ang_deadzone_right
5148.5930,0.38314,0.18893,0.11624,1,0.0000,-0.2800,0,140,ang_deadzone_right
5148.6097,0.37158,0.18074,0.56442,1,0.0000,-0.2800,0,140,ang_deadzone_right
5148.6263,0.36941,0.17372,0.84108,1,0.0000,-0.2800,0,140,ang_deadzone_right
5148.6430,0.35658,0.16582,1.12014,1,0.0000,-0.2800,0,140,ang_deadzone_right
5148.6597,0.37216,0.16154,1.36630,1,0.0000,-0.2800,0,140,ang_deadzone_right
5148.6763,0.37712,0.15666,1.64978,1,0.0000,-0.2800,0,140,ang_deadzone_right
5148.6930,0.40674,0.15503,1.95674,1,0.0000,-0.2800,0,140,ang_deadzone_right
5148.7097,0.41336,0.15409,2.21621,1,0.0000,-0.2800,0,140,ang_deadzone_right
5148.7263,0.43324,0.15626,2.47565,1,0.0000,-0.2800,0,140,ang_deadzone_right
5148.7430,0.42009,0.15726,2.78451,1,0.0000,-0.2800,0,140,ang_deadzone_right
5148.7597,,,,0,0.0000,-0.2800,0,140,ang_deadzone_right
5148.7763,,,,0,0.0000,-0.2800,0,140,ang_deadzone_right
5148.7930,,,,0,0.0000,-0.2800,0,140,ang_deadzone_right
5148.8097,0.44665,0.18333,-2.35614,1,0.0000,-0.2800,0,140,ang_deadzone_right
5148.8263,0.44722,0.19064,-2.08234,1,0.0000,-0.2800,0,140,ang_deadzone_right
5148.8430,0.43396,0.19578,-1.80313,1,0.0000,-0.2800,0,140,ang_deadzone_right
5148.8597,0.42145,0.20012,-1.47442,1,0.0000,-0.2800,0,140,ang_deadzone_right
5148.8763,0.39980,0.20184,-1.20902,1,0.0000,-0.2800,0,140,ang_deadzone_right
5148.8930,0.40271,0.20422,-0.95422,1,0.0000,-0.2800,0,140,ang_deadzone_right
5148.9096,0.41207,0.20601,-0.62538,1,0.0000,-0.2800,0,140,ang_deadzone_right
5148.9263,0.38209,0.19958,-0.40451,1,0.0000,-0.2800,0,140,ang_deadzone_right
5148.9430,0.38936,0.19632,0.08523,1,0.0000,0.0000,0,0,ang_deadzone_right
5148.9596,0.38397,0.19103,0.12230,1,0.0000,0.0000,0,0,ang_deadzone_right
5148.9763,0.38017,0.18622,0.38173,1,0.0000,0.0000,0,0,ang_deadzone_right
5148.9930,0.37192,0.18119,0.47800,1,0.0000,0.0000,0,0,ang_deadzone_right
5149.0096,0.37173,0.17884,0.49784,1,0.0000,0.0000,0,0,ang_deadzone_right
5149.0263,0.37253,0.17844,0.51222,1,0.0000,0.0000,0,0,ang_deadzone_right
5149.0430,0.37316,0.17886,0.52364,1,0.0000,0.0000,0,0,ang_deadzone_right
5149.0596,0.36939,0.17840,0.22454,1,0.0000,0.0000,0,0,ang_deadzone_right
5149.0763,0.36826,0.17813,0.52110,1,0.0000,0.0000,0,0,ang_deadzone_right
5149.0930,0.37236,0.17856,0.51994,1,0.0000,0.0000,0,0,ang_deadzone_right
5149.1096,0.36837,0.17840,0.52475,1,0.0000,0.0000,0,0,ang_deadzone_right
5149.1263,0.37126,0.17859,0.51096,1,0.0000,0.0000,0,0,ang_deadzone_right
5149.1429,0.36796,0.17888,0.18232,1,0.0000,0.0000,0,0,ang_deadzone_right
5149.1596,0.37204,0.17922,0.23519,1,0.0000,0.0000,0,0,ang_deadzone_right
5149.1763,0.36910,0.17878,0.19104,1,0.0000,0.0000,0,0,ang_deadzone_right
5149.1929,0.36806,0.17881,0.19825,1,0.0000,0.0000,0,0,ang_deadzone_right
5149.2096,0.37250,0.17881,0.50101,1,0.0000,0.0000,0,0,ang_deadzone_right
5149.2263,0.36972,0.17839,0.51551,1,0.0000,0.0000,0,0,ang_deadzone_right
5149.2429,0.36906,0.17888,0.19649,1,0.0000,0.0000,0,0,ang_deadzone_right
5149.2596,0.36428,0.17832,0.18697,1,0.0000,0.0000,0,0,ang_deadzone_right
5149.2763,0.36378,0.17792,0.53351,1,0.0000,0.0000,0,0,ang_deadzone_right
5149.2929,0.37550,0.17922,0.49016,1,0.0000,0.0000,0,0,ang_deadzone_right
5149.3096,0.37434,0.17912,0.49068,1,0.0000,0.0000,0,0,ang_deadzone_right
5149.3263,0.36707,0.17822,0.51188,1,0.0000,0.0000,0,0,ang_deadzone_right
5149.3429,0.36982,0.17878,0.51885,1,0.0000,0.0000,0,0,ang_deadzone_right
5149.3596,0.36630,0.17811,0.52475,1,0.0000,0.0000,0,0,ang_deadzone_right
5149.3762,0.37126,0.17868,0.50713,1,0.0000,0.0000,0,0,ang_deadzone_right
5149.3929,0.37332,0.17917,0.49015,1,0.0000,0.0000,0,0,ang_deadzone_right
5149.4096,0.36607,0.17827,0.54870,1,0.0000,0.0000,0,0,ang_deadzone_right
5149.4262,0.36738,0.17809,0.53121,1,0.0000,0.0000,0,0,ang_deadzone_right
5149.4429,0.36857,0.17844,0.50763,1,0.0000,0.0000,0,0,ang_deadzone_right
5149.4596,0.37391,0.17918,0.21351,1,0.0000,0.0000,0,0,ang_deadzone_right
5149.4762,0.36800,0.17827,0.52987,1,0.0000,0.0000,0,0,ang_deadzone_right
5149.4929,0.36770,0.17847,0.54038,1,0.0000,0.0000,0,0,ang_deadzone_right
5149.5096,0.37587,0.17900,0.49976,1,0.0000,0.0000,0,0,ang_deadzone_right
5149.5262,0.37063,0.17902,0.53858,1,0.0000,0.0000,0,0,ang_deadzone_right
5149.5429,0.37316,0.17897,0.51005,1,0.0000,0.0000,0,0,ang_deadzone_right
5149.5596,0.37015,0.17829,0.52627,1,0.0000,0.0000,0,0,ang_deadzone_right
5149.5762,0.36939,0.17845,0.52142,1,0.0000,0.0000,0,0,ang_deadzone_right
5149.5929,0.37370,0.17918,0.21299,1,0.0000,0.0000,0,0,ang_deadzone_right
5149.6095,0.37180,0.17872,0.49849,1,0.0000,0.0000,0,0,ang_deadzone_right
5149.6262,0.36990,0.17845,0.50225,1,0.0000,0.0000,0,0,ang_deadzone_right
5149.6429,0.37194,0.17866,0.51382,1,0.0000,0.0000,0,0,ang_deadzone_right
5149.6595,0.37047,0.17883,0.19148,1,0.0000,0.0000,0,0,ang_deadzone_right
5149.6762,0.37359,0.17906,0.48010,1,0.0000,0.0000,0,0,ang_deadzone_right
5149.6929,0.36986,0.17844,0.50577,1,0.0000,0.0000,0,0,ang_deadzone_right
5149.7095,0.37852,0.17963,0.48311,1,0.0000,0.0000,0,0,ang_deadzone_right
5160.7083,0.45808,0.14824,0.72300,1,0.0000,0.0000,0,0,ang_deadzone_right
5160.7582,0.46096,0.14880,0.69820,1,0.0000,0.0000,0,0,ang_deadzone_right
5160.7749,0.45995,0.14847,0.72656,1,0.0000,0.0000,0,0,ang_deadzone_right
5160.7916,0.45885,0.14880,0.71015,1,0.0000,0.0000,0,0,ang_deadzone_right
5160.8082,0.46357,0.14869,0.71703,1,0.0000,0.0000,0,0,ang_deadzone_right
5160.8249,0.45927,0.14877,0.70451,1,0.0000,0.0000,0,0,ang_deadzone_right
5160.8416,0.45948,0.14845,0.72785,1,0.0000,0.0000,0,0,ang_deadzone_right
5160.8582,0.45626,0.14849,0.70674,1,0.0000,0.0000,0,0,ang_deadzone_right
5160.8749,0.46239,0.14852,0.71796,1,0.0000,0.0000,0,0,ang_deadzone_right
5160.8916,0.46540,0.14880,0.71138,1,0.0000,0.0000,0,0,ang_deadzone_right
5160.9082,0.46102,0.14882,0.69903,1,0.0000,0.0000,0,0,ang_deadzone_right
5160.9249,0.46373,0.14884,0.71689,1,0.0000,0.0000,0,0,ang_deadzone_right
5160.9416,0.46168,0.14849,0.71787,1,0.0000,0.0000,0,0,ang_deadzone_right
5160.9582,0.46152,0.14895,0.69687,1,0.0000,0.0000,0,0,ang_deadzone_right
5160.9749,0.46193,0.14856,0.71594,1,0.0000,0.0000,0,0,ang_deadzone_right
5160.9915,0.46706,0.14885,0.71051,1,0.0000,0.0000,0,0,ang_deadzone_right
5161.0082,0.45792,0.14861,0.70189,1,0.0000,0.2500,0,-125,ang_step
5161.0249,0.45208,0.14898,0.18193,1,0.0000,0.2500,0,-125,ang_step
5161.0415,0.47825,0.14962,0.62285,1,0.0000,0.2500,0,-125,ang_step
5161.0582,0.47127,0.15119,0.54878,1,0.0000,0.2500,0,-125,ang_step
5161.0749,0.47263,0.15388,0.40966,1,0.0000,0.2500,0,-125,ang_step
5161.0915,0.47235,0.15854,0.14833,1,0.0000,0.2500,0,-125,ang_step
5161.1082,0.47034,0.16414,0.06958,1,0.0000,0.2500,0,-125,ang_step
5161.1249,0.45978,0.17133,-0.42240,1,0.0000,0.2500,0,-125,ang_step
5161.1415,0.46639,0.17939,-0.55827,1,0.0000,0.2500,0,-125,ang_step
5161.1582,0.45315,0.18566,-0.86439,1,0.0000,0.2500,0,-125,ang_step
5161.1749,0.45738,0.19256,-1.09349,1,0.0000,0.2500,0,-125,ang_step
5161.1915,0.46596,0.19801,-1.37895,1,0.0000,0.2500,0,-125,ang_step
5161.2082,0.47729,0.20288,-1.60409,1,0.0000,0.2500,0,-125,ang_step
5161.2248,,,,0,0.0000,0.2500,0,-125,ang_step
5161.2415,0.52273,0.20878,-2.12237,1,0.0000,0.2500,0,-125,ang_step
5161.2582,0.52961,0.20839,-2.35525,1,0.0000,0.2500,0,-125,ang_step
5161.2748,0.53790,0.20745,-2.52401,1,0.0000,0.2500,0,-125,ang_step
5161.2915,,,,0,0.0000,0.2500,0,-125,ang_step
5161.3082,,,,0,0.0000,0.2500,0,-125,ang_step
5161.3248,,,,0,0.0000,0.2500,0,-125,ang_step
5161.3415,,,,0,0.0000,0.2500,0,-125,ang_step
5161.3582,,,,0,0.0000,0.2500,0,-125,ang_step
5161.3748,0.56441,0.17722,2.36566,1,0.0000,0.2500,0,-125,ang_step
5161.3915,0.55450,0.17070,2.14950,1,0.0000,0.2500,0,-125,ang_step
5161.4082,0.54197,0.16446,1.84964,1,0.0000,0.2500,0,-125,ang_step
5161.4248,0.53854,0.16206,1.67098,1,0.0000,0.2500,0,-125,ang_step
5161.4415,0.50860,0.15742,0.64135,1,0.0000,0.2500,0,-125,ang_step
5161.4582,0.49329,0.15637,1.09104,1,0.0000,0.2500,0,-125,ang_step
5161.4748,0.48337,0.15710,0.87180,1,0.0000,0.2500,0,-125,ang_step
5161.4915,0.49743,0.16261,0.56223,1,0.0000,0.2500,0,-125,ang_step
5161.5081,0.49602,0.16835,0.11689,1,0.0000,0.2500,0,-125,ang_step
5161.5248,0.47527,0.17409,0.12733,1,0.0000,0.2500,0,-125,ang_step
5161.5415,0.48006,0.18254,0.09243,1,0.0000,0.2500,0,-125,ang_step
5161.5581,0.47462,0.19069,-0.48956,1,0.0000,0.2500,0,-125,ang_step
5161.5748,0.45913,0.19586,-0.07584,1,0.0000,0.2500,0,-125,ang_step
5161.5915,0.48384,0.20625,-1.00865,1,0.0000,0.2500,0,-125,ang_step
5161.6081,0.49460,0.21271,-1.24614,1,0.0000,0.2500,0,-125,ang_step
5161.6248,0.52246,0.22047,-1.50271,1,0.0000,0.2500,0,-125,ang_step
5161.6415,0.52150,0.22283,-1.76869,1,0.0000,0.2500,0,-125,ang_step
5161.6581,0.53324,0.22411,-2.64300,1,0.0000,0.2500,0,-125,ang_step
5161.6748,0.54168,0.22541,-2.21302,1,0.0000,0.2500,0,-125,ang_step
5161.6915,0.54724,0.22493,-2.41273,1,0.0000,0.2500,0,-125,ang_step
5161.7081,0.53500,0.22013,-2.63776,1,0.0000,0.2500,0,-125,ang_step
5161.7248,,,,0,0.0000,0.2500,0,-125,ang_step
5161.7414,,,,0,0.0000,0.2500,0,-125,ang_step
5161.7581,,,,0,0.0000,0.2500,0,-125,ang_step
5161.7748,,,,0,0.0000,0.2500,0,-125,ang_step
5161.7914,0.56534,0.19683,2.53520,1,0.0000,0.2500,0,-125,ang_step
5161.8081,0.56746,0.19023,2.28349,1,0.0000,0.2500,0,-125,ang_step
5161.8248,0.56195,0.18450,2.07195,1,0.0000,0.2500,0,-125,ang_step
5161.8414,,,,0,0.0000,0.2500,0,-125,ang_step
5161.8581,0.51600,0.17393,1.52029,1,0.0000,0.2500,0,-125,ang_step
5161.8748,0.51205,0.17209,1.28178,1,0.0000,0.2500,0,-125,ang_step
5161.8914,0.50165,0.17169,1.03630,1,0.0000,0.2500,0,-125,ang_step
5161.9081,0.50623,0.17463,0.82223,1,0.0000,0.2500,0,-125,ang_step
5161.9248,0.50198,0.17704,0.59902,1,0.0000,0.2500,0,-125,ang_step
5161.9414,0.50450,0.18296,0.17463,1,0.0000,0.2500,0,-125,ang_step
5161.9581,0.50819,0.19076,0.16461,1,0.0000,0.2500,0,-125,ang_step
5161.9747,0.49059,0.19638,-0.29551,1,0.0000,0.2500,0,-125,ang_step
5161.9914,0.47117,0.20248,-0.54088,1,0.0000,0.2500,0,-125,ang_step
5162.0081,0.48493,0.21200,-0.71830,1,0.0000,0.2500,0,-125,ang_step
5162.0247,0.47011,0.21670,-0.97651,1,0.0000,0.0000,0,0,ang_step
5162.0414,0.48053,0.22323,-1.20204,1,0.0000,0.0000,0,0,ang_step
5162.0581,0.49606,0.22944,-1.35129,1,0.0000,0.0000,0,0,ang_step
5162.0747,0.50336,0.23432,-1.40828,1,0.0000,0.0000,0,0,ang_step
5162.0914,0.49541,0.23622,-1.46336,1,0.0000,0.0000,0,0,ang_step
5162.1081,0.50449,0.23838,-1.49049,1,0.0000,0.0000,0,0,ang_step
5162.1247,0.50309,0.23858,-1.47734,1,0.0000,0.0000,0,0,ang_step
5162.1414,0.47678,0.23487,-1.51170,1,0.0000,0.0000,0,0,ang_step
5162.1581,0.49365,0.23752,-1.49419,1,0.0000,0.0000,0,0,ang_step
5162.1747,0.50035,0.23728,-1.70859,1,0.0000,0.0000,0,0,ang_step
5162.1914,0.48511,0.23543,-1.79689,1,0.0000,0.0000,0,0,ang_step
5162.2080,0.51846,0.24007,-1.48038,1,0.0000,0.0000,0,0,ang_step
5162.2247,0.48830,0.23695,-1.49584,1,0.0000,0.0000,0,0,ang_step
5162.2414,0.49111,0.23621,-1.77696,1,0.0000,0.0000,0,0,ang_step
5162.2580,0.49856,0.23726,-1.49947,1,0.0000,0.0000,0,0,ang_step
5162.2747,0.52399,0.24074,-1.47890,1,0.0000,0.0000,0,0,ang_step
5162.2914,0.49847,0.23759,-1.49295,1,0.0000,0.0000,0,0,ang_step
5162.3080,0.49523,0.23741,-1.48301,1,0.0000,0.0000,0,0,ang_step
5162.3247,0.49582,0.23739,-1.48231,1,0.0000,0.0000,0,0,ang_step
5162.3414,0.48773,0.23668,-1.49705,1,0.0000,0.0000,0,0,ang_step
5162.3580,0.48266,0.23573,-1.50384,1,0.0000,0.0000,0,0,ang_step
5162.3747,0.49770,0.23783,-1.48146,1,0.0000,0.0000,0,0,ang_step
5162.3914,0.48990,0.23713,-1.49681,1,0.0000,0.0000,0,0,ang_step
5162.4080,0.50430,0.23838,-1.49086,1,0.0000,0.0000,0,0,ang_step
5162.4247,0.48888,0.23593,-1.77536,1,0.0000,0.0000,0,0,ang_step
5162.4413,0.49554,0.23650,-1.79170,1,0.0000,0.0000,0,0,ang_step
5162.4580,0.50174,0.23824,-1.47876,1,0.0000,0.0000,0,0,ang_step
5162.4747,0.48521,0.23581,-1.49232,1,0.0000,0.0000,0,0,ang_step
5162.4913,0.49922,0.23823,-1.49359,1,0.0000,0.0000,0,0,ang_step
5162.5080,0.50071,0.23816,-1.47879,1,0.0000,0.0000,0,0,ang_step
5162.5247,0.49156,0.23639,-1.50128,1,0.0000,0.0000,0,0,ang_step
5162.5413,0.48234,0.23488,-1.86965,1,0.0000,0.0000,0,0,ang_step
5162.5580,0.49595,0.23646,-1.79614,1,0.0000,0.0000,0,0,ang_step
5162.5747,0.48360,0.23508,-1.83699,1,0.0000,0.0000,0,0,ang_step
5162.5913,0.49117,0.23607,-1.83197,1,0.0000,0.0000,0,0,ang_step
5162.6080,0.50341,0.23854,-1.48038,1,0.0000,0.0000,0,0,ang_step
5162.6247,0.49760,0.23775,-1.48242,1,0.0000,0.0000,0,0,ang_step
5162.6413,0.48951,0.23661,-1.50160,1,0.0000,0.0000,0,0,ang_step
5162.6580,0.48962,0.23597,-1.50424,1,0.0000,0.0000,0,0,ang_step
5162.6746,0.48866,0.23576,-1.82780,1,0.0000,0.0000,0,0,ang_step
5162.6913,0.49894,0.23826,-1.49190,1,0.0000,0.0000,0,0,ang_step
5162.7080,0.49031,0.23593,-1.83097,1,0.0000,0.0000,0,0,ang_step
5162.7246,0.49408,0.23749,-1.50688,1,0.0000,0.0000,0,0,ang_step
5162.7413,0.51185,0.23829,-1.77074,1,0.0000,0.0000,0,0,ang_step
5162.7580,0.49239,0.23726,-1.49337,1,0.0000,0.0000,0,0,ang_step
5162.7746,0.48622,0.23549,-1.84020,1,0.0000,0.0000,0,0,ang_step
5162.7913,0.49575,0.23752,-1.48135,1,0.0000,0.0000,0,0,ang_step
5162.8080,0.50937,0.23907,-1.48972,1,0.0000,0.0000,0,0,ang_step
5162.8246,0.49121,0.23607,-1.83178,1,0.0000,0.0000,0,0,ang_step
5162.8413,0.50107,0.23715,-1.76310,1,0.0000,0.0000,0,0,ang_step
5162.8580,0.49870,0.23801,-1.48002,1,0.0000,0.0000,0,0,ang_step
5162.8746,0.48422,0.23596,-1.50357,1,0.0000,0.0000,0,0,ang_step
5162.8913,0.49289,0.23648,-1.76312,1,0.0000,0.0000,0,0,ang_step
5162.9079,0.48742,0.23615,-1.50565,1,0.0000,0.0000,0,0,ang_step
5162.9246,0.49978,0.23770,-1.49301,1,0.0000,0.0000,0,0,ang_step
5162.9413,0.49447,0.23727,-1.48414,1,0.0000,0.0000,0,0,ang_step
5162.9579,0.47700,0.23484,-1.51124,1,0.0000,0.0000,0,0,ang_step
5162.9746,0.48575,0.23540,-1.86882,1,0.0000,0.0000,0,0,ang_step
5162.9913,0.48694,0.23557,-1.84153,1,0.0000,0.0000,0,0,ang_step
5163.0079,0.49727,0.23773,-1.48119,1,0.0000,0.0000,0,0,ang_step
5163.0246,0.50442,0.23892,-1.48919,1,0.0000,0.0000,0,0,ang_step
5163.0413,0.48514,0.23534,-1.76608,1,0.0000,-0.2500,0,125,ang_step
5163.0579,0.49173,0.23704,-1.45536,1,0.0000,-0.2500,0,125,ang_step
5163.0746,0.50827,0.23813,-1.37682,1,0.0000,-0.2500,0,125,ang_step
5163.0913,0.48466,0.23562,-1.20921,1,0.0000,-0.2500,0,125,ang_step
5163.1079,0.48336,0.23542,-0.28322,1,0.0000,-0.2500,0,125,ang_step
5163.1246,0.47049,0.23337,-0.79929,1,0.0000,-0.2500,0,125,ang_step
5163.1412,0.49591,0.23455,-0.49805,1,0.0000,-0.2500,0,125,ang_step
5163.1579,0.47509,0.22628,0.09799,1,0.0000,-0.2500,0,125,ang_step
5163.1746,0.48023,0.22141,0.12687,1,0.0000,-0.2500,0,125,ang_step
5163.1912,0.49272,0.21551,0.38552,1,0.0000,-0.2500,0,125,ang_step
5163.2079,0.47358,0.20595,0.22006,1,0.0000,-0.2500,0,125,ang_step
5163.2246,0.45082,0.19587,0.20047,1,0.0000,-0.2500,0,125,ang_step
5163.2412,0.47171,0.18994,1.13721,1,0.0000,-0.2500,0,125,ang_step
5163.2579,0.46210,0.18287,1.40342,1,0.0000,-0.2500,0,125,ang_step
5163.2746,0.48880,0.17997,1.67676,1,0.0000,-0.2500,0,125,ang_step
5163.2912,0.50824,0.17813,1.92088,1,0.0000,-0.2500,0,125,ang_step
5163.3079,0.53302,0.17733,2.18632,1,0.0000,-0.2500,0,125,ang_step
5163.3246,0.54226,0.17730,2.39441,1,0.0000,-0.2500,0,125,ang_step
5163.3412,0.55445,0.17925,2.66279,1,0.0000,-0.2500,0,125,ang_step
5163.3579,,,,0,0.0000,-0.2500,0,125,ang_step
5163.3745,0.54222,0.18480,3.10263,1,0.0000,-0.2500,0,125,ang_step
5163.3912,,,,0,0.0000,-0.2500,0,125,ang_step
5163.4079,0.54787,0.19651,-2.66409,1,0.0000,-0.2500,0,125,ang_step
5163.4245,,,,0,0.0000,-0.2500,0,125,ang_step
5163.4412,0.56149,0.21141,-2.13944,1,0.0000,-0.2500,0,125,ang_step
5163.4579,0.55242,0.21491,-2.55091,1,0.0000,-0.2500,0,125,ang_step
5163.4745,0.53759,0.21764,-1.57620,1,0.0000,-0.2500,0,125,ang_step
5163.4912,0.52697,0.21994,-0.86241,1,0.0000,-0.2500,0,125,ang_step
5163.5079,0.49587,0.21695,-1.03816,1,0.0000,-0.2500,0,125,ang_step
5163.5245,0.49550,0.21563,-0.09716,1,0.0000,-0.2500,0,125,ang_step
5163.5412,0.49415,0.21399,-0.50388,1,0.0000,-0.2500,0,125,ang_step
5163.5579,0.50206,0.20905,0.11240,1,0.0000,-0.2500,0,125,ang_step
5163.5745,0.48675,0.20229,0.13619,1,0.0000,-0.2500,0,125,ang_step
5163.5912,0.48072,0.19610,0.15151,1,0.0000,-0.2500,0,125,ang_step
5163.6078,0.47914,0.18813,0.22620,1,0.0000,-0.2500,0,125,ang_step
5163.6245,0.48647,0.18143,0.95060,1,0.0000,-0.2500,0,125,ang_step
5163.6412,0.47480,0.17364,1.20848,1,0.0000,-0.2500,0,125,ang_step
5163.6578,0.50149,0.17027,1.44838,1,0.0000,-0.2500,0,125,ang_step
5163.6745,0.48880,0.16393,2.14753,1,0.0000,-0.2500,0,125,ang_step
5163.6912,0.52092,0.16372,2.01438,1,0.0000,-0.2500,0,125,ang_step
5163.7078,,,,0,0.0000,-0.2500,0,125,ang_step
5163.7245,0.53795,0.16353,2.45384,1,0.0000,-0.2500,0,125,ang_step
5163.7412,0.53370,0.16405,2.71250,1,0.0000,-0.2500,0,125,ang_step
5163.7578,0.54734,0.16800,2.93232,1,0.0000,-0.2500,0,125,ang_step
5163.7745,,,,0,0.0000,-0.2500,0,125,ang_step
5163.7912,,,,0,0.0000,-0.2500,0,125,ang_step
5163.8078,,,,0,0.0000,-0.2500,0,125,ang_step
5163.8245,0.56139,0.19129,-2.29391,1,0.0000,-0.2500,0,125,ang_step
5163.8411,,,,0,0.0000,-0.2500,0,125,ang_step
5163.8578,0.54535,0.19977,-1.82998,1,0.0000,-0.2500,0,125,ang_step
5163.8745,0.50217,0.19941,-1.46846,1,0.0000,-0.2500,0,125,ang_step
5163.8911,0.50668,0.20160,-1.20127,1,0.0000,-0.2500,0,125,ang_step
5163.9078,0.50431,0.20103,-0.95222,1,0.0000,-0.2500,0,125,ang_step
5163.9245,0.48109,0.19814,-0.67777,1,0.0000,-0.2500,0,125,ang_step
5163.9411,0.49123,0.19490,0.02071,1,0.0000,-0.2500,0,125,ang_step
5163.9578,0.49553,0.18998,-0.11132,1,0.0000,-0.2500,0,125,ang_step
5163.9745,0.47767,0.18265,0.12951,1,0.0000,-0.2500,0,125,ang_step
5163.9911,0.47913,0.17507,0.47871,1,0.0000,-0.2500,0,125,ang_step
5164.0078,0.46471,0.16578,0.75833,1,0.0000,-0.2500,0,125,ang_step
5164.0245,0.46383,0.15858,1.00166,1,0.0000,-0.2500,0,125,ang_step
5164.0411,0.48987,0.15348,0.65596,1,0.0000,-0.2500,0,125,ang_step
5164.0578,0.48652,0.14717,1.49392,1,0.0000,0.0000,0,0,ang_step
5164.0744,0.49869,0.14387,1.77471,1,0.0000,0.0000,0,0,ang_step
5164.0911,0.50333,0.14286,2.37652,1,0.0000,0.0000,0,0,ang_step
5164.1078,0.50634,0.14144,1.90927,1,0.0000,0.0000,0,0,ang_step
5164.1244,0.50388,0.14094,1.90283,1,0.0000,0.0000,0,0,ang_step
5164.1411,0.50226,0.14108,1.89470,1,0.0000,0.0000,0,0,ang_step
5164.1578,0.50330,0.14096,1.90547,1,0.0000,0.0000,0,0,ang_step
5164.1744,0.50484,0.14120,1.90934,1,0.0000,0.0000,0,0,ang_step
5164.1911,0.50502,0.14127,1.91329,1,0.0000,0.0000,0,0,ang_step
5164.2078,0.49955,0.14112,1.89260,1,0.0000,0.0000,0,0,ang_step
5164.2244,0.49889,0.14105,2.55576,1,0.0000,0.0000,0,0,ang_step
5164.2411,0.50486,0.14128,1.91326,1,0.0000,0.0000,0,0,ang_step
5164.2578,0.49584,0.14059,1.91127,1,0.0000,0.0000,0,0,ang_step
5164.2744,0.50284,0.14150,2.50409,1,0.0000,0.0000,0,0,ang_step
5164.2911,0.48992,0.14044,1.90184,1,0.0000,0.0000,0,0,ang_step
5164.3077,0.50103,0.14095,1.91065,1,0.0000,0.0000,0,0,ang_step
5164.3244,0.50687,0.14143,1.91532,1,0.0000,0.0000,0,0,ang_step
5164.3411,0.49988,0.14092,1.91623,1,0.0000,0.0000,0,0,ang_step
5164.3577,0.50845,0.14140,1.91469,1,0.0000,0.0000,0,0,ang_step
5164.3744,0.50271,0.14105,1.91197,1,0.0000,0.0000,0,0,ang_step
5164.3911,0.48237,0.14040,1.88237,1,0.0000,0.0000,0,0,ang_step
5164.4077,0.50240,0.14170,2.53706,1,0.0000,0.0000,0,0,ang_step
5164.4244,0.50236,0.14100,1.90824,1,0.0000,0.0000,0,0,ang_step
5164.4411,0.50470,0.14126,1.91220,1,0.0000,0.0000,0,0,ang_step
5164.4577,0.50005,0.14118,1.90390,1,0.0000,0.0000,0,0,ang_step
5164.4744,0.50047,0.14089,1.91041,1,0.0000,0.0000,0,0,ang_step
5164.4911,0.50241,0.14093,1.90413,1,0.0000,0.0000,0,0,ang_step
5164.5077,0.49378,0.14130,1.88983,1,0.0000,0.0000,0,0,ang_step
5164.5244,0.49657,0.14112,2.54097,1,0.0000,0.0000,0,0,ang_step
5164.5410,0.50512,0.14126,1.91153,1,0.0000,0.0000,0,0,ang_step
5164.5577,0.51458,0.14206,2.46561,1,0.0000,0.0000,0,0,ang_step
5164.5744,0.50269,0.14093,1.90628,1,0.0000,0.0000,0,0,ang_step
5164.5910,0.50356,0.14148,2.49347,1,0.0000,0.0000,0,0,ang_step
5164.6077,0.50322,0.14084,1.90111,1,0.0000,0.0000,0,0,ang_step
5164.6244,0.50156,0.14150,1.89979,1,0.0000,0.0000,0,0,ang_step
5164.6410,0.50143,0.14110,2.58130,1,0.0000,0.0000,0,0,ang_step
5164.6577,0.50077,0.14111,1.89269,1,0.0000,0.0000,0,0,ang_step
5164.6744,0.50270,0.14090,1.90475,1,0.0000,0.0000,0,0,ang_step
5164.6910,0.50262,0.14107,1.91250,1,0.0000,0.0000,0,0,ang_step
5164.7077,0.50513,0.14096,1.90327,1,0.0000,0.0000,0,0,ang_step
5164.7244,0.51561,0.14222,2.48616,1,0.0000,0.0000,0,0,ang_step
5164.7410,0.50785,0.14173,2.49505,1,0.0000,0.0000,0,0,ang_step
5164.7577,0.49869,0.14100,2.55224,1,0.0000,0.0000,0,0,ang_step
5164.7743,0.49392,0.14118,1.87738,1,0.0000,0.0000,0,0,ang_step
5164.7910,0.50376,0.14119,1.91095,1,0.0000,0.0000,0,0,ang_step
5164.8077,0.51069,0.14132,1.90668,1,0.0000,0.0000,0,0,ang_step
5164.8243,0.51595,0.14160,1.90775,1,0.0000,0.0000,0,0,ang_step
5164.8410,0.50254,0.14144,1.90681,1,0.0000,0.0000,0,0,ang_step
5164.8577,0.50295,0.14234,2.55765,1,0.0000,0.0000,0,0,ang_step
5164.8743,0.49726,0.14097,1.89290,1,0.0000,0.0000,0,0,ang_step
5164.8910,0.50010,0.14066,1.90399,1,0.0000,0.0000,0,0,ang_step
5164.9077,0.49810,0.14065,1.90393,1,0.0000,0.0000,0,0,ang_step
5164.9243,0.49839,0.14142,1.90414,1,0.0000,0.0000,0,0,ang_step
5164.9410,0.50110,0.14135,1.90572,1,0.0000,0.0000,0,0,ang_step
5164.9577,0.49314,0.14109,1.88210,1,0.0000,0.0000,0,0,ang_step
5164.9743,0.49331,0.14127,1.89097,1,0.0000,0.0000,0,0,ang_step
5164.9910,0.51801,0.14264,2.45592,1,0.0000,0.0000,0,0,ang_step
5165.0076,0.49837,0.14109,1.90376,1,0.0000,0.0000,0,0,ang_step
5165.0243,0.51499,0.14213,2.48274,1,0.0000,0.0000,0,0,ang_step
5165.0410,0.49863,0.14080,1.90871,1,0.0000,0.0000,0,0,ang_step
5165.0576,0.50010,0.14085,1.90942,1,0.0000,0.5000,0,-250,ang_step
5165.0743,0.50133,0.14323,1.88303,1,0.0000,0.5000,0,-250,ang_step
5165.0910,0.50290,0.14504,1.82927,1,0.0000,0.5000,0,-250,ang_step
5165.1076,0.47641,0.14598,1.69066,1,0.0000,0.5000,0,-250,ang_step
5165.1243,0.48202,0.14821,0.92850,1,0.0000,0.5000,0,-250,ang_step
5165.1410,0.48418,0.14975,0.50636,1,0.0000,0.5000,0,-250,ang_step
5165.1576,0.49724,0.15244,0.37336,1,0.0000,0.5000,0,-250,ang_step
5165.1743,0.49176,0.15675,0.20568,1,0.0000,0.5000,0,-250,ang_step
5165.1910,0.50415,0.16452,0.04045,1,0.0000,0.5000,0,-250,ang_step
5165.2076,0.47337,0.17056,-0.02152,1,0.0000,0.5000,0,-250,ang_step
5165.2243,0.45615,0.17871,-0.16952,1,0.0000,0.5000,0,-250,ang_step
5165.2410,,,,0,0.0000,0.5000,0,-250,ang_step
5165.2576,0.50637,0.20062,-2.06077,1,0.0000,0.5000,0,-250,ang_step
5165.2743,0.49152,0.20615,-2.11070,1,0.0000,0.5000,0,-250,ang_step
5165.2909,,,,0,0.0000,0.5000,0,-250,ang_step
5165.3076,,,,0,0.0000,0.5000,0,-250,ang_step
5165.3243,,,,0,0.0000,0.5000,0,-250,ang_step
5165.3409,0.51015,0.20695,2.53233,1,0.0000,0.5000,0,-250,ang_step
5165.3576,0.55851,0.20885,2.10152,1,0.0000,0.5000,0,-250,ang_step
5165.3743,0.49303,0.19859,1.67725,1,0.0000,0.5000,0,-250,ang_step
5165.3909,0.48690,0.19652,1.21702,1,0.0000,0.5000,0,-250,ang_step
5165.4076,0.47640,0.19575,0.80983,1,0.0000,0.5000,0,-250,ang_step
5165.4243,0.49153,0.20102,0.17211,1,0.0000,0.5000,0,-250,ang_step
5165.4409,0.48577,0.20626,0.05719,1,0.0000,0.5000,0,-250,ang_step
5165.4576,0.47202,0.21217,-0.06829,1,0.0000,0.5000,0,-250,ang_step
5165.4743,0.47227,0.21966,-1.08081,1,0.0000,0.5000,0,-250,ang_step
5165.4909,0.47652,0.22785,-1.48841,1,0.0000,0.5000,0,-250,ang_step
5165.5076,,,,0,0.0000,0.5000,0,-250,ang_step
5165.5242,,,,0,0.0000,0.5000,0,-250,ang_step
5165.5409,,,,0,0.0000,0.5000,0,-250,ang_step
5165.5576,,,,0,0.0000,0.5000,0,-250,ang_step
5165.5742,0.51875,0.23103,2.60144,1,0.0000,0.5000,0,-250,ang_step
5165.5909,0.51853,0.22597,2.18517,1,0.0000,0.5000,0,-250,ang_step
5165.6076,0.50270,0.21933,1.74332,1,0.0000,0.5000,0,-250,ang_step
5165.6242,0.49589,0.21542,1.31029,1,0.0000,0.5000,0,-250,ang_step
5165.6409,0.49250,0.21344,0.90173,1,0.0000,0.5000,0,-250,ang_step
5165.6576,0.49578,0.21553,0.21439,1,0.0000,0.5000,0,-250,ang_step
5165.6742,0.49256,0.21733,0.18093,1,0.0000,0.5000,0,-250,ang_step
5165.6909,0.47819,0.22129,0.02157,1,0.0000,0.0000,0,0,ang_step
5165.7076,0.46934,0.22753,-0.20940,1,0.0000,0.0000,0,0,ang_step
5165.7242,0.46622,0.23327,-1.26316,1,0.0000,0.0000,0,0,ang_step
5165.7409,0.48001,0.23969,-1.54481,1,0.0000,0.0000,0,0,ang_step
5165.7575,0.51202,0.24741,-1.77426,1,0.0000,0.0000,0,0,ang_step
5165.7742,0.49505,0.24685,-1.90536,1,0.0000,0.0000,0,0,ang_step
5165.7909,0.50304,0.24938,-2.01003,1,0.0000,0.0000,0,0,ang_step
5165.8075,0.50005,0.24942,-2.05497,1,0.0000,0.0000,0,0,ang_step
5165.8242,0.49842,0.24873,-2.03323,1,0.0000,0.0000,0,0,ang_step
5165.8409,0.50049,0.24945,-2.06028,1,0.0000,0.0000,0,0,ang_step
5165.8575,0.49689,0.24975,-2.03010,1,0.0000,0.0000,0,0,ang_step
5165.8742,0.50187,0.24931,-2.03619,1,0.0000,0.0000,0,0,ang_step
5165.8909,0.49633,0.24881,-2.05878,1,0.0000,0.0000,0,0,ang_step
5165.9075,0.51134,0.25088,-2.05826,1,0.0000,0.0000,0,0,ang_step
5165.9242,0.50628,0.25020,-2.05439,1,0.0000,0.0000,0,0,ang_step
5165.9409,0.48709,0.24756,-2.04785,1,0.0000,0.0000,0,0,ang_step
5165.9575,0.50469,0.25007,-2.04746,1,0.0000,0.0000,0,0,ang_step
5165.9742,0.48631,0.24792,-2.03316,1,0.0000,0.0000,0,0,ang_step
5165.9908,0.49091,0.24746,-2.04795,1,0.0000,0.0000,0,0,ang_step
5166.0075,0.48403,0.24737,-2.03739,1,0.0000,0.0000,0,0,ang_step
5166.0242,0.49134,0.24793,-2.04505,1,0.0000,0.0000,0,0,ang_step
5166.0408,0.48769,0.24765,-2.04640,1,0.0000,0.0000,0,0,ang_step
5166.0575,0.50672,0.24996,-2.04809,1,0.0000,0.0000,0,0,ang_step
5166.0742,0.49871,0.24922,-2.03792,1,0.0000,0.0000,0,0,ang_step
5166.0908,0.49584,0.24875,-2.67028,1,0.0000,0.0000,0,0,ang_step
5166.1075,0.49474,0.24790,-2.04705,1,0.0000,0.0000,0,0,ang_step
5166.1242,0.50054,0.24898,-2.03655,1,0.0000,0.0000,0,0,ang_step
5166.1408,0.50618,0.25031,-2.03808,1,0.0000,0.0000,0,0,ang_step
5166.1575,0.50883,0.25072,-2.04620,1,0.0000,0.0000,0,0,ang_step
5166.1742,0.49325,0.24862,-2.04656,1,0.0000,0.0000,0,0,ang_step
5166.1908,0.49599,0.24895,-2.03756,1,0.0000,0.0000,0,0,ang_step
5166.2075,0.49198,0.24827,-2.04860,1,0.0000,0.0000,0,0,ang_step
5166.2241,0.49617,0.24908,-2.04746,1,0.0000,0.0000,0,0,ang_step
5166.2408,0.50398,0.24991,-2.04895,1,0.0000,0.0000,0,0,ang_step
5166.2575,0.50913,0.25042,-2.05841,1,0.0000,0.0000,0,0,ang_step
5166.2741,0.50443,0.24958,-2.05137,1,0.0000,0.0000,0,0,ang_step
5166.2908,0.50000,0.24943,-2.02111,1,0.0000,0.0000,0,0,ang_step
5166.3075,0.51131,0.25108,-2.04721,1,0.0000,0.0000,0,0,ang_step
5166.3241,0.48671,0.24729,-2.03492,1,0.0000,0.0000,0,0,ang_step
5166.3408,0.50870,0.25046,-2.05284,1,0.0000,0.0000,0,0,ang_step
5166.3575,0.48941,0.24761,-2.03726,1,0.0000,0.0000,0,0,ang_step
5166.3741,0.50016,0.24868,-2.05018,1,0.0000,0.0000,0,0,ang_step
5166.3908,0.50613,0.24994,-2.04994,1,0.0000,0.0000,0,0,ang_step
5166.4075,0.50047,0.24938,-2.04539,1,0.0000,0.0000,0,0,ang_step
5166.4241,0.50349,0.25001,-2.66879,1,0.0000,0.0000,0,0,ang_step
5166.4408,0.48746,0.24753,-2.04401,1,0.0000,0.0000,0,0,ang_step
5166.4574,0.51044,0.25095,-2.04481,1,0.0000,0.0000,0,0,ang_step
5166.4741,0.49707,0.24810,-2.68876,1,0.0000,0.0000,0,0,ang_step
5166.4908,0.51272,0.25120,-2.03791,1,0.0000,0.0000,0,0,ang_step
5166.5074,0.51037,0.25098,-2.02868,1,0.0000,0.0000,0,0,ang_step
5166.5240,0.50023,0.24899,-2.03744,1,0.0000,0.0000,0,0,ang_step
5166.5407,0.50203,0.24959,-2.05516,1,0.0000,0.0000,0,0,ang_step
5166.5574,0.48015,0.24638,-2.06187,1,0.0000,0.0000,0,0,ang_step
5166.5740,0.51001,0.25077,-2.06397,1,0.0000,0.0000,0,0,ang_step
5166.5907,0.50415,0.25017,-2.04726,1,0.0000,0.0000,0,0,ang_step
5166.6074,0.49742,0.24913,-2.03379,1,0.0000,0.0000,0,0,ang_step
5166.6240,0.50064,0.24920,-2.05343,1,0.0000,0.0000,0,0,ang_step
5166.6407,0.48640,0.24739,-2.04501,1,0.0000,0.0000,0,0,ang_step
5166.6573,0.49928,0.24926,-2.05808,1,0.0000,0.0000,0,0,ang_step
5166.6740,0.50894,0.25069,-2.03734,1,0.0000,0.0000,0,0,ang_step
5166.6907,0.51065,0.25039,-2.02776,1,0.0000,0.0000,0,0,ang_step
5166.7073,0.51220,0.25085,-2.06179,1,0.0000,-0.5000,0,250,ang_step
5166.7240,0.50300,0.24823,-2.02315,1,0.0000,-0.5000,0,250,ang_step
5166.7407,0.51174,0.24617,-1.96209,1,0.0000,-0.5000,0,250,ang_step
5166.7573,0.49969,0.24057,-1.82729,1,0.0000,-0.5000,0,250,ang_step
5166.7740,0.49928,0.23450,-2.31235,1,0.0000,-0.5000,0,250,ang_step
5166.7907,0.48488,0.22583,-1.42695,1,0.0000,-0.5000,0,250,ang_step
5166.8073,0.48118,0.21763,-1.11079,1,0.0000,-0.5000,0,250,ang_step
5166.8240,0.45894,0.20743,-0.74605,1,0.0000,-0.5000,0,250,ang_step
5166.8407,0.45507,0.19636,0.15428,1,0.0000,-0.5000,0,250,ang_step
5166.8573,0.47084,0.18811,0.05039,1,0.0000,-0.5000,0,250,ang_step
5166.8740,0.45845,0.17323,0.75677,1,0.0000,-0.5000,0,250,ang_step
5166.8906,0.45407,0.16146,0.57724,1,0.0000,-0.5000,0,250,ang_step
5166.9073,0.46617,0.15310,2.06002,1,0.0000,-0.5000,0,250,ang_step
5166.9240,0.49226,0.14652,2.85919,1,0.0000,-0.5000,0,250,ang_step
5166.9406,,,,0,0.0000,-0.5000,0,250,ang_step
5166.9573,,,,0,0.0000,-0.5000,0,250,ang_step
5166.9740,,,,0,0.0000,-0.5000,0,250,ang_step
5166.9906,0.51111,0.14380,-2.14426,1,0.0000,-0.5000,0,250,ang_step
5167.0073,0.48565,0.14418,-1.63525,1,0.0000,-0.5000,0,250,ang_step
5167.0240,0.47817,0.14479,-1.14585,1,0.0000,-0.5000,0,250,ang_step
5167.0406,0.45598,0.14172,-0.12351,1,0.0000,-0.5000,0,250,ang_step
5167.0573,0.47333,0.13792,-0.02902,1,0.0000,-0.5000,0,250,ang_step
5167.0740,0.46365,0.13049,0.43644,1,0.0000,-0.5000,0,250,ang_step
5167.0906,0.45534,0.12273,0.38010,1,0.0000,-0.5000,0,250,ang_step
5167.1073,0.46139,0.11555,1.47570,1,0.0000,-0.5000,0,250,ang_step
5167.1239,,,,0,0.0000,-0.5000,0,250,ang_step
5167.1406,,,,0,0.0000,-0.5000,0,250,ang_step
5167.1573,,,,0,0.0000,-0.5000,0,250,ang_step
5167.1739,0.49337,0.11360,-2.75239,1,0.0000,-0.5000,0,250,ang_step
5167.1906,0.51113,0.11866,-2.24644,1,0.0000,-0.5000,0,250,ang_step
5167.2073,0.50483,0.12304,-1.75187,1,0.0000,-0.5000,0,250,ang_step
5167.2239,0.46447,0.12524,-1.22370,1,0.0000,-0.5000,0,250,ang_step
5167.2406,0.48868,0.12700,-0.15483,1,0.0000,-0.5000,0,250,ang_step
5167.2573,0.46410,0.12359,-0.07178,1,0.0000,-0.5000,0,250,ang_step
5167.2739,0.46224,0.11960,0.13740,1,0.0000,-0.5000,0,250,ang_step
5167.2906,0.43691,0.11148,0.24862,1,0.0000,-0.5000,0,250,ang_step
5167.3073,0.45443,0.10639,0.81259,1,0.0000,-0.5000,0,250,ang_step
5167.3239,0.50514,0.10283,2.41088,1,0.0000,-0.5000,0,250,ang_step
5167.3406,0.49736,0.09947,2.39602,1,0.0000,0.0000,0,0,ang_step
5167.3572,,,,0,0.0000,0.0000,0,0,ang_step
5167.3739,,,,0,0.0000,0.0000,0,0,ang_step
5167.3906,0.48900,0.10734,-2.70024,1,0.0000,0.0000,0,0,ang_step
5167.4072,0.49008,0.11223,-2.43887,1,0.0000,0.0000,0,0,ang_step
5167.4239,0.50745,0.11545,-2.28238,1,0.0000,0.0000,0,0,ang_step
5167.4406,0.48371,0.11798,-2.23498,1,0.0000,0.0000,0,0,ang_step
5167.4572,0.48081,0.12039,-2.20512,1,0.0000,0.0000,0,0,ang_step
5167.4739,0.47985,0.12151,-2.18511,1,0.0000,0.0000,0,0,ang_step
5167.4906,0.47758,0.12175,-2.17983,1,0.0000,0.0000,0,0,ang_step
5167.5072,0.48346,0.12181,-2.18017,1,0.0000,0.0000,0,0,ang_step
5167.5239,0.48453,0.12190,-2.17473,1,0.0000,0.0000,0,0,ang_step
5167.5406,0.48287,0.12211,-2.16599,1,0.0000,0.0000,0,0,ang_step
5167.5572,0.48750,0.12169,-2.18214,1,0.0000,0.0000,0,0,ang_step
5167.5739,0.49009,0.12176,-2.18342,1,0.0000,0.0000,0,0,ang_step
5167.5905,0.47891,0.12166,-2.17820,1,0.0000,0.0000,0,0,ang_step
5167.6072,0.48436,0.12218,-2.17153,1,0.0000,0.0000,0,0,ang_step
5167.6239,0.47578,0.12117,-2.74769,1,0.0000,0.0000,0,0,ang_step
5167.6405,0.48457,0.12120,-2.77564,1,0.0000,0.0000,0,0,ang_step
5167.6572,0.47230,0.12157,-2.17510,1,0.0000,0.0000,0,0,ang_step
5167.6739,0.48915,0.12242,-2.16912,1,0.0000,0.0000,0,0,ang_step
5167.6905,0.48366,0.12236,-2.16906,1,0.0000,0.0000,0,0,ang_step
5167.7072,0.48504,0.12197,-2.17135,1,0.0000,0.0000,0,0,ang_step
5167.7239,0.48196,0.12112,-2.78541,1,0.0000,0.0000,0,0,ang_step
5167.7405,0.48528,0.12162,-2.18311,1,0.0000,0.0000,0,0,ang_step
5167.7572,0.48330,0.12117,-2.78109,1,0.0000,0.0000,0,0,ang_step
5167.7739,0.48188,0.12166,-2.76650,1,0.0000,0.0000,0,0,ang_step
5167.7905,0.47148,0.12103,-2.18073,1,0.0000,0.0000,0,0,ang_step
5167.8072,0.48239,0.12204,-2.17668,1,0.0000,0.0000,0,0,ang_step
5167.8238,0.48296,0.12178,-2.17616,1,0.0000,0.0000,0,0,ang_step
5167.8405,0.48789,0.12195,-2.17277,1,0.0000,0.0000,0,0,ang_step
5167.8572,0.48065,0.12196,-2.17871,1,0.0000,0.0000,0,0,ang_step
5167.8738,0.47809,0.12168,-2.17714,1,0.0000,0.0000,0,0,ang_step
5167.8905,0.47221,0.12088,-2.18061,1,0.0000,0.0000,0,0,ang_step
5167.9072,0.49224,0.12223,-2.15233,1,0.0000,0.0000,0,0,ang_step
5167.9238,0.47986,0.12130,-2.76344,1,0.0000,0.0000,0,0,ang_step
5167.9405,0.48988,0.12227,-2.16773,1,0.0000,0.0000,0,0,ang_step
5167.9572,0.48284,0.12163,-2.74866,1,0.0000,0.0000,0,0,ang_step
5167.9738,0.48171,0.12137,-2.75874,1,0.0000,0.0000,0,0,ang_step
5167.9905,0.48552,0.12197,-2.17980,1,0.0000,0.0000,0,0,ang_step
5168.0072,0.47886,0.12145,-2.18404,1,0.0000,0.0000,0,0,ang_step
5168.0238,0.48934,0.12210,-2.17713,1,0.0000,0.0000,0,0,ang_step
5168.0405,0.48143,0.12194,-2.17976,1,0.0000,0.0000,0,0,ang_step
5168.0571,0.47980,0.12166,-2.18291,1,0.0000,0.0000,0,0,ang_step
5168.0738,0.48611,0.12134,-2.78576,1,0.0000,0.0000,0,0,ang_step
5168.0905,0.47998,0.12138,-2.75711,1,0.0000,0.0000,0,0,ang_step
5168.1071,0.48371,0.12187,-2.17465,1,0.0000,0.0000,0,0,ang_step
5168.1238,0.48289,0.12249,-2.17267,1,0.0000,0.0000,0,0,ang_step
5168.1405,0.48489,0.12237,-2.17343,1,0.0000,0.0000,0,0,ang_step
5168.1571,0.48259,0.12161,-2.17160,1,0.0000,0.0000,0,0,ang_step
5168.1738,0.48231,0.12201,-2.17570,1,0.0000,0.0000,0,0,ang_step
5168.1905,0.47775,0.12158,-2.18821,1,0.0000,0.0000,0,0,ang_step
5168.2071,0.48915,0.12173,-2.18153,1,0.0000,0.0000,0,0,ang_step
5168.2238,0.49005,0.12240,-2.16654,1,0.0000,0.0000,0,0,ang_step
5168.2405,0.48130,0.12134,-2.76022,1,0.0000,0.0000,0,0,ang_step
5168.2571,0.48305,0.12240,-2.16456,1,0.0000,0.0000,0,0,ang_step
5168.2738,0.48281,0.12204,-2.17669,1,0.0000,0.0000,0,0,ang_step
5168.2904,0.48727,0.12130,-2.77501,1,0.0000,0.0000,0,0,ang_step
5168.3071,0.48561,0.12156,-2.18445,1,0.0000,0.0000,0,0,ang_step
5168.3238,0.48271,0.12215,-2.17478,1,0.0000,0.0000,0,0,ang_step
5168.3404,0.48405,0.12201,-2.17857,1,0.0000,0.0000,0,0,ang_step
5168.3571,0.47490,0.12118,-2.74516,1,0.0000,0.7500,0,-375,ang_step
5168.3738,0.48410,0.12049,-2.82800,1,0.0000,0.7500,0,-375,ang_step
5168.3904,0.47285,0.11961,-2.36155,1,0.0000,0.7500,0,-375,ang_step
5168.4071,0.50122,0.11918,-2.49395,1,0.0000,0.7500,0,-375,ang_step
5168.4238,0.47819,0.11548,-2.77034,1,0.0000,0.7500,0,-375,ang_step
5168.4404,,,,0,0.0000,0.7500,0,-375,ang_step
5168.4571,,,,0,0.0000,0.7500,0,-375,ang_step
5168.4738,0.52199,0.10295,2.31823,1,0.0000,0.7500,0,-375,ang_step
5168.4904,,,,0,0.0000,0.7500,0,-375,ang_step
5168.5071,0.48377,0.09083,1.34607,1,0.0000,0.7500,0,-375,ang_step
5168.5238,0.48833,0.08741,0.75354,1,0.0000,0.7500,0,-375,ang_step
5168.5404,,,,0,0.0000,0.7500,0,-375,ang_step
5168.5571,0.48427,0.09022,-0.49732,1,0.0000,0.7500,0,-375,ang_step
5168.5737,0.48865,0.09382,-1.08545,1,0.0000,0.7500,0,-375,ang_step
5168.5904,,,,0,0.0000,0.7500,0,-375,ang_step
5168.6071,,,,0,0.0000,0.7500,0,-375,ang_step
5168.6237,,,,0,0.0000,0.7500,0,-375,ang_step
5168.6404,,,,0,0.0000,0.7500,0,-375,ang_step
5168.6571,,,,0,0.0000,0.7500,0,-375,ang_step
5168.6737,0.49913,0.07627,1.20414,1,0.0000,0.7500,0,-375,ang_step
5168.6904,0.50801,0.07612,0.14069,1,0.0000,0.7500,0,-375,ang_step
5168.7071,0.48082,0.07845,-0.05758,1,0.0000,0.7500,0,-375,ang_step
5168.7237,,,,0,0.0000,0.7500,0,-375,ang_step
5168.7404,0.48644,0.08771,-1.50589,1,0.0000,0.7500,0,-375,ang_step
5168.7571,,,,0,0.0000,0.7500,0,-375,ang_step
5168.7737,,,,0,0.0000,0.7500,0,-375,ang_step
5168.7904,,,,0,0.0000,0.0000,0,0,ang_step
5168.8070,,,,0,0.0000,0.0000,0,0,ang_step
5168.8237,0.49870,0.07169,0.99715,1,0.0000,0.0000,0,0,ang_step
5168.8404,0.46942,0.07048,0.92623,1,0.0000,0.0000,0,0,ang_step
5168.8570,0.47981,0.07099,0.15709,1,0.0000,0.0000,0,0,ang_step
5168.8737,0.49202,0.07300,0.17404,1,0.0000,0.0000,0,0,ang_step
5168.8904,0.46107,0.07589,0.00399,1,0.0000,0.0000,0,0,ang_step
5168.9070,0.47422,0.07979,-0.39477,1,0.0000,0.0000,0,0,ang_step
5168.9237,0.45642,0.08272,-0.54575,1,0.0000,0.0000,0,0,ang_step
5168.9404,0.44634,0.08659,-0.65221,1,0.0000,0.0000,0,0,ang_step
5168.9570,0.46530,0.09007,-0.64603,1,0.0000,0.0000,0,0,ang_step
5168.9737,0.44994,0.09295,-0.75376,1,0.0000,0.0000,0,0,ang_step
5168.9904,0.45489,0.09352,-0.21026,1,0.0000,0.0000,0,0,ang_step
5169.0070,0.45334,0.09433,-0.17455,1,0.0000,0.0000,0,0,ang_step
5169.0237,0.45568,0.09528,-0.73488,1,0.0000,0.0000,0,0,ang_step
5169.0403,0.44658,0.09505,-0.75252,1,0.0000,0.0000,0,0,ang_step
5169.0570,0.44548,0.09475,-0.76647,1,0.0000,0.0000,0,0,ang_step
5169.0737,0.45986,0.09520,-0.73750,1,0.0000,0.0000,0,0,ang_step
5169.0903,0.44716,0.09484,-0.76323,1,0.0000,0.0000,0,0,ang_step
5169.1070,0.45342,0.09525,-0.74134,1,0.0000,0.0000,0,0,ang_step
5169.1237,0.44046,0.09444,-0.17603,1,0.0000,0.0000,0,0,ang_step
5169.1403,0.43956,0.09421,-0.15327,1,0.0000,0.0000,0,0,ang_step
5169.1570,0.44725,0.09481,-0.76328,1,0.0000,0.0000,0,0,ang_step
5169.1737,0.43896,0.09452,-0.77874,1,0.0000,0.0000,0,0,ang_step
5169.1903,0.44637,0.09453,-0.19781,1,0.0000,0.0000,0,0,ang_step
5169.2070,0.44967,0.09484,-0.76597,1,0.0000,0.0000,0,0,ang_step
5169.2237,0.44113,0.09470,-0.76888,1,0.0000,0.0000,0,0,ang_step
5169.2403,0.45419,0.09443,-0.19551,1,0.0000,0.0000,0,0,ang_step
5169.2570,0.45540,0.09409,-0.15516,1,0.0000,0.0000,0,0,ang_step
5169.2736,0.45571,0.09527,-0.74015,1,0.0000,0.0000,0,0,ang_step
5169.2903,0.44301,0.09477,-0.76387,1,0.0000,0.0000,0,0,ang_step
5169.3070,0.44071,0.09450,-0.17809,1,0.0000,0.0000,0,0,ang_step
5169.3236,0.43989,0.09485,-0.76522,1,0.0000,0.0000,0,0,ang_step
5169.3403,0.45358,0.09512,-0.74492,1,0.0000,0.0000,0,0,ang_step
5169.3570,0.45443,0.09523,-0.74262,1,0.0000,0.0000,0,0,ang_step
5169.3736,0.45149,0.09493,-0.75632,1,0.0000,0.0000,0,0,ang_step
5169.3903,0.44308,0.09478,-0.76577,1,0.0000,0.0000,0,0,ang_step
5169.4070,0.45188,0.09515,-0.74570,1,0.0000,0.0000,0,0,ang_step
5169.4236,0.43649,0.09425,-0.15083,1,0.0000,0.0000,0,0,ang_step
5169.4403,0.43989,0.09469,-0.77257,1,0.0000,0.0000,0,0,ang_step
5169.4570,0.45248,0.09515,-0.74488,1,0.0000,0.0000,0,0,ang_step
5169.4736,0.45367,0.09518,-0.74067,1,0.0000,0.0000,0,0,ang_step
5169.4903,0.43768,0.09480,-0.76814,1,0.0000,0.0000,0,0,ang_step
5169.5069,0.45457,0.09510,-0.74265,1,0.0000,0.0000,0,0,ang_step
5169.5236,0.44780,0.09518,-0.74382,1,0.0000,0.0000,0,0,ang_step
5169.5403,0.45809,0.09430,-0.20077,1,0.0000,0.0000,0,0,ang_step
5169.5569,0.43993,0.09473,-0.77033,1,0.0000,0.0000,0,0,ang_step
5169.5736,0.44573,0.09482,-0.76823,1,0.0000,0.0000,0,0,ang_step
5169.5903,0.43968,0.09479,-0.77449,1,0.0000,0.0000,0,0,ang_step
5169.6069,0.46191,0.09514,-0.73513,1,0.0000,0.0000,0,0,ang_step
5169.6236,0.44949,0.09497,-0.75377,1,0.0000,0.0000,0,0,ang_step
5169.6403,0.45464,0.09429,-0.19405,1,0.0000,0.0000,0,0,ang_step
5169.6569,0.44832,0.09486,-0.76492,1,0.0000,0.0000,0,0,ang_step
5169.6736,0.44516,0.09488,-0.76186,1,0.0000,0.0000,0,0,ang_step
5169.6903,0.46266,0.09426,-0.21384,1,0.0000,0.0000,0,0,ang_step
5169.7069,0.45284,0.09501,-0.74938,1,0.0000,0.0000,0,0,ang_step
5169.7236,0.45922,0.09480,-0.75896,1,0.0000,0.0000,0,0,ang_step
5169.7402,0.44034,0.09483,-0.76764,1,0.0000,0.0000,0,0,ang_step
5169.7569,0.44108,0.09475,-0.77022,1,0.0000,0.0000,0,0,ang_step
5169.7736,0.45769,0.09476,-0.75948,1,0.0000,0.0000,0,0,ang_step
5169.7902,0.44471,0.09479,-0.76574,1,0.0000,0.0000,0,0,ang_step
5169.8069,0.45813,0.09373,-0.14270,1,0.0000,-0.7500,0,375,ang_step
5169.8236,0.43826,0.09411,-0.77902,1,0.0000,-0.7500,0,375,ang_step
5169.8402,0.45102,0.09317,-0.62972,1,0.0000,-0.7500,0,375,ang_step
5169.8569,0.46675,0.09101,-0.51654,1,0.0000,-0.7500,0,375,ang_step
5169.8736,0.46029,0.08838,-0.29830,1,0.0000,-0.7500,0,375,ang_step
5169.8902,0.47717,0.08409,0.07945,1,0.0000,-0.7500,0,375,ang_step
5169.9069,0.46604,0.07999,0.04654,1,0.0000,-0.7500,0,375,ang_step
5169.9236,0.46690,0.07446,0.85672,1,0.0000,-0.7500,0,375,ang_step
5169.9402,0.46556,0.06827,1.27302,1,0.0000,-0.7500,0,375,ang_step
5169.9569,,,,0,0.0000,-0.7500,0,375,ang_step
5169.9735,,,,0,0.0000,-0.7500,0,375,ang_step
5169.9902,,,,0,0.0000,-0.7500,0,375,ang_step
5170.0069,,,,0,0.0000,-0.7500,0,375,ang_step
5170.0235,,,,0,0.0000,-0.7500,0,375,ang_step
5170.0402,0.53046,0.07676,-0.54585,1,0.0000,-0.7500,0,375,ang_step
5170.0569,0.51922,0.07692,-0.44795,1,0.0000,-0.7500,0,375,ang_step
5170.0735,,,,0,0.0000,-0.7500,0,375,ang_step
5170.0902,,,,0,0.0000,-0.7500,0,375,ang_step
5170.1069,,,,0,0.0000,-0.7500,0,375,ang_step
5170.1235,,,,0,0.0000,-0.7500,0,375,ang_step
5170.1402,,,,0,0.0000,-0.7500,0,375,ang_step
5170.1569,,,,0,0.0000,-0.7500,0,375,ang_step
5170.1735,0.53949,0.08028,-1.47572,1,0.0000,-0.7500,0,375,ang_step
5170.1902,0.53844,0.08223,-0.68866,1,0.0000,-0.7500,0,375,ang_step
5170.2068,,,,0,0.0000,-0.7500,0,375,ang_step
5170.2235,0.51773,0.07461,0.23749,1,0.0000,-0.7500,0,375,ang_step
5170.2402,,,,0,0.0000,0.0000,0,0,ang_step
5170.2568,,,,0,0.0000,0.0000,0,0,ang_step
5170.2735,,,,0,0.0000,0.0000,0,0,ang_step
5170.2902,,,,0,0.0000,0.0000,0,0,ang_step
5170.3068,0.53970,0.08033,-2.68095,1,0.0000,0.0000,0,0,ang_step
5170.3235,0.52671,0.08321,-1.59852,1,0.0000,0.0000,0,0,ang_step
5170.3402,0.51461,0.08626,-1.20939,1,0.0000,0.0000,0,0,ang_step
5170.3568,0.50241,0.08813,-0.25861,1,0.0000,0.0000,0,0,ang_step
5170.3735,0.48003,0.08800,-0.12738,1,0.0000,0.0000,0,0,ang_step
5170.3902,0.50303,0.08781,-0.45608,1,0.0000,0.0000,0,0,ang_step
5170.4068,0.49506,0.08643,-0.02004,1,0.0000,0.0000,0,0,ang_step
5170.4235,0.50445,0.08473,-0.18922,1,0.0000,0.0000,0,0,ang_step
5170.4401,0.50177,0.08297,-0.06556,1,0.0000,0.0000,0,0,ang_step
5170.4568,0.49859,0.08273,-0.04828,1,0.0000,0.0000,0,0,ang_step
5170.4735,0.49316,0.08232,0.02937,1,0.0000,0.0000,0,0,ang_step
5170.4901,0.49353,0.08132,-0.21437,1,0.0000,0.0000,0,0,ang_step
5170.5068,0.48811,0.08204,0.00016,1,0.0000,0.0000,0,0,ang_step
5170.5235,0.49338,0.08160,0.08918,1,0.0000,0.0000,0,0,ang_step
5170.5401,0.49549,0.08161,0.07963,1,0.0000,0.0000,0,0,ang_step
5170.5568,0.49356,0.08229,0.03348,1,0.0000,0.0000,0,0,ang_step
5170.5735,0.49362,0.08230,0.02537,1,0.0000,0.0000,0,0,ang_step
5170.5901,0.48666,0.08197,-0.00332,1,0.0000,0.0000,0,0,ang_step
5170.6068,0.48894,0.08196,-0.00826,1,0.0000,0.0000,0,0,ang_step
5170.6235,0.49478,0.08153,0.08365,1,0.0000,0.0000,0,0,ang_step
5170.6401,0.49367,0.08249,0.04579,1,0.0000,0.0000,0,0,ang_step
5170.6568,0.49554,0.08260,0.04897,1,0.0000,0.0000,0,0,ang_step
5170.6734,0.48961,0.08198,-0.00294,1,0.0000,0.0000,0,0,ang_step
5170.6901,0.48782,0.08195,-0.00381,1,0.0000,0.0000,0,0,ang_step
5170.7068,0.48547,0.08210,-0.28813,1,0.0000,0.0000,0,0,ang_step
5170.7234,0.49336,0.08151,0.08914,1,0.0000,0.0000,0,0,ang_step
5170.7401,0.48792,0.08195,-0.00548,1,0.0000,0.0000,0,0,ang_step
5170.7568,0.49558,0.08267,0.00516,1,0.0000,0.0000,0,0,ang_step
5170.7734,0.49608,0.08139,-0.20393,1,0.0000,0.0000,0,0,ang_step
5170.7901,0.48702,0.08188,-0.00119,1,0.0000,0.0000,0,0,ang_step
5170.8068,0.49146,0.08193,-0.23925,1,0.0000,0.0000,0,0,ang_step
5170.8234,0.48701,0.08212,0.02551,1,0.0000,0.0000,0,0,ang_step
5170.8401,0.49293,0.08224,0.02912,1,0.0000,0.0000,0,0,ang_step
5170.8568,0.49459,0.08228,0.02367,1,0.0000,0.0000,0,0,ang_step
5170.8734,0.49315,0.08229,0.02974,1,0.0000,0.0000,0,0,ang_step
5170.8901,0.48922,0.08173,0.10528,1,0.0000,0.0000,0,0,ang_step
5170.9067,0.49346,0.08230,0.03052,1,0.0000,0.0000,0,0,ang_step
5170.9234,0.49689,0.08237,0.01822,1,0.0000,0.0000,0,0,ang_step
5170.9401,0.49251,0.08153,0.08764,1,0.0000,0.0000,0,0,ang_step
5170.9567,0.49310,0.08149,0.09119,1,0.0000,0.0000,0,0,ang_step
5170.9734,0.49227,0.08233,0.02811,1,0.0000,0.0000,0,0,ang_step
5170.9901,0.48699,0.08196,-0.00175,1,0.0000,0.0000,0,0,ang_step
5171.0067,0.49542,0.08139,-0.21131,1,0.0000,0.0000,0,0,ang_step
5171.0234,0.49455,0.08267,0.05432,1,0.0000,0.0000,0,0,ang_step
5171.0401,0.49159,0.08227,0.03456,1,0.0000,0.0000,0,0,ang_step
5171.0567,0.49535,0.08136,-0.20956,1,0.0000,0.0000,0,0,ang_step
5171.0734,0.48790,0.08197,-0.00188,1,0.0000,0.0000,0,0,ang_step
5171.0901,0.50194,0.08189,-0.22170,1,0.0000,0.0000,0,0,ang_step
5171.1067,0.48796,0.08196,-0.00471,1,0.0000,0.0000,0,0,ang_step
5171.1234,0.49383,0.08156,0.08438,1,0.0000,0.0000,0,0,ang_step
5171.1400,0.49674,0.08140,-0.20955,1,0.0000,0.0000,0,0,ang_step
5171.1567,0.49398,0.08229,0.02449,1,0.0000,0.0000,0,0,ang_step
5171.1734,0.48771,0.08195,-0.00380,1,0.0000,0.0000,0,0,ang_step
5171.1900,0.50013,0.08162,0.07009,1,0.0000,0.0000,0,0,ang_step
5171.2067,0.49186,0.08230,0.03419,1,0.0000,0.0000,0,0,ang_step
5171.2234,0.49567,0.08259,0.04611,1,0.0000,0.0000,0,0,ang_step
5171.2400,0.48611,0.08194,-0.00605,1,0.0000,0.0000,0,0,ang_step
5171.2567,0.49290,0.08281,0.02900,1,0.0000,1.0000,0,-500,ang_step
5171.2734,0.48434,0.08204,-0.15998,1,0.0000,1.0000,0,-500,ang_step
5171.2900,0.50221,0.08372,-0.25723,1,0.0000,1.0000,0,-500,ang_step
5171.3067,0.48965,0.08586,-0.42825,1,0.0000,1.0000,0,-500,ang_step
5171.3234,0.48474,0.08851,-0.66559,1,0.0000,1.0000,0,-500,ang_step
5171.3400,0.49467,0.09010,-0.88639,1,0.0000,1.0000,0,-500,ang_step
5171.3567,0.52146,0.09211,-1.21091,1,0.0000,1.0000,0,-500,ang_step
5171.3733,0.53789,0.09455,-1.98636,1,0.0000,1.0000,0,-500,ang_step
5171.3900,0.56193,0.09362,-2.11620,1,0.0000,1.0000,0,-500,ang_step
5171.4067,,,,0,0.0000,1.0000,0,-500,ang_step
5171.4233,,,,0,0.0000,1.0000,0,-500,ang_step
5171.4400,,,,0,0.0000,1.0000,0,-500,ang_step
5171.4567,,,,0,0.0000,1.0000,0,-500,ang_step
5171.4733,,,,0,0.0000,1.0000,0,-500,ang_step
5171.4900,,,,0,0.0000,1.0000,0,-500,ang_step
5171.5067,,,,0,0.0000,1.0000,0,-500,ang_step
5171.5233,0.57051,0.08017,-1.36738,1,0.0000,1.0000,0,-500,ang_step
5171.5400,,,,0,0.0000,1.0000,0,-500,ang_step
5171.5567,,,,0,0.0000,1.0000,0,-500,ang_step
5171.5733,,,,0,0.0000,0.0000,0,0,ang_step
5171.5900,,,,0,0.0000,0.0000,0,0,ang_step
5171.6066,,,,0,0.0000,0.0000,0,0,ang_step
5171.6233,0.61503,0.06546,-0.00312,1,0.0000,0.0000,0,0,ang_step
5171.6400,0.58776,0.06889,-0.10548,1,0.0000,0.0000,0,0,ang_step
5171.6566,0.58996,0.07285,-1.29459,1,0.0000,0.0000,0,0,ang_step
5171.6733,0.59285,0.07459,-1.75400,1,0.0000,0.0000,0,0,ang_step
5171.6900,0.60231,0.07466,-2.07256,1,0.0000,0.0000,0,0,ang_step
5171.7066,,,,0,0.0000,0.0000,0,0,ang_step
5171.7233,,,,0,0.0000,0.0000,0,0,ang_step
5171.7400,,,,0,0.0000,0.0000,0,0,ang_step
5171.7566,,,,0,0.0000,0.0000,0,0,ang_step
5171.7733,,,,0,0.0000,0.0000,0,0,ang_step
5171.7900,,,,0,0.0000,0.0000,0,0,ang_step
5171.8066,,,,0,0.0000,0.0000,0,0,ang_step
5171.8233,,,,0,0.0000,0.0000,0,0,ang_step
5171.8399,,,,0,0.0000,0.0000,0,0,ang_step
5171.8566,0.67087,0.06547,-3.10311,1,0.0000,0.0000,0,0,ang_step
5171.8733,,,,0,0.0000,0.0000,0,0,ang_step
5171.8899,,,,0,0.0000,0.0000,0,0,ang_step
5171.9066,,,,0,0.0000,0.0000,0,0,ang_step
5171.9233,,,,0,0.0000,0.0000,0,0,ang_step
5171.9399,,,,0,0.0000,0.0000,0,0,ang_step
5171.9566,,,,0,0.0000,0.0000,0,0,ang_step
5171.9733,,,,0,0.0000,0.0000,0,0,ang_step
5171.9899,,,,0,0.0000,0.0000,0,0,ang_step
5172.0066,,,,0,0.0000,0.0000,0,0,ang_step
5172.0233,,,,0,0.0000,0.0000,0,0,ang_step
5172.0399,,,,0,0.0000,0.0000,0,0,ang_step
5172.0566,,,,0,0.0000,0.0000,0,0,ang_step
5172.0733,0.68813,0.06482,-3.10129,1,0.0000,0.0000,0,0,ang_step
5172.0899,,,,0,0.0000,0.0000,0,0,ang_step
5172.1066,,,,0,0.0000,0.0000,0,0,ang_step
5172.1232,0.62254,0.06489,-2.94564,1,0.0000,0.0000,0,0,ang_step
5172.1399,0.66602,0.06548,-3.10147,1,0.0000,0.0000,0,0,ang_step
5172.1566,,,,0,0.0000,0.0000,0,0,ang_step
5172.1732,0.65107,0.06476,-2.96767,1,0.0000,0.0000,0,0,ang_step
5172.1899,,,,0,0.0000,0.0000,0,0,ang_step
5172.2066,,,,0,0.0000,0.0000,0,0,ang_step
5172.2232,,,,0,0.0000,0.0000,0,0,ang_step
5172.2399,,,,0,0.0000,0.0000,0,0,ang_step
5172.2566,0.69171,0.06471,-3.10298,1,0.0000,0.0000,0,0,ang_step
5172.2732,,,,0,0.0000,0.0000,0,0,ang_step
5172.2899,,,,0,0.0000,0.0000,0,0,ang_step
5172.3066,,,,0,0.0000,0.0000,0,0,ang_step
5172.3232,0.63090,0.06476,-2.94592,1,0.0000,0.0000,0,0,ang_step
5172.3399,0.66645,0.06413,-2.97406,1,0.0000,0.0000,0,0,ang_step
5172.3565,,,,0,0.0000,0.0000,0,0,ang_step
5172.3732,0.67304,0.06540,-3.08870,1,0.0000,0.0000,0,0,ang_step
5172.3899,0.61397,0.06511,-2.94318,1,0.0000,0.0000,0,0,ang_step
5172.4065,,,,0,0.0000,0.0000,0,0,ang_step
5172.4232,0.61628,0.06516,-2.94538,1,0.0000,0.0000,0,0,ang_step
5172.4399,,,,0,0.0000,0.0000,0,0,ang_step
5172.4565,,,,0,0.0000,0.0000,0,0,ang_step
5172.4732,0.68662,0.06485,-3.09774,1,0.0000,0.0000,0,0,ang_step
5172.4899,,,,0,0.0000,0.0000,0,0,ang_step
5172.5065,,,,0,0.0000,0.0000,0,0,ang_step
5172.5232,0.61977,0.06518,-2.94050,1,0.0000,0.0000,0,0,ang_step
5172.5399,,,,0,0.0000,0.0000,0,0,ang_step
5172.5565,,,,0,0.0000,0.0000,0,0,ang_step
5172.5732,,,,0,0.0000,0.0000,0,0,ang_step
5172.5898,,,,0,0.0000,-1.0000,0,500,ang_step
5172.6065,,,,0,0.0000,-1.0000,0,500,ang_step
5172.6232,0.62418,0.06730,-2.82823,1,0.0000,-1.0000,0,500,ang_step
5172.6398,,,,0,0.0000,-1.0000,0,500,ang_step
5172.6565,0.62823,0.07443,-2.45425,1,0.0000,-1.0000,0,500,ang_step
5172.6732,0.64932,0.07858,-2.85582,1,0.0000,-1.0000,0,500,ang_step
5172.6898,0.63932,0.08440,-1.76007,1,0.0000,-1.0000,0,500,ang_step
5172.7065,0.61771,0.08766,-0.36739,1,0.0000,-1.0000,0,500,ang_step
5172.7232,0.62122,0.09065,-0.81122,1,0.0000,-1.0000,0,500,ang_step
5172.7398,0.62824,0.08971,-0.00970,1,0.0000,-1.0000,0,500,ang_step
5172.7565,0.62724,0.08743,0.40043,1,0.0000,-1.0000,0,500,ang_step
5172.7732,,,,0,0.0000,-1.0000,0,500,ang_step
5172.7898,,,,0,0.0000,-1.0000,0,500,ang_step
5172.8065,,,,0,0.0000,-1.0000,0,500,ang_step
5172.8231,,,,0,0.0000,-1.0000,0,500,ang_step
5172.8398,,,,0,0.0000,-1.0000,0,500,ang_step
5172.8565,,,,0,0.0000,-1.0000,0,500,ang_step
5172.8731,0.64855,0.09854,-0.03364,1,0.0000,-1.0000,0,500,ang_step
5172.8898,,,,0,0.0000,-1.0000,0,500,ang_step
5172.9065,,,,0,0.0000,-1.0000,0,500,ang_step
5172.9231,,,,0,0.0000,0.0000,0,0,ang_step
5172.9398,,,,0,0.0000,0.0000,0,0,ang_step
5172.9565,,,,0,0.0000,0.0000,0,0,ang_step
5172.9731,,,,0,0.0000,0.0000,0,0,ang_step
5172.9898,0.61439,0.10402,-1.40160,1,0.0000,0.0000,0,0,ang_step
5173.0065,0.58832,0.10365,-0.91793,1,0.0000,0.0000,0,0,ang_step
5173.0231,0.59453,0.10294,-0.58913,1,0.0000,0.0000,0,0,ang_step
5173.0398,0.60658,0.10080,-0.00661,1,0.0000,0.0000,0,0,ang_step
5173.0564,0.57275,0.09799,0.04527,1,0.0000,0.0000,0,0,ang_step
5173.0731,0.56441,0.09582,0.03342,1,0.0000,0.0000,0,0,ang_step
5173.0898,0.56467,0.09255,0.59660,1,0.0000,0.0000,0,0,ang_step
5173.1064,0.55126,0.08934,0.71974,1,0.0000,0.0000,0,0,ang_step
5173.1231,0.55680,0.08579,0.80451,1,0.0000,0.0000,0,0,ang_step
5173.1398,0.54300,0.08196,0.86039,1,0.0000,0.0000,0,0,ang_step
5173.1564,0.55659,0.08032,0.18770,1,0.0000,0.0000,0,0,ang_step
5173.1731,0.53993,0.07789,0.90305,1,0.0000,0.0000,0,0,ang_step
5173.1898,0.54195,0.07691,0.90144,1,0.0000,0.0000,0,0,ang_step
5173.2064,0.53961,0.07675,0.91315,1,0.0000,0.0000,0,0,ang_step
5173.2231,0.53171,0.07694,0.95000,1,0.0000,0.0000,0,0,ang_step
5173.2398,0.54051,0.07674,0.91251,1,0.0000,0.0000,0,0,ang_step
5173.2564,0.53993,0.07685,0.91936,1,0.0000,0.0000,0,0,ang_step
5173.2731,0.53448,0.07674,0.15866,1,0.0000,0.0000,0,0,ang_step
5173.2897,0.53895,0.07633,0.92556,1,0.0000,0.0000,0,0,ang_step
5173.3064,0.53781,0.07711,0.19637,1,0.0000,0.0000,0,0,ang_step
5173.3231,0.53876,0.07672,0.91557,1,0.0000,0.0000,0,0,ang_step
5173.3397,0.53853,0.07677,0.91509,1,0.0000,0.0000,0,0,ang_step
5173.3564,0.53885,0.07665,0.91835,1,0.0000,0.0000,0,0,ang_step
5173.3731,0.54253,0.07649,0.92800,1,0.0000,0.0000,0,0,ang_step
5173.3897,0.54636,0.07669,0.90654,1,0.0000,0.0000,0,0,ang_step
5173.4064,0.53878,0.07675,0.91751,1,0.0000,0.0000,0,0,ang_step
5173.4231,0.53550,0.07650,0.93299,1,0.0000,0.0000,0,0,ang_step
5173.4397,0.53873,0.07637,0.92765,1,0.0000,0.0000,0,0,ang_step
5173.4564,0.53999,0.07674,0.91358,1,0.0000,0.0000,0,0,ang_step
5173.4731,0.53637,0.07646,0.93037,1,0.0000,0.0000,0,0,ang_step
5173.4897,0.53610,0.07645,0.92997,1,0.0000,0.0000,0,0,ang_step
5173.5064,0.53885,0.07682,0.92067,1,0.0000,0.0000,0,0,ang_step
5173.5230,0.54018,0.07679,0.91302,1,0.0000,0.0000,0,0,ang_step
5173.5397,0.53981,0.07672,0.91367,1,0.0000,0.0000,0,0,ang_step
5173.5564,0.54204,0.07671,0.90987,1,0.0000,0.0000,0,0,ang_step
5173.5730,0.54034,0.07680,0.91504,1,0.0000,0.0000,0,0,ang_step
5173.5897,0.53535,0.07671,0.15837,1,0.0000,0.0000,0,0,ang_step
5173.6064,0.53768,0.07680,0.91460,1,0.0000,0.0000,0,0,ang_step
5173.6230,0.53761,0.07638,0.92568,1,0.0000,0.0000,0,0,ang_step
5173.6397,0.53924,0.07672,0.91166,1,0.0000,0.0000,0,0,ang_step
5173.6564,0.53508,0.07673,0.15954,1,0.0000,0.0000,0,0,ang_step
5173.6730,0.54093,0.07670,0.91128,1,0.0000,0.0000,0,0,ang_step
5173.6897,0.54151,0.07674,0.90959,1,0.0000,0.0000,0,0,ang_step
5173.7064,0.53540,0.07673,0.15951,1,0.0000,0.0000,0,0,ang_step
5173.7230,0.54105,0.07674,0.90873,1,0.0000,0.0000,0,0,ang_step
5173.7397,0.54006,0.07678,0.91528,1,0.0000,0.0000,0,0,ang_step
5173.7563,0.53830,0.07678,0.91668,1,0.0000,0.0000,0,0,ang_step
5173.7730,0.53940,0.07681,0.91182,1,0.0000,0.0000,0,0,ang_step
5173.7897,0.53846,0.07678,0.91533,1,0.0000,0.0000,0,0,ang_step
5173.8063,0.54081,0.07674,0.91352,1,0.0000,0.0000,0,0,ang_step
5173.8230,0.53600,0.07645,0.92936,1,0.0000,0.0000,0,0,ang_step
5173.8397,0.53789,0.07640,0.92915,1,0.0000,0.0000,0,0,ang_step
5173.8563,0.53631,0.07638,0.92847,1,0.0000,0.0000,0,0,ang_step
5173.8730,0.53836,0.07639,0.92558,1,0.0000,0.0000,0,0,ang_step
5187.1213,0.36889,0.18440,-1.52780,1,0.0000,0.0000,0,0,ang_step
5187.1713,0.37510,0.18481,-1.51957,1,0.0000,0.0000,0,0,ang_step
5187.1879,0.37832,0.18510,-1.51721,1,0.0000,0.0000,0,0,ang_step
5187.2046,0.37928,0.18462,-1.70128,1,0.0000,0.0000,0,0,ang_step
5187.2213,0.40395,0.18774,-1.51218,1,0.0000,0.0000,0,0,ang_step
5187.2379,0.37596,0.18459,-1.54557,1,0.0000,0.0000,0,0,ang_step
5187.2546,0.38950,0.18608,-1.54599,1,0.0000,0.0000,0,0,ang_step
5187.2713,0.37530,0.18451,-1.54683,1,0.0000,0.0000,0,0,ang_step
5187.2879,0.37798,0.18522,-1.53455,1,0.0000,0.0000,0,0,ang_step
5187.3046,0.37834,0.18512,-1.53661,1,0.0000,0.0000,0,0,ang_step
5187.3212,0.37369,0.18450,-1.53966,1,0.0000,0.0000,0,0,ang_step
5187.3379,0.38509,0.18609,-1.52940,1,0.0000,0.0000,0,0,ang_step
5187.3546,0.37867,0.18522,-1.53533,1,0.0000,0.0000,0,0,ang_step
5187.3712,0.38789,0.18622,-1.53456,1,0.0000,0.0000,0,0,ang_step
5187.3879,0.38431,0.18538,-1.55458,1,0.0000,0.0000,0,0,ang_step
5187.4046,0.38383,0.18525,-1.52661,1,0.0000,0.0000,0,0,ang_step
5187.4212,0.38790,0.18592,-1.54894,1,0.0000,0.0000,0,0,ang_step
5187.4379,0.38336,0.18473,-1.71573,1,1.0000,0.0000,500,0,lin_max
5187.4546,0.42794,0.19144,-1.52095,1,1.0000,0.0000,500,0,lin_max
5187.4712,0.37979,0.19414,-1.54079,1,1.0000,0.0000,500,0,lin_max
5187.4879,0.38125,0.20552,-1.83054,1,1.0000,0.0000,500,0,lin_max
5187.5046,,,,0,1.0000,0.0000,500,0,lin_max
5187.5212,,,,0,1.0000,0.0000,500,0,lin_max
5187.5379,,,,0,1.0000,0.0000,500,0,lin_max
5187.5545,,,,0,1.0000,0.0000,500,0,lin_max
5187.5712,,,,0,1.0000,0.0000,500,0,lin_max
5187.5879,,,,0,1.0000,0.0000,500,0,lin_max
5187.6045,,,,0,1.0000,0.0000,500,0,lin_max
5187.6212,,,,0,1.0000,0.0000,500,0,lin_max
5187.6379,,,,0,0.0000,0.0000,0,0,lin_max
5187.6545,,,,0,0.0000,0.0000,0,0,lin_max
5187.6712,,,,0,0.0000,0.0000,0,0,lin_max
5187.6879,,,,0,0.0000,0.0000,0,0,lin_max
5187.7045,,,,0,0.0000,0.0000,0,0,lin_max
5187.7212,,,,0,0.0000,0.0000,0,0,lin_max
5187.7379,,,,0,0.0000,0.0000,0,0,lin_max
5187.7545,,,,0,0.0000,0.0000,0,0,lin_max
5187.7712,,,,0,0.0000,0.0000,0,0,lin_max
5187.7878,,,,0,0.0000,0.0000,0,0,lin_max
5187.8045,,,,0,0.0000,0.0000,0,0,lin_max
5187.8212,,,,0,0.0000,0.0000,0,0,lin_max
5187.8378,,,,0,0.0000,0.0000,0,0,lin_max
5187.8545,,,,0,0.0000,0.0000,0,0,lin_max
5187.8712,,,,0,0.0000,0.0000,0,0,lin_max
5187.8878,,,,0,0.0000,0.0000,0,0,lin_max
5187.9045,,,,0,0.0000,0.0000,0,0,lin_max
5187.9212,,,,0,0.0000,0.0000,0,0,lin_max
5187.9378,,,,0,0.0000,0.0000,0,0,lin_max
5187.9545,,,,0,0.0000,0.0000,0,0,lin_max
5187.9712,,,,0,0.0000,0.0000,0,0,lin_max
5187.9878,,,,0,0.0000,0.0000,0,0,lin_max
5188.0045,0.43628,1.05250,-2.03639,1,0.0000,0.0000,0,0,lin_max
5188.0211,0.41868,1.04695,-1.02070,1,0.0000,0.0000,0,0,lin_max
5188.0378,0.44703,1.08167,-1.01305,1,0.0000,0.0000,0,0,lin_max
5188.0545,0.45247,1.09208,-2.16112,1,0.0000,0.0000,0,0,lin_max
5188.0711,0.45053,1.09326,-1.01537,1,0.0000,0.0000,0,0,lin_max
5188.0878,,,,0,0.0000,0.0000,0,0,lin_max
5188.1045,0.44012,1.08679,-0.98984,1,0.0000,0.0000,0,0,lin_max
5188.1211,0.42865,1.07699,-0.98660,1,0.0000,0.0000,0,0,lin_max
5188.1378,,,,0,0.0000,0.0000,0,0,lin_max
5188.1545,0.43944,1.08816,-0.99142,1,0.0000,0.0000,0,0,lin_max
5188.1711,,,,0,0.0000,0.0000,0,0,lin_max
5188.1878,,,,0,0.0000,0.0000,0,0,lin_max
5188.2045,,,,0,0.0000,0.0000,0,0,lin_max
5188.2211,,,,0,0.0000,0.0000,0,0,lin_max
5188.2378,,,,0,0.0000,0.0000,0,0,lin_max
5188.2545,0.42292,1.07139,-0.98744,1,0.0000,0.0000,0,0,lin_max
5188.2711,,,,0,0.0000,0.0000,0,0,lin_max
5188.2878,0.42333,1.07219,-0.98433,1,0.0000,0.0000,0,0,lin_max
5188.3044,,,,0,0.0000,0.0000,0,0,lin_max
5188.3211,0.43912,1.08725,-0.99535,1,0.0000,0.0000,0,0,lin_max
5188.3378,,,,0,0.0000,0.0000,0,0,lin_max
5188.3544,0.43590,1.08400,-0.99096,1,0.0000,0.0000,0,0,lin_max
5188.3711,0.43657,1.08490,-0.99550,1,0.0000,0.0000,0,0,lin_max
5188.3878,0.43070,1.07972,-0.98797,1,0.0000,0.0000,0,0,lin_max
5188.4044,0.43326,1.08194,-1.00320,1,0.0000,0.0000,0,0,lin_max
5188.4211,0.44879,1.09614,-1.03171,1,0.0000,0.0000,0,0,lin_max
5188.4378,0.44014,1.08894,-0.99112,1,0.0000,0.0000,0,0,lin_max
5188.4544,,,,0,0.0000,0.0000,0,0,lin_max
5188.4711,,,,0,0.0000,0.0000,0,0,lin_max
5188.4878,0.43952,1.08798,-2.51210,1,0.0000,0.0000,0,0,lin_max
5188.5044,0.45194,1.09952,-2.38747,1,0.0000,0.0000,0,0,lin_max
5188.5211,0.43488,1.08312,-1.01301,1,0.0000,0.0000,0,0,lin_max
5188.5377,0.43386,1.08239,-0.99608,1,0.0000,0.0000,0,0,lin_max
5188.5544,0.44142,1.08953,-2.56397,1,0.0000,0.0000,0,0,lin_max
5188.5711,0.44480,1.09325,-2.51650,1,0.0000,0.0000,0,0,lin_max
5188.5877,,,,0,0.0000,0.0000,0,0,lin_max
5188.6044,0.44265,1.09027,-1.02207,1,0.0000,0.0000,0,0,lin_max
5188.6211,,,,0,0.0000,0.0000,0,0,lin_max
5188.6377,,,,0,0.0000,0.0000,0,0,lin_max
5188.6544,,,,0,0.0000,0.0000,0,0,lin_max
5188.6711,0.42930,1.07783,-0.99394,1,0.0000,0.0000,0,0,lin_max
5188.6877,0.44284,1.09153,-1.00412,1,0.0000,0.0000,0,0,lin_max
5188.7044,,,,0,0.0000,0.0000,0,0,lin_max
5188.7211,,,,0,0.0000,0.0000,0,0,lin_max
5188.7377,,,,0,0.0000,0.0000,0,0,lin_max
5188.7544,,,,0,0.0000,0.0000,0,0,lin_max
5188.7710,0.44656,1.09369,-2.46210,1,0.0000,0.0000,0,0,lin_max
5188.7877,,,,0,0.0000,0.0000,0,0,lin_max
5188.8044,,,,0,0.0000,0.0000,0,0,lin_max
5188.8210,,,,0,0.0000,0.0000,0,0,lin_max
5188.8377,0.44525,1.09379,-2.37297,1,0.0000,0.0000,0,0,lin_max
5188.8544,,,,0,0.0000,0.0000,0,0,lin_max
5188.8710,0.43054,1.07932,-0.99582,1,0.0000,0.0000,0,0,lin_max
5188.8877,,,,0,0.0000,0.0000,0,0,lin_max
5188.9044,0.44713,1.09474,-1.01391,1,0.0000,0.0000,0,0,lin_max
5188.9210,0.42996,1.07945,-2.50931,1,0.0000,0.0000,0,0,lin_max
5188.9377,,,,0,0.0000,0.0000,0,0,lin_max
5188.9544,0.43420,1.08262,-2.57670,1,0.0000,0.0000,0,0,lin_max
5188.9710,0.44220,1.09045,-2.52701,1,0.0000,0.0000,0,0,lin_max
5188.9877,0.44148,1.08970,-1.00057,1,0.0000,0.0000,0,0,lin_max
5189.0043,0.43344,1.08325,-0.99158,1,0.0000,0.0000,0,0,lin_max
5189.0210,0.43815,1.08644,-1.00882,1,0.0000,0.0000,0,0,lin_max
5189.0377,0.44489,1.09299,-2.52675,1,0.0000,0.0000,0,0,lin_max
5189.0543,,,,0,0.0000,0.0000,0,0,lin_max
5189.0710,0.43382,1.08296,-0.99346,1,0.0000,0.0000,0,0,lin_max
5189.0877,0.44226,1.08989,-2.46150,1,0.0000,0.0000,0,0,lin_max
5189.1043,0.44264,1.09020,-1.00697,1,0.0000,0.0000,0,0,lin_max
5189.1210,0.43600,1.08453,-0.98102,1,0.0000,0.0000,0,0,lin_max
5195.0868,0.37357,0.17344,-1.79126,1,0.0000,0.0000,0,0,lin_max
5195.1368,0.37182,0.17320,-1.81253,1,0.0000,0.0000,0,0,lin_max
5195.1535,0.37427,0.17223,-1.80880,1,0.0000,0.0000,0,0,lin_max
5195.1701,0.37614,0.17391,-1.81545,1,0.0000,0.0000,0,0,lin_max
5195.1868,0.37352,0.17330,-2.22620,1,0.0000,0.0000,0,0,lin_max
5195.2035,0.37855,0.17410,-1.79973,1,0.0000,0.0000,0,0,lin_max
5195.2201,0.37191,0.17279,-2.22205,1,0.0000,0.0000,0,0,lin_max
5195.2368,0.36735,0.17148,-2.24731,1,0.0000,0.0000,0,0,lin_max
5195.2535,0.38055,0.17439,-1.81689,1,0.0000,0.0000,0,0,lin_max
5195.2701,0.37339,0.17330,-2.22878,1,0.0000,0.0000,0,0,lin_max
5195.2868,0.37208,0.17222,-1.77020,1,0.0000,0.0000,0,0,lin_max
5195.3035,0.37235,0.17291,-2.23118,1,0.0000,0.0000,0,0,lin_max
5195.3201,0.35830,0.17132,-2.28891,1,0.0000,0.0000,0,0,lin_max
5195.3368,0.37145,0.17175,-1.77751,1,0.0000,0.0000,0,0,lin_max
5195.3535,0.36640,0.17174,-1.76228,1,0.0000,1.0000,0,-500,ang_max
5195.3701,0.37184,0.17373,-1.82407,1,0.0000,1.0000,0,-500,ang_max
5195.3868,0.37700,0.17379,-1.87850,1,0.0000,1.0000,0,-500,ang_max
5195.4034,0.39438,0.17513,-1.98135,1,0.0000,1.0000,0,-500,ang_max
5195.4201,0.38534,0.17312,-2.18060,1,0.0000,1.0000,0,-500,ang_max
5195.4368,0.39944,0.17186,-2.41946,1,0.0000,1.0000,0,-500,ang_max
5195.4534,,,,0,0.0000,1.0000,0,-500,ang_max
5195.4701,,,,0,0.0000,1.0000,0,-500,ang_max
5195.4868,,,,0,0.0000,1.0000,0,-500,ang_max
5195.5034,,,,0,0.0000,1.0000,0,-500,ang_max
5195.5201,,,,0,0.0000,1.0000,0,-500,ang_max
5195.5368,0.39739,0.14296,0.96984,1,0.0000,1.0000,0,-500,ang_max
5195.5534,0.38674,0.14288,0.00658,1,0.0000,1.0000,0,-500,ang_max
5195.5701,0.40173,0.14663,-0.14726,1,0.0000,1.0000,0,-500,ang_max
5195.5868,0.38513,0.14973,-1.28249,1,0.0000,1.0000,0,-500,ang_max
5195.6034,,,,0,0.0000,1.0000,0,-500,ang_max
5195.6201,,,,0,0.0000,1.0000,0,-500,ang_max
5195.6367,,,,0,0.0000,1.0000,0,-500,ang_max
5195.6534,,,,0,0.0000,1.0000,0,-500,ang_max
5195.6701,,,,0,0.0000,1.0000,0,-500,ang_max
5195.6867,0.40682,0.13964,0.11172,1,0.0000,0.0000,0,0,ang_max
5195.7034,,,,0,0.0000,0.0000,0,0,ang_max
5195.7201,,,,0,0.0000,0.0000,0,0,ang_max
5195.7367,,,,0,0.0000,0.0000,0,0,ang_max
5195.7534,,,,0,0.0000,0.0000,0,0,ang_max
5195.7701,,,,0,0.0000,0.0000,0,0,ang_max
5195.7867,0.38984,0.13406,2.31767,1,0.0000,0.0000,0,0,ang_max
5195.8034,0.37540,0.12821,2.00819,1,0.0000,0.0000,0,0,ang_max
5195.8201,0.36326,0.12278,1.72952,1,0.0000,0.0000,0,0,ang_max
5195.8367,0.33877,0.11774,1.54260,1,0.0000,0.0000,0,0,ang_max
5195.8534,0.34052,0.11434,1.40333,1,0.0000,0.0000,0,0,ang_max
5195.8700,0.32255,0.11136,0.88178,1,0.0000,0.0000,0,0,ang_max
5195.8867,0.31900,0.10905,1.27941,1,0.0000,0.0000,0,0,ang_max
5195.9034,0.34278,0.10846,1.23494,1,0.0000,0.0000,0,0,ang_max
5195.9200,0.31839,0.10750,1.23875,1,0.0000,0.0000,0,0,ang_max
5195.9367,0.32411,0.10672,1.22175,1,0.0000,0.0000,0,0,ang_max
5195.9534,0.32146,0.10734,1.22401,1,0.0000,0.0000,0,0,ang_max
5195.9700,0.33873,0.10743,1.22299,1,0.0000,0.0000,0,0,ang_max
5195.9867,0.31906,0.10702,1.22928,1,0.0000,0.0000,0,0,ang_max
5196.0034,0.32088,0.10698,1.22761,1,0.0000,0.0000,0,0,ang_max
5196.0200,0.32063,0.10710,1.22793,1,0.0000,0.0000,0,0,ang_max
5196.0367,0.32082,0.10632,1.23863,1,0.0000,0.0000,0,0,ang_max
5196.0534,0.33086,0.10701,1.21352,1,0.0000,0.0000,0,0,ang_max
5196.0700,0.32295,0.10778,1.24796,1,0.0000,0.0000,0,0,ang_max
5196.0867,0.33865,0.10740,1.22200,1,0.0000,0.0000,0,0,ang_max
5196.1033,0.32603,0.10706,1.21699,1,0.0000,0.0000,0,0,ang_max
5196.1200,0.32394,0.10685,1.22255,1,0.0000,0.0000,0,0,ang_max
5196.1367,0.33679,0.10816,0.78164,1,0.0000,0.0000,0,0,ang_max
5196.1533,0.33202,0.10737,1.22728,1,0.0000,0.0000,0,0,ang_max
5196.1700,0.33423,0.10721,1.21533,1,0.0000,0.0000,0,0,ang_max
5196.1867,0.32088,0.10664,1.22078,1,0.0000,0.0000,0,0,ang_max
5196.2033,0.32312,0.10760,1.25149,1,0.0000,0.0000,0,0,ang_max
5196.2200,0.32116,0.10703,1.23076,1,0.0000,0.0000,0,0,ang_max
5196.2367,0.31529,0.10729,1.24488,1,0.0000,0.0000,0,0,ang_max
5196.2533,0.32587,0.10700,1.22403,1,0.0000,0.0000,0,0,ang_max
5196.2700,0.31855,0.10693,1.23218,1,0.0000,0.0000,0,0,ang_max
5196.2867,0.32632,0.10791,1.24335,1,0.0000,0.0000,0,0,ang_max
5196.3033,0.32397,0.10642,1.25640,1,0.0000,0.0000,0,0,ang_max
5196.3200,0.34523,0.10781,1.23068,1,0.0000,0.0000,0,0,ang_max
5196.3366,0.33912,0.10764,1.20228,1,0.0000,0.0000,0,0,ang_max
5196.3533,0.31594,0.10694,1.22886,1,0.0000,0.0000,0,0,ang_max
5196.3700,0.32460,0.10735,1.23978,1,0.0000,0.0000,0,0,ang_max
5196.3866,0.32065,0.10704,1.22872,1,0.0000,0.0000,0,0,ang_max
5196.4033,0.32465,0.10784,0.73028,1,0.0000,0.0000,0,0,ang_max
5196.4200,0.32390,0.10682,1.22252,1,0.0000,0.0000,0,0,ang_max
5196.4366,0.33185,0.10714,1.21072,1,0.0000,0.0000,0,0,ang_max
5196.4533,0.33642,0.10731,1.20367,1,0.0000,0.0000,0,0,ang_max
5196.4700,0.32805,0.10748,1.23359,1,0.0000,0.0000,0,0,ang_max
5196.4866,0.33119,0.10756,1.22518,1,0.0000,0.0000,0,0,ang_max
5196.5033,0.31667,0.10736,1.24085,1,0.0000,0.0000,0,0,ang_max
5196.5200,0.32500,0.10681,1.21898,1,0.0000,0.0000,0,0,ang_max
5196.5366,0.33732,0.10735,1.21838,1,0.0000,0.0000,0,0,ang_max
5196.5533,0.31724,0.10716,1.22985,1,0.0000,0.0000,0,0,ang_max
5196.5699,0.31976,0.10698,1.23050,1,0.0000,0.0000,0,0,ang_max
5196.5866,0.33285,0.10732,1.22588,1,0.0000,0.0000,0,0,ang_max
5196.6033,0.32655,0.10697,1.22080,1,0.0000,0.0000,0,0,ang_max
5196.6199,0.32050,0.10674,1.22708,1,0.0000,0.0000,0,0,ang_max
5196.6366,0.32066,0.10710,1.22661,1,0.0000,0.0000,0,0,ang_max
5196.6533,0.34096,0.10701,1.22123,1,0.0000,0.0000,0,0,ang_max
5196.6699,0.31859,0.10687,1.23100,1,0.0000,0.0000,0,0,ang_max
5196.6866,0.32369,0.10775,1.24676,1,0.0000,0.0000,0,0,ang_max
5196.7033,0.32351,0.10692,1.22273,1,0.0000,0.0000,0,0,ang_max
5196.7199,0.33319,0.10751,1.20826,1,0.0000,0.0000,0,0,ang_max
5196.7366,0.32771,0.10793,0.73797,1,0.0000,0.0000,0,0,ang_max
5196.7533,0.34693,0.10788,1.20585,1,0.0000,0.0000,0,0,ang_max
5196.7699,0.33262,0.10698,1.21412,1,0.0000,0.0000,0,0,ang_max
5196.7866,0.32576,0.10735,1.22153,1,0.0000,0.0000,0,0,ang_max
5196.8032,0.33334,0.10741,1.21014,1,0.0000,0.0000,0,0,ang_max
5196.8199,0.32579,0.10707,1.21776,1,0.0000,0.0000,0,0,ang_max
5196.8366,0.33482,0.10754,1.20719,1,0.0000,0.0000,0,0,ang_max
5196.8532,0.32827,0.10688,1.21610,1,0.0000,0.0000,0,0,ang_max
5196.8699,0.32541,0.10697,1.21801,1,0.0000,0.0000,0,0,ang_max
5196.8866,0.32807,0.10694,1.21923,1,0.0000,0.0000,0,0,ang_max
5196.9032,0.32922,0.10710,1.21017,1,0.0000,0.0000,0,0,ang_max
5196.9199,0.32443,0.10777,0.72925,1,0.0000,0.0000,0,0,ang_max
5196.9366,0.32354,0.10683,1.22452,1,0.0000,0.0000,0,0,ang_max
5196.9532,0.32114,0.10713,1.22543,1,0.0000,0.0000,0,0,ang_max
5196.9699,0.33613,0.10644,1.23840,1,0.0000,0.0000,0,0,ang_max
5196.9866,0.33650,0.10742,1.22456,1,0.0000,0.0000,0,0,ang_max
5197.0032,0.33156,0.10788,0.78765,1,0.0000,0.0000,0,0,ang_max
5197.0199,0.32662,0.10731,1.23870,1,0.0000,0.0000,0,0,ang_max
5197.0365,0.32004,0.10677,1.22762,1,0.0000,0.0000,0,0,ang_max
5197.0532,0.34126,0.10764,0.80239,1,0.0000,0.0000,0,0,ang_max
5197.0699,0.31190,0.10687,1.23670,1,0.0000,0.0000,0,0,ang_max
5197.0865,0.32628,0.10734,1.23722,1,0.0000,0.0000,0,0,ang_max
5197.1032,0.33411,0.10791,1.22168,1,0.0000,0.0000,0,0,ang_max
5197.1199,0.33693,0.10798,1.22107,1,0.0000,0.0000,0,0,ang_max
5197.1365,0.31448,0.10688,1.25672,1,0.0000,0.0000,0,0,ang_max
5197.1532,0.33221,0.10752,1.22315,1,0.0000,0.0000,0,0,ang_max
5200.6195,0.33619,0.10788,1.22423,1,0.0000,0.0000,0,0,ang_max
5200.6528,0.32716,0.10744,1.21810,1,0.0000,0.0000,0,0,ang_max
5200.6695,0.31237,0.10687,1.23853,1,0.0000,0.0000,0,0,ang_max
5200.6861,0.34539,0.10785,0.80701,1,0.0000,0.0000,0,0,ang_max
5200.7028,0.31185,0.10681,1.23877,1,0.0000,0.0000,0,0,ang_max
5200.7195,0.33429,0.10754,1.22155,1,0.0000,0.0000,0,0,ang_max
5200.7361,0.33272,0.10754,0.80327,1,0.0000,0.0000,0,0,ang_max
5200.7528,0.33419,0.10833,1.23365,1,0.0000,0.0000,0,0,ang_max
5200.7694,0.31813,0.10692,1.23089,1,0.0000,0.0000,0,0,ang_max
5200.7861,0.32127,0.10636,1.25738,1,0.0000,0.0000,0,0,ang_max
5200.8028,0.32617,0.10709,1.21453,1,0.0000,0.0000,0,0,ang_max
5200.8194,0.32357,0.10736,0.76994,1,0.0000,0.0000,0,0,ang_max
5200.8361,0.31586,0.10681,1.23204,1,0.0000,0.0000,0,0,ang_max
5200.8528,0.31800,0.10712,1.22448,1,0.0000,0.0000,0,0,ang_max
5200.8694,0.33090,0.10765,1.21484,1,0.0000,0.0000,0,0,ang_max
5200.8861,0.33166,0.10693,1.21461,1,0.7000,0.0000,350,0,steer_brake
5200.9028,0.32508,0.10352,1.22546,1,0.7000,0.0000,350,0,steer_brake
5200.9194,0.32140,0.09465,1.21851,1,0.7000,0.0000,350,0,steer_brake
5200.9361,,,,0,0.7000,0.0000,350,0,steer_brake
5200.9528,,,,0,0.7000,0.0000,350,0,steer_brake
5200.9694,,,,0,0.0000,0.0000,0,0,steer_brake
5200.9861,,,,0,0.0000,0.0000,0,0,steer_brake
5201.0027,,,,0,0.0000,0.0000,0,0,steer_brake
5201.0194,,,,0,0.0000,0.0000,0,0,steer_brake
5201.0361,,,,0,0.0000,0.0000,0,0,steer_brake
5201.0527,,,,0,0.0000,0.0000,0,0,steer_brake
5201.0694,,,,0,0.0000,0.0000,0,0,steer_brake
5201.0861,,,,0,0.0000,0.0000,0,0,steer_brake
5201.1027,,,,0,0.0000,0.0000,0,0,steer_brake
5201.1194,,,,0,0.0000,0.0000,0,0,steer_brake
5201.1361,0.17834,-0.23153,1.15851,1,0.0000,0.0000,0,0,steer_brake
5201.1527,0.17584,-0.24149,1.19591,1,0.0000,0.0000,0,0,steer_brake
5201.1694,0.17194,-0.25214,1.23409,1,0.0000,0.0000,0,0,steer_brake
5201.1861,0.17154,-0.26226,1.26426,1,0.0000,0.0000,0,0,steer_brake
5201.2027,0.16655,-0.26941,1.26597,1,0.0000,0.0000,0,0,steer_brake
5201.2194,0.16327,-0.27430,1.27286,1,0.0000,0.0000,0,0,steer_brake
5201.2360,0.16130,-0.27780,1.28327,1,0.0000,0.0000,0,0,steer_brake
5201.2527,0.15676,-0.27906,1.28198,1,0.0000,0.0000,0,0,steer_brake
5201.2694,0.15717,-0.28147,1.29143,1,0.0000,0.0000,0,0,steer_brake
5201.2860,0.15519,-0.28113,1.27042,1,0.0000,0.0000,0,0,steer_brake
5201.3027,0.15801,-0.28229,1.27397,1,0.0000,0.0000,0,0,steer_brake
5201.3194,0.15855,-0.28270,1.27118,1,0.0000,0.0000,0,0,steer_brake
5201.3360,0.15105,-0.27922,1.27678,1,0.0000,0.0000,0,0,steer_brake
5201.3527,0.15419,-0.28063,1.27327,1,0.0000,0.0000,0,0,steer_brake
5201.3694,0.16021,-0.28343,1.26496,1,0.0000,0.0000,0,0,steer_brake
5201.3860,0.15595,-0.28153,1.27474,1,0.0000,0.0000,0,0,steer_brake
5201.4027,0.14956,-0.27850,1.27347,1,0.0000,0.0000,0,0,steer_brake
5201.4194,0.15826,-0.28271,1.26941,1,0.0000,0.0000,0,0,steer_brake
5201.4360,0.15663,-0.28171,1.27480,1,0.0000,0.0000,0,0,steer_brake
5201.4527,0.15363,-0.28050,1.27575,1,0.0000,0.0000,0,0,steer_brake
5201.4693,0.15008,-0.27859,1.26995,1,0.0000,0.0000,0,0,steer_brake
5201.4860,0.15408,-0.28069,1.27387,1,0.0000,0.0000,0,0,steer_brake
5201.5027,0.15219,-0.27996,1.27944,1,0.0000,0.0000,0,0,steer_brake
5201.5193,0.15574,-0.28136,1.27543,1,0.0000,0.0000,0,0,steer_brake
5201.5360,0.15516,-0.28120,1.27079,1,0.0000,0.0000,0,0,steer_brake
5201.5527,0.15232,-0.27980,1.27268,1,0.0000,0.0000,0,0,steer_brake
5201.5693,0.15002,-0.27873,1.27044,1,0.0000,0.0000,0,0,steer_brake
5201.5860,0.15238,-0.27983,1.27835,1,0.0000,0.0000,0,0,steer_brake
5201.6027,0.15908,-0.28294,1.26755,1,0.0000,0.0000,0,0,steer_brake
5201.6193,0.15106,-0.27923,1.27460,1,0.0000,0.0000,0,0,steer_brake
5201.6360,0.15256,-0.28000,1.27661,1,0.0000,0.0000,0,0,steer_brake
5201.6527,0.15606,-0.28150,1.27082,1,0.0000,0.0000,0,0,steer_brake
5201.6693,0.15263,-0.28006,1.27638,1,0.0000,0.0000,0,0,steer_brake
5201.6860,0.15285,-0.28020,1.27389,1,0.0000,0.0000,0,0,steer_brake
5201.7026,0.15350,-0.28021,1.27777,1,0.0000,0.0000,0,0,steer_brake
5201.7193,0.15466,-0.28105,1.27395,1,0.0000,0.0000,0,0,steer_brake
5201.7360,0.15459,-0.28090,1.27250,1,0.0000,0.0000,0,0,steer_brake
5201.7526,0.15408,-0.28040,1.27035,1,0.0000,0.0000,0,0,steer_brake
5201.7693,0.15129,-0.27940,1.27276,1,0.7000,0.2500,350,-125,steer_brake
5201.7860,0.15090,-0.28126,1.22437,1,0.7000,0.2500,350,-125,steer_brake
5201.8026,0.15380,-0.28854,1.15660,1,0.7000,0.2500,350,-125,steer_brake
5201.8193,0.14300,-0.29353,1.04664,1,0.7000,0.2500,350,-125,steer_brake
5201.8360,0.14771,-0.31069,0.90312,1,0.7000,0.2500,350,-125,steer_brake
5201.8526,,,,0,0.0000,0.0000,0,0,steer_brake
5201.8693,0.11958,-0.33902,0.54994,1,0.0000,0.0000,0,0,steer_brake
5201.8860,0.09443,-0.34478,-0.03275,1,0.0000,0.0000,0,0,steer_brake
5201.9026,0.07340,-0.35304,0.30058,1,0.0000,0.0000,0,0,steer_brake
5201.9193,0.05782,-0.35719,0.24315,1,0.0000,0.0000,0,0,steer_brake
5201.9359,0.05354,-0.36573,-0.14918,1,0.0000,0.0000,0,0,steer_brake
5201.9526,0.05179,-0.37558,0.17886,1,0.0000,0.0000,0,0,steer_brake
5201.9693,0.04153,-0.37469,0.22736,1,0.0000,0.0000,0,0,steer_brake
5201.9859,0.03783,-0.37580,0.27602,1,0.0000,0.0000,0,0,steer_brake
5202.0026,0.03932,-0.37855,0.30090,1,0.0000,0.0000,0,0,steer_brake
5202.0193,0.03431,-0.37556,0.31069,1,0.0000,0.0000,0,0,steer_brake
5202.0359,0.03253,-0.37412,0.31022,1,0.0000,0.0000,0,0,steer_brake
5202.0526,0.04063,-0.38013,0.30426,1,0.0000,0.0000,0,0,steer_brake
5202.0693,0.03514,-0.37594,0.30258,1,0.0000,0.0000,0,0,steer_brake
5202.0859,0.03592,-0.37664,0.30430,1,0.0000,0.0000,0,0,steer_brake
5202.1026,0.04423,-0.38258,0.29016,1,0.0000,0.0000,0,0,steer_brake
5202.1193,0.03859,-0.37853,0.29867,1,0.0000,0.0000,0,0,steer_brake
5202.1359,0.03881,-0.37852,0.31087,1,0.0000,0.0000,0,0,steer_brake
5202.1526,0.03503,-0.37600,0.30159,1,0.0000,0.0000,0,0,steer_brake
5202.1692,0.03971,-0.37954,0.29303,1,0.0000,0.0000,0,0,steer_brake
5202.1859,0.03681,-0.37740,0.29571,1,0.0000,0.0000,0,0,steer_brake
5202.2026,0.03707,-0.37747,0.29650,1,0.0000,0.0000,0,0,steer_brake
5202.2192,0.03407,-0.37533,0.30050,1,0.0000,0.0000,0,0,steer_brake
5202.2359,0.04077,-0.38004,0.30113,1,0.0000,0.0000,0,0,steer_brake
5202.2526,0.03840,-0.37829,0.30995,1,0.0000,0.0000,0,0,steer_brake
5202.2692,0.03979,-0.37927,0.30479,1,0.0000,0.0000,0,0,steer_brake
5202.2859,0.02953,-0.37154,0.32446,1,0.0000,0.0000,0,0,steer_brake
5202.3026,0.03407,-0.37518,0.30843,1,0.0000,0.0000,0,0,steer_brake
5202.3192,0.03334,-0.37477,0.30687,1,0.0000,0.0000,0,0,steer_brake
5202.3359,0.03983,-0.37962,0.29357,1,0.0000,0.0000,0,0,steer_brake
5202.3526,0.03634,-0.37699,0.30313,1,0.0000,0.0000,0,0,steer_brake
5202.3692,0.03747,-0.37765,0.30010,1,0.0000,0.0000,0,0,steer_brake
5202.3859,0.03755,-0.37761,0.30722,1,0.0000,0.0000,0,0,steer_brake
5202.4025,0.03494,-0.37620,0.31343,1,0.0000,0.0000,0,0,steer_brake
5202.4192,0.03978,-0.37921,0.29550,1,0.0000,0.0000,0,0,steer_brake
5202.4359,0.03685,-0.37730,0.30862,1,0.0000,0.0000,0,0,steer_brake
5202.4525,0.03519,-0.37620,0.30711,1,0.0000,0.0000,0,0,steer_brake
5202.4692,0.03982,-0.37948,0.29539,1,0.0000,0.0000,0,0,steer_brake
5202.4859,0.03395,-0.37533,0.30875,1,0.0000,0.0000,0,0,steer_brake
5202.5025,0.04391,-0.38215,0.29027,1,0.0000,0.0000,0,0,steer_brake
5202.5192,0.03505,-0.37616,0.31064,1,0.0000,0.0000,0,0,steer_brake
5202.5359,0.04310,-0.38171,0.29762,1,0.0000,0.0000,0,0,steer_brake
5202.5525,0.03324,-0.37469,0.30722,1,0.0000,0.0000,0,0,steer_brake
5202.5692,0.03739,-0.37769,0.30465,1,0.0000,0.0000,0,0,steer_brake
5202.5859,0.03302,-0.37475,0.29623,1,0.0000,0.0000,0,0,steer_brake
5202.6025,0.03910,-0.37899,0.29506,1,0.0000,0.0000,0,0,steer_brake
5202.6192,0.03637,-0.37706,0.30791,1,0.0000,0.0000,0,0,steer_brake
5202.6359,0.03640,-0.37690,0.30008,1,0.0000,0.0000,0,0,steer_brake
5202.6525,0.03679,-0.37732,0.29894,1,0.7000,0.5000,350,-250,steer_brake
5202.6692,0.03132,-0.37599,0.31700,1,0.7000,0.5000,350,-250,steer_brake
5202.6858,0.02535,-0.38006,0.33615,1,0.7000,0.5000,350,-250,steer_brake
5202.7025,0.02042,-0.38837,0.31930,1,0.7000,0.5000,350,-250,steer_brake
5202.7192,0.02033,-0.40396,0.24082,1,0.7000,0.5000,350,-250,steer_brake
5202.7358,-0.00311,-0.40425,0.10549,1,0.0000,0.0000,0,0,steer_brake
5202.7525,-0.02591,-0.40551,-0.00440,1,0.0000,0.0000,0,0,steer_brake
5202.7692,-0.04383,-0.40892,-0.06476,1,0.0000,0.0000,0,0,steer_brake
5202.7858,,,,0,0.0000,0.0000,0,0,steer_brake
5202.8025,,,,0,0.0000,0.0000,0,0,steer_brake
5202.8192,,,,0,0.0000,0.0000,0,0,steer_brake
5202.8358,,,,0,0.0000,0.0000,0,0,steer_brake
5202.8525,,,,0,0.0000,0.0000,0,0,steer_brake
5202.8692,,,,0,0.0000,0.0000,0,0,steer_brake
5202.8858,,,,0,0.0000,0.0000,0,0,steer_brake
5202.9025,,,,0,0.0000,0.0000,0,0,steer_brake
5202.9191,,,,0,0.0000,0.0000,0,0,steer_brake
5202.9358,,,,0,0.0000,0.0000,0,0,steer_brake
5202.9525,,,,0,0.0000,0.0000,0,0,steer_brake
5202.9691,,,,0,0.0000,0.0000,0,0,steer_brake
5202.9858,,,,0,0.0000,0.0000,0,0,steer_brake
5203.0025,,,,0,0.0000,0.0000,0,0,steer_brake
5203.0191,,,,0,0.0000,0.0000,0,0,steer_brake
5203.0358,,,,0,0.0000,0.0000,0,0,steer_brake
5203.0525,,,,0,0.0000,0.0000,0,0,steer_brake
5203.0691,,,,0,0.0000,0.0000,0,0,steer_brake
5203.0858,,,,0,0.0000,0.0000,0,0,steer_brake
5203.1025,,,,0,0.0000,0.0000,0,0,steer_brake
5203.1191,,,,0,0.0000,0.0000,0,0,steer_brake
5203.1358,,,,0,0.0000,0.0000,0,0,steer_brake
5203.1524,,,,0,0.0000,0.0000,0,0,steer_brake
5203.1691,,,,0,0.0000,0.0000,0,0,steer_brake
5203.1858,,,,0,0.0000,0.0000,0,0,steer_brake
5203.2024,,,,0,0.0000,0.0000,0,0,steer_brake
5203.2191,,,,0,0.0000,0.0000,0,0,steer_brake
5203.2358,,,,0,0.0000,0.0000,0,0,steer_brake
5203.2524,,,,0,0.0000,0.0000,0,0,steer_brake
5203.2691,,,,0,0.0000,0.0000,0,0,steer_brake
5203.2858,,,,0,0.0000,0.0000,0,0,steer_brake
5203.3024,,,,0,0.0000,0.0000,0,0,steer_brake
5203.3191,,,,0,0.0000,0.0000,0,0,steer_brake
5203.3358,,,,0,0.0000,0.0000,0,0,steer_brake
5203.3524,,,,0,0.0000,0.0000,0,0,steer_brake
5203.3691,,,,0,0.0000,0.0000,0,0,steer_brake
5203.3857,,,,0,0.0000,0.0000,0,0,steer_brake
5203.4024,,,,0,0.0000,0.0000,0,0,steer_brake
5203.4191,,,,0,0.0000,0.0000,0,0,steer_brake
5203.4357,,,,0,0.0000,0.0000,0,0,steer_brake
5203.4524,,,,0,0.0000,0.0000,0,0,steer_brake
5203.4691,,,,0,0.0000,0.0000,0,0,steer_brake
5203.4857,,,,0,0.0000,0.0000,0,0,steer_brake
5203.5024,,,,0,0.0000,0.0000,0,0,steer_brake
5203.5191,,,,0,0.0000,0.0000,0,0,steer_brake
5203.5357,,,,0,0.7000,0.7500,350,-375,steer_brake
5203.5524,,,,0,0.7000,0.7500,350,-375,steer_brake
5203.5691,,,,0,0.7000,0.7500,350,-375,steer_brake
5203.5857,,,,0,0.7000,0.7500,350,-375,steer_brake
5203.6024,,,,0,0.7000,0.7500,350,-375,steer_brake
5203.6190,,,,0,0.0000,0.0000,0,0,steer_brake
5203.6357,,,,0,0.0000,0.0000,0,0,steer_brake
5203.6524,,,,0,0.0000,0.0000,0,0,steer_brake
5203.6690,,,,0,0.0000,0.0000,0,0,steer_brake
5203.6857,,,,0,0.0000,0.0000,0,0,steer_brake
5203.7024,,,,0,0.0000,0.0000,0,0,steer_brake
5203.7190,,,,0,0.0000,0.0000,0,0,steer_brake
5203.7357,,,,0,0.0000,0.0000,0,0,steer_brake
5203.7524,,,,0,0.0000,0.0000,0,0,steer_brake
5203.7690,,,,0,0.0000,0.0000,0,0,steer_brake
5203.7857,,,,0,0.0000,0.0000,0,0,steer_brake
5203.8024,,,,0,0.0000,0.0000,0,0,steer_brake
5203.8190,,,,0,0.0000,0.0000,0,0,steer_brake
5203.8357,,,,0,0.0000,0.0000,0,0,steer_brake
5203.8523,,,,0,0.0000,0.0000,0,0,steer_brake
5203.8690,,,,0,0.0000,0.0000,0,0,steer_brake
5203.8857,,,,0,0.0000,0.0000,0,0,steer_brake
5203.9023,,,,0,0.0000,0.0000,0,0,steer_brake
5203.9190,,,,0,0.0000,0.0000,0,0,steer_brake
5203.9357,,,,0,0.0000,0.0000,0,0,steer_brake
5203.9523,,,,0,0.0000,0.0000,0,0,steer_brake
5203.9690,,,,0,0.0000,0.0000,0,0,steer_brake
5203.9857,,,,0,0.0000,0.0000,0,0,steer_brake
5204.0023,,,,0,0.0000,0.0000,0,0,steer_brake
5204.0190,,,,0,0.0000,0.0000,0,0,steer_brake
5204.0357,,,,0,0.0000,0.0000,0,0,steer_brake
5204.0523,,,,0,0.0000,0.0000,0,0,steer_brake
5204.0690,,,,0,0.0000,0.0000,0,0,steer_brake
5204.0856,,,,0,0.0000,0.0000,0,0,steer_brake
5204.1023,,,,0,0.0000,0.0000,0,0,steer_brake
5204.1190,,,,0,0.0000,0.0000,0,0,steer_brake
5204.1356,,,,0,0.0000,0.0000,0,0,steer_brake
5204.1523,,,,0,0.0000,0.0000,0,0,steer_brake
5204.1690,,,,0,0.0000,0.0000,0,0,steer_brake
5204.1856,,,,0,0.0000,0.0000,0,0,steer_brake
5204.2023,,,,0,0.0000,0.0000,0,0,steer_brake
5204.2190,,,,0,0.0000,0.0000,0,0,steer_brake
5204.2356,,,,0,0.0000,0.0000,0,0,steer_brake
5204.2523,,,,0,0.0000,0.0000,0,0,steer_brake
5204.2690,,,,0,0.0000,0.0000,0,0,steer_brake
5204.2856,,,,0,0.0000,0.0000,0,0,steer_brake
5204.3023,,,,0,0.0000,0.0000,0,0,steer_brake
5204.3189,,,,0,0.0000,0.0000,0,0,steer_brake
5204.3356,,,,0,0.0000,0.0000,0,0,steer_brake
5204.3523,,,,0,0.0000,0.0000,0,0,steer_brake
5204.3689,,,,0,0.0000,0.0000,0,0,steer_brake
5210.1015,0.39276,0.13258,-1.59167,1,0.0000,0.0000,0,0,steer_brake
5210.1515,0.39685,0.13286,-1.55147,1,0.0000,0.0000,0,0,steer_brake
5210.1682,0.39051,0.13291,-1.54124,1,0.0000,0.0000,0,0,steer_brake
5210.1848,0.39201,0.13233,-1.54223,1,0.0000,0.0000,0,0,steer_brake
5210.2015,0.39778,0.13295,-1.55225,1,0.0000,0.0000,0,0,steer_brake
5210.2182,0.39488,0.13318,-1.56192,1,0.0000,0.0000,0,0,steer_brake
5210.2348,0.39027,0.13268,-1.60871,1,0.0000,0.0000,0,0,steer_brake
5210.2515,0.39259,0.13295,-1.56111,1,0.0000,0.0000,0,0,steer_brake
5210.2682,0.39832,0.13285,-1.54989,1,0.0000,0.0000,0,0,steer_brake
5210.2848,0.40122,0.13260,-1.60120,1,0.0000,0.0000,0,0,steer_brake
5210.3015,0.38967,0.13251,-1.59591,1,0.0000,0.0000,0,0,steer_brake
5210.3182,0.39021,0.13257,-1.59865,1,0.0000,0.0000,0,0,steer_brake
5210.3348,0.39286,0.13262,-1.57962,1,0.0000,0.0000,0,0,steer_brake
5210.3515,0.38750,0.13298,-1.55077,1,0.0000,0.0000,0,0,steer_brake
5210.3682,0.39359,0.13263,-1.58544,1,0.0000,0.0000,0,0,steer_brake
5210.3848,0.40084,0.13313,-1.54668,1,0.0000,0.0000,0,0,steer_brake
5210.4015,0.40285,0.13276,-1.60331,1,0.0000,0.0000,0,0,steer_brake
5210.4181,0.40037,0.13314,-1.54965,1,0.8000,0.0000,400,0,latency
5210.4348,0.40467,0.13687,-1.52686,1,0.8000,0.0000,400,0,latency
5210.4515,0.40378,0.14651,-1.68517,1,0.8000,0.0000,400,0,latency
5210.4681,0.41693,0.16076,-1.78862,1,0.8000,0.0000,400,0,latency
5210.4848,,,,0,0.8000,0.0000,400,0,latency
5210.5015,,,,0,0.8000,0.0000,400,0,latency
5210.5181,,,,0,0.8000,0.0000,400,0,latency
5210.5348,,,,0,0.8000,0.0000,400,0,latency
5210.5515,,,,0,0.8000,0.0000,400,0,latency
5210.5681,,,,0,0.8000,0.0000,400,0,latency
5210.5848,,,,0,0.8000,0.0000,400,0,latency
5210.6015,,,,0,0.8000,0.0000,400,0,latency
5210.6181,,,,0,0.8000,0.0000,400,0,latency
5210.6348,,,,0,0.8000,0.0000,400,0,latency
5210.6514,,,,0,0.8000,0.0000,400,0,latency
5210.6681,,,,0,0.8000,0.0000,400,0,latency
5210.6848,,,,0,-0.8000,0.0000,-400,0,latency
5210.7014,,,,0,-0.8000,0.0000,-400,0,latency
5210.7181,,,,0,-0.8000,0.0000,-400,0,latency
5210.7348,,,,0,-0.8000,0.0000,-400,0,latency
5210.7514,,,,0,-0.8000,0.0000,-400,0,latency
5210.7681,,,,0,-0.8000,0.0000,-400,0,latency
5210.7848,,,,0,-0.8000,0.0000,-400,0,latency
5210.8014,,,,0,-0.8000,0.0000,-400,0,latency
5210.8181,,,,0,-0.8000,0.0000,-400,0,latency
5210.8348,,,,0,-0.8000,0.0000,-400,0,latency
5210.8514,,,,0,-0.8000,0.0000,-400,0,latency
5210.8681,,,,0,-0.8000,0.0000,-400,0,latency
5210.8847,,,,0,-0.8000,0.0000,-400,0,latency
5210.9014,,,,0,-0.8000,0.0000,-400,0,latency
5210.9181,,,,0,-0.8000,0.0000,-400,0,latency
5210.9347,,,,0,-0.8000,0.0000,-400,0,latency
5210.9514,,,,0,0.8000,0.0000,400,0,latency
5210.9681,,,,0,0.8000,0.0000,400,0,latency
5210.9847,,,,0,0.8000,0.0000,400,0,latency
5211.0014,,,,0,0.8000,0.0000,400,0,latency
5211.0181,,,,0,0.8000,0.0000,400,0,latency
5211.0347,,,,0,0.8000,0.0000,400,0,latency
5211.0514,,,,0,0.8000,0.0000,400,0,latency
5211.0681,,,,0,0.8000,0.0000,400,0,latency
5211.0847,,,,0,0.8000,0.0000,400,0,latency
5211.1014,,,,0,0.8000,0.0000,400,0,latency
5211.1180,,,,0,0.8000,0.0000,400,0,latency
5211.1347,,,,0,0.8000,0.0000,400,0,latency
5211.1514,,,,0,0.8000,0.0000,400,0,latency
5211.1680,,,,0,0.8000,0.0000,400,0,latency
5211.1847,,,,0,0.8000,0.0000,400,0,latency
5211.2014,,,,0,0.8000,0.0000,400,0,latency
5211.2180,,,,0,-0.8000,0.0000,-400,0,latency
5211.2347,,,,0,-0.8000,0.0000,-400,0,latency
5211.2514,,,,0,-0.8000,0.0000,-400,0,latency
5211.2680,,,,0,-0.8000,0.0000,-400,0,latency
5211.2847,,,,0,-0.8000,0.0000,-400,0,latency
5211.3014,,,,0,-0.8000,0.0000,-400,0,latency
5211.3180,,,,0,-0.8000,0.0000,-400,0,latency
5211.3347,,,,0,-0.8000,0.0000,-400,0,latency
5211.3513,,,,0,-0.8000,0.0000,-400,0,latency
5211.3680,,,,0,-0.8000,0.0000,-400,0,latency
5211.3847,,,,0,-0.8000,0.0000,-400,0,latency
5211.4013,,,,0,-0.8000,0.0000,-400,0,latency
5211.4180,,,,0,-0.8000,0.0000,-400,0,latency
5211.4347,,,,0,-0.8000,0.0000,-400,0,latency
5211.4513,,,,0,-0.8000,0.0000,-400,0,latency
5211.4680,,,,0,-0.8000,0.0000,-400,0,latency
5211.4847,,,,0,0.8000,0.0000,400,0,latency
5211.5013,,,,0,0.8000,0.0000,400,0,latency
5211.5180,,,,0,0.8000,0.0000,400,0,latency
5211.5347,,,,0,0.8000,0.0000,400,0,latency
5211.5513,,,,0,0.8000,0.0000,400,0,latency
5211.5680,,,,0,0.8000,0.0000,400,0,latency
5211.5846,,,,0,0.8000,0.0000,400,0,latency
5211.6013,,,,0,0.8000,0.0000,400,0,latency
5211.6180,,,,0,0.8000,0.0000,400,0,latency
5211.6346,,,,0,0.8000,0.0000,400,0,latency
5211.6513,,,,0,0.8000,0.0000,400,0,latency
5211.6680,,,,0,0.8000,0.0000,400,0,latency
5211.6846,,,,0,0.8000,0.0000,400,0,latency
5211.7013,,,,0,0.8000,0.0000,400,0,latency
5211.7180,,,,0,0.8000,0.0000,400,0,latency
5211.7346,,,,0,0.8000,0.0000,400,0,latency
5211.7513,,,,0,-0.8000,0.0000,-400,0,latency
5211.7680,,,,0,-0.8000,0.0000,-400,0,latency
5211.7846,,,,0,-0.8000,0.0000,-400,0,latency
5211.8013,,,,0,-0.8000,0.0000,-400,0,latency
5211.8179,,,,0,-0.8000,0.0000,-400,0,latency
5211.8346,,,,0,-0.8000,0.0000,-400,0,latency
5211.8513,,,,0,-0.8000,0.0000,-400,0,latency
5211.8679,,,,0,-0.8000,0.0000,-400,0,latency
5211.8846,,,,0,-0.8000,0.0000,-400,0,latency
5211.9013,,,,0,-0.8000,0.0000,-400,0,latency
5211.9179,,,,0,-0.8000,0.0000,-400,0,latency
5211.9346,,,,0,-0.8000,0.0000,-400,0,latency
5211.9513,,,,0,-0.8000,0.0000,-400,0,latency
5211.9679,,,,0,-0.8000,0.0000,-400,0,latency
5211.9846,,,,0,-0.8000,0.0000,-400,0,latency
5212.0013,,,,0,-0.8000,0.0000,-400,0,latency
5212.0179,,,,0,-0.8000,0.0000,-400,0,latency
5212.0346,,,,0,0.8000,0.0000,400,0,latency
5212.0512,,,,0,0.8000,0.0000,400,0,latency
5212.0679,,,,0,0.8000,0.0000,400,0,latency
5212.0846,,,,0,0.8000,0.0000,400,0,latency
5212.1012,,,,0,0.8000,0.0000,400,0,latency
5212.1179,,,,0,0.8000,0.0000,400,0,latency
5212.1346,,,,0,0.8000,0.0000,400,0,latency
5212.1512,,,,0,0.8000,0.0000,400,0,latency
5212.1679,,,,0,0.8000,0.0000,400,0,latency
5212.1846,,,,0,0.8000,0.0000,400,0,latency
5212.2012,,,,0,0.8000,0.0000,400,0,latency
5212.2179,,,,0,0.8000,0.0000,400,0,latency
5212.2346,,,,0,0.8000,0.0000,400,0,latency
5212.2512,,,,0,0.8000,0.0000,400,0,latency
5212.2679,,,,0,0.8000,0.0000,400,0,latency
5212.2846,,,,0,0.8000,0.0000,400,0,latency
5212.3012,,,,0,-0.8000,0.0000,-400,0,latency
5212.3179,,,,0,-0.8000,0.0000,-400,0,latency
5212.3345,,,,0,-0.8000,0.0000,-400,0,latency
5212.3512,,,,0,-0.8000,0.0000,-400,0,latency
5212.3679,,,,0,-0.8000,0.0000,-400,0,latency
5212.3845,,,,0,-0.8000,0.0000,-400,0,latency
5212.4012,,,,0,-0.8000,0.0000,-400,0,latency
5212.4179,,,,0,-0.8000,0.0000,-400,0,latency
5212.4345,,,,0,-0.8000,0.0000,-400,0,latency
5212.4512,,,,0,-0.8000,0.0000,-400,0,latency
5212.4679,,,,0,-0.8000,0.0000,-400,0,latency
5212.4845,,,,0,-0.8000,0.0000,-400,0,latency
5212.5012,,,,0,-0.8000,0.0000,-400,0,latency
5212.5179,,,,0,-0.8000,0.0000,-400,0,latency
5212.5345,,,,0,-0.8000,0.0000,-400,0,latency
5212.5512,,,,0,-0.8000,0.0000,-400,0,latency
5212.5678,,,,0,0.8000,0.0000,400,0,latency
5212.5845,,,,0,0.8000,0.0000,400,0,latency
5212.6012,,,,0,0.8000,0.0000,400,0,latency
5212.6178,,,,0,0.8000,0.0000,400,0,latency
5212.6345,,,,0,0.8000,0.0000,400,0,latency
5212.6512,,,,0,0.8000,0.0000,400,0,latency
5212.6678,,,,0,0.8000,0.0000,400,0,latency
5212.6845,,,,0,0.8000,0.0000,400,0,latency
5212.7012,,,,0,0.8000,0.0000,400,0,latency
5212.7178,,,,0,0.8000,0.0000,400,0,latency
5212.7345,,,,0,0.8000,0.0000,400,0,latency
5212.7512,,,,0,0.8000,0.0000,400,0,latency
5212.7678,,,,0,0.8000,0.0000,400,0,latency
5212.7845,,,,0,0.8000,0.0000,400,0,latency
5212.8011,,,,0,0.8000,0.0000,400,0,latency
5212.8178,,,,0,0.8000,0.0000,400,0,latency
5212.8345,,,,0,-0.8000,0.0000,-400,0,latency
5212.8511,,,,0,-0.8000,0.0000,-400,0,latency
5212.8678,,,,0,-0.8000,0.0000,-400,0,latency
5212.8845,,,,0,-0.8000,0.0000,-400,0,latency
5212.9011,,,,0,-0.8000,0.0000,-400,0,latency
5212.9178,,,,0,-0.8000,0.0000,-400,0,latency
5212.9345,,,,0,-0.8000,0.0000,-400,0,latency
5212.9511,,,,0,-0.8000,0.0000,-400,0,latency
5212.9678,,,,0,-0.8000,0.0000,-400,0,latency
5212.9845,,,,0,-0.8000,0.0000,-400,0,latency
5213.0011,,,,0,-0.8000,0.0000,-400,0,latency
5213.0178,,,,0,-0.8000,0.0000,-400,0,latency
5213.0344,,,,0,-0.8000,0.0000,-400,0,latency
5213.0511,,,,0,-0.8000,0.0000,-400,0,latency
5213.0678,,,,0,-0.8000,0.0000,-400,0,latency
5213.0844,,,,0,-0.8000,0.0000,-400,0,latency
5213.1011,,,,0,-0.8000,0.0000,-400,0,latency
5213.1178,,,,0,0.8000,0.0000,400,0,latency
5213.1344,,,,0,0.8000,0.0000,400,0,latency
5213.1511,,,,0,0.8000,0.0000,400,0,latency
5213.1678,,,,0,0.8000,0.0000,400,0,latency
5213.1844,,,,0,0.8000,0.0000,400,0,latency
5213.2011,,,,0,0.8000,0.0000,400,0,latency
5213.2178,,,,0,0.8000,0.0000,400,0,latency
5213.2344,,,,0,0.8000,0.0000,400,0,latency
5213.2511,,,,0,0.8000,0.0000,400,0,latency
5213.2677,,,,0,0.8000,0.0000,400,0,latency
5213.2844,,,,0,0.8000,0.0000,400,0,latency
5213.3011,,,,0,0.8000,0.0000,400,0,latency
5213.3177,,,,0,0.8000,0.0000,400,0,latency
5213.3344,,,,0,0.8000,0.0000,400,0,latency
5213.3511,,,,0,0.8000,0.0000,400,0,latency
5213.3677,,,,0,0.8000,0.0000,400,0,latency
5213.3844,1.33262,1.64510,0.97308,1,-0.8000,0.0000,-400,0,latency
5213.4011,,,,0,-0.8000,0.0000,-400,0,latency
5213.4177,,,,0,-0.8000,0.0000,-400,0,latency
5213.4344,,,,0,-0.8000,0.0000,-400,0,latency
5213.4511,,,,0,-0.8000,0.0000,-400,0,latency
5213.4677,,,,0,-0.8000,0.0000,-400,0,latency
5213.4844,,,,0,-0.8000,0.0000,-400,0,latency
5213.5010,1.29731,1.69510,0.40681,1,-0.8000,0.0000,-400,0,latency
5213.5177,,,,0,-0.8000,0.0000,-400,0,latency
5213.5344,,,,0,-0.8000,0.0000,-400,0,latency
5213.5510,,,,0,-0.8000,0.0000,-400,0,latency
5213.5675,,,,0,-0.8000,0.0000,-400,0,latency
5213.5842,,,,0,-0.8000,0.0000,-400,0,latency
5213.6009,,,,0,-0.8000,0.0000,-400,0,latency
5213.6175,,,,0,-0.8000,0.0000,-400,0,latency
5213.6342,,,,0,-0.8000,0.0000,-400,0,latency
5213.6509,,,,0,0.8000,0.0000,400,0,latency
5213.6675,,,,0,0.8000,0.0000,400,0,latency
5213.6842,,,,0,0.8000,0.0000,400,0,latency
5213.7008,,,,0,0.8000,0.0000,400,0,latency
5213.7175,,,,0,0.8000,0.0000,400,0,latency
5213.7342,,,,0,0.8000,0.0000,400,0,latency
5213.7508,,,,0,0.8000,0.0000,400,0,latency
5213.7675,,,,0,0.8000,0.0000,400,0,latency
5213.7842,,,,0,0.8000,0.0000,400,0,latency
5213.8008,,,,0,0.8000,0.0000,400,0,latency
5213.8175,,,,0,0.8000,0.0000,400,0,latency
5213.8342,,,,0,0.8000,0.0000,400,0,latency
5213.8508,,,,0,0.8000,0.0000,400,0,latency
5213.8675,,,,0,0.8000,0.0000,400,0,latency
5213.8842,,,,0,0.8000,0.0000,400,0,latency
5213.9008,,,,0,0.8000,0.0000,400,0,latency
5213.9175,,,,0,-0.8000,0.0000,-400,0,latency
5213.9341,,,,0,-0.8000,0.0000,-400,0,latency
5213.9508,,,,0,-0.8000,0.0000,-400,0,latency
5213.9675,,,,0,-0.8000,0.0000,-400,0,latency
5213.9841,,,,0,-0.8000,0.0000,-400,0,latency
5214.0008,,,,0,-0.8000,0.0000,-400,0,latency
5214.0175,,,,0,-0.8000,0.0000,-400,0,latency
5214.0341,,,,0,-0.8000,0.0000,-400,0,latency
5214.0508,,,,0,-0.8000,0.0000,-400,0,latency
5214.0675,,,,0,-0.8000,0.0000,-400,0,latency
5214.0841,,,,0,-0.8000,0.0000,-400,0,latency
5214.1008,,,,0,-0.8000,0.0000,-400,0,latency
5214.1175,,,,0,-0.8000,0.0000,-400,0,latency
5214.1341,,,,0,-0.8000,0.0000,-400,0,latency
5214.1508,,,,0,-0.8000,0.0000,-400,0,latency
5214.1674,,,,0,-0.8000,0.0000,-400,0,latency
5214.1841,,,,0,0.8000,0.0000,400,0,latency
5214.2008,,,,0,0.8000,0.0000,400,0,latency
5214.2174,,,,0,0.8000,0.0000,400,0,latency
5214.2341,,,,0,0.8000,0.0000,400,0,latency
5214.2508,,,,0,0.8000,0.0000,400,0,latency
5214.2674,,,,0,0.8000,0.0000,400,0,latency
5214.2841,,,,0,0.8000,0.0000,400,0,latency
5214.3008,,,,0,0.8000,0.0000,400,0,latency
5214.3174,,,,0,0.8000,0.0000,400,0,latency
5214.3341,,,,0,0.8000,0.0000,400,0,latency
5214.3508,,,,0,0.8000,0.0000,400,0,latency
5214.3674,,,,0,0.8000,0.0000,400,0,latency
5214.3841,,,,0,0.8000,0.0000,400,0,latency
5214.4007,,,,0,0.8000,0.0000,400,0,latency
5214.4174,,,,0,0.8000,0.0000,400,0,latency
5214.4341,,,,0,0.8000,0.0000,400,0,latency
5214.4507,,,,0,0.8000,0.0000,400,0,latency
5214.4674,,,,0,-0.8000,0.0000,-400,0,latency
5214.4841,,,,0,-0.8000,0.0000,-400,0,latency
5214.5007,,,,0,-0.8000,0.0000,-400,0,latency
5214.5174,,,,0,-0.8000,0.0000,-400,0,latency
5214.5341,,,,0,-0.8000,0.0000,-400,0,latency
5214.5507,,,,0,-0.8000,0.0000,-400,0,latency
5214.5674,,,,0,-0.8000,0.0000,-400,0,latency
5214.5841,,,,0,-0.8000,0.0000,-400,0,latency
5214.6007,0.96158,1.17232,-2.80283,1,-0.8000,0.0000,-400,0,latency
5214.6174,0.96297,1.16561,-2.56256,1,-0.8000,0.0000,-400,0,latency
5214.6340,1.02934,1.20153,-2.41260,1,-0.8000,0.0000,-400,0,latency
5214.6507,,,,0,-0.8000,0.0000,-400,0,latency
5214.6674,,,,0,-0.8000,0.0000,-400,0,latency
5214.6840,,,,0,-0.8000,0.0000,-400,0,latency
5224.2665,0.34845,0.18078,-1.84486,1,-0.8000,0.0000,-400,0,latency
5224.3164,0.35082,0.18122,-1.83559,1,-0.8000,0.0000,-400,0,latency
5224.3331,0.34843,0.18002,-2.21076,1,-0.8000,0.0000,-400,0,latency
5224.3498,0.34421,0.17968,-2.24798,1,-0.8000,0.0000,-400,0,latency
5224.3664,0.33705,0.17989,-1.84314,1,-0.8000,0.0000,-400,0,latency
5224.3831,0.35705,0.18061,-2.22545,1,-0.8000,0.0000,-400,0,latency
5224.3998,0.33907,0.17952,-2.23882,1,-0.8000,0.0000,-400,0,latency
5224.4164,0.34836,0.17992,-2.23856,1,-0.8000,0.0000,-400,0,latency
5224.4331,0.34054,0.17944,-2.24152,1,-0.8000,0.0000,-400,0,latency
5224.4498,0.34385,0.17988,-2.27028,1,-0.8000,0.0000,-400,0,latency
5224.4664,0.34308,0.18015,-1.84204,1,-0.8000,0.0000,-400,0,latency
5224.4831,0.35226,0.18031,-2.20533,1,-0.8000,0.0000,-400,0,latency
5224.4998,0.34686,0.18039,-1.82428,1,-0.8000,0.0000,-400,0,latency
5224.5164,0.34966,0.18062,-1.85088,1,-0.8000,0.0000,-400,0,latency
5224.5331,0.34503,0.18062,-1.83323,1,-0.8000,0.0000,-400,0,latency
5224.5497,0.34411,0.18031,-1.84571,1,-0.8000,0.0000,-400,0,latency
5224.5664,0.35244,0.18114,-1.84299,1,-0.8000,0.0000,-400,0,latency
5224.5831,0.34407,0.17981,-1.84118,1,-0.8000,0.0000,-400,0,latency
5224.5997,0.35332,0.18034,-2.25039,1,0.0000,0.0000,0,0,sync_end
5224.6164,0.35745,0.18032,-2.24950,1,0.0000,0.0000,0,0,sync_end
5224.6331,0.33973,0.17884,-2.26533,1,0.0000,0.0000,0,0,sync_end
5224.6497,0.34349,0.18016,-1.86005,1,0.0000,0.0000,0,0,sync_end
5224.6664,0.34641,0.18018,-2.26026,1,0.0000,0.0000,0,0,sync_end
5224.6831,0.35507,0.18121,-1.85693,1,0.0000,0.0000,0,0,sync_end
5224.6997,0.34763,0.17993,-2.26418,1,0.0000,0.0000,0,0,sync_end
5224.7164,0.33969,0.17947,-2.23913,1,0.0000,0.0000,0,0,sync_end
5224.7331,0.34610,0.18012,-1.83825,1,0.0000,0.0000,0,0,sync_end
5224.7497,0.34200,0.17985,-1.83135,1,0.0000,0.0000,0,0,sync_end
5224.7664,0.34867,0.17978,-2.22023,1,0.0000,0.0000,0,0,sync_end
5224.7830,0.34466,0.18032,-1.83896,1,0.0000,0.0000,0,0,sync_end
5224.7997,0.35166,0.18054,-2.26393,1,0.0000,0.0000,0,0,sync_end
5224.8164,0.34082,0.17975,-1.84900,1,0.0000,0.0000,0,0,sync_end
5224.8330,0.34073,0.17952,-2.25069,1,0.0000,0.0000,0,0,sync_end
5224.8497,0.34689,0.18090,-1.83486,1,0.0000,0.0000,0,0,sync_end
5224.8664,0.35047,0.18025,-2.20652,1,0.0000,0.0000,0,0,sync_end
5224.8830,0.35061,0.18005,-2.25959,1,0.0000,0.0000,0,0,sync_end
5224.8997,0.34391,0.17983,-1.87234,1,0.0000,0.0000,0,0,sync_end
5224.9164,0.33901,0.17952,-1.85750,1,0.0000,0.0000,0,0,sync_end
5224.9330,0.34818,0.18017,-2.27676,1,0.0000,0.0000,0,0,sync_end
5224.9497,0.34353,0.17985,-2.25889,1,0.0000,0.0000,0,0,sync_end
5224.9664,0.34453,0.17957,-2.25553,1,0.0000,0.0000,0,0,sync_end
5224.9830,0.33848,0.17938,-1.84309,1,0.0000,0.0000,0,0,sync_end
5224.9997,0.34989,0.18032,-2.25029,1,0.0000,0.0000,0,0,sync_end
5225.0163,,,,0,0.0000,0.0000,0,0,sync_end
5225.0330,0.35109,0.18012,-2.21659,1,0.0000,0.0000,0,0,sync_end
5225.0497,0.34085,0.17957,-2.24058,1,0.0000,0.0000,0,0,sync_end
5225.0663,0.35747,0.18087,-2.23136,1,0.0000,0.0000,0,0,sync_end
5225.0830,0.34498,0.18003,-1.85259,1,0.0000,0.0000,0,0,sync_end
5225.0997,0.34441,0.17971,-2.25263,1,0.0000,0.0000,0,0,sync_end
5225.1163,0.34345,0.18006,-1.83024,1,0.0000,0.0000,0,0,sync_end
5225.1330,0.34033,0.17997,-1.84218,1,0.0000,0.0000,0,0,sync_end
5225.1497,0.34523,0.18051,-1.82411,1,0.0000,0.0000,0,0,sync_end
5225.1663,0.34889,0.18081,-1.84415,1,0.0000,0.0000,0,0,sync_end
5225.1830,0.34796,0.17979,-2.22399,1,0.0000,0.0000,0,0,sync_end
5225.1997,0.34408,0.18014,-1.83462,1,0.0000,0.0000,0,0,sync_end
5225.2163,0.35646,0.18080,-2.22279,1,0.0000,0.0000,0,0,sync_end
5225.2330,0.34389,0.17978,-2.25463,1,0.0000,0.0000,0,0,sync_end
5225.2496,0.35148,0.18008,-2.20984,1,0.0000,0.0000,0,0,sync_end
5225.2663,0.35434,0.18037,-2.22509,1,0.0000,0.0000,0,0,sync_end
5225.2830,0.35582,0.18074,-2.22235,1,0.0000,0.0000,0,0,sync_end
5225.2996,0.35208,0.18055,-2.25355,1,0.0000,0.0000,0,0,sync_end
5225.3163,0.35697,0.18080,-2.22475,1,0.0000,0.0000,0,0,sync_end
5225.3330,0.35418,0.18064,-2.26362,1,0.0000,0.0000,0,0,sync_end
5225.3496,0.35534,0.18141,-1.84084,1,0.0000,0.0000,0,0,sync_end
5225.3663,0.35064,0.17984,-2.21144,1,0.0000,0.0000,0,0,sync_end
5225.3830,0.35199,0.17973,-2.26614,1,0.0000,0.0000,0,0,sync_end
5225.3996,0.35373,0.18058,-2.21855,1,0.0000,0.0000,0,0,sync_end
5225.4163,0.33464,0.17931,-1.84038,1,0.0000,0.0000,0,0,sync_end
5225.4330,0.34545,0.18001,-2.26613,1,0.0000,0.0000,0,0,sync_end
5225.4496,0.34112,0.17995,-1.82585,1,0.0000,0.0000,0,0,sync_end
5225.4663,0.34803,0.18047,-1.85131,1,0.0000,0.0000,0,0,sync_end
5225.4829,0.34203,0.17981,-1.81658,1,0.0000,0.0000,0,0,sync_end
5225.4996,0.33700,0.17988,-1.84504,1,0.0000,0.0000,0,0,sync_end
5225.5163,0.34468,0.18038,-1.84762,1,0.0000,0.0000,0,0,sync_end
5225.5329,0.33433,0.17957,-1.84534,1,0.0000,0.0000,0,0,sync_end
5225.5496,0.34525,0.18025,-1.83443,1,0.0000,0.0000,0,0,sync_end
5225.5663,0.34335,0.18038,-1.84614,1,0.0000,0.0000,0,0,sync_end
5225.5829,0.35460,0.18060,-2.20608,1,0.0000,0.0000,0,0,sync_end
5225.5996,0.34346,0.18028,-1.84599,1,0.0000,0.0000,0,0,sync_end
5225.6163,0.35063,0.18141,-1.83729,1,0.0000,0.8000,0,-400,sync_end
5225.6329,0.34910,0.17949,-2.28495,1,0.0000,0.8000,0,-400,sync_end
5225.6496,0.34705,0.17934,-1.94389,1,0.0000,0.8000,0,-400,sync_end
5225.6663,0.35613,0.17689,-2.48682,1,0.0000,0.8000,0,-400,sync_end
5225.6829,0.35232,0.17484,-2.24184,1,0.0000,0.8000,0,-400,sync_end
5225.6996,0.36300,0.17205,-2.43711,1,0.0000,0.8000,0,-400,sync_end
5225.7162,,,,0,0.0000,-0.8000,0,400,sync_end
5225.7329,,,,0,0.0000,-0.8000,0,400,sync_end
5225.7496,,,,0,0.0000,-0.8000,0,400,sync_end
