t,x,y,yaw,visible,cmd_lin,cmd_ang,trainer_lin,trainer_ang,label
7517.6905,1.24229,-0.09537,0.01438,1,,,,,
7517.7071,1.21495,-0.09544,-0.12783,1,,,,,
7517.7238,1.28154,-0.09789,0.08137,1,,,,,
7517.7405,1.24995,-0.09735,-0.16182,1,,,,,
7517.7571,1.19811,-0.09458,-0.11883,1,,,,,
7517.7738,1.21558,-0.09501,-0.00560,1,,,,,
7517.7905,1.23043,-0.09565,0.03752,1,,,,,
7517.8071,1.22227,-0.09500,0.04277,1,,,,,
7517.8238,1.23440,-0.09569,0.03943,1,,,,,
7517.8404,1.19552,-0.09456,-0.11649,1,,,,,
7517.8571,1.20774,-0.09526,0.02045,1,,,,,
7517.8738,1.24204,-0.09537,0.01164,1,,,,,
7517.8904,1.24059,-0.09532,0.02883,1,,,,,
7517.9071,1.19559,-0.09451,-0.11944,1,,,,,
7517.9238,1.18962,-0.09429,-0.11078,1,,,,,
7517.9404,1.21777,-0.09493,-0.00232,1,,,,,
7517.9571,1.20337,-0.09500,0.01060,1,,,,,
7517.9738,1.20894,-0.09485,-0.12614,1,,,,,
7517.9904,1.24316,-0.09544,0.00960,1,,,,,
7518.0071,1.19193,-0.09449,-0.11114,1,0.0000,0.8000,0,-400,sync_start
7518.0238,1.22776,-0.09598,-0.14964,1,0.0000,0.8000,0,-400,sync_start
7518.0404,1.22218,-0.09585,-0.18778,1,0.0000,0.8000,0,-400,sync_start
7518.0571,1.26251,-0.09395,-0.34051,1,0.0000,0.8000,0,-400,sync_start
7518.0737,1.22015,-0.08992,-0.46093,1,0.0000,0.8000,0,-400,sync_start
7518.0904,1.23397,-0.08827,0.35830,1,0.0000,0.8000,0,-400,sync_start
7518.1071,1.16611,-0.08025,-1.00068,1,0.0000,-0.8000,0,400,sync_start
7518.1237,1.15560,-0.07577,-1.30944,1,0.0000,-0.8000,0,400,sync_start
7518.1404,,,,0,0.0000,-0.8000,0,400,sync_start
7518.1571,,,,0,0.0000,-0.8000,0,400,sync_start
7518.1737,,,,0,0.0000,-0.8000,0,400,sync_start
7518.1904,,,,0,0.0000,-0.8000,0,400,sync_start
7518.2071,,,,0,0.0000,0.0000,0,0,sync_start
7518.2237,,,,0,0.0000,0.0000,0,0,sync_start
7518.2404,,,,0,0.0000,0.0000,0,0,sync_start
7518.2571,,,,0,0.0000,0.0000,0,0,sync_start
7518.2737,,,,0,0.0000,0.0000,0,0,sync_start
7518.2904,,,,0,0.0000,0.0000,0,0,sync_start
7518.3071,,,,0,0.0000,0.0000,0,0,sync_start
7518.3237,,,,0,0.0000,0.0000,0,0,sync_start
7518.3404,,,,0,0.0000,0.0000,0,0,sync_start
7518.3570,,,,0,0.0000,0.0000,0,0,sync_start
7518.3737,,,,0,0.0000,0.0000,0,0,sync_start
7518.3904,,,,0,0.0000,0.0000,0,0,sync_start
7518.4070,,,,0,0.0000,0.0000,0,0,sync_start
7518.4237,,,,0,0.0000,0.0000,0,0,sync_start
7518.4404,,,,0,0.0000,0.0000,0,0,sync_start
7518.4570,1.26104,-0.06788,-1.82473,1,0.0000,0.0000,0,0,sync_start
7518.4737,,,,0,0.0000,0.0000,0,0,sync_start
7518.4904,,,,0,0.0000,0.0000,0,0,sync_start
7518.5070,,,,0,0.0000,0.0000,0,0,sync_start
7518.5237,,,,0,0.0000,0.0000,0,0,sync_start
7518.5404,,,,0,0.0000,0.0000,0,0,sync_start
7518.5570,,,,0,0.0000,0.0000,0,0,sync_start
7518.5737,,,,0,0.0000,0.0000,0,0,sync_start
7518.5903,,,,0,0.0000,0.0000,0,0,sync_start
7518.6070,,,,0,0.0000,0.0000,0,0,sync_start
7518.6237,,,,0,0.0000,0.0000,0,0,sync_start
7518.6403,1.26119,-0.06765,-1.81849,1,0.0000,0.0000,0,0,sync_start
7518.6570,,,,0,0.0000,0.0000,0,0,sync_start
7518.6737,1.25989,-0.06762,-1.81789,1,0.0000,0.0000,0,0,sync_start
7518.6903,,,,0,0.0000,0.0000,0,0,sync_start
7518.7070,,,,0,0.0000,0.0000,0,0,sync_start
7518.7237,1.26017,-0.06770,2.00355,1,0.0000,0.0000,0,0,sync_start
7518.7403,,,,0,0.0000,0.0000,0,0,sync_start
7518.7570,1.25967,-0.06776,2.01202,1,0.0000,0.0000,0,0,sync_start
7518.7737,,,,0,0.0000,0.0000,0,0,sync_start
7518.7903,,,,0,0.0000,0.0000,0,0,sync_start
7518.8070,1.25243,-0.06744,-1.81599,1,0.0000,0.0000,0,0,sync_start
7518.8236,1.25121,-0.06723,1.98675,1,0.0000,0.0000,0,0,sync_start
7518.8403,,,,0,0.0000,0.0000,0,0,sync_start
7518.8570,,,,0,0.0000,0.0000,0,0,sync_start
7518.8736,1.26592,-0.06758,2.00707,1,0.0000,0.0000,0,0,sync_start
7518.8903,,,,0,0.0000,0.0000,0,0,sync_start
7518.9070,,,,0,0.0000,0.0000,0,0,sync_start
7518.9236,,,,0,0.0000,0.0000,0,0,sync_start
7518.9403,,,,0,0.0000,0.0000,0,0,sync_start
7518.9570,,,,0,0.0000,0.0000,0,0,sync_start
7518.9736,1.25556,-0.06757,1.98855,1,0.0000,0.0000,0,0,sync_start
7518.9903,,,,0,0.0000,0.0000,0,0,sync_start
7519.0070,,,,0,0.0000,0.0000,0,0,sync_start
7519.0236,,,,0,0.0000,0.0000,0,0,sync_start
7519.0403,,,,0,0.0000,0.0000,0,0,sync_start
7519.0569,1.27923,-0.06787,-1.81112,1,0.0000,0.0000,0,0,sync_start
7519.0736,1.25384,-0.06749,1.98054,1,0.0000,0.0000,0,0,sync_start
7519.0903,,,,0,0.0000,0.0000,0,0,sync_start
7519.1069,,,,0,0.0000,0.0000,0,0,sync_start
7519.1236,1.25447,-0.06742,-1.82446,1,0.0000,0.0000,0,0,sync_start
7519.1403,1.26071,-0.06763,-1.82208,1,0.0000,0.0000,0,0,sync_start
7519.1569,,,,0,0.0000,0.0000,0,0,sync_start
7519.1736,,,,0,0.0000,0.0000,0,0,sync_start
7519.1903,,,,0,0.0000,0.0000,0,0,sync_start
7519.2069,,,,0,0.0000,0.0000,0,0,sync_start
7519.2236,,,,0,0.0000,0.0000,0,0,sync_start
7519.2403,,,,0,0.0000,0.0000,0,0,idle
7519.2569,1.26361,-0.06776,2.01131,1,0.0000,0.0000,0,0,idle
7519.2736,,,,0,0.0000,0.0000,0,0,idle
7519.2902,,,,0,0.0000,0.0000,0,0,idle
7519.3069,,,,0,0.0000,0.0000,0,0,idle
7519.3236,,,,0,0.0000,0.0000,0,0,idle
7519.3402,,,,0,0.0000,0.0000,0,0,idle
7519.3569,1.25705,-0.06733,1.99555,1,0.0000,0.0000,0,0,idle
7519.3736,,,,0,0.0000,0.0000,0,0,idle
7519.3902,,,,0,0.0000,0.0000,0,0,idle
7519.4069,,,,0,0.0000,0.0000,0,0,idle
7519.4236,,,,0,0.0000,0.0000,0,0,idle
7519.4402,,,,0,0.0000,0.0000,0,0,idle
7519.4569,,,,0,0.0000,0.0000,0,0,idle
7519.4736,,,,0,0.0000,0.0000,0,0,idle
7519.4902,,,,0,0.0000,0.0000,0,0,idle
7519.5069,,,,0,0.0000,0.0000,0,0,idle
7519.5235,,,,0,0.0000,0.0000,0,0,idle
7519.5402,,,,0,0.0000,0.0000,0,0,idle
7519.5569,,,,0,0.0000,0.0000,0,0,idle
7519.5735,1.25164,-0.06753,1.99097,1,0.0000,0.0000,0,0,idle
7519.5902,,,,0,0.0000,0.0000,0,0,idle
7519.6069,,,,0,0.0000,0.0000,0,0,idle
7519.6235,1.24632,-0.06721,1.99591,1,0.0000,0.0000,0,0,idle
7519.6402,1.25616,-0.06747,-1.82280,1,0.0000,0.0000,0,0,idle
7519.6569,,,,0,0.0000,0.0000,0,0,idle
7519.6735,,,,0,0.0000,0.0000,0,0,idle
7519.6902,,,,0,0.0000,0.0000,0,0,idle
7519.7069,,,,0,0.0000,0.0000,0,0,idle
7519.7235,,,,0,0.0000,0.0000,0,0,idle
7519.7402,,,,0,0.0000,0.0000,0,0,idle
7519.7568,,,,0,0.0000,0.0000,0,0,idle
7519.7735,1.23374,-0.06687,-1.82379,1,0.0000,0.0000,0,0,idle
7519.7902,1.25715,-0.06772,-1.81842,1,0.0000,0.0000,0,0,idle
7519.8068,1.26175,-0.06780,2.00630,1,0.0000,0.0000,0,0,idle
7519.8235,,,,0,0.0000,0.0000,0,0,idle
7519.8402,,,,0,0.0000,0.0000,0,0,idle
7519.8568,1.25417,-0.06744,1.97991,1,0.0000,0.0000,0,0,idle
7519.8735,1.25734,-0.06770,-1.81585,1,0.0000,0.0000,0,0,idle
7519.8902,,,,0,0.0000,0.0000,0,0,idle
7519.9068,,,,0,0.0000,0.0000,0,0,idle
7519.9235,,,,0,0.0000,0.0000,0,0,idle
7519.9402,,,,0,0.0000,0.0000,0,0,idle
7519.9568,,,,0,0.0000,0.0000,0,0,idle
7519.9735,,,,0,0.0000,0.0000,0,0,idle
7519.9901,1.24836,-0.06745,1.97129,1,0.0000,0.0000,0,0,idle
7520.0068,,,,0,0.0000,0.0000,0,0,idle
7520.0235,,,,0,0.0000,0.0000,0,0,idle
7520.0401,,,,0,0.0000,0.0000,0,0,idle
7520.0568,1.21699,-0.06646,-1.82259,1,0.0000,0.0000,0,0,idle
7520.0735,1.26416,-0.06761,-1.80665,1,0.0000,0.0000,0,0,idle
7520.0901,1.23679,-0.06663,-1.81561,1,0.0000,0.0000,0,0,idle
7520.1068,,,,0,0.0000,0.0000,0,0,idle
7520.1235,1.25780,-0.06778,2.00534,1,0.0000,0.0000,0,0,idle
7520.1401,1.23638,-0.06673,-1.82162,1,0.0000,0.0000,0,0,idle
7520.1568,,,,0,0.0000,0.0000,0,0,idle
7520.1735,1.23374,-0.06649,-1.81706,1,0.0000,0.0000,0,0,idle
7520.1901,,,,0,0.0000,0.0000,0,0,idle
7520.2068,1.25489,-0.06725,-1.83032,1,0.0000,0.0000,0,0,idle
7520.2234,,,,0,0.0000,0.0000,0,0,idle
7520.2401,,,,0,0.0000,0.0000,0,0,idle
7520.2568,,,,0,0.0000,0.0000,0,0,idle
7520.2734,1.26049,-0.06742,-1.82797,1,0.0000,0.0000,0,0,idle
7520.2901,1.26332,-0.06722,1.99264,1,0.0000,0.0000,0,0,idle
7520.3068,,,,0,0.0000,0.0000,0,0,idle
7520.3234,,,,0,0.0000,0.0000,0,0,idle
7520.3401,,,,0,0.0000,0.0000,0,0,idle
7520.3568,1.27604,-0.06841,1.98355,1,0.0000,0.0000,0,0,idle
7520.3734,,,,0,0.0000,0.0000,0,0,idle
7520.3901,1.22590,-0.06630,-1.80509,1,0.0000,0.0000,0,0,idle
7520.4068,,,,0,0.0000,0.0000,0,0,idle
7520.4234,,,,0,0.0000,0.0000,0,0,idle
7520.4401,,,,0,0.0000,0.0000,0,0,idle
7520.4567,,,,0,0.0000,0.0000,0,0,idle
7520.4734,,,,0,0.0000,0.0000,0,0,idle
7520.4901,,,,0,0.0000,0.0000,0,0,idle
7520.5067,1.24989,-0.06724,-1.82555,1,0.0000,0.0000,0,0,idle
7520.5234,1.22690,-0.06645,-1.81735,1,0.0000,0.0000,0,0,idle
7520.5401,,,,0,0.0000,0.0000,0,0,idle
7520.5567,1.25344,-0.06744,1.98614,1,0.0000,0.0000,0,0,idle
7520.5734,1.26814,-0.06741,2.02864,1,0.0000,0.0000,0,0,idle
7520.5901,,,,0,0.0000,0.0000,0,0,idle
7520.6067,,,,0,0.0000,0.0000,0,0,idle
7520.6234,,,,0,0.0000,0.0000,0,0,idle
7520.6401,,,,0,0.0000,0.0000,0,0,idle
7520.6567,,,,0,0.0000,0.0000,0,0,idle
7520.6734,,,,0,0.0000,0.0000,0,0,idle
7520.6900,,,,0,0.0000,0.0000,0,0,idle
7520.7067,1.26429,-0.06765,-1.81742,1,0.0000,0.0000,0,0,idle
7520.7234,,,,0,0.0000,0.0000,0,0,idle
7520.7400,1.23124,-0.06663,-1.82614,1,0.0000,0.0000,0,0,idle
7520.7567,,,,0,0.0000,0.0000,0,0,idle
7520.7734,1.22325,-0.06642,-1.81442,1,0.0000,0.0000,0,0,idle
7520.7900,,,,0,0.0000,0.0000,0,0,idle
7520.8067,,,,0,0.0000,0.0000,0,0,idle
7520.8234,,,,0,0.0000,0.0000,0,0,idle
7520.8400,,,,0,0.0000,0.0000,0,0,idle
7520.8567,,,,0,0.0000,0.0000,0,0,idle
7520.8734,1.25714,-0.06761,-1.81750,1,0.0000,0.0000,0,0,idle
7520.8900,,,,0,0.0000,0.0000,0,0,idle
7520.9067,1.26034,-0.06728,-1.80569,1,0.0000,0.0000,0,0,idle
7520.9233,1.26637,-0.06743,-1.79843,1,0.0000,0.0000,0,0,idle
7520.9400,,,,0,0.0000,0.0000,0,0,idle
7520.9567,1.25117,-0.06712,1.95641,1,0.0000,0.0000,0,0,idle
7520.9733,1.24975,-0.06695,-1.81872,1,0.0000,0.0000,0,0,idle
7520.9900,,,,0,0.0000,0.0000,0,0,idle
7521.0067,,,,0,0.0000,0.0000,0,0,idle
7521.0233,,,,0,0.0000,0.0000,0,0,idle
7521.0400,,,,0,0.0000,0.0000,0,0,idle
7521.0567,,,,0,0.0000,0.0000,0,0,idle
7521.0733,,,,0,0.0000,0.0000,0,0,idle
7521.0900,,,,0,0.0000,0.0000,0,0,idle
7521.1067,,,,0,0.0000,0.0000,0,0,idle
7521.1233,1.22255,-0.06668,-1.82149,1,0.0000,0.0000,0,0,idle
7521.1400,,,,0,0.0000,0.0000,0,0,idle
7521.1566,1.25890,-0.06756,2.00105,1,0.0000,0.0000,0,0,idle
7521.1733,,,,0,0.0000,0.0000,0,0,idle
7521.1900,,,,0,0.0000,0.0000,0,0,idle
7521.2066,,,,0,0.0000,0.0000,0,0,idle
7521.2233,1.24697,-0.06742,1.98733,1,0.0000,0.0000,0,0,idle
7521.2400,,,,0,0.0000,0.0000,0,0,idle
7521.2566,1.24806,-0.06731,1.99546,1,0.0000,0.0000,0,0,idle
7521.2733,1.24375,-0.06707,1.98920,1,0.0000,0.0000,0,0,idle
7521.2900,1.28125,-0.06768,2.01190,1,0.0000,0.0000,0,0,idle
7521.3066,,,,0,0.0000,0.0000,0,0,idle
7521.3233,,,,0,0.0000,0.0000,0,0,idle
7521.3400,1.24213,-0.06714,-1.81190,1,0.0000,0.0000,0,0,idle
7521.3566,,,,0,0.0000,0.0000,0,0,idle
7521.3733,,,,0,0.0000,0.0000,0,0,idle
7521.3899,,,,0,0.0000,0.0000,0,0,idle
7521.4066,1.25781,-0.06765,2.01463,1,0.0000,0.0000,0,0,idle
7521.4233,,,,0,0.0000,0.0000,0,0,idle
7521.4399,,,,0,0.0000,0.0000,0,0,idle
7521.4566,,,,0,0.0000,0.0000,0,0,idle
7521.4733,,,,0,0.0000,0.0000,0,0,idle
7521.4899,1.25731,-0.06776,2.00485,1,0.0000,0.0000,0,0,idle
7521.5066,,,,0,0.0000,0.0000,0,0,idle
7521.5233,,,,0,0.0000,0.0000,0,0,idle
7521.5399,,,,0,0.0000,0.0000,0,0,idle
7521.5566,,,,0,0.0000,0.0000,0,0,idle
7521.5733,1.25495,-0.06748,-1.81489,1,0.0000,0.0000,0,0,idle
7521.5899,,,,0,0.0000,0.0000,0,0,idle
7521.6066,,,,0,0.0000,0.0000,0,0,idle
7521.6232,1.23691,-0.06686,-1.81577,1,0.0000,0.0000,0,0,idle
7521.6399,,,,0,0.0000,0.0000,0,0,idle
7521.6566,,,,0,0.0000,0.0000,0,0,idle
7521.6732,,,,0,0.0000,0.0000,0,0,idle
7521.6899,1.26693,-0.06772,2.01807,1,0.0000,0.0000,0,0,idle
7521.7066,,,,0,0.0000,0.0000,0,0,idle
7521.7232,1.27224,-0.06753,-1.80686,1,0.0000,0.0000,0,0,idle
7521.7399,1.26745,-0.06764,-1.81044,1,0.0000,0.0000,0,0,idle
7521.7566,,,,0,0.0000,0.0000,0,0,idle
7521.7732,1.25503,-0.06753,-1.80156,1,0.0000,0.0000,0,0,idle
7521.7899,,,,0,0.0000,0.0000,0,0,idle
7521.8066,,,,0,0.0000,0.0000,0,0,idle
7521.8232,1.24366,-0.06714,-1.82320,1,0.0000,0.0000,0,0,idle
7521.8399,,,,0,0.0000,0.0000,0,0,idle
7521.8566,,,,0,0.0000,0.0000,0,0,idle
7521.8732,,,,0,0.0000,0.0000,0,0,idle
7521.8899,1.26464,-0.06761,-1.82555,1,0.0000,0.0000,0,0,idle
7521.9065,,,,0,0.0000,0.0000,0,0,idle
7521.9232,,,,0,0.0000,0.0000,0,0,idle
7521.9399,,,,0,0.0000,0.0000,0,0,idle
7521.9565,,,,0,0.0000,0.0000,0,0,idle
7521.9732,,,,0,0.0000,0.0000,0,0,idle
7521.9899,,,,0,0.0000,0.0000,0,0,idle
7522.0065,1.25794,-0.06752,-1.81568,1,0.0000,0.0000,0,0,idle
7522.0232,,,,0,0.0000,0.0000,0,0,idle
7522.0399,,,,0,0.0000,0.0000,0,0,idle
7522.0565,,,,0,0.0000,0.0000,0,0,idle
7522.0732,,,,0,0.0000,0.0000,0,0,idle
7522.0899,,,,0,0.0000,0.0000,0,0,idle
7522.1065,,,,0,0.0000,0.0000,0,0,idle
7522.1232,1.26279,-0.06766,1.99548,1,0.0000,0.0000,0,0,idle
7522.1398,1.25219,-0.06764,-1.81355,1,0.0000,0.0000,0,0,idle
7522.1565,,,,0,0.0000,0.0000,0,0,idle
7522.1732,,,,0,0.0000,0.0000,0,0,idle
7522.1898,,,,0,0.0000,0.0000,0,0,idle
7526.6224,1.20469,-0.02573,0.16724,1,0.0000,0.0000,0,0,idle
7526.6391,1.16443,-0.02633,-0.26378,1,0.0000,0.0000,0,0,idle
7526.6557,1.18550,-0.02540,0.15566,1,0.0000,0.0000,0,0,idle
7526.6724,1.18220,-0.02542,0.14700,1,0.0000,0.0000,0,0,idle
7526.6891,1.17715,-0.02540,-0.27145,1,0.0000,0.0000,0,0,idle
7526.7057,1.22507,-0.02598,0.18252,1,0.0000,0.0000,0,0,idle
7526.7224,1.17772,-0.02493,0.10426,1,0.0000,0.0000,0,0,idle
7526.7391,1.19005,-0.02544,0.13016,1,0.0000,0.0000,0,0,idle
7526.7557,1.19848,-0.02545,0.15370,1,0.0000,0.0000,0,0,idle
7526.7724,1.19417,-0.02505,0.12010,1,0.0000,0.0000,0,0,idle
7526.7891,1.16502,-0.02512,0.10750,1,0.0000,0.0000,0,0,idle
7526.8057,1.17136,-0.02566,0.10806,1,0.0000,0.0000,0,0,idle
7526.8224,1.17985,-0.02600,-0.29850,1,0.0000,0.0000,0,0,idle
7526.8390,1.18415,-0.02502,0.11403,1,0.0000,0.0000,0,0,idle
7526.8557,1.14463,-0.02568,0.11019,1,0.0000,0.0000,0,0,idle
7526.8724,1.18702,-0.02540,0.13783,1,0.0000,0.0000,0,0,idle
7526.8890,1.15796,-0.02530,0.11692,1,0.0000,0.0000,0,0,idle
7526.9057,1.18068,-0.02596,-0.30369,1,0.0000,0.0000,0,0,idle
7526.9224,1.17571,-0.02560,-0.27647,1,0.0000,0.0000,0,0,idle
7526.9390,1.19317,-0.02556,0.15619,1,0.0400,0.0000,20,0,lin_deadzone_fwd
7526.9557,1.18359,-0.02607,0.14056,1,0.0400,0.0000,20,0,lin_deadzone_fwd
7526.9724,1.16210,-0.02458,0.14451,1,0.0400,0.0000,20,0,lin_deadzone_fwd
7526.9890,1.14876,-0.02282,0.15819,1,0.0400,0.0000,20,0,lin_deadzone_fwd
7527.0057,1.15948,-0.02134,-0.31371,1,0.0400,0.0000,20,0,lin_deadzone_fwd
7527.0224,1.13288,-0.02099,-0.31193,1,0.0400,0.0000,20,0,lin_deadzone_fwd
7527.0390,1.16598,-0.01879,0.15088,1,0.0400,0.0000,20,0,lin_deadzone_fwd
7527.0557,1.13999,-0.01784,-0.29118,1,0.0400,0.0000,20,0,lin_deadzone_fwd
7527.0723,1.13798,-0.01656,-0.30798,1,0.0400,0.0000,20,0,lin_deadzone_fwd
7527.0890,1.14091,-0.01513,0.17096,1,0.0400,0.0000,20,0,lin_deadzone_fwd
7527.1057,1.11692,-0.01335,-0.30169,1,0.0400,0.0000,20,0,lin_deadzone_fwd
7527.1223,1.15799,-0.01144,-0.32186,1,0.0400,0.0000,20,0,lin_deadzone_fwd
7527.1390,1.09724,-0.01117,-0.28199,1,0.0400,0.0000,20,0,lin_deadzone_fwd
7527.1557,1.12193,-0.00838,0.16762,1,0.0400,0.0000,20,0,lin_deadzone_fwd
7527.1723,1.11717,-0.00791,0.16211,1,0.0400,0.0000,20,0,lin_deadzone_fwd
7527.1890,1.10391,-0.00554,-0.31312,1,0.0400,0.0000,20,0,lin_deadzone_fwd
7527.2057,1.11107,-0.00365,-0.33503,1,0.0400,0.0000,20,0,lin_deadzone_fwd
7527.2223,1.09781,-0.00251,0.16999,1,0.0400,0.0000,20,0,lin_deadzone_fwd
7527.2390,1.07975,-0.00242,-0.31746,1,0.0400,0.0000,20,0,lin_deadzone_fwd
7527.2557,1.08886,-0.00015,-0.31793,1,0.0400,0.0000,20,0,lin_deadzone_fwd
7527.2723,1.07348,0.00168,-0.31921,1,0.0400,0.0000,20,0,lin_deadzone_fwd
7527.2890,1.06829,0.00286,-0.32509,1,0.0400,0.0000,20,0,lin_deadzone_fwd
7527.3056,1.08960,0.00516,-0.32126,1,0.0400,0.0000,20,0,lin_deadzone_fwd
7527.3223,1.05066,0.00507,-0.29426,1,0.0400,0.0000,20,0,lin_deadzone_fwd
7527.3390,1.05414,0.00770,-0.30723,1,0.0400,0.0000,20,0,lin_deadzone_fwd
7527.3556,1.05244,0.00882,-0.30826,1,0.0400,0.0000,20,0,lin_deadzone_fwd
7527.3723,1.05173,0.01133,-0.30206,1,0.0400,0.0000,20,0,lin_deadzone_fwd
7527.3890,1.04450,0.01100,-0.28764,1,0.0400,0.0000,20,0,lin_deadzone_fwd
7527.4056,1.03242,0.01229,-0.29627,1,0.0400,0.0000,20,0,lin_deadzone_fwd
7527.4223,1.05271,0.01410,-0.27790,1,0.0400,0.0000,20,0,lin_deadzone_fwd
7527.4390,1.03104,0.01600,-0.30549,1,0.0400,0.0000,20,0,lin_deadzone_fwd
7527.4556,1.03361,0.01776,0.16946,1,0.0400,0.0000,20,0,lin_deadzone_fwd
7527.4723,1.02158,0.01826,0.20842,1,0.0400,0.0000,20,0,lin_deadzone_fwd
7527.4890,1.00864,0.01960,-0.31703,1,0.0400,0.0000,20,0,lin_deadzone_fwd
7527.5056,1.03043,0.02229,-0.32851,1,0.0400,0.0000,20,0,lin_deadzone_fwd
7527.5223,1.02202,0.02376,-0.34166,1,0.0400,0.0000,20,0,lin_deadzone_fwd
7527.5389,1.01033,0.02493,-0.34554,1,0.0400,0.0000,20,0,lin_deadzone_fwd
7527.5556,0.96953,0.02380,-0.28933,1,0.0400,0.0000,20,0,lin_deadzone_fwd
7527.5723,1.00318,0.02781,0.21446,1,0.0400,0.0000,20,0,lin_deadzone_fwd
7527.5889,0.98785,0.02826,-0.32726,1,0.0400,0.0000,20,0,lin_deadzone_fwd
7527.6056,1.00770,0.03078,-0.30954,1,0.0400,0.0000,20,0,lin_deadzone_fwd
7527.6223,0.96204,0.03059,0.18439,1,0.0400,0.0000,20,0,lin_deadzone_fwd
7527.6389,0.96494,0.03211,0.18868,1,0.0400,0.0000,20,0,lin_deadzone_fwd
7527.6556,0.95604,0.03276,-0.30111,1,0.0400,0.0000,20,0,lin_deadzone_fwd
7527.6723,0.97530,0.03606,0.17448,1,0.0800,0.0000,40,0,lin_deadzone_fwd
7527.6889,0.93453,0.03610,-0.26505,1,0.0800,0.0000,40,0,lin_deadzone_fwd
7527.7056,0.94056,0.03819,-0.26574,1,0.0800,0.0000,40,0,lin_deadzone_fwd
7527.7223,0.92927,0.04064,-0.34364,1,0.0800,0.0000,40,0,lin_deadzone_fwd
7527.7389,0.92984,0.04181,0.20668,1,0.0800,0.0000,40,0,lin_deadzone_fwd
7527.7556,0.93331,0.04512,0.18447,1,0.0800,0.0000,40,0,lin_deadzone_fwd
7527.7722,0.88857,0.04448,-0.26159,1,0.0800,0.0000,40,0,lin_deadzone_fwd
7527.7889,0.91818,0.04934,-0.30292,1,0.0800,0.0000,40,0,lin_deadzone_fwd
7527.8056,0.86830,0.04872,-0.27859,1,0.0800,0.0000,40,0,lin_deadzone_fwd
7527.8222,0.88294,0.05121,-0.29419,1,0.0800,0.0000,40,0,lin_deadzone_fwd
7527.8389,0.88450,0.05347,-0.30815,1,0.0800,0.0000,40,0,lin_deadzone_fwd
7527.8556,0.88241,0.05513,-0.29599,1,0.0800,0.0000,40,0,lin_deadzone_fwd
7527.8722,0.86454,0.05625,-0.29798,1,0.0800,0.0000,40,0,lin_deadzone_fwd
7527.8889,0.86209,0.05896,-0.30279,1,0.0800,0.0000,40,0,lin_deadzone_fwd
7527.9056,0.86398,0.06131,-0.30020,1,0.0800,0.0000,40,0,lin_deadzone_fwd
7527.9222,0.82966,0.06057,-0.25065,1,0.0800,0.0000,40,0,lin_deadzone_fwd
7527.9389,0.82703,0.06316,-0.26863,1,0.0800,0.0000,40,0,lin_deadzone_fwd
7527.9556,0.81973,0.06503,-0.25407,1,0.0800,0.0000,40,0,lin_deadzone_fwd
7527.9722,0.81149,0.06619,-0.26913,1,0.0800,0.0000,40,0,lin_deadzone_fwd
7527.9889,0.80343,0.06843,-0.26581,1,0.0800,0.0000,40,0,lin_deadzone_fwd
7528.0055,0.80182,0.07085,0.19360,1,0.0800,0.0000,40,0,lin_deadzone_fwd
7528.0222,0.79537,0.07271,-0.27792,1,0.0800,0.0000,40,0,lin_deadzone_fwd
7528.0389,0.78258,0.07417,-0.27574,1,0.0800,0.0000,40,0,lin_deadzone_fwd
7528.0555,0.77271,0.07553,0.19885,1,0.1200,0.0000,60,0,lin_deadzone_fwd
7528.0722,0.76463,0.07806,0.18399,1,0.1200,0.0000,60,0,lin_deadzone_fwd
7528.0889,0.75399,0.08063,-0.26999,1,0.1200,0.0000,60,0,lin_deadzone_fwd
7528.1055,0.74691,0.08364,-0.26354,1,0.1200,0.0000,60,0,lin_deadzone_fwd
7528.1222,0.73674,0.08599,0.17271,1,0.1200,0.0000,60,0,lin_deadzone_fwd
7528.1389,0.72656,0.08873,0.17423,1,0.1200,0.0000,60,0,lin_deadzone_fwd
7528.1555,0.71597,0.09119,-0.25534,1,0.1200,0.0000,60,0,lin_deadzone_fwd
7528.1722,0.71372,0.09476,-0.27017,1,0.1200,0.0000,60,0,lin_deadzone_fwd
7528.1889,0.69374,0.09620,-0.28325,1,0.1200,0.0000,60,0,lin_deadzone_fwd
7528.2055,0.68460,0.09862,0.19159,1,0.1200,0.0000,60,0,lin_deadzone_fwd
7528.2222,0.68311,0.10253,0.21579,1,0.1200,0.0000,60,0,lin_deadzone_fwd
7528.2388,0.66101,0.10302,-0.24763,1,0.1200,0.0000,60,0,lin_deadzone_fwd
7528.2555,0.64801,0.10520,-0.24192,1,0.1200,0.0000,60,0,lin_deadzone_fwd
7528.2722,0.63691,0.10798,0.21185,1,0.1200,0.0000,60,0,lin_deadzone_fwd
7528.2888,0.63046,0.11146,-0.28042,1,0.1200,0.0000,60,0,lin_deadzone_fwd
7528.3055,0.63053,0.11520,0.19644,1,0.1600,0.0000,80,0,lin_deadzone_fwd
7528.3222,0.61078,0.11745,-0.26547,1,0.1600,0.0000,80,0,lin_deadzone_fwd
7528.3388,0.59973,0.12052,0.19954,1,0.1600,0.0000,80,0,lin_deadzone_fwd
7528.3555,0.58655,0.12431,-0.29704,1,0.1600,0.0000,80,0,lin_deadzone_fwd
7528.3722,0.57832,0.12852,-0.27110,1,0.1600,0.0000,80,0,lin_deadzone_fwd
7528.3888,0.56456,0.13183,-0.26238,1,0.1600,0.0000,80,0,lin_deadzone_fwd
7528.4055,0.54159,0.13394,-0.25440,1,0.1600,0.0000,80,0,lin_deadzone_fwd
7528.4222,0.53374,0.13836,-0.27368,1,0.1600,0.0000,80,0,lin_deadzone_fwd
7528.4388,0.52586,0.14257,-0.25540,1,0.1600,0.0000,80,0,lin_deadzone_fwd
7528.4555,0.50517,0.14436,0.22481,1,0.1600,0.0000,80,0,lin_deadzone_fwd
7528.4721,0.49421,0.14820,0.21735,1,0.1600,0.0000,80,0,lin_deadzone_fwd
7528.4888,0.48230,0.15223,-0.25588,1,0.2000,0.0000,100,0,lin_deadzone_fwd
7528.5055,0.46188,0.15481,-0.29031,1,0.2000,0.0000,100,0,lin_deadzone_fwd
7528.5221,0.44682,0.15900,-0.28132,1,0.2000,0.0000,100,0,lin_deadzone_fwd
7528.5388,0.43717,0.16462,-0.27408,1,0.2000,0.0000,100,0,lin_deadzone_fwd
7528.5555,0.41412,0.16836,-0.27105,1,0.2000,0.0000,100,0,lin_deadzone_fwd
7528.5721,0.39771,0.17210,-0.28354,1,0.2000,0.0000,100,0,lin_deadzone_fwd
7528.5888,0.37508,0.17484,-0.30354,1,0.2000,0.0000,100,0,lin_deadzone_fwd
7528.6055,0.36018,0.17934,0.24421,1,0.2000,0.0000,100,0,lin_deadzone_fwd
7528.6221,0.35690,0.18711,-0.27950,1,0.2000,0.0000,100,0,lin_deadzone_fwd
7528.6388,0.32153,0.18633,-0.27891,1,0.2400,0.0000,120,0,lin_deadzone_fwd
7528.6555,0.31215,0.19421,-0.29330,1,0.2400,0.0000,120,0,lin_deadzone_fwd
7528.6721,0.28651,0.19560,0.22509,1,0.2400,0.0000,120,0,lin_deadzone_fwd
7528.6888,0.26484,0.20108,-0.32823,1,0.2400,0.0000,120,0,lin_deadzone_fwd
7528.7054,0.25348,0.20896,-0.29888,1,0.2400,0.0000,120,0,lin_deadzone_fwd
7528.7221,0.24009,0.21545,-0.28368,1,0.2400,0.0000,120,0,lin_deadzone_fwd
7528.7388,0.20545,0.21532,-0.31899,1,0.2400,0.0000,120,0,lin_deadzone_fwd
7528.7554,0.18355,0.21927,-0.31491,1,0.2800,0.0000,140,0,lin_deadzone_fwd
7528.7721,0.16335,0.22424,-0.31311,1,0.2800,0.0000,140,0,lin_deadzone_fwd
7528.7888,0.16065,0.23903,-0.23732,1,0.2800,0.0000,140,0,lin_deadzone_fwd
7528.8054,0.12746,0.23942,-0.29460,1,0.2800,0.0000,140,0,lin_deadzone_fwd
7528.8221,0.10653,0.24664,-0.29177,1,0.2800,0.0000,140,0,lin_deadzone_fwd
7528.8388,0.08691,0.25494,-0.28772,1,0.2800,0.0000,140,0,lin_deadzone_fwd
7528.8554,0.05612,0.25582,-0.31139,1,0.2800,0.0000,140,0,lin_deadzone_fwd
7528.8721,0.03446,0.26309,-0.30985,1,0.2800,0.0000,140,0,lin_deadzone_fwd
7528.8888,,,,0,0.0000,0.0000,0,0,lin_deadzone_fwd
7528.9054,,,,0,0.0000,0.0000,0,0,lin_deadzone_fwd
7528.9221,,,,0,0.0000,0.0000,0,0,lin_deadzone_fwd
7528.9388,,,,0,0.0000,0.0000,0,0,lin_deadzone_fwd
7528.9554,,,,0,0.0000,0.0000,0,0,lin_deadzone_fwd
7528.9721,,,,0,0.0000,0.0000,0,0,lin_deadzone_fwd
7528.9887,,,,0,0.0000,0.0000,0,0,lin_deadzone_fwd
7529.0054,,,,0,0.0000,0.0000,0,0,lin_deadzone_fwd
7529.0221,,,,0,0.0000,0.0000,0,0,lin_deadzone_fwd
7529.0387,,,,0,0.0000,0.0000,0,0,lin_deadzone_fwd
7529.0554,,,,0,0.0000,0.0000,0,0,lin_deadzone_fwd
7529.0721,,,,0,0.0000,0.0000,0,0,lin_deadzone_fwd
7529.0887,,,,0,0.0000,0.0000,0,0,lin_deadzone_fwd
7529.1054,,,,0,0.0000,0.0000,0,0,lin_deadzone_fwd
7529.1221,,,,0,0.0000,0.0000,0,0,lin_deadzone_fwd
7529.1387,,,,0,0.0000,0.0000,0,0,lin_deadzone_fwd
7529.1554,,,,0,0.0000,0.0000,0,0,lin_deadzone_fwd
7529.1721,,,,0,0.0000,0.0000,0,0,lin_deadzone_fwd
7529.1887,,,,0,0.0000,0.0000,0,0,lin_deadzone_fwd
7529.2054,,,,0,0.0000,0.0000,0,0,lin_deadzone_fwd
7529.2220,,,,0,0.0000,0.0000,0,0,lin_deadzone_fwd
7529.2387,,,,0,0.0000,0.0000,0,0,lin_deadzone_fwd
7529.2554,,,,0,0.0000,0.0000,0,0,lin_deadzone_fwd
7529.2720,,,,0,0.0000,0.0000,0,0,lin_deadzone_fwd
7529.2887,,,,0,0.0000,0.0000,0,0,lin_deadzone_fwd
7529.3054,,,,0,0.0000,0.0000,0,0,lin_deadzone_fwd
7529.3220,,,,0,0.0000,0.0000,0,0,lin_deadzone_fwd
7529.3387,,,,0,0.0000,0.0000,0,0,lin_deadzone_fwd
7529.3554,,,,0,0.0000,0.0000,0,0,lin_deadzone_fwd
7529.3720,,,,0,0.0000,0.0000,0,0,lin_deadzone_fwd
7529.3887,,,,0,0.0000,0.0000,0,0,lin_deadzone_fwd
7529.4054,,,,0,0.0000,0.0000,0,0,lin_deadzone_fwd
7529.4220,,,,0,0.0000,0.0000,0,0,lin_deadzone_fwd
7529.4387,,,,0,0.0000,0.0000,0,0,lin_deadzone_fwd
7529.4553,,,,0,0.0000,0.0000,0,0,lin_deadzone_fwd
7529.4720,,,,0,0.0000,0.0000,0,0,lin_deadzone_fwd
7529.4887,,,,0,0.0000,0.0000,0,0,lin_deadzone_fwd
7529.5053,,,,0,0.0000,0.0000,0,0,lin_deadzone_fwd
7529.5220,,,,0,0.0000,0.0000,0,0,lin_deadzone_fwd
7529.5387,,,,0,0.0000,0.0000,0,0,lin_deadzone_fwd
7529.5553,,,,0,0.0000,0.0000,0,0,lin_deadzone_fwd
7529.5720,,,,0,0.0000,0.0000,0,0,lin_deadzone_fwd
7529.5887,,,,0,0.0000,0.0000,0,0,lin_deadzone_fwd
7529.6053,,,,0,0.0000,0.0000,0,0,lin_deadzone_fwd
7529.6220,,,,0,0.0000,0.0000,0,0,lin_deadzone_fwd
7529.6387,,,,0,0.0000,0.0000,0,0,lin_deadzone_fwd
7529.6553,,,,0,0.0000,0.0000,0,0,lin_deadzone_fwd
7529.6720,,,,0,0.0000,0.0000,0,0,lin_deadzone_fwd
7529.6886,,,,0,0.0000,0.0000,0,0,lin_deadzone_fwd
7529.7053,,,,0,0.0000,0.0000,0,0,lin_deadzone_fwd
7529.7220,,,,0,0.0000,0.0000,0,0,lin_deadzone_fwd
7529.7386,,,,0,0.0000,0.0000,0,0,lin_deadzone_fwd
7529.7553,,,,0,0.0000,0.0000,0,0,lin_deadzone_fwd
7529.7720,,,,0,0.0000,0.0000,0,0,lin_deadzone_fwd
7529.7886,,,,0,0.0000,0.0000,0,0,lin_deadzone_fwd
7529.8053,,,,0,0.0000,0.0000,0,0,lin_deadzone_fwd
7529.8220,,,,0,0.0000,0.0000,0,0,lin_deadzone_fwd
7529.8386,,,,0,0.0000,0.0000,0,0,lin_deadzone_fwd
7529.8553,,,,0,0.0000,0.0000,0,0,lin_deadzone_fwd
7534.8546,0.39321,0.16113,-0.20580,1,0.0000,0.0000,0,0,lin_deadzone_fwd
7534.8713,0.39366,0.16041,-0.22830,1,0.0000,0.0000,0,0,lin_deadzone_fwd
7534.8879,0.39347,0.16059,-0.20514,1,0.0000,0.0000,0,0,lin_deadzone_fwd
7534.9046,0.39471,0.16095,-0.22266,1,0.0000,0.0000,0,0,lin_deadzone_fwd
7534.9213,0.39068,0.16023,-0.23116,1,0.0000,0.0000,0,0,lin_deadzone_fwd
7534.9379,0.39079,0.16078,-0.23801,1,0.0000,0.0000,0,0,lin_deadzone_fwd
7534.9546,0.38833,0.16008,-0.24295,1,0.0000,0.0000,0,0,lin_deadzone_fwd
7534.9713,0.39150,0.16074,-0.22912,1,0.0000,0.0000,0,0,lin_deadzone_fwd
7534.9879,0.39200,0.16061,-0.22734,1,0.0000,0.0000,0,0,lin_deadzone_fwd
7535.0046,0.38979,0.16012,-0.21034,1,0.0000,0.0000,0,0,lin_deadzone_fwd
7535.0213,0.38766,0.15986,-0.25283,1,0.0000,0.0000,0,0,lin_deadzone_fwd
7535.0379,0.39283,0.16119,-0.20835,1,0.0000,0.0000,0,0,lin_deadzone_fwd
7535.0546,0.39683,0.16170,-0.21490,1,0.0000,0.0000,0,0,lin_deadzone_fwd
7535.0713,0.38935,0.16039,-0.22451,1,0.0000,0.0000,0,0,lin_deadzone_fwd
7535.0879,0.39059,0.16067,-0.24172,1,0.0000,0.0000,0,0,lin_deadzone_fwd
7535.1046,0.39632,0.16156,-0.18397,1,0.0000,0.0000,0,0,lin_deadzone_fwd
7535.1212,0.39760,0.16163,-0.23041,1,0.0000,0.0000,0,0,lin_deadzone_fwd
7535.1379,0.39655,0.16128,-0.18916,1,0.0000,0.0000,0,0,lin_deadzone_fwd
7535.1546,0.39415,0.16050,-0.22960,1,0.0000,0.0000,0,0,lin_deadzone_fwd
7535.1712,0.39498,0.16139,-0.24348,1,-0.0400,0.0000,-20,0,lin_deadzone_rev
7535.1879,0.39565,0.16115,-0.19495,1,-0.0400,0.0000,-20,0,lin_deadzone_rev
7535.2046,0.39586,0.16070,-0.21018,1,-0.0400,0.0000,-20,0,lin_deadzone_rev
7535.2212,0.40446,0.16151,-0.18906,1,-0.0400,0.0000,-20,0,lin_deadzone_rev
7535.2379,0.40493,0.15961,-0.21551,1,-0.0400,0.0000,-20,0,lin_deadzone_rev
7535.2546,0.40177,0.15672,0.23006,1,-0.0400,0.0000,-20,0,lin_deadzone_rev
7535.2712,0.41229,0.15704,-0.19656,1,-0.0400,0.0000,-20,0,lin_deadzone_rev
7535.2879,0.42229,0.15752,0.18449,1,-0.0400,0.0000,-20,0,lin_deadzone_rev
7535.3046,0.42544,0.15592,-0.19817,1,-0.0400,0.0000,-20,0,lin_deadzone_rev
7535.3212,0.41720,0.15194,-0.23008,1,-0.0400,0.0000,-20,0,lin_deadzone_rev
7535.3379,0.43362,0.15327,-0.17101,1,-0.0400,0.0000,-20,0,lin_deadzone_rev
7535.3545,0.43887,0.15237,0.18843,1,-0.0400,0.0000,-20,0,lin_deadzone_rev
7535.3712,0.44375,0.15229,-0.21892,1,-0.0400,0.0000,-20,0,lin_deadzone_rev
7535.3879,0.45175,0.15146,-0.20035,1,-0.0400,0.0000,-20,0,lin_deadzone_rev
7535.4045,0.46330,0.15268,-0.22146,1,-0.0400,0.0000,-20,0,lin_deadzone_rev
7535.4212,0.46549,0.15028,0.19986,1,-0.0400,0.0000,-20,0,lin_deadzone_rev
7535.4379,0.46491,0.14875,-0.20460,1,-0.0400,0.0000,-20,0,lin_deadzone_rev
7535.4545,0.46540,0.14668,-0.18516,1,-0.0400,0.0000,-20,0,lin_deadzone_rev
7535.4712,0.47251,0.14631,-0.19162,1,-0.0400,0.0000,-20,0,lin_deadzone_rev
7535.4879,0.48144,0.14598,-0.21835,1,-0.0400,0.0000,-20,0,lin_deadzone_rev
7535.5045,0.48216,0.14466,-0.19828,1,-0.0400,0.0000,-20,0,lin_deadzone_rev
7535.5212,0.49223,0.14403,-0.20913,1,-0.0400,0.0000,-20,0,lin_deadzone_rev
7535.5379,0.49300,0.14261,0.19490,1,-0.0400,0.0000,-20,0,lin_deadzone_rev
7535.5545,0.49733,0.14146,-0.20409,1,-0.0400,0.0000,-20,0,lin_deadzone_rev
7535.5712,0.50412,0.14060,-0.19095,1,-0.0400,0.0000,-20,0,lin_deadzone_rev
7535.5878,0.49935,0.13761,-0.19224,1,-0.0400,0.0000,-20,0,lin_deadzone_rev
7535.6045,0.51468,0.13879,-0.19187,1,-0.0400,0.0000,-20,0,lin_deadzone_rev
7535.6212,0.51550,0.13713,0.19214,1,-0.0400,0.0000,-20,0,lin_deadzone_rev
7535.6378,0.52697,0.13773,-0.19114,1,-0.0400,0.0000,-20,0,lin_deadzone_rev
7535.6545,0.53299,0.13616,0.21860,1,-0.0400,0.0000,-20,0,lin_deadzone_rev
7535.6712,0.53155,0.13439,-0.22136,1,-0.0400,0.0000,-20,0,lin_deadzone_rev
7535.6878,0.54070,0.13393,0.19911,1,-0.0400,0.0000,-20,0,lin_deadzone_rev
7535.7045,0.54869,0.13395,-0.19162,1,-0.0400,0.0000,-20,0,lin_deadzone_rev
7535.7212,0.54922,0.13190,-0.20644,1,-0.0400,0.0000,-20,0,lin_deadzone_rev
7535.7378,0.55576,0.13042,0.21200,1,-0.0400,0.0000,-20,0,lin_deadzone_rev
7535.7545,0.55607,0.12993,-0.21262,1,-0.0400,0.0000,-20,0,lin_deadzone_rev
7535.7712,0.56210,0.12930,-0.17477,1,-0.0400,0.0000,-20,0,lin_deadzone_rev
7535.7878,0.57526,0.12919,0.18433,1,-0.0400,0.0000,-20,0,lin_deadzone_rev
7535.8045,0.57414,0.12754,0.18297,1,-0.0400,0.0000,-20,0,lin_deadzone_rev
7535.8211,0.57930,0.12626,-0.19618,1,-0.0400,0.0000,-20,0,lin_deadzone_rev
7535.8378,0.57425,0.12340,-0.18405,1,-0.0400,0.0000,-20,0,lin_deadzone_rev
7535.8545,0.59317,0.12518,0.19768,1,-0.0400,0.0000,-20,0,lin_deadzone_rev
7535.8711,0.59550,0.12383,-0.18796,1,-0.0400,0.0000,-20,0,lin_deadzone_rev
7535.8878,0.60168,0.12295,-0.20763,1,-0.0400,0.0000,-20,0,lin_deadzone_rev
7535.9045,0.61400,0.12279,0.16059,1,-0.0800,0.0000,-40,0,lin_deadzone_rev
7535.9211,0.61799,0.12225,0.23352,1,-0.0800,0.0000,-40,0,lin_deadzone_rev
7535.9378,0.62388,0.12084,0.18228,1,-0.0800,0.0000,-40,0,lin_deadzone_rev
7535.9545,0.62050,0.11803,-0.16843,1,-0.0800,0.0000,-40,0,lin_deadzone_rev
7535.9711,0.62669,0.11707,0.17728,1,-0.0800,0.0000,-40,0,lin_deadzone_rev
7535.9878,0.64470,0.11823,0.17941,1,-0.0800,0.0000,-40,0,lin_deadzone_rev
7536.0045,0.64323,0.11609,-0.19746,1,-0.0800,0.0000,-40,0,lin_deadzone_rev
7536.0211,0.65184,0.11511,-0.20582,1,-0.0800,0.0000,-40,0,lin_deadzone_rev
7536.0378,0.65503,0.11367,-0.19045,1,-0.0800,0.0000,-40,0,lin_deadzone_rev
7536.0544,0.65728,0.11227,-0.21947,1,-0.0800,0.0000,-40,0,lin_deadzone_rev
7536.0711,0.66781,0.11142,-0.21822,1,-0.0800,0.0000,-40,0,lin_deadzone_rev
7536.0878,0.66409,0.10902,-0.18791,1,-0.0800,0.0000,-40,0,lin_deadzone_rev
7536.1044,0.66563,0.10733,-0.17660,1,-0.0800,0.0000,-40,0,lin_deadzone_rev
7536.1211,0.67842,0.10731,-0.17821,1,-0.0800,0.0000,-40,0,lin_deadzone_rev
7536.1378,0.67457,0.10508,-0.18889,1,-0.0800,0.0000,-40,0,lin_deadzone_rev
7536.1544,0.69324,0.10588,-0.19516,1,-0.0800,0.0000,-40,0,lin_deadzone_rev
7536.1711,0.69765,0.10460,-0.21761,1,-0.0800,0.0000,-40,0,lin_deadzone_rev
7536.1878,0.71248,0.10426,0.22887,1,-0.0800,0.0000,-40,0,lin_deadzone_rev
7536.2044,0.71470,0.10282,0.18918,1,-0.0800,0.0000,-40,0,lin_deadzone_rev
7536.2211,0.72056,0.10126,0.18048,1,-0.0800,0.0000,-40,0,lin_deadzone_rev
7536.2378,0.72389,0.09962,0.18929,1,-0.0800,0.0000,-40,0,lin_deadzone_rev
7536.2544,0.73063,0.09880,-0.18008,1,-0.0800,0.0000,-40,0,lin_deadzone_rev
7536.2711,0.73794,0.09789,-0.18843,1,-0.1200,0.0000,-60,0,lin_deadzone_rev
7536.2877,0.75099,0.09736,-0.19522,1,-0.1200,0.0000,-60,0,lin_deadzone_rev
7536.3044,0.76857,0.09753,-0.16922,1,-0.1200,0.0000,-60,0,lin_deadzone_rev
7536.3211,0.75846,0.09329,-0.15576,1,-0.1200,0.0000,-60,0,lin_deadzone_rev
7536.3377,0.76671,0.09220,0.15579,1,-0.1200,0.0000,-60,0,lin_deadzone_rev
7536.3544,0.79959,0.09293,0.18643,1,-0.1200,0.0000,-60,0,lin_deadzone_rev
7536.3711,0.79734,0.09075,0.15976,1,-0.1200,0.0000,-60,0,lin_deadzone_rev
7536.3877,0.79422,0.08788,-0.12294,1,-0.1200,0.0000,-60,0,lin_deadzone_rev
7536.4044,0.80561,0.08723,0.15808,1,-0.1200,0.0000,-60,0,lin_deadzone_rev
7536.4211,0.81712,0.08635,0.17555,1,-0.1200,0.0000,-60,0,lin_deadzone_rev
7536.4377,0.82909,0.08531,0.17581,1,-0.1200,0.0000,-60,0,lin_deadzone_rev
7536.4544,0.83362,0.08360,-0.13271,1,-0.1200,0.0000,-60,0,lin_deadzone_rev
7536.4711,0.86711,0.08495,-0.18961,1,-0.1200,0.0000,-60,0,lin_deadzone_rev
7536.4877,0.85907,0.08178,-0.12647,1,-0.1200,0.0000,-60,0,lin_deadzone_rev
7536.5044,0.87768,0.08168,0.19984,1,-0.1200,0.0000,-60,0,lin_deadzone_rev
7536.5210,0.85227,0.07742,0.13502,1,-0.1600,0.0000,-80,0,lin_deadzone_rev
7536.5377,0.89896,0.07902,-0.14521,1,-0.1600,0.0000,-80,0,lin_deadzone_rev
7536.5544,0.89646,0.07817,0.13268,1,-0.1600,0.0000,-80,0,lin_deadzone_rev
7536.5710,0.92858,0.07684,-0.12298,1,-0.1600,0.0000,-80,0,lin_deadzone_rev
7536.5877,0.91992,0.07438,0.10838,1,-0.1600,0.0000,-80,0,lin_deadzone_rev
7536.6044,0.92319,0.07213,-0.06546,1,-0.1600,0.0000,-80,0,lin_deadzone_rev
7536.6210,0.93063,0.07063,0.10418,1,-0.1600,0.0000,-80,0,lin_deadzone_rev
7536.6377,0.98336,0.07232,-0.09362,1,-0.1600,0.0000,-80,0,lin_deadzone_rev
7536.6544,0.97471,0.07071,0.11245,1,-0.1600,0.0000,-80,0,lin_deadzone_rev
7536.6710,1.00110,0.07036,-0.09734,1,-0.1600,0.0000,-80,0,lin_deadzone_rev
7536.6877,1.00204,0.06890,-0.07719,1,-0.1600,0.0000,-80,0,lin_deadzone_rev
7536.7044,1.04591,0.06992,-0.12345,1,-0.1600,0.0000,-80,0,lin_deadzone_rev
7536.7210,1.03257,0.06804,0.13638,1,-0.2000,0.0000,-100,0,lin_deadzone_rev
7536.7377,1.03117,0.06514,0.13015,1,-0.2000,0.0000,-100,0,lin_deadzone_rev
7536.7543,1.05923,0.06499,0.12493,1,-0.2000,0.0000,-100,0,lin_deadzone_rev
7536.7710,1.07144,0.06290,-0.05899,1,-0.2000,0.0000,-100,0,lin_deadzone_rev
7536.7877,1.07740,0.06107,-0.04457,1,-0.2000,0.0000,-100,0,lin_deadzone_rev
7536.8043,1.08014,0.05959,0.11590,1,-0.2000,0.0000,-100,0,lin_deadzone_rev
7536.8210,1.10085,0.05953,-0.04222,1,-0.2000,0.0000,-100,0,lin_deadzone_rev
7536.8377,1.13907,0.05921,-0.08848,1,-0.2000,0.0000,-100,0,lin_deadzone_rev
7536.8543,1.14703,0.05707,-0.07555,1,-0.2000,0.0000,-100,0,lin_deadzone_rev
7536.8710,1.15496,0.05660,-0.06776,1,-0.2000,0.0000,-100,0,lin_deadzone_rev
7536.8877,1.21022,0.05863,0.11861,1,-0.2400,0.0000,-120,0,lin_deadzone_rev
7536.9043,1.20088,0.05714,0.09833,1,-0.2400,0.0000,-120,0,lin_deadzone_rev
7536.9210,1.20586,0.05514,-0.04337,1,-0.2400,0.0000,-120,0,lin_deadzone_rev
7536.9377,1.20125,0.05305,0.13056,1,-0.2400,0.0000,-120,0,lin_deadzone_rev
7536.9543,1.26224,0.05290,-0.07248,1,-0.2400,0.0000,-120,0,lin_deadzone_rev
7536.9710,1.27082,0.05204,-0.08425,1,-0.2400,0.0000,-120,0,lin_deadzone_rev
7536.9877,1.27004,0.05062,-0.02945,1,-0.2400,0.0000,-120,0,lin_deadzone_rev
7537.0043,,,,0,-0.2800,0.0000,-140,0,lin_deadzone_rev
7537.0210,1.33668,0.05156,0.13459,1,-0.2800,0.0000,-140,0,lin_deadzone_rev
7537.0376,1.26431,0.04599,-0.02053,1,-0.2800,0.0000,-140,0,lin_deadzone_rev
7537.0543,1.38683,0.04914,-0.07434,1,-0.2800,0.0000,-140,0,lin_deadzone_rev
7537.0710,1.39173,0.04900,0.13538,1,-0.2800,0.0000,-140,0,lin_deadzone_rev
7537.0876,,,,0,-0.2800,0.0000,-140,0,lin_deadzone_rev
7537.1043,1.42076,0.04545,-0.04799,1,-0.2800,0.0000,-140,0,lin_deadzone_rev
7537.1210,1.51720,0.04932,-0.07064,1,0.0000,0.0000,0,0,lin_deadzone_rev
7537.1376,1.49311,0.04718,-0.02289,1,0.0000,0.0000,0,0,lin_deadzone_rev
7537.1543,1.47583,0.04485,-0.02770,1,0.0000,0.0000,0,0,lin_deadzone_rev
7537.1710,1.52368,0.04555,-0.04780,1,0.0000,0.0000,0,0,lin_deadzone_rev
7537.1876,1.51750,0.04573,0.07709,1,0.0000,0.0000,0,0,lin_deadzone_rev
7537.2043,,,,0,0.0000,0.0000,0,0,lin_deadzone_rev
7537.2209,,,,0,0.0000,0.0000,0,0,lin_deadzone_rev
7537.2376,,,,0,0.0000,0.0000,0,0,lin_deadzone_rev
7537.2543,,,,0,0.0000,0.0000,0,0,lin_deadzone_rev
7537.2709,,,,0,0.0000,0.0000,0,0,lin_deadzone_rev
7537.2876,1.57833,0.04803,0.11510,1,0.0000,0.0000,0,0,lin_deadzone_rev
7537.3043,1.52135,0.04572,0.10046,1,0.0000,0.0000,0,0,lin_deadzone_rev
7537.3209,1.50348,0.04379,-0.04643,1,0.0000,0.0000,0,0,lin_deadzone_rev
7537.3376,1.50328,0.04424,-0.04602,1,0.0000,0.0000,0,0,lin_deadzone_rev
7537.3543,1.49377,0.04446,0.07184,1,0.0000,0.0000,0,0,lin_deadzone_rev
7537.3709,1.52503,0.04734,0.12339,1,0.0000,0.0000,0,0,lin_deadzone_rev
7537.3876,1.49489,0.04498,0.09101,1,0.0000,0.0000,0,0,lin_deadzone_rev
7537.4043,1.51801,0.04578,-0.02753,1,0.0000,0.0000,0,0,lin_deadzone_rev
7537.4209,1.51881,0.04531,0.01228,1,0.0000,0.0000,0,0,lin_deadzone_rev
7537.4376,1.47693,0.04448,0.08922,1,0.0000,0.0000,0,0,lin_deadzone_rev
7537.4543,1.49588,0.04525,-0.00522,1,0.0000,0.0000,0,0,lin_deadzone_rev
7537.4709,1.46969,0.04421,0.00024,1,0.0000,0.0000,0,0,lin_deadzone_rev
7537.4876,1.45641,0.04318,0.06439,1,0.0000,0.0000,0,0,lin_deadzone_rev
7537.5042,1.49904,0.04583,0.09740,1,0.0000,0.0000,0,0,lin_deadzone_rev
7537.5209,1.48093,0.04475,-0.00754,1,0.0000,0.0000,0,0,lin_deadzone_rev
7537.5376,1.54307,0.04792,0.09965,1,0.0000,0.0000,0,0,lin_deadzone_rev
7537.5542,1.47998,0.04479,0.10079,1,0.0000,0.0000,0,0,lin_deadzone_rev
7537.5709,1.43733,0.04236,0.06508,1,0.0000,0.0000,0,0,lin_deadzone_rev
7537.5876,1.49774,0.04580,0.10439,1,0.0000,0.0000,0,0,lin_deadzone_rev
7537.6042,1.48409,0.04494,-0.00081,1,0.0000,0.0000,0,0,lin_deadzone_rev
7537.6209,1.44980,0.04269,-0.00515,1,0.0000,0.0000,0,0,lin_deadzone_rev
7537.6376,1.47669,0.04451,0.07898,1,0.0000,0.0000,0,0,lin_deadzone_rev
7537.6542,1.49691,0.04452,-0.02262,1,0.0000,0.0000,0,0,lin_deadzone_rev
7537.6709,1.43752,0.04311,0.07798,1,0.0000,0.0000,0,0,lin_deadzone_rev
7537.6876,1.46812,0.04342,-0.01253,1,0.0000,0.0000,0,0,lin_deadzone_rev
7537.7042,1.53315,0.04623,-0.04022,1,0.0000,0.0000,0,0,lin_deadzone_rev
7537.7209,1.51423,0.04652,0.11025,1,0.0000,0.0000,0,0,lin_deadzone_rev
7537.7375,1.46718,0.04393,0.09445,1,0.0000,0.0000,0,0,lin_deadzone_rev
7537.7542,1.48389,0.04458,0.07559,1,0.0000,0.0000,0,0,lin_deadzone_rev
7537.7709,,,,0,0.0000,0.0000,0,0,lin_deadzone_rev
7537.7875,1.46082,0.04374,0.09801,1,0.0000,0.0000,0,0,lin_deadzone_rev
7537.8042,1.51455,0.04546,0.09522,1,0.0000,0.0000,0,0,lin_deadzone_rev
7537.8209,1.45765,0.04343,-0.00274,1,0.0000,0.0000,0,0,lin_deadzone_rev
7537.8375,1.47844,0.04416,-0.00170,1,0.0000,0.0000,0,0,lin_deadzone_rev
7537.8542,1.49131,0.04479,0.09195,1,0.0000,0.0000,0,0,lin_deadzone_rev
7537.8709,1.48368,0.04430,-0.03566,1,0.0000,0.0000,0,0,lin_deadzone_rev
7537.8875,,,,0,0.0000,0.0000,0,0,lin_deadzone_rev
7537.9042,1.48571,0.04481,-0.01059,1,0.0000,0.0000,0,0,lin_deadzone_rev
7537.9209,1.46514,0.04337,0.07892,1,0.0000,0.0000,0,0,lin_deadzone_rev
7537.9375,1.44364,0.04307,-0.02347,1,0.0000,0.0000,0,0,lin_deadzone_rev
7537.9542,1.48064,0.04437,-0.00060,1,0.0000,0.0000,0,0,lin_deadzone_rev
7537.9708,1.42000,0.04220,-0.01707,1,0.0000,0.0000,0,0,lin_deadzone_rev
7537.9875,1.46908,0.04428,0.11099,1,0.0000,0.0000,0,0,lin_deadzone_rev
7538.0042,1.46065,0.04391,0.03782,1,0.0000,0.0000,0,0,lin_deadzone_rev
7538.0208,1.44951,0.04300,-0.02797,1,0.0000,0.0000,0,0,lin_deadzone_rev
7538.0375,1.50892,0.04647,0.12601,1,0.0000,0.0000,0,0,lin_deadzone_rev
7538.0542,1.46352,0.04377,-0.01064,1,0.0000,0.0000,0,0,lin_deadzone_rev
7538.0708,1.45540,0.04288,-0.00123,1,0.0000,0.0000,0,0,lin_deadzone_rev
7538.0875,1.48566,0.04383,-0.02388,1,0.0000,0.0000,0,0,lin_deadzone_rev
7538.1042,1.45543,0.04339,0.11124,1,0.0000,0.0000,0,0,lin_deadzone_rev
7544.6701,1.41363,-0.05234,-0.42838,1,0.0000,0.0000,0,0,lin_deadzone_rev
7544.6867,1.43758,-0.05288,-0.45742,1,0.0000,0.0000,0,0,lin_deadzone_rev
7544.7034,1.44501,-0.05376,0.21693,1,0.0000,0.0000,0,0,lin_deadzone_rev
7544.7201,1.44445,-0.05309,-0.44698,1,0.0000,0.0000,0,0,lin_deadzone_rev
7544.7367,1.44021,-0.05318,-0.44532,1,0.0000,0.0000,0,0,lin_deadzone_rev
7544.7534,1.45445,-0.05337,-0.43992,1,0.0000,0.0000,0,0,lin_deadzone_rev
7544.7701,1.41827,-0.05382,-0.40402,1,0.0000,0.0000,0,0,lin_deadzone_rev
7544.7867,1.44007,-0.05289,-0.46556,1,0.0000,0.0000,0,0,lin_deadzone_rev
7544.8034,1.42456,-0.05216,0.18325,1,0.0000,0.0000,0,0,lin_deadzone_rev
7544.8201,1.44339,-0.05308,-0.44748,1,0.0000,0.0000,0,0,lin_deadzone_rev
7544.8367,1.42476,-0.05288,-0.46366,1,0.0000,0.0000,0,0,lin_deadzone_rev
7544.8534,1.42962,-0.05418,-0.40708,1,0.0000,0.0000,0,0,lin_deadzone_rev
7544.8701,1.45344,-0.05301,-0.46318,1,0.0000,0.0000,0,0,lin_deadzone_rev
7544.8867,1.43110,-0.05281,-0.45487,1,0.0000,0.0000,0,0,lin_deadzone_rev
7544.9034,1.43639,-0.05345,0.21606,1,0.0000,0.0000,0,0,lin_deadzone_rev
7544.9200,1.43136,-0.05267,-0.42886,1,0.0000,0.0000,0,0,lin_deadzone_rev
7544.9367,1.41504,-0.05245,-0.43637,1,0.0000,0.0000,0,0,lin_deadzone_rev
7544.9534,1.42689,-0.05299,-0.45608,1,0.0000,0.0000,0,0,lin_deadzone_rev
7544.9700,1.44380,-0.05228,-0.48596,1,0.0000,0.0000,0,0,lin_deadzone_rev
7544.9867,1.44756,-0.05318,-0.44978,1,0.1250,0.0000,62,0,slew
7545.0034,1.44065,-0.05308,-0.45810,1,0.1250,0.0000,62,0,slew
7545.0200,1.38354,-0.05152,-0.41473,1,0.1250,0.0000,62,0,slew
7545.0367,1.41238,-0.04808,-0.43388,1,0.1250,0.0000,62,0,slew
7545.0534,1.40511,-0.04424,-0.46086,1,0.2500,0.0000,125,0,slew
7545.0700,1.38737,-0.03926,-0.42002,1,0.2500,0.0000,125,0,slew
7545.0867,1.36939,-0.03510,0.27399,1,0.2500,0.0000,125,0,slew
7545.1034,1.35167,-0.02655,-0.43726,1,0.2500,0.0000,125,0,slew
7545.1200,1.33318,-0.01973,-0.44109,1,0.2500,0.0000,125,0,lin_step
7545.1367,1.30401,-0.01152,-0.40918,1,0.2500,0.0000,125,0,lin_step
7545.1533,1.28337,-0.00319,-0.43556,1,0.2500,0.0000,125,0,lin_step
7545.1700,1.27847,0.00550,0.23174,1,0.2500,0.0000,125,0,lin_step
7545.1867,1.23642,0.01403,-0.44285,1,0.2500,0.0000,125,0,lin_step
7545.2033,1.23049,0.02274,0.23272,1,0.2500,0.0000,125,0,lin_step
7545.2200,1.21495,0.03107,0.25939,1,0.2500,0.0000,125,0,lin_step
7545.2367,1.17517,0.03877,0.26538,1,0.2500,0.0000,125,0,lin_step
7545.2533,1.17151,0.04829,-0.45127,1,0.2500,0.0000,125,0,lin_step
7545.2700,1.12967,0.05590,-0.42343,1,0.2500,0.0000,125,0,lin_step
7545.2867,1.12323,0.06553,-0.42088,1,0.2500,0.0000,125,0,lin_step
7545.3033,1.08578,0.07233,0.33502,1,0.2500,0.0000,125,0,lin_step
7545.3200,1.07728,0.08206,-0.39301,1,0.2500,0.0000,125,0,lin_step
7545.3367,1.05274,0.09028,-0.47548,1,0.2500,0.0000,125,0,lin_step
7545.3533,1.03187,0.09860,-0.44340,1,0.2500,0.0000,125,0,lin_step
7545.3700,1.01831,0.10731,0.32872,1,0.2500,0.0000,125,0,lin_step
7545.3866,0.99663,0.11655,-0.47133,1,0.2500,0.0000,125,0,lin_step
7545.4033,0.97014,0.12331,0.38151,1,0.2500,0.0000,125,0,lin_step
7545.4200,0.93018,0.12945,0.37528,1,0.2500,0.0000,125,0,lin_step
7545.4366,0.93055,0.14125,-0.43828,1,0.2500,0.0000,125,0,lin_step
7545.4533,0.91501,0.15042,-0.45836,1,0.2500,0.0000,125,0,lin_step
7545.4700,0.87643,0.15631,-0.48063,1,0.2500,0.0000,125,0,lin_step
7545.4866,0.87379,0.16710,-0.41667,1,0.2500,0.0000,125,0,lin_step
7545.5033,0.86742,0.17850,-0.46555,1,0.2500,0.0000,125,0,lin_step
7545.5200,0.83153,0.18445,-0.48435,1,0.2500,0.0000,125,0,lin_step
7545.5366,0.79951,0.19134,-0.46707,1,0.2500,0.0000,125,0,lin_step
7545.5533,0.78822,0.20225,-0.45527,1,0.2500,0.0000,125,0,lin_step
7545.5700,0.74256,0.20557,-0.44675,1,0.2500,0.0000,125,0,lin_step
7545.5866,0.72820,0.21418,0.40152,1,0.2500,0.0000,125,0,lin_step
7545.6033,0.71647,0.22490,-0.45323,1,0.2500,0.0000,125,0,lin_step
7545.6200,0.68188,0.23024,-0.46526,1,0.2500,0.0000,125,0,lin_step
7545.6366,0.67409,0.24130,-0.43237,1,0.2500,0.0000,125,0,lin_step
7545.6533,0.64755,0.24817,-0.46491,1,0.2500,0.0000,125,0,lin_step
7545.6699,0.63949,0.25952,-0.43111,1,0.2500,0.0000,125,0,lin_step
7545.6866,0.60702,0.26454,-0.45396,1,0.2500,0.0000,125,0,lin_step
7545.7033,0.60139,0.27698,-0.42616,1,0.2500,0.0000,125,0,lin_step
7545.7199,0.56893,0.28141,-0.43681,1,0.2500,0.0000,125,0,lin_step
7545.7366,0.55352,0.29086,-0.46103,1,0.2500,0.0000,125,0,lin_step
7545.7533,0.54310,0.30214,-0.46853,1,0.2500,0.0000,125,0,lin_step
7545.7699,0.49806,0.30216,-0.49680,1,0.2500,0.0000,125,0,lin_step
7545.7866,0.49472,0.31652,-0.50162,1,0.2500,0.0000,125,0,lin_step
7545.8033,0.47242,0.32470,-0.48630,1,0.2500,0.0000,125,0,lin_step
7545.8199,0.45150,0.33300,-0.51111,1,0.2500,0.0000,125,0,lin_step
7545.8366,0.41978,0.33602,-0.50704,1,0.2500,0.0000,125,0,lin_step
7545.8533,0.42177,0.35503,-0.50619,1,0.2500,0.0000,125,0,lin_step
7545.8699,0.39638,0.36094,-0.51823,1,0.2500,0.0000,125,0,lin_step
7545.8866,0.37462,0.36968,-0.50211,1,0.2500,0.0000,125,0,lin_step
7545.9032,0.36316,0.38287,-0.50611,1,0.2500,0.0000,125,0,lin_step
7545.9199,0.34834,0.39506,-0.52233,1,0.2500,0.0000,125,0,lin_step
7545.9366,0.33494,0.40885,-0.51545,1,0.0000,0.0000,0,0,lin_step
7545.9532,0.30443,0.41130,-0.52970,1,0.0000,0.0000,0,0,lin_step
7545.9699,0.28384,0.41775,-0.52406,1,0.0000,0.0000,0,0,lin_step
7545.9866,0.28328,0.43399,-0.45936,1,0.0000,0.0000,0,0,lin_step
7546.0032,0.26046,0.43265,-0.41859,1,0.0000,0.0000,0,0,lin_step
7546.0199,0.25457,0.43851,-0.38649,1,0.0000,0.0000,0,0,lin_step
7546.0366,0.24643,0.44060,-0.37190,1,0.0000,0.0000,0,0,lin_step
7546.0532,0.23889,0.43860,-0.35975,1,0.0000,0.0000,0,0,lin_step
7546.0699,0.24284,0.44277,-0.34939,1,0.0000,0.0000,0,0,lin_step
7546.0866,0.24059,0.44079,-0.33787,1,0.0000,0.0000,0,0,lin_step
7546.1032,0.25918,0.45377,-0.33389,1,0.0000,0.0000,0,0,lin_step
7546.1199,0.25071,0.44722,-0.35851,1,0.0000,0.0000,0,0,lin_step
7546.1365,0.23485,0.43603,-0.36528,1,0.0000,0.0000,0,0,lin_step
7546.1532,0.24500,0.44350,-0.34948,1,0.0000,0.0000,0,0,lin_step
7546.1699,0.24846,0.44611,-0.32748,1,0.0000,0.0000,0,0,lin_step
7546.1865,0.24980,0.44725,-0.32999,1,0.0000,0.0000,0,0,lin_step
7546.2032,0.24935,0.44642,-0.32388,1,0.0000,0.0000,0,0,lin_step
7546.2199,0.24588,0.44402,-0.35339,1,0.0000,0.0000,0,0,lin_step
7546.2365,0.24447,0.44377,-0.33742,1,0.0000,0.0000,0,0,lin_step
7546.2532,0.24613,0.44472,-0.33992,1,0.0000,0.0000,0,0,lin_step
7546.2699,0.24865,0.44639,-0.32730,1,0.0000,0.0000,0,0,lin_step
7546.2865,0.24636,0.44422,-0.33147,1,0.0000,0.0000,0,0,lin_step
7546.3032,0.25197,0.44835,-0.31756,1,0.0000,0.0000,0,0,lin_step
7546.3199,0.24907,0.44675,-0.33528,1,0.0000,0.0000,0,0,lin_step
7546.3365,0.24046,0.44088,-0.35355,1,0.0000,0.0000,0,0,lin_step
7546.3532,0.24232,0.44143,-0.35749,1,0.0000,0.0000,0,0,lin_step
7546.3698,0.24005,0.43976,-0.35831,1,0.0000,0.0000,0,0,lin_step
7546.3865,0.25029,0.44675,0.43396,1,0.0000,0.0000,0,0,lin_step
7546.4032,0.24594,0.44471,-0.33627,1,0.0000,0.0000,0,0,lin_step
7546.4198,0.24308,0.44121,0.45639,1,0.0000,0.0000,0,0,lin_step
7546.4365,0.24878,0.44594,-0.32896,1,0.0000,0.0000,0,0,lin_step
7546.4532,0.25971,0.45362,-0.31351,1,0.0000,0.0000,0,0,lin_step
7546.4698,0.25178,0.44893,-0.32818,1,0.0000,0.0000,0,0,lin_step
7546.4865,0.24941,0.44659,-0.31413,1,0.0000,0.0000,0,0,lin_step
7546.5032,0.24724,0.44530,-0.32023,1,0.0000,0.0000,0,0,lin_step
7546.5198,0.25024,0.44789,-0.31732,1,0.0000,0.0000,0,0,lin_step
7546.5365,0.24153,0.44090,-0.34658,1,0.0000,0.0000,0,0,lin_step
7546.5532,0.24484,0.44386,-0.33658,1,0.0000,0.0000,0,0,lin_step
7546.5698,0.24566,0.44426,-0.34535,1,0.0000,0.0000,0,0,lin_step
7546.5865,0.24771,0.44558,-0.33681,1,0.0000,0.0000,0,0,lin_step
7546.6031,0.24789,0.44544,-0.34712,1,0.0000,0.0000,0,0,lin_step
7546.6198,0.24324,0.44229,-0.34579,1,0.0000,0.0000,0,0,lin_step
7546.6365,0.25286,0.44940,-0.33838,1,0.0000,0.0000,0,0,lin_step
7546.6531,0.24340,0.44270,-0.34658,1,0.0000,0.0000,0,0,lin_step
7546.6698,0.24438,0.44275,0.43358,1,0.0000,0.0000,0,0,lin_step
7546.6865,0.24928,0.44640,0.44055,1,0.0000,0.0000,0,0,lin_step
7546.7031,0.25477,0.45040,-0.31147,1,0.0000,0.0000,0,0,lin_step
7546.7198,0.25157,0.44828,-0.32016,1,0.0000,0.0000,0,0,lin_step
7546.7365,0.24386,0.44286,-0.35361,1,0.0000,0.0000,0,0,lin_step
7546.7531,0.24982,0.44799,-0.34041,1,0.0000,0.0000,0,0,lin_step
7546.7698,0.23950,0.43992,-0.33386,1,0.0000,0.0000,0,0,lin_step
7546.7865,0.24539,0.44362,-0.34039,1,0.0000,0.0000,0,0,lin_step
7546.8031,0.24495,0.44316,-0.33912,1,0.0000,0.0000,0,0,lin_step
7546.8198,0.25490,0.45056,-0.31119,1,0.0000,0.0000,0,0,lin_step
7546.8364,0.25108,0.44775,-0.34863,1,0.0000,0.0000,0,0,lin_step
7546.8531,0.26128,0.45453,-0.33037,1,0.0000,0.0000,0,0,lin_step
7546.8698,0.24756,0.44616,-0.32681,1,0.0000,0.0000,0,0,lin_step
7546.8864,0.24593,0.44419,-0.34621,1,0.0000,0.0000,0,0,lin_step
7546.9031,0.24490,0.44315,-0.33246,1,0.0000,0.0000,0,0,lin_step
7546.9198,0.24686,0.44404,0.44094,1,0.0000,0.0000,0,0,lin_step
7546.9364,0.24966,0.44719,-0.33145,1,0.0000,0.0000,0,0,lin_step
7546.9531,0.24642,0.44493,-0.34788,1,0.0000,0.0000,0,0,lin_step
7546.9698,0.25558,0.45172,-0.32693,1,0.0000,0.0000,0,0,lin_step
7546.9864,0.24569,0.44423,-0.34850,1,0.0000,0.0000,0,0,lin_step
7547.0031,0.25493,0.45059,-0.32454,1,0.0000,0.0000,0,0,lin_step
7547.0198,0.25011,0.44720,-0.32122,1,0.0000,0.0000,0,0,lin_step
7547.0364,0.25325,0.44955,-0.31655,1,0.0000,0.0000,0,0,lin_step
7547.0531,0.24133,0.44062,0.48286,1,0.0000,0.0000,0,0,lin_step
7547.0697,0.25410,0.45057,-0.32086,1,0.0000,0.0000,0,0,lin_step
7547.0864,0.25523,0.45085,-0.31492,1,0.0000,0.0000,0,0,lin_step
7547.1031,0.24007,0.44070,-0.35089,1,0.0000,0.0000,0,0,lin_step
7547.1197,0.24857,0.44656,-0.32940,1,0.0000,0.0000,0,0,lin_step
7547.1364,0.24785,0.44606,-0.33418,1,0.0000,0.0000,0,0,lin_step
7547.1531,0.24621,0.44429,-0.33381,1,-0.1250,0.0000,-62,0,slew
7547.1697,0.25098,0.44631,-0.33117,1,-0.1250,0.0000,-62,0,slew
7547.1864,0.26364,0.45274,-0.31877,1,-0.1250,0.0000,-62,0,slew
7547.2031,0.25569,0.44155,-0.35918,1,-0.1250,0.0000,-62,0,slew
7547.2197,0.26359,0.44028,-0.35245,1,-0.2500,0.0000,-125,0,slew
7547.2364,0.27921,0.44201,-0.34442,1,-0.2500,0.0000,-125,0,slew
7547.2531,0.30531,0.44929,-0.31662,1,-0.2500,0.0000,-125,0,slew
7547.2697,0.31297,0.44163,-0.31944,1,-0.2500,0.0000,-125,0,lin_step
7547.2864,0.32365,0.43479,-0.32592,1,-0.2500,0.0000,-125,0,lin_step
7547.3030,0.32061,0.41944,-0.35077,1,-0.2500,0.0000,-125,0,lin_step
7547.3197,0.33937,0.41590,-0.31641,1,-0.2500,0.0000,-125,0,lin_step
7547.3364,0.35719,0.41057,-0.31229,1,-0.2500,0.0000,-125,0,lin_step
7547.3530,0.37521,0.40621,-0.26749,1,-0.2500,0.0000,-125,0,lin_step
7547.3697,0.41685,0.41416,-0.22019,1,-0.2500,0.0000,-125,0,lin_step
7547.3864,0.40694,0.39592,-0.22856,1,-0.2500,0.0000,-125,0,lin_step
7547.4029,0.43247,0.39564,-0.22624,1,-0.2500,0.0000,-125,0,lin_step
7547.4196,0.44302,0.38661,-0.25909,1,-0.2500,0.0000,-125,0,lin_step
7547.4362,0.47323,0.38911,-0.20004,1,-0.2500,0.0000,-125,0,lin_step
7547.4529,0.48918,0.38346,-0.19634,1,-0.2500,0.0000,-125,0,lin_step
7547.4696,0.48863,0.37115,-0.23466,1,-0.2500,0.0000,-125,0,lin_step
7547.4862,0.52179,0.37394,0.46739,1,-0.2500,0.0000,-125,0,lin_step
7547.5029,0.54173,0.37124,-0.17082,1,-0.2500,0.0000,-125,0,lin_step
7547.5196,0.55732,0.36696,-0.20543,1,-0.2500,0.0000,-125,0,lin_step
7547.5362,0.57746,0.36382,-0.18837,1,-0.2500,0.0000,-125,0,lin_step
7547.5529,0.58718,0.35783,-0.14947,1,-0.2500,0.0000,-125,0,lin_step
7547.5696,0.60787,0.35526,0.44350,1,-0.2500,0.0000,-125,0,lin_step
7547.5862,0.63502,0.35562,-0.13936,1,-0.2500,0.0000,-125,0,lin_step
7547.6029,0.65129,0.35189,0.45202,1,-0.2500,0.0000,-125,0,lin_step
7547.6195,0.66590,0.34738,0.41879,1,-0.2500,0.0000,-125,0,lin_step
7547.6362,0.68354,0.34539,0.48785,1,-0.2500,0.0000,-125,0,lin_step
7547.6529,0.69683,0.34126,0.39778,1,-0.2500,0.0000,-125,0,lin_step
7547.6695,0.71533,0.33907,-0.10693,1,-0.2500,0.0000,-125,0,lin_step
7547.6862,0.75116,0.34295,-0.10011,1,-0.2500,0.0000,-125,0,lin_step
7547.7029,0.75005,0.33518,-0.08463,1,-0.2500,0.0000,-125,0,lin_step
7547.7195,0.78501,0.33771,0.39987,1,-0.2500,0.0000,-125,0,lin_step
7547.7362,0.80908,0.33833,0.42336,1,-0.2500,0.0000,-125,0,lin_step
7547.7529,0.82853,0.33620,0.42404,1,-0.2500,0.0000,-125,0,lin_step
7547.7695,0.86052,0.33907,0.42217,1,-0.2500,0.0000,-125,0,lin_step
7547.7862,0.86980,0.33442,-0.06833,1,-0.2500,0.0000,-125,0,lin_step
7547.8029,0.87896,0.33174,-0.05028,1,-0.2500,0.0000,-125,0,lin_step
7547.8195,0.91906,0.33727,-0.03111,1,-0.2500,0.0000,-125,0,lin_step
7547.8362,0.93001,0.33464,-0.02805,1,-0.2500,0.0000,-125,0,lin_step
7547.8528,0.95301,0.33550,0.37330,1,-0.2500,0.0000,-125,0,lin_step
7547.8695,0.94168,0.32762,0.33470,1,-0.2500,0.0000,-125,0,lin_step
7547.8862,0.98135,0.33338,0.31747,1,-0.2500,0.0000,-125,0,lin_step
7547.9028,0.99978,0.33336,0.30959,1,-0.2500,0.0000,-125,0,lin_step
7547.9195,1.03744,0.33800,0.37594,1,-0.2500,0.0000,-125,0,lin_step
7547.9362,1.05765,0.34004,0.00689,1,-0.2500,0.0000,-125,0,lin_step
7547.9528,1.04903,0.33240,0.05732,1,-0.2500,0.0000,-125,0,lin_step
7547.9695,1.09033,0.33912,0.05403,1,-0.2500,0.0000,-125,0,lin_step
7547.9862,1.06759,0.33015,0.09694,1,-0.2500,0.0000,-125,0,lin_step
7548.0028,1.05786,0.32474,0.11674,1,-0.2500,0.0000,-125,0,lin_step
7548.0195,1.12584,0.33755,0.31694,1,-0.2500,0.0000,-125,0,lin_step
7548.0362,1.12551,0.33612,0.10398,1,-0.2500,0.0000,-125,0,lin_step
7548.0528,1.13512,0.33508,0.13491,1,-0.2500,0.0000,-125,0,lin_step
7548.0695,1.19178,0.34512,0.23405,1,-0.2500,0.0000,-125,0,lin_step
7548.0861,1.16702,0.33726,0.14218,1,-0.2500,0.0000,-125,0,lin_step
7548.1028,1.22062,0.34800,0.27351,1,0.0000,0.0000,0,0,lin_step
7548.1195,1.17710,0.33564,0.26476,1,0.0000,0.0000,0,0,lin_step
7548.1361,,,,0,0.0000,0.0000,0,0,lin_step
7548.1528,1.30148,0.36200,0.12702,1,0.0000,0.0000,0,0,lin_step
7548.1695,1.27153,0.35570,0.10277,1,0.0000,0.0000,0,0,lin_step
7548.1861,1.23995,0.34863,0.27179,1,0.0000,0.0000,0,0,lin_step
7548.2028,1.24778,0.34965,0.13248,1,0.0000,0.0000,0,0,lin_step
7548.2195,1.26270,0.35280,0.25888,1,0.0000,0.0000,0,0,lin_step
7548.2361,1.28001,0.35682,0.09418,1,0.0000,0.0000,0,0,lin_step
7548.2528,1.28044,0.35853,0.28076,1,0.0000,0.0000,0,0,lin_step
7548.2695,1.27537,0.35846,0.30625,1,0.0000,0.0000,0,0,lin_step
7548.2861,1.35031,0.37605,0.07092,1,0.0000,0.0000,0,0,lin_step
7548.3028,1.23797,0.34911,0.15772,1,0.0000,0.0000,0,0,lin_step
7548.3194,1.24157,0.34872,0.10594,1,0.0000,0.0000,0,0,lin_step
7548.3361,1.27055,0.35708,0.28133,1,0.0000,0.0000,0,0,lin_step
7548.3528,1.23766,0.34852,0.09169,1,0.0000,0.0000,0,0,lin_step
7548.3694,1.26587,0.35534,0.08450,1,0.0000,0.0000,0,0,lin_step
7548.3861,1.26037,0.35366,0.07861,1,0.0000,0.0000,0,0,lin_step
7548.4028,1.24904,0.35041,0.08919,1,0.0000,0.0000,0,0,lin_step
7548.4194,1.24495,0.35131,0.12239,1,0.0000,0.0000,0,0,lin_step
7548.4361,1.25689,0.35339,0.08407,1,0.0000,0.0000,0,0,lin_step
7548.4528,1.30183,0.36290,0.09329,1,0.0000,0.0000,0,0,lin_step
7548.4694,1.21984,0.34546,0.12333,1,0.0000,0.0000,0,0,lin_step
7548.4861,1.26913,0.35569,0.06920,1,0.0000,0.0000,0,0,lin_step
7548.5028,1.21987,0.34419,0.09867,1,0.0000,0.0000,0,0,lin_step
7548.5194,1.26386,0.35509,0.15222,1,0.0000,0.0000,0,0,lin_step
7548.5361,1.22575,0.34497,0.08639,1,0.0000,0.0000,0,0,lin_step
7548.5527,1.26554,0.35491,0.25748,1,0.0000,0.0000,0,0,lin_step
7548.5694,1.25210,0.35099,0.10132,1,0.0000,0.0000,0,0,lin_step
7548.5861,1.27870,0.35809,0.16194,1,0.0000,0.0000,0,0,lin_step
7548.6027,1.24337,0.34951,0.09185,1,0.0000,0.0000,0,0,lin_step
7548.6194,1.27568,0.35708,0.08419,1,0.0000,0.0000,0,0,lin_step
7548.6361,1.28811,0.36053,0.06827,1,0.0000,0.0000,0,0,lin_step
7548.6527,1.23927,0.34832,0.11679,1,0.0000,0.0000,0,0,lin_step
7548.6694,1.25744,0.35366,0.14070,1,0.0000,0.0000,0,0,lin_step
7548.6861,1.23410,0.34734,0.11519,1,0.0000,0.0000,0,0,lin_step
7548.7027,1.22505,0.34543,0.11022,1,0.0000,0.0000,0,0,lin_step
7548.7194,1.22489,0.34482,0.09783,1,0.0000,0.0000,0,0,lin_step
7548.7361,1.27994,0.35891,0.08456,1,0.0000,0.0000,0,0,lin_step
7548.7527,1.26303,0.35501,0.25794,1,0.0000,0.0000,0,0,lin_step
7548.7694,1.22500,0.34663,0.13633,1,0.0000,0.0000,0,0,lin_step
7548.7860,1.24785,0.35077,0.09972,1,0.0000,0.0000,0,0,lin_step
7548.8027,1.24445,0.35133,0.14068,1,0.0000,0.0000,0,0,lin_step
7548.8194,1.30840,0.36409,0.13056,1,0.0000,0.0000,0,0,lin_step
7548.8360,1.23315,0.34681,0.09594,1,0.0000,0.0000,0,0,lin_step
7548.8527,1.29685,0.36188,0.10903,1,0.0000,0.0000,0,0,lin_step
7548.8694,1.24191,0.35101,0.12534,1,0.0000,0.0000,0,0,lin_step
7548.8860,1.24776,0.35018,0.10109,1,0.0000,0.0000,0,0,lin_step
7548.9027,1.30559,0.36411,0.11813,1,0.0000,0.0000,0,0,lin_step
7548.9194,1.27839,0.35808,0.06211,1,0.0000,0.0000,0,0,lin_step
7548.9360,1.25876,0.35388,0.14995,1,0.0000,0.0000,0,0,lin_step
7548.9527,1.25652,0.35303,0.13748,1,0.0000,0.0000,0,0,lin_step
7548.9694,1.24492,0.35013,0.09615,1,0.0000,0.0000,0,0,lin_step
7548.9860,1.21871,0.34514,0.13814,1,0.0000,0.0000,0,0,lin_step
7549.0027,1.29533,0.36148,0.13165,1,0.0000,0.0000,0,0,lin_step
7549.0193,1.24562,0.34974,0.09027,1,0.0000,0.0000,0,0,lin_step
7549.0360,1.27573,0.35763,0.32070,1,0.0000,0.0000,0,0,lin_step
7549.0527,1.27682,0.35796,0.27843,1,0.0000,0.0000,0,0,lin_step
7549.0693,1.31949,0.36663,0.10422,1,0.0000,0.0000,0,0,lin_step
7549.0860,1.27789,0.35763,0.11761,1,0.0000,0.0000,0,0,lin_step
7549.1027,1.27065,0.35729,0.29811,1,0.0000,0.0000,0,0,lin_step
7549.1193,1.25809,0.35264,0.10190,1,0.0000,0.0000,0,0,lin_step
7549.1360,1.23769,0.34802,0.10117,1,0.0000,0.0000,0,0,lin_step
7549.1527,1.21339,0.34249,0.09835,1,0.0000,0.0000,0,0,lin_step
7549.1693,1.21087,0.34339,0.13566,1,0.0000,0.0000,0,0,lin_step
7549.1860,1.26650,0.35477,0.08536,1,0.0000,0.0000,0,0,lin_step
7549.2027,1.26488,0.35558,0.31182,1,0.0000,0.0000,0,0,lin_step
7549.2193,1.25547,0.35328,0.15262,1,0.0000,0.0000,0,0,lin_step
7549.2360,1.24948,0.35145,0.08617,1,0.0000,0.0000,0,0,lin_step
7549.2526,1.31853,0.36651,0.12184,1,0.0000,0.0000,0,0,lin_step
7549.2693,1.25112,0.35138,0.08757,1,0.0000,0.0000,0,0,lin_step
7549.2860,1.24503,0.34994,0.09095,1,0.0000,0.0000,0,0,lin_step
7549.3026,1.24792,0.35160,0.12884,1,0.0000,0.0000,0,0,lin_step
7549.3193,1.22216,0.34468,0.08989,1,0.1000,0.0000,50,0,slew
7549.3360,1.29245,0.36092,0.08287,1,0.1000,0.0000,50,0,slew
7549.3526,1.23625,0.34876,0.08354,1,0.1000,0.0000,50,0,slew
7549.3693,1.26427,0.35862,0.27188,1,0.1000,0.0000,50,0,slew
7549.3860,1.31010,0.36942,0.42643,1,0.2000,0.0000,100,0,slew
7549.4026,1.19798,0.34663,0.07667,1,0.2000,0.0000,100,0,slew
7549.4193,1.22350,0.35470,0.32581,1,0.2000,0.0000,100,0,slew
7549.4360,1.18397,0.34748,0.31378,1,0.3000,0.0000,150,0,slew
7549.4526,1.19973,0.35655,0.37241,1,0.3000,0.0000,150,0,slew
7549.4693,1.16612,0.35130,-0.00507,1,0.3000,0.0000,150,0,slew
7549.4859,1.11888,0.34540,0.03966,1,0.3000,0.0000,150,0,slew
7549.5026,1.11521,0.34994,0.38925,1,0.4000,0.0000,200,0,slew
7549.5193,1.08471,0.34770,0.35887,1,0.4000,0.0000,200,0,slew
7549.5359,1.04635,0.34505,0.33908,1,0.4000,0.0000,200,0,slew
7549.5526,1.05895,0.35606,-0.08569,1,0.4000,0.0000,200,0,slew
7549.5693,1.00838,0.34988,-0.03006,1,0.5000,0.0000,250,0,slew
7549.5859,0.95849,0.34548,-0.05145,1,0.5000,0.0000,250,0,slew
7549.6026,0.93020,0.34712,-0.09212,1,0.5000,0.0000,250,0,slew
7549.6193,0.87544,0.34193,-0.02619,1,0.5000,0.0000,250,0,slew
7549.6359,0.81492,0.33697,-0.02532,1,0.5000,0.0000,250,0,lin_step
7549.6526,0.77718,0.33807,0.37503,1,0.5000,0.0000,250,0,lin_step
7549.6693,0.73043,0.33690,-0.05477,1,0.5000,0.0000,250,0,lin_step
7549.6859,0.68493,0.33605,-0.03608,1,0.5000,0.0000,250,0,lin_step
7549.7026,0.65798,0.34287,-0.06829,1,0.5000,0.0000,250,0,lin_step
7549.7192,0.59801,0.33839,-0.06802,1,0.5000,0.0000,250,0,lin_step
7549.7359,0.57273,0.34631,0.43587,1,0.5000,0.0000,250,0,lin_step
7549.7526,0.50806,0.33981,-0.11943,1,0.5000,0.0000,250,0,lin_step
7549.7692,0.48114,0.34911,-0.10879,1,0.5000,0.0000,250,0,lin_step
7549.7859,0.43200,0.34807,-0.13030,1,0.5000,0.0000,250,0,lin_step
7549.8026,0.39998,0.35632,0.38861,1,0.5000,0.0000,250,0,lin_step
7549.8192,0.34790,0.35553,-0.14021,1,0.5000,0.0000,250,0,lin_step
7549.8359,0.31226,0.36118,0.40272,1,0.5000,0.0000,250,0,lin_step
7549.8526,0.26678,0.36452,-0.15704,1,0.5000,0.0000,250,0,lin_step
7549.8692,0.22081,0.36710,-0.17573,1,0.5000,0.0000,250,0,lin_step
7549.8859,0.18105,0.37298,0.33864,1,0.5000,0.0000,250,0,lin_step
7549.9026,0.15538,0.39235,-0.16496,1,0.5000,0.0000,250,0,lin_step
7549.9192,0.09148,0.38238,-0.19741,1,0.5000,0.0000,250,0,lin_step
7549.9359,0.04438,0.38247,-0.19163,1,0.5000,0.0000,250,0,lin_step
7549.9525,-0.00612,0.38101,-0.20255,1,0.5000,0.0000,250,0,lin_step
7549.9692,,,,0,0.5000,0.0000,250,0,lin_step
7549.9859,,,,0,0.5000,0.0000,250,0,lin_step
7550.0025,,,,0,0.5000,0.0000,250,0,lin_step
7550.0192,,,,0,0.5000,0.0000,250,0,lin_step
7550.0359,,,,0,0.5000,0.0000,250,0,lin_step
7550.0525,,,,0,0.0000,0.0000,0,0,lin_step
7550.0692,,,,0,0.0000,0.0000,0,0,lin_step
7550.0859,,,,0,0.0000,0.0000,0,0,lin_step
7550.1025,,,,0,0.0000,0.0000,0,0,lin_step
7550.1192,,,,0,0.0000,0.0000,0,0,lin_step
7550.1359,,,,0,0.0000,0.0000,0,0,lin_step
7550.1525,,,,0,0.0000,0.0000,0,0,lin_step
7550.1692,,,,0,0.0000,0.0000,0,0,lin_step
7550.1858,,,,0,0.0000,0.0000,0,0,lin_step
7550.2025,,,,0,0.0000,0.0000,0,0,lin_step
7550.2192,,,,0,0.0000,0.0000,0,0,lin_step
7550.2358,,,,0,0.0000,0.0000,0,0,lin_step
7550.2525,,,,0,0.0000,0.0000,0,0,lin_step
7550.2692,,,,0,0.0000,0.0000,0,0,lin_step
7550.2858,,,,0,0.0000,0.0000,0,0,lin_step
7550.3025,,,,0,0.0000,0.0000,0,0,lin_step
7550.3192,,,,0,0.0000,0.0000,0,0,lin_step
7550.3358,,,,0,0.0000,0.0000,0,0,lin_step
7550.3525,,,,0,0.0000,0.0000,0,0,lin_step
7550.3692,,,,0,0.0000,0.0000,0,0,lin_step
7550.3858,,,,0,0.0000,0.0000,0,0,lin_step
7550.4025,,,,0,0.0000,0.0000,0,0,lin_step
7550.4191,,,,0,0.0000,0.0000,0,0,lin_step
7550.4358,,,,0,0.0000,0.0000,0,0,lin_step
7550.4525,,,,0,0.0000,0.0000,0,0,lin_step
7550.4691,,,,0,0.0000,0.0000,0,0,lin_step
7550.4858,,,,0,0.0000,0.0000,0,0,lin_step
7550.5025,,,,0,0.0000,0.0000,0,0,lin_step
7550.5191,,,,0,0.0000,0.0000,0,0,lin_step
7550.5358,,,,0,0.0000,0.0000,0,0,lin_step
7550.5525,,,,0,0.0000,0.0000,0,0,lin_step
7550.5691,,,,0,0.0000,0.0000,0,0,lin_step
7550.5858,,,,0,0.0000,0.0000,0,0,lin_step
7550.6025,,,,0,0.0000,0.0000,0,0,lin_step
7550.6191,,,,0,0.0000,0.0000,0,0,lin_step
7550.6358,,,,0,0.0000,0.0000,0,0,lin_step
7550.6525,,,,0,0.0000,0.0000,0,0,lin_step
7550.6691,,,,0,0.0000,0.0000,0,0,lin_step
7550.6858,,,,0,0.0000,0.0000,0,0,lin_step
7550.7024,,,,0,0.0000,0.0000,0,0,lin_step
7550.7191,,,,0,0.0000,0.0000,0,0,lin_step
7550.7358,,,,0,0.0000,0.0000,0,0,lin_step
7550.7524,,,,0,0.0000,0.0000,0,0,lin_step
7550.7691,,,,0,0.0000,0.0000,0,0,lin_step
7550.7858,,,,0,0.0000,0.0000,0,0,lin_step
7550.8024,,,,0,0.0000,0.0000,0,0,lin_step
7550.8191,,,,0,0.0000,0.0000,0,0,lin_step
7550.8358,,,,0,0.0000,0.0000,0,0,lin_step
7550.8524,,,,0,0.0000,0.0000,0,0,lin_step
7550.8691,,,,0,0.0000,0.0000,0,0,lin_step
7550.8858,,,,0,0.0000,0.0000,0,0,lin_step
7550.9024,,,,0,0.0000,0.0000,0,0,lin_step
7550.9191,,,,0,0.0000,0.0000,0,0,lin_step
7550.9357,,,,0,0.0000,0.0000,0,0,lin_step
7550.9524,,,,0,0.0000,0.0000,0,0,lin_step
7550.9691,,,,0,0.0000,0.0000,0,0,lin_step
7550.9857,,,,0,0.0000,0.0000,0,0,lin_step
7551.0024,,,,0,0.0000,0.0000,0,0,lin_step
7551.0191,,,,0,0.0000,0.0000,0,0,lin_step
7551.0357,,,,0,0.0000,0.0000,0,0,lin_step
7551.0524,,,,0,0.0000,0.0000,0,0,lin_step
7551.0691,,,,0,0.0000,0.0000,0,0,lin_step
7551.0857,,,,0,0.0000,0.0000,0,0,lin_step
7551.1024,,,,0,0.0000,0.0000,0,0,lin_step
7551.1191,,,,0,0.0000,0.0000,0,0,lin_step
7551.1357,,,,0,0.0000,0.0000,0,0,lin_step
7551.1524,,,,0,0.0000,0.0000,0,0,lin_step
7551.1690,,,,0,0.0000,0.0000,0,0,lin_step
7551.1857,,,,0,0.0000,0.0000,0,0,lin_step
7551.2024,,,,0,0.0000,0.0000,0,0,lin_step
7551.2190,,,,0,0.0000,0.0000,0,0,lin_step
7551.2357,,,,0,0.0000,0.0000,0,0,lin_step
7551.2524,,,,0,-0.1000,0.0000,-50,0,slew
7551.2690,,,,0,-0.1000,0.0000,-50,0,slew
7551.2857,,,,0,-0.1000,0.0000,-50,0,slew
7551.3024,,,,0,-0.1000,0.0000,-50,0,slew
7551.3190,,,,0,-0.2000,0.0000,-100,0,slew
7551.3357,,,,0,-0.2000,0.0000,-100,0,slew
7551.3524,,,,0,-0.2000,0.0000,-100,0,slew
7551.3690,,,,0,-0.3000,0.0000,-150,0,slew
7551.3857,,,,0,-0.3000,0.0000,-150,0,slew
7551.4023,,,,0,-0.3000,0.0000,-150,0,slew
7551.4190,,,,0,-0.3000,0.0000,-150,0,slew
7551.4357,,,,0,-0.4000,0.0000,-200,0,slew
7551.4523,,,,0,-0.4000,0.0000,-200,0,slew
7551.4690,,,,0,-0.4000,0.0000,-200,0,slew
7551.4857,,,,0,-0.4000,0.0000,-200,0,slew
7551.5023,,,,0,-0.5000,0.0000,-250,0,slew
7551.5190,,,,0,-0.5000,0.0000,-250,0,slew
7551.5357,,,,0,-0.5000,0.0000,-250,0,slew
7551.5523,,,,0,-0.5000,0.0000,-250,0,slew
7551.5690,,,,0,-0.5000,0.0000,-250,0,lin_step
7551.5857,,,,0,-0.5000,0.0000,-250,0,lin_step
7551.6023,,,,0,-0.5000,0.0000,-250,0,lin_step
7551.6190,,,,0,-0.5000,0.0000,-250,0,lin_step
7551.6356,0.02397,0.53930,0.45817,1,-0.5000,0.0000,-250,0,lin_step
7551.6523,0.05774,0.54020,0.41958,1,-0.5000,0.0000,-250,0,lin_step
7551.6690,0.08795,0.53725,0.23800,1,-0.5000,0.0000,-250,0,lin_step
7551.6856,0.11618,0.53222,0.24726,1,-0.5000,0.0000,-250,0,lin_step
7551.7023,0.15965,0.54457,0.49643,1,-0.5000,0.0000,-250,0,lin_step
7551.7190,0.19140,0.54555,0.57020,1,-0.5000,0.0000,-250,0,lin_step
7551.7356,0.21860,0.54377,0.60690,1,-0.5000,0.0000,-250,0,lin_step
7551.7523,0.25562,0.55200,0.31011,1,-0.5000,0.0000,-250,0,lin_step
7551.7690,0.28987,0.55844,0.30487,1,-0.5000,0.0000,-250,0,lin_step
7551.7856,0.32979,0.56970,0.28534,1,-0.5000,0.0000,-250,0,lin_step
7551.8023,0.34670,0.56274,0.31756,1,-0.5000,0.0000,-250,0,lin_step
7551.8190,0.37911,0.56900,0.59960,1,-0.5000,0.0000,-250,0,lin_step
7551.8356,0.42112,0.58305,0.30250,1,-0.5000,0.0000,-250,0,lin_step
7551.8523,0.46444,0.59843,0.30203,1,-0.5000,0.0000,-250,0,lin_step
7551.8689,0.48303,0.59548,0.32600,1,-0.5000,0.0000,-250,0,lin_step
7551.8856,0.50798,0.59923,0.32899,1,-0.5000,0.0000,-250,0,lin_step
7551.9023,0.51267,0.60702,0.12901,1,-0.5000,0.0000,-250,0,lin_step
7551.9189,0.51848,0.62046,-0.09659,1,-0.5000,0.0000,-250,0,lin_step
7551.9356,0.49145,0.60992,-0.30314,1,-0.5000,0.0000,-250,0,lin_step
7551.9523,0.48628,0.61439,-0.30800,1,-0.5000,0.0000,-250,0,lin_step
7551.9689,0.48951,0.62470,-0.39349,1,-0.5000,0.0000,-250,0,lin_step
7551.9856,0.47380,0.62170,-0.43550,1,0.0000,0.0000,0,0,lin_step
7552.0023,0.47897,0.63036,0.37955,1,0.0000,0.0000,0,0,lin_step
7552.0189,0.47301,0.63237,-0.46778,1,0.0000,0.0000,0,0,lin_step
7552.0356,0.46762,0.63447,-0.43883,1,0.0000,0.0000,0,0,lin_step
7552.0523,0.46689,0.63849,-0.41591,1,0.0000,0.0000,0,0,lin_step
7552.0689,0.45682,0.63635,-0.41229,1,0.0000,0.0000,0,0,lin_step
7552.0856,0.48447,0.66275,-0.34474,1,0.0000,0.0000,0,0,lin_step
7552.1022,0.48497,0.66325,-0.36314,1,0.0000,0.0000,0,0,lin_step
7552.1189,0.45785,0.64316,-0.38344,1,0.0000,0.0000,0,0,lin_step
7552.1356,0.46482,0.64725,-0.38181,1,0.0000,0.0000,0,0,lin_step
7552.1522,0.46956,0.65086,-0.39613,1,0.0000,0.0000,0,0,lin_step
7552.1689,0.45646,0.64119,-0.39862,1,0.0000,0.0000,0,0,lin_step
7552.1856,0.46103,0.64565,-0.37076,1,0.0000,0.0000,0,0,lin_step
7552.2022,0.46694,0.64816,0.92297,1,0.0000,0.0000,0,0,lin_step
7552.2189,0.46588,0.64699,0.95145,1,0.0000,0.0000,0,0,lin_step
7552.2356,0.48764,0.66458,-0.36204,1,0.0000,0.0000,0,0,lin_step
7552.2522,0.46908,0.65079,-0.35233,1,0.0000,0.0000,0,0,lin_step
7552.2689,0.46539,0.64773,-0.37933,1,0.0000,0.0000,0,0,lin_step
7552.2856,0.45059,0.63676,-0.40589,1,0.0000,0.0000,0,0,lin_step
7552.3022,0.45562,0.63993,-0.39402,1,0.0000,0.0000,0,0,lin_step
7552.3189,0.46772,0.64899,-0.36640,1,0.0000,0.0000,0,0,lin_step
7552.3355,0.45584,0.64140,-0.39096,1,0.0000,0.0000,0,0,lin_step
7552.3522,0.46263,0.64531,-0.38364,1,0.0000,0.0000,0,0,lin_step
7552.3689,0.46588,0.64706,0.88842,1,0.0000,0.0000,0,0,lin_step
7552.3855,0.47272,0.65315,-0.39000,1,0.0000,0.0000,0,0,lin_step
7552.4022,0.47805,0.65797,-0.36568,1,0.0000,0.0000,0,0,lin_step
7552.4189,0.46545,0.64800,-0.38232,1,0.0000,0.0000,0,0,lin_step
7552.4355,0.47615,0.65609,-0.36720,1,0.0000,0.0000,0,0,lin_step
7552.4522,0.46717,0.64826,0.90747,1,0.0000,0.0000,0,0,lin_step
7552.4689,0.46432,0.64646,0.89117,1,0.0000,0.0000,0,0,lin_step
7552.4855,0.45314,0.63783,0.95690,1,0.0000,0.0000,0,0,lin_step
7552.5022,,,,0,0.0000,0.0000,0,0,lin_step
7552.5189,0.47621,0.65609,-0.36847,1,0.0000,0.0000,0,0,lin_step
7552.5355,0.47111,0.65136,0.84899,1,0.0000,0.0000,0,0,lin_step
7552.5522,0.47402,0.65441,-0.36598,1,0.0000,0.0000,0,0,lin_step
7552.5688,0.46751,0.64968,-0.35913,1,0.0000,0.0000,0,0,lin_step
7552.5855,0.46276,0.64568,-0.39686,1,0.0000,0.0000,0,0,lin_step
7552.6022,0.48085,0.65910,-0.35353,1,0.0000,0.0000,0,0,lin_step
7552.6188,0.47590,0.65575,-0.37818,1,0.0000,0.0000,0,0,lin_step
7552.6355,,,,0,0.0000,0.0000,0,0,lin_step
7552.6522,0.47080,0.65170,-0.35837,1,0.0000,0.0000,0,0,lin_step
7552.6688,0.46974,0.65095,-0.37356,1,0.0000,0.0000,0,0,lin_step
7552.6855,0.47305,0.65309,-0.37330,1,0.0000,0.0000,0,0,lin_step
7552.7022,0.47389,0.65430,-0.36483,1,0.0000,0.0000,0,0,lin_step
7552.7188,0.47298,0.65302,-0.37413,1,0.0000,0.0000,0,0,lin_step
7552.7355,0.47317,0.65356,-0.36948,1,0.0000,0.0000,0,0,lin_step
7552.7522,0.47273,0.65325,-0.37927,1,0.0000,0.0000,0,0,lin_step
7552.7688,0.46250,0.64488,0.92811,1,0.0000,0.0000,0,0,lin_step
7552.7855,0.46161,0.64331,0.93937,1,0.0000,0.0000,0,0,lin_step
7552.8021,0.46158,0.64398,0.90153,1,0.0000,0.0000,0,0,lin_step
7552.8188,0.46690,0.64988,-0.38044,1,0.0000,0.0000,0,0,lin_step
7552.8355,0.46652,0.64755,0.88929,1,0.0000,0.0000,0,0,lin_step
7552.8521,0.46940,0.65171,-0.38278,1,0.0000,0.0000,0,0,lin_step
7552.8688,0.48120,0.65975,-0.35716,1,0.0000,0.0000,0,0,lin_step
7552.8855,0.48454,0.66200,-0.36258,1,0.0000,0.0000,0,0,lin_step
7552.9021,0.47045,0.65137,-0.35931,1,0.0000,0.0000,0,0,lin_step
7552.9188,0.48908,0.66570,-0.36533,1,0.0000,0.0000,0,0,lin_step
7552.9355,,,,0,0.0000,0.0000,0,0,lin_step
7552.9521,0.47067,0.65195,-0.36674,1,0.0000,0.0000,0,0,lin_step
7552.9688,0.47108,0.65161,-0.38621,1,0.0000,0.0000,0,0,lin_step
7552.9855,0.47114,0.65197,0.89392,1,0.0000,0.0000,0,0,lin_step
7553.0021,0.46617,0.64778,0.88822,1,0.0000,0.0000,0,0,lin_step
7553.0188,0.47915,0.65758,-0.36639,1,0.0000,0.0000,0,0,lin_step
7553.0354,0.47980,0.65837,-0.36625,1,0.0000,0.0000,0,0,lin_step
7553.0521,0.46220,0.64458,0.90906,1,0.0000,0.0000,0,0,lin_step
7553.0688,0.46747,0.64848,-0.37878,1,0.0000,0.0000,0,0,lin_step
7553.0854,0.46581,0.64854,-0.37177,1,0.0000,0.0000,0,0,lin_step
7553.1021,0.47167,0.65186,-0.37279,1,0.0000,0.0000,0,0,lin_step
7553.1188,0.47101,0.65161,-0.36708,1,0.0000,0.0000,0,0,lin_step
7553.1354,0.48278,0.66075,-0.36875,1,0.0000,0.0000,0,0,lin_step
7553.1521,0.46995,0.65161,-0.37219,1,0.0000,0.0000,0,0,lin_step
7553.1688,0.47435,0.65435,-0.36154,1,0.0000,0.0000,0,0,lin_step
7553.1854,0.48332,0.66172,-0.35444,1,0.1071,0.0000,54,0,slew
7553.2021,0.46935,0.65409,-0.37932,1,0.1071,0.0000,54,0,slew
7553.2188,0.46716,0.65814,-0.38609,1,0.1071,0.0000,54,0,slew
7553.2354,0.44044,0.64756,-0.40889,1,0.1071,0.0000,54,0,slew
7553.2521,0.42533,0.64539,-0.40279,1,0.2143,0.0000,107,0,slew
7553.2687,0.42897,0.66114,0.94758,1,0.2143,0.0000,107,0,slew
7553.2854,0.40767,0.66246,-0.39098,1,0.2143,0.0000,107,0,slew
7553.3021,0.38097,0.65971,-0.41092,1,0.3214,0.0000,161,0,slew
7553.3187,0.37999,0.67978,0.93423,1,0.3214,0.0000,161,0,slew
7553.3354,0.35694,0.68588,-0.38635,1,0.3214,0.0000,161,0,slew
7553.3521,0.35719,0.71640,-0.34122,1,0.3214,0.0000,161,0,slew
7553.3687,0.30569,0.69869,-0.40892,1,0.4286,0.0000,214,0,slew
7553.3854,0.28184,0.71133,-0.37132,1,0.4286,0.0000,214,0,slew
7553.4021,0.26719,0.73752,-0.37916,1,0.4286,0.0000,214,0,slew
7553.4187,0.21798,0.72867,-0.39045,1,0.4286,0.0000,214,0,slew
7553.4354,0.19292,0.74987,-0.38927,1,0.5357,0.0000,268,0,slew
7553.4521,0.16343,0.76959,-0.38683,1,0.5357,0.0000,268,0,slew
7553.4687,0.12589,0.78387,-0.39314,1,0.5357,0.0000,268,0,slew
7553.4854,,,,0,0.6429,0.0000,321,0,slew
7553.5020,,,,0,0.6429,0.0000,321,0,slew
7553.5187,,,,0,0.6429,0.0000,321,0,slew
7553.5354,,,,0,0.6429,0.0000,321,0,slew
7553.5520,,,,0,0.7500,0.0000,375,0,slew
7553.5687,,,,0,0.7500,0.0000,375,0,slew
7553.5854,,,,0,0.7500,0.0000,375,0,slew
7553.6020,,,,0,0.7500,0.0000,375,0,slew
7553.6187,,,,0,0.7500,0.0000,375,0,lin_step
7553.6354,,,,0,0.7500,0.0000,375,0,lin_step
7553.6520,,,,0,0.7500,0.0000,375,0,lin_step
7553.6687,,,,0,0.7500,0.0000,375,0,lin_step
7553.6854,,,,0,0.7500,0.0000,375,0,lin_step
7553.7020,,,,0,0.7500,0.0000,375,0,lin_step
7553.7187,,,,0,0.7500,0.0000,375,0,lin_step
7553.7353,,,,0,0.7500,0.0000,375,0,lin_step
7553.7520,,,,0,0.7500,0.0000,375,0,lin_step
7553.7687,,,,0,0.7500,0.0000,375,0,lin_step
7553.7853,,,,0,0.7500,0.0000,375,0,lin_step
7553.8020,,,,0,0.7500,0.0000,375,0,lin_step
7553.8187,,,,0,0.7500,0.0000,375,0,lin_step
7553.8353,,,,0,0.7500,0.0000,375,0,lin_step
7553.8520,,,,0,0.7500,0.0000,375,0,lin_step
7553.8687,,,,0,0.7500,0.0000,375,0,lin_step
7553.8853,,,,0,0.0000,0.0000,0,0,lin_step
7553.9020,,,,0,0.0000,0.0000,0,0,lin_step
7553.9187,,,,0,0.0000,0.0000,0,0,lin_step
7553.9353,,,,0,0.0000,0.0000,0,0,lin_step
7553.9520,,,,0,0.0000,0.0000,0,0,lin_step
7553.9686,,,,0,0.0000,0.0000,0,0,lin_step
7553.9853,,,,0,0.0000,0.0000,0,0,lin_step
7554.0020,,,,0,0.0000,0.0000,0,0,lin_step
7554.0186,,,,0,0.0000,0.0000,0,0,lin_step
7554.0353,,,,0,0.0000,0.0000,0,0,lin_step
7554.0520,,,,0,0.0000,0.0000,0,0,lin_step
7554.0686,,,,0,0.0000,0.0000,0,0,lin_step
7554.0853,,,,0,0.0000,0.0000,0,0,lin_step
7554.1020,,,,0,0.0000,0.0000,0,0,lin_step
7554.1186,,,,0,0.0000,0.0000,0,0,lin_step
7554.1353,,,,0,0.0000,0.0000,0,0,lin_step
7554.1520,,,,0,0.0000,0.0000,0,0,lin_step
7554.1686,,,,0,0.0000,0.0000,0,0,lin_step
7554.1853,,,,0,0.0000,0.0000,0,0,lin_step
7554.2020,,,,0,0.0000,0.0000,0,0,lin_step
7554.2186,,,,0,0.0000,0.0000,0,0,lin_step
7554.2353,,,,0,0.0000,0.0000,0,0,lin_step
7554.2519,,,,0,0.0000,0.0000,0,0,lin_step
7554.2686,,,,0,0.0000,0.0000,0,0,lin_step
7554.2853,,,,0,0.0000,0.0000,0,0,lin_step
7554.3019,,,,0,0.0000,0.0000,0,0,lin_step
7554.3186,,,,0,0.0000,0.0000,0,0,lin_step
7554.3353,,,,0,0.0000,0.0000,0,0,lin_step
7554.3519,,,,0,0.0000,0.0000,0,0,lin_step
7554.3686,,,,0,0.0000,0.0000,0,0,lin_step
7554.3853,,,,0,0.0000,0.0000,0,0,lin_step
7554.4019,,,,0,0.0000,0.0000,0,0,lin_step
7554.4186,,,,0,0.0000,0.0000,0,0,lin_step
7554.4353,,,,0,0.0000,0.0000,0,0,lin_step
7554.4519,,,,0,0.0000,0.0000,0,0,lin_step
7554.4686,,,,0,0.0000,0.0000,0,0,lin_step
7554.4852,,,,0,0.0000,0.0000,0,0,lin_step
7554.5019,,,,0,0.0000,0.0000,0,0,lin_step
7554.5186,,,,0,0.0000,0.0000,0,0,lin_step
7554.5352,,,,0,0.0000,0.0000,0,0,lin_step
7554.5519,,,,0,0.0000,0.0000,0,0,lin_step
7554.5686,,,,0,0.0000,0.0000,0,0,lin_step
7554.5852,,,,0,0.0000,0.0000,0,0,lin_step
7554.6019,,,,0,0.0000,0.0000,0,0,lin_step
7554.6186,,,,0,0.0000,0.0000,0,0,lin_step
7554.6352,,,,0,0.0000,0.0000,0,0,lin_step
7554.6519,,,,0,0.0000,0.0000,0,0,lin_step
7554.6686,,,,0,0.0000,0.0000,0,0,lin_step
7554.6852,,,,0,0.0000,0.0000,0,0,lin_step
7554.7019,,,,0,0.0000,0.0000,0,0,lin_step
7554.7185,,,,0,0.0000,0.0000,0,0,lin_step
7554.7352,,,,0,0.0000,0.0000,0,0,lin_step
7554.7519,,,,0,0.0000,0.0000,0,0,lin_step
7554.7685,,,,0,0.0000,0.0000,0,0,lin_step
7554.7852,,,,0,0.0000,0.0000,0,0,lin_step
7554.8019,,,,0,0.0000,0.0000,0,0,lin_step
7554.8185,,,,0,0.0000,0.0000,0,0,lin_step
7554.8352,,,,0,0.0000,0.0000,0,0,lin_step
7554.8519,,,,0,0.0000,0.0000,0,0,lin_step
7554.8685,,,,0,0.0000,0.0000,0,0,lin_step
7554.8852,,,,0,0.0000,0.0000,0,0,lin_step
7554.9019,,,,0,0.0000,0.0000,0,0,lin_step
7554.9185,,,,0,0.0000,0.0000,0,0,lin_step
7554.9352,,,,0,0.0000,0.0000,0,0,lin_step
7554.9518,,,,0,0.0000,0.0000,0,0,lin_step
7554.9685,,,,0,0.0000,0.0000,0,0,lin_step
7554.9852,,,,0,0.0000,0.0000,0,0,lin_step
7555.0018,,,,0,0.0000,0.0000,0,0,lin_step
7555.0185,,,,0,0.0000,0.0000,0,0,lin_step
7555.0352,,,,0,0.0000,0.0000,0,0,lin_step
7555.0518,,,,0,0.0000,0.0000,0,0,lin_step
7555.0685,,,,0,0.0000,0.0000,0,0,lin_step
7555.0852,,,,0,-0.1071,0.0000,-54,0,slew
7555.1018,,,,0,-0.1071,0.0000,-54,0,slew
7555.1185,,,,0,-0.1071,0.0000,-54,0,slew
7555.1352,,,,0,-0.1071,0.0000,-54,0,slew
7555.1518,,,,0,-0.2143,0.0000,-107,0,slew
7555.1685,,,,0,-0.2143,0.0000,-107,0,slew
7555.1851,,,,0,-0.2143,0.0000,-107,0,slew
7555.2018,,,,0,-0.2143,0.0000,-107,0,slew
7555.2185,,,,0,-0.3214,0.0000,-161,0,slew
7555.2351,,,,0,-0.3214,0.0000,-161,0,slew
7555.2518,,,,0,-0.3214,0.0000,-161,0,slew
7555.2685,,,,0,-0.4286,0.0000,-214,0,slew
7555.2851,,,,0,-0.4286,0.0000,-214,0,slew
7555.3018,,,,0,-0.4286,0.0000,-214,0,slew
7555.3185,,,,0,-0.4286,0.0000,-214,0,slew
7555.3351,,,,0,-0.5357,0.0000,-268,0,slew
7555.3518,,,,0,-0.5357,0.0000,-268,0,slew
7555.3685,,,,0,-0.5357,0.0000,-268,0,slew
7555.3851,,,,0,-0.5357,0.0000,-268,0,slew
7555.4018,,,,0,-0.6429,0.0000,-321,0,slew
7555.4184,,,,0,-0.6429,0.0000,-321,0,slew
7555.4351,,,,0,-0.6429,0.0000,-321,0,slew
7555.4518,,,,0,-0.6429,0.0000,-321,0,slew
7555.4684,,,,0,-0.7500,0.0000,-375,0,slew
7555.4851,,,,0,-0.7500,0.0000,-375,0,slew
7555.5018,,,,0,-0.7500,0.0000,-375,0,slew
7555.5184,,,,0,-0.7500,0.0000,-375,0,lin_step
7555.5351,,,,0,-0.7500,0.0000,-375,0,lin_step
7555.5518,,,,0,-0.7500,0.0000,-375,0,lin_step
7555.5684,,,,0,-0.7500,0.0000,-375,0,lin_step
7555.5850,,,,0,-0.7500,0.0000,-375,0,lin_step
7555.6017,,,,0,-0.7500,0.0000,-375,0,lin_step
7555.6184,,,,0,-0.7500,0.0000,-375,0,lin_step
7555.6350,,,,0,-0.7500,0.0000,-375,0,lin_step
7555.6517,,,,0,-0.7500,0.0000,-375,0,lin_step
7555.6684,,,,0,-0.7500,0.0000,-375,0,lin_step
7555.6850,,,,0,-0.7500,0.0000,-375,0,lin_step
7555.7017,,,,0,-0.7500,0.0000,-375,0,lin_step
7555.7184,,,,0,-0.7500,0.0000,-375,0,lin_step
7555.7350,,,,0,-0.7500,0.0000,-375,0,lin_step
7555.7517,,,,0,-0.7500,0.0000,-375,0,lin_step
7555.7684,,,,0,-0.7500,0.0000,-375,0,lin_step
7555.7850,,,,0,-0.7500,0.0000,-375,0,lin_step
7555.8017,,,,0,-0.7500,0.0000,-375,0,lin_step
7555.8183,,,,0,0.0000,0.0000,0,0,lin_step
7555.8350,,,,0,0.0000,0.0000,0,0,lin_step
7555.8517,,,,0,0.0000,0.0000,0,0,lin_step
7555.8683,,,,0,0.0000,0.0000,0,0,lin_step
7555.8850,,,,0,0.0000,0.0000,0,0,lin_step
7555.9017,,,,0,0.0000,0.0000,0,0,lin_step
7555.9183,,,,0,0.0000,0.0000,0,0,lin_step
7555.9350,,,,0,0.0000,0.0000,0,0,lin_step
7555.9517,,,,0,0.0000,0.0000,0,0,lin_step
7555.9683,,,,0,0.0000,0.0000,0,0,lin_step
7555.9850,,,,0,0.0000,0.0000,0,0,lin_step
7556.0017,,,,0,0.0000,0.0000,0,0,lin_step
7556.0183,,,,0,0.0000,0.0000,0,0,lin_step
7556.0350,,,,0,0.0000,0.0000,0,0,lin_step
7556.0516,,,,0,0.0000,0.0000,0,0,lin_step
7556.0683,,,,0,0.0000,0.0000,0,0,lin_step
7556.0850,,,,0,0.0000,0.0000,0,0,lin_step
7556.1016,,,,0,0.0000,0.0000,0,0,lin_step
7556.1183,,,,0,0.0000,0.0000,0,0,lin_step
7556.1350,,,,0,0.0000,0.0000,0,0,lin_step
7556.1516,,,,0,0.0000,0.0000,0,0,lin_step
7556.1683,,,,0,0.0000,0.0000,0,0,lin_step
7556.1850,,,,0,0.0000,0.0000,0,0,lin_step
7556.2016,,,,0,0.0000,0.0000,0,0,lin_step
7556.2183,,,,0,0.0000,0.0000,0,0,lin_step
7556.2350,,,,0,0.0000,0.0000,0,0,lin_step
7556.2516,,,,0,0.0000,0.0000,0,0,lin_step
7556.2683,,,,0,0.0000,0.0000,0,0,lin_step
7556.2849,,,,0,0.0000,0.0000,0,0,lin_step
7556.3016,,,,0,0.0000,0.0000,0,0,lin_step
7556.3183,,,,0,0.0000,0.0000,0,0,lin_step
7556.3349,,,,0,0.0000,0.0000,0,0,lin_step
7556.3516,,,,0,0.0000,0.0000,0,0,lin_step
7556.3683,,,,0,0.0000,0.0000,0,0,lin_step
7556.3849,,,,0,0.0000,0.0000,0,0,lin_step
7556.4016,,,,0,0.0000,0.0000,0,0,lin_step
7556.4183,,,,0,0.0000,0.0000,0,0,lin_step
7556.4349,,,,0,0.0000,0.0000,0,0,lin_step
7556.4516,,,,0,0.0000,0.0000,0,0,lin_step
7556.4683,,,,0,0.0000,0.0000,0,0,lin_step
7556.4849,,,,0,0.0000,0.0000,0,0,lin_step
7556.5016,,,,0,0.0000,0.0000,0,0,lin_step
7556.5182,,,,0,0.0000,0.0000,0,0,lin_step
7556.5349,,,,0,0.0000,0.0000,0,0,lin_step
7556.5516,,,,0,0.0000,0.0000,0,0,lin_step
7556.5682,,,,0,0.0000,0.0000,0,0,lin_step
7556.5849,,,,0,0.0000,0.0000,0,0,lin_step
7556.6016,,,,0,0.0000,0.0000,0,0,lin_step
7556.6182,,,,0,0.0000,0.0000,0,0,lin_step
7556.6349,,,,0,0.0000,0.0000,0,0,lin_step
7556.6516,,,,0,0.0000,0.0000,0,0,lin_step
7556.6682,,,,0,0.0000,0.0000,0,0,lin_step
7556.6849,,,,0,0.0000,0.0000,0,0,lin_step
7556.7016,,,,0,0.0000,0.0000,0,0,lin_step
7556.7182,,,,0,0.0000,0.0000,0,0,lin_step
7556.7349,,,,0,0.0000,0.0000,0,0,lin_step
7556.7515,,,,0,0.0000,0.0000,0,0,lin_step
7556.7682,,,,0,0.0000,0.0000,0,0,lin_step
7556.7849,,,,0,0.0000,0.0000,0,0,lin_step
7556.8015,,,,0,0.0000,0.0000,0,0,lin_step
7556.8182,,,,0,0.0000,0.0000,0,0,lin_step
7556.8349,,,,0,0.0000,0.0000,0,0,lin_step
7556.8515,,,,0,0.0000,0.0000,0,0,lin_step
7556.8682,,,,0,0.0000,0.0000,0,0,lin_step
7556.8849,,,,0,0.0000,0.0000,0,0,lin_step
7556.9015,,,,0,0.0000,0.0000,0,0,lin_step
7556.9182,,,,0,0.0000,0.0000,0,0,lin_step
7556.9349,,,,0,0.0000,0.0000,0,0,lin_step
7556.9515,,,,0,0.0000,0.0000,0,0,lin_step
7556.9682,,,,0,0.0000,0.0000,0,0,lin_step
7556.9848,,,,0,0.0000,0.0000,0,0,lin_step
7557.0015,,,,0,0.0000,0.0000,0,0,lin_step
7557.0182,,,,0,0.1111,0.0000,56,0,slew
7557.0348,,,,0,0.1111,0.0000,56,0,slew
7557.0515,,,,0,0.1111,0.0000,56,0,slew
7557.0682,,,,0,0.1111,0.0000,56,0,slew
7557.0848,,,,0,0.2222,0.0000,111,0,slew
7557.1015,,,,0,0.2222,0.0000,111,0,slew
7557.1182,,,,0,0.2222,0.0000,111,0,slew
7557.1348,,,,0,0.2222,0.0000,111,0,slew
7557.1515,,,,0,0.3333,0.0000,167,0,slew
7557.1682,,,,0,0.3333,0.0000,167,0,slew
7557.1848,,,,0,0.3333,0.0000,167,0,slew
7557.2015,,,,0,0.4444,0.0000,222,0,slew
7557.2181,,,,0,0.4444,0.0000,222,0,slew
7557.2348,,,,0,0.4444,0.0000,222,0,slew
7557.2515,,,,0,0.4444,0.0000,222,0,slew
7557.2681,,,,0,0.5556,0.0000,278,0,slew
7557.2848,,,,0,0.5556,0.0000,278,0,slew
7557.3015,,,,0,0.5556,0.0000,278,0,slew
7557.3181,,,,0,0.5556,0.0000,278,0,slew
7557.3348,,,,0,0.6667,0.0000,333,0,slew
7557.3515,,,,0,0.6667,0.0000,333,0,slew
7557.3681,,,,0,0.6667,0.0000,333,0,slew
7557.3848,,,,0,0.7778,0.0000,389,0,slew
7557.4015,,,,0,0.7778,0.0000,389,0,slew
7557.4181,,,,0,0.7778,0.0000,389,0,slew
7557.4348,,,,0,0.7778,0.0000,389,0,slew
7557.4514,,,,0,0.8889,0.0000,444,0,slew
7557.4681,,,,0,0.8889,0.0000,444,0,slew
7557.4848,,,,0,0.8889,0.0000,444,0,slew
7557.5014,,,,0,0.8889,0.0000,444,0,slew
7557.5181,,,,0,1.0000,0.0000,500,0,slew
7557.5348,,,,0,1.0000,0.0000,500,0,slew
7557.5514,,,,0,1.0000,0.0000,500,0,slew
7557.5681,,,,0,1.0000,0.0000,500,0,lin_step
7557.5848,,,,0,1.0000,0.0000,500,0,lin_step
7557.6014,,,,0,1.0000,0.0000,500,0,lin_step
7557.6181,,,,0,1.0000,0.0000,500,0,lin_step
7557.6348,,,,0,1.0000,0.0000,500,0,lin_step
7557.6514,,,,0,1.0000,0.0000,500,0,lin_step
7557.6681,,,,0,1.0000,0.0000,500,0,lin_step
7557.6847,,,,0,1.0000,0.0000,500,0,lin_step
7557.7014,,,,0,1.0000,0.0000,500,0,lin_step
7557.7181,,,,0,1.0000,0.0000,500,0,lin_step
7557.7347,,,,0,1.0000,0.0000,500,0,lin_step
7557.7514,,,,0,1.0000,0.0000,500,0,lin_step
7557.7681,,,,0,1.0000,0.0000,500,0,lin_step
7557.7847,,,,0,1.0000,0.0000,500,0,lin_step
7557.8014,,,,0,0.0000,0.0000,0,0,lin_step
7557.8181,,,,0,0.0000,0.0000,0,0,lin_step
7557.8347,,,,0,0.0000,0.0000,0,0,lin_step
7557.8514,,,,0,0.0000,0.0000,0,0,lin_step
7557.8681,,,,0,0.0000,0.0000,0,0,lin_step
7557.8847,,,,0,0.0000,0.0000,0,0,lin_step
7557.9014,,,,0,0.0000,0.0000,0,0,lin_step
7557.9180,,,,0,0.0000,0.0000,0,0,lin_step
7557.9347,,,,0,0.0000,0.0000,0,0,lin_step
7557.9514,,,,0,0.0000,0.0000,0,0,lin_step
7557.9680,,,,0,0.0000,0.0000,0,0,lin_step
7557.9847,,,,0,0.0000,0.0000,0,0,lin_step
7558.0014,,,,0,0.0000,0.0000,0,0,lin_step
7558.0180,,,,0,0.0000,0.0000,0,0,lin_step
7558.0347,,,,0,0.0000,0.0000,0,0,lin_step
7558.0514,,,,0,0.0000,0.0000,0,0,lin_step
7558.0680,,,,0,0.0000,0.0000,0,0,lin_step
7558.0847,,,,0,0.0000,0.0000,0,0,lin_step
7558.1014,,,,0,0.0000,0.0000,0,0,lin_step
7558.1180,,,,0,0.0000,0.0000,0,0,lin_step
7558.1347,,,,0,0.0000,0.0000,0,0,lin_step
7558.1513,,,,0,0.0000,0.0000,0,0,lin_step
7558.1680,,,,0,0.0000,0.0000,0,0,lin_step
7558.1847,,,,0,0.0000,0.0000,0,0,lin_step
7558.2013,,,,0,0.0000,0.0000,0,0,lin_step
7558.2180,,,,0,0.0000,0.0000,0,0,lin_step
7558.2347,,,,0,0.0000,0.0000,0,0,lin_step
7558.2513,,,,0,0.0000,0.0000,0,0,lin_step
7558.2680,,,,0,0.0000,0.0000,0,0,lin_step
7558.2847,,,,0,0.0000,0.0000,0,0,lin_step
7558.3013,,,,0,0.0000,0.0000,0,0,lin_step
7558.3180,,,,0,0.0000,0.0000,0,0,lin_step
7558.3347,,,,0,0.0000,0.0000,0,0,lin_step
7558.3513,,,,0,0.0000,0.0000,0,0,lin_step
7558.3680,,,,0,0.0000,0.0000,0,0,lin_step
7558.3846,,,,0,0.0000,0.0000,0,0,lin_step
7558.4013,,,,0,0.0000,0.0000,0,0,lin_step
7558.4180,,,,0,0.0000,0.0000,0,0,lin_step
7558.4346,,,,0,0.0000,0.0000,0,0,lin_step
7558.4513,,,,0,0.0000,0.0000,0,0,lin_step
7558.4680,,,,0,0.0000,0.0000,0,0,lin_step
7558.4846,,,,0,0.0000,0.0000,0,0,lin_step
7558.5013,,,,0,0.0000,0.0000,0,0,lin_step
7558.5180,,,,0,0.0000,0.0000,0,0,lin_step
7558.5346,,,,0,0.0000,0.0000,0,0,lin_step
7558.5513,,,,0,0.0000,0.0000,0,0,lin_step
7558.5680,,,,0,0.0000,0.0000,0,0,lin_step
7558.5846,,,,0,0.0000,0.0000,0,0,lin_step
7558.6013,,,,0,0.0000,0.0000,0,0,lin_step
7558.6179,,,,0,0.0000,0.0000,0,0,lin_step
7558.6346,,,,0,0.0000,0.0000,0,0,lin_step
7558.6513,,,,0,0.0000,0.0000,0,0,lin_step
7558.6679,,,,0,0.0000,0.0000,0,0,lin_step
7558.6846,,,,0,0.0000,0.0000,0,0,lin_step
7558.7013,,,,0,0.0000,0.0000,0,0,lin_step
7558.7179,,,,0,0.0000,0.0000,0,0,lin_step
7558.7346,,,,0,0.0000,0.0000,0,0,lin_step
7558.7513,,,,0,0.0000,0.0000,0,0,lin_step
7558.7679,,,,0,0.0000,0.0000,0,0,lin_step
7558.7846,,,,0,0.0000,0.0000,0,0,lin_step
7558.8013,,,,0,0.0000,0.0000,0,0,lin_step
7558.8179,,,,0,0.0000,0.0000,0,0,lin_step
7558.8346,,,,0,0.0000,0.0000,0,0,lin_step
7558.8513,,,,0,0.0000,0.0000,0,0,lin_step
7558.8679,,,,0,0.0000,0.0000,0,0,lin_step
7558.8846,,,,0,0.0000,0.0000,0,0,lin_step
7558.9012,,,,0,0.0000,0.0000,0,0,lin_step
7558.9179,,,,0,0.0000,0.0000,0,0,lin_step
7558.9346,,,,0,0.0000,0.0000,0,0,lin_step
7558.9512,,,,0,0.0000,0.0000,0,0,lin_step
7558.9679,,,,0,0.0000,0.0000,0,0,lin_step
7558.9846,,,,0,0.0000,0.0000,0,0,lin_step
7559.0012,,,,0,-0.1111,0.0000,-56,0,slew
7559.0179,,,,0,-0.1111,0.0000,-56,0,slew
7559.0346,,,,0,-0.1111,0.0000,-56,0,slew
7559.0512,,,,0,-0.1111,0.0000,-56,0,slew
7559.0679,,,,0,-0.2222,0.0000,-111,0,slew
7559.0846,,,,0,-0.2222,0.0000,-111,0,slew
7559.1012,,,,0,-0.2222,0.0000,-111,0,slew
7559.1179,,,,0,-0.2222,0.0000,-111,0,slew
7559.1345,,,,0,-0.3333,0.0000,-167,0,slew
7559.1512,,,,0,-0.3333,0.0000,-167,0,slew
7559.1679,,,,0,-0.3333,0.0000,-167,0,slew
7559.1845,,,,0,-0.3333,0.0000,-167,0,slew
7559.2012,,,,0,-0.4444,0.0000,-222,0,slew
7559.2179,,,,0,-0.4444,0.0000,-222,0,slew
7559.2345,,,,0,-0.4444,0.0000,-222,0,slew
7559.2512,,,,0,-0.5556,0.0000,-278,0,slew
7559.2679,,,,0,-0.5556,0.0000,-278,0,slew
7559.2845,,,,0,-0.5556,0.0000,-278,0,slew
7559.3012,,,,0,-0.5556,0.0000,-278,0,slew
7559.3179,,,,0,-0.6667,0.0000,-333,0,slew
7559.3345,,,,0,-0.6667,0.0000,-333,0,slew
7559.3512,,,,0,-0.6667,0.0000,-333,0,slew
7559.3678,,,,0,-0.6667,0.0000,-333,0,slew
7559.3845,,,,0,-0.7778,0.0000,-389,0,slew
7559.4012,,,,0,-0.7778,0.0000,-389,0,slew
7559.4178,,,,0,-0.7778,0.0000,-389,0,slew
7559.4345,,,,0,-0.7778,0.0000,-389,0,slew
7559.4512,,,,0,-0.8889,0.0000,-444,0,slew
7559.4678,,,,0,-0.8889,0.0000,-444,0,slew
7559.4845,,,,0,-0.8889,0.0000,-444,0,slew
7559.5012,,,,0,-1.0000,0.0000,-500,0,slew
7559.5178,,,,0,-1.0000,0.0000,-500,0,slew
7559.5345,,,,0,-1.0000,0.0000,-500,0,slew
7559.5512,,,,0,-1.0000,0.0000,-500,0,slew
7559.5678,,,,0,-1.0000,0.0000,-500,0,lin_step
7559.5845,,,,0,-1.0000,0.0000,-500,0,lin_step
7559.6011,,,,0,-1.0000,0.0000,-500,0,lin_step
7559.6178,,,,0,-1.0000,0.0000,-500,0,lin_step
7559.6345,,,,0,-1.0000,0.0000,-500,0,lin_step
7559.6511,,,,0,-1.0000,0.0000,-500,0,lin_step
7559.6678,,,,0,-1.0000,0.0000,-500,0,lin_step
7559.6845,,,,0,-1.0000,0.0000,-500,0,lin_step
7559.7011,,,,0,-1.0000,0.0000,-500,0,lin_step
7559.7178,,,,0,-1.0000,0.0000,-500,0,lin_step
7559.7345,,,,0,-1.0000,0.0000,-500,0,lin_step
7559.7511,,,,0,-1.0000,0.0000,-500,0,lin_step
7559.7678,,,,0,-1.0000,0.0000,-500,0,lin_step
7559.7845,,,,0,0.0000,0.0000,0,0,lin_step
7559.8011,,,,0,0.0000,0.0000,0,0,lin_step
7559.8178,,,,0,0.0000,0.0000,0,0,lin_step
7559.8344,,,,0,0.0000,0.0000,0,0,lin_step
7559.8511,,,,0,0.0000,0.0000,0,0,lin_step
7559.8678,,,,0,0.0000,0.0000,0,0,lin_step
7559.8844,,,,0,0.0000,0.0000,0,0,lin_step
7559.9011,,,,0,0.0000,0.0000,0,0,lin_step
7559.9178,,,,0,0.0000,0.0000,0,0,lin_step
7559.9344,,,,0,0.0000,0.0000,0,0,lin_step
7559.9511,,,,0,0.0000,0.0000,0,0,lin_step
7559.9678,,,,0,0.0000,0.0000,0,0,lin_step
7559.9844,,,,0,0.0000,0.0000,0,0,lin_step
7560.0011,,,,0,0.0000,0.0000,0,0,lin_step
7560.0178,,,,0,0.0000,0.0000,0,0,lin_step
7560.0344,,,,0,0.0000,0.0000,0,0,lin_step
7560.0511,,,,0,0.0000,0.0000,0,0,lin_step
7560.0677,,,,0,0.0000,0.0000,0,0,lin_step
7560.0844,,,,0,0.0000,0.0000,0,0,lin_step
7560.1011,,,,0,0.0000,0.0000,0,0,lin_step
7560.1177,,,,0,0.0000,0.0000,0,0,lin_step
7560.1344,,,,0,0.0000,0.0000,0,0,lin_step
7560.1511,,,,0,0.0000,0.0000,0,0,lin_step
7560.1677,,,,0,0.0000,0.0000,0,0,lin_step
7560.1844,,,,0,0.0000,0.0000,0,0,lin_step
7560.2011,,,,0,0.0000,0.0000,0,0,lin_step
7560.2177,,,,0,0.0000,0.0000,0,0,lin_step
7560.2344,,,,0,0.0000,0.0000,0,0,lin_step
7560.2511,,,,0,0.0000,0.0000,0,0,lin_step
7560.2677,,,,0,0.0000,0.0000,0,0,lin_step
7560.2844,,,,0,0.0000,0.0000,0,0,lin_step
7560.3010,,,,0,0.0000,0.0000,0,0,lin_step
7560.3177,,,,0,0.0000,0.0000,0,0,lin_step
7560.3344,,,,0,0.0000,0.0000,0,0,lin_step
7560.3510,,,,0,0.0000,0.0000,0,0,lin_step
7560.3677,,,,0,0.0000,0.0000,0,0,lin_step
7560.3844,,,,0,0.0000,0.0000,0,0,lin_step
7560.4010,,,,0,0.0000,0.0000,0,0,lin_step
7560.4177,,,,0,0.0000,0.0000,0,0,lin_step
7560.4344,,,,0,0.0000,0.0000,0,0,lin_step
7560.4510,,,,0,0.0000,0.0000,0,0,lin_step
7560.4677,,,,0,0.0000,0.0000,0,0,lin_step
7560.4844,,,,0,0.0000,0.0000,0,0,lin_step
7560.5010,,,,0,0.0000,0.0000,0,0,lin_step
7560.5177,,,,0,0.0000,0.0000,0,0,lin_step
7560.5343,,,,0,0.0000,0.0000,0,0,lin_step
7560.5510,,,,0,0.0000,0.0000,0,0,lin_step
7560.5677,,,,0,0.0000,0.0000,0,0,lin_step
7560.5843,,,,0,0.0000,0.0000,0,0,lin_step
7560.6010,,,,0,0.0000,0.0000,0,0,lin_step
7560.6177,,,,0,0.0000,0.0000,0,0,lin_step
7560.6343,,,,0,0.0000,0.0000,0,0,lin_step
7560.6510,,,,0,0.0000,0.0000,0,0,lin_step
7560.6677,,,,0,0.0000,0.0000,0,0,lin_step
7560.6843,,,,0,0.0000,0.0000,0,0,lin_step
7560.7010,,,,0,0.0000,0.0000,0,0,lin_step
7560.7177,,,,0,0.0000,0.0000,0,0,lin_step
7560.7343,,,,0,0.0000,0.0000,0,0,lin_step
7560.7510,,,,0,0.0000,0.0000,0,0,lin_step
7560.7676,,,,0,0.0000,0.0000,0,0,lin_step
7560.7843,,,,0,0.0000,0.0000,0,0,lin_step
7560.8010,,,,0,0.0000,0.0000,0,0,lin_step
7560.8176,,,,0,0.0000,0.0000,0,0,lin_step
7560.8343,,,,0,0.0000,0.0000,0,0,lin_step
7560.8510,,,,0,0.0000,0.0000,0,0,lin_step
7560.8676,,,,0,0.0000,0.0000,0,0,lin_step
7560.8843,,,,0,0.0000,0.0000,0,0,lin_step
7560.9010,,,,0,0.0000,0.0000,0,0,lin_step
7560.9176,,,,0,0.0000,0.0000,0,0,lin_step
7560.9343,,,,0,0.0000,0.0000,0,0,lin_step
7567.4835,1.42463,0.01203,-0.06686,1,0.0000,0.0000,0,0,lin_step
7567.5002,1.46827,0.01225,-0.07976,1,0.0000,0.0000,0,0,lin_step
7567.5169,1.41458,0.01191,-0.06319,1,0.0000,0.0000,0,0,lin_step
7567.5335,1.45828,0.01226,0.09665,1,0.0000,0.0000,0,0,lin_step
7567.5502,1.42770,0.01218,-0.06924,1,0.0000,0.0000,0,0,lin_step
7567.5669,1.47097,0.01246,0.07719,1,0.0000,0.0000,0,0,lin_step
7567.5835,1.41344,0.01189,-0.07012,1,0.0000,0.0000,0,0,lin_step
7567.6002,1.48168,0.01232,-0.06850,1,0.0000,0.0000,0,0,lin_step
7567.6168,1.47536,0.01240,0.08601,1,0.0000,0.0000,0,0,lin_step
7567.6335,1.45939,0.01215,0.09465,1,0.0000,0.0000,0,0,lin_step
7567.6502,1.41675,0.01203,-0.07022,1,0.0000,0.0000,0,0,lin_step
7567.6668,1.43752,0.01221,-0.06212,1,0.0000,0.0000,0,0,lin_step
7567.6835,1.42945,0.01207,-0.06067,1,0.0000,0.0000,0,0,lin_step
7567.7002,1.47460,0.01244,0.07650,1,0.0000,0.0000,0,0,lin_step
7567.7168,1.41859,0.01209,-0.07014,1,0.0000,0.0000,0,0,lin_step
7567.7335,1.42174,0.01192,-0.05621,1,0.0000,0.0000,0,0,lin_step
7567.7502,1.41332,0.01200,-0.07380,1,0.0000,0.0000,0,0,lin_step
7567.7668,1.43140,0.01243,-0.07270,1,0.0000,0.0000,0,0,lin_step
7567.7835,1.40591,0.01176,-0.06641,1,0.0000,0.0000,0,0,lin_step
7567.8002,1.46837,0.01237,0.08486,1,0.0000,0.0400,0,-20,ang_deadzone_left
7567.8168,1.49012,0.01469,0.09084,1,0.0000,0.0400,0,-20,ang_deadzone_left
7567.8335,1.41554,0.01401,-0.12770,1,0.0000,0.0400,0,-20,ang_deadzone_left
7567.8501,1.41653,0.01492,-0.19728,1,0.0000,0.0400,0,-20,ang_deadzone_left
7567.8668,1.41798,0.01894,-0.23737,1,0.0000,0.0400,0,-20,ang_deadzone_left
7567.8835,1.44484,0.02142,-0.35613,1,0.0000,0.0400,0,-20,ang_deadzone_left
7567.9001,1.43676,0.02426,0.34575,1,0.0000,0.0400,0,-20,ang_deadzone_left
7567.9168,1.44055,0.02589,-0.51636,1,0.0000,0.0400,0,-20,ang_deadzone_left
7567.9335,1.44703,0.02899,0.42075,1,0.0000,0.0400,0,-20,ang_deadzone_left
7567.9501,1.41656,0.03068,-0.67385,1,0.0000,0.0400,0,-20,ang_deadzone_left
7567.9668,1.42769,0.03224,0.53557,1,0.0000,0.0400,0,-20,ang_deadzone_left
7567.9835,1.44172,0.03572,-0.82899,1,0.0000,0.0400,0,-20,ang_deadzone_left
7568.0001,1.42991,0.03628,0.71064,1,0.0000,0.0400,0,-20,ang_deadzone_left
7568.0168,,,,0,0.0000,0.0400,0,-20,ang_deadzone_left
7568.0335,1.41043,0.03952,-1.06461,1,0.0000,0.0400,0,-20,ang_deadzone_left
7568.0501,,,,0,0.0000,0.0400,0,-20,ang_deadzone_left
7568.0668,,,,0,0.0000,0.0400,0,-20,ang_deadzone_left
7568.0834,1.39634,0.04139,-1.27462,1,0.0000,0.0400,0,-20,ang_deadzone_left
7568.1001,,,,0,0.0000,0.0400,0,-20,ang_deadzone_left
7568.1168,,,,0,0.0000,0.0400,0,-20,ang_deadzone_left
7568.1334,,,,0,0.0000,0.0400,0,-20,ang_deadzone_left
7568.1501,,,,0,0.0000,0.0400,0,-20,ang_deadzone_left
7568.1668,,,,0,0.0000,0.0400,0,-20,ang_deadzone_left
7568.1834,,,,0,0.0000,0.0400,0,-20,ang_deadzone_left
7568.2001,,,,0,0.0000,0.0400,0,-20,ang_deadzone_left
7568.2168,,,,0,0.0000,0.0400,0,-20,ang_deadzone_left
7568.2334,,,,0,0.0000,0.0400,0,-20,ang_deadzone_left
7568.2501,,,,0,0.0000,0.0400,0,-20,ang_deadzone_left
7568.2668,,,,0,0.0000,0.0400,0,-20,ang_deadzone_left
7568.2834,,,,0,0.0000,0.0400,0,-20,ang_deadzone_left
7568.3001,,,,0,0.0000,0.0400,0,-20,ang_deadzone_left
7568.3167,,,,0,0.0000,0.0400,0,-20,ang_deadzone_left
7568.3334,,,,0,0.0000,0.0400,0,-20,ang_deadzone_left
7568.3501,,,,0,0.0000,0.0400,0,-20,ang_deadzone_left
7568.3667,,,,0,0.0000,0.0400,0,-20,ang_deadzone_left
7568.3834,,,,0,0.0000,0.0400,0,-20,ang_deadzone_left
7568.4001,,,,0,0.0000,0.0400,0,-20,ang_deadzone_left
7568.4167,,,,0,0.0000,0.0400,0,-20,ang_deadzone_left
7568.4334,,,,0,0.0000,0.0400,0,-20,ang_deadzone_left
7568.4501,,,,0,0.0000,0.0400,0,-20,ang_deadzone_left
7568.4667,,,,0,0.0000,0.0400,0,-20,ang_deadzone_left
7568.4834,,,,0,0.0000,0.0400,0,-20,ang_deadzone_left
7568.5001,,,,0,0.0000,0.0400,0,-20,ang_deadzone_left
7568.5167,,,,0,0.0000,0.0400,0,-20,ang_deadzone_left
7568.5334,,,,0,0.0000,0.0400,0,-20,ang_deadzone_left
7568.5500,,,,0,0.0000,0.0400,0,-20,ang_deadzone_left
7568.5667,,,,0,0.0000,0.0400,0,-20,ang_deadzone_left
7568.5834,,,,0,0.0000,0.0400,0,-20,ang_deadzone_left
7568.6000,,,,0,0.0000,0.0800,0,-40,ang_deadzone_left
7568.6167,,,,0,0.0000,0.0800,0,-40,ang_deadzone_left
7568.6334,,,,0,0.0000,0.0800,0,-40,ang_deadzone_left
7568.6500,,,,0,0.0000,0.0800,0,-40,ang_deadzone_left
7568.6667,,,,0,0.0000,0.0800,0,-40,ang_deadzone_left
7568.6834,,,,0,0.0000,0.0800,0,-40,ang_deadzone_left
7568.7000,,,,0,0.0000,0.0800,0,-40,ang_deadzone_left
7568.7167,,,,0,0.0000,0.0800,0,-40,ang_deadzone_left
7568.7334,,,,0,0.0000,0.0800,0,-40,ang_deadzone_left
7568.7500,,,,0,0.0000,0.0800,0,-40,ang_deadzone_left
7568.7667,,,,0,0.0000,0.0800,0,-40,ang_deadzone_left
7568.7833,,,,0,0.0000,0.0800,0,-40,ang_deadzone_left
7568.8000,,,,0,0.0000,0.0800,0,-40,ang_deadzone_left
7568.8167,,,,0,0.0000,0.0800,0,-40,ang_deadzone_left
7568.8333,,,,0,0.0000,0.0800,0,-40,ang_deadzone_left
7568.8500,,,,0,0.0000,0.0800,0,-40,ang_deadzone_left
7568.8667,1.45189,-0.02264,1.22986,1,0.0000,0.0800,0,-40,ang_deadzone_left
7568.8833,1.44022,-0.02144,1.14161,1,0.0000,0.0800,0,-40,ang_deadzone_left
7568.9000,,,,0,0.0000,0.0800,0,-40,ang_deadzone_left
7568.9167,1.48603,-0.01875,-0.64592,1,0.0000,0.0800,0,-40,ang_deadzone_left
7568.9333,1.45152,-0.01654,0.91651,1,0.0000,0.0800,0,-40,ang_deadzone_left
7568.9500,1.44950,-0.01406,0.84065,1,0.0000,0.0800,0,-40,ang_deadzone_left
7568.9667,,,,0,0.0000,0.0800,0,-40,ang_deadzone_left
7568.9833,1.44140,-0.00913,0.65647,1,0.0000,0.0800,0,-40,ang_deadzone_left
7569.0000,1.44858,-0.00717,0.51564,1,0.0000,0.0800,0,-40,ang_deadzone_left
7569.0166,1.44147,-0.00350,-0.20175,1,0.0000,0.0800,0,-40,ang_deadzone_left
7569.0333,,,,0,0.0000,0.0800,0,-40,ang_deadzone_left
7569.0500,1.45527,0.00271,0.27748,1,0.0000,0.0800,0,-40,ang_deadzone_left
7569.0666,1.42001,0.00535,0.18738,1,0.0000,0.0800,0,-40,ang_deadzone_left
7569.0833,1.31048,0.00541,0.15221,1,0.0000,0.0800,0,-40,ang_deadzone_left
7569.1000,1.42496,0.01140,-0.03693,1,0.0000,0.0800,0,-40,ang_deadzone_left
7569.1166,1.47316,0.01681,-0.15711,1,0.0000,0.0800,0,-40,ang_deadzone_left
7569.1333,1.47464,0.01972,-0.24409,1,0.0000,0.0800,0,-40,ang_deadzone_left
7569.1500,1.44947,0.02116,0.23853,1,0.0000,0.0800,0,-40,ang_deadzone_left
7569.1666,1.43711,0.02425,-0.40124,1,0.0000,0.0800,0,-40,ang_deadzone_left
7569.1833,1.45673,0.02826,0.34005,1,0.0000,0.0800,0,-40,ang_deadzone_left
7569.2000,1.42610,0.03011,-0.59940,1,0.0000,0.0800,0,-40,ang_deadzone_left
7569.2166,1.42043,0.03198,-0.65969,1,0.0000,0.0800,0,-40,ang_deadzone_left
7569.2333,1.45633,0.03685,-0.73241,1,0.0000,0.0800,0,-40,ang_deadzone_left
7569.2499,1.44512,0.03734,0.63029,1,0.0000,0.0800,0,-40,ang_deadzone_left
7569.2666,1.44424,0.03931,0.72165,1,0.0000,0.0800,0,-40,ang_deadzone_left
7569.2833,1.43538,0.04144,-1.01583,1,0.0000,0.0800,0,-40,ang_deadzone_left
7569.2999,,,,0,0.0000,0.0800,0,-40,ang_deadzone_left
7569.3166,1.41111,0.04323,-1.18352,1,0.0000,0.0800,0,-40,ang_deadzone_left
7569.3333,,,,0,0.0000,0.0800,0,-40,ang_deadzone_left
7569.3499,,,,0,0.0000,0.0800,0,-40,ang_deadzone_left
7569.3666,1.46916,0.04767,1.46706,1,0.0000,0.0800,0,-40,ang_deadzone_left
7569.3833,,,,0,0.0000,0.0800,0,-40,ang_deadzone_left
7569.3999,,,,0,0.0000,0.0800,0,-40,ang_deadzone_left
7569.4166,,,,0,0.0000,0.1200,0,-60,ang_deadzone_left
7569.4333,,,,0,0.0000,0.1200,0,-60,ang_deadzone_left
7569.4499,,,,0,0.0000,0.1200,0,-60,ang_deadzone_left
7569.4666,,,,0,0.0000,0.1200,0,-60,ang_deadzone_left
7569.4832,,,,0,0.0000,0.1200,0,-60,ang_deadzone_left
7569.4999,,,,0,0.0000,0.1200,0,-60,ang_deadzone_left
7569.5166,,,,0,0.0000,0.1200,0,-60,ang_deadzone_left
7569.5332,,,,0,0.0000,0.1200,0,-60,ang_deadzone_left
7569.5499,,,,0,0.0000,0.1200,0,-60,ang_deadzone_left
7569.5666,,,,0,0.0000,0.1200,0,-60,ang_deadzone_left
7569.5832,,,,0,0.0000,0.1200,0,-60,ang_deadzone_left
7569.5999,,,,0,0.0000,0.1200,0,-60,ang_deadzone_left
7569.6166,,,,0,0.0000,0.1200,0,-60,ang_deadzone_left
7569.6332,,,,0,0.0000,0.1200,0,-60,ang_deadzone_left
7569.6499,,,,0,0.0000,0.1200,0,-60,ang_deadzone_left
7569.6666,,,,0,0.0000,0.1200,0,-60,ang_deadzone_left
7569.6832,,,,0,0.0000,0.1200,0,-60,ang_deadzone_left
7569.6999,,,,0,0.0000,0.1200,0,-60,ang_deadzone_left
7569.7165,,,,0,0.0000,0.1200,0,-60,ang_deadzone_left
7569.7332,,,,0,0.0000,0.1200,0,-60,ang_deadzone_left
7569.7499,,,,0,0.0000,0.1200,0,-60,ang_deadzone_left
7569.7665,,,,0,0.0000,0.1200,0,-60,ang_deadzone_left
7569.7832,,,,0,0.0000,0.1200,0,-60,ang_deadzone_left
7569.7999,,,,0,0.0000,0.1200,0,-60,ang_deadzone_left
7569.8165,,,,0,0.0000,0.1200,0,-60,ang_deadzone_left
7569.8332,,,,0,0.0000,0.1200,0,-60,ang_deadzone_left
7569.8499,1.44292,-0.01931,1.20377,1,0.0000,0.1200,0,-60,ang_deadzone_left
7569.8665,,,,0,0.0000,0.1200,0,-60,ang_deadzone_left
7569.8832,1.44886,-0.01534,0.95228,1,0.0000,0.1200,0,-60,ang_deadzone_left
7569.8999,1.46451,-0.01123,-0.48562,1,0.0000,0.1200,0,-60,ang_deadzone_left
7569.9165,1.44380,-0.00950,0.67737,1,0.0000,0.1200,0,-60,ang_deadzone_left
7569.9332,1.47258,-0.00497,-0.28463,1,0.0000,0.1200,0,-60,ang_deadzone_left
7569.9498,1.45771,-0.00111,0.42307,1,0.0000,0.1200,0,-60,ang_deadzone_left
7569.9665,1.45419,0.00320,-0.09442,1,0.0000,0.1200,0,-60,ang_deadzone_left
7569.9832,1.42957,0.00757,-0.01512,1,0.0000,0.1200,0,-60,ang_deadzone_left
7569.9998,1.45700,0.01337,-0.01838,1,0.0000,0.1200,0,-60,ang_deadzone_left
7570.0165,1.51398,0.01891,0.14592,1,0.0000,0.1200,0,-60,ang_deadzone_left
7570.0332,1.44995,0.02164,0.26971,1,0.0000,0.1200,0,-60,ang_deadzone_left
7570.0498,1.47147,0.02734,-0.44707,1,0.0000,0.1200,0,-60,ang_deadzone_left
7570.0665,1.44816,0.03122,0.44505,1,0.0000,0.1200,0,-60,ang_deadzone_left
7570.0832,1.45108,0.03455,0.48249,1,0.0000,0.1200,0,-60,ang_deadzone_left
7570.0998,1.45738,0.03904,-0.85294,1,0.0000,0.1200,0,-60,ang_deadzone_left
7570.1165,,,,0,0.0000,0.1200,0,-60,ang_deadzone_left
7570.1332,1.43516,0.04368,-1.11325,1,0.0000,0.1200,0,-60,ang_deadzone_left
7570.1498,,,,0,0.0000,0.1200,0,-60,ang_deadzone_left
7570.1665,,,,0,0.0000,0.1200,0,-60,ang_deadzone_left
7570.1831,,,,0,0.0000,0.1200,0,-60,ang_deadzone_left
7570.1998,,,,0,0.0000,0.1200,0,-60,ang_deadzone_left
7570.2165,,,,0,0.0000,0.1600,0,-80,ang_deadzone_left
7570.2331,,,,0,0.0000,0.1600,0,-80,ang_deadzone_left
7570.2498,,,,0,0.0000,0.1600,0,-80,ang_deadzone_left
7570.2665,,,,0,0.0000,0.1600,0,-80,ang_deadzone_left
7570.2831,,,,0,0.0000,0.1600,0,-80,ang_deadzone_left
7570.2998,,,,0,0.0000,0.1600,0,-80,ang_deadzone_left
7570.3165,,,,0,0.0000,0.1600,0,-80,ang_deadzone_left
7570.3331,,,,0,0.0000,0.1600,0,-80,ang_deadzone_left
7570.3498,,,,0,0.0000,0.1600,0,-80,ang_deadzone_left
7570.3665,,,,0,0.0000,0.1600,0,-80,ang_deadzone_left
7570.3831,,,,0,0.0000,0.1600,0,-80,ang_deadzone_left
7570.3998,,,,0,0.0000,0.1600,0,-80,ang_deadzone_left
7570.4164,,,,0,0.0000,0.1600,0,-80,ang_deadzone_left
7570.4331,,,,0,0.0000,0.1600,0,-80,ang_deadzone_left
7570.4498,,,,0,0.0000,0.1600,0,-80,ang_deadzone_left
7570.4664,,,,0,0.0000,0.1600,0,-80,ang_deadzone_left
7570.4831,,,,0,0.0000,0.1600,0,-80,ang_deadzone_left
7570.4998,,,,0,0.0000,0.1600,0,-80,ang_deadzone_left
7570.5164,,,,0,0.0000,0.1600,0,-80,ang_deadzone_left
7570.5331,,,,0,0.0000,0.1600,0,-80,ang_deadzone_left
7570.5498,1.43839,-0.02138,1.24133,1,0.0000,0.1600,0,-80,ang_deadzone_left
7570.5664,,,,0,0.0000,0.1600,0,-80,ang_deadzone_left
7570.5831,1.45664,-0.01772,0.91607,1,0.0000,0.1600,0,-80,ang_deadzone_left
7570.5998,1.44932,-0.01401,0.74251,1,0.0000,0.1600,0,-80,ang_deadzone_left
7570.6164,1.45434,-0.00942,0.57190,1,0.0000,0.1600,0,-80,ang_deadzone_left
7570.6331,1.46726,-0.00371,-0.13919,1,0.0000,0.1600,0,-80,ang_deadzone_left
7570.6497,1.42838,0.00166,-0.04906,1,0.0000,0.1600,0,-80,ang_deadzone_left
7570.6664,1.49518,0.00781,0.03745,1,0.0000,0.1600,0,-80,ang_deadzone_left
7570.6831,1.42898,0.01459,-0.14253,1,0.0000,0.1600,0,-80,ang_deadzone_left
7570.6997,1.46016,0.02152,0.27881,1,0.0000,0.1600,0,-80,ang_deadzone_left
7570.7164,1.45386,0.02595,0.35950,1,0.0000,0.1600,0,-80,ang_deadzone_left
7570.7331,1.44780,0.03237,-0.72253,1,0.0000,0.1600,0,-80,ang_deadzone_left
7570.7497,1.46575,0.03726,0.68754,1,0.0000,0.1600,0,-80,ang_deadzone_left
7570.7664,1.42017,0.03948,-1.08044,1,0.0000,0.1600,0,-80,ang_deadzone_left
7570.7831,,,,0,0.0000,0.1600,0,-80,ang_deadzone_left
7570.7997,1.47287,0.04695,1.40694,1,0.0000,0.1600,0,-80,ang_deadzone_left
7570.8164,,,,0,0.0000,0.1600,0,-80,ang_deadzone_left
7570.8331,,,,0,0.0000,0.1600,0,-80,ang_deadzone_left
7570.8497,,,,0,0.0000,0.1600,0,-80,ang_deadzone_left
7570.8664,,,,0,0.0000,0.1600,0,-80,ang_deadzone_left
7570.8831,,,,0,0.0000,0.1600,0,-80,ang_deadzone_left
7570.8997,,,,0,0.0000,0.1600,0,-80,ang_deadzone_left
7570.9164,,,,0,0.0000,0.1600,0,-80,ang_deadzone_left
7570.9330,,,,0,0.0000,0.1600,0,-80,ang_deadzone_left
7570.9497,,,,0,0.0000,0.1600,0,-80,ang_deadzone_left
7570.9664,,,,0,0.0000,0.1600,0,-80,ang_deadzone_left
7570.9830,,,,0,0.0000,0.1600,0,-80,ang_deadzone_left
7570.9997,,,,0,0.0000,0.1600,0,-80,ang_deadzone_left
7571.0164,,,,0,0.0000,0.1600,0,-80,ang_deadzone_left
7571.0330,,,,0,0.0000,0.2000,0,-100,ang_deadzone_left
7571.0497,,,,0,0.0000,0.2000,0,-100,ang_deadzone_left
7571.0664,,,,0,0.0000,0.2000,0,-100,ang_deadzone_left
7571.0830,,,,0,0.0000,0.2000,0,-100,ang_deadzone_left
7571.0997,,,,0,0.0000,0.2000,0,-100,ang_deadzone_left
7571.1164,1.51429,-0.02479,1.49795,1,0.0000,0.2000,0,-100,ang_deadzone_left
7571.1330,,,,0,0.0000,0.2000,0,-100,ang_deadzone_left
7571.1497,1.44652,-0.02650,1.08000,1,0.0000,0.2000,0,-100,ang_deadzone_left
7571.1663,,,,0,0.0000,0.2000,0,-100,ang_deadzone_left
7571.1830,1.47111,-0.02225,0.66968,1,0.0000,0.2000,0,-100,ang_deadzone_left
7571.1997,1.47748,-0.01827,0.51307,1,0.0000,0.2000,0,-100,ang_deadzone_left
7571.2163,1.48893,-0.01204,-0.13544,1,0.0000,0.2000,0,-100,ang_deadzone_left
7571.2330,1.42242,-0.00760,0.01510,1,0.0000,0.2000,0,-100,ang_deadzone_left
7571.2497,1.42795,-0.00004,-0.18288,1,0.0000,0.2000,0,-100,ang_deadzone_left
7571.2663,1.44505,0.00843,-0.42733,1,0.0000,0.2000,0,-100,ang_deadzone_left
7571.2830,1.45872,0.01575,-0.63424,1,0.0000,0.2000,0,-100,ang_deadzone_left
7571.2997,1.42926,0.02188,-0.82858,1,0.0000,0.2000,0,-100,ang_deadzone_left
7571.3163,1.45719,0.02705,0.80561,1,0.0000,0.2000,0,-100,ang_deadzone_left
7571.3330,1.41019,0.03091,-1.23687,1,0.0000,0.2000,0,-100,ang_deadzone_left
7571.3497,,,,0,0.0000,0.2000,0,-100,ang_deadzone_left
7571.3663,,,,0,0.0000,0.2000,0,-100,ang_deadzone_left
7571.3830,,,,0,0.0000,0.2000,0,-100,ang_deadzone_left
7571.3996,,,,0,0.0000,0.2000,0,-100,ang_deadzone_left
7571.4163,,,,0,0.0000,0.2000,0,-100,ang_deadzone_left
7571.4330,,,,0,0.0000,0.2000,0,-100,ang_deadzone_left
7571.4496,,,,0,0.0000,0.2000,0,-100,ang_deadzone_left
7571.4663,,,,0,0.0000,0.2000,0,-100,ang_deadzone_left
7571.4830,,,,0,0.0000,0.2000,0,-100,ang_deadzone_left
7571.4996,,,,0,0.0000,0.2000,0,-100,ang_deadzone_left
7571.5162,,,,0,0.0000,0.2000,0,-100,ang_deadzone_left
7571.5329,,,,0,0.0000,0.2000,0,-100,ang_deadzone_left
7571.5495,,,,0,0.0000,0.2000,0,-100,ang_deadzone_left
7571.5662,,,,0,0.0000,0.2000,0,-100,ang_deadzone_left
7571.5829,,,,0,0.0000,0.2000,0,-100,ang_deadzone_left
7571.5995,,,,0,0.0000,0.2000,0,-100,ang_deadzone_left
7571.6162,,,,0,0.0000,0.2000,0,-100,ang_deadzone_left
7571.6329,,,,0,0.0000,0.2000,0,-100,ang_deadzone_left
7571.6495,1.43874,-0.02315,1.24860,1,0.0000,0.2000,0,-100,ang_deadzone_left
7571.6662,1.51222,-0.02252,0.98156,1,0.0000,0.2000,0,-100,ang_deadzone_left
7571.6829,1.51028,-0.02010,0.86166,1,0.0000,0.2000,0,-100,ang_deadzone_left
7571.6995,1.47138,-0.01751,0.61427,1,0.0000,0.2000,0,-100,ang_deadzone_left
7571.7162,1.46798,-0.01298,-0.25683,1,0.0000,0.2000,0,-100,ang_deadzone_left
7571.7329,1.48430,-0.00761,0.27517,1,0.0000,0.2000,0,-100,ang_deadzone_left
7571.7495,1.39950,-0.00275,0.01204,1,0.0000,0.2000,0,-100,ang_deadzone_left
7571.7662,1.48432,0.00691,0.14619,1,0.0000,0.2000,0,-100,ang_deadzone_left
7571.7828,1.46862,0.01287,0.32985,1,0.0000,0.2000,0,-100,ang_deadzone_left
7571.7995,1.45499,0.01988,-0.67610,1,0.0000,0.2000,0,-100,ang_deadzone_left
7571.8162,1.42284,0.02551,-0.87194,1,0.0000,0.2000,0,-100,ang_deadzone_left
7571.8328,1.44871,0.03103,0.83768,1,0.0000,0.2400,0,-120,ang_deadzone_left
7571.8495,,,,0,0.0000,0.2400,0,-120,ang_deadzone_left
7571.8662,,,,0,0.0000,0.2400,0,-120,ang_deadzone_left
7571.8828,,,,0,0.0000,0.2400,0,-120,ang_deadzone_left
7571.8995,,,,0,0.0000,0.2400,0,-120,ang_deadzone_left
7571.9162,,,,0,0.0000,0.2400,0,-120,ang_deadzone_left
7571.9328,,,,0,0.0000,0.2400,0,-120,ang_deadzone_left
7571.9495,,,,0,0.0000,0.2400,0,-120,ang_deadzone_left
7571.9662,,,,0,0.0000,0.2400,0,-120,ang_deadzone_left
7571.9828,,,,0,0.0000,0.2400,0,-120,ang_deadzone_left
7571.9995,,,,0,0.0000,0.2400,0,-120,ang_deadzone_left
7572.0162,,,,0,0.0000,0.2400,0,-120,ang_deadzone_left
7572.0328,,,,0,0.0000,0.2400,0,-120,ang_deadzone_left
7572.0495,,,,0,0.0000,0.2400,0,-120,ang_deadzone_left
7572.0661,,,,0,0.0000,0.2400,0,-120,ang_deadzone_left
7572.0828,,,,0,0.0000,0.2400,0,-120,ang_deadzone_left
7572.0995,,,,0,0.0000,0.2400,0,-120,ang_deadzone_left
7572.1161,1.52226,-0.01250,1.46624,1,0.0000,0.2400,0,-120,ang_deadzone_left
7572.1328,1.47271,-0.01627,1.24732,1,0.0000,0.2400,0,-120,ang_deadzone_left
7572.1495,1.49743,-0.01874,1.02940,1,0.0000,0.2400,0,-120,ang_deadzone_left
7572.1661,1.51451,-0.01741,0.87676,1,0.0000,0.2400,0,-120,ang_deadzone_left
7572.1828,1.47484,-0.01744,0.65051,1,0.0000,0.2400,0,-120,ang_deadzone_left
7572.1995,1.49988,-0.01426,-0.24541,1,0.0000,0.2400,0,-120,ang_deadzone_left
7572.2161,1.45219,-0.00970,0.17144,1,0.0000,0.2400,0,-120,ang_deadzone_left
7572.2328,1.44593,-0.00541,-0.04897,1,0.0000,0.2400,0,-120,ang_deadzone_left
7572.2495,1.48120,0.00281,-0.33671,1,0.0000,0.2400,0,-120,ang_deadzone_left
7572.2661,1.44872,0.00892,-0.58620,1,0.0000,0.2400,0,-120,ang_deadzone_left
7572.2828,1.45293,0.01562,0.57798,1,0.0000,0.2400,0,-120,ang_deadzone_left
7572.2994,1.42762,0.02210,-1.02180,1,0.0000,0.2400,0,-120,ang_deadzone_left
7572.3161,1.40963,0.02720,-1.23651,1,0.0000,0.2400,0,-120,ang_deadzone_left
7572.3328,,,,0,0.0000,0.2400,0,-120,ang_deadzone_left
7572.3494,,,,0,0.0000,0.2400,0,-120,ang_deadzone_left
7572.3661,,,,0,0.0000,0.2400,0,-120,ang_deadzone_left
7572.3828,,,,0,0.0000,0.2400,0,-120,ang_deadzone_left
7572.3994,,,,0,0.0000,0.2400,0,-120,ang_deadzone_left
7572.4161,,,,0,0.0000,0.2400,0,-120,ang_deadzone_left
7572.4328,,,,0,0.0000,0.2400,0,-120,ang_deadzone_left
7572.4494,,,,0,0.0000,0.2400,0,-120,ang_deadzone_left
7572.4661,,,,0,0.0000,0.2400,0,-120,ang_deadzone_left
7572.4828,,,,0,0.0000,0.2400,0,-120,ang_deadzone_left
7572.4994,,,,0,0.0000,0.2400,0,-120,ang_deadzone_left
7572.5161,,,,0,0.0000,0.2400,0,-120,ang_deadzone_left
7572.5327,,,,0,0.0000,0.2400,0,-120,ang_deadzone_left
7572.5494,,,,0,0.0000,0.2400,0,-120,ang_deadzone_left
7572.5661,,,,0,0.0000,0.2400,0,-120,ang_deadzone_left
7572.5827,,,,0,0.0000,0.2400,0,-120,ang_deadzone_left
7572.5994,,,,0,0.0000,0.2400,0,-120,ang_deadzone_left
7572.6161,,,,0,0.0000,0.2400,0,-120,ang_deadzone_left
7572.6327,1.47972,-0.01544,1.00382,1,0.0000,0.2400,0,-120,ang_deadzone_left
7572.6494,1.57259,-0.01562,-0.50660,1,0.0000,0.2800,0,-140,ang_deadzone_left
7572.6661,1.47071,-0.01507,0.57137,1,0.0000,0.2800,0,-140,ang_deadzone_left
7572.6827,1.48191,-0.01164,-0.17329,1,0.0000,0.2800,0,-140,ang_deadzone_left
7572.6994,1.34721,-0.00722,0.02357,1,0.0000,0.2800,0,-140,ang_deadzone_left
7572.7161,1.45374,-0.00141,-0.20223,1,0.0000,0.2800,0,-140,ang_deadzone_left
7572.7327,1.47342,0.00587,-0.45878,1,0.0000,0.2800,0,-140,ang_deadzone_left
7572.7494,1.46333,0.01349,-0.68613,1,0.0000,0.2800,0,-140,ang_deadzone_left
7572.7660,1.44458,0.02009,0.71174,1,0.0000,0.2800,0,-140,ang_deadzone_left
7572.7827,1.43011,0.02691,-1.22656,1,0.0000,0.2800,0,-140,ang_deadzone_left
7572.7994,,,,0,0.0000,0.2800,0,-140,ang_deadzone_left
7572.8160,,,,0,0.0000,0.2800,0,-140,ang_deadzone_left
7572.8327,,,,0,0.0000,0.2800,0,-140,ang_deadzone_left
7572.8494,,,,0,0.0000,0.2800,0,-140,ang_deadzone_left
7572.8660,,,,0,0.0000,0.2800,0,-140,ang_deadzone_left
7572.8827,,,,0,0.0000,0.2800,0,-140,ang_deadzone_left
7572.8994,,,,0,0.0000,0.2800,0,-140,ang_deadzone_left
7572.9160,,,,0,0.0000,0.2800,0,-140,ang_deadzone_left
7572.9327,,,,0,0.0000,0.2800,0,-140,ang_deadzone_left
7572.9494,,,,0,0.0000,0.2800,0,-140,ang_deadzone_left
7572.9660,,,,0,0.0000,0.2800,0,-140,ang_deadzone_left
7572.9827,,,,0,0.0000,0.2800,0,-140,ang_deadzone_left
7572.9993,,,,0,0.0000,0.2800,0,-140,ang_deadzone_left
7573.0160,,,,0,0.0000,0.2800,0,-140,ang_deadzone_left
7573.0327,,,,0,0.0000,0.2800,0,-140,ang_deadzone_left
7573.0493,,,,0,0.0000,0.2800,0,-140,ang_deadzone_left
7573.0660,,,,0,0.0000,0.2800,0,-140,ang_deadzone_left
7573.0827,1.49284,-0.01947,-0.61307,1,0.0000,0.2800,0,-140,ang_deadzone_left
7573.0993,1.48566,-0.02078,0.69696,1,0.0000,0.2800,0,-140,ang_deadzone_left
7573.1160,1.47674,-0.02085,0.44456,1,0.0000,0.2800,0,-140,ang_deadzone_left
7573.1327,1.46676,-0.01774,0.23678,1,0.0000,0.2800,0,-140,ang_deadzone_left
7573.1493,1.46381,-0.01286,0.03881,1,0.0000,0.2800,0,-140,ang_deadzone_left
7573.1660,1.45181,-0.00704,0.16981,1,0.0000,0.2800,0,-140,ang_deadzone_left
7573.1827,1.46584,-0.00078,0.37409,1,0.0000,0.2800,0,-140,ang_deadzone_left
7573.1993,1.43956,0.00626,-0.76891,1,0.0000,0.2800,0,-140,ang_deadzone_left
7573.2160,1.43426,0.01359,-0.99716,1,0.0000,0.2800,0,-140,ang_deadzone_left
7573.2326,1.42586,0.01870,-1.25463,1,0.0000,0.2800,0,-140,ang_deadzone_left
7573.2493,,,,0,0.0000,0.2800,0,-140,ang_deadzone_left
7573.2660,,,,0,0.0000,0.2800,0,-140,ang_deadzone_left
7573.2826,,,,0,0.0000,0.2800,0,-140,ang_deadzone_left
7573.2993,,,,0,0.0000,0.2800,0,-140,ang_deadzone_left
7573.3160,,,,0,0.0000,0.2800,0,-140,ang_deadzone_left
7573.3326,,,,0,0.0000,0.2800,0,-140,ang_deadzone_left
7573.3493,,,,0,0.0000,0.2800,0,-140,ang_deadzone_left
7573.3660,,,,0,0.0000,0.2800,0,-140,ang_deadzone_left
7573.3826,,,,0,0.0000,0.2800,0,-140,ang_deadzone_left
7573.3993,,,,0,0.0000,0.2800,0,-140,ang_deadzone_left
7573.4160,,,,0,0.0000,0.2800,0,-140,ang_deadzone_left
7573.4326,,,,0,0.0000,0.2800,0,-140,ang_deadzone_left
7573.4493,,,,0,0.0000,0.2800,0,-140,ang_deadzone_left
7573.4659,,,,0,0.0000,0.0000,0,0,ang_deadzone_left
7573.4826,,,,0,0.0000,0.0000,0,0,ang_deadzone_left
7573.4993,,,,0,0.0000,0.0000,0,0,ang_deadzone_left
7573.5159,,,,0,0.0000,0.0000,0,0,ang_deadzone_left
7573.5326,,,,0,0.0000,0.0000,0,0,ang_deadzone_left
7573.5493,,,,0,0.0000,0.0000,0,0,ang_deadzone_left
7573.5659,,,,0,0.0000,0.0000,0,0,ang_deadzone_left
7573.5826,,,,0,0.0000,0.0000,0,0,ang_deadzone_left
7573.5993,,,,0,0.0000,0.0000,0,0,ang_deadzone_left
7573.6159,,,,0,0.0000,0.0000,0,0,ang_deadzone_left
7573.6326,,,,0,0.0000,0.0000,0,0,ang_deadzone_left
7573.6493,,,,0,0.0000,0.0000,0,0,ang_deadzone_left
7573.6659,,,,0,0.0000,0.0000,0,0,ang_deadzone_left
7573.6826,,,,0,0.0000,0.0000,0,0,ang_deadzone_left
7573.6992,,,,0,0.0000,0.0000,0,0,ang_deadzone_left
7573.7159,,,,0,0.0000,0.0000,0,0,ang_deadzone_left
7573.7326,,,,0,0.0000,0.0000,0,0,ang_deadzone_left
7573.7492,,,,0,0.0000,0.0000,0,0,ang_deadzone_left
7573.7659,,,,0,0.0000,0.0000,0,0,ang_deadzone_left
7573.7826,,,,0,0.0000,0.0000,0,0,ang_deadzone_left
7573.7992,,,,0,0.0000,0.0000,0,0,ang_deadzone_left
7573.8159,,,,0,0.0000,0.0000,0,0,ang_deadzone_left
7573.8326,,,,0,0.0000,0.0000,0,0,ang_deadzone_left
7573.8492,,,,0,0.0000,0.0000,0,0,ang_deadzone_left
7573.8659,,,,0,0.0000,0.0000,0,0,ang_deadzone_left
7573.8826,,,,0,0.0000,0.0000,0,0,ang_deadzone_left
7573.8992,,,,0,0.0000,0.0000,0,0,ang_deadzone_left
7573.9159,,,,0,0.0000,0.0000,0,0,ang_deadzone_left
7573.9325,,,,0,0.0000,0.0000,0,0,ang_deadzone_left
7573.9492,,,,0,0.0000,0.0000,0,0,ang_deadzone_left
7573.9659,,,,0,0.0000,0.0000,0,0,ang_deadzone_left
7573.9825,,,,0,0.0000,0.0000,0,0,ang_deadzone_left
7573.9992,,,,0,0.0000,0.0000,0,0,ang_deadzone_left
7574.0159,,,,0,0.0000,0.0000,0,0,ang_deadzone_left
7574.0325,,,,0,0.0000,0.0000,0,0,ang_deadzone_left
7574.0492,,,,0,0.0000,0.0000,0,0,ang_deadzone_left
7574.0659,,,,0,0.0000,0.0000,0,0,ang_deadzone_left
7574.0825,,,,0,0.0000,0.0000,0,0,ang_deadzone_left
7574.0992,,,,0,0.0000,0.0000,0,0,ang_deadzone_left
7574.1159,,,,0,0.0000,0.0000,0,0,ang_deadzone_left
7574.1325,,,,0,0.0000,0.0000,0,0,ang_deadzone_left
7574.1492,,,,0,0.0000,0.0000,0,0,ang_deadzone_left
7574.1658,,,,0,0.0000,0.0000,0,0,ang_deadzone_left
7574.1825,,,,0,0.0000,0.0000,0,0,ang_deadzone_left
7574.1992,,,,0,0.0000,0.0000,0,0,ang_deadzone_left
7574.2158,,,,0,0.0000,0.0000,0,0,ang_deadzone_left
7574.2325,1.49616,-0.02199,1.27142,1,0.0000,0.0000,0,0,ang_deadzone_left
7574.2492,,,,0,0.0000,0.0000,0,0,ang_deadzone_left
7574.2658,,,,0,0.0000,0.0000,0,0,ang_deadzone_left
7574.2825,,,,0,0.0000,-0.0400,0,20,ang_deadzone_right
7574.2992,,,,0,0.0000,-0.0400,0,20,ang_deadzone_right
7574.3158,,,,0,0.0000,-0.0400,0,20,ang_deadzone_right
7574.3325,,,,0,0.0000,-0.0400,0,20,ang_deadzone_right
7574.3492,,,,0,0.0000,-0.0400,0,20,ang_deadzone_right
7574.3658,,,,0,0.0000,-0.0400,0,20,ang_deadzone_right
7574.3825,,,,0,0.0000,-0.0400,0,20,ang_deadzone_right
7574.3991,,,,0,0.0000,-0.0400,0,20,ang_deadzone_right
7574.4158,,,,0,0.0000,-0.0400,0,20,ang_deadzone_right
7574.4325,,,,0,0.0000,-0.0400,0,20,ang_deadzone_right
7574.4491,,,,0,0.0000,-0.0400,0,20,ang_deadzone_right
7574.4658,,,,0,0.0000,-0.0400,0,20,ang_deadzone_right
7574.4825,,,,0,0.0000,-0.0400,0,20,ang_deadzone_right
7574.4991,,,,0,0.0000,-0.0400,0,20,ang_deadzone_right
7574.5158,,,,0,0.0000,-0.0400,0,20,ang_deadzone_right
7574.5325,,,,0,0.0000,-0.0400,0,20,ang_deadzone_right
7574.5491,,,,0,0.0000,-0.0400,0,20,ang_deadzone_right
7574.5658,,,,0,0.0000,-0.0400,0,20,ang_deadzone_right
7574.5825,,,,0,0.0000,-0.0400,0,20,ang_deadzone_right
7574.5991,,,,0,0.0000,-0.0400,0,20,ang_deadzone_right
7574.6158,,,,0,0.0000,-0.0400,0,20,ang_deadzone_right
7574.6324,,,,0,0.0000,-0.0400,0,20,ang_deadzone_right
7574.6491,,,,0,0.0000,-0.0400,0,20,ang_deadzone_right
7574.6658,,,,0,0.0000,-0.0400,0,20,ang_deadzone_right
7574.6824,,,,0,0.0000,-0.0400,0,20,ang_deadzone_right
7574.6991,,,,0,0.0000,-0.0400,0,20,ang_deadzone_right
7574.7158,,,,0,0.0000,-0.0400,0,20,ang_deadzone_right
7574.7324,,,,0,0.0000,-0.0400,0,20,ang_deadzone_right
7574.7491,,,,0,0.0000,-0.0400,0,20,ang_deadzone_right
7574.7658,,,,0,0.0000,-0.0400,0,20,ang_deadzone_right
7574.7824,,,,0,0.0000,-0.0400,0,20,ang_deadzone_right
7574.7991,,,,0,0.0000,-0.0400,0,20,ang_deadzone_right
7574.8158,,,,0,0.0000,-0.0400,0,20,ang_deadzone_right
7574.8324,,,,0,0.0000,-0.0400,0,20,ang_deadzone_right
7574.8491,,,,0,0.0000,-0.0400,0,20,ang_deadzone_right
7574.8657,,,,0,0.0000,-0.0400,0,20,ang_deadzone_right
7574.8824,,,,0,0.0000,-0.0400,0,20,ang_deadzone_right
7574.8991,,,,0,0.0000,-0.0400,0,20,ang_deadzone_right
7574.9157,,,,0,0.0000,-0.0400,0,20,ang_deadzone_right
7574.9324,,,,0,0.0000,-0.0400,0,20,ang_deadzone_right
7574.9491,,,,0,0.0000,-0.0400,0,20,ang_deadzone_right
7574.9657,,,,0,0.0000,-0.0400,0,20,ang_deadzone_right
7574.9824,,,,0,0.0000,-0.0400,0,20,ang_deadzone_right
7574.9991,,,,0,0.0000,-0.0400,0,20,ang_deadzone_right
7575.0157,,,,0,0.0000,-0.0400,0,20,ang_deadzone_right
7575.0324,,,,0,0.0000,-0.0400,0,20,ang_deadzone_right
7575.0491,,,,0,0.0000,-0.0400,0,20,ang_deadzone_right
7575.0657,,,,0,0.0000,-0.0400,0,20,ang_deadzone_right
7575.0824,,,,0,0.0000,-0.0400,0,20,ang_deadzone_right
7575.0990,1.47337,0.04980,-1.34247,1,0.0000,-0.0800,0,40,ang_deadzone_right
7575.1157,,,,0,0.0000,-0.0800,0,40,ang_deadzone_right
7575.1324,1.47521,0.04806,-1.16440,1,0.0000,-0.0800,0,40,ang_deadzone_right
7575.1490,,,,0,0.0000,-0.0800,0,40,ang_deadzone_right
7575.1657,1.47510,0.04353,0.75468,1,0.0000,-0.0800,0,40,ang_deadzone_right
7575.1824,1.44815,0.04073,-0.84351,1,0.0000,-0.0800,0,40,ang_deadzone_right
7575.1990,1.48537,0.03976,-0.73533,1,0.0000,-0.0800,0,40,ang_deadzone_right
7575.2157,1.47423,0.03583,0.46674,1,0.0000,-0.0800,0,40,ang_deadzone_right
7575.2324,1.47262,0.03262,-0.53778,1,0.0000,-0.0800,0,40,ang_deadzone_right
7575.2490,1.48160,0.02824,-0.41019,1,0.0000,-0.0800,0,40,ang_deadzone_right
7575.2657,1.46627,0.02508,0.16624,1,0.0000,-0.0800,0,40,ang_deadzone_right
7575.2824,1.45593,0.02097,0.12980,1,0.0000,-0.0800,0,40,ang_deadzone_right
7575.2990,1.49413,0.01801,-0.04601,1,0.0000,-0.0800,0,40,ang_deadzone_right
7575.3157,1.32368,0.00733,0.13082,1,0.0000,-0.0800,0,40,ang_deadzone_right
7575.3323,1.53345,0.01071,-0.09785,1,0.0000,-0.0800,0,40,ang_deadzone_right
7575.3490,1.51316,0.00661,-0.11374,1,0.0000,-0.0800,0,40,ang_deadzone_right
7575.3657,1.52846,0.00270,-0.24137,1,0.0000,-0.0800,0,40,ang_deadzone_right
7575.3823,1.45327,-0.00226,0.48841,1,0.0000,-0.0800,0,40,ang_deadzone_right
7575.3990,1.47512,-0.00555,0.65205,1,0.0000,-0.0800,0,40,ang_deadzone_right
7575.4157,1.48457,-0.00804,-0.43852,1,0.0000,-0.0800,0,40,ang_deadzone_right
7575.4323,1.48878,-0.01215,0.83236,1,0.0000,-0.0800,0,40,ang_deadzone_right
7575.4490,1.52035,-0.01284,-0.64604,1,0.0000,-0.0800,0,40,ang_deadzone_right
7575.4657,1.49135,-0.01536,-0.78221,1,0.0000,-0.0800,0,40,ang_deadzone_right
7575.4823,,,,0,0.0000,-0.0800,0,40,ang_deadzone_right
7575.4990,,,,0,0.0000,-0.0800,0,40,ang_deadzone_right
7575.5157,,,,0,0.0000,-0.0800,0,40,ang_deadzone_right
7575.5323,,,,0,0.0000,-0.0800,0,40,ang_deadzone_right
7575.5490,,,,0,0.0000,-0.0800,0,40,ang_deadzone_right
7575.5657,,,,0,0.0000,-0.0800,0,40,ang_deadzone_right
7575.5823,,,,0,0.0000,-0.0800,0,40,ang_deadzone_right
7575.5990,,,,0,0.0000,-0.0800,0,40,ang_deadzone_right
7575.6156,,,,0,0.0000,-0.0800,0,40,ang_deadzone_right
7575.6323,,,,0,0.0000,-0.0800,0,40,ang_deadzone_right
7575.6490,,,,0,0.0000,-0.0800,0,40,ang_deadzone_right
7575.6656,,,,0,0.0000,-0.0800,0,40,ang_deadzone_right
7575.6823,,,,0,0.0000,-0.0800,0,40,ang_deadzone_right
7575.6990,,,,0,0.0000,-0.0800,0,40,ang_deadzone_right
7575.7156,,,,0,0.0000,-0.0800,0,40,ang_deadzone_right
7575.7323,,,,0,0.0000,-0.0800,0,40,ang_deadzone_right
7575.7490,,,,0,0.0000,-0.0800,0,40,ang_deadzone_right
7575.7656,,,,0,0.0000,-0.0800,0,40,ang_deadzone_right
7575.7823,,,,0,0.0000,-0.0800,0,40,ang_deadzone_right
7575.7990,,,,0,0.0000,-0.0800,0,40,ang_deadzone_right
7575.8156,,,,0,0.0000,-0.0800,0,40,ang_deadzone_right
7575.8323,,,,0,0.0000,-0.0800,0,40,ang_deadzone_right
7575.8489,,,,0,0.0000,-0.0800,0,40,ang_deadzone_right
7575.8656,,,,0,0.0000,-0.0800,0,40,ang_deadzone_right
7575.8823,,,,0,0.0000,-0.0800,0,40,ang_deadzone_right
7575.8989,,,,0,0.0000,-0.1200,0,60,ang_deadzone_right
7575.9156,,,,0,0.0000,-0.1200,0,60,ang_deadzone_right
7575.9323,,,,0,0.0000,-0.1200,0,60,ang_deadzone_right
7575.9489,,,,0,0.0000,-0.1200,0,60,ang_deadzone_right
7575.9656,,,,0,0.0000,-0.1200,0,60,ang_deadzone_right
7575.9823,,,,0,0.0000,-0.1200,0,60,ang_deadzone_right
7575.9989,,,,0,0.0000,-0.1200,0,60,ang_deadzone_right
7576.0156,1.46230,0.05185,-1.32045,1,0.0000,-0.1200,0,60,ang_deadzone_right
7576.0323,1.50768,0.05247,-1.09174,1,0.0000,-0.1200,0,60,ang_deadzone_right
7576.0489,1.50473,0.05041,-0.96384,1,0.0000,-0.1200,0,60,ang_deadzone_right
7576.0656,1.47875,0.04525,0.63594,1,0.0000,-0.1200,0,60,ang_deadzone_right
7576.0822,1.47769,0.04237,-0.69086,1,0.0000,-0.1200,0,60,ang_deadzone_right
7576.0989,1.49242,0.03853,-0.48315,1,0.0000,-0.1200,0,60,ang_deadzone_right
7576.1156,1.47808,0.03390,0.20145,1,0.0000,-0.1200,0,60,ang_deadzone_right
7576.1322,1.50065,0.02917,0.15615,1,0.0000,-0.1200,0,60,ang_deadzone_right
7576.1489,1.51303,0.02229,0.01634,1,0.0000,-0.1200,0,60,ang_deadzone_right
7576.1656,1.49763,0.01728,0.17234,1,0.0000,-0.1200,0,60,ang_deadzone_right
7576.1822,1.50908,0.01126,0.31730,1,0.0000,-0.1200,0,60,ang_deadzone_right
7576.1989,1.50539,0.00676,-0.27499,1,0.0000,-0.1200,0,60,ang_deadzone_right
7576.2156,1.49429,0.00078,0.65317,1,0.0000,-0.1200,0,60,ang_deadzone_right
7576.2322,1.47660,-0.00407,0.81522,1,0.0000,-0.1200,0,60,ang_deadzone_right
7576.2489,1.52472,-0.00704,-0.62024,1,0.0000,-0.1200,0,60,ang_deadzone_right
7576.2656,1.50106,-0.01136,1.07795,1,0.0000,-0.1200,0,60,ang_deadzone_right
7576.2822,,,,0,0.0000,-0.1200,0,60,ang_deadzone_right
7576.2989,,,,0,0.0000,-0.1200,0,60,ang_deadzone_right
7576.3155,,,,0,0.0000,-0.1200,0,60,ang_deadzone_right
7576.3322,,,,0,0.0000,-0.1200,0,60,ang_deadzone_right
7576.3489,,,,0,0.0000,-0.1200,0,60,ang_deadzone_right
7576.3655,,,,0,0.0000,-0.1200,0,60,ang_deadzone_right
7576.3822,,,,0,0.0000,-0.1200,0,60,ang_deadzone_right
7576.3989,,,,0,0.0000,-0.1200,0,60,ang_deadzone_right
7576.4155,,,,0,0.0000,-0.1200,0,60,ang_deadzone_right
7576.4322,,,,0,0.0000,-0.1200,0,60,ang_deadzone_right
7576.4489,,,,0,0.0000,-0.1200,0,60,ang_deadzone_right
7576.4655,,,,0,0.0000,-0.1200,0,60,ang_deadzone_right
7576.4822,,,,0,0.0000,-0.1200,0,60,ang_deadzone_right
7576.4989,,,,0,0.0000,-0.1200,0,60,ang_deadzone_right
7576.5155,,,,0,0.0000,-0.1200,0,60,ang_deadzone_right
7576.5322,,,,0,0.0000,-0.1200,0,60,ang_deadzone_right
7576.5488,,,,0,0.0000,-0.1200,0,60,ang_deadzone_right
7576.5655,,,,0,0.0000,-0.1200,0,60,ang_deadzone_right
7576.5822,,,,0,0.0000,-0.1200,0,60,ang_deadzone_right
7576.5988,,,,0,0.0000,-0.1200,0,60,ang_deadzone_right
7576.6155,,,,0,0.0000,-0.1200,0,60,ang_deadzone_right
7576.6322,,,,0,0.0000,-0.1200,0,60,ang_deadzone_right
7576.6488,,,,0,0.0000,-0.1200,0,60,ang_deadzone_right
7576.6655,,,,0,0.0000,-0.1200,0,60,ang_deadzone_right
7576.6822,,,,0,0.0000,-0.1200,0,60,ang_deadzone_right
7576.6988,,,,0,0.0000,-0.1200,0,60,ang_deadzone_right
7576.7155,1.45379,0.04925,-0.88929,1,0.0000,-0.1600,0,80,ang_deadzone_right
7576.7322,1.46038,0.04586,-0.74588,1,0.0000,-0.1600,0,80,ang_deadzone_right
7576.7488,1.48372,0.04223,-0.55123,1,0.0000,-0.1600,0,80,ang_deadzone_right
7576.7655,1.50418,0.03641,0.25361,1,0.0000,-0.1600,0,80,ang_deadzone_right
7576.7821,1.51031,0.03108,0.10484,1,0.0000,-0.1600,0,80,ang_deadzone_right
7576.7988,1.50107,0.02381,0.10793,1,0.0000,-0.1600,0,80,ang_deadzone_right
7576.8155,1.46141,0.01572,-0.14917,1,0.0000,-0.1600,0,80,ang_deadzone_right
7576.8321,1.47111,0.00837,0.52384,1,0.0000,-0.1600,0,80,ang_deadzone_right
7576.8488,1.48029,0.00215,0.73599,1,0.0000,-0.1600,0,80,ang_deadzone_right
7576.8655,,,,0,0.0000,-0.1600,0,80,ang_deadzone_right
7576.8821,,,,0,0.0000,-0.1600,0,80,ang_deadzone_right
7576.8988,,,,0,0.0000,-0.1600,0,80,ang_deadzone_right
7576.9155,,,,0,0.0000,-0.1600,0,80,ang_deadzone_right
7576.9321,,,,0,0.0000,-0.1600,0,80,ang_deadzone_right
7576.9488,,,,0,0.0000,-0.1600,0,80,ang_deadzone_right
7576.9655,,,,0,0.0000,-0.1600,0,80,ang_deadzone_right
7576.9821,,,,0,0.0000,-0.1600,0,80,ang_deadzone_right
7576.9988,,,,0,0.0000,-0.1600,0,80,ang_deadzone_right
7577.0154,,,,0,0.0000,-0.1600,0,80,ang_deadzone_right
7577.0321,,,,0,0.0000,-0.1600,0,80,ang_deadzone_right
7577.0488,,,,0,0.0000,-0.1600,0,80,ang_deadzone_right
7577.0654,,,,0,0.0000,-0.1600,0,80,ang_deadzone_right
7577.0821,,,,0,0.0000,-0.1600,0,80,ang_deadzone_right
7577.0988,,,,0,0.0000,-0.1600,0,80,ang_deadzone_right
7577.1154,,,,0,0.0000,-0.1600,0,80,ang_deadzone_right
7577.1321,,,,0,0.0000,-0.1600,0,80,ang_deadzone_right
7577.1488,,,,0,0.0000,-0.1600,0,80,ang_deadzone_right
7577.1654,,,,0,0.0000,-0.1600,0,80,ang_deadzone_right
7577.1821,,,,0,0.0000,-0.1600,0,80,ang_deadzone_right
7577.1988,1.51512,0.05865,1.01545,1,0.0000,-0.1600,0,80,ang_deadzone_right
7577.2154,1.48349,0.05436,0.74238,1,0.0000,-0.1600,0,80,ang_deadzone_right
7577.2321,1.48827,0.05162,-0.72035,1,0.0000,-0.1600,0,80,ang_deadzone_right
7577.2487,1.50052,0.04734,-0.54751,1,0.0000,-0.1600,0,80,ang_deadzone_right
7577.2654,1.52429,0.04171,-0.37922,1,0.0000,-0.1600,0,80,ang_deadzone_right
7577.2821,1.46469,0.03267,0.10988,1,0.0000,-0.1600,0,80,ang_deadzone_right
7577.2987,1.47329,0.02622,0.13542,1,0.0000,-0.1600,0,80,ang_deadzone_right
7577.3154,1.47954,0.01952,-0.15232,1,0.0000,-0.1600,0,80,ang_deadzone_right
7577.3321,1.48156,0.01136,0.54340,1,0.0000,-0.1600,0,80,ang_deadzone_right
7577.3487,,,,0,0.0000,-0.1600,0,80,ang_deadzone_right
7577.3654,1.53044,0.00076,0.92557,1,0.0000,-0.1600,0,80,ang_deadzone_right
7577.3821,,,,0,0.0000,-0.1600,0,80,ang_deadzone_right
7577.3987,,,,0,0.0000,-0.1600,0,80,ang_deadzone_right
7577.4154,,,,0,0.0000,-0.1600,0,80,ang_deadzone_right
7577.4321,,,,0,0.0000,-0.1600,0,80,ang_deadzone_right
7577.4487,,,,0,0.0000,-0.1600,0,80,ang_deadzone_right
7577.4654,,,,0,0.0000,-0.1600,0,80,ang_deadzone_right
7577.4820,,,,0,0.0000,-0.1600,0,80,ang_deadzone_right
7577.4987,,,,0,0.0000,-0.1600,0,80,ang_deadzone_right
7577.5154,,,,0,0.0000,-0.2000,0,100,ang_deadzone_right
7577.5320,,,,0,0.0000,-0.2000,0,100,ang_deadzone_right
7577.5487,,,,0,0.0000,-0.2000,0,100,ang_deadzone_right
7577.5654,,,,0,0.0000,-0.2000,0,100,ang_deadzone_right
7577.5820,,,,0,0.0000,-0.2000,0,100,ang_deadzone_right
7577.5987,,,,0,0.0000,-0.2000,0,100,ang_deadzone_right
7577.6154,,,,0,0.0000,-0.2000,0,100,ang_deadzone_right
7577.6320,,,,0,0.0000,-0.2000,0,100,ang_deadzone_right
7577.6487,,,,0,0.0000,-0.2000,0,100,ang_deadzone_right
7577.6654,,,,0,0.0000,-0.2000,0,100,ang_deadzone_right
7577.6820,,,,0,0.0000,-0.2000,0,100,ang_deadzone_right
7577.6987,1.48356,0.05946,-0.79151,1,0.0000,-0.2000,0,100,ang_deadzone_right
7577.7153,1.50289,0.05567,0.44585,1,0.0000,-0.2000,0,100,ang_deadzone_right
7577.7320,1.52604,0.05189,0.29702,1,0.0000,-0.2000,0,100,ang_deadzone_right
7577.7487,1.51940,0.04451,0.08770,1,0.0000,-0.2000,0,100,ang_deadzone_right
7577.7653,1.50230,0.03571,-0.08547,1,0.0000,-0.2000,0,100,ang_deadzone_right
7577.7820,1.53003,0.02785,0.45398,1,0.0000,-0.2000,0,100,ang_deadzone_right
7577.7987,1.47572,0.01926,0.71772,1,0.0000,-0.2000,0,100,ang_deadzone_right
7577.8153,1.54475,0.01363,0.98775,1,0.0000,-0.2000,0,100,ang_deadzone_right
7577.8320,,,,0,0.0000,-0.2000,0,100,ang_deadzone_right
7577.8487,,,,0,0.0000,-0.2000,0,100,ang_deadzone_right
7577.8653,,,,0,0.0000,-0.2000,0,100,ang_deadzone_right
7577.8820,,,,0,0.0000,-0.2000,0,100,ang_deadzone_right
7577.8987,,,,0,0.0000,-0.2000,0,100,ang_deadzone_right
7577.9153,,,,0,0.0000,-0.2000,0,100,ang_deadzone_right
7577.9320,,,,0,0.0000,-0.2000,0,100,ang_deadzone_right
7577.9486,,,,0,0.0000,-0.2000,0,100,ang_deadzone_right
7577.9653,,,,0,0.0000,-0.2000,0,100,ang_deadzone_right
7577.9820,,,,0,0.0000,-0.2000,0,100,ang_deadzone_right
7577.9986,,,,0,0.0000,-0.2000,0,100,ang_deadzone_right
7578.0153,,,,0,0.0000,-0.2000,0,100,ang_deadzone_right
7578.0320,,,,0,0.0000,-0.2000,0,100,ang_deadzone_right
7578.0486,,,,0,0.0000,-0.2000,0,100,ang_deadzone_right
7578.0653,,,,0,0.0000,-0.2000,0,100,ang_deadzone_right
7578.0820,,,,0,0.0000,-0.2000,0,100,ang_deadzone_right
7578.0986,1.48233,0.06991,0.90765,1,0.0000,-0.2000,0,100,ang_deadzone_right
7578.1153,1.48207,0.06867,-0.80889,1,0.0000,-0.2000,0,100,ang_deadzone_right
7578.1320,1.46771,0.06405,-0.61779,1,0.0000,-0.2000,0,100,ang_deadzone_right
7578.1486,1.51611,0.06104,-0.35189,1,0.0000,-0.2000,0,100,ang_deadzone_right
7578.1653,1.46987,0.05235,0.11646,1,0.0000,-0.2000,0,100,ang_deadzone_right
7578.1819,1.48657,0.04584,0.18872,1,0.0000,-0.2000,0,100,ang_deadzone_right
7578.1986,1.50212,0.03920,-0.17871,1,0.0000,-0.2000,0,100,ang_deadzone_right
7578.2153,1.48840,0.02989,-0.36711,1,0.0000,-0.2000,0,100,ang_deadzone_right
7578.2319,1.50098,0.02392,-0.53144,1,0.0000,-0.2000,0,100,ang_deadzone_right
7578.2486,,,,0,0.0000,-0.2000,0,100,ang_deadzone_right
7578.2653,,,,0,0.0000,-0.2000,0,100,ang_deadzone_right
7578.2819,,,,0,0.0000,-0.2000,0,100,ang_deadzone_right
7578.2986,,,,0,0.0000,-0.2000,0,100,ang_deadzone_right
7578.3153,,,,0,0.0000,-0.2000,0,100,ang_deadzone_right
7578.3319,,,,0,0.0000,-0.2000,0,100,ang_deadzone_right
7578.3486,,,,0,0.0000,-0.2400,0,120,ang_deadzone_right
7578.3653,,,,0,0.0000,-0.2400,0,120,ang_deadzone_right
7578.3819,,,,0,0.0000,-0.2400,0,120,ang_deadzone_right
7578.3986,,,,0,0.0000,-0.2400,0,120,ang_deadzone_right
7578.4153,,,,0,0.0000,-0.2400,0,120,ang_deadzone_right
7578.4319,,,,0,0.0000,-0.2400,0,120,ang_deadzone_right
7578.4486,,,,0,0.0000,-0.2400,0,120,ang_deadzone_right
7578.4652,,,,0,0.0000,-0.2400,0,120,ang_deadzone_right
7578.4819,,,,0,0.0000,-0.2400,0,120,ang_deadzone_right
7578.4986,1.51578,0.08096,0.93210,1,0.0000,-0.2400,0,120,ang_deadzone_right
7578.5152,1.49622,0.07884,0.72435,1,0.0000,-0.2400,0,120,ang_deadzone_right
7578.5319,1.51162,0.07759,0.49398,1,0.0000,-0.2400,0,120,ang_deadzone_right
7578.5486,1.51087,0.07284,-0.31708,1,0.0000,-0.2400,0,120,ang_deadzone_right
7578.5652,1.60141,0.07284,-0.07692,1,0.0000,-0.2400,0,120,ang_deadzone_right
7578.5819,1.59474,0.06487,-0.08970,1,0.0000,-0.2400,0,120,ang_deadzone_right
7578.5986,1.52499,0.05395,-0.28628,1,0.0000,-0.2400,0,120,ang_deadzone_right
7578.6152,1.48451,0.04382,0.85667,1,0.0000,-0.2400,0,120,ang_deadzone_right
7578.6319,,,,0,0.0000,-0.2400,0,120,ang_deadzone_right
7578.6485,,,,0,0.0000,-0.2400,0,120,ang_deadzone_right
7578.6652,,,,0,0.0000,-0.2400,0,120,ang_deadzone_right
7578.6819,,,,0,0.0000,-0.2400,0,120,ang_deadzone_right
7578.6985,,,,0,0.0000,-0.2400,0,120,ang_deadzone_right
7578.7152,,,,0,0.0000,-0.2400,0,120,ang_deadzone_right
7578.7319,,,,0,0.0000,-0.2400,0,120,ang_deadzone_right
7578.7485,,,,0,0.0000,-0.2400,0,120,ang_deadzone_right
7578.7652,,,,0,0.0000,-0.2400,0,120,ang_deadzone_right
7578.7819,,,,0,0.0000,-0.2400,0,120,ang_deadzone_right
7578.7985,,,,0,0.0000,-0.2400,0,120,ang_deadzone_right
7578.8152,,,,0,0.0000,-0.2400,0,120,ang_deadzone_right
7578.8319,,,,0,0.0000,-0.2400,0,120,ang_deadzone_right
7578.8485,,,,0,0.0000,-0.2400,0,120,ang_deadzone_right
7578.8652,1.46239,0.08873,-1.21297,1,0.0000,-0.2400,0,120,ang_deadzone_right
7578.8819,1.49407,0.09116,-0.93793,1,0.0000,-0.2400,0,120,ang_deadzone_right
7578.8985,1.50138,0.08953,0.58256,1,0.0000,-0.2400,0,120,ang_deadzone_right
7578.9152,1.52527,0.08679,-0.39132,1,0.0000,-0.2400,0,120,ang_deadzone_right
7578.9318,1.51025,0.08150,0.18134,1,0.0000,-0.2400,0,120,ang_deadzone_right
7578.9485,1.43731,0.07016,0.17558,1,0.0000,-0.2400,0,120,ang_deadzone_right
7578.9652,1.49313,0.06542,-0.17987,1,0.0000,-0.2400,0,120,ang_deadzone_right
7578.9818,1.48147,0.05733,-0.42824,1,0.0000,-0.2400,0,120,ang_deadzone_right
7578.9985,,,,0,0.0000,-0.2400,0,120,ang_deadzone_right
7579.0152,,,,0,0.0000,-0.2400,0,120,ang_deadzone_right
7579.0318,,,,0,0.0000,-0.2400,0,120,ang_deadzone_right
7579.0485,,,,0,0.0000,-0.2400,0,120,ang_deadzone_right
7579.0652,,,,0,0.0000,-0.2400,0,120,ang_deadzone_right
7579.0818,,,,0,0.0000,-0.2400,0,120,ang_deadzone_right
7579.0985,,,,0,0.0000,-0.2400,0,120,ang_deadzone_right
7579.1152,,,,0,0.0000,-0.2400,0,120,ang_deadzone_right
7579.1320,,,,0,0.0000,-0.2400,0,120,ang_deadzone_right
7579.1486,,,,0,0.0000,-0.2800,0,140,ang_deadzone_right
7579.1653,,,,0,0.0000,-0.2800,0,140,ang_deadzone_right
7579.1820,,,,0,0.0000,-0.2800,0,140,ang_deadzone_right
7579.1986,,,,0,0.0000,-0.2800,0,140,ang_deadzone_right
7579.2153,,,,0,0.0000,-0.2800,0,140,ang_deadzone_right
7579.2320,,,,0,0.0000,-0.2800,0,140,ang_deadzone_right
7579.2486,1.49790,0.10070,-0.90859,1,0.0000,-0.2800,0,140,ang_deadzone_right
7579.2653,1.47101,0.09759,-0.60099,1,0.0000,-0.2800,0,140,ang_deadzone_right
7579.2819,1.52307,0.09711,0.28098,1,0.0000,-0.2800,0,140,ang_deadzone_right
7579.2986,1.56533,0.09360,0.14583,1,0.0000,-0.2800,0,140,ang_deadzone_right
7579.3153,1.47789,0.08104,0.32438,1,0.0000,-0.2800,0,140,ang_deadzone_right
7579.3319,1.47676,0.07407,-0.28682,1,0.0000,-0.2800,0,140,ang_deadzone_right
7579.3486,1.49668,0.06772,-0.54897,1,0.0000,-0.2800,0,140,ang_deadzone_right
7579.3653,1.45137,0.05898,1.26775,1,0.0000,-0.2800,0,140,ang_deadzone_right
7579.3819,,,,0,0.0000,-0.2800,0,140,ang_deadzone_right
7579.3986,,,,0,0.0000,-0.2800,0,140,ang_deadzone_right
7579.4153,,,,0,0.0000,-0.2800,0,140,ang_deadzone_right
7579.4319,,,,0,0.0000,-0.2800,0,140,ang_deadzone_right
7579.4486,,,,0,0.0000,-0.2800,0,140,ang_deadzone_right
7579.4653,,,,0,0.0000,-0.2800,0,140,ang_deadzone_right
7579.4819,,,,0,0.0000,-0.2800,0,140,ang_deadzone_right
7579.4986,,,,0,0.0000,-0.2800,0,140,ang_deadzone_right
7579.5152,,,,0,0.0000,-0.2800,0,140,ang_deadzone_right
7579.5319,,,,0,0.0000,-0.2800,0,140,ang_deadzone_right
7579.5486,,,,0,0.0000,-0.2800,0,140,ang_deadzone_right
7579.5652,1.52090,0.10622,1.31501,1,0.0000,-0.2800,0,140,ang_deadzone_right
7579.5819,1.52770,0.10788,0.85998,1,0.0000,-0.2800,0,140,ang_deadzone_right
7579.5986,1.48031,0.10478,-0.68748,1,0.0000,-0.2800,0,140,ang_deadzone_right
7579.6152,1.50491,0.10384,0.29672,1,0.0000,-0.2800,0,140,ang_deadzone_right
7579.6319,1.49057,0.09851,-0.05038,1,0.0000,-0.2800,0,140,ang_deadzone_right
7579.6486,1.50431,0.09452,0.28736,1,0.0000,-0.2800,0,140,ang_deadzone_right
7579.6652,1.47592,0.08570,-0.23372,1,0.0000,-0.2800,0,140,ang_deadzone_right
7579.6819,,,,0,0.0000,-0.2800,0,140,ang_deadzone_right
7579.6986,,,,0,0.0000,-0.2800,0,140,ang_deadzone_right
7579.7152,,,,0,0.0000,-0.2800,0,140,ang_deadzone_right
7579.7319,,,,0,0.0000,-0.2800,0,140,ang_deadzone_right
7579.7485,,,,0,0.0000,-0.2800,0,140,ang_deadzone_right
7579.7652,,,,0,0.0000,-0.2800,0,140,ang_deadzone_right
7579.7819,,,,0,0.0000,-0.2800,0,140,ang_deadzone_right
7579.7985,,,,0,0.0000,-0.2800,0,140,ang_deadzone_right
7579.8152,,,,0,0.0000,-0.2800,0,140,ang_deadzone_right
7579.8319,,,,0,0.0000,-0.2800,0,140,ang_deadzone_right
7579.8485,,,,0,0.0000,-0.2800,0,140,ang_deadzone_right
7579.8652,,,,0,0.0000,-0.2800,0,140,ang_deadzone_right
7579.8819,,,,0,0.0000,-0.2800,0,140,ang_deadzone_right
7579.8985,,,,0,0.0000,-0.2800,0,140,ang_deadzone_right
7579.9152,1.51933,0.11580,-0.99239,1,0.0000,-0.2800,0,140,ang_deadzone_right
7579.9319,1.51580,0.11498,0.62556,1,0.0000,-0.2800,0,140,ang_deadzone_right
7579.9485,1.54888,0.11463,0.40339,1,0.0000,-0.2800,0,140,ang_deadzone_right
7579.9652,1.47052,0.10540,0.16533,1,0.0000,0.0000,0,0,ang_deadzone_right
7579.9818,1.47784,0.09965,0.22103,1,0.0000,0.0000,0,0,ang_deadzone_right
7579.9985,,,,0,0.0000,0.0000,0,0,ang_deadzone_right
7580.0152,1.52503,0.09289,-0.16480,1,0.0000,0.0000,0,0,ang_deadzone_right
7580.0318,1.49232,0.08591,-0.23561,1,0.0000,0.0000,0,0,ang_deadzone_right
7580.0485,1.50500,0.08473,0.60250,1,0.0000,0.0000,0,0,ang_deadzone_right
7580.0652,1.49334,0.08310,0.61264,1,0.0000,0.0000,0,0,ang_deadzone_right
7580.0818,1.49679,0.08367,0.61330,1,0.0000,0.0000,0,0,ang_deadzone_right
7580.0985,1.48785,0.08272,0.61232,1,0.0000,0.0000,0,0,ang_deadzone_right
7580.1152,1.51039,0.08420,0.61505,1,0.0000,0.0000,0,0,ang_deadzone_right
7580.1318,1.48116,0.08188,0.58304,1,0.0000,0.0000,0,0,ang_deadzone_right
7580.1485,1.48970,0.08276,0.60981,1,0.0000,0.0000,0,0,ang_deadzone_right
7580.1652,1.50318,0.08353,0.59339,1,0.0000,0.0000,0,0,ang_deadzone_right
7580.1818,1.49267,0.08311,0.61434,1,0.0000,0.0000,0,0,ang_deadzone_right
7580.1985,1.49361,0.08304,0.61131,1,0.0000,0.0000,0,0,ang_deadzone_right
7580.2151,1.49127,0.08320,0.59480,1,0.0000,0.0000,0,0,ang_deadzone_right
7580.2318,1.49971,0.08368,0.61583,1,0.0000,0.0000,0,0,ang_deadzone_right
7580.2485,1.49641,0.08343,0.61828,1,0.0000,0.0000,0,0,ang_deadzone_right
7580.2651,1.50522,0.08421,0.62815,1,0.0000,0.0000,0,0,ang_deadzone_right
7580.2818,1.51264,0.08455,0.62032,1,0.0000,0.0000,0,0,ang_deadzone_right
7580.2985,1.49886,0.08350,0.61963,1,0.0000,0.0000,0,0,ang_deadzone_right
7580.3151,1.49589,0.08345,0.61857,1,0.0000,0.0000,0,0,ang_deadzone_right
7580.3318,1.49507,0.08324,0.60973,1,0.0000,0.0000,0,0,ang_deadzone_right
7580.3485,1.49625,0.08287,0.56337,1,0.0000,0.0000,0,0,ang_deadzone_right
7580.3651,1.49146,0.08325,0.62206,1,0.0000,0.0000,0,0,ang_deadzone_right
7580.3818,,,,0,0.0000,0.0000,0,0,ang_deadzone_right
7580.3985,1.49928,0.08362,0.61124,1,0.0000,0.0000,0,0,ang_deadzone_right
7580.4151,1.54158,0.08669,-0.24882,1,0.0000,0.0000,0,0,ang_deadzone_right
7580.4318,1.49757,0.08316,-0.25097,1,0.0000,0.0000,0,0,ang_deadzone_right
7580.4484,1.50208,0.08378,0.61091,1,0.0000,0.0000,0,0,ang_deadzone_right
7580.4651,1.50365,0.08381,-0.23773,1,0.0000,0.0000,0,0,ang_deadzone_right
7580.4818,1.50229,0.08382,0.61179,1,0.0000,0.0000,0,0,ang_deadzone_right
7580.4984,1.50717,0.08426,0.60156,1,0.0000,0.0000,0,0,ang_deadzone_right
7580.5151,1.49107,0.08271,0.59322,1,0.0000,0.0000,0,0,ang_deadzone_right
7580.5318,1.50179,0.08389,0.61108,1,0.0000,0.0000,0,0,ang_deadzone_right
7580.5484,1.49382,0.08325,0.61662,1,0.0000,0.0000,0,0,ang_deadzone_right
7580.5651,1.49390,0.08263,0.58514,1,0.0000,0.0000,0,0,ang_deadzone_right
7580.5818,1.49727,0.08335,0.60766,1,0.0000,0.0000,0,0,ang_deadzone_right
7580.5984,1.49495,0.08289,-0.23116,1,0.0000,0.0000,0,0,ang_deadzone_right
7580.6151,1.50145,0.08358,0.60832,1,0.0000,0.0000,0,0,ang_deadzone_right
7580.6318,1.50508,0.08393,-0.22423,1,0.0000,0.0000,0,0,ang_deadzone_right
7580.6484,1.53935,0.08651,-0.24745,1,0.0000,0.0000,0,0,ang_deadzone_right
7580.6651,1.49598,0.08337,0.60806,1,0.0000,0.0000,0,0,ang_deadzone_right
7580.6817,1.50438,0.08405,0.61595,1,0.0000,0.0000,0,0,ang_deadzone_right
7580.6984,1.49290,0.08296,-0.24679,1,0.0000,0.0000,0,0,ang_deadzone_right
7580.7151,1.51252,0.08476,0.60555,1,0.0000,0.0000,0,0,ang_deadzone_right
7580.7317,1.48340,0.08263,0.61865,1,0.0000,0.0000,0,0,ang_deadzone_right
7586.2310,0.70951,0.03770,-0.27035,1,0.0000,0.0000,0,0,ang_deadzone_right
7586.2643,0.70979,0.03816,-0.27664,1,0.0000,0.0000,0,0,ang_deadzone_right
7586.2810,0.70562,0.03796,-0.24897,1,0.0000,0.0000,0,0,ang_deadzone_right
7586.2976,0.69472,0.03761,0.13880,1,0.0000,0.0000,0,0,ang_deadzone_right
7586.3143,0.70680,0.03739,-0.27132,1,0.0000,0.0000,0,0,ang_deadzone_right
7586.3310,0.69568,0.03742,0.10896,1,0.0000,0.0000,0,0,ang_deadzone_right
7586.3476,0.69686,0.03730,0.10535,1,0.0000,0.0000,0,0,ang_deadzone_right
7586.3643,0.69179,0.03739,0.13802,1,0.0000,0.0000,0,0,ang_deadzone_right
7586.3809,0.70686,0.03850,-0.23836,1,0.0000,0.0000,0,0,ang_deadzone_right
7586.3976,0.69662,0.03754,0.12730,1,0.0000,0.0000,0,0,ang_deadzone_right
7586.4143,0.70460,0.03769,-0.25241,1,0.0000,0.0000,0,0,ang_deadzone_right
7586.4309,0.69514,0.03760,0.11917,1,0.0000,0.0000,0,0,ang_deadzone_right
7586.4476,0.70466,0.03834,-0.21466,1,0.0000,0.0000,0,0,ang_deadzone_right
7586.4643,0.70050,0.03742,0.11548,1,0.0000,0.0000,0,0,ang_deadzone_right
7586.4809,0.70861,0.03822,0.13899,1,0.0000,0.0000,0,0,ang_deadzone_right
7586.4976,0.70624,0.03836,-0.23149,1,0.0000,0.0000,0,0,ang_deadzone_right
7586.5143,0.69647,0.03760,0.12684,1,0.0000,0.0000,0,0,ang_deadzone_right
7586.5309,0.69905,0.03783,0.11316,1,0.0000,0.0000,0,0,ang_deadzone_right
7586.5476,0.70411,0.03847,-0.22676,1,0.0000,0.2500,0,-125,ang_step
7586.5643,0.70017,0.03829,-0.26736,1,0.0000,0.2500,0,-125,ang_step
7586.5809,0.70566,0.03895,-0.35520,1,0.0000,0.2500,0,-125,ang_step
7586.5976,0.69572,0.04079,-0.46287,1,0.0000,0.2500,0,-125,ang_step
7586.6142,0.68664,0.04342,-0.64102,1,0.0000,0.2500,0,-125,ang_step
7586.6309,0.69229,0.04834,-0.83299,1,0.0000,0.2500,0,-125,ang_step
7586.6476,0.69824,0.05297,-1.03982,1,0.0000,0.2500,0,-125,ang_step
7586.6642,0.69112,0.05604,-1.24330,1,0.0000,0.2500,0,-125,ang_step
7586.6809,0.68683,0.05946,-1.47221,1,0.0000,0.2500,0,-125,ang_step
7586.6976,0.74100,0.06730,-1.72114,1,0.0000,0.2500,0,-125,ang_step
7586.7142,0.76047,0.07051,-1.94096,1,0.0000,0.2500,0,-125,ang_step
7586.7309,0.78161,0.07319,-2.15634,1,0.0000,0.2500,0,-125,ang_step
7586.7476,0.79216,0.07405,-2.35409,1,0.0000,0.2500,0,-125,ang_step
7586.7642,,,,0,0.0000,0.2500,0,-125,ang_step
7586.7809,,,,0,0.0000,0.2500,0,-125,ang_step
7586.7976,,,,0,0.0000,0.2500,0,-125,ang_step
7586.8142,,,,0,0.0000,0.2500,0,-125,ang_step
7586.8309,,,,0,0.0000,0.2500,0,-125,ang_step
7586.8475,,,,0,0.0000,0.2500,0,-125,ang_step
7586.8642,0.84829,0.04843,2.42589,1,0.0000,0.2500,0,-125,ang_step
7586.8809,0.82543,0.04106,2.23332,1,0.0000,0.2500,0,-125,ang_step
7586.8975,0.79858,0.03303,2.02151,1,0.0000,0.2500,0,-125,ang_step
7586.9142,0.78463,0.02723,1.79323,1,0.0000,0.2500,0,-125,ang_step
7586.9309,0.76808,0.02254,1.54283,1,0.0000,0.2500,0,-125,ang_step
7586.9475,0.76352,0.01983,-0.48238,1,0.0000,0.2500,0,-125,ang_step
7586.9642,0.75580,0.01747,1.11060,1,0.0000,0.2500,0,-125,ang_step
7586.9809,0.73423,0.01566,0.89000,1,0.0000,0.2500,0,-125,ang_step
7586.9975,0.73039,0.01567,0.69745,1,0.0000,0.2500,0,-125,ang_step
7587.0142,0.72518,0.01607,0.53126,1,0.0000,0.2500,0,-125,ang_step
7587.0309,0.71563,0.01767,0.32518,1,0.0000,0.2500,0,-125,ang_step
7587.0475,0.70346,0.01950,0.13467,1,0.0000,0.2500,0,-125,ang_step
7587.0642,0.71984,0.02365,0.07862,1,0.0000,0.2500,0,-125,ang_step
7587.0808,0.69319,0.02729,-0.27249,1,0.0000,0.2500,0,-125,ang_step
7587.0975,0.67821,0.03193,-0.44642,1,0.0000,0.2500,0,-125,ang_step
7587.1142,0.68544,0.03783,-0.66237,1,0.0000,0.2500,0,-125,ang_step
7587.1308,0.67685,0.04334,-0.85215,1,0.0000,0.2500,0,-125,ang_step
7587.1475,0.69403,0.05110,-1.05592,1,0.0000,0.2500,0,-125,ang_step
7587.1642,0.68946,0.05917,-1.21604,1,0.0000,0.2500,0,-125,ang_step
7587.1808,0.67624,0.06433,-1.40471,1,0.0000,0.2500,0,-125,ang_step
7587.1975,0.71139,0.07304,-1.57970,1,0.0000,0.2500,0,-125,ang_step
7587.2142,0.73386,0.07926,2.75321,1,0.0000,0.2500,0,-125,ang_step
7587.2308,0.74510,0.08288,3.04118,1,0.0000,0.2500,0,-125,ang_step
7587.2475,0.74826,0.08413,-2.21335,1,0.0000,0.2500,0,-125,ang_step
7587.2642,,,,0,0.0000,0.2500,0,-125,ang_step
7587.2808,,,,0,0.0000,0.2500,0,-125,ang_step
7587.2975,,,,0,0.0000,0.2500,0,-125,ang_step
7587.3141,,,,0,0.0000,0.2500,0,-125,ang_step
7587.3308,,,,0,0.0000,0.2500,0,-125,ang_step
7587.3475,,,,0,0.0000,0.2500,0,-125,ang_step
7587.3641,0.78112,0.06814,2.72143,1,0.0000,0.2500,0,-125,ang_step
7587.3808,,,,0,0.0000,0.2500,0,-125,ang_step
7587.3975,0.79203,0.05800,2.27258,1,0.0000,0.2500,0,-125,ang_step
7587.4141,0.77244,0.05138,2.05666,1,0.0000,0.2500,0,-125,ang_step
7587.4308,0.75431,0.04407,1.83126,1,0.0000,0.2500,0,-125,ang_step
7587.4475,0.77030,0.04061,1.63163,1,0.0000,0.2500,0,-125,ang_step
7587.4641,0.72377,0.03319,1.41287,1,0.0000,0.2500,0,-125,ang_step
7587.4808,0.73766,0.03099,1.19983,1,0.0000,0.2500,0,-125,ang_step
7587.4975,0.70849,0.02699,1.03716,1,0.0000,0.2500,0,-125,ang_step
7587.5141,0.71407,0.02620,0.83039,1,0.0000,0.2500,0,-125,ang_step
7587.5308,0.71517,0.02669,0.63369,1,0.0000,0.2500,0,-125,ang_step
7587.5474,0.70644,0.02771,0.43411,1,0.0000,0.0000,0,0,ang_step
7587.5641,0.70865,0.03028,0.26312,1,0.0000,0.0000,0,0,ang_step
7587.5808,0.70605,0.03361,0.14004,1,0.0000,0.0000,0,0,ang_step
7587.5974,0.69860,0.03624,0.07862,1,0.0000,0.0000,0,0,ang_step
7587.6141,0.69674,0.03766,0.03755,1,0.0000,0.0000,0,0,ang_step
7587.6308,0.70565,0.03800,0.01442,1,0.0000,0.0000,0,0,ang_step
7587.6474,0.68381,0.03660,0.02946,1,0.0000,0.0000,0,0,ang_step
7587.6641,0.68964,0.03699,0.02730,1,0.0000,0.0000,0,0,ang_step
7587.6808,0.69034,0.03691,0.08713,1,0.0000,0.0000,0,0,ang_step
7587.6974,0.69053,0.03711,0.07675,1,0.0000,0.0000,0,0,ang_step
7587.7141,0.67874,0.03653,0.02764,1,0.0000,0.0000,0,0,ang_step
7587.7308,0.68014,0.03643,0.09154,1,0.0000,0.0000,0,0,ang_step
7587.7475,0.68599,0.03667,0.02510,1,0.0000,0.0000,0,0,ang_step
7587.7641,0.69014,0.03684,0.08888,1,0.0000,0.0000,0,0,ang_step
7587.7808,0.68921,0.03711,0.07865,1,0.0000,0.0000,0,0,ang_step
7587.7975,0.68293,0.03654,0.09376,1,0.0000,0.0000,0,0,ang_step
7587.8141,0.67984,0.03658,0.02956,1,0.0000,0.0000,0,0,ang_step
7587.8308,0.69183,0.03680,0.01500,1,0.0000,0.0000,0,0,ang_step
7587.8475,0.68650,0.03675,0.00975,1,0.0000,0.0000,0,0,ang_step
7587.8641,0.68316,0.03639,0.02070,1,0.0000,0.0000,0,0,ang_step
7587.8808,0.68430,0.03666,0.02884,1,0.0000,0.0000,0,0,ang_step
7587.8975,0.68239,0.03675,0.02664,1,0.0000,0.0000,0,0,ang_step
7587.9141,0.68266,0.03659,0.01801,1,0.0000,0.0000,0,0,ang_step
7587.9308,0.68926,0.03707,0.07089,1,0.0000,0.0000,0,0,ang_step
7587.9474,0.68748,0.03672,0.08812,1,0.0000,0.0000,0,0,ang_step
7587.9641,0.68619,0.03699,0.02669,1,0.0000,0.0000,0,0,ang_step
7587.9808,0.68828,0.03686,0.07557,1,0.0000,0.0000,0,0,ang_step
7587.9974,0.68706,0.03678,0.09666,1,0.0000,0.0000,0,0,ang_step
7588.0141,0.69170,0.03715,0.07166,1,0.0000,0.0000,0,0,ang_step
7588.0308,0.68498,0.03655,0.08962,1,0.0000,0.0000,0,0,ang_step
7588.0474,0.69098,0.03731,0.03667,1,0.0000,0.0000,0,0,ang_step
7588.0641,0.68000,0.03633,0.09801,1,0.0000,0.0000,0,0,ang_step
7588.0808,0.69571,0.03709,0.02043,1,0.0000,0.0000,0,0,ang_step
7588.0974,0.69267,0.03700,0.01977,1,0.0000,0.0000,0,0,ang_step
7588.1141,0.68298,0.03658,0.08690,1,0.0000,0.0000,0,0,ang_step
7588.1308,0.68245,0.03676,0.02255,1,0.0000,0.0000,0,0,ang_step
7588.1474,0.68129,0.03662,0.02364,1,0.0000,0.0000,0,0,ang_step
7588.1641,0.68403,0.03641,0.01228,1,0.0000,0.0000,0,0,ang_step
7588.1807,0.68374,0.03651,0.09047,1,0.0000,0.0000,0,0,ang_step
7588.1974,0.68450,0.03671,0.09045,1,0.0000,0.0000,0,0,ang_step
7588.2141,0.68211,0.03648,0.09328,1,0.0000,0.0000,0,0,ang_step
7588.2307,0.68613,0.03688,0.02696,1,0.0000,0.0000,0,0,ang_step
7588.2474,0.68375,0.03693,0.10671,1,0.0000,0.0000,0,0,ang_step
7588.2641,0.69834,0.03706,0.00117,1,0.0000,0.0000,0,0,ang_step
7588.2807,0.69446,0.03707,0.01652,1,0.0000,0.0000,0,0,ang_step
7588.2974,0.67593,0.03637,0.01962,1,0.0000,0.0000,0,0,ang_step
7588.3141,0.69149,0.03723,0.10778,1,0.0000,0.0000,0,0,ang_step
7588.3307,0.69505,0.03699,0.01292,1,0.0000,0.0000,0,0,ang_step
7588.3474,0.68446,0.03686,0.01758,1,0.0000,0.0000,0,0,ang_step
7588.3641,0.68896,0.03695,0.07031,1,0.0000,0.0000,0,0,ang_step
7588.3807,0.69271,0.03719,0.02548,1,0.0000,0.0000,0,0,ang_step
7588.3974,0.68989,0.03691,0.07704,1,0.0000,0.0000,0,0,ang_step
7588.4140,0.68382,0.03668,0.07938,1,0.0000,0.0000,0,0,ang_step
7588.4307,0.68742,0.03683,0.08020,1,0.0000,0.0000,0,0,ang_step
7588.4474,0.68971,0.03694,0.07087,1,0.0000,0.0000,0,0,ang_step
7588.4640,0.68337,0.03669,0.08346,1,0.0000,0.0000,0,0,ang_step
7588.4807,0.68925,0.03695,0.07609,1,0.0000,0.0000,0,0,ang_step
7588.4974,0.68623,0.03664,0.07729,1,0.0000,0.0000,0,0,ang_step
7588.5140,0.68895,0.03696,0.08096,1,0.0000,0.0000,0,0,ang_step
7588.5307,0.68458,0.03663,0.07290,1,0.0000,0.0000,0,0,ang_step
7588.5474,0.68478,0.03661,0.09056,1,0.0000,0.0000,0,0,ang_step
7588.5640,0.68617,0.03681,0.07520,1,0.0000,-0.2500,0,125,ang_step
7588.5807,0.69727,0.03751,0.07858,1,0.0000,-0.2500,0,125,ang_step
7588.5974,0.69672,0.03673,0.06695,1,0.0000,-0.2500,0,125,ang_step
7588.6140,0.70389,0.03549,0.26740,1,0.0000,-0.2500,0,125,ang_step
7588.6307,0.69544,0.03253,0.46179,1,0.0000,-0.2500,0,125,ang_step
7588.6473,0.69914,0.02843,0.71748,1,0.0000,-0.2500,0,125,ang_step
7588.6640,0.69473,0.02232,0.98059,1,0.0000,-0.2500,0,125,ang_step
7588.6807,0.72622,0.01895,1.24073,1,0.0000,-0.2500,0,125,ang_step
7588.6973,0.74234,0.01506,-1.29364,1,0.0000,-0.2500,0,125,ang_step
7588.7140,0.75490,0.01463,1.84449,1,0.0000,-0.2500,0,125,ang_step
7588.7307,0.77692,0.01625,2.12202,1,0.0000,-0.2500,0,125,ang_step
7588.7473,0.80448,0.02005,2.41761,1,0.0000,-0.2500,0,125,ang_step
7588.7640,,,,0,0.0000,-0.2500,0,125,ang_step
7588.7807,,,,0,0.0000,-0.2500,0,125,ang_step
7588.7973,,,,0,0.0000,-0.2500,0,125,ang_step
7588.8140,,,,0,0.0000,-0.2500,0,125,ang_step
7588.8307,0.82245,0.05652,-2.47919,1,0.0000,-0.2500,0,125,ang_step
7588.8473,0.81830,0.06332,-2.22050,1,0.0000,-0.2500,0,125,ang_step
7588.8640,0.80920,0.06933,2.81555,1,0.0000,-0.2500,0,125,ang_step
7588.8806,0.80157,0.07472,2.48843,1,0.0000,-0.2500,0,125,ang_step
7588.8973,0.74308,0.07396,-1.36814,1,0.0000,-0.2500,0,125,ang_step
7588.9140,0.74076,0.07608,-1.11150,1,0.0000,-0.2500,0,125,ang_step
7588.9306,0.73700,0.07709,-0.88230,1,0.0000,-0.2500,0,125,ang_step
7588.9473,0.72528,0.07466,-0.60827,1,0.0000,-0.2500,0,125,ang_step
7588.9640,0.73168,0.07152,0.16882,1,0.0000,-0.2500,0,125,ang_step
7588.9806,0.72228,0.06630,-0.02186,1,0.0000,-0.2500,0,125,ang_step
7588.9973,0.73560,0.06078,0.26413,1,0.0000,-0.2500,0,125,ang_step
7589.0140,0.72629,0.05297,0.52008,1,0.0000,-0.2500,0,125,ang_step
7589.0306,0.71196,0.04410,0.81286,1,0.0000,-0.2500,0,125,ang_step
7589.0473,0.71596,0.03761,1.08093,1,0.0000,-0.2500,0,125,ang_step
7589.0640,0.72978,0.03240,1.34824,1,0.0000,-0.2500,0,125,ang_step
7589.0806,0.74656,0.02993,1.66105,1,0.0000,-0.2500,0,125,ang_step
7589.0973,,,,0,0.0000,-0.2500,0,125,ang_step
7589.1139,0.79793,0.03174,2.22560,1,0.0000,-0.2500,0,125,ang_step
7589.1306,,,,0,0.0000,-0.2500,0,125,ang_step
7589.1473,,,,0,0.0000,-0.2500,0,125,ang_step
7589.1639,,,,0,0.0000,-0.2500,0,125,ang_step
7589.1806,,,,0,0.0000,-0.2500,0,125,ang_step
7589.1973,,,,0,0.0000,-0.2500,0,125,ang_step
7589.2139,0.83597,0.06891,3.05078,1,0.0000,-0.2500,0,125,ang_step
7589.2306,0.82031,0.07457,-2.11865,1,0.0000,-0.2500,0,125,ang_step
7589.2473,0.80681,0.07999,-1.85688,1,0.0000,-0.2500,0,125,ang_step
7589.2639,0.75696,0.07987,-1.52785,1,0.0000,-0.2500,0,125,ang_step
7589.2806,0.75089,0.08233,-1.28237,1,0.0000,-0.2500,0,125,ang_step
7589.2973,0.74523,0.08419,-1.00592,1,0.0000,-0.2500,0,125,ang_step
7589.3139,0.73012,0.08279,-0.74857,1,0.0000,-0.2500,0,125,ang_step
7589.3306,0.73965,0.08084,0.24001,1,0.0000,-0.2500,0,125,ang_step
7589.3472,0.74848,0.07780,0.17752,1,0.0000,-0.2500,0,125,ang_step
7589.3639,0.74420,0.07108,0.12370,1,0.0000,-0.2500,0,125,ang_step
7589.3806,0.74321,0.06396,0.41315,1,0.0000,-0.2500,0,125,ang_step
7589.3972,0.72617,0.05487,0.70968,1,0.0000,-0.2500,0,125,ang_step
7589.4139,0.71756,0.04732,0.98597,1,0.0000,-0.2500,0,125,ang_step
7589.4306,0.74890,0.04315,1.23953,1,0.0000,-0.2500,0,125,ang_step
7589.4472,0.76007,0.03829,-1.11709,1,0.0000,-0.2500,0,125,ang_step
7589.4639,0.76567,0.03757,-2.30608,1,0.0000,-0.2500,0,125,ang_step
7589.4806,0.79237,0.03944,2.12240,1,0.0000,-0.2500,0,125,ang_step
7589.4972,0.83018,0.04319,2.38849,1,0.0000,-0.2500,0,125,ang_step
7589.5139,,,,0,0.0000,-0.2500,0,125,ang_step
7589.5306,,,,0,0.0000,-0.2500,0,125,ang_step
7589.5472,,,,0,0.0000,-0.2500,0,125,ang_step
7589.5639,,,,0,0.0000,-0.2500,0,125,ang_step
7589.5805,,,,0,0.0000,0.0000,0,0,ang_step
7589.5972,0.83907,0.08442,-2.18564,1,0.0000,0.0000,0,0,ang_step
7589.6139,0.83279,0.09016,2.92129,1,0.0000,0.0000,0,0,ang_step
7589.6305,0.85039,0.09872,-1.90660,1,0.0000,0.0000,0,0,ang_step
7589.6472,0.78998,0.09753,-1.76333,1,0.0000,0.0000,0,0,ang_step
7589.6639,0.81098,0.10332,-1.79166,1,0.0000,0.0000,0,0,ang_step
7589.6805,0.80787,0.10572,-1.74467,1,0.0000,0.0000,0,0,ang_step
7589.6972,0.82113,0.10756,-1.73443,1,0.0000,0.0000,0,0,ang_step
7589.7139,0.79041,0.10395,-1.75589,1,0.0000,0.0000,0,0,ang_step
7589.7305,0.81598,0.10680,-1.73450,1,0.0000,0.0000,0,0,ang_step
7589.7472,0.82141,0.10838,-1.73211,1,0.0000,0.0000,0,0,ang_step
7589.7639,0.81863,0.10715,-1.74735,1,0.0000,0.0000,0,0,ang_step
7589.7805,0.80221,0.10535,-1.73127,1,0.0000,0.0000,0,0,ang_step
7589.7972,0.79027,0.10376,-1.74499,1,0.0000,0.0000,0,0,ang_step
7589.8138,0.80032,0.10521,-1.73289,1,0.0000,0.0000,0,0,ang_step
7589.8305,0.80670,0.10578,-1.74620,1,0.0000,0.0000,0,0,ang_step
7589.8472,0.80346,0.10572,-1.74005,1,0.0000,0.0000,0,0,ang_step
7589.8638,0.79364,0.10474,-1.74617,1,0.0000,0.0000,0,0,ang_step
7589.8805,0.80356,0.10556,-1.74482,1,0.0000,0.0000,0,0,ang_step
7589.8972,0.79333,0.10439,-1.74614,1,0.0000,0.0000,0,0,ang_step
7589.9138,0.79446,0.10430,-1.75012,1,0.0000,0.0000,0,0,ang_step
7589.9305,0.79522,0.10456,-1.74765,1,0.0000,0.0000,0,0,ang_step
7589.9472,0.80553,0.10574,-1.74780,1,0.0000,0.0000,0,0,ang_step
7589.9638,0.80265,0.10552,2.53970,1,0.0000,0.0000,0,0,ang_step
7589.9805,0.80030,0.10510,-1.75143,1,0.0000,0.0000,0,0,ang_step
7589.9972,0.80914,0.10614,-1.74548,1,0.0000,0.0000,0,0,ang_step
7590.0138,0.80699,0.10588,-1.74707,1,0.0000,0.0000,0,0,ang_step
7590.0305,0.80845,0.10579,-1.73587,1,0.0000,0.0000,0,0,ang_step
7590.0471,0.81141,0.10650,-1.72847,1,0.0000,0.0000,0,0,ang_step
7590.0638,0.81356,0.10656,-1.73910,1,0.0000,0.0000,0,0,ang_step
7590.0805,0.79652,0.10488,-1.73855,1,0.0000,0.0000,0,0,ang_step
7590.0971,0.80597,0.10562,-1.74040,1,0.0000,0.0000,0,0,ang_step
7590.1138,0.80047,0.10481,-1.74618,1,0.0000,0.0000,0,0,ang_step
7590.1305,0.80792,0.10605,-1.74286,1,0.0000,0.0000,0,0,ang_step
7590.1471,0.83379,0.10817,2.65244,1,0.0000,0.0000,0,0,ang_step
7590.1638,0.80808,0.10590,-1.74273,1,0.0000,0.0000,0,0,ang_step
7590.1805,0.80095,0.10527,-1.74309,1,0.0000,0.0000,0,0,ang_step
7590.1971,0.80606,0.10581,-1.74373,1,0.0000,0.0000,0,0,ang_step
7590.2138,0.80250,0.10521,-1.74292,1,0.0000,0.0000,0,0,ang_step
7590.2305,0.80666,0.10596,-1.74144,1,0.0000,0.0000,0,0,ang_step
7590.2471,0.82928,0.10770,2.62837,1,0.0000,0.0000,0,0,ang_step
7590.2638,0.80569,0.10605,-1.74259,1,0.0000,0.0000,0,0,ang_step
7590.2804,0.81371,0.10666,-1.74998,1,0.0000,0.0000,0,0,ang_step
7590.2971,0.81299,0.10675,-1.74069,1,0.0000,0.0000,0,0,ang_step
7590.3138,0.78916,0.10382,-1.75713,1,0.0000,0.0000,0,0,ang_step
7590.3304,0.80205,0.10536,-1.75804,1,0.0000,0.0000,0,0,ang_step
7590.3471,0.80349,0.10619,-1.72906,1,0.0000,0.0000,0,0,ang_step
7590.3638,0.80396,0.10536,-1.74418,1,0.0000,0.0000,0,0,ang_step
7590.3804,0.82759,0.10739,-1.72271,1,0.0000,0.0000,0,0,ang_step
7590.3971,0.80196,0.10511,-1.73636,1,0.0000,0.0000,0,0,ang_step
7590.4138,0.80797,0.10577,-1.74377,1,0.0000,0.0000,0,0,ang_step
7590.4304,0.78727,0.10439,-1.72997,1,0.0000,0.0000,0,0,ang_step
7590.4471,0.81758,0.10712,-1.74487,1,0.0000,0.0000,0,0,ang_step
7590.4638,0.80807,0.10619,-1.74240,1,0.0000,0.0000,0,0,ang_step
7590.4804,0.79715,0.10497,-1.74418,1,0.0000,0.0000,0,0,ang_step
7590.4971,0.78127,0.10364,-1.72398,1,0.0000,0.0000,0,0,ang_step
7590.5137,0.82798,0.10746,-1.71875,1,0.0000,0.0000,0,0,ang_step
7590.5304,0.80567,0.10576,-1.74251,1,0.0000,0.0000,0,0,ang_step
7590.5471,0.81705,0.10697,-1.75099,1,0.0000,0.0000,0,0,ang_step
7590.5637,0.80521,0.10577,2.52920,1,0.0000,0.0000,0,0,ang_step
7590.5804,0.80684,0.10604,-1.74806,1,0.0000,0.5000,0,-250,ang_step
7590.5971,0.79517,0.10435,-1.74252,1,0.0000,0.5000,0,-250,ang_step
7590.6137,0.82068,0.10808,-1.81549,1,0.0000,0.5000,0,-250,ang_step
7590.6304,0.82181,0.10788,-1.92230,1,0.0000,0.5000,0,-250,ang_step
7590.6471,0.82133,0.10836,-2.09839,1,0.0000,0.5000,0,-250,ang_step
7590.6637,,,,0,0.0000,0.5000,0,-250,ang_step
7590.6804,,,,0,0.0000,0.5000,0,-250,ang_step
7590.6971,,,,0,0.0000,0.5000,0,-250,ang_step
7590.7137,,,,0,0.0000,0.5000,0,-250,ang_step
7590.7304,,,,0,0.0000,0.5000,0,-250,ang_step
7590.7470,0.85913,0.09082,2.16405,1,0.0000,0.5000,0,-250,ang_step
7590.7637,0.86283,0.08500,1.78091,1,0.0000,0.5000,0,-250,ang_step
7590.7804,0.78605,0.07304,1.34347,1,0.0000,0.5000,0,-250,ang_step
7590.7970,0.81535,0.07141,0.95610,1,0.0000,0.5000,0,-250,ang_step
7590.8137,0.80811,0.06915,0.56035,1,0.0000,0.5000,0,-250,ang_step
7590.8304,0.78626,0.06807,0.12683,1,0.0000,0.5000,0,-250,ang_step
7590.8470,0.79937,0.07252,0.22997,1,0.0000,0.5000,0,-250,ang_step
7590.8637,0.77936,0.07689,-0.67353,1,0.0000,0.5000,0,-250,ang_step
7590.8804,0.75835,0.07974,-1.07486,1,0.0000,0.5000,0,-250,ang_step
7590.8970,0.78695,0.08724,-1.45067,1,0.0000,0.5000,0,-250,ang_step
7590.9137,0.83132,0.09544,-1.90208,1,0.0000,0.5000,0,-250,ang_step
7590.9304,0.84184,0.09867,-2.30332,1,0.0000,0.5000,0,-250,ang_step
7590.9470,,,,0,0.0000,0.5000,0,-250,ang_step
7590.9637,,,,0,0.0000,0.5000,0,-250,ang_step
7590.9803,,,,0,0.0000,0.5000,0,-250,ang_step
7590.9970,,,,0,0.0000,0.5000,0,-250,ang_step
7591.0137,0.83566,0.07656,1.95572,1,0.0000,0.5000,0,-250,ang_step
7591.0303,0.79794,0.06762,1.52588,1,0.0000,0.5000,0,-250,ang_step
7591.0470,0.79125,0.06230,1.10114,1,0.0000,0.5000,0,-250,ang_step
7591.0637,0.79535,0.06088,0.67413,1,0.0000,0.5000,0,-250,ang_step
7591.0803,0.79642,0.06152,0.27439,1,0.0000,0.5000,0,-250,ang_step
7591.0970,0.78649,0.06301,-0.13670,1,0.0000,0.5000,0,-250,ang_step
7591.1137,0.76885,0.06675,-0.56765,1,0.0000,0.5000,0,-250,ang_step
7591.1303,0.78820,0.07252,-0.96837,1,0.0000,0.5000,0,-250,ang_step
7591.1470,0.77548,0.07788,-1.34225,1,0.0000,0.5000,0,-250,ang_step
7591.1637,0.82186,0.08566,-1.78284,1,0.0000,0.5000,0,-250,ang_step
7591.1803,0.84214,0.09174,-2.19122,1,0.0000,0.5000,0,-250,ang_step
7591.1970,,,,0,0.0000,0.5000,0,-250,ang_step
7591.2136,,,,0,0.0000,0.0000,0,0,ang_step
7591.2303,,,,0,0.0000,0.0000,0,0,ang_step
7591.2470,0.87437,0.08417,2.49972,1,0.0000,0.0000,0,0,ang_step
7591.2636,0.84746,0.07815,2.23864,1,0.0000,0.0000,0,0,ang_step
7591.2803,0.83187,0.07352,2.06300,1,0.0000,0.0000,0,0,ang_step
7591.2970,0.82239,0.07140,1.93744,1,0.0000,0.0000,0,0,ang_step
7591.3136,0.81622,0.07083,1.92459,1,0.0000,0.0000,0,0,ang_step
7591.3303,0.81302,0.07042,-2.42210,1,0.0000,0.0000,0,0,ang_step
7591.3470,0.81578,0.07098,1.91507,1,0.0000,0.0000,0,0,ang_step
7591.3636,,,,0,0.0000,0.0000,0,0,ang_step
7591.3803,0.80801,0.06986,1.90981,1,0.0000,0.0000,0,0,ang_step
7591.3970,0.81597,0.07094,1.92632,1,0.0000,0.0000,0,0,ang_step
7591.4136,0.82102,0.07192,-2.38802,1,0.0000,0.0000,0,0,ang_step
7591.4303,0.80998,0.07030,1.90648,1,0.0000,0.0000,0,0,ang_step
7591.4470,0.80571,0.06984,1.90844,1,0.0000,0.0000,0,0,ang_step
7591.4636,0.80977,0.07032,1.91162,1,0.0000,0.0000,0,0,ang_step
7591.4803,0.82486,0.07178,-2.35401,1,0.0000,0.0000,0,0,ang_step
7591.4969,0.80888,0.07017,1.90681,1,0.0000,0.0000,0,0,ang_step
7591.5136,0.82279,0.07084,1.91757,1,0.0000,0.0000,0,0,ang_step
7591.5303,0.82174,0.07053,1.91562,1,0.0000,0.0000,0,0,ang_step
7591.5469,0.81344,0.07051,1.91504,1,0.0000,0.0000,0,0,ang_step
7591.5636,0.81231,0.07056,1.91207,1,0.0000,0.0000,0,0,ang_step
7591.5803,0.81466,0.07057,1.91592,1,0.0000,0.0000,0,0,ang_step
7591.5969,0.81090,0.07030,1.90873,1,0.0000,0.0000,0,0,ang_step
7591.6136,,,,0,0.0000,0.0000,0,0,ang_step
7591.6303,0.81566,0.07083,1.90050,1,0.0000,0.0000,0,0,ang_step
7591.6469,0.81585,0.07087,1.92330,1,0.0000,0.0000,0,0,ang_step
7591.6636,0.81840,0.07161,1.92026,1,0.0000,0.0000,0,0,ang_step
7591.6803,0.81406,0.07016,1.90649,1,0.0000,0.0000,0,0,ang_step
7591.6969,0.80980,0.07064,1.91008,1,0.0000,0.0000,0,0,ang_step
7591.7136,0.81318,0.07047,1.91215,1,0.0000,0.0000,0,0,ang_step
7591.7302,,,,0,0.0000,0.0000,0,0,ang_step
7591.7469,0.81568,0.07053,-2.39610,1,0.0000,0.0000,0,0,ang_step
7591.7636,0.80730,0.07006,1.90467,1,0.0000,0.0000,0,0,ang_step
7591.7802,0.81898,0.07081,-2.39802,1,0.0000,0.0000,0,0,ang_step
7591.7969,0.81191,0.07028,1.91332,1,0.0000,0.0000,0,0,ang_step
7591.8136,0.81182,0.07049,1.91035,1,0.0000,0.0000,0,0,ang_step
7591.8302,0.80671,0.07014,1.90135,1,0.0000,0.0000,0,0,ang_step
7591.8469,0.81585,0.07091,1.92308,1,0.0000,0.0000,0,0,ang_step
7591.8636,0.80367,0.06992,1.90214,1,0.0000,0.0000,0,0,ang_step
7591.8802,0.80496,0.07005,1.90275,1,0.0000,0.0000,0,0,ang_step
7591.8969,,,,0,0.0000,0.0000,0,0,ang_step
7591.9136,0.81049,0.07043,1.91243,1,0.0000,0.0000,0,0,ang_step
7591.9302,0.82231,0.07120,-2.40943,1,0.0000,0.0000,0,0,ang_step
7591.9469,0.83189,0.07278,-2.40032,1,0.0000,0.0000,0,0,ang_step
7591.9635,0.80817,0.07034,1.90629,1,0.0000,0.0000,0,0,ang_step
7591.9802,0.80877,0.07017,1.91231,1,0.0000,0.0000,0,0,ang_step
7591.9969,0.81204,0.07049,1.91174,1,0.0000,0.0000,0,0,ang_step
7592.0135,0.82076,0.07089,1.90887,1,0.0000,0.0000,0,0,ang_step
7592.0302,0.81802,0.07058,1.90911,1,0.0000,0.0000,0,0,ang_step
7592.0469,0.81446,0.07075,1.92083,1,0.0000,0.0000,0,0,ang_step
7592.0635,0.81247,0.07024,1.91478,1,0.0000,0.0000,0,0,ang_step
7592.0802,0.80788,0.07033,1.90610,1,0.0000,0.0000,0,0,ang_step
7592.0969,0.80600,0.07011,1.91187,1,0.0000,0.0000,0,0,ang_step
7592.1135,0.81976,0.07094,-2.40497,1,0.0000,0.0000,0,0,ang_step
7592.1302,0.81876,0.07161,1.90278,1,0.0000,0.0000,0,0,ang_step
7592.1469,0.81256,0.07060,1.90358,1,0.0000,0.0000,0,0,ang_step
7592.1635,,,,0,0.0000,0.0000,0,0,ang_step
7592.1802,0.81052,0.07022,1.90995,1,0.0000,0.0000,0,0,ang_step
7592.1968,0.81292,0.07062,1.91232,1,0.0000,0.0000,0,0,ang_step
7592.2135,0.81381,0.07065,1.92105,1,0.0000,0.0000,0,0,ang_step
7592.2302,0.81839,0.07045,1.92069,1,0.0000,-0.5000,0,250,ang_step
7592.2468,,,,0,0.0000,-0.5000,0,250,ang_step
7592.2635,0.83123,0.07225,-2.55006,1,0.0000,-0.5000,0,250,ang_step
7592.2802,0.81235,0.07161,2.08105,1,0.0000,-0.5000,0,250,ang_step
7592.2968,0.84351,0.07578,2.24809,1,0.0000,-0.5000,0,250,ang_step
7592.3135,0.87365,0.08045,2.49373,1,0.0000,-0.5000,0,250,ang_step
7592.3302,,,,0,0.0000,-0.5000,0,250,ang_step
7592.3468,,,,0,0.0000,-0.5000,0,250,ang_step
7592.3635,,,,0,0.0000,-0.5000,0,250,ang_step
7592.3802,,,,0,0.0000,-0.5000,0,250,ang_step
7592.3968,,,,0,0.0000,-0.5000,0,250,ang_step
7592.4135,0.79759,0.11103,-1.34311,1,0.0000,-0.5000,0,250,ang_step
7592.4301,0.78426,0.11436,-0.90455,1,0.0000,-0.5000,0,250,ang_step
7592.4468,0.79759,0.11722,-0.41214,1,0.0000,-0.5000,0,250,ang_step
7592.4635,0.80303,0.11854,0.15036,1,0.0000,-0.5000,0,250,ang_step
7592.4801,0.79703,0.11468,0.60905,1,0.0000,-0.5000,0,250,ang_step
7592.4968,0.78067,0.10917,1.10119,1,0.0000,-0.5000,0,250,ang_step
7592.5135,0.82160,0.11103,1.62067,1,0.0000,-0.5000,0,250,ang_step
7592.5301,0.84080,0.11141,2.15152,1,0.0000,-0.5000,0,250,ang_step
7592.5468,,,,0,0.0000,-0.5000,0,250,ang_step
7592.5635,,,,0,0.0000,-0.5000,0,250,ang_step
7592.5801,,,,0,0.0000,-0.5000,0,250,ang_step
7592.5968,0.85920,0.13077,-2.13537,1,0.0000,-0.5000,0,250,ang_step
7592.6135,0.81107,0.13022,-1.55413,1,0.0000,-0.5000,0,250,ang_step
7592.6301,0.80133,0.13333,-1.09917,1,0.0000,-0.5000,0,250,ang_step
7592.6468,0.79881,0.13608,-0.58660,1,0.0000,-0.5000,0,250,ang_step
7592.6634,0.79608,0.13431,0.19232,1,0.0000,-0.5000,0,250,ang_step
7592.6801,0.79715,0.13098,0.06889,1,0.0000,-0.5000,0,250,ang_step
7592.6968,0.78166,0.12496,0.99297,1,0.0000,-0.5000,0,250,ang_step
7592.7134,0.79014,0.12168,1.54942,1,0.0000,-0.5000,0,250,ang_step
7592.7301,0.82957,0.12484,2.03861,1,0.0000,-0.5000,0,250,ang_step
7592.7468,,,,0,0.0000,-0.5000,0,250,ang_step
7592.7634,,,,0,0.0000,-0.5000,0,250,ang_step
7592.7801,,,,0,0.0000,-0.5000,0,250,ang_step
7592.7968,,,,0,0.0000,-0.5000,0,250,ang_step
7592.8134,,,,0,0.0000,-0.5000,0,250,ang_step
7592.8301,0.77667,0.13991,-1.14601,1,0.0000,-0.5000,0,250,ang_step
7592.8468,0.80515,0.14584,-0.65612,1,0.0000,-0.5000,0,250,ang_step
7592.8634,0.78468,0.14141,0.21578,1,0.0000,-0.5000,0,250,ang_step
7592.8801,0.78873,0.13906,0.09583,1,0.0000,0.0000,0,0,ang_step
7592.8967,0.77138,0.13114,0.96984,1,0.0000,0.0000,0,0,ang_step
7592.9134,0.78070,0.12826,1.32398,1,0.0000,0.0000,0,0,ang_step
7592.9301,0.82519,0.13036,1.72109,1,0.0000,0.0000,0,0,ang_step
7592.9467,0.83601,0.12909,1.95408,1,0.0000,0.0000,0,0,ang_step
7592.9634,0.82413,0.12632,2.16252,1,0.0000,0.0000,0,0,ang_step
7592.9801,0.83979,0.12770,2.31003,1,0.0000,0.0000,0,0,ang_step
7592.9967,,,,0,0.0000,0.0000,0,0,ang_step
7593.0134,,,,0,0.0000,0.0000,0,0,ang_step
7593.0301,,,,0,0.0000,0.0000,0,0,ang_step
7593.0467,,,,0,0.0000,0.0000,0,0,ang_step
7593.0634,,,,0,0.0000,0.0000,0,0,ang_step
7593.0801,,,,0,0.0000,0.0000,0,0,ang_step
7593.0967,0.85726,0.13090,2.36511,1,0.0000,0.0000,0,0,ang_step
7593.1134,,,,0,0.0000,0.0000,0,0,ang_step
7593.1300,,,,0,0.0000,0.0000,0,0,ang_step
7593.1467,,,,0,0.0000,0.0000,0,0,ang_step
7593.1634,,,,0,0.0000,0.0000,0,0,ang_step
7593.1800,,,,0,0.0000,0.0000,0,0,ang_step
7593.1967,,,,0,0.0000,0.0000,0,0,ang_step
7593.2134,,,,0,0.0000,0.0000,0,0,ang_step
7593.2300,,,,0,0.0000,0.0000,0,0,ang_step
7593.2467,,,,0,0.0000,0.0000,0,0,ang_step
7593.2634,,,,0,0.0000,0.0000,0,0,ang_step
7593.2800,,,,0,0.0000,0.0000,0,0,ang_step
7593.2967,,,,0,0.0000,0.0000,0,0,ang_step
7593.3134,,,,0,0.0000,0.0000,0,0,ang_step
7593.3300,0.85872,0.13151,2.38422,1,0.0000,0.0000,0,0,ang_step
7593.3467,,,,0,0.0000,0.0000,0,0,ang_step
7593.3633,,,,0,0.0000,0.0000,0,0,ang_step
7593.3800,,,,0,0.0000,0.0000,0,0,ang_step
7593.3967,,,,0,0.0000,0.0000,0,0,ang_step
7593.4133,0.85677,0.13090,2.36619,1,0.0000,0.0000,0,0,ang_step
7593.4300,,,,0,0.0000,0.0000,0,0,ang_step
7593.4467,,,,0,0.0000,0.0000,0,0,ang_step
7593.4633,,,,0,0.0000,0.0000,0,0,ang_step
7593.4800,,,,0,0.0000,0.0000,0,0,ang_step
7593.4967,,,,0,0.0000,0.0000,0,0,ang_step
7593.5133,,,,0,0.0000,0.0000,0,0,ang_step
7593.5300,,,,0,0.0000,0.0000,0,0,ang_step
7593.5467,,,,0,0.0000,0.0000,0,0,ang_step
7593.5633,,,,0,0.0000,0.0000,0,0,ang_step
7593.5800,,,,0,0.0000,0.0000,0,0,ang_step
7593.5966,,,,0,0.0000,0.0000,0,0,ang_step
7593.6133,,,,0,0.0000,0.0000,0,0,ang_step
7593.6300,,,,0,0.0000,0.0000,0,0,ang_step
7593.6466,,,,0,0.0000,0.0000,0,0,ang_step
7593.6633,,,,0,0.0000,0.0000,0,0,ang_step
7593.6800,,,,0,0.0000,0.0000,0,0,ang_step
7593.6966,,,,0,0.0000,0.0000,0,0,ang_step
7593.7133,,,,0,0.0000,0.0000,0,0,ang_step
7593.7300,0.85748,0.13095,2.38542,1,0.0000,0.0000,0,0,ang_step
7593.7466,0.86054,0.13132,2.38822,1,0.0000,0.0000,0,0,ang_step
7593.7633,,,,0,0.0000,0.0000,0,0,ang_step
7593.7800,,,,0,0.0000,0.0000,0,0,ang_step
7593.7966,,,,0,0.0000,0.0000,0,0,ang_step
7593.8133,,,,0,0.0000,0.0000,0,0,ang_step
7593.8299,,,,0,0.0000,0.0000,0,0,ang_step
7593.8466,,,,0,0.0000,0.0000,0,0,ang_step
7593.8633,,,,0,0.0000,0.0000,0,0,ang_step
7593.8799,,,,0,0.0000,0.7500,0,-375,ang_step
7593.8966,,,,0,0.0000,0.7500,0,-375,ang_step
7593.9133,,,,0,0.0000,0.7500,0,-375,ang_step
7593.9299,0.82571,0.12349,2.17482,1,0.0000,0.7500,0,-375,ang_step
7593.9466,0.82495,0.12208,2.01993,1,0.0000,0.7500,0,-375,ang_step
7593.9633,0.82830,0.12110,1.77826,1,0.0000,0.7500,0,-375,ang_step
7593.9799,0.79762,0.11696,1.44772,1,0.0000,0.7500,0,-375,ang_step
7593.9966,0.77906,0.11461,1.14297,1,0.0000,0.7500,0,-375,ang_step
7594.0133,0.78601,0.11598,0.00416,1,0.0000,0.7500,0,-375,ang_step
7594.0299,0.78410,0.11797,0.18685,1,0.0000,0.7500,0,-375,ang_step
7594.0466,0.77226,0.12129,-0.34379,1,0.0000,0.7500,0,-375,ang_step
7594.0632,0.75145,0.12485,-0.89499,1,0.0000,0.7500,0,-375,ang_step
7594.0799,0.75041,0.13124,1.56070,1,0.0000,0.7500,0,-375,ang_step
7594.0966,0.81415,0.14579,-2.01100,1,0.0000,0.7500,0,-375,ang_step
7594.1132,,,,0,0.0000,0.7500,0,-375,ang_step
7594.1299,,,,0,0.0000,0.7500,0,-375,ang_step
7594.1466,,,,0,0.0000,0.7500,0,-375,ang_step
7594.1632,0.81403,0.14210,1.90909,1,0.0000,0.7500,0,-375,ang_step
7594.1799,0.74468,0.13077,1.26838,1,0.0000,0.7500,0,-375,ang_step
7594.1966,0.76506,0.13574,0.63660,1,0.0000,0.7500,0,-375,ang_step
7594.2132,0.78611,0.14363,-0.12442,1,0.0000,0.7500,0,-375,ang_step
7594.2299,0.75082,0.14644,-0.73389,1,0.0000,0.7500,0,-375,ang_step
7594.2466,0.75663,0.15258,1.48193,1,0.0000,0.7500,0,-375,ang_step
7594.2632,0.79213,0.16390,-2.03058,1,0.0000,0.7500,0,-375,ang_step
7594.2799,,,,0,0.0000,0.7500,0,-375,ang_step
7594.2965,0.80739,0.16301,2.92834,1,0.0000,0.0000,0,0,ang_step
7594.3132,0.80212,0.15766,2.28585,1,0.0000,0.0000,0,0,ang_step
7594.3299,0.76815,0.14949,1.67421,1,0.0000,0.0000,0,0,ang_step
7594.3465,0.74016,0.14402,1.11361,1,0.0000,0.0000,0,0,ang_step
7594.3632,0.75610,0.14754,0.57792,1,0.0000,0.0000,0,0,ang_step
7594.3799,0.74302,0.14888,0.13856,1,0.0000,0.0000,0,0,ang_step
7594.3965,0.75872,0.15484,-0.24443,1,0.0000,0.0000,0,0,ang_step
7594.4132,0.76208,0.15881,-0.47086,1,0.0000,0.0000,0,0,ang_step
7594.4299,0.75559,0.16232,-0.67606,1,0.0000,0.0000,0,0,ang_step
7594.4465,0.73846,0.16365,-0.85309,1,0.0000,0.0000,0,0,ang_step
7594.4632,0.76120,0.17103,0.51480,1,0.0000,0.0000,0,0,ang_step
7594.4799,0.73240,0.16879,-0.97311,1,0.0000,0.0000,0,0,ang_step
7594.4965,0.74613,0.17271,-0.98092,1,0.0000,0.0000,0,0,ang_step
7594.5132,0.73212,0.17049,-1.01986,1,0.0000,0.0000,0,0,ang_step
7594.5298,0.77682,0.17860,-1.00634,1,0.0000,0.0000,0,0,ang_step
7594.5465,0.75922,0.17542,0.61571,1,0.0000,0.0000,0,0,ang_step
7594.5632,0.73286,0.17077,-1.01527,1,0.0000,0.0000,0,0,ang_step
7594.5798,0.74190,0.17226,-0.99244,1,0.0000,0.0000,0,0,ang_step
7594.5965,0.76463,0.17669,-0.99782,1,0.0000,0.0000,0,0,ang_step
7594.6132,0.76010,0.17524,0.61663,1,0.0000,0.0000,0,0,ang_step
7594.6298,0.73808,0.17167,-0.99699,1,0.0000,0.0000,0,0,ang_step
7594.6465,0.77049,0.17727,0.56573,1,0.0000,0.0000,0,0,ang_step
7594.6632,0.76438,0.17621,0.58799,1,0.0000,0.0000,0,0,ang_step
7594.6798,0.75396,0.17446,0.62990,1,0.0000,0.0000,0,0,ang_step
7594.6965,0.75761,0.17495,0.61744,1,0.0000,0.0000,0,0,ang_step
7594.7132,0.76376,0.17657,-0.99845,1,0.0000,0.0000,0,0,ang_step
7594.7298,0.75188,0.17382,0.67502,1,0.0000,0.0000,0,0,ang_step
7594.7465,0.76786,0.17724,-0.99529,1,0.0000,0.0000,0,0,ang_step
7594.7631,0.75520,0.17507,0.65830,1,0.0000,0.0000,0,0,ang_step
7594.7798,0.75020,0.17355,0.68029,1,0.0000,0.0000,0,0,ang_step
7594.7965,0.74676,0.17351,-1.00238,1,0.0000,0.0000,0,0,ang_step
7594.8131,0.75687,0.17522,-1.01141,1,0.0000,0.0000,0,0,ang_step
7594.8298,0.75208,0.17400,0.71097,1,0.0000,0.0000,0,0,ang_step
7594.8465,0.75249,0.17384,0.67018,1,0.0000,0.0000,0,0,ang_step
7594.8631,0.74927,0.17376,0.69158,1,0.0000,0.0000,0,0,ang_step
7594.8798,0.76009,0.17572,-1.00806,1,0.0000,0.0000,0,0,ang_step
7594.8965,0.76849,0.17707,-1.02427,1,0.0000,0.0000,0,0,ang_step
7594.9131,0.73692,0.17155,-1.00323,1,0.0000,0.0000,0,0,ang_step
7594.9298,0.76349,0.17654,-1.00160,1,0.0000,0.0000,0,0,ang_step
7594.9465,0.77916,0.17888,-1.00263,1,0.0000,0.0000,0,0,ang_step
7594.9631,0.76322,0.17671,-1.00631,1,0.0000,0.0000,0,0,ang_step
7594.9798,0.76523,0.17627,-1.02222,1,0.0000,0.0000,0,0,ang_step
7594.9965,0.75914,0.17568,-1.00005,1,0.0000,0.0000,0,0,ang_step
7595.0131,0.74056,0.17180,-1.01503,1,0.0000,0.0000,0,0,ang_step
7595.0298,0.75510,0.17481,0.66536,1,0.0000,0.0000,0,0,ang_step
7595.0464,0.74327,0.17274,-0.99728,1,0.0000,0.0000,0,0,ang_step
7595.0631,0.75568,0.17449,0.63455,1,0.0000,0.0000,0,0,ang_step
7595.0798,0.77087,0.17716,-1.01560,1,0.0000,0.0000,0,0,ang_step
7595.0964,0.76103,0.17634,-1.00636,1,0.0000,0.0000,0,0,ang_step
7595.1131,0.75293,0.17393,0.66373,1,0.0000,0.0000,0,0,ang_step
7595.1298,0.75384,0.17432,0.64063,1,0.0000,0.0000,0,0,ang_step
7595.1464,0.73575,0.17158,-1.00310,1,0.0000,0.0000,0,0,ang_step
7595.1631,0.76131,0.17621,-1.00394,1,0.0000,0.0000,0,0,ang_step
7595.1798,0.75224,0.17403,0.71117,1,0.0000,0.0000,0,0,ang_step
7595.1964,0.77728,0.17864,-1.00547,1,0.0000,0.0000,0,0,ang_step
7595.2131,0.75495,0.17435,-1.00106,1,0.0000,0.0000,0,0,ang_step
7595.2298,0.75802,0.17510,0.62629,1,0.0000,0.0000,0,0,ang_step
7595.2464,0.74746,0.17351,-0.99588,1,0.0000,0.0000,0,0,ang_step
7595.2631,0.76337,0.17647,-1.00049,1,0.0000,0.0000,0,0,ang_step
7595.2797,0.74680,0.17248,-1.01766,1,0.0000,0.0000,0,0,ang_step
7595.2964,0.73604,0.17137,-1.00563,1,0.0000,0.0000,0,0,ang_step
7595.3131,0.74789,0.17347,-0.99003,1,0.0000,-0.7500,0,375,ang_step
7595.3297,0.75506,0.17469,0.59422,1,0.0000,-0.7500,0,375,ang_step
7595.3464,0.73596,0.17178,-0.86624,1,0.0000,-0.7500,0,375,ang_step
7595.3631,0.73544,0.17102,-0.71325,1,0.0000,-0.7500,0,375,ang_step
7595.3797,0.75987,0.17410,-0.47910,1,0.0000,-0.7500,0,375,ang_step
7595.3964,0.75074,0.17047,-0.22384,1,0.0000,-0.7500,0,375,ang_step
7595.4131,0.74122,0.16589,0.18892,1,0.0000,-0.7500,0,375,ang_step
7595.4297,0.76422,0.16564,0.13568,1,0.0000,-0.7500,0,375,ang_step
7595.4464,0.74629,0.15799,0.91199,1,0.0000,-0.7500,0,375,ang_step
7595.4631,0.76486,0.15734,-0.34111,1,0.0000,-0.7500,0,375,ang_step
7595.4797,0.81372,0.16030,1.89678,1,0.0000,-0.7500,0,375,ang_step
7595.4964,,,,0,0.0000,-0.7500,0,375,ang_step
7595.5130,,,,0,0.0000,-0.7500,0,375,ang_step
7595.5297,,,,0,0.0000,-0.7500,0,375,ang_step
7595.5464,,,,0,0.0000,-0.7500,0,375,ang_step
7595.5630,0.79407,0.17147,-1.21673,1,0.0000,-0.7500,0,375,ang_step
7595.5797,0.78207,0.16917,0.39037,1,0.0000,-0.7500,0,375,ang_step
7595.5964,0.80974,0.17039,0.15172,1,0.0000,-0.7500,0,375,ang_step
7595.6130,0.77725,0.15824,0.99932,1,0.0000,-0.7500,0,375,ang_step
7595.6297,0.78759,0.15656,1.71893,1,0.0000,-0.7500,0,375,ang_step
7595.6464,,,,0,0.0000,-0.7500,0,375,ang_step
7595.6630,,,,0,0.0000,-0.7500,0,375,ang_step
7595.6797,0.87173,0.17437,-2.32009,1,0.0000,-0.7500,0,375,ang_step
7595.6964,0.84159,0.17349,-1.58103,1,0.0000,-0.7500,0,375,ang_step
7595.7130,0.79991,0.16895,-0.82940,1,0.0000,-0.7500,0,375,ang_step
7595.7297,0.82991,0.17124,0.20658,1,0.0000,-0.7500,0,375,ang_step
7595.7463,0.80699,0.16287,-0.01175,1,0.0000,0.0000,0,0,ang_step
7595.7630,0.81324,0.15902,1.55896,1,0.0000,0.0000,0,0,ang_step
7595.7797,0.84780,0.16181,2.20396,1,0.0000,0.0000,0,0,ang_step
7595.7963,,,,0,0.0000,0.0000,0,0,ang_step
7595.8130,,,,0,0.0000,0.0000,0,0,ang_step
7595.8297,,,,0,0.0000,0.0000,0,0,ang_step
7595.8463,,,,0,0.0000,0.0000,0,0,ang_step
7595.8630,0.86261,0.18076,-2.03660,1,0.0000,0.0000,0,0,ang_step
7595.8797,0.86349,0.18431,2.83191,1,0.0000,0.0000,0,0,ang_step
7595.8963,0.86065,0.18727,-1.80464,1,0.0000,0.0000,0,0,ang_step
7595.9130,0.85817,0.19011,-1.72884,1,0.0000,0.0000,0,0,ang_step
7595.9297,0.84708,0.18965,-1.70036,1,0.0000,0.0000,0,0,ang_step
7595.9462,0.83431,0.18794,-1.69960,1,0.0000,0.0000,0,0,ang_step
7595.9629,0.83634,0.18950,-1.65095,1,0.0000,0.0000,0,0,ang_step
7595.9796,0.83013,0.18722,-1.70061,1,0.0000,0.0000,0,0,ang_step
7595.9962,0.83880,0.18826,-1.69062,1,0.0000,0.0000,0,0,ang_step
7596.0129,0.81130,0.18472,-1.66709,1,0.0000,0.0000,0,0,ang_step
7596.0296,0.83435,0.18786,-1.70297,1,0.0000,0.0000,0,0,ang_step
7596.0462,0.84044,0.18889,-1.70216,1,0.0000,0.0000,0,0,ang_step
7596.0629,0.83312,0.18757,-1.70651,1,0.0000,0.0000,0,0,ang_step
7596.0795,0.83948,0.18869,-1.70507,1,0.0000,0.0000,0,0,ang_step
7596.0962,0.83482,0.18792,-1.69697,1,0.0000,0.0000,0,0,ang_step
7596.1129,0.83725,0.18833,-1.70795,1,0.0000,0.0000,0,0,ang_step
7596.1295,,,,0,0.0000,0.0000,0,0,ang_step
7596.1462,0.83564,0.18820,-1.69560,1,0.0000,0.0000,0,0,ang_step
7596.1629,0.83486,0.18823,-1.70051,1,0.0000,0.0000,0,0,ang_step
7596.1795,0.84047,0.18887,-1.70400,1,0.0000,0.0000,0,0,ang_step
7596.1962,0.83904,0.18864,-1.70028,1,0.0000,0.0000,0,0,ang_step
7596.2129,0.83359,0.18791,-1.70159,1,0.0000,0.0000,0,0,ang_step
7596.2295,0.84829,0.19059,-1.69785,1,0.0000,0.0000,0,0,ang_step
7596.2462,0.82652,0.18645,-1.70061,1,0.0000,0.0000,0,0,ang_step
7596.2629,0.84240,0.18874,-1.69762,1,0.0000,0.0000,0,0,ang_step
7596.2795,0.83401,0.18806,-1.70035,1,0.0000,0.0000,0,0,ang_step
7596.2962,0.85344,0.19181,2.73286,1,0.0000,0.0000,0,0,ang_step
7596.3128,0.84725,0.19090,-1.73486,1,0.0000,0.0000,0,0,ang_step
7596.3295,0.84436,0.18921,-1.69370,1,0.0000,0.0000,0,0,ang_step
7596.3462,0.85267,0.19140,2.72866,1,0.0000,0.0000,0,0,ang_step
7596.3628,0.85158,0.19159,2.74979,1,0.0000,0.0000,0,0,ang_step
7596.3795,0.83854,0.18859,-1.70804,1,0.0000,0.0000,0,0,ang_step
7596.3962,0.83225,0.18769,-1.69834,1,0.0000,0.0000,0,0,ang_step
7596.4128,0.84239,0.18933,-1.70181,1,0.0000,0.0000,0,0,ang_step
7596.4295,0.85372,0.19216,-1.68560,1,0.0000,0.0000,0,0,ang_step
7596.4462,0.83419,0.18774,-1.70416,1,0.0000,0.0000,0,0,ang_step
7596.4628,0.86428,0.19375,2.70911,1,0.0000,0.0000,0,0,ang_step
7596.4795,0.83304,0.18770,-1.69975,1,0.0000,0.0000,0,0,ang_step
7596.4962,0.84995,0.19055,-1.69535,1,0.0000,0.0000,0,0,ang_step
7596.5128,0.82212,0.18623,2.48627,1,0.0000,0.0000,0,0,ang_step
7596.5295,0.83577,0.18800,-1.70743,1,0.0000,0.0000,0,0,ang_step
7596.5461,0.85145,0.19106,-1.70060,1,0.0000,0.0000,0,0,ang_step
7596.5628,0.82880,0.18693,-1.69627,1,0.0000,0.0000,0,0,ang_step
7596.5795,0.82852,0.18691,-1.69903,1,0.0000,0.0000,0,0,ang_step
7596.5961,0.84482,0.18971,-1.69091,1,0.0000,0.0000,0,0,ang_step
7596.6128,0.83219,0.18889,-1.65965,1,0.0000,0.0000,0,0,ang_step
7596.6295,0.83378,0.18761,-1.70088,1,0.0000,0.0000,0,0,ang_step
7596.6461,0.81132,0.18473,2.44980,1,0.0000,0.0000,0,0,ang_step
7596.6628,0.84190,0.18917,-1.69632,1,0.0000,0.0000,0,0,ang_step
7596.6795,0.84029,0.18834,-1.69096,1,0.0000,0.0000,0,0,ang_step
7596.6961,0.82866,0.18685,-1.69410,1,0.0000,0.0000,0,0,ang_step
7596.7128,0.84558,0.18970,-1.69858,1,0.0000,0.0000,0,0,ang_step
7596.7295,0.84509,0.18990,-1.69426,1,0.0000,0.0000,0,0,ang_step
7596.7461,0.83687,0.18858,-1.71247,1,0.0000,0.0000,0,0,ang_step
7596.7628,0.84535,0.18992,-1.69445,1,0.0000,1.0000,0,-500,ang_step
7596.7794,0.86489,0.19354,2.74706,1,0.0000,1.0000,0,-500,ang_step
7596.7961,0.85513,0.19316,2.88224,1,0.0000,1.0000,0,-500,ang_step
7596.8128,0.86462,0.19315,-2.00439,1,0.0000,1.0000,0,-500,ang_step
7596.8294,,,,0,0.0000,1.0000,0,-500,ang_step
7596.8461,,,,0,0.0000,1.0000,0,-500,ang_step
7596.8628,,,,0,0.0000,1.0000,0,-500,ang_step
7596.8794,,,,0,0.0000,1.0000,0,-500,ang_step
7596.8961,,,,0,0.0000,1.0000,0,-500,ang_step
7596.9128,0.87321,0.17642,2.07675,1,0.0000,1.0000,0,-500,ang_step
7596.9294,0.86651,0.17014,1.54650,1,0.0000,1.0000,0,-500,ang_step
7596.9461,0.83675,0.16171,-0.13000,1,0.0000,1.0000,0,-500,ang_step
7596.9628,0.83820,0.16285,0.17034,1,0.0000,1.0000,0,-500,ang_step
7596.9794,0.83847,0.16334,-0.55031,1,0.0000,1.0000,0,-500,ang_step
7596.9961,0.82351,0.16448,-1.25573,1,0.0000,1.0000,0,-500,ang_step
7597.0127,0.90370,0.17593,-2.04652,1,0.0000,1.0000,0,-500,ang_step
7597.0294,,,,0,0.0000,1.0000,0,-500,ang_step
7597.0461,,,,0,0.0000,1.0000,0,-500,ang_step
7597.0627,0.88320,0.15708,1.89435,1,0.0000,1.0000,0,-500,ang_step
7597.0794,0.85232,0.15025,1.07029,1,0.0000,0.0000,0,0,ang_step
7597.0961,0.86610,0.15324,0.16595,1,0.0000,0.0000,0,0,ang_step
7597.1127,0.85200,0.15287,0.42052,1,0.0000,0.0000,0,0,ang_step
7597.1294,0.87726,0.15872,-1.27695,1,0.0000,0.0000,0,0,ang_step
7597.1461,0.94625,0.16723,-2.01554,1,0.0000,0.0000,0,0,ang_step
7597.1627,,,,0,0.0000,0.0000,0,0,ang_step
7597.1794,,,,0,0.0000,0.0000,0,0,ang_step
7597.1961,,,,0,0.0000,0.0000,0,0,ang_step
7597.2127,,,,0,0.0000,0.0000,0,0,ang_step
7597.2294,,,,0,0.0000,0.0000,0,0,ang_step
7597.2460,,,,0,0.0000,0.0000,0,0,ang_step
7597.2627,,,,0,0.0000,0.0000,0,0,ang_step
7597.2794,0.87486,0.12020,-2.35134,1,0.0000,0.0000,0,0,ang_step
7597.2960,0.88301,0.12061,2.03065,1,0.0000,0.0000,0,0,ang_step
7597.3127,0.91090,0.12497,-2.40692,1,0.0000,0.0000,0,0,ang_step
7597.3294,0.89159,0.12183,2.03893,1,0.0000,0.0000,0,0,ang_step
7597.3460,0.87371,0.11968,2.03307,1,0.0000,0.0000,0,0,ang_step
7597.3627,0.89611,0.12225,2.02984,1,0.0000,0.0000,0,0,ang_step
7597.3794,0.89271,0.12214,2.04120,1,0.0000,0.0000,0,0,ang_step
7597.3960,0.89812,0.12320,-2.37442,1,0.0000,0.0000,0,0,ang_step
7597.4127,,,,0,0.0000,0.0000,0,0,ang_step
7597.4294,,,,0,0.0000,0.0000,0,0,ang_step
7597.4460,0.88802,0.12174,2.03952,1,0.0000,0.0000,0,0,ang_step
7597.4627,0.88462,0.12111,2.03993,1,0.0000,0.0000,0,0,ang_step
7597.4794,0.88273,0.12105,2.04034,1,0.0000,0.0000,0,0,ang_step
7597.4960,0.89520,0.12265,2.03960,1,0.0000,0.0000,0,0,ang_step
7597.5127,0.90836,0.12444,-2.36679,1,0.0000,0.0000,0,0,ang_step
7597.5293,0.88981,0.12171,2.04109,1,0.0000,0.0000,0,0,ang_step
7597.5460,0.89188,0.12228,2.03018,1,0.0000,0.0000,0,0,ang_step
7597.5627,,,,0,0.0000,0.0000,0,0,ang_step
7597.5793,0.88540,0.12184,2.01910,1,0.0000,0.0000,0,0,ang_step
7597.5960,0.88292,0.12113,2.04161,1,0.0000,0.0000,0,0,ang_step
7597.6127,0.89809,0.12212,2.02843,1,0.0000,0.0000,0,0,ang_step
7597.6293,0.89745,0.12266,2.03487,1,0.0000,0.0000,0,0,ang_step
7597.6460,0.90396,0.12399,-2.37011,1,0.0000,0.0000,0,0,ang_step
7597.6627,0.89100,0.12190,-2.35576,1,0.0000,0.0000,0,0,ang_step
7597.6793,0.88770,0.12157,2.02419,1,0.0000,0.0000,0,0,ang_step
7597.6960,0.89182,0.12207,2.03629,1,0.0000,0.0000,0,0,ang_step
7597.7127,0.91580,0.12542,-2.41450,1,0.0000,0.0000,0,0,ang_step
7597.7293,0.87235,0.12004,2.02583,1,0.0000,0.0000,0,0,ang_step
7597.7460,0.88034,0.12033,2.03182,1,0.0000,0.0000,0,0,ang_step
7597.7626,,,,0,0.0000,0.0000,0,0,ang_step
7597.7793,0.88709,0.12147,2.03885,1,0.0000,0.0000,0,0,ang_step
7597.7960,0.89151,0.12237,-2.37938,1,0.0000,0.0000,0,0,ang_step
7597.8126,,,,0,0.0000,0.0000,0,0,ang_step
7597.8293,0.88016,0.12076,2.04267,1,0.0000,0.0000,0,0,ang_step
7597.8460,,,,0,0.0000,0.0000,0,0,ang_step
7597.8626,0.87877,0.12062,2.03702,1,0.0000,0.0000,0,0,ang_step
7597.8793,0.88935,0.12192,2.04819,1,0.0000,0.0000,0,0,ang_step
7597.8960,0.88649,0.12154,-2.38764,1,0.0000,0.0000,0,0,ang_step
7597.9126,0.87845,0.12036,2.03828,1,0.0000,0.0000,0,0,ang_step
7597.9293,0.89490,0.12237,-2.35260,1,0.0000,0.0000,0,0,ang_step
7597.9460,0.89796,0.12312,-2.41445,1,0.0000,0.0000,0,0,ang_step
7597.9626,0.87757,0.12026,2.04277,1,0.0000,0.0000,0,0,ang_step
7597.9793,0.88186,0.12090,2.03826,1,0.0000,0.0000,0,0,ang_step
7597.9959,0.87870,0.12060,2.02921,1,0.0000,0.0000,0,0,ang_step
7598.0126,0.88872,0.12173,2.03997,1,0.0000,0.0000,0,0,ang_step
7598.0293,0.89411,0.12226,2.04153,1,0.0000,0.0000,0,0,ang_step
7598.0459,,,,0,0.0000,0.0000,0,0,ang_step
7598.0626,0.88006,0.12088,-2.39369,1,0.0000,0.0000,0,0,ang_step
7598.0793,0.87873,0.12069,2.04567,1,0.0000,0.0000,0,0,ang_step
7598.0959,0.89447,0.12220,2.03692,1,0.0000,-1.0000,0,500,ang_step
7598.1126,,,,0,0.0000,-1.0000,0,500,ang_step
7598.1293,,,,0,0.0000,-1.0000,0,500,ang_step
7598.1459,,,,0,0.0000,-1.0000,0,500,ang_step
7598.1626,,,,0,0.0000,-1.0000,0,500,ang_step
7598.1793,,,,0,0.0000,-1.0000,0,500,ang_step
7598.1959,,,,0,0.0000,-1.0000,0,500,ang_step
7598.2126,,,,0,0.0000,-1.0000,0,500,ang_step
7598.2292,,,,0,0.0000,-1.0000,0,500,ang_step
7598.2459,0.91612,0.14625,-1.88039,1,0.0000,-1.0000,0,500,ang_step
7598.2626,0.87988,0.14705,-1.32315,1,0.0000,-1.0000,0,500,ang_step
7598.2792,0.84241,0.14365,0.53195,1,0.0000,-1.0000,0,500,ang_step
7598.2959,0.90875,0.15244,0.01644,1,0.0000,-1.0000,0,500,ang_step
7598.3126,0.87792,0.14427,0.70871,1,0.0000,-1.0000,0,500,ang_step
7598.3292,,,,0,0.0000,-1.0000,0,500,ang_step
7598.3459,,,,0,0.0000,-1.0000,0,500,ang_step
7598.3626,,,,0,0.0000,-1.0000,0,500,ang_step
7598.3792,,,,0,0.0000,-1.0000,0,500,ang_step
7598.3959,0.87115,0.15208,-1.66550,1,0.0000,-1.0000,0,500,ang_step
7598.4126,0.83430,0.15010,-0.90104,1,0.0000,-1.0000,0,500,ang_step
7598.4292,0.95174,0.16808,-0.04524,1,0.0000,0.0000,0,0,ang_step
7598.4459,0.88630,0.15461,-0.08653,1,0.0000,0.0000,0,0,ang_step
7598.4625,0.86588,0.14831,1.59948,1,0.0000,0.0000,0,0,ang_step
7598.4792,,,,0,0.0000,0.0000,0,0,ang_step
7598.4959,,,,0,0.0000,0.0000,0,0,ang_step
7598.5125,,,,0,0.0000,0.0000,0,0,ang_step
7598.5292,,,,0,0.0000,0.0000,0,0,ang_step
7598.5459,,,,0,0.0000,0.0000,0,0,ang_step
7598.5625,0.89960,0.17332,-1.94493,1,0.0000,0.0000,0,0,ang_step
7598.5792,0.89753,0.17640,-1.78934,1,0.0000,0.0000,0,0,ang_step
7598.5959,0.88796,0.17947,-1.64782,1,0.0000,0.0000,0,0,ang_step
7598.6125,0.84981,0.17690,-1.52956,1,0.0000,0.0000,0,0,ang_step
7598.6292,0.83135,0.17656,2.01882,1,0.0000,0.0000,0,0,ang_step
7598.6459,0.82596,0.17571,-1.49522,1,0.0000,0.0000,0,0,ang_step
7598.6625,0.84807,0.18021,-1.48158,1,0.0000,0.0000,0,0,ang_step
7598.6792,0.83648,0.17838,-1.48377,1,0.0000,0.0000,0,0,ang_step
7598.6958,0.84160,0.17907,-1.48061,1,0.0000,0.0000,0,0,ang_step
7598.7125,0.86646,0.18284,1.99277,1,0.0000,0.0000,0,0,ang_step
7598.7292,0.85419,0.18079,-1.47292,1,0.0000,0.0000,0,0,ang_step
7598.7458,0.84135,0.17904,-1.48145,1,0.0000,0.0000,0,0,ang_step
7598.7625,0.83985,0.17880,-1.47948,1,0.0000,0.0000,0,0,ang_step
7598.7792,0.86508,0.18305,-1.48636,1,0.0000,0.0000,0,0,ang_step
7598.7958,0.84736,0.18032,-1.49004,1,0.0000,0.0000,0,0,ang_step
7598.8125,0.85566,0.18163,-1.48536,1,0.0000,0.0000,0,0,ang_step
7598.8292,0.85729,0.18137,-1.47001,1,0.0000,0.0000,0,0,ang_step
7598.8458,0.83465,0.17815,-1.48577,1,0.0000,0.0000,0,0,ang_step
7598.8625,0.82928,0.17712,-1.47870,1,0.0000,0.0000,0,0,ang_step
7598.8792,0.83115,0.17746,-1.48769,1,0.0000,0.0000,0,0,ang_step
7598.8958,0.85933,0.18160,-1.46931,1,0.0000,0.0000,0,0,ang_step
7598.9125,0.84768,0.18003,-1.47759,1,0.0000,0.0000,0,0,ang_step
7598.9291,0.85993,0.18175,-1.46912,1,0.0000,0.0000,0,0,ang_step
7598.9458,0.85056,0.18021,-1.46760,1,0.0000,0.0000,0,0,ang_step
7598.9625,0.83233,0.17781,-1.48922,1,0.0000,0.0000,0,0,ang_step
7598.9791,0.83248,0.17745,-1.48908,1,0.0000,0.0000,0,0,ang_step
7598.9958,0.85731,0.18128,1.92849,1,0.0000,0.0000,0,0,ang_step
7599.0125,0.85201,0.18134,-1.49822,1,0.0000,0.0000,0,0,ang_step
7599.0291,0.83639,0.17812,-1.48258,1,0.0000,0.0000,0,0,ang_step
7599.0458,0.84189,0.17910,-1.47824,1,0.0000,0.0000,0,0,ang_step
7599.0625,0.83719,0.17850,-1.47986,1,0.0000,0.0000,0,0,ang_step
7599.0791,0.86313,0.18231,-1.46883,1,0.0000,0.0000,0,0,ang_step
7599.0958,0.86458,0.18252,-1.46986,1,0.0000,0.0000,0,0,ang_step
7599.1125,0.84922,0.18007,-1.47298,1,0.0000,0.0000,0,0,ang_step
7599.1291,0.85875,0.18135,1.95400,1,0.0000,0.0000,0,0,ang_step
7599.1458,0.85849,0.18156,-1.46952,1,0.0000,0.0000,0,0,ang_step
7599.1624,0.85640,0.18104,-1.46924,1,0.0000,0.0000,0,0,ang_step
7599.1791,0.86339,0.18222,-1.46809,1,0.0000,0.0000,0,0,ang_step
7599.1958,0.84751,0.17917,2.00515,1,0.0000,0.0000,0,0,ang_step
7599.2124,0.84857,0.18053,-1.49421,1,0.0000,0.0000,0,0,ang_step
7599.2291,0.85954,0.18169,-1.46838,1,0.0000,0.0000,0,0,ang_step
7599.2458,0.84545,0.17967,-1.47708,1,0.0000,0.0000,0,0,ang_step
7599.2624,0.83738,0.17844,-1.48284,1,0.0000,0.0000,0,0,ang_step
7599.2791,0.83610,0.17776,2.04596,1,0.0000,0.0000,0,0,ang_step
7599.2958,0.84088,0.17933,-1.49729,1,0.0000,0.0000,0,0,ang_step
7599.3124,0.83604,0.17825,-1.48234,1,0.0000,0.0000,0,0,ang_step
7599.3291,0.83931,0.17876,-1.48030,1,0.0000,0.0000,0,0,ang_step
7599.3458,0.84477,0.17859,1.98649,1,0.0000,0.0000,0,0,ang_step
7599.3624,0.83623,0.17827,-1.48330,1,0.0000,0.0000,0,0,ang_step
7599.3791,0.83121,0.17779,-1.49692,1,0.0000,0.0000,0,0,ang_step
7599.3957,0.84304,0.17919,-1.47849,1,0.0000,0.0000,0,0,ang_step
7607.8115,1.24680,-0.01277,0.24298,1,0.0000,0.0000,0,0,ang_step
7607.8282,1.22414,-0.01147,-0.44979,1,0.0000,0.0000,0,0,ang_step
7607.8448,1.22248,-0.01221,-0.45379,1,0.0000,0.0000,0,0,ang_step
7607.8615,1.22202,-0.01231,-0.44638,1,0.0000,0.0000,0,0,ang_step
7607.8781,1.22970,-0.01228,-0.45038,1,0.0000,0.0000,0,0,ang_step
7607.8948,1.23320,-0.01251,-0.45553,1,0.0000,0.0000,0,0,ang_step
7607.9115,1.22364,-0.01255,-0.46996,1,0.0000,0.0000,0,0,ang_step
7607.9281,1.23934,-0.01238,-0.46707,1,0.0000,0.0000,0,0,ang_step
7607.9448,1.22521,-0.01262,-0.46875,1,0.0000,0.0000,0,0,ang_step
7607.9615,1.21614,-0.01205,-0.42754,1,0.0000,0.0000,0,0,ang_step
7607.9781,1.22380,-0.01253,-0.43005,1,0.0000,0.0000,0,0,ang_step
7607.9948,1.21922,-0.01210,-0.42558,1,0.0000,0.0000,0,0,ang_step
7608.0115,1.21666,-0.01304,-0.44093,1,0.0000,0.0000,0,0,ang_step
7608.0281,1.22098,-0.01251,-0.45537,1,0.0000,0.0000,0,0,ang_step
7608.0448,1.22974,-0.01276,-0.46496,1,0.0000,0.0000,0,0,ang_step
7608.0615,1.22547,-0.01261,-0.46376,1,0.0000,0.0000,0,0,ang_step
7608.0781,1.22267,-0.01273,-0.47464,1,0.0000,0.0000,0,0,ang_step
7608.0948,1.21955,-0.01182,0.27918,1,0.0000,0.0000,0,0,ang_step
7608.1114,1.22635,-0.01314,-0.45567,1,0.0000,0.0000,0,0,ang_step
7608.1281,1.22178,-0.01217,0.30001,1,0.1111,0.0000,56,0,slew
7608.1448,1.22111,-0.01288,0.26768,1,0.1111,0.0000,56,0,slew
7608.1614,1.23073,-0.01098,-0.41358,1,0.1111,0.0000,56,0,slew
7608.1781,1.20667,-0.00815,-0.38394,1,0.1111,0.0000,56,0,slew
7608.1948,1.20964,-0.00596,-0.40865,1,0.2222,0.0000,111,0,slew
7608.2114,1.19588,-0.00072,0.23458,1,0.2222,0.0000,111,0,slew
7608.2281,1.17256,0.00528,0.24030,1,0.2222,0.0000,111,0,slew
7608.2448,1.16321,0.01231,-0.36392,1,0.2222,0.0000,111,0,slew
7608.2614,1.14336,0.01943,-0.43612,1,0.3333,0.0000,167,0,slew
7608.2781,1.11667,0.02593,-0.39406,1,0.3333,0.0000,167,0,slew
7608.2948,1.09957,0.03402,-0.41216,1,0.3333,0.0000,167,0,slew
7608.3114,1.05671,0.04298,0.25363,1,0.4444,0.0000,222,0,slew
7608.3281,1.04301,0.05270,-0.41045,1,0.4444,0.0000,222,0,slew
7608.3448,1.01285,0.06381,-0.40073,1,0.4444,0.0000,222,0,slew
7608.3614,0.98691,0.07598,-0.40060,1,0.4444,0.0000,222,0,slew
7608.3781,0.94651,0.08742,-0.40137,1,0.5556,0.0000,278,0,slew
7608.3947,0.92528,0.10147,-0.39665,1,0.5556,0.0000,278,0,slew
7608.4114,0.88972,0.11586,-0.44638,1,0.5556,0.0000,278,0,slew
7608.4281,0.84983,0.13027,-0.42230,1,0.5556,0.0000,278,0,slew
7608.4447,0.79709,0.14552,-0.40237,1,0.6667,0.0000,333,0,slew
7608.4614,0.73756,0.15823,0.34866,1,0.6667,0.0000,333,0,slew
7608.4781,0.70149,0.17738,-0.43489,1,0.6667,0.0000,333,0,slew
7608.4947,0.66928,0.19860,-0.42980,1,0.6667,0.0000,333,0,slew
7608.5114,0.61409,0.21695,-0.43928,1,0.7778,0.0000,389,0,slew
7608.5281,0.57315,0.23920,0.31056,1,0.7778,0.0000,389,0,slew
7608.5447,,,,0,0.7778,0.0000,389,0,slew
7608.5614,,,,0,0.8889,0.0000,444,0,slew
7608.5781,,,,0,0.8889,0.0000,444,0,slew
7608.5947,,,,0,0.8889,0.0000,444,0,slew
7608.6114,,,,0,0.8889,0.0000,444,0,slew
7608.6280,,,,0,1.0000,0.0000,500,0,slew
7608.6447,,,,0,1.0000,0.0000,500,0,slew
7608.6614,,,,0,1.0000,0.0000,500,0,slew
7608.6780,,,,0,1.0000,0.0000,500,0,slew
7608.6947,,,,0,1.0000,0.0000,500,0,lin_max
7608.7114,,,,0,1.0000,0.0000,500,0,lin_max
7608.7280,,,,0,1.0000,0.0000,500,0,lin_max
7608.7447,,,,0,1.0000,0.0000,500,0,lin_max
7608.7614,,,,0,1.0000,0.0000,500,0,lin_max
7608.7780,,,,0,1.0000,0.0000,500,0,lin_max
7608.7947,,,,0,1.0000,0.0000,500,0,lin_max
7608.8114,,,,0,1.0000,0.0000,500,0,lin_max
7608.8280,,,,0,1.0000,0.0000,500,0,lin_max
7608.8447,,,,0,1.0000,0.0000,500,0,lin_max
7608.8613,,,,0,1.0000,0.0000,500,0,lin_max
7608.8780,,,,0,1.0000,0.0000,500,0,lin_max
7608.8947,,,,0,1.0000,0.0000,500,0,lin_max
7608.9113,,,,0,0.0000,0.0000,0,0,lin_max
7608.9280,,,,0,0.0000,0.0000,0,0,lin_max
7608.9447,,,,0,0.0000,0.0000,0,0,lin_max
7608.9613,,,,0,0.0000,0.0000,0,0,lin_max
7608.9780,,,,0,0.0000,0.0000,0,0,lin_max
7608.9947,,,,0,0.0000,0.0000,0,0,lin_max
7609.0113,,,,0,0.0000,0.0000,0,0,lin_max
7609.0280,,,,0,0.0000,0.0000,0,0,lin_max
7609.0447,,,,0,0.0000,0.0000,0,0,lin_max
7609.0613,,,,0,0.0000,0.0000,0,0,lin_max
7609.0780,,,,0,0.0000,0.0000,0,0,lin_max
7609.0946,,,,0,0.0000,0.0000,0,0,lin_max
7609.1113,,,,0,0.0000,0.0000,0,0,lin_max
7609.1280,,,,0,0.0000,0.0000,0,0,lin_max
7609.1446,,,,0,0.0000,0.0000,0,0,lin_max
7609.1613,,,,0,0.0000,0.0000,0,0,lin_max
7609.1780,,,,0,0.0000,0.0000,0,0,lin_max
7609.1946,,,,0,0.0000,0.0000,0,0,lin_max
7609.2113,,,,0,0.0000,0.0000,0,0,lin_max
7609.2280,,,,0,0.0000,0.0000,0,0,lin_max
7609.2446,,,,0,0.0000,0.0000,0,0,lin_max
7609.2613,,,,0,0.0000,0.0000,0,0,lin_max
7609.2780,,,,0,0.0000,0.0000,0,0,lin_max
7609.2946,,,,0,0.0000,0.0000,0,0,lin_max
7609.3113,,,,0,0.0000,0.0000,0,0,lin_max
7609.3279,,,,0,0.0000,0.0000,0,0,lin_max
7609.3446,,,,0,0.0000,0.0000,0,0,lin_max
7609.3613,,,,0,0.0000,0.0000,0,0,lin_max
7609.3779,,,,0,0.0000,0.0000,0,0,lin_max
7609.3946,,,,0,0.0000,0.0000,0,0,lin_max
7609.4113,,,,0,0.0000,0.0000,0,0,lin_max
7609.4279,,,,0,0.0000,0.0000,0,0,lin_max
7609.4446,,,,0,0.0000,0.0000,0,0,lin_max
7609.4613,,,,0,0.0000,0.0000,0,0,lin_max
7609.4779,,,,0,0.0000,0.0000,0,0,lin_max
7609.4946,,,,0,0.0000,0.0000,0,0,lin_max
7609.5113,,,,0,0.0000,0.0000,0,0,lin_max
7609.5279,,,,0,0.0000,0.0000,0,0,lin_max
7609.5446,,,,0,0.0000,0.0000,0,0,lin_max
7609.5612,,,,0,0.0000,0.0000,0,0,lin_max
7609.5779,,,,0,0.0000,0.0000,0,0,lin_max
7609.5946,,,,0,0.0000,0.0000,0,0,lin_max
7609.6112,,,,0,0.0000,0.0000,0,0,lin_max
7609.6279,,,,0,0.0000,0.0000,0,0,lin_max
7609.6446,,,,0,0.0000,0.0000,0,0,lin_max
7609.6612,,,,0,0.0000,0.0000,0,0,lin_max
7609.6779,,,,0,0.0000,0.0000,0,0,lin_max
7609.6946,,,,0,0.0000,0.0000,0,0,lin_max
7609.7112,,,,0,0.0000,0.0000,0,0,lin_max
7609.7279,,,,0,0.0000,0.0000,0,0,lin_max
7609.7446,,,,0,0.0000,0.0000,0,0,lin_max
7609.7612,,,,0,0.0000,0.0000,0,0,lin_max
7609.7779,,,,0,0.0000,0.0000,0,0,lin_max
7609.7945,,,,0,0.0000,0.0000,0,0,lin_max
7609.8112,,,,0,0.0000,0.0000,0,0,lin_max
7609.8279,,,,0,0.0000,0.0000,0,0,lin_max
7609.8445,,,,0,0.0000,0.0000,0,0,lin_max
7609.8612,,,,0,0.0000,0.0000,0,0,lin_max
7609.8779,,,,0,0.0000,0.0000,0,0,lin_max
7609.8945,,,,0,0.0000,0.0000,0,0,lin_max
7609.9112,,,,0,0.0000,0.0000,0,0,lin_max
7609.9279,,,,0,0.0000,0.0000,0,0,lin_max
7609.9445,,,,0,0.0000,0.0000,0,0,lin_max
7609.9612,,,,0,0.0000,0.0000,0,0,lin_max
7609.9779,,,,0,0.0000,0.0000,0,0,lin_max
7609.9945,,,,0,0.0000,0.0000,0,0,lin_max
7610.0112,,,,0,0.0000,0.0000,0,0,lin_max
7610.0278,,,,0,0.0000,0.0000,0,0,lin_max
7610.0445,,,,0,0.0000,0.0000,0,0,lin_max
7610.0612,,,,0,0.0000,0.0000,0,0,lin_max
7610.0778,,,,0,0.0000,0.0000,0,0,lin_max
7610.0945,,,,0,0.0000,0.0000,0,0,lin_max
7610.1112,,,,0,0.0000,0.0000,0,0,lin_max
7610.1278,,,,0,0.0000,0.0000,0,0,lin_max
7610.1445,,,,0,0.0000,0.0000,0,0,lin_max
7610.1612,,,,0,0.0000,0.0000,0,0,lin_max
7610.1778,,,,0,0.0000,0.0000,0,0,lin_max
7610.1945,,,,0,0.0000,0.0000,0,0,lin_max
7610.2112,,,,0,0.0000,0.0000,0,0,lin_max
7610.2278,,,,0,0.0000,0.0000,0,0,lin_max
7610.2445,,,,0,0.0000,0.0000,0,0,lin_max
7610.2611,,,,0,0.0000,0.0000,0,0,lin_max
7610.2778,,,,0,0.0000,0.0000,0,0,lin_max
7610.2945,,,,0,0.0000,0.0000,0,0,lin_max
7610.3111,,,,0,0.0000,0.0000,0,0,lin_max
7610.3278,,,,0,0.0000,0.0000,0,0,lin_max
7610.3445,,,,0,0.0000,0.0000,0,0,lin_max
7610.3611,,,,0,0.0000,0.0000,0,0,lin_max
7616.7434,0.77436,-0.06295,-0.46527,1,0.0000,0.0000,0,0,lin_max
7616.7600,0.78061,-0.06287,-0.46582,1,0.0000,0.0000,0,0,lin_max
7616.7767,0.77412,-0.06285,-0.46572,1,0.0000,0.0000,0,0,lin_max
7616.7934,0.79449,-0.06305,-0.46778,1,0.0000,0.0000,0,0,lin_max
7616.8100,0.78449,-0.06305,-0.46503,1,0.0000,0.0000,0,0,lin_max
7616.8267,0.77343,-0.06251,-0.47452,1,0.0000,0.0000,0,0,lin_max
7616.8434,0.77626,-0.06309,-0.45357,1,0.0000,0.0000,0,0,lin_max
7616.8600,0.78345,-0.06278,-0.45347,1,0.0000,0.0000,0,0,lin_max
7616.8767,0.77713,-0.06301,-0.44738,1,0.0000,0.0000,0,0,lin_max
7616.8934,0.78327,-0.06314,-0.46128,1,0.0000,0.0000,0,0,lin_max
7616.9100,0.78264,-0.06261,-0.44491,1,0.0000,0.0000,0,0,lin_max
7616.9267,0.77480,-0.06253,0.08338,1,0.0000,0.0000,0,0,lin_max
7616.9434,0.76851,-0.06260,0.09559,1,0.0000,0.0000,0,0,lin_max
7616.9600,0.77686,-0.06269,-0.46181,1,0.0000,0.0000,0,0,lin_max
7616.9767,0.77940,-0.06271,-0.45943,1,0.0000,0.0000,0,0,lin_max
7616.9933,0.77745,-0.06267,-0.47160,1,0.0000,0.0000,0,0,lin_max
7617.0100,0.76821,-0.06275,-0.45649,1,0.0000,0.0000,0,0,lin_max
7617.0267,0.77376,-0.06248,-0.45973,1,0.0000,0.0000,0,0,lin_max
7617.0433,0.77820,-0.06269,-0.45764,1,0.0000,1.0000,0,-500,ang_max
7617.0600,0.78523,-0.06290,-0.47623,1,0.0000,1.0000,0,-500,ang_max
7617.0767,0.77952,-0.06292,-0.51398,1,0.0000,1.0000,0,-500,ang_max
7617.0933,0.77551,-0.06251,0.12129,1,0.0000,1.0000,0,-500,ang_max
7617.1100,0.76814,-0.06139,-0.74043,1,0.0000,1.0000,0,-500,ang_max
7617.1267,0.76423,-0.06087,-0.95063,1,0.0000,1.0000,0,-500,ang_max
7617.1433,0.76021,-0.05999,-1.16532,1,0.0000,1.0000,0,-500,ang_max
7617.1600,0.77559,-0.05890,-1.45105,1,0.0000,1.0000,0,-500,ang_max
7617.1767,0.84298,-0.06084,-1.85297,1,0.0000,1.0000,0,-500,ang_max
7617.1933,,,,0,0.0000,1.0000,0,-500,ang_max
7617.2100,,,,0,0.0000,1.0000,0,-500,ang_max
7617.2266,,,,0,0.0000,1.0000,0,-500,ang_max
7617.2433,,,,0,0.0000,1.0000,0,-500,ang_max
7617.2600,0.85603,-0.07863,1.67081,1,0.0000,1.0000,0,-500,ang_max
7617.2766,0.83686,-0.08228,0.96100,1,0.0000,1.0000,0,-500,ang_max
7617.2933,0.80279,-0.08252,-0.04507,1,0.0000,1.0000,0,-500,ang_max
7617.3100,0.84248,-0.08204,0.18540,1,0.0000,1.0000,0,-500,ang_max
7617.3266,0.81923,-0.07663,-1.33223,1,0.0000,1.0000,0,-500,ang_max
7617.3433,0.88896,-0.07816,-2.15726,1,0.0000,1.0000,0,-500,ang_max
7617.3600,,,,0,0.0000,1.0000,0,-500,ang_max
7617.3766,,,,0,0.0000,0.0000,0,0,ang_max
7617.3933,,,,0,0.0000,0.0000,0,0,ang_max
7617.4100,0.85944,-0.09211,-0.32065,1,0.0000,0.0000,0,0,ang_max
7617.4266,0.82963,-0.08821,-0.08023,1,0.0000,0.0000,0,0,ang_max
7617.4433,0.82447,-0.08421,-0.44373,1,0.0000,0.0000,0,0,ang_max
7617.4599,0.81742,-0.08140,-1.01280,1,0.0000,0.0000,0,0,ang_max
7617.4766,0.81542,-0.07908,-1.38780,1,0.0000,0.0000,0,0,ang_max
7617.4933,0.85145,-0.07893,-1.81786,1,0.0000,0.0000,0,0,ang_max
7617.5099,0.87739,-0.07817,-2.12024,1,0.0000,0.0000,0,0,ang_max
7617.5266,,,,0,0.0000,0.0000,0,0,ang_max
7617.5433,,,,0,0.0000,0.0000,0,0,ang_max
7617.5599,,,,0,0.0000,0.0000,0,0,ang_max
7617.5766,,,,0,0.0000,0.0000,0,0,ang_max
7617.5933,,,,0,0.0000,0.0000,0,0,ang_max
7617.6099,,,,0,0.0000,0.0000,0,0,ang_max
7617.6266,,,,0,0.0000,0.0000,0,0,ang_max
7617.6433,,,,0,0.0000,0.0000,0,0,ang_max
7617.6599,,,,0,0.0000,0.0000,0,0,ang_max
7617.6766,,,,0,0.0000,0.0000,0,0,ang_max
7617.6932,,,,0,0.0000,0.0000,0,0,ang_max
7617.7099,,,,0,0.0000,0.0000,0,0,ang_max
7617.7266,,,,0,0.0000,0.0000,0,0,ang_max
7617.7432,,,,0,0.0000,0.0000,0,0,ang_max
7617.7599,,,,0,0.0000,0.0000,0,0,ang_max
7617.7766,,,,0,0.0000,0.0000,0,0,ang_max
7617.7932,,,,0,0.0000,0.0000,0,0,ang_max
7617.8099,,,,0,0.0000,0.0000,0,0,ang_max
7617.8266,,,,0,0.0000,0.0000,0,0,ang_max
7617.8432,,,,0,0.0000,0.0000,0,0,ang_max
7617.8599,,,,0,0.0000,0.0000,0,0,ang_max
7617.8766,,,,0,0.0000,0.0000,0,0,ang_max
7617.8932,,,,0,0.0000,0.0000,0,0,ang_max
7617.9099,,,,0,0.0000,0.0000,0,0,ang_max
7617.9265,,,,0,0.0000,0.0000,0,0,ang_max
7617.9432,,,,0,0.0000,0.0000,0,0,ang_max
7617.9599,,,,0,0.0000,0.0000,0,0,ang_max
7617.9765,,,,0,0.0000,0.0000,0,0,ang_max
7617.9932,,,,0,0.0000,0.0000,0,0,ang_max
7618.0099,,,,0,0.0000,0.0000,0,0,ang_max
7618.0265,,,,0,0.0000,0.0000,0,0,ang_max
7618.0432,,,,0,0.0000,0.0000,0,0,ang_max
7618.0599,,,,0,0.0000,0.0000,0,0,ang_max
7618.0765,,,,0,0.0000,0.0000,0,0,ang_max
7618.0932,,,,0,0.0000,0.0000,0,0,ang_max
7618.1099,,,,0,0.0000,0.0000,0,0,ang_max
7618.1265,,,,0,0.0000,0.0000,0,0,ang_max
7618.1432,,,,0,0.0000,0.0000,0,0,ang_max
7618.1598,,,,0,0.0000,0.0000,0,0,ang_max
7618.1765,,,,0,0.0000,0.0000,0,0,ang_max
7618.1932,,,,0,0.0000,0.0000,0,0,ang_max
7618.2098,,,,0,0.0000,0.0000,0,0,ang_max
7618.2265,,,,0,0.0000,0.0000,0,0,ang_max
7618.2432,,,,0,0.0000,0.0000,0,0,ang_max
7618.2598,,,,0,0.0000,0.0000,0,0,ang_max
7618.2765,,,,0,0.0000,0.0000,0,0,ang_max
7618.2932,,,,0,0.0000,0.0000,0,0,ang_max
7618.3098,,,,0,0.0000,0.0000,0,0,ang_max
7618.3265,,,,0,0.0000,0.0000,0,0,ang_max
7618.3432,,,,0,0.0000,0.0000,0,0,ang_max
7618.3598,,,,0,0.0000,0.0000,0,0,ang_max
7618.3765,,,,0,0.0000,0.0000,0,0,ang_max
7618.3931,,,,0,0.0000,0.0000,0,0,ang_max
7618.4098,,,,0,0.0000,0.0000,0,0,ang_max
7618.4265,,,,0,0.0000,0.0000,0,0,ang_max
7618.4431,,,,0,0.0000,0.0000,0,0,ang_max
7618.4598,,,,0,0.0000,0.0000,0,0,ang_max
7618.4765,,,,0,0.0000,0.0000,0,0,ang_max
7618.4931,,,,0,0.0000,0.0000,0,0,ang_max
7618.5098,,,,0,0.0000,0.0000,0,0,ang_max
7618.5265,,,,0,0.0000,0.0000,0,0,ang_max
7618.5431,,,,0,0.0000,0.0000,0,0,ang_max
7618.5598,,,,0,0.0000,0.0000,0,0,ang_max
7618.5765,,,,0,0.0000,0.0000,0,0,ang_max
7618.5931,,,,0,0.0000,0.0000,0,0,ang_max
7618.6098,,,,0,0.0000,0.0000,0,0,ang_max
7618.6264,,,,0,0.0000,0.0000,0,0,ang_max
7618.6431,,,,0,0.0000,0.0000,0,0,ang_max
7618.6598,,,,0,0.0000,0.0000,0,0,ang_max
7618.6764,,,,0,0.0000,0.0000,0,0,ang_max
7618.6931,,,,0,0.0000,0.0000,0,0,ang_max
7618.7098,,,,0,0.0000,0.0000,0,0,ang_max
7618.7264,,,,0,0.0000,0.0000,0,0,ang_max
7618.7431,,,,0,0.0000,0.0000,0,0,ang_max
7618.7598,,,,0,0.0000,0.0000,0,0,ang_max
7618.7764,,,,0,0.0000,0.0000,0,0,ang_max
7618.7931,,,,0,0.0000,0.0000,0,0,ang_max
7618.8098,,,,0,0.0000,0.0000,0,0,ang_max
7618.8264,,,,0,0.0000,0.0000,0,0,ang_max
7623.5924,1.17352,-0.07048,0.15292,1,0.0000,0.0000,0,0,ang_max
7623.6091,1.18105,-0.07035,0.14204,1,0.0000,0.0000,0,0,ang_max
7623.6258,1.17268,-0.07047,0.16223,1,0.0000,0.0000,0,0,ang_max
7623.6424,1.17193,-0.07036,0.16098,1,0.0000,0.0000,0,0,ang_max
7623.6591,1.16847,-0.07059,0.14568,1,0.0000,0.0000,0,0,ang_max
7623.6757,1.16438,-0.07035,0.17292,1,0.0000,0.0000,0,0,ang_max
7623.6924,1.17596,-0.07065,0.12409,1,0.0000,0.0000,0,0,ang_max
7623.7091,1.18184,-0.07032,-0.41250,1,0.0000,0.0000,0,0,ang_max
7623.7257,1.16345,-0.07101,-0.38617,1,0.0000,0.0000,0,0,ang_max
7623.7424,1.17715,-0.07090,-0.43071,1,0.0000,0.0000,0,0,ang_max
7623.7591,1.17915,-0.07072,-0.46154,1,0.0000,0.0000,0,0,ang_max
7623.7757,1.16145,-0.07153,0.15967,1,0.0000,0.0000,0,0,ang_max
7623.7924,1.15481,-0.07078,-0.36963,1,0.0000,0.0000,0,0,ang_max
7623.8091,1.15609,-0.07072,-0.38453,1,0.0000,0.0000,0,0,ang_max
7623.8257,1.16982,-0.07070,-0.43874,1,0.0000,0.0000,0,0,ang_max
7623.8424,1.18271,-0.07109,0.17323,1,0.0000,0.0000,0,0,ang_max
7623.8591,1.17750,-0.07020,-0.43680,1,0.0000,0.0000,0,0,ang_max
7623.8757,1.17575,-0.07027,-0.44456,1,0.0000,0.0000,0,0,ang_max
7623.8924,1.17346,-0.07065,-0.42805,1,0.0000,0.0000,0,0,ang_max
7623.9090,1.20266,-0.07064,-0.43779,1,0.1167,0.0000,58,0,slew
7623.9257,1.17769,-0.07075,0.16258,1,0.1167,0.0000,58,0,slew
7623.9424,1.13254,-0.06797,-0.36236,1,0.1167,0.0000,58,0,slew
7623.9590,1.14787,-0.06551,0.12306,1,0.1167,0.0000,58,0,slew
7623.9757,,,,0,0.2333,0.0000,117,0,slew
7623.9924,1.12573,-0.05646,-0.42329,1,0.2333,0.0000,117,0,slew
7624.0090,1.10923,-0.05127,-0.41721,1,0.2333,0.0000,117,0,slew
7624.0257,1.08339,-0.04451,-0.41561,1,0.2333,0.0000,117,0,slew
7624.0424,1.08989,-0.03718,-0.40410,1,0.3500,0.0000,175,0,slew
7624.0590,1.07275,-0.03027,0.17212,1,0.3500,0.0000,175,0,slew
7624.0757,1.03042,-0.02077,0.17431,1,0.3500,0.0000,175,0,slew
7624.0924,1.00482,-0.01284,0.18842,1,0.4667,0.0000,233,0,slew
7624.1090,0.98644,-0.00166,-0.39669,1,0.4667,0.0000,233,0,slew
7624.1257,0.94979,0.00875,0.20080,1,0.4667,0.0000,233,0,slew
7624.1423,0.93720,0.02100,0.22744,1,0.4667,0.0000,233,0,slew
7624.1590,0.89271,0.03315,-0.39309,1,0.5833,0.0000,292,0,slew
7624.1757,0.86328,0.04628,0.23424,1,0.5833,0.0000,292,0,slew
7624.1923,0.78220,0.05722,-0.33406,1,0.5833,0.0000,292,0,slew
7624.2090,0.77684,0.07478,-0.40081,1,0.5833,0.0000,292,0,slew
7624.2257,0.71737,0.08818,0.21852,1,0.7000,0.0000,350,0,slew
7624.2423,0.67519,0.10450,0.22708,1,0.7000,0.0000,350,0,slew
7624.2590,0.63894,0.12259,-0.38795,1,0.7000,0.0000,350,0,slew
7624.2757,0.58059,0.13978,-0.36290,1,0.7000,0.0000,350,0,slew
7624.2923,0.53233,0.15776,0.18257,1,0.7000,0.0000,350,0,steer_brake
7624.3090,,,,0,0.7000,0.0000,350,0,steer_brake
7624.3257,,,,0,0.7000,0.0000,350,0,steer_brake
7624.3423,,,,0,0.7000,0.0000,350,0,steer_brake
7624.3590,,,,0,0.7000,0.0000,350,0,steer_brake
7624.3756,0.23730,0.24526,-0.40520,1,0.0000,0.0000,0,0,steer_brake
7624.3923,0.18744,0.26523,-0.39212,1,0.0000,0.0000,0,0,steer_brake
7624.4090,0.13759,0.28184,-0.35372,1,0.0000,0.0000,0,0,steer_brake
7624.4256,0.10051,0.30303,0.18571,1,0.0000,0.0000,0,0,steer_brake
7624.4423,0.04895,0.31383,0.26613,1,0.0000,0.0000,0,0,steer_brake
7624.4590,0.02200,0.33832,-0.04817,1,0.0000,0.0000,0,0,steer_brake
7624.4756,,,,0,0.0000,0.0000,0,0,steer_brake
7624.4923,,,,0,0.0000,0.0000,0,0,steer_brake
7624.5090,,,,0,0.0000,0.0000,0,0,steer_brake
7624.5256,,,,0,0.0000,0.0000,0,0,steer_brake
7624.5423,,,,0,0.0000,0.0000,0,0,steer_brake
7624.5590,,,,0,0.0000,0.0000,0,0,steer_brake
7624.5756,,,,0,0.0000,0.0000,0,0,steer_brake
7624.5923,,,,0,0.0000,0.0000,0,0,steer_brake
7624.6089,,,,0,0.0000,0.0000,0,0,steer_brake
7624.6256,,,,0,0.0000,0.0000,0,0,steer_brake
7624.6423,,,,0,0.0000,0.0000,0,0,steer_brake
7624.6589,,,,0,0.0000,0.0000,0,0,steer_brake
7624.6756,,,,0,0.0000,0.0000,0,0,steer_brake
7624.6923,,,,0,0.0000,0.0000,0,0,steer_brake
7624.7089,,,,0,0.0000,0.0000,0,0,steer_brake
7624.7256,,,,0,0.0000,0.0000,0,0,steer_brake
7624.7423,,,,0,0.0000,0.0000,0,0,steer_brake
7624.7589,,,,0,0.0000,0.0000,0,0,steer_brake
7624.7756,,,,0,0.0000,0.0000,0,0,steer_brake
7624.7923,,,,0,0.0000,0.0000,0,0,steer_brake
7624.8089,,,,0,0.0000,0.0000,0,0,steer_brake
7624.8256,,,,0,0.0000,0.0000,0,0,steer_brake
7624.8422,,,,0,0.0000,0.0000,0,0,steer_brake
7624.8589,,,,0,0.0000,0.0000,0,0,steer_brake
7624.8756,,,,0,0.0000,0.0000,0,0,steer_brake
7624.8922,,,,0,0.0000,0.0000,0,0,steer_brake
7624.9089,,,,0,0.0000,0.0000,0,0,steer_brake
7624.9256,,,,0,0.0000,0.0000,0,0,steer_brake
7624.9422,,,,0,0.0000,0.0000,0,0,steer_brake
7624.9589,,,,0,0.0000,0.0000,0,0,steer_brake
7624.9756,,,,0,0.0000,0.0000,0,0,steer_brake
7624.9922,,,,0,0.0000,0.0000,0,0,steer_brake
7625.0089,,,,0,0.0000,0.0000,0,0,steer_brake
7625.0256,,,,0,0.0000,0.0000,0,0,steer_brake
7625.0422,,,,0,0.0000,0.0000,0,0,steer_brake
7625.0589,,,,0,0.0000,0.0000,0,0,steer_brake
7625.0755,,,,0,0.0000,0.0000,0,0,steer_brake
7625.0922,,,,0,0.0000,0.0000,0,0,steer_brake
7625.1089,,,,0,0.0000,0.0000,0,0,steer_brake
7625.1255,,,,0,0.0000,0.0000,0,0,steer_brake
7625.1422,,,,0,0.0000,0.0000,0,0,steer_brake
7625.1589,,,,0,0.0000,0.0000,0,0,steer_brake
7625.1755,,,,0,0.1167,0.0000,58,0,slew
7625.1922,,,,0,0.1167,0.0000,58,0,slew
7625.2089,,,,0,0.1167,0.0000,58,0,slew
7625.2255,,,,0,0.1167,0.0000,58,0,slew
7625.2422,,,,0,0.2333,0.0000,117,0,slew
7625.2589,,,,0,0.2333,0.0000,117,0,slew
7625.2755,,,,0,0.2333,0.0000,117,0,slew
7625.2922,,,,0,0.2333,0.0000,117,0,slew
7625.3088,,,,0,0.3500,0.0000,175,0,slew
7625.3255,,,,0,0.3500,0.0000,175,0,slew
7625.3422,,,,0,0.3500,0.0000,175,0,slew
7625.3588,,,,0,0.3500,0.0000,175,0,slew
7625.3755,,,,0,0.4667,0.0000,233,0,slew
7625.3922,,,,0,0.4667,0.0000,233,0,slew
7625.4088,,,,0,0.4667,0.0000,233,0,slew
7625.4255,,,,0,0.4667,0.0000,233,0,slew
7625.4422,,,,0,0.5833,0.0000,292,0,slew
7625.4588,,,,0,0.5833,0.0000,292,0,slew
7625.4755,,,,0,0.5833,0.0000,292,0,slew
7625.4922,,,,0,0.7000,0.0000,350,0,slew
7625.5088,,,,0,0.7000,0.0000,350,0,slew
7625.5255,,,,0,0.7000,0.0000,350,0,slew
7625.5421,,,,0,0.7000,0.0000,350,0,slew
7625.5588,,,,0,0.7000,0.2500,350,-125,steer_brake
7625.5755,,,,0,0.7000,0.2500,350,-125,steer_brake
7625.5921,,,,0,0.7000,0.2500,350,-125,steer_brake
7625.6088,,,,0,0.7000,0.2500,350,-125,steer_brake
7625.6255,,,,0,0.7000,0.2500,350,-125,steer_brake
7625.6421,,,,0,0.0000,0.0000,0,0,steer_brake
7625.6588,,,,0,0.0000,0.0000,0,0,steer_brake
7625.6755,,,,0,0.0000,0.0000,0,0,steer_brake
7625.6921,,,,0,0.0000,0.0000,0,0,steer_brake
7625.7088,,,,0,0.0000,0.0000,0,0,steer_brake
7625.7255,,,,0,0.0000,0.0000,0,0,steer_brake
7625.7421,,,,0,0.0000,0.0000,0,0,steer_brake
7625.7588,,,,0,0.0000,0.0000,0,0,steer_brake
7625.7754,,,,0,0.0000,0.0000,0,0,steer_brake
7625.7921,,,,0,0.0000,0.0000,0,0,steer_brake
7625.8088,,,,0,0.0000,0.0000,0,0,steer_brake
7625.8254,,,,0,0.0000,0.0000,0,0,steer_brake
7625.8421,,,,0,0.0000,0.0000,0,0,steer_brake
7625.8588,,,,0,0.0000,0.0000,0,0,steer_brake
7625.8754,,,,0,0.0000,0.0000,0,0,steer_brake
7625.8921,,,,0,0.0000,0.0000,0,0,steer_brake
7625.9088,,,,0,0.0000,0.0000,0,0,steer_brake
7625.9254,,,,0,0.0000,0.0000,0,0,steer_brake
7625.9421,,,,0,0.0000,0.0000,0,0,steer_brake
7625.9588,,,,0,0.0000,0.0000,0,0,steer_brake
7625.9754,,,,0,0.0000,0.0000,0,0,steer_brake
7625.9921,,,,0,0.0000,0.0000,0,0,steer_brake
7626.0087,,,,0,0.0000,0.0000,0,0,steer_brake
7626.0254,,,,0,0.0000,0.0000,0,0,steer_brake
7626.0421,,,,0,0.0000,0.0000,0,0,steer_brake
7626.0587,,,,0,0.0000,0.0000,0,0,steer_brake
7626.0754,,,,0,0.0000,0.0000,0,0,steer_brake
7626.0921,,,,0,0.0000,0.0000,0,0,steer_brake
7626.1087,,,,0,0.0000,0.0000,0,0,steer_brake
7626.1254,,,,0,0.0000,0.0000,0,0,steer_brake
7626.1421,,,,0,0.0000,0.0000,0,0,steer_brake
7626.1587,,,,0,0.0000,0.0000,0,0,steer_brake
7626.1754,,,,0,0.0000,0.0000,0,0,steer_brake
7626.1921,,,,0,0.0000,0.0000,0,0,steer_brake
7626.2087,,,,0,0.0000,0.0000,0,0,steer_brake
7626.2254,,,,0,0.0000,0.0000,0,0,steer_brake
7626.2420,,,,0,0.0000,0.0000,0,0,steer_brake
7626.2587,,,,0,0.0000,0.0000,0,0,steer_brake
7626.2754,,,,0,0.0000,0.0000,0,0,steer_brake
7626.2920,,,,0,0.0000,0.0000,0,0,steer_brake
7626.3087,,,,0,0.0000,0.0000,0,0,steer_brake
7626.3254,,,,0,0.0000,0.0000,0,0,steer_brake
7626.3420,,,,0,0.0000,0.0000,0,0,steer_brake
7626.3587,,,,0,0.0000,0.0000,0,0,steer_brake
7626.3754,,,,0,0.0000,0.0000,0,0,steer_brake
7626.3920,,,,0,0.0000,0.0000,0,0,steer_brake
7626.4087,,,,0,0.0000,0.0000,0,0,steer_brake
7626.4254,,,,0,0.0000,0.0000,0,0,steer_brake
7626.4420,,,,0,0.1167,0.0000,58,0,slew
7626.4587,,,,0,0.1167,0.0000,58,0,slew
7626.4753,,,,0,0.1167,0.0000,58,0,slew
7626.4920,,,,0,0.1167,0.0000,58,0,slew
7626.5087,,,,0,0.2333,0.0000,117,0,slew
7626.5253,,,,0,0.2333,0.0000,117,0,slew
7626.5420,,,,0,0.2333,0.0000,117,0,slew
7626.5587,,,,0,0.2333,0.0000,117,0,slew
7626.5753,,,,0,0.3500,0.0000,175,0,slew
7626.5920,,,,0,0.3500,0.0000,175,0,slew
7626.6087,,,,0,0.3500,0.0000,175,0,slew
7626.6253,,,,0,0.3500,0.0000,175,0,slew
7626.6420,,,,0,0.4667,0.0000,233,0,slew
7626.6587,,,,0,0.4667,0.0000,233,0,slew
7626.6753,,,,0,0.4667,0.0000,233,0,slew
7626.6920,,,,0,0.5833,0.0000,292,0,slew
7626.7086,,,,0,0.5833,0.0000,292,0,slew
7626.7253,,,,0,0.5833,0.0000,292,0,slew
7626.7420,,,,0,0.5833,0.0000,292,0,slew
7626.7586,,,,0,0.7000,0.0000,350,0,slew
7626.7753,,,,0,0.7000,0.0000,350,0,slew
7626.7920,,,,0,0.7000,0.0000,350,0,slew
7626.8086,,,,0,0.7000,0.0000,350,0,slew
7626.8253,,,,0,0.7000,0.5000,350,-250,steer_brake
7626.8420,,,,0,0.7000,0.5000,350,-250,steer_brake
7626.8586,,,,0,0.7000,0.5000,350,-250,steer_brake
7626.8753,,,,0,0.7000,0.5000,350,-250,steer_brake
7626.8920,,,,0,0.7000,0.5000,350,-250,steer_brake
7626.9086,,,,0,0.0000,0.0000,0,0,steer_brake
7626.9253,,,,0,0.0000,0.0000,0,0,steer_brake
7626.9420,,,,0,0.0000,0.0000,0,0,steer_brake
7626.9586,,,,0,0.0000,0.0000,0,0,steer_brake
7626.9753,,,,0,0.0000,0.0000,0,0,steer_brake
7626.9919,,,,0,0.0000,0.0000,0,0,steer_brake
7627.0086,,,,0,0.0000,0.0000,0,0,steer_brake
7627.0253,,,,0,0.0000,0.0000,0,0,steer_brake
7627.0419,,,,0,0.0000,0.0000,0,0,steer_brake
7627.0586,,,,0,0.0000,0.0000,0,0,steer_brake
7627.0753,,,,0,0.0000,0.0000,0,0,steer_brake
7627.0919,,,,0,0.0000,0.0000,0,0,steer_brake
7627.1086,,,,0,0.0000,0.0000,0,0,steer_brake
7627.1253,,,,0,0.0000,0.0000,0,0,steer_brake
7627.1419,,,,0,0.0000,0.0000,0,0,steer_brake
7627.1586,,,,0,0.0000,0.0000,0,0,steer_brake
7627.1753,,,,0,0.0000,0.0000,0,0,steer_brake
7627.1919,,,,0,0.0000,0.0000,0,0,steer_brake
7627.2086,,,,0,0.0000,0.0000,0,0,steer_brake
7627.2252,,,,0,0.0000,0.0000,0,0,steer_brake
7627.2419,,,,0,0.0000,0.0000,0,0,steer_brake
7627.2586,,,,0,0.0000,0.0000,0,0,steer_brake
7627.2752,,,,0,0.0000,0.0000,0,0,steer_brake
7627.2919,,,,0,0.0000,0.0000,0,0,steer_brake
7627.3086,,,,0,0.0000,0.0000,0,0,steer_brake
7627.3252,,,,0,0.0000,0.0000,0,0,steer_brake
7627.3419,,,,0,0.0000,0.0000,0,0,steer_brake
7627.3586,,,,0,0.0000,0.0000,0,0,steer_brake
7627.3752,,,,0,0.0000,0.0000,0,0,steer_brake
7627.3919,,,,0,0.0000,0.0000,0,0,steer_brake
7627.4086,,,,0,0.0000,0.0000,0,0,steer_brake
7627.4252,,,,0,0.0000,0.0000,0,0,steer_brake
7627.4419,,,,0,0.0000,0.0000,0,0,steer_brake
7627.4585,,,,0,0.0000,0.0000,0,0,steer_brake
7627.4752,,,,0,0.0000,0.0000,0,0,steer_brake
7627.4919,,,,0,0.0000,0.0000,0,0,steer_brake
7627.5085,,,,0,0.0000,0.0000,0,0,steer_brake
7627.5252,,,,0,0.0000,0.0000,0,0,steer_brake
7627.5419,,,,0,0.0000,0.0000,0,0,steer_brake
7627.5585,,,,0,0.0000,0.0000,0,0,steer_brake
7627.5752,,,,0,0.0000,0.0000,0,0,steer_brake
7627.5919,,,,0,0.0000,0.0000,0,0,steer_brake
7627.6085,,,,0,0.0000,0.0000,0,0,steer_brake
7627.6252,,,,0,0.0000,0.0000,0,0,steer_brake
7627.6419,,,,0,0.0000,0.0000,0,0,steer_brake
7627.6585,,,,0,0.0000,0.0000,0,0,steer_brake
7627.6752,,,,0,0.0000,0.0000,0,0,steer_brake
7627.6918,,,,0,0.0000,0.0000,0,0,steer_brake
7627.7085,,,,0,0.1167,0.0000,58,0,slew
7627.7252,,,,0,0.1167,0.0000,58,0,slew
7627.7418,,,,0,0.1167,0.0000,58,0,slew
7627.7585,,,,0,0.1167,0.0000,58,0,slew
7627.7752,,,,0,0.2333,0.0000,117,0,slew
7627.7918,,,,0,0.2333,0.0000,117,0,slew
7627.8085,,,,0,0.2333,0.0000,117,0,slew
7627.8252,,,,0,0.2333,0.0000,117,0,slew
7627.8418,,,,0,0.3500,0.0000,175,0,slew
7627.8585,,,,0,0.3500,0.0000,175,0,slew
7627.8752,,,,0,0.3500,0.0000,175,0,slew
7627.8918,,,,0,0.3500,0.0000,175,0,slew
7627.9085,,,,0,0.4667,0.0000,233,0,slew
7627.9251,,,,0,0.4667,0.0000,233,0,slew
7627.9418,,,,0,0.4667,0.0000,233,0,slew
7627.9585,,,,0,0.5833,0.0000,292,0,slew
7627.9751,,,,0,0.5833,0.0000,292,0,slew
7627.9918,,,,0,0.5833,0.0000,292,0,slew
7628.0085,,,,0,0.5833,0.0000,292,0,slew
7628.0251,,,,0,0.7000,0.0000,350,0,slew
7628.0418,,,,0,0.7000,0.0000,350,0,slew
7628.0585,,,,0,0.7000,0.0000,350,0,slew
7628.0751,,,,0,0.7000,0.0000,350,0,slew
7628.0918,,,,0,0.7000,0.7500,350,-375,steer_brake
7628.1085,,,,0,0.7000,0.7500,350,-375,steer_brake
7628.1251,,,,0,0.7000,0.7500,350,-375,steer_brake
7628.1418,,,,0,0.7000,0.7500,350,-375,steer_brake
7628.1584,,,,0,0.7000,0.7500,350,-375,steer_brake
7628.1751,,,,0,0.0000,0.0000,0,0,steer_brake
7628.1918,,,,0,0.0000,0.0000,0,0,steer_brake
7628.2084,,,,0,0.0000,0.0000,0,0,steer_brake
7628.2251,,,,0,0.0000,0.0000,0,0,steer_brake
7628.2418,,,,0,0.0000,0.0000,0,0,steer_brake
7628.2584,,,,0,0.0000,0.0000,0,0,steer_brake
7628.2751,,,,0,0.0000,0.0000,0,0,steer_brake
7628.2918,,,,0,0.0000,0.0000,0,0,steer_brake
7628.3084,,,,0,0.0000,0.0000,0,0,steer_brake
7628.3251,,,,0,0.0000,0.0000,0,0,steer_brake
7628.3418,,,,0,0.0000,0.0000,0,0,steer_brake
7628.3584,,,,0,0.0000,0.0000,0,0,steer_brake
7628.3751,,,,0,0.0000,0.0000,0,0,steer_brake
7628.3917,,,,0,0.0000,0.0000,0,0,steer_brake
7628.4084,,,,0,0.0000,0.0000,0,0,steer_brake
7628.4251,,,,0,0.0000,0.0000,0,0,steer_brake
7628.4417,,,,0,0.0000,0.0000,0,0,steer_brake
7628.4584,,,,0,0.0000,0.0000,0,0,steer_brake
7628.4751,,,,0,0.0000,0.0000,0,0,steer_brake
7628.4917,,,,0,0.0000,0.0000,0,0,steer_brake
7628.5084,,,,0,0.0000,0.0000,0,0,steer_brake
7628.5251,,,,0,0.0000,0.0000,0,0,steer_brake
7628.5417,,,,0,0.0000,0.0000,0,0,steer_brake
7628.5584,,,,0,0.0000,0.0000,0,0,steer_brake
7628.5751,,,,0,0.0000,0.0000,0,0,steer_brake
7628.5917,,,,0,0.0000,0.0000,0,0,steer_brake
7628.6084,,,,0,0.0000,0.0000,0,0,steer_brake
7628.6250,,,,0,0.0000,0.0000,0,0,steer_brake
7628.6417,,,,0,0.0000,0.0000,0,0,steer_brake
7628.6584,,,,0,0.0000,0.0000,0,0,steer_brake
7628.6750,,,,0,0.0000,0.0000,0,0,steer_brake
7628.6918,,,,0,0.0000,0.0000,0,0,steer_brake
7628.7085,,,,0,0.0000,0.0000,0,0,steer_brake
7628.7251,,,,0,0.0000,0.0000,0,0,steer_brake
7628.7418,,,,0,0.0000,0.0000,0,0,steer_brake
7628.7585,,,,0,0.0000,0.0000,0,0,steer_brake
7628.7751,,,,0,0.0000,0.0000,0,0,steer_brake
7628.7918,,,,0,0.0000,0.0000,0,0,steer_brake
7628.8085,,,,0,0.0000,0.0000,0,0,steer_brake
7628.8251,,,,0,0.0000,0.0000,0,0,steer_brake
7628.8418,,,,0,0.0000,0.0000,0,0,steer_brake
7628.8585,,,,0,0.0000,0.0000,0,0,steer_brake
7628.8751,,,,0,0.0000,0.0000,0,0,steer_brake
7628.8918,,,,0,0.0000,0.0000,0,0,steer_brake
7628.9084,,,,0,0.0000,0.0000,0,0,steer_brake
7628.9251,,,,0,0.0000,0.0000,0,0,steer_brake
7628.9418,,,,0,0.0000,0.0000,0,0,steer_brake
7635.7242,1.66012,-0.16997,-0.05913,1,0.0000,0.0000,0,0,steer_brake
7635.7408,1.59762,-0.16566,-0.06846,1,0.0000,0.0000,0,0,steer_brake
7635.7575,1.54304,-0.16251,-0.05038,1,0.0000,0.0000,0,0,steer_brake
7635.7741,1.52516,-0.16112,-0.04409,1,0.0000,0.0000,0,0,steer_brake
7635.7908,1.61037,-0.16578,-0.07714,1,0.0000,0.0000,0,0,steer_brake
7635.8075,1.61230,-0.16790,-0.10395,1,0.0000,0.0000,0,0,steer_brake
7635.8241,,,,0,0.0000,0.0000,0,0,steer_brake
7635.8408,1.51904,-0.16141,-0.04699,1,0.0000,0.0000,0,0,steer_brake
7635.8575,1.58501,-0.16616,-0.10766,1,0.0000,0.0000,0,0,steer_brake
7635.8741,1.56037,-0.16354,-0.04409,1,0.0000,0.0000,0,0,steer_brake
7635.8908,1.57080,-0.16395,-0.05546,1,0.0000,0.0000,0,0,steer_brake
7635.9075,1.55368,-0.16217,-0.01435,1,0.0000,0.0000,0,0,steer_brake
7635.9241,1.53821,-0.16246,-0.03950,1,0.0000,0.0000,0,0,steer_brake
7635.9408,1.57101,-0.16391,-0.07049,1,0.0000,0.0000,0,0,steer_brake
7635.9575,1.62163,-0.16765,0.02581,1,0.0000,0.0000,0,0,steer_brake
7635.9741,1.58193,-0.16494,-0.07577,1,0.0000,0.0000,0,0,steer_brake
7635.9908,1.61156,-0.16592,-0.07771,1,0.0000,0.0000,0,0,steer_brake
7636.0074,1.55089,-0.16371,-0.02525,1,0.0000,0.0000,0,0,steer_brake
7636.0241,,,,0,0.0000,0.0000,0,0,steer_brake
7636.0408,1.56229,-0.16362,-0.05031,1,0.3500,0.0000,175,0,latency
7636.0574,1.69991,-0.17234,-0.05824,1,0.3500,0.0000,175,0,latency
7636.0741,1.58418,-0.16593,-0.09403,1,0.3500,0.0000,175,0,latency
7636.0908,,,,0,0.3500,0.0000,175,0,latency
7636.1074,,,,0,0.3500,0.0000,175,0,latency
7636.1241,,,,0,0.3500,0.0000,175,0,latency
7636.1408,,,,0,0.3500,0.0000,175,0,latency
7636.1574,,,,0,0.3500,0.0000,175,0,latency
7636.1741,,,,0,0.3500,0.0000,175,0,latency
7636.1908,,,,0,0.3500,0.0000,175,0,latency
7636.2074,,,,0,0.3500,0.0000,175,0,latency
7636.2241,,,,0,0.3500,0.0000,175,0,latency
7636.2407,,,,0,0.3500,0.0000,175,0,latency
7636.2574,,,,0,0.3500,0.0000,175,0,latency
7636.2741,,,,0,0.3500,0.0000,175,0,latency
7636.2907,,,,0,0.3500,0.0000,175,0,latency
7636.3074,1.16795,-0.14859,-0.06465,1,0.3500,0.0000,175,0,latency
7636.3241,1.13872,-0.14810,-0.03790,1,0.3500,0.0000,175,0,latency
7636.3407,1.08120,-0.14534,-0.05223,1,-0.3500,0.0000,-175,0,latency
7636.3574,1.03927,-0.14363,-0.02254,1,-0.3500,0.0000,-175,0,latency
7636.3741,1.01237,-0.14299,-0.09333,1,-0.3500,0.0000,-175,0,latency
7636.3907,0.98167,-0.14216,-0.02693,1,-0.3500,0.0000,-175,0,latency
7636.4074,0.95392,-0.14132,-0.10463,1,-0.3500,0.0000,-175,0,latency
7636.4241,0.93131,-0.13987,0.05970,1,-0.3500,0.0000,-175,0,latency
7636.4407,0.91375,-0.14056,-0.10642,1,-0.3500,0.0000,-175,0,latency
7636.4574,0.91293,-0.14144,0.13901,1,-0.3500,0.0000,-175,0,latency
7636.4740,0.89283,-0.14031,-0.09051,1,-0.3500,0.0000,-175,0,latency
7636.4907,0.85802,-0.13651,0.07524,1,-0.3500,0.0000,-175,0,latency
7636.5074,0.86622,-0.13716,0.09886,1,-0.3500,0.0000,-175,0,latency
7636.5240,0.84385,-0.13448,0.08693,1,-0.3500,0.0000,-175,0,latency
7636.5407,0.85336,-0.13433,0.07957,1,-0.3500,0.0000,-175,0,latency
7636.5574,0.85486,-0.13338,0.07817,1,-0.3500,0.0000,-175,0,latency
7636.5740,0.86446,-0.13302,0.05711,1,-0.3500,0.0000,-175,0,latency
7636.5907,0.86201,-0.13128,-0.08963,1,-0.3500,0.0000,-175,0,latency
7636.6074,0.87403,-0.13056,0.03672,1,-0.3500,0.0000,-175,0,latency
7636.6240,0.87188,-0.12935,-0.09416,1,-0.3500,0.0000,-175,0,latency
7636.6407,0.90231,-0.12959,0.06341,1,-0.3500,0.0000,-175,0,latency
7636.6574,0.93056,-0.13003,0.04502,1,0.3500,0.0000,175,0,latency
7636.6740,0.93441,-0.12920,-0.09149,1,0.3500,0.0000,175,0,latency
7636.6907,0.93213,-0.12755,-0.10616,1,0.3500,0.0000,175,0,latency
7636.7074,0.93775,-0.12731,-0.12161,1,0.3500,0.0000,175,0,latency
7636.7240,0.95623,-0.12962,-0.00564,1,0.3500,0.0000,175,0,latency
7636.7407,0.92469,-0.12596,-0.02678,1,0.3500,0.0000,175,0,latency
7636.7573,,,,0,0.3500,0.0000,175,0,latency
7636.7740,,,,0,0.3500,0.0000,175,0,latency
7636.7908,,,,0,0.3500,0.0000,175,0,latency
7636.8074,,,,0,0.3500,0.0000,175,0,latency
7636.8241,,,,0,0.3500,0.0000,175,0,latency
7636.8408,,,,0,0.3500,0.0000,175,0,latency
7636.8574,,,,0,0.3500,0.0000,175,0,latency
7636.8741,,,,0,0.3500,0.0000,175,0,latency
7636.8907,,,,0,0.3500,0.0000,175,0,latency
7636.9074,,,,0,0.3500,0.0000,175,0,latency
7636.9241,,,,0,0.3500,0.0000,175,0,latency
7636.9407,,,,0,0.3500,0.0000,175,0,latency
7636.9574,,,,0,0.3500,0.0000,175,0,latency
7636.9741,,,,0,-0.3500,0.0000,-175,0,latency
7636.9907,,,,0,-0.3500,0.0000,-175,0,latency
7637.0074,,,,0,-0.3500,0.0000,-175,0,latency
7637.0241,,,,0,-0.3500,0.0000,-175,0,latency
7637.0407,,,,0,-0.3500,0.0000,-175,0,latency
7637.0574,,,,0,-0.3500,0.0000,-175,0,latency
7637.0741,,,,0,-0.3500,0.0000,-175,0,latency
7637.0907,,,,0,-0.3500,0.0000,-175,0,latency
7637.1074,,,,0,-0.3500,0.0000,-175,0,latency
7637.1241,,,,0,-0.3500,0.0000,-175,0,latency
7637.1407,,,,0,-0.3500,0.0000,-175,0,latency
7637.1574,,,,0,-0.3500,0.0000,-175,0,latency
7637.1740,,,,0,-0.3500,0.0000,-175,0,latency
7637.1907,,,,0,-0.3500,0.0000,-175,0,latency
7637.2074,,,,0,-0.3500,0.0000,-175,0,latency
7637.2240,,,,0,-0.3500,0.0000,-175,0,latency
7637.2407,,,,0,-0.3500,0.0000,-175,0,latency
7637.2574,,,,0,-0.3500,0.0000,-175,0,latency
7637.2740,,,,0,-0.3500,0.0000,-175,0,latency
7637.2907,,,,0,0.3500,0.0000,175,0,latency
7637.3074,,,,0,0.3500,0.0000,175,0,latency
7637.3240,,,,0,0.3500,0.0000,175,0,latency
7637.3407,,,,0,0.3500,0.0000,175,0,latency
7637.3574,,,,0,0.3500,0.0000,175,0,latency
7637.3740,,,,0,0.3500,0.0000,175,0,latency
7637.3907,,,,0,0.3500,0.0000,175,0,latency
7637.4073,,,,0,0.3500,0.0000,175,0,latency
7637.4240,,,,0,0.3500,0.0000,175,0,latency
7637.4407,,,,0,0.3500,0.0000,175,0,latency
7637.4573,,,,0,0.3500,0.0000,175,0,latency
7637.4740,,,,0,0.3500,0.0000,175,0,latency
7637.4907,,,,0,0.3500,0.0000,175,0,latency
7637.5073,,,,0,0.3500,0.0000,175,0,latency
7637.5240,,,,0,0.3500,0.0000,175,0,latency
7637.5407,,,,0,0.3500,0.0000,175,0,latency
7637.5573,,,,0,0.3500,0.0000,175,0,latency
7637.5740,,,,0,0.3500,0.0000,175,0,latency
7637.5907,,,,0,0.3500,0.0000,175,0,latency
7637.6073,,,,0,-0.3500,0.0000,-175,0,latency
7637.6240,,,,0,-0.3500,0.0000,-175,0,latency
7637.6406,,,,0,-0.3500,0.0000,-175,0,latency
7637.6573,,,,0,-0.3500,0.0000,-175,0,latency
7637.6740,,,,0,-0.3500,0.0000,-175,0,latency
7637.6906,,,,0,-0.3500,0.0000,-175,0,latency
7637.7073,,,,0,-0.3500,0.0000,-175,0,latency
7637.7240,,,,0,-0.3500,0.0000,-175,0,latency
7637.7406,,,,0,-0.3500,0.0000,-175,0,latency
7637.7573,,,,0,-0.3500,0.0000,-175,0,latency
7637.7740,,,,0,-0.3500,0.0000,-175,0,latency
7637.7906,,,,0,-0.3500,0.0000,-175,0,latency
7637.8073,,,,0,-0.3500,0.0000,-175,0,latency
7637.8240,,,,0,-0.3500,0.0000,-175,0,latency
7637.8406,,,,0,-0.3500,0.0000,-175,0,latency
7637.8573,,,,0,-0.3500,0.0000,-175,0,latency
7637.8739,,,,0,-0.3500,0.0000,-175,0,latency
7637.8906,,,,0,-0.3500,0.0000,-175,0,latency
7637.9073,,,,0,0.3500,0.0000,175,0,latency
7637.9239,0.95353,-0.54959,0.55896,1,0.3500,0.0000,175,0,latency
7637.9406,,,,0,0.3500,0.0000,175,0,latency
7637.9573,,,,0,0.3500,0.0000,175,0,latency
7637.9739,,,,0,0.3500,0.0000,175,0,latency
7637.9906,,,,0,0.3500,0.0000,175,0,latency
7638.0073,,,,0,0.3500,0.0000,175,0,latency
7638.0239,,,,0,0.3500,0.0000,175,0,latency
7638.0406,,,,0,0.3500,0.0000,175,0,latency
7638.0573,,,,0,0.3500,0.0000,175,0,latency
7638.0739,,,,0,0.3500,0.0000,175,0,latency
7638.0906,,,,0,0.3500,0.0000,175,0,latency
7638.1072,,,,0,0.3500,0.0000,175,0,latency
7638.1239,,,,0,0.3500,0.0000,175,0,latency
7638.1406,,,,0,0.3500,0.0000,175,0,latency
7638.1572,,,,0,0.3500,0.0000,175,0,latency
7638.1739,,,,0,0.3500,0.0000,175,0,latency
7638.1906,,,,0,0.3500,0.0000,175,0,latency
7638.2072,,,,0,0.3500,0.0000,175,0,latency
7638.2239,,,,0,-0.3500,0.0000,-175,0,latency
7638.2406,,,,0,-0.3500,0.0000,-175,0,latency
7638.2572,,,,0,-0.3500,0.0000,-175,0,latency
7638.2739,,,,0,-0.3500,0.0000,-175,0,latency
7638.2906,,,,0,-0.3500,0.0000,-175,0,latency
7638.3072,,,,0,-0.3500,0.0000,-175,0,latency
7638.3239,,,,0,-0.3500,0.0000,-175,0,latency
7638.3405,,,,0,-0.3500,0.0000,-175,0,latency
7638.3572,,,,0,-0.3500,0.0000,-175,0,latency
7638.3739,,,,0,-0.3500,0.0000,-175,0,latency
7638.3905,,,,0,-0.3500,0.0000,-175,0,latency
7638.4072,,,,0,-0.3500,0.0000,-175,0,latency
7638.4239,,,,0,-0.3500,0.0000,-175,0,latency
7638.4405,,,,0,-0.3500,0.0000,-175,0,latency
7638.4572,,,,0,-0.3500,0.0000,-175,0,latency
7638.4739,,,,0,-0.3500,0.0000,-175,0,latency
7638.4905,,,,0,-0.3500,0.0000,-175,0,latency
7638.5072,,,,0,-0.3500,0.0000,-175,0,latency
7638.5239,,,,0,-0.3500,0.0000,-175,0,latency
7638.5405,0.76566,-0.64014,-2.42028,1,0.3500,0.0000,175,0,latency
7638.5572,,,,0,0.3500,0.0000,175,0,latency
7638.5738,,,,0,0.3500,0.0000,175,0,latency
7638.5905,,,,0,0.3500,0.0000,175,0,latency
7638.6072,,,,0,0.3500,0.0000,175,0,latency
7638.6238,,,,0,0.3500,0.0000,175,0,latency
7638.6405,,,,0,0.3500,0.0000,175,0,latency
7638.6572,,,,0,0.3500,0.0000,175,0,latency
7638.6738,,,,0,0.3500,0.0000,175,0,latency
7638.6905,,,,0,0.3500,0.0000,175,0,latency
7638.7072,,,,0,0.3500,0.0000,175,0,latency
7638.7238,,,,0,0.3500,0.0000,175,0,latency
7638.7405,,,,0,0.3500,0.0000,175,0,latency
7638.7572,,,,0,0.3500,0.0000,175,0,latency
7638.7738,,,,0,0.3500,0.0000,175,0,latency
7638.7905,,,,0,0.3500,0.0000,175,0,latency
7638.8071,,,,0,0.3500,0.0000,175,0,latency
7638.8238,,,,0,0.3500,0.0000,175,0,latency
7638.8405,,,,0,-0.3500,0.0000,-175,0,latency
7638.8571,,,,0,-0.3500,0.0000,-175,0,latency
7638.8738,,,,0,-0.3500,0.0000,-175,0,latency
7638.8905,,,,0,-0.3500,0.0000,-175,0,latency
7638.9071,,,,0,-0.3500,0.0000,-175,0,latency
7638.9238,,,,0,-0.3500,0.0000,-175,0,latency
7638.9405,,,,0,-0.3500,0.0000,-175,0,latency
7638.9571,,,,0,-0.3500,0.0000,-175,0,latency
7638.9738,,,,0,-0.3500,0.0000,-175,0,latency
7638.9905,,,,0,-0.3500,0.0000,-175,0,latency
7639.0071,,,,0,-0.3500,0.0000,-175,0,latency
7639.0238,,,,0,-0.3500,0.0000,-175,0,latency
7639.0404,,,,0,-0.3500,0.0000,-175,0,latency
7639.0571,,,,0,-0.3500,0.0000,-175,0,latency
7639.0738,,,,0,-0.3500,0.0000,-175,0,latency
7639.0904,,,,0,-0.3500,0.0000,-175,0,latency
7639.1071,,,,0,-0.3500,0.0000,-175,0,latency
7639.1238,,,,0,-0.3500,0.0000,-175,0,latency
7639.1404,0.61818,-0.52449,2.50111,1,-0.3500,0.0000,-175,0,latency
7639.1571,0.58595,-0.50391,2.32688,1,0.3500,0.0000,175,0,latency
7639.1738,0.58307,-0.49781,2.39324,1,0.3500,0.0000,175,0,latency
7639.1904,,,,0,0.3500,0.0000,175,0,latency
7639.2071,,,,0,0.3500,0.0000,175,0,latency
7639.2238,,,,0,0.3500,0.0000,175,0,latency
7639.2404,,,,0,0.3500,0.0000,175,0,latency
7639.2571,,,,0,0.3500,0.0000,175,0,latency
7639.2737,,,,0,0.3500,0.0000,175,0,latency
7639.2904,,,,0,0.3500,0.0000,175,0,latency
7639.3071,,,,0,0.3500,0.0000,175,0,latency
7639.3237,,,,0,0.3500,0.0000,175,0,latency
7639.3404,,,,0,0.3500,0.0000,175,0,latency
7639.3571,,,,0,0.3500,0.0000,175,0,latency
7639.3737,,,,0,0.3500,0.0000,175,0,latency
7639.3904,,,,0,0.3500,0.0000,175,0,latency
7639.4071,,,,0,0.3500,0.0000,175,0,latency
7639.4237,,,,0,0.3500,0.0000,175,0,latency
7639.4404,,,,0,0.3500,0.0000,175,0,latency
7639.4571,,,,0,0.3500,0.0000,175,0,latency
7639.4737,,,,0,-0.3500,0.0000,-175,0,latency
7639.4904,,,,0,-0.3500,0.0000,-175,0,latency
7639.5070,,,,0,-0.3500,0.0000,-175,0,latency
7639.5237,,,,0,-0.3500,0.0000,-175,0,latency
7639.5404,,,,0,-0.3500,0.0000,-175,0,latency
7639.5570,,,,0,-0.3500,0.0000,-175,0,latency
7639.5737,,,,0,-0.3500,0.0000,-175,0,latency
7639.5904,,,,0,-0.3500,0.0000,-175,0,latency
7639.6070,,,,0,-0.3500,0.0000,-175,0,latency
7639.6237,,,,0,-0.3500,0.0000,-175,0,latency
7639.6404,,,,0,-0.3500,0.0000,-175,0,latency
7639.6570,,,,0,-0.3500,0.0000,-175,0,latency
7639.6737,,,,0,-0.3500,0.0000,-175,0,latency
7639.6904,,,,0,-0.3500,0.0000,-175,0,latency
7639.7070,,,,0,-0.3500,0.0000,-175,0,latency
7639.7237,,,,0,-0.3500,0.0000,-175,0,latency
7639.7403,0.67138,-0.42086,1.10405,1,-0.3500,0.0000,-175,0,latency
7639.7570,0.66029,-0.40246,1.11528,1,-0.3500,0.0000,-175,0,latency
7639.7737,0.66999,-0.39242,1.09272,1,-0.3500,0.0000,-175,0,latency
7639.7903,0.66019,-0.37630,1.08625,1,0.3500,0.0000,175,0,latency
7639.8070,0.64182,-0.36780,1.07869,1,0.3500,0.0000,175,0,latency
7639.8237,0.63959,-0.37018,1.06119,1,0.3500,0.0000,175,0,latency
7639.8403,0.64951,-0.37982,1.03653,1,0.3500,0.0000,175,0,latency
7639.8570,0.64569,-0.39022,1.02495,1,0.3500,0.0000,175,0,latency
7639.8737,0.62354,-0.39946,1.03626,1,0.3500,0.0000,175,0,latency
7639.8903,0.65201,-0.42938,1.02081,1,0.3500,0.0000,175,0,latency
7639.9070,0.63828,-0.44544,1.04630,1,0.3500,0.0000,175,0,latency
7639.9237,0.66460,-0.47918,1.03476,1,0.3500,0.0000,175,0,latency
7639.9403,,,,0,0.3500,0.0000,175,0,latency
7639.9570,,,,0,0.3500,0.0000,175,0,latency
7639.9736,,,,0,0.3500,0.0000,175,0,latency
7639.9903,,,,0,0.3500,0.0000,175,0,latency
7640.0070,,,,0,0.3500,0.0000,175,0,latency
7640.0236,,,,0,0.3500,0.0000,175,0,latency
7640.0403,,,,0,0.3500,0.0000,175,0,latency
7640.0570,,,,0,0.3500,0.0000,175,0,latency
7640.0736,,,,0,0.3500,0.0000,175,0,latency
7640.0903,,,,0,-0.3500,0.0000,-175,0,latency
7640.1070,,,,0,-0.3500,0.0000,-175,0,latency
7640.1236,,,,0,-0.3500,0.0000,-175,0,latency
7640.1403,,,,0,-0.3500,0.0000,-175,0,latency
7640.1570,0.45645,-0.74715,-2.93478,1,-0.3500,0.0000,-175,0,latency
7640.1736,0.41780,-0.74500,1.07947,1,-0.3500,0.0000,-175,0,latency
7640.1903,0.40720,-0.76676,1.05527,1,-0.3500,0.0000,-175,0,latency
7640.2069,0.40579,-0.78637,1.03927,1,-0.3500,0.0000,-175,0,latency
7640.2236,0.39741,-0.79291,1.14763,1,-0.3500,0.0000,-175,0,latency
7640.2403,0.41198,-0.81684,1.21142,1,-0.3500,0.0000,-175,0,latency
7640.2569,0.38224,-0.79781,1.24716,1,-0.3500,0.0000,-175,0,latency
7640.2736,0.39201,-0.80939,1.37780,1,-0.3500,0.0000,-175,0,latency
7640.2903,0.40584,-0.82355,1.45176,1,-0.3500,0.0000,-175,0,latency
7640.3069,0.40735,-0.82152,1.51072,1,-0.3500,0.0000,-175,0,latency
7640.3236,0.41054,-0.82051,1.58665,1,-0.3500,0.0000,-175,0,latency
7640.3403,0.41834,-0.81822,1.64588,1,-0.3500,0.0000,-175,0,latency
7640.3569,0.41400,-0.80301,1.75440,1,-0.3500,0.0000,-175,0,latency
7640.3736,0.39938,-0.77515,1.87369,1,-0.3500,0.0000,-175,0,latency
7640.3903,,,,0,-0.3500,0.0000,-175,0,latency
7640.4069,0.41319,-0.75644,2.07428,1,0.3500,0.0000,175,0,latency
7640.4236,0.39142,-0.72433,2.18231,1,0.3500,0.0000,175,0,latency
7640.4403,0.38820,-0.71291,2.25734,1,0.3500,0.0000,175,0,latency
7640.4569,0.37752,-0.69894,2.32759,1,0.3500,0.0000,175,0,latency
7640.4736,0.37715,-0.69699,2.35468,1,0.3500,0.0000,175,0,latency
7640.4902,0.39843,-0.71417,2.36604,1,0.3500,0.0000,175,0,latency
7640.5069,0.39954,-0.71667,2.34077,1,0.3500,0.0000,175,0,latency
7640.5236,0.40817,-0.72473,2.29126,1,0.3500,0.0000,175,0,latency
7640.5402,0.41171,-0.72880,2.27588,1,0.3500,0.0000,175,0,latency
7640.5569,,,,0,0.3500,0.0000,175,0,latency
7640.5736,,,,0,0.3500,0.0000,175,0,latency
7640.5902,,,,0,0.3500,0.0000,175,0,latency
7640.6069,,,,0,0.3500,0.0000,175,0,latency
7640.6236,,,,0,0.3500,0.0000,175,0,latency
7640.6402,,,,0,0.3500,0.0000,175,0,latency
7640.6569,,,,0,0.3500,0.0000,175,0,latency
7640.6736,,,,0,0.3500,0.0000,175,0,latency
7640.6902,,,,0,0.3500,0.0000,175,0,latency
7640.7069,,,,0,0.3500,0.0000,175,0,latency
7640.7235,,,,0,-0.3500,0.0000,-175,0,latency
7640.7402,,,,0,-0.3500,0.0000,-175,0,latency
7640.7569,,,,0,-0.3500,0.0000,-175,0,latency
7640.7735,,,,0,-0.3500,0.0000,-175,0,latency
7640.7902,,,,0,-0.3500,0.0000,-175,0,latency
7640.8069,,,,0,-0.3500,0.0000,-175,0,latency
7640.8235,,,,0,-0.3500,0.0000,-175,0,latency
7640.8402,,,,0,-0.3500,0.0000,-175,0,latency
7640.8569,,,,0,-0.3500,0.0000,-175,0,latency
7640.8735,,,,0,-0.3500,0.0000,-175,0,latency
7640.8902,,,,0,-0.3500,0.0000,-175,0,latency
7640.9069,,,,0,-0.3500,0.0000,-175,0,latency
7640.9235,,,,0,-0.3500,0.0000,-175,0,latency
7640.9402,,,,0,-0.3500,0.0000,-175,0,latency
7640.9568,,,,0,-0.3500,0.0000,-175,0,latency
7640.9735,,,,0,-0.3500,0.0000,-175,0,latency
7640.9902,,,,0,-0.3500,0.0000,-175,0,latency
7647.9227,0.59513,0.05030,-0.32035,1,-0.3500,0.0000,-175,0,latency
7647.9393,0.60042,0.04984,-0.29030,1,-0.3500,0.0000,-175,0,latency
7647.9560,0.59644,0.05097,-0.32208,1,-0.3500,0.0000,-175,0,latency
7647.9727,0.59447,0.05001,-0.30862,1,-0.3500,0.0000,-175,0,latency
7647.9893,0.59935,0.04987,0.11630,1,-0.3500,0.0000,-175,0,latency
7648.0060,0.59737,0.05014,-0.31295,1,-0.3500,0.0000,-175,0,latency
7648.0226,0.59635,0.05056,-0.34003,1,-0.3500,0.0000,-175,0,latency
7648.0393,0.59630,0.04920,0.13738,1,-0.3500,0.0000,-175,0,latency
7648.0560,0.59879,0.05059,-0.31232,1,-0.3500,0.0000,-175,0,latency
7648.0726,0.59441,0.04994,-0.31466,1,-0.3500,0.0000,-175,0,latency
7648.0893,0.59056,0.04982,0.13055,1,-0.3500,0.0000,-175,0,latency
7648.1060,0.59552,0.05019,-0.31996,1,-0.3500,0.0000,-175,0,latency
7648.1226,0.59617,0.05038,-0.30546,1,-0.3500,0.0000,-175,0,latency
7648.1393,0.59820,0.05065,-0.31660,1,-0.3500,0.0000,-175,0,latency
7648.1560,0.59846,0.05045,-0.31869,1,-0.3500,0.0000,-175,0,latency
7648.1726,0.59961,0.05024,0.13301,1,-0.3500,0.0000,-175,0,latency
7648.1893,0.59330,0.05015,-0.32519,1,-0.3500,0.0000,-175,0,latency
7648.2060,0.60088,0.05086,-0.31327,1,-0.3500,0.0000,-175,0,latency
7648.2226,0.60314,0.05094,-0.32142,1,-0.3500,0.0000,-175,0,latency
7648.2393,0.59487,0.05009,0.12825,1,0.0000,0.0000,0,0,sync_end
7648.2559,0.59168,0.04995,0.14985,1,0.0000,0.0000,0,0,sync_end
7648.2726,0.60228,0.05056,-0.28874,1,0.0000,0.0000,0,0,sync_end
7648.2893,0.59843,0.04991,0.10514,1,0.0000,0.0000,0,0,sync_end
7648.3059,0.59856,0.05050,-0.33763,1,0.0000,0.0000,0,0,sync_end
7648.3226,0.59719,0.05051,-0.31609,1,0.0000,0.0000,0,0,sync_end
7648.3393,0.59331,0.05017,-0.32370,1,0.0000,0.0000,0,0,sync_end
7648.3559,0.59670,0.05040,-0.29524,1,0.0000,0.0000,0,0,sync_end
7648.3726,0.59589,0.04995,-0.29678,1,0.0000,0.0000,0,0,sync_end
7648.3893,0.59496,0.05009,0.14799,1,0.0000,0.0000,0,0,sync_end
7648.4059,0.59489,0.04999,-0.31514,1,0.0000,0.0000,0,0,sync_end
7648.4226,0.59711,0.05048,-0.30169,1,0.0000,0.0000,0,0,sync_end
7648.4393,0.59293,0.04993,-0.31565,1,0.0000,0.0000,0,0,sync_end
7648.4559,0.59553,0.04975,0.12309,1,0.0000,0.0000,0,0,sync_end
7648.4726,0.59483,0.05012,-0.30911,1,0.0000,0.0000,0,0,sync_end
7648.4892,0.60157,0.05094,-0.30195,1,0.0000,0.0000,0,0,sync_end
7648.5059,0.60005,0.04975,0.11005,1,0.0000,0.0000,0,0,sync_end
7648.5226,0.59709,0.05001,-0.29733,1,0.0000,0.0000,0,0,sync_end
7648.5392,0.59501,0.05028,0.17044,1,0.0000,0.0000,0,0,sync_end
7648.5559,0.59491,0.05031,-0.30104,1,0.0000,0.0000,0,0,sync_end
7648.5726,0.59304,0.05005,0.12222,1,0.0000,0.0000,0,0,sync_end
7648.5892,0.59215,0.04976,-0.30060,1,0.0000,0.0000,0,0,sync_end
7648.6059,0.60044,0.05077,-0.31940,1,0.0000,0.0000,0,0,sync_end
7648.6226,0.59254,0.04993,0.15730,1,0.0000,0.0000,0,0,sync_end
7648.6392,0.60179,0.05100,-0.33125,1,0.0000,0.0000,0,0,sync_end
7648.6559,0.59295,0.04950,-0.28923,1,0.0000,0.0000,0,0,sync_end
7648.6726,0.59629,0.04976,0.11719,1,0.0000,0.0000,0,0,sync_end
7648.6892,0.59591,0.05018,-0.31134,1,0.0000,0.0000,0,0,sync_end
7648.7059,0.59677,0.05022,-0.30753,1,0.0000,0.0000,0,0,sync_end
7648.7225,0.59868,0.05026,0.14460,1,0.0000,0.0000,0,0,sync_end
7648.7392,0.59821,0.05066,-0.32693,1,0.0000,0.0000,0,0,sync_end
7648.7559,0.59456,0.04990,0.11092,1,0.0000,0.0000,0,0,sync_end
7648.7725,0.59591,0.04994,-0.30042,1,0.0000,0.0000,0,0,sync_end
7648.7892,0.59840,0.05011,0.13348,1,0.0000,0.0000,0,0,sync_end
7648.8059,0.59277,0.04962,-0.28128,1,0.0000,0.0000,0,0,sync_end
7648.8225,0.59346,0.04994,0.14986,1,0.0000,0.0000,0,0,sync_end
7648.8392,0.59903,0.05051,-0.31820,1,0.0000,0.0000,0,0,sync_end
7648.8559,0.59549,0.05006,-0.30262,1,0.0000,0.0000,0,0,sync_end
7648.8725,0.59383,0.04991,0.09189,1,0.0000,0.0000,0,0,sync_end
7648.8892,0.60212,0.05033,0.14706,1,0.0000,0.0000,0,0,sync_end
7648.9059,0.60393,0.05074,0.14357,1,0.0000,0.0000,0,0,sync_end
7648.9225,0.59839,0.05031,-0.30208,1,0.0000,0.0000,0,0,sync_end
7648.9392,0.59282,0.04988,-0.31567,1,0.0000,0.0000,0,0,sync_end
7648.9558,0.59193,0.04998,-0.29785,1,0.0000,0.0000,0,0,sync_end
7648.9725,0.59690,0.04993,-0.29662,1,0.0000,0.0000,0,0,sync_end
7648.9892,0.59289,0.04988,-0.30797,1,0.0000,0.0000,0,0,sync_end
7649.0058,0.59737,0.05034,0.11849,1,0.0000,0.0000,0,0,sync_end
7649.0225,0.59798,0.05017,-0.29366,1,0.0000,0.0000,0,0,sync_end
7649.0392,0.59203,0.04991,0.13980,1,0.0000,0.0000,0,0,sync_end
7649.0558,0.59647,0.05005,0.15063,1,0.0000,0.0000,0,0,sync_end
7649.0725,0.59242,0.05028,-0.31145,1,0.0000,0.0000,0,0,sync_end
7649.0892,0.59588,0.05013,-0.31505,1,0.0000,0.0000,0,0,sync_end
7649.1058,0.59469,0.05056,-0.30818,1,0.0000,0.0000,0,0,sync_end
7649.1225,0.59548,0.05058,-0.29794,1,0.0000,0.0000,0,0,sync_end
7649.1392,0.59569,0.04997,-0.29328,1,0.0000,0.0000,0,0,sync_end
7649.1558,0.59916,0.05046,-0.31235,1,0.0000,0.0000,0,0,sync_end
7649.1725,0.60215,0.05078,-0.30575,1,0.0000,0.0000,0,0,sync_end
7649.1891,0.59372,0.04972,-0.30750,1,0.0000,0.0000,0,0,sync_end
7649.2058,0.59584,0.04978,-0.29831,1,0.0000,0.0000,0,0,sync_end
7649.2225,0.59896,0.05047,0.10396,1,0.0000,0.0000,0,0,sync_end
7649.2391,0.59609,0.05003,-0.29842,1,0.0000,0.0000,0,0,sync_end
7649.2558,0.59511,0.04997,-0.29697,1,0.0000,0.8000,0,-400,sync_end
7649.2725,0.59866,0.05049,0.13039,1,0.0000,0.8000,0,-400,sync_end
7649.2891,0.59710,0.05056,0.12055,1,0.0000,0.8000,0,-400,sync_end
7649.3058,0.59696,0.05277,-0.54520,1,0.0000,0.8000,0,-400,sync_end
7649.3225,0.59602,0.05603,-0.74511,1,0.0000,0.8000,0,-400,sync_end
7649.3391,0.58575,0.05911,-1.00208,1,0.0000,0.8000,0,-400,sync_end
7649.3558,0.59071,0.06393,-1.31573,1,0.0000,-0.8000,0,400,sync_end
7649.3725,0.64015,0.07173,-1.72021,1,0.0000,-0.8000,0,400,sync_end
7649.3891,0.63344,0.07336,-2.02059,1,0.0000,-0.8000,0,400,sync_end
7649.4058,0.63423,0.07169,-2.24914,1,0.0000,-0.8000,0,400,sync_end
7649.4225,0.64149,0.07121,-2.41609,1,0.0000,-0.8000,0,400,sync_end
