t,x,y,yaw,visible,cmd_lin,cmd_ang,trainer_lin,trainer_ang,label
7903.4226,0.98794,0.25757,-0.06705,1,,,,,
7903.4393,1.03175,0.26983,-0.11802,1,,,,,
7903.4559,1.02434,0.26803,-0.16101,1,,,,,
7903.4726,1.01880,0.26641,-0.12933,1,0.0000,0.8000,0,-400,sync_start
7903.4893,1.01679,0.26569,0.44663,1,0.0000,0.8000,0,-400,sync_start
7903.5059,1.02545,0.26749,0.49544,1,0.0000,0.8000,0,-400,sync_start
7903.5226,1.00463,0.26625,-0.34941,1,0.0000,0.8000,0,-400,sync_start
7903.5393,1.01724,0.27425,-0.46983,1,0.0000,0.8000,0,-400,sync_start
7903.5559,0.98310,0.27037,-0.79252,1,0.0000,0.8000,0,-400,sync_start
7903.5726,1.00288,0.28207,1.42573,1,0.0000,-0.8000,0,400,sync_start
7903.5892,,,,0,0.0000,-0.8000,0,400,sync_start
7903.6059,,,,0,0.0000,-0.8000,0,400,sync_start
7903.6226,,,,0,0.0000,-0.8000,0,400,sync_start
7903.6392,,,,0,0.0000,-0.8000,0,400,sync_start
7903.6559,,,,0,0.0000,-0.8000,0,400,sync_start
7903.6726,,,,0,0.0000,0.0000,0,0,sync_start
7903.6892,,,,0,0.0000,0.0000,0,0,sync_start
7903.7059,,,,0,0.0000,0.0000,0,0,sync_start
7903.7226,,,,0,0.0000,0.0000,0,0,sync_start
7903.7392,,,,0,0.0000,0.0000,0,0,sync_start
7903.7559,,,,0,0.0000,0.0000,0,0,sync_start
7903.7726,,,,0,0.0000,0.0000,0,0,sync_start
7903.7892,,,,0,0.0000,0.0000,0,0,sync_start
7903.8059,,,,0,0.0000,0.0000,0,0,sync_start
7903.8225,,,,0,0.0000,0.0000,0,0,sync_start
7903.8392,,,,0,0.0000,0.0000,0,0,sync_start
7903.8559,,,,0,0.0000,0.0000,0,0,sync_start
7903.8725,,,,0,0.0000,0.0000,0,0,sync_start
7903.8892,,,,0,0.0000,0.0000,0,0,sync_start
7903.9059,,,,0,0.0000,0.0000,0,0,sync_start
7903.9225,,,,0,0.0000,0.0000,0,0,sync_start
7903.9392,,,,0,0.0000,0.0000,0,0,sync_start
7903.9559,,,,0,0.0000,0.0000,0,0,sync_start
7903.9725,,,,0,0.0000,0.0000,0,0,sync_start
7903.9892,,,,0,0.0000,0.0000,0,0,sync_start
7904.0059,,,,0,0.0000,0.0000,0,0,sync_start
7904.0225,,,,0,0.0000,0.0000,0,0,sync_start
7904.0392,,,,0,0.0000,0.0000,0,0,sync_start
7904.0558,,,,0,0.0000,0.0000,0,0,sync_start
7904.0725,,,,0,0.0000,0.0000,0,0,sync_start
7904.0892,,,,0,0.0000,0.0000,0,0,sync_start
7904.1058,,,,0,0.0000,0.0000,0,0,sync_start
7904.1225,,,,0,0.0000,0.0000,0,0,sync_start
7904.1392,,,,0,0.0000,0.0000,0,0,sync_start
7904.1558,,,,0,0.0000,0.0000,0,0,sync_start
7904.1725,,,,0,0.0000,0.0000,0,0,sync_start
7904.1892,,,,0,0.0000,0.0000,0,0,sync_start
7904.2058,,,,0,0.0000,0.0000,0,0,sync_start
7904.2225,,,,0,0.0000,0.0000,0,0,sync_start
7904.2392,,,,0,0.0000,0.0000,0,0,sync_start
7904.2558,,,,0,0.0000,0.0000,0,0,sync_start
7904.2725,,,,0,0.0000,0.0000,0,0,sync_start
7904.2891,,,,0,0.0000,0.0000,0,0,sync_start
7904.3058,,,,0,0.0000,0.0000,0,0,sync_start
7904.3225,,,,0,0.0000,0.0000,0,0,sync_start
7904.3391,,,,0,0.0000,0.0000,0,0,sync_start
7904.3558,,,,0,0.0000,0.0000,0,0,sync_start
7904.3725,,,,0,0.0000,0.0000,0,0,sync_start
7904.3891,,,,0,0.0000,0.0000,0,0,sync_start
7904.4058,,,,0,0.0000,0.0000,0,0,sync_start
7904.4225,,,,0,0.0000,0.0000,0,0,sync_start
7904.4391,,,,0,0.0000,0.0000,0,0,sync_start
7904.4558,,,,0,0.0000,0.0000,0,0,sync_start
7904.4725,,,,0,0.0000,0.0000,0,0,sync_start
7904.4891,,,,0,0.0000,0.0000,0,0,sync_start
7904.5058,,,,0,0.0000,0.0000,0,0,sync_start
7904.5225,,,,0,0.0000,0.0000,0,0,sync_start
7904.5391,,,,0,0.0000,0.0000,0,0,sync_start
7904.5558,,,,0,0.0000,0.0000,0,0,sync_start
7904.5724,,,,0,0.0000,0.0000,0,0,sync_start
7904.5891,,,,0,0.0000,0.0000,0,0,sync_start
7904.6058,,,,0,0.0000,0.0000,0,0,sync_start
7904.6224,,,,0,0.0000,0.0000,0,0,sync_start
7904.6391,,,,0,0.0000,0.0000,0,0,sync_start
7904.6558,,,,0,0.0000,0.0000,0,0,sync_start
7904.6724,,,,0,0.0000,0.0000,0,0,sync_start
7904.6891,,,,0,0.0000,0.0000,0,0,idle
7904.7058,,,,0,0.0000,0.0000,0,0,idle
7904.7224,,,,0,0.0000,0.0000,0,0,idle
7904.7391,,,,0,0.0000,0.0000,0,0,idle
7904.7558,,,,0,0.0000,0.0000,0,0,idle
7904.7724,,,,0,0.0000,0.0000,0,0,idle
7904.7891,,,,0,0.0000,0.0000,0,0,idle
7904.8057,,,,0,0.0000,0.0000,0,0,idle
7904.8224,,,,0,0.0000,0.0000,0,0,idle
7904.8391,,,,0,0.0000,0.0000,0,0,idle
7904.8557,,,,0,0.0000,0.0000,0,0,idle
7904.8724,,,,0,0.0000,0.0000,0,0,idle
7904.8891,,,,0,0.0000,0.0000,0,0,idle
7904.9057,,,,0,0.0000,0.0000,0,0,idle
7904.9224,,,,0,0.0000,0.0000,0,0,idle
7904.9391,,,,0,0.0000,0.0000,0,0,idle
7904.9557,,,,0,0.0000,0.0000,0,0,idle
7904.9724,,,,0,0.0000,0.0000,0,0,idle
7904.9891,,,,0,0.0000,0.0000,0,0,idle
7905.0057,,,,0,0.0000,0.0000,0,0,idle
7905.0224,,,,0,0.0000,0.0000,0,0,idle
7905.0390,,,,0,0.0000,0.0000,0,0,idle
7905.0557,,,,0,0.0000,0.0000,0,0,idle
7905.0724,,,,0,0.0000,0.0000,0,0,idle
7905.0890,,,,0,0.0000,0.0000,0,0,idle
7905.1057,,,,0,0.0000,0.0000,0,0,idle
7905.1224,,,,0,0.0000,0.0000,0,0,idle
7905.1390,,,,0,0.0000,0.0000,0,0,idle
7905.1557,,,,0,0.0000,0.0000,0,0,idle
7905.1724,,,,0,0.0000,0.0000,0,0,idle
7905.1890,,,,0,0.0000,0.0000,0,0,idle
7905.2057,,,,0,0.0000,0.0000,0,0,idle
7905.2224,,,,0,0.0000,0.0000,0,0,idle
7905.2390,,,,0,0.0000,0.0000,0,0,idle
7905.2557,,,,0,0.0000,0.0000,0,0,idle
7905.2723,,,,0,0.0000,0.0000,0,0,idle
7905.2890,,,,0,0.0000,0.0000,0,0,idle
7905.3057,,,,0,0.0000,0.0000,0,0,idle
7905.3223,,,,0,0.0000,0.0000,0,0,idle
7905.3390,,,,0,0.0000,0.0000,0,0,idle
7905.3557,,,,0,0.0000,0.0000,0,0,idle
7905.3723,,,,0,0.0000,0.0000,0,0,idle
7905.3890,,,,0,0.0000,0.0000,0,0,idle
7905.4057,,,,0,0.0000,0.0000,0,0,idle
7905.4223,,,,0,0.0000,0.0000,0,0,idle
7905.4390,,,,0,0.0000,0.0000,0,0,idle
7905.4557,,,,0,0.0000,0.0000,0,0,idle
7905.4723,,,,0,0.0000,0.0000,0,0,idle
7905.4890,,,,0,0.0000,0.0000,0,0,idle
7905.5056,,,,0,0.0000,0.0000,0,0,idle
7905.5223,,,,0,0.0000,0.0000,0,0,idle
7905.5390,,,,0,0.0000,0.0000,0,0,idle
7905.5556,,,,0,0.0000,0.0000,0,0,idle
7905.5723,,,,0,0.0000,0.0000,0,0,idle
7905.5890,,,,0,0.0000,0.0000,0,0,idle
7905.6056,,,,0,0.0000,0.0000,0,0,idle
7905.6223,,,,0,0.0000,0.0000,0,0,idle
7905.6390,,,,0,0.0000,0.0000,0,0,idle
7905.6556,,,,0,0.0000,0.0000,0,0,idle
7905.6723,,,,0,0.0000,0.0000,0,0,idle
7905.6890,,,,0,0.0000,0.0000,0,0,idle
7905.7056,,,,0,0.0000,0.0000,0,0,idle
7905.7223,,,,0,0.0000,0.0000,0,0,idle
7905.7389,,,,0,0.0000,0.0000,0,0,idle
7905.7556,,,,0,0.0000,0.0000,0,0,idle
7905.7723,,,,0,0.0000,0.0000,0,0,idle
7905.7889,,,,0,0.0000,0.0000,0,0,idle
7905.8056,,,,0,0.0000,0.0000,0,0,idle
7905.8223,,,,0,0.0000,0.0000,0,0,idle
7905.8389,,,,0,0.0000,0.0000,0,0,idle
7905.8556,,,,0,0.0000,0.0000,0,0,idle
7905.8723,,,,0,0.0000,0.0000,0,0,idle
7905.8889,,,,0,0.0000,0.0000,0,0,idle
7905.9056,,,,0,0.0000,0.0000,0,0,idle
7905.9223,,,,0,0.0000,0.0000,0,0,idle
7905.9389,,,,0,0.0000,0.0000,0,0,idle
7905.9556,,,,0,0.0000,0.0000,0,0,idle
7905.9722,,,,0,0.0000,0.0000,0,0,idle
7905.9889,,,,0,0.0000,0.0000,0,0,idle
7906.0056,,,,0,0.0000,0.0000,0,0,idle
7906.0222,,,,0,0.0000,0.0000,0,0,idle
7906.0389,,,,0,0.0000,0.0000,0,0,idle
7906.0556,,,,0,0.0000,0.0000,0,0,idle
7906.0722,,,,0,0.0000,0.0000,0,0,idle
7906.0889,,,,0,0.0000,0.0000,0,0,idle
7906.1056,,,,0,0.0000,0.0000,0,0,idle
7906.1222,,,,0,0.0000,0.0000,0,0,idle
7906.1389,,,,0,0.0000,0.0000,0,0,idle
7906.1556,,,,0,0.0000,0.0000,0,0,idle
7906.1722,,,,0,0.0000,0.0000,0,0,idle
7906.1889,,,,0,0.0000,0.0000,0,0,idle
7906.2055,,,,0,0.0000,0.0000,0,0,idle
7906.2222,,,,0,0.0000,0.0000,0,0,idle
7906.2389,,,,0,0.0000,0.0000,0,0,idle
7906.2555,,,,0,0.0000,0.0000,0,0,idle
7906.2722,,,,0,0.0000,0.0000,0,0,idle
7906.2889,,,,0,0.0000,0.0000,0,0,idle
7906.3055,,,,0,0.0000,0.0000,0,0,idle
7906.3222,,,,0,0.0000,0.0000,0,0,idle
7906.3389,,,,0,0.0000,0.0000,0,0,idle
7906.3555,,,,0,0.0000,0.0000,0,0,idle
7906.3722,,,,0,0.0000,0.0000,0,0,idle
7906.3889,,,,0,0.0000,0.0000,0,0,idle
7906.4055,,,,0,0.0000,0.0000,0,0,idle
7906.4222,,,,0,0.0000,0.0000,0,0,idle
7906.4388,,,,0,0.0000,0.0000,0,0,idle
7906.4555,,,,0,0.0000,0.0000,0,0,idle
7906.4722,,,,0,0.0000,0.0000,0,0,idle
7906.4888,,,,0,0.0000,0.0000,0,0,idle
7906.5055,,,,0,0.0000,0.0000,0,0,idle
7906.5222,,,,0,0.0000,0.0000,0,0,idle
7906.5388,,,,0,0.0000,0.0000,0,0,idle
7906.5555,,,,0,0.0000,0.0000,0,0,idle
7906.5722,,,,0,0.0000,0.0000,0,0,idle
7906.5888,,,,0,0.0000,0.0000,0,0,idle
7906.6055,,,,0,0.0000,0.0000,0,0,idle
7906.6222,,,,0,0.0000,0.0000,0,0,idle
7906.6388,,,,0,0.0000,0.0000,0,0,idle
7906.6555,,,,0,0.0000,0.0000,0,0,idle
7906.6721,,,,0,0.0000,0.0000,0,0,idle
7906.6888,,,,0,0.0000,0.0000,0,0,idle
7906.7055,,,,0,0.0000,0.0000,0,0,idle
7906.7221,,,,0,0.0000,0.0000,0,0,idle
7906.7388,,,,0,0.0000,0.0000,0,0,idle
7906.7555,,,,0,0.0000,0.0000,0,0,idle
7906.7721,,,,0,0.0000,0.0000,0,0,idle
7906.7888,,,,0,0.0000,0.0000,0,0,idle
7906.8055,,,,0,0.0000,0.0000,0,0,idle
7906.8221,,,,0,0.0000,0.0000,0,0,idle
7906.8388,,,,0,0.0000,0.0000,0,0,idle
7906.8555,,,,0,0.0000,0.0000,0,0,idle
7906.8721,,,,0,0.0000,0.0000,0,0,idle
7906.8888,,,,0,0.0000,0.0000,0,0,idle
7906.9054,,,,0,0.0000,0.0000,0,0,idle
7906.9221,,,,0,0.0000,0.0000,0,0,idle
7906.9388,,,,0,0.0000,0.0000,0,0,idle
7906.9554,,,,0,0.0000,0.0000,0,0,idle
7906.9721,,,,0,0.0000,0.0000,0,0,idle
7906.9888,,,,0,0.0000,0.0000,0,0,idle
7907.0054,,,,0,0.0000,0.0000,0,0,idle
7907.0221,,,,0,0.0000,0.0000,0,0,idle
7907.0388,,,,0,0.0000,0.0000,0,0,idle
7907.0554,,,,0,0.0000,0.0000,0,0,idle
7907.0721,,,,0,0.0000,0.0000,0,0,idle
7907.0888,,,,0,0.0000,0.0000,0,0,idle
7907.1054,,,,0,0.0000,0.0000,0,0,idle
7907.1221,,,,0,0.0000,0.0000,0,0,idle
7907.1387,,,,0,0.0000,0.0000,0,0,idle
7907.1554,,,,0,0.0000,0.0000,0,0,idle
7907.1721,,,,0,0.0000,0.0000,0,0,idle
7907.1887,,,,0,0.0000,0.0000,0,0,idle
7907.2054,,,,0,0.0000,0.0000,0,0,idle
7907.2221,,,,0,0.0000,0.0000,0,0,idle
7907.2387,,,,0,0.0000,0.0000,0,0,idle
7907.2554,,,,0,0.0000,0.0000,0,0,idle
7907.2721,,,,0,0.0000,0.0000,0,0,idle
7907.2887,,,,0,0.0000,0.0000,0,0,idle
7907.3054,,,,0,0.0000,0.0000,0,0,idle
7907.3221,,,,0,0.0000,0.0000,0,0,idle
7907.3387,,,,0,0.0000,0.0000,0,0,idle
7907.3554,,,,0,0.0000,0.0000,0,0,idle
7907.3720,,,,0,0.0000,0.0000,0,0,idle
7907.3887,,,,0,0.0000,0.0000,0,0,idle
7907.4054,,,,0,0.0000,0.0000,0,0,idle
7907.4220,,,,0,0.0000,0.0000,0,0,idle
7907.4387,,,,0,0.0000,0.0000,0,0,idle
7907.4554,,,,0,0.0000,0.0000,0,0,idle
7907.4720,,,,0,0.0000,0.0000,0,0,idle
7907.4887,,,,0,0.0000,0.0000,0,0,idle
7907.5054,,,,0,0.0000,0.0000,0,0,idle
7907.5220,,,,0,0.0000,0.0000,0,0,idle
7907.5387,,,,0,0.0000,0.0000,0,0,idle
7907.5554,,,,0,0.0000,0.0000,0,0,idle
7907.5720,,,,0,0.0000,0.0000,0,0,idle
7907.5887,,,,0,0.0000,0.0000,0,0,idle
7907.6053,,,,0,0.0000,0.0000,0,0,idle
7907.6220,,,,0,0.0000,0.0000,0,0,idle
7907.6387,,,,0,0.0000,0.0000,0,0,idle
7915.5712,0.95710,0.27528,-0.06654,1,0.0000,0.0000,0,0,idle
7915.6045,0.94060,0.27065,-0.12966,1,0.0000,0.0000,0,0,idle
7915.6212,0.93406,0.26993,-0.08069,1,0.0000,0.0000,0,0,idle
7915.6378,0.94565,0.27283,-0.10636,1,0.0000,0.0000,0,0,idle
7915.6545,0.91898,0.26518,-0.05541,1,0.0000,0.0000,0,0,idle
7915.6712,0.93981,0.27137,-0.07940,1,0.0000,0.0000,0,0,idle
7915.6878,0.93122,0.26877,-0.07256,1,0.0000,0.0000,0,0,idle
7915.7045,0.94616,0.27347,-0.09037,1,0.0000,0.0000,0,0,idle
7915.7211,0.95124,0.27367,-0.13297,1,0.0000,0.0000,0,0,idle
7915.7378,0.91982,0.26528,-0.05656,1,0.0000,0.0000,0,0,idle
7915.7545,0.91898,0.26538,-0.07233,1,0.0000,0.0000,0,0,idle
7915.7711,0.94475,0.27189,-0.14123,1,0.0000,0.0000,0,0,idle
7915.7878,0.92610,0.26777,-0.08753,1,0.0000,0.0000,0,0,idle
7915.8045,0.94776,0.27364,-0.13955,1,0.0000,0.0000,0,0,idle
7915.8211,0.94075,0.27142,-0.12900,1,0.0000,0.0000,0,0,idle
7915.8378,0.93751,0.27135,-0.08659,1,0.0000,0.0000,0,0,idle
7915.8545,0.94488,0.27280,-0.09261,1,0.0000,0.0000,0,0,idle
7915.8711,0.94309,0.27105,-0.07394,1,0.0000,0.0000,0,0,idle
7915.8878,0.93550,0.26905,-0.09222,1,0.0400,0.0000,20,0,lin_deadzone_fwd
7915.9045,0.94158,0.27220,-0.14594,1,0.0400,0.0000,20,0,lin_deadzone_fwd
7915.9211,0.92573,0.26968,0.41546,1,0.0400,0.0000,20,0,lin_deadzone_fwd
7915.9378,0.91181,0.26579,-0.08448,1,0.0400,0.0000,20,0,lin_deadzone_fwd
7915.9544,0.93105,0.27367,-0.13894,1,0.0400,0.0000,20,0,lin_deadzone_fwd
7915.9711,0.92649,0.27387,-0.07788,1,0.0400,0.0000,20,0,lin_deadzone_fwd
7915.9878,0.93087,0.27761,-0.12646,1,0.0400,0.0000,20,0,lin_deadzone_fwd
7916.0044,0.91850,0.27613,-0.13946,1,0.0400,0.0000,20,0,lin_deadzone_fwd
7916.0211,0.92003,0.27723,0.45502,1,0.0400,0.0000,20,0,lin_deadzone_fwd
7916.0378,0.91721,0.27860,0.48763,1,0.0400,0.0000,20,0,lin_deadzone_fwd
7916.0544,0.89341,0.27367,0.40754,1,0.0400,0.0000,20,0,lin_deadzone_fwd
7916.0711,0.87290,0.27008,-0.05756,1,0.0400,0.0000,20,0,lin_deadzone_fwd
7916.0878,0.89234,0.27851,-0.12350,1,0.0400,0.0000,20,0,lin_deadzone_fwd
7916.1044,0.87972,0.27676,0.38930,1,0.0400,0.0000,20,0,lin_deadzone_fwd
7916.1211,0.87743,0.27805,-0.15501,1,0.0400,0.0000,20,0,lin_deadzone_fwd
7916.1378,0.87869,0.28040,0.41570,1,0.0400,0.0000,20,0,lin_deadzone_fwd
7916.1544,0.86660,0.27850,-0.14134,1,0.0400,0.0000,20,0,lin_deadzone_fwd
7916.1711,0.86306,0.27991,-0.13029,1,0.0400,0.0000,20,0,lin_deadzone_fwd
7916.1877,0.86178,0.28092,0.44807,1,0.0400,0.0000,20,0,lin_deadzone_fwd
7916.2044,0.83984,0.27562,-0.11896,1,0.0400,0.0000,20,0,lin_deadzone_fwd
7916.2211,0.84323,0.27911,0.49685,1,0.0400,0.0000,20,0,lin_deadzone_fwd
7916.2377,0.84014,0.28067,-0.07371,1,0.0400,0.0000,20,0,lin_deadzone_fwd
7916.2544,0.82898,0.27868,0.47706,1,0.0400,0.0000,20,0,lin_deadzone_fwd
7916.2711,0.82743,0.28073,-0.12196,1,0.0400,0.0000,20,0,lin_deadzone_fwd
7916.2877,0.83272,0.28405,-0.13012,1,0.0400,0.0000,20,0,lin_deadzone_fwd
7916.3044,0.79904,0.27645,-0.09582,1,0.0400,0.0000,20,0,lin_deadzone_fwd
7916.3211,0.82513,0.28539,0.46265,1,0.0400,0.0000,20,0,lin_deadzone_fwd
7916.3377,0.79753,0.27894,-0.11751,1,0.0400,0.0000,20,0,lin_deadzone_fwd
7916.3544,0.79703,0.28166,0.43597,1,0.0400,0.0000,20,0,lin_deadzone_fwd
7916.3711,0.80103,0.28567,-0.13139,1,0.0400,0.0000,20,0,lin_deadzone_fwd
7916.3877,0.80501,0.28785,0.42188,1,0.0400,0.0000,20,0,lin_deadzone_fwd
7916.4044,0.79121,0.28487,0.45332,1,0.0400,0.0000,20,0,lin_deadzone_fwd
7916.4210,0.77363,0.28144,0.45017,1,0.0400,0.0000,20,0,lin_deadzone_fwd
7916.4377,0.77784,0.28580,-0.13509,1,0.0400,0.0000,20,0,lin_deadzone_fwd
7916.4544,0.76368,0.28192,-0.06562,1,0.0400,0.0000,20,0,lin_deadzone_fwd
7916.4710,0.76248,0.28487,-0.12772,1,0.0400,0.0000,20,0,lin_deadzone_fwd
7916.4877,0.73610,0.27800,0.49010,1,0.0400,0.0000,20,0,lin_deadzone_fwd
7916.5044,0.73543,0.27961,-0.12706,1,0.0400,0.0000,20,0,lin_deadzone_fwd
7916.5210,0.74450,0.28637,-0.10773,1,0.0400,0.0000,20,0,lin_deadzone_fwd
7916.5377,0.73346,0.28359,-0.13962,1,0.0400,0.0000,20,0,lin_deadzone_fwd
7916.5544,0.73306,0.28580,0.40888,1,0.0400,0.0000,20,0,lin_deadzone_fwd
7916.5710,0.72091,0.28336,0.47162,1,0.0400,0.0000,20,0,lin_deadzone_fwd
7916.5877,0.72038,0.28578,-0.11541,1,0.0400,0.0000,20,0,lin_deadzone_fwd
7916.6044,0.70152,0.28140,-0.11674,1,0.0800,0.0000,40,0,lin_deadzone_fwd
7916.6210,0.70224,0.28435,-0.13011,1,0.0800,0.0000,40,0,lin_deadzone_fwd
7916.6377,0.69670,0.28508,0.50952,1,0.0800,0.0000,40,0,lin_deadzone_fwd
7916.6543,0.69710,0.28795,-0.13721,1,0.0800,0.0000,40,0,lin_deadzone_fwd
7916.6710,0.68794,0.28762,0.48348,1,0.0800,0.0000,40,0,lin_deadzone_fwd
7916.6877,0.66966,0.28453,-0.14814,1,0.0800,0.0000,40,0,lin_deadzone_fwd
7916.7043,0.66311,0.28598,-0.10919,1,0.0800,0.0000,40,0,lin_deadzone_fwd
7916.7210,0.66788,0.29071,-0.09833,1,0.0800,0.0000,40,0,lin_deadzone_fwd
7916.7377,0.66457,0.29216,-0.10684,1,0.0800,0.0000,40,0,lin_deadzone_fwd
7916.7543,0.66165,0.29420,0.43526,1,0.0800,0.0000,40,0,lin_deadzone_fwd
7916.7710,0.63714,0.28812,-0.11646,1,0.0800,0.0000,40,0,lin_deadzone_fwd
7916.7877,0.63819,0.29143,0.46475,1,0.0800,0.0000,40,0,lin_deadzone_fwd
7916.8043,0.61765,0.28711,-0.10718,1,0.0800,0.0000,40,0,lin_deadzone_fwd
7916.8210,0.61857,0.29117,-0.07137,1,0.0800,0.0000,40,0,lin_deadzone_fwd
7916.8377,0.61061,0.29129,-0.10259,1,0.0800,0.0000,40,0,lin_deadzone_fwd
7916.8543,0.59959,0.28958,0.47865,1,0.0800,0.0000,40,0,lin_deadzone_fwd
7916.8710,0.60114,0.29398,-0.10704,1,0.0800,0.0000,40,0,lin_deadzone_fwd
7916.8876,0.59350,0.29380,0.48895,1,0.0800,0.0000,40,0,lin_deadzone_fwd
7916.9043,0.58766,0.29506,-0.06639,1,0.0800,0.0000,40,0,lin_deadzone_fwd
7916.9210,0.57248,0.29214,-0.14587,1,0.0800,0.0000,40,0,lin_deadzone_fwd
7916.9376,0.57930,0.29711,0.48692,1,0.0800,0.0000,40,0,lin_deadzone_fwd
7916.9543,0.55803,0.29314,-0.07118,1,0.0800,0.0000,40,0,lin_deadzone_fwd
7916.9710,0.55059,0.29400,-0.13159,1,0.0800,0.0000,40,0,lin_deadzone_fwd
7916.9876,0.55063,0.29698,-0.10592,1,0.1200,0.0000,60,0,lin_deadzone_fwd
7917.0043,0.54515,0.29804,-0.07066,1,0.1200,0.0000,60,0,lin_deadzone_fwd
7917.0210,0.52832,0.29558,-0.11906,1,0.1200,0.0000,60,0,lin_deadzone_fwd
7917.0376,0.51668,0.29584,-0.12422,1,0.1200,0.0000,60,0,lin_deadzone_fwd
7917.0543,0.51317,0.29878,-0.09299,1,0.1200,0.0000,60,0,lin_deadzone_fwd
7917.0710,0.50794,0.30103,0.49434,1,0.1200,0.0000,60,0,lin_deadzone_fwd
7917.0876,0.49717,0.30186,-0.08341,1,0.1200,0.0000,60,0,lin_deadzone_fwd
7917.1043,0.48133,0.29938,-0.07704,1,0.1200,0.0000,60,0,lin_deadzone_fwd
7917.1209,0.46666,0.29795,-0.05507,1,0.1200,0.0000,60,0,lin_deadzone_fwd
7917.1376,0.45453,0.29732,0.49127,1,0.1200,0.0000,60,0,lin_deadzone_fwd
7917.1543,0.45297,0.30215,-0.04031,1,0.1200,0.0000,60,0,lin_deadzone_fwd
7917.1709,0.43306,0.29797,-0.06209,1,0.1200,0.0000,60,0,lin_deadzone_fwd
7917.1876,0.42771,0.30117,-0.07139,1,0.1200,0.0000,60,0,lin_deadzone_fwd
7917.2043,0.41713,0.30073,-0.09317,1,0.1200,0.0000,60,0,lin_deadzone_fwd
7917.2209,0.40635,0.30092,-0.07705,1,0.1200,0.0000,60,0,lin_deadzone_fwd
7917.2376,0.39493,0.30087,0.48846,1,0.1600,0.0000,80,0,lin_deadzone_fwd
7917.2543,0.38460,0.30136,0.51156,1,0.1600,0.0000,80,0,lin_deadzone_fwd
7917.2709,0.36490,0.29937,-0.09678,1,0.1600,0.0000,80,0,lin_deadzone_fwd
7917.2876,0.35790,0.30394,-0.06911,1,0.1600,0.0000,80,0,lin_deadzone_fwd
7917.3043,0.34097,0.30266,-0.07842,1,0.1600,0.0000,80,0,lin_deadzone_fwd
7917.3209,0.32563,0.30175,-0.10604,1,0.1600,0.0000,80,0,lin_deadzone_fwd
7917.3376,0.31046,0.30185,-0.09816,1,0.1600,0.0000,80,0,lin_deadzone_fwd
7917.3542,0.30018,0.30380,-0.06381,1,0.1600,0.0000,80,0,lin_deadzone_fwd
7917.3709,0.30187,0.31250,-0.08348,1,0.1600,0.0000,80,0,lin_deadzone_fwd
7917.3876,0.27826,0.30802,-0.06758,1,0.1600,0.0000,80,0,lin_deadzone_fwd
7917.4042,0.25887,0.30574,-0.11167,1,0.1600,0.0000,80,0,lin_deadzone_fwd
7917.4209,0.24261,0.30515,-0.11181,1,0.2000,0.0000,100,0,lin_deadzone_fwd
7917.4376,0.22897,0.30644,-0.11426,1,0.2000,0.0000,100,0,lin_deadzone_fwd
7917.4542,0.21944,0.31052,0.47515,1,0.2000,0.0000,100,0,lin_deadzone_fwd
7917.4709,0.19134,0.30557,-0.12825,1,0.2000,0.0000,100,0,lin_deadzone_fwd
7917.4876,0.19111,0.31720,-0.11619,1,0.2000,0.0000,100,0,lin_deadzone_fwd
7917.5042,0.16991,0.31497,0.44934,1,0.2000,0.0000,100,0,lin_deadzone_fwd
7917.5207,0.15662,0.31929,-0.09893,1,0.2000,0.0000,100,0,lin_deadzone_fwd
7917.5374,0.13159,0.31505,-0.11780,1,0.2000,0.0000,100,0,lin_deadzone_fwd
7917.5541,0.11891,0.31876,-0.12993,1,0.2000,0.0000,100,0,lin_deadzone_fwd
7917.5707,0.10405,0.32220,-0.09444,1,0.2000,0.0000,100,0,lin_deadzone_fwd
7917.5874,0.08680,0.32367,-0.12637,1,0.2400,0.0000,120,0,lin_deadzone_fwd
7917.6041,0.07337,0.32770,0.38317,1,0.2400,0.0000,120,0,lin_deadzone_fwd
7917.6207,0.05453,0.33036,0.36293,1,0.2400,0.0000,120,0,lin_deadzone_fwd
7917.6374,0.02907,0.32890,-0.11303,1,0.2400,0.0000,120,0,lin_deadzone_fwd
7917.6540,0.01163,0.33165,-0.11310,1,0.2400,0.0000,120,0,lin_deadzone_fwd
7917.6707,-0.00665,0.33511,-0.11743,1,0.2400,0.0000,120,0,lin_deadzone_fwd
7917.6874,-0.02536,0.33680,0.32860,1,0.2400,0.0000,120,0,lin_deadzone_fwd
7917.7040,-0.04725,0.33834,-0.09614,1,0.2800,0.0000,140,0,lin_deadzone_fwd
7917.7207,,,,0,0.2800,0.0000,140,0,lin_deadzone_fwd
7917.7374,,,,0,0.2800,0.0000,140,0,lin_deadzone_fwd
7917.7540,,,,0,0.2800,0.0000,140,0,lin_deadzone_fwd
7917.7707,,,,0,0.2800,0.0000,140,0,lin_deadzone_fwd
7917.7874,,,,0,0.2800,0.0000,140,0,lin_deadzone_fwd
7917.8040,,,,0,0.2800,0.0000,140,0,lin_deadzone_fwd
7917.8207,,,,0,0.2800,0.0000,140,0,lin_deadzone_fwd
7917.8374,,,,0,0.0000,0.0000,0,0,lin_deadzone_fwd
7917.8540,,,,0,0.0000,0.0000,0,0,lin_deadzone_fwd
7917.8707,,,,0,0.0000,0.0000,0,0,lin_deadzone_fwd
7917.8873,,,,0,0.0000,0.0000,0,0,lin_deadzone_fwd
7917.9040,,,,0,0.0000,0.0000,0,0,lin_deadzone_fwd
7917.9207,,,,0,0.0000,0.0000,0,0,lin_deadzone_fwd
7917.9373,,,,0,0.0000,0.0000,0,0,lin_deadzone_fwd
7917.9540,,,,0,0.0000,0.0000,0,0,lin_deadzone_fwd
7917.9707,,,,0,0.0000,0.0000,0,0,lin_deadzone_fwd
7917.9873,,,,0,0.0000,0.0000,0,0,lin_deadzone_fwd
7918.0040,,,,0,0.0000,0.0000,0,0,lin_deadzone_fwd
7918.0207,,,,0,0.0000,0.0000,0,0,lin_deadzone_fwd
7918.0373,,,,0,0.0000,0.0000,0,0,lin_deadzone_fwd
7918.0540,,,,0,0.0000,0.0000,0,0,lin_deadzone_fwd
7918.0707,,,,0,0.0000,0.0000,0,0,lin_deadzone_fwd
7918.0873,,,,0,0.0000,0.0000,0,0,lin_deadzone_fwd
7918.1040,,,,0,0.0000,0.0000,0,0,lin_deadzone_fwd
7918.1206,,,,0,0.0000,0.0000,0,0,lin_deadzone_fwd
7918.1373,,,,0,0.0000,0.0000,0,0,lin_deadzone_fwd
7918.1540,,,,0,0.0000,0.0000,0,0,lin_deadzone_fwd
7918.1706,,,,0,0.0000,0.0000,0,0,lin_deadzone_fwd
7918.1873,,,,0,0.0000,0.0000,0,0,lin_deadzone_fwd
7918.2040,,,,0,0.0000,0.0000,0,0,lin_deadzone_fwd
7918.2206,,,,0,0.0000,0.0000,0,0,lin_deadzone_fwd
7918.2373,,,,0,0.0000,0.0000,0,0,lin_deadzone_fwd
7918.2540,,,,0,0.0000,0.0000,0,0,lin_deadzone_fwd
7918.2706,,,,0,0.0000,0.0000,0,0,lin_deadzone_fwd
7918.2873,,,,0,0.0000,0.0000,0,0,lin_deadzone_fwd
7918.3040,,,,0,0.0000,0.0000,0,0,lin_deadzone_fwd
7918.3206,,,,0,0.0000,0.0000,0,0,lin_deadzone_fwd
7918.3373,,,,0,0.0000,0.0000,0,0,lin_deadzone_fwd
7918.3539,,,,0,0.0000,0.0000,0,0,lin_deadzone_fwd
7918.3706,,,,0,0.0000,0.0000,0,0,lin_deadzone_fwd
7918.3873,,,,0,0.0000,0.0000,0,0,lin_deadzone_fwd
7918.4039,,,,0,0.0000,0.0000,0,0,lin_deadzone_fwd
7918.4206,,,,0,0.0000,0.0000,0,0,lin_deadzone_fwd
7918.4373,,,,0,0.0000,0.0000,0,0,lin_deadzone_fwd
7918.4539,,,,0,0.0000,0.0000,0,0,lin_deadzone_fwd
7918.4706,,,,0,0.0000,0.0000,0,0,lin_deadzone_fwd
7918.4873,,,,0,0.0000,0.0000,0,0,lin_deadzone_fwd
7918.5039,,,,0,0.0000,0.0000,0,0,lin_deadzone_fwd
7918.5206,,,,0,0.0000,0.0000,0,0,lin_deadzone_fwd
7918.5373,,,,0,0.0000,0.0000,0,0,lin_deadzone_fwd
7918.5539,,,,0,0.0000,0.0000,0,0,lin_deadzone_fwd
7918.5706,,,,0,0.0000,0.0000,0,0,lin_deadzone_fwd
7918.5872,,,,0,0.0000,0.0000,0,0,lin_deadzone_fwd
7918.6039,,,,0,0.0000,0.0000,0,0,lin_deadzone_fwd
7918.6206,,,,0,0.0000,0.0000,0,0,lin_deadzone_fwd
7918.6372,,,,0,0.0000,0.0000,0,0,lin_deadzone_fwd
7918.6539,,,,0,0.0000,0.0000,0,0,lin_deadzone_fwd
7918.6706,,,,0,0.0000,0.0000,0,0,lin_deadzone_fwd
7918.6872,,,,0,0.0000,0.0000,0,0,lin_deadzone_fwd
7918.7039,,,,0,0.0000,0.0000,0,0,lin_deadzone_fwd
7918.7206,,,,0,0.0000,0.0000,0,0,lin_deadzone_fwd
7918.7372,,,,0,0.0000,0.0000,0,0,lin_deadzone_fwd
7918.7539,,,,0,0.0000,0.0000,0,0,lin_deadzone_fwd
7918.7706,,,,0,0.0000,0.0000,0,0,lin_deadzone_fwd
7918.7872,,,,0,0.0000,0.0000,0,0,lin_deadzone_fwd
7928.7694,1.41976,0.21587,0.31562,1,0.0000,0.0000,0,0,lin_deadzone_fwd
7928.8194,1.42307,0.21629,0.33505,1,0.0000,0.0000,0,0,lin_deadzone_fwd
7928.8360,1.42166,0.21624,0.31588,1,0.0000,0.0000,0,0,lin_deadzone_fwd
7928.8527,1.41558,0.21510,0.33158,1,0.0000,0.0000,0,0,lin_deadzone_fwd
7928.8693,1.41975,0.21587,0.32742,1,0.0000,0.0000,0,0,lin_deadzone_fwd
7928.8860,1.42903,0.21769,0.30903,1,0.0000,0.0000,0,0,lin_deadzone_fwd
7928.9027,1.42050,0.21562,0.30058,1,0.0000,0.0000,0,0,lin_deadzone_fwd
7928.9193,1.42091,0.21618,0.32012,1,0.0000,0.0000,0,0,lin_deadzone_fwd
7928.9360,1.39494,0.21048,0.30597,1,0.0000,0.0000,0,0,lin_deadzone_fwd
7928.9527,1.42268,0.21620,0.33252,1,0.0000,0.0000,0,0,lin_deadzone_fwd
7928.9693,1.41183,0.21449,0.31198,1,0.0000,0.0000,0,0,lin_deadzone_fwd
7928.9860,1.45677,0.22138,-0.09914,1,0.0000,0.0000,0,0,lin_deadzone_fwd
7929.0027,1.40745,0.21316,0.32666,1,0.0000,0.0000,0,0,lin_deadzone_fwd
7929.0193,1.41315,0.21486,0.30079,1,0.0000,0.0000,0,0,lin_deadzone_fwd
7929.0360,1.41390,0.21488,0.31768,1,0.0000,0.0000,0,0,lin_deadzone_fwd
7929.0527,1.42127,0.21617,0.32761,1,0.0000,0.0000,0,0,lin_deadzone_fwd
7929.0693,1.41061,0.21368,0.31445,1,-0.0400,0.0000,-20,0,lin_deadzone_rev
7929.0860,1.40984,0.21352,0.32437,1,-0.0400,0.0000,-20,0,lin_deadzone_rev
7929.1026,1.43384,0.21795,-0.07354,1,-0.0400,0.0000,-20,0,lin_deadzone_rev
7929.1193,1.40318,0.21134,-0.03221,1,-0.0400,0.0000,-20,0,lin_deadzone_rev
7929.1360,1.41485,0.21199,-0.00180,1,-0.0400,0.0000,-20,0,lin_deadzone_rev
7929.1526,1.39842,0.20938,0.29143,1,-0.0400,0.0000,-20,0,lin_deadzone_rev
7929.1693,1.41661,0.21132,-0.03370,1,-0.0400,0.0000,-20,0,lin_deadzone_rev
7929.1860,1.47657,0.22041,0.31039,1,-0.0400,0.0000,-20,0,lin_deadzone_rev
7929.2026,1.43835,0.21438,0.29724,1,-0.0400,0.0000,-20,0,lin_deadzone_rev
7929.2193,1.46347,0.21627,-0.03229,1,-0.0400,0.0000,-20,0,lin_deadzone_rev
7929.2360,,,,0,-0.0400,0.0000,-20,0,lin_deadzone_rev
7929.2526,1.39409,0.20336,0.26998,1,-0.0400,0.0000,-20,0,lin_deadzone_rev
7929.2693,1.49951,0.22085,0.31854,1,-0.0400,0.0000,-20,0,lin_deadzone_rev
7929.2860,1.44781,0.21088,0.00979,1,-0.0400,0.0000,-20,0,lin_deadzone_rev
7929.3026,1.56577,0.23015,0.35131,1,-0.0400,0.0000,-20,0,lin_deadzone_rev
7929.3193,1.44447,0.20844,0.00561,1,-0.0400,0.0000,-20,0,lin_deadzone_rev
7929.3359,1.51551,0.21930,0.32317,1,-0.0400,0.0000,-20,0,lin_deadzone_rev
7929.3526,1.48360,0.21254,-0.00842,1,-0.0400,0.0000,-20,0,lin_deadzone_rev
7929.3693,1.51874,0.21864,-0.05642,1,-0.0400,0.0000,-20,0,lin_deadzone_rev
7929.3859,1.49298,0.21261,-0.02537,1,-0.0400,0.0000,-20,0,lin_deadzone_rev
7929.4026,1.53506,0.21917,-0.05412,1,-0.0400,0.0000,-20,0,lin_deadzone_rev
7929.4193,1.52665,0.21691,-0.08123,1,-0.0400,0.0000,-20,0,lin_deadzone_rev
7929.4359,1.46938,0.20674,-0.02118,1,-0.0400,0.0000,-20,0,lin_deadzone_rev
7929.4526,1.52878,0.21612,-0.01680,1,-0.0400,0.0000,-20,0,lin_deadzone_rev
7929.4693,1.55981,0.21844,-0.02844,1,-0.0400,0.0000,-20,0,lin_deadzone_rev
7929.4859,1.60745,0.22587,0.28692,1,-0.0400,0.0000,-20,0,lin_deadzone_rev
7929.5026,1.47842,0.20381,-0.01016,1,-0.0400,0.0000,-20,0,lin_deadzone_rev
7929.5193,,,,0,-0.0400,0.0000,-20,0,lin_deadzone_rev
7929.5359,1.56181,0.21766,-0.04127,1,-0.0400,0.0000,-20,0,lin_deadzone_rev
7929.5526,1.57579,0.21876,-0.07819,1,-0.0400,0.0000,-20,0,lin_deadzone_rev
7929.5692,1.54373,0.21205,-0.06510,1,-0.0400,0.0000,-20,0,lin_deadzone_rev
7929.5859,,,,0,-0.0400,0.0000,-20,0,lin_deadzone_rev
7929.6026,,,,0,-0.0400,0.0000,-20,0,lin_deadzone_rev
7929.6192,1.57119,0.21415,0.34290,1,-0.0400,0.0000,-20,0,lin_deadzone_rev
7929.6359,1.60667,0.21777,-0.05920,1,-0.0400,0.0000,-20,0,lin_deadzone_rev
7929.6526,1.57633,0.21348,0.29405,1,-0.0400,0.0000,-20,0,lin_deadzone_rev
7929.6692,1.60209,0.21615,0.01703,1,-0.0400,0.0000,-20,0,lin_deadzone_rev
7929.6859,1.58242,0.21184,-0.02231,1,-0.0400,0.0000,-20,0,lin_deadzone_rev
7929.7026,1.60404,0.21523,0.27283,1,-0.0400,0.0000,-20,0,lin_deadzone_rev
7929.7192,1.58480,0.21092,0.29004,1,-0.0400,0.0000,-20,0,lin_deadzone_rev
7929.7359,1.65308,0.22034,0.32002,1,-0.0400,0.0000,-20,0,lin_deadzone_rev
7929.7526,,,,0,-0.0400,0.0000,-20,0,lin_deadzone_rev
7929.7692,1.62778,0.21437,-0.05298,1,-0.0400,0.0000,-20,0,lin_deadzone_rev
7929.7859,1.63042,0.21381,-0.04126,1,-0.0400,0.0000,-20,0,lin_deadzone_rev
7929.8025,1.64569,0.21641,0.28710,1,-0.0400,0.0000,-20,0,lin_deadzone_rev
7929.8192,1.63284,0.21255,-0.07103,1,-0.0800,0.0000,-40,0,lin_deadzone_rev
7929.8359,1.68082,0.21926,0.27500,1,-0.0800,0.0000,-40,0,lin_deadzone_rev
7929.8525,1.64423,0.21247,-0.06271,1,-0.0800,0.0000,-40,0,lin_deadzone_rev
7929.8692,1.62071,0.20776,0.00019,1,-0.0800,0.0000,-40,0,lin_deadzone_rev
7929.8859,1.65440,0.21290,-0.03615,1,-0.0800,0.0000,-40,0,lin_deadzone_rev
7929.9025,1.65881,0.21131,0.29958,1,-0.0800,0.0000,-40,0,lin_deadzone_rev
7929.9192,1.62356,0.20547,0.30261,1,-0.0800,0.0000,-40,0,lin_deadzone_rev
7929.9359,1.68161,0.21454,-0.05569,1,-0.0800,0.0000,-40,0,lin_deadzone_rev
7929.9525,1.68270,0.21064,-0.05323,1,-0.0800,0.0000,-40,0,lin_deadzone_rev
7929.9692,1.72686,0.21706,-0.04823,1,-0.0800,0.0000,-40,0,lin_deadzone_rev
7929.9859,1.63995,0.20290,-0.01395,1,-0.0800,0.0000,-40,0,lin_deadzone_rev
7930.0025,1.72257,0.21510,-0.08843,1,-0.0800,0.0000,-40,0,lin_deadzone_rev
7930.0192,1.74226,0.21659,0.32989,1,-0.0800,0.0000,-40,0,lin_deadzone_rev
7930.0358,1.67549,0.20501,-0.03765,1,-0.0800,0.0000,-40,0,lin_deadzone_rev
7930.0525,1.78846,0.22197,-0.07506,1,-0.0800,0.0000,-40,0,lin_deadzone_rev
7930.0692,1.69825,0.20643,0.28800,1,-0.0800,0.0000,-40,0,lin_deadzone_rev
7930.0858,1.72014,0.20888,-0.02696,1,-0.0800,0.0000,-40,0,lin_deadzone_rev
7930.1025,1.66590,0.19931,0.27916,1,-0.0800,0.0000,-40,0,lin_deadzone_rev
7930.1192,1.76471,0.21292,-0.05899,1,-0.0800,0.0000,-40,0,lin_deadzone_rev
7930.1358,,,,0,-0.0800,0.0000,-40,0,lin_deadzone_rev
7930.1525,,,,0,-0.0800,0.0000,-40,0,lin_deadzone_rev
7930.1692,1.77053,0.21128,0.24471,1,-0.0800,0.0000,-40,0,lin_deadzone_rev
7930.1858,1.74117,0.20464,-0.00604,1,-0.1200,0.0000,-60,0,lin_deadzone_rev
7930.2025,1.76675,0.20868,0.24932,1,-0.1200,0.0000,-60,0,lin_deadzone_rev
7930.2192,1.78582,0.20885,-0.05112,1,-0.1200,0.0000,-60,0,lin_deadzone_rev
7930.2358,1.79945,0.20942,0.23291,1,-0.1200,0.0000,-60,0,lin_deadzone_rev
7930.2525,1.87028,0.21846,-0.01548,1,-0.1200,0.0000,-60,0,lin_deadzone_rev
7930.2691,1.84154,0.21251,0.20979,1,-0.1200,0.0000,-60,0,lin_deadzone_rev
7930.2858,1.80936,0.20600,0.04497,1,-0.1200,0.0000,-60,0,lin_deadzone_rev
7930.3025,,,,0,-0.1200,0.0000,-60,0,lin_deadzone_rev
7930.3191,,,,0,-0.1200,0.0000,-60,0,lin_deadzone_rev
7930.3358,1.80152,0.20174,0.03031,1,-0.1200,0.0000,-60,0,lin_deadzone_rev
7930.3525,,,,0,-0.1200,0.0000,-60,0,lin_deadzone_rev
7930.3691,,,,0,-0.1200,0.0000,-60,0,lin_deadzone_rev
7930.3858,1.82802,0.20468,0.20436,1,-0.1200,0.0000,-60,0,lin_deadzone_rev
7930.4025,,,,0,-0.1200,0.0000,-60,0,lin_deadzone_rev
7930.4191,,,,0,-0.1200,0.0000,-60,0,lin_deadzone_rev
7930.4358,,,,0,-0.1600,0.0000,-80,0,lin_deadzone_rev
7930.4525,,,,0,-0.1600,0.0000,-80,0,lin_deadzone_rev
7930.4691,1.88849,0.20836,0.08790,1,-0.1600,0.0000,-80,0,lin_deadzone_rev
7930.4858,,,,0,-0.1600,0.0000,-80,0,lin_deadzone_rev
7930.5024,,,,0,-0.1600,0.0000,-80,0,lin_deadzone_rev
7930.5191,,,,0,-0.1600,0.0000,-80,0,lin_deadzone_rev
7930.5358,,,,0,-0.1600,0.0000,-80,0,lin_deadzone_rev
7930.5524,,,,0,-0.1600,0.0000,-80,0,lin_deadzone_rev
7930.5691,,,,0,-0.1600,0.0000,-80,0,lin_deadzone_rev
7930.5858,,,,0,-0.1600,0.0000,-80,0,lin_deadzone_rev
7930.6024,,,,0,-0.1600,0.0000,-80,0,lin_deadzone_rev
7930.6191,,,,0,-0.2000,0.0000,-100,0,lin_deadzone_rev
7930.6358,,,,0,-0.2000,0.0000,-100,0,lin_deadzone_rev
7930.6524,,,,0,-0.2000,0.0000,-100,0,lin_deadzone_rev
7930.6691,,,,0,-0.2000,0.0000,-100,0,lin_deadzone_rev
7930.6858,2.09681,0.23310,0.21146,1,-0.2000,0.0000,-100,0,lin_deadzone_rev
7930.7024,,,,0,-0.2000,0.0000,-100,0,lin_deadzone_rev
7930.7191,2.09098,0.23469,0.09994,1,-0.2000,0.0000,-100,0,lin_deadzone_rev
7930.7358,,,,0,-0.2000,0.0000,-100,0,lin_deadzone_rev
7930.7524,,,,0,-0.2000,0.0000,-100,0,lin_deadzone_rev
7930.7691,,,,0,-0.2000,0.0000,-100,0,lin_deadzone_rev
7930.7857,,,,0,-0.2400,0.0000,-120,0,lin_deadzone_rev
7930.8024,,,,0,-0.2400,0.0000,-120,0,lin_deadzone_rev
7930.8191,,,,0,-0.2400,0.0000,-120,0,lin_deadzone_rev
7930.8357,,,,0,-0.2400,0.0000,-120,0,lin_deadzone_rev
7930.8524,,,,0,-0.2400,0.0000,-120,0,lin_deadzone_rev
7930.8691,2.20402,0.27856,0.43071,1,-0.2400,0.0000,-120,0,lin_deadzone_rev
7930.8857,2.13169,0.27269,0.26216,1,-0.2400,0.0000,-120,0,lin_deadzone_rev
7930.9024,2.15184,0.27805,0.46709,1,-0.2400,0.0000,-120,0,lin_deadzone_rev
7930.9191,2.13852,0.28022,0.28513,1,-0.2800,0.0000,-140,0,lin_deadzone_rev
7930.9357,2.16087,0.28559,-0.05995,1,-0.2800,0.0000,-140,0,lin_deadzone_rev
7930.9524,,,,0,-0.2800,0.0000,-140,0,lin_deadzone_rev
7930.9691,,,,0,-0.2800,0.0000,-140,0,lin_deadzone_rev
7930.9857,,,,0,-0.2800,0.0000,-140,0,lin_deadzone_rev
7931.0024,,,,0,-0.2800,0.0000,-140,0,lin_deadzone_rev
7931.0190,,,,0,0.0000,0.0000,0,0,lin_deadzone_rev
7931.0357,,,,0,0.0000,0.0000,0,0,lin_deadzone_rev
7931.0524,,,,0,0.0000,0.0000,0,0,lin_deadzone_rev
7931.0690,,,,0,0.0000,0.0000,0,0,lin_deadzone_rev
7931.0857,,,,0,0.0000,0.0000,0,0,lin_deadzone_rev
7931.1024,2.21664,0.31612,-0.00085,1,0.0000,0.0000,0,0,lin_deadzone_rev
7931.1190,,,,0,0.0000,0.0000,0,0,lin_deadzone_rev
7931.1357,,,,0,0.0000,0.0000,0,0,lin_deadzone_rev
7931.1524,2.21448,0.31964,-0.06836,1,0.0000,0.0000,0,0,lin_deadzone_rev
7931.1690,,,,0,0.0000,0.0000,0,0,lin_deadzone_rev
7931.1857,,,,0,0.0000,0.0000,0,0,lin_deadzone_rev
7931.2024,,,,0,0.0000,0.0000,0,0,lin_deadzone_rev
7931.2190,,,,0,0.0000,0.0000,0,0,lin_deadzone_rev
7931.2357,,,,0,0.0000,0.0000,0,0,lin_deadzone_rev
7931.2523,,,,0,0.0000,0.0000,0,0,lin_deadzone_rev
7931.2690,,,,0,0.0000,0.0000,0,0,lin_deadzone_rev
7931.2857,,,,0,0.0000,0.0000,0,0,lin_deadzone_rev
7931.3023,,,,0,0.0000,0.0000,0,0,lin_deadzone_rev
7931.3190,,,,0,0.0000,0.0000,0,0,lin_deadzone_rev
7931.3357,,,,0,0.0000,0.0000,0,0,lin_deadzone_rev
7931.3523,,,,0,0.0000,0.0000,0,0,lin_deadzone_rev
7931.3690,,,,0,0.0000,0.0000,0,0,lin_deadzone_rev
7931.3857,,,,0,0.0000,0.0000,0,0,lin_deadzone_rev
7931.4023,,,,0,0.0000,0.0000,0,0,lin_deadzone_rev
7931.4190,,,,0,0.0000,0.0000,0,0,lin_deadzone_rev
7931.4357,,,,0,0.0000,0.0000,0,0,lin_deadzone_rev
7931.4523,,,,0,0.0000,0.0000,0,0,lin_deadzone_rev
7931.4690,,,,0,0.0000,0.0000,0,0,lin_deadzone_rev
7931.4856,,,,0,0.0000,0.0000,0,0,lin_deadzone_rev
7931.5023,,,,0,0.0000,0.0000,0,0,lin_deadzone_rev
7931.5190,,,,0,0.0000,0.0000,0,0,lin_deadzone_rev
7931.5356,,,,0,0.0000,0.0000,0,0,lin_deadzone_rev
7931.5523,,,,0,0.0000,0.0000,0,0,lin_deadzone_rev
7931.5690,,,,0,0.0000,0.0000,0,0,lin_deadzone_rev
7931.5856,,,,0,0.0000,0.0000,0,0,lin_deadzone_rev
7931.6023,,,,0,0.0000,0.0000,0,0,lin_deadzone_rev
7931.6190,,,,0,0.0000,0.0000,0,0,lin_deadzone_rev
7931.6356,,,,0,0.0000,0.0000,0,0,lin_deadzone_rev
7931.6523,,,,0,0.0000,0.0000,0,0,lin_deadzone_rev
7931.6690,,,,0,0.0000,0.0000,0,0,lin_deadzone_rev
7931.6856,,,,0,0.0000,0.0000,0,0,lin_deadzone_rev
7931.7023,,,,0,0.0000,0.0000,0,0,lin_deadzone_rev
7931.7189,2.21768,0.32072,0.30034,1,0.0000,0.0000,0,0,lin_deadzone_rev
7931.7356,,,,0,0.0000,0.0000,0,0,lin_deadzone_rev
7931.7523,,,,0,0.0000,0.0000,0,0,lin_deadzone_rev
7931.7689,,,,0,0.0000,0.0000,0,0,lin_deadzone_rev
7931.7856,,,,0,0.0000,0.0000,0,0,lin_deadzone_rev
7931.8023,,,,0,0.0000,0.0000,0,0,lin_deadzone_rev
7931.8189,,,,0,0.0000,0.0000,0,0,lin_deadzone_rev
7931.8356,,,,0,0.0000,0.0000,0,0,lin_deadzone_rev
7931.8523,,,,0,0.0000,0.0000,0,0,lin_deadzone_rev
7931.8689,,,,0,0.0000,0.0000,0,0,lin_deadzone_rev
7931.8856,,,,0,0.0000,0.0000,0,0,lin_deadzone_rev
7931.9023,,,,0,0.0000,0.0000,0,0,lin_deadzone_rev
7931.9189,,,,0,0.0000,0.0000,0,0,lin_deadzone_rev
7931.9356,,,,0,0.0000,0.0000,0,0,lin_deadzone_rev
7931.9522,,,,0,0.0000,0.0000,0,0,lin_deadzone_rev
7931.9689,,,,0,0.0000,0.0000,0,0,lin_deadzone_rev
7931.9856,,,,0,0.0000,0.0000,0,0,lin_deadzone_rev
7940.3678,0.94963,0.16485,-0.40960,1,0.0000,0.0000,0,0,lin_deadzone_rev
7940.4011,0.94514,0.16374,-0.39997,1,0.0000,0.0000,0,0,lin_deadzone_rev
7940.4177,0.95858,0.16658,-0.40633,1,0.0000,0.0000,0,0,lin_deadzone_rev
7940.4344,0.95608,0.16631,-0.39820,1,0.0000,0.0000,0,0,lin_deadzone_rev
7940.4511,0.95673,0.16643,-0.39167,1,0.0000,0.0000,0,0,lin_deadzone_rev
7940.4677,0.96135,0.16749,-0.39148,1,0.0000,0.0000,0,0,lin_deadzone_rev
7940.4844,0.94674,0.16383,0.50159,1,0.0000,0.0000,0,0,lin_deadzone_rev
7940.5011,0.95463,0.16599,-0.40873,1,0.0000,0.0000,0,0,lin_deadzone_rev
7940.5177,0.93708,0.16159,0.48606,1,0.0000,0.0000,0,0,lin_deadzone_rev
7940.5344,0.95168,0.16566,-0.35067,1,0.0000,0.0000,0,0,lin_deadzone_rev
7940.5511,0.96247,0.16746,-0.38884,1,0.0000,0.0000,0,0,lin_deadzone_rev
7940.5677,0.95085,0.16496,-0.41002,1,0.0000,0.0000,0,0,lin_deadzone_rev
7940.5844,0.96333,0.16766,-0.40017,1,0.0000,0.0000,0,0,lin_deadzone_rev
7940.6011,0.95886,0.16673,-0.41021,1,0.0000,0.0000,0,0,lin_deadzone_rev
7940.6177,0.96226,0.16775,-0.38918,1,0.0000,0.0000,0,0,lin_deadzone_rev
7940.6344,0.94342,0.16299,0.48831,1,0.0000,0.0000,0,0,lin_deadzone_rev
7940.6510,0.95267,0.16539,-0.40723,1,0.0000,0.0000,0,0,lin_deadzone_rev
7940.6677,0.96445,0.16774,-0.39823,1,0.1250,0.0000,62,0,slew
7940.6844,0.95160,0.16533,-0.40488,1,0.1250,0.0000,62,0,slew
7940.7010,0.97193,0.17036,0.46863,1,0.1250,0.0000,62,0,slew
7940.7177,0.94528,0.17041,-0.38197,1,0.1250,0.0000,62,0,slew
7940.7344,0.93941,0.17301,0.47775,1,0.2500,0.0000,125,0,slew
7940.7510,0.92141,0.17552,-0.40794,1,0.2500,0.0000,125,0,slew
7940.7677,0.91656,0.18267,-0.37622,1,0.2500,0.0000,125,0,slew
7940.7844,0.89330,0.18805,0.47869,1,0.2500,0.0000,125,0,slew
7940.8010,0.87890,0.19557,-0.40222,1,0.2500,0.0000,125,0,lin_step
7940.8177,0.86587,0.20451,0.49923,1,0.2500,0.0000,125,0,lin_step
7940.8344,0.84373,0.21240,-0.39402,1,0.2500,0.0000,125,0,lin_step
7940.8510,0.79794,0.21181,0.55543,1,0.2500,0.0000,125,0,lin_step
7940.8677,0.78515,0.22191,-0.38464,1,0.2500,0.0000,125,0,lin_step
7940.8843,0.76622,0.22945,-0.39486,1,0.2500,0.0000,125,0,lin_step
7940.9010,0.76196,0.24026,0.48637,1,0.2500,0.0000,125,0,lin_step
7940.9177,0.72001,0.24163,0.59066,1,0.2500,0.0000,125,0,lin_step
7940.9343,0.72693,0.25761,-0.39540,1,0.2500,0.0000,125,0,lin_step
7940.9510,0.67820,0.25585,-0.39950,1,0.2500,0.0000,125,0,lin_step
7940.9677,0.65802,0.26363,-0.42268,1,0.2500,0.0000,125,0,lin_step
7940.9843,0.63507,0.26990,-0.41710,1,0.2500,0.0000,125,0,lin_step
7941.0010,0.61187,0.27552,-0.40896,1,0.2500,0.0000,125,0,lin_step
7941.0177,0.60643,0.28824,0.53036,1,0.2500,0.0000,125,0,lin_step
7941.0343,0.57257,0.29034,-0.41102,1,0.2500,0.0000,125,0,lin_step
7941.0510,0.55639,0.29883,-0.41025,1,0.2500,0.0000,125,0,lin_step
7941.0677,0.52664,0.30120,-0.41188,1,0.2500,0.0000,125,0,lin_step
7941.0843,0.52275,0.31526,-0.38524,1,0.2500,0.0000,125,0,lin_step
7941.1010,0.50315,0.32238,-0.39686,1,0.2500,0.0000,125,0,lin_step
7941.1176,0.47800,0.32740,-0.39988,1,0.2500,0.0000,125,0,lin_step
7941.1343,0.45828,0.33455,-0.39996,1,0.2500,0.0000,125,0,lin_step
7941.1510,0.46318,0.35323,-0.37682,1,0.2500,0.0000,125,0,lin_step
7941.1676,0.41317,0.34473,0.63579,1,0.2500,0.0000,125,0,lin_step
7941.1843,0.39839,0.35524,-0.42655,1,0.2500,0.0000,125,0,lin_step
7941.2010,0.36946,0.35762,-0.43823,1,0.2500,0.0000,125,0,lin_step
7941.2176,0.35583,0.36849,-0.45024,1,0.2500,0.0000,125,0,lin_step
7941.2343,0.34222,0.37922,-0.45476,1,0.2500,0.0000,125,0,lin_step
7941.2510,0.31101,0.37960,-0.45368,1,0.2500,0.0000,125,0,lin_step
7941.2676,0.29182,0.38746,-0.46490,1,0.2500,0.0000,125,0,lin_step
7941.2843,0.28276,0.40213,-0.46232,1,0.2500,0.0000,125,0,lin_step
7941.3010,0.27673,0.41969,-0.46595,1,0.2500,0.0000,125,0,lin_step
7941.3176,0.23694,0.41311,-0.46992,1,0.2500,0.0000,125,0,lin_step
7941.3343,0.22732,0.42887,-0.46633,1,0.2500,0.0000,125,0,lin_step
7941.3509,0.20692,0.43631,-0.47722,1,0.2500,0.0000,125,0,lin_step
7941.3676,0.18990,0.44630,-0.45737,1,0.2500,0.0000,125,0,lin_step
7941.3843,0.17387,0.45729,-0.47530,1,0.2500,0.0000,125,0,lin_step
7941.4009,0.14960,0.46147,-0.46579,1,0.2500,0.0000,125,0,lin_step
7941.4176,0.13273,0.47149,-0.47262,1,0.2500,0.0000,125,0,lin_step
7941.4343,0.11776,0.48479,-0.46083,1,0.2500,0.0000,125,0,lin_step
7941.4509,0.10260,0.49671,-0.46126,1,0.2500,0.0000,125,0,lin_step
7941.4676,0.08064,0.50251,-0.45331,1,0.2500,0.0000,125,0,lin_step
7941.4843,0.06078,0.51056,-0.46066,1,0.2500,0.0000,125,0,lin_step
7941.5009,0.04543,0.52301,-0.45984,1,0.2500,0.0000,125,0,lin_step
7941.5176,0.02391,0.52855,-0.46809,1,0.2500,0.0000,125,0,lin_step
7941.5343,0.00607,0.53882,-0.48455,1,0.2500,0.0000,125,0,lin_step
7941.5509,0.00055,0.56751,-0.04658,1,0.2500,0.0000,125,0,lin_step
7941.5676,-0.02630,0.56505,-0.47604,1,0.2500,0.0000,125,0,lin_step
7941.5842,-0.04325,0.57824,-0.46254,1,0.2500,0.0000,125,0,lin_step
7941.6009,-0.06353,0.58576,-0.46318,1,0.2500,0.0000,125,0,lin_step
7941.6176,-0.07895,0.60020,-0.46150,1,0.0000,0.0000,0,0,lin_step
7941.6342,-0.09546,0.61102,-0.47692,1,0.0000,0.0000,0,0,lin_step
7941.6509,-0.11418,0.61271,-0.43725,1,0.0000,0.0000,0,0,lin_step
7941.6676,-0.12568,0.61986,-0.42984,1,0.0000,0.0000,0,0,lin_step
7941.6842,-0.13554,0.62187,-0.42029,1,0.0000,0.0000,0,0,lin_step
7941.7009,,,,0,0.0000,0.0000,0,0,lin_step
7941.7176,,,,0,0.0000,0.0000,0,0,lin_step
7941.7342,,,,0,0.0000,0.0000,0,0,lin_step
7941.7509,,,,0,0.0000,0.0000,0,0,lin_step
7941.7676,,,,0,0.0000,0.0000,0,0,lin_step
7941.7842,,,,0,0.0000,0.0000,0,0,lin_step
7941.8009,,,,0,0.0000,0.0000,0,0,lin_step
7941.8175,,,,0,0.0000,0.0000,0,0,lin_step
7941.8342,,,,0,0.0000,0.0000,0,0,lin_step
7941.8509,,,,0,0.0000,0.0000,0,0,lin_step
7941.8675,,,,0,0.0000,0.0000,0,0,lin_step
7941.8842,,,,0,0.0000,0.0000,0,0,lin_step
7941.9009,,,,0,0.0000,0.0000,0,0,lin_step
7941.9175,,,,0,0.0000,0.0000,0,0,lin_step
7941.9342,,,,0,0.0000,0.0000,0,0,lin_step
7941.9509,,,,0,0.0000,0.0000,0,0,lin_step
7941.9675,,,,0,0.0000,0.0000,0,0,lin_step
7941.9842,,,,0,0.0000,0.0000,0,0,lin_step
7942.0009,,,,0,0.0000,0.0000,0,0,lin_step
7942.0175,,,,0,0.0000,0.0000,0,0,lin_step
7942.0342,,,,0,0.0000,0.0000,0,0,lin_step
7942.0508,,,,0,0.0000,0.0000,0,0,lin_step
7942.0675,,,,0,0.0000,0.0000,0,0,lin_step
7942.0842,,,,0,0.0000,0.0000,0,0,lin_step
7942.1008,,,,0,0.0000,0.0000,0,0,lin_step
7942.1175,,,,0,0.0000,0.0000,0,0,lin_step
7942.1342,,,,0,0.0000,0.0000,0,0,lin_step
7942.1508,,,,0,0.0000,0.0000,0,0,lin_step
7942.1675,,,,0,0.0000,0.0000,0,0,lin_step
7942.1842,,,,0,0.0000,0.0000,0,0,lin_step
7942.2008,,,,0,0.0000,0.0000,0,0,lin_step
7942.2175,,,,0,0.0000,0.0000,0,0,lin_step
7942.2342,,,,0,0.0000,0.0000,0,0,lin_step
7942.2508,,,,0,0.0000,0.0000,0,0,lin_step
7942.2675,,,,0,0.0000,0.0000,0,0,lin_step
7942.2841,,,,0,0.0000,0.0000,0,0,lin_step
7942.3008,,,,0,0.0000,0.0000,0,0,lin_step
7942.3175,,,,0,0.0000,0.0000,0,0,lin_step
7942.3341,,,,0,0.0000,0.0000,0,0,lin_step
7942.3508,,,,0,0.0000,0.0000,0,0,lin_step
7942.3675,,,,0,0.0000,0.0000,0,0,lin_step
7942.3841,,,,0,0.0000,0.0000,0,0,lin_step
7942.4008,,,,0,0.0000,0.0000,0,0,lin_step
7942.4175,,,,0,0.0000,0.0000,0,0,lin_step
7942.4341,,,,0,0.0000,0.0000,0,0,lin_step
7942.4508,,,,0,0.0000,0.0000,0,0,lin_step
7942.4675,,,,0,0.0000,0.0000,0,0,lin_step
7942.4841,,,,0,0.0000,0.0000,0,0,lin_step
7942.5008,,,,0,0.0000,0.0000,0,0,lin_step
7942.5174,,,,0,0.0000,0.0000,0,0,lin_step
7942.5341,,,,0,0.0000,0.0000,0,0,lin_step
7942.5508,,,,0,0.0000,0.0000,0,0,lin_step
7942.5674,,,,0,0.0000,0.0000,0,0,lin_step
7942.5841,,,,0,0.0000,0.0000,0,0,lin_step
7942.6007,,,,0,0.0000,0.0000,0,0,lin_step
7942.6174,,,,0,0.0000,0.0000,0,0,lin_step
7942.6340,,,,0,0.0000,0.0000,0,0,lin_step
7942.6507,,,,0,0.0000,0.0000,0,0,lin_step
7942.6674,,,,0,0.0000,0.0000,0,0,lin_step
7942.6840,,,,0,0.0000,0.0000,0,0,lin_step
7942.7007,,,,0,0.0000,0.0000,0,0,lin_step
7942.7174,,,,0,0.0000,0.0000,0,0,lin_step
7942.7340,,,,0,0.0000,0.0000,0,0,lin_step
7942.7507,,,,0,0.0000,0.0000,0,0,lin_step
7942.7673,,,,0,0.0000,0.0000,0,0,lin_step
7942.7840,,,,0,0.0000,0.0000,0,0,lin_step
7942.8007,,,,0,0.0000,0.0000,0,0,lin_step
7942.8173,,,,0,0.0000,0.0000,0,0,lin_step
7942.8340,,,,0,-0.1250,0.0000,-62,0,slew
7942.8507,,,,0,-0.1250,0.0000,-62,0,slew
7942.8673,,,,0,-0.1250,0.0000,-62,0,slew
7942.8840,,,,0,-0.1250,0.0000,-62,0,slew
7942.9007,-0.12637,0.64642,-0.52688,1,-0.2500,0.0000,-125,0,slew
7942.9173,-0.12624,0.63656,-0.55644,1,-0.2500,0.0000,-125,0,slew
7942.9340,,,,0,-0.2500,0.0000,-125,0,slew
7942.9507,-0.10886,0.63702,-0.67563,1,-0.2500,0.0000,-125,0,slew
7942.9673,-0.09654,0.63724,-0.73504,1,-0.2500,0.0000,-125,0,lin_step
7942.9840,-0.08195,0.63631,-0.81067,1,-0.2500,0.0000,-125,0,lin_step
7943.0006,-0.06847,0.63271,-0.86165,1,-0.2500,0.0000,-125,0,lin_step
7943.0173,-0.05951,0.61789,-0.88533,1,-0.2500,0.0000,-125,0,lin_step
7943.0340,-0.04674,0.60588,-1.64514,1,-0.2500,0.0000,-125,0,lin_step
7943.0506,-0.03639,0.59264,-0.94634,1,-0.2500,0.0000,-125,0,lin_step
7943.0673,-0.02315,0.58192,-0.93470,1,-0.2500,0.0000,-125,0,lin_step
7943.0840,-0.01758,0.55994,-0.96356,1,-0.2500,0.0000,-125,0,lin_step
7943.1006,-0.00642,0.54511,-0.97273,1,-0.2500,0.0000,-125,0,lin_step
7943.1173,0.00691,0.53310,-1.53613,1,-0.2500,0.0000,-125,0,lin_step
7943.1340,0.01165,0.50913,-0.96601,1,-0.2500,0.0000,-125,0,lin_step
7943.1506,0.02492,0.49785,-0.97104,1,-0.2500,0.0000,-125,0,lin_step
7943.1673,0.03255,0.47899,-0.95920,1,-0.2500,0.0000,-125,0,lin_step
7943.1840,0.03837,0.45936,-0.93795,1,-0.2500,0.0000,-125,0,lin_step
7943.2006,0.04843,0.44483,-0.94152,1,-0.2500,0.0000,-125,0,lin_step
7943.2173,0.05323,0.42326,-0.93146,1,-0.2500,0.0000,-125,0,lin_step
7943.2339,0.06611,0.41116,-0.91448,1,-0.2500,0.0000,-125,0,lin_step
7943.2506,0.07832,0.39792,-0.91037,1,-0.2500,0.0000,-125,0,lin_step
7943.2673,0.08491,0.37926,-0.90203,1,-0.2500,0.0000,-125,0,lin_step
7943.2839,0.09856,0.36600,-0.90002,1,-0.2500,0.0000,-125,0,lin_step
7943.3006,0.10265,0.34673,-0.89507,1,-0.2500,0.0000,-125,0,lin_step
7943.3173,0.11286,0.33227,-0.89119,1,-0.2500,0.0000,-125,0,lin_step
7943.3339,0.11908,0.31477,-0.88053,1,-0.2500,0.0000,-125,0,lin_step
7943.3506,0.13536,0.30372,-0.87021,1,-0.2500,0.0000,-125,0,lin_step
7943.3673,0.14395,0.28822,-0.85874,1,-0.2500,0.0000,-125,0,lin_step
7943.3839,0.15639,0.27504,-0.85389,1,-0.2500,0.0000,-125,0,lin_step
7943.4006,0.16367,0.25841,-0.85354,1,-0.2500,0.0000,-125,0,lin_step
7943.4173,0.17349,0.24328,-0.84743,1,-0.2500,0.0000,-125,0,lin_step
7943.4339,0.18615,0.23022,-0.85516,1,-0.2500,0.0000,-125,0,lin_step
7943.4506,0.19512,0.21494,-0.84143,1,-0.2500,0.0000,-125,0,lin_step
7943.4672,0.20558,0.20078,-0.84097,1,-0.2500,0.0000,-125,0,lin_step
7943.4839,0.21590,0.18658,-0.83934,1,-0.2500,0.0000,-125,0,lin_step
7943.5006,0.22634,0.17248,-0.83430,1,-0.2500,0.0000,-125,0,lin_step
7943.5172,0.24110,0.16031,-0.82244,1,-0.2500,0.0000,-125,0,lin_step
7943.5339,0.24933,0.14557,-0.83879,1,-0.2500,0.0000,-125,0,lin_step
7943.5506,0.26112,0.13174,-0.83015,1,-0.2500,0.0000,-125,0,lin_step
7943.5672,0.27615,0.11916,-0.82893,1,-0.2500,0.0000,-125,0,lin_step
7943.5839,0.28553,0.10493,-0.83149,1,-0.2500,0.0000,-125,0,lin_step
7943.6006,0.29368,0.09075,-0.82494,1,-0.2500,0.0000,-125,0,lin_step
7943.6172,0.31583,0.08023,-0.81827,1,-0.2500,0.0000,-125,0,lin_step
7943.6339,0.31609,0.06416,-0.81998,1,-0.2500,0.0000,-125,0,lin_step
7943.6506,0.32859,0.05118,-0.81355,1,-0.2500,0.0000,-125,0,lin_step
7943.6672,0.33876,0.03746,-0.80993,1,-0.2500,0.0000,-125,0,lin_step
7943.6839,0.35074,0.02525,-0.82865,1,-0.2500,0.0000,-125,0,lin_step
7943.7005,0.36429,0.01215,-0.80824,1,-0.2500,0.0000,-125,0,lin_step
7943.7172,0.37577,-0.00138,-0.81628,1,-0.2500,0.0000,-125,0,lin_step
7943.7339,0.38862,-0.01421,-0.81295,1,-0.2500,0.0000,-125,0,lin_step
7943.7505,0.39612,-0.02727,-0.82501,1,-0.2500,0.0000,-125,0,lin_step
7943.7672,0.41463,-0.03968,-0.81420,1,-0.2500,0.0000,-125,0,lin_step
7943.7839,0.42218,-0.05246,-0.82671,1,0.0000,0.0000,0,0,lin_step
7943.8005,0.43252,-0.06103,-0.82740,1,0.0000,0.0000,0,0,lin_step
7943.8172,0.44192,-0.06483,-0.83742,1,0.0000,0.0000,0,0,lin_step
7943.8339,0.44176,-0.06714,-0.84109,1,0.0000,0.0000,0,0,lin_step
7943.8505,0.44708,-0.06877,-0.84957,1,0.0000,0.0000,0,0,lin_step
7943.8672,0.43968,-0.07033,-0.86014,1,0.0000,0.0000,0,0,lin_step
7943.8839,0.44023,-0.06944,-0.86165,1,0.0000,0.0000,0,0,lin_step
7943.9005,0.44071,-0.06842,-0.86272,1,0.0000,0.0000,0,0,lin_step
7943.9172,0.43355,-0.06653,-0.86880,1,0.0000,0.0000,0,0,lin_step
7943.9338,0.43640,-0.06457,-0.87090,1,0.0000,0.0000,0,0,lin_step
7943.9505,0.43643,-0.06383,-0.86677,1,0.0000,0.0000,0,0,lin_step
7943.9672,0.43134,-0.06376,-0.87586,1,0.0000,0.0000,0,0,lin_step
7943.9838,0.43716,-0.06363,-0.86572,1,0.0000,0.0000,0,0,lin_step
7944.0005,0.43099,-0.06424,-0.87817,1,0.0000,0.0000,0,0,lin_step
7944.0172,0.43208,-0.06401,-0.87624,1,0.0000,0.0000,0,0,lin_step
7944.0338,0.43524,-0.06377,-0.86933,1,0.0000,0.0000,0,0,lin_step
7944.0505,0.43602,-0.06373,-0.86921,1,0.0000,0.0000,0,0,lin_step
7944.0672,0.43339,-0.06382,-0.86678,1,0.0000,0.0000,0,0,lin_step
7944.0838,0.42964,-0.06409,-0.87809,1,0.0000,0.0000,0,0,lin_step
7944.1005,0.43035,-0.06408,-0.88084,1,0.0000,0.0000,0,0,lin_step
7944.1172,0.42922,-0.06429,-0.87919,1,0.0000,0.0000,0,0,lin_step
7944.1338,0.43399,-0.06387,-0.87286,1,0.0000,0.0000,0,0,lin_step
7944.1505,0.43099,-0.06427,-0.87627,1,0.0000,0.0000,0,0,lin_step
7944.1671,0.43556,-0.06389,-0.86858,1,0.0000,0.0000,0,0,lin_step
7944.1838,0.43490,-0.06404,-0.87109,1,0.0000,0.0000,0,0,lin_step
7944.2005,0.43409,-0.06386,-0.86969,1,0.0000,0.0000,0,0,lin_step
7944.2171,0.42960,-0.06403,-0.87383,1,0.0000,0.0000,0,0,lin_step
7944.2338,0.43156,-0.06413,-0.87525,1,0.0000,0.0000,0,0,lin_step
7944.2505,0.42923,-0.06401,-0.87636,1,0.0000,0.0000,0,0,lin_step
7944.2671,0.43198,-0.06416,-0.87537,1,0.0000,0.0000,0,0,lin_step
7944.2838,0.43152,-0.06425,-0.88344,1,0.0000,0.0000,0,0,lin_step
7944.3005,0.43163,-0.06410,-0.87057,1,0.0000,0.0000,0,0,lin_step
7944.3171,0.42702,-0.06434,-0.88201,1,0.0000,0.0000,0,0,lin_step
7944.3338,0.43295,-0.06389,-0.87108,1,0.0000,0.0000,0,0,lin_step
7944.3505,0.43279,-0.06387,-0.86994,1,0.0000,0.0000,0,0,lin_step
7944.3671,0.43422,-0.06383,-0.86605,1,0.0000,0.0000,0,0,lin_step
7944.3838,0.43240,-0.06402,-0.86944,1,0.0000,0.0000,0,0,lin_step
7944.4004,0.43366,-0.06400,-0.87711,1,0.0000,0.0000,0,0,lin_step
7944.4171,0.43438,-0.06379,-0.86656,1,0.0000,0.0000,0,0,lin_step
7944.4338,0.43616,-0.06366,-0.86624,1,0.0000,0.0000,0,0,lin_step
7944.4504,0.42987,-0.06419,-0.87931,1,0.0000,0.0000,0,0,lin_step
7944.4671,0.43448,-0.06393,-0.87199,1,0.0000,0.0000,0,0,lin_step
7944.4838,0.43635,-0.06388,-0.86927,1,0.0000,0.0000,0,0,lin_step
7944.5004,0.43299,-0.06409,-0.87806,1,0.0000,0.0000,0,0,lin_step
7944.5171,0.43410,-0.06404,-0.87843,1,0.0000,0.0000,0,0,lin_step
7944.5338,0.43163,-0.06413,-0.87451,1,0.0000,0.0000,0,0,lin_step
7944.5504,0.43101,-0.06403,-0.87169,1,0.0000,0.0000,0,0,lin_step
7944.5671,0.42850,-0.06418,-0.88471,1,0.0000,0.0000,0,0,lin_step
7944.5838,0.43287,-0.06393,-0.86721,1,0.0000,0.0000,0,0,lin_step
7944.6004,0.43354,-0.06388,-0.86597,1,0.0000,0.0000,0,0,lin_step
7944.6171,0.43667,-0.06377,-0.86845,1,0.0000,0.0000,0,0,lin_step
7944.6337,0.43363,-0.06391,-0.86527,1,0.0000,0.0000,0,0,lin_step
7944.6504,0.43777,-0.06371,-0.86831,1,0.0000,0.0000,0,0,lin_step
7944.6671,0.43123,-0.06388,-0.87274,1,0.0000,0.0000,0,0,lin_step
7944.6837,0.43483,-0.06393,-0.88390,1,0.0000,0.0000,0,0,lin_step
7944.7004,0.43186,-0.06396,-0.86920,1,0.0000,0.0000,0,0,lin_step
7944.7171,0.43755,-0.06369,-0.86812,1,0.0000,0.0000,0,0,lin_step
7944.7337,0.43210,-0.06401,-0.87949,1,0.0000,0.0000,0,0,lin_step
7944.7504,0.43578,-0.06397,-0.87567,1,0.0000,0.0000,0,0,lin_step
7944.7671,0.43621,-0.06374,-0.87021,1,0.0000,0.0000,0,0,lin_step
7944.7837,0.42916,-0.06441,-0.88586,1,0.0000,0.0000,0,0,lin_step
7944.8004,0.43323,-0.06399,-0.87411,1,0.0000,0.0000,0,0,lin_step
7944.8171,0.42826,-0.06423,-0.87979,1,0.0000,0.0000,0,0,lin_step
7944.8337,0.43549,-0.06374,-0.86805,1,0.0000,0.0000,0,0,lin_step
7944.8504,0.43577,-0.06382,-0.87165,1,0.0000,0.0000,0,0,lin_step
7944.8670,0.42962,-0.06409,-0.87707,1,0.0000,0.0000,0,0,lin_step
7944.8837,0.43138,-0.06404,-0.87183,1,0.0000,0.0000,0,0,lin_step
7944.9004,0.43859,-0.06379,-0.87197,1,0.0000,0.0000,0,0,lin_step
7944.9170,0.43707,-0.06370,-0.86740,1,0.0000,0.0000,0,0,lin_step
7944.9337,0.42890,-0.06423,-0.88215,1,0.0000,0.0000,0,0,lin_step
7944.9504,0.43010,-0.06422,-0.87571,1,0.0000,0.0000,0,0,lin_step
7944.9670,0.43168,-0.06412,-0.88270,1,0.0000,0.0000,0,0,lin_step
7944.9837,0.43290,-0.06387,-0.87483,1,0.1000,0.0000,50,0,slew
7945.0004,0.43413,-0.06308,-0.87317,1,0.1000,0.0000,50,0,slew
7945.0170,0.43059,-0.05862,-0.88588,1,0.1000,0.0000,50,0,slew
7945.0337,0.42933,-0.05300,-0.87711,1,0.1000,0.0000,50,0,slew
7945.0504,0.41698,-0.04680,-0.87831,1,0.2000,0.0000,100,0,slew
7945.0670,0.41200,-0.03784,-0.88782,1,0.2000,0.0000,100,0,slew
7945.0837,0.40105,-0.02718,-0.88855,1,0.2000,0.0000,100,0,slew
7945.1003,0.38507,-0.01619,-0.89671,1,0.3000,0.0000,150,0,slew
7945.1170,0.37679,-0.00307,-0.88041,1,0.3000,0.0000,150,0,slew
7945.1337,0.36101,0.01101,-0.88063,1,0.3000,0.0000,150,0,slew
7945.1503,0.34581,0.02733,-0.88503,1,0.3000,0.0000,150,0,slew
7945.1670,0.33396,0.04528,-0.88794,1,0.4000,0.0000,200,0,slew
7945.1837,0.32092,0.06472,-0.87338,1,0.4000,0.0000,200,0,slew
7945.2003,0.29737,0.08338,-0.89204,1,0.4000,0.0000,200,0,slew
7945.2170,0.28677,0.10737,-0.89662,1,0.4000,0.0000,200,0,slew
7945.2337,0.27027,0.13215,-0.89613,1,0.5000,0.0000,250,0,slew
7945.2503,0.25862,0.16134,-0.17435,1,0.5000,0.0000,250,0,slew
7945.2670,0.24523,0.19446,-0.91131,1,0.5000,0.0000,250,0,slew
7945.2837,0.21568,0.22245,-0.89205,1,0.5000,0.0000,250,0,slew
7945.3003,0.18842,0.25256,-0.90887,1,0.5000,0.0000,250,0,lin_step
7945.3170,0.16638,0.28492,-0.58681,1,0.5000,0.0000,250,0,lin_step
7945.3336,0.13830,0.31625,-0.89619,1,0.5000,0.0000,250,0,lin_step
7945.3503,0.11598,0.35125,-0.91585,1,0.5000,0.0000,250,0,lin_step
7945.3670,0.09224,0.38415,-0.92428,1,0.5000,0.0000,250,0,lin_step
7945.3836,0.08137,0.43156,-0.92893,1,0.5000,0.0000,250,0,lin_step
7945.4003,0.04881,0.45693,-0.97003,1,0.5000,0.0000,250,0,lin_step
7945.4170,,,,0,0.5000,0.0000,250,0,lin_step
7945.4336,-0.00011,0.52591,-0.99765,1,0.5000,0.0000,250,0,lin_step
7945.4503,,,,0,0.5000,0.0000,250,0,lin_step
7945.4670,-0.04923,0.59442,-0.99439,1,0.5000,0.0000,250,0,lin_step
7945.4836,,,,0,0.5000,0.0000,250,0,lin_step
7945.5003,,,,0,0.5000,0.0000,250,0,lin_step
7945.5170,,,,0,0.5000,0.0000,250,0,lin_step
7945.5336,,,,0,0.5000,0.0000,250,0,lin_step
7945.5503,,,,0,0.5000,0.0000,250,0,lin_step
7945.5669,,,,0,0.5000,0.0000,250,0,lin_step
7945.5836,,,,0,0.5000,0.0000,250,0,lin_step
7945.6003,,,,0,0.5000,0.0000,250,0,lin_step
7945.6169,,,,0,0.5000,0.0000,250,0,lin_step
7945.6336,,,,0,0.5000,0.0000,250,0,lin_step
7945.6503,,,,0,0.5000,0.0000,250,0,lin_step
7945.6669,,,,0,0.5000,0.0000,250,0,lin_step
7945.6836,,,,0,0.5000,0.0000,250,0,lin_step
7945.7003,,,,0,0.0000,0.0000,0,0,lin_step
7945.7169,,,,0,0.0000,0.0000,0,0,lin_step
7945.7336,,,,0,0.0000,0.0000,0,0,lin_step
7945.7503,,,,0,0.0000,0.0000,0,0,lin_step
7945.7669,,,,0,0.0000,0.0000,0,0,lin_step
7945.7836,,,,0,0.0000,0.0000,0,0,lin_step
7945.8002,,,,0,0.0000,0.0000,0,0,lin_step
7945.8169,,,,0,0.0000,0.0000,0,0,lin_step
7945.8336,,,,0,0.0000,0.0000,0,0,lin_step
7945.8502,,,,0,0.0000,0.0000,0,0,lin_step
7945.8669,,,,0,0.0000,0.0000,0,0,lin_step
7945.8836,,,,0,0.0000,0.0000,0,0,lin_step
7945.9002,,,,0,0.0000,0.0000,0,0,lin_step
7945.9169,,,,0,0.0000,0.0000,0,0,lin_step
7945.9336,,,,0,0.0000,0.0000,0,0,lin_step
7945.9502,,,,0,0.0000,0.0000,0,0,lin_step
7945.9669,,,,0,0.0000,0.0000,0,0,lin_step
7945.9836,,,,0,0.0000,0.0000,0,0,lin_step
7946.0002,,,,0,0.0000,0.0000,0,0,lin_step
7946.0169,,,,0,0.0000,0.0000,0,0,lin_step
7946.0336,,,,0,0.0000,0.0000,0,0,lin_step
7946.0502,,,,0,0.0000,0.0000,0,0,lin_step
7946.0669,,,,0,0.0000,0.0000,0,0,lin_step
7946.0835,,,,0,0.0000,0.0000,0,0,lin_step
7946.1002,,,,0,0.0000,0.0000,0,0,lin_step
7946.1169,,,,0,0.0000,0.0000,0,0,lin_step
7946.1335,,,,0,0.0000,0.0000,0,0,lin_step
7946.1502,,,,0,0.0000,0.0000,0,0,lin_step
7946.1669,,,,0,0.0000,0.0000,0,0,lin_step
7946.1835,,,,0,0.0000,0.0000,0,0,lin_step
7946.2002,,,,0,0.0000,0.0000,0,0,lin_step
7946.2169,,,,0,0.0000,0.0000,0,0,lin_step
7946.2335,,,,0,0.0000,0.0000,0,0,lin_step
7946.2502,,,,0,0.0000,0.0000,0,0,lin_step
7946.2668,,,,0,0.0000,0.0000,0,0,lin_step
7946.2835,,,,0,0.0000,0.0000,0,0,lin_step
7946.3002,,,,0,0.0000,0.0000,0,0,lin_step
7946.3168,,,,0,0.0000,0.0000,0,0,lin_step
7946.3335,,,,0,0.0000,0.0000,0,0,lin_step
7946.3502,,,,0,0.0000,0.0000,0,0,lin_step
7946.3668,,,,0,0.0000,0.0000,0,0,lin_step
7946.3835,,,,0,0.0000,0.0000,0,0,lin_step
7946.4002,,,,0,0.0000,0.0000,0,0,lin_step
7946.4168,,,,0,0.0000,0.0000,0,0,lin_step
7946.4335,,,,0,0.0000,0.0000,0,0,lin_step
7946.4502,,,,0,0.0000,0.0000,0,0,lin_step
7946.4668,,,,0,0.0000,0.0000,0,0,lin_step
7946.4835,,,,0,0.0000,0.0000,0,0,lin_step
7946.5002,,,,0,0.0000,0.0000,0,0,lin_step
7946.5168,,,,0,0.0000,0.0000,0,0,lin_step
7946.5335,,,,0,0.0000,0.0000,0,0,lin_step
7946.5501,,,,0,0.0000,0.0000,0,0,lin_step
7946.5668,,,,0,0.0000,0.0000,0,0,lin_step
7946.5835,,,,0,0.0000,0.0000,0,0,lin_step
7946.6001,,,,0,0.0000,0.0000,0,0,lin_step
7946.6168,,,,0,0.0000,0.0000,0,0,lin_step
7946.6335,,,,0,0.0000,0.0000,0,0,lin_step
7946.6501,,,,0,0.0000,0.0000,0,0,lin_step
7946.6668,,,,0,0.0000,0.0000,0,0,lin_step
7946.6835,,,,0,0.0000,0.0000,0,0,lin_step
7946.7001,,,,0,0.0000,0.0000,0,0,lin_step
7946.7168,,,,0,0.0000,0.0000,0,0,lin_step
7946.7335,,,,0,0.0000,0.0000,0,0,lin_step
7946.7501,,,,0,0.0000,0.0000,0,0,lin_step
7946.7668,,,,0,0.0000,0.0000,0,0,lin_step
7946.7834,,,,0,0.0000,0.0000,0,0,lin_step
7946.8001,,,,0,0.0000,0.0000,0,0,lin_step
7946.8168,,,,0,0.0000,0.0000,0,0,lin_step
7946.8334,,,,0,0.0000,0.0000,0,0,lin_step
7946.8501,,,,0,0.0000,0.0000,0,0,lin_step
7946.8668,,,,0,0.0000,0.0000,0,0,lin_step
7946.8834,,,,0,0.0000,0.0000,0,0,lin_step
7946.9001,,,,0,0.0000,0.0000,0,0,lin_step
7946.9168,,,,0,-0.1000,0.0000,-50,0,slew
7946.9334,,,,0,-0.1000,0.0000,-50,0,slew
7946.9501,,,,0,-0.1000,0.0000,-50,0,slew
7946.9668,,,,0,-0.2000,0.0000,-100,0,slew
7946.9834,,,,0,-0.2000,0.0000,-100,0,slew
7947.0001,,,,0,-0.2000,0.0000,-100,0,slew
7947.0167,,,,0,-0.2000,0.0000,-100,0,slew
7947.0334,,,,0,-0.3000,0.0000,-150,0,slew
7947.0501,,,,0,-0.3000,0.0000,-150,0,slew
7947.0667,,,,0,-0.3000,0.0000,-150,0,slew
7947.0834,,,,0,-0.3000,0.0000,-150,0,slew
7947.1001,,,,0,-0.4000,0.0000,-200,0,slew
7947.1167,,,,0,-0.4000,0.0000,-200,0,slew
7947.1334,,,,0,-0.4000,0.0000,-200,0,slew
7947.1501,,,,0,-0.4000,0.0000,-200,0,slew
7947.1667,,,,0,-0.5000,0.0000,-250,0,slew
7947.1834,,,,0,-0.5000,0.0000,-250,0,slew
7947.2001,,,,0,-0.5000,0.0000,-250,0,slew
7947.2167,,,,0,-0.5000,0.0000,-250,0,lin_step
7947.2334,,,,0,-0.5000,0.0000,-250,0,lin_step
7947.2500,,,,0,-0.5000,0.0000,-250,0,lin_step
7947.2667,,,,0,-0.5000,0.0000,-250,0,lin_step
7947.2834,,,,0,-0.5000,0.0000,-250,0,lin_step
7947.3000,-0.15377,1.18464,1.50825,1,-0.5000,0.0000,-250,0,lin_step
7947.3167,-0.13223,1.17659,1.43445,1,-0.5000,0.0000,-250,0,lin_step
7947.3334,-0.12527,1.13058,1.32319,1,-0.5000,0.0000,-250,0,lin_step
7947.3500,-0.13298,1.12198,1.29465,1,-0.5000,0.0000,-250,0,lin_step
7947.3667,-0.14212,1.11551,1.29851,1,-0.5000,0.0000,-250,0,lin_step
7947.3834,-0.13629,1.16139,1.38496,1,-0.5000,0.0000,-250,0,lin_step
7947.4000,-0.15363,1.11516,1.34885,1,-0.5000,0.0000,-250,0,lin_step
7947.4167,-0.15420,1.13155,1.40997,1,-0.5000,0.0000,-250,0,lin_step
7947.4334,-0.15037,1.16543,1.31010,1,-0.5000,0.0000,-250,0,lin_step
7947.4500,-0.15531,1.16144,1.56301,1,-0.5000,0.0000,-250,0,lin_step
7947.4667,-0.15968,1.16198,1.63099,1,-0.5000,0.0000,-250,0,lin_step
7947.4833,-0.16155,1.17983,1.67833,1,-0.5000,0.0000,-250,0,lin_step
7947.5000,-0.15949,1.21431,1.76135,1,-0.5000,0.0000,-250,0,lin_step
7947.5167,,,,0,-0.5000,0.0000,-250,0,lin_step
7947.5333,-0.16226,1.26780,1.93437,1,-0.5000,0.0000,-250,0,lin_step
7947.5500,,,,0,-0.5000,0.0000,-250,0,lin_step
7947.5667,,,,0,-0.5000,0.0000,-250,0,lin_step
7947.5833,,,,0,-0.5000,0.0000,-250,0,lin_step
7947.6000,,,,0,-0.5000,0.0000,-250,0,lin_step
7947.6167,,,,0,-0.5000,0.0000,-250,0,lin_step
7947.6333,,,,0,0.0000,0.0000,0,0,lin_step
7947.6500,,,,0,0.0000,0.0000,0,0,lin_step
7947.6667,,,,0,0.0000,0.0000,0,0,lin_step
7947.6833,,,,0,0.0000,0.0000,0,0,lin_step
7947.7000,,,,0,0.0000,0.0000,0,0,lin_step
7947.7166,,,,0,0.0000,0.0000,0,0,lin_step
7947.7333,,,,0,0.0000,0.0000,0,0,lin_step
7947.7500,,,,0,0.0000,0.0000,0,0,lin_step
7947.7666,,,,0,0.0000,0.0000,0,0,lin_step
7947.7833,,,,0,0.0000,0.0000,0,0,lin_step
7947.8000,,,,0,0.0000,0.0000,0,0,lin_step
7947.8166,,,,0,0.0000,0.0000,0,0,lin_step
7947.8333,,,,0,0.0000,0.0000,0,0,lin_step
7947.8500,,,,0,0.0000,0.0000,0,0,lin_step
7947.8666,,,,0,0.0000,0.0000,0,0,lin_step
7947.8833,,,,0,0.0000,0.0000,0,0,lin_step
7947.9000,,,,0,0.0000,0.0000,0,0,lin_step
7947.9166,,,,0,0.0000,0.0000,0,0,lin_step
7947.9333,,,,0,0.0000,0.0000,0,0,lin_step
7947.9499,,,,0,0.0000,0.0000,0,0,lin_step
7947.9666,,,,0,0.0000,0.0000,0,0,lin_step
7947.9833,,,,0,0.0000,0.0000,0,0,lin_step
7947.9999,,,,0,0.0000,0.0000,0,0,lin_step
7948.0166,,,,0,0.0000,0.0000,0,0,lin_step
7948.0333,,,,0,0.0000,0.0000,0,0,lin_step
7948.0499,,,,0,0.0000,0.0000,0,0,lin_step
7948.0666,,,,0,0.0000,0.0000,0,0,lin_step
7948.0833,,,,0,0.0000,0.0000,0,0,lin_step
7948.0999,,,,0,0.0000,0.0000,0,0,lin_step
7948.1166,,,,0,0.0000,0.0000,0,0,lin_step
7948.1333,,,,0,0.0000,0.0000,0,0,lin_step
7948.1499,,,,0,0.0000,0.0000,0,0,lin_step
7948.1666,,,,0,0.0000,0.0000,0,0,lin_step
7948.1832,,,,0,0.0000,0.0000,0,0,lin_step
7948.1999,,,,0,0.0000,0.0000,0,0,lin_step
7948.2166,,,,0,0.0000,0.0000,0,0,lin_step
7948.2332,,,,0,0.0000,0.0000,0,0,lin_step
7948.2499,,,,0,0.0000,0.0000,0,0,lin_step
7948.2666,,,,0,0.0000,0.0000,0,0,lin_step
7948.2832,,,,0,0.0000,0.0000,0,0,lin_step
7948.2999,,,,0,0.0000,0.0000,0,0,lin_step
7948.3166,,,,0,0.0000,0.0000,0,0,lin_step
7948.3332,,,,0,0.0000,0.0000,0,0,lin_step
7948.3499,,,,0,0.0000,0.0000,0,0,lin_step
7948.3666,,,,0,0.0000,0.0000,0,0,lin_step
7948.3832,,,,0,0.0000,0.0000,0,0,lin_step
7948.3999,,,,0,0.0000,0.0000,0,0,lin_step
7948.4165,,,,0,0.0000,0.0000,0,0,lin_step
7948.4332,,,,0,0.0000,0.0000,0,0,lin_step
7948.4499,,,,0,0.0000,0.0000,0,0,lin_step
7948.4665,,,,0,0.0000,0.0000,0,0,lin_step
7948.4832,,,,0,0.0000,0.0000,0,0,lin_step
7948.4999,,,,0,0.0000,0.0000,0,0,lin_step
7948.5165,,,,0,0.0000,0.0000,0,0,lin_step
7948.5332,,,,0,0.0000,0.0000,0,0,lin_step
7948.5499,,,,0,0.0000,0.0000,0,0,lin_step
7948.5665,,,,0,0.0000,0.0000,0,0,lin_step
7948.5832,,,,0,0.0000,0.0000,0,0,lin_step
7948.5999,,,,0,0.0000,0.0000,0,0,lin_step
7948.6165,,,,0,0.0000,0.0000,0,0,lin_step
7948.6332,,,,0,0.0000,0.0000,0,0,lin_step
7948.6498,,,,0,0.0000,0.0000,0,0,lin_step
7948.6665,,,,0,0.0000,0.0000,0,0,lin_step
7948.6832,,,,0,0.0000,0.0000,0,0,lin_step
7948.6998,,,,0,0.0000,0.0000,0,0,lin_step
7948.7165,,,,0,0.0000,0.0000,0,0,lin_step
7948.7332,,,,0,0.0000,0.0000,0,0,lin_step
7948.7498,,,,0,0.0000,0.0000,0,0,lin_step
7948.7665,,,,0,0.0000,0.0000,0,0,lin_step
7948.7832,,,,0,0.0000,0.0000,0,0,lin_step
7948.7998,,,,0,0.0000,0.0000,0,0,lin_step
7948.8165,,,,0,0.0000,0.0000,0,0,lin_step
7948.8332,,,,0,0.0000,0.0000,0,0,lin_step
7948.8498,,,,0,0.1071,0.0000,54,0,slew
7948.8665,,,,0,0.1071,0.0000,54,0,slew
7948.8831,,,,0,0.1071,0.0000,54,0,slew
7948.8998,,,,0,0.1071,0.0000,54,0,slew
7948.9165,,,,0,0.2143,0.0000,107,0,slew
7948.9331,,,,0,0.2143,0.0000,107,0,slew
7948.9498,,,,0,0.2143,0.0000,107,0,slew
7948.9665,,,,0,0.2143,0.0000,107,0,slew
7948.9831,,,,0,0.3214,0.0000,161,0,slew
7948.9998,,,,0,0.3214,0.0000,161,0,slew
7949.0165,,,,0,0.3214,0.0000,161,0,slew
7949.0331,,,,0,0.4286,0.0000,214,0,slew
7949.0498,,,,0,0.4286,0.0000,214,0,slew
7949.0665,,,,0,0.4286,0.0000,214,0,slew
7949.0831,,,,0,0.4286,0.0000,214,0,slew
7949.0998,,,,0,0.5357,0.0000,268,0,slew
7949.1164,,,,0,0.5357,0.0000,268,0,slew
7949.1331,,,,0,0.5357,0.0000,268,0,slew
7949.1498,,,,0,0.5357,0.0000,268,0,slew
7949.1664,,,,0,0.6429,0.0000,321,0,slew
7949.1831,,,,0,0.6429,0.0000,321,0,slew
7949.1998,,,,0,0.6429,0.0000,321,0,slew
7949.2164,,,,0,0.7500,0.0000,375,0,slew
7949.2331,,,,0,0.7500,0.0000,375,0,slew
7949.2498,,,,0,0.7500,0.0000,375,0,slew
7949.2664,,,,0,0.7500,0.0000,375,0,slew
7949.2831,,,,0,0.7500,0.0000,375,0,lin_step
7949.2998,,,,0,0.7500,0.0000,375,0,lin_step
7949.3164,,,,0,0.7500,0.0000,375,0,lin_step
7949.3331,,,,0,0.7500,0.0000,375,0,lin_step
7949.3498,,,,0,0.7500,0.0000,375,0,lin_step
7949.3664,,,,0,0.7500,0.0000,375,0,lin_step
7949.3831,,,,0,0.7500,0.0000,375,0,lin_step
7949.3997,,,,0,0.7500,0.0000,375,0,lin_step
7949.4164,,,,0,0.7500,0.0000,375,0,lin_step
7949.4331,,,,0,0.7500,0.0000,375,0,lin_step
7949.4497,,,,0,0.7500,0.0000,375,0,lin_step
7949.4664,,,,0,0.7500,0.0000,375,0,lin_step
7949.4831,,,,0,0.7500,0.0000,375,0,lin_step
7949.4997,,,,0,0.7500,0.0000,375,0,lin_step
7949.5164,,,,0,0.7500,0.0000,375,0,lin_step
7949.5331,,,,0,0.7500,0.0000,375,0,lin_step
7949.5497,,,,0,0.0000,0.0000,0,0,lin_step
7949.5664,,,,0,0.0000,0.0000,0,0,lin_step
7949.5831,,,,0,0.0000,0.0000,0,0,lin_step
7949.5997,,,,0,0.0000,0.0000,0,0,lin_step
7949.6164,,,,0,0.0000,0.0000,0,0,lin_step
7949.6330,,,,0,0.0000,0.0000,0,0,lin_step
7949.6497,,,,0,0.0000,0.0000,0,0,lin_step
7949.6664,,,,0,0.0000,0.0000,0,0,lin_step
7949.6830,,,,0,0.0000,0.0000,0,0,lin_step
7949.6997,,,,0,0.0000,0.0000,0,0,lin_step
7949.7164,,,,0,0.0000,0.0000,0,0,lin_step
7949.7330,,,,0,0.0000,0.0000,0,0,lin_step
7949.7497,,,,0,0.0000,0.0000,0,0,lin_step
7949.7664,,,,0,0.0000,0.0000,0,0,lin_step
7949.7830,,,,0,0.0000,0.0000,0,0,lin_step
7949.7997,,,,0,0.0000,0.0000,0,0,lin_step
7949.8164,,,,0,0.0000,0.0000,0,0,lin_step
7949.8330,,,,0,0.0000,0.0000,0,0,lin_step
7949.8497,,,,0,0.0000,0.0000,0,0,lin_step
7949.8663,,,,0,0.0000,0.0000,0,0,lin_step
7949.8830,,,,0,0.0000,0.0000,0,0,lin_step
7949.8997,,,,0,0.0000,0.0000,0,0,lin_step
7949.9163,,,,0,0.0000,0.0000,0,0,lin_step
7949.9330,,,,0,0.0000,0.0000,0,0,lin_step
7949.9497,,,,0,0.0000,0.0000,0,0,lin_step
7949.9663,,,,0,0.0000,0.0000,0,0,lin_step
7949.9830,,,,0,0.0000,0.0000,0,0,lin_step
7949.9997,,,,0,0.0000,0.0000,0,0,lin_step
7950.0163,,,,0,0.0000,0.0000,0,0,lin_step
7950.0330,,,,0,0.0000,0.0000,0,0,lin_step
7950.0496,,,,0,0.0000,0.0000,0,0,lin_step
7950.0663,,,,0,0.0000,0.0000,0,0,lin_step
7950.0830,,,,0,0.0000,0.0000,0,0,lin_step
7950.0996,,,,0,0.0000,0.0000,0,0,lin_step
7950.1163,,,,0,0.0000,0.0000,0,0,lin_step
7950.1330,,,,0,0.0000,0.0000,0,0,lin_step
7950.1496,,,,0,0.0000,0.0000,0,0,lin_step
7950.1663,,,,0,0.0000,0.0000,0,0,lin_step
7950.1830,,,,0,0.0000,0.0000,0,0,lin_step
7950.1996,,,,0,0.0000,0.0000,0,0,lin_step
7950.2163,,,,0,0.0000,0.0000,0,0,lin_step
7950.2330,,,,0,0.0000,0.0000,0,0,lin_step
7950.2496,,,,0,0.0000,0.0000,0,0,lin_step
7950.2663,,,,0,0.0000,0.0000,0,0,lin_step
7950.2829,,,,0,0.0000,0.0000,0,0,lin_step
7950.2996,,,,0,0.0000,0.0000,0,0,lin_step
7950.3163,,,,0,0.0000,0.0000,0,0,lin_step
7950.3329,,,,0,0.0000,0.0000,0,0,lin_step
7950.3496,,,,0,0.0000,0.0000,0,0,lin_step
7950.3663,,,,0,0.0000,0.0000,0,0,lin_step
7950.3829,,,,0,0.0000,0.0000,0,0,lin_step
7950.3996,,,,0,0.0000,0.0000,0,0,lin_step
7950.4163,,,,0,0.0000,0.0000,0,0,lin_step
7950.4329,,,,0,0.0000,0.0000,0,0,lin_step
7950.4496,,,,0,0.0000,0.0000,0,0,lin_step
7950.4663,,,,0,0.0000,0.0000,0,0,lin_step
7950.4829,,,,0,0.0000,0.0000,0,0,lin_step
7950.4996,,,,0,0.0000,0.0000,0,0,lin_step
7950.5162,,,,0,0.0000,0.0000,0,0,lin_step
7950.5329,,,,0,0.0000,0.0000,0,0,lin_step
7950.5496,,,,0,0.0000,0.0000,0,0,lin_step
7950.5662,,,,0,0.0000,0.0000,0,0,lin_step
7950.5829,,,,0,0.0000,0.0000,0,0,lin_step
7950.5996,,,,0,0.0000,0.0000,0,0,lin_step
7950.6162,,,,0,0.0000,0.0000,0,0,lin_step
7950.6329,,,,0,0.0000,0.0000,0,0,lin_step
7950.6496,,,,0,0.0000,0.0000,0,0,lin_step
7950.6662,,,,0,0.0000,0.0000,0,0,lin_step
7950.6829,,,,0,0.0000,0.0000,0,0,lin_step
7950.6996,,,,0,0.0000,0.0000,0,0,lin_step
7950.7162,,,,0,0.0000,0.0000,0,0,lin_step
7950.7329,,,,0,0.0000,0.0000,0,0,lin_step
7950.7495,,,,0,0.0000,0.0000,0,0,lin_step
7950.7662,,,,0,-0.1071,0.0000,-54,0,slew
7950.7829,,,,0,-0.1071,0.0000,-54,0,slew
7950.7995,,,,0,-0.1071,0.0000,-54,0,slew
7950.8162,,,,0,-0.1071,0.0000,-54,0,slew
7950.8329,,,,0,-0.2143,0.0000,-107,0,slew
7950.8495,,,,0,-0.2143,0.0000,-107,0,slew
7950.8662,,,,0,-0.2143,0.0000,-107,0,slew
7950.8829,,,,0,-0.3214,0.0000,-161,0,slew
7950.8995,,,,0,-0.3214,0.0000,-161,0,slew
7950.9162,,,,0,-0.3214,0.0000,-161,0,slew
7950.9329,,,,0,-0.3214,0.0000,-161,0,slew
7950.9495,,,,0,-0.4286,0.0000,-214,0,slew
7950.9662,,,,0,-0.4286,0.0000,-214,0,slew
7950.9828,,,,0,-0.4286,0.0000,-214,0,slew
7950.9995,,,,0,-0.4286,0.0000,-214,0,slew
7951.0162,,,,0,-0.5357,0.0000,-268,0,slew
7951.0328,,,,0,-0.5357,0.0000,-268,0,slew
7951.0495,,,,0,-0.5357,0.0000,-268,0,slew
7951.0662,,,,0,-0.5357,0.0000,-268,0,slew
7951.0828,,,,0,-0.6429,0.0000,-321,0,slew
7951.0995,,,,0,-0.6429,0.0000,-321,0,slew
7951.1162,,,,0,-0.6429,0.0000,-321,0,slew
7951.1328,,,,0,-0.6429,0.0000,-321,0,slew
7951.1495,,,,0,-0.7500,0.0000,-375,0,slew
7951.1662,,,,0,-0.7500,0.0000,-375,0,slew
7951.1828,,,,0,-0.7500,0.0000,-375,0,slew
7951.1995,,,,0,-0.7500,0.0000,-375,0,lin_step
7951.2161,,,,0,-0.7500,0.0000,-375,0,lin_step
7951.2328,,,,0,-0.7500,0.0000,-375,0,lin_step
7951.2495,,,,0,-0.7500,0.0000,-375,0,lin_step
7951.2661,,,,0,-0.7500,0.0000,-375,0,lin_step
7951.2828,,,,0,-0.7500,0.0000,-375,0,lin_step
7951.2995,,,,0,-0.7500,0.0000,-375,0,lin_step
7951.3161,,,,0,-0.7500,0.0000,-375,0,lin_step
7951.3328,,,,0,-0.7500,0.0000,-375,0,lin_step
7951.3495,,,,0,-0.7500,0.0000,-375,0,lin_step
7951.3661,,,,0,-0.7500,0.0000,-375,0,lin_step
7951.3828,,,,0,-0.7500,0.0000,-375,0,lin_step
7951.3995,,,,0,-0.7500,0.0000,-375,0,lin_step
7951.4161,,,,0,-0.7500,0.0000,-375,0,lin_step
7951.4328,,,,0,-0.7500,0.0000,-375,0,lin_step
7951.4494,,,,0,-0.7500,0.0000,-375,0,lin_step
7951.4661,,,,0,-0.7500,0.0000,-375,0,lin_step
7951.4828,,,,0,-0.7500,0.0000,-375,0,lin_step
7951.4994,,,,0,0.0000,0.0000,0,0,lin_step
7951.5161,,,,0,0.0000,0.0000,0,0,lin_step
7951.5328,,,,0,0.0000,0.0000,0,0,lin_step
7951.5494,,,,0,0.0000,0.0000,0,0,lin_step
7951.5661,,,,0,0.0000,0.0000,0,0,lin_step
7951.5828,,,,0,0.0000,0.0000,0,0,lin_step
7951.5994,,,,0,0.0000,0.0000,0,0,lin_step
7951.6161,,,,0,0.0000,0.0000,0,0,lin_step
7951.6328,,,,0,0.0000,0.0000,0,0,lin_step
7951.6494,,,,0,0.0000,0.0000,0,0,lin_step
7951.6661,,,,0,0.0000,0.0000,0,0,lin_step
7951.6827,,,,0,0.0000,0.0000,0,0,lin_step
7951.6994,,,,0,0.0000,0.0000,0,0,lin_step
7951.7161,,,,0,0.0000,0.0000,0,0,lin_step
7951.7327,,,,0,0.0000,0.0000,0,0,lin_step
7951.7494,,,,0,0.0000,0.0000,0,0,lin_step
7951.7661,,,,0,0.0000,0.0000,0,0,lin_step
7951.7827,,,,0,0.0000,0.0000,0,0,lin_step
7951.7994,,,,0,0.0000,0.0000,0,0,lin_step
7951.8161,,,,0,0.0000,0.0000,0,0,lin_step
7951.8327,,,,0,0.0000,0.0000,0,0,lin_step
7951.8494,,,,0,0.0000,0.0000,0,0,lin_step
7951.8661,,,,0,0.0000,0.0000,0,0,lin_step
7951.8827,,,,0,0.0000,0.0000,0,0,lin_step
7951.8994,,,,0,0.0000,0.0000,0,0,lin_step
7951.9160,,,,0,0.0000,0.0000,0,0,lin_step
7951.9327,,,,0,0.0000,0.0000,0,0,lin_step
7951.9494,,,,0,0.0000,0.0000,0,0,lin_step
7951.9660,,,,0,0.0000,0.0000,0,0,lin_step
7951.9827,,,,0,0.0000,0.0000,0,0,lin_step
7951.9994,,,,0,0.0000,0.0000,0,0,lin_step
7952.0160,,,,0,0.0000,0.0000,0,0,lin_step
7952.0327,,,,0,0.0000,0.0000,0,0,lin_step
7952.0494,,,,0,0.0000,0.0000,0,0,lin_step
7952.0660,,,,0,0.0000,0.0000,0,0,lin_step
7952.0827,,,,0,0.0000,0.0000,0,0,lin_step
7952.0994,,,,0,0.0000,0.0000,0,0,lin_step
7952.1160,,,,0,0.0000,0.0000,0,0,lin_step
7952.1327,,,,0,0.0000,0.0000,0,0,lin_step
7952.1493,,,,0,0.0000,0.0000,0,0,lin_step
7952.1660,,,,0,0.0000,0.0000,0,0,lin_step
7952.1827,,,,0,0.0000,0.0000,0,0,lin_step
7952.1993,,,,0,0.0000,0.0000,0,0,lin_step
7952.2160,,,,0,0.0000,0.0000,0,0,lin_step
7952.2327,,,,0,0.0000,0.0000,0,0,lin_step
7952.2493,,,,0,0.0000,0.0000,0,0,lin_step
7952.2660,,,,0,0.0000,0.0000,0,0,lin_step
7952.2827,,,,0,0.0000,0.0000,0,0,lin_step
7952.2993,,,,0,0.0000,0.0000,0,0,lin_step
7952.3160,,,,0,0.0000,0.0000,0,0,lin_step
7952.3327,,,,0,0.0000,0.0000,0,0,lin_step
7952.3493,,,,0,0.0000,0.0000,0,0,lin_step
7952.3660,,,,0,0.0000,0.0000,0,0,lin_step
7952.3826,,,,0,0.0000,0.0000,0,0,lin_step
7952.3993,,,,0,0.0000,0.0000,0,0,lin_step
7952.4160,,,,0,0.0000,0.0000,0,0,lin_step
7952.4326,,,,0,0.0000,0.0000,0,0,lin_step
7952.4493,,,,0,0.0000,0.0000,0,0,lin_step
7952.4660,,,,0,0.0000,0.0000,0,0,lin_step
7952.4826,,,,0,0.0000,0.0000,0,0,lin_step
7952.4993,,,,0,0.0000,0.0000,0,0,lin_step
7952.5160,,,,0,0.0000,0.0000,0,0,lin_step
7952.5326,,,,0,0.0000,0.0000,0,0,lin_step
7952.5493,,,,0,0.0000,0.0000,0,0,lin_step
7952.5660,,,,0,0.0000,0.0000,0,0,lin_step
7952.5826,,,,0,0.0000,0.0000,0,0,lin_step
7952.5993,,,,0,0.0000,0.0000,0,0,lin_step
7952.6160,,,,0,0.0000,0.0000,0,0,lin_step
7952.6326,,,,0,0.0000,0.0000,0,0,lin_step
7952.6493,,,,0,0.0000,0.0000,0,0,lin_step
7952.6659,,,,0,0.0000,0.0000,0,0,lin_step
7952.6826,,,,0,0.0000,0.0000,0,0,lin_step
7952.6993,,,,0,0.0000,0.0000,0,0,lin_step
7952.7159,,,,0,0.1111,0.0000,56,0,slew
7952.7326,,,,0,0.1111,0.0000,56,0,slew
7952.7493,,,,0,0.1111,0.0000,56,0,slew
7952.7659,,,,0,0.1111,0.0000,56,0,slew
7952.7826,,,,0,0.2222,0.0000,111,0,slew
7952.7993,,,,0,0.2222,0.0000,111,0,slew
7952.8159,,,,0,0.2222,0.0000,111,0,slew
7952.8326,,,,0,0.3333,0.0000,167,0,slew
7952.8493,,,,0,0.3333,0.0000,167,0,slew
7952.8659,,,,0,0.3333,0.0000,167,0,slew
7952.8826,,,,0,0.3333,0.0000,167,0,slew
7952.8992,,,,0,0.4444,0.0000,222,0,slew
7952.9159,,,,0,0.4444,0.0000,222,0,slew
7952.9326,,,,0,0.4444,0.0000,222,0,slew
7952.9492,,,,0,0.4444,0.0000,222,0,slew
7952.9659,,,,0,0.5556,0.0000,278,0,slew
7952.9826,,,,0,0.5556,0.0000,278,0,slew
7952.9992,,,,0,0.5556,0.0000,278,0,slew
7953.0159,,,,0,0.5556,0.0000,278,0,slew
7953.0326,,,,0,0.6667,0.0000,333,0,slew
7953.0492,,,,0,0.6667,0.0000,333,0,slew
7953.0659,,,,0,0.6667,0.0000,333,0,slew
7953.0826,,,,0,0.6667,0.0000,333,0,slew
7953.0992,,,,0,0.7778,0.0000,389,0,slew
7953.1159,,,,0,0.7778,0.0000,389,0,slew
7953.1325,,,,0,0.7778,0.0000,389,0,slew
7953.1492,,,,0,0.8889,0.0000,444,0,slew
7953.1659,,,,0,0.8889,0.0000,444,0,slew
7953.1825,,,,0,0.8889,0.0000,444,0,slew
7953.1992,,,,0,0.8889,0.0000,444,0,slew
7953.2159,,,,0,1.0000,0.0000,500,0,slew
7953.2325,,,,0,1.0000,0.0000,500,0,slew
7953.2492,,,,0,1.0000,0.0000,500,0,slew
7953.2659,,,,0,1.0000,0.0000,500,0,slew
7953.2825,,,,0,1.0000,0.0000,500,0,lin_step
7953.2992,,,,0,1.0000,0.0000,500,0,lin_step
7953.3159,,,,0,1.0000,0.0000,500,0,lin_step
7953.3325,,,,0,1.0000,0.0000,500,0,lin_step
7953.3492,,,,0,1.0000,0.0000,500,0,lin_step
7953.3658,,,,0,1.0000,0.0000,500,0,lin_step
7953.3825,,,,0,1.0000,0.0000,500,0,lin_step
7953.3992,,,,0,1.0000,0.0000,500,0,lin_step
7953.4158,,,,0,1.0000,0.0000,500,0,lin_step
7953.4325,,,,0,1.0000,0.0000,500,0,lin_step
7953.4492,,,,0,1.0000,0.0000,500,0,lin_step
7953.4658,,,,0,1.0000,0.0000,500,0,lin_step
7953.4825,,,,0,0.0000,0.0000,0,0,lin_step
7953.4992,,,,0,0.0000,0.0000,0,0,lin_step
7953.5158,,,,0,0.0000,0.0000,0,0,lin_step
7953.5325,,,,0,0.0000,0.0000,0,0,lin_step
7953.5492,,,,0,0.0000,0.0000,0,0,lin_step
7953.5658,,,,0,0.0000,0.0000,0,0,lin_step
7953.5825,,,,0,0.0000,0.0000,0,0,lin_step
7953.5991,,,,0,0.0000,0.0000,0,0,lin_step
7953.6158,,,,0,0.0000,0.0000,0,0,lin_step
7953.6325,,,,0,0.0000,0.0000,0,0,lin_step
7953.6491,,,,0,0.0000,0.0000,0,0,lin_step
7953.6658,,,,0,0.0000,0.0000,0,0,lin_step
7953.6825,,,,0,0.0000,0.0000,0,0,lin_step
7953.6991,,,,0,0.0000,0.0000,0,0,lin_step
7953.7158,,,,0,0.0000,0.0000,0,0,lin_step
7953.7325,,,,0,0.0000,0.0000,0,0,lin_step
7953.7491,,,,0,0.0000,0.0000,0,0,lin_step
7953.7658,,,,0,0.0000,0.0000,0,0,lin_step
7953.7825,,,,0,0.0000,0.0000,0,0,lin_step
7953.7991,,,,0,0.0000,0.0000,0,0,lin_step
7953.8158,,,,0,0.0000,0.0000,0,0,lin_step
7953.8324,,,,0,0.0000,0.0000,0,0,lin_step
7953.8491,,,,0,0.0000,0.0000,0,0,lin_step
7953.8658,,,,0,0.0000,0.0000,0,0,lin_step
7953.8824,,,,0,0.0000,0.0000,0,0,lin_step
7953.8991,,,,0,0.0000,0.0000,0,0,lin_step
7953.9158,,,,0,0.0000,0.0000,0,0,lin_step
7953.9324,,,,0,0.0000,0.0000,0,0,lin_step
7953.9491,,,,0,0.0000,0.0000,0,0,lin_step
7953.9658,,,,0,0.0000,0.0000,0,0,lin_step
7953.9824,,,,0,0.0000,0.0000,0,0,lin_step
7953.9991,,,,0,0.0000,0.0000,0,0,lin_step
7954.0158,,,,0,0.0000,0.0000,0,0,lin_step
7954.0324,,,,0,0.0000,0.0000,0,0,lin_step
7954.0491,,,,0,0.0000,0.0000,0,0,lin_step
7954.0657,,,,0,0.0000,0.0000,0,0,lin_step
7954.0824,,,,0,0.0000,0.0000,0,0,lin_step
7954.0991,,,,0,0.0000,0.0000,0,0,lin_step
7954.1157,,,,0,0.0000,0.0000,0,0,lin_step
7954.1324,,,,0,0.0000,0.0000,0,0,lin_step
7954.1491,,,,0,0.0000,0.0000,0,0,lin_step
7954.1657,,,,0,0.0000,0.0000,0,0,lin_step
7954.1824,,,,0,0.0000,0.0000,0,0,lin_step
7954.1991,,,,0,0.0000,0.0000,0,0,lin_step
7954.2157,,,,0,0.0000,0.0000,0,0,lin_step
7954.2324,,,,0,0.0000,0.0000,0,0,lin_step
7954.2491,,,,0,0.0000,0.0000,0,0,lin_step
7954.2657,,,,0,0.0000,0.0000,0,0,lin_step
7954.2824,,,,0,0.0000,0.0000,0,0,lin_step
7954.2990,,,,0,0.0000,0.0000,0,0,lin_step
7954.3157,,,,0,0.0000,0.0000,0,0,lin_step
7954.3324,,,,0,0.0000,0.0000,0,0,lin_step
7954.3490,,,,0,0.0000,0.0000,0,0,lin_step
7954.3657,,,,0,0.0000,0.0000,0,0,lin_step
7954.3824,,,,0,0.0000,0.0000,0,0,lin_step
7954.3990,,,,0,0.0000,0.0000,0,0,lin_step
7954.4157,,,,0,0.0000,0.0000,0,0,lin_step
7954.4324,,,,0,0.0000,0.0000,0,0,lin_step
7954.4490,,,,0,0.0000,0.0000,0,0,lin_step
7954.4657,,,,0,0.0000,0.0000,0,0,lin_step
7954.4824,,,,0,0.0000,0.0000,0,0,lin_step
7954.4990,,,,0,0.0000,0.0000,0,0,lin_step
7954.5157,,,,0,0.0000,0.0000,0,0,lin_step
7954.5323,,,,0,0.0000,0.0000,0,0,lin_step
7954.5490,,,,0,0.0000,0.0000,0,0,lin_step
7954.5657,,,,0,0.0000,0.0000,0,0,lin_step
7954.5823,,,,0,0.0000,0.0000,0,0,lin_step
7954.5990,,,,0,0.0000,0.0000,0,0,lin_step
7954.6157,,,,0,0.0000,0.0000,0,0,lin_step
7954.6323,,,,0,0.0000,0.0000,0,0,lin_step
7954.6490,,,,0,0.0000,0.0000,0,0,lin_step
7954.6657,,,,0,0.0000,0.0000,0,0,lin_step
7954.6823,,,,0,-0.1111,0.0000,-56,0,slew
7954.6990,,,,0,-0.1111,0.0000,-56,0,slew
7954.7157,,,,0,-0.1111,0.0000,-56,0,slew
7954.7323,,,,0,-0.1111,0.0000,-56,0,slew
7954.7490,,,,0,-0.2222,0.0000,-111,0,slew
7954.7656,,,,0,-0.2222,0.0000,-111,0,slew
7954.7823,,,,0,-0.2222,0.0000,-111,0,slew
7954.7990,,,,0,-0.2222,0.0000,-111,0,slew
7954.8156,,,,0,-0.3333,0.0000,-167,0,slew
7954.8323,,,,0,-0.3333,0.0000,-167,0,slew
7954.8490,,,,0,-0.3333,0.0000,-167,0,slew
7954.8656,,,,0,-0.3333,0.0000,-167,0,slew
7954.8823,,,,0,-0.4444,0.0000,-222,0,slew
7954.8990,,,,0,-0.4444,0.0000,-222,0,slew
7954.9156,,,,0,-0.4444,0.0000,-222,0,slew
7954.9323,,,,0,-0.5556,0.0000,-278,0,slew
7954.9490,,,,0,-0.5556,0.0000,-278,0,slew
7954.9656,,,,0,-0.5556,0.0000,-278,0,slew
7954.9823,,,,0,-0.5556,0.0000,-278,0,slew
7954.9989,,,,0,-0.6667,0.0000,-333,0,slew
7955.0156,,,,0,-0.6667,0.0000,-333,0,slew
7955.0323,,,,0,-0.6667,0.0000,-333,0,slew
7955.0489,,,,0,-0.6667,0.0000,-333,0,slew
7955.0656,,,,0,-0.7778,0.0000,-389,0,slew
7955.0823,,,,0,-0.7778,0.0000,-389,0,slew
7955.0989,,,,0,-0.7778,0.0000,-389,0,slew
7955.1156,,,,0,-0.7778,0.0000,-389,0,slew
7955.1323,,,,0,-0.8889,0.0000,-444,0,slew
7955.1489,,,,0,-0.8889,0.0000,-444,0,slew
7955.1656,,,,0,-0.8889,0.0000,-444,0,slew
7955.1823,,,,0,-1.0000,0.0000,-500,0,slew
7955.1989,,,,0,-1.0000,0.0000,-500,0,slew
7955.2156,,,,0,-1.0000,0.0000,-500,0,slew
7955.2322,,,,0,-1.0000,0.0000,-500,0,slew
7955.2489,,,,0,-1.0000,0.0000,-500,0,lin_step
7955.2656,,,,0,-1.0000,0.0000,-500,0,lin_step
7955.2822,,,,0,-1.0000,0.0000,-500,0,lin_step
7955.2989,,,,0,-1.0000,0.0000,-500,0,lin_step
7955.3156,,,,0,-1.0000,0.0000,-500,0,lin_step
7955.3322,,,,0,-1.0000,0.0000,-500,0,lin_step
7955.3489,,,,0,-1.0000,0.0000,-500,0,lin_step
7955.3656,,,,0,-1.0000,0.0000,-500,0,lin_step
7955.3822,,,,0,-1.0000,0.0000,-500,0,lin_step
7955.3989,,,,0,-1.0000,0.0000,-500,0,lin_step
7955.4156,,,,0,-1.0000,0.0000,-500,0,lin_step
7955.4322,,,,0,-1.0000,0.0000,-500,0,lin_step
7955.4489,,,,0,0.0000,0.0000,0,0,lin_step
7955.4655,,,,0,0.0000,0.0000,0,0,lin_step
7955.4822,,,,0,0.0000,0.0000,0,0,lin_step
7955.4989,,,,0,0.0000,0.0000,0,0,lin_step
7955.5155,,,,0,0.0000,0.0000,0,0,lin_step
7955.5322,,,,0,0.0000,0.0000,0,0,lin_step
7955.5489,,,,0,0.0000,0.0000,0,0,lin_step
7955.5655,,,,0,0.0000,0.0000,0,0,lin_step
7955.5822,,,,0,0.0000,0.0000,0,0,lin_step
7955.5989,,,,0,0.0000,0.0000,0,0,lin_step
7955.6155,,,,0,0.0000,0.0000,0,0,lin_step
7955.6322,,,,0,0.0000,0.0000,0,0,lin_step
7955.6489,,,,0,0.0000,0.0000,0,0,lin_step
7955.6655,,,,0,0.0000,0.0000,0,0,lin_step
7955.6822,,,,0,0.0000,0.0000,0,0,lin_step
7955.6988,,,,0,0.0000,0.0000,0,0,lin_step
7955.7155,,,,0,0.0000,0.0000,0,0,lin_step
7955.7322,,,,0,0.0000,0.0000,0,0,lin_step
7955.7488,,,,0,0.0000,0.0000,0,0,lin_step
7955.7655,,,,0,0.0000,0.0000,0,0,lin_step
7955.7822,,,,0,0.0000,0.0000,0,0,lin_step
7955.7988,,,,0,0.0000,0.0000,0,0,lin_step
7955.8155,,,,0,0.0000,0.0000,0,0,lin_step
7955.8322,,,,0,0.0000,0.0000,0,0,lin_step
7955.8488,,,,0,0.0000,0.0000,0,0,lin_step
7955.8655,,,,0,0.0000,0.0000,0,0,lin_step
7955.8822,,,,0,0.0000,0.0000,0,0,lin_step
7955.8988,,,,0,0.0000,0.0000,0,0,lin_step
7955.9155,,,,0,0.0000,0.0000,0,0,lin_step
7955.9321,,,,0,0.0000,0.0000,0,0,lin_step
7955.9488,,,,0,0.0000,0.0000,0,0,lin_step
7955.9655,,,,0,0.0000,0.0000,0,0,lin_step
7955.9821,,,,0,0.0000,0.0000,0,0,lin_step
7955.9988,,,,0,0.0000,0.0000,0,0,lin_step
7956.0155,,,,0,0.0000,0.0000,0,0,lin_step
7956.0321,,,,0,0.0000,0.0000,0,0,lin_step
7956.0488,,,,0,0.0000,0.0000,0,0,lin_step
7956.0655,,,,0,0.0000,0.0000,0,0,lin_step
7956.0821,,,,0,0.0000,0.0000,0,0,lin_step
7956.0988,,,,0,0.0000,0.0000,0,0,lin_step
7956.1155,,,,0,0.0000,0.0000,0,0,lin_step
7956.1321,,,,0,0.0000,0.0000,0,0,lin_step
7956.1488,,,,0,0.0000,0.0000,0,0,lin_step
7956.1655,,,,0,0.0000,0.0000,0,0,lin_step
7956.1821,,,,0,0.0000,0.0000,0,0,lin_step
7956.1988,,,,0,0.0000,0.0000,0,0,lin_step
7956.2154,,,,0,0.0000,0.0000,0,0,lin_step
7956.2321,,,,0,0.0000,0.0000,0,0,lin_step
7956.2488,,,,0,0.0000,0.0000,0,0,lin_step
7956.2654,,,,0,0.0000,0.0000,0,0,lin_step
7956.2821,,,,0,0.0000,0.0000,0,0,lin_step
7956.2988,,,,0,0.0000,0.0000,0,0,lin_step
7956.3154,,,,0,0.0000,0.0000,0,0,lin_step
7956.3321,,,,0,0.0000,0.0000,0,0,lin_step
7956.3488,,,,0,0.0000,0.0000,0,0,lin_step
7956.3654,,,,0,0.0000,0.0000,0,0,lin_step
7956.3821,,,,0,0.0000,0.0000,0,0,lin_step
7956.3988,,,,0,0.0000,0.0000,0,0,lin_step
7956.4154,,,,0,0.0000,0.0000,0,0,lin_step
7956.4321,,,,0,0.0000,0.0000,0,0,lin_step
7956.4487,,,,0,0.0000,0.0000,0,0,lin_step
7956.4654,,,,0,0.0000,0.0000,0,0,lin_step
7956.4821,,,,0,0.0000,0.0000,0,0,lin_step
7956.4987,,,,0,0.0000,0.0000,0,0,lin_step
7956.5154,,,,0,0.0000,0.0000,0,0,lin_step
7956.5321,,,,0,0.0000,0.0000,0,0,lin_step
7956.5487,,,,0,0.0000,0.0000,0,0,lin_step
7956.5654,,,,0,0.0000,0.0000,0,0,lin_step
7956.5821,,,,0,0.0000,0.0000,0,0,lin_step
7956.5987,,,,0,0.0000,0.0000,0,0,lin_step
7956.6154,,,,0,0.0000,0.0000,0,0,lin_step
7964.4977,0.64168,0.06176,-0.29213,1,0.0000,0.0000,0,0,lin_step
7964.5477,0.64513,0.06234,-0.28927,1,0.0000,0.0000,0,0,lin_step
7964.5643,0.65128,0.06324,-0.29382,1,0.0000,0.0000,0,0,lin_step
7964.5810,0.64558,0.06263,-0.30794,1,0.0000,0.0000,0,0,lin_step
7964.5977,0.63847,0.06106,-0.30094,1,0.0000,0.0000,0,0,lin_step
7964.6143,0.65362,0.06317,-0.30744,1,0.0000,0.0000,0,0,lin_step
7964.6310,0.64343,0.06209,-0.29600,1,0.0000,0.0000,0,0,lin_step
7964.6477,0.64789,0.06247,-0.31324,1,0.0000,0.0000,0,0,lin_step
7964.6643,0.64423,0.06196,-0.28778,1,0.0000,0.0000,0,0,lin_step
7964.6810,0.64259,0.06170,0.25625,1,0.0000,0.0000,0,0,lin_step
7964.6977,0.64473,0.06200,-0.31485,1,0.0000,0.0000,0,0,lin_step
7964.7143,0.64528,0.06221,-0.33567,1,0.0000,0.0000,0,0,lin_step
7964.7310,0.64670,0.06260,-0.31993,1,0.0000,0.0000,0,0,lin_step
7964.7476,0.63819,0.06127,-0.30649,1,0.0000,0.0000,0,0,lin_step
7964.7643,0.63798,0.06104,-0.29435,1,0.0000,0.0000,0,0,lin_step
7964.7810,0.64254,0.06198,-0.29699,1,0.0000,0.0000,0,0,lin_step
7964.7976,0.65304,0.06368,-0.30860,1,0.0000,0.0000,0,0,lin_step
7964.8143,0.64507,0.06187,-0.30213,1,0.0000,0.0400,0,-20,ang_deadzone_left
7964.8310,0.63315,0.06035,-0.30159,1,0.0000,0.0400,0,-20,ang_deadzone_left
7964.8476,0.64998,0.06270,0.26635,1,0.0000,0.0400,0,-20,ang_deadzone_left
7964.8643,0.63517,0.06041,-0.33352,1,0.0000,0.0400,0,-20,ang_deadzone_left
7964.8810,0.63619,0.06096,0.31073,1,0.0000,0.0400,0,-20,ang_deadzone_left
7964.8976,0.63610,0.06367,-0.45789,1,0.0000,0.0400,0,-20,ang_deadzone_left
7964.9143,0.63941,0.06619,-0.52629,1,0.0000,0.0400,0,-20,ang_deadzone_left
7964.9310,0.63971,0.06792,-0.60699,1,0.0000,0.0400,0,-20,ang_deadzone_left
7964.9476,0.63556,0.06920,-0.67843,1,0.0000,0.0400,0,-20,ang_deadzone_left
7964.9643,0.64431,0.07263,-0.74074,1,0.0000,0.0400,0,-20,ang_deadzone_left
7964.9809,0.63949,0.07331,0.44262,1,0.0000,0.0400,0,-20,ang_deadzone_left
7964.9976,0.64096,0.07529,-0.88849,1,0.0000,0.0400,0,-20,ang_deadzone_left
7965.0143,0.64450,0.07745,-0.96027,1,0.0000,0.0400,0,-20,ang_deadzone_left
7965.0309,0.64617,0.07888,-1.02043,1,0.0000,0.0400,0,-20,ang_deadzone_left
7965.0476,0.65420,0.08121,-1.08757,1,0.0000,0.0400,0,-20,ang_deadzone_left
7965.0643,0.65630,0.08262,-1.15946,1,0.0000,0.0400,0,-20,ang_deadzone_left
7965.0809,0.64206,0.08093,-1.23693,1,0.0000,0.0400,0,-20,ang_deadzone_left
7965.0976,0.66002,0.08441,-1.30755,1,0.0000,0.0400,0,-20,ang_deadzone_left
7965.1143,0.67878,0.08822,-1.38982,1,0.0000,0.0400,0,-20,ang_deadzone_left
7965.1309,0.69947,0.09269,2.27972,1,0.0000,0.0400,0,-20,ang_deadzone_left
7965.1476,0.69289,0.09000,-1.55099,1,0.0000,0.0400,0,-20,ang_deadzone_left
7965.1643,0.70684,0.09175,2.73801,1,0.0000,0.0400,0,-20,ang_deadzone_left
7965.1809,0.70661,0.09218,-1.71684,1,0.0000,0.0400,0,-20,ang_deadzone_left
7965.1976,0.72040,0.09306,2.98504,1,0.0000,0.0400,0,-20,ang_deadzone_left
7965.2142,0.71587,0.09298,-1.83176,1,0.0000,0.0400,0,-20,ang_deadzone_left
7965.2309,0.71882,0.09171,-1.91923,1,0.0000,0.0400,0,-20,ang_deadzone_left
7965.2476,0.73308,0.09236,-2.01194,1,0.0000,0.0400,0,-20,ang_deadzone_left
7965.2642,0.73907,0.09259,-2.06818,1,0.0000,0.0400,0,-20,ang_deadzone_left
7965.2809,,,,0,0.0000,0.0400,0,-20,ang_deadzone_left
7965.2976,0.77003,0.09470,-2.17984,1,0.0000,0.0400,0,-20,ang_deadzone_left
7965.3142,0.76214,0.09039,-2.24978,1,0.0000,0.0400,0,-20,ang_deadzone_left
7965.3311,0.76095,0.08863,-2.33568,1,0.0000,0.0400,0,-20,ang_deadzone_left
7965.3477,0.76125,0.08587,-2.41984,1,0.0000,0.0400,0,-20,ang_deadzone_left
7965.3644,,,,0,0.0000,0.0400,0,-20,ang_deadzone_left
7965.3811,,,,0,0.0000,0.0400,0,-20,ang_deadzone_left
7965.3977,,,,0,0.0000,0.0400,0,-20,ang_deadzone_left
7965.4144,,,,0,0.0000,0.0400,0,-20,ang_deadzone_left
7965.4311,,,,0,0.0000,0.0400,0,-20,ang_deadzone_left
7965.4477,,,,0,0.0000,0.0400,0,-20,ang_deadzone_left
7965.4644,,,,0,0.0000,0.0400,0,-20,ang_deadzone_left
7965.4811,,,,0,0.0000,0.0400,0,-20,ang_deadzone_left
7965.4977,,,,0,0.0000,0.0400,0,-20,ang_deadzone_left
7965.5144,,,,0,0.0000,0.0400,0,-20,ang_deadzone_left
7965.5310,,,,0,0.0000,0.0400,0,-20,ang_deadzone_left
7965.5477,,,,0,0.0000,0.0400,0,-20,ang_deadzone_left
7965.5644,,,,0,0.0000,0.0400,0,-20,ang_deadzone_left
7965.5810,,,,0,0.0000,0.0400,0,-20,ang_deadzone_left
7965.5977,,,,0,0.0000,0.0400,0,-20,ang_deadzone_left
7965.6144,,,,0,0.0000,0.0400,0,-20,ang_deadzone_left
7965.6310,0.75821,0.04126,2.57249,1,0.0000,0.0800,0,-40,ang_deadzone_left
7965.6477,0.75691,0.03884,2.43291,1,0.0000,0.0800,0,-40,ang_deadzone_left
7965.6644,0.76216,0.03878,2.40255,1,0.0000,0.0800,0,-40,ang_deadzone_left
7965.6810,0.73135,0.03221,2.31688,1,0.0000,0.0800,0,-40,ang_deadzone_left
7965.6977,0.73977,0.03218,2.25850,1,0.0000,0.0800,0,-40,ang_deadzone_left
7965.7144,,,,0,0.0000,0.0800,0,-40,ang_deadzone_left
7965.7310,0.72461,0.02770,2.09519,1,0.0000,0.0800,0,-40,ang_deadzone_left
7965.7477,0.72660,0.02728,1.99779,1,0.0000,0.0800,0,-40,ang_deadzone_left
7965.7643,0.71249,0.02425,1.91553,1,0.0000,0.0800,0,-40,ang_deadzone_left
7965.7810,0.69443,0.02114,1.81151,1,0.0000,0.0800,0,-40,ang_deadzone_left
7965.7977,0.67872,0.01990,1.71081,1,0.0000,0.0800,0,-40,ang_deadzone_left
7965.8143,0.70900,0.02382,1.63646,1,0.0000,0.0800,0,-40,ang_deadzone_left
7965.8310,0.67868,0.01984,1.53389,1,0.0000,0.0800,0,-40,ang_deadzone_left
7965.8477,0.67374,0.02043,1.43984,1,0.0000,0.0800,0,-40,ang_deadzone_left
7965.8643,0.67053,0.02064,1.38422,1,0.0000,0.0800,0,-40,ang_deadzone_left
7965.8810,0.66750,0.02155,1.27997,1,0.0000,0.0800,0,-40,ang_deadzone_left
7965.8977,0.65385,0.02100,1.21208,1,0.0000,0.0800,0,-40,ang_deadzone_left
7965.9143,0.64998,0.02188,1.12226,1,0.0000,0.0800,0,-40,ang_deadzone_left
7965.9310,0.65297,0.02385,1.03809,1,0.0000,0.0800,0,-40,ang_deadzone_left
7965.9477,0.65746,0.02606,0.96472,1,0.0000,0.0800,0,-40,ang_deadzone_left
7965.9643,0.64677,0.02672,0.87918,1,0.0000,0.0800,0,-40,ang_deadzone_left
7965.9810,0.65825,0.03028,0.79294,1,0.0000,0.0800,0,-40,ang_deadzone_left
7965.9976,0.65503,0.03196,0.72063,1,0.0000,0.0800,0,-40,ang_deadzone_left
7966.0143,0.64582,0.03320,0.65635,1,0.0000,0.0800,0,-40,ang_deadzone_left
7966.0310,0.65009,0.03650,0.53426,1,0.0000,0.0800,0,-40,ang_deadzone_left
7966.0476,0.65297,0.03979,0.43752,1,0.0000,0.0800,0,-40,ang_deadzone_left
7966.0643,0.65154,0.04275,0.35168,1,0.0000,0.0800,0,-40,ang_deadzone_left
7966.0810,0.67126,0.04886,0.12849,1,0.0000,0.0800,0,-40,ang_deadzone_left
7966.0976,0.64435,0.04806,0.18133,1,0.0000,0.0800,0,-40,ang_deadzone_left
7966.1143,0.64135,0.05024,0.07158,1,0.0000,0.0800,0,-40,ang_deadzone_left
7966.1310,0.64873,0.05442,-0.00252,1,0.0000,0.0800,0,-40,ang_deadzone_left
7966.1476,0.65022,0.05801,-0.10395,1,0.0000,0.0800,0,-40,ang_deadzone_left
7966.1643,0.64826,0.06099,-0.18051,1,0.0000,0.0800,0,-40,ang_deadzone_left
7966.1810,0.63961,0.06158,0.26538,1,0.0000,0.0800,0,-40,ang_deadzone_left
7966.1976,0.64218,0.06564,-0.38469,1,0.0000,0.0800,0,-40,ang_deadzone_left
7966.2143,0.64410,0.06844,-0.45483,1,0.0000,0.0800,0,-40,ang_deadzone_left
7966.2309,0.64508,0.07067,-0.54334,1,0.0000,0.0800,0,-40,ang_deadzone_left
7966.2476,0.63920,0.07200,-0.62984,1,0.0000,0.0800,0,-40,ang_deadzone_left
7966.2643,0.63866,0.07402,-0.71847,1,0.0000,0.0800,0,-40,ang_deadzone_left
7966.2809,0.64523,0.07666,-0.79881,1,0.0000,0.0800,0,-40,ang_deadzone_left
7966.2976,0.64120,0.07747,-0.87351,1,0.0000,0.0800,0,-40,ang_deadzone_left
7966.3143,0.66217,0.08222,-0.95915,1,0.0000,0.0800,0,-40,ang_deadzone_left
7966.3309,0.65493,0.08296,-1.04098,1,0.0000,0.0800,0,-40,ang_deadzone_left
7966.3476,0.65912,0.08455,-1.10874,1,0.0000,0.0800,0,-40,ang_deadzone_left
7966.3643,0.66120,0.08527,-1.19401,1,0.0000,0.0800,0,-40,ang_deadzone_left
7966.3809,0.68504,0.09047,-1.29290,1,0.0000,0.0800,0,-40,ang_deadzone_left
7966.3976,0.66162,0.08585,-1.35389,1,0.0000,0.0800,0,-40,ang_deadzone_left
7966.4143,0.66455,0.08725,-1.42737,1,0.0000,0.0800,0,-40,ang_deadzone_left
7966.4309,0.70709,0.09429,-1.55698,1,0.0000,0.1200,0,-60,ang_deadzone_left
7966.4476,0.70409,0.09381,2.75504,1,0.0000,0.1200,0,-60,ang_deadzone_left
7966.4642,0.69845,0.09183,-1.75349,1,0.0000,0.1200,0,-60,ang_deadzone_left
7966.4809,0.72113,0.09515,-1.88803,1,0.0000,0.1200,0,-60,ang_deadzone_left
7966.4976,0.73135,0.09611,-1.97877,1,0.0000,0.1200,0,-60,ang_deadzone_left
7966.5142,0.75515,0.09886,-2.07322,1,0.0000,0.1200,0,-60,ang_deadzone_left
7966.5309,,,,0,0.0000,0.1200,0,-60,ang_deadzone_left
7966.5476,,,,0,0.0000,0.1200,0,-60,ang_deadzone_left
7966.5642,,,,0,0.0000,0.1200,0,-60,ang_deadzone_left
7966.5809,,,,0,0.0000,0.1200,0,-60,ang_deadzone_left
7966.5976,,,,0,0.0000,0.1200,0,-60,ang_deadzone_left
7966.6142,,,,0,0.0000,0.1200,0,-60,ang_deadzone_left
7966.6309,,,,0,0.0000,0.1200,0,-60,ang_deadzone_left
7966.6476,,,,0,0.0000,0.1200,0,-60,ang_deadzone_left
7966.6642,,,,0,0.0000,0.1200,0,-60,ang_deadzone_left
7966.6809,,,,0,0.0000,0.1200,0,-60,ang_deadzone_left
7966.6975,,,,0,0.0000,0.1200,0,-60,ang_deadzone_left
7966.7142,0.78984,0.05440,2.59504,1,0.0000,0.1200,0,-60,ang_deadzone_left
7966.7309,0.76000,0.04728,2.50458,1,0.0000,0.1200,0,-60,ang_deadzone_left
7966.7475,0.74650,0.04147,2.38912,1,0.0000,0.1200,0,-60,ang_deadzone_left
7966.7642,,,,0,0.0000,0.1200,0,-60,ang_deadzone_left
7966.7809,0.73329,0.03470,2.14578,1,0.0000,0.1200,0,-60,ang_deadzone_left
7966.7975,0.71919,0.03062,2.01754,1,0.0000,0.1200,0,-60,ang_deadzone_left
7966.8142,0.70221,0.02753,1.84452,1,0.0000,0.1200,0,-60,ang_deadzone_left
7966.8309,0.71062,0.02742,1.74864,1,0.0000,0.1200,0,-60,ang_deadzone_left
7966.8475,0.71672,0.02716,1.63547,1,0.0000,0.1200,0,-60,ang_deadzone_left
7966.8642,0.67201,0.02165,1.48943,1,0.0000,0.1200,0,-60,ang_deadzone_left
7966.8809,0.65864,0.02092,1.36605,1,0.0000,0.1200,0,-60,ang_deadzone_left
7966.8975,0.66231,0.02286,1.23082,1,0.0000,0.1200,0,-60,ang_deadzone_left
7966.9142,0.65917,0.02461,1.09963,1,0.0000,0.1200,0,-60,ang_deadzone_left
7966.9309,0.65715,0.02703,0.98187,1,0.0000,0.1200,0,-60,ang_deadzone_left
7966.9475,0.65913,0.03060,0.84612,1,0.0000,0.1200,0,-60,ang_deadzone_left
7966.9642,0.65916,0.03429,0.71985,1,0.0000,0.1200,0,-60,ang_deadzone_left
7966.9808,0.66425,0.03900,0.07368,1,0.0000,0.1200,0,-60,ang_deadzone_left
7966.9975,0.65445,0.04188,0.46226,1,0.0000,0.1200,0,-60,ang_deadzone_left
7967.0142,0.65543,0.04683,0.15178,1,0.0000,0.1200,0,-60,ang_deadzone_left
7967.0308,0.66307,0.05232,0.15934,1,0.0000,0.1200,0,-60,ang_deadzone_left
7967.0475,0.66276,0.05660,-0.00141,1,0.0000,0.1200,0,-60,ang_deadzone_left
7967.0642,0.64470,0.05914,0.20463,1,0.0000,0.1200,0,-60,ang_deadzone_left
7967.0808,0.64041,0.06267,-0.24629,1,0.0000,0.1200,0,-60,ang_deadzone_left
7967.0975,0.64455,0.06815,-0.39502,1,0.0000,0.1200,0,-60,ang_deadzone_left
7967.1142,0.63362,0.07031,-0.53796,1,0.0000,0.1200,0,-60,ang_deadzone_left
7967.1308,0.63946,0.07470,-0.65601,1,0.0000,0.1200,0,-60,ang_deadzone_left
7967.1475,0.64117,0.07823,-0.77640,1,0.0000,0.1200,0,-60,ang_deadzone_left
7967.1642,0.64432,0.08171,-0.90544,1,0.0000,0.1200,0,-60,ang_deadzone_left
7967.1808,0.66448,0.08672,-1.02662,1,0.0000,0.1200,0,-60,ang_deadzone_left
7967.1975,0.64950,0.08592,-1.13905,1,0.0000,0.1200,0,-60,ang_deadzone_left
7967.2141,0.66953,0.09005,-1.28454,1,0.0000,0.1200,0,-60,ang_deadzone_left
7967.2308,0.67479,0.09175,-1.41514,1,0.0000,0.1200,0,-60,ang_deadzone_left
7967.2475,0.71606,0.09832,2.55710,1,0.0000,0.1600,0,-80,ang_deadzone_left
7967.2641,0.71069,0.09667,-1.70990,1,0.0000,0.1600,0,-80,ang_deadzone_left
7967.2808,0.71670,0.09633,-1.86182,1,0.0000,0.1600,0,-80,ang_deadzone_left
7967.2975,0.73914,0.09922,-2.02678,1,0.0000,0.1600,0,-80,ang_deadzone_left
7967.3141,0.73769,0.09631,3.10256,1,0.0000,0.1600,0,-80,ang_deadzone_left
7967.3308,0.75853,0.09744,-2.30134,1,0.0000,0.1600,0,-80,ang_deadzone_left
7967.3475,,,,0,0.0000,0.1600,0,-80,ang_deadzone_left
7967.3641,,,,0,0.0000,0.1600,0,-80,ang_deadzone_left
7967.3808,,,,0,0.0000,0.1600,0,-80,ang_deadzone_left
7967.3975,,,,0,0.0000,0.1600,0,-80,ang_deadzone_left
7967.4141,,,,0,0.0000,0.1600,0,-80,ang_deadzone_left
7967.4308,,,,0,0.0000,0.1600,0,-80,ang_deadzone_left
7967.4474,,,,0,0.0000,0.1600,0,-80,ang_deadzone_left
7967.4641,,,,0,0.0000,0.1600,0,-80,ang_deadzone_left
7967.4808,,,,0,0.0000,0.1600,0,-80,ang_deadzone_left
7967.4974,0.75632,0.04726,2.32228,1,0.0000,0.1600,0,-80,ang_deadzone_left
7967.5141,0.74388,0.04110,2.15877,1,0.0000,0.1600,0,-80,ang_deadzone_left
7967.5308,0.72354,0.03650,1.97390,1,0.0000,0.1600,0,-80,ang_deadzone_left
7967.5474,0.70772,0.03144,1.80645,1,0.0000,0.1600,0,-80,ang_deadzone_left
7967.5641,0.70726,0.03111,1.64191,1,0.0000,0.1600,0,-80,ang_deadzone_left
7967.5808,0.70598,0.03063,1.49664,1,0.0000,0.1600,0,-80,ang_deadzone_left
7967.5974,0.67890,0.02685,1.32574,1,0.0000,0.1600,0,-80,ang_deadzone_left
7967.6141,0.66363,0.02564,1.18157,1,0.0000,0.1600,0,-80,ang_deadzone_left
7967.6308,0.66901,0.02760,1.03331,1,0.0000,0.1600,0,-80,ang_deadzone_left
7967.6474,0.65516,0.02776,0.89044,1,0.0000,0.1600,0,-80,ang_deadzone_left
7967.6641,0.66069,0.03114,0.74373,1,0.0000,0.1600,0,-80,ang_deadzone_left
7967.6807,0.66367,0.03519,0.57968,1,0.0000,0.1600,0,-80,ang_deadzone_left
7967.6974,0.65785,0.03929,0.40471,1,0.0000,0.1600,0,-80,ang_deadzone_left
7967.7141,0.66533,0.04607,0.14683,1,0.0000,0.1600,0,-80,ang_deadzone_left
7967.7307,0.64598,0.04867,0.05758,1,0.0000,0.1600,0,-80,ang_deadzone_left
7967.7474,0.64856,0.05463,0.21248,1,0.0000,0.1600,0,-80,ang_deadzone_left
7967.7641,0.65110,0.06134,-0.32254,1,0.0000,0.1600,0,-80,ang_deadzone_left
7967.7807,0.66055,0.06798,0.32085,1,0.0000,0.1600,0,-80,ang_deadzone_left
7967.7974,0.64786,0.07116,-0.65912,1,0.0000,0.1600,0,-80,ang_deadzone_left
7967.8141,0.64202,0.07479,-0.82262,1,0.0000,0.1600,0,-80,ang_deadzone_left
7967.8307,0.64665,0.07903,-0.98421,1,0.0000,0.1600,0,-80,ang_deadzone_left
7967.8474,0.65658,0.08317,-1.14182,1,0.0000,0.1600,0,-80,ang_deadzone_left
7967.8641,0.67089,0.08824,-1.28130,1,0.0000,0.1600,0,-80,ang_deadzone_left
7967.8807,0.65925,0.08692,-1.44592,1,0.0000,0.1600,0,-80,ang_deadzone_left
7967.8974,0.70472,0.09622,-1.65886,1,0.0000,0.1600,0,-80,ang_deadzone_left
7967.9140,0.71500,0.09705,-1.79837,1,0.0000,0.1600,0,-80,ang_deadzone_left
7967.9307,0.72162,0.09606,-1.96042,1,0.0000,0.1600,0,-80,ang_deadzone_left
7967.9474,0.73892,0.09714,-2.12311,1,0.0000,0.1600,0,-80,ang_deadzone_left
7967.9640,0.76328,0.09751,-2.24312,1,0.0000,0.1600,0,-80,ang_deadzone_left
7967.9807,,,,0,0.0000,0.1600,0,-80,ang_deadzone_left
7967.9974,,,,0,0.0000,0.1600,0,-80,ang_deadzone_left
7968.0140,,,,0,0.0000,0.1600,0,-80,ang_deadzone_left
7968.0307,,,,0,0.0000,0.1600,0,-80,ang_deadzone_left
7968.0474,,,,0,0.0000,0.2000,0,-100,ang_deadzone_left
7968.0640,,,,0,0.0000,0.2000,0,-100,ang_deadzone_left
7968.0807,,,,0,0.0000,0.2000,0,-100,ang_deadzone_left
7968.0974,0.77421,0.05478,2.57657,1,0.0000,0.2000,0,-100,ang_deadzone_left
7968.1140,0.76529,0.04726,2.37799,1,0.0000,0.2000,0,-100,ang_deadzone_left
7968.1307,0.74138,0.03866,2.18206,1,0.0000,0.2000,0,-100,ang_deadzone_left
7968.1473,0.71845,0.03179,1.98459,1,0.0000,0.2000,0,-100,ang_deadzone_left
7968.1640,0.71212,0.02824,1.76302,1,0.0000,0.2000,0,-100,ang_deadzone_left
7968.1807,0.68081,0.02345,1.52695,1,0.0000,0.2000,0,-100,ang_deadzone_left
7968.1973,0.66896,0.02138,1.34480,1,0.0000,0.2000,0,-100,ang_deadzone_left
7968.2140,0.66355,0.02216,1.14963,1,0.0000,0.2000,0,-100,ang_deadzone_left
7968.2307,0.66088,0.02349,0.97368,1,0.0000,0.2000,0,-100,ang_deadzone_left
7968.2473,0.66620,0.02634,0.79222,1,0.0000,0.2000,0,-100,ang_deadzone_left
7968.2640,0.65897,0.02895,0.60569,1,0.0000,0.2000,0,-100,ang_deadzone_left
7968.2807,0.66542,0.03364,0.09930,1,0.0000,0.2000,0,-100,ang_deadzone_left
7968.2973,0.64459,0.03608,0.21144,1,0.0000,0.2000,0,-100,ang_deadzone_left
7968.3140,0.63527,0.04031,0.02453,1,0.0000,0.2000,0,-100,ang_deadzone_left
7968.3307,0.64575,0.04855,-0.18066,1,0.0000,0.2000,0,-100,ang_deadzone_left
7968.3473,0.63756,0.05370,-0.43510,1,0.0000,0.2000,0,-100,ang_deadzone_left
7968.3640,0.64602,0.06120,-0.60265,1,0.0000,0.2000,0,-100,ang_deadzone_left
7968.3806,0.64337,0.06683,-0.81479,1,0.0000,0.2000,0,-100,ang_deadzone_left
7968.3973,0.65150,0.07338,-1.01992,1,0.0000,0.2000,0,-100,ang_deadzone_left
7968.4140,0.64950,0.07666,-1.20726,1,0.0000,0.2000,0,-100,ang_deadzone_left
7968.4306,0.66967,0.08259,-1.38336,1,0.0000,0.2000,0,-100,ang_deadzone_left
7968.4473,0.70622,0.09165,2.62818,1,0.0000,0.2000,0,-100,ang_deadzone_left
7968.4640,0.70726,0.09117,-1.80366,1,0.0000,0.2000,0,-100,ang_deadzone_left
7968.4806,0.73640,0.09694,-1.96383,1,0.0000,0.2000,0,-100,ang_deadzone_left
7968.4973,0.78509,0.10528,-2.09266,1,0.0000,0.2000,0,-100,ang_deadzone_left
7968.5140,0.75039,0.09651,-2.28978,1,0.0000,0.2000,0,-100,ang_deadzone_left
7968.5306,,,,0,0.0000,0.2000,0,-100,ang_deadzone_left
7968.5473,,,,0,0.0000,0.2000,0,-100,ang_deadzone_left
7968.5640,,,,0,0.0000,0.2000,0,-100,ang_deadzone_left
7968.5806,,,,0,0.0000,0.2000,0,-100,ang_deadzone_left
7968.5973,,,,0,0.0000,0.2000,0,-100,ang_deadzone_left
7968.6139,,,,0,0.0000,0.2000,0,-100,ang_deadzone_left
7968.6306,0.76479,0.05780,2.57031,1,0.0000,0.2000,0,-100,ang_deadzone_left
7968.6473,0.75532,0.05080,2.35811,1,0.0000,0.2000,0,-100,ang_deadzone_left
7968.6639,0.74350,0.04317,2.18782,1,0.0000,0.2000,0,-100,ang_deadzone_left
7968.6806,0.71398,0.03492,1.96131,1,0.0000,0.2000,0,-100,ang_deadzone_left
7968.6973,0.71450,0.03258,-1.91487,1,0.0000,0.2000,0,-100,ang_deadzone_left
7968.7139,0.69435,0.03012,1.53414,1,0.0000,0.2000,0,-100,ang_deadzone_left
7968.7306,0.67396,0.02664,1.33882,1,0.0000,0.2000,0,-100,ang_deadzone_left
7968.7473,0.66098,0.02688,1.15013,1,0.0000,0.2000,0,-100,ang_deadzone_left
7968.7639,0.65955,0.02886,0.95286,1,0.0000,0.2000,0,-100,ang_deadzone_left
7968.7806,0.65322,0.03113,0.77196,1,0.0000,0.2000,0,-100,ang_deadzone_left
7968.7973,0.66340,0.03639,0.08260,1,0.0000,0.2000,0,-100,ang_deadzone_left
7968.8139,0.65613,0.04017,0.37048,1,0.0000,0.2000,0,-100,ang_deadzone_left
7968.8306,0.65319,0.04555,0.17039,1,0.0000,0.2000,0,-100,ang_deadzone_left
7968.8472,0.63843,0.04979,-0.01828,1,0.0000,0.2000,0,-100,ang_deadzone_left
7968.8639,0.63833,0.05626,-0.21730,1,0.0000,0.2400,0,-120,ang_deadzone_left
7968.8806,0.64284,0.06349,-0.44165,1,0.0000,0.2400,0,-120,ang_deadzone_left
7968.8972,0.63064,0.06750,-0.68223,1,0.0000,0.2400,0,-120,ang_deadzone_left
7968.9139,0.63032,0.07276,-0.90412,1,0.0000,0.2400,0,-120,ang_deadzone_left
7968.9306,0.65422,0.08194,-1.13644,1,0.0000,0.2400,0,-120,ang_deadzone_left
7968.9472,0.66785,0.08889,-1.36377,1,0.0000,0.2400,0,-120,ang_deadzone_left
7968.9639,0.68520,0.09418,-1.60075,1,0.0000,0.2400,0,-120,ang_deadzone_left
7968.9806,0.68980,0.09696,-1.80370,1,0.0000,0.2400,0,-120,ang_deadzone_left
7968.9972,0.70900,0.10078,-2.03862,1,0.0000,0.2400,0,-120,ang_deadzone_left
7969.0139,0.73256,0.10527,-2.20521,1,0.0000,0.2400,0,-120,ang_deadzone_left
7969.0306,0.73332,0.10380,-2.41581,1,0.0000,0.2400,0,-120,ang_deadzone_left
7969.0472,,,,0,0.0000,0.2400,0,-120,ang_deadzone_left
7969.0639,,,,0,0.0000,0.2400,0,-120,ang_deadzone_left
7969.0805,,,,0,0.0000,0.2400,0,-120,ang_deadzone_left
7969.0972,,,,0,0.0000,0.2400,0,-120,ang_deadzone_left
7969.1139,,,,0,0.0000,0.2400,0,-120,ang_deadzone_left
7969.1305,,,,0,0.0000,0.2400,0,-120,ang_deadzone_left
7969.1472,,,,0,0.0000,0.2400,0,-120,ang_deadzone_left
7969.1639,0.73358,0.05753,2.13948,1,0.0000,0.2400,0,-120,ang_deadzone_left
7969.1805,0.72430,0.05142,-2.20578,1,0.0000,0.2400,0,-120,ang_deadzone_left
7969.1972,0.69723,0.04407,1.67340,1,0.0000,0.2400,0,-120,ang_deadzone_left
7969.2139,0.67360,0.03897,1.42833,1,0.0000,0.2400,0,-120,ang_deadzone_left
7969.2305,0.69605,0.04176,1.21399,1,0.0000,0.2400,0,-120,ang_deadzone_left
7969.2472,0.67420,0.03875,0.98949,1,0.0000,0.2400,0,-120,ang_deadzone_left
7969.2639,0.67041,0.03979,0.79782,1,0.0000,0.2400,0,-120,ang_deadzone_left
7969.2805,0.66483,0.04171,0.61906,1,0.0000,0.2400,0,-120,ang_deadzone_left
7969.2972,0.65280,0.04432,0.36579,1,0.0000,0.2400,0,-120,ang_deadzone_left
7969.3138,0.64912,0.04899,0.17215,1,0.0000,0.2400,0,-120,ang_deadzone_left
7969.3305,0.64474,0.05423,-0.07792,1,0.0000,0.2400,0,-120,ang_deadzone_left
7969.3472,0.64049,0.06057,-0.28503,1,0.0000,0.2400,0,-120,ang_deadzone_left
7969.3638,0.63312,0.06594,-0.55406,1,0.0000,0.2400,0,-120,ang_deadzone_left
7969.3805,0.62662,0.07121,-0.75631,1,0.0000,0.2400,0,-120,ang_deadzone_left
7969.3972,0.62657,0.07695,-0.98248,1,0.0000,0.2400,0,-120,ang_deadzone_left
7969.4138,0.65421,0.08711,-1.20265,1,0.0000,0.2400,0,-120,ang_deadzone_left
7969.4305,0.67488,0.09489,1.92435,1,0.0000,0.2400,0,-120,ang_deadzone_left
7969.4472,0.69798,0.10230,2.86800,1,0.0000,0.2400,0,-120,ang_deadzone_left
7969.4638,0.69999,0.10493,-1.84586,1,0.0000,0.2400,0,-120,ang_deadzone_left
7969.4805,0.71434,0.10879,-2.06456,1,0.0000,0.2400,0,-120,ang_deadzone_left
7969.4972,0.73033,0.11201,-2.20846,1,0.0000,0.2400,0,-120,ang_deadzone_left
7969.5138,,,,0,0.0000,0.2400,0,-120,ang_deadzone_left
7969.5305,,,,0,0.0000,0.2400,0,-120,ang_deadzone_left
7969.5471,,,,0,0.0000,0.2400,0,-120,ang_deadzone_left
7969.5638,,,,0,0.0000,0.2400,0,-120,ang_deadzone_left
7969.5805,,,,0,0.0000,0.2400,0,-120,ang_deadzone_left
7969.5971,,,,0,0.0000,0.2400,0,-120,ang_deadzone_left
7969.6138,,,,0,0.0000,0.2400,0,-120,ang_deadzone_left
7969.6305,,,,0,0.0000,0.2400,0,-120,ang_deadzone_left
7969.6471,,,,0,0.0000,0.2400,0,-120,ang_deadzone_left
7969.6638,0.73085,0.06076,1.91052,1,0.0000,0.2800,0,-140,ang_deadzone_left
7969.6805,0.71924,0.05602,1.62993,1,0.0000,0.2800,0,-140,ang_deadzone_left
7969.6971,0.67574,0.04783,1.41355,1,0.0000,0.2800,0,-140,ang_deadzone_left
7969.7138,0.67561,0.04674,1.17280,1,0.0000,0.2800,0,-140,ang_deadzone_left
7969.7305,0.67358,0.04627,0.94529,1,0.0000,0.2800,0,-140,ang_deadzone_left
7969.7471,0.66585,0.04668,0.72761,1,0.0000,0.2800,0,-140,ang_deadzone_left
7969.7638,0.66128,0.04904,0.47052,1,0.0000,0.2800,0,-140,ang_deadzone_left
7969.7804,0.66071,0.05341,0.25132,1,0.0000,0.2800,0,-140,ang_deadzone_left
7969.7971,0.66060,0.05843,0.00094,1,0.0000,0.2800,0,-140,ang_deadzone_left
7969.8138,0.64177,0.06203,-0.26429,1,0.0000,0.2800,0,-140,ang_deadzone_left
7969.8304,0.63285,0.06656,0.30673,1,0.0000,0.2800,0,-140,ang_deadzone_left
7969.8471,0.62278,0.07190,-0.73203,1,0.0000,0.2800,0,-140,ang_deadzone_left
7969.8638,0.61460,0.07750,-0.95867,1,0.0000,0.2800,0,-140,ang_deadzone_left
7969.8804,0.62132,0.08587,-1.19060,1,0.0000,0.2800,0,-140,ang_deadzone_left
7969.8971,0.63021,0.09367,-1.38384,1,0.0000,0.2800,0,-140,ang_deadzone_left
7969.9138,0.66984,0.10579,2.78878,1,0.0000,0.2800,0,-140,ang_deadzone_left
7969.9304,0.70283,0.11783,-1.85270,1,0.0000,0.2800,0,-140,ang_deadzone_left
7969.9471,0.69524,0.11768,-2.04642,1,0.0000,0.2800,0,-140,ang_deadzone_left
7969.9638,0.71604,0.12209,-2.24835,1,0.0000,0.2800,0,-140,ang_deadzone_left
7969.9804,0.75243,0.12974,-2.42645,1,0.0000,0.2800,0,-140,ang_deadzone_left
7969.9971,,,,0,0.0000,0.2800,0,-140,ang_deadzone_left
7970.0138,,,,0,0.0000,0.2800,0,-140,ang_deadzone_left
7970.0304,,,,0,0.0000,0.2800,0,-140,ang_deadzone_left
7970.0471,,,,0,0.0000,0.2800,0,-140,ang_deadzone_left
7970.0637,,,,0,0.0000,0.2800,0,-140,ang_deadzone_left
7970.0804,0.76983,0.10158,2.51293,1,0.0000,0.2800,0,-140,ang_deadzone_left
7970.0971,0.74835,0.09219,2.32621,1,0.0000,0.2800,0,-140,ang_deadzone_left
7970.1137,0.74124,0.08469,2.07019,1,0.0000,0.2800,0,-140,ang_deadzone_left
7970.1304,0.71007,0.07371,1.83625,1,0.0000,0.2800,0,-140,ang_deadzone_left
7970.1471,0.70728,0.06890,-0.78603,1,0.0000,0.2800,0,-140,ang_deadzone_left
7970.1637,0.68115,0.06102,1.36163,1,0.0000,0.2800,0,-140,ang_deadzone_left
7970.1804,0.67559,0.05720,1.16284,1,0.0000,0.2800,0,-140,ang_deadzone_left
7970.1971,0.67882,0.05589,0.94282,1,0.0000,0.2800,0,-140,ang_deadzone_left
7970.2137,0.67590,0.05522,0.74820,1,0.0000,0.2800,0,-140,ang_deadzone_left
7970.2304,0.66615,0.05489,0.51927,1,0.0000,0.2800,0,-140,ang_deadzone_left
7970.2470,0.66460,0.05737,0.15391,1,0.0000,0.2800,0,-140,ang_deadzone_left
7970.2637,0.65414,0.06045,0.19662,1,0.0000,0.2800,0,-140,ang_deadzone_left
7970.2804,0.64623,0.06469,0.21858,1,0.0000,0.2800,0,-140,ang_deadzone_left
7970.2970,0.63280,0.06880,-0.40563,1,0.0000,0.2800,0,-140,ang_deadzone_left
7970.3137,0.63315,0.07605,-0.63139,1,0.0000,0.2800,0,-140,ang_deadzone_left
7970.3304,0.62258,0.08052,-0.86769,1,0.0000,0.2800,0,-140,ang_deadzone_left
7970.3470,0.62728,0.08716,-1.09123,1,0.0000,0.2800,0,-140,ang_deadzone_left
7970.3637,0.64180,0.09408,-1.33755,1,0.0000,0.2800,0,-140,ang_deadzone_left
7970.3804,0.66833,0.10407,-1.58958,1,0.0000,0.2800,0,-140,ang_deadzone_left
7970.3970,0.69480,0.11161,-1.82116,1,0.0000,0.2800,0,-140,ang_deadzone_left
7970.4137,0.70420,0.11525,-2.05855,1,0.0000,0.2800,0,-140,ang_deadzone_left
7970.4304,0.72872,0.12051,-2.24435,1,0.0000,0.2800,0,-140,ang_deadzone_left
7970.4470,,,,0,0.0000,0.2800,0,-140,ang_deadzone_left
7970.4637,,,,0,0.0000,0.2800,0,-140,ang_deadzone_left
7970.4804,,,,0,0.0000,0.0000,0,0,ang_deadzone_left
7970.4970,,,,0,0.0000,0.0000,0,0,ang_deadzone_left
7970.5137,,,,0,0.0000,0.0000,0,0,ang_deadzone_left
7970.5303,,,,0,0.0000,0.0000,0,0,ang_deadzone_left
7970.5470,,,,0,0.0000,0.0000,0,0,ang_deadzone_left
7970.5637,,,,0,0.0000,0.0000,0,0,ang_deadzone_left
7970.5803,,,,0,0.0000,0.0000,0,0,ang_deadzone_left
7970.5970,,,,0,0.0000,0.0000,0,0,ang_deadzone_left
7970.6137,,,,0,0.0000,0.0000,0,0,ang_deadzone_left
7970.6303,,,,0,0.0000,0.0000,0,0,ang_deadzone_left
7970.6470,,,,0,0.0000,0.0000,0,0,ang_deadzone_left
7970.6637,,,,0,0.0000,0.0000,0,0,ang_deadzone_left
7970.6803,,,,0,0.0000,0.0000,0,0,ang_deadzone_left
7970.6970,,,,0,0.0000,0.0000,0,0,ang_deadzone_left
7970.7137,,,,0,0.0000,0.0000,0,0,ang_deadzone_left
7970.7303,,,,0,0.0000,0.0000,0,0,ang_deadzone_left
7970.7470,,,,0,0.0000,0.0000,0,0,ang_deadzone_left
7970.7636,,,,0,0.0000,0.0000,0,0,ang_deadzone_left
7970.7803,,,,0,0.0000,0.0000,0,0,ang_deadzone_left
7970.7970,,,,0,0.0000,0.0000,0,0,ang_deadzone_left
7970.8136,,,,0,0.0000,0.0000,0,0,ang_deadzone_left
7970.8303,,,,0,0.0000,0.0000,0,0,ang_deadzone_left
7970.8470,,,,0,0.0000,0.0000,0,0,ang_deadzone_left
7970.8636,,,,0,0.0000,0.0000,0,0,ang_deadzone_left
7970.8803,,,,0,0.0000,0.0000,0,0,ang_deadzone_left
7970.8970,,,,0,0.0000,0.0000,0,0,ang_deadzone_left
7970.9136,,,,0,0.0000,0.0000,0,0,ang_deadzone_left
7970.9303,,,,0,0.0000,0.0000,0,0,ang_deadzone_left
7970.9470,,,,0,0.0000,0.0000,0,0,ang_deadzone_left
7970.9636,,,,0,0.0000,0.0000,0,0,ang_deadzone_left
7970.9803,,,,0,0.0000,0.0000,0,0,ang_deadzone_left
7970.9969,,,,0,0.0000,0.0000,0,0,ang_deadzone_left
7971.0136,,,,0,0.0000,0.0000,0,0,ang_deadzone_left
7971.0303,,,,0,0.0000,0.0000,0,0,ang_deadzone_left
7971.0469,,,,0,0.0000,0.0000,0,0,ang_deadzone_left
7971.0636,,,,0,0.0000,0.0000,0,0,ang_deadzone_left
7971.0803,,,,0,0.0000,0.0000,0,0,ang_deadzone_left
7971.0969,,,,0,0.0000,0.0000,0,0,ang_deadzone_left
7971.1136,,,,0,0.0000,0.0000,0,0,ang_deadzone_left
7971.1303,,,,0,0.0000,0.0000,0,0,ang_deadzone_left
7971.1469,,,,0,0.0000,0.0000,0,0,ang_deadzone_left
7971.1636,,,,0,0.0000,0.0000,0,0,ang_deadzone_left
7971.1803,,,,0,0.0000,0.0000,0,0,ang_deadzone_left
7971.1969,,,,0,0.0000,0.0000,0,0,ang_deadzone_left
7971.2136,,,,0,0.0000,0.0000,0,0,ang_deadzone_left
7971.2302,,,,0,0.0000,0.0000,0,0,ang_deadzone_left
7971.2469,,,,0,0.0000,0.0000,0,0,ang_deadzone_left
7971.2636,,,,0,0.0000,0.0000,0,0,ang_deadzone_left
7971.2802,,,,0,0.0000,-0.0400,0,20,ang_deadzone_right
7971.2969,,,,0,0.0000,-0.0400,0,20,ang_deadzone_right
7971.3136,,,,0,0.0000,-0.0400,0,20,ang_deadzone_right
7971.3302,,,,0,0.0000,-0.0400,0,20,ang_deadzone_right
7971.3469,,,,0,0.0000,-0.0400,0,20,ang_deadzone_right
7971.3636,,,,0,0.0000,-0.0400,0,20,ang_deadzone_right
7971.3802,,,,0,0.0000,-0.0400,0,20,ang_deadzone_right
7971.3969,,,,0,0.0000,-0.0400,0,20,ang_deadzone_right
7971.4136,,,,0,0.0000,-0.0400,0,20,ang_deadzone_right
7971.4302,,,,0,0.0000,-0.0400,0,20,ang_deadzone_right
7971.4469,,,,0,0.0000,-0.0400,0,20,ang_deadzone_right
7971.4635,,,,0,0.0000,-0.0400,0,20,ang_deadzone_right
7971.4802,,,,0,0.0000,-0.0400,0,20,ang_deadzone_right
7971.4969,,,,0,0.0000,-0.0400,0,20,ang_deadzone_right
7971.5135,0.75776,0.13757,-2.30073,1,0.0000,-0.0400,0,20,ang_deadzone_right
7971.5302,0.75952,0.14075,-2.24914,1,0.0000,-0.0400,0,20,ang_deadzone_right
7971.5469,0.73289,0.13668,-2.19300,1,0.0000,-0.0400,0,20,ang_deadzone_right
7971.5635,,,,0,0.0000,-0.0400,0,20,ang_deadzone_right
7971.5802,0.72950,0.14036,-2.04966,1,0.0000,-0.0400,0,20,ang_deadzone_right
7971.5969,0.71759,0.13900,-1.98788,1,0.0000,-0.0400,0,20,ang_deadzone_right
7971.6135,0.72797,0.14254,-1.89686,1,0.0000,-0.0400,0,20,ang_deadzone_right
7971.6302,0.71637,0.14157,3.02460,1,0.0000,-0.0400,0,20,ang_deadzone_right
7971.6469,0.70702,0.14087,-1.73483,1,0.0000,-0.0400,0,20,ang_deadzone_right
7971.6635,0.69170,0.13722,-1.65973,1,0.0000,-0.0400,0,20,ang_deadzone_right
7971.6802,0.69640,0.13877,-1.61528,1,0.0000,-0.0400,0,20,ang_deadzone_right
7971.6968,0.69288,0.13943,-1.52638,1,0.0000,-0.0400,0,20,ang_deadzone_right
7971.7135,0.66535,0.13380,-1.41310,1,0.0000,-0.0400,0,20,ang_deadzone_right
7971.7302,0.66248,0.13236,1.77477,1,0.0000,-0.0400,0,20,ang_deadzone_right
7971.7468,0.65970,0.13150,1.45055,1,0.0000,-0.0400,0,20,ang_deadzone_right
7971.7635,0.65727,0.13125,-1.19865,1,0.0000,-0.0400,0,20,ang_deadzone_right
7971.7802,0.64624,0.12910,-1.13228,1,0.0000,-0.0400,0,20,ang_deadzone_right
7971.7968,0.64543,0.12828,-1.05472,1,0.0000,-0.0400,0,20,ang_deadzone_right
7971.8135,0.64087,0.12591,-0.98166,1,0.0000,-0.0400,0,20,ang_deadzone_right
7971.8302,0.63557,0.12404,-0.91627,1,0.0000,-0.0400,0,20,ang_deadzone_right
7971.8468,0.63173,0.12209,-0.84476,1,0.0000,-0.0400,0,20,ang_deadzone_right
7971.8635,0.63463,0.12122,-0.77247,1,0.0000,-0.0400,0,20,ang_deadzone_right
7971.8802,0.62545,0.11765,-0.70261,1,0.0000,-0.0400,0,20,ang_deadzone_right
7971.8968,0.63030,0.11708,-0.63042,1,0.0000,-0.0400,0,20,ang_deadzone_right
7971.9135,0.63829,0.11693,-0.55609,1,0.0000,-0.0400,0,20,ang_deadzone_right
7971.9301,0.63380,0.11405,-0.47418,1,0.0000,-0.0400,0,20,ang_deadzone_right
7971.9468,0.63952,0.11326,-0.38917,1,0.0000,-0.0400,0,20,ang_deadzone_right
7971.9635,0.63662,0.11041,-0.30892,1,0.0000,-0.0400,0,20,ang_deadzone_right
7971.9801,0.63988,0.10874,-0.24254,1,0.0000,-0.0400,0,20,ang_deadzone_right
7971.9968,0.64507,0.10733,-0.17237,1,0.0000,-0.0400,0,20,ang_deadzone_right
7972.0135,0.64423,0.10446,-0.10749,1,0.0000,-0.0400,0,20,ang_deadzone_right
7972.0301,0.64052,0.10090,0.27023,1,0.0000,-0.0400,0,20,ang_deadzone_right
7972.0468,0.64314,0.09916,0.07826,1,0.0000,-0.0400,0,20,ang_deadzone_right
7972.0635,0.65540,0.09807,0.15350,1,0.0000,-0.0400,0,20,ang_deadzone_right
7972.0801,0.63964,0.09291,0.22940,1,0.0000,-0.0800,0,40,ang_deadzone_right
7972.0968,0.65337,0.09251,0.33144,1,0.0000,-0.0800,0,40,ang_deadzone_right
7972.1135,0.65610,0.08982,0.41483,1,0.0000,-0.0800,0,40,ang_deadzone_right
7972.1301,0.64820,0.08475,0.55262,1,0.0000,-0.0800,0,40,ang_deadzone_right
7972.1468,0.65135,0.08169,0.63545,1,0.0000,-0.0800,0,40,ang_deadzone_right
7972.1634,0.64946,0.07801,0.74946,1,0.0000,-0.0800,0,40,ang_deadzone_right
7972.1801,0.64371,0.07423,0.03793,1,0.0000,-0.0800,0,40,ang_deadzone_right
7972.1968,0.64773,0.07171,0.96312,1,0.0000,-0.0800,0,40,ang_deadzone_right
7972.2134,0.65136,0.06992,1.07307,1,0.0000,-0.0800,0,40,ang_deadzone_right
7972.2301,0.65439,0.06808,1.17577,1,0.0000,-0.0800,0,40,ang_deadzone_right
7972.2468,0.65870,0.06681,1.28025,1,0.0000,-0.0800,0,40,ang_deadzone_right
7972.2634,0.66292,0.06650,1.37728,1,0.0000,-0.0800,0,40,ang_deadzone_right
7972.2801,0.68788,0.06957,1.48954,1,0.0000,-0.0800,0,40,ang_deadzone_right
7972.2968,0.68442,0.06763,1.60048,1,0.0000,-0.0800,0,40,ang_deadzone_right
7972.3134,0.70312,0.07086,1.68684,1,0.0000,-0.0800,0,40,ang_deadzone_right
7972.3301,0.71163,0.07212,1.85223,1,0.0000,-0.0800,0,40,ang_deadzone_right
7972.3468,0.71409,0.07358,1.93265,1,0.0000,-0.0800,0,40,ang_deadzone_right
7972.3634,0.70944,0.07344,2.06246,1,0.0000,-0.0800,0,40,ang_deadzone_right
7972.3801,0.72864,0.07746,2.17366,1,0.0000,-0.0800,0,40,ang_deadzone_right
7972.3967,0.72865,0.07957,2.26439,1,0.0000,-0.0800,0,40,ang_deadzone_right
7972.4134,0.74223,0.08317,2.35025,1,0.0000,-0.0800,0,40,ang_deadzone_right
7972.4301,,,,0,0.0000,-0.0800,0,40,ang_deadzone_right
7972.4467,0.75333,0.08979,2.56127,1,0.0000,-0.0800,0,40,ang_deadzone_right
7972.4634,,,,0,0.0000,-0.0800,0,40,ang_deadzone_right
7972.4801,,,,0,0.0000,-0.0800,0,40,ang_deadzone_right
7972.4967,,,,0,0.0000,-0.0800,0,40,ang_deadzone_right
7972.5134,,,,0,0.0000,-0.0800,0,40,ang_deadzone_right
7972.5301,,,,0,0.0000,-0.0800,0,40,ang_deadzone_right
7972.5467,,,,0,0.0000,-0.0800,0,40,ang_deadzone_right
7972.5634,,,,0,0.0000,-0.0800,0,40,ang_deadzone_right
7972.5801,,,,0,0.0000,-0.0800,0,40,ang_deadzone_right
7972.5967,,,,0,0.0000,-0.0800,0,40,ang_deadzone_right
7972.6134,,,,0,0.0000,-0.0800,0,40,ang_deadzone_right
7972.6300,,,,0,0.0000,-0.0800,0,40,ang_deadzone_right
7972.6467,,,,0,0.0000,-0.0800,0,40,ang_deadzone_right
7972.6634,0.73702,0.13626,-2.29940,1,0.0000,-0.0800,0,40,ang_deadzone_right
7972.6800,0.74106,0.13946,-2.19286,1,0.0000,-0.0800,0,40,ang_deadzone_right
7972.6967,0.72542,0.13889,-3.13669,1,0.0000,-0.0800,0,40,ang_deadzone_right
7972.7134,0.71461,0.13958,-1.99026,1,0.0000,-0.0800,0,40,ang_deadzone_right
7972.7300,0.69730,0.13852,3.00193,1,0.0000,-0.0800,0,40,ang_deadzone_right
7972.7467,0.74067,0.14863,3.08333,1,0.0000,-0.0800,0,40,ang_deadzone_right
7972.7634,0.70196,0.14209,-1.66210,1,0.0000,-0.0800,0,40,ang_deadzone_right
7972.7800,0.69483,0.14173,-1.56542,1,0.0000,-0.0800,0,40,ang_deadzone_right
7972.7967,0.67335,0.13751,2.06746,1,0.0000,-0.0800,0,40,ang_deadzone_right
7972.8134,0.66352,0.13476,-1.30153,1,0.0000,-0.0800,0,40,ang_deadzone_right
7972.8300,0.65011,0.13187,-1.18746,1,0.0000,-0.0800,0,40,ang_deadzone_right
7972.8467,0.65024,0.13121,-1.08492,1,0.0000,-0.0800,0,40,ang_deadzone_right
7972.8633,0.63851,0.12715,-0.98200,1,0.0000,-0.0800,0,40,ang_deadzone_right
7972.8800,0.63586,0.12531,-0.88678,1,0.0000,-0.0800,0,40,ang_deadzone_right
7972.8967,0.63302,0.12241,-0.78151,1,0.0000,-0.1200,0,60,ang_deadzone_right
7972.9133,0.63622,0.12038,-0.66994,1,0.0000,-0.1200,0,60,ang_deadzone_right
7972.9300,0.64014,0.11781,0.38749,1,0.0000,-0.1200,0,60,ang_deadzone_right
7972.9467,0.63482,0.11321,-0.39730,1,0.0000,-0.1200,0,60,ang_deadzone_right
7972.9633,0.64162,0.10949,0.30824,1,0.0000,-0.1200,0,60,ang_deadzone_right
7972.9800,0.64367,0.10479,-0.07932,1,0.0000,-0.1200,0,60,ang_deadzone_right
7972.9967,0.64595,0.09964,0.07921,1,0.0000,-0.1200,0,60,ang_deadzone_right
7973.0133,0.63915,0.09278,0.18631,1,0.0000,-0.1200,0,60,ang_deadzone_right
7973.0300,0.64400,0.08807,0.41711,1,0.0000,-0.1200,0,60,ang_deadzone_right
7973.0467,0.64728,0.08324,0.60417,1,0.0000,-0.1200,0,60,ang_deadzone_right
7973.0633,0.65671,0.08011,0.11136,1,0.0000,-0.1200,0,60,ang_deadzone_right
7973.0800,0.64970,0.07374,0.87524,1,0.0000,-0.1200,0,60,ang_deadzone_right
7973.0966,0.64731,0.06914,1.04033,1,0.0000,-0.1200,0,60,ang_deadzone_right
7973.1133,0.65034,0.06639,1.19117,1,0.0000,-0.1200,0,60,ang_deadzone_right
7973.1300,0.65386,0.06374,1.34780,1,0.0000,-0.1200,0,60,ang_deadzone_right
7973.1466,0.65924,0.06268,1.48301,1,0.0000,-0.1200,0,60,ang_deadzone_right
7973.1633,0.69318,0.06850,1.64611,1,0.0000,-0.1200,0,60,ang_deadzone_right
7973.1800,0.70443,0.06890,1.79773,1,0.0000,-0.1200,0,60,ang_deadzone_right
7973.1966,0.70706,0.07036,1.97560,1,0.0000,-0.1200,0,60,ang_deadzone_right
7973.2133,0.72474,0.07478,2.11521,1,0.0000,-0.1200,0,60,ang_deadzone_right
7973.2300,0.73618,0.07954,2.25156,1,0.0000,-0.1200,0,60,ang_deadzone_right
7973.2466,0.74930,0.08456,2.41295,1,0.0000,-0.1200,0,60,ang_deadzone_right
7973.2633,,,,0,0.0000,-0.1200,0,60,ang_deadzone_right
7973.2800,,,,0,0.0000,-0.1200,0,60,ang_deadzone_right
7973.2966,,,,0,0.0000,-0.1200,0,60,ang_deadzone_right
7973.3133,,,,0,0.0000,-0.1200,0,60,ang_deadzone_right
7973.3300,,,,0,0.0000,-0.1200,0,60,ang_deadzone_right
7973.3466,,,,0,0.0000,-0.1200,0,60,ang_deadzone_right
7973.3633,,,,0,0.0000,-0.1200,0,60,ang_deadzone_right
7973.3799,,,,0,0.0000,-0.1200,0,60,ang_deadzone_right
7973.3964,,,,0,0.0000,-0.1200,0,60,ang_deadzone_right
7973.4131,,,,0,0.0000,-0.1200,0,60,ang_deadzone_right
7973.4298,,,,0,0.0000,-0.1200,0,60,ang_deadzone_right
7973.4464,0.73046,0.13962,-2.02979,1,0.0000,-0.1200,0,60,ang_deadzone_right
7973.4631,0.71926,0.14000,-1.87592,1,0.0000,-0.1200,0,60,ang_deadzone_right
7973.4797,0.70475,0.13904,-1.71109,1,0.0000,-0.1200,0,60,ang_deadzone_right
7973.4964,0.69026,0.13709,-1.56148,1,0.0000,-0.1200,0,60,ang_deadzone_right
7973.5131,0.68060,0.13625,-1.36482,1,0.0000,-0.1200,0,60,ang_deadzone_right
7973.5297,0.66855,0.13271,-1.23008,1,0.0000,-0.1200,0,60,ang_deadzone_right
7973.5464,0.64380,0.12786,-1.06684,1,0.0000,-0.1200,0,60,ang_deadzone_right
7973.5631,0.63962,0.12476,-0.92058,1,0.0000,-0.1200,0,60,ang_deadzone_right
7973.5797,0.64217,0.12333,-0.77304,1,0.0000,-0.1200,0,60,ang_deadzone_right
7973.5964,0.64104,0.11995,-0.61323,1,0.0000,-0.1200,0,60,ang_deadzone_right
7973.6131,0.63213,0.11394,-0.46656,1,0.0000,-0.1200,0,60,ang_deadzone_right
7973.6297,0.64683,0.11258,0.30885,1,0.0000,-0.1200,0,60,ang_deadzone_right
7973.6464,0.64025,0.10620,-0.11663,1,0.0000,-0.1200,0,60,ang_deadzone_right
7973.6631,0.62541,0.09790,0.23079,1,0.0000,-0.1200,0,60,ang_deadzone_right
7973.6797,0.63791,0.09484,0.19322,1,0.0000,-0.1200,0,60,ang_deadzone_right
7973.6964,0.65601,0.09301,0.17337,1,0.0000,-0.1200,0,60,ang_deadzone_right
7973.7130,0.64586,0.08572,0.51277,1,0.0000,-0.1600,0,80,ang_deadzone_right
7973.7297,0.64933,0.08115,0.65920,1,0.0000,-0.1600,0,80,ang_deadzone_right
7973.7464,0.64271,0.07438,0.86634,1,0.0000,-0.1600,0,80,ang_deadzone_right
7973.7630,0.64805,0.07013,1.06440,1,0.0000,-0.1600,0,80,ang_deadzone_right
7973.7797,0.66141,0.06802,1.25159,1,0.0000,-0.1600,0,80,ang_deadzone_right
7973.7964,0.66262,0.06454,1.43557,1,0.0000,-0.1600,0,80,ang_deadzone_right
7973.8130,0.70686,0.06900,1.68869,1,0.0000,-0.1600,0,80,ang_deadzone_right
7973.8297,0.68114,0.06515,1.87308,1,0.0000,-0.1600,0,80,ang_deadzone_right
7973.8464,0.72877,0.07329,2.09958,1,0.0000,-0.1600,0,80,ang_deadzone_right
7973.8630,0.73283,0.07482,2.28371,1,0.0000,-0.1600,0,80,ang_deadzone_right
7973.8797,0.74941,0.08092,2.49426,1,0.0000,-0.1600,0,80,ang_deadzone_right
7973.8964,,,,0,0.0000,-0.1600,0,80,ang_deadzone_right
7973.9130,0.74210,0.09010,2.90705,1,0.0000,-0.1600,0,80,ang_deadzone_right
7973.9297,,,,0,0.0000,-0.1600,0,80,ang_deadzone_right
7973.9463,,,,0,0.0000,-0.1600,0,80,ang_deadzone_right
7973.9630,,,,0,0.0000,-0.1600,0,80,ang_deadzone_right
7973.9797,,,,0,0.0000,-0.1600,0,80,ang_deadzone_right
7973.9963,,,,0,0.0000,-0.1600,0,80,ang_deadzone_right
7974.0130,0.74216,0.13120,-2.16986,1,0.0000,-0.1600,0,80,ang_deadzone_right
7974.0297,0.72509,0.13318,-1.98459,1,0.0000,-0.1600,0,80,ang_deadzone_right
7974.0463,0.71239,0.13458,-1.78995,1,0.0000,-0.1600,0,80,ang_deadzone_right
7974.0630,0.69882,0.13513,2.62531,1,0.0000,-0.1600,0,80,ang_deadzone_right
7974.0797,0.64988,0.12625,-1.31827,1,0.0000,-0.1600,0,80,ang_deadzone_right
7974.0963,0.66240,0.12906,-1.11423,1,0.0000,-0.1600,0,80,ang_deadzone_right
7974.1130,0.64516,0.12371,-0.92632,1,0.0000,-0.1600,0,80,ang_deadzone_right
7974.1297,0.63948,0.11891,-0.76148,1,0.0000,-0.1600,0,80,ang_deadzone_right
7974.1463,0.64536,0.11693,-0.53632,1,0.0000,-0.1600,0,80,ang_deadzone_right
7974.1630,0.64955,0.11200,0.31107,1,0.0000,-0.1600,0,80,ang_deadzone_right
7974.1797,0.64825,0.10562,0.29071,1,0.0000,-0.1600,0,80,ang_deadzone_right
7974.1963,0.63807,0.09688,0.10582,1,0.0000,-0.1600,0,80,ang_deadzone_right
7974.2130,0.64677,0.09184,0.31603,1,0.0000,-0.1600,0,80,ang_deadzone_right
7974.2296,0.64741,0.08444,0.53602,1,0.0000,-0.1600,0,80,ang_deadzone_right
7974.2463,0.64757,0.07715,0.76070,1,0.0000,-0.1600,0,80,ang_deadzone_right
7974.2630,0.64142,0.07042,0.95418,1,0.0000,-0.1600,0,80,ang_deadzone_right
7974.2796,0.64484,0.06578,1.15441,1,0.0000,-0.1600,0,80,ang_deadzone_right
7974.2963,0.65369,0.06341,1.35487,1,0.0000,-0.1600,0,80,ang_deadzone_right
7974.3130,0.67109,0.06355,1.52171,1,0.0000,-0.1600,0,80,ang_deadzone_right
7974.3296,0.68831,0.06463,1.77333,1,0.0000,-0.1600,0,80,ang_deadzone_right
7974.3463,0.70912,0.06797,-2.36710,1,0.0000,-0.1600,0,80,ang_deadzone_right
7974.3630,0.72594,0.07271,2.17859,1,0.0000,-0.1600,0,80,ang_deadzone_right
7974.3796,0.73490,0.07720,2.37061,1,0.0000,-0.1600,0,80,ang_deadzone_right
7974.3963,,,,0,0.0000,-0.1600,0,80,ang_deadzone_right
7974.4130,,,,0,0.0000,-0.1600,0,80,ang_deadzone_right
7974.4296,,,,0,0.0000,-0.1600,0,80,ang_deadzone_right
7974.4463,,,,0,0.0000,-0.1600,0,80,ang_deadzone_right
7974.4629,,,,0,0.0000,-0.1600,0,80,ang_deadzone_right
7974.4796,,,,0,0.0000,-0.1600,0,80,ang_deadzone_right
7974.4963,,,,0,0.0000,-0.1600,0,80,ang_deadzone_right
7974.5129,,,,0,0.0000,-0.1600,0,80,ang_deadzone_right
7974.5296,0.73889,0.13133,-2.10605,1,0.0000,-0.2000,0,100,ang_deadzone_right
7974.5463,0.74044,0.13668,-1.90160,1,0.0000,-0.2000,0,100,ang_deadzone_right
7974.5629,0.70068,0.13231,2.75330,1,0.0000,-0.2000,0,100,ang_deadzone_right
7974.5796,0.67695,0.12971,-1.37797,1,0.0000,-0.2000,0,100,ang_deadzone_right
7974.5963,0.65770,0.12713,-1.13529,1,0.0000,-0.2000,0,100,ang_deadzone_right
7974.6129,0.63901,0.12183,-0.91900,1,0.0000,-0.2000,0,100,ang_deadzone_right
7974.6296,0.64330,0.12019,-0.66274,1,0.0000,-0.2000,0,100,ang_deadzone_right
7974.6462,0.64232,0.11526,-0.42784,1,0.0000,-0.2000,0,100,ang_deadzone_right
7974.6629,0.63916,0.10815,0.28055,1,0.0000,-0.2000,0,100,ang_deadzone_right
7974.6796,0.65167,0.10301,0.23716,1,0.0000,-0.2000,0,100,ang_deadzone_right
7974.6962,0.64100,0.09283,0.16017,1,0.0000,-0.2000,0,100,ang_deadzone_right
7974.7129,0.65129,0.08696,0.61208,1,0.0000,-0.2000,0,100,ang_deadzone_right
7974.7296,0.64132,0.07714,0.84720,1,0.0000,-0.2000,0,100,ang_deadzone_right
7974.7462,0.64479,0.07094,1.09391,1,0.0000,-0.2000,0,100,ang_deadzone_right
7974.7629,0.68987,0.07246,1.34080,1,0.0000,-0.2000,0,100,ang_deadzone_right
7974.7796,0.65686,0.06214,1.59245,1,0.0000,-0.2000,0,100,ang_deadzone_right
7974.7962,0.69727,0.06671,1.88778,1,0.0000,-0.2000,0,100,ang_deadzone_right
7974.8129,0.72715,0.07046,2.12748,1,0.0000,-0.2000,0,100,ang_deadzone_right
7974.8296,0.74011,0.07411,2.34946,1,0.0000,-0.2000,0,100,ang_deadzone_right
7974.8462,0.75321,0.08037,2.59817,1,0.0000,-0.2000,0,100,ang_deadzone_right
7974.8629,,,,0,0.0000,-0.2000,0,100,ang_deadzone_right
7974.8796,,,,0,0.0000,-0.2000,0,100,ang_deadzone_right
7974.8962,,,,0,0.0000,-0.2000,0,100,ang_deadzone_right
7974.9129,,,,0,0.0000,-0.2000,0,100,ang_deadzone_right
7974.9295,,,,0,0.0000,-0.2000,0,100,ang_deadzone_right
7974.9462,0.75373,0.12247,-2.23074,1,0.0000,-0.2000,0,100,ang_deadzone_right
7974.9629,0.73731,0.12620,-1.98167,1,0.0000,-0.2000,0,100,ang_deadzone_right
7974.9795,0.71818,0.12773,-1.73146,1,0.0000,-0.2000,0,100,ang_deadzone_right
7974.9962,0.72166,0.13212,-1.49888,1,0.0000,-0.2000,0,100,ang_deadzone_right
7975.0129,0.67375,0.12397,1.26352,1,0.0000,-0.2000,0,100,ang_deadzone_right
7975.0295,0.67170,0.12460,0.68097,1,0.0000,-0.2000,0,100,ang_deadzone_right
7975.0462,0.64226,0.11685,-0.79266,1,0.0000,-0.2000,0,100,ang_deadzone_right
7975.0629,0.65166,0.11472,-0.53579,1,0.0000,-0.2000,0,100,ang_deadzone_right
7975.0795,0.65340,0.10970,0.31030,1,0.0000,-0.2000,0,100,ang_deadzone_right
7975.0962,0.66017,0.10448,0.24672,1,0.0000,-0.2000,0,100,ang_deadzone_right
7975.1129,0.65884,0.09671,0.21473,1,0.0000,-0.2000,0,100,ang_deadzone_right
7975.1295,0.65355,0.08848,0.46994,1,0.0000,-0.2000,0,100,ang_deadzone_right
7975.1462,0.65435,0.08009,0.70378,1,0.0000,-0.2000,0,100,ang_deadzone_right
7975.1628,0.64293,0.07082,0.95935,1,0.0000,-0.2000,0,100,ang_deadzone_right
7975.1795,0.64164,0.06415,1.19094,1,0.0000,-0.2000,0,100,ang_deadzone_right
7975.1962,0.65891,0.06192,1.41677,1,0.0000,-0.2000,0,100,ang_deadzone_right
7975.2128,0.67761,0.06163,-1.24009,1,0.0000,-0.2000,0,100,ang_deadzone_right
7975.2295,0.71393,0.06653,1.93763,1,0.0000,-0.2000,0,100,ang_deadzone_right
7975.2462,0.71915,0.06821,2.20540,1,0.0000,-0.2000,0,100,ang_deadzone_right
7975.2628,,,,0,0.0000,-0.2000,0,100,ang_deadzone_right
7975.2795,0.77100,0.08334,2.63650,1,0.0000,-0.2000,0,100,ang_deadzone_right
7975.2962,,,,0,0.0000,-0.2000,0,100,ang_deadzone_right
7975.3128,,,,0,0.0000,-0.2000,0,100,ang_deadzone_right
7975.3295,,,,0,0.0000,-0.2400,0,120,ang_deadzone_right
7975.3462,,,,0,0.0000,-0.2400,0,120,ang_deadzone_right
7975.3628,,,,0,0.0000,-0.2400,0,120,ang_deadzone_right
7975.3795,,,,0,0.0000,-0.2400,0,120,ang_deadzone_right
7975.3961,0.74089,0.12681,3.04549,1,0.0000,-0.2400,0,120,ang_deadzone_right
7975.4128,0.70624,0.12439,-1.61943,1,0.0000,-0.2400,0,120,ang_deadzone_right
7975.4295,0.70292,0.12710,-1.30423,1,0.0000,-0.2400,0,120,ang_deadzone_right
7975.4461,0.66038,0.11982,-1.04717,1,0.0000,-0.2400,0,120,ang_deadzone_right
7975.4628,0.65931,0.11913,-0.75732,1,0.0000,-0.2400,0,120,ang_deadzone_right
7975.4795,0.65631,0.11482,0.38217,1,0.0000,-0.2400,0,120,ang_deadzone_right
7975.4961,0.65037,0.10897,-0.22644,1,0.0000,-0.2400,0,120,ang_deadzone_right
7975.5128,0.66037,0.10465,0.22026,1,0.0000,-0.2400,0,120,ang_deadzone_right
7975.5295,0.64795,0.09420,0.36500,1,0.0000,-0.2400,0,120,ang_deadzone_right
7975.5461,0.64593,0.08571,0.65637,1,0.0000,-0.2400,0,120,ang_deadzone_right
7975.5628,0.63380,0.07545,0.95410,1,0.0000,-0.2400,0,120,ang_deadzone_right
7975.5795,0.64426,0.07011,1.19183,1,0.0000,-0.2400,0,120,ang_deadzone_right
7975.5961,0.65691,0.06630,1.44686,1,0.0000,-0.2400,0,120,ang_deadzone_right
7975.6128,0.68648,0.06640,1.73935,1,0.0000,-0.2400,0,120,ang_deadzone_right
7975.6294,0.71019,0.06942,2.05832,1,0.0000,-0.2400,0,120,ang_deadzone_right
7975.6461,0.72036,0.07148,2.29955,1,0.0000,-0.2400,0,120,ang_deadzone_right
7975.6628,,,,0,0.0000,-0.2400,0,120,ang_deadzone_right
7975.6794,,,,0,0.0000,-0.2400,0,120,ang_deadzone_right
7975.6961,,,,0,0.0000,-0.2400,0,120,ang_deadzone_right
7975.7128,,,,0,0.0000,-0.2400,0,120,ang_deadzone_right
7975.7294,,,,0,0.0000,-0.2400,0,120,ang_deadzone_right
7975.7461,,,,0,0.0000,-0.2400,0,120,ang_deadzone_right
7975.7628,0.74945,0.12051,-2.11359,1,0.0000,-0.2400,0,120,ang_deadzone_right
7975.7794,0.71622,0.11993,-1.85977,1,0.0000,-0.2400,0,120,ang_deadzone_right
7975.7961,0.70564,0.12122,-1.58309,1,0.0000,-0.2400,0,120,ang_deadzone_right
7975.8128,0.67645,0.11790,-1.27037,1,0.0000,-0.2400,0,120,ang_deadzone_right
7975.8294,0.65490,0.11485,-1.00131,1,0.0000,-0.2400,0,120,ang_deadzone_right
7975.8461,0.64049,0.11027,-0.75750,1,0.0000,-0.2400,0,120,ang_deadzone_right
7975.8627,0.65093,0.10961,-0.47273,1,0.0000,-0.2400,0,120,ang_deadzone_right
7975.8794,0.63969,0.10251,-0.17068,1,0.0000,-0.2400,0,120,ang_deadzone_right
7975.8961,0.65665,0.09908,0.20769,1,0.0000,-0.2400,0,120,ang_deadzone_right
7975.9127,0.65847,0.09234,0.17230,1,0.0000,-0.2400,0,120,ang_deadzone_right
7975.9294,0.64280,0.08135,0.10487,1,0.0000,-0.2400,0,120,ang_deadzone_right
7975.9461,0.63458,0.07155,0.98023,1,0.0000,-0.2400,0,120,ang_deadzone_right
7975.9627,0.64881,0.06722,1.22175,1,0.0000,-0.2400,0,120,ang_deadzone_right
7975.9794,0.67018,0.06480,1.48497,1,0.0000,-0.2400,0,120,ang_deadzone_right
7975.9961,0.67614,0.06235,1.80152,1,0.0000,-0.2400,0,120,ang_deadzone_right
7976.0127,,,,0,0.0000,-0.2400,0,120,ang_deadzone_right
7976.0294,0.71664,0.06723,2.30023,1,0.0000,-0.2400,0,120,ang_deadzone_right
7976.0461,0.74752,0.07478,2.56769,1,0.0000,-0.2400,0,120,ang_deadzone_right
7976.0627,,,,0,0.0000,-0.2400,0,120,ang_deadzone_right
7976.0794,,,,0,0.0000,-0.2400,0,120,ang_deadzone_right
7976.0960,,,,0,0.0000,-0.2400,0,120,ang_deadzone_right
7976.1127,,,,0,0.0000,-0.2400,0,120,ang_deadzone_right
7976.1294,,,,0,0.0000,-0.2400,0,120,ang_deadzone_right
7976.1460,0.74386,0.11688,-2.11068,1,0.0000,-0.2800,0,140,ang_deadzone_right
7976.1627,0.73785,0.12244,-1.83177,1,0.0000,-0.2800,0,140,ang_deadzone_right
7976.1794,0.72599,0.12451,-1.56049,1,0.0000,-0.2800,0,140,ang_deadzone_right
7976.1960,0.68747,0.11819,-1.20147,1,0.0000,-0.2800,0,140,ang_deadzone_right
7976.2127,0.64008,0.10873,-0.92262,1,0.0000,-0.2800,0,140,ang_deadzone_right
7976.2294,0.64470,0.10770,-0.61205,1,0.0000,-0.2800,0,140,ang_deadzone_right
7976.2460,0.65043,0.10514,-0.27321,1,0.0000,-0.2800,0,140,ang_deadzone_right
7976.2627,0.64331,0.09809,0.05692,1,0.0000,-0.2800,0,140,ang_deadzone_right
7976.2794,0.65692,0.09287,0.15610,1,0.0000,-0.2800,0,140,ang_deadzone_right
7976.2960,0.63661,0.08174,0.72940,1,0.0000,-0.2800,0,140,ang_deadzone_right
7976.3127,0.62865,0.07210,1.03361,1,0.0000,-0.2800,0,140,ang_deadzone_right
7976.3293,0.63409,0.06599,1.33719,1,0.0000,-0.2800,0,140,ang_deadzone_right
7976.3460,0.66325,0.06461,1.67742,1,0.0000,-0.2800,0,140,ang_deadzone_right
7976.3627,0.68170,0.06303,-2.36341,1,0.0000,-0.2800,0,140,ang_deadzone_right
7976.3793,0.70215,0.06420,2.25121,1,0.0000,-0.2800,0,140,ang_deadzone_right
7976.3960,0.73559,0.06962,2.51313,1,0.0000,-0.2800,0,140,ang_deadzone_right
7976.4127,,,,0,0.0000,-0.2800,0,140,ang_deadzone_right
7976.4293,,,,0,0.0000,-0.2800,0,140,ang_deadzone_right
7976.4460,,,,0,0.0000,-0.2800,0,140,ang_deadzone_right
7976.4627,,,,0,0.0000,-0.2800,0,140,ang_deadzone_right
7976.4793,0.72494,0.09436,-2.29794,1,0.0000,-0.2800,0,140,ang_deadzone_right
7976.4960,0.72226,0.10126,-2.01537,1,0.0000,-0.2800,0,140,ang_deadzone_right
7976.5127,0.71790,0.10535,2.85912,1,0.0000,-0.2800,0,140,ang_deadzone_right
7976.5293,0.67035,0.10015,1.75369,1,0.0000,-0.2800,0,140,ang_deadzone_right
7976.5460,0.65706,0.09943,-1.07766,1,0.0000,-0.2800,0,140,ang_deadzone_right
7976.5626,0.64984,0.09759,-0.80747,1,0.0000,-0.2800,0,140,ang_deadzone_right
7976.5793,0.65408,0.09635,-0.48742,1,0.0000,-0.2800,0,140,ang_deadzone_right
7976.5960,0.64736,0.09111,0.26406,1,0.0000,-0.2800,0,140,ang_deadzone_right
7976.6126,0.65119,0.08613,0.12739,1,0.0000,-0.2800,0,140,ang_deadzone_right
7976.6293,0.65112,0.07937,0.15009,1,0.0000,-0.2800,0,140,ang_deadzone_right
7976.6460,0.63600,0.06927,0.04729,1,0.0000,-0.2800,0,140,ang_deadzone_right
7976.6626,0.63006,0.06033,1.06136,1,0.0000,-0.2800,0,140,ang_deadzone_right
7976.6793,0.63522,0.05457,1.35042,1,0.0000,-0.2800,0,140,ang_deadzone_right
7976.6960,0.65662,0.05224,1.64120,1,0.0000,-0.2800,0,140,ang_deadzone_right
7976.7126,0.70421,0.05508,1.97717,1,0.0000,-0.2800,0,140,ang_deadzone_right
7976.7293,0.70467,0.05436,2.25960,1,0.0000,-0.2800,0,140,ang_deadzone_right
7976.7460,0.73226,0.05970,2.52443,1,0.0000,-0.2800,0,140,ang_deadzone_right
7976.7626,,,,0,0.0000,-0.2800,0,140,ang_deadzone_right
7976.7793,,,,0,0.0000,-0.2800,0,140,ang_deadzone_right
7976.7959,,,,0,0.0000,-0.2800,0,140,ang_deadzone_right
7976.8126,,,,0,0.0000,-0.2800,0,140,ang_deadzone_right
7976.8293,0.74552,0.09194,-2.27751,1,0.0000,-0.2800,0,140,ang_deadzone_right
7976.8459,0.74763,0.09930,-1.97799,1,0.0000,-0.2800,0,140,ang_deadzone_right
7976.8626,0.70248,0.09665,-1.68181,1,0.0000,-0.2800,0,140,ang_deadzone_right
7976.8793,0.68306,0.09699,-1.34646,1,0.0000,-0.2800,0,140,ang_deadzone_right
7976.8959,0.65713,0.09310,-1.03960,1,0.0000,-0.2800,0,140,ang_deadzone_right
7976.9126,0.64400,0.09040,-0.75272,1,0.0000,-0.2800,0,140,ang_deadzone_right
7976.9293,0.65784,0.09024,-0.45159,1,0.0000,-0.2800,0,140,ang_deadzone_right
7976.9459,0.66848,0.08753,0.25945,1,0.0000,0.0000,0,0,ang_deadzone_right
7976.9626,0.64447,0.07732,0.19303,1,0.0000,0.0000,0,0,ang_deadzone_right
7976.9793,0.64715,0.07050,0.14402,1,0.0000,0.0000,0,0,ang_deadzone_right
7976.9959,0.63340,0.06086,0.60882,1,0.0000,0.0000,0,0,ang_deadzone_right
7977.0126,0.63296,0.05502,0.69153,1,0.0000,0.0000,0,0,ang_deadzone_right
7977.0292,0.63357,0.05134,0.75531,1,0.0000,0.0000,0,0,ang_deadzone_right
7977.0459,0.62967,0.04702,0.80411,1,0.0000,0.0000,0,0,ang_deadzone_right
7977.0626,0.62990,0.04544,0.83116,1,0.0000,0.0000,0,0,ang_deadzone_right
7977.0792,0.62823,0.04475,0.84483,1,0.0000,0.0000,0,0,ang_deadzone_right
7977.0959,0.62512,0.04448,0.84016,1,0.0000,0.0000,0,0,ang_deadzone_right
7977.1126,0.62539,0.04443,0.84181,1,0.0000,0.0000,0,0,ang_deadzone_right
7977.1292,0.62280,0.04388,0.84762,1,0.0000,0.0000,0,0,ang_deadzone_right
7977.1459,0.62530,0.04454,0.84574,1,0.0000,0.0000,0,0,ang_deadzone_right
7977.1626,0.62394,0.04403,0.85038,1,0.0000,0.0000,0,0,ang_deadzone_right
7977.1792,0.62040,0.04360,0.84739,1,0.0000,0.0000,0,0,ang_deadzone_right
7977.1959,0.62739,0.04493,0.84261,1,0.0000,0.0000,0,0,ang_deadzone_right
7977.2126,0.62380,0.04410,0.84853,1,0.0000,0.0000,0,0,ang_deadzone_right
7977.2292,0.63191,0.04538,0.82779,1,0.0000,0.0000,0,0,ang_deadzone_right
7977.2459,0.62459,0.04405,0.84035,1,0.0000,0.0000,0,0,ang_deadzone_right
7977.2625,0.62140,0.04369,0.85331,1,0.0000,0.0000,0,0,ang_deadzone_right
7977.2792,0.62169,0.04382,0.84905,1,0.0000,0.0000,0,0,ang_deadzone_right
7977.2959,0.62606,0.04446,0.85083,1,0.0000,0.0000,0,0,ang_deadzone_right
7977.3125,0.62620,0.04458,0.85030,1,0.0000,0.0000,0,0,ang_deadzone_right
7977.3292,0.62709,0.04458,0.84719,1,0.0000,0.0000,0,0,ang_deadzone_right
7977.3459,0.62480,0.04422,0.84325,1,0.0000,0.0000,0,0,ang_deadzone_right
7977.3625,0.62410,0.04418,0.85226,1,0.0000,0.0000,0,0,ang_deadzone_right
7977.3792,0.62615,0.04447,0.85014,1,0.0000,0.0000,0,0,ang_deadzone_right
7977.3959,0.62642,0.04444,0.84264,1,0.0000,0.0000,0,0,ang_deadzone_right
7977.4125,0.62392,0.04410,0.84618,1,0.0000,0.0000,0,0,ang_deadzone_right
7977.4292,0.62397,0.04405,0.84825,1,0.0000,0.0000,0,0,ang_deadzone_right
7977.4459,0.62431,0.04409,0.85043,1,0.0000,0.0000,0,0,ang_deadzone_right
7977.4625,0.62195,0.04398,0.84351,1,0.0000,0.0000,0,0,ang_deadzone_right
7977.4792,0.62355,0.04411,0.84528,1,0.0000,0.0000,0,0,ang_deadzone_right
7977.4958,0.62340,0.04408,0.84153,1,0.0000,0.0000,0,0,ang_deadzone_right
7977.5125,0.62259,0.04394,0.85806,1,0.0000,0.0000,0,0,ang_deadzone_right
7977.5292,0.62437,0.04423,0.84153,1,0.0000,0.0000,0,0,ang_deadzone_right
7977.5458,0.62417,0.04415,0.84329,1,0.0000,0.0000,0,0,ang_deadzone_right
7977.5625,0.62279,0.04413,0.84113,1,0.0000,0.0000,0,0,ang_deadzone_right
7977.5792,0.62581,0.04449,0.84663,1,0.0000,0.0000,0,0,ang_deadzone_right
7977.5958,0.62537,0.04442,0.83879,1,0.0000,0.0000,0,0,ang_deadzone_right
7977.6125,0.62184,0.04383,0.83807,1,0.0000,0.0000,0,0,ang_deadzone_right
7977.6292,0.62350,0.04409,0.84605,1,0.0000,0.0000,0,0,ang_deadzone_right
7977.6458,0.62489,0.04440,0.84705,1,0.0000,0.0000,0,0,ang_deadzone_right
7977.6625,0.62405,0.04415,0.84586,1,0.0000,0.0000,0,0,ang_deadzone_right
7977.6792,0.62621,0.04424,0.83246,1,0.0000,0.0000,0,0,ang_deadzone_right
7977.6958,0.62291,0.04398,0.84613,1,0.0000,0.0000,0,0,ang_deadzone_right
7986.0115,0.68329,0.08365,0.24447,1,0.0000,0.0000,0,0,ang_deadzone_right
7986.0615,0.68932,0.08425,0.23990,1,0.0000,0.0000,0,0,ang_deadzone_right
7986.0782,0.67975,0.08312,0.24174,1,0.0000,0.0000,0,0,ang_deadzone_right
7986.0949,0.68690,0.08431,-0.03667,1,0.0000,0.0000,0,0,ang_deadzone_right
7986.1115,0.68138,0.08327,-0.01731,1,0.0000,0.0000,0,0,ang_deadzone_right
7986.1282,0.67937,0.08293,0.23003,1,0.0000,0.0000,0,0,ang_deadzone_right
7986.1449,0.67133,0.08149,-0.01587,1,0.0000,0.0000,0,0,ang_deadzone_right
7986.1615,0.68556,0.08405,0.25801,1,0.0000,0.0000,0,0,ang_deadzone_right
7986.1782,0.69379,0.08531,0.23774,1,0.0000,0.0000,0,0,ang_deadzone_right
7986.1949,0.67661,0.08257,-0.01941,1,0.0000,0.0000,0,0,ang_deadzone_right
7986.2115,0.68162,0.08344,0.23764,1,0.0000,0.0000,0,0,ang_deadzone_right
7986.2282,0.67690,0.08270,0.24577,1,0.0000,0.0000,0,0,ang_deadzone_right
7986.2448,0.67580,0.08222,-0.00841,1,0.0000,0.0000,0,0,ang_deadzone_right
7986.2615,0.68716,0.08426,-0.03235,1,0.0000,0.0000,0,0,ang_deadzone_right
7986.2782,0.68066,0.08335,0.24844,1,0.0000,0.0000,0,0,ang_deadzone_right
7986.2948,0.68326,0.08379,-0.02333,1,0.0000,0.0000,0,0,ang_deadzone_right
7986.3115,0.68980,0.08510,-0.01575,1,0.0000,0.0000,0,0,ang_deadzone_right
7986.3282,0.67829,0.08259,-0.02314,1,0.0000,0.2500,0,-125,ang_step
7986.3448,0.68050,0.08311,-0.02038,1,0.0000,0.2500,0,-125,ang_step
7986.3615,0.68935,0.08591,0.25861,1,0.0000,0.2500,0,-125,ang_step
7986.3782,0.67744,0.08663,-0.24634,1,0.0000,0.2500,0,-125,ang_step
7986.3948,0.67109,0.08981,-0.43346,1,0.0000,0.2500,0,-125,ang_step
7986.4115,0.66820,0.09453,-0.63353,1,0.0000,0.2500,0,-125,ang_step
7986.4282,0.66016,0.09903,-0.84108,1,0.0000,0.2500,0,-125,ang_step
7986.4448,0.67179,0.10658,-1.04371,1,0.0000,0.2500,0,-125,ang_step
7986.4615,0.67621,0.11148,-1.29792,1,0.0000,0.2500,0,-125,ang_step
7986.4781,0.73558,0.12665,2.69755,1,0.0000,0.2500,0,-125,ang_step
7986.4948,0.72819,0.12622,-1.75568,1,0.0000,0.2500,0,-125,ang_step
7986.5115,0.75519,0.13089,-1.99722,1,0.0000,0.2500,0,-125,ang_step
7986.5281,0.78087,0.13589,-2.19725,1,0.0000,0.2500,0,-125,ang_step
7986.5448,,,,0,0.0000,0.2500,0,-125,ang_step
7986.5615,,,,0,0.0000,0.2500,0,-125,ang_step
7986.5781,,,,0,0.0000,0.2500,0,-125,ang_step
7986.5948,,,,0,0.0000,0.2500,0,-125,ang_step
7986.6115,,,,0,0.0000,0.2500,0,-125,ang_step
7986.6281,,,,0,0.0000,0.2500,0,-125,ang_step
7986.6448,0.80530,0.09977,2.45772,1,0.0000,0.2500,0,-125,ang_step
7986.6615,0.77598,0.08870,2.23484,1,0.0000,0.2500,0,-125,ang_step
7986.6781,0.77162,0.08206,1.98316,1,0.0000,0.2500,0,-125,ang_step
7986.6948,0.74611,0.07302,1.75017,1,0.0000,0.2500,0,-125,ang_step
7986.7114,0.70084,0.06235,1.52213,1,0.0000,0.2500,0,-125,ang_step
7986.7281,0.70826,0.06139,1.30265,1,0.0000,0.2500,0,-125,ang_step
7986.7448,0.70021,0.05866,1.11691,1,0.0000,0.2500,0,-125,ang_step
7986.7614,0.69970,0.05819,0.91797,1,0.0000,0.2500,0,-125,ang_step
7986.7781,0.69822,0.05955,0.02925,1,0.0000,0.2500,0,-125,ang_step
7986.7948,0.69439,0.06113,0.08983,1,0.0000,0.2500,0,-125,ang_step
7986.8114,0.68880,0.06499,0.15337,1,0.0000,0.2500,0,-125,ang_step
7986.8281,0.68484,0.06941,0.19727,1,0.0000,0.2500,0,-125,ang_step
7986.8448,0.67050,0.07276,-0.13884,1,0.0000,0.2500,0,-125,ang_step
7986.8614,0.66643,0.07988,-0.38823,1,0.0000,0.2500,0,-125,ang_step
7986.8781,0.66047,0.08534,-0.60990,1,0.0000,0.2500,0,-125,ang_step
7986.8948,0.64871,0.09009,-0.84168,1,0.0000,0.2500,0,-125,ang_step
7986.9114,0.66281,0.09735,-1.04950,1,0.0000,0.2500,0,-125,ang_step
7986.9281,0.67892,0.10498,-1.27339,1,0.0000,0.2500,0,-125,ang_step
7986.9447,0.69074,0.10989,2.39268,1,0.0000,0.2500,0,-125,ang_step
7986.9614,0.74373,0.12255,-1.73612,1,0.0000,0.2500,0,-125,ang_step
7986.9781,0.72884,0.11944,-2.01376,1,0.0000,0.2500,0,-125,ang_step
7986.9947,0.76036,0.12545,-2.14496,1,0.0000,0.2500,0,-125,ang_step
7987.0114,,,,0,0.0000,0.2500,0,-125,ang_step
7987.0281,,,,0,0.0000,0.2500,0,-125,ang_step
7987.0447,,,,0,0.0000,0.2500,0,-125,ang_step
7987.0614,,,,0,0.0000,0.2500,0,-125,ang_step
7987.0781,,,,0,0.0000,0.2500,0,-125,ang_step
7987.0947,,,,0,0.0000,0.2500,0,-125,ang_step
7987.1114,0.79844,0.09588,2.52304,1,0.0000,0.2500,0,-125,ang_step
7987.1281,0.77507,0.08631,2.32409,1,0.0000,0.2500,0,-125,ang_step
7987.1447,0.77815,0.07974,2.13222,1,0.0000,0.2500,0,-125,ang_step
7987.1614,0.76538,0.07276,1.86038,1,0.0000,0.2500,0,-125,ang_step
7987.1780,0.74146,0.06398,1.65513,1,0.0000,0.2500,0,-125,ang_step
7987.1947,0.70865,0.05547,1.42241,1,0.0000,0.2500,0,-125,ang_step
7987.2114,0.69309,0.05085,1.23577,1,0.0000,0.2500,0,-125,ang_step
7987.2280,0.68380,0.04822,1.06090,1,0.0000,0.2500,0,-125,ang_step
7987.2447,0.68738,0.04859,0.85826,1,0.0000,0.2500,0,-125,ang_step
7987.2614,0.69416,0.05100,0.06704,1,0.0000,0.2500,0,-125,ang_step
7987.2780,0.69193,0.05295,0.45477,1,0.0000,0.2500,0,-125,ang_step
7987.2947,0.68373,0.05536,0.25461,1,0.0000,0.2500,0,-125,ang_step
7987.3114,0.66977,0.05840,0.03180,1,0.0000,0.2500,0,-125,ang_step
7987.3280,0.65904,0.06243,0.24146,1,0.0000,0.2500,0,-125,ang_step
7987.3447,0.66172,0.06913,0.29449,1,0.0000,0.0000,0,0,ang_step
7987.3614,0.64863,0.07295,-0.60088,1,0.0000,0.0000,0,0,ang_step
7987.3780,0.63255,0.07503,-0.74876,1,0.0000,0.0000,0,0,ang_step
7987.3947,0.64614,0.08223,-0.77900,1,0.0000,0.0000,0,0,ang_step
7987.4113,0.64471,0.08412,-0.79257,1,0.0000,0.0000,0,0,ang_step
7987.4280,0.64905,0.08486,-0.79624,1,0.0000,0.0000,0,0,ang_step
7987.4447,0.64008,0.08386,-0.82262,1,0.0000,0.0000,0,0,ang_step
7987.4613,0.63566,0.08221,-0.79528,1,0.0000,0.0000,0,0,ang_step
7987.4780,0.64144,0.08340,-0.80188,1,0.0000,0.0000,0,0,ang_step
7987.4947,0.64408,0.08377,-0.80972,1,0.0000,0.0000,0,0,ang_step
7987.5113,0.65024,0.08501,-0.79398,1,0.0000,0.0000,0,0,ang_step
7987.5280,0.64477,0.08413,-0.79364,1,0.0000,0.0000,0,0,ang_step
7987.5447,0.64677,0.08432,-0.79168,1,0.0000,0.0000,0,0,ang_step
7987.5613,0.63077,0.08082,-0.82776,1,0.0000,0.0000,0,0,ang_step
7987.5780,0.65169,0.08529,-0.78967,1,0.0000,0.0000,0,0,ang_step
7987.5947,0.63652,0.08207,-0.81638,1,0.0000,0.0000,0,0,ang_step
7987.6113,0.63691,0.08205,-0.82989,1,0.0000,0.0000,0,0,ang_step
7987.6280,0.64049,0.08274,-0.81727,1,0.0000,0.0000,0,0,ang_step
7987.6446,0.64380,0.08405,-0.79300,1,0.0000,0.0000,0,0,ang_step
7987.6613,0.63770,0.08250,-0.80517,1,0.0000,0.0000,0,0,ang_step
7987.6780,0.64959,0.08497,-0.78966,1,0.0000,0.0000,0,0,ang_step
7987.6946,0.63583,0.08204,-0.81614,1,0.0000,0.0000,0,0,ang_step
7987.7113,0.64543,0.08404,-0.79542,1,0.0000,0.0000,0,0,ang_step
7987.7280,0.64276,0.08351,-0.80518,1,0.0000,0.0000,0,0,ang_step
7987.7446,0.63661,0.08215,-0.82049,1,0.0000,0.0000,0,0,ang_step
7987.7613,0.64725,0.08463,-0.79177,1,0.0000,0.0000,0,0,ang_step
7987.7780,0.64669,0.08436,-0.80334,1,0.0000,0.0000,0,0,ang_step
7987.7946,0.63204,0.08108,-0.82060,1,0.0000,0.0000,0,0,ang_step
7987.8113,0.63786,0.08208,-0.83025,1,0.0000,0.0000,0,0,ang_step
7987.8280,0.64418,0.08374,-0.80847,1,0.0000,0.0000,0,0,ang_step
7987.8446,0.64181,0.08322,-0.80380,1,0.0000,0.0000,0,0,ang_step
7987.8613,0.64303,0.08392,-0.79301,1,0.0000,0.0000,0,0,ang_step
7987.8779,0.64538,0.08411,-0.79633,1,0.0000,0.0000,0,0,ang_step
7987.8946,0.63987,0.08311,-0.79125,1,0.0000,0.0000,0,0,ang_step
7987.9113,0.63967,0.08309,-0.80167,1,0.0000,0.0000,0,0,ang_step
7987.9279,0.63091,0.08072,-0.82178,1,0.0000,0.0000,0,0,ang_step
7987.9446,0.64054,0.08321,-0.79757,1,0.0000,0.0000,0,0,ang_step
7987.9613,0.64773,0.08453,-0.80064,1,0.0000,0.0000,0,0,ang_step
7987.9779,0.63778,0.08234,-0.81957,1,0.0000,0.0000,0,0,ang_step
7987.9946,0.63344,0.08117,-0.82532,1,0.0000,0.0000,0,0,ang_step
7988.0113,0.64078,0.08339,-0.79786,1,0.0000,0.0000,0,0,ang_step
7988.0279,0.63880,0.08277,-0.79890,1,0.0000,0.0000,0,0,ang_step
7988.0446,0.64172,0.08371,-0.79061,1,0.0000,0.0000,0,0,ang_step
7988.0613,0.63590,0.08186,-0.82970,1,0.0000,0.0000,0,0,ang_step
7988.0779,0.64590,0.08413,-0.79463,1,0.0000,0.0000,0,0,ang_step
7988.0946,0.64033,0.08308,-0.80075,1,0.0000,0.0000,0,0,ang_step
7988.1112,0.65129,0.08528,-0.79391,1,0.0000,0.0000,0,0,ang_step
7988.1279,0.64674,0.08445,-0.79013,1,0.0000,0.0000,0,0,ang_step
7988.1446,0.64802,0.08482,-0.79057,1,0.0000,0.0000,0,0,ang_step
7988.1612,0.64162,0.08329,-0.80819,1,0.0000,0.0000,0,0,ang_step
7988.1779,0.65013,0.08502,-0.79776,1,0.0000,0.0000,0,0,ang_step
7988.1946,0.65320,0.08557,-0.78920,1,0.0000,0.0000,0,0,ang_step
7988.2112,0.64295,0.08361,-0.80638,1,0.0000,0.0000,0,0,ang_step
7988.2279,0.63913,0.08299,-0.80265,1,0.0000,0.0000,0,0,ang_step
7988.2446,0.64103,0.08307,-0.80677,1,0.0000,0.0000,0,0,ang_step
7988.2612,0.64457,0.08382,-0.80585,1,0.0000,0.0000,0,0,ang_step
7988.2779,0.65010,0.08503,-0.79361,1,0.0000,0.0000,0,0,ang_step
7988.2946,0.63132,0.08085,-0.82469,1,0.0000,0.0000,0,0,ang_step
7988.3112,0.63477,0.08159,-0.82829,1,0.0000,0.0000,0,0,ang_step
7988.3279,0.65223,0.08542,-0.79138,1,0.0000,0.0000,0,0,ang_step
7988.3445,0.63815,0.08276,-0.79707,1,0.0000,0.0000,0,0,ang_step
7988.3612,0.63352,0.08162,-0.81690,1,0.0000,-0.2500,0,125,ang_step
7988.3779,0.64898,0.08406,-0.77112,1,0.0000,-0.2500,0,125,ang_step
7988.3945,0.65083,0.08347,-0.67691,1,0.0000,-0.2500,0,125,ang_step
7988.4112,0.64862,0.08077,-0.55553,1,0.0000,-0.2500,0,125,ang_step
7988.4279,0.65510,0.08040,-0.38929,1,0.0000,-0.2500,0,125,ang_step
7988.4445,0.65104,0.07576,0.26657,1,0.0000,-0.2500,0,125,ang_step
7988.4612,0.66672,0.07237,0.11273,1,0.0000,-0.2500,0,125,ang_step
7988.4779,0.66943,0.06673,0.42973,1,0.0000,-0.2500,0,125,ang_step
7988.4945,0.64983,0.05478,0.69068,1,0.0000,-0.2500,0,125,ang_step
7988.5112,0.64390,0.04602,0.97409,1,0.0000,-0.2500,0,125,ang_step
7988.5279,0.65164,0.03996,1.24594,1,0.0000,-0.2500,0,125,ang_step
7988.5445,0.66048,0.03582,1.52366,1,0.0000,-0.2500,0,125,ang_step
7988.5612,0.69587,0.03777,1.85672,1,0.0000,-0.2500,0,125,ang_step
7988.5778,0.71218,0.03739,2.15220,1,0.0000,-0.2500,0,125,ang_step
7988.5945,0.74842,0.04348,2.41800,1,0.0000,-0.2500,0,125,ang_step
7988.6112,0.77720,0.05124,2.66216,1,0.0000,-0.2500,0,125,ang_step
7988.6278,,,,0,0.0000,-0.2500,0,125,ang_step
7988.6445,,,,0,0.0000,-0.2500,0,125,ang_step
7988.6612,,,,0,0.0000,-0.2500,0,125,ang_step
7988.6778,,,,0,0.0000,-0.2500,0,125,ang_step
7988.6945,0.76714,0.08545,-2.18693,1,0.0000,-0.2500,0,125,ang_step
7988.7112,0.74261,0.08793,-1.94558,1,0.0000,-0.2500,0,125,ang_step
7988.7278,0.73142,0.09221,2.70239,1,0.0000,-0.2500,0,125,ang_step
7988.7445,0.68452,0.08655,-1.32463,1,0.0000,-0.2500,0,125,ang_step
7988.7612,0.67583,0.08670,-1.03866,1,0.0000,-0.2500,0,125,ang_step
7988.7778,0.66106,0.08402,-0.77688,1,0.0000,-0.2500,0,125,ang_step
7988.7945,0.67913,0.08393,-0.47643,1,0.0000,-0.2500,0,125,ang_step
7988.8112,0.66920,0.07777,0.23446,1,0.0000,-0.2500,0,125,ang_step
7988.8278,0.68445,0.07446,0.06000,1,0.0000,-0.2500,0,125,ang_step
7988.8445,0.66720,0.06461,0.13034,1,0.0000,-0.2500,0,125,ang_step
7988.8611,0.65572,0.05549,0.69466,1,0.0000,-0.2500,0,125,ang_step
7988.8778,0.65194,0.04708,0.97582,1,0.0000,-0.2500,0,125,ang_step
7988.8945,0.64301,0.03921,1.23816,1,0.0000,-0.2500,0,125,ang_step
7988.9111,0.68343,0.03997,1.51100,1,0.0000,-0.2500,0,125,ang_step
7988.9278,0.69912,0.03837,1.83301,1,0.0000,-0.2500,0,125,ang_step
7988.9445,0.72085,0.03977,2.12395,1,0.0000,-0.2500,0,125,ang_step
7988.9611,0.73699,0.04345,2.35316,1,0.0000,-0.2500,0,125,ang_step
7988.9778,,,,0,0.0000,-0.2500,0,125,ang_step
7988.9945,,,,0,0.0000,-0.2500,0,125,ang_step
7989.0111,,,,0,0.0000,-0.2500,0,125,ang_step
7989.0278,,,,0,0.0000,-0.2500,0,125,ang_step
7989.0445,,,,0,0.0000,-0.2500,0,125,ang_step
7989.0611,0.75751,0.08237,-2.25108,1,0.0000,-0.2500,0,125,ang_step
7989.0778,0.75041,0.08859,-1.96781,1,0.0000,-0.2500,0,125,ang_step
7989.0944,0.73927,0.09110,-1.67418,1,0.0000,-0.2500,0,125,ang_step
7989.1111,0.68359,0.08689,-1.38813,1,0.0000,-0.2500,0,125,ang_step
7989.1278,0.67637,0.08677,-1.10452,1,0.0000,-0.2500,0,125,ang_step
7989.1444,0.68753,0.08825,-0.85706,1,0.0000,-0.2500,0,125,ang_step
7989.1611,0.66059,0.08209,-0.58100,1,0.0000,-0.2500,0,125,ang_step
7989.1778,0.67256,0.07901,0.27396,1,0.0000,-0.2500,0,125,ang_step
7989.1944,0.66968,0.07335,0.03404,1,0.0000,-0.2500,0,125,ang_step
7989.2111,0.66924,0.06607,0.14979,1,0.0000,-0.2500,0,125,ang_step
7989.2278,0.65820,0.05686,0.06903,1,0.0000,-0.2500,0,125,ang_step
7989.2444,0.64844,0.04791,0.86345,1,0.0000,-0.2500,0,125,ang_step
7989.2611,0.65538,0.04140,1.12926,1,0.0000,-0.2500,0,125,ang_step
7989.2778,0.66148,0.03654,1.39891,1,0.0000,-0.2500,0,125,ang_step
7989.2944,0.71819,0.03999,1.68714,1,0.0000,-0.2500,0,125,ang_step
7989.3111,0.70304,0.03626,-2.40892,1,0.0000,-0.2500,0,125,ang_step
7989.3277,0.72643,0.03960,2.26360,1,0.0000,-0.2500,0,125,ang_step
7989.3444,0.75074,0.04454,2.50399,1,0.0000,-0.2500,0,125,ang_step
7989.3611,,,,0,0.0000,0.0000,0,0,ang_step
7989.3777,,,,0,0.0000,0.0000,0,0,ang_step
7989.3944,,,,0,0.0000,0.0000,0,0,ang_step
7989.4111,,,,0,0.0000,0.0000,0,0,ang_step
7989.4277,,,,0,0.0000,0.0000,0,0,ang_step
7989.4444,,,,0,0.0000,0.0000,0,0,ang_step
7989.4611,,,,0,0.0000,0.0000,0,0,ang_step
7989.4777,,,,0,0.0000,0.0000,0,0,ang_step
7989.4944,,,,0,0.0000,0.0000,0,0,ang_step
7989.5111,,,,0,0.0000,0.0000,0,0,ang_step
7989.5277,,,,0,0.0000,0.0000,0,0,ang_step
7989.5444,,,,0,0.0000,0.0000,0,0,ang_step
7989.5610,,,,0,0.0000,0.0000,0,0,ang_step
7989.5777,,,,0,0.0000,0.0000,0,0,ang_step
7989.5944,,,,0,0.0000,0.0000,0,0,ang_step
7989.6110,,,,0,0.0000,0.0000,0,0,ang_step
7989.6277,,,,0,0.0000,0.0000,0,0,ang_step
7989.6444,,,,0,0.0000,0.0000,0,0,ang_step
7989.6610,,,,0,0.0000,0.0000,0,0,ang_step
7989.6777,,,,0,0.0000,0.0000,0,0,ang_step
7989.6944,,,,0,0.0000,0.0000,0,0,ang_step
7989.7110,,,,0,0.0000,0.0000,0,0,ang_step
7989.7277,,,,0,0.0000,0.0000,0,0,ang_step
7989.7444,,,,0,0.0000,0.0000,0,0,ang_step
7989.7610,,,,0,0.0000,0.0000,0,0,ang_step
7989.7777,,,,0,0.0000,0.0000,0,0,ang_step
7989.7943,,,,0,0.0000,0.0000,0,0,ang_step
7989.8110,,,,0,0.0000,0.0000,0,0,ang_step
7989.8277,,,,0,0.0000,0.0000,0,0,ang_step
7989.8443,,,,0,0.0000,0.0000,0,0,ang_step
7989.8610,,,,0,0.0000,0.0000,0,0,ang_step
7989.8777,,,,0,0.0000,0.0000,0,0,ang_step
7989.8943,,,,0,0.0000,0.0000,0,0,ang_step
7989.9110,,,,0,0.0000,0.0000,0,0,ang_step
7989.9277,,,,0,0.0000,0.0000,0,0,ang_step
7989.9443,,,,0,0.0000,0.0000,0,0,ang_step
7989.9610,,,,0,0.0000,0.0000,0,0,ang_step
7989.9777,,,,0,0.0000,0.0000,0,0,ang_step
7989.9943,,,,0,0.0000,0.0000,0,0,ang_step
7990.0110,,,,0,0.0000,0.0000,0,0,ang_step
7990.0276,,,,0,0.0000,0.0000,0,0,ang_step
7990.0443,,,,0,0.0000,0.0000,0,0,ang_step
7990.0610,,,,0,0.0000,0.0000,0,0,ang_step
7990.0776,,,,0,0.0000,0.0000,0,0,ang_step
7990.0943,,,,0,0.0000,0.0000,0,0,ang_step
7990.1110,,,,0,0.0000,0.0000,0,0,ang_step
7990.1276,,,,0,0.0000,0.0000,0,0,ang_step
7990.1443,,,,0,0.0000,0.0000,0,0,ang_step
7990.1610,,,,0,0.0000,0.0000,0,0,ang_step
7990.1776,,,,0,0.0000,0.0000,0,0,ang_step
7990.1943,,,,0,0.0000,0.0000,0,0,ang_step
7990.2110,,,,0,0.0000,0.0000,0,0,ang_step
7990.2276,,,,0,0.0000,0.0000,0,0,ang_step
7990.2443,,,,0,0.0000,0.0000,0,0,ang_step
7990.2609,,,,0,0.0000,0.0000,0,0,ang_step
7990.2776,,,,0,0.0000,0.0000,0,0,ang_step
7990.2943,,,,0,0.0000,0.0000,0,0,ang_step
7990.3109,,,,0,0.0000,0.0000,0,0,ang_step
7990.3276,,,,0,0.0000,0.0000,0,0,ang_step
7990.3443,,,,0,0.0000,0.0000,0,0,ang_step
7990.3609,,,,0,0.0000,0.0000,0,0,ang_step
7990.3776,,,,0,0.0000,0.5000,0,-250,ang_step
7990.3943,,,,0,0.0000,0.5000,0,-250,ang_step
7990.4109,,,,0,0.0000,0.5000,0,-250,ang_step
7990.4276,,,,0,0.0000,0.5000,0,-250,ang_step
7990.4443,,,,0,0.0000,0.5000,0,-250,ang_step
7990.4609,,,,0,0.0000,0.5000,0,-250,ang_step
7990.4776,0.76822,0.06005,2.60339,1,0.0000,0.5000,0,-250,ang_step
7990.4942,0.74470,0.05054,2.21660,1,0.0000,0.5000,0,-250,ang_step
7990.5109,0.70695,0.03905,1.84999,1,0.0000,0.5000,0,-250,ang_step
7990.5276,0.71889,0.03553,1.42521,1,0.0000,0.5000,0,-250,ang_step
7990.5442,0.68010,0.02649,1.04216,1,0.0000,0.5000,0,-250,ang_step
7990.5609,0.69185,0.02636,0.65287,1,0.0000,0.5000,0,-250,ang_step
7990.5776,0.68863,0.02701,0.12751,1,0.0000,0.5000,0,-250,ang_step
7990.5942,0.66833,0.02690,-0.24174,1,0.0000,0.5000,0,-250,ang_step
7990.6109,0.65537,0.02951,-0.63419,1,0.0000,0.5000,0,-250,ang_step
7990.6276,0.66194,0.03501,-1.02550,1,0.0000,0.5000,0,-250,ang_step
7990.6442,0.66129,0.03862,1.55842,1,0.0000,0.5000,0,-250,ang_step
7990.6609,0.70218,0.04839,-1.86463,1,0.0000,0.5000,0,-250,ang_step
7990.6776,0.69907,0.05032,-2.23484,1,0.0000,0.5000,0,-250,ang_step
7990.6942,0.74627,0.05650,-2.57533,1,0.0000,0.5000,0,-250,ang_step
7990.7109,,,,0,0.0000,0.5000,0,-250,ang_step
7990.7275,0.73063,0.04694,2.87290,1,0.0000,0.5000,0,-250,ang_step
7990.7441,0.72519,0.03954,2.42749,1,0.0000,0.5000,0,-250,ang_step
7990.7608,0.72028,0.03238,2.07179,1,0.0000,0.5000,0,-250,ang_step
7990.7774,0.67683,0.02119,1.62418,1,0.0000,0.5000,0,-250,ang_step
7990.7941,0.66276,0.01557,1.20084,1,0.0000,0.5000,0,-250,ang_step
7990.8108,0.65892,0.01280,0.80525,1,0.0000,0.5000,0,-250,ang_step
7990.8274,0.67846,0.01472,0.07449,1,0.0000,0.5000,0,-250,ang_step
7990.8441,0.65513,0.01553,0.18928,1,0.0000,0.5000,0,-250,ang_step
7990.8608,0.65088,0.02020,-0.47186,1,0.0000,0.5000,0,-250,ang_step
7990.8774,0.62184,0.02263,-0.87792,1,0.0000,0.5000,0,-250,ang_step
7990.8941,0.64331,0.03109,-1.24053,1,0.0000,0.5000,0,-250,ang_step
7990.9108,0.67475,0.03971,-1.68946,1,0.0000,0.5000,0,-250,ang_step
7990.9274,0.71179,0.04824,3.09325,1,0.0000,0.5000,0,-250,ang_step
7990.9441,0.71912,0.05068,-2.43483,1,0.0000,0.5000,0,-250,ang_step
7990.9608,,,,0,0.0000,0.5000,0,-250,ang_step
7990.9774,,,,0,0.0000,0.5000,0,-250,ang_step
7990.9941,0.74235,0.04687,-2.85859,1,0.0000,0.5000,0,-250,ang_step
7991.0107,0.71509,0.03646,2.27215,1,0.0000,0.5000,0,-250,ang_step
7991.0274,0.72264,0.03236,-2.36088,1,0.0000,0.0000,0,0,ang_step
7991.0441,0.70270,0.02514,1.48523,1,0.0000,0.0000,0,0,ang_step
7991.0607,0.66400,0.01856,1.20525,1,0.0000,0.0000,0,0,ang_step
7991.0774,0.66845,0.01987,1.01791,1,0.0000,0.0000,0,0,ang_step
7991.0941,0.66921,0.02164,0.92460,1,0.0000,0.0000,0,0,ang_step
7991.1107,0.67241,0.02449,0.86724,1,0.0000,0.0000,0,0,ang_step
7991.1274,0.66417,0.02379,0.87167,1,0.0000,0.0000,0,0,ang_step
7991.1441,0.66640,0.02398,0.86776,1,0.0000,0.0000,0,0,ang_step
7991.1607,0.66381,0.02377,0.87955,1,0.0000,0.0000,0,0,ang_step
7991.1774,0.66963,0.02451,0.87181,1,0.0000,0.0000,0,0,ang_step
7991.1941,0.66436,0.02372,0.88181,1,0.0000,0.0000,0,0,ang_step
7991.2107,0.66514,0.02389,0.87429,1,0.0000,0.0000,0,0,ang_step
7991.2274,0.66741,0.02409,0.87225,1,0.0000,0.0000,0,0,ang_step
7991.2440,0.66797,0.02416,0.87403,1,0.0000,0.0000,0,0,ang_step
7991.2607,0.66791,0.02447,0.86847,1,0.0000,0.0000,0,0,ang_step
7991.2774,0.66874,0.02427,0.87523,1,0.0000,0.0000,0,0,ang_step
7991.2940,0.66943,0.02438,0.86970,1,0.0000,0.0000,0,0,ang_step
7991.3107,0.66232,0.02345,0.87403,1,0.0000,0.0000,0,0,ang_step
7991.3274,0.66478,0.02376,0.87378,1,0.0000,0.0000,0,0,ang_step
7991.3440,0.66744,0.02428,0.87672,1,0.0000,0.0000,0,0,ang_step
7991.3607,0.66294,0.02358,0.86989,1,0.0000,0.0000,0,0,ang_step
7991.3774,0.67021,0.02444,0.86854,1,0.0000,0.0000,0,0,ang_step
7991.3940,0.66812,0.02420,0.87054,1,0.0000,0.0000,0,0,ang_step
7991.4107,0.66574,0.02397,0.87134,1,0.0000,0.0000,0,0,ang_step
7991.4274,0.66930,0.02434,0.87196,1,0.0000,0.0000,0,0,ang_step
7991.4440,0.66049,0.02322,0.87819,1,0.0000,0.0000,0,0,ang_step
7991.4607,0.66665,0.02411,0.86826,1,0.0000,0.0000,0,0,ang_step
7991.4773,0.66692,0.02415,0.87951,1,0.0000,0.0000,0,0,ang_step
7991.4940,0.66530,0.02401,0.87861,1,0.0000,0.0000,0,0,ang_step
7991.5107,0.66501,0.02394,0.87560,1,0.0000,0.0000,0,0,ang_step
7991.5273,0.66651,0.02411,0.87749,1,0.0000,0.0000,0,0,ang_step
7991.5440,0.66795,0.02426,0.86930,1,0.0000,0.0000,0,0,ang_step
7991.5607,0.66840,0.02427,0.86846,1,0.0000,0.0000,0,0,ang_step
7991.5773,0.65702,0.02276,0.87461,1,0.0000,0.0000,0,0,ang_step
7991.5940,0.66824,0.02432,0.87023,1,0.0000,0.0000,0,0,ang_step
7991.6107,0.66252,0.02363,0.87672,1,0.0000,0.0000,0,0,ang_step
7991.6273,0.66508,0.02396,0.88269,1,0.0000,0.0000,0,0,ang_step
7991.6440,0.66692,0.02425,0.87603,1,0.0000,0.0000,0,0,ang_step
7991.6607,0.66777,0.02424,0.86996,1,0.0000,0.0000,0,0,ang_step
7991.6773,0.66731,0.02414,0.87223,1,0.0000,0.0000,0,0,ang_step
7991.6940,0.66512,0.02386,0.87252,1,0.0000,0.0000,0,0,ang_step
7991.7106,0.66435,0.02375,0.88043,1,0.0000,0.0000,0,0,ang_step
7991.7273,0.66758,0.02417,0.86855,1,0.0000,0.0000,0,0,ang_step
7991.7440,0.66717,0.02422,0.87840,1,0.0000,0.0000,0,0,ang_step
7991.7606,0.66834,0.02435,0.87103,1,0.0000,0.0000,0,0,ang_step
7991.7773,0.66336,0.02371,0.87755,1,0.0000,0.0000,0,0,ang_step
7991.7940,0.66558,0.02390,0.87770,1,0.0000,0.0000,0,0,ang_step
7991.8106,0.66650,0.02401,0.87248,1,0.0000,0.0000,0,0,ang_step
7991.8273,0.66528,0.02392,0.87325,1,0.0000,0.0000,0,0,ang_step
7991.8440,0.66979,0.02441,0.86957,1,0.0000,0.0000,0,0,ang_step
7991.8606,0.66663,0.02410,0.87451,1,0.0000,0.0000,0,0,ang_step
7991.8773,0.66773,0.02426,0.87773,1,0.0000,0.0000,0,0,ang_step
7991.8940,0.66440,0.02389,0.87618,1,0.0000,0.0000,0,0,ang_step
7991.9106,0.66445,0.02390,0.87676,1,0.0000,0.0000,0,0,ang_step
7991.9273,0.66342,0.02382,0.87796,1,0.0000,0.0000,0,0,ang_step
7991.9439,0.66430,0.02370,0.87293,1,0.0000,0.0000,0,0,ang_step
7991.9606,0.66557,0.02394,0.87243,1,0.0000,0.0000,0,0,ang_step
7991.9773,0.66426,0.02370,0.87575,1,0.0000,0.0000,0,0,ang_step
7991.9939,0.66642,0.02413,0.87718,1,0.0000,0.0000,0,0,ang_step
7992.0106,0.66511,0.02403,0.87907,1,0.0000,0.0000,0,0,ang_step
7992.0273,0.66451,0.02375,0.87451,1,0.0000,-0.5000,0,250,ang_step
7992.0439,0.66120,0.02344,0.87813,1,0.0000,-0.5000,0,250,ang_step
7992.0606,0.65812,0.02320,0.91863,1,0.0000,-0.5000,0,250,ang_step
7992.0773,0.66526,0.02369,0.99973,1,0.0000,-0.5000,0,250,ang_step
7992.0939,0.66427,0.02283,1.15709,1,0.0000,-0.5000,0,250,ang_step
7992.1106,0.67389,0.02572,1.33837,1,0.0000,-0.5000,0,250,ang_step
7992.1273,0.68543,0.03075,1.56173,1,0.0000,-0.5000,0,250,ang_step
7992.1439,0.72145,0.04088,1.87334,1,0.0000,-0.5000,0,250,ang_step
7992.1606,0.74148,0.05036,2.22263,1,0.0000,-0.5000,0,250,ang_step
7992.1772,,,,0,0.0000,-0.5000,0,250,ang_step
7992.1939,,,,0,0.0000,-0.5000,0,250,ang_step
7992.2106,,,,0,0.0000,-0.5000,0,250,ang_step
7992.2272,0.75724,0.09539,-2.22328,1,0.0000,-0.5000,0,250,ang_step
7992.2439,0.74286,0.10489,-1.71624,1,0.0000,-0.5000,0,250,ang_step
7992.2606,0.68757,0.10255,-1.20905,1,0.0000,-0.5000,0,250,ang_step
7992.2772,0.71447,0.11355,-0.77367,1,0.0000,-0.5000,0,250,ang_step
7992.2939,0.70140,0.11589,-0.27288,1,0.0000,-0.5000,0,250,ang_step
7992.3106,0.71417,0.11819,0.17901,1,0.0000,-0.5000,0,250,ang_step
7992.3272,0.69574,0.11345,0.06981,1,0.0000,-0.5000,0,250,ang_step
7992.3439,0.71455,0.11351,1.23429,1,0.0000,-0.5000,0,250,ang_step
7992.3606,0.71396,0.11247,1.71838,1,0.0000,-0.5000,0,250,ang_step
7992.3772,0.76412,0.12102,2.23793,1,0.0000,-0.5000,0,250,ang_step
7992.3939,,,,0,0.0000,-0.5000,0,250,ang_step
7992.4105,,,,0,0.0000,-0.5000,0,250,ang_step
7992.4272,,,,0,0.0000,-0.5000,0,250,ang_step
7992.4439,0.77060,0.14587,-2.06497,1,0.0000,-0.5000,0,250,ang_step
7992.4605,0.74613,0.14857,-1.57864,1,0.0000,-0.5000,0,250,ang_step
7992.4772,0.73044,0.15098,0.85956,1,0.0000,-0.5000,0,250,ang_step
7992.4939,0.70815,0.14924,0.49546,1,0.0000,-0.5000,0,250,ang_step
7992.5105,0.71043,0.14875,-0.12666,1,0.0000,-0.5000,0,250,ang_step
7992.5272,0.70175,0.14489,0.17932,1,0.0000,-0.5000,0,250,ang_step
7992.5439,0.70128,0.13910,0.90885,1,0.0000,-0.5000,0,250,ang_step
7992.5605,0.70143,0.13515,1.41372,1,0.0000,-0.5000,0,250,ang_step
7992.5772,0.74460,0.14062,1.92947,1,0.0000,-0.5000,0,250,ang_step
7992.5939,0.78517,0.14776,2.38085,1,0.0000,-0.5000,0,250,ang_step
7992.6105,,,,0,0.0000,-0.5000,0,250,ang_step
7992.6272,,,,0,0.0000,-0.5000,0,250,ang_step
7992.6438,,,,0,0.0000,-0.5000,0,250,ang_step
7992.6605,0.77267,0.16606,-1.86096,1,0.0000,-0.5000,0,250,ang_step
7992.6772,0.70309,0.15652,-1.36802,1,0.0000,0.0000,0,0,ang_step
7992.6938,0.69867,0.15952,-0.90723,1,0.0000,0.0000,0,0,ang_step
7992.7105,0.71979,0.16635,-0.53825,1,0.0000,0.0000,0,0,ang_step
7992.7272,0.70506,0.16349,-0.20822,1,0.0000,0.0000,0,0,ang_step
7992.7438,0.70849,0.16236,0.03945,1,0.0000,0.0000,0,0,ang_step
7992.7605,0.70215,0.15940,0.26217,1,0.0000,0.0000,0,0,ang_step
7992.7772,0.69626,0.15573,0.27555,1,0.0000,0.0000,0,0,ang_step
7992.7938,0.69140,0.15274,0.23232,1,0.0000,0.0000,0,0,ang_step
7992.8105,0.68643,0.14983,0.21221,1,0.0000,0.0000,0,0,ang_step
7992.8272,0.70514,0.15477,0.37148,1,0.0000,0.0000,0,0,ang_step
7992.8438,0.70918,0.15552,0.22941,1,0.0000,0.0000,0,0,ang_step
7992.8605,0.70896,0.15562,0.23334,1,0.0000,0.0000,0,0,ang_step
7992.8771,0.70818,0.15497,0.22404,1,0.0000,0.0000,0,0,ang_step
7992.8938,0.70399,0.15450,0.36584,1,0.0000,0.0000,0,0,ang_step
7992.9105,0.69961,0.15340,0.36650,1,0.0000,0.0000,0,0,ang_step
7992.9271,0.70283,0.15422,0.36336,1,0.0000,0.0000,0,0,ang_step
7992.9438,0.69887,0.15332,0.35700,1,0.0000,0.0000,0,0,ang_step
7992.9605,0.71847,0.15729,0.18844,1,0.0000,0.0000,0,0,ang_step
7992.9771,0.69643,0.15252,0.35193,1,0.0000,0.0000,0,0,ang_step
7992.9938,0.70252,0.15417,0.35703,1,0.0000,0.0000,0,0,ang_step
7993.0105,0.70434,0.15438,0.36027,1,0.0000,0.0000,0,0,ang_step
7993.0271,0.70791,0.15520,0.37410,1,0.0000,0.0000,0,0,ang_step
7993.0438,0.69690,0.15289,0.36321,1,0.0000,0.0000,0,0,ang_step
7993.0605,0.70786,0.15529,0.37357,1,0.0000,0.0000,0,0,ang_step
7993.0771,0.70046,0.15403,0.35587,1,0.0000,0.0000,0,0,ang_step
7993.0938,0.70812,0.15546,0.36114,1,0.0000,0.0000,0,0,ang_step
7993.1104,0.72172,0.15870,0.21481,1,0.0000,0.0000,0,0,ang_step
7993.1271,0.70434,0.15440,0.36986,1,0.0000,0.0000,0,0,ang_step
7993.1438,0.70165,0.15364,0.35968,1,0.0000,0.0000,0,0,ang_step
7993.1604,0.69720,0.15248,0.34812,1,0.0000,0.0000,0,0,ang_step
7993.1771,0.70304,0.15441,0.36424,1,0.0000,0.0000,0,0,ang_step
7993.1938,0.70346,0.15423,0.36567,1,0.0000,0.0000,0,0,ang_step
7993.2104,0.70917,0.15538,0.38224,1,0.0000,0.0000,0,0,ang_step
7993.2271,0.70427,0.15446,0.36472,1,0.0000,0.0000,0,0,ang_step
7993.2438,0.70553,0.15484,0.22364,1,0.0000,0.0000,0,0,ang_step
7993.2604,0.72028,0.15855,0.37868,1,0.0000,0.0000,0,0,ang_step
7993.2771,0.69567,0.15225,0.35042,1,0.0000,0.0000,0,0,ang_step
7993.2938,0.71922,0.15777,0.22479,1,0.0000,0.0000,0,0,ang_step
7993.3104,0.70540,0.15469,0.37365,1,0.0000,0.0000,0,0,ang_step
7993.3271,0.71842,0.15784,0.20721,1,0.0000,0.0000,0,0,ang_step
7993.3437,0.70575,0.15459,0.36725,1,0.0000,0.0000,0,0,ang_step
7993.3604,0.71331,0.15682,0.35838,1,0.0000,0.0000,0,0,ang_step
7993.3771,0.70041,0.15319,0.36418,1,0.0000,0.0000,0,0,ang_step
7993.3937,0.70600,0.15516,0.37126,1,0.0000,0.0000,0,0,ang_step
7993.4104,0.70286,0.15401,0.36669,1,0.0000,0.0000,0,0,ang_step
7993.4271,0.70154,0.15343,0.19093,1,0.0000,0.0000,0,0,ang_step
7993.4437,0.70789,0.15506,0.37050,1,0.0000,0.0000,0,0,ang_step
7993.4604,0.69391,0.15205,0.35454,1,0.0000,0.0000,0,0,ang_step
7993.4771,0.69990,0.15341,0.35478,1,0.0000,0.0000,0,0,ang_step
7993.4937,0.70028,0.15331,0.35623,1,0.0000,0.0000,0,0,ang_step
7993.5104,0.71699,0.15731,0.18674,1,0.0000,0.0000,0,0,ang_step
7993.5271,0.70436,0.15438,0.37259,1,0.0000,0.0000,0,0,ang_step
7993.5437,0.71288,0.15655,0.36670,1,0.0000,0.0000,0,0,ang_step
7993.5604,0.69906,0.15304,0.36085,1,0.0000,0.0000,0,0,ang_step
7993.5770,0.70334,0.15448,0.35475,1,0.0000,0.0000,0,0,ang_step
7993.5937,0.69288,0.15177,0.34174,1,0.0000,0.0000,0,0,ang_step
7993.6104,0.70142,0.15402,0.35841,1,0.0000,0.0000,0,0,ang_step
7993.6270,0.69292,0.15173,0.34993,1,0.0000,0.0000,0,0,ang_step
7993.6437,0.71696,0.15752,0.19320,1,0.0000,0.0000,0,0,ang_step
7993.6604,0.70004,0.15365,0.36456,1,0.0000,0.0000,0,0,ang_step
7993.6770,0.70143,0.15370,0.36184,1,0.0000,0.0000,0,0,ang_step
7993.6937,0.69982,0.15343,0.36949,1,0.0000,0.7500,0,-375,ang_step
7993.7104,0.71608,0.15698,0.19450,1,0.0000,0.7500,0,-375,ang_step
7993.7270,0.71306,0.15765,0.27732,1,0.0000,0.7500,0,-375,ang_step
7993.7437,0.69458,0.15484,0.27131,1,0.0000,0.7500,0,-375,ang_step
7993.7604,0.68586,0.15609,0.31753,1,0.0000,0.7500,0,-375,ang_step
7993.7770,0.67412,0.15656,0.37404,1,0.0000,0.7500,0,-375,ang_step
7993.7937,0.67087,0.16072,-0.61295,1,0.0000,0.7500,0,-375,ang_step
7993.8103,0.67396,0.16701,-0.96842,1,0.0000,0.7500,0,-375,ang_step
7993.8270,0.67676,0.17341,-1.38161,1,0.0000,0.7500,0,-375,ang_step
7993.8437,0.73907,0.19338,-1.89964,1,0.0000,0.7500,0,-375,ang_step
7993.8603,,,,0,0.0000,0.7500,0,-375,ang_step
7993.8770,,,,0,0.0000,0.7500,0,-375,ang_step
7993.8937,,,,0,0.0000,0.7500,0,-375,ang_step
7993.9103,0.77198,0.19610,2.23712,1,0.0000,0.7500,0,-375,ang_step
7993.9270,,,,0,0.0000,0.7500,0,-375,ang_step
7993.9437,0.72029,0.18091,1.09649,1,0.0000,0.7500,0,-375,ang_step
7993.9603,0.71678,0.18135,0.44021,1,0.0000,0.7500,0,-375,ang_step
7993.9770,0.70534,0.18518,-0.22126,1,0.0000,0.7500,0,-375,ang_step
7993.9937,0.67875,0.18521,-0.85695,1,0.0000,0.7500,0,-375,ang_step
7994.0103,0.72354,0.20264,-1.47562,1,0.0000,0.7500,0,-375,ang_step
7994.0270,,,,0,0.0000,0.7500,0,-375,ang_step
7994.0436,,,,0,0.0000,0.7500,0,-375,ang_step
7994.0603,,,,0,0.0000,0.7500,0,-375,ang_step
7994.0770,0.75074,0.20463,2.26053,1,0.0000,0.7500,0,-375,ang_step
7994.0936,0.74702,0.20085,-0.47658,1,0.0000,0.7500,0,-375,ang_step
7994.1103,0.73272,0.19759,1.01376,1,0.0000,0.7500,0,-375,ang_step
7994.1270,0.73735,0.20308,0.30412,1,0.0000,0.0000,0,0,ang_step
7994.1436,0.69925,0.19914,-0.35058,1,0.0000,0.0000,0,0,ang_step
7994.1603,0.71100,0.20696,-0.92110,1,0.0000,0.0000,0,0,ang_step
7994.1770,,,,0,0.0000,0.0000,0,0,ang_step
7994.1936,0.73258,0.21766,-1.91608,1,0.0000,0.0000,0,0,ang_step
7994.2103,,,,0,0.0000,0.0000,0,0,ang_step
7994.2270,,,,0,0.0000,0.0000,0,0,ang_step
7994.2436,,,,0,0.0000,0.0000,0,0,ang_step
7994.2603,,,,0,0.0000,0.0000,0,0,ang_step
7994.2770,,,,0,0.0000,0.0000,0,0,ang_step
7994.2936,,,,0,0.0000,0.0000,0,0,ang_step
7994.3103,,,,0,0.0000,0.0000,0,0,ang_step
7994.3269,,,,0,0.0000,0.0000,0,0,ang_step
7994.3436,,,,0,0.0000,0.0000,0,0,ang_step
7994.3603,,,,0,0.0000,0.0000,0,0,ang_step
7994.3769,,,,0,0.0000,0.0000,0,0,ang_step
7994.3936,,,,0,0.0000,0.0000,0,0,ang_step
7994.4103,,,,0,0.0000,0.0000,0,0,ang_step
7994.4269,,,,0,0.0000,0.0000,0,0,ang_step
7994.4436,,,,0,0.0000,0.0000,0,0,ang_step
7994.4603,,,,0,0.0000,0.0000,0,0,ang_step
7994.4769,,,,0,0.0000,0.0000,0,0,ang_step
7994.4936,,,,0,0.0000,0.0000,0,0,ang_step
7994.5103,,,,0,0.0000,0.0000,0,0,ang_step
7994.5269,,,,0,0.0000,0.0000,0,0,ang_step
7994.5436,,,,0,0.0000,0.0000,0,0,ang_step
7994.5602,,,,0,0.0000,0.0000,0,0,ang_step
7994.5769,,,,0,0.0000,0.0000,0,0,ang_step
7994.5936,,,,0,0.0000,0.0000,0,0,ang_step
7994.6102,,,,0,0.0000,0.0000,0,0,ang_step
7994.6269,,,,0,0.0000,0.0000,0,0,ang_step
7994.6436,,,,0,0.0000,0.0000,0,0,ang_step
7994.6602,,,,0,0.0000,0.0000,0,0,ang_step
7994.6769,,,,0,0.0000,0.0000,0,0,ang_step
7994.6936,,,,0,0.0000,0.0000,0,0,ang_step
7994.7102,,,,0,0.0000,0.0000,0,0,ang_step
7994.7269,,,,0,0.0000,0.0000,0,0,ang_step
7994.7436,,,,0,0.0000,0.0000,0,0,ang_step
7994.7602,,,,0,0.0000,0.0000,0,0,ang_step
7994.7769,,,,0,0.0000,0.0000,0,0,ang_step
7994.7935,,,,0,0.0000,0.0000,0,0,ang_step
7994.8102,,,,0,0.0000,0.0000,0,0,ang_step
7994.8269,,,,0,0.0000,0.0000,0,0,ang_step
7994.8435,,,,0,0.0000,0.0000,0,0,ang_step
7994.8602,,,,0,0.0000,0.0000,0,0,ang_step
7994.8769,,,,0,0.0000,0.0000,0,0,ang_step
7994.8935,,,,0,0.0000,0.0000,0,0,ang_step
7994.9102,,,,0,0.0000,0.0000,0,0,ang_step
7994.9269,,,,0,0.0000,0.0000,0,0,ang_step
7994.9435,,,,0,0.0000,0.0000,0,0,ang_step
7994.9602,,,,0,0.0000,0.0000,0,0,ang_step
7994.9769,,,,0,0.0000,0.0000,0,0,ang_step
7994.9935,,,,0,0.0000,0.0000,0,0,ang_step
7995.0102,,,,0,0.0000,0.0000,0,0,ang_step
7995.0268,,,,0,0.0000,0.0000,0,0,ang_step
7995.0435,,,,0,0.0000,0.0000,0,0,ang_step
7995.0602,,,,0,0.0000,0.0000,0,0,ang_step
7995.0768,,,,0,0.0000,0.0000,0,0,ang_step
7995.0935,,,,0,0.0000,0.0000,0,0,ang_step
7995.1102,,,,0,0.0000,0.0000,0,0,ang_step
7995.1268,,,,0,0.0000,0.0000,0,0,ang_step
7995.1435,,,,0,0.0000,-0.7500,0,375,ang_step
7995.1602,,,,0,0.0000,-0.7500,0,375,ang_step
7995.1768,,,,0,0.0000,-0.7500,0,375,ang_step
7995.1935,,,,0,0.0000,-0.7500,0,375,ang_step
7995.2102,,,,0,0.0000,-0.7500,0,375,ang_step
7995.2268,,,,0,0.0000,-0.7500,0,375,ang_step
7995.2435,,,,0,0.0000,-0.7500,0,375,ang_step
7995.2601,0.73408,0.21263,-1.92474,1,0.0000,-0.7500,0,375,ang_step
7995.2768,0.70566,0.20555,2.61953,1,0.0000,-0.7500,0,375,ang_step
7995.2935,0.65234,0.19215,-0.97499,1,0.0000,-0.7500,0,375,ang_step
7995.3101,0.66172,0.19257,-0.42415,1,0.0000,-0.7500,0,375,ang_step
7995.3268,0.69066,0.19548,0.27392,1,0.0000,-0.7500,0,375,ang_step
7995.3435,0.64880,0.17656,0.87173,1,0.0000,-0.7500,0,375,ang_step
7995.3601,0.62193,0.16192,1.52067,1,0.0000,-0.7500,0,375,ang_step
7995.3768,0.68141,0.17209,2.18784,1,0.0000,-0.7500,0,375,ang_step
7995.3935,,,,0,0.0000,-0.7500,0,375,ang_step
7995.4101,,,,0,0.0000,-0.7500,0,375,ang_step
7995.4268,0.69757,0.17878,-2.06538,1,0.0000,-0.7500,0,375,ang_step
7995.4435,0.63180,0.16580,-1.29267,1,0.0000,-0.7500,0,375,ang_step
7995.4601,0.63141,0.16643,-0.56119,1,0.0000,-0.7500,0,375,ang_step
7995.4768,0.63660,0.16363,0.29550,1,0.0000,-0.7500,0,375,ang_step
7995.4934,0.62125,0.15363,0.99549,1,0.0000,-0.7500,0,375,ang_step
7995.5101,0.62886,0.15031,1.74454,1,0.0000,-0.7500,0,375,ang_step
7995.5268,,,,0,0.0000,-0.7500,0,375,ang_step
7995.5434,0.66326,0.15787,-3.06121,1,0.0000,-0.7500,0,375,ang_step
7995.5601,0.68271,0.16735,-2.25887,1,0.0000,-0.7500,0,375,ang_step
7995.5768,0.64485,0.16199,2.69673,1,0.0000,0.0000,0,0,ang_step
7995.5934,0.59703,0.15136,-0.80951,1,0.0000,0.0000,0,0,ang_step
7995.6101,0.62213,0.15492,0.29806,1,0.0000,0.0000,0,0,ang_step
7995.6268,0.59791,0.14435,0.24570,1,0.0000,0.0000,0,0,ang_step
7995.6434,0.58881,0.13671,0.82637,1,0.0000,0.0000,0,0,ang_step
7995.6601,0.57953,0.12933,1.17308,1,0.0000,0.0000,0,0,ang_step
7995.6768,0.58180,0.12498,1.43371,1,0.0000,0.0000,0,0,ang_step
7995.6934,0.59182,0.12301,1.61755,1,0.0000,0.0000,0,0,ang_step
7995.7101,0.62844,0.12770,1.77626,1,0.0000,0.0000,0,0,ang_step
7995.7267,0.60496,0.12003,1.82509,1,0.0000,0.0000,0,0,ang_step
7995.7434,0.62087,0.12255,1.87920,1,0.0000,0.0000,0,0,ang_step
7995.7601,0.61271,0.11998,1.84958,1,0.0000,0.0000,0,0,ang_step
7995.7767,0.60436,0.11857,1.86258,1,0.0000,0.0000,0,0,ang_step
7995.7934,0.60978,0.11849,1.83033,1,0.0000,0.0000,0,0,ang_step
7995.8101,0.62134,0.12208,1.86644,1,0.0000,0.0000,0,0,ang_step
7995.8267,0.60427,0.11864,1.86668,1,0.0000,0.0000,0,0,ang_step
7995.8434,0.59144,0.11503,1.85076,1,0.0000,0.0000,0,0,ang_step
7995.8601,0.61566,0.12100,1.84374,1,0.0000,0.0000,0,0,ang_step
7995.8767,0.59843,0.11669,1.84422,1,0.0000,0.0000,0,0,ang_step
7995.8934,0.60641,0.11880,1.85644,1,0.0000,0.0000,0,0,ang_step
7995.9101,0.60385,0.11853,1.86822,1,0.0000,0.0000,0,0,ang_step
7995.9267,0.62006,0.12131,1.86693,1,0.0000,0.0000,0,0,ang_step
7995.9434,0.61614,0.12075,1.87597,1,0.0000,0.0000,0,0,ang_step
7995.9600,0.60394,0.11796,1.85637,1,0.0000,0.0000,0,0,ang_step
7995.9767,0.61015,0.12002,1.85335,1,0.0000,0.0000,0,0,ang_step
7995.9934,0.60209,0.11788,-1.71474,1,0.0000,0.0000,0,0,ang_step
7996.0100,0.59798,0.11706,1.86187,1,0.0000,0.0000,0,0,ang_step
7996.0267,0.60867,0.11919,-1.89344,1,0.0000,0.0000,0,0,ang_step
7996.0434,0.59696,0.11718,-1.68110,1,0.0000,0.0000,0,0,ang_step
7996.0600,0.58687,0.11432,1.84584,1,0.0000,0.0000,0,0,ang_step
7996.0767,0.60654,0.11859,1.85025,1,0.0000,0.0000,0,0,ang_step
7996.0934,0.60523,0.11819,-1.89358,1,0.0000,0.0000,0,0,ang_step
7996.1100,0.60082,0.11743,1.86112,1,0.0000,0.0000,0,0,ang_step
7996.1267,0.60497,0.11804,1.82764,1,0.0000,0.0000,0,0,ang_step
7996.1434,0.60030,0.11673,1.86258,1,0.0000,0.0000,0,0,ang_step
7996.1600,0.60384,0.11842,1.85953,1,0.0000,0.0000,0,0,ang_step
7996.1767,0.61828,0.12070,1.86516,1,0.0000,0.0000,0,0,ang_step
7996.1933,0.61950,0.12161,1.86799,1,0.0000,0.0000,0,0,ang_step
7996.2100,0.60281,0.11728,1.86534,1,0.0000,0.0000,0,0,ang_step
7996.2267,0.59922,0.11649,1.86330,1,0.0000,0.0000,0,0,ang_step
7996.2433,0.61110,0.11962,1.87489,1,0.0000,0.0000,0,0,ang_step
7996.2600,0.61301,0.12003,1.87463,1,0.0000,0.0000,0,0,ang_step
7996.2767,0.61342,0.12001,-1.84522,1,0.0000,0.0000,0,0,ang_step
7996.2933,0.62392,0.12186,1.84449,1,0.0000,0.0000,0,0,ang_step
7996.3100,0.59820,0.11628,1.86516,1,0.0000,0.0000,0,0,ang_step
7996.3267,0.59228,0.11557,1.84585,1,0.0000,0.0000,0,0,ang_step
7996.3433,0.60882,0.11912,-1.86653,1,0.0000,0.0000,0,0,ang_step
7996.3600,0.60346,0.11758,1.84004,1,0.0000,0.0000,0,0,ang_step
7996.3767,0.62943,0.12344,1.85640,1,0.0000,0.0000,0,0,ang_step
7996.3933,0.60420,0.11723,1.86088,1,0.0000,0.0000,0,0,ang_step
7996.4100,0.61894,0.12193,1.85711,1,0.0000,0.0000,0,0,ang_step
7996.4266,0.60278,0.11769,-1.89458,1,0.0000,0.0000,0,0,ang_step
7996.4433,0.60153,0.11736,1.84160,1,0.0000,0.0000,0,0,ang_step
7996.4600,0.60517,0.11845,1.85881,1,0.0000,0.0000,0,0,ang_step
7996.4766,0.59002,0.11486,1.85382,1,0.0000,0.0000,0,0,ang_step
7996.4933,0.60769,0.11913,1.85610,1,0.0000,0.0000,0,0,ang_step
7996.5100,0.58145,0.11303,1.85659,1,0.0000,0.0000,0,0,ang_step
7996.5266,0.59734,0.11683,1.83811,1,0.0000,0.0000,0,0,ang_step
7996.5433,0.59426,0.11593,1.84607,1,0.0000,0.0000,0,0,ang_step
7996.5600,0.60402,0.11854,1.87137,1,0.0000,0.0000,0,0,ang_step
7996.5766,0.61267,0.12001,1.87867,1,0.0000,0.0000,0,0,ang_step
7996.5933,0.60011,0.11735,1.86802,1,0.0000,1.0000,0,-500,ang_step
7996.6100,0.60908,0.11929,1.80831,1,0.0000,1.0000,0,-500,ang_step
7996.6266,0.63092,0.12390,-0.65450,1,0.0000,1.0000,0,-500,ang_step
7996.6433,0.57881,0.11058,1.51571,1,0.0000,1.0000,0,-500,ang_step
7996.6599,0.58261,0.10905,1.28026,1,0.0000,1.0000,0,-500,ang_step
7996.6766,0.57800,0.10751,0.98909,1,0.0000,1.0000,0,-500,ang_step
7996.6933,0.58835,0.10925,0.58932,1,0.0000,1.0000,0,-500,ang_step
7996.7099,0.58611,0.11077,0.08480,1,0.0000,1.0000,0,-500,ang_step
7996.7266,0.57237,0.10967,-0.43922,1,0.0000,1.0000,0,-500,ang_step
7996.7433,0.57351,0.11494,-0.99868,1,0.0000,1.0000,0,-500,ang_step
7996.7599,0.62701,0.12984,-3.09306,1,0.0000,1.0000,0,-500,ang_step
7996.7766,,,,0,0.0000,1.0000,0,-500,ang_step
7996.7933,,,,0,0.0000,1.0000,0,-500,ang_step
7996.8099,,,,0,0.0000,1.0000,0,-500,ang_step
7996.8266,0.58718,0.11116,1.85889,1,0.0000,1.0000,0,-500,ang_step
7996.8433,0.57037,0.10675,1.07663,1,0.0000,1.0000,0,-500,ang_step
7996.8599,0.59172,0.11399,0.26374,1,0.0000,1.0000,0,-500,ang_step
7996.8766,0.56382,0.11129,-0.57785,1,0.0000,1.0000,0,-500,ang_step
7996.8932,0.56243,0.11541,-1.37277,1,0.0000,1.0000,0,-500,ang_step
7996.9099,0.60891,0.12700,-2.16424,1,0.0000,0.0000,0,0,ang_step
7996.9266,,,,0,0.0000,0.0000,0,0,ang_step
7996.9432,0.60836,0.11722,2.48448,1,0.0000,0.0000,0,0,ang_step
7996.9599,0.58521,0.10736,1.81215,1,0.0000,0.0000,0,0,ang_step
7996.9766,0.54601,0.09739,1.17641,1,0.0000,0.0000,0,0,ang_step
7996.9932,0.55233,0.09983,0.62505,1,0.0000,0.0000,0,0,ang_step
7997.0099,0.55054,0.10308,0.10301,1,0.0000,0.0000,0,0,ang_step
7997.0266,0.53921,0.10514,-0.30028,1,0.0000,0.0000,0,0,ang_step
7997.0432,0.52988,0.10604,-0.65595,1,0.0000,0.0000,0,0,ang_step
7997.0599,0.53780,0.11046,-0.85014,1,0.0000,0.0000,0,0,ang_step
7997.0766,0.53747,0.11191,-0.99961,1,0.0000,0.0000,0,0,ang_step
7997.0932,0.55010,0.11550,-1.11523,1,0.0000,0.0000,0,0,ang_step
7997.1099,0.54281,0.11342,-1.14647,1,0.0000,0.0000,0,0,ang_step
7997.1265,0.54810,0.11395,-1.17599,1,0.0000,0.0000,0,0,ang_step
7997.1432,0.56164,0.11651,-1.16688,1,0.0000,0.0000,0,0,ang_step
7997.1599,0.56750,0.11829,-1.17644,1,0.0000,0.0000,0,0,ang_step
7997.1765,0.55013,0.11400,-1.16277,1,0.0000,0.0000,0,0,ang_step
7997.1932,0.54742,0.11328,-1.17831,1,0.0000,0.0000,0,0,ang_step
7997.2099,0.54823,0.11391,-1.18050,1,0.0000,0.0000,0,0,ang_step
7997.2265,0.55160,0.11421,-1.16691,1,0.0000,0.0000,0,0,ang_step
7997.2432,0.54910,0.11385,-1.16790,1,0.0000,0.0000,0,0,ang_step
7997.2599,0.54412,0.11287,-1.17396,1,0.0000,0.0000,0,0,ang_step
7997.2765,0.53659,0.11120,-1.17357,1,0.0000,0.0000,0,0,ang_step
7997.2932,0.53376,0.11038,-1.18851,1,0.0000,0.0000,0,0,ang_step
7997.3099,0.53315,0.11032,-1.17899,1,0.0000,0.0000,0,0,ang_step
7997.3265,0.53907,0.11155,-1.16893,1,0.0000,0.0000,0,0,ang_step
7997.3432,0.54121,0.11154,0.86364,1,0.0000,0.0000,0,0,ang_step
7997.3598,0.53224,0.10975,-1.19386,1,0.0000,0.0000,0,0,ang_step
7997.3765,0.53822,0.11112,-1.18521,1,0.0000,0.0000,0,0,ang_step
7997.3932,0.54085,0.11224,-1.17122,1,0.0000,0.0000,0,0,ang_step
7997.4098,0.54191,0.11183,-1.18160,1,0.0000,0.0000,0,0,ang_step
7997.4265,0.53892,0.11145,-1.18591,1,0.0000,0.0000,0,0,ang_step
7997.4432,0.54097,0.11172,-1.16825,1,0.0000,0.0000,0,0,ang_step
7997.4598,0.54291,0.11245,-1.17216,1,0.0000,0.0000,0,0,ang_step
7997.4765,0.53003,0.10937,-1.18618,1,0.0000,0.0000,0,0,ang_step
7997.4932,0.53159,0.10963,-1.19009,1,0.0000,0.0000,0,0,ang_step
7997.5098,0.54574,0.11307,-1.17170,1,0.0000,0.0000,0,0,ang_step
7997.5265,0.53853,0.11132,-1.18419,1,0.0000,0.0000,0,0,ang_step
7997.5432,0.54934,0.11400,-1.18195,1,0.0000,0.0000,0,0,ang_step
7997.5598,0.53149,0.10984,-1.18920,1,0.0000,0.0000,0,0,ang_step
7997.5765,0.53739,0.11152,-1.17691,1,0.0000,0.0000,0,0,ang_step
7997.5931,0.54815,0.11369,-1.16924,1,0.0000,0.0000,0,0,ang_step
7997.6098,0.53919,0.11139,-1.18742,1,0.0000,0.0000,0,0,ang_step
7997.6265,0.55352,0.11462,-1.17034,1,0.0000,0.0000,0,0,ang_step
7997.6431,0.53806,0.11164,-1.17623,1,0.0000,0.0000,0,0,ang_step
7997.6598,0.54590,0.11348,-1.17640,1,0.0000,0.0000,0,0,ang_step
7997.6765,0.53634,0.11089,-1.19235,1,0.0000,0.0000,0,0,ang_step
7997.6931,0.55802,0.11572,-1.16097,1,0.0000,0.0000,0,0,ang_step
7997.7098,0.53454,0.11073,-1.17868,1,0.0000,0.0000,0,0,ang_step
7997.7265,0.53950,0.11183,-1.18124,1,0.0000,0.0000,0,0,ang_step
7997.7431,0.53264,0.11014,-1.18568,1,0.0000,0.0000,0,0,ang_step
7997.7598,0.54226,0.11256,-1.17442,1,0.0000,0.0000,0,0,ang_step
7997.7765,0.53295,0.10965,-1.17973,1,0.0000,0.0000,0,0,ang_step
7997.7931,0.53966,0.11197,-1.17387,1,0.0000,0.0000,0,0,ang_step
7997.8098,0.55412,0.11502,-1.17238,1,0.0000,0.0000,0,0,ang_step
7997.8264,0.53409,0.11061,-1.18106,1,0.0000,0.0000,0,0,ang_step
7997.8431,0.54711,0.11366,-1.17966,1,0.0000,0.0000,0,0,ang_step
7997.8598,0.54763,0.11300,-1.16789,1,0.0000,0.0000,0,0,ang_step
7997.8764,0.54071,0.11193,-1.17395,1,0.0000,0.0000,0,0,ang_step
7997.8931,0.53671,0.11125,-1.17831,1,0.0000,0.0000,0,0,ang_step
7997.9098,0.55128,0.11442,-1.17790,1,0.0000,0.0000,0,0,ang_step
7997.9264,0.54675,0.11328,-1.18194,1,0.0000,-1.0000,0,500,ang_step
7997.9431,0.53579,0.10942,-1.14567,1,0.0000,-1.0000,0,500,ang_step
7997.9598,0.53688,0.10770,-1.07369,1,0.0000,-1.0000,0,500,ang_step
7997.9764,0.53589,0.10537,-0.94574,1,0.0000,-1.0000,0,500,ang_step
7997.9931,0.54970,0.10552,-0.74799,1,0.0000,-1.0000,0,500,ang_step
7998.0098,0.55182,0.10295,-0.49762,1,0.0000,-1.0000,0,500,ang_step
7998.0264,0.56029,0.10004,-0.15275,1,0.0000,-1.0000,0,500,ang_step
7998.0431,0.55871,0.09446,0.19433,1,0.0000,-1.0000,0,500,ang_step
7998.0598,0.55598,0.08699,0.70299,1,0.0000,-1.0000,0,500,ang_step
7998.0764,0.55293,0.08074,1.18823,1,0.0000,-1.0000,0,500,ang_step
7998.0931,0.61255,0.08699,1.77994,1,0.0000,-1.0000,0,500,ang_step
7998.1097,0.61771,0.08318,2.35013,1,0.0000,-1.0000,0,500,ang_step
7998.1264,,,,0,0.0000,-1.0000,0,500,ang_step
7998.1431,0.62097,0.08733,-2.53227,1,0.0000,-1.0000,0,500,ang_step
7998.1597,0.61731,0.09048,-1.86934,1,0.0000,-1.0000,0,500,ang_step
7998.1764,0.55487,0.07968,-1.09453,1,0.0000,-1.0000,0,500,ang_step
7998.1931,0.59136,0.08482,-0.34402,1,0.0000,-1.0000,0,500,ang_step
7998.2097,0.59346,0.08204,0.46947,1,0.0000,-1.0000,0,500,ang_step
7998.2264,0.58890,0.07514,1.27136,1,0.0000,-1.0000,0,500,ang_step
7998.2431,0.62421,0.07732,2.10404,1,0.0000,-1.0000,0,500,ang_step
7998.2597,0.61000,0.07543,2.90270,1,0.0000,0.0000,0,0,ang_step
7998.2764,,,,0,0.0000,0.0000,0,0,ang_step
7998.2931,0.62980,0.08572,-1.80680,1,0.0000,0.0000,0,0,ang_step
7998.3097,0.58879,0.07876,-1.11137,1,0.0000,0.0000,0,0,ang_step
7998.3264,0.57827,0.07530,-0.51555,1,0.0000,0.0000,0,0,ang_step
7998.3430,0.59477,0.07329,0.02210,1,0.0000,0.0000,0,0,ang_step
7998.3597,0.59174,0.06713,0.14176,1,0.0000,0.0000,0,0,ang_step
7998.3764,0.58117,0.05866,0.82476,1,0.0000,0.0000,0,0,ang_step
7998.3930,0.56918,0.05057,1.04574,1,0.0000,0.0000,0,0,ang_step
7998.4098,0.58330,0.04763,1.15849,1,0.0000,0.0000,0,0,ang_step
7998.4265,0.58206,0.04244,1.24878,1,0.0000,0.0000,0,0,ang_step
7998.4431,0.58693,0.03886,1.31272,1,0.0000,0.0000,0,0,ang_step
7998.4598,0.58780,0.03666,1.34754,1,0.0000,0.0000,0,0,ang_step
7998.4765,0.58389,0.03536,1.36237,1,0.0000,0.0000,0,0,ang_step
7998.4931,0.58565,0.03565,1.35232,1,0.0000,0.0000,0,0,ang_step
7998.5098,0.58277,0.03526,1.36142,1,0.0000,0.0000,0,0,ang_step
7998.5265,0.58530,0.03557,1.35762,1,0.0000,0.0000,0,0,ang_step
7998.5431,0.58421,0.03549,1.35777,1,0.0000,0.0000,0,0,ang_step
7998.5598,0.58156,0.03520,1.36404,1,0.0000,0.0000,0,0,ang_step
7998.5765,0.58675,0.03585,1.35189,1,0.0000,0.0000,0,0,ang_step
7998.5931,0.58167,0.03524,1.36403,1,0.0000,0.0000,0,0,ang_step
7998.6098,0.58527,0.03569,1.35580,1,0.0000,0.0000,0,0,ang_step
7998.6265,0.58080,0.03509,1.35979,1,0.0000,0.0000,0,0,ang_step
7998.6431,0.58574,0.03585,1.36328,1,0.0000,0.0000,0,0,ang_step
7998.6598,0.58860,0.03597,1.35634,1,0.0000,0.0000,0,0,ang_step
7998.6764,0.58742,0.03604,1.35161,1,0.0000,0.0000,0,0,ang_step
7998.6931,0.59370,0.03719,1.34293,1,0.0000,0.0000,0,0,ang_step
7998.7098,0.58652,0.03586,1.35754,1,0.0000,0.0000,0,0,ang_step
7998.7264,0.58658,0.03597,1.36212,1,0.0000,0.0000,0,0,ang_step
7998.7431,0.58537,0.03574,1.36095,1,0.0000,0.0000,0,0,ang_step
7998.7598,0.59131,0.03650,1.35619,1,0.0000,0.0000,0,0,ang_step
7998.7764,0.58243,0.03501,1.36161,1,0.0000,0.0000,0,0,ang_step
7998.7931,0.58394,0.03542,1.36141,1,0.0000,0.0000,0,0,ang_step
7998.8098,0.58583,0.03568,1.35426,1,0.0000,0.0000,0,0,ang_step
7998.8264,0.58505,0.03570,1.35901,1,0.0000,0.0000,0,0,ang_step
7998.8431,0.58721,0.03580,1.35557,1,0.0000,0.0000,0,0,ang_step
7998.8598,0.58492,0.03555,1.35596,1,0.0000,0.0000,0,0,ang_step
7998.8764,0.58405,0.03551,1.35913,1,0.0000,0.0000,0,0,ang_step
7998.8931,0.59451,0.03684,1.34578,1,0.0000,0.0000,0,0,ang_step
7998.9097,0.58568,0.03566,1.35563,1,0.0000,0.0000,0,0,ang_step
7998.9264,0.58521,0.03595,1.37353,1,0.0000,0.0000,0,0,ang_step
7998.9431,0.58534,0.03566,1.36049,1,0.0000,0.0000,0,0,ang_step
7998.9597,0.58472,0.03543,1.35806,1,0.0000,0.0000,0,0,ang_step
7998.9764,0.58286,0.03547,1.36752,1,0.0000,0.0000,0,0,ang_step
7998.9931,0.59232,0.03689,1.35207,1,0.0000,0.0000,0,0,ang_step
7999.0097,0.58747,0.03592,1.35446,1,0.0000,0.0000,0,0,ang_step
7999.0264,0.58145,0.03512,1.35959,1,0.0000,0.0000,0,0,ang_step
7999.0431,0.58450,0.03540,1.35752,1,0.0000,0.0000,0,0,ang_step
7999.0597,0.59014,0.03638,1.36106,1,0.0000,0.0000,0,0,ang_step
7999.0764,0.58856,0.03618,1.36184,1,0.0000,0.0000,0,0,ang_step
7999.0931,0.58529,0.03582,1.35815,1,0.0000,0.0000,0,0,ang_step
7999.1097,0.58122,0.03497,1.36558,1,0.0000,0.0000,0,0,ang_step
7999.1264,0.58908,0.03615,1.35128,1,0.0000,0.0000,0,0,ang_step
7999.1430,0.58266,0.03547,1.36366,1,0.0000,0.0000,0,0,ang_step
7999.1597,0.58804,0.03608,1.35399,1,0.0000,0.0000,0,0,ang_step
7999.1764,0.58606,0.03585,1.36475,1,0.0000,0.0000,0,0,ang_step
7999.1930,0.58278,0.03520,1.35591,1,0.0000,0.0000,0,0,ang_step
7999.2097,0.58439,0.03557,1.35515,1,0.0000,0.0000,0,0,ang_step
8009.4918,1.21153,0.08032,0.33698,1,0.0000,0.0000,0,0,ang_step
8009.5085,1.22462,0.08231,0.34551,1,0.0000,0.0000,0,0,ang_step
8009.5251,1.22427,0.08181,0.32377,1,0.0000,0.0000,0,0,ang_step
8009.5418,1.22178,0.08190,0.35125,1,0.0000,0.0000,0,0,ang_step
8009.5585,1.25499,0.08613,0.34545,1,0.0000,0.0000,0,0,ang_step
8009.5751,1.22755,0.08273,0.34229,1,0.0000,0.0000,0,0,ang_step
8009.5918,1.22023,0.08136,0.34052,1,0.0000,0.0000,0,0,ang_step
8009.6085,1.21969,0.08129,0.34853,1,0.0000,0.0000,0,0,ang_step
8009.6251,1.20424,0.07877,0.31757,1,0.0000,0.0000,0,0,ang_step
8009.6418,1.23301,0.08327,0.36145,1,0.0000,0.0000,0,0,ang_step
8009.6584,1.21429,0.08199,0.31685,1,0.0000,0.0000,0,0,ang_step
8009.6751,1.22545,0.08216,0.34135,1,0.0000,0.0000,0,0,ang_step
8009.6918,1.21730,0.08143,0.34429,1,0.0000,0.0000,0,0,ang_step
8009.7084,1.21688,0.08133,0.34736,1,0.0000,0.0000,0,0,ang_step
8009.7251,1.22300,0.08216,0.33988,1,0.0000,0.0000,0,0,ang_step
8009.7418,1.22538,0.08219,0.30662,1,0.0000,0.0000,0,0,ang_step
8009.7584,1.22855,0.08284,0.34027,1,0.0000,0.0000,0,0,ang_step
8009.7751,1.21136,0.08027,0.34457,1,0.1111,0.0000,56,0,slew
8009.7918,1.20941,0.08165,-0.30807,1,0.1111,0.0000,56,0,slew
8009.8084,1.20249,0.08384,0.30087,1,0.1111,0.0000,56,0,slew
8009.8251,1.18458,0.08401,-0.28239,1,0.1111,0.0000,56,0,slew
8009.8418,1.17177,0.08716,0.34781,1,0.2222,0.0000,111,0,slew
8009.8584,1.20222,0.09335,0.40909,1,0.2222,0.0000,111,0,slew
8009.8751,1.16415,0.09467,0.37864,1,0.2222,0.0000,111,0,slew
8009.8917,1.13961,0.09842,0.32977,1,0.3333,0.0000,167,0,slew
8009.9084,1.13238,0.10443,0.39991,1,0.3333,0.0000,167,0,slew
8009.9251,1.12076,0.11157,0.38398,1,0.3333,0.0000,167,0,slew
8009.9417,1.07539,0.11445,-0.32903,1,0.3333,0.0000,167,0,slew
8009.9584,1.05450,0.12269,-0.34152,1,0.4444,0.0000,222,0,slew
8009.9751,1.03230,0.12950,0.34825,1,0.4444,0.0000,222,0,slew
8009.9917,1.00598,0.13904,-0.26856,1,0.4444,0.0000,222,0,slew
8010.0084,0.95604,0.14536,-0.27956,1,0.4444,0.0000,222,0,slew
8010.0251,0.96580,0.16189,-0.31503,1,0.5556,0.0000,278,0,slew
8010.0417,0.89108,0.16333,-0.27744,1,0.5556,0.0000,278,0,slew
8010.0584,0.86394,0.17590,-0.30363,1,0.5556,0.0000,278,0,slew
8010.0751,0.82512,0.18757,-0.33949,1,0.5556,0.0000,278,0,slew
8010.0917,0.77294,0.19691,-0.33673,1,0.6667,0.0000,333,0,slew
8010.1084,0.71589,0.20521,-0.28023,1,0.6667,0.0000,333,0,slew
8010.1250,0.67883,0.21920,-0.32794,1,0.6667,0.0000,333,0,slew
8010.1417,0.63505,0.23469,-0.33712,1,0.6667,0.0000,333,0,slew
8010.1584,0.59973,0.25273,-0.28118,1,0.7778,0.0000,389,0,slew
8010.1750,0.52846,0.26066,-0.36223,1,0.7778,0.0000,389,0,slew
8010.1917,,,,0,0.7778,0.0000,389,0,slew
8010.2084,,,,0,0.8889,0.0000,444,0,slew
8010.2250,,,,0,0.8889,0.0000,444,0,slew
8010.2417,,,,0,0.8889,0.0000,444,0,slew
8010.2584,,,,0,0.8889,0.0000,444,0,slew
8010.2750,,,,0,1.0000,0.0000,500,0,slew
8010.2917,,,,0,1.0000,0.0000,500,0,slew
8010.3084,,,,0,1.0000,0.0000,500,0,slew
8010.3250,,,,0,1.0000,0.0000,500,0,slew
8010.3417,,,,0,1.0000,0.0000,500,0,lin_max
8010.3583,,,,0,1.0000,0.0000,500,0,lin_max
8010.3750,,,,0,1.0000,0.0000,500,0,lin_max
8010.3917,,,,0,1.0000,0.0000,500,0,lin_max
8010.4083,,,,0,1.0000,0.0000,500,0,lin_max
8010.4250,,,,0,1.0000,0.0000,500,0,lin_max
8010.4417,,,,0,1.0000,0.0000,500,0,lin_max
8010.4583,,,,0,1.0000,0.0000,500,0,lin_max
8010.4750,,,,0,1.0000,0.0000,500,0,lin_max
8010.4917,,,,0,1.0000,0.0000,500,0,lin_max
8010.5083,,,,0,1.0000,0.0000,500,0,lin_max
8010.5250,,,,0,1.0000,0.0000,500,0,lin_max
8010.5417,,,,0,0.0000,0.0000,0,0,lin_max
8010.5583,,,,0,0.0000,0.0000,0,0,lin_max
8010.5750,,,,0,0.0000,0.0000,0,0,lin_max
8010.5917,,,,0,0.0000,0.0000,0,0,lin_max
8010.6083,,,,0,0.0000,0.0000,0,0,lin_max
8010.6250,,,,0,0.0000,0.0000,0,0,lin_max
8010.6416,,,,0,0.0000,0.0000,0,0,lin_max
8010.6583,,,,0,0.0000,0.0000,0,0,lin_max
8010.6750,,,,0,0.0000,0.0000,0,0,lin_max
8010.6916,,,,0,0.0000,0.0000,0,0,lin_max
8010.7083,,,,0,0.0000,0.0000,0,0,lin_max
8010.7250,,,,0,0.0000,0.0000,0,0,lin_max
8010.7416,,,,0,0.0000,0.0000,0,0,lin_max
8010.7583,,,,0,0.0000,0.0000,0,0,lin_max
8010.7750,,,,0,0.0000,0.0000,0,0,lin_max
8010.7916,,,,0,0.0000,0.0000,0,0,lin_max
8010.8083,,,,0,0.0000,0.0000,0,0,lin_max
8010.8250,,,,0,0.0000,0.0000,0,0,lin_max
8010.8416,,,,0,0.0000,0.0000,0,0,lin_max
8010.8583,,,,0,0.0000,0.0000,0,0,lin_max
8010.8749,,,,0,0.0000,0.0000,0,0,lin_max
8010.8916,,,,0,0.0000,0.0000,0,0,lin_max
8010.9083,,,,0,0.0000,0.0000,0,0,lin_max
8010.9249,,,,0,0.0000,0.0000,0,0,lin_max
8010.9416,,,,0,0.0000,0.0000,0,0,lin_max
8010.9583,,,,0,0.0000,0.0000,0,0,lin_max
8010.9749,,,,0,0.0000,0.0000,0,0,lin_max
8010.9916,,,,0,0.0000,0.0000,0,0,lin_max
8011.0083,,,,0,0.0000,0.0000,0,0,lin_max
8011.0249,,,,0,0.0000,0.0000,0,0,lin_max
8011.0416,,,,0,0.0000,0.0000,0,0,lin_max
8011.0583,,,,0,0.0000,0.0000,0,0,lin_max
8011.0749,,,,0,0.0000,0.0000,0,0,lin_max
8011.0916,,,,0,0.0000,0.0000,0,0,lin_max
8011.1082,,,,0,0.0000,0.0000,0,0,lin_max
8011.1249,,,,0,0.0000,0.0000,0,0,lin_max
8011.1416,,,,0,0.0000,0.0000,0,0,lin_max
8011.1582,,,,0,0.0000,0.0000,0,0,lin_max
8011.1749,,,,0,0.0000,0.0000,0,0,lin_max
8011.1916,,,,0,0.0000,0.0000,0,0,lin_max
8011.2082,,,,0,0.0000,0.0000,0,0,lin_max
8011.2249,,,,0,0.0000,0.0000,0,0,lin_max
8011.2416,,,,0,0.0000,0.0000,0,0,lin_max
8011.2582,,,,0,0.0000,0.0000,0,0,lin_max
8011.2749,,,,0,0.0000,0.0000,0,0,lin_max
8011.2916,,,,0,0.0000,0.0000,0,0,lin_max
8011.3082,,,,0,0.0000,0.0000,0,0,lin_max
8011.3249,,,,0,0.0000,0.0000,0,0,lin_max
8011.3415,,,,0,0.0000,0.0000,0,0,lin_max
8011.3582,,,,0,0.0000,0.0000,0,0,lin_max
8011.3749,,,,0,0.0000,0.0000,0,0,lin_max
8011.3915,,,,0,0.0000,0.0000,0,0,lin_max
8011.4082,,,,0,0.0000,0.0000,0,0,lin_max
8011.4249,,,,0,0.0000,0.0000,0,0,lin_max
8011.4415,,,,0,0.0000,0.0000,0,0,lin_max
8011.4582,,,,0,0.0000,0.0000,0,0,lin_max
8011.4749,,,,0,0.0000,0.0000,0,0,lin_max
8011.4915,,,,0,0.0000,0.0000,0,0,lin_max
8011.5082,,,,0,0.0000,0.0000,0,0,lin_max
8011.5249,,,,0,0.0000,0.0000,0,0,lin_max
8011.5415,,,,0,0.0000,0.0000,0,0,lin_max
8011.5582,,,,0,0.0000,0.0000,0,0,lin_max
8011.5748,,,,0,0.0000,0.0000,0,0,lin_max
8011.5915,,,,0,0.0000,0.0000,0,0,lin_max
8011.6082,,,,0,0.0000,0.0000,0,0,lin_max
8011.6248,,,,0,0.0000,0.0000,0,0,lin_max
8011.6415,,,,0,0.0000,0.0000,0,0,lin_max
8011.6582,,,,0,0.0000,0.0000,0,0,lin_max
8011.6748,,,,0,0.0000,0.0000,0,0,lin_max
8011.6915,,,,0,0.0000,0.0000,0,0,lin_max
8011.7082,,,,0,0.0000,0.0000,0,0,lin_max
8011.7248,,,,0,0.0000,0.0000,0,0,lin_max
8011.7415,,,,0,0.0000,0.0000,0,0,lin_max
8011.7582,,,,0,0.0000,0.0000,0,0,lin_max
8011.7748,,,,0,0.0000,0.0000,0,0,lin_max
8011.7915,,,,0,0.0000,0.0000,0,0,lin_max
8011.8081,,,,0,0.0000,0.0000,0,0,lin_max
8011.8248,,,,0,0.0000,0.0000,0,0,lin_max
8011.8415,,,,0,0.0000,0.0000,0,0,lin_max
8011.8581,,,,0,0.0000,0.0000,0,0,lin_max
8011.8748,,,,0,0.0000,0.0000,0,0,lin_max
8011.8915,,,,0,0.0000,0.0000,0,0,lin_max
8011.9081,,,,0,0.0000,0.0000,0,0,lin_max
8011.9248,,,,0,0.0000,0.0000,0,0,lin_max
8011.9415,,,,0,0.0000,0.0000,0,0,lin_max
8011.9581,,,,0,0.0000,0.0000,0,0,lin_max
8011.9748,,,,0,0.0000,0.0000,0,0,lin_max
8011.9915,,,,0,0.0000,0.0000,0,0,lin_max
8012.0081,,,,0,0.0000,0.0000,0,0,lin_max
8022.8733,0.84869,0.06142,-0.11085,1,0.0000,0.0000,0,0,lin_max
8022.9066,0.84275,0.06066,-0.10116,1,0.0000,0.0000,0,0,lin_max
8022.9233,0.84603,0.06102,-0.10507,1,0.0000,0.0000,0,0,lin_max
8022.9399,0.84674,0.06108,-0.11029,1,0.0000,0.0000,0,0,lin_max
8022.9566,0.84985,0.06137,0.19779,1,0.0000,0.0000,0,0,lin_max
8022.9733,0.85857,0.06283,-0.08535,1,0.0000,0.0000,0,0,lin_max
8022.9899,0.84833,0.06111,-0.10850,1,0.0000,0.0000,0,0,lin_max
8023.0066,0.85097,0.06156,-0.10217,1,0.0000,0.0000,0,0,lin_max
8023.0233,0.85138,0.06206,-0.08572,1,0.0000,0.0000,0,0,lin_max
8023.0399,0.85507,0.06237,-0.13708,1,0.0000,0.0000,0,0,lin_max
8023.0566,0.86726,0.06353,-0.09722,1,0.0000,0.0000,0,0,lin_max
8023.0733,0.87328,0.06539,-0.07901,1,0.0000,0.0000,0,0,lin_max
8023.0899,0.87579,0.06543,-0.08800,1,0.0000,0.0000,0,0,lin_max
8023.1066,0.83920,0.06015,-0.10027,1,0.0000,0.0000,0,0,lin_max
8023.1232,0.84018,0.06025,-0.09443,1,0.0000,0.0000,0,0,lin_max
8023.1399,0.84672,0.06092,-0.10544,1,0.0000,0.0000,0,0,lin_max
8023.1566,0.84262,0.06062,-0.09519,1,0.0000,0.0000,0,0,lin_max
8023.1732,0.85532,0.06268,0.22528,1,0.0000,1.0000,0,-500,ang_max
8023.1899,0.85906,0.06331,0.21696,1,0.0000,1.0000,0,-500,ang_max
8023.2066,0.85051,0.06294,-0.13637,1,0.0000,1.0000,0,-500,ang_max
8023.2232,0.84819,0.06276,0.22875,1,0.0000,1.0000,0,-500,ang_max
8023.2399,0.84674,0.06452,-0.41242,1,0.0000,1.0000,0,-500,ang_max
8023.2566,0.84988,0.06781,-0.60821,1,0.0000,1.0000,0,-500,ang_max
8023.2732,0.86736,0.07336,-0.88293,1,0.0000,1.0000,0,-500,ang_max
8023.2899,0.85880,0.07637,-1.22361,1,0.0000,1.0000,0,-500,ang_max
8023.3066,0.87819,0.08297,2.29402,1,0.0000,1.0000,0,-500,ang_max
8023.3232,0.93269,0.09286,-2.10051,1,0.0000,1.0000,0,-500,ang_max
8023.3399,,,,0,0.0000,1.0000,0,-500,ang_max
8023.3565,,,,0,0.0000,1.0000,0,-500,ang_max
8023.3732,,,,0,0.0000,1.0000,0,-500,ang_max
8023.3899,0.91823,0.08525,1.80541,1,0.0000,1.0000,0,-500,ang_max
8023.4065,0.85840,0.07567,1.15146,1,0.0000,1.0000,0,-500,ang_max
8023.4232,0.88124,0.08149,0.40225,1,0.0000,1.0000,0,-500,ang_max
8023.4399,0.88049,0.08719,-0.39769,1,0.0000,1.0000,0,-500,ang_max
8023.4565,0.84802,0.08764,-1.22012,1,0.0000,1.0000,0,-500,ang_max
8023.4732,,,,0,0.0000,1.0000,0,-500,ang_max
8023.4899,,,,0,0.0000,1.0000,0,-500,ang_max
8023.5065,,,,0,0.0000,0.0000,0,0,ang_max
8023.5232,,,,0,0.0000,0.0000,0,0,ang_max
8023.5399,0.86148,0.08729,-0.26575,1,0.0000,0.0000,0,0,ang_max
8023.5565,0.89945,0.09345,0.39556,1,0.0000,0.0000,0,0,ang_max
8023.5732,0.89602,0.09739,-0.29987,1,0.0000,0.0000,0,0,ang_max
8023.5898,0.84495,0.09413,-0.87654,1,0.0000,0.0000,0,0,ang_max
8023.6065,0.86811,0.09993,-1.33676,1,0.0000,0.0000,0,0,ang_max
8023.6232,,,,0,0.0000,0.0000,0,0,ang_max
8023.6398,,,,0,0.0000,0.0000,0,0,ang_max
8023.6565,,,,0,0.0000,0.0000,0,0,ang_max
8023.6732,,,,0,0.0000,0.0000,0,0,ang_max
8023.6898,,,,0,0.0000,0.0000,0,0,ang_max
8023.7065,,,,0,0.0000,0.0000,0,0,ang_max
8023.7232,,,,0,0.0000,0.0000,0,0,ang_max
8023.7398,,,,0,0.0000,0.0000,0,0,ang_max
8023.7565,,,,0,0.0000,0.0000,0,0,ang_max
8023.7732,,,,0,0.0000,0.0000,0,0,ang_max
8023.7898,,,,0,0.0000,0.0000,0,0,ang_max
8023.8065,,,,0,0.0000,0.0000,0,0,ang_max
8023.8231,,,,0,0.0000,0.0000,0,0,ang_max
8023.8398,,,,0,0.0000,0.0000,0,0,ang_max
8023.8565,,,,0,0.0000,0.0000,0,0,ang_max
8023.8731,,,,0,0.0000,0.0000,0,0,ang_max
8023.8898,,,,0,0.0000,0.0000,0,0,ang_max
8023.9065,,,,0,0.0000,0.0000,0,0,ang_max
8023.9231,,,,0,0.0000,0.0000,0,0,ang_max
8023.9398,,,,0,0.0000,0.0000,0,0,ang_max
8023.9565,,,,0,0.0000,0.0000,0,0,ang_max
8023.9731,,,,0,0.0000,0.0000,0,0,ang_max
8023.9898,,,,0,0.0000,0.0000,0,0,ang_max
8024.0065,,,,0,0.0000,0.0000,0,0,ang_max
8024.0231,,,,0,0.0000,0.0000,0,0,ang_max
8024.0398,,,,0,0.0000,0.0000,0,0,ang_max
8024.0564,,,,0,0.0000,0.0000,0,0,ang_max
8024.0731,,,,0,0.0000,0.0000,0,0,ang_max
8024.0898,,,,0,0.0000,0.0000,0,0,ang_max
8024.1064,,,,0,0.0000,0.0000,0,0,ang_max
8024.1231,,,,0,0.0000,0.0000,0,0,ang_max
8024.1398,,,,0,0.0000,0.0000,0,0,ang_max
8024.1564,,,,0,0.0000,0.0000,0,0,ang_max
8024.1731,,,,0,0.0000,0.0000,0,0,ang_max
8024.1898,,,,0,0.0000,0.0000,0,0,ang_max
8024.2064,,,,0,0.0000,0.0000,0,0,ang_max
8024.2231,,,,0,0.0000,0.0000,0,0,ang_max
8024.2398,,,,0,0.0000,0.0000,0,0,ang_max
8024.2564,,,,0,0.0000,0.0000,0,0,ang_max
8024.2731,,,,0,0.0000,0.0000,0,0,ang_max
8024.2897,,,,0,0.0000,0.0000,0,0,ang_max
8024.3064,,,,0,0.0000,0.0000,0,0,ang_max
8024.3231,,,,0,0.0000,0.0000,0,0,ang_max
8024.3397,,,,0,0.0000,0.0000,0,0,ang_max
8024.3564,,,,0,0.0000,0.0000,0,0,ang_max
8024.3731,,,,0,0.0000,0.0000,0,0,ang_max
8024.3897,,,,0,0.0000,0.0000,0,0,ang_max
8024.4064,,,,0,0.0000,0.0000,0,0,ang_max
8024.4231,,,,0,0.0000,0.0000,0,0,ang_max
8024.4397,,,,0,0.0000,0.0000,0,0,ang_max
8024.4564,,,,0,0.0000,0.0000,0,0,ang_max
8024.4731,,,,0,0.0000,0.0000,0,0,ang_max
8024.4897,,,,0,0.0000,0.0000,0,0,ang_max
8024.5064,,,,0,0.0000,0.0000,0,0,ang_max
8024.5230,,,,0,0.0000,0.0000,0,0,ang_max
8024.5397,,,,0,0.0000,0.0000,0,0,ang_max
8024.5564,,,,0,0.0000,0.0000,0,0,ang_max
8024.5730,,,,0,0.0000,0.0000,0,0,ang_max
8024.5897,,,,0,0.0000,0.0000,0,0,ang_max
8024.6064,,,,0,0.0000,0.0000,0,0,ang_max
8024.6230,,,,0,0.0000,0.0000,0,0,ang_max
8024.6397,,,,0,0.0000,0.0000,0,0,ang_max
8024.6564,,,,0,0.0000,0.0000,0,0,ang_max
8024.6730,,,,0,0.0000,0.0000,0,0,ang_max
8024.6897,,,,0,0.0000,0.0000,0,0,ang_max
8024.7064,,,,0,0.0000,0.0000,0,0,ang_max
8024.7230,,,,0,0.0000,0.0000,0,0,ang_max
8024.7397,,,,0,0.0000,0.0000,0,0,ang_max
8024.7563,,,,0,0.0000,0.0000,0,0,ang_max
8024.7730,,,,0,0.0000,0.0000,0,0,ang_max
8024.7897,,,,0,0.0000,0.0000,0,0,ang_max
8024.8063,,,,0,0.0000,0.0000,0,0,ang_max
8024.8230,,,,0,0.0000,0.0000,0,0,ang_max
8024.8397,,,,0,0.0000,0.0000,0,0,ang_max
8024.8563,,,,0,0.0000,0.0000,0,0,ang_max
8024.8730,,,,0,0.0000,0.0000,0,0,ang_max
8024.8897,,,,0,0.0000,0.0000,0,0,ang_max
8024.9063,,,,0,0.0000,0.0000,0,0,ang_max
8024.9230,,,,0,0.0000,0.0000,0,0,ang_max
8024.9397,,,,0,0.0000,0.0000,0,0,ang_max
8024.9563,,,,0,0.0000,0.0000,0,0,ang_max
8033.7385,1.25345,0.03970,-0.17936,1,0.0000,0.0000,0,0,ang_max
8033.7885,1.28006,0.04193,0.24925,1,0.0000,0.0000,0,0,ang_max
8033.8052,1.21818,0.03641,0.22126,1,0.0000,0.0000,0,0,ang_max
8033.8218,1.19502,0.03377,0.22328,1,0.0000,0.0000,0,0,ang_max
8033.8385,1.26415,0.04018,0.26162,1,0.0000,0.0000,0,0,ang_max
8033.8552,1.23215,0.03815,0.21280,1,0.0000,0.0000,0,0,ang_max
8033.8718,1.26765,0.04104,0.24449,1,0.0000,0.0000,0,0,ang_max
8033.8885,1.25326,0.03910,-0.14782,1,0.0000,0.0000,0,0,ang_max
8033.9052,1.22810,0.03784,0.22472,1,0.0000,0.0000,0,0,ang_max
8033.9218,1.20154,0.03487,0.22606,1,0.0000,0.0000,0,0,ang_max
8033.9385,1.19348,0.03390,0.23313,1,0.0000,0.0000,0,0,ang_max
8033.9552,1.26358,0.04032,0.20982,1,0.0000,0.0000,0,0,ang_max
8033.9718,1.22801,0.03741,-0.14950,1,0.0000,0.0000,0,0,ang_max
8033.9885,1.25624,0.03993,0.25134,1,0.0000,0.0000,0,0,ang_max
8034.0051,1.26895,0.04036,0.21028,1,0.0000,0.0000,0,0,ang_max
8034.0218,1.27291,0.04130,-0.17305,1,0.0000,0.0000,0,0,ang_max
8034.0385,1.24257,0.03932,0.22462,1,0.0000,0.0000,0,0,ang_max
8034.0551,1.24919,0.03933,-0.18690,1,0.1167,0.0000,58,0,slew
8034.0718,1.26309,0.04018,0.22404,1,0.1167,0.0000,58,0,slew
8034.0885,1.29466,0.04416,-0.12505,1,0.1167,0.0000,58,0,slew
8034.1051,1.28678,0.04110,0.24049,1,0.1167,0.0000,58,0,slew
8034.1218,1.26981,0.03778,0.02018,1,0.2333,0.0000,117,0,slew
8034.1385,1.20561,0.02867,0.04236,1,0.2333,0.0000,117,0,slew
8034.1551,1.24474,0.03078,0.02067,1,0.2333,0.0000,117,0,slew
8034.1718,1.22207,0.02676,0.15809,1,0.3500,0.0000,175,0,slew
8034.1885,1.24911,0.02615,0.03604,1,0.3500,0.0000,175,0,slew
8034.2051,1.16748,0.01598,0.03841,1,0.3500,0.0000,175,0,slew
8034.2218,1.14436,0.00998,0.00662,1,0.3500,0.0000,175,0,slew
8034.2384,1.16042,0.00680,-0.01265,1,0.4667,0.0000,233,0,slew
8034.2551,1.09977,-0.00221,0.00993,1,0.4667,0.0000,233,0,slew
8034.2718,,,,0,0.4667,0.0000,233,0,slew
8034.2884,1.05572,-0.01798,0.01298,1,0.4667,0.0000,233,0,slew
8034.3051,0.97185,-0.02887,0.25890,1,0.5833,0.0000,292,0,slew
8034.3218,0.98067,-0.03544,0.26060,1,0.5833,0.0000,292,0,slew
8034.3384,0.92251,-0.04719,0.26964,1,0.5833,0.0000,292,0,slew
8034.3551,0.89774,-0.05712,0.25621,1,0.7000,0.0000,350,0,slew
8034.3718,0.84970,-0.06913,0.25684,1,0.7000,0.0000,350,0,slew
8034.3884,0.77788,-0.08141,0.27663,1,0.7000,0.0000,350,0,slew
8034.4051,0.73179,-0.09427,0.26483,1,0.7000,0.0000,350,0,slew
8034.4218,0.66702,-0.10723,0.23774,1,0.7000,0.0000,350,0,steer_brake
8034.4384,0.61340,-0.12012,0.23519,1,0.7000,0.0000,350,0,steer_brake
8034.4551,0.56202,-0.13287,0.23209,1,0.7000,0.0000,350,0,steer_brake
8034.4717,0.51416,-0.14572,0.23293,1,0.7000,0.0000,350,0,steer_brake
8034.4884,,,,0,0.7000,0.0000,350,0,steer_brake
8034.5051,,,,0,0.7000,0.0000,350,0,steer_brake
8034.5217,,,,0,0.7000,0.0000,350,0,steer_brake
8034.5384,,,,0,0.7000,0.0000,350,0,steer_brake
8034.5551,,,,0,0.7000,0.0000,350,0,steer_brake
8034.5717,,,,0,0.7000,0.0000,350,0,steer_brake
8034.5884,,,,0,0.7000,0.0000,350,0,steer_brake
8034.6051,,,,0,0.7000,0.0000,350,0,steer_brake
8034.6217,,,,0,0.7000,0.0000,350,0,steer_brake
8034.6384,,,,0,0.7000,0.0000,350,0,steer_brake
8034.6551,,,,0,0.7000,0.0000,350,0,steer_brake
8034.6717,,,,0,0.7000,0.0000,350,0,steer_brake
8034.6884,,,,0,0.7000,0.0000,350,0,steer_brake
8034.7050,,,,0,0.7000,0.0000,350,0,steer_brake
8034.7217,,,,0,0.0000,0.0000,0,0,steer_brake
8034.7384,,,,0,0.0000,0.0000,0,0,steer_brake
8034.7550,,,,0,0.0000,0.0000,0,0,steer_brake
8034.7717,,,,0,0.0000,0.0000,0,0,steer_brake
8034.7884,,,,0,0.0000,0.0000,0,0,steer_brake
8034.8050,,,,0,0.0000,0.0000,0,0,steer_brake
8034.8217,,,,0,0.0000,0.0000,0,0,steer_brake
8034.8384,,,,0,0.0000,0.0000,0,0,steer_brake
8034.8550,,,,0,0.0000,0.0000,0,0,steer_brake
8034.8717,,,,0,0.0000,0.0000,0,0,steer_brake
8034.8884,,,,0,0.0000,0.0000,0,0,steer_brake
8034.9050,,,,0,0.0000,0.0000,0,0,steer_brake
8034.9217,,,,0,0.0000,0.0000,0,0,steer_brake
8034.9384,,,,0,0.0000,0.0000,0,0,steer_brake
8034.9550,,,,0,0.0000,0.0000,0,0,steer_brake
8034.9717,,,,0,0.0000,0.0000,0,0,steer_brake
8034.9883,,,,0,0.0000,0.0000,0,0,steer_brake
8035.0050,,,,0,0.0000,0.0000,0,0,steer_brake
8035.0217,,,,0,0.0000,0.0000,0,0,steer_brake
8035.0383,,,,0,0.0000,0.0000,0,0,steer_brake
8035.0550,,,,0,0.0000,0.0000,0,0,steer_brake
8035.0717,,,,0,0.0000,0.0000,0,0,steer_brake
8035.0883,,,,0,0.0000,0.0000,0,0,steer_brake
8035.1050,,,,0,0.0000,0.0000,0,0,steer_brake
8035.1217,,,,0,0.0000,0.0000,0,0,steer_brake
8035.1383,,,,0,0.0000,0.0000,0,0,steer_brake
8035.1550,,,,0,0.0000,0.0000,0,0,steer_brake
8035.1717,,,,0,0.0000,0.0000,0,0,steer_brake
8035.1883,,,,0,0.0000,0.0000,0,0,steer_brake
8035.2050,,,,0,0.0000,0.0000,0,0,steer_brake
8035.2216,,,,0,0.0000,0.0000,0,0,steer_brake
8035.2383,,,,0,0.0000,0.0000,0,0,steer_brake
8035.2550,,,,0,0.0000,0.0000,0,0,steer_brake
8035.2716,,,,0,0.0000,0.0000,0,0,steer_brake
8035.2883,,,,0,0.0000,0.0000,0,0,steer_brake
8035.3050,,,,0,0.0000,0.0000,0,0,steer_brake
8035.3216,,,,0,0.0000,0.0000,0,0,steer_brake
8035.3383,,,,0,0.0000,0.0000,0,0,steer_brake
8035.3550,,,,0,0.0000,0.0000,0,0,steer_brake
8035.3716,,,,0,0.0000,0.0000,0,0,steer_brake
8035.3883,,,,0,0.0000,0.0000,0,0,steer_brake
8035.4050,,,,0,0.0000,0.0000,0,0,steer_brake
8035.4216,,,,0,0.0000,0.0000,0,0,steer_brake
8035.4383,,,,0,0.0000,0.0000,0,0,steer_brake
8035.4549,,,,0,0.0000,0.0000,0,0,steer_brake
8035.4716,,,,0,0.0000,0.0000,0,0,steer_brake
8035.4883,,,,0,0.0000,0.0000,0,0,steer_brake
8052.6360,1.97217,-0.05743,0.13615,1,0.0000,0.0000,0,0,steer_brake
8052.6693,1.77144,-0.06272,-0.02660,1,0.0000,0.0000,0,0,steer_brake
8052.6860,,,,0,0.0000,0.0000,0,0,steer_brake
8052.7027,1.89292,-0.05825,-0.07702,1,0.0000,0.0000,0,0,steer_brake
8052.7193,1.85308,-0.06115,0.09533,1,0.0000,0.0000,0,0,steer_brake
8052.7360,,,,0,0.0000,0.0000,0,0,steer_brake
8052.7527,1.94286,-0.05836,0.15771,1,0.0000,0.0000,0,0,steer_brake
8052.7693,1.90155,-0.05923,0.08371,1,0.0000,0.0000,0,0,steer_brake
8052.7860,1.92203,-0.05874,0.09792,1,0.0000,0.0000,0,0,steer_brake
8052.8026,1.92714,-0.05845,0.13693,1,0.0000,0.0000,0,0,steer_brake
8052.8193,1.87068,-0.06081,-0.06451,1,0.0000,0.0000,0,0,steer_brake
8052.8360,1.95150,-0.05728,0.12291,1,0.0000,0.0000,0,0,steer_brake
8052.8526,,,,0,0.0000,0.0000,0,0,steer_brake
8052.8693,1.87328,-0.05971,0.12248,1,0.0000,0.0000,0,0,steer_brake
8052.8860,1.93796,-0.05825,0.14064,1,0.0000,0.0000,0,0,steer_brake
8052.9026,1.93109,-0.05847,-0.06627,1,0.0000,0.0000,0,0,steer_brake
8052.9193,1.90277,-0.05897,0.09010,1,0.0000,0.0000,0,0,steer_brake
8052.9360,,,,0,0.0000,0.0000,0,0,steer_brake
8052.9526,1.91851,-0.05878,0.11403,1,0.1167,0.0000,58,0,slew
8052.9693,1.94617,-0.05912,0.11144,1,0.1167,0.0000,58,0,slew
8052.9860,1.78910,-0.06137,-0.05927,1,0.1167,0.0000,58,0,slew
8053.0026,1.84917,-0.05815,-0.09206,1,0.1167,0.0000,58,0,slew
8053.0193,,,,0,0.2333,0.0000,117,0,slew
8053.0359,1.82747,-0.05673,0.14562,1,0.2333,0.0000,117,0,slew
8053.0526,1.78196,-0.05694,-0.05607,1,0.2333,0.0000,117,0,slew
8053.0693,,,,0,0.3500,0.0000,175,0,slew
8053.0859,1.71577,-0.05408,-0.08797,1,0.3500,0.0000,175,0,slew
8053.1026,,,,0,0.3500,0.0000,175,0,slew
8053.1193,,,,0,0.3500,0.0000,175,0,slew
8053.1359,1.70193,-0.04774,-0.08174,1,0.4667,0.0000,233,0,slew
8053.1526,,,,0,0.4667,0.0000,233,0,slew
8053.1693,,,,0,0.4667,0.0000,233,0,slew
8053.1859,1.58338,-0.04140,-0.06003,1,0.4667,0.0000,233,0,slew
8053.2026,1.58563,-0.03667,-0.09660,1,0.5833,0.0000,292,0,slew
8053.2193,1.50414,-0.03601,-0.06937,1,0.5833,0.0000,292,0,slew
8053.2359,,,,0,0.5833,0.0000,292,0,slew
8053.2526,,,,0,0.5833,0.0000,292,0,slew
8053.2692,1.40765,-0.02451,-0.04329,1,0.7000,0.0000,350,0,slew
8053.2859,1.33666,-0.02333,0.12074,1,0.7000,0.0000,350,0,slew
8053.3026,1.30675,-0.01908,-0.06117,1,0.7000,0.0000,350,0,slew
8053.3192,1.20660,-0.01884,-0.06987,1,0.7000,0.2500,350,-125,steer_brake
8053.3359,1.20172,-0.01317,-0.08016,1,0.7000,0.2500,350,-125,steer_brake
8053.3526,1.12822,-0.01030,-0.10341,1,0.7000,0.2500,350,-125,steer_brake
8053.3692,1.04965,-0.00726,-0.16289,1,0.7000,0.2500,350,-125,steer_brake
8053.3859,1.01469,0.00092,0.24350,1,0.7000,0.2500,350,-125,steer_brake
8053.4026,1.00461,0.01405,-0.42517,1,0.7000,0.2500,350,-125,steer_brake
8053.4192,0.92265,0.02207,-0.51517,1,0.7000,0.2500,350,-125,steer_brake
8053.4359,0.88093,0.03758,-0.66147,1,0.7000,0.2500,350,-125,steer_brake
8053.4526,0.80002,0.04831,-0.81469,1,0.7000,0.2500,350,-125,steer_brake
8053.4692,0.72680,0.06393,-0.95479,1,0.7000,0.2500,350,-125,steer_brake
8053.4859,0.71325,0.08818,-1.06475,1,0.7000,0.2500,350,-125,steer_brake
8053.5025,0.64970,0.10766,-1.18907,1,0.7000,0.2500,350,-125,steer_brake
8053.5192,0.59826,0.12973,1.63018,1,0.7000,0.2500,350,-125,steer_brake
8053.5359,0.56187,0.15852,-1.43140,1,0.7000,0.2500,350,-125,steer_brake
8053.5525,,,,0,0.7000,0.2500,350,-125,steer_brake
8053.5692,0.48218,0.21562,-1.85582,1,0.7000,0.2500,350,-125,steer_brake
8053.5859,,,,0,0.7000,0.2500,350,-125,steer_brake
8053.6025,0.42730,0.28297,-2.73230,1,0.7000,0.2500,350,-125,steer_brake
8053.6192,0.41423,0.32358,-2.34716,1,0.7000,0.2500,350,-125,steer_brake
8053.6359,,,,0,0.0000,0.0000,0,0,steer_brake
8053.6525,,,,0,0.0000,0.0000,0,0,steer_brake
8053.6692,,,,0,0.0000,0.0000,0,0,steer_brake
8053.6859,,,,0,0.0000,0.0000,0,0,steer_brake
8053.7025,0.26482,0.44999,3.00771,1,0.0000,0.0000,0,0,steer_brake
8053.7192,,,,0,0.0000,0.0000,0,0,steer_brake
8053.7358,0.22829,0.48928,2.79263,1,0.0000,0.0000,0,0,steer_brake
8053.7525,0.20547,0.49850,2.66343,1,0.0000,0.0000,0,0,steer_brake
8053.7692,0.19423,0.51334,2.62886,1,0.0000,0.0000,0,0,steer_brake
8053.7858,0.18562,0.52766,2.61615,1,0.0000,0.0000,0,0,steer_brake
8053.8025,0.16860,0.52475,2.63133,1,0.0000,0.0000,0,0,steer_brake
8053.8192,0.16876,0.53395,2.64726,1,0.0000,0.0000,0,0,steer_brake
8053.8358,0.16251,0.53147,2.63828,1,0.0000,0.0000,0,0,steer_brake
8053.8525,0.16031,0.53037,2.64714,1,0.0000,0.0000,0,0,steer_brake
8053.8692,0.16383,0.53328,2.63914,1,0.0000,0.0000,0,0,steer_brake
8053.8858,0.16327,0.53155,2.63735,1,0.0000,0.0000,0,0,steer_brake
8053.9025,0.16314,0.53153,2.63993,1,0.0000,0.0000,0,0,steer_brake
8053.9192,0.16526,0.53321,2.65213,1,0.0000,0.0000,0,0,steer_brake
8053.9358,0.16554,0.53353,2.64841,1,0.0000,0.0000,0,0,steer_brake
8053.9525,0.16723,0.53522,2.64763,1,0.0000,0.0000,0,0,steer_brake
8053.9691,0.16479,0.53284,2.64761,1,0.0000,0.0000,0,0,steer_brake
8053.9858,0.16099,0.52944,2.63926,1,0.0000,0.0000,0,0,steer_brake
8054.0025,0.16535,0.53336,2.64403,1,0.0000,0.0000,0,0,steer_brake
8054.0191,0.16336,0.53153,2.64802,1,0.0000,0.0000,0,0,steer_brake
8054.0358,0.16334,0.53188,2.63227,1,0.0000,0.0000,0,0,steer_brake
8054.0525,0.16282,0.53118,2.64483,1,0.0000,0.0000,0,0,steer_brake
8054.0691,0.15940,0.52767,2.63733,1,0.0000,0.0000,0,0,steer_brake
8054.0858,0.16449,0.53286,2.63847,1,0.0000,0.0000,0,0,steer_brake
8054.1025,0.15904,0.52726,2.64108,1,0.0000,0.0000,0,0,steer_brake
8054.1191,0.16501,0.53314,2.64786,1,0.0000,0.0000,0,0,steer_brake
8054.1358,0.16262,0.53049,2.64582,1,0.0000,0.0000,0,0,steer_brake
8054.1525,0.16559,0.53364,2.64513,1,0.0000,0.0000,0,0,steer_brake
8054.1691,0.16228,0.53022,2.64417,1,0.0000,0.0000,0,0,steer_brake
8054.1858,0.16255,0.53060,2.64836,1,0.0000,0.0000,0,0,steer_brake
8054.2024,0.16475,0.53344,2.64469,1,0.0000,0.0000,0,0,steer_brake
8054.2191,0.16319,0.53150,2.63889,1,0.0000,0.0000,0,0,steer_brake
8054.2358,0.16408,0.53213,2.64374,1,0.0000,0.0000,0,0,steer_brake
8054.2524,0.16381,0.53188,2.63866,1,0.0000,0.0000,0,0,steer_brake
8054.2691,0.16609,0.53438,2.65607,1,0.0000,0.0000,0,0,steer_brake
8054.2858,0.15884,0.52708,2.64008,1,0.0000,0.0000,0,0,steer_brake
8054.3024,0.16411,0.53200,2.64647,1,0.0000,0.0000,0,0,steer_brake
8054.3191,0.16471,0.53282,2.64322,1,0.0000,0.0000,0,0,steer_brake
8054.3358,0.16256,0.53050,2.64789,1,0.0000,0.0000,0,0,steer_brake
8054.3524,0.16682,0.53507,2.64573,1,0.0000,0.0000,0,0,steer_brake
8054.3691,0.16157,0.52996,2.63858,1,0.0000,0.0000,0,0,steer_brake
8054.3858,0.16320,0.53156,2.65108,1,0.0000,0.0000,0,0,steer_brake
8060.9349,,,,0,0.0000,0.0000,0,0,steer_brake
8060.9849,,,,0,0.0000,0.0000,0,0,steer_brake
8061.0015,1.83698,-0.00591,0.27625,1,0.0000,0.0000,0,0,steer_brake
8061.0182,1.83833,-0.00591,0.25986,1,0.0000,0.0000,0,0,steer_brake
8061.0349,,,,0,0.0000,0.0000,0,0,steer_brake
8061.0515,1.81787,-0.00732,0.26314,1,0.0000,0.0000,0,0,steer_brake
8061.0682,1.86019,-0.00526,0.28157,1,0.0000,0.0000,0,0,steer_brake
8061.0849,1.84983,-0.00582,0.29830,1,0.0000,0.0000,0,0,steer_brake
8061.1015,1.80185,-0.00927,-0.26313,1,0.0000,0.0000,0,0,steer_brake
8061.1182,1.84465,-0.00563,0.27079,1,0.0000,0.0000,0,0,steer_brake
8061.1349,1.86249,-0.00498,-0.32495,1,0.0000,0.0000,0,0,steer_brake
8061.1515,,,,0,0.0000,0.0000,0,0,steer_brake
8061.1682,1.83042,-0.00725,-0.28574,1,0.0000,0.0000,0,0,steer_brake
8061.1848,1.85893,-0.00532,-0.31251,1,0.0000,0.0000,0,0,steer_brake
8061.2015,1.82864,-0.00743,-0.28807,1,0.0000,0.0000,0,0,steer_brake
8061.2182,1.85680,-0.00578,-0.31947,1,0.0000,0.0000,0,0,steer_brake
8061.2348,1.85550,-0.00552,0.29615,1,0.0000,0.0000,0,0,steer_brake
8061.2515,1.85859,-0.00522,-0.30980,1,0.1167,0.0000,58,0,slew
8061.2682,1.83778,-0.00592,0.24911,1,0.1167,0.0000,58,0,slew
8061.2848,1.87424,-0.00190,-0.22831,1,0.1167,0.0000,58,0,slew
8061.3015,,,,0,0.2333,0.0000,117,0,slew
8061.3182,1.85469,0.00160,0.27424,1,0.2333,0.0000,117,0,slew
8061.3348,1.82629,0.00468,-0.30222,1,0.2333,0.0000,117,0,slew
8061.3515,1.77797,0.00454,0.26332,1,0.2333,0.0000,117,0,slew
8061.3682,1.80484,0.00893,0.27081,1,0.3500,0.0000,175,0,slew
8061.3848,,,,0,0.3500,0.0000,175,0,slew
8061.4015,,,,0,0.3500,0.0000,175,0,slew
8061.4181,,,,0,0.3500,0.0000,175,0,slew
8061.4348,,,,0,0.4667,0.0000,233,0,slew
8061.4515,,,,0,0.4667,0.0000,233,0,slew
8061.4681,1.63669,0.04462,0.31223,1,0.4667,0.0000,233,0,slew
8061.4848,,,,0,0.4667,0.0000,233,0,slew
8061.5015,1.57928,0.06334,0.33296,1,0.5833,0.0000,292,0,slew
8061.5181,1.56186,0.07451,-0.27233,1,0.5833,0.0000,292,0,slew
8061.5348,1.48154,0.08125,-0.27448,1,0.5833,0.0000,292,0,slew
8061.5515,1.45812,0.09290,0.29568,1,0.7000,0.0000,350,0,slew
8061.5681,,,,0,0.7000,0.0000,350,0,slew
8061.5848,1.36722,0.11666,-0.30417,1,0.7000,0.0000,350,0,slew
8061.6015,,,,0,0.7000,0.0000,350,0,slew
8061.6181,1.24371,0.13832,-0.25841,1,0.7000,0.5000,350,-250,steer_brake
8061.6348,1.17962,0.14975,-0.28974,1,0.7000,0.5000,350,-250,steer_brake
8061.6514,1.11901,0.16153,-0.28174,1,0.7000,0.5000,350,-250,steer_brake
8061.6681,1.05845,0.17420,-0.45242,1,0.7000,0.5000,350,-250,steer_brake
8061.6848,1.01465,0.19210,-0.57464,1,0.7000,0.5000,350,-250,steer_brake
8061.7014,0.91618,0.19783,-0.79728,1,0.7000,0.5000,350,-250,steer_brake
8061.7181,0.89953,0.22303,0.97433,1,0.7000,0.5000,350,-250,steer_brake
8061.7348,0.90048,0.25946,-1.11295,1,0.7000,0.5000,350,-250,steer_brake
8061.7514,,,,0,0.7000,0.5000,350,-250,steer_brake
8061.7681,,,,0,0.7000,0.5000,350,-250,steer_brake
8061.7848,,,,0,0.7000,0.5000,350,-250,steer_brake
8061.8014,,,,0,0.7000,0.5000,350,-250,steer_brake
8061.8181,,,,0,0.7000,0.5000,350,-250,steer_brake
8061.8348,,,,0,0.7000,0.5000,350,-250,steer_brake
8061.8514,,,,0,0.7000,0.5000,350,-250,steer_brake
8061.8681,,,,0,0.7000,0.5000,350,-250,steer_brake
8061.8847,,,,0,0.7000,0.5000,350,-250,steer_brake
8061.9014,,,,0,0.7000,0.5000,350,-250,steer_brake
8061.9181,0.54399,0.54266,2.85520,1,0.0000,0.0000,0,0,steer_brake
8061.9347,0.53448,0.56370,2.55347,1,0.0000,0.0000,0,0,steer_brake
8061.9514,0.51199,0.55208,2.28456,1,0.0000,0.0000,0,0,steer_brake
8061.9681,0.47469,0.52296,2.01309,1,0.0000,0.0000,0,0,steer_brake
8061.9847,0.45822,0.50690,1.84310,1,0.0000,0.0000,0,0,steer_brake
8062.0014,0.45239,0.49731,1.66499,1,0.0000,0.0000,0,0,steer_brake
8062.0181,0.45794,0.49728,0.41006,1,0.0000,0.0000,0,0,steer_brake
8062.0347,0.44760,0.48755,1.42969,1,0.0000,0.0000,0,0,steer_brake
8062.0514,0.43973,0.48050,1.39462,1,0.0000,0.0000,0,0,steer_brake
8062.0681,0.43404,0.47554,1.38717,1,0.0000,0.0000,0,0,steer_brake
8062.0847,0.42851,0.47170,1.38613,1,0.0000,0.0000,0,0,steer_brake
8062.1014,0.43394,0.47453,1.38652,1,0.0000,0.0000,0,0,steer_brake
8062.1180,0.43597,0.47620,1.36077,1,0.0000,0.0000,0,0,steer_brake
8062.1347,0.43330,0.47512,1.37927,1,0.0000,0.0000,0,0,steer_brake
8062.1514,0.43796,0.47769,1.36093,1,0.0000,0.0000,0,0,steer_brake
8062.1680,0.43344,0.47493,1.38207,1,0.0000,0.0000,0,0,steer_brake
8062.1847,0.43838,0.47802,1.36711,1,0.0000,0.0000,0,0,steer_brake
8062.2014,0.43310,0.47481,1.38552,1,0.0000,0.0000,0,0,steer_brake
8062.2180,0.43623,0.47659,1.36343,1,0.0000,0.0000,0,0,steer_brake
8062.2347,0.43262,0.47435,1.37815,1,0.0000,0.0000,0,0,steer_brake
8062.2514,0.43155,0.47377,1.38646,1,0.0000,0.0000,0,0,steer_brake
8062.2680,0.43596,0.47634,1.35878,1,0.0000,0.0000,0,0,steer_brake
8062.2847,0.42631,0.46966,1.40662,1,0.0000,0.0000,0,0,steer_brake
8062.3014,0.43733,0.47713,1.37020,1,0.0000,0.0000,0,0,steer_brake
8062.3180,0.43400,0.47482,1.37937,1,0.0000,0.0000,0,0,steer_brake
8062.3347,0.43866,0.47818,1.38551,1,0.0000,0.0000,0,0,steer_brake
8062.3513,0.42947,0.47132,1.39217,1,0.0000,0.0000,0,0,steer_brake
8062.3680,0.43128,0.47340,1.39387,1,0.0000,0.0000,0,0,steer_brake
8062.3847,0.43107,0.47369,1.38860,1,0.0000,0.0000,0,0,steer_brake
8062.4013,0.44052,0.47947,1.36867,1,0.0000,0.0000,0,0,steer_brake
8062.4180,0.44041,0.47922,1.35906,1,0.0000,0.0000,0,0,steer_brake
8062.4347,0.43458,0.47569,1.37545,1,0.0000,0.0000,0,0,steer_brake
8062.4513,0.42781,0.47064,1.38367,1,0.0000,0.0000,0,0,steer_brake
8062.4680,0.43449,0.47540,1.38036,1,0.0000,0.0000,0,0,steer_brake
8062.4847,0.42964,0.47260,1.38426,1,0.0000,0.0000,0,0,steer_brake
8062.5013,0.43301,0.47447,1.39318,1,0.0000,0.0000,0,0,steer_brake
8062.5180,0.43009,0.47254,1.39490,1,0.0000,0.0000,0,0,steer_brake
8062.5347,0.43273,0.47410,1.37391,1,0.0000,0.0000,0,0,steer_brake
8062.5513,0.43907,0.47832,1.36165,1,0.0000,0.0000,0,0,steer_brake
8062.5680,0.43354,0.47527,1.38201,1,0.0000,0.0000,0,0,steer_brake
8062.5846,0.43207,0.47409,1.38449,1,0.0000,0.0000,0,0,steer_brake
8062.6013,0.42458,0.46874,1.40471,1,0.0000,0.0000,0,0,steer_brake
8062.6180,0.43185,0.47407,1.38761,1,0.0000,0.0000,0,0,steer_brake
8062.6346,0.43525,0.47628,1.38452,1,0.0000,0.0000,0,0,steer_brake
8062.6513,0.42790,0.47109,1.39935,1,0.0000,0.0000,0,0,steer_brake
8062.6680,0.43157,0.47375,1.37424,1,0.0000,0.0000,0,0,steer_brake
8062.6846,0.43783,0.47752,1.36844,1,0.0000,0.0000,0,0,steer_brake
8069.3003,0.61462,0.03316,0.17099,1,0.0000,0.0000,0,0,steer_brake
8069.3337,0.61603,0.03361,-0.04303,1,0.0000,0.0000,0,0,steer_brake
8069.3503,0.61161,0.03283,-0.04087,1,0.0000,0.0000,0,0,steer_brake
8069.3670,0.62281,0.03423,-0.05737,1,0.0000,0.0000,0,0,steer_brake
8069.3837,0.62135,0.03420,-0.03936,1,0.0000,0.0000,0,0,steer_brake
8069.4003,0.61632,0.03321,-0.06349,1,0.0000,0.0000,0,0,steer_brake
8069.4170,0.61085,0.03280,0.17122,1,0.0000,0.0000,0,0,steer_brake
8069.4336,0.61808,0.03356,0.18029,1,0.0000,0.0000,0,0,steer_brake
8069.4503,0.61016,0.03252,0.18175,1,0.0000,0.0000,0,0,steer_brake
8069.4670,0.62116,0.03455,-0.03889,1,0.0000,0.0000,0,0,steer_brake
8069.4836,0.60804,0.03222,-0.03603,1,0.0000,0.0000,0,0,steer_brake
8069.5003,0.61457,0.03325,0.17831,1,0.0000,0.0000,0,0,steer_brake
8069.5170,0.62092,0.03423,-0.04036,1,0.0000,0.0000,0,0,steer_brake
8069.5336,0.62437,0.03448,-0.04740,1,0.0000,0.0000,0,0,steer_brake
8069.5503,0.62329,0.03409,-0.05572,1,0.0000,0.0000,0,0,steer_brake
8069.5670,0.61230,0.03319,-0.04403,1,0.0000,0.0000,0,0,steer_brake
8069.5836,0.62115,0.03400,-0.05811,1,0.0000,0.0000,0,0,steer_brake
8069.6003,0.61943,0.03422,-0.03560,1,0.0000,0.0000,0,0,steer_brake
8069.6170,0.61909,0.03360,0.17742,1,0.1167,0.0000,58,0,slew
8069.6336,0.61927,0.03422,-0.02336,1,0.1167,0.0000,58,0,slew
8069.6503,0.60515,0.03332,-0.04529,1,0.1167,0.0000,58,0,slew
8069.6669,0.58637,0.03229,-0.01634,1,0.2333,0.0000,117,0,slew
8069.6836,0.58807,0.03474,-0.04451,1,0.2333,0.0000,117,0,slew
8069.7003,0.56416,0.03281,0.18153,1,0.2333,0.0000,117,0,slew
8069.7169,0.56278,0.03539,-0.02245,1,0.2333,0.0000,117,0,slew
8069.7336,0.54972,0.03676,-0.06931,1,0.3500,0.0000,175,0,slew
8069.7503,0.52050,0.03493,0.19386,1,0.3500,0.0000,175,0,slew
8069.7669,0.50005,0.03506,0.19262,1,0.3500,0.0000,175,0,slew
8069.7836,0.47753,0.03536,0.20058,1,0.3500,0.0000,175,0,slew
8069.8003,0.46295,0.03822,-0.01959,1,0.4667,0.0000,233,0,slew
8069.8169,0.42443,0.03668,-0.05018,1,0.4667,0.0000,233,0,slew
8069.8336,0.39002,0.03551,-0.05496,1,0.4667,0.0000,233,0,slew
8069.8503,0.35303,0.03501,0.15201,1,0.5833,0.0000,292,0,slew
8069.8669,0.30856,0.03341,0.00116,1,0.5833,0.0000,292,0,slew
8069.8836,0.27879,0.03481,0.00774,1,0.5833,0.0000,292,0,slew
8069.9002,0.23164,0.03337,0.19203,1,0.5833,0.0000,292,0,slew
8069.9169,0.19094,0.03386,0.19992,1,0.7000,0.0000,350,0,slew
8069.9336,0.13701,0.03064,0.02464,1,0.7000,0.0000,350,0,slew
8069.9502,0.09002,0.03015,0.20871,1,0.7000,0.0000,350,0,slew
8069.9669,0.04243,0.02947,0.17381,1,0.7000,0.0000,350,0,slew
8069.9836,-0.01665,0.02613,0.16647,1,0.7000,0.7500,350,-375,steer_brake
8070.0002,,,,0,0.7000,0.7500,350,-375,steer_brake
8070.0169,,,,0,0.7000,0.7500,350,-375,steer_brake
8070.0336,,,,0,0.7000,0.7500,350,-375,steer_brake
8070.0502,,,,0,0.7000,0.7500,350,-375,steer_brake
8070.0669,,,,0,0.7000,0.7500,350,-375,steer_brake
8070.0836,,,,0,0.7000,0.7500,350,-375,steer_brake
8070.1002,,,,0,0.7000,0.7500,350,-375,steer_brake
8070.1169,,,,0,0.7000,0.7500,350,-375,steer_brake
8070.1335,,,,0,0.7000,0.7500,350,-375,steer_brake
8070.1502,,,,0,0.7000,0.7500,350,-375,steer_brake
8070.1669,,,,0,0.7000,0.7500,350,-375,steer_brake
8070.1835,,,,0,0.7000,0.7500,350,-375,steer_brake
8070.2002,,,,0,0.7000,0.7500,350,-375,steer_brake
8070.2169,,,,0,0.7000,0.7500,350,-375,steer_brake
8070.2335,,,,0,0.7000,0.7500,350,-375,steer_brake
8070.2502,,,,0,0.7000,0.7500,350,-375,steer_brake
8070.2669,,,,0,0.7000,0.7500,350,-375,steer_brake
8070.2835,,,,0,0.0000,0.0000,0,0,steer_brake
8070.3002,,,,0,0.0000,0.0000,0,0,steer_brake
8070.3169,,,,0,0.0000,0.0000,0,0,steer_brake
8070.3335,,,,0,0.0000,0.0000,0,0,steer_brake
8070.3502,,,,0,0.0000,0.0000,0,0,steer_brake
8070.3668,,,,0,0.0000,0.0000,0,0,steer_brake
8070.3835,,,,0,0.0000,0.0000,0,0,steer_brake
8070.4002,,,,0,0.0000,0.0000,0,0,steer_brake
8070.4168,,,,0,0.0000,0.0000,0,0,steer_brake
8070.4335,,,,0,0.0000,0.0000,0,0,steer_brake
8070.4502,,,,0,0.0000,0.0000,0,0,steer_brake
8070.4668,,,,0,0.0000,0.0000,0,0,steer_brake
8070.4835,,,,0,0.0000,0.0000,0,0,steer_brake
8070.5002,,,,0,0.0000,0.0000,0,0,steer_brake
8070.5168,,,,0,0.0000,0.0000,0,0,steer_brake
8070.5335,,,,0,0.0000,0.0000,0,0,steer_brake
8070.5502,,,,0,0.0000,0.0000,0,0,steer_brake
8070.5668,,,,0,0.0000,0.0000,0,0,steer_brake
8070.5835,,,,0,0.0000,0.0000,0,0,steer_brake
8070.6001,,,,0,0.0000,0.0000,0,0,steer_brake
8070.6168,,,,0,0.0000,0.0000,0,0,steer_brake
8070.6335,,,,0,0.0000,0.0000,0,0,steer_brake
8070.6501,,,,0,0.0000,0.0000,0,0,steer_brake
8070.6668,,,,0,0.0000,0.0000,0,0,steer_brake
8070.6835,,,,0,0.0000,0.0000,0,0,steer_brake
8070.7001,,,,0,0.0000,0.0000,0,0,steer_brake
8070.7168,,,,0,0.0000,0.0000,0,0,steer_brake
8070.7335,,,,0,0.0000,0.0000,0,0,steer_brake
8070.7501,,,,0,0.0000,0.0000,0,0,steer_brake
8070.7668,,,,0,0.0000,0.0000,0,0,steer_brake
8070.7835,,,,0,0.0000,0.0000,0,0,steer_brake
8070.8001,,,,0,0.0000,0.0000,0,0,steer_brake
8070.8168,,,,0,0.0000,0.0000,0,0,steer_brake
8070.8335,,,,0,0.0000,0.0000,0,0,steer_brake
8070.8501,,,,0,0.0000,0.0000,0,0,steer_brake
8070.8668,,,,0,0.0000,0.0000,0,0,steer_brake
8070.8834,,,,0,0.0000,0.0000,0,0,steer_brake
8070.9001,,,,0,0.0000,0.0000,0,0,steer_brake
8070.9168,,,,0,0.0000,0.0000,0,0,steer_brake
8070.9334,,,,0,0.0000,0.0000,0,0,steer_brake
8070.9501,,,,0,0.0000,0.0000,0,0,steer_brake
8070.9668,,,,0,0.0000,0.0000,0,0,steer_brake
8070.9834,,,,0,0.0000,0.0000,0,0,steer_brake
8071.0001,,,,0,0.0000,0.0000,0,0,steer_brake
8071.0168,,,,0,0.0000,0.0000,0,0,steer_brake
8071.0334,,,,0,0.0000,0.0000,0,0,steer_brake
8071.0501,,,,0,0.0000,0.0000,0,0,steer_brake
8075.6162,0.74786,0.18765,0.00325,1,0.0000,0.0000,0,0,steer_brake
8075.6662,0.76256,0.19151,0.01384,1,0.0000,0.0000,0,0,steer_brake
8075.6828,0.76041,0.19084,0.00987,1,0.0000,0.0000,0,0,steer_brake
8075.6995,0.76566,0.19203,-0.00191,1,0.0000,0.0000,0,0,steer_brake
8075.7162,0.76836,0.19291,0.00890,1,0.0000,0.0000,0,0,steer_brake
8075.7328,0.75914,0.19053,0.00760,1,0.0000,0.0000,0,0,steer_brake
8075.7495,0.74629,0.18720,0.00575,1,0.0000,0.0000,0,0,steer_brake
8075.7661,0.77911,0.19504,0.30360,1,0.0000,0.0000,0,0,steer_brake
8075.7828,0.77511,0.19421,0.28802,1,0.0000,0.0000,0,0,steer_brake
8075.7995,0.76509,0.19196,-0.00711,1,0.0000,0.0000,0,0,steer_brake
8075.8161,0.75933,0.19073,0.01357,1,0.0000,0.0000,0,0,steer_brake
8075.8328,0.77686,0.19427,0.30164,1,0.0000,0.0000,0,0,steer_brake
8075.8495,0.76824,0.19252,0.00034,1,0.0000,0.0000,0,0,steer_brake
8075.8661,0.76379,0.19163,0.00762,1,0.0000,0.0000,0,0,steer_brake
8075.8828,0.76737,0.19247,0.00055,1,0.0000,0.0000,0,0,steer_brake
8075.8995,0.76523,0.19198,0.00307,1,0.0000,0.0000,0,0,steer_brake
8075.9161,0.75027,0.18812,-0.00789,1,0.0000,0.0000,0,0,steer_brake
8075.9328,0.77354,0.19331,-0.01168,1,0.2000,0.0000,100,0,latency
8075.9495,0.76935,0.19341,-0.01280,1,0.2000,0.0000,100,0,latency
8075.9661,0.76778,0.19546,-0.08009,1,0.2000,0.0000,100,0,latency
8075.9828,0.74668,0.19454,-0.10719,1,0.2000,0.0000,100,0,latency
8075.9994,0.75449,0.20223,0.34214,1,0.2000,0.0000,100,0,latency
8076.0161,0.71236,0.19659,-0.12635,1,0.2000,0.0000,100,0,latency
8076.0328,0.69934,0.19952,0.36760,1,0.2000,0.0000,100,0,latency
8076.0494,0.69120,0.20493,-0.15705,1,0.2000,0.0000,100,0,latency
8076.0661,0.66916,0.20565,-0.16290,1,0.2000,0.0000,100,0,latency
8076.0828,0.65719,0.20854,0.39906,1,0.2000,0.0000,100,0,latency
8076.0994,0.63894,0.21065,-0.14947,1,0.2000,0.0000,100,0,latency
8076.1161,0.62659,0.21448,-0.17074,1,0.2000,0.0000,100,0,latency
8076.1328,0.60353,0.21391,0.37588,1,0.2000,0.0000,100,0,latency
8076.1494,0.58746,0.21583,0.40738,1,0.2000,0.0000,100,0,latency
8076.1661,0.56661,0.21760,-0.16742,1,0.2000,0.0000,100,0,latency
8076.1828,0.54520,0.21701,-0.16374,1,0.2000,0.0000,100,0,latency
8076.1994,0.53650,0.22134,0.39868,1,0.2000,0.0000,100,0,latency
8076.2161,0.52358,0.22519,-0.13688,1,0.2000,0.0000,100,0,latency
8076.2327,0.50204,0.22597,-0.14731,1,0.2000,0.0000,100,0,latency
8076.2494,0.48693,0.22749,0.44186,1,-0.2000,0.0000,-100,0,latency
8076.2661,0.47588,0.23170,-0.16095,1,-0.2000,0.0000,-100,0,latency
8076.2827,0.45221,0.22854,-0.17096,1,-0.2000,0.0000,-100,0,latency
8076.2994,0.44647,0.23040,0.41725,1,-0.2000,0.0000,-100,0,latency
8076.3161,0.44559,0.23342,-0.07125,1,-0.2000,0.0000,-100,0,latency
8076.3327,0.44296,0.23310,0.01817,1,-0.2000,0.0000,-100,0,latency
8076.3494,0.43646,0.23054,0.07930,1,-0.2000,0.0000,-100,0,latency
8076.3661,0.44369,0.23125,0.17753,1,-0.2000,0.0000,-100,0,latency
8076.3827,0.45006,0.23120,0.35949,1,-0.2000,0.0000,-100,0,latency
8076.3994,0.45400,0.22954,0.35229,1,-0.2000,0.0000,-100,0,latency
8076.4161,0.46705,0.23089,0.45105,1,-0.2000,0.0000,-100,0,latency
8076.4327,0.48056,0.23401,0.55090,1,-0.2000,0.0000,-100,0,latency
8076.4494,0.48502,0.23515,0.58709,1,-0.2000,0.0000,-100,0,latency
8076.4660,0.49755,0.23961,0.64380,1,-0.2000,0.0000,-100,0,latency
8076.4827,0.51221,0.24629,0.68784,1,-0.2000,0.0000,-100,0,latency
8076.4994,0.51016,0.24822,0.33457,1,-0.2000,0.0000,-100,0,latency
8076.5160,0.52242,0.25550,0.75797,1,-0.2000,0.0000,-100,0,latency
8076.5327,0.53081,0.26299,0.30235,1,-0.2000,0.0000,-100,0,latency
8076.5494,0.54103,0.27077,0.81069,1,0.2000,0.0000,100,0,latency
8076.5660,0.55554,0.28149,0.84742,1,0.2000,0.0000,100,0,latency
8076.5827,0.55464,0.28385,0.32805,1,0.2000,0.0000,100,0,latency
8076.5994,0.56314,0.28741,0.31135,1,0.2000,0.0000,100,0,latency
8076.6160,0.55790,0.28440,0.88284,1,0.2000,0.0000,100,0,latency
8076.6327,0.56575,0.28387,0.90046,1,0.2000,0.0000,100,0,latency
8076.6494,0.56614,0.27965,0.91235,1,0.2000,0.0000,100,0,latency
8076.6660,0.56487,0.27335,0.92672,1,0.2000,0.0000,100,0,latency
8076.6827,0.55819,0.26402,0.90619,1,0.2000,0.0000,100,0,latency
8076.6993,0.56568,0.25954,0.91457,1,0.2000,0.0000,100,0,latency
8076.7160,0.55985,0.24916,0.92224,1,0.2000,0.0000,100,0,latency
8076.7327,,,,0,0.2000,0.0000,100,0,latency
8076.7493,,,,0,0.2000,0.0000,100,0,latency
8076.7660,0.52898,0.21094,0.90811,1,0.2000,0.0000,100,0,latency
8076.7827,,,,0,0.2000,0.0000,100,0,latency
8076.7993,0.49234,0.17631,0.91965,1,0.2000,0.0000,100,0,latency
8076.8160,0.47964,0.16012,0.91616,1,0.2000,0.0000,100,0,latency
8076.8327,0.45552,0.13951,0.90986,1,0.2000,0.0000,100,0,latency
8076.8493,0.43776,0.12121,0.91420,1,0.2000,0.0000,100,0,latency
8076.8660,0.41841,0.10151,0.91649,1,-0.2000,0.0000,-100,0,latency
8076.8827,0.39254,0.08002,0.93983,1,-0.2000,0.0000,-100,0,latency
8076.8993,0.38540,0.06814,0.90033,1,-0.2000,0.0000,-100,0,latency
8076.9160,0.37473,0.05672,0.85190,1,-0.2000,0.0000,-100,0,latency
8076.9326,0.36690,0.04721,0.84371,1,-0.2000,0.0000,-100,0,latency
8076.9493,0.35911,0.03959,0.80488,1,-0.2000,0.0000,-100,0,latency
8076.9660,0.36429,0.03662,0.73931,1,-0.2000,0.0000,-100,0,latency
8076.9826,0.36246,0.03392,0.69587,1,-0.2000,0.0000,-100,0,latency
8076.9993,0.36223,0.03272,0.64012,1,-0.2000,0.0000,-100,0,latency
8077.0160,0.36744,0.03423,0.63661,1,-0.2000,0.0000,-100,0,latency
8077.0326,0.37278,0.03663,0.60064,1,-0.2000,0.0000,-100,0,latency
8077.0493,0.38576,0.04187,0.56618,1,-0.2000,0.0000,-100,0,latency
8077.0660,0.39024,0.04725,0.24056,1,-0.2000,0.0000,-100,0,latency
8077.0826,0.39825,0.05271,0.53188,1,-0.2000,0.0000,-100,0,latency
8077.0993,0.40635,0.05918,0.48793,1,-0.2000,0.0000,-100,0,latency
8077.1160,0.41970,0.06640,0.48352,1,-0.2000,0.0000,-100,0,latency
8077.1326,0.43102,0.07319,0.49436,1,-0.2000,0.0000,-100,0,latency
8077.1493,0.44726,0.08066,0.47435,1,-0.2000,0.0000,-100,0,latency
8077.1659,0.46214,0.08753,0.47322,1,-0.2000,0.0000,-100,0,latency
8077.1826,0.47304,0.09338,0.50543,1,0.2000,0.0000,100,0,latency
8077.1993,0.48427,0.09826,0.22434,1,0.2000,0.0000,100,0,latency
8077.2159,0.47949,0.09810,0.47096,1,0.2000,0.0000,100,0,latency
8077.2326,0.47019,0.09539,0.45226,1,0.2000,0.0000,100,0,latency
8077.2493,0.47246,0.09441,0.46317,1,0.2000,0.0000,100,0,latency
8077.2659,0.48326,0.09434,0.45899,1,0.2000,0.0000,100,0,latency
8077.2826,0.48168,0.09121,0.46427,1,0.2000,0.0000,100,0,latency
8077.2993,,,,0,0.2000,0.0000,100,0,latency
8077.3159,,,,0,0.2000,0.0000,100,0,latency
8077.3326,,,,0,0.2000,0.0000,100,0,latency
8077.3493,,,,0,0.2000,0.0000,100,0,latency
8077.3659,,,,0,0.2000,0.0000,100,0,latency
8077.3826,,,,0,0.2000,0.0000,100,0,latency
8077.3993,,,,0,0.2000,0.0000,100,0,latency
8077.4159,,,,0,0.2000,0.0000,100,0,latency
8077.4326,,,,0,0.2000,0.0000,100,0,latency
8077.4492,,,,0,0.2000,0.0000,100,0,latency
8077.4659,,,,0,0.2000,0.0000,100,0,latency
8077.4826,,,,0,-0.2000,0.0000,-100,0,latency
8077.4992,,,,0,-0.2000,0.0000,-100,0,latency
8077.5159,0.25958,-0.01372,0.48407,1,-0.2000,0.0000,-100,0,latency
8077.5326,0.24488,-0.02299,0.49573,1,-0.2000,0.0000,-100,0,latency
8077.5492,0.22717,-0.03183,0.49887,1,-0.2000,0.0000,-100,0,latency
8077.5659,0.19789,-0.04041,0.23049,1,-0.2000,0.0000,-100,0,latency
8077.5826,0.19854,-0.04302,0.45534,1,-0.2000,0.0000,-100,0,latency
8077.5992,0.19604,-0.04494,0.20142,1,-0.2000,0.0000,-100,0,latency
8077.6159,0.18840,-0.04795,0.13187,1,-0.2000,0.0000,-100,0,latency
8077.6326,0.18927,-0.04939,0.25877,1,-0.2000,0.0000,-100,0,latency
8077.6492,0.18631,-0.04925,0.16694,1,-0.2000,0.0000,-100,0,latency
8077.6659,0.18885,-0.04892,0.38757,1,-0.2000,0.0000,-100,0,latency
8077.6825,0.19708,-0.04713,0.26597,1,-0.2000,0.0000,-100,0,latency
8077.6992,0.19960,-0.04471,0.17589,1,-0.2000,0.0000,-100,0,latency
8077.7159,0.20994,-0.04177,0.23744,1,-0.2000,0.0000,-100,0,latency
8077.7325,0.21904,-0.03749,0.21632,1,-0.2000,0.0000,-100,0,latency
8077.7492,0.24053,-0.03152,0.27813,1,-0.2000,0.0000,-100,0,latency
8077.7659,0.24441,-0.02683,0.47848,1,-0.2000,0.0000,-100,0,latency
8077.7825,0.26309,-0.01978,0.47522,1,-0.2000,0.0000,-100,0,latency
8077.7992,0.27598,-0.01281,0.48772,1,0.2000,0.0000,100,0,latency
8077.8159,0.28075,-0.00823,0.23916,1,0.2000,0.0000,100,0,latency
8077.8325,0.28279,-0.00638,0.50205,1,0.2000,0.0000,100,0,latency
8077.8492,0.28069,-0.00787,0.48487,1,0.2000,0.0000,100,0,latency
8077.8659,0.28388,-0.00907,0.50232,1,0.2000,0.0000,100,0,latency
8077.8825,0.27274,-0.01339,0.49539,1,0.2000,0.0000,100,0,latency
8077.8992,0.27266,-0.01690,0.50046,1,0.2000,0.0000,100,0,latency
8077.9158,0.25965,-0.02224,0.50879,1,0.2000,0.0000,100,0,latency
8077.9325,0.25185,-0.02698,0.49527,1,0.2000,0.0000,100,0,latency
8077.9492,,,,0,0.2000,0.0000,100,0,latency
8077.9658,,,,0,0.2000,0.0000,100,0,latency
8077.9825,,,,0,0.2000,0.0000,100,0,latency
8077.9992,,,,0,0.2000,0.0000,100,0,latency
8078.0158,,,,0,0.2000,0.0000,100,0,latency
8078.0325,,,,0,0.2000,0.0000,100,0,latency
8078.0492,,,,0,0.2000,0.0000,100,0,latency
8078.0658,,,,0,0.2000,0.0000,100,0,latency
8078.0825,,,,0,0.2000,0.0000,100,0,latency
8078.0992,,,,0,0.2000,0.0000,100,0,latency
8078.1158,0.09726,-0.11085,0.51809,1,-0.2000,0.0000,-100,0,latency
8078.1325,0.07346,-0.12092,0.51442,1,-0.2000,0.0000,-100,0,latency
8078.1491,,,,0,-0.2000,0.0000,-100,0,latency
8078.1658,,,,0,-0.2000,0.0000,-100,0,latency
8078.1825,,,,0,-0.2000,0.0000,-100,0,latency
8078.1991,,,,0,-0.2000,0.0000,-100,0,latency
8078.2158,,,,0,-0.2000,0.0000,-100,0,latency
8078.2325,,,,0,-0.2000,0.0000,-100,0,latency
8078.2491,,,,0,-0.2000,0.0000,-100,0,latency
8078.2658,,,,0,-0.2000,0.0000,-100,0,latency
8078.2825,,,,0,-0.2000,0.0000,-100,0,latency
8078.2991,,,,0,-0.2000,0.0000,-100,0,latency
8078.3158,,,,0,-0.2000,0.0000,-100,0,latency
8078.3325,,,,0,-0.2000,0.0000,-100,0,latency
8078.3491,,,,0,-0.2000,0.0000,-100,0,latency
8078.3658,,,,0,-0.2000,0.0000,-100,0,latency
8078.3824,,,,0,-0.2000,0.0000,-100,0,latency
8078.3991,,,,0,-0.2000,0.0000,-100,0,latency
8078.4158,0.07123,-0.12261,0.79595,1,0.2000,0.0000,100,0,latency
8078.4324,0.07511,-0.11542,0.82624,1,0.2000,0.0000,100,0,latency
8078.4491,0.07419,-0.11125,0.86375,1,0.2000,0.0000,100,0,latency
8078.4658,0.07597,-0.11093,0.89161,1,0.2000,0.0000,100,0,latency
8078.4824,0.07278,-0.11405,0.89421,1,0.2000,0.0000,100,0,latency
8078.4991,0.07036,-0.12001,0.89305,1,0.2000,0.0000,100,0,latency
8078.5158,0.06618,-0.12792,0.90648,1,0.2000,0.0000,100,0,latency
8078.5324,,,,0,0.2000,0.0000,100,0,latency
8078.5491,,,,0,0.2000,0.0000,100,0,latency
8078.5658,,,,0,0.2000,0.0000,100,0,latency
8078.5824,,,,0,0.2000,0.0000,100,0,latency
8078.5991,,,,0,0.2000,0.0000,100,0,latency
8078.6157,,,,0,0.2000,0.0000,100,0,latency
8078.6324,,,,0,0.2000,0.0000,100,0,latency
8078.6491,,,,0,0.2000,0.0000,100,0,latency
8078.6657,,,,0,0.2000,0.0000,100,0,latency
8078.6824,,,,0,0.2000,0.0000,100,0,latency
8078.6991,,,,0,0.2000,0.0000,100,0,latency
8078.7157,,,,0,0.2000,0.0000,100,0,latency
8078.7324,,,,0,-0.2000,0.0000,-100,0,latency
8078.7491,,,,0,-0.2000,0.0000,-100,0,latency
8078.7657,,,,0,-0.2000,0.0000,-100,0,latency
8078.7824,,,,0,-0.2000,0.0000,-100,0,latency
8078.7991,,,,0,-0.2000,0.0000,-100,0,latency
8078.8157,,,,0,-0.2000,0.0000,-100,0,latency
8078.8324,,,,0,-0.2000,0.0000,-100,0,latency
8078.8491,,,,0,-0.2000,0.0000,-100,0,latency
8078.8657,,,,0,-0.2000,0.0000,-100,0,latency
8078.8824,,,,0,-0.2000,0.0000,-100,0,latency
8078.8990,,,,0,-0.2000,0.0000,-100,0,latency
8078.9157,,,,0,-0.2000,0.0000,-100,0,latency
8078.9324,,,,0,-0.2000,0.0000,-100,0,latency
8078.9490,,,,0,-0.2000,0.0000,-100,0,latency
8078.9657,,,,0,-0.2000,0.0000,-100,0,latency
8078.9824,,,,0,-0.2000,0.0000,-100,0,latency
8078.9990,,,,0,-0.2000,0.0000,-100,0,latency
8079.0157,,,,0,-0.2000,0.0000,-100,0,latency
8079.0324,,,,0,-0.2000,0.0000,-100,0,latency
8079.0490,,,,0,0.2000,0.0000,100,0,latency
8079.0657,,,,0,0.2000,0.0000,100,0,latency
8079.0824,,,,0,0.2000,0.0000,100,0,latency
8079.0990,,,,0,0.2000,0.0000,100,0,latency
8079.1157,,,,0,0.2000,0.0000,100,0,latency
8079.1323,,,,0,0.2000,0.0000,100,0,latency
8079.1490,,,,0,0.2000,0.0000,100,0,latency
8079.1657,,,,0,0.2000,0.0000,100,0,latency
8079.1823,,,,0,0.2000,0.0000,100,0,latency
8079.1990,,,,0,0.2000,0.0000,100,0,latency
8079.2157,,,,0,0.2000,0.0000,100,0,latency
8079.2323,,,,0,0.2000,0.0000,100,0,latency
8079.2490,,,,0,0.2000,0.0000,100,0,latency
8079.2657,,,,0,0.2000,0.0000,100,0,latency
8079.2823,,,,0,0.2000,0.0000,100,0,latency
8079.2990,,,,0,0.2000,0.0000,100,0,latency
8079.3157,,,,0,0.2000,0.0000,100,0,latency
8079.3323,,,,0,0.2000,0.0000,100,0,latency
8079.3490,,,,0,0.2000,0.0000,100,0,latency
8079.3656,,,,0,-0.2000,0.0000,-100,0,latency
8079.3823,,,,0,-0.2000,0.0000,-100,0,latency
8079.3990,,,,0,-0.2000,0.0000,-100,0,latency
8079.4156,,,,0,-0.2000,0.0000,-100,0,latency
8079.4323,,,,0,-0.2000,0.0000,-100,0,latency
8079.4490,,,,0,-0.2000,0.0000,-100,0,latency
8079.4656,,,,0,-0.2000,0.0000,-100,0,latency
8079.4823,,,,0,-0.2000,0.0000,-100,0,latency
8079.4990,,,,0,-0.2000,0.0000,-100,0,latency
8079.5156,,,,0,-0.2000,0.0000,-100,0,latency
8079.5323,,,,0,-0.2000,0.0000,-100,0,latency
8079.5490,,,,0,-0.2000,0.0000,-100,0,latency
8079.5656,,,,0,-0.2000,0.0000,-100,0,latency
8079.5823,,,,0,-0.2000,0.0000,-100,0,latency
8079.5989,,,,0,-0.2000,0.0000,-100,0,latency
8079.6156,,,,0,-0.2000,0.0000,-100,0,latency
8079.6323,,,,0,-0.2000,0.0000,-100,0,latency
8079.6489,,,,0,-0.2000,0.0000,-100,0,latency
8079.6656,,,,0,-0.2000,0.0000,-100,0,latency
8079.6823,,,,0,0.2000,0.0000,100,0,latency
8079.6989,,,,0,0.2000,0.0000,100,0,latency
8079.7156,,,,0,0.2000,0.0000,100,0,latency
8079.7323,,,,0,0.2000,0.0000,100,0,latency
8079.7489,,,,0,0.2000,0.0000,100,0,latency
8079.7656,,,,0,0.2000,0.0000,100,0,latency
8079.7823,,,,0,0.2000,0.0000,100,0,latency
8079.7989,,,,0,0.2000,0.0000,100,0,latency
8079.8156,,,,0,0.2000,0.0000,100,0,latency
8079.8322,,,,0,0.2000,0.0000,100,0,latency
8079.8489,,,,0,0.2000,0.0000,100,0,latency
8079.8656,,,,0,0.2000,0.0000,100,0,latency
8079.8822,,,,0,0.2000,0.0000,100,0,latency
8079.8989,,,,0,0.2000,0.0000,100,0,latency
8079.9156,,,,0,0.2000,0.0000,100,0,latency
8079.9322,,,,0,0.2000,0.0000,100,0,latency
8079.9489,,,,0,0.2000,0.0000,100,0,latency
8079.9656,,,,0,0.2000,0.0000,100,0,latency
8079.9822,,,,0,-0.2000,0.0000,-100,0,latency
8079.9989,,,,0,-0.2000,0.0000,-100,0,latency
8080.0156,,,,0,-0.2000,0.0000,-100,0,latency
8080.0322,,,,0,-0.2000,0.0000,-100,0,latency
8080.0489,,,,0,-0.2000,0.0000,-100,0,latency
8080.0656,,,,0,-0.2000,0.0000,-100,0,latency
8080.0822,,,,0,-0.2000,0.0000,-100,0,latency
8080.0989,,,,0,-0.2000,0.0000,-100,0,latency
8080.1155,,,,0,-0.2000,0.0000,-100,0,latency
8080.1322,,,,0,-0.2000,0.0000,-100,0,latency
8080.1489,,,,0,-0.2000,0.0000,-100,0,latency
8080.1655,,,,0,-0.2000,0.0000,-100,0,latency
8080.1822,,,,0,-0.2000,0.0000,-100,0,latency
8080.1989,,,,0,-0.2000,0.0000,-100,0,latency
8080.2155,,,,0,-0.2000,0.0000,-100,0,latency
8080.2322,,,,0,-0.2000,0.0000,-100,0,latency
8080.2489,,,,0,-0.2000,0.0000,-100,0,latency
8080.2655,,,,0,-0.2000,0.0000,-100,0,latency
8080.2822,,,,0,-0.2000,0.0000,-100,0,latency
8080.2989,,,,0,0.2000,0.0000,100,0,latency
8080.3155,,,,0,0.2000,0.0000,100,0,latency
8080.3322,,,,0,0.2000,0.0000,100,0,latency
8080.3488,,,,0,0.2000,0.0000,100,0,latency
8080.3655,,,,0,0.2000,0.0000,100,0,latency
8080.3822,,,,0,0.2000,0.0000,100,0,latency
8080.3988,,,,0,0.2000,0.0000,100,0,latency
8080.4155,,,,0,0.2000,0.0000,100,0,latency
8080.4322,,,,0,0.2000,0.0000,100,0,latency
8080.4488,,,,0,0.2000,0.0000,100,0,latency
8080.4655,,,,0,0.2000,0.0000,100,0,latency
8080.4822,,,,0,0.2000,0.0000,100,0,latency
8080.4988,,,,0,0.2000,0.0000,100,0,latency
8080.5155,,,,0,0.2000,0.0000,100,0,latency
8080.5322,,,,0,0.2000,0.0000,100,0,latency
8080.5488,,,,0,0.2000,0.0000,100,0,latency
8080.5655,,,,0,0.2000,0.0000,100,0,latency
8080.5821,,,,0,0.2000,0.0000,100,0,latency
8080.5988,,,,0,0.2000,0.0000,100,0,latency
8080.6155,,,,0,-0.2000,0.0000,-100,0,latency
8080.6321,,,,0,-0.2000,0.0000,-100,0,latency
8080.6488,,,,0,-0.2000,0.0000,-100,0,latency
8080.6655,,,,0,-0.2000,0.0000,-100,0,latency
8080.6821,,,,0,-0.2000,0.0000,-100,0,latency
8080.6988,,,,0,-0.2000,0.0000,-100,0,latency
8080.7155,,,,0,-0.2000,0.0000,-100,0,latency
8080.7321,,,,0,-0.2000,0.0000,-100,0,latency
8080.7488,,,,0,-0.2000,0.0000,-100,0,latency
8080.7655,,,,0,-0.2000,0.0000,-100,0,latency
8080.7821,,,,0,-0.2000,0.0000,-100,0,latency
8080.7988,,,,0,-0.2000,0.0000,-100,0,latency
8080.8154,,,,0,-0.2000,0.0000,-100,0,latency
8080.8321,,,,0,-0.2000,0.0000,-100,0,latency
8080.8488,,,,0,-0.2000,0.0000,-100,0,latency
8080.8654,,,,0,-0.2000,0.0000,-100,0,latency
8090.7142,0.64894,0.50843,0.30670,1,-0.2000,0.0000,-100,0,latency
8090.7475,0.66305,0.51680,0.30861,1,-0.2000,0.0000,-100,0,latency
8090.7642,0.66803,0.51872,0.30195,1,-0.2000,0.0000,-100,0,latency
8090.7809,0.66866,0.51906,0.31169,1,-0.2000,0.0000,-100,0,latency
8090.7975,0.65591,0.51216,0.31893,1,-0.2000,0.0000,-100,0,latency
8090.8142,0.65553,0.51185,0.58867,1,-0.2000,0.0000,-100,0,latency
8090.8309,0.65525,0.51173,0.31487,1,-0.2000,0.0000,-100,0,latency
8090.8475,0.66585,0.51776,0.31275,1,-0.2000,0.0000,-100,0,latency
8090.8642,0.65896,0.51356,0.31288,1,-0.2000,0.0000,-100,0,latency
8090.8809,0.65962,0.51444,0.31973,1,-0.2000,0.0000,-100,0,latency
8090.8975,0.65331,0.51089,0.30935,1,-0.2000,0.0000,-100,0,latency
8090.9142,0.67158,0.52087,0.30635,1,-0.2000,0.0000,-100,0,latency
8090.9308,0.65765,0.51323,0.31948,1,-0.2000,0.0000,-100,0,latency
8090.9475,0.66078,0.51517,0.31065,1,-0.2000,0.0000,-100,0,latency
8090.9642,0.66590,0.51764,0.30059,1,-0.2000,0.0000,-100,0,latency
8090.9808,0.66376,0.51630,0.30859,1,-0.2000,0.0000,-100,0,latency
8090.9975,0.66742,0.51858,0.31981,1,0.0000,0.0000,0,0,sync_end
8091.0142,0.66880,0.51930,0.30440,1,0.0000,0.0000,0,0,sync_end
8091.0308,0.65725,0.51294,0.30705,1,0.0000,0.0000,0,0,sync_end
8091.0475,0.65426,0.51089,0.30320,1,0.0000,0.0000,0,0,sync_end
8091.0642,0.66512,0.51718,0.30656,1,0.0000,0.0000,0,0,sync_end
8091.0808,0.65339,0.51061,0.32043,1,0.0000,0.0000,0,0,sync_end
8091.0975,0.66901,0.51945,0.30410,1,0.0000,0.0000,0,0,sync_end
8091.1142,0.65793,0.51325,0.31189,1,0.0000,0.0000,0,0,sync_end
8091.1308,0.66193,0.51570,0.31283,1,0.0000,0.0000,0,0,sync_end
8091.1475,0.66531,0.51772,0.31834,1,0.0000,0.0000,0,0,sync_end
8091.1641,0.66631,0.51814,0.59937,1,0.0000,0.0000,0,0,sync_end
8091.1808,0.66586,0.51784,0.30794,1,0.0000,0.0000,0,0,sync_end
8091.1975,0.65818,0.51309,0.30706,1,0.0000,0.0000,0,0,sync_end
8091.2141,0.64831,0.50783,0.31814,1,0.0000,0.0000,0,0,sync_end
8091.2308,0.65501,0.51177,0.32059,1,0.0000,0.0000,0,0,sync_end
8091.2475,0.65884,0.51391,0.31149,1,0.0000,0.0000,0,0,sync_end
8091.2641,0.65915,0.51393,0.32273,1,0.0000,0.0000,0,0,sync_end
8091.2808,0.65896,0.51383,0.31223,1,0.0000,0.0000,0,0,sync_end
8091.2975,0.65645,0.51277,0.30791,1,0.0000,0.0000,0,0,sync_end
8091.3141,0.65980,0.51436,0.32621,1,0.0000,0.0000,0,0,sync_end
8091.3308,0.65810,0.51288,0.59251,1,0.0000,0.0000,0,0,sync_end
8091.3475,0.66419,0.51658,0.30785,1,0.0000,0.0000,0,0,sync_end
8091.3641,0.65784,0.51318,0.31457,1,0.0000,0.0000,0,0,sync_end
8091.3808,0.66433,0.51747,0.31597,1,0.0000,0.0000,0,0,sync_end
8091.3975,0.65685,0.51290,0.31571,1,0.0000,0.0000,0,0,sync_end
8091.4141,0.66005,0.51464,0.32243,1,0.0000,0.0000,0,0,sync_end
8091.4308,0.66127,0.51536,0.32097,1,0.0000,0.0000,0,0,sync_end
8091.4474,0.65920,0.51407,0.31822,1,0.0000,0.0000,0,0,sync_end
8091.4641,0.65531,0.51176,0.31063,1,0.0000,0.0000,0,0,sync_end
8091.4808,0.65712,0.51302,0.31476,1,0.0000,0.0000,0,0,sync_end
8091.4974,0.66576,0.51774,0.31655,1,0.0000,0.0000,0,0,sync_end
8091.5141,0.66555,0.51768,0.31092,1,0.0000,0.0000,0,0,sync_end
8091.5308,0.65946,0.51433,0.31961,1,0.0000,0.0000,0,0,sync_end
8091.5474,0.64799,0.50798,0.31872,1,0.0000,0.0000,0,0,sync_end
8091.5641,0.65931,0.51409,0.31130,1,0.0000,0.0000,0,0,sync_end
8091.5808,0.66112,0.51518,0.31818,1,0.0000,0.0000,0,0,sync_end
8091.5974,0.65717,0.51329,0.31885,1,0.0000,0.0000,0,0,sync_end
8091.6141,0.66202,0.51568,0.30548,1,0.0000,0.0000,0,0,sync_end
8091.6308,0.65750,0.51293,0.30733,1,0.0000,0.0000,0,0,sync_end
8091.6474,0.65972,0.51446,0.31765,1,0.0000,0.0000,0,0,sync_end
8091.6641,0.65921,0.51408,0.32356,1,0.0000,0.0000,0,0,sync_end
8091.6807,0.66133,0.51524,0.31877,1,0.0000,0.0000,0,0,sync_end
8091.6974,0.66461,0.51722,0.31432,1,0.0000,0.0000,0,0,sync_end
8091.7141,0.65954,0.51423,0.31073,1,0.0000,0.0000,0,0,sync_end
8091.7307,0.65536,0.51178,0.32221,1,0.0000,0.0000,0,0,sync_end
8091.7474,0.65960,0.51361,0.31019,1,0.0000,0.0000,0,0,sync_end
8091.7641,0.65891,0.51403,0.32103,1,0.0000,0.0000,0,0,sync_end
8091.7807,0.66528,0.51747,0.31499,1,0.0000,0.0000,0,0,sync_end
8091.7974,0.65215,0.51025,0.31568,1,0.0000,0.0000,0,0,sync_end
8091.8141,0.66118,0.51533,0.31384,1,0.0000,0.0000,0,0,sync_end
8091.8307,0.65451,0.51147,0.31631,1,0.0000,0.0000,0,0,sync_end
8091.8474,0.66799,0.51910,0.30766,1,0.0000,0.0000,0,0,sync_end
8091.8641,0.65863,0.51396,0.30244,1,0.0000,0.0000,0,0,sync_end
8091.8807,0.65346,0.51063,0.31503,1,0.0000,0.0000,0,0,sync_end
8091.8974,0.65919,0.51407,0.31544,1,0.0000,0.0000,0,0,sync_end
8091.9140,0.66292,0.51628,0.31689,1,0.0000,0.0000,0,0,sync_end
8091.9307,0.66101,0.51514,0.31840,1,0.0000,0.0000,0,0,sync_end
8091.9474,0.66066,0.51501,0.58219,1,0.0000,0.0000,0,0,sync_end
8091.9640,0.67063,0.52088,0.31363,1,0.0000,0.0000,0,0,sync_end
8091.9807,0.65896,0.51383,0.31509,1,0.0000,0.0000,0,0,sync_end
8091.9974,0.65306,0.51079,0.31758,1,0.0000,0.0000,0,0,sync_end
8092.0140,0.66081,0.51496,0.31884,1,0.0000,0.8000,0,-400,sync_end
8092.0307,0.64004,0.50421,0.28820,1,0.0000,0.8000,0,-400,sync_end
8092.0474,0.64164,0.50646,0.63003,1,0.0000,0.8000,0,-400,sync_end
8092.0640,0.64617,0.51164,0.00193,1,0.0000,0.8000,0,-400,sync_end
8092.0807,0.64896,0.51657,0.75474,1,0.0000,0.8000,0,-400,sync_end
8092.0974,0.64397,0.51976,-0.43863,1,0.0000,0.8000,0,-400,sync_end
8092.1140,0.64556,0.52638,-0.75660,1,0.0000,-0.8000,0,400,sync_end
8092.1307,0.65760,0.53840,-1.09281,1,0.0000,-0.8000,0,400,sync_end
8092.1473,0.68885,0.56120,-3.12678,1,0.0000,-0.8000,0,400,sync_end
8092.1640,0.68531,0.56304,-1.71814,1,0.0000,-0.8000,0,400,sync_end
8092.1807,0.70611,0.57548,-1.91122,1,0.0000,-0.8000,0,400,sync_end
