#VRML V2.0 utf8
# 3D model generated by easyeda2kicad.py (https://github.com/uPesy/easyeda2kicad.py)

Shape{
    appearance Appearance {
        material  Material 	{
            diffuseColor 0.5019607843137255 0.5019607843137255 0.5019607843137255
            specularColor 0.25098039215686274 0.25098039215686274 0.25098039215686274
            ambientIntensity 0.502
            transparency 0.0
            shininess 0.5
        }
    }
    geometry IndexedFaceSet {
        ccw TRUE
        solid FALSE
        coord DEF co Coordinate {
            point [
                -1.3795 -0.4919 0.7874, -1.3193 -0.5025 0.7874, -1.3193 -0.4567 0.7874, -1.63 0.2413 0.7874, -1.6342 0.2239 0.7874, -1.3193 0.4567 0.7874, 1.3787 0.4919 0.7874, 1.3185 0.5025 0.7874, 1.3185 0.4567 0.7874, -1.6342 -0.2239 0.7874, -1.63 -0.2413 0.7874, -1.5947 -0.3268 0.7874, -1.5383 -0.4002 0.7874, -1.465 -0.4565 0.7874, 1.6335 0.2239 0.7874, 1.6293 0.2413 0.7874, 1.5939 0.3268 0.7874, 1.5376 0.4002 0.7874, 1.4642 0.4565 0.7874, 1.3278 0.3017 0.7874, 1.3658 0.286 0.7874, -1.3193 0.5025 0.7874, -1.3795 0.4919 0.7874, -1.465 0.4565 0.7874, 1.3984 0.261 0.7874, 1.4234 0.2283 0.7874, -1.5383 0.4002 0.7874, -1.5947 0.3268 0.7874, 1.3185 -0.5025 0.7874, 1.3787 -0.4919 0.7874, 1.3185 -0.4567 0.7874, 1.287 -0.3071 0.7874, -1.2878 -0.3071 0.7874, -1.3286 -0.3017 0.7874, -1.3665 -0.286 0.7874, -1.3991 -0.261 0.7874, -1.4242 -0.2283 0.7874, -1.4399 0.1904 0.7874, -1.4242 0.2283 0.7874, -1.3991 0.261 0.7874, -1.3665 0.286 0.7874, 1.4391 0.1904 0.7874, 1.4445 0.1496 0.7874, 1.6335 -0.2239 0.7874, 1.4445 -0.1496 0.7874, 1.6293 -0.2413 0.7874, 1.4391 -0.1904 0.7874, 1.5939 -0.3268 0.7874, 1.4234 -0.2283 0.7874, 1.5376 -0.4002 0.7874, 1.3984 -0.261 0.7874, 1.4642 -0.4565 0.7874, 1.3658 -0.286 0.7874, 1.3278 -0.3017 0.7874, -1.4399 -0.1904 0.7874, -1.4453 -0.1496 0.7874, -1.4453 0.1496 0.7874, -1.3286 0.3017 0.7874, -1.2878 0.3071 0.7874, 1.287 0.3071 0.7874, -1.3193 0.3169 0.315, -1.3193 0.4567 0.315, -1.2258 0.4567 0.315, -0.2397 -0.0169 0.315, -0.2044 -0.0169 0.315, -0.2516 -0.05 0.315, -0.2044 -0.0946 0.315, -0.2689 -0.05 0.315, -0.3941 -0.0946 0.315, -0.2228 0.0681 0.315, -0.2044 0.0613 0.315, -0.207 0.0681 0.315, -0.2044 0.0688 0.315, -0.3941 0.0688 0.315, -0.1623 -0.05 0.315, -0.158 -0.0946 0.315, -0.1796 -0.05 0.315, -0.1909 -0.0169 0.315, 0.0875 0.0688 0.315, 0.0787 0.0696 0.315, 0.0498 0.1378 0.315, 0.148 0.0688 0.315, 0.1472 0.1378 0.315, 0.1472 0.1772 0.315, 0.148 -0.0946 0.315, 0.1472 -0.1378 0.315, 0.0498 -0.0946 0.315, 0.0498 -0.1378 0.315, 0.0383 -0.0946 0.315, 0.0488 -0.1378 0.315, 0.0488 -0.1772 0.315, 0.0509 -0.0309 0.315, 0.0509 -0.0439 0.315, 0.0635 -0.049 0.315, 0.0498 0.0688 0.315, 0.0682 0.0688 0.315, 0.0645 0.0686 0.315, 0.0509 0.0649 0.315, 0.0509 0.049 0.315, 0.0642 0.0547 0.315, 0.053 -0.0321 0.315, 0.0785 0.0566 0.315, 0.0902 0.0553 0.315, 0.1094 -0.046 0.315, 0.1189 -0.0399 0.315, 0.1277 -0.0306 0.315, 0.134 -0.0193 0.315, 0.1325 0.037 0.315, 0.1256 0.0481 0.315, 0.1149 0.0583 0.315, 0.1037 0.0648 0.315, 0.099 0.0521 0.315, 0.1072 0.0466 0.315, 0.1143 0.0388 0.315, 0.1229 0.0078 0.315, 0.1217 -0.005 0.315, 0.1185 -0.0151 0.315, 0.0922 -0.0372 0.315, 0.0812 -0.0385 0.315, 0.1008 -0.0341 0.315, 0.1081 -0.0292 0.315, 0.1136 -0.0233 0.315, 0.0655 -0.0367 0.315, 0.0905 0.0686 0.315, 0.1192 0.0296 0.315, 0.1223 0.017 0.315, 0.0801 -0.0514 0.315, 0.0834 -0.0514 0.315, 0.0979 -0.0499 0.315, 0.1376 -0.0068 0.315, 0.1387 0.0068 0.315, 0.137 0.0236 0.315, -1.3193 -0.0946 0.315, -1.2258 -0.0946 0.315, -1.3193 -0.4567 0.315, -1.2258 -0.4567 0.315, -1.2258 0.3169 0.315, -1.3193 0.0688 0.315, -1.2258 0.0688 0.315, -0.9846 -0.0946 0.315, -1.0339 -0.1378 0.315, -1.1323 -0.1378 0.315, -1.1323 -0.1772 0.315, -0.9846 -0.4567 0.315, -1.0339 -0.1772 0.315, -1.0339 0.1378 0.315, -0.9846 0.0688 0.315, -1.1323 0.1378 0.315, -1.1323 0.1772 0.315, -1.0339 0.1772 0.315, -0.9846 0.3169 0.315, -0.7878 -0.0946 0.315, -0.837 -0.1378 0.315, -0.9354 -0.1378 0.315, -0.9354 -0.1772 0.315, -0.837 -0.1772 0.315, -0.7878 -0.4567 0.315, -0.837 0.1378 0.315, -0.7878 0.0688 0.315, -0.9354 0.1378 0.315, -0.9354 0.1772 0.315, -0.837 0.1772 0.315, -0.7878 0.3169 0.315, -0.5909 -0.0946 0.315, -0.6402 -0.1378 0.315, -0.7386 -0.1378 0.315, -0.7386 -0.1772 0.315, -0.6402 -0.1772 0.315, -0.5909 -0.4567 0.315, -0.6402 0.1378 0.315, -0.5909 0.0688 0.315, -0.7386 0.1378 0.315, -0.7386 0.1772 0.315, -0.6402 0.1772 0.315, -0.5909 0.3169 0.315, -0.4433 -0.1378 0.315, -0.5417 -0.1378 0.315, -0.5417 -0.1772 0.315, -0.4433 -0.1772 0.315, -0.3941 -0.4567 0.315, -0.4433 0.1378 0.315, -0.5417 0.1378 0.315, -0.5417 0.1772 0.315, -0.4433 0.1772 0.315, -0.3941 0.3169 0.315, -0.2465 -0.1378 0.315, -0.3449 -0.1378 0.315, -0.3449 -0.1772 0.315, -0.2465 -0.1772 0.315, -0.2044 -0.4567 0.315, -0.2465 0.1378 0.315, -0.2465 0.1772 0.315, -0.3449 0.1378 0.315, -0.3449 0.1772 0.315, -0.2044 0.3169 0.315, -0.158 0.3169 0.315, -0.158 0.0688 0.315, -0.0426 -0.0946 0.315, -0.0496 -0.1378 0.315, -0.148 -0.1378 0.315, -0.148 -0.1772 0.315, -0.0496 -0.1772 0.315, -0.0426 -0.4567 0.315, -0.158 -0.4567 0.315, -0.0426 0.0688 0.315, -0.0586 -0.05 0.315, -0.0586 0.0681 0.315, -0.0919 0.0681 0.315, -0.109 0.0663 0.315, -0.1228 0.0614 0.315, -0.152 -0.0052 0.315, -0.1478 -0.0176 0.315, -0.141 -0.0282 0.315, -0.1313 -0.0375 0.315, -0.1357 0.0528 0.315, -0.1358 0.0527 0.315, -0.1441 0.0435 0.315, -0.1496 0.0333 0.315, -0.1528 0.0217 0.315, -0.1537 0.0106 0.315, -0.1189 -0.0447 0.315, -0.1053 -0.0487 0.315, -0.0907 -0.05 0.315, -0.0496 0.1378 0.315, -0.0496 0.1772 0.315, 0.1472 -0.1772 0.315, 0.148 -0.4567 0.315, 0.0498 -0.1772 0.315, 0.0498 -0.4567 0.315, 0.0383 -0.4567 0.315, -0.0327 0.0681 0.315, 0.0278 0.0681 0.315, 0.0383 0.0688 0.315, 0.0278 -0.05 0.315, -0.0356 -0.05 0.315, -0.0356 -0.037 0.315, -0.0327 0.0552 0.315, 0.012 0.0033 0.315, 0.012 -0.037 0.315, -0.0298 0.0033 0.315, -0.0298 0.0163 0.315, 0.012 0.0163 0.315, 0.012 0.0552 0.315, -0.148 0.1378 0.315, -0.148 0.1772 0.315, -0.0426 0.3169 0.315, 0.0383 0.3169 0.315, 0.2093 -0.05 0.315, 0.2093 0.0681 0.315, 0.2275 0.0688 0.315, 0.1935 0.0681 0.315, 0.2275 -0.0946 0.315, 0.1488 -0.05 0.315, 0.1488 -0.037 0.315, 0.1935 -0.037 0.315, 0.0488 0.1378 0.315, 0.0488 0.1772 0.315, 0.0498 0.1772 0.315, 0.0498 0.3169 0.315, 0.148 0.3169 0.315, 0.2275 0.3169 0.315, 0.3933 -0.0946 0.315, 0.3441 -0.1378 0.315, 0.2457 -0.1378 0.315, 0.2457 -0.1772 0.315, 0.3441 -0.1772 0.315, 0.3933 -0.4567 0.315, 0.2275 -0.4567 0.315, 0.3441 0.1378 0.315, 0.3933 0.0688 0.315, 0.2457 0.1378 0.315, 0.2457 0.1772 0.315, 0.3441 0.1772 0.315, 0.3933 0.3169 0.315, 0.5902 -0.0946 0.315, 0.5409 -0.1378 0.315, 0.4425 -0.1378 0.315, 0.4425 -0.1772 0.315, 0.5409 -0.1772 0.315, 0.5902 -0.4567 0.315, 0.5409 0.1378 0.315, 0.5902 0.0688 0.315, 0.4425 0.1378 0.315, 0.4425 0.1772 0.315, 0.5409 0.1772 0.315, 0.5902 0.3169 0.315, 0.787 -0.0946 0.315, 0.7378 -0.1378 0.315, 0.6394 -0.1378 0.315, 0.6394 -0.1772 0.315, 0.7378 -0.1772 0.315, 0.787 -0.4567 0.315, 0.7378 0.1378 0.315, 0.787 0.0688 0.315, 0.6394 0.1378 0.315, 0.6394 0.1772 0.315, 0.7378 0.1772 0.315, 0.787 0.3169 0.315, 0.9839 -0.0946 0.315, 0.9346 -0.1378 0.315, 0.8362 -0.1378 0.315, 0.8362 -0.1772 0.315, 0.9346 -0.1772 0.315, 0.9839 -0.4567 0.315, 0.9346 0.1378 0.315, 0.9839 0.0688 0.315, 0.8362 0.1378 0.315, 0.8362 0.1772 0.315, 0.9346 0.1772 0.315, 0.9839 0.3169 0.315, 1.0331 -0.1378 0.315, 1.0331 -0.1772 0.315, 1.1315 -0.1378 0.315, 1.3185 -0.0946 0.315, 1.1315 -0.1772 0.315, 1.3185 -0.4567 0.315, 1.3185 0.0688 0.315, 1.1315 0.1378 0.315, 1.0331 0.1378 0.315, 1.0331 0.1772 0.315, 1.1315 0.1772 0.315, 1.3185 0.3169 0.315, -0.9846 0.4567 0.315, -0.7878 0.4567 0.315, -0.5909 0.4567 0.315, -0.3941 0.4567 0.315, -0.2044 0.4567 0.315, -0.158 0.4567 0.315, -0.0426 0.4567 0.315, 0.0383 0.4567 0.315, 0.0498 0.4567 0.315, 0.148 0.4567 0.315, 0.2275 0.4567 0.315, 0.3933 0.4567 0.315, 0.5902 0.4567 0.315, 0.787 0.4567 0.315, 0.9839 0.4567 0.315, 1.3185 0.4567 0.315
            ]
        }
        coordIndex [
            0,1,2,-1,3,4,5,-1,6,7,8,-1,9,10,2,-1,2,10,11,-1,11,12,2,-1,2,12,13,-1,2,13,0,-1,14,15,8,-1,8,15,16,-1,16,17,8,-1,8,17,18,-1,8,18,6,-1,19,20,8,-1,21,22,5,-1,5,22,23,-1,8,20,14,-1,14,20,24,-1,14,24,25,-1,23,26,5,-1,5,26,27,-1,5,27,3,-1,28,29,30,-1,30,29,31,-1,30,31,2,-1,2,31,32,-1,32,33,2,-1,2,33,34,-1,2,34,9,-1,9,34,35,-1,9,35,36,-1,37,38,4,-1,4,38,39,-1,4,39,5,-1,5,39,40,-1,25,41,14,-1,14,41,42,-1,14,42,43,-1,43,42,44,-1,43,44,45,-1,45,44,46,-1,45,46,47,-1,47,46,48,-1,47,48,49,-1,49,48,50,-1,49,50,51,-1,51,50,52,-1,51,52,29,-1,29,52,53,-1,29,53,31,-1,36,54,9,-1,9,54,55,-1,9,55,4,-1,4,55,56,-1,4,56,37,-1,40,57,5,-1,5,57,58,-1,5,58,8,-1,8,58,59,-1,8,59,19,-1,60,61,62,-1,63,64,65,-1,65,64,66,-1,65,66,67,-1,67,66,68,-1,67,68,69,-1,70,71,72,-1,72,71,69,-1,72,69,73,-1,74,75,76,-1,76,75,66,-1,76,66,77,-1,77,66,64,-1,78,79,80,-1,81,82,83,-1,84,85,86,-1,86,85,87,-1,86,87,88,-1,88,87,89,-1,88,89,90,-1,91,92,86,-1,86,92,93,-1,94,95,96,-1,96,97,94,-1,94,97,98,-1,94,98,91,-1,91,98,99,-1,91,99,100,-1,100,99,101,-1,100,101,102,-1,103,104,84,-1,84,104,105,-1,84,105,106,-1,107,108,81,-1,81,108,109,-1,81,109,110,-1,102,111,100,-1,100,111,112,-1,100,112,113,-1,114,115,100,-1,100,115,116,-1,117,118,119,-1,119,118,120,-1,116,121,100,-1,100,121,120,-1,100,120,122,-1,122,120,118,-1,80,82,78,-1,78,82,81,-1,78,81,123,-1,123,81,110,-1,113,124,100,-1,100,124,125,-1,100,125,114,-1,93,126,86,-1,86,126,127,-1,86,127,84,-1,84,127,128,-1,84,128,103,-1,106,129,84,-1,84,129,130,-1,84,130,81,-1,81,130,131,-1,81,131,107,-1,132,133,134,-1,134,133,135,-1,60,136,137,-1,137,136,138,-1,139,140,133,-1,133,140,141,-1,133,141,135,-1,135,141,142,-1,135,142,143,-1,143,142,144,-1,145,146,147,-1,147,146,138,-1,147,138,148,-1,148,138,136,-1,148,136,149,-1,149,136,150,-1,149,150,145,-1,145,150,146,-1,151,152,139,-1,139,152,153,-1,139,153,154,-1,155,156,154,-1,154,156,143,-1,154,143,139,-1,139,143,144,-1,139,144,140,-1,157,158,159,-1,159,158,146,-1,159,146,160,-1,160,146,150,-1,160,150,161,-1,161,150,162,-1,161,162,157,-1,157,162,158,-1,163,164,151,-1,151,164,165,-1,151,165,166,-1,167,168,166,-1,166,168,156,-1,166,156,151,-1,151,156,155,-1,151,155,152,-1,169,170,171,-1,171,170,158,-1,171,158,172,-1,172,158,162,-1,172,162,173,-1,173,162,174,-1,173,174,169,-1,169,174,170,-1,68,175,163,-1,163,175,176,-1,163,176,177,-1,178,179,177,-1,177,179,168,-1,177,168,163,-1,163,168,167,-1,163,167,164,-1,69,68,73,-1,73,68,163,-1,73,163,170,-1,170,163,151,-1,170,151,158,-1,158,151,139,-1,158,139,146,-1,146,139,133,-1,146,133,138,-1,138,133,132,-1,138,132,137,-1,180,73,181,-1,181,73,170,-1,181,170,182,-1,182,170,174,-1,182,174,183,-1,183,174,184,-1,183,184,180,-1,180,184,73,-1,66,185,68,-1,68,185,186,-1,68,186,187,-1,188,189,187,-1,187,189,179,-1,187,179,68,-1,68,179,178,-1,68,178,175,-1,72,190,191,-1,190,72,192,-1,192,72,73,-1,192,73,193,-1,193,73,184,-1,193,184,191,-1,191,184,194,-1,191,194,72,-1,72,194,195,-1,72,195,196,-1,197,198,75,-1,75,198,199,-1,75,199,200,-1,201,202,200,-1,200,202,203,-1,200,203,75,-1,75,203,189,-1,75,189,66,-1,66,189,188,-1,66,188,185,-1,204,197,205,-1,205,206,204,-1,204,206,207,-1,204,207,196,-1,196,207,208,-1,196,208,209,-1,210,211,75,-1,75,211,212,-1,75,212,213,-1,209,214,196,-1,196,214,215,-1,196,215,216,-1,216,217,196,-1,196,217,218,-1,196,218,219,-1,213,220,75,-1,75,220,221,-1,75,221,197,-1,197,221,222,-1,197,222,205,-1,70,72,74,-1,74,72,196,-1,74,196,75,-1,75,196,219,-1,75,219,210,-1,204,223,224,-1,225,226,227,-1,227,226,228,-1,227,228,90,-1,90,228,229,-1,90,229,88,-1,88,229,202,-1,88,202,197,-1,197,202,201,-1,197,201,198,-1,230,204,231,-1,231,204,232,-1,233,88,234,-1,234,88,197,-1,234,197,235,-1,235,197,204,-1,235,204,236,-1,236,204,230,-1,237,238,239,-1,239,238,235,-1,239,235,240,-1,240,235,236,-1,240,236,241,-1,241,236,242,-1,223,204,243,-1,243,204,196,-1,243,196,244,-1,244,196,195,-1,244,195,224,-1,224,195,245,-1,224,245,204,-1,204,245,246,-1,204,246,232,-1,91,86,94,-1,94,86,88,-1,94,88,232,-1,232,88,233,-1,232,233,231,-1,247,248,249,-1,249,248,250,-1,249,250,81,-1,247,251,252,-1,252,251,84,-1,252,84,253,-1,253,84,81,-1,253,81,254,-1,254,81,250,-1,79,95,80,-1,80,95,94,-1,80,94,255,-1,255,94,232,-1,255,232,256,-1,256,232,246,-1,256,246,257,-1,257,246,258,-1,257,258,83,-1,83,258,259,-1,83,259,81,-1,81,259,260,-1,81,260,249,-1,261,262,251,-1,251,262,263,-1,251,263,264,-1,265,266,264,-1,264,266,267,-1,264,267,251,-1,251,267,226,-1,251,226,84,-1,84,226,225,-1,84,225,85,-1,268,269,270,-1,270,269,249,-1,270,249,271,-1,271,249,260,-1,271,260,272,-1,272,260,273,-1,272,273,268,-1,268,273,269,-1,274,275,261,-1,261,275,276,-1,261,276,277,-1,278,279,277,-1,277,279,266,-1,277,266,261,-1,261,266,265,-1,261,265,262,-1,280,281,282,-1,282,281,269,-1,282,269,283,-1,283,269,273,-1,283,273,284,-1,284,273,285,-1,284,285,280,-1,280,285,281,-1,286,287,274,-1,274,287,288,-1,274,288,289,-1,290,291,289,-1,289,291,279,-1,289,279,274,-1,274,279,278,-1,274,278,275,-1,292,293,294,-1,294,293,281,-1,294,281,295,-1,295,281,285,-1,295,285,296,-1,296,285,297,-1,296,297,292,-1,292,297,293,-1,298,299,286,-1,286,299,300,-1,286,300,301,-1,302,303,301,-1,301,303,291,-1,301,291,286,-1,286,291,290,-1,286,290,287,-1,304,305,306,-1,306,305,293,-1,306,293,307,-1,307,293,297,-1,307,297,308,-1,308,297,309,-1,308,309,304,-1,304,309,305,-1,298,310,311,-1,310,298,312,-1,312,298,313,-1,312,313,314,-1,314,313,315,-1,314,315,311,-1,311,315,303,-1,311,303,298,-1,298,303,302,-1,298,302,299,-1,247,249,251,-1,251,249,269,-1,251,269,261,-1,261,269,281,-1,261,281,274,-1,274,281,293,-1,274,293,286,-1,286,293,305,-1,286,305,298,-1,298,305,316,-1,298,316,313,-1,317,316,318,-1,318,316,305,-1,318,305,319,-1,319,305,309,-1,319,309,320,-1,320,309,321,-1,320,321,317,-1,317,321,316,-1,60,62,136,-1,136,62,322,-1,136,322,150,-1,150,322,323,-1,150,323,162,-1,162,323,324,-1,162,324,174,-1,174,324,325,-1,174,325,184,-1,184,325,326,-1,184,326,194,-1,194,326,327,-1,194,327,195,-1,195,327,328,-1,195,328,245,-1,245,328,329,-1,245,329,246,-1,246,329,330,-1,246,330,258,-1,258,330,331,-1,258,331,259,-1,259,331,332,-1,259,332,260,-1,260,332,333,-1,260,333,273,-1,273,333,334,-1,273,334,285,-1,285,334,335,-1,285,335,297,-1,297,335,336,-1,297,336,309,-1,309,336,337,-1,309,337,321,-1,
        ]
    }
}
Shape{
    appearance Appearance {
        material  Material 	{
            diffuseColor 1.0 1.0 1.0
            specularColor 0.5019607843137255 0.5019607843137255 0.5019607843137255
            ambientIntensity 1.0
            transparency 0.0
            shininess 0.5
        }
    }
    geometry IndexedFaceSet {
        ccw TRUE
        solid FALSE
        coord DEF co Coordinate {
            point [
                1.0429 -0.622 0.7087, 1.0456 -0.622 0.729, 0.7615 -0.622 1.0065, 0.4465 -0.622 1.0065, 0.4465 -0.622 1.164, -0.1972 -0.622 0.6299, -0.1972 -0.622 0.524, 0.1965 -0.622 0.524, 0.1965 -0.622 0.6299, -1.2878 -0.622 3.6811, -0.7623 -0.622 1.164, 1.287 -0.622 3.6811, -0.4473 -0.622 1.164, 1.0823 -0.622 0.7769, 1.1013 -0.622 0.7847, 1.1217 -0.622 0.7874, 1.287 -0.622 0.7874, -1.2878 -0.622 0.7874, -1.1224 -0.622 0.7874, -1.1021 -0.622 0.7847, -1.0831 -0.622 0.7769, -0.7623 -0.622 1.0065, -1.0668 -0.622 0.7643, -1.0542 -0.622 0.748, 0.6492 -0.622 0.6299, 0.6492 -0.622 0.5013, 1.0429 -0.622 0.5013, 1.0535 -0.622 0.748, 1.066 -0.622 0.7643, 0.7615 -0.622 1.164, -1.0437 -0.622 0.524, -0.65 -0.622 0.524, -1.0437 -0.622 0.7087, -0.65 -0.622 0.6299, -1.0464 -0.622 0.729, -0.4473 -0.622 1.0065, 1.3185 -0.5025 0.7874, 1.3185 -0.621 0.7874, 1.287 -0.5039 0.7874, 1.1217 -0.5039 0.7874, 1.1217 0.5039 0.7874, 1.1217 0.622 0.7874, 1.287 0.5039 0.7874, 1.287 0.622 0.7874, 1.3185 0.5025 0.7874, 1.3185 0.621 0.7874, 1.6564 -0.4442 0.7874, 1.6335 -0.4708 0.7874, 1.6335 -0.2239 0.7874, 1.7127 -0.3546 0.7874, 1.6335 0.2239 0.7874, 1.6335 0.4708 0.7874, 1.6564 0.4442 0.7874, 1.7127 0.3546 0.7874, 1.7476 0.2547 0.7874, 1.6413 0.1496 0.7874, 1.7595 0.1496 0.7874, 1.6413 -0.1496 0.7874, 1.7595 -0.1496 0.7874, 1.7476 -0.2547 0.7874, -1.3193 0.5025 0.7874, -1.3193 0.621 0.7874, -1.2878 0.5039 0.7874, -1.2878 0.622 0.7874, -1.1224 0.5039 0.7874, -1.1224 0.622 0.7874, -1.1224 -0.5039 0.7874, -1.2878 -0.5039 0.7874, -1.3193 -0.5025 0.7874, -1.3193 -0.621 0.7874, -1.6572 0.4442 0.7874, -1.6342 0.4708 0.7874, -1.6342 0.2239 0.7874, -1.7134 0.3546 0.7874, -1.6342 -0.2239 0.7874, -1.6342 -0.4708 0.7874, -1.6572 -0.4442 0.7874, -1.7134 -0.3546 0.7874, -1.7484 -0.2547 0.7874, -1.6421 -0.1496 0.7874, -1.7602 -0.1496 0.7874, -1.6421 0.1496 0.7874, -1.7602 0.1496 0.7874, -1.7484 0.2547 0.7874, 1.7595 0.1496 3.6811, 1.7595 -0.1496 3.6811, -1.5947 -0.3268 3.6811, -1.6572 -0.4442 3.6811, -1.5383 -0.4002 3.6811, -1.5824 -0.519 3.6811, -1.465 -0.4565 3.6811, -1.4928 -0.5753 3.6811, -1.3795 -0.4919 3.6811, -1.3929 -0.6102 3.6811, -1.2878 -0.5039 3.6811, 1.287 -0.5039 3.6811, 1.3787 -0.4919 3.6811, 1.3921 -0.6102 3.6811, 1.4642 -0.4565 3.6811, 1.492 -0.5753 3.6811, 1.5816 -0.519 3.6811, 1.5376 -0.4002 3.6811, 1.6564 -0.4442 3.6811, 1.5939 -0.3268 3.6811, 1.7127 -0.3546 3.6811, 1.6293 -0.2413 3.6811, 1.7476 -0.2547 3.6811, 1.6413 -0.1496 3.6811, 1.6413 0.1496 3.6811, 1.6293 0.2413 3.6811, 1.7476 0.2547 3.6811, 1.5939 0.3268 3.6811, 1.7127 0.3546 3.6811, 1.5376 0.4002 3.6811, -1.5383 0.4002 3.6811, -1.6572 0.4442 3.6811, -1.5947 0.3268 3.6811, -1.7134 0.3546 3.6811, -1.63 0.2413 3.6811, -1.7484 0.2547 3.6811, -1.6421 0.1496 3.6811, -1.7602 0.1496 3.6811, -1.6421 -0.1496 3.6811, -1.7602 -0.1496 3.6811, -1.63 -0.2413 3.6811, -1.7484 -0.2547 3.6811, -1.7134 -0.3546 3.6811, 1.6564 0.4442 3.6811, 1.5816 0.519 3.6811, 1.4642 0.4565 3.6811, 1.492 0.5753 3.6811, 1.3787 0.4919 3.6811, 1.3921 0.6102 3.6811, 1.287 0.5039 3.6811, 1.287 0.622 3.6811, -1.2878 0.5039 3.6811, -1.2878 0.622 3.6811, -1.3795 0.4919 3.6811, -1.3929 0.6102 3.6811, -1.465 0.4565 3.6811, -1.4928 0.5753 3.6811, -1.5824 0.519 3.6811, 0.8461 -0.7874 -0.315, 0.8461 -0.7874 0.0394, 1.0429 -0.7874 0.2694, 0.8434 -0.7874 0.0598, 0.8355 -0.7874 0.0787, 0.823 -0.7874 0.095, 1.0035 -0.7874 -0.3832, 0.9846 -0.7874 -0.391, 0.9642 -0.7874 -0.3937, 0.8067 -0.7874 0.1076, 0.7877 -0.7874 0.1154, 0.6492 -0.7874 0.2694, 0.7673 -0.7874 0.1181, 0.6492 -0.7874 0.1969, 0.728 -0.7874 0.1181, 1.0429 -0.7874 -0.315, 1.0402 -0.7874 -0.3353, 0.6886 -0.7874 0.1287, 0.6723 -0.7874 0.1412, 0.6598 -0.7874 0.1575, 1.0324 -0.7874 -0.3543, 1.0199 -0.7874 -0.3706, 0.8566 -0.7874 -0.3543, 0.9248 -0.7874 -0.3937, 0.8691 -0.7874 -0.3706, 0.9044 -0.7874 -0.391, 0.8854 -0.7874 -0.3832, 0.7076 -0.7874 0.1208, 0.6519 -0.7874 0.1765, 0.8487 -0.7874 -0.3353, 0.9642 -0.9055 -0.3937, 0.9248 -0.9055 -0.3937, 0.7673 -0.9055 0.1181, 0.7877 -0.9055 0.1154, 1.0429 -0.9055 0.3376, 0.8067 -0.9055 0.1076, 0.823 -0.9055 0.095, 0.8355 -0.9055 0.0787, 0.6492 -0.9055 0.3376, 0.6492 -0.9055 0.1969, 0.728 -0.9055 0.1181, 0.7076 -0.9055 0.1208, 0.8434 -0.9055 0.0598, 0.8461 -0.9055 0.0394, 1.0429 -0.9055 -0.315, 0.8461 -0.9055 -0.315, 0.6598 -0.9055 0.1575, 0.6723 -0.9055 0.1412, 0.6886 -0.9055 0.1287, 0.8487 -0.9055 -0.3353, 0.8566 -0.9055 -0.3543, 0.8691 -0.9055 -0.3706, 0.9044 -0.9055 -0.391, 0.8854 -0.9055 -0.3832, 0.6519 -0.9055 0.1765, 1.0324 -0.9055 -0.3543, 1.0199 -0.9055 -0.3706, 0.9846 -0.9055 -0.391, 1.0035 -0.9055 -0.3832, 1.0402 -0.9055 -0.3353, 0.6492 -0.5039 0.4331, 0.6492 -0.5039 0.6299, -0.65 -0.5039 0.6299, -0.1972 -0.5039 0.6299, 0.1965 -0.5039 0.6299, 1.3921 -0.6102 0.7874, 1.492 -0.5753 0.7874, 1.5816 -0.519 0.7874, -1.3929 -0.6102 0.7874, -1.4928 -0.5753 0.7874, -1.5824 -0.519 0.7874, -1.3795 -0.4919 0.7874, -1.465 -0.4565 0.7874, -1.5383 -0.4002 0.7874, -1.5947 -0.3268 0.7874, -1.63 -0.2413 0.7874, 1.1013 -0.5039 0.7847, 1.0823 -0.5039 0.7769, 1.066 -0.5039 0.7643, 1.0535 -0.5039 0.748, 0.1965 -0.5039 0.524, -0.1972 -0.5039 0.524, -1.0542 -0.5039 0.748, -1.0668 -0.5039 0.7643, 1.0429 -0.5039 0.4331, 1.0429 -0.5039 0.7087, 1.0456 -0.5039 0.729, -1.1021 -0.5039 0.7847, -1.0464 -0.5039 0.729, -1.0831 -0.5039 0.7769, -0.65 -0.5039 0.524, -1.0437 -0.5039 0.524, -1.0437 -0.5039 0.7087, 1.6293 -0.2413 0.7874, 1.5939 -0.3268 0.7874, 1.5376 -0.4002 0.7874, 1.4642 -0.4565 0.7874, 1.3787 -0.4919 0.7874, -1.0437 -0.7874 -0.315, -1.0437 -0.9055 -0.315, -1.0437 -0.7874 0.2467, -1.0437 -0.9055 0.2467, -1.0437 -0.7861 0.2569, -1.0437 -0.6229 0.5158, -1.0437 -0.5093 0.4832, -1.0437 -0.6255 0.508, -1.0437 -0.525 0.4453, -1.0437 -0.9021 0.2794, -1.0437 -0.8919 0.3107, -1.0437 -0.7821 0.2664, -1.0437 -0.8754 0.3392, -1.0437 -0.7759 0.2745, -1.0437 -0.8534 0.3637, -1.0437 -0.7677 0.2808, -1.0437 -0.8268 0.3831, -1.0437 -0.5827 0.3876, -1.0437 -0.6417 0.4899, -1.0437 -0.5501 0.4126, -1.0437 -0.6351 0.4947, -1.0437 -0.6296 0.5009, -0.8075 -0.7874 0.1076, -0.8238 -0.7874 0.095, -0.8363 -0.7874 0.0787, -0.8442 -0.7874 0.0598, -0.652 -0.7874 0.1793, -0.6578 -0.7874 0.1627, -0.6672 -0.7874 0.1478, -0.6946 -0.7874 0.1259, -0.7112 -0.7874 0.1201, -0.65 -0.7874 0.1969, -0.7287 -0.7874 0.1181, -0.65 -0.7874 0.2467, -0.7681 -0.7874 0.1181, -0.7885 -0.7874 0.1154, -0.8468 -0.7874 0.0394, -0.8468 -0.7874 -0.315, -0.9256 -0.7874 -0.3937, -0.8495 -0.7874 -0.3353, -0.8574 -0.7874 -0.3543, -0.6796 -0.7874 0.1353, -0.8699 -0.7874 -0.3706, -0.8862 -0.7874 -0.3832, -0.9052 -0.7874 -0.391, -1.0331 -0.7874 -0.3543, -0.965 -0.7874 -0.3937, -1.0206 -0.7874 -0.3706, -0.9853 -0.7874 -0.391, -1.0043 -0.7874 -0.3832, -1.041 -0.7874 -0.3353, -0.65 -0.5827 0.3876, -0.65 -0.7677 0.2808, -0.65 -0.8268 0.3831, -0.65 -0.6417 0.4899, -0.8468 -0.9055 -0.315, -0.8468 -0.9055 0.0394, -0.8442 -0.9055 0.0598, -0.8363 -0.9055 0.0787, -0.8238 -0.9055 0.095, -0.8495 -0.9055 -0.3353, -0.9256 -0.9055 -0.3937, -0.965 -0.9055 -0.3937, -0.7112 -0.9055 0.1201, -0.6946 -0.9055 0.1259, -0.65 -0.9055 0.1969, -1.041 -0.9055 -0.3353, -1.0331 -0.9055 -0.3543, -1.0206 -0.9055 -0.3706, -0.9853 -0.9055 -0.391, -1.0043 -0.9055 -0.3832, -0.8862 -0.9055 -0.3832, -0.8699 -0.9055 -0.3706, -0.8574 -0.9055 -0.3543, -0.8075 -0.9055 0.1076, -0.7885 -0.9055 0.1154, -0.65 -0.9055 0.2467, -0.7681 -0.9055 0.1181, -0.7287 -0.9055 0.1181, -0.6796 -0.9055 0.1353, -0.6672 -0.9055 0.1478, -0.652 -0.9055 0.1793, -0.6578 -0.9055 0.1627, -0.9052 -0.9055 -0.391, -0.65 -0.9021 0.2794, -0.65 -0.7861 0.2569, -0.65 -0.8919 0.3107, -0.65 -0.7821 0.2664, -0.65 -0.8754 0.3392, -0.65 -0.7759 0.2745, -0.65 -0.5093 0.4832, -0.65 -0.6229 0.5158, -0.65 -0.525 0.4453, -0.65 -0.6255 0.508, -0.65 -0.6296 0.5009, -0.65 -0.5501 0.4126, -0.65 -0.6351 0.4947, -0.65 -0.8534 0.3637, 0.1965 -0.9055 0.1286, 0.1965 -0.7874 0.1286, 0.1965 -0.9055 0.2467, 0.1965 -0.7874 0.2467, 0.1965 -0.9021 0.2794, 0.1965 -0.7861 0.2569, 0.1965 -0.8919 0.3107, 0.1965 -0.7821 0.2664, 0.1965 -0.5074 0.4913, 0.1965 -0.6229 0.5158, 0.1965 -0.5176 0.4599, 0.1965 -0.6255 0.508, 0.1965 -0.534 0.4314, 0.1965 -0.6296 0.5009, 0.1965 -0.556 0.407, 0.1965 -0.6351 0.4947, 0.1965 -0.5827 0.3876, 0.1965 -0.6417 0.4899, 0.1965 -0.7677 0.2808, 0.1965 -0.8268 0.3831, 0.1965 -0.7759 0.2745, 0.1965 -0.8534 0.3637, 0.1965 -0.8754 0.3392, -0.1972 -0.7874 0.1286, -0.1972 -0.9055 0.1286, -0.1972 -0.7874 0.2467, -0.1972 -0.9055 0.2467, -0.1972 -0.7861 0.2569, -0.1972 -0.6229 0.5158, -0.1972 -0.5074 0.4913, -0.1972 -0.6255 0.508, -0.1972 -0.5176 0.4599, -0.1972 -0.6296 0.5009, -0.1972 -0.534 0.4314, -0.1972 -0.6351 0.4947, -0.1972 -0.556 0.407, -0.1972 -0.6417 0.4899, -0.1972 -0.5827 0.3876, -0.1972 -0.8268 0.3831, -0.1972 -0.7677 0.2808, -0.1972 -0.8534 0.3637, -0.1972 -0.7759 0.2745, -0.1972 -0.8754 0.3392, -0.1972 -0.7821 0.2664, -0.1972 -0.8919 0.3107, -0.1972 -0.9021 0.2794, -0.1185 -0.9055 0.0498, 0.1177 -0.9055 0.0498, 0.1571 -0.9055 0.0604, 0.1734 -0.9055 0.0729, 0.1859 -0.9055 0.0892, -0.1867 -0.9055 0.0892, -0.1742 -0.9055 0.0729, -0.1579 -0.9055 0.0604, 0.1381 -0.9055 0.0525, 0.1938 -0.9055 0.1082, -0.1946 -0.9055 0.1082, -0.1389 -0.9055 0.0525, -0.1185 -0.7874 0.0498, 0.1177 -0.7874 0.0498, 0.1859 -0.7874 0.0892, 0.1734 -0.7874 0.0729, 0.1571 -0.7874 0.0604, -0.1946 -0.7874 0.1082, -0.1579 -0.7874 0.0604, -0.1742 -0.7874 0.0729, -0.1867 -0.7874 0.0892, 0.1938 -0.7874 0.1082, 0.1381 -0.7874 0.0525, -0.1389 -0.7874 0.0525, 0.7877 0.7874 0.1154, 0.8067 0.7874 0.1076, 1.0429 0.7874 0.2694, 0.7673 0.7874 0.1181, 0.823 0.7874 0.095, 0.8355 0.7874 0.0787, 0.8434 0.7874 0.0598, 1.0324 0.7874 -0.3543, 1.0402 0.7874 -0.3353, 1.0429 0.7874 -0.315, 0.6492 0.7874 0.2694, 0.6492 0.7874 0.1969, 0.728 0.7874 0.1181, 0.6519 0.7874 0.1765, 0.8461 0.7874 0.0394, 0.8461 0.7874 -0.315, 0.9248 0.7874 -0.3937, 0.8487 0.7874 -0.3353, 0.8566 0.7874 -0.3543, 0.8691 0.7874 -0.3706, 0.8854 0.7874 -0.3832, 0.9044 0.7874 -0.391, 0.9642 0.7874 -0.3937, 0.9846 0.7874 -0.391, 0.6598 0.7874 0.1575, 0.6723 0.7874 0.1412, 1.0035 0.7874 -0.3832, 1.0199 0.7874 -0.3706, 0.6886 0.7874 0.1287, 0.7076 0.7874 0.1208, 0.9248 0.9055 -0.3937, 0.9642 0.9055 -0.3937, 0.8461 0.9055 0.0394, 0.8434 0.9055 0.0598, 1.0429 0.9055 0.3376, 0.8355 0.9055 0.0787, 0.823 0.9055 0.095, 0.8487 0.9055 -0.3353, 0.8461 0.9055 -0.315, 0.8067 0.9055 0.1076, 0.7877 0.9055 0.1154, 0.6492 0.9055 0.3376, 0.7673 0.9055 0.1181, 0.6492 0.9055 0.1969, 0.728 0.9055 0.1181, 0.6519 0.9055 0.1765, 0.7076 0.9055 0.1208, 1.0429 0.9055 -0.315, 1.0402 0.9055 -0.3353, 1.0324 0.9055 -0.3543, 1.0199 0.9055 -0.3706, 1.0035 0.9055 -0.3832, 0.9846 0.9055 -0.391, 0.9044 0.9055 -0.391, 0.8854 0.9055 -0.3832, 0.8691 0.9055 -0.3706, 0.8566 0.9055 -0.3543, 0.6886 0.9055 0.1287, 0.6723 0.9055 0.1412, 0.6598 0.9055 0.1575, 0.6492 0.5039 0.6299, 0.6492 0.622 0.6299, 0.6492 0.5039 0.4331, 0.6492 0.622 0.5013, -0.65 0.5039 0.6299, -0.65 0.622 0.6299, -0.1972 0.5039 0.6299, -0.1972 0.622 0.6299, 0.1965 0.622 0.6299, 0.1965 0.5039 0.6299, -1.0831 0.622 0.7769, -1.1021 0.622 0.7847, -0.4473 0.622 1.164, -0.7623 0.622 1.164, -1.0464 0.622 0.729, -1.0542 0.622 0.748, -1.0668 0.622 0.7643, -0.65 0.622 0.524, -1.0437 0.622 0.524, -1.0437 0.622 0.7087, 0.7615 0.622 1.164, 0.4465 0.622 1.164, -0.7623 0.622 1.0065, -0.4473 0.622 1.0065, 0.4465 0.622 1.0065, -0.1972 0.622 0.524, 0.1965 0.622 0.524, 0.7615 0.622 1.0065, 1.0429 0.622 0.5013, 1.0429 0.622 0.7087, 1.0456 0.622 0.729, 1.0535 0.622 0.748, 1.1013 0.622 0.7847, 1.0823 0.622 0.7769, 1.066 0.622 0.7643, 1.3921 0.6102 0.7874, 1.492 0.5753 0.7874, 1.5816 0.519 0.7874, -1.5824 0.519 0.7874, -1.4928 0.5753 0.7874, -1.3929 0.6102 0.7874, -1.63 0.2413 0.7874, -1.5947 0.3268 0.7874, -1.5383 0.4002 0.7874, -1.465 0.4565 0.7874, -1.3795 0.4919 0.7874, -1.1021 0.5039 0.7847, -1.0831 0.5039 0.7769, -1.0668 0.5039 0.7643, -1.0542 0.5039 0.748, -1.0437 0.5039 0.524, -0.65 0.5039 0.524, -1.0437 0.5039 0.7087, -1.0464 0.5039 0.729, 1.1013 0.5039 0.7847, -0.1972 0.5039 0.524, 0.1965 0.5039 0.524, 1.0456 0.5039 0.729, 1.0535 0.5039 0.748, 1.0429 0.5039 0.4331, 1.0429 0.5039 0.7087, 1.066 0.5039 0.7643, 1.0823 0.5039 0.7769, 1.3787 0.4919 0.7874, 1.4642 0.4565 0.7874, 1.5376 0.4002 0.7874, 1.5939 0.3268 0.7874, 1.6293 0.2413 0.7874, -1.0437 0.5093 0.4832, -1.0437 0.6229 0.5158, -1.0437 0.525 0.4453, -1.0437 0.9055 -0.315, -1.0437 0.7874 -0.315, -1.0437 0.9055 0.2467, -1.0437 0.7874 0.2467, -1.0437 0.9001 0.2874, -1.0437 0.7861 0.2569, -1.0437 0.8844 0.3254, -1.0437 0.7821 0.2664, -1.0437 0.8594 0.358, -1.0437 0.7759 0.2745, -1.0437 0.8268 0.3831, -1.0437 0.7677 0.2808, -1.0437 0.6417 0.4899, -1.0437 0.5827 0.3876, -1.0437 0.6351 0.4947, -1.0437 0.5501 0.4126, -1.0437 0.6296 0.5009, -1.0437 0.6255 0.508, -0.8468 0.7874 -0.315, -0.8468 0.7874 0.0394, -0.8442 0.7874 0.0598, -0.8363 0.7874 0.0787, -0.8238 0.7874 0.095, -0.9853 0.7874 -0.391, -0.965 0.7874 -0.3937, -1.041 0.7874 -0.3353, -1.0331 0.7874 -0.3543, -1.0206 0.7874 -0.3706, -0.6605 0.7874 0.1575, -0.7287 0.7874 0.1181, -0.6731 0.7874 0.1412, -0.7084 0.7874 0.1208, -0.6894 0.7874 0.1287, -1.0043 0.7874 -0.3832, -0.8574 0.7874 -0.3543, -0.9256 0.7874 -0.3937, -0.8699 0.7874 -0.3706, -0.9052 0.7874 -0.391, -0.8862 0.7874 -0.3832, -0.8075 0.7874 0.1076, -0.7885 0.7874 0.1154, -0.65 0.7874 0.2467, -0.7681 0.7874 0.1181, -0.65 0.7874 0.1969, -0.6527 0.7874 0.1765, -0.8495 0.7874 -0.3353, -0.65 0.7677 0.2808, -0.65 0.5827 0.3876, -0.65 0.6417 0.4899, -0.65 0.8268 0.3831, -0.7681 0.9055 0.1181, -0.7885 0.9055 0.1154, -0.8075 0.9055 0.1076, -0.8238 0.9055 0.095, -0.8363 0.9055 0.0787, -0.8442 0.9055 0.0598, -0.8468 0.9055 0.0394, -0.8468 0.9055 -0.315, -0.9256 0.9055 -0.3937, -0.6894 0.9055 0.1287, -0.7084 0.9055 0.1208, -0.6731 0.9055 0.1412, -0.7287 0.9055 0.1181, -0.6605 0.9055 0.1575, -0.8699 0.9055 -0.3706, -0.9052 0.9055 -0.391, -0.8862 0.9055 -0.3832, -0.65 0.9055 0.2467, -0.65 0.9055 0.1969, -0.6527 0.9055 0.1765, -0.8495 0.9055 -0.3353, -0.8574 0.9055 -0.3543, -0.9853 0.9055 -0.391, -1.0043 0.9055 -0.3832, -1.0206 0.9055 -0.3706, -1.041 0.9055 -0.3353, -1.0331 0.9055 -0.3543, -0.965 0.9055 -0.3937, -0.65 0.7861 0.2569, -0.65 0.9001 0.2874, -0.65 0.7821 0.2664, -0.65 0.8844 0.3254, -0.65 0.7759 0.2745, -0.65 0.8594 0.358, -0.65 0.5501 0.4126, -0.65 0.6351 0.4947, -0.65 0.525 0.4453, -0.65 0.6229 0.5158, -0.65 0.5093 0.4832, -0.65 0.6255 0.508, -0.65 0.6296 0.5009, 0.1965 0.7821 0.2664, 0.1965 0.8754 0.3392, 0.1965 0.7759 0.2745, 0.1965 0.8534 0.3637, 0.1965 0.7677 0.2808, 0.1965 0.8268 0.3831, 0.1965 0.5827 0.3876, 0.1965 0.6417 0.4899, 0.1965 0.5501 0.4126, 0.1965 0.6351 0.4947, 0.1965 0.525 0.4453, 0.1965 0.7874 0.1286, 0.1965 0.9055 0.1286, 0.1965 0.7874 0.2467, 0.1965 0.9055 0.2467, 0.1965 0.7861 0.2569, 0.1965 0.9021 0.2794, 0.1965 0.8919 0.3107, 0.1965 0.6229 0.5158, 0.1965 0.5093 0.4832, 0.1965 0.6255 0.508, 0.1965 0.6296 0.5009, -0.1972 0.7759 0.2745, -0.1972 0.8754 0.3392, -0.1972 0.7821 0.2664, -0.1972 0.8919 0.3107, -0.1972 0.7861 0.2569, -0.1972 0.9021 0.2794, -0.1972 0.7874 0.2467, -0.1972 0.9055 0.2467, -0.1972 0.7874 0.1286, -0.1972 0.9055 0.1286, -0.1972 0.5093 0.4832, -0.1972 0.6229 0.5158, -0.1972 0.525 0.4453, -0.1972 0.6255 0.508, -0.1972 0.6296 0.5009, -0.1972 0.5501 0.4126, -0.1972 0.6351 0.4947, -0.1972 0.5827 0.3876, -0.1972 0.6417 0.4899, -0.1972 0.7677 0.2808, -0.1972 0.8268 0.3831, -0.1972 0.8534 0.3637, -0.1946 0.9055 0.1082, -0.1185 0.9055 0.0498, 0.1177 0.9055 0.0498, -0.1389 0.9055 0.0525, -0.1579 0.9055 0.0604, -0.1742 0.9055 0.0729, -0.1867 0.9055 0.0892, 0.1571 0.9055 0.0604, 0.1938 0.9055 0.1082, 0.1734 0.9055 0.0729, 0.1859 0.9055 0.0892, 0.1381 0.9055 0.0525, -0.1185 0.7874 0.0498, 0.1177 0.7874 0.0498, -0.1579 0.7874 0.0604, -0.1389 0.7874 0.0525, -0.1946 0.7874 0.1082, -0.1867 0.7874 0.0892, -0.1742 0.7874 0.0729, 0.1381 0.7874 0.0525, 0.1938 0.7874 0.1082, 0.1571 0.7874 0.0604, 0.1734 0.7874 0.0729, 0.1859 0.7874 0.0892
            ]
        }
        coordIndex [
            0,1,2,-1,3,4,5,-1,6,7,8,-1,9,10,11,-1,11,10,12,-1,13,14,11,-1,11,14,15,-1,11,15,16,-1,17,18,9,-1,9,18,19,-1,9,19,10,-1,10,19,20,-1,10,20,21,-1,21,20,22,-1,21,22,23,-1,24,25,26,-1,1,27,2,-1,2,27,28,-1,2,28,29,-1,26,0,24,-1,24,0,2,-1,24,2,8,-1,8,2,3,-1,8,3,6,-1,6,3,5,-1,30,31,32,-1,32,31,33,-1,32,33,34,-1,28,13,29,-1,29,13,11,-1,29,11,4,-1,4,11,12,-1,4,12,5,-1,5,12,35,-1,5,35,33,-1,33,35,21,-1,33,21,34,-1,34,21,23,-1,36,37,38,-1,38,37,16,-1,38,16,39,-1,39,16,15,-1,40,41,42,-1,42,41,43,-1,42,43,44,-1,44,43,45,-1,46,47,48,-1,46,48,49,-1,50,51,52,-1,52,53,50,-1,50,53,54,-1,50,54,55,-1,55,54,56,-1,55,56,57,-1,57,56,58,-1,57,58,48,-1,48,58,59,-1,48,59,49,-1,60,61,62,-1,62,61,63,-1,62,63,64,-1,64,63,65,-1,66,18,67,-1,67,18,17,-1,67,17,68,-1,68,17,69,-1,70,71,72,-1,70,72,73,-1,74,75,76,-1,76,77,74,-1,74,77,78,-1,74,78,79,-1,79,78,80,-1,79,80,81,-1,81,80,82,-1,81,82,72,-1,72,82,83,-1,72,83,73,-1,84,85,56,-1,56,85,58,-1,86,87,88,-1,88,87,89,-1,88,89,90,-1,90,89,91,-1,90,91,92,-1,92,91,93,-1,92,93,94,-1,94,93,9,-1,94,9,95,-1,95,9,11,-1,95,11,96,-1,96,11,97,-1,96,97,98,-1,97,99,98,-1,98,99,100,-1,98,100,101,-1,101,100,102,-1,101,102,103,-1,103,102,104,-1,103,104,105,-1,105,104,106,-1,105,106,107,-1,107,106,85,-1,107,85,108,-1,108,85,84,-1,108,84,109,-1,109,84,110,-1,109,110,111,-1,111,110,112,-1,111,112,113,-1,114,115,116,-1,116,115,117,-1,116,117,118,-1,118,117,119,-1,118,119,120,-1,120,119,121,-1,120,121,122,-1,122,121,123,-1,122,123,124,-1,124,123,125,-1,124,125,86,-1,86,125,126,-1,86,126,87,-1,112,127,113,-1,113,127,128,-1,113,128,129,-1,129,128,130,-1,129,130,131,-1,131,130,132,-1,131,132,133,-1,133,132,134,-1,133,134,135,-1,135,134,136,-1,135,136,137,-1,137,136,138,-1,137,138,139,-1,139,138,140,-1,139,140,114,-1,114,140,141,-1,114,141,115,-1,82,80,121,-1,121,80,123,-1,120,122,81,-1,81,122,79,-1,55,57,108,-1,108,57,107,-1,142,143,144,-1,143,145,144,-1,144,145,146,-1,144,146,147,-1,148,149,150,-1,147,151,144,-1,144,151,152,-1,144,152,153,-1,153,152,154,-1,153,154,155,-1,155,154,156,-1,150,157,158,-1,159,160,161,-1,158,162,150,-1,150,162,163,-1,150,163,148,-1,164,165,166,-1,166,165,167,-1,166,167,168,-1,156,169,155,-1,155,169,159,-1,155,159,170,-1,170,159,161,-1,164,171,165,-1,165,171,142,-1,165,142,150,-1,150,142,144,-1,150,144,157,-1,172,173,150,-1,150,173,165,-1,174,175,176,-1,175,177,176,-1,176,177,178,-1,176,178,179,-1,176,180,174,-1,174,180,181,-1,174,181,182,-1,182,181,183,-1,179,184,176,-1,176,184,185,-1,176,185,186,-1,186,185,187,-1,188,189,190,-1,191,192,173,-1,173,192,193,-1,173,193,194,-1,194,193,195,-1,183,181,190,-1,190,181,196,-1,190,196,188,-1,197,172,198,-1,198,172,199,-1,198,199,200,-1,197,201,172,-1,172,201,186,-1,172,186,173,-1,173,186,187,-1,173,187,191,-1,155,181,153,-1,153,181,180,-1,153,180,202,-1,202,180,25,-1,202,25,203,-1,203,25,24,-1,33,204,5,-1,5,204,205,-1,24,8,203,-1,203,8,206,-1,11,16,37,-1,11,37,97,-1,37,207,97,-1,97,207,208,-1,97,208,99,-1,99,208,209,-1,99,209,100,-1,100,209,47,-1,100,47,102,-1,47,46,102,-1,102,46,49,-1,102,49,104,-1,104,49,59,-1,104,59,106,-1,106,59,58,-1,106,58,85,-1,17,9,69,-1,69,9,93,-1,69,93,210,-1,210,93,91,-1,210,91,211,-1,211,91,89,-1,211,89,212,-1,212,89,75,-1,75,89,87,-1,75,87,76,-1,76,87,126,-1,76,126,77,-1,77,126,125,-1,77,125,78,-1,78,125,123,-1,78,123,80,-1,94,67,68,-1,94,68,92,-1,92,68,213,-1,92,213,90,-1,90,213,214,-1,90,214,88,-1,88,214,215,-1,88,215,86,-1,86,215,216,-1,86,216,124,-1,79,122,74,-1,74,122,124,-1,74,124,217,-1,217,124,216,-1,218,219,203,-1,203,219,220,-1,203,220,221,-1,95,38,39,-1,222,223,206,-1,206,223,205,-1,39,218,95,-1,95,218,203,-1,95,203,94,-1,224,225,204,-1,226,202,227,-1,227,202,203,-1,227,203,228,-1,228,203,221,-1,67,94,66,-1,66,94,229,-1,224,204,230,-1,225,231,204,-1,204,231,229,-1,204,229,205,-1,205,229,94,-1,205,94,206,-1,206,94,203,-1,232,233,204,-1,204,233,234,-1,204,234,230,-1,107,57,48,-1,107,48,105,-1,105,48,235,-1,105,235,103,-1,103,235,236,-1,103,236,101,-1,101,236,237,-1,101,237,98,-1,98,237,238,-1,98,238,96,-1,38,95,36,-1,36,95,96,-1,36,96,239,-1,239,96,238,-1,227,0,226,-1,226,0,26,-1,226,26,144,-1,144,26,176,-1,144,176,157,-1,157,176,186,-1,240,241,242,-1,242,241,243,-1,242,243,244,-1,32,234,30,-1,30,234,233,-1,30,233,245,-1,245,233,246,-1,245,246,247,-1,247,246,248,-1,243,249,244,-1,244,249,250,-1,244,250,251,-1,251,250,252,-1,251,252,253,-1,253,252,254,-1,253,254,255,-1,255,254,256,-1,255,256,257,-1,257,256,258,-1,257,258,259,-1,259,258,260,-1,259,260,248,-1,248,260,261,-1,248,261,247,-1,262,263,242,-1,242,263,264,-1,242,264,265,-1,266,267,268,-1,269,270,271,-1,271,270,272,-1,271,272,273,-1,273,272,274,-1,273,274,242,-1,242,274,275,-1,242,275,262,-1,276,277,278,-1,278,277,279,-1,278,279,280,-1,266,268,271,-1,271,268,281,-1,271,281,269,-1,280,282,278,-1,278,282,283,-1,278,283,284,-1,285,286,287,-1,287,286,288,-1,287,288,289,-1,265,276,242,-1,242,276,278,-1,242,278,240,-1,240,278,286,-1,240,286,290,-1,290,286,285,-1,291,292,257,-1,257,292,255,-1,293,294,256,-1,256,294,258,-1,295,296,243,-1,296,297,243,-1,243,297,298,-1,243,298,299,-1,300,295,301,-1,301,295,302,-1,303,304,305,-1,306,307,302,-1,302,307,308,-1,302,308,309,-1,309,308,310,-1,311,312,313,-1,299,314,243,-1,243,314,315,-1,243,315,316,-1,316,315,317,-1,316,317,305,-1,305,317,318,-1,305,318,303,-1,295,243,302,-1,302,243,241,-1,302,241,306,-1,304,319,305,-1,305,319,320,-1,305,320,321,-1,321,320,322,-1,300,301,313,-1,313,301,323,-1,313,323,311,-1,286,278,302,-1,302,278,301,-1,305,271,316,-1,316,271,273,-1,316,273,324,-1,324,273,325,-1,324,325,326,-1,326,325,327,-1,326,327,328,-1,328,327,329,-1,204,33,232,-1,232,33,31,-1,232,31,330,-1,330,31,331,-1,330,331,332,-1,331,333,332,-1,332,333,334,-1,332,334,335,-1,335,334,336,-1,335,336,291,-1,291,336,294,-1,291,294,292,-1,292,294,293,-1,292,293,329,-1,329,293,337,-1,329,337,328,-1,277,276,295,-1,295,276,296,-1,318,317,272,-1,272,317,274,-1,255,292,253,-1,253,292,329,-1,253,329,251,-1,251,329,327,-1,251,327,244,-1,244,327,325,-1,244,325,242,-1,242,325,273,-1,31,30,331,-1,331,30,245,-1,331,245,333,-1,333,245,247,-1,333,247,334,-1,334,247,261,-1,334,261,336,-1,336,261,260,-1,336,260,294,-1,294,260,258,-1,293,256,254,-1,293,254,337,-1,337,254,252,-1,337,252,328,-1,328,252,250,-1,328,250,326,-1,326,250,249,-1,326,249,324,-1,324,249,243,-1,324,243,316,-1,233,232,330,-1,233,330,246,-1,246,330,332,-1,246,332,248,-1,248,332,335,-1,248,335,259,-1,259,335,291,-1,259,291,257,-1,318,272,270,-1,318,270,303,-1,303,270,269,-1,303,269,304,-1,304,269,281,-1,304,281,319,-1,319,281,268,-1,319,268,320,-1,320,268,267,-1,320,267,322,-1,322,267,266,-1,322,266,321,-1,321,266,271,-1,321,271,305,-1,241,240,290,-1,241,290,306,-1,306,290,285,-1,306,285,307,-1,307,285,287,-1,307,287,308,-1,308,287,289,-1,308,289,310,-1,310,289,288,-1,310,288,309,-1,309,288,286,-1,309,286,302,-1,277,295,300,-1,277,300,279,-1,279,300,313,-1,279,313,280,-1,280,313,312,-1,280,312,282,-1,282,312,311,-1,282,311,283,-1,283,311,323,-1,283,323,284,-1,284,323,301,-1,284,301,278,-1,296,276,297,-1,297,276,265,-1,297,265,298,-1,298,265,264,-1,298,264,299,-1,299,264,263,-1,299,263,314,-1,314,263,262,-1,314,262,315,-1,315,262,275,-1,315,275,317,-1,317,275,274,-1,338,339,340,-1,340,339,341,-1,340,341,342,-1,342,341,343,-1,342,343,344,-1,344,343,345,-1,206,8,222,-1,222,8,7,-1,222,7,346,-1,346,7,347,-1,346,347,348,-1,348,347,349,-1,348,349,350,-1,350,349,351,-1,350,351,352,-1,352,351,353,-1,352,353,354,-1,354,353,355,-1,354,355,356,-1,356,355,357,-1,356,357,358,-1,358,357,359,-1,358,359,345,-1,345,359,360,-1,345,360,344,-1,361,362,363,-1,363,362,364,-1,363,364,365,-1,5,205,6,-1,6,205,223,-1,6,223,366,-1,366,223,367,-1,366,367,368,-1,368,367,369,-1,368,369,370,-1,370,369,371,-1,370,371,372,-1,372,371,373,-1,372,373,374,-1,374,373,375,-1,374,375,376,-1,376,375,377,-1,376,377,378,-1,378,377,379,-1,378,379,380,-1,380,379,381,-1,380,381,382,-1,382,381,365,-1,382,365,383,-1,383,365,364,-1,7,6,347,-1,347,6,366,-1,347,366,349,-1,349,366,368,-1,349,368,351,-1,351,368,370,-1,351,370,353,-1,353,370,372,-1,353,372,355,-1,355,372,374,-1,357,355,376,-1,376,355,374,-1,357,376,378,-1,357,378,359,-1,359,378,380,-1,359,380,360,-1,360,380,382,-1,360,382,344,-1,344,382,383,-1,344,383,342,-1,342,383,364,-1,342,364,340,-1,340,364,362,-1,362,384,340,-1,340,384,385,-1,340,385,338,-1,386,387,388,-1,389,390,391,-1,385,392,338,-1,338,392,386,-1,338,386,393,-1,393,386,388,-1,362,394,384,-1,384,394,389,-1,384,389,395,-1,395,389,391,-1,396,397,384,-1,384,397,385,-1,363,341,361,-1,361,341,339,-1,398,399,400,-1,339,397,361,-1,361,397,396,-1,361,396,401,-1,402,403,404,-1,339,405,397,-1,397,405,398,-1,397,398,406,-1,406,398,400,-1,401,396,404,-1,404,396,407,-1,404,407,402,-1,341,363,343,-1,343,363,365,-1,343,365,345,-1,345,365,381,-1,345,381,358,-1,358,381,379,-1,358,379,356,-1,356,379,377,-1,354,356,375,-1,375,356,377,-1,354,375,373,-1,354,373,352,-1,352,373,371,-1,352,371,350,-1,350,371,369,-1,350,369,348,-1,348,369,367,-1,348,367,346,-1,346,367,223,-1,346,223,222,-1,25,180,26,-1,26,180,176,-1,153,202,144,-1,144,202,226,-1,187,185,142,-1,142,185,143,-1,156,154,182,-1,182,154,174,-1,156,182,183,-1,156,183,169,-1,169,183,190,-1,169,190,159,-1,159,190,189,-1,159,189,160,-1,160,189,188,-1,160,188,161,-1,161,188,196,-1,161,196,170,-1,170,196,181,-1,170,181,155,-1,157,186,201,-1,157,201,158,-1,158,201,197,-1,158,197,162,-1,162,197,198,-1,162,198,163,-1,163,198,200,-1,163,200,148,-1,148,200,199,-1,148,199,149,-1,149,199,172,-1,149,172,150,-1,165,173,194,-1,165,194,167,-1,167,194,195,-1,167,195,168,-1,168,195,193,-1,168,193,166,-1,166,193,192,-1,166,192,164,-1,164,192,191,-1,164,191,171,-1,171,191,187,-1,171,187,142,-1,174,154,175,-1,175,154,152,-1,175,152,177,-1,177,152,151,-1,177,151,178,-1,178,151,147,-1,178,147,179,-1,179,147,146,-1,179,146,184,-1,184,146,145,-1,184,145,185,-1,185,145,143,-1,408,409,410,-1,408,410,411,-1,409,412,410,-1,410,412,413,-1,410,413,414,-1,415,416,417,-1,410,418,411,-1,411,418,419,-1,411,419,420,-1,420,419,421,-1,422,423,424,-1,424,423,425,-1,424,425,426,-1,426,427,424,-1,424,427,428,-1,424,428,429,-1,414,422,410,-1,410,422,424,-1,410,424,417,-1,417,424,430,-1,417,430,431,-1,421,432,433,-1,431,434,417,-1,417,434,435,-1,417,435,415,-1,433,436,421,-1,421,436,437,-1,421,437,420,-1,438,439,424,-1,424,439,430,-1,440,441,442,-1,442,441,443,-1,442,443,444,-1,445,446,438,-1,440,442,446,-1,446,442,439,-1,446,439,438,-1,444,447,442,-1,442,447,448,-1,442,448,449,-1,449,448,450,-1,449,450,451,-1,451,450,452,-1,451,452,453,-1,453,452,454,-1,442,455,439,-1,439,455,456,-1,439,456,457,-1,457,458,439,-1,439,458,459,-1,439,459,460,-1,438,461,462,-1,462,463,438,-1,438,463,464,-1,438,464,445,-1,454,465,453,-1,453,465,466,-1,453,466,467,-1,468,469,470,-1,470,469,471,-1,470,471,418,-1,418,471,449,-1,418,449,419,-1,419,449,451,-1,472,473,474,-1,474,473,475,-1,476,469,477,-1,477,469,468,-1,478,479,473,-1,134,480,136,-1,136,480,481,-1,482,483,473,-1,473,483,484,-1,473,484,478,-1,485,486,473,-1,473,486,487,-1,473,487,482,-1,134,488,489,-1,63,136,65,-1,65,136,481,-1,65,481,479,-1,479,481,490,-1,479,490,473,-1,473,490,491,-1,473,491,475,-1,134,489,480,-1,480,489,492,-1,480,492,491,-1,493,475,494,-1,494,475,491,-1,494,491,476,-1,476,491,492,-1,476,492,469,-1,469,492,495,-1,496,471,497,-1,497,471,469,-1,497,469,498,-1,498,469,495,-1,498,495,499,-1,43,41,134,-1,134,41,500,-1,134,500,488,-1,488,500,501,-1,488,501,495,-1,495,501,502,-1,495,502,499,-1,84,56,54,-1,84,54,110,-1,110,54,53,-1,110,53,112,-1,112,53,52,-1,112,52,127,-1,127,52,51,-1,127,51,128,-1,43,134,45,-1,45,134,132,-1,45,132,503,-1,503,132,130,-1,503,130,504,-1,504,130,128,-1,504,128,505,-1,505,128,51,-1,82,121,119,-1,82,119,83,-1,83,119,117,-1,83,117,73,-1,73,117,115,-1,73,115,70,-1,70,115,71,-1,71,115,141,-1,71,141,506,-1,506,141,140,-1,506,140,507,-1,507,140,138,-1,507,138,508,-1,508,138,61,-1,61,138,136,-1,61,136,63,-1,120,81,72,-1,120,72,118,-1,118,72,509,-1,118,509,116,-1,116,509,510,-1,116,510,114,-1,114,510,511,-1,114,511,139,-1,139,511,512,-1,139,512,137,-1,62,135,60,-1,60,135,137,-1,60,137,513,-1,513,137,512,-1,514,515,472,-1,472,515,516,-1,472,516,517,-1,135,62,64,-1,40,42,133,-1,518,519,520,-1,520,519,472,-1,520,472,521,-1,521,472,517,-1,474,133,472,-1,472,133,135,-1,472,135,514,-1,514,135,64,-1,477,468,522,-1,523,524,474,-1,474,524,477,-1,474,477,133,-1,133,477,522,-1,133,522,40,-1,468,525,526,-1,470,527,468,-1,468,527,528,-1,468,528,525,-1,526,529,468,-1,468,529,530,-1,468,530,522,-1,133,42,44,-1,133,44,131,-1,131,44,531,-1,131,531,129,-1,129,531,532,-1,129,532,113,-1,113,532,533,-1,113,533,111,-1,111,533,534,-1,111,534,109,-1,55,108,50,-1,50,108,109,-1,50,109,535,-1,535,109,534,-1,417,455,410,-1,410,455,442,-1,410,442,527,-1,527,442,496,-1,527,496,528,-1,528,496,497,-1,520,487,518,-1,518,487,486,-1,518,486,536,-1,536,486,537,-1,536,537,538,-1,539,540,541,-1,541,540,542,-1,541,542,543,-1,543,542,544,-1,543,544,545,-1,545,544,546,-1,545,546,547,-1,547,546,548,-1,547,548,549,-1,549,548,550,-1,549,550,551,-1,551,550,552,-1,551,552,553,-1,553,552,554,-1,553,554,555,-1,555,554,538,-1,555,538,556,-1,556,538,537,-1,557,558,542,-1,558,559,542,-1,542,559,560,-1,542,560,561,-1,562,563,540,-1,564,565,566,-1,567,568,569,-1,569,568,570,-1,569,570,571,-1,564,566,540,-1,540,566,572,-1,540,572,562,-1,573,574,575,-1,575,574,576,-1,575,576,577,-1,561,578,542,-1,542,578,579,-1,542,579,580,-1,580,579,581,-1,580,581,582,-1,582,581,568,-1,582,568,583,-1,583,568,567,-1,573,584,574,-1,574,584,557,-1,574,557,563,-1,563,557,542,-1,563,542,540,-1,585,586,550,-1,550,586,552,-1,587,588,551,-1,551,588,549,-1,589,590,541,-1,541,590,591,-1,591,592,541,-1,541,592,593,-1,541,593,594,-1,595,596,597,-1,598,599,600,-1,600,599,601,-1,600,601,602,-1,597,603,604,-1,604,603,605,-1,541,606,589,-1,589,606,607,-1,589,607,601,-1,601,607,608,-1,601,608,602,-1,596,609,597,-1,597,609,610,-1,597,610,603,-1,611,612,539,-1,539,612,613,-1,539,613,614,-1,614,613,615,-1,594,595,541,-1,541,595,597,-1,541,597,539,-1,539,597,616,-1,539,616,611,-1,574,563,597,-1,597,563,616,-1,582,607,580,-1,580,607,606,-1,580,606,617,-1,617,606,618,-1,617,618,619,-1,619,618,620,-1,619,620,621,-1,621,620,622,-1,621,622,585,-1,585,622,588,-1,585,588,586,-1,586,588,587,-1,586,587,623,-1,623,587,624,-1,623,624,625,-1,473,472,485,-1,485,472,519,-1,485,519,626,-1,626,519,627,-1,626,627,628,-1,628,627,625,-1,628,625,629,-1,629,625,624,-1,558,557,595,-1,595,557,596,-1,589,601,581,-1,581,601,568,-1,542,580,544,-1,544,580,617,-1,544,617,546,-1,546,617,619,-1,546,619,548,-1,548,619,621,-1,548,621,550,-1,550,621,585,-1,587,551,624,-1,624,551,553,-1,624,553,629,-1,629,553,555,-1,629,555,628,-1,628,555,556,-1,628,556,626,-1,626,556,537,-1,626,537,485,-1,485,537,486,-1,606,541,543,-1,606,543,618,-1,618,543,545,-1,618,545,620,-1,620,545,547,-1,620,547,622,-1,622,547,549,-1,622,549,588,-1,552,586,623,-1,552,623,554,-1,554,623,625,-1,554,625,538,-1,538,625,627,-1,538,627,536,-1,536,627,519,-1,536,519,518,-1,607,582,583,-1,607,583,608,-1,608,583,567,-1,608,567,602,-1,602,567,569,-1,602,569,600,-1,600,569,571,-1,600,571,598,-1,598,571,570,-1,598,570,599,-1,599,570,568,-1,599,568,601,-1,616,563,562,-1,616,562,611,-1,611,562,572,-1,611,572,612,-1,612,572,566,-1,612,566,613,-1,613,566,565,-1,613,565,615,-1,615,565,564,-1,615,564,614,-1,614,564,540,-1,614,540,539,-1,574,597,604,-1,574,604,576,-1,576,604,605,-1,576,605,577,-1,577,605,603,-1,577,603,575,-1,575,603,610,-1,575,610,573,-1,573,610,609,-1,573,609,584,-1,584,609,596,-1,584,596,557,-1,589,581,590,-1,590,581,579,-1,590,579,591,-1,591,579,578,-1,591,578,592,-1,592,578,561,-1,592,561,593,-1,593,561,560,-1,593,560,594,-1,594,560,559,-1,594,559,595,-1,595,559,558,-1,630,631,632,-1,632,631,633,-1,632,633,634,-1,634,633,635,-1,634,635,636,-1,636,635,637,-1,636,637,638,-1,638,637,639,-1,638,639,640,-1,641,642,643,-1,643,642,644,-1,643,644,645,-1,645,644,646,-1,645,646,630,-1,630,646,647,-1,630,647,631,-1,476,477,494,-1,494,477,524,-1,494,524,648,-1,648,524,649,-1,648,649,650,-1,650,649,640,-1,650,640,651,-1,651,640,639,-1,652,653,654,-1,654,653,655,-1,654,655,656,-1,656,655,657,-1,656,657,658,-1,658,657,659,-1,658,659,660,-1,660,659,661,-1,474,475,523,-1,523,475,493,-1,523,493,662,-1,662,493,663,-1,662,663,664,-1,663,665,664,-1,664,665,666,-1,664,666,667,-1,667,666,668,-1,667,668,669,-1,669,668,670,-1,669,670,671,-1,671,670,672,-1,671,672,652,-1,652,672,673,-1,652,673,653,-1,637,670,639,-1,639,670,668,-1,639,668,651,-1,651,668,666,-1,651,666,650,-1,650,666,665,-1,650,665,648,-1,648,665,663,-1,648,663,494,-1,494,663,493,-1,637,635,670,-1,670,635,672,-1,644,659,657,-1,644,657,646,-1,646,657,655,-1,646,655,647,-1,647,655,653,-1,647,653,631,-1,631,653,673,-1,631,673,633,-1,633,673,672,-1,633,672,635,-1,674,661,675,-1,675,661,676,-1,677,678,679,-1,677,679,675,-1,675,679,680,-1,675,680,674,-1,681,682,683,-1,683,682,684,-1,659,644,661,-1,661,644,642,-1,661,642,676,-1,676,642,682,-1,676,682,685,-1,685,682,681,-1,675,676,686,-1,686,676,687,-1,641,643,658,-1,688,689,686,-1,686,660,690,-1,690,691,686,-1,686,691,692,-1,686,692,688,-1,693,694,687,-1,687,694,641,-1,687,641,686,-1,686,641,658,-1,686,658,660,-1,693,695,694,-1,694,695,696,-1,694,696,697,-1,634,671,632,-1,632,671,652,-1,632,652,630,-1,630,652,654,-1,630,654,645,-1,645,654,656,-1,645,656,643,-1,643,656,658,-1,634,636,671,-1,671,636,669,-1,524,523,662,-1,524,662,649,-1,649,662,664,-1,649,664,640,-1,640,664,667,-1,640,667,638,-1,638,667,669,-1,638,669,636,-1,449,471,442,-1,442,471,496,-1,470,418,527,-1,527,418,410,-1,440,446,422,-1,422,446,423,-1,411,420,450,-1,450,420,452,-1,419,451,453,-1,419,453,421,-1,421,453,467,-1,421,467,432,-1,432,467,466,-1,432,466,433,-1,433,466,465,-1,433,465,436,-1,436,465,454,-1,436,454,437,-1,437,454,452,-1,437,452,420,-1,430,439,460,-1,430,460,431,-1,431,460,459,-1,431,459,434,-1,434,459,458,-1,434,458,435,-1,435,458,457,-1,435,457,415,-1,415,457,456,-1,415,456,416,-1,416,456,455,-1,416,455,417,-1,423,446,445,-1,423,445,425,-1,425,445,464,-1,425,464,426,-1,426,464,463,-1,426,463,427,-1,427,463,462,-1,427,462,428,-1,428,462,461,-1,428,461,429,-1,429,461,438,-1,429,438,424,-1,440,422,441,-1,441,422,414,-1,441,414,443,-1,443,414,413,-1,443,413,444,-1,444,413,412,-1,444,412,447,-1,447,412,409,-1,447,409,448,-1,448,409,408,-1,448,408,450,-1,450,408,411,-1,41,40,500,-1,500,40,522,-1,500,522,501,-1,501,522,530,-1,501,530,502,-1,502,530,529,-1,502,529,499,-1,499,529,526,-1,499,526,498,-1,498,526,525,-1,498,525,497,-1,497,525,528,-1,0,227,1,-1,1,227,228,-1,1,228,27,-1,27,228,221,-1,27,221,28,-1,28,221,220,-1,28,220,13,-1,13,220,219,-1,13,219,14,-1,14,219,218,-1,14,218,15,-1,15,218,39,-1,487,520,482,-1,482,520,521,-1,482,521,483,-1,483,521,517,-1,483,517,484,-1,484,517,516,-1,484,516,478,-1,478,516,515,-1,478,515,479,-1,479,515,514,-1,479,514,65,-1,65,514,64,-1,18,66,19,-1,19,66,229,-1,19,229,20,-1,20,229,231,-1,20,231,22,-1,22,231,225,-1,22,225,23,-1,23,225,224,-1,23,224,34,-1,34,224,230,-1,34,230,32,-1,32,230,234,-1,
        ]
    }
}
Shape{
    appearance Appearance {
        material  Material 	{
            diffuseColor 0.5019607843137255 0.5019607843137255 0.5019607843137255
            specularColor 0.25098039215686274 0.25098039215686274 0.25098039215686274
            ambientIntensity 0.502
            transparency 0.0
            shininess 0.5
        }
    }
    geometry IndexedFaceSet {
        ccw TRUE
        solid FALSE
        coord DEF co Coordinate {
            point [
                -1.5824 -0.519 0.7874, -1.6342 -0.4708 0.7874, -1.6342 -0.6693 0.7874, -1.6237 -0.7087 0.7874, -1.6112 -0.725 0.7874, -1.4928 -0.5753 0.7874, -1.3193 -0.748 0.7874, -1.3193 -0.621 0.7874, -1.5555 -0.748 0.7874, -1.3929 -0.6102 0.7874, -1.5759 -0.7453 0.7874, -1.5949 -0.7375 0.7874, -1.6316 -0.6897 0.7874, 1.5941 -0.7375 0.7874, 1.6104 -0.725 0.7874, 1.492 -0.5753 0.7874, 1.3185 -0.621 0.7874, 1.3185 -0.748 0.7874, 1.3921 -0.6102 0.7874, 1.5547 -0.748 0.7874, 1.5751 -0.7453 0.7874, 1.6229 -0.7087 0.7874, 1.6308 -0.6897 0.7874, 1.5816 -0.519 0.7874, 1.6335 -0.6693 0.7874, 1.6335 -0.4708 0.7874, -1.5949 0.7375 0.7874, -1.6112 0.725 0.7874, -1.4928 0.5753 0.7874, -1.3193 0.621 0.7874, -1.3193 0.748 0.7874, -1.3929 0.6102 0.7874, -1.5555 0.748 0.7874, -1.5759 0.7453 0.7874, -1.6237 0.7087 0.7874, -1.6316 0.6897 0.7874, -1.5824 0.519 0.7874, -1.6342 0.6693 0.7874, -1.6342 0.4708 0.7874, -1.3193 0.748 0.0394, -1.3193 -0.4567 0.315, -1.3193 -0.4567 0.7874, -1.3193 -0.5025 0.7874, -1.3193 0.4567 0.315, -1.3193 0.5025 0.7874, -1.3193 0.4567 0.7874, -1.3193 0.3169 0.315, -1.3193 0.0688 0.315, -1.3193 -0.748 0.0394, -1.3193 -0.0946 0.315, -1.6342 0.6693 0.0394, -1.6342 -0.6693 0.0394, -1.6342 -0.2239 0.7874, -1.6342 0.2239 0.7874, -1.5555 0.748 0.0394, -1.5555 -0.748 0.0394, 1.5816 0.519 0.7874, 1.6335 0.4708 0.7874, 1.6335 0.6693 0.7874, 1.6229 0.7087 0.7874, 1.6104 0.725 0.7874, 1.492 0.5753 0.7874, 1.3185 0.748 0.7874, 1.3185 0.621 0.7874, 1.5547 0.748 0.7874, 1.3921 0.6102 0.7874, 1.5751 0.7453 0.7874, 1.5941 0.7375 0.7874, 1.6308 0.6897 0.7874, -1.5048 0.1046 0.0394, -1.5309 0.0938 0.0394, -1.5533 0.0766 0.0394, -1.5705 0.0541 0.0394, -1.4002 0.0766 0.0394, -1.4226 0.0938 0.0394, -1.4487 0.1046 0.0394, -1.4768 0.1083 0.0394, -1.5759 0.7453 0.0394, -1.3685 0.0 0.0394, -1.5705 -0.0541 0.0394, -1.5533 -0.0766 0.0394, -1.4768 -0.1083 0.0394, -1.3722 0.028 0.0394, -1.383 0.0541 0.0394, -1.6316 0.6897 0.0394, -1.6237 0.7087 0.0394, -1.5813 0.028 0.0394, -1.585 0.0 0.0394, -1.5813 -0.028 0.0394, -1.6112 0.725 0.0394, -1.5949 0.7375 0.0394, -1.4487 -0.1046 0.0394, -1.4226 -0.0938 0.0394, -1.4002 -0.0766 0.0394, -1.383 -0.0541 0.0394, -1.3722 -0.028 0.0394, -1.5759 -0.7453 0.0394, -1.5949 -0.7375 0.0394, -1.6112 -0.725 0.0394, -1.5309 -0.0938 0.0394, -1.5048 -0.1046 0.0394, -1.6316 -0.6897 0.0394, -1.6237 -0.7087 0.0394, -1.2258 -0.4567 0.315, -0.9846 -0.4567 0.315, -0.7878 -0.4567 0.315, -0.5909 -0.4567 0.315, -0.3941 -0.4567 0.315, -0.2044 -0.4567 0.315, 0.0498 -0.4567 0.315, 0.148 -0.4567 0.315, 1.3185 -0.4567 0.7874, -0.158 -0.4567 0.315, -0.0426 -0.4567 0.315, 0.0383 -0.4567 0.315, 0.2275 -0.4567 0.315, 0.3933 -0.4567 0.315, 0.5902 -0.4567 0.315, 0.787 -0.4567 0.315, 0.9839 -0.4567 0.315, 1.3185 -0.4567 0.315, 1.3185 0.4567 0.315, 0.9839 0.4567 0.315, 1.3185 0.4567 0.7874, 0.787 0.4567 0.315, 0.5902 0.4567 0.315, 0.3933 0.4567 0.315, 0.2275 0.4567 0.315, 0.148 0.4567 0.315, 0.0498 0.4567 0.315, 0.0383 0.4567 0.315, -0.0426 0.4567 0.315, -0.158 0.4567 0.315, -0.2044 0.4567 0.315, -0.3941 0.4567 0.315, -0.5909 0.4567 0.315, -0.7878 0.4567 0.315, -0.9846 0.4567 0.315, -1.2258 0.4567 0.315, 1.3185 -0.5025 0.7874, 1.3185 -0.748 0.0394, 1.3185 0.5025 0.7874, 1.3185 0.748 0.0394, 1.3185 0.3169 0.315, 1.3185 0.0688 0.315, 1.3185 -0.0946 0.315, 1.6335 -0.6693 0.0394, 1.6335 0.6693 0.0394, 1.6335 0.2239 0.7874, 1.6335 -0.2239 0.7874, 1.5547 0.748 0.0394, 1.5547 -0.748 0.0394, 1.476 0.1083 0.0394, 1.448 0.1046 0.0394, 1.4219 0.0938 0.0394, 1.3994 0.0766 0.0394, 1.3822 0.0541 0.0394, 1.3822 -0.0541 0.0394, 1.3994 -0.0766 0.0394, 1.5698 0.0541 0.0394, 1.5525 0.0766 0.0394, 1.3714 0.028 0.0394, 1.3677 0.0 0.0394, 1.3714 -0.028 0.0394, 1.504 -0.1046 0.0394, 1.5301 -0.0938 0.0394, 1.5525 -0.0766 0.0394, 1.5698 -0.0541 0.0394, 1.5806 -0.028 0.0394, 1.5843 0.0 0.0394, 1.5806 0.028 0.0394, 1.4219 -0.0938 0.0394, 1.448 -0.1046 0.0394, 1.476 -0.1083 0.0394, 1.5751 -0.7453 0.0394, 1.5751 0.7453 0.0394, 1.5941 0.7375 0.0394, 1.6104 0.725 0.0394, 1.6308 -0.6897 0.0394, 1.6229 -0.7087 0.0394, 1.5301 0.0938 0.0394, 1.504 0.1046 0.0394, 1.6308 0.6897 0.0394, 1.6229 0.7087 0.0394, 1.6104 -0.725 0.0394, 1.5941 -0.7375 0.0394, -1.4487 -0.1046 -0.2953, -1.4226 -0.0938 -0.2953, -1.4002 -0.0766 -0.2953, -1.383 -0.0541 -0.2953, -1.3722 -0.028 -0.2953, -1.3685 0.0 -0.2953, -1.3722 0.028 -0.2953, -1.383 0.0541 -0.2953, -1.4002 0.0766 -0.2953, -1.4226 0.0938 -0.2953, -1.4487 0.1046 -0.2953, -1.4768 0.1083 -0.2953, -1.5048 0.1046 -0.2953, -1.5309 0.0938 -0.2953, -1.5533 0.0766 -0.2953, -1.5705 0.0541 -0.2953, -1.5813 0.028 -0.2953, -1.585 0.0 -0.2953, -1.5813 -0.028 -0.2953, -1.5705 -0.0541 -0.2953, -1.5533 -0.0766 -0.2953, -1.5309 -0.0938 -0.2953, -1.5048 -0.1046 -0.2953, -1.4768 -0.1083 -0.2953, -1.4915 0.0256 -0.374, -1.4844 0.0285 -0.374, -1.4768 0.0 -0.374, -1.4768 0.0295 -0.374, -1.4691 0.0285 -0.374, -1.5053 0.0076 -0.374, -1.5023 0.0148 -0.374, -1.4976 0.0209 -0.374, -1.5023 -0.0148 -0.374, -1.5053 -0.0076 -0.374, -1.5063 0.0 -0.374, -1.4844 -0.0285 -0.374, -1.4915 -0.0256 -0.374, -1.4976 -0.0209 -0.374, -1.462 -0.0256 -0.374, -1.4691 -0.0285 -0.374, -1.4768 -0.0295 -0.374, -1.4482 -0.0076 -0.374, -1.4512 -0.0148 -0.374, -1.4559 -0.0209 -0.374, -1.4512 0.0148 -0.374, -1.4482 0.0076 -0.374, -1.4472 0.0 -0.374, -1.462 0.0256 -0.374, -1.4559 0.0209 -0.374, 1.504 -0.1046 -0.2953, 1.5301 -0.0938 -0.2953, 1.5525 -0.0766 -0.2953, 1.5698 -0.0541 -0.2953, 1.5806 -0.028 -0.2953, 1.5843 0.0 -0.2953, 1.5806 0.028 -0.2953, 1.5698 0.0541 -0.2953, 1.5525 0.0766 -0.2953, 1.5301 0.0938 -0.2953, 1.504 0.1046 -0.2953, 1.476 0.1083 -0.2953, 1.448 0.1046 -0.2953, 1.4219 0.0938 -0.2953, 1.3994 0.0766 -0.2953, 1.3822 0.0541 -0.2953, 1.3714 0.028 -0.2953, 1.3677 0.0 -0.2953, 1.3714 -0.028 -0.2953, 1.3822 -0.0541 -0.2953, 1.3994 -0.0766 -0.2953, 1.4219 -0.0938 -0.2953, 1.448 -0.1046 -0.2953, 1.476 -0.1083 -0.2953, 1.4908 -0.0256 -0.374, 1.4836 -0.0285 -0.374, 1.476 0.0 -0.374, 1.476 -0.0295 -0.374, 1.4683 -0.0285 -0.374, 1.5045 -0.0076 -0.374, 1.5016 -0.0148 -0.374, 1.4969 -0.0209 -0.374, 1.5016 0.0148 -0.374, 1.5045 0.0076 -0.374, 1.5055 0.0 -0.374, 1.4836 0.0285 -0.374, 1.4908 0.0256 -0.374, 1.4969 0.0209 -0.374, 1.4612 0.0256 -0.374, 1.4683 0.0285 -0.374, 1.476 0.0295 -0.374, 1.4475 0.0076 -0.374, 1.4504 0.0148 -0.374, 1.4551 0.0209 -0.374, 1.4504 -0.0148 -0.374, 1.4475 -0.0076 -0.374, 1.4465 0.0 -0.374, 1.4612 -0.0256 -0.374, 1.4551 -0.0209 -0.374, 1.5033 -0.102 -0.3157, 1.5288 -0.0914 -0.3157, 1.5506 -0.0747 -0.3157, 1.5674 -0.0528 -0.3157, 1.578 -0.0273 -0.3157, 1.5816 0.0 -0.3157, 1.578 0.0273 -0.3157, 1.5674 0.0528 -0.3157, 1.5506 0.0747 -0.3157, 1.5288 0.0914 -0.3157, 1.5033 0.102 -0.3157, 1.476 0.1056 -0.3157, 1.4487 0.102 -0.3157, 1.4232 0.0914 -0.3157, 1.4013 0.0747 -0.3157, 1.3845 0.0528 -0.3157, 1.374 0.0273 -0.3157, 1.3704 0.0 -0.3157, 1.374 -0.0273 -0.3157, 1.3845 -0.0528 -0.3157, 1.4013 -0.0747 -0.3157, 1.4232 -0.0914 -0.3157, 1.4487 -0.102 -0.3157, 1.476 -0.1056 -0.3157, 1.5013 -0.0944 -0.3346, 1.5248 -0.0846 -0.3346, 1.5451 -0.0691 -0.3346, 1.5606 -0.0489 -0.3346, 1.5704 -0.0253 -0.3346, 1.5737 0.0 -0.3346, 1.5704 0.0253 -0.3346, 1.5606 0.0489 -0.3346, 1.5451 0.0691 -0.3346, 1.5248 0.0846 -0.3346, 1.5013 0.0944 -0.3346, 1.476 0.0977 -0.3346, 1.4507 0.0944 -0.3346, 1.4271 0.0846 -0.3346, 1.4069 0.0691 -0.3346, 1.3914 0.0489 -0.3346, 1.3816 0.0253 -0.3346, 1.3783 0.0 -0.3346, 1.3816 -0.0253 -0.3346, 1.3914 -0.0489 -0.3346, 1.4069 -0.0691 -0.3346, 1.4271 -0.0846 -0.3346, 1.4507 -0.0944 -0.3346, 1.476 -0.0977 -0.3346, 1.498 -0.0823 -0.351, 1.5186 -0.0738 -0.351, 1.5362 -0.0602 -0.351, 1.5498 -0.0426 -0.351, 1.5583 -0.0221 -0.351, 1.5612 0.0 -0.351, 1.5583 0.0221 -0.351, 1.5498 0.0426 -0.351, 1.5362 0.0602 -0.351, 1.5186 0.0738 -0.351, 1.498 0.0823 -0.351, 1.476 0.0852 -0.351, 1.4539 0.0823 -0.351, 1.4334 0.0738 -0.351, 1.4157 0.0602 -0.351, 1.4022 0.0426 -0.351, 1.3937 0.0221 -0.351, 1.3908 0.0 -0.351, 1.3937 -0.0221 -0.351, 1.4022 -0.0426 -0.351, 1.4157 -0.0602 -0.351, 1.4334 -0.0738 -0.351, 1.4539 -0.0823 -0.351, 1.476 -0.0852 -0.351, 1.4938 -0.0665 -0.3635, 1.5104 -0.0597 -0.3635, 1.5247 -0.0487 -0.3635, 1.5357 -0.0344 -0.3635, 1.5425 -0.0178 -0.3635, 1.5449 0.0 -0.3635, 1.5425 0.0178 -0.3635, 1.5357 0.0344 -0.3635, 1.5247 0.0487 -0.3635, 1.5104 0.0597 -0.3635, 1.4938 0.0665 -0.3635, 1.476 0.0689 -0.3635, 1.4582 0.0665 -0.3635, 1.4415 0.0597 -0.3635, 1.4273 0.0487 -0.3635, 1.4163 0.0344 -0.3635, 1.4094 0.0178 -0.3635, 1.4071 0.0 -0.3635, 1.4094 -0.0178 -0.3635, 1.4163 -0.0344 -0.3635, 1.4273 -0.0487 -0.3635, 1.4415 -0.0597 -0.3635, 1.4582 -0.0665 -0.3635, 1.476 -0.0689 -0.3635, 1.4889 -0.0482 -0.3713, 1.5009 -0.0432 -0.3713, 1.5113 -0.0353 -0.3713, 1.5192 -0.025 -0.3713, 1.5242 -0.0129 -0.3713, 1.5259 0.0 -0.3713, 1.5242 0.0129 -0.3713, 1.5192 0.025 -0.3713, 1.5113 0.0353 -0.3713, 1.5009 0.0432 -0.3713, 1.4889 0.0482 -0.3713, 1.476 0.0499 -0.3713, 1.4631 0.0482 -0.3713, 1.451 0.0432 -0.3713, 1.4407 0.0353 -0.3713, 1.4328 0.025 -0.3713, 1.4278 0.0129 -0.3713, 1.4261 0.0 -0.3713, 1.4278 -0.0129 -0.3713, 1.4328 -0.025 -0.3713, 1.4407 -0.0353 -0.3713, 1.451 -0.0432 -0.3713, 1.4631 -0.0482 -0.3713, 1.476 -0.0499 -0.3713, -1.4639 0.0482 -0.3713, -1.4518 0.0432 -0.3713, -1.4415 0.0353 -0.3713, -1.4335 0.025 -0.3713, -1.4286 0.0129 -0.3713, -1.4269 0.0 -0.3713, -1.4286 -0.0129 -0.3713, -1.4335 -0.025 -0.3713, -1.4415 -0.0353 -0.3713, -1.4518 -0.0432 -0.3713, -1.4639 -0.0482 -0.3713, -1.4768 -0.0499 -0.3713, -1.4897 -0.0482 -0.3713, -1.5017 -0.0432 -0.3713, -1.5121 -0.0353 -0.3713, -1.52 -0.025 -0.3713, -1.525 -0.0129 -0.3713, -1.5267 0.0 -0.3713, -1.525 0.0129 -0.3713, -1.52 0.025 -0.3713, -1.5121 0.0353 -0.3713, -1.5017 0.0432 -0.3713, -1.4897 0.0482 -0.3713, -1.4768 0.0499 -0.3713, -1.4589 0.0665 -0.3635, -1.4423 0.0597 -0.3635, -1.428 0.0487 -0.3635, -1.4171 0.0344 -0.3635, -1.4102 0.0178 -0.3635, -1.4079 0.0 -0.3635, -1.4102 -0.0178 -0.3635, -1.4171 -0.0344 -0.3635, -1.428 -0.0487 -0.3635, -1.4423 -0.0597 -0.3635, -1.4589 -0.0665 -0.3635, -1.4768 -0.0689 -0.3635, -1.4946 -0.0665 -0.3635, -1.5112 -0.0597 -0.3635, -1.5255 -0.0487 -0.3635, -1.5364 -0.0344 -0.3635, -1.5433 -0.0178 -0.3635, -1.5457 0.0 -0.3635, -1.5433 0.0178 -0.3635, -1.5364 0.0344 -0.3635, -1.5255 0.0487 -0.3635, -1.5112 0.0597 -0.3635, -1.4946 0.0665 -0.3635, -1.4768 0.0689 -0.3635, -1.4547 0.0823 -0.351, -1.4342 0.0738 -0.351, -1.4165 0.0602 -0.351, -1.403 0.0426 -0.351, -1.3945 0.0221 -0.351, -1.3916 0.0 -0.351, -1.3945 -0.0221 -0.351, -1.403 -0.0426 -0.351, -1.4165 -0.0602 -0.351, -1.4342 -0.0738 -0.351, -1.4547 -0.0823 -0.351, -1.4768 -0.0852 -0.351, -1.4988 -0.0823 -0.351, -1.5194 -0.0738 -0.351, -1.537 -0.0602 -0.351, -1.5506 -0.0426 -0.351, -1.5591 -0.0221 -0.351, -1.562 0.0 -0.351, -1.5591 0.0221 -0.351, -1.5506 0.0426 -0.351, -1.537 0.0602 -0.351, -1.5194 0.0738 -0.351, -1.4988 0.0823 -0.351, -1.4768 0.0852 -0.351, -1.4515 0.0944 -0.3346, -1.4279 0.0846 -0.3346, -1.4077 0.0691 -0.3346, -1.3921 0.0489 -0.3346, -1.3824 0.0253 -0.3346, -1.379 0.0 -0.3346, -1.3824 -0.0253 -0.3346, -1.3921 -0.0489 -0.3346, -1.4077 -0.0691 -0.3346, -1.4279 -0.0846 -0.3346, -1.4515 -0.0944 -0.3346, -1.4768 -0.0977 -0.3346, -1.5021 -0.0944 -0.3346, -1.5256 -0.0846 -0.3346, -1.5459 -0.0691 -0.3346, -1.5614 -0.0489 -0.3346, -1.5712 -0.0253 -0.3346, -1.5745 0.0 -0.3346, -1.5712 0.0253 -0.3346, -1.5614 0.0489 -0.3346, -1.5459 0.0691 -0.3346, -1.5256 0.0846 -0.3346, -1.5021 0.0944 -0.3346, -1.4768 0.0977 -0.3346, -1.4494 0.102 -0.3157, -1.424 0.0914 -0.3157, -1.4021 0.0747 -0.3157, -1.3853 0.0528 -0.3157, -1.3748 0.0273 -0.3157, -1.3712 0.0 -0.3157, -1.3748 -0.0273 -0.3157, -1.3853 -0.0528 -0.3157, -1.4021 -0.0747 -0.3157, -1.424 -0.0914 -0.3157, -1.4494 -0.102 -0.3157, -1.4768 -0.1056 -0.3157, -1.5041 -0.102 -0.3157, -1.5296 -0.0914 -0.3157, -1.5514 -0.0747 -0.3157, -1.5682 -0.0528 -0.3157, -1.5788 -0.0273 -0.3157, -1.5824 0.0 -0.3157, -1.5788 0.0273 -0.3157, -1.5682 0.0528 -0.3157, -1.5514 0.0747 -0.3157, -1.5296 0.0914 -0.3157, -1.5041 0.102 -0.3157, -1.4768 0.1056 -0.3157
            ]
        }
        coordIndex [
            0,1,2,-1,3,4,5,-1,6,7,8,-1,8,7,9,-1,8,9,10,-1,10,9,5,-1,10,5,11,-1,11,5,4,-1,0,2,5,-1,5,2,12,-1,5,12,3,-1,13,14,15,-1,16,17,18,-1,18,17,19,-1,18,19,15,-1,15,19,20,-1,15,20,13,-1,14,21,15,-1,15,21,22,-1,15,22,23,-1,23,22,24,-1,23,24,25,-1,26,27,28,-1,29,30,31,-1,31,30,32,-1,31,32,28,-1,28,32,33,-1,28,33,26,-1,27,34,28,-1,28,34,35,-1,28,35,36,-1,36,35,37,-1,36,37,38,-1,39,30,29,-1,40,41,42,-1,39,29,43,-1,43,29,44,-1,43,44,45,-1,43,46,39,-1,39,46,47,-1,39,47,48,-1,48,47,49,-1,48,49,40,-1,40,42,48,-1,48,42,7,-1,48,7,6,-1,38,37,50,-1,2,1,51,-1,51,1,52,-1,51,52,50,-1,50,52,53,-1,50,53,38,-1,32,30,54,-1,54,30,39,-1,55,48,8,-1,8,48,6,-1,56,57,58,-1,59,60,61,-1,62,63,64,-1,64,63,65,-1,64,65,66,-1,66,65,61,-1,66,61,67,-1,67,61,60,-1,56,58,61,-1,61,58,68,-1,61,68,59,-1,69,70,50,-1,50,70,71,-1,50,71,72,-1,73,74,39,-1,39,74,75,-1,39,75,54,-1,54,75,76,-1,54,76,77,-1,78,39,48,-1,79,80,51,-1,48,55,81,-1,78,82,39,-1,39,82,83,-1,39,83,73,-1,69,50,76,-1,76,50,84,-1,76,84,85,-1,72,86,50,-1,50,86,87,-1,50,87,51,-1,51,87,88,-1,51,88,79,-1,85,89,76,-1,76,89,90,-1,76,90,77,-1,81,91,48,-1,48,91,92,-1,48,92,93,-1,93,94,48,-1,48,94,95,-1,48,95,78,-1,55,96,81,-1,81,96,97,-1,81,97,98,-1,80,99,51,-1,51,99,100,-1,51,100,101,-1,101,100,81,-1,101,81,102,-1,102,81,98,-1,40,103,41,-1,41,103,104,-1,41,104,105,-1,105,106,41,-1,41,106,107,-1,41,107,108,-1,109,110,111,-1,108,112,41,-1,41,112,113,-1,41,113,111,-1,111,113,114,-1,111,114,109,-1,110,115,111,-1,111,115,116,-1,111,116,117,-1,117,118,111,-1,111,118,119,-1,111,119,120,-1,121,122,123,-1,123,122,124,-1,124,125,123,-1,123,125,126,-1,123,126,127,-1,127,128,123,-1,123,128,129,-1,123,129,45,-1,45,129,130,-1,130,131,45,-1,45,131,132,-1,45,132,133,-1,133,134,45,-1,45,134,135,-1,45,135,136,-1,136,137,45,-1,45,137,138,-1,45,138,43,-1,139,111,120,-1,140,17,16,-1,121,123,141,-1,121,142,143,-1,143,142,144,-1,144,142,145,-1,145,142,140,-1,145,140,120,-1,120,140,16,-1,120,16,139,-1,121,141,142,-1,142,141,63,-1,142,63,62,-1,25,24,146,-1,58,57,147,-1,147,57,148,-1,147,148,146,-1,146,148,149,-1,146,149,25,-1,150,142,64,-1,64,142,62,-1,19,17,151,-1,151,17,140,-1,150,152,142,-1,142,152,153,-1,153,154,142,-1,142,154,155,-1,142,155,156,-1,140,157,158,-1,159,160,147,-1,156,161,142,-1,142,161,162,-1,142,162,140,-1,140,162,163,-1,140,163,157,-1,164,165,146,-1,146,165,166,-1,146,166,167,-1,167,168,146,-1,146,168,169,-1,146,169,147,-1,147,169,170,-1,147,170,159,-1,158,171,140,-1,140,171,172,-1,140,172,151,-1,151,172,173,-1,151,173,174,-1,150,175,152,-1,152,175,176,-1,152,176,177,-1,164,146,173,-1,173,146,178,-1,173,178,179,-1,160,180,147,-1,147,180,181,-1,147,181,182,-1,182,181,152,-1,182,152,183,-1,183,152,177,-1,179,184,173,-1,173,184,185,-1,173,185,174,-1,146,24,22,-1,146,22,178,-1,178,22,21,-1,178,21,179,-1,179,21,14,-1,179,14,184,-1,184,14,13,-1,184,13,185,-1,185,13,20,-1,185,20,174,-1,174,20,19,-1,174,19,151,-1,150,64,66,-1,150,66,175,-1,175,66,67,-1,175,67,176,-1,176,67,60,-1,176,60,177,-1,177,60,59,-1,177,59,183,-1,183,59,68,-1,183,68,182,-1,182,68,58,-1,182,58,147,-1,50,37,35,-1,50,35,84,-1,84,35,34,-1,84,34,85,-1,85,34,27,-1,85,27,89,-1,89,27,26,-1,89,26,90,-1,90,26,33,-1,90,33,77,-1,77,33,32,-1,77,32,54,-1,55,8,10,-1,55,10,96,-1,96,10,11,-1,96,11,97,-1,97,11,4,-1,97,4,98,-1,98,4,3,-1,98,3,102,-1,102,3,12,-1,102,12,101,-1,101,12,2,-1,101,2,51,-1,81,186,91,-1,91,186,187,-1,91,187,92,-1,92,187,188,-1,92,188,93,-1,93,188,189,-1,93,189,94,-1,94,189,190,-1,94,190,95,-1,95,190,191,-1,95,191,78,-1,78,191,192,-1,78,192,82,-1,82,192,193,-1,82,193,83,-1,83,193,194,-1,83,194,73,-1,73,194,195,-1,73,195,74,-1,74,195,196,-1,74,196,75,-1,75,196,197,-1,75,197,76,-1,76,197,198,-1,76,198,69,-1,69,198,199,-1,69,199,70,-1,70,199,200,-1,70,200,71,-1,71,200,201,-1,71,201,72,-1,72,201,202,-1,72,202,86,-1,86,202,203,-1,86,203,87,-1,87,203,204,-1,87,204,88,-1,88,204,205,-1,88,205,79,-1,79,205,206,-1,79,206,80,-1,80,206,207,-1,80,207,99,-1,99,207,208,-1,99,208,100,-1,100,208,209,-1,100,209,81,-1,81,209,186,-1,210,211,212,-1,212,211,213,-1,212,213,214,-1,215,216,212,-1,212,216,217,-1,212,217,210,-1,218,219,212,-1,212,219,220,-1,212,220,215,-1,221,222,212,-1,212,222,223,-1,212,223,218,-1,224,225,212,-1,212,225,226,-1,212,226,221,-1,227,228,212,-1,212,228,229,-1,212,229,224,-1,230,231,212,-1,212,231,232,-1,212,232,227,-1,214,233,212,-1,212,233,234,-1,212,234,230,-1,173,235,164,-1,164,235,236,-1,164,236,165,-1,165,236,237,-1,165,237,166,-1,166,237,238,-1,166,238,167,-1,167,238,239,-1,167,239,168,-1,168,239,240,-1,168,240,169,-1,169,240,241,-1,169,241,170,-1,170,241,242,-1,170,242,159,-1,159,242,243,-1,159,243,160,-1,160,243,244,-1,160,244,180,-1,180,244,245,-1,180,245,181,-1,181,245,246,-1,181,246,152,-1,152,246,247,-1,152,247,153,-1,153,247,248,-1,153,248,154,-1,154,248,249,-1,154,249,155,-1,155,249,250,-1,155,250,156,-1,156,250,251,-1,156,251,161,-1,161,251,252,-1,161,252,162,-1,162,252,253,-1,162,253,163,-1,163,253,254,-1,163,254,157,-1,157,254,255,-1,157,255,158,-1,158,255,256,-1,158,256,171,-1,171,256,257,-1,171,257,172,-1,172,257,258,-1,172,258,173,-1,173,258,235,-1,259,260,261,-1,261,260,262,-1,261,262,263,-1,264,265,261,-1,261,265,266,-1,261,266,259,-1,267,268,261,-1,261,268,269,-1,261,269,264,-1,270,271,261,-1,261,271,272,-1,261,272,267,-1,273,274,261,-1,261,274,275,-1,261,275,270,-1,276,277,261,-1,261,277,278,-1,261,278,273,-1,279,280,261,-1,261,280,281,-1,261,281,276,-1,263,282,261,-1,261,282,283,-1,261,283,279,-1,258,284,235,-1,235,284,285,-1,235,285,236,-1,236,285,286,-1,236,286,237,-1,237,286,287,-1,237,287,238,-1,238,287,288,-1,238,288,239,-1,239,288,289,-1,239,289,240,-1,240,289,290,-1,240,290,241,-1,241,290,291,-1,241,291,242,-1,242,291,292,-1,242,292,243,-1,243,292,293,-1,243,293,244,-1,244,293,294,-1,244,294,245,-1,245,294,295,-1,245,295,246,-1,246,295,296,-1,246,296,247,-1,247,296,297,-1,247,297,248,-1,248,297,298,-1,248,298,249,-1,249,298,299,-1,249,299,250,-1,250,299,300,-1,250,300,251,-1,251,300,301,-1,251,301,252,-1,252,301,302,-1,252,302,253,-1,253,302,303,-1,253,303,254,-1,254,303,304,-1,254,304,255,-1,255,304,305,-1,255,305,256,-1,256,305,306,-1,256,306,257,-1,257,306,307,-1,257,307,258,-1,258,307,284,-1,307,308,284,-1,284,308,309,-1,284,309,285,-1,285,309,310,-1,285,310,286,-1,286,310,311,-1,286,311,287,-1,287,311,312,-1,287,312,288,-1,288,312,313,-1,288,313,289,-1,289,313,314,-1,289,314,290,-1,290,314,315,-1,290,315,291,-1,291,315,316,-1,291,316,292,-1,292,316,317,-1,292,317,293,-1,293,317,318,-1,293,318,294,-1,294,318,319,-1,294,319,295,-1,295,319,320,-1,295,320,296,-1,296,320,321,-1,296,321,297,-1,297,321,322,-1,297,322,298,-1,298,322,323,-1,298,323,299,-1,299,323,324,-1,299,324,300,-1,300,324,325,-1,300,325,301,-1,301,325,326,-1,301,326,302,-1,302,326,327,-1,302,327,303,-1,303,327,328,-1,303,328,304,-1,304,328,329,-1,304,329,305,-1,305,329,330,-1,305,330,306,-1,306,330,331,-1,306,331,307,-1,307,331,308,-1,331,332,308,-1,308,332,333,-1,308,333,309,-1,309,333,334,-1,309,334,310,-1,310,334,335,-1,310,335,311,-1,311,335,336,-1,311,336,312,-1,312,336,337,-1,312,337,313,-1,313,337,338,-1,313,338,314,-1,314,338,339,-1,314,339,315,-1,315,339,340,-1,315,340,316,-1,316,340,341,-1,316,341,317,-1,317,341,342,-1,317,342,318,-1,318,342,343,-1,318,343,319,-1,319,343,344,-1,319,344,320,-1,320,344,345,-1,320,345,321,-1,321,345,346,-1,321,346,322,-1,322,346,347,-1,322,347,323,-1,323,347,348,-1,323,348,324,-1,324,348,349,-1,324,349,325,-1,325,349,350,-1,325,350,326,-1,326,350,351,-1,326,351,327,-1,327,351,352,-1,327,352,328,-1,328,352,353,-1,328,353,329,-1,329,353,354,-1,329,354,330,-1,330,354,355,-1,330,355,331,-1,331,355,332,-1,355,356,332,-1,332,356,357,-1,332,357,333,-1,333,357,358,-1,333,358,334,-1,334,358,359,-1,334,359,335,-1,335,359,360,-1,335,360,336,-1,336,360,361,-1,336,361,337,-1,337,361,362,-1,337,362,338,-1,338,362,363,-1,338,363,339,-1,339,363,364,-1,339,364,340,-1,340,364,365,-1,340,365,341,-1,341,365,366,-1,341,366,342,-1,342,366,367,-1,342,367,343,-1,343,367,368,-1,343,368,344,-1,344,368,369,-1,344,369,345,-1,345,369,370,-1,345,370,346,-1,346,370,371,-1,346,371,347,-1,347,371,372,-1,347,372,348,-1,348,372,373,-1,348,373,349,-1,349,373,374,-1,349,374,350,-1,350,374,375,-1,350,375,351,-1,351,375,376,-1,351,376,352,-1,352,376,377,-1,352,377,353,-1,353,377,378,-1,353,378,354,-1,354,378,379,-1,354,379,355,-1,355,379,356,-1,379,380,356,-1,356,380,381,-1,356,381,357,-1,357,381,382,-1,357,382,358,-1,358,382,383,-1,358,383,359,-1,359,383,384,-1,359,384,360,-1,360,384,385,-1,360,385,361,-1,361,385,386,-1,361,386,362,-1,362,386,387,-1,362,387,363,-1,363,387,388,-1,363,388,364,-1,364,388,389,-1,364,389,365,-1,365,389,390,-1,365,390,366,-1,366,390,391,-1,366,391,367,-1,367,391,392,-1,367,392,368,-1,368,392,393,-1,368,393,369,-1,369,393,394,-1,369,394,370,-1,370,394,395,-1,370,395,371,-1,371,395,396,-1,371,396,372,-1,372,396,397,-1,372,397,373,-1,373,397,398,-1,373,398,374,-1,374,398,399,-1,374,399,375,-1,375,399,400,-1,375,400,376,-1,376,400,401,-1,376,401,377,-1,377,401,402,-1,377,402,378,-1,378,402,403,-1,378,403,379,-1,379,403,380,-1,403,260,380,-1,380,260,259,-1,380,259,381,-1,381,259,266,-1,381,266,382,-1,382,266,265,-1,382,265,383,-1,383,265,264,-1,383,264,384,-1,384,264,269,-1,384,269,385,-1,385,269,268,-1,385,268,386,-1,386,268,267,-1,386,267,387,-1,387,267,272,-1,387,272,388,-1,388,272,271,-1,388,271,389,-1,389,271,270,-1,389,270,390,-1,390,270,275,-1,390,275,391,-1,391,275,274,-1,391,274,392,-1,392,274,273,-1,392,273,393,-1,393,273,278,-1,393,278,394,-1,394,278,277,-1,394,277,395,-1,395,277,276,-1,395,276,396,-1,396,276,281,-1,396,281,397,-1,397,281,280,-1,397,280,398,-1,398,280,279,-1,398,279,399,-1,399,279,283,-1,399,283,400,-1,400,283,282,-1,400,282,401,-1,401,282,263,-1,401,263,402,-1,402,263,262,-1,402,262,403,-1,403,262,260,-1,213,404,214,-1,214,404,405,-1,214,405,233,-1,233,405,406,-1,233,406,234,-1,234,406,407,-1,234,407,230,-1,230,407,408,-1,230,408,231,-1,231,408,409,-1,231,409,232,-1,232,409,410,-1,232,410,227,-1,227,410,411,-1,227,411,228,-1,228,411,412,-1,228,412,229,-1,229,412,413,-1,229,413,224,-1,224,413,414,-1,224,414,225,-1,225,414,415,-1,225,415,226,-1,226,415,416,-1,226,416,221,-1,221,416,417,-1,221,417,222,-1,222,417,418,-1,222,418,223,-1,223,418,419,-1,223,419,218,-1,218,419,420,-1,218,420,219,-1,219,420,421,-1,219,421,220,-1,220,421,422,-1,220,422,215,-1,215,422,423,-1,215,423,216,-1,216,423,424,-1,216,424,217,-1,217,424,425,-1,217,425,210,-1,210,425,426,-1,210,426,211,-1,211,426,427,-1,211,427,213,-1,213,427,404,-1,427,428,404,-1,404,428,429,-1,404,429,405,-1,405,429,430,-1,405,430,406,-1,406,430,431,-1,406,431,407,-1,407,431,432,-1,407,432,408,-1,408,432,433,-1,408,433,409,-1,409,433,434,-1,409,434,410,-1,410,434,435,-1,410,435,411,-1,411,435,436,-1,411,436,412,-1,412,436,437,-1,412,437,413,-1,413,437,438,-1,413,438,414,-1,414,438,439,-1,414,439,415,-1,415,439,440,-1,415,440,416,-1,416,440,441,-1,416,441,417,-1,417,441,442,-1,417,442,418,-1,418,442,443,-1,418,443,419,-1,419,443,444,-1,419,444,420,-1,420,444,445,-1,420,445,421,-1,421,445,446,-1,421,446,422,-1,422,446,447,-1,422,447,423,-1,423,447,448,-1,423,448,424,-1,424,448,449,-1,424,449,425,-1,425,449,450,-1,425,450,426,-1,426,450,451,-1,426,451,427,-1,427,451,428,-1,451,452,428,-1,428,452,453,-1,428,453,429,-1,429,453,454,-1,429,454,430,-1,430,454,455,-1,430,455,431,-1,431,455,456,-1,431,456,432,-1,432,456,457,-1,432,457,433,-1,433,457,458,-1,433,458,434,-1,434,458,459,-1,434,459,435,-1,435,459,460,-1,435,460,436,-1,436,460,461,-1,436,461,437,-1,437,461,462,-1,437,462,438,-1,438,462,463,-1,438,463,439,-1,439,463,464,-1,439,464,440,-1,440,464,465,-1,440,465,441,-1,441,465,466,-1,441,466,442,-1,442,466,467,-1,442,467,443,-1,443,467,468,-1,443,468,444,-1,444,468,469,-1,444,469,445,-1,445,469,470,-1,445,470,446,-1,446,470,471,-1,446,471,447,-1,447,471,472,-1,447,472,448,-1,448,472,473,-1,448,473,449,-1,449,473,474,-1,449,474,450,-1,450,474,475,-1,450,475,451,-1,451,475,452,-1,475,476,452,-1,452,476,477,-1,452,477,453,-1,453,477,478,-1,453,478,454,-1,454,478,479,-1,454,479,455,-1,455,479,480,-1,455,480,456,-1,456,480,481,-1,456,481,457,-1,457,481,482,-1,457,482,458,-1,458,482,483,-1,458,483,459,-1,459,483,484,-1,459,484,460,-1,460,484,485,-1,460,485,461,-1,461,485,486,-1,461,486,462,-1,462,486,487,-1,462,487,463,-1,463,487,488,-1,463,488,464,-1,464,488,489,-1,464,489,465,-1,465,489,490,-1,465,490,466,-1,466,490,491,-1,466,491,467,-1,467,491,492,-1,467,492,468,-1,468,492,493,-1,468,493,469,-1,469,493,494,-1,469,494,470,-1,470,494,495,-1,470,495,471,-1,471,495,496,-1,471,496,472,-1,472,496,497,-1,472,497,473,-1,473,497,498,-1,473,498,474,-1,474,498,499,-1,474,499,475,-1,475,499,476,-1,499,500,476,-1,476,500,501,-1,476,501,477,-1,477,501,502,-1,477,502,478,-1,478,502,503,-1,478,503,479,-1,479,503,504,-1,479,504,480,-1,480,504,505,-1,480,505,481,-1,481,505,506,-1,481,506,482,-1,482,506,507,-1,482,507,483,-1,483,507,508,-1,483,508,484,-1,484,508,509,-1,484,509,485,-1,485,509,510,-1,485,510,486,-1,486,510,511,-1,486,511,487,-1,487,511,512,-1,487,512,488,-1,488,512,513,-1,488,513,489,-1,489,513,514,-1,489,514,490,-1,490,514,515,-1,490,515,491,-1,491,515,516,-1,491,516,492,-1,492,516,517,-1,492,517,493,-1,493,517,518,-1,493,518,494,-1,494,518,519,-1,494,519,495,-1,495,519,520,-1,495,520,496,-1,496,520,521,-1,496,521,497,-1,497,521,522,-1,497,522,498,-1,498,522,523,-1,498,523,499,-1,499,523,500,-1,523,196,500,-1,500,196,195,-1,500,195,501,-1,501,195,194,-1,501,194,502,-1,502,194,193,-1,502,193,503,-1,503,193,192,-1,503,192,504,-1,504,192,191,-1,504,191,505,-1,505,191,190,-1,505,190,506,-1,506,190,189,-1,506,189,507,-1,507,189,188,-1,507,188,508,-1,508,188,187,-1,508,187,509,-1,509,187,186,-1,509,186,510,-1,510,186,209,-1,510,209,511,-1,511,209,208,-1,511,208,512,-1,512,208,207,-1,512,207,513,-1,513,207,206,-1,513,206,514,-1,514,206,205,-1,514,205,515,-1,515,205,204,-1,515,204,516,-1,516,204,203,-1,516,203,517,-1,517,203,202,-1,517,202,518,-1,518,202,201,-1,518,201,519,-1,519,201,200,-1,519,200,520,-1,520,200,199,-1,520,199,521,-1,521,199,198,-1,521,198,522,-1,522,198,197,-1,522,197,523,-1,523,197,196,-1,
        ]
    }
}
Shape{
    appearance Appearance {
        material  Material 	{
            diffuseColor 1.0 1.0 0.0
            specularColor 0.5019607843137255 0.5019607843137255 0.0
            ambientIntensity 0.886
            transparency 0.0
            shininess 0.5
        }
    }
    geometry IndexedFaceSet {
        ccw TRUE
        solid FALSE
        coord DEF co Coordinate {
            point [
                1.1315 0.4331 0.0, 1.1315 0.2362 0.0, 1.0331 0.4331 0.0, 1.0331 0.2362 0.0, 1.1315 0.4331 0.0394, 1.0331 0.4331 0.0394, 1.1315 0.2362 0.0394, 1.0331 0.2362 0.0394, 1.1315 0.2209 0.0414, 1.0331 0.2209 0.0414, 1.1315 0.2067 0.0473, 1.0331 0.2067 0.0473, 1.1315 0.1945 0.0567, 1.0331 0.1945 0.0567, 1.1315 0.1851 0.0689, 1.0331 0.1851 0.0689, 1.1315 0.1792 0.0831, 1.0331 0.1792 0.0831, 1.1315 0.1772 0.0984, 1.0331 0.1772 0.0984, 1.1315 0.1772 0.315, 1.0331 0.1772 0.315, 1.1315 0.1378 0.0984, 1.1315 0.1378 0.315, 1.0331 0.1378 0.0984, 1.0331 0.1378 0.315, 1.0331 0.1411 0.073, 1.1315 0.1411 0.073, 1.0331 0.151 0.0492, 1.1315 0.151 0.0492, 1.0331 0.1666 0.0288, 1.1315 0.1666 0.0288, 1.0331 0.187 0.0132, 1.1315 0.187 0.0132, 1.0331 0.2107 0.0034, 1.1315 0.2107 0.0034, 1.1315 -0.2362 0.0, 1.1315 -0.4331 0.0, 1.0331 -0.2362 0.0, 1.0331 -0.4331 0.0, 1.0331 -0.2107 0.0034, 1.1315 -0.2107 0.0034, 1.0331 -0.187 0.0132, 1.1315 -0.187 0.0132, 1.0331 -0.1666 0.0288, 1.1315 -0.1666 0.0288, 1.0331 -0.151 0.0492, 1.1315 -0.151 0.0492, 1.0331 -0.1411 0.073, 1.1315 -0.1411 0.073, 1.0331 -0.1378 0.0984, 1.1315 -0.1378 0.0984, 1.1315 -0.1378 0.315, 1.0331 -0.1378 0.315, 1.1315 -0.1772 0.0984, 1.1315 -0.1772 0.315, 1.0331 -0.1772 0.0984, 1.0331 -0.1772 0.315, 1.1315 -0.1786 0.0853, 1.0331 -0.1786 0.0853, 1.1315 -0.183 0.0728, 1.0331 -0.183 0.0728, 1.1315 -0.19 0.0616, 1.0331 -0.19 0.0616, 1.1315 -0.1994 0.0523, 1.0331 -0.1994 0.0523, 1.1315 -0.2106 0.0452, 1.0331 -0.2106 0.0452, 1.1315 -0.2231 0.0409, 1.0331 -0.2231 0.0409, 1.1315 -0.2362 0.0394, 1.0331 -0.2362 0.0394, 1.1315 -0.4331 0.0394, 1.0331 -0.4331 0.0394, 0.9346 -0.2362 0.0, 0.9346 -0.4331 0.0, 0.8362 -0.2362 0.0, 0.8362 -0.4331 0.0, 0.8362 -0.2107 0.0034, 0.9346 -0.2107 0.0034, 0.8362 -0.187 0.0132, 0.9346 -0.187 0.0132, 0.8362 -0.1666 0.0288, 0.9346 -0.1666 0.0288, 0.8362 -0.151 0.0492, 0.9346 -0.151 0.0492, 0.8362 -0.1411 0.073, 0.9346 -0.1411 0.073, 0.8362 -0.1378 0.0984, 0.9346 -0.1378 0.0984, 0.9346 -0.1378 0.315, 0.8362 -0.1378 0.315, 0.9346 -0.1772 0.0984, 0.9346 -0.1772 0.315, 0.8362 -0.1772 0.0984, 0.8362 -0.1772 0.315, 0.9346 -0.1786 0.0853, 0.8362 -0.1786 0.0853, 0.9346 -0.183 0.0728, 0.8362 -0.183 0.0728, 0.9346 -0.19 0.0616, 0.8362 -0.19 0.0616, 0.9346 -0.1994 0.0523, 0.8362 -0.1994 0.0523, 0.9346 -0.2106 0.0452, 0.8362 -0.2106 0.0452, 0.9346 -0.2231 0.0409, 0.8362 -0.2231 0.0409, 0.9346 -0.2362 0.0394, 0.8362 -0.2362 0.0394, 0.9346 -0.4331 0.0394, 0.8362 -0.4331 0.0394, 0.7378 -0.2362 0.0, 0.7378 -0.4331 0.0, 0.6394 -0.2362 0.0, 0.6394 -0.4331 0.0, 0.6394 -0.2107 0.0034, 0.7378 -0.2107 0.0034, 0.6394 -0.187 0.0132, 0.7378 -0.187 0.0132, 0.6394 -0.1666 0.0288, 0.7378 -0.1666 0.0288, 0.6394 -0.151 0.0492, 0.7378 -0.151 0.0492, 0.6394 -0.1411 0.073, 0.7378 -0.1411 0.073, 0.6394 -0.1378 0.0984, 0.7378 -0.1378 0.0984, 0.7378 -0.1378 0.315, 0.6394 -0.1378 0.315, 0.7378 -0.1772 0.0984, 0.7378 -0.1772 0.315, 0.6394 -0.1772 0.0984, 0.6394 -0.1772 0.315, 0.7378 -0.1786 0.0853, 0.6394 -0.1786 0.0853, 0.7378 -0.183 0.0728, 0.6394 -0.183 0.0728, 0.7378 -0.19 0.0616, 0.6394 -0.19 0.0616, 0.7378 -0.1994 0.0523, 0.6394 -0.1994 0.0523, 0.7378 -0.2106 0.0452, 0.6394 -0.2106 0.0452, 0.7378 -0.2231 0.0409, 0.6394 -0.2231 0.0409, 0.7378 -0.2362 0.0394, 0.6394 -0.2362 0.0394, 0.7378 -0.4331 0.0394, 0.6394 -0.4331 0.0394, 0.5409 -0.2362 0.0, 0.5409 -0.4331 0.0, 0.4425 -0.2362 0.0, 0.4425 -0.4331 0.0, 0.4425 -0.2107 0.0034, 0.5409 -0.2107 0.0034, 0.4425 -0.187 0.0132, 0.5409 -0.187 0.0132, 0.4425 -0.1666 0.0288, 0.5409 -0.1666 0.0288, 0.4425 -0.151 0.0492, 0.5409 -0.151 0.0492, 0.4425 -0.1411 0.073, 0.5409 -0.1411 0.073, 0.4425 -0.1378 0.0984, 0.5409 -0.1378 0.0984, 0.5409 -0.1378 0.315, 0.4425 -0.1378 0.315, 0.5409 -0.1772 0.0984, 0.5409 -0.1772 0.315, 0.4425 -0.1772 0.0984, 0.4425 -0.1772 0.315, 0.5409 -0.1786 0.0853, 0.4425 -0.1786 0.0853, 0.5409 -0.183 0.0728, 0.4425 -0.183 0.0728, 0.5409 -0.19 0.0616, 0.4425 -0.19 0.0616, 0.5409 -0.1994 0.0523, 0.4425 -0.1994 0.0523, 0.5409 -0.2106 0.0452, 0.4425 -0.2106 0.0452, 0.5409 -0.2231 0.0409, 0.4425 -0.2231 0.0409, 0.5409 -0.2362 0.0394, 0.4425 -0.2362 0.0394, 0.5409 -0.4331 0.0394, 0.4425 -0.4331 0.0394, 0.3441 -0.2362 0.0, 0.3441 -0.4331 0.0, 0.2457 -0.2362 0.0, 0.2457 -0.4331 0.0, 0.2457 -0.2107 0.0034, 0.3441 -0.2107 0.0034, 0.2457 -0.187 0.0132, 0.3441 -0.187 0.0132, 0.2457 -0.1666 0.0288, 0.3441 -0.1666 0.0288, 0.2457 -0.151 0.0492, 0.3441 -0.151 0.0492, 0.2457 -0.1411 0.073, 0.3441 -0.1411 0.073, 0.2457 -0.1378 0.0984, 0.3441 -0.1378 0.0984, 0.3441 -0.1378 0.315, 0.2457 -0.1378 0.315, 0.3441 -0.1772 0.0984, 0.3441 -0.1772 0.315, 0.2457 -0.1772 0.0984, 0.2457 -0.1772 0.315, 0.3441 -0.1786 0.0853, 0.2457 -0.1786 0.0853, 0.3441 -0.183 0.0728, 0.2457 -0.183 0.0728, 0.3441 -0.19 0.0616, 0.2457 -0.19 0.0616, 0.3441 -0.1994 0.0523, 0.2457 -0.1994 0.0523, 0.3441 -0.2106 0.0452, 0.2457 -0.2106 0.0452, 0.3441 -0.2231 0.0409, 0.2457 -0.2231 0.0409, 0.3441 -0.2362 0.0394, 0.2457 -0.2362 0.0394, 0.3441 -0.4331 0.0394, 0.2457 -0.4331 0.0394, 0.1472 -0.2362 0.0, 0.1472 -0.4331 0.0, 0.0488 -0.2362 0.0, 0.0488 -0.4331 0.0, 0.0488 -0.2107 0.0034, 0.1472 -0.2107 0.0034, 0.0488 -0.187 0.0132, 0.1472 -0.187 0.0132, 0.0488 -0.1666 0.0288, 0.1472 -0.1666 0.0288, 0.0488 -0.151 0.0492, 0.1472 -0.151 0.0492, 0.0488 -0.1411 0.073, 0.1472 -0.1411 0.073, 0.0488 -0.1378 0.0984, 0.1472 -0.1378 0.0984, 0.0488 -0.1378 0.315, 0.0498 -0.1378 0.315, 0.1472 -0.1378 0.315, 0.0488 -0.1772 0.315, 0.0488 -0.1772 0.0984, 0.0498 -0.1772 0.315, 0.1472 -0.1772 0.0984, 0.1472 -0.1772 0.315, 0.1472 -0.1786 0.0853, 0.0488 -0.1786 0.0853, 0.1472 -0.183 0.0728, 0.0488 -0.183 0.0728, 0.1472 -0.19 0.0616, 0.0488 -0.19 0.0616, 0.1472 -0.1994 0.0523, 0.0488 -0.1994 0.0523, 0.1472 -0.2106 0.0452, 0.0488 -0.2106 0.0452, 0.1472 -0.2231 0.0409, 0.0488 -0.2231 0.0409, 0.1472 -0.2362 0.0394, 0.0488 -0.2362 0.0394, 0.1472 -0.4331 0.0394, 0.0488 -0.4331 0.0394, -0.0496 -0.2362 0.0, -0.0496 -0.4331 0.0, -0.148 -0.2362 0.0, -0.148 -0.4331 0.0, -0.148 -0.2107 0.0034, -0.0496 -0.2107 0.0034, -0.148 -0.187 0.0132, -0.0496 -0.187 0.0132, -0.148 -0.1666 0.0288, -0.0496 -0.1666 0.0288, -0.148 -0.151 0.0492, -0.0496 -0.151 0.0492, -0.148 -0.1411 0.073, -0.0496 -0.1411 0.073, -0.148 -0.1378 0.0984, -0.0496 -0.1378 0.0984, -0.0496 -0.1378 0.315, -0.148 -0.1378 0.315, -0.0496 -0.1772 0.0984, -0.0496 -0.1772 0.315, -0.148 -0.1772 0.0984, -0.148 -0.1772 0.315, -0.0496 -0.1786 0.0853, -0.148 -0.1786 0.0853, -0.0496 -0.183 0.0728, -0.148 -0.183 0.0728, -0.0496 -0.19 0.0616, -0.148 -0.19 0.0616, -0.0496 -0.1994 0.0523, -0.148 -0.1994 0.0523, -0.0496 -0.2106 0.0452, -0.148 -0.2106 0.0452, -0.0496 -0.2231 0.0409, -0.148 -0.2231 0.0409, -0.0496 -0.2362 0.0394, -0.148 -0.2362 0.0394, -0.0496 -0.4331 0.0394, -0.148 -0.4331 0.0394, -0.2465 -0.2362 0.0, -0.2465 -0.4331 0.0, -0.3449 -0.2362 0.0, -0.3449 -0.4331 0.0, -0.3449 -0.2107 0.0034, -0.2465 -0.2107 0.0034, -0.3449 -0.187 0.0132, -0.2465 -0.187 0.0132, -0.3449 -0.1666 0.0288, -0.2465 -0.1666 0.0288, -0.3449 -0.151 0.0492, -0.2465 -0.151 0.0492, -0.3449 -0.1411 0.073, -0.2465 -0.1411 0.073, -0.3449 -0.1378 0.0984, -0.2465 -0.1378 0.0984, -0.2465 -0.1378 0.315, -0.3449 -0.1378 0.315, -0.2465 -0.1772 0.0984, -0.2465 -0.1772 0.315, -0.3449 -0.1772 0.0984, -0.3449 -0.1772 0.315, -0.2465 -0.1786 0.0853, -0.3449 -0.1786 0.0853, -0.2465 -0.183 0.0728, -0.3449 -0.183 0.0728, -0.2465 -0.19 0.0616, -0.3449 -0.19 0.0616, -0.2465 -0.1994 0.0523, -0.3449 -0.1994 0.0523, -0.2465 -0.2106 0.0452, -0.3449 -0.2106 0.0452, -0.2465 -0.2231 0.0409, -0.3449 -0.2231 0.0409, -0.2465 -0.2362 0.0394, -0.3449 -0.2362 0.0394, -0.2465 -0.4331 0.0394, -0.3449 -0.4331 0.0394, -0.4433 -0.2362 0.0, -0.4433 -0.4331 0.0, -0.5417 -0.2362 0.0, -0.5417 -0.4331 0.0, -0.5417 -0.2107 0.0034, -0.4433 -0.2107 0.0034, -0.5417 -0.187 0.0132, -0.4433 -0.187 0.0132, -0.5417 -0.1666 0.0288, -0.4433 -0.1666 0.0288, -0.5417 -0.151 0.0492, -0.4433 -0.151 0.0492, -0.5417 -0.1411 0.073, -0.4433 -0.1411 0.073, -0.5417 -0.1378 0.0984, -0.4433 -0.1378 0.0984, -0.4433 -0.1378 0.315, -0.5417 -0.1378 0.315, -0.4433 -0.1772 0.0984, -0.4433 -0.1772 0.315, -0.5417 -0.1772 0.0984, -0.5417 -0.1772 0.315, -0.4433 -0.1786 0.0853, -0.5417 -0.1786 0.0853, -0.4433 -0.183 0.0728, -0.5417 -0.183 0.0728, -0.4433 -0.19 0.0616, -0.5417 -0.19 0.0616, -0.4433 -0.1994 0.0523, -0.5417 -0.1994 0.0523, -0.4433 -0.2106 0.0452, -0.5417 -0.2106 0.0452, -0.4433 -0.2231 0.0409, -0.5417 -0.2231 0.0409, -0.4433 -0.2362 0.0394, -0.5417 -0.2362 0.0394, -0.4433 -0.4331 0.0394, -0.5417 -0.4331 0.0394, -0.6402 -0.2362 0.0, -0.6402 -0.4331 0.0, -0.7386 -0.2362 0.0, -0.7386 -0.4331 0.0, -0.7386 -0.2107 0.0034, -0.6402 -0.2107 0.0034, -0.7386 -0.187 0.0132, -0.6402 -0.187 0.0132, -0.7386 -0.1666 0.0288, -0.6402 -0.1666 0.0288, -0.7386 -0.151 0.0492, -0.6402 -0.151 0.0492, -0.7386 -0.1411 0.073, -0.6402 -0.1411 0.073, -0.7386 -0.1378 0.0984, -0.6402 -0.1378 0.0984, -0.6402 -0.1378 0.315, -0.7386 -0.1378 0.315, -0.6402 -0.1772 0.0984, -0.6402 -0.1772 0.315, -0.7386 -0.1772 0.0984, -0.7386 -0.1772 0.315, -0.6402 -0.1786 0.0853, -0.7386 -0.1786 0.0853, -0.6402 -0.183 0.0728, -0.7386 -0.183 0.0728, -0.6402 -0.19 0.0616, -0.7386 -0.19 0.0616, -0.6402 -0.1994 0.0523, -0.7386 -0.1994 0.0523, -0.6402 -0.2106 0.0452, -0.7386 -0.2106 0.0452, -0.6402 -0.2231 0.0409, -0.7386 -0.2231 0.0409, -0.6402 -0.2362 0.0394, -0.7386 -0.2362 0.0394, -0.6402 -0.4331 0.0394, -0.7386 -0.4331 0.0394, -0.837 -0.2362 0.0, -0.837 -0.4331 0.0, -0.9354 -0.2362 0.0, -0.9354 -0.4331 0.0, -0.9354 -0.2107 0.0034, -0.837 -0.2107 0.0034, -0.9354 -0.187 0.0132, -0.837 -0.187 0.0132, -0.9354 -0.1666 0.0288, -0.837 -0.1666 0.0288, -0.9354 -0.151 0.0492, -0.837 -0.151 0.0492, -0.9354 -0.1411 0.073, -0.837 -0.1411 0.073, -0.9354 -0.1378 0.0984, -0.837 -0.1378 0.0984, -0.837 -0.1378 0.315, -0.9354 -0.1378 0.315, -0.837 -0.1772 0.0984, -0.837 -0.1772 0.315, -0.9354 -0.1772 0.0984, -0.9354 -0.1772 0.315, -0.837 -0.1786 0.0853, -0.9354 -0.1786 0.0853, -0.837 -0.183 0.0728, -0.9354 -0.183 0.0728, -0.837 -0.19 0.0616, -0.9354 -0.19 0.0616, -0.837 -0.1994 0.0523, -0.9354 -0.1994 0.0523, -0.837 -0.2106 0.0452, -0.9354 -0.2106 0.0452, -0.837 -0.2231 0.0409, -0.9354 -0.2231 0.0409, -0.837 -0.2362 0.0394, -0.9354 -0.2362 0.0394, -0.837 -0.4331 0.0394, -0.9354 -0.4331 0.0394, -1.0339 -0.2362 0.0, -1.0339 -0.4331 0.0, -1.1323 -0.2362 0.0, -1.1323 -0.4331 0.0, -1.1323 -0.2107 0.0034, -1.0339 -0.2107 0.0034, -1.1323 -0.187 0.0132, -1.0339 -0.187 0.0132, -1.1323 -0.1666 0.0288, -1.0339 -0.1666 0.0288, -1.1323 -0.151 0.0492, -1.0339 -0.151 0.0492, -1.1323 -0.1411 0.073, -1.0339 -0.1411 0.073, -1.1323 -0.1378 0.0984, -1.0339 -0.1378 0.0984, -1.0339 -0.1378 0.315, -1.1323 -0.1378 0.315, -1.0339 -0.1772 0.0984, -1.0339 -0.1772 0.315, -1.1323 -0.1772 0.0984, -1.1323 -0.1772 0.315, -1.0339 -0.1786 0.0853, -1.1323 -0.1786 0.0853, -1.0339 -0.183 0.0728, -1.1323 -0.183 0.0728, -1.0339 -0.19 0.0616, -1.1323 -0.19 0.0616, -1.0339 -0.1994 0.0523, -1.1323 -0.1994 0.0523, -1.0339 -0.2106 0.0452, -1.1323 -0.2106 0.0452, -1.0339 -0.2231 0.0409, -1.1323 -0.2231 0.0409, -1.0339 -0.2362 0.0394, -1.1323 -0.2362 0.0394, -1.0339 -0.4331 0.0394, -1.1323 -0.4331 0.0394, 0.9346 0.4331 0.0, 0.9346 0.2362 0.0, 0.8362 0.4331 0.0, 0.8362 0.2362 0.0, 0.9346 0.4331 0.0394, 0.8362 0.4331 0.0394, 0.9346 0.2362 0.0394, 0.8362 0.2362 0.0394, 0.9346 0.2209 0.0414, 0.8362 0.2209 0.0414, 0.9346 0.2067 0.0473, 0.8362 0.2067 0.0473, 0.9346 0.1945 0.0567, 0.8362 0.1945 0.0567, 0.9346 0.1851 0.0689, 0.8362 0.1851 0.0689, 0.9346 0.1792 0.0831, 0.8362 0.1792 0.0831, 0.9346 0.1772 0.0984, 0.8362 0.1772 0.0984, 0.9346 0.1772 0.315, 0.8362 0.1772 0.315, 0.9346 0.1378 0.0984, 0.9346 0.1378 0.315, 0.8362 0.1378 0.0984, 0.8362 0.1378 0.315, 0.8362 0.1411 0.073, 0.9346 0.1411 0.073, 0.8362 0.151 0.0492, 0.9346 0.151 0.0492, 0.8362 0.1666 0.0288, 0.9346 0.1666 0.0288, 0.8362 0.187 0.0132, 0.9346 0.187 0.0132, 0.8362 0.2107 0.0034, 0.9346 0.2107 0.0034, 0.7378 0.4331 0.0, 0.7378 0.2362 0.0, 0.6394 0.4331 0.0, 0.6394 0.2362 0.0, 0.7378 0.4331 0.0394, 0.6394 0.4331 0.0394, 0.7378 0.2362 0.0394, 0.6394 0.2362 0.0394, 0.7378 0.2209 0.0414, 0.6394 0.2209 0.0414, 0.7378 0.2067 0.0473, 0.6394 0.2067 0.0473, 0.7378 0.1945 0.0567, 0.6394 0.1945 0.0567, 0.7378 0.1851 0.0689, 0.6394 0.1851 0.0689, 0.7378 0.1792 0.0831, 0.6394 0.1792 0.0831, 0.7378 0.1772 0.0984, 0.6394 0.1772 0.0984, 0.7378 0.1772 0.315, 0.6394 0.1772 0.315, 0.7378 0.1378 0.0984, 0.7378 0.1378 0.315, 0.6394 0.1378 0.0984, 0.6394 0.1378 0.315, 0.6394 0.1411 0.073, 0.7378 0.1411 0.073, 0.6394 0.151 0.0492, 0.7378 0.151 0.0492, 0.6394 0.1666 0.0288, 0.7378 0.1666 0.0288, 0.6394 0.187 0.0132, 0.7378 0.187 0.0132, 0.6394 0.2107 0.0034, 0.7378 0.2107 0.0034, 0.5409 0.4331 0.0, 0.5409 0.2362 0.0, 0.4425 0.4331 0.0, 0.4425 0.2362 0.0, 0.5409 0.4331 0.0394, 0.4425 0.4331 0.0394, 0.5409 0.2362 0.0394, 0.4425 0.2362 0.0394, 0.5409 0.2209 0.0414, 0.4425 0.2209 0.0414, 0.5409 0.2067 0.0473, 0.4425 0.2067 0.0473, 0.5409 0.1945 0.0567, 0.4425 0.1945 0.0567, 0.5409 0.1851 0.0689, 0.4425 0.1851 0.0689, 0.5409 0.1792 0.0831, 0.4425 0.1792 0.0831, 0.5409 0.1772 0.0984, 0.4425 0.1772 0.0984, 0.5409 0.1772 0.315, 0.4425 0.1772 0.315, 0.5409 0.1378 0.0984, 0.5409 0.1378 0.315, 0.4425 0.1378 0.0984, 0.4425 0.1378 0.315, 0.4425 0.1411 0.073, 0.5409 0.1411 0.073, 0.4425 0.151 0.0492, 0.5409 0.151 0.0492, 0.4425 0.1666 0.0288, 0.5409 0.1666 0.0288, 0.4425 0.187 0.0132, 0.5409 0.187 0.0132, 0.4425 0.2107 0.0034, 0.5409 0.2107 0.0034, 0.3441 0.4331 0.0, 0.3441 0.2362 0.0, 0.2457 0.4331 0.0, 0.2457 0.2362 0.0, 0.3441 0.4331 0.0394, 0.2457 0.4331 0.0394, 0.3441 0.2362 0.0394, 0.2457 0.2362 0.0394, 0.3441 0.2209 0.0414, 0.2457 0.2209 0.0414, 0.3441 0.2067 0.0473, 0.2457 0.2067 0.0473, 0.3441 0.1945 0.0567, 0.2457 0.1945 0.0567, 0.3441 0.1851 0.0689, 0.2457 0.1851 0.0689, 0.3441 0.1792 0.0831, 0.2457 0.1792 0.0831, 0.3441 0.1772 0.0984, 0.2457 0.1772 0.0984, 0.3441 0.1772 0.315, 0.2457 0.1772 0.315, 0.3441 0.1378 0.0984, 0.3441 0.1378 0.315, 0.2457 0.1378 0.0984, 0.2457 0.1378 0.315, 0.2457 0.1411 0.073, 0.3441 0.1411 0.073, 0.2457 0.151 0.0492, 0.3441 0.151 0.0492, 0.2457 0.1666 0.0288, 0.3441 0.1666 0.0288, 0.2457 0.187 0.0132, 0.3441 0.187 0.0132, 0.2457 0.2107 0.0034, 0.3441 0.2107 0.0034, 0.1472 0.4331 0.0, 0.1472 0.2362 0.0, 0.0488 0.4331 0.0, 0.0488 0.2362 0.0, 0.1472 0.4331 0.0394, 0.0488 0.4331 0.0394, 0.1472 0.2362 0.0394, 0.0488 0.2362 0.0394, 0.1472 0.2209 0.0414, 0.0488 0.2209 0.0414, 0.1472 0.2067 0.0473, 0.0488 0.2067 0.0473, 0.1472 0.1945 0.0567, 0.0488 0.1945 0.0567, 0.1472 0.1851 0.0689, 0.0488 0.1851 0.0689, 0.1472 0.1792 0.0831, 0.0488 0.1792 0.0831, 0.1472 0.1772 0.0984, 0.0488 0.1772 0.0984, 0.0488 0.1772 0.315, 0.0498 0.1772 0.315, 0.1472 0.1772 0.315, 0.0488 0.1378 0.315, 0.0488 0.1378 0.0984, 0.0498 0.1378 0.315, 0.1472 0.1378 0.0984, 0.1472 0.1378 0.315, 0.0488 0.1411 0.073, 0.1472 0.1411 0.073, 0.0488 0.151 0.0492, 0.1472 0.151 0.0492, 0.0488 0.1666 0.0288, 0.1472 0.1666 0.0288, 0.0488 0.187 0.0132, 0.1472 0.187 0.0132, 0.0488 0.2107 0.0034, 0.1472 0.2107 0.0034, -0.0496 0.4331 0.0, -0.0496 0.2362 0.0, -0.148 0.4331 0.0, -0.148 0.2362 0.0, -0.0496 0.4331 0.0394, -0.148 0.4331 0.0394, -0.0496 0.2362 0.0394, -0.148 0.2362 0.0394, -0.0496 0.2209 0.0414, -0.148 0.2209 0.0414, -0.0496 0.2067 0.0473, -0.148 0.2067 0.0473, -0.0496 0.1945 0.0567, -0.148 0.1945 0.0567, -0.0496 0.1851 0.0689, -0.148 0.1851 0.0689, -0.0496 0.1792 0.0831, -0.148 0.1792 0.0831, -0.0496 0.1772 0.0984, -0.148 0.1772 0.0984, -0.0496 0.1772 0.315, -0.148 0.1772 0.315, -0.0496 0.1378 0.0984, -0.0496 0.1378 0.315, -0.148 0.1378 0.0984, -0.148 0.1378 0.315, -0.148 0.1411 0.073, -0.0496 0.1411 0.073, -0.148 0.151 0.0492, -0.0496 0.151 0.0492, -0.148 0.1666 0.0288, -0.0496 0.1666 0.0288, -0.148 0.187 0.0132, -0.0496 0.187 0.0132, -0.148 0.2107 0.0034, -0.0496 0.2107 0.0034, -0.2465 0.4331 0.0, -0.2465 0.2362 0.0, -0.3449 0.4331 0.0, -0.3449 0.2362 0.0, -0.2465 0.4331 0.0394, -0.3449 0.4331 0.0394, -0.2465 0.2362 0.0394, -0.3449 0.2362 0.0394, -0.2465 0.2209 0.0414, -0.3449 0.2209 0.0414, -0.2465 0.2067 0.0473, -0.3449 0.2067 0.0473, -0.2465 0.1945 0.0567, -0.3449 0.1945 0.0567, -0.2465 0.1851 0.0689, -0.3449 0.1851 0.0689, -0.2465 0.1792 0.0831, -0.3449 0.1792 0.0831, -0.2465 0.1772 0.0984, -0.3449 0.1772 0.0984, -0.2465 0.1772 0.315, -0.3449 0.1772 0.315, -0.2465 0.1378 0.0984, -0.2465 0.1378 0.315, -0.3449 0.1378 0.0984, -0.3449 0.1378 0.315, -0.3449 0.1411 0.073, -0.2465 0.1411 0.073, -0.3449 0.151 0.0492, -0.2465 0.151 0.0492, -0.3449 0.1666 0.0288, -0.2465 0.1666 0.0288, -0.3449 0.187 0.0132, -0.2465 0.187 0.0132, -0.3449 0.2107 0.0034, -0.2465 0.2107 0.0034, -0.4433 0.4331 0.0, -0.4433 0.2362 0.0, -0.5417 0.4331 0.0, -0.5417 0.2362 0.0, -0.4433 0.4331 0.0394, -0.5417 0.4331 0.0394, -0.4433 0.2362 0.0394, -0.5417 0.2362 0.0394, -0.4433 0.2209 0.0414, -0.5417 0.2209 0.0414, -0.4433 0.2067 0.0473, -0.5417 0.2067 0.0473, -0.4433 0.1945 0.0567, -0.5417 0.1945 0.0567, -0.4433 0.1851 0.0689, -0.5417 0.1851 0.0689, -0.4433 0.1792 0.0831, -0.5417 0.1792 0.0831, -0.4433 0.1772 0.0984, -0.5417 0.1772 0.0984, -0.4433 0.1772 0.315, -0.5417 0.1772 0.315, -0.4433 0.1378 0.0984, -0.4433 0.1378 0.315, -0.5417 0.1378 0.0984, -0.5417 0.1378 0.315, -0.5417 0.1411 0.073, -0.4433 0.1411 0.073, -0.5417 0.151 0.0492, -0.4433 0.151 0.0492, -0.5417 0.1666 0.0288, -0.4433 0.1666 0.0288, -0.5417 0.187 0.0132, -0.4433 0.187 0.0132, -0.5417 0.2107 0.0034, -0.4433 0.2107 0.0034, -0.6402 0.4331 0.0, -0.6402 0.2362 0.0, -0.7386 0.4331 0.0, -0.7386 0.2362 0.0, -0.6402 0.4331 0.0394, -0.7386 0.4331 0.0394, -0.6402 0.2362 0.0394, -0.7386 0.2362 0.0394, -0.6402 0.2209 0.0414, -0.7386 0.2209 0.0414, -0.6402 0.2067 0.0473, -0.7386 0.2067 0.0473, -0.6402 0.1945 0.0567, -0.7386 0.1945 0.0567, -0.6402 0.1851 0.0689, -0.7386 0.1851 0.0689, -0.6402 0.1792 0.0831, -0.7386 0.1792 0.0831, -0.6402 0.1772 0.0984, -0.7386 0.1772 0.0984, -0.6402 0.1772 0.315, -0.7386 0.1772 0.315, -0.6402 0.1378 0.0984, -0.6402 0.1378 0.315, -0.7386 0.1378 0.0984, -0.7386 0.1378 0.315, -0.7386 0.1411 0.073, -0.6402 0.1411 0.073, -0.7386 0.151 0.0492, -0.6402 0.151 0.0492, -0.7386 0.1666 0.0288, -0.6402 0.1666 0.0288, -0.7386 0.187 0.0132, -0.6402 0.187 0.0132, -0.7386 0.2107 0.0034, -0.6402 0.2107 0.0034, -0.837 0.4331 0.0, -0.837 0.2362 0.0, -0.9354 0.4331 0.0, -0.9354 0.2362 0.0, -0.837 0.4331 0.0394, -0.9354 0.4331 0.0394, -0.837 0.2362 0.0394, -0.9354 0.2362 0.0394, -0.837 0.2209 0.0414, -0.9354 0.2209 0.0414, -0.837 0.2067 0.0473, -0.9354 0.2067 0.0473, -0.837 0.1945 0.0567, -0.9354 0.1945 0.0567, -0.837 0.1851 0.0689, -0.9354 0.1851 0.0689, -0.837 0.1792 0.0831, -0.9354 0.1792 0.0831, -0.837 0.1772 0.0984, -0.9354 0.1772 0.0984, -0.837 0.1772 0.315, -0.9354 0.1772 0.315, -0.837 0.1378 0.0984, -0.837 0.1378 0.315, -0.9354 0.1378 0.0984, -0.9354 0.1378 0.315, -0.9354 0.1411 0.073, -0.837 0.1411 0.073, -0.9354 0.151 0.0492, -0.837 0.151 0.0492, -0.9354 0.1666 0.0288, -0.837 0.1666 0.0288, -0.9354 0.187 0.0132, -0.837 0.187 0.0132, -0.9354 0.2107 0.0034, -0.837 0.2107 0.0034, -1.0339 0.4331 0.0, -1.0339 0.2362 0.0, -1.1323 0.4331 0.0, -1.1323 0.2362 0.0, -1.0339 0.4331 0.0394, -1.1323 0.4331 0.0394, -1.0339 0.2362 0.0394, -1.1323 0.2362 0.0394, -1.0339 0.2209 0.0414, -1.1323 0.2209 0.0414, -1.0339 0.2067 0.0473, -1.1323 0.2067 0.0473, -1.0339 0.1945 0.0567, -1.1323 0.1945 0.0567, -1.0339 0.1851 0.0689, -1.1323 0.1851 0.0689, -1.0339 0.1792 0.0831, -1.1323 0.1792 0.0831, -1.0339 0.1772 0.0984, -1.1323 0.1772 0.0984, -1.0339 0.1772 0.315, -1.1323 0.1772 0.315, -1.0339 0.1378 0.0984, -1.0339 0.1378 0.315, -1.1323 0.1378 0.0984, -1.1323 0.1378 0.315, -1.1323 0.1411 0.073, -1.0339 0.1411 0.073, -1.1323 0.151 0.0492, -1.0339 0.151 0.0492, -1.1323 0.1666 0.0288, -1.0339 0.1666 0.0288, -1.1323 0.187 0.0132, -1.0339 0.187 0.0132, -1.1323 0.2107 0.0034, -1.0339 0.2107 0.0034
            ]
        }
        coordIndex [
            0,1,2,-1,2,1,3,-1,4,0,5,-1,5,0,2,-1,6,4,7,-1,7,4,5,-1,6,7,8,-1,8,7,9,-1,8,9,10,-1,10,9,11,-1,10,11,12,-1,12,11,13,-1,12,13,14,-1,14,13,15,-1,14,15,16,-1,16,15,17,-1,16,17,18,-1,18,17,19,-1,20,18,21,-1,21,18,19,-1,22,23,24,-1,24,23,25,-1,22,24,26,-1,22,26,27,-1,27,26,28,-1,27,28,29,-1,29,28,30,-1,29,30,31,-1,31,30,32,-1,31,32,33,-1,33,32,34,-1,33,34,35,-1,35,34,3,-1,35,3,1,-1,20,23,18,-1,18,23,22,-1,18,22,16,-1,16,22,27,-1,16,27,14,-1,14,27,29,-1,14,29,12,-1,12,29,31,-1,12,31,10,-1,10,31,33,-1,10,33,8,-1,8,33,35,-1,8,35,6,-1,6,35,1,-1,6,1,4,-1,4,1,0,-1,5,2,7,-1,7,2,3,-1,7,3,9,-1,9,3,34,-1,9,34,11,-1,11,34,32,-1,11,32,13,-1,13,32,30,-1,13,30,15,-1,15,30,28,-1,15,28,17,-1,17,28,26,-1,17,26,19,-1,19,26,24,-1,19,24,21,-1,21,24,25,-1,36,37,38,-1,38,37,39,-1,36,38,40,-1,36,40,41,-1,41,40,42,-1,41,42,43,-1,43,42,44,-1,43,44,45,-1,45,44,46,-1,45,46,47,-1,47,46,48,-1,47,48,49,-1,49,48,50,-1,49,50,51,-1,52,51,53,-1,53,51,50,-1,54,55,56,-1,56,55,57,-1,54,56,58,-1,58,56,59,-1,58,59,60,-1,60,59,61,-1,60,61,62,-1,62,61,63,-1,62,63,64,-1,64,63,65,-1,64,65,66,-1,66,65,67,-1,66,67,68,-1,68,67,69,-1,68,69,70,-1,70,69,71,-1,72,70,73,-1,73,70,71,-1,37,72,39,-1,39,72,73,-1,52,55,51,-1,51,55,54,-1,51,54,49,-1,49,54,58,-1,49,58,47,-1,47,58,60,-1,47,60,45,-1,72,37,70,-1,70,37,36,-1,70,36,68,-1,68,36,41,-1,68,41,66,-1,66,41,43,-1,66,43,64,-1,64,43,45,-1,64,45,62,-1,62,45,60,-1,39,73,38,-1,38,73,71,-1,38,71,40,-1,40,71,69,-1,40,69,42,-1,42,69,67,-1,42,67,44,-1,57,53,56,-1,56,53,50,-1,56,50,59,-1,59,50,48,-1,59,48,61,-1,61,48,46,-1,61,46,63,-1,63,46,44,-1,63,44,65,-1,65,44,67,-1,74,75,76,-1,76,75,77,-1,74,76,78,-1,74,78,79,-1,79,78,80,-1,79,80,81,-1,81,80,82,-1,81,82,83,-1,83,82,84,-1,83,84,85,-1,85,84,86,-1,85,86,87,-1,87,86,88,-1,87,88,89,-1,90,89,91,-1,91,89,88,-1,92,93,94,-1,94,93,95,-1,92,94,96,-1,96,94,97,-1,96,97,98,-1,98,97,99,-1,98,99,100,-1,100,99,101,-1,100,101,102,-1,102,101,103,-1,102,103,104,-1,104,103,105,-1,104,105,106,-1,106,105,107,-1,106,107,108,-1,108,107,109,-1,110,108,111,-1,111,108,109,-1,75,110,77,-1,77,110,111,-1,90,93,89,-1,89,93,92,-1,89,92,87,-1,87,92,96,-1,87,96,85,-1,85,96,98,-1,85,98,83,-1,110,75,108,-1,108,75,74,-1,108,74,106,-1,106,74,79,-1,106,79,104,-1,104,79,81,-1,104,81,102,-1,102,81,83,-1,102,83,100,-1,100,83,98,-1,77,111,76,-1,76,111,109,-1,76,109,78,-1,78,109,107,-1,78,107,80,-1,80,107,105,-1,80,105,82,-1,95,91,94,-1,94,91,88,-1,94,88,97,-1,97,88,86,-1,97,86,99,-1,99,86,84,-1,99,84,101,-1,101,84,82,-1,101,82,103,-1,103,82,105,-1,112,113,114,-1,114,113,115,-1,112,114,116,-1,112,116,117,-1,117,116,118,-1,117,118,119,-1,119,118,120,-1,119,120,121,-1,121,120,122,-1,121,122,123,-1,123,122,124,-1,123,124,125,-1,125,124,126,-1,125,126,127,-1,128,127,129,-1,129,127,126,-1,130,131,132,-1,132,131,133,-1,130,132,134,-1,134,132,135,-1,134,135,136,-1,136,135,137,-1,136,137,138,-1,138,137,139,-1,138,139,140,-1,140,139,141,-1,140,141,142,-1,142,141,143,-1,142,143,144,-1,144,143,145,-1,144,145,146,-1,146,145,147,-1,148,146,149,-1,149,146,147,-1,113,148,115,-1,115,148,149,-1,128,131,127,-1,127,131,130,-1,127,130,125,-1,125,130,134,-1,125,134,123,-1,123,134,136,-1,123,136,121,-1,148,113,146,-1,146,113,112,-1,146,112,144,-1,144,112,117,-1,144,117,142,-1,142,117,119,-1,142,119,140,-1,140,119,121,-1,140,121,138,-1,138,121,136,-1,115,149,114,-1,114,149,147,-1,114,147,116,-1,116,147,145,-1,116,145,118,-1,118,145,143,-1,118,143,120,-1,133,129,132,-1,132,129,126,-1,132,126,135,-1,135,126,124,-1,135,124,137,-1,137,124,122,-1,137,122,139,-1,139,122,120,-1,139,120,141,-1,141,120,143,-1,150,151,152,-1,152,151,153,-1,150,152,154,-1,150,154,155,-1,155,154,156,-1,155,156,157,-1,157,156,158,-1,157,158,159,-1,159,158,160,-1,159,160,161,-1,161,160,162,-1,161,162,163,-1,163,162,164,-1,163,164,165,-1,166,165,167,-1,167,165,164,-1,168,169,170,-1,170,169,171,-1,168,170,172,-1,172,170,173,-1,172,173,174,-1,174,173,175,-1,174,175,176,-1,176,175,177,-1,176,177,178,-1,178,177,179,-1,178,179,180,-1,180,179,181,-1,180,181,182,-1,182,181,183,-1,182,183,184,-1,184,183,185,-1,186,184,187,-1,187,184,185,-1,151,186,153,-1,153,186,187,-1,166,169,165,-1,165,169,168,-1,165,168,163,-1,163,168,172,-1,163,172,161,-1,161,172,174,-1,161,174,159,-1,186,151,184,-1,184,151,150,-1,184,150,182,-1,182,150,155,-1,182,155,180,-1,180,155,157,-1,180,157,178,-1,178,157,159,-1,178,159,176,-1,176,159,174,-1,153,187,152,-1,152,187,185,-1,152,185,154,-1,154,185,183,-1,154,183,156,-1,156,183,181,-1,156,181,158,-1,171,167,170,-1,170,167,164,-1,170,164,173,-1,173,164,162,-1,173,162,175,-1,175,162,160,-1,175,160,177,-1,177,160,158,-1,177,158,179,-1,179,158,181,-1,188,189,190,-1,190,189,191,-1,188,190,192,-1,188,192,193,-1,193,192,194,-1,193,194,195,-1,195,194,196,-1,195,196,197,-1,197,196,198,-1,197,198,199,-1,199,198,200,-1,199,200,201,-1,201,200,202,-1,201,202,203,-1,204,203,205,-1,205,203,202,-1,206,207,208,-1,208,207,209,-1,206,208,210,-1,210,208,211,-1,210,211,212,-1,212,211,213,-1,212,213,214,-1,214,213,215,-1,214,215,216,-1,216,215,217,-1,216,217,218,-1,218,217,219,-1,218,219,220,-1,220,219,221,-1,220,221,222,-1,222,221,223,-1,224,222,225,-1,225,222,223,-1,189,224,191,-1,191,224,225,-1,204,207,203,-1,203,207,206,-1,203,206,201,-1,201,206,210,-1,201,210,199,-1,199,210,212,-1,199,212,197,-1,224,189,222,-1,222,189,188,-1,222,188,220,-1,220,188,193,-1,220,193,218,-1,218,193,195,-1,218,195,216,-1,216,195,197,-1,216,197,214,-1,214,197,212,-1,191,225,190,-1,190,225,223,-1,190,223,192,-1,192,223,221,-1,192,221,194,-1,194,221,219,-1,194,219,196,-1,209,205,208,-1,208,205,202,-1,208,202,211,-1,211,202,200,-1,211,200,213,-1,213,200,198,-1,213,198,215,-1,215,198,196,-1,215,196,217,-1,217,196,219,-1,226,227,228,-1,228,227,229,-1,226,228,230,-1,226,230,231,-1,231,230,232,-1,231,232,233,-1,233,232,234,-1,233,234,235,-1,235,234,236,-1,235,236,237,-1,237,236,238,-1,237,238,239,-1,239,238,240,-1,239,240,241,-1,240,242,241,-1,241,242,243,-1,241,243,244,-1,245,246,247,-1,247,246,248,-1,247,248,249,-1,248,246,250,-1,250,246,251,-1,250,251,252,-1,252,251,253,-1,252,253,254,-1,254,253,255,-1,254,255,256,-1,256,255,257,-1,256,257,258,-1,258,257,259,-1,258,259,260,-1,260,259,261,-1,260,261,262,-1,262,261,263,-1,264,262,265,-1,265,262,263,-1,227,264,229,-1,229,264,265,-1,244,249,241,-1,241,249,248,-1,241,248,239,-1,239,248,250,-1,239,250,237,-1,237,250,252,-1,237,252,235,-1,264,227,262,-1,262,227,226,-1,262,226,260,-1,260,226,231,-1,260,231,258,-1,258,231,233,-1,258,233,256,-1,256,233,235,-1,256,235,254,-1,254,235,252,-1,229,265,228,-1,228,265,263,-1,228,263,230,-1,230,263,261,-1,230,261,232,-1,232,261,259,-1,232,259,234,-1,245,242,246,-1,246,242,240,-1,246,240,251,-1,251,240,238,-1,251,238,253,-1,253,238,236,-1,253,236,255,-1,255,236,234,-1,255,234,257,-1,257,234,259,-1,266,267,268,-1,268,267,269,-1,266,268,270,-1,266,270,271,-1,271,270,272,-1,271,272,273,-1,273,272,274,-1,273,274,275,-1,275,274,276,-1,275,276,277,-1,277,276,278,-1,277,278,279,-1,279,278,280,-1,279,280,281,-1,282,281,283,-1,283,281,280,-1,284,285,286,-1,286,285,287,-1,284,286,288,-1,288,286,289,-1,288,289,290,-1,290,289,291,-1,290,291,292,-1,292,291,293,-1,292,293,294,-1,294,293,295,-1,294,295,296,-1,296,295,297,-1,296,297,298,-1,298,297,299,-1,298,299,300,-1,300,299,301,-1,302,300,303,-1,303,300,301,-1,267,302,269,-1,269,302,303,-1,282,285,281,-1,281,285,284,-1,281,284,279,-1,279,284,288,-1,279,288,277,-1,277,288,290,-1,277,290,275,-1,302,267,300,-1,300,267,266,-1,300,266,298,-1,298,266,271,-1,298,271,296,-1,296,271,273,-1,296,273,294,-1,294,273,275,-1,294,275,292,-1,292,275,290,-1,269,303,268,-1,268,303,301,-1,268,301,270,-1,270,301,299,-1,270,299,272,-1,272,299,297,-1,272,297,274,-1,287,283,286,-1,286,283,280,-1,286,280,289,-1,289,280,278,-1,289,278,291,-1,291,278,276,-1,291,276,293,-1,293,276,274,-1,293,274,295,-1,295,274,297,-1,304,305,306,-1,306,305,307,-1,304,306,308,-1,304,308,309,-1,309,308,310,-1,309,310,311,-1,311,310,312,-1,311,312,313,-1,313,312,314,-1,313,314,315,-1,315,314,316,-1,315,316,317,-1,317,316,318,-1,317,318,319,-1,320,319,321,-1,321,319,318,-1,322,323,324,-1,324,323,325,-1,322,324,326,-1,326,324,327,-1,326,327,328,-1,328,327,329,-1,328,329,330,-1,330,329,331,-1,330,331,332,-1,332,331,333,-1,332,333,334,-1,334,333,335,-1,334,335,336,-1,336,335,337,-1,336,337,338,-1,338,337,339,-1,340,338,341,-1,341,338,339,-1,305,340,307,-1,307,340,341,-1,320,323,319,-1,319,323,322,-1,319,322,317,-1,317,322,326,-1,317,326,315,-1,315,326,328,-1,315,328,313,-1,340,305,338,-1,338,305,304,-1,338,304,336,-1,336,304,309,-1,336,309,334,-1,334,309,311,-1,334,311,332,-1,332,311,313,-1,332,313,330,-1,330,313,328,-1,307,341,306,-1,306,341,339,-1,306,339,308,-1,308,339,337,-1,308,337,310,-1,310,337,335,-1,310,335,312,-1,325,321,324,-1,324,321,318,-1,324,318,327,-1,327,318,316,-1,327,316,329,-1,329,316,314,-1,329,314,331,-1,331,314,312,-1,331,312,333,-1,333,312,335,-1,342,343,344,-1,344,343,345,-1,342,344,346,-1,342,346,347,-1,347,346,348,-1,347,348,349,-1,349,348,350,-1,349,350,351,-1,351,350,352,-1,351,352,353,-1,353,352,354,-1,353,354,355,-1,355,354,356,-1,355,356,357,-1,358,357,359,-1,359,357,356,-1,360,361,362,-1,362,361,363,-1,360,362,364,-1,364,362,365,-1,364,365,366,-1,366,365,367,-1,366,367,368,-1,368,367,369,-1,368,369,370,-1,370,369,371,-1,370,371,372,-1,372,371,373,-1,372,373,374,-1,374,373,375,-1,374,375,376,-1,376,375,377,-1,378,376,379,-1,379,376,377,-1,343,378,345,-1,345,378,379,-1,358,361,357,-1,357,361,360,-1,357,360,355,-1,355,360,364,-1,355,364,353,-1,353,364,366,-1,353,366,351,-1,378,343,376,-1,376,343,342,-1,376,342,374,-1,374,342,347,-1,374,347,372,-1,372,347,349,-1,372,349,370,-1,370,349,351,-1,370,351,368,-1,368,351,366,-1,345,379,344,-1,344,379,377,-1,344,377,346,-1,346,377,375,-1,346,375,348,-1,348,375,373,-1,348,373,350,-1,363,359,362,-1,362,359,356,-1,362,356,365,-1,365,356,354,-1,365,354,367,-1,367,354,352,-1,367,352,369,-1,369,352,350,-1,369,350,371,-1,371,350,373,-1,380,381,382,-1,382,381,383,-1,380,382,384,-1,380,384,385,-1,385,384,386,-1,385,386,387,-1,387,386,388,-1,387,388,389,-1,389,388,390,-1,389,390,391,-1,391,390,392,-1,391,392,393,-1,393,392,394,-1,393,394,395,-1,396,395,397,-1,397,395,394,-1,398,399,400,-1,400,399,401,-1,398,400,402,-1,402,400,403,-1,402,403,404,-1,404,403,405,-1,404,405,406,-1,406,405,407,-1,406,407,408,-1,408,407,409,-1,408,409,410,-1,410,409,411,-1,410,411,412,-1,412,411,413,-1,412,413,414,-1,414,413,415,-1,416,414,417,-1,417,414,415,-1,381,416,383,-1,383,416,417,-1,396,399,395,-1,395,399,398,-1,395,398,393,-1,393,398,402,-1,393,402,391,-1,391,402,404,-1,391,404,389,-1,416,381,414,-1,414,381,380,-1,414,380,412,-1,412,380,385,-1,412,385,410,-1,410,385,387,-1,410,387,408,-1,408,387,389,-1,408,389,406,-1,406,389,404,-1,383,417,382,-1,382,417,415,-1,382,415,384,-1,384,415,413,-1,384,413,386,-1,386,413,411,-1,386,411,388,-1,401,397,400,-1,400,397,394,-1,400,394,403,-1,403,394,392,-1,403,392,405,-1,405,392,390,-1,405,390,407,-1,407,390,388,-1,407,388,409,-1,409,388,411,-1,418,419,420,-1,420,419,421,-1,418,420,422,-1,418,422,423,-1,423,422,424,-1,423,424,425,-1,425,424,426,-1,425,426,427,-1,427,426,428,-1,427,428,429,-1,429,428,430,-1,429,430,431,-1,431,430,432,-1,431,432,433,-1,434,433,435,-1,435,433,432,-1,436,437,438,-1,438,437,439,-1,436,438,440,-1,440,438,441,-1,440,441,442,-1,442,441,443,-1,442,443,444,-1,444,443,445,-1,444,445,446,-1,446,445,447,-1,446,447,448,-1,448,447,449,-1,448,449,450,-1,450,449,451,-1,450,451,452,-1,452,451,453,-1,454,452,455,-1,455,452,453,-1,419,454,421,-1,421,454,455,-1,434,437,433,-1,433,437,436,-1,433,436,431,-1,431,436,440,-1,431,440,429,-1,429,440,442,-1,429,442,427,-1,454,419,452,-1,452,419,418,-1,452,418,450,-1,450,418,423,-1,450,423,448,-1,448,423,425,-1,448,425,446,-1,446,425,427,-1,446,427,444,-1,444,427,442,-1,421,455,420,-1,420,455,453,-1,420,453,422,-1,422,453,451,-1,422,451,424,-1,424,451,449,-1,424,449,426,-1,439,435,438,-1,438,435,432,-1,438,432,441,-1,441,432,430,-1,441,430,443,-1,443,430,428,-1,443,428,445,-1,445,428,426,-1,445,426,447,-1,447,426,449,-1,456,457,458,-1,458,457,459,-1,456,458,460,-1,456,460,461,-1,461,460,462,-1,461,462,463,-1,463,462,464,-1,463,464,465,-1,465,464,466,-1,465,466,467,-1,467,466,468,-1,467,468,469,-1,469,468,470,-1,469,470,471,-1,472,471,473,-1,473,471,470,-1,474,475,476,-1,476,475,477,-1,474,476,478,-1,478,476,479,-1,478,479,480,-1,480,479,481,-1,480,481,482,-1,482,481,483,-1,482,483,484,-1,484,483,485,-1,484,485,486,-1,486,485,487,-1,486,487,488,-1,488,487,489,-1,488,489,490,-1,490,489,491,-1,492,490,493,-1,493,490,491,-1,457,492,459,-1,459,492,493,-1,472,475,471,-1,471,475,474,-1,471,474,469,-1,469,474,478,-1,469,478,467,-1,467,478,480,-1,467,480,465,-1,492,457,490,-1,490,457,456,-1,490,456,488,-1,488,456,461,-1,488,461,486,-1,486,461,463,-1,486,463,484,-1,484,463,465,-1,484,465,482,-1,482,465,480,-1,459,493,458,-1,458,493,491,-1,458,491,460,-1,460,491,489,-1,460,489,462,-1,462,489,487,-1,462,487,464,-1,477,473,476,-1,476,473,470,-1,476,470,479,-1,479,470,468,-1,479,468,481,-1,481,468,466,-1,481,466,483,-1,483,466,464,-1,483,464,485,-1,485,464,487,-1,494,495,496,-1,496,495,497,-1,498,494,499,-1,499,494,496,-1,500,498,501,-1,501,498,499,-1,500,501,502,-1,502,501,503,-1,502,503,504,-1,504,503,505,-1,504,505,506,-1,506,505,507,-1,506,507,508,-1,508,507,509,-1,508,509,510,-1,510,509,511,-1,510,511,512,-1,512,511,513,-1,514,512,515,-1,515,512,513,-1,516,517,518,-1,518,517,519,-1,516,518,520,-1,516,520,521,-1,521,520,522,-1,521,522,523,-1,523,522,524,-1,523,524,525,-1,525,524,526,-1,525,526,527,-1,527,526,528,-1,527,528,529,-1,529,528,497,-1,529,497,495,-1,514,517,512,-1,512,517,516,-1,512,516,510,-1,510,516,521,-1,510,521,508,-1,508,521,523,-1,508,523,506,-1,506,523,525,-1,506,525,504,-1,504,525,527,-1,504,527,502,-1,502,527,529,-1,502,529,500,-1,500,529,495,-1,500,495,498,-1,498,495,494,-1,499,496,501,-1,501,496,497,-1,501,497,503,-1,503,497,528,-1,503,528,505,-1,505,528,526,-1,505,526,507,-1,507,526,524,-1,507,524,509,-1,509,524,522,-1,509,522,511,-1,511,522,520,-1,511,520,513,-1,513,520,518,-1,513,518,515,-1,515,518,519,-1,530,531,532,-1,532,531,533,-1,534,530,535,-1,535,530,532,-1,536,534,537,-1,537,534,535,-1,536,537,538,-1,538,537,539,-1,538,539,540,-1,540,539,541,-1,540,541,542,-1,542,541,543,-1,542,543,544,-1,544,543,545,-1,544,545,546,-1,546,545,547,-1,546,547,548,-1,548,547,549,-1,550,548,551,-1,551,548,549,-1,552,553,554,-1,554,553,555,-1,552,554,556,-1,552,556,557,-1,557,556,558,-1,557,558,559,-1,559,558,560,-1,559,560,561,-1,561,560,562,-1,561,562,563,-1,563,562,564,-1,563,564,565,-1,565,564,533,-1,565,533,531,-1,550,553,548,-1,548,553,552,-1,548,552,546,-1,546,552,557,-1,546,557,544,-1,544,557,559,-1,544,559,542,-1,542,559,561,-1,542,561,540,-1,540,561,563,-1,540,563,538,-1,538,563,565,-1,538,565,536,-1,536,565,531,-1,536,531,534,-1,534,531,530,-1,535,532,537,-1,537,532,533,-1,537,533,539,-1,539,533,564,-1,539,564,541,-1,541,564,562,-1,541,562,543,-1,543,562,560,-1,543,560,545,-1,545,560,558,-1,545,558,547,-1,547,558,556,-1,547,556,549,-1,549,556,554,-1,549,554,551,-1,551,554,555,-1,566,567,568,-1,568,567,569,-1,570,566,571,-1,571,566,568,-1,572,570,573,-1,573,570,571,-1,572,573,574,-1,574,573,575,-1,574,575,576,-1,576,575,577,-1,576,577,578,-1,578,577,579,-1,578,579,580,-1,580,579,581,-1,580,581,582,-1,582,581,583,-1,582,583,584,-1,584,583,585,-1,586,584,587,-1,587,584,585,-1,588,589,590,-1,590,589,591,-1,588,590,592,-1,588,592,593,-1,593,592,594,-1,593,594,595,-1,595,594,596,-1,595,596,597,-1,597,596,598,-1,597,598,599,-1,599,598,600,-1,599,600,601,-1,601,600,569,-1,601,569,567,-1,586,589,584,-1,584,589,588,-1,584,588,582,-1,582,588,593,-1,582,593,580,-1,580,593,595,-1,580,595,578,-1,578,595,597,-1,578,597,576,-1,576,597,599,-1,576,599,574,-1,574,599,601,-1,574,601,572,-1,572,601,567,-1,572,567,570,-1,570,567,566,-1,571,568,573,-1,573,568,569,-1,573,569,575,-1,575,569,600,-1,575,600,577,-1,577,600,598,-1,577,598,579,-1,579,598,596,-1,579,596,581,-1,581,596,594,-1,581,594,583,-1,583,594,592,-1,583,592,585,-1,585,592,590,-1,585,590,587,-1,587,590,591,-1,602,603,604,-1,604,603,605,-1,606,602,607,-1,607,602,604,-1,608,606,609,-1,609,606,607,-1,608,609,610,-1,610,609,611,-1,610,611,612,-1,612,611,613,-1,612,613,614,-1,614,613,615,-1,614,615,616,-1,616,615,617,-1,616,617,618,-1,618,617,619,-1,618,619,620,-1,620,619,621,-1,622,620,623,-1,623,620,621,-1,624,625,626,-1,626,625,627,-1,624,626,628,-1,624,628,629,-1,629,628,630,-1,629,630,631,-1,631,630,632,-1,631,632,633,-1,633,632,634,-1,633,634,635,-1,635,634,636,-1,635,636,637,-1,637,636,605,-1,637,605,603,-1,622,625,620,-1,620,625,624,-1,620,624,618,-1,618,624,629,-1,618,629,616,-1,616,629,631,-1,616,631,614,-1,614,631,633,-1,614,633,612,-1,612,633,635,-1,612,635,610,-1,610,635,637,-1,610,637,608,-1,608,637,603,-1,608,603,606,-1,606,603,602,-1,607,604,609,-1,609,604,605,-1,609,605,611,-1,611,605,636,-1,611,636,613,-1,613,636,634,-1,613,634,615,-1,615,634,632,-1,615,632,617,-1,617,632,630,-1,617,630,619,-1,619,630,628,-1,619,628,621,-1,621,628,626,-1,621,626,623,-1,623,626,627,-1,638,639,640,-1,640,639,641,-1,642,638,643,-1,643,638,640,-1,644,642,645,-1,645,642,643,-1,644,645,646,-1,646,645,647,-1,646,647,648,-1,648,647,649,-1,648,649,650,-1,650,649,651,-1,650,651,652,-1,652,651,653,-1,652,653,654,-1,654,653,655,-1,654,655,656,-1,656,655,657,-1,657,658,656,-1,656,658,659,-1,656,659,660,-1,661,662,663,-1,663,662,664,-1,663,664,665,-1,664,662,666,-1,664,666,667,-1,667,666,668,-1,667,668,669,-1,669,668,670,-1,669,670,671,-1,671,670,672,-1,671,672,673,-1,673,672,674,-1,673,674,675,-1,675,674,641,-1,675,641,639,-1,660,665,656,-1,656,665,664,-1,656,664,654,-1,654,664,667,-1,654,667,652,-1,652,667,669,-1,652,669,650,-1,650,669,671,-1,650,671,648,-1,648,671,673,-1,648,673,646,-1,646,673,675,-1,646,675,644,-1,644,675,639,-1,644,639,642,-1,642,639,638,-1,643,640,645,-1,645,640,641,-1,645,641,647,-1,647,641,674,-1,647,674,649,-1,649,674,672,-1,649,672,651,-1,651,672,670,-1,651,670,653,-1,653,670,668,-1,653,668,655,-1,655,668,666,-1,655,666,657,-1,657,666,662,-1,657,662,658,-1,658,662,661,-1,676,677,678,-1,678,677,679,-1,680,676,681,-1,681,676,678,-1,682,680,683,-1,683,680,681,-1,682,683,684,-1,684,683,685,-1,684,685,686,-1,686,685,687,-1,686,687,688,-1,688,687,689,-1,688,689,690,-1,690,689,691,-1,690,691,692,-1,692,691,693,-1,692,693,694,-1,694,693,695,-1,696,694,697,-1,697,694,695,-1,698,699,700,-1,700,699,701,-1,698,700,702,-1,698,702,703,-1,703,702,704,-1,703,704,705,-1,705,704,706,-1,705,706,707,-1,707,706,708,-1,707,708,709,-1,709,708,710,-1,709,710,711,-1,711,710,679,-1,711,679,677,-1,696,699,694,-1,694,699,698,-1,694,698,692,-1,692,698,703,-1,692,703,690,-1,690,703,705,-1,690,705,688,-1,688,705,707,-1,688,707,686,-1,686,707,709,-1,686,709,684,-1,684,709,711,-1,684,711,682,-1,682,711,677,-1,682,677,680,-1,680,677,676,-1,681,678,683,-1,683,678,679,-1,683,679,685,-1,685,679,710,-1,685,710,687,-1,687,710,708,-1,687,708,689,-1,689,708,706,-1,689,706,691,-1,691,706,704,-1,691,704,693,-1,693,704,702,-1,693,702,695,-1,695,702,700,-1,695,700,697,-1,697,700,701,-1,712,713,714,-1,714,713,715,-1,716,712,717,-1,717,712,714,-1,718,716,719,-1,719,716,717,-1,718,719,720,-1,720,719,721,-1,720,721,722,-1,722,721,723,-1,722,723,724,-1,724,723,725,-1,724,725,726,-1,726,725,727,-1,726,727,728,-1,728,727,729,-1,728,729,730,-1,730,729,731,-1,732,730,733,-1,733,730,731,-1,734,735,736,-1,736,735,737,-1,734,736,738,-1,734,738,739,-1,739,738,740,-1,739,740,741,-1,741,740,742,-1,741,742,743,-1,743,742,744,-1,743,744,745,-1,745,744,746,-1,745,746,747,-1,747,746,715,-1,747,715,713,-1,732,735,730,-1,730,735,734,-1,730,734,728,-1,728,734,739,-1,728,739,726,-1,726,739,741,-1,726,741,724,-1,724,741,743,-1,724,743,722,-1,722,743,745,-1,722,745,720,-1,720,745,747,-1,720,747,718,-1,718,747,713,-1,718,713,716,-1,716,713,712,-1,717,714,719,-1,719,714,715,-1,719,715,721,-1,721,715,746,-1,721,746,723,-1,723,746,744,-1,723,744,725,-1,725,744,742,-1,725,742,727,-1,727,742,740,-1,727,740,729,-1,729,740,738,-1,729,738,731,-1,731,738,736,-1,731,736,733,-1,733,736,737,-1,748,749,750,-1,750,749,751,-1,752,748,753,-1,753,748,750,-1,754,752,755,-1,755,752,753,-1,754,755,756,-1,756,755,757,-1,756,757,758,-1,758,757,759,-1,758,759,760,-1,760,759,761,-1,760,761,762,-1,762,761,763,-1,762,763,764,-1,764,763,765,-1,764,765,766,-1,766,765,767,-1,768,766,769,-1,769,766,767,-1,770,771,772,-1,772,771,773,-1,770,772,774,-1,770,774,775,-1,775,774,776,-1,775,776,777,-1,777,776,778,-1,777,778,779,-1,779,778,780,-1,779,780,781,-1,781,780,782,-1,781,782,783,-1,783,782,751,-1,783,751,749,-1,768,771,766,-1,766,771,770,-1,766,770,764,-1,764,770,775,-1,764,775,762,-1,762,775,777,-1,762,777,760,-1,760,777,779,-1,760,779,758,-1,758,779,781,-1,758,781,756,-1,756,781,783,-1,756,783,754,-1,754,783,749,-1,754,749,752,-1,752,749,748,-1,753,750,755,-1,755,750,751,-1,755,751,757,-1,757,751,782,-1,757,782,759,-1,759,782,780,-1,759,780,761,-1,761,780,778,-1,761,778,763,-1,763,778,776,-1,763,776,765,-1,765,776,774,-1,765,774,767,-1,767,774,772,-1,767,772,769,-1,769,772,773,-1,784,785,786,-1,786,785,787,-1,788,784,789,-1,789,784,786,-1,790,788,791,-1,791,788,789,-1,790,791,792,-1,792,791,793,-1,792,793,794,-1,794,793,795,-1,794,795,796,-1,796,795,797,-1,796,797,798,-1,798,797,799,-1,798,799,800,-1,800,799,801,-1,800,801,802,-1,802,801,803,-1,804,802,805,-1,805,802,803,-1,806,807,808,-1,808,807,809,-1,806,808,810,-1,806,810,811,-1,811,810,812,-1,811,812,813,-1,813,812,814,-1,813,814,815,-1,815,814,816,-1,815,816,817,-1,817,816,818,-1,817,818,819,-1,819,818,787,-1,819,787,785,-1,804,807,802,-1,802,807,806,-1,802,806,800,-1,800,806,811,-1,800,811,798,-1,798,811,813,-1,798,813,796,-1,796,813,815,-1,796,815,794,-1,794,815,817,-1,794,817,792,-1,792,817,819,-1,792,819,790,-1,790,819,785,-1,790,785,788,-1,788,785,784,-1,789,786,791,-1,791,786,787,-1,791,787,793,-1,793,787,818,-1,793,818,795,-1,795,818,816,-1,795,816,797,-1,797,816,814,-1,797,814,799,-1,799,814,812,-1,799,812,801,-1,801,812,810,-1,801,810,803,-1,803,810,808,-1,803,808,805,-1,805,808,809,-1,820,821,822,-1,822,821,823,-1,824,820,825,-1,825,820,822,-1,826,824,827,-1,827,824,825,-1,826,827,828,-1,828,827,829,-1,828,829,830,-1,830,829,831,-1,830,831,832,-1,832,831,833,-1,832,833,834,-1,834,833,835,-1,834,835,836,-1,836,835,837,-1,836,837,838,-1,838,837,839,-1,840,838,841,-1,841,838,839,-1,842,843,844,-1,844,843,845,-1,842,844,846,-1,842,846,847,-1,847,846,848,-1,847,848,849,-1,849,848,850,-1,849,850,851,-1,851,850,852,-1,851,852,853,-1,853,852,854,-1,853,854,855,-1,855,854,823,-1,855,823,821,-1,840,843,838,-1,838,843,842,-1,838,842,836,-1,836,842,847,-1,836,847,834,-1,834,847,849,-1,834,849,832,-1,832,849,851,-1,832,851,830,-1,830,851,853,-1,830,853,828,-1,828,853,855,-1,828,855,826,-1,826,855,821,-1,826,821,824,-1,824,821,820,-1,825,822,827,-1,827,822,823,-1,827,823,829,-1,829,823,854,-1,829,854,831,-1,831,854,852,-1,831,852,833,-1,833,852,850,-1,833,850,835,-1,835,850,848,-1,835,848,837,-1,837,848,846,-1,837,846,839,-1,839,846,844,-1,839,844,841,-1,841,844,845,-1,856,857,858,-1,858,857,859,-1,860,856,861,-1,861,856,858,-1,862,860,863,-1,863,860,861,-1,862,863,864,-1,864,863,865,-1,864,865,866,-1,866,865,867,-1,866,867,868,-1,868,867,869,-1,868,869,870,-1,870,869,871,-1,870,871,872,-1,872,871,873,-1,872,873,874,-1,874,873,875,-1,876,874,877,-1,877,874,875,-1,878,879,880,-1,880,879,881,-1,878,880,882,-1,878,882,883,-1,883,882,884,-1,883,884,885,-1,885,884,886,-1,885,886,887,-1,887,886,888,-1,887,888,889,-1,889,888,890,-1,889,890,891,-1,891,890,859,-1,891,859,857,-1,876,879,874,-1,874,879,878,-1,874,878,872,-1,872,878,883,-1,872,883,870,-1,870,883,885,-1,870,885,868,-1,868,885,887,-1,868,887,866,-1,866,887,889,-1,866,889,864,-1,864,889,891,-1,864,891,862,-1,862,891,857,-1,862,857,860,-1,860,857,856,-1,861,858,863,-1,863,858,859,-1,863,859,865,-1,865,859,890,-1,865,890,867,-1,867,890,888,-1,867,888,869,-1,869,888,886,-1,869,886,871,-1,871,886,884,-1,871,884,873,-1,873,884,882,-1,873,882,875,-1,875,882,880,-1,875,880,877,-1,877,880,881,-1,
        ]
    }
}
Shape{
    appearance Appearance {
        material  Material 	{
            diffuseColor 1.0 1.0 1.0
            specularColor 0.5019607843137255 0.5019607843137255 0.5019607843137255
            ambientIntensity 1.0
            transparency 0.0
            shininess 0.5
        }
    }
    geometry IndexedFaceSet {
        ccw TRUE
        solid FALSE
        coord DEF co Coordinate {
            point [
                -0.5261 0.5433 1.0853, -0.5057 0.546 1.1056, -0.5057 0.546 1.0649, -0.4867 0.5539 1.1246, -0.4867 0.5539 1.0459, -0.4704 0.5664 1.1409, -0.4704 0.5664 1.0296, -0.4636 0.5741 1.0228, -0.4636 0.5741 1.1477, -0.4579 0.5827 1.0171, -0.45 0.6017 1.1613, -0.4533 0.5919 1.0125, -0.4533 0.5919 1.158, -0.4579 0.5827 1.1535, -0.4473 0.622 1.164, -0.4473 0.622 1.0065, -0.448 0.6118 1.1633, -0.448 0.6118 1.0072, -0.45 0.6017 1.0092, -0.6835 0.5433 1.0853, -0.7004 0.5451 1.1022, -0.7038 0.5463 1.1055, -0.7172 0.5509 1.1189, -0.7227 0.5543 1.1244, -0.7323 0.5602 1.134, -0.7389 0.5667 1.1406, -0.7449 0.5727 1.1466, -0.7514 0.5829 1.1531, -0.7544 0.5877 1.1561, -0.7596 0.6017 1.1613, -0.7601 0.6045 1.1618, -0.7618 0.6132 1.1635, -0.7623 0.622 1.164, -0.7004 0.5451 1.0684, -0.7623 0.622 1.0065, -0.7618 0.6132 1.007, -0.7601 0.6045 1.0087, -0.7596 0.6017 1.0092, -0.7544 0.5877 1.0144, -0.7514 0.5829 1.0174, -0.7449 0.5727 1.0239, -0.7389 0.5667 1.0299, -0.7323 0.5602 1.0365, -0.7227 0.5543 1.0461, -0.7172 0.5509 1.0516, -0.7038 0.5463 1.065, 0.6828 0.5433 1.0853, 0.6997 0.5451 1.1022, 0.6996 0.5455 1.0684, 0.7031 0.546 1.0649, 0.703 0.5463 1.1055, 0.7162 0.5514 1.0518, 0.7164 0.5509 1.1189, 0.7221 0.5539 1.0459, 0.7219 0.5543 1.1244, 0.7311 0.5608 1.0369, 0.7315 0.5602 1.134, 0.7384 0.5664 1.0296, 0.7381 0.5667 1.1406, 0.7441 0.5727 1.0239, 0.7441 0.5727 1.1466, 0.7506 0.5829 1.1531, 0.7506 0.5829 1.0174, 0.7536 0.5877 1.1561, 0.7536 0.5877 1.0144, 0.7588 0.6017 1.1613, 0.7588 0.6017 1.0092, 0.7593 0.6045 1.1618, 0.7595 0.6044 1.0085, 0.761 0.6132 1.1635, 0.761 0.6132 1.007, 0.7615 0.622 1.164, 0.7615 0.622 1.0065, 0.505 0.5463 1.1055, 0.5253 0.5433 1.0853, 0.5084 0.5451 1.1022, 0.4861 0.5543 1.1244, 0.4916 0.5509 1.1189, 0.4765 0.5602 1.134, 0.4699 0.5667 1.1406, 0.4639 0.5727 1.1466, 0.4575 0.5829 1.1531, 0.4544 0.5877 1.1561, 0.4492 0.6017 1.1613, 0.4487 0.6045 1.1618, 0.447 0.6132 1.1635, 0.4465 0.622 1.164, 0.5084 0.5451 1.0684, 0.4465 0.622 1.0065, 0.447 0.6132 1.007, 0.4487 0.6045 1.0087, 0.4492 0.6017 1.0092, 0.4544 0.5877 1.0144, 0.4575 0.5829 1.0174, 0.4639 0.5727 1.0239, 0.4699 0.5667 1.0299, 0.4765 0.5602 1.0365, 0.4861 0.5543 1.0461, 0.4916 0.5509 1.0516, 0.505 0.5463 1.065, -0.5057 -0.546 1.0649, -0.5261 -0.5433 1.0853, -0.6835 -0.5433 1.0853, -0.7004 -0.5451 1.0684, -0.7038 -0.5463 1.065, -0.4867 -0.5539 1.0459, -0.7172 -0.5509 1.0516, -0.7227 -0.5543 1.0461, -0.4704 -0.5664 1.0296, -0.7323 -0.5602 1.0365, -0.7389 -0.5667 1.0299, -0.4636 -0.5741 1.0228, -0.7449 -0.5727 1.0239, -0.7514 -0.5829 1.0174, -0.4579 -0.5827 1.0171, -0.7544 -0.5877 1.0144, -0.4533 -0.5919 1.0125, -0.7596 -0.6017 1.0092, -0.45 -0.6017 1.0092, -0.448 -0.6118 1.0072, -0.7601 -0.6045 1.0087, -0.4473 -0.622 1.0065, -0.7618 -0.6132 1.007, -0.7623 -0.622 1.0065, -0.7004 -0.5451 1.1022, -0.7227 -0.5543 1.1244, -0.7323 -0.5602 1.134, -0.7623 -0.622 1.164, -0.7618 -0.6132 1.1635, -0.7601 -0.6045 1.1618, -0.7596 -0.6017 1.1613, -0.7544 -0.5877 1.1561, -0.7514 -0.5829 1.1531, -0.7449 -0.5727 1.1466, -0.7389 -0.5667 1.1406, -0.7172 -0.5509 1.1189, -0.7038 -0.5463 1.1055, -0.5057 -0.546 1.1056, -0.4867 -0.5539 1.1246, -0.4704 -0.5664 1.1409, -0.4579 -0.5827 1.1535, -0.4636 -0.5741 1.1477, -0.4533 -0.5919 1.158, -0.45 -0.6017 1.1613, -0.448 -0.6118 1.1633, -0.4473 -0.622 1.164, 0.505 -0.5463 1.065, 0.7031 -0.546 1.0649, 0.6996 -0.5455 1.0684, 0.6828 -0.5433 1.0853, 0.5253 -0.5433 1.0853, 0.5084 -0.5451 1.0684, 0.4861 -0.5543 1.0461, 0.7221 -0.5539 1.0459, 0.7162 -0.5514 1.0518, 0.4916 -0.5509 1.0516, 0.4699 -0.5667 1.0299, 0.7384 -0.5664 1.0296, 0.7311 -0.5608 1.0369, 0.4765 -0.5602 1.0365, 0.4575 -0.5829 1.0174, 0.7506 -0.5829 1.0174, 0.7441 -0.5727 1.0239, 0.4639 -0.5727 1.0239, 0.7536 -0.5877 1.0144, 0.4544 -0.5877 1.0144, 0.7588 -0.6017 1.0092, 0.4492 -0.6017 1.0092, 0.7595 -0.6044 1.0085, 0.4487 -0.6045 1.0087, 0.761 -0.6132 1.007, 0.7615 -0.622 1.0065, 0.447 -0.6132 1.007, 0.4465 -0.622 1.0065, 0.5084 -0.5451 1.1022, 0.4465 -0.622 1.164, 0.447 -0.6132 1.1635, 0.4487 -0.6045 1.1618, 0.4492 -0.6017 1.1613, 0.4544 -0.5877 1.1561, 0.4575 -0.5829 1.1531, 0.4639 -0.5727 1.1466, 0.4699 -0.5667 1.1406, 0.4765 -0.5602 1.134, 0.505 -0.5463 1.1055, 0.4916 -0.5509 1.1189, 0.4861 -0.5543 1.1244, 0.6996 -0.5455 1.1021, 0.7162 -0.5514 1.1187, 0.7031 -0.546 1.1056, 0.7441 -0.5727 1.1466, 0.7384 -0.5664 1.1409, 0.7221 -0.5539 1.1246, 0.7311 -0.5608 1.1336, 0.7506 -0.5829 1.1531, 0.7536 -0.5877 1.1561, 0.7588 -0.6017 1.1613, 0.7595 -0.6044 1.162, 0.761 -0.6132 1.1635, 0.7615 -0.622 1.164, -0.1972 -0.9055 0.1286, -0.1972 -0.7874 0.1286, -0.1946 -0.7874 0.1082, -0.1946 -0.9055 0.1082, -0.1867 -0.7874 0.0892, -0.1867 -0.9055 0.0892, -0.1742 -0.7874 0.0729, -0.1742 -0.9055 0.0729, -0.1579 -0.7874 0.0604, -0.1579 -0.9055 0.0604, -0.1389 -0.7874 0.0525, -0.1389 -0.9055 0.0525, -0.1185 -0.7874 0.0498, -0.1185 -0.9055 0.0498, 0.1965 -0.7874 0.1286, 0.1965 -0.9055 0.1286, 0.1938 -0.9055 0.1082, 0.1938 -0.7874 0.1082, 0.1859 -0.9055 0.0892, 0.1859 -0.7874 0.0892, 0.1734 -0.9055 0.0729, 0.1734 -0.7874 0.0729, 0.1571 -0.9055 0.0604, 0.1571 -0.7874 0.0604, 0.1381 -0.9055 0.0525, 0.1381 -0.7874 0.0525, 0.1177 -0.9055 0.0498, 0.1177 -0.7874 0.0498, -0.1185 0.9055 0.0498, -0.1185 0.7874 0.0498, -0.1389 0.7874 0.0525, -0.1389 0.9055 0.0525, -0.1579 0.7874 0.0604, -0.1579 0.9055 0.0604, -0.1742 0.7874 0.0729, -0.1742 0.9055 0.0729, -0.1867 0.7874 0.0892, -0.1867 0.9055 0.0892, -0.1946 0.7874 0.1082, -0.1946 0.9055 0.1082, -0.1972 0.7874 0.1286, -0.1972 0.9055 0.1286, 0.1177 0.7874 0.0498, 0.1177 0.9055 0.0498, 0.1381 0.9055 0.0525, 0.1381 0.7874 0.0525, 0.1571 0.9055 0.0604, 0.1571 0.7874 0.0604, 0.1734 0.9055 0.0729, 0.1734 0.7874 0.0729, 0.1859 0.9055 0.0892, 0.1859 0.7874 0.0892, 0.1938 0.9055 0.1082, 0.1938 0.7874 0.1082, 0.1965 0.9055 0.1286, 0.1965 0.7874 0.1286
            ]
        }
        coordIndex [
            0,1,2,-1,2,1,3,-1,2,3,4,-1,4,3,5,-1,4,5,6,-1,6,5,7,-1,7,5,8,-1,7,8,9,-1,10,11,12,-1,12,11,9,-1,12,9,13,-1,13,9,8,-1,14,15,16,-1,16,15,17,-1,16,17,10,-1,10,17,18,-1,10,18,11,-1,1,0,19,-1,19,20,1,-1,1,20,21,-1,1,21,3,-1,21,22,3,-1,3,22,23,-1,3,23,5,-1,23,24,5,-1,5,24,25,-1,5,25,8,-1,25,26,8,-1,8,26,27,-1,8,27,13,-1,13,27,28,-1,13,28,12,-1,12,28,29,-1,12,29,10,-1,10,29,16,-1,16,29,30,-1,16,30,14,-1,14,30,31,-1,14,31,32,-1,33,20,19,-1,34,32,31,-1,34,31,35,-1,35,31,30,-1,35,30,36,-1,36,30,29,-1,36,29,37,-1,37,29,28,-1,37,28,38,-1,38,28,27,-1,38,27,39,-1,39,27,26,-1,39,26,40,-1,40,26,41,-1,41,26,25,-1,41,25,42,-1,42,25,24,-1,42,24,43,-1,43,24,23,-1,43,23,44,-1,44,23,22,-1,44,22,21,-1,20,33,21,-1,21,33,45,-1,21,45,44,-1,19,0,33,-1,33,0,2,-1,33,2,45,-1,45,2,44,-1,44,2,4,-1,44,4,43,-1,43,4,42,-1,42,4,6,-1,42,6,41,-1,41,6,40,-1,40,6,7,-1,40,7,39,-1,39,7,9,-1,39,9,38,-1,38,9,11,-1,38,11,37,-1,34,35,15,-1,15,35,36,-1,15,36,17,-1,17,36,37,-1,17,37,18,-1,18,37,11,-1,46,47,48,-1,48,47,49,-1,49,47,50,-1,49,50,51,-1,51,50,52,-1,51,52,53,-1,53,52,54,-1,53,54,55,-1,55,54,56,-1,55,56,57,-1,57,56,58,-1,57,58,59,-1,58,60,59,-1,59,60,61,-1,59,61,62,-1,62,61,63,-1,62,63,64,-1,64,63,65,-1,64,65,66,-1,66,65,67,-1,66,67,68,-1,68,67,69,-1,68,69,70,-1,70,69,71,-1,70,71,72,-1,73,50,47,-1,46,74,47,-1,47,74,75,-1,47,75,73,-1,76,54,52,-1,50,73,52,-1,52,73,77,-1,52,77,76,-1,54,76,56,-1,56,76,78,-1,56,78,58,-1,58,78,79,-1,58,79,60,-1,79,80,60,-1,60,80,81,-1,60,81,61,-1,61,81,82,-1,61,82,63,-1,63,82,83,-1,63,83,65,-1,65,83,67,-1,67,83,84,-1,67,84,69,-1,69,84,71,-1,71,84,85,-1,71,85,86,-1,87,75,74,-1,88,86,85,-1,88,85,89,-1,89,85,84,-1,89,84,90,-1,90,84,91,-1,91,84,83,-1,91,83,92,-1,92,83,82,-1,92,82,93,-1,93,82,81,-1,93,81,94,-1,94,81,80,-1,94,80,95,-1,95,80,79,-1,95,79,96,-1,96,79,78,-1,96,78,97,-1,97,78,76,-1,97,76,98,-1,98,76,77,-1,98,77,73,-1,75,87,73,-1,73,87,99,-1,73,99,98,-1,88,89,72,-1,72,89,90,-1,72,90,70,-1,74,46,87,-1,87,46,48,-1,87,48,99,-1,99,48,49,-1,99,49,98,-1,98,49,51,-1,98,51,97,-1,97,51,53,-1,97,53,96,-1,96,53,55,-1,96,55,95,-1,95,55,57,-1,95,57,94,-1,94,57,59,-1,94,59,93,-1,93,59,62,-1,93,62,92,-1,92,62,64,-1,92,64,91,-1,91,64,66,-1,91,66,90,-1,90,66,68,-1,90,68,70,-1,100,101,102,-1,102,103,100,-1,100,103,104,-1,100,104,105,-1,104,106,105,-1,105,106,107,-1,105,107,108,-1,107,109,108,-1,108,109,110,-1,108,110,111,-1,110,112,111,-1,111,112,113,-1,111,113,114,-1,114,113,115,-1,114,115,116,-1,116,115,117,-1,116,117,118,-1,118,117,119,-1,119,117,120,-1,119,120,121,-1,121,120,122,-1,121,122,123,-1,124,103,102,-1,125,126,107,-1,127,123,122,-1,127,122,128,-1,128,122,120,-1,128,120,129,-1,129,120,117,-1,129,117,130,-1,130,117,115,-1,130,115,131,-1,131,115,113,-1,131,113,132,-1,132,113,112,-1,132,112,133,-1,133,112,110,-1,133,110,134,-1,134,110,126,-1,126,110,109,-1,126,109,107,-1,125,107,135,-1,135,107,106,-1,135,106,104,-1,103,124,104,-1,104,124,136,-1,104,136,135,-1,101,100,137,-1,137,100,105,-1,137,105,138,-1,138,105,108,-1,138,108,139,-1,114,140,141,-1,139,108,141,-1,141,108,111,-1,141,111,114,-1,140,114,142,-1,142,114,116,-1,142,116,143,-1,116,118,143,-1,143,118,119,-1,143,119,144,-1,144,119,121,-1,144,121,145,-1,127,128,145,-1,145,128,129,-1,145,129,144,-1,144,129,130,-1,144,130,143,-1,143,130,142,-1,142,130,131,-1,142,131,140,-1,140,131,132,-1,140,132,141,-1,141,132,133,-1,141,133,139,-1,133,134,139,-1,139,134,126,-1,139,126,138,-1,126,125,138,-1,138,125,135,-1,138,135,137,-1,102,101,124,-1,124,101,137,-1,124,137,136,-1,136,137,135,-1,146,147,148,-1,149,150,148,-1,148,150,151,-1,148,151,146,-1,152,153,154,-1,147,146,154,-1,154,146,155,-1,154,155,152,-1,156,157,158,-1,153,152,158,-1,158,152,159,-1,158,159,156,-1,160,161,162,-1,157,156,162,-1,162,156,163,-1,162,163,160,-1,161,160,164,-1,164,160,165,-1,164,165,166,-1,166,165,167,-1,166,167,168,-1,168,167,169,-1,168,169,170,-1,170,169,171,-1,171,169,172,-1,171,172,173,-1,174,151,150,-1,175,173,176,-1,176,173,172,-1,176,172,177,-1,172,169,177,-1,177,169,167,-1,177,167,178,-1,178,167,165,-1,178,165,179,-1,179,165,160,-1,179,160,180,-1,180,160,163,-1,180,163,181,-1,181,163,156,-1,181,156,182,-1,182,156,183,-1,183,156,159,-1,183,159,152,-1,151,174,146,-1,146,174,184,-1,146,184,155,-1,155,184,185,-1,155,185,152,-1,152,185,186,-1,152,186,183,-1,149,148,187,-1,154,188,189,-1,187,148,189,-1,189,148,147,-1,189,147,154,-1,162,190,191,-1,188,154,192,-1,192,154,153,-1,192,153,193,-1,193,153,158,-1,193,158,191,-1,191,158,157,-1,191,157,162,-1,190,162,194,-1,194,162,161,-1,194,161,195,-1,195,161,164,-1,195,164,196,-1,196,164,166,-1,196,166,197,-1,166,168,197,-1,197,168,170,-1,197,170,198,-1,198,170,171,-1,198,171,199,-1,175,176,199,-1,199,176,177,-1,199,177,198,-1,150,149,174,-1,174,149,187,-1,174,187,184,-1,184,187,189,-1,184,189,185,-1,185,189,188,-1,185,188,186,-1,186,188,192,-1,186,192,183,-1,183,192,193,-1,183,193,182,-1,182,193,191,-1,182,191,181,-1,181,191,190,-1,181,190,180,-1,180,190,194,-1,180,194,179,-1,179,194,195,-1,179,195,178,-1,178,195,196,-1,178,196,177,-1,177,196,197,-1,177,197,198,-1,200,201,202,-1,200,202,203,-1,203,202,204,-1,203,204,205,-1,205,204,206,-1,205,206,207,-1,207,206,208,-1,207,208,209,-1,209,208,210,-1,209,210,211,-1,211,210,212,-1,211,212,213,-1,214,215,216,-1,214,216,217,-1,217,216,218,-1,217,218,219,-1,219,218,220,-1,219,220,221,-1,221,220,222,-1,221,222,223,-1,223,222,224,-1,223,224,225,-1,225,224,226,-1,225,226,227,-1,228,229,230,-1,228,230,231,-1,231,230,232,-1,231,232,233,-1,233,232,234,-1,233,234,235,-1,235,234,236,-1,235,236,237,-1,237,236,238,-1,237,238,239,-1,239,238,240,-1,239,240,241,-1,242,243,244,-1,242,244,245,-1,245,244,246,-1,245,246,247,-1,247,246,248,-1,247,248,249,-1,249,248,250,-1,249,250,251,-1,251,250,252,-1,251,252,253,-1,253,252,254,-1,253,254,255,-1,
        ]
    }
}
Shape{
    appearance Appearance {
        material  Material 	{
            diffuseColor 0.0 0.0 0.0
            specularColor 0.0 0.0 0.0
            ambientIntensity 0.0
            transparency 0.0
            shininess 0.5
        }
    }
    geometry IndexedFaceSet {
        ccw TRUE
        solid FALSE
        coord DEF co Coordinate {
            point [
                -0.2228 0.0681 0.3154, -0.2689 -0.05 0.3154, -0.2228 0.0681 0.315, -0.2689 -0.05 0.315, -0.2516 -0.05 0.3154, -0.2516 -0.05 0.315, -0.2397 -0.0169 0.3154, -0.2397 -0.0169 0.315, -0.2044 -0.0169 0.315, -0.1909 -0.0169 0.3154, -0.1909 -0.0169 0.315, -0.1796 -0.05 0.3154, -0.1796 -0.05 0.315, -0.1623 -0.05 0.3154, -0.1623 -0.05 0.315, -0.2044 0.0613 0.315, -0.207 0.0681 0.3154, -0.207 0.0681 0.315, -0.1949 -0.0039 0.3154, -0.2125 0.0454 0.3154, -0.2136 0.0495 0.3154, -0.2144 0.0537 0.3154, -0.2147 0.0537 0.3154, -0.2155 0.0495 0.3154, -0.2166 0.0454 0.3154, -0.2343 -0.0039 0.3154, -0.1949 -0.0039 0.315, -0.2343 -0.0039 0.315, -0.2125 0.0454 0.315, -0.2136 0.0495 0.315, -0.2144 0.0537 0.315, -0.2147 0.0537 0.315, -0.2155 0.0495 0.315, -0.2166 0.0454 0.315, -0.0907 -0.05 0.3154, -0.0586 -0.05 0.3154, -0.0907 -0.05 0.315, -0.0586 -0.05 0.315, -0.0586 0.0681 0.3154, -0.0586 0.0681 0.315, -0.0919 0.0681 0.3154, -0.0919 0.0681 0.315, -0.1537 0.0106 0.3154, -0.1537 0.0106 0.315, -0.1528 0.0217 0.315, -0.1528 0.0217 0.3154, -0.1496 0.0333 0.315, -0.1496 0.0333 0.3154, -0.1441 0.0435 0.315, -0.1441 0.0435 0.3154, -0.1358 0.0527 0.315, -0.1358 0.0527 0.3154, -0.1357 0.0528 0.315, -0.1357 0.0528 0.3154, -0.1228 0.0614 0.315, -0.1228 0.0614 0.3154, -0.109 0.0663 0.315, -0.109 0.0663 0.3154, -0.1053 -0.0487 0.315, -0.1053 -0.0487 0.3154, -0.1189 -0.0447 0.315, -0.1189 -0.0447 0.3154, -0.1313 -0.0375 0.315, -0.1313 -0.0375 0.3154, -0.141 -0.0282 0.315, -0.141 -0.0282 0.3154, -0.1478 -0.0176 0.315, -0.1478 -0.0176 0.3154, -0.152 -0.0052 0.315, -0.152 -0.0052 0.3154, -0.13 0.0386 0.3154, -0.1242 0.0447 0.3154, -0.1156 0.0503 0.3154, -0.1058 0.0537 0.3154, -0.0919 0.0552 0.3154, -0.0744 0.0552 0.3154, -0.0744 -0.037 0.3154, -0.0912 -0.037 0.3154, -0.1037 -0.0359 0.3154, -0.1136 -0.0328 0.3154, -0.1217 -0.028 0.3154, -0.1283 -0.0214 0.3154, -0.1333 -0.0133 0.3154, -0.1367 -0.0022 0.3154, -0.1378 0.0102 0.3154, -0.1368 0.022 0.3154, -0.1341 0.0313 0.3154, -0.0919 0.0552 0.315, -0.0744 0.0552 0.315, -0.1058 0.0537 0.315, -0.1156 0.0503 0.315, -0.1242 0.0447 0.315, -0.13 0.0386 0.315, -0.1341 0.0313 0.315, -0.1368 0.022 0.315, -0.1378 0.0102 0.315, -0.1367 -0.0022 0.315, -0.1333 -0.0133 0.315, -0.1283 -0.0214 0.315, -0.1217 -0.028 0.315, -0.1136 -0.0328 0.315, -0.1037 -0.0359 0.315, -0.0912 -0.037 0.315, -0.0744 -0.037 0.315, -0.0356 -0.037 0.3154, -0.0356 -0.05 0.3154, -0.0356 -0.037 0.315, -0.0356 -0.05 0.315, 0.0278 -0.05 0.3154, 0.0278 -0.05 0.315, 0.0278 0.0681 0.3154, 0.0278 0.0681 0.315, -0.0327 0.0681 0.3154, -0.0327 0.0681 0.315, -0.0327 0.0552 0.3154, -0.0327 0.0552 0.315, 0.012 0.0552 0.3154, 0.012 0.0552 0.315, 0.012 0.0163 0.3154, 0.012 0.0163 0.315, -0.0298 0.0163 0.3154, -0.0298 0.0163 0.315, -0.0298 0.0033 0.3154, -0.0298 0.0033 0.315, 0.012 0.0033 0.3154, 0.012 0.0033 0.315, 0.012 -0.037 0.3154, 0.012 -0.037 0.315, 0.0509 -0.0309 0.3154, 0.0509 -0.0439 0.3154, 0.0509 -0.0309 0.315, 0.0509 -0.0439 0.315, 0.0834 -0.0514 0.3154, 0.0834 -0.0514 0.315, 0.0801 -0.0514 0.315, 0.0801 -0.0514 0.3154, 0.0635 -0.049 0.315, 0.0635 -0.049 0.3154, 0.1387 0.0068 0.3154, 0.1387 0.0068 0.315, 0.1376 -0.0068 0.315, 0.1376 -0.0068 0.3154, 0.134 -0.0193 0.315, 0.134 -0.0193 0.3154, 0.1277 -0.0306 0.315, 0.1277 -0.0306 0.3154, 0.1189 -0.0399 0.315, 0.1189 -0.0399 0.3154, 0.1094 -0.046 0.315, 0.1094 -0.046 0.3154, 0.0979 -0.0499 0.315, 0.0979 -0.0499 0.3154, 0.0905 0.0686 0.3154, 0.0787 0.0696 0.3154, 0.0875 0.0688 0.315, 0.0787 0.0696 0.315, 0.0905 0.0686 0.315, 0.1037 0.0648 0.315, 0.1037 0.0648 0.3154, 0.1149 0.0583 0.315, 0.1149 0.0583 0.3154, 0.1256 0.0481 0.315, 0.1256 0.0481 0.3154, 0.1325 0.037 0.315, 0.1325 0.037 0.3154, 0.137 0.0236 0.315, 0.137 0.0236 0.3154, 0.0682 0.0688 0.315, 0.0645 0.0686 0.3154, 0.0645 0.0686 0.315, 0.0509 0.0649 0.3154, 0.0509 0.0649 0.315, 0.0509 0.049 0.3154, 0.0509 0.049 0.315, 0.0785 0.0566 0.3154, 0.0785 0.0566 0.315, 0.0642 0.0547 0.315, 0.0642 0.0547 0.3154, 0.1229 0.0078 0.3154, 0.1229 0.0078 0.315, 0.1223 0.017 0.315, 0.1223 0.017 0.3154, 0.1192 0.0296 0.315, 0.1192 0.0296 0.3154, 0.1143 0.0388 0.315, 0.1143 0.0388 0.3154, 0.1072 0.0466 0.315, 0.1072 0.0466 0.3154, 0.099 0.0521 0.315, 0.099 0.0521 0.3154, 0.0902 0.0553 0.315, 0.0902 0.0553 0.3154, 0.0812 -0.0385 0.3154, 0.0812 -0.0385 0.315, 0.0922 -0.0372 0.315, 0.0922 -0.0372 0.3154, 0.1008 -0.0341 0.315, 0.1008 -0.0341 0.3154, 0.1081 -0.0292 0.315, 0.1081 -0.0292 0.3154, 0.1136 -0.0233 0.315, 0.1136 -0.0233 0.3154, 0.1185 -0.0151 0.315, 0.1185 -0.0151 0.3154, 0.1217 -0.005 0.315, 0.1217 -0.005 0.3154, 0.053 -0.0321 0.315, 0.053 -0.0321 0.3154, 0.0655 -0.0367 0.315, 0.0655 -0.0367 0.3154, 0.1488 -0.037 0.3154, 0.1488 -0.05 0.3154, 0.1488 -0.037 0.315, 0.1488 -0.05 0.315, 0.2093 -0.05 0.3154, 0.2093 -0.05 0.315, 0.2093 0.0681 0.3154, 0.2093 0.0681 0.315, 0.1935 0.0681 0.3154, 0.1935 0.0681 0.315, 0.1935 -0.037 0.3154, 0.1935 -0.037 0.315
            ]
        }
        coordIndex [
            0,1,2,-1,2,1,3,-1,1,4,3,-1,3,4,5,-1,4,6,5,-1,5,6,7,-1,7,6,8,-1,8,6,9,-1,8,9,10,-1,9,11,10,-1,10,11,12,-1,11,13,12,-1,12,13,14,-1,14,13,15,-1,15,13,16,-1,15,16,17,-1,16,0,17,-1,17,0,2,-1,18,19,16,-1,13,11,9,-1,19,20,16,-1,16,20,21,-1,16,21,0,-1,0,21,22,-1,0,22,23,-1,23,24,0,-1,0,24,25,-1,0,25,1,-1,4,1,6,-1,6,1,25,-1,6,25,9,-1,9,25,18,-1,9,18,13,-1,13,18,16,-1,18,25,26,-1,26,25,27,-1,19,18,28,-1,28,18,26,-1,19,28,29,-1,19,29,20,-1,20,29,30,-1,20,30,21,-1,22,21,31,-1,31,21,30,-1,22,31,32,-1,22,32,23,-1,23,32,33,-1,23,33,24,-1,25,24,27,-1,27,24,33,-1,34,35,36,-1,36,35,37,-1,35,38,37,-1,37,38,39,-1,38,40,39,-1,39,40,41,-1,42,43,44,-1,42,44,45,-1,45,44,46,-1,45,46,47,-1,47,46,48,-1,47,48,49,-1,49,48,50,-1,49,50,51,-1,51,50,52,-1,51,52,53,-1,53,52,54,-1,53,54,55,-1,55,54,56,-1,55,56,57,-1,57,56,41,-1,57,41,40,-1,34,36,58,-1,34,58,59,-1,59,58,60,-1,59,60,61,-1,61,60,62,-1,61,62,63,-1,63,62,64,-1,63,64,65,-1,65,64,66,-1,65,66,67,-1,67,66,68,-1,67,68,69,-1,69,68,43,-1,69,43,42,-1,47,49,70,-1,70,49,51,-1,70,51,71,-1,71,51,53,-1,71,53,72,-1,72,53,55,-1,72,55,73,-1,73,55,57,-1,73,57,74,-1,74,57,40,-1,74,40,75,-1,75,40,38,-1,75,38,76,-1,76,38,35,-1,76,35,77,-1,77,35,34,-1,77,34,78,-1,78,34,59,-1,78,59,79,-1,79,59,61,-1,79,61,80,-1,80,61,63,-1,80,63,81,-1,81,63,65,-1,81,65,82,-1,82,65,67,-1,82,67,83,-1,83,67,69,-1,83,69,84,-1,84,69,42,-1,84,42,85,-1,85,42,45,-1,85,45,86,-1,86,45,47,-1,86,47,70,-1,74,75,87,-1,87,75,88,-1,74,87,89,-1,74,89,73,-1,73,89,90,-1,73,90,72,-1,72,90,91,-1,72,91,71,-1,71,91,92,-1,71,92,70,-1,70,92,93,-1,70,93,86,-1,86,93,94,-1,86,94,85,-1,85,94,95,-1,85,95,84,-1,84,95,96,-1,84,96,83,-1,83,96,97,-1,83,97,82,-1,82,97,98,-1,82,98,81,-1,81,98,99,-1,81,99,80,-1,80,99,100,-1,80,100,79,-1,79,100,101,-1,79,101,78,-1,78,101,102,-1,78,102,77,-1,76,77,103,-1,103,77,102,-1,75,76,88,-1,88,76,103,-1,104,105,106,-1,106,105,107,-1,105,108,107,-1,107,108,109,-1,108,110,109,-1,109,110,111,-1,110,112,111,-1,111,112,113,-1,112,114,113,-1,113,114,115,-1,114,116,115,-1,115,116,117,-1,116,118,117,-1,117,118,119,-1,118,120,119,-1,119,120,121,-1,120,122,121,-1,121,122,123,-1,122,124,123,-1,123,124,125,-1,124,126,125,-1,125,126,127,-1,126,104,127,-1,127,104,106,-1,108,105,104,-1,104,126,108,-1,108,126,124,-1,108,124,110,-1,114,112,116,-1,116,112,110,-1,116,110,118,-1,118,110,124,-1,118,124,120,-1,120,124,122,-1,128,129,130,-1,130,129,131,-1,132,133,134,-1,132,134,135,-1,135,134,136,-1,135,136,137,-1,137,136,131,-1,137,131,129,-1,138,139,140,-1,138,140,141,-1,141,140,142,-1,141,142,143,-1,143,142,144,-1,143,144,145,-1,145,144,146,-1,145,146,147,-1,147,146,148,-1,147,148,149,-1,149,148,150,-1,149,150,151,-1,151,150,133,-1,151,133,132,-1,152,153,154,-1,154,153,155,-1,154,156,152,-1,152,156,157,-1,152,157,158,-1,158,157,159,-1,158,159,160,-1,160,159,161,-1,160,161,162,-1,162,161,163,-1,162,163,164,-1,164,163,165,-1,164,165,166,-1,166,165,139,-1,166,139,138,-1,155,153,167,-1,167,153,168,-1,167,168,169,-1,169,168,170,-1,169,170,171,-1,170,172,171,-1,171,172,173,-1,174,175,176,-1,174,176,177,-1,177,176,173,-1,177,173,172,-1,178,179,180,-1,178,180,181,-1,181,180,182,-1,181,182,183,-1,183,182,184,-1,183,184,185,-1,185,184,186,-1,185,186,187,-1,187,186,188,-1,187,188,189,-1,189,188,190,-1,189,190,191,-1,191,190,175,-1,191,175,174,-1,192,193,194,-1,192,194,195,-1,195,194,196,-1,195,196,197,-1,197,196,198,-1,197,198,199,-1,199,198,200,-1,199,200,201,-1,201,200,202,-1,201,202,203,-1,203,202,204,-1,203,204,205,-1,205,204,179,-1,205,179,178,-1,128,130,206,-1,128,206,207,-1,207,206,208,-1,207,208,209,-1,209,208,193,-1,209,193,192,-1,195,132,192,-1,192,132,135,-1,192,135,209,-1,209,135,137,-1,209,137,207,-1,207,137,129,-1,207,129,128,-1,172,170,177,-1,177,170,168,-1,177,168,174,-1,174,168,153,-1,174,153,191,-1,191,153,152,-1,191,152,189,-1,189,152,158,-1,189,158,187,-1,187,158,160,-1,187,160,185,-1,185,160,162,-1,185,162,183,-1,183,162,164,-1,183,164,181,-1,181,164,166,-1,181,166,178,-1,178,166,138,-1,178,138,205,-1,205,138,141,-1,205,141,203,-1,203,141,143,-1,203,143,201,-1,201,143,145,-1,201,145,199,-1,199,145,147,-1,199,147,197,-1,197,147,149,-1,197,149,195,-1,195,149,151,-1,195,151,132,-1,210,211,212,-1,212,211,213,-1,211,214,213,-1,213,214,215,-1,214,216,215,-1,215,216,217,-1,216,218,217,-1,217,218,219,-1,218,220,219,-1,219,220,221,-1,220,210,221,-1,221,210,212,-1,218,216,220,-1,220,216,214,-1,220,214,210,-1,210,214,211,-1,
        ]
    }
}
Shape{
    appearance Appearance {
        material  Material 	{
            diffuseColor 0.5019607843137255 0.5019607843137255 0.5019607843137255
            specularColor 0.25098039215686274 0.25098039215686274 0.25098039215686274
            ambientIntensity 0.502
            transparency 0.0
            shininess 0.5
        }
    }
    geometry IndexedFaceSet {
        ccw TRUE
        solid FALSE
        coord DEF co Coordinate {
            point [
                -0.1949 -0.0039 0.315, -0.2343 -0.0039 0.315, -0.2125 0.0454 0.315, -0.2166 0.0454 0.315, -0.2136 0.0495 0.315, -0.2155 0.0495 0.315, -0.2144 0.0537 0.315, -0.2147 0.0537 0.315, -0.0744 0.0552 0.315, -0.0744 -0.037 0.315, -0.0919 0.0552 0.315, -0.0912 -0.037 0.315, -0.1037 -0.0359 0.315, -0.1378 0.0102 0.315, -0.1368 0.022 0.315, -0.1341 0.0313 0.315, -0.1058 0.0537 0.315, -0.1136 -0.0328 0.315, -0.1217 -0.028 0.315, -0.1283 -0.0214 0.315, -0.1333 -0.0133 0.315, -0.1367 -0.0022 0.315, -0.13 0.0386 0.315, -0.1242 0.0447 0.315, -0.1156 0.0503 0.315, -1.2878 0.3071 1.9685, -1.2878 0.3071 0.7874, -1.3286 0.3017 0.7874, -1.3286 0.3017 1.9685, -1.3665 0.286 0.7874, -1.3665 0.286 1.9685, -1.3991 0.261 0.7874, -1.3991 0.261 1.9685, -1.4242 0.2283 0.7874, -1.4242 0.2283 1.9685, -1.4399 0.1904 0.7874, -1.4399 0.1904 1.9685, -1.4453 0.1496 0.7874, -1.4453 0.1496 1.9685, -1.4453 -0.1496 1.9685, -1.4453 -0.1496 0.7874, -1.4399 -0.1904 0.7874, -1.4399 -0.1904 1.9685, -1.4242 -0.2283 0.7874, -1.4242 -0.2283 1.9685, -1.3991 -0.261 0.7874, -1.3991 -0.261 1.9685, -1.3665 -0.286 0.7874, -1.3665 -0.286 1.9685, -1.3286 -0.3017 0.7874, -1.3286 -0.3017 1.9685, -1.2878 -0.3071 0.7874, -1.2878 -0.3071 1.9685, 1.287 -0.3071 1.9685, 1.287 -0.3071 0.7874, 1.3278 -0.3017 0.7874, 1.3278 -0.3017 1.9685, 1.3658 -0.286 0.7874, 1.3658 -0.286 1.9685, 1.3984 -0.261 0.7874, 1.3984 -0.261 1.9685, 1.4234 -0.2283 0.7874, 1.4234 -0.2283 1.9685, 1.4391 -0.1904 0.7874, 1.4391 -0.1904 1.9685, 1.4445 -0.1496 0.7874, 1.4445 -0.1496 1.9685, 1.4445 0.1496 1.9685, 1.4445 0.1496 0.7874, 1.4391 0.1904 0.7874, 1.4391 0.1904 1.9685, 1.4234 0.2283 0.7874, 1.4234 0.2283 1.9685, 1.3984 0.261 0.7874, 1.3984 0.261 1.9685, 1.3658 0.286 0.7874, 1.3658 0.286 1.9685, 1.3278 0.3017 0.7874, 1.3278 0.3017 1.9685, 1.287 0.3071 0.7874, 1.287 0.3071 1.9685, 1.3776 0.0591 1.9685, 1.3776 -0.0591 1.9685, 1.3545 0.1147 1.9685, 1.367 0.0984 1.9685, 1.3749 0.0794 1.9685, 1.3749 -0.0794 1.9685, 1.367 -0.0984 1.9685, 1.3545 -0.1147 1.9685, 1.3382 -0.1272 1.9685, -1.3553 -0.1147 1.9685, -1.3678 -0.0984 1.9685, 1.3382 0.1272 1.9685, 1.3192 0.1351 1.9685, 1.2988 0.1378 1.9685, -1.339 0.1272 1.9685, -1.3553 0.1147 1.9685, -1.3678 0.0984 1.9685, -1.3757 0.0794 1.9685, -1.2996 0.1378 1.9685, -1.32 0.1351 1.9685, -1.339 -0.1272 1.9685, -1.32 -0.1351 1.9685, -1.2996 -0.1378 1.9685, -1.3757 -0.0794 1.9685, -1.3783 -0.0591 1.9685, -1.3783 0.0591 1.9685, 1.2988 -0.1378 1.9685, 1.3192 -0.1351 1.9685, 1.3776 0.0591 3.5039, 1.3749 0.0794 3.5039, 1.367 0.0984 3.5039, 1.3545 0.1147 3.5039, 1.3382 0.1272 3.5039, 1.3192 0.1351 3.5039, 1.2988 0.1378 3.5039, -1.2996 0.1378 3.5039, -1.32 0.1351 3.5039, -1.339 0.1272 3.5039, -1.3553 0.1147 3.5039, -1.3678 0.0984 3.5039, -1.3757 0.0794 3.5039, -1.3783 0.0591 3.5039, -1.3783 -0.0591 3.5039, -1.3757 -0.0794 3.5039, -1.3678 -0.0984 3.5039, -1.3553 -0.1147 3.5039, -1.339 -0.1272 3.5039, -1.32 -0.1351 3.5039, -1.2996 -0.1378 3.5039, 1.2988 -0.1378 3.5039, 1.3192 -0.1351 3.5039, 1.3382 -0.1272 3.5039, 1.3545 -0.1147 3.5039, 1.367 -0.0984 3.5039, 1.3749 -0.0794 3.5039, 1.3776 -0.0591 3.5039, -1.339 0.0591 3.5433, -1.339 -0.0591 3.5433, -1.2996 0.0984 3.5433, 1.2988 0.0984 3.5433, 1.3369 -0.0692 3.5433, 1.3382 -0.0591 3.5433, 1.2988 -0.0984 3.5433, 1.3382 0.0591 3.5433, -1.2996 -0.0984 3.5433, -1.3376 -0.0692 3.5433, -1.3337 -0.0787 3.5433, -1.3274 -0.0869 3.5433, -1.3193 -0.0932 3.5433, -1.3274 0.0869 3.5433, -1.3193 0.0932 3.5433, -1.3098 0.0971 3.5433, -1.3337 0.0787 3.5433, -1.3376 0.0692 3.5433, -1.3098 -0.0971 3.5433, 1.3329 0.0787 3.5433, 1.3267 0.0869 3.5433, 1.3185 0.0932 3.5433, 1.309 -0.0971 3.5433, 1.3185 -0.0932 3.5433, 1.3329 -0.0787 3.5433, 1.3267 -0.0869 3.5433, 1.3369 0.0692 3.5433, 1.309 0.0971 3.5433
            ]
        }
        coordIndex [
            0,1,2,-1,2,1,3,-1,2,3,4,-1,4,3,5,-1,4,5,6,-1,6,5,7,-1,8,9,10,-1,10,9,11,-1,10,11,12,-1,13,14,10,-1,10,14,15,-1,10,15,16,-1,12,17,10,-1,10,17,18,-1,10,18,19,-1,19,20,10,-1,10,20,21,-1,10,21,13,-1,22,23,15,-1,15,23,24,-1,15,24,16,-1,25,26,27,-1,25,27,28,-1,28,27,29,-1,28,29,30,-1,30,29,31,-1,30,31,32,-1,32,31,33,-1,32,33,34,-1,34,33,35,-1,34,35,36,-1,36,35,37,-1,36,37,38,-1,39,38,40,-1,40,38,37,-1,39,40,41,-1,39,41,42,-1,42,41,43,-1,42,43,44,-1,44,43,45,-1,44,45,46,-1,46,45,47,-1,46,47,48,-1,48,47,49,-1,48,49,50,-1,50,49,51,-1,50,51,52,-1,53,52,54,-1,54,52,51,-1,53,54,55,-1,53,55,56,-1,56,55,57,-1,56,57,58,-1,58,57,59,-1,58,59,60,-1,60,59,61,-1,60,61,62,-1,62,61,63,-1,62,63,64,-1,64,63,65,-1,64,65,66,-1,67,66,68,-1,68,66,65,-1,67,68,69,-1,67,69,70,-1,70,69,71,-1,70,71,72,-1,72,71,73,-1,72,73,74,-1,74,73,75,-1,74,75,76,-1,76,75,77,-1,76,77,78,-1,78,77,79,-1,78,79,80,-1,25,80,26,-1,26,80,79,-1,67,81,66,-1,66,81,82,-1,83,84,67,-1,67,84,85,-1,67,85,81,-1,82,86,66,-1,66,86,87,-1,66,87,64,-1,64,87,88,-1,64,88,62,-1,62,88,89,-1,90,91,39,-1,67,70,83,-1,83,70,72,-1,83,72,92,-1,92,72,74,-1,92,74,93,-1,93,74,76,-1,93,76,94,-1,94,76,78,-1,95,34,96,-1,96,34,36,-1,96,36,97,-1,97,36,38,-1,97,38,98,-1,78,80,94,-1,94,80,25,-1,94,25,99,-1,99,25,28,-1,99,28,100,-1,100,28,30,-1,100,30,95,-1,95,30,32,-1,95,32,34,-1,39,42,90,-1,90,42,44,-1,90,44,101,-1,101,44,46,-1,101,46,102,-1,102,46,48,-1,102,48,103,-1,103,48,50,-1,91,104,39,-1,39,104,105,-1,39,105,38,-1,38,105,106,-1,38,106,98,-1,50,52,103,-1,103,52,53,-1,103,53,107,-1,107,53,56,-1,107,56,108,-1,108,56,58,-1,108,58,89,-1,89,58,60,-1,89,60,62,-1,109,81,85,-1,109,85,110,-1,110,85,84,-1,110,84,111,-1,111,84,83,-1,111,83,112,-1,112,83,92,-1,112,92,113,-1,113,92,93,-1,113,93,114,-1,114,93,94,-1,114,94,115,-1,115,94,116,-1,116,94,99,-1,116,99,100,-1,116,100,117,-1,117,100,95,-1,117,95,118,-1,118,95,96,-1,118,96,119,-1,119,96,97,-1,119,97,120,-1,120,97,98,-1,120,98,121,-1,121,98,106,-1,121,106,122,-1,122,106,123,-1,123,106,105,-1,123,105,104,-1,123,104,124,-1,124,104,91,-1,124,91,125,-1,125,91,90,-1,125,90,126,-1,126,90,101,-1,126,101,127,-1,127,101,102,-1,127,102,128,-1,128,102,103,-1,128,103,129,-1,129,103,130,-1,130,103,107,-1,130,107,108,-1,130,108,131,-1,131,108,89,-1,131,89,132,-1,132,89,88,-1,132,88,133,-1,133,88,87,-1,133,87,134,-1,134,87,86,-1,134,86,135,-1,135,86,82,-1,135,82,136,-1,136,82,109,-1,109,82,81,-1,137,138,139,-1,139,138,140,-1,141,142,143,-1,143,142,144,-1,143,144,145,-1,146,147,138,-1,138,147,148,-1,138,148,149,-1,150,139,151,-1,151,139,152,-1,150,153,139,-1,139,153,154,-1,139,154,137,-1,144,140,145,-1,145,140,138,-1,145,138,155,-1,155,138,149,-1,156,157,158,-1,143,159,141,-1,141,159,160,-1,141,160,161,-1,161,160,162,-1,144,163,140,-1,140,163,156,-1,140,156,164,-1,164,156,158,-1,123,138,122,-1,122,138,137,-1,138,123,124,-1,138,124,146,-1,146,124,125,-1,146,125,147,-1,147,125,126,-1,147,126,148,-1,148,126,127,-1,148,127,149,-1,149,127,128,-1,149,128,155,-1,155,128,129,-1,155,129,145,-1,139,116,117,-1,139,117,152,-1,152,117,118,-1,152,118,151,-1,151,118,119,-1,151,119,150,-1,150,119,120,-1,150,120,153,-1,153,120,121,-1,153,121,154,-1,154,121,122,-1,154,122,137,-1,130,143,129,-1,129,143,145,-1,140,115,139,-1,139,115,116,-1,143,130,131,-1,143,131,159,-1,159,131,132,-1,159,132,160,-1,160,132,133,-1,160,133,162,-1,162,133,134,-1,162,134,161,-1,161,134,135,-1,161,135,141,-1,141,135,136,-1,141,136,142,-1,144,109,110,-1,144,110,163,-1,163,110,111,-1,163,111,156,-1,156,111,112,-1,156,112,157,-1,157,112,113,-1,157,113,158,-1,158,113,114,-1,158,114,164,-1,164,114,115,-1,164,115,140,-1,109,144,136,-1,136,144,142,-1,
        ]
    }
}
Shape{
    appearance Appearance {
        material  Material 	{
            diffuseColor 1.0 1.0 0.0
            specularColor 0.5019607843137255 0.5019607843137255 0.0
            ambientIntensity 0.886
            transparency 0.0
            shininess 0.5
        }
    }
    geometry IndexedFaceSet {
        ccw TRUE
        solid FALSE
        coord DEF co Coordinate {
            point [
                0.2161 0.1378 3.1496, 0.098 0.1378 3.1496, 0.2161 0.1378 1.9685, 0.098 0.1378 1.9685, 0.2161 0.1772 3.1496, 0.2161 0.1772 1.9685, 0.098 0.1772 3.1496, 0.098 0.1772 1.9685, -0.2169 0.1378 3.1496, -0.2169 0.1772 3.1496, -0.2169 0.1378 1.9685, -0.2169 0.1772 1.9685, -0.0988 0.1378 3.1496, -0.0988 0.1378 1.9685, -0.0988 0.1772 3.1496, -0.0988 0.1772 1.9685, -0.4138 0.1378 3.1496, -0.5319 0.1378 3.1496, -0.4138 0.1378 1.9685, -0.5319 0.1378 1.9685, -0.4138 0.1772 3.1496, -0.4138 0.1772 1.9685, -0.5319 0.1772 3.1496, -0.5319 0.1772 1.9685, -0.7287 0.1378 3.1496, -0.8468 0.1378 3.1496, -0.7287 0.1378 1.9685, -0.8468 0.1378 1.9685, -0.7287 0.1772 3.1496, -0.7287 0.1772 1.9685, -0.8468 0.1772 3.1496, -0.8468 0.1772 1.9685, -1.0437 0.1378 3.1496, -1.1618 0.1378 3.1496, -1.0437 0.1378 1.9685, -1.1618 0.1378 1.9685, -1.0437 0.1772 3.1496, -1.0437 0.1772 1.9685, -1.1618 0.1772 3.1496, -1.1618 0.1772 1.9685, -1.1618 -0.1772 3.1496, -1.1618 -0.1378 3.1496, -1.1618 -0.1772 1.9685, -1.1618 -0.1378 1.9685, -1.0437 -0.1772 3.1496, -1.0437 -0.1772 1.9685, -1.0437 -0.1378 3.1496, -1.0437 -0.1378 1.9685, -0.8468 -0.1772 3.1496, -0.8468 -0.1378 3.1496, -0.8468 -0.1772 1.9685, -0.8468 -0.1378 1.9685, -0.7287 -0.1772 3.1496, -0.7287 -0.1772 1.9685, -0.7287 -0.1378 3.1496, -0.7287 -0.1378 1.9685, -0.5319 -0.1772 3.1496, -0.5319 -0.1378 3.1496, -0.5319 -0.1772 1.9685, -0.5319 -0.1378 1.9685, -0.4138 -0.1772 3.1496, -0.4138 -0.1772 1.9685, -0.4138 -0.1378 3.1496, -0.4138 -0.1378 1.9685, -0.2169 -0.1378 3.1496, -0.0988 -0.1378 3.1496, -0.2169 -0.1378 1.9685, -0.0988 -0.1378 1.9685, -0.2169 -0.1772 3.1496, -0.2169 -0.1772 1.9685, -0.0988 -0.1772 3.1496, -0.0988 -0.1772 1.9685, 0.2161 -0.1378 3.1496, 0.2161 -0.1772 3.1496, 0.2161 -0.1378 1.9685, 0.2161 -0.1772 1.9685, 0.098 -0.1378 3.1496, 0.098 -0.1378 1.9685, 0.098 -0.1772 3.1496, 0.098 -0.1772 1.9685, 0.413 -0.1378 3.1496, 0.5311 -0.1378 3.1496, 0.413 -0.1378 1.9685, 0.5311 -0.1378 1.9685, 0.413 -0.1772 3.1496, 0.413 -0.1772 1.9685, 0.5311 -0.1772 3.1496, 0.5311 -0.1772 1.9685, 0.728 -0.1378 3.1496, 0.8461 -0.1378 3.1496, 0.728 -0.1378 1.9685, 0.8461 -0.1378 1.9685, 0.728 -0.1772 3.1496, 0.728 -0.1772 1.9685, 0.8461 -0.1772 3.1496, 0.8461 -0.1772 1.9685, 1.0429 -0.1378 3.1496, 1.161 -0.1378 3.1496, 1.0429 -0.1378 1.9685, 1.161 -0.1378 1.9685, 1.0429 -0.1772 3.1496, 1.0429 -0.1772 1.9685, 1.161 -0.1772 3.1496, 1.161 -0.1772 1.9685, 1.161 0.1772 3.1496, 1.161 0.1378 3.1496, 1.161 0.1772 1.9685, 1.161 0.1378 1.9685, 1.0429 0.1772 3.1496, 1.0429 0.1772 1.9685, 1.0429 0.1378 3.1496, 1.0429 0.1378 1.9685, 0.8461 0.1772 3.1496, 0.8461 0.1378 3.1496, 0.8461 0.1772 1.9685, 0.8461 0.1378 1.9685, 0.728 0.1772 3.1496, 0.728 0.1772 1.9685, 0.728 0.1378 3.1496, 0.728 0.1378 1.9685, 0.5311 0.1772 3.1496, 0.5311 0.1378 3.1496, 0.5311 0.1772 1.9685, 0.5311 0.1378 1.9685, 0.413 0.1772 3.1496, 0.413 0.1772 1.9685, 0.413 0.1378 3.1496, 0.413 0.1378 1.9685
            ]
        }
        coordIndex [
            0,1,2,-1,2,1,3,-1,4,0,5,-1,5,0,2,-1,6,4,7,-1,7,4,5,-1,1,6,3,-1,3,6,7,-1,4,6,0,-1,0,6,1,-1,7,5,3,-1,3,5,2,-1,8,9,10,-1,10,9,11,-1,12,8,13,-1,13,8,10,-1,14,12,15,-1,15,12,13,-1,9,14,11,-1,11,14,15,-1,12,14,8,-1,8,14,9,-1,15,13,11,-1,11,13,10,-1,16,17,18,-1,18,17,19,-1,20,16,21,-1,21,16,18,-1,22,20,23,-1,23,20,21,-1,17,22,19,-1,19,22,23,-1,20,22,16,-1,16,22,17,-1,23,21,19,-1,19,21,18,-1,24,25,26,-1,26,25,27,-1,28,24,29,-1,29,24,26,-1,30,28,31,-1,31,28,29,-1,25,30,27,-1,27,30,31,-1,28,30,24,-1,24,30,25,-1,31,29,27,-1,27,29,26,-1,32,33,34,-1,34,33,35,-1,36,32,37,-1,37,32,34,-1,38,36,39,-1,39,36,37,-1,33,38,35,-1,35,38,39,-1,36,38,32,-1,32,38,33,-1,39,37,35,-1,35,37,34,-1,40,41,42,-1,42,41,43,-1,44,40,45,-1,45,40,42,-1,46,44,47,-1,47,44,45,-1,41,46,43,-1,43,46,47,-1,44,46,40,-1,40,46,41,-1,47,45,43,-1,43,45,42,-1,48,49,50,-1,50,49,51,-1,52,48,53,-1,53,48,50,-1,54,52,55,-1,55,52,53,-1,49,54,51,-1,51,54,55,-1,52,54,48,-1,48,54,49,-1,55,53,51,-1,51,53,50,-1,56,57,58,-1,58,57,59,-1,60,56,61,-1,61,56,58,-1,62,60,63,-1,63,60,61,-1,57,62,59,-1,59,62,63,-1,60,62,56,-1,56,62,57,-1,63,61,59,-1,59,61,58,-1,64,65,66,-1,66,65,67,-1,68,64,69,-1,69,64,66,-1,70,68,71,-1,71,68,69,-1,65,70,67,-1,67,70,71,-1,68,70,64,-1,64,70,65,-1,71,69,67,-1,67,69,66,-1,72,73,74,-1,74,73,75,-1,76,72,77,-1,77,72,74,-1,78,76,79,-1,79,76,77,-1,73,78,75,-1,75,78,79,-1,76,78,72,-1,72,78,73,-1,79,77,75,-1,75,77,74,-1,80,81,82,-1,82,81,83,-1,84,80,85,-1,85,80,82,-1,86,84,87,-1,87,84,85,-1,81,86,83,-1,83,86,87,-1,84,86,80,-1,80,86,81,-1,87,85,83,-1,83,85,82,-1,88,89,90,-1,90,89,91,-1,92,88,93,-1,93,88,90,-1,94,92,95,-1,95,92,93,-1,89,94,91,-1,91,94,95,-1,92,94,88,-1,88,94,89,-1,95,93,91,-1,91,93,90,-1,96,97,98,-1,98,97,99,-1,100,96,101,-1,101,96,98,-1,102,100,103,-1,103,100,101,-1,97,102,99,-1,99,102,103,-1,100,102,96,-1,96,102,97,-1,103,101,99,-1,99,101,98,-1,104,105,106,-1,106,105,107,-1,108,104,109,-1,109,104,106,-1,110,108,111,-1,111,108,109,-1,105,110,107,-1,107,110,111,-1,108,110,104,-1,104,110,105,-1,111,109,107,-1,107,109,106,-1,112,113,114,-1,114,113,115,-1,116,112,117,-1,117,112,114,-1,118,116,119,-1,119,116,117,-1,113,118,115,-1,115,118,119,-1,116,118,112,-1,112,118,113,-1,119,117,115,-1,115,117,114,-1,120,121,122,-1,122,121,123,-1,124,120,125,-1,125,120,122,-1,126,124,127,-1,127,124,125,-1,121,126,123,-1,123,126,127,-1,124,126,120,-1,120,126,121,-1,127,125,123,-1,123,125,122,-1,
        ]
    }
}