# auto-battlebot velocity jig
# columns: t_us,count,gx,gy,gz,ax,ay,az  (raw int16 imu)
# encoder: quadrature x4 (constant column if unplugged)
# sample_rate_hz=1000 gyro_dps_per_lsb=0.070 accel_g_per_lsb=0.000244
3082109029,0,-3,-7,-10,76,68,-4075
3082110025,0,4,-8,-7,49,64,-4073
3082111025,0,5,-4,-8,61,54,-4087
3082112025,0,5,-6,-5,58,54,-4083
3082113025,0,2,-7,-6,55,74,-4080
3082114025,0,3,-8,-8,63,54,-4105
3082115025,0,2,-5,-5,61,60,-4108
3082116025,0,-1,1,-10,66,66,-4093
3082117025,0,6,-2,-10,49,61,-4111
3082118025,0,3,-4,-6,67,49,-4103
3082119025,0,1,-2,-11,36,63,-4098
3082120025,0,6,-3,-8,60,59,-4086
3082121025,0,6,-5,-8,69,55,-4082
3082122025,0,5,-6,-1,66,52,-4103
3082123025,0,4,-2,-6,81,69,-4096
3082124025,0,5,-7,-8,66,58,-4102
3082125025,0,3,-8,-10,72,63,-4099
3082126025,0,5,-3,-4,60,62,-4097
3082127025,0,-2,-1,-5,57,61,-4113
3082128025,0,5,-6,-4,68,66,-4102
3082129025,0,-1,-3,-12,66,62,-4105
3082130025,0,5,-4,-5,54,69,-4103
3082131025,0,3,-6,-9,62,69,-4097
3082132025,0,11,-5,-9,63,60,-4092
3082133025,0,5,-8,-9,54,52,-4098
3082134025,0,3,-4,-9,37,54,-4100
3082135025,0,9,-9,-12,54,67,-4092
3082136025,0,9,-9,-11,52,62,-4104
3082137025,0,5,-5,-13,70,70,-4090
3082138025,0,5,-7,-8,78,59,-4104
3082139025,0,4,-5,-8,65,83,-4103
3082140025,0,12,-10,-11,71,81,-4096
3082141025,0,6,-15,-8,61,62,-4108
3082142031,0,8,-12,-11,64,58,-4115
3082143025,0,11,-11,-7,74,81,-4106
3082144025,0,9,-8,-6,70,64,-4093
3082145025,0,12,-9,-9,68,56,-4095
3082146025,0,12,-15,-1,76,62,-4112
3082147025,0,8,-12,-2,65,61,-4110
3082148025,0,11,-19,-6,62,56,-4092
3082149025,0,9,-15,-9,65,70,-4111
3082150025,0,7,-7,-9,79,67,-4099
3082151025,0,11,-18,-10,59,53,-4102
3082152025,0,8,-19,-7,49,56,-4111
3082153025,0,8,-13,-11,68,57,-4097
3082154025,0,10,-17,-7,61,67,-4090
3082155025,0,14,-11,-9,53,65,-4094
3082156025,0,5,-11,-13,64,54,-4092
3082157025,0,8,-16,-9,62,56,-4102
3082158025,0,14,-9,-4,61,68,-4088
3082159025,0,11,-14,-6,74,57,-4100
3082160025,0,12,-10,-6,69,53,-4105
3082161025,0,12,-11,-6,68,56,-4108
3082162025,0,16,-14,-7,66,51,-4103
3082163025,0,11,-14,-7,65,55,-4101
3082164025,0,15,-12,-9,54,55,-4098
3082165025,0,13,-21,-11,56,50,-4099
3082166025,0,14,-16,-13,55,32,-4094
3082167025,0,11,-16,-8,66,51,-4078
3082168025,0,12,-15,-6,68,62,-4105
3082169025,0,11,-15,-9,61,39,-4092
3082170025,0,9,-14,-3,57,50,-4099
3082171025,0,14,-18,-5,39,66,-4086
3082172025,0,11,-16,-5,53,51,-4081
3082173025,0,11,-17,-4,53,65,-4086
3082174025,0,10,-15,-7,71,61,-4106
3082175025,0,11,-17,-2,58,67,-4086
3082176025,0,11,-17,-13,55,66,-4090
3082177025,0,8,-8,-2,52,79,-4102
3082178025,0,16,-21,-8,58,55,-4093
3082179025,0,10,-15,-8,67,64,-4089
3082180025,0,11,-13,-8,60,52,-4102
3082181025,0,14,-12,-10,57,63,-4100
3082182025,0,9,-13,-4,59,53,-4095
3082183025,0,12,-23,-10,59,56,-4123
3082184025,0,17,-20,-9,63,55,-4101
3082185025,0,8,-21,-8,64,56,-4111
3082186025,0,13,-17,-4,60,63,-4119
3082187025,0,11,-14,-11,55,62,-4097
3082188025,0,16,-22,-5,66,64,-4109
3082189025,0,13,-25,-9,59,58,-4101
3082190025,0,11,-21,-3,63,63,-4097
3082191025,0,15,-16,-7,53,62,-4092
3082192025,0,13,-20,-2,47,54,-4080
3082193025,0,7,-22,-3,42,52,-4091
3082194025,0,13,-22,-7,25,67,-4063
3082195025,0,9,-18,-8,34,50,-4077
3082196025,0,11,-15,-3,47,59,-4077
3082197025,0,11,-17,-7,56,56,-4059
3082198025,0,7,-14,-7,55,66,-4059
3082199025,0,15,-19,-4,57,63,-4065
3082200025,0,9,-15,-8,54,58,-4071
3082201025,0,6,-15,-8,71,51,-4080
3082202025,0,13,-14,-6,63,59,-4073
3082203025,0,16,-14,-5,68,59,-4079
3082204025,0,11,-15,-5,60,60,-4095
3082205025,0,12,-14,-7,58,52,-4082
3082206025,0,8,-12,-6,53,48,-4099
3082207025,0,15,-20,-13,57,69,-4084
3082208025,0,14,-15,-12,53,54,-4096
3082209025,0,9,-10,-8,60,62,-4096
3082210025,0,12,-14,-10,48,63,-4093
3082211025,0,8,-14,-7,54,65,-4104
3082212025,0,13,-14,-7,42,58,-4117
3082213025,0,8,-18,-4,57,75,-4110
3082214025,0,9,-16,-4,47,52,-4107
3082215025,0,15,-19,-6,49,56,-4102
3082216025,0,15,-18,-6,64,49,-4096
3082217025,0,11,-18,-10,59,59,-4099
3082218025,0,10,-16,-9,49,56,-4110
3082219025,0,9,-14,-5,65,57,-4103
3082220025,0,17,-21,-10,52,52,-4089
3082221025,0,10,-18,-6,54,59,-4086
3082222025,0,12,-21,-7,42,45,-4085
3082223025,0,13,-17,-6,58,63,-4096
3082224025,0,9,-17,-6,80,54,-4075
3082225025,0,16,-16,-10,75,86,-4130
3082226025,0,15,-16,-2,73,77,-4044
3082227025,0,14,-19,-4,40,47,-4070
3082228025,1,12,-16,-7,32,62,-4067
3082229025,1,13,-18,-8,45,54,-4078
3082230025,1,11,-15,-7,45,65,-4092
3082231025,1,12,-24,-6,55,67,-4082
3082232025,1,9,-11,-9,57,58,-4070
3082233025,1,11,-14,-5,66,60,-4078
3082234025,1,12,-16,-5,51,55,-4076
3082235025,1,16,-18,-5,44,41,-4068
3082236025,1,5,-9,-4,38,46,-4081
3082237025,1,10,-14,-4,54,54,-4087
3082238025,1,9,-11,-4,62,54,-4086
3082239025,1,8,-18,-7,73,65,-4073
3082240025,1,7,-10,-9,62,51,-4086
3082241025,1,4,-9,-3,62,66,-4088
3082242025,1,7,-16,-4,58,53,-4074
3082243025,1,4,-12,-2,40,56,-4091
3082244025,1,12,-14,-5,68,52,-4077
3082245025,1,16,-21,-8,63,52,-4074
3082246025,1,11,-11,-4,59,59,-4096
3082247025,1,8,-10,-4,62,62,-4081
3082248025,1,7,-16,-4,73,68,-4081
3082249025,1,9,-16,-8,57,43,-4089
3082250025,1,13,-19,-3,60,57,-4068
3082251025,1,12,-15,-4,47,48,-4053
3082252025,1,7,-13,-9,51,50,-4087
3082253025,1,-3,9,-4,302,45,-3483
3082254025,1,-85,21,8,-1954,-747,-4486
3082255025,1,26,-38,-9,887,186,-6574
3082256025,1,51,-50,5,1080,598,-3688
3082257025,1,37,-53,-7,-518,-162,-4347
3082258025,1,7,-26,-7,-232,95,-3893
3082259025,1,9,-2,-6,19,62,-4140
3082260025,1,12,-5,5,211,-33,-4206
3082261025,1,11,-21,-7,262,81,-4182
3082262025,1,11,-18,-5,-48,226,-4281
3082263025,1,29,-27,-2,140,96,-4035
3082264025,1,22,-27,-1,208,-20,-3874
3082265025,1,5,-28,-8,67,-17,-4036
3082266025,1,14,-32,-1,16,71,-4133
3082267025,1,10,-30,-4,44,49,-4129
3082268025,1,9,-30,-9,90,120,-4065
3082269025,1,7,-30,-2,74,156,-4068
3082270025,1,23,-28,-2,34,60,-4093
3082271025,1,20,-35,-5,48,-17,-4033
3082272025,1,9,-26,-3,59,90,-4069
3082273025,1,17,-24,-2,73,121,-4114
3082274025,1,20,-32,0,102,81,-4152
3082275025,1,22,-30,-1,73,44,-4085
3082276025,1,13,-36,-5,17,27,-4057
3082277025,1,19,-36,-2,11,44,-4071
3082278025,1,12,-28,-1,20,37,-4075
3082279025,1,13,-27,-3,73,32,-4081
3082280025,1,15,-29,-5,81,59,-4089
3082281025,1,17,-28,-2,80,92,-4094
3082282025,1,19,-39,-8,68,68,-4085
3082283025,1,17,-29,-1,55,51,-4076
3082284025,1,23,-32,-2,60,54,-4105
3082285025,1,18,-30,-4,55,35,-4105
3082286025,1,15,-31,-2,71,63,-4090
3082287025,1,13,-30,5,70,50,-4098
3082288025,1,17,-34,2,57,41,-4098
3082289025,1,13,-35,-1,56,47,-4095
3082290025,1,20,-38,1,43,58,-4092
3082291025,1,14,-31,-2,52,50,-4076
3082292025,1,16,-31,-6,39,57,-4084
3082293025,1,18,-37,-5,28,48,-4059
3082294025,1,11,-34,-10,50,38,-4082
3082295025,1,17,-35,-3,44,70,-4091
3082296025,1,10,-32,-1,52,60,-4087
3082297025,1,17,-32,-5,61,67,-4076
3082298025,1,18,-37,-4,49,45,-4083
3082299025,1,13,-27,-4,49,40,-4076
3082300025,1,17,-31,-4,57,53,-4071
3082301025,1,10,-30,0,44,51,-4072
3082302025,1,14,-27,-1,59,60,-4092
3082303025,1,12,-33,1,71,65,-4099
3082304025,2,15,-31,-2,96,80,-4115
3082305025,2,11,-33,1,76,77,-4109
3082306025,2,15,-37,-7,40,59,-4101
3082307025,2,17,-32,-3,48,65,-4101
3082308025,2,15,-30,-1,20,62,-4100
3082309025,2,18,-35,-4,65,64,-4109
3082310025,2,15,-29,-3,63,61,-4087
3082311025,2,15,-34,-3,37,71,-4084
3082312025,2,14,-26,-5,3,53,-4051
3082313025,2,10,-32,-7,17,36,-4059
3082314025,2,16,-33,-4,54,50,-4058
3082315025,2,9,-29,-5,41,59,-4062
3082316025,2,6,-25,-5,79,69,-4092
3082317025,2,9,-26,-1,-2,73,-4034
3082318025,2,11,-22,-5,33,60,-4104
3082319025,2,10,-28,-5,92,52,-4106
3082320025,2,8,-35,-10,49,55,-4082
3082321025,2,14,-26,-1,34,64,-4092
3082322025,2,16,-27,-3,65,69,-4061
3082323025,2,11,-21,-5,-62,25,-4060
3082324025,2,5,-19,1,7,37,-4084
3082325025,2,12,-23,-6,79,69,-4062
3082326025,2,7,-12,0,2,72,-3972
3082327025,2,6,-11,-6,-68,52,-4053
3082328025,2,9,-10,-5,72,77,-4118
3082329025,2,5,-9,-9,82,41,-4105
3082330025,2,13,-24,-8,146,78,-4143
3082331025,2,11,-24,-8,82,60,-4093
3082332025,2,10,-21,-9,-60,73,-4020
3082333025,2,0,-16,-2,-46,37,-4061
3082334025,2,6,-9,-2,19,18,-4022
3082335025,2,-1,-12,-4,-35,20,-4004
3082336025,2,5,-3,-6,135,118,-4129
3082337025,2,8,-10,-8,163,99,-4080
3082338025,2,10,-20,-15,72,100,-4119
3082339025,2,27,-24,-12,163,452,-4079
3082340025,2,16,-24,-19,-40,-86,-3992
3082341025,2,7,-15,-8,-151,-110,-3976
3082342025,2,-10,1,-4,-89,20,-3989
3082343025,2,4,4,-5,141,103,-4108
3082344025,2,11,-19,-3,252,33,-4242
3082345025,2,4,-6,-3,29,89,-4012
3082346025,2,11,-12,-5,195,147,-4311
3082347025,2,10,-16,-9,108,88,-4289
3082348025,2,10,-23,-6,9,-1,-3978
3082349025,2,-5,-3,-4,-121,20,-4021
3082350025,2,1,-5,-11,28,65,-4079
3082351025,2,8,-6,-11,92,78,-4118
3082352025,2,8,-9,-4,98,70,-4088
3082353025,2,5,-7,-5,38,8,-4122
3082354025,2,1,-9,-9,10,-24,-4099
3082355025,2,0,-7,-6,39,32,-4095
3082356025,2,1,-3,-1,56,44,-4110
3082357025,2,3,-12,-8,84,17,-4109
3082358025,2,8,-4,-6,48,28,-4087
3082359025,2,8,-7,-6,16,29,-4074
3082360025,2,3,-2,-6,0,38,-4061
3082361025,2,0,1,-7,33,40,-4095
3082362025,2,3,-5,-10,81,38,-4087
3082363025,2,5,-7,-6,72,68,-4107
3082364025,2,9,-11,-6,34,50,-4098
3082365025,2,13,-2,-5,46,42,-4098
3082366025,2,6,-2,-6,38,37,-4080
3082367025,2,1,-9,-7,51,28,-4055
3082368025,2,6,-6,-5,60,48,-4059
3082369025,2,6,-7,-13,56,49,-4068
3082370025,2,3,-10,-8,56,65,-4070
3082371025,2,4,-2,-3,42,74,-4081
3082372025,2,3,-6,-6,45,62,-4081
3082373025,2,4,-1,-3,43,87,-4087
3082374025,2,-1,-4,-5,48,67,-4094
3082375025,2,7,-5,-6,36,76,-4111
3082376025,2,6,1,-4,33,73,-4103
3082377025,2,6,-5,-11,45,85,-4101
3082378025,2,2,-5,-9,44,66,-4106
3082379025,2,4,2,-4,31,66,-4090
3082380025,2,5,-9,-6,42,74,-4078
3082381025,2,10,-7,-10,40,84,-4105
3082382025,2,-1,-4,-7,50,67,-4076
3082383025,2,0,-2,-3,33,73,-4087
3082384025,2,3,-5,-6,45,50,-4094
3082385025,2,2,-3,-4,46,62,-4076
3082386025,2,4,-7,-9,33,73,-4076
3082387025,2,4,-2,-8,45,42,-4076
3082388025,2,5,-3,-7,62,53,-4077
3082389025,2,5,-9,-4,54,47,-4093
3082390025,2,6,-9,-5,57,48,-4079
3082391025,2,6,-11,-6,56,32,-4064
3082392025,2,8,-6,-11,50,47,-4080
3082393025,2,8,-8,-11,55,40,-4083
3082394025,2,6,-10,-9,39,49,-4087
3082395025,2,1,-3,-8,38,54,-4080
3082396025,2,3,-1,-8,42,33,-4087
3082397025,2,3,-8,-14,60,43,-4102
3082398025,2,5,-7,-7,47,45,-4095
3082399025,2,0,-5,-3,56,32,-4091
3082400025,2,4,-5,-10,34,50,-4093
3082401025,2,-2,-2,-7,53,39,-4101
3082402025,2,6,-12,-5,28,40,-4086
3082403025,2,-1,0,-4,64,47,-4084
3082404025,2,3,-4,-7,45,36,-4088
3082405025,2,7,-8,-12,31,58,-4068
3082406025,2,0,1,-10,30,62,-4093
3082407025,2,10,-3,-7,45,59,-4080
3082408025,2,3,-5,-9,47,47,-4089
3082409025,2,-2,-3,0,50,63,-4082
3082410025,2,1,-6,-8,47,63,-4085
3082411025,2,-1,0,-6,45,67,-4083
3082412025,2,3,-5,-3,38,62,-4081
3082413025,2,4,-8,-11,58,71,-4090
3082414025,2,9,-7,-13,49,61,-4084
3082415025,2,3,-4,-2,38,56,-4073
3082416025,2,0,-5,-10,45,68,-4089
3082417025,2,-3,-4,-7,42,63,-4084
3082418025,2,5,-6,-8,38,58,-4094
3082419025,2,7,-4,-5,39,52,-4099
3082420025,2,1,-7,-2,49,50,-4076
3082421025,2,6,1,-3,32,48,-4098
3082422025,2,1,0,-6,57,60,-4079
3082423025,2,2,-4,0,35,50,-4088
3082424025,2,2,2,-5,33,61,-4089
3082425025,2,4,-3,-5,42,49,-4081
3082426025,2,8,-9,-8,40,52,-4088
3082427025,2,7,-4,-11,32,52,-4080
3082428025,2,1,-3,-12,43,40,-4100
3082429025,2,4,-5,-11,51,44,-4089
3082430025,2,1,-2,-11,35,55,-4083
3082431025,2,7,-13,-6,46,59,-4098
3082432025,2,3,-5,-4,55,57,-4089
3082433025,2,4,-3,-10,46,47,-4090
3082434025,2,4,-7,-8,38,44,-4089
3082435025,2,4,-5,-14,50,61,-4078
3082436025,2,7,-3,-1,45,50,-4093
3082437025,2,4,-4,-7,52,53,-4071
3082438025,2,-1,-3,-1,46,48,-4077
3082439025,2,-3,-7,-2,51,44,-4068
3082440025,2,1,-10,-9,47,48,-4087
3082441025,2,1,-3,-7,57,44,-4098
3082442025,2,4,-2,-10,44,60,-4078
3082443025,2,-3,-3,-5,45,39,-4092
3082444025,2,8,-6,-5,49,47,-4103
3082445025,2,2,-5,-5,42,64,-4086
3082446025,2,7,-5,-6,41,67,-4081
3082447025,2,8,-2,-4,43,48,-4091
3082448025,2,1,-9,-11,52,59,-4092
3082449025,2,7,-3,-5,41,57,-4075
3082450025,2,10,-12,-12,48,59,-4069
3082451025,2,1,-2,-9,58,54,-4067
3082452025,2,0,-3,-8,46,72,-4088
3082453025,2,4,-4,-9,32,56,-4078
3082454025,2,2,-4,-8,65,50,-4102
3082455025,2,1,-3,-11,57,54,-4073
3082456025,2,1,-4,-11,44,55,-4087
3082457025,2,6,-5,-8,58,74,-4082
3082458025,2,11,-8,-8,44,60,-4089
3082459025,2,9,-2,-8,51,57,-4090
3082460025,2,0,0,-2,39,56,-4106
3082461025,2,3,-7,-9,47,49,-4087
3082462025,2,5,-5,-6,42,36,-4084
3082463025,2,-1,-3,-4,41,62,-4086
3082464025,2,7,-6,-11,44,58,-4080
3082465025,2,3,0,-6,48,51,-4077
3082466025,2,8,-7,-10,46,51,-4094
3082467025,2,-6,-3,-9,55,68,-4084
3082468025,2,4,-5,-8,47,54,-4087
3082469025,2,3,-2,-7,55,54,-4087
3082470025,2,2,-5,-8,50,44,-4085
3082471025,2,8,-9,-12,39,56,-4082
3082472025,2,8,1,-7,43,52,-4086
3082473025,2,3,-8,-11,61,34,-4079
3082474025,2,3,-5,-6,48,50,-4093
3082475025,2,-3,-5,-4,54,51,-4098
3082476025,2,2,-6,-4,36,52,-4093
3082477025,2,7,-9,-6,61,56,-4094
3082478025,2,3,-4,-9,58,52,-4087
3082479025,2,4,-4,-7,41,58,-4097
3082480025,2,6,-3,-11,49,58,-4085
3082481025,2,4,-6,-10,32,59,-4074
3082482025,2,2,-2,-2,32,51,-4084
3082483025,2,5,-1,-8,40,58,-4081
3082484025,2,2,0,-6,39,38,-4096
3082485025,2,8,-3,-6,58,59,-4086
3082486025,2,6,-6,-7,53,49,-4095
3082487025,2,8,-5,-7,50,62,-4092
3082488025,2,1,-4,-4,65,57,-4090
3082489025,2,4,-7,-7,50,51,-4078
3082490025,2,5,-2,-5,35,55,-4081
3082491025,2,8,-5,-7,43,69,-4092
3082492025,2,10,2,-3,30,58,-4086
3082493025,2,5,-4,-10,35,50,-4078
3082494025,2,7,-4,-3,35,45,-4085
3082495025,2,6,-9,-7,64,60,-4072
3082496025,2,8,-5,-8,39,59,-4078
3082497025,2,4,0,-4,53,53,-4089
3082498025,2,5,-3,-6,57,56,-4091
3082499025,2,5,-1,-11,43,56,-4091
3082500025,2,5,-3,-11,54,68,-4092
3082501026,2,7,-7,-8,43,66,-4081
3082502025,2,-3,-3,-13,36,57,-4092
3082503026,2,9,-10,-10,40,54,-4080
3082504027,2,1,1,-10,42,49,-4097
3082505025,2,1,-4,-7,43,58,-4081
3082506025,2,5,-4,-3,44,51,-4090
3082507025,2,2,-1,-6,37,42,-4075
3082508025,2,4,-4,-7,49,48,-4082
3082509025,2,4,-6,-6,52,48,-4102
3082510025,2,5,-2,-2,48,45,-4087
3082511025,2,5,-7,-8,43,51,-4094
3082512025,2,-2,-2,-7,40,50,-4094
3082513025,2,4,-2,-2,47,61,-4089
3082514025,2,4,-6,-5,49,63,-4097
3082515025,2,5,-2,-7,41,53,-4081
3082516025,2,3,-2,-6,41,48,-4085
3082517025,2,3,-5,-8,59,57,-4090
3082518025,2,3,0,-6,51,51,-4085
3082519025,2,1,-4,-8,47,56,-4098
3082520025,2,4,-6,-8,31,53,-4088
3082521025,2,6,-5,-11,48,50,-4102
3082522025,2,8,-8,-7,36,58,-4087
3082523025,2,-2,-7,-9,38,68,-4089
3082524025,2,7,-6,-10,37,61,-4076
3082525025,2,9,-2,-3,42,63,-4077
3082526025,2,3,0,-10,33,50,-4086
3082527025,2,1,-7,-8,27,57,-4078
3082528025,2,11,-10,-10,36,59,-4089
3082529025,2,0,-5,0,34,63,-4067
3082530025,2,7,-4,-6,43,65,-4074
3082531025,2,4,-7,-8,47,46,-4096
3082532025,2,7,-4,-12,46,68,-4080
3082533025,2,6,-3,-10,57,49,-4089
3082534025,2,-1,-1,-2,51,60,-4085
3082535025,2,9,-9,-4,45,67,-4091
3082536025,2,8,-6,-5,48,63,-4086
3082537025,2,6,-7,-8,35,65,-4094
3082538025,2,4,-4,-9,53,63,-4094
3082539025,2,2,4,-6,30,63,-4088
3082540025,2,5,-3,-8,48,55,-4085
3082541025,2,2,-6,-7,40,43,-4091
3082542025,2,3,-4,-4,51,45,-4096
3082543025,2,7,-8,-7,49,48,-4092
3082544025,2,4,-5,-8,50,58,-4107
3082545025,2,3,-6,-11,36,54,-4100
3082546025,2,7,-8,-11,49,57,-4086
3082547025,2,6,-13,-8,39,37,-4104
3082548025,2,7,-2,-6,59,53,-4097
3082549025,2,0,-8,-8,46,45,-4087
3082550025,2,2,0,-8,38,52,-4090
3082551025,2,4,-6,-8,36,53,-4081
3082552025,2,1,-4,-8,40,52,-4087
3082553025,2,1,-3,-4,49,63,-4084
3082554025,2,5,0,-8,52,66,-4085
3082555025,2,1,-4,-9,44,69,-4095
3082556025,2,1,-7,-8,41,63,-4106
3082557025,2,7,1,-5,38,59,-4088
3082558025,2,1,-2,-8,52,47,-4084
3082559025,2,2,-1,-8,56,49,-4090
3082560025,2,0,-2,-3,50,46,-4092
3082561025,2,1,-2,-6,45,50,-4094
3082562025,2,5,-7,-5,29,61,-4082
3082563025,2,6,-4,-4,46,57,-4082
3082564025,2,5,-9,-7,45,45,-4074
3082565025,2,4,-5,-11,57,42,-4094
3082566025,2,3,-4,-4,48,49,-4093
3082567025,2,5,-8,-8,51,58,-4083
3082568025,2,3,-2,-7,46,61,-4099
3082569025,2,5,0,-6,42,57,-4102
3082570025,2,5,-10,-9,42,71,-4081
3082571025,2,2,1,-2,41,60,-4086
3082572025,2,5,-10,-13,53,45,-4081
3082573025,2,6,-7,-4,49,47,-4075
3082574025,2,0,-2,-9,49,62,-4084
3082575025,2,7,3,-8,55,64,-4074
3082576025,2,5,-5,-6,47,54,-4072
3082577025,2,-2,-2,1,43,34,-4096
3082578025,2,1,-6,-8,64,59,-4085
3082579025,2,1,1,-6,40,47,-4098
3082580025,2,6,0,-6,43,73,-4100
3082581025,2,5,-10,-7,47,81,-4080
3082582025,2,3,0,-7,52,52,-4094
3082583025,2,2,-1,-10,49,58,-4068
3082584025,2,4,-1,-6,43,75,-4079
3082585025,2,6,-5,-8,41,37,-4074
3082586025,2,9,-7,-7,59,58,-4083
3082587025,2,7,-2,-6,55,41,-4097
3082588025,2,7,-3,-1,50,60,-4085
3082589025,2,7,-5,-7,51,54,-4072
3082590025,2,3,-4,-6,55,60,-4101
3082591025,2,3,-8,-11,47,54,-4100
3082592025,2,-1,-4,-4,43,54,-4090
3082593025,2,6,-1,-4,37,57,-4103
3082594025,2,10,-3,-10,46,74,-4086
3082595025,2,6,2,-10,47,59,-4080
3082596025,2,3,-3,-9,39,66,-4083
3082597025,2,3,-4,-7,42,48,-4076
3082598025,2,3,-1,-9,32,42,-4085
3082599025,2,2,-10,-7,49,65,-4095
3082600025,2,3,-5,-9,35,42,-4108
3082601025,2,5,-7,-10,40,49,-4088
3082602025,2,2,-6,-5,43,57,-4094
3082603025,2,3,2,-5,38,70,-4082
3082604025,2,9,-7,-12,46,70,-4090
3082605025,2,3,-3,-6,52,60,-4106
3082606025,2,3,1,-3,42,47,-4085
3082607025,2,5,-5,-11,50,72,-4092
3082608025,2,4,-6,-5,44,62,-4089
3082609025,2,-1,-2,-8,44,68,-4078
3082610025,2,5,-4,-5,44,47,-4110
3082611025,2,3,-5,-5,46,61,-4094
3082612025,2,6,-3,-5,39,42,-4092
3082613025,2,4,-5,-10,46,56,-4090
3082614025,2,4,-5,-8,52,60,-4089
3082615025,2,4,-13,-12,50,42,-4076
3082616025,2,6,-4,-12,44,42,-4089
3082617025,2,3,-6,-10,52,51,-4071
3082618025,2,4,-7,-8,37,59,-4100
3082619025,2,3,-3,-3,37,68,-4076
3082620025,2,5,-4,-7,61,60,-4086
3082621025,2,3,-3,-4,39,51,-4103
3082622025,2,5,-6,-7,43,61,-4090
3082623025,2,11,-6,-3,48,47,-4092
3082624025,2,4,-3,-6,56,54,-4089
3082625025,2,4,-2,-5,40,64,-4099
3082626025,2,7,-7,-4,46,53,-4085
3082627025,2,7,-5,-10,47,38,-4100
3082628025,2,6,-4,-12,37,57,-4085
3082629025,2,8,-5,-10,29,55,-4092
3082630025,2,6,-3,-9,45,49,-4095
3082631025,2,6,-7,-9,47,65,-4078
3082632025,2,2,-5,-4,55,56,-4078
3082633025,2,0,-3,-8,47,45,-4083
3082634025,2,4,-4,-8,56,43,-4084
3082635025,2,-2,0,-4,51,47,-4099
3082636025,2,6,-8,-8,61,51,-4098
3082637025,2,4,-2,-5,52,58,-4084
3082638025,2,4,-8,-8,55,51,-4108
3082639025,2,3,-6,-10,38,55,-4102
3082640025,2,2,-3,-4,31,46,-4089
3082641025,2,6,-5,-10,54,61,-4085
3082642025,2,4,-7,-11,37,52,-4100
3082643025,2,6,-1,-11,47,58,-4088
3082644025,2,7,-4,-6,60,60,-4091
3082645025,2,2,-3,-5,51,32,-4088
3082646025,2,0,-1,-1,63,62,-4078
3082647025,2,3,0,-2,33,57,-4095
3082648025,2,2,-3,-8,50,53,-4094
3082649025,2,4,-7,-8,50,67,-4088
3082650025,2,7,-1,-5,34,62,-4096
3082651025,2,5,-2,-5,49,56,-4080
3082652025,2,6,-5,-4,51,48,-4100
3082653025,2,5,-1,-9,52,48,-4084
3082654025,2,1,-2,-9,52,54,-4096
3082655025,2,8,-10,-6,50,59,-4093
3082656025,2,1,-4,-5,42,45,-4076
3082657025,2,1,-1,-9,50,51,-4109
3082658025,2,5,-4,-9,53,57,-4093
3082659025,2,8,-6,-6,46,53,-4091
3082660025,2,5,-7,-3,35,50,-4079
3082661025,2,2,-4,-7,34,62,-4100
3082662025,2,0,-5,-9,37,54,-4082
3082663025,2,-1,-4,-5,42,53,-4091
3082664025,2,3,0,-10,42,60,-4083
3082665025,2,1,-2,-6,50,64,-4086
3082666025,2,5,-8,-10,38,58,-4087
3082667025,2,5,5,-3,53,54,-4083
3082668025,2,6,-8,-8,44,67,-4088
3082669025,2,3,-2,-5,44,55,-4086
3082670025,2,4,-4,-8,39,39,-4102
3082671025,2,8,-4,-9,43,72,-4099
3082672025,2,6,-3,-9,43,54,-4101
3082673025,2,1,-3,-9,51,70,-4087
3082674025,2,7,-8,-10,48,58,-4083
3082675025,2,5,-6,-9,45,60,-4090
3082676025,2,0,-2,-10,46,51,-4091
3082677025,2,6,-5,-1,44,45,-4094
3082678025,2,2,1,-6,56,60,-4097
3082679025,2,1,-5,1,58,44,-4093
3082680025,2,3,-1,-8,34,45,-4092
3082681025,2,5,-7,-4,30,52,-4100
3082682025,2,6,-3,-6,48,45,-4086
3082683025,2,1,-4,-8,33,50,-4084
3082684025,2,1,-4,-7,39,49,-4077
3082685025,2,5,-2,-8,29,53,-4078
3082686025,2,-3,1,-8,50,60,-4078
3082687025,2,3,-5,-7,52,41,-4073
3082688025,2,5,-4,-12,53,56,-4093
3082689025,2,1,1,-7,47,71,-4088
3082690025,2,6,-3,-9,68,65,-4089
3082691025,2,4,2,-7,53,42,-4101
3082692025,2,8,-6,-10,40,47,-4090
3082693025,2,1,-2,-1,34,50,-4093
3082694025,2,4,2,-10,34,42,-4086
3082695025,2,12,-8,-8,46,51,-4105
3082696025,2,1,-4,-5,34,52,-4098
3082697025,2,9,-4,-9,46,49,-4079
3082698025,2,5,0,-10,55,60,-4088
3082699025,2,1,-4,-7,48,54,-4092
3082700025,2,3,-7,-7,37,55,-4078
3082701025,2,9,-5,-7,51,51,-4085
3082702025,2,3,1,-10,47,59,-4085
3082703025,2,3,-4,-9,34,52,-4086
3082704025,2,11,-8,-7,45,51,-4090
3082705025,2,6,-7,-4,52,46,-4088
3082706025,2,8,-7,-10,47,50,-4080
3082707025,2,5,-6,-4,47,60,-4082
3082708025,2,5,-5,-5,39,52,-4094
3082709025,2,5,-10,-6,46,62,-4085
3082710025,2,1,-1,-8,38,64,-4074
3082711025,2,5,3,-7,51,54,-4096
3082712025,2,1,0,-7,43,55,-4098
3082713025,2,2,-1,-5,49,58,-4080
3082714025,2,5,-4,-8,46,48,-4089
3082715025,2,1,-9,-6,34,59,-4089
3082716025,2,7,-6,-10,46,54,-4096
3082717025,2,7,-2,-10,47,64,-4096
3082718025,2,1,-4,-11,37,64,-4076
3082719025,2,2,-9,-3,41,49,-4095
3082720025,2,4,3,-10,47,54,-4087
3082721025,2,6,-5,-6,34,47,-4086
3082722025,2,5,-4,-7,36,68,-4079
3082723025,2,-1,3,-5,30,59,-4090
3082724025,2,5,-3,-3,45,47,-4091
3082725025,2,-1,-2,-1,49,59,-4095
3082726025,2,3,-4,-8,44,37,-4080
3082727025,2,7,-3,-8,43,51,-4087
3082728025,2,2,-1,-7,55,56,-4085
3082729025,2,4,-10,-10,48,67,-4088
3082730025,2,3,-5,-5,44,62,-4088
3082731025,2,-2,-3,-12,40,52,-4074
3082732025,2,4,-5,-10,59,42,-4077
3082733025,2,5,-10,-7,47,62,-4095
3082734025,2,3,-4,-9,55,62,-4094
3082735025,2,12,-14,-13,60,41,-4097
3082736025,2,2,-5,-10,37,57,-4102
3082737025,2,6,-6,-5,56,56,-4087
3082738025,2,-3,-5,-6,42,53,-4083
3082739025,2,1,-4,-5,48,49,-4079
3082740025,2,5,-2,-9,42,57,-4084
3082741025,2,4,-5,-5,44,54,-4093
3082742025,2,2,-4,-4,37,56,-4099
3082743025,2,4,-3,-4,48,58,-4071
3082744025,2,3,0,-7,56,64,-4080
3082745025,2,2,-7,-11,36,70,-4062
3082746025,2,5,-3,-6,54,61,-4090
3082747025,2,3,-6,-6,49,49,-4081
3082748025,2,1,-5,-9,43,39,-4095
3082749025,2,5,1,-9,46,44,-4100
3082750025,2,4,-8,-7,51,54,-4094
3082751025,2,7,-5,-12,25,56,-4091
3082752025,2,3,-5,-7,44,42,-4102
3082753025,2,1,-4,-3,41,50,-4112
3082754025,2,2,-6,-5,47,62,-4094
3082755025,2,7,2,-6,47,49,-4083
3082756025,2,8,-5,-4,61,61,-4085
3082757025,2,8,0,-8,54,45,-4097
3082758025,2,7,-3,-1,37,46,-4073
3082759025,2,3,-2,-3,40,47,-4094
3082760025,2,5,-3,-4,48,43,-4091
3082761025,2,-3,-2,-2,45,49,-4086
3082762025,2,2,-5,-5,51,66,-4087
3082763025,2,5,-1,-11,36,59,-4092
3082764025,2,10,-4,-9,45,58,-4096
3082765025,2,2,-3,-6,34,46,-4091
3082766025,2,9,-3,-8,45,56,-4074
3082767025,2,4,-3,-13,31,38,-4082
3082768025,2,5,-3,-12,48,56,-4084
3082769025,2,5,-5,-9,61,60,-4092
3082770025,2,4,-7,-9,35,46,-4093
3082771025,2,5,-5,-8,41,58,-4085
3082772025,2,4,-5,-4,38,58,-4083
3082773025,2,1,-7,-9,42,58,-4080
3082774025,2,8,-2,-4,54,69,-4086
3082775025,2,11,-6,-9,51,44,-4091
3082776025,2,4,-1,-2,29,55,-4088
3082777025,2,7,-4,-2,38,62,-4082
3082778025,2,-1,-6,-11,55,49,-4073
3082779025,2,-1,0,-4,43,45,-4092
3082780025,2,6,-10,-6,48,60,-4084
3082781025,2,4,-2,-6,54,58,-4083
3082782025,2,0,-4,-7,46,54,-4084
3082783025,2,4,-1,-5,33,75,-4082
3082784025,2,6,-3,-8,34,63,-4100
3082785025,2,3,-4,-5,47,62,-4102
3082786025,2,5,-7,-6,37,68,-4077
3082787025,2,7,0,-6,26,70,-4083
3082788025,2,8,-3,-6,38,64,-4101
3082789025,2,5,-1,-10,46,54,-4081
3082790025,2,2,1,-4,48,55,-4092
3082791025,2,12,-7,-8,44,54,-4076
3082792025,2,5,-4,-8,37,53,-4107
3082793025,2,8,-2,-10,45,45,-4095
3082794025,2,7,-10,-13,48,71,-4092
3082795025,2,1,-4,-9,46,46,-4088
3082796025,2,2,-3,-4,43,61,-4082
3082797025,2,-1,-6,-8,40,71,-4098
3082798025,2,3,-4,-3,34,66,-4075
3082799025,2,4,-3,-2,51,48,-4086
3082800025,2,6,-2,0,38,54,-4088
3082801025,2,1,-3,-6,43,50,-4078
3082802025,2,6,-11,-8,50,53,-4084
3082803025,2,1,-1,-5,37,53,-4076
3082804025,2,8,-2,-9,54,61,-4084
3082805025,2,3,-2,-4,37,49,-4086
3082806025,2,5,-3,-5,38,49,-4091
3082807025,2,3,-8,-5,53,52,-4085
3082808025,2,6,-4,-7,42,68,-4094
3082809025,2,1,-7,-5,51,63,-4096
3082810025,2,2,-6,-2,51,45,-4087
3082811025,2,0,-3,-7,41,57,-4070
3082812025,2,4,-4,-6,44,55,-4084
3082813025,2,3,1,-6,37,72,-4088
3082814025,2,4,-4,-8,45,59,-4083
3082815025,2,8,-7,-11,30,38,-4091
3082816025,2,3,-4,-8,60,57,-4075
3082817025,2,1,-2,-3,34,61,-4084
3082818025,2,7,-2,-13,50,54,-4091
3082819025,2,-3,-5,-13,53,66,-4090
3082820025,2,1,-4,-8,43,61,-4074
3082821025,2,2,-3,-7,59,57,-4097
3082822025,2,1,2,-9,45,51,-4090
3082823025,2,7,-5,-3,55,53,-4081
3082824025,2,3,2,-5,44,42,-4084
3082825025,2,7,-4,-7,46,43,-4081
3082826025,2,3,-1,1,43,56,-4092
3082827025,2,9,1,-8,46,60,-4101
3082828025,2,3,-10,-6,35,45,-4082
3082829025,2,-1,-6,-9,50,58,-4076
3082830025,2,3,2,-11,46,64,-4094
3082831025,2,4,-7,-5,37,67,-4086
3082832025,2,7,3,-4,42,67,-4089
3082833025,2,1,0,-5,53,49,-4072
3082834025,2,4,-3,-9,49,47,-4071
3082835025,2,-2,-3,-7,40,43,-4076
3082836025,2,3,-6,-7,59,38,-4093
3082837025,2,-2,-3,-9,42,40,-4084
3082838025,2,2,-3,-6,46,48,-4084
3082839025,2,8,-4,-11,59,49,-4106
3082840025,2,5,-1,-11,51,40,-4105
3082841025,2,5,-3,-5,44,66,-4081
3082842025,2,7,-11,-9,36,52,-4095
3082843025,2,7,-3,-8,44,54,-4080
3082844025,2,10,-4,-7,43,54,-4076
3082845025,2,3,-4,-4,43,60,-4084
3082846025,2,6,-4,-5,34,40,-4076
3082847025,2,0,-6,-9,44,45,-4084
3082848025,2,3,-6,-7,40,40,-4076
3082849025,2,4,-1,-12,34,43,-4089
3082850025,2,0,-6,-8,50,37,-4082
3082851025,2,-1,-2,-8,50,50,-4084
3082852025,2,9,-8,-8,52,53,-4098
3082853025,2,4,-2,-10,48,63,-4106
3082854025,2,3,-1,-6,49,46,-4098
3082855025,2,7,-10,-7,63,66,-4094
3082856025,2,1,0,-3,45,38,-4092
3082857025,2,4,-2,-5,28,62,-4090
3082858025,2,2,-6,-6,41,46,-4085
3082859025,2,6,2,-4,19,45,-4088
3082860025,2,7,-2,-6,30,46,-4096
3082861025,2,4,-4,-3,37,47,-4090
3082862025,2,6,-5,-8,46,57,-4082
3082863025,2,7,-3,-6,45,59,-4094
3082864025,2,4,-2,-8,56,60,-4099
3082865025,2,5,-6,-8,42,52,-4092
3082866025,2,6,-4,-7,39,58,-4092
3082867025,2,4,-8,-8,52,56,-4080
3082868025,2,3,-6,-4,39,47,-4084
3082869025,2,9,-8,-10,37,51,-4097
3082870025,2,4,-3,-11,50,56,-4088
3082871025,2,5,-8,-4,39,57,-4103
3082872025,2,-3,-2,-4,42,54,-4092
3082873025,2,5,-6,-6,40,61,-4077
3082874025,2,6,-9,-13,51,47,-4086
3082875025,2,3,-4,-6,53,58,-4092
3082876025,2,5,-4,-5,35,60,-4097
3082877025,2,0,-2,-3,36,57,-4100
3082878025,2,3,-8,-8,36,59,-4081
3082879025,2,6,-10,-10,49,67,-4090
3082880025,2,1,-3,-2,36,44,-4076
3082881025,2,8,-7,-6,47,32,-4081
3082882025,2,6,-5,-3,38,53,-4100
3082883025,2,1,0,-4,44,54,-4089
3082884025,2,3,-9,-6,46,62,-4097
3082885025,2,1,-2,-8,48,51,-4090
3082886025,2,4,2,-6,34,47,-4091
3082887025,2,11,-7,-8,46,51,-4101
3082888025,2,0,-3,-8,42,51,-4086
3082889025,2,7,-7,-8,50,49,-4090
3082890025,2,0,-5,-2,46,47,-4071
3082891025,2,4,-4,-7,35,63,-4075
3082892025,2,0,-1,-5,67,58,-4101
3082893025,2,4,-7,-6,37,42,-4086
3082894025,2,5,-4,-6,51,53,-4093
3082895025,2,5,-1,-5,33,56,-4102
3082896025,2,3,-5,-7,60,70,-4097
3082897025,2,5,-6,-11,43,43,-4100
3082898025,2,0,-4,-7,48,42,-4071
3082899025,2,3,-6,-10,41,47,-4098
3082900025,2,6,-5,-6,45,44,-4091
3082901025,2,2,-4,-9,45,42,-4076
3082902025,2,2,-3,-3,40,45,-4081
3082903025,2,3,-6,-7,24,54,-4077
3082904025,2,1,1,-11,48,48,-4080
3082905025,2,8,-9,-13,51,43,-4076
3082906025,2,5,-6,-10,54,55,-4082
3082907025,2,1,-2,-9,53,52,-4104
3082908025,2,2,-3,-5,41,61,-4103
3082909025,2,0,-1,-7,37,57,-4093
3082910025,2,5,-2,-3,52,59,-4093
3082911025,2,10,-7,-9,46,33,-4098
3082912025,2,4,-1,-7,43,57,-4088
3082913025,2,3,-4,-7,46,62,-4100
3082914025,2,8,-8,-9,43,45,-4076
3082915025,2,1,-5,-5,50,49,-4080
3082916025,2,6,-2,-9,32,41,-4070
3082917025,2,2,-2,-7,48,50,-4098
3082918025,2,1,-5,-9,34,39,-4103
3082919025,2,1,-2,-5,26,54,-4077
3082920025,2,3,-3,-11,21,43,-4095
3082921025,2,5,-5,-9,50,64,-4105
3082922025,2,0,0,-3,48,64,-4089
3082923025,2,1,4,-8,33,60,-4093
3082924025,2,0,-7,-11,36,50,-4082
3082925025,2,4,-7,-9,48,54,-4098
3082926025,2,4,-3,-7,31,55,-4094
3082927025,2,8,-5,-11,38,52,-4089
3082928025,2,1,-1,-7,47,40,-4068
3082929025,2,9,-7,-8,38,38,-4090
3082930025,2,4,-3,-6,66,55,-4075
3082931025,2,6,-2,-7,42,62,-4081
3082932025,2,5,-4,-2,37,69,-4075
3082933025,2,3,-4,-4,49,65,-4080
3082934025,2,9,-3,-2,39,64,-4074
3082935025,2,6,-6,0,40,50,-4088
3082936025,2,7,1,-8,29,53,-4078
3082937025,2,4,-4,-9,23,48,-4097
3082938025,2,8,-7,-9,46,40,-4090
3082939025,2,5,-4,-8,42,62,-4086
3082940025,2,7,2,-5,50,51,-4089
3082941025,2,9,-5,-8,46,51,-4083
3082942025,2,3,-5,-10,37,53,-4100
3082943025,2,5,-5,-5,57,56,-4082
3082944025,2,10,-4,-9,42,53,-4108
3082945025,2,-3,-5,-7,42,57,-4086
3082946025,2,12,-5,-11,38,60,-4082
3082947025,2,5,2,-6,42,53,-4080
3082948025,2,9,-5,-12,36,54,-4085
3082949025,2,2,-9,-6,56,53,-4089
3082950025,2,2,-6,-8,50,59,-4077
3082951025,2,7,-6,-9,36,45,-4090
3082952025,2,1,2,-2,39,52,-4083
3082953025,2,4,-3,-4,49,51,-4091
3082954025,2,4,-1,-6,41,44,-4083
3082955025,2,5,0,-11,54,50,-4081
3082956025,2,8,-5,-8,44,57,-4077
3082957025,2,7,-4,-5,30,54,-4105
3082958025,2,7,-5,-5,23,52,-4072
3082959025,2,2,-3,-7,41,50,-4067
3082960025,2,-2,0,-5,63,65,-4081
3082961025,2,3,-5,-2,52,62,-4086
3082962025,2,-2,-5,-4,47,46,-4076
3082963025,2,4,1,-7,34,41,-4078
3082964025,2,0,-2,-4,53,41,-4080
3082965025,2,8,-3,-7,32,53,-4095
3082966025,2,2,-6,-7,35,52,-4080
3082967025,2,3,4,-7,52,50,-4090
3082968025,2,6,-3,-9,60,57,-4105
3082969025,2,10,-3,-9,48,72,-4105
3082970025,2,7,1,-11,58,50,-4093
3082971025,2,0,-2,0,46,55,-4093
3082972025,2,3,-1,-5,42,52,-4094
3082973025,2,5,1,-6,50,51,-4099
3082974025,2,4,-4,-4,59,65,-4101
3082975025,2,6,-8,-2,50,52,-4085
3082976025,2,6,-4,-4,36,52,-4089
3082977025,2,7,2,-4,47,46,-4096
3082978025,2,1,-7,-3,50,56,-4085
3082979025,2,-1,0,-3,54,52,-4085
3082980025,2,7,-6,-12,44,62,-4078
3082981025,2,8,-3,-9,38,54,-4095
3082982025,2,6,-4,-7,49,53,-4088
3082983025,2,8,-6,-14,62,43,-4093
3082984025,2,5,-3,-9,51,52,-4090
3082985025,2,7,-7,-13,49,53,-4102
3082986025,2,5,-5,-8,57,37,-4093
3082987025,2,3,-1,-13,40,41,-4101
3082988025,2,8,-10,-8,51,56,-4087
3082989025,2,5,-4,-3,36,61,-4092
3082990025,2,8,-7,-7,35,59,-4102
3082991025,2,8,-3,-1,47,49,-4087
3082992025,2,3,-2,-6,44,56,-4095
3082993025,2,8,-7,-8,40,55,-4081
3082994025,2,1,-5,-10,44,58,-4090
3082995025,2,3,-1,-6,42,48,-4071
3082996025,2,6,-6,-9,58,42,-4093
3082997025,2,5,-6,-9,48,59,-4095
3082998025,2,6,-5,-6,42,55,-4119
3082999025,2,5,-2,-10,37,58,-4070
3083000025,2,0,-1,-6,46,69,-4065
3083001025,2,-4,-3,-4,32,61,-4090
3083002025,2,4,-3,-6,45,46,-4087
3083003025,2,2,-3,-5,45,57,-4061
3083004025,2,6,-6,-5,48,46,-4077
3083005025,2,7,0,-4,41,61,-4085
3083006025,2,8,-4,-7,42,60,-4098
3083007025,2,4,-6,-8,37,45,-4085
3083008025,2,2,-4,-7,41,52,-4085
3083009025,2,4,-1,-4,45,54,-4084
3083010025,2,2,-6,-5,45,51,-4092
3083011025,2,2,-1,-9,57,51,-4092
3083012025,2,6,-6,-7,37,59,-4099
3083013025,2,7,-2,-8,49,42,-4086
3083014025,2,2,2,-7,53,47,-4093
3083015025,2,10,-5,-11,40,68,-4084
3083016025,2,8,-1,-7,36,56,-4087
3083017025,2,7,-5,-8,30,43,-4101
3083018025,2,0,2,-7,56,41,-4082
3083019025,2,3,-2,-5,43,54,-4083
3083020025,2,10,-9,-6,35,48,-4081
3083021025,2,1,-6,-5,51,47,-4089
3083022025,2,7,-4,-6,49,62,-4087
3083023025,2,3,0,-1,23,52,-4078
3083024025,2,7,-5,-4,49,71,-4085
3083025025,2,3,-11,-9,46,61,-4090
3083026025,2,3,-6,-6,42,50,-4095
3083027025,2,0,-3,-2,44,49,-4094
3083028025,2,-2,-2,0,57,48,-4080
3083029025,2,4,-5,-9,45,46,-4086
3083030025,2,6,-3,-6,41,53,-4087
3083031025,2,5,-8,-10,38,56,-4092
3083032025,2,-1,0,-5,62,47,-4073
3083033025,2,2,-9,-12,41,50,-4073
3083034025,2,5,-2,-12,27,53,-4084
3083035025,2,2,-4,-9,42,51,-4073
3083036025,2,7,-3,-7,44,66,-4094
3083037025,2,3,0,-8,52,59,-4075
3083038025,2,0,-6,-9,42,60,-4081
3083039025,2,1,-7,-4,54,63,-4081
3083040025,2,2,-6,-6,40,65,-4071
3083041025,2,9,-2,-6,50,47,-4098
3083042025,2,5,-5,-5,52,57,-4086
3083043025,2,7,2,-9,43,49,-4075
3083044025,2,1,-3,-9,54,58,-4088
3083045025,2,8,-6,-7,58,71,-4102
3083046025,2,4,-5,-13,58,64,-4102
3083047025,2,3,-8,-3,55,48,-4092
3083048025,2,8,0,-7,44,49,-4093
3083049025,2,4,-6,-5,39,53,-4091
3083050025,2,-3,-6,-7,31,57,-4098
3083051025,2,2,-2,-7,27,47,-4084
3083052025,2,6,-7,-9,53,43,-4086
3083053025,2,3,-4,-10,33,53,-4093
3083054025,2,4,0,-6,46,53,-4083
3083055025,2,4,-3,-5,35,53,-4078
3083056025,2,1,3,-7,50,62,-4098
3083057025,2,7,-8,-7,41,64,-4101
3083058025,2,-1,-9,-5,41,50,-4087
3083059025,2,5,-3,-4,23,50,-4097
3083060025,2,7,-1,-1,46,55,-4108
3083061025,2,6,-7,-8,61,47,-4075
3083062025,2,4,-7,-7,64,47,-4084
3083063025,2,3,-3,-8,52,53,-4090
3083064025,2,7,-4,-5,47,64,-4077
3083065025,2,2,3,-11,48,49,-4078
3083066025,2,1,0,-7,48,60,-4103
3083067025,2,3,-1,-9,44,50,-4087
3083068025,2,6,-1,-10,48,48,-4080
3083069025,2,6,-3,-9,52,54,-4090
3083070025,2,5,-3,-10,50,61,-4083
3083071025,2,3,-4,-8,49,55,-4091
3083072025,2,7,-3,-6,47,71,-4089
3083073025,2,5,-1,-3,42,68,-4093
3083074025,2,2,0,-6,55,70,-4097
3083075025,2,0,-3,-3,47,60,-4107
3083076025,2,7,-3,-8,42,49,-4088
3083077025,2,6,-8,-12,50,62,-4084
3083078025,2,3,-4,-8,24,65,-4097
3083079025,2,7,-4,-13,41,63,-4075
3083080025,2,-1,-5,-8,38,55,-4100
3083081025,2,7,-5,-8,40,52,-4085
3083082025,2,0,-5,-6,49,68,-4079
3083083025,2,4,-3,-7,38,56,-4087
3083084025,2,9,-8,-11,35,56,-4089
3083085025,2,4,-4,-7,41,54,-4069
3083086025,2,5,-1,-9,50,46,-4090
3083087025,2,3,-1,-4,47,47,-4080
3083088025,2,1,-1,-10,53,51,-4079
3083089025,2,8,-7,-10,55,64,-4087
3083090025,2,0,-8,-4,41,48,-4085
3083091025,2,8,-2,-5,42,64,-4094
3083092025,2,4,-3,-2,34,47,-4096
3083093025,2,3,-6,-7,27,60,-4094
3083094025,2,5,-1,-3,39,53,-4086
3083095025,2,8,-5,-4,45,60,-4087
3083096025,2,6,3,-5,48,62,-4071
3083097025,2,1,-10,-7,33,50,-4084
3083098025,2,3,-3,-11,38,55,-4080
3083099025,2,6,-4,-7,45,44,-4077
3083100025,2,5,-5,-9,44,56,-4082
3083101025,2,4,-1,-11,43,43,-4091
3083102025,2,3,-9,-4,46,58,-4088
3083103025,2,2,-5,-8,54,57,-4082
3083104025,2,3,-2,-7,37,48,-4095
3083105025,2,1,0,-4,45,59,-4089
3083106025,2,5,-6,0,46,53,-4102
3083107025,2,2,-4,-5,48,54,-4103
3083108025,2,3,-4,-5,49,49,-4087
3083109025,2,-1,-8,-8,44,59,-4091
3083110025,2,0,3,-2,55,50,-4084
3083111025,2,6,-5,-11,46,47,-4100
3083112025,2,3,-7,-5,47,64,-4087
3083113025,2,6,-8,-2,40,60,-4093
3083114025,2,3,0,-2,53,47,-4095
3083115025,2,5,0,-6,40,69,-4084
3083116025,2,6,-6,-11,54,50,-4087
3083117025,2,-1,-5,-4,35,74,-4086
3083118025,2,4,-1,-11,53,64,-4088
3083119025,2,5,-6,-5,59,52,-4092
3083120025,2,5,1,-5,35,55,-4102
3083121025,2,1,-6,-11,43,55,-4083
3083122025,2,2,-3,-8,57,46,-4093
3083123025,2,4,-3,-9,45,54,-4091
3083124025,2,-2,-3,-3,39,57,-4091
3083125025,2,0,0,-7,53,49,-4101
3083126025,2,4,-3,-7,57,44,-4079
3083127025,2,10,-15,-9,46,67,-4086
3083128025,2,2,2,-7,54,58,-4077
3083129025,2,2,-11,-11,33,69,-4088
3083130025,2,1,-7,-6,41,68,-4096
3083131025,2,9,-2,-7,50,49,-4081
3083132025,2,5,-8,-5,59,43,-4071
3083133025,2,6,-3,-3,47,42,-4085
3083134025,2,3,-2,-7,53,61,-4083
3083135025,2,2,-5,-5,39,44,-4086
3083136025,2,5,-2,-3,34,57,-4095
3083137025,2,1,1,-6,41,56,-4110
3083138025,2,1,-5,-6,28,54,-4093
3083139025,2,6,-3,-9,40,63,-4095
3083140025,2,10,-11,-13,39,45,-4091
3083141025,2,9,-8,-8,38,51,-4092
3083142025,2,-1,-8,-9,43,63,-4083
3083143025,2,7,-9,-5,56,54,-4079
3083144025,2,-3,-1,-7,43,60,-4092
3083145025,2,2,-4,-7,49,58,-4086
3083146025,2,4,-8,-10,55,56,-4097
3083147025,2,8,2,-6,61,47,-4102
3083148025,2,4,-4,-9,42,60,-4096
3083149025,2,2,-4,-2,41,51,-4110
3083150025,2,2,-4,-4,42,66,-4093
3083151025,2,0,-3,-11,40,58,-4081
3083152025,2,1,0,-4,51,59,-4079
3083153025,2,4,-10,-7,30,50,-4090
3083154025,2,1,-3,-7,47,49,-4073
3083155025,2,7,-4,-4,36,47,-4082
3083156025,2,6,-2,-7,39,40,-4084
3083157025,2,4,-1,-6,42,50,-4081
3083158025,2,1,-10,-8,39,49,-4089
3083159025,2,1,-2,-8,62,54,-4100
3083160025,2,4,-4,-6,46,48,-4096
3083161025,2,1,-5,-9,53,59,-4095
3083162025,2,8,-1,-8,55,44,-4077
3083163025,2,0,2,-5,44,65,-4092
3083164025,2,9,-4,-6,31,72,-4106
3083165025,2,1,-2,-8,54,59,-4102
3083166025,2,5,-10,-16,52,53,-4092
3083167025,2,4,-8,-7,57,64,-4090
3083168025,2,0,-5,-12,44,40,-4082
3083169025,2,7,2,-6,50,53,-4083
3083170025,2,-2,-7,-9,45,47,-4089
3083171025,2,3,-5,-4,45,57,-4098
3083172025,2,3,-3,-10,39,57,-4093
3083173025,2,5,-4,-5,39,66,-4098
3083174025,2,4,-2,-6,35,46,-4088
3083175025,2,8,-5,-5,54,48,-4098
3083176025,2,4,-4,-7,35,52,-4077
3083177025,2,4,-5,-6,40,44,-4072
3083178025,2,8,-6,-5,53,58,-4087
3083179025,2,1,1,-8,49,61,-4098
3083180025,2,4,-5,-4,50,52,-4099
3083181025,2,1,-3,-1,50,59,-4086
3083182025,2,7,-4,-6,30,53,-4095
3083183025,2,3,-3,-6,37,56,-4101
3083184025,2,8,-3,-9,36,60,-4097
3083185025,2,3,-5,-4,36,52,-4100
3083186025,2,4,-6,-6,42,72,-4079
3083187025,2,2,-6,-9,38,64,-4087
3083188025,2,9,-5,-11,40,64,-4094
3083189025,2,6,-5,-9,41,45,-4088
3083190025,2,2,-3,-9,38,58,-4089
3083191025,2,4,-6,-9,51,49,-4094
3083192025,2,2,-1,-6,56,46,-4089
3083193025,2,9,-10,-11,28,54,-4084
3083194025,2,-1,-3,-5,27,41,-4090
3083195025,2,6,-3,-5,43,63,-4097
3083196025,2,5,-10,-7,47,56,-4098
3083197025,2,-1,-2,-10,36,60,-4089
3083198025,2,1,-6,-4,28,52,-4077
3083199025,2,6,-6,-8,43,42,-4088
3083200025,2,3,-4,-6,41,68,-4074
3083201025,2,5,-7,-10,50,61,-4080
3083202025,2,8,-5,-7,50,52,-4091
3083203025,2,-1,-2,-7,50,47,-4105
3083204025,2,1,-5,-6,42,47,-4097
3083205025,2,5,0,-6,39,59,-4101
3083206025,2,6,-5,-12,45,41,-4086
3083207025,2,5,-4,-10,40,64,-4096
3083208025,2,0,2,2,38,43,-4082
3083209025,2,4,-4,-3,39,59,-4083
3083210025,2,6,-1,-6,40,40,-4073
3083211025,2,1,2,-7,40,62,-4072
3083212025,2,1,-4,-10,36,58,-4082
3083213025,2,1,-5,-9,42,48,-4085
3083214025,2,0,-6,-8,49,50,-4090
3083215025,2,1,1,-10,40,58,-4087
3083216025,2,1,-2,-5,50,53,-4085
3083217025,2,5,-5,-4,55,46,-4086
3083218025,2,1,-8,-11,44,50,-4099
3083219025,2,3,-3,-6,42,59,-4101
3083220025,2,3,-8,-6,37,65,-4091
3083221025,2,5,-2,-4,54,64,-4092
3083222025,2,5,-2,-9,37,59,-4088
3083223025,2,0,-6,-6,46,64,-4098
3083224025,2,7,-6,-4,58,57,-4096
3083225025,2,9,-12,-11,44,60,-4079
3083226025,2,-2,-2,-5,39,53,-4098
3083227025,2,2,-1,-10,43,68,-4091
3083228025,2,4,0,-6,34,50,-4080
3083229025,2,5,-4,-10,44,54,-4088
3083230025,2,4,-9,-15,43,60,-4102
3083231025,2,3,-1,-12,54,71,-4092
3083232025,2,8,-3,-12,51,55,-4091
3083233025,2,10,-3,-7,50,39,-4087
3083234025,2,3,-1,-7,58,52,-4099
3083235025,2,4,-2,-7,45,44,-4097
3083236025,2,5,-5,-5,49,39,-4083
3083237025,2,6,-5,-9,41,55,-4083
3083238025,2,1,-3,-9,47,64,-4094
3083239025,2,8,-3,-4,47,70,-4096
3083240025,2,1,-3,-6,46,63,-4080
3083241025,2,3,-5,-10,50,60,-4080
3083242025,2,5,-5,-4,43,59,-4089
3083243025,2,1,-5,-9,36,57,-4075
3083244025,2,10,-8,-8,42,56,-4072
3083245025,2,0,-7,-5,43,66,-4071
3083246025,2,-1,-4,-4,47,48,-4076
3083247025,2,-2,-3,-7,45,54,-4089
3083248025,2,1,-4,-7,61,63,-4091
3083249025,2,5,0,-4,60,42,-4095
3083250025,2,7,-3,-10,40,50,-4099
3083251025,2,0,-4,-11,48,46,-4090
3083252025,2,6,-4,-12,38,49,-4097
3083253025,2,1,-3,-11,38,52,-4096
3083254025,2,6,-7,-14,40,65,-4085
3083255025,2,3,-7,-8,43,68,-4084
3083256025,2,2,-2,-6,44,61,-4091
3083257025,2,5,-5,-9,44,50,-4093
3083258025,2,0,-5,-7,32,56,-4104
3083259025,2,6,-4,-10,38,58,-4085
3083260025,2,4,2,-5,56,49,-4079
3083261025,2,3,-2,-5,64,54,-4097
3083262025,2,5,-5,-5,39,54,-4087
3083263025,2,8,-2,-3,48,53,-4099
3083264025,2,5,-1,-3,56,51,-4089
3083265025,2,0,-2,-6,52,59,-4097
3083266025,2,5,-4,-4,52,46,-4101
3083267025,2,8,-6,-8,45,56,-4096
3083268025,2,5,-9,-8,20,54,-4093
3083269025,2,0,-3,-8,48,46,-4090
3083270025,2,3,-2,-3,50,59,-4100
3083271025,2,11,-6,-6,38,48,-4096
3083272025,2,4,4,-4,44,54,-4095
3083273025,2,5,-4,-4,36,64,-4080
3083274025,2,-3,-5,-7,41,54,-4077
3083275025,2,3,-5,-8,31,64,-4092
3083276025,2,9,-9,-13,33,53,-4080
3083277025,2,7,-1,-9,35,55,-4099
3083278025,2,2,1,-5,39,56,-4074
3083279025,2,2,-9,-7,67,54,-4101
3083280025,2,5,-6,-8,50,61,-4103
3083281025,2,10,-5,-8,53,54,-4092
3083282025,2,5,-2,-9,58,48,-4084
3083283025,2,6,-4,-10,42,55,-4079
3083284025,2,-1,-2,-6,47,65,-4093
3083285025,2,4,0,-5,45,61,-4100
3083286025,2,12,-4,-8,32,49,-4097
3083287025,2,6,-4,-11,31,41,-4095
3083288025,2,2,-1,-9,31,59,-4075
3083289025,2,2,-6,-13,47,51,-4084
3083290025,2,5,-2,-9,42,55,-4090
3083291025,2,-2,-4,-9,52,60,-4088
3083292025,2,9,-4,-10,51,46,-4091
3083293025,2,3,3,-3,54,61,-4084
3083294025,2,2,-2,-6,39,51,-4090
3083295025,2,6,-2,-4,47,57,-4080
3083296025,2,0,-5,-3,46,49,-4091
3083297025,2,5,-2,-8,46,67,-4089
3083298025,2,6,-5,-11,54,70,-4099
3083299025,2,2,-2,-4,43,52,-4093
3083300025,2,8,-6,-8,40,56,-4091
3083301025,2,0,-8,-11,40,59,-4084
3083302025,2,3,-2,-8,56,60,-4082
3083303025,2,6,-5,-8,40,52,-4088
3083304025,2,4,-4,-7,26,59,-4092
3083305025,2,6,-1,-7,45,66,-4087
3083306025,2,1,1,-6,32,50,-4089
3083307025,2,1,-8,-4,53,45,-4074
3083308025,2,11,-11,-9,30,60,-4089
3083309025,2,-1,-2,-12,34,39,-4088
3083310025,2,7,-5,-8,35,53,-4089
3083311025,2,3,-2,-6,34,46,-4083
3083312025,2,-1,-4,-3,21,46,-4080
3083313025,2,6,-2,-6,52,53,-4087
3083314025,2,4,-5,-8,45,63,-4085
3083315025,2,9,-8,-10,53,48,-4088
3083316025,2,1,-1,-8,59,53,-4082
3083317025,2,-1,-5,-7,44,65,-4099
3083318025,2,5,-1,-6,42,60,-4092
3083319025,2,2,-3,-7,48,45,-4095
3083320025,2,2,-2,-7,42,56,-4103
3083321025,2,6,-9,-10,60,67,-4077
3083322025,2,-6,-3,-9,43,50,-4093
3083323025,2,3,3,-3,53,51,-4080
3083324025,2,9,-4,-8,48,41,-4105
3083325025,2,-2,-2,-6,45,39,-4078
3083326025,2,3,-12,-10,47,53,-4094
3083327025,2,8,-10,-4,43,53,-4089
3083328025,2,1,-4,-2,28,44,-4096
3083329025,2,2,-5,-8,31,58,-4087
3083330025,2,5,-1,-5,30,46,-4106
3083331025,2,11,-2,-3,43,55,-4096
3083332025,2,7,-6,-9,48,60,-4084
3083333025,2,1,-5,-5,36,50,-4086
3083334025,2,6,-7,-6,41,52,-4089
3083335025,2,2,-4,-2,47,59,-4073
3083336025,2,6,-4,-6,41,45,-4086
3083337025,2,3,-5,-5,52,50,-4081
3083338025,2,5,-3,-4,35,53,-4087
3083339025,2,0,-6,-11,44,40,-4094
3083340025,2,9,-6,-8,45,46,-4087
3083341025,2,3,-1,-6,39,61,-4085
3083342025,2,4,-3,-10,46,56,-4092
3083343025,2,4,0,-9,41,43,-4087
3083344025,2,7,-7,-7,49,54,-4077
3083345025,2,8,-5,-10,48,54,-4085
3083346025,2,9,-4,-10,31,51,-4079
3083347025,2,2,-6,-5,40,55,-4076
3083348025,2,7,-5,-5,45,60,-4067
3083349025,2,0,-3,-4,42,52,-4090
3083350025,2,6,-2,-4,43,58,-4076
3083351025,2,3,-4,-8,34,65,-4084
3083352025,2,2,3,-6,50,73,-4099
3083353025,2,2,-5,-10,20,47,-4087
3083354025,2,5,-3,-7,41,70,-4090
3083355025,2,12,2,-4,44,62,-4099
3083356025,2,6,-4,-11,36,66,-4092
3083357025,2,2,0,-4,44,52,-4080
3083358025,2,4,-6,-8,48,44,-4072
3083359025,2,11,-5,-3,39,55,-4090
3083360025,2,5,-1,-7,41,45,-4064
3083361025,2,7,-10,-9,18,55,-4080
3083362025,2,4,-8,-5,47,57,-4082
3083363025,2,1,-3,-4,35,60,-4086
3083364025,2,3,-6,-7,45,55,-4095
3083365025,2,3,-4,-6,47,47,-4091
3083366025,2,2,-2,-11,51,54,-4082
3083367025,2,7,-7,-8,52,56,-4083
3083368025,2,6,-1,-5,48,46,-4079
3083369025,2,7,-6,-7,33,61,-4090
3083370025,2,4,0,-8,44,43,-4090
3083371025,2,5,0,-6,44,54,-4091
3083372025,2,8,-11,-9,32,53,-4095
3083373025,2,3,-2,-4,49,56,-4095
3083374025,2,-1,-1,-9,43,57,-4089
3083375025,2,2,-1,-6,62,65,-4081
3083376025,2,4,0,-11,45,54,-4073
3083377025,2,10,-9,-10,38,45,-4086
3083378025,2,4,-6,-6,54,48,-4093
3083379025,2,8,-6,-5,48,61,-4098
3083380025,2,0,-1,-8,45,64,-4085
3083381025,2,-1,-3,-9,69,60,-4092
3083382025,2,7,-5,-7,49,52,-4100
3083383025,2,3,-5,-9,40,51,-4089
3083384025,2,0,1,-2,35,63,-4088
3083385025,2,3,-5,-6,39,47,-4077
3083386025,2,5,-7,-4,38,53,-4093
3083387025,2,3,-5,-8,46,49,-4094
3083388025,2,1,-5,-2,33,46,-4086
3083389025,2,7,3,-7,45,57,-4077
3083390025,2,1,-5,-8,50,56,-4091
3083391025,2,7,-5,-4,42,63,-4086
3083392025,2,4,-4,0,43,48,-4098
3083393025,2,6,-4,-6,37,55,-4083
3083394025,2,1,-5,-3,56,43,-4087
3083395025,2,3,-8,-7,45,60,-4086
3083396025,2,8,-7,-7,34,36,-4086
3083397025,2,-1,0,-7,39,54,-4084
3083398025,2,5,-6,-8,49,61,-4082
3083399025,2,8,-5,-8,60,59,-4076
3083400025,2,3,3,-5,63,64,-4085
3083401025,2,8,-5,-9,62,64,-4072
3083402025,2,5,-3,-6,21,56,-4079
3083403025,2,5,-2,-9,32,58,-4079
3083404025,2,6,-4,-6,42,67,-4104
3083405025,2,5,-6,-7,51,49,-4081
3083406025,2,2,-6,-9,51,55,-4089
3083407025,2,1,-6,-8,48,35,-4076
3083408025,2,1,-2,-7,33,43,-4086
3083409025,2,4,-3,-7,41,52,-4091
3083410025,2,4,-9,-8,35,59,-4091
3083411025,2,4,-2,-1,28,62,-4105
3083412025,2,4,-9,-8,33,60,-4091
3083413025,2,4,-7,-5,39,58,-4099
3083414025,2,6,-9,-12,30,51,-4078
3083415025,2,5,-8,-3,46,34,-4088
3083416025,2,4,-3,-2,53,71,-4086
3083417025,2,4,-5,-6,50,52,-4086
3083418027,2,0,-2,-9,32,49,-4087
3083419025,2,1,0,-6,41,52,-4086
3083420025,2,8,-3,-6,50,47,-4080
3083421025,2,-2,-2,-6,60,50,-4099
3083422025,2,4,-3,-9,58,74,-4086
3083423025,2,2,-8,-9,47,64,-4100
3083424025,2,5,-4,-9,45,52,-4098
3083425025,2,8,-1,-7,45,65,-4086
3083426025,2,10,0,-9,44,53,-4077
3083427025,2,3,-3,-8,56,41,-4072
3083428025,2,12,-5,-13,42,55,-4077
3083429025,2,5,-3,-8,36,45,-4096
3083430025,2,7,-4,-5,42,48,-4081
3083431025,2,6,-7,-11,42,52,-4089
3083432025,2,5,-2,-5,52,56,-4069
3083433025,2,2,-3,0,44,53,-4083
3083434025,2,-1,-4,-6,47,55,-4092
3083435025,2,4,0,-7,52,65,-4078
3083436025,2,6,-11,-7,34,65,-4099
3083437025,2,6,-5,-7,50,56,-4085
3083438025,2,5,-8,-7,42,67,-4088
3083439025,2,5,0,-7,41,42,-4071
3083440025,2,4,-2,-9,48,56,-4068
3083441025,2,6,-5,-7,60,51,-4082
3083442025,2,6,-5,-5,36,51,-4085
3083443025,2,4,-7,-5,45,50,-4097
3083444025,2,5,-6,-8,45,65,-4088
3083445025,2,3,-3,-7,44,59,-4098
3083446025,2,5,-9,-9,45,69,-4094
3083447025,2,4,-2,-5,52,58,-4091
3083448025,2,4,-2,-5,46,52,-4083
3083449025,2,9,-10,-9,50,48,-4091
3083450025,2,4,-2,-7,44,51,-4080
3083451025,2,5,-6,-7,45,42,-4102
3083452025,2,3,-3,-10,39,44,-4092
3083453025,2,2,2,-6,41,56,-4091
3083454025,2,4,-7,-9,51,57,-4099
3083455025,2,-2,-2,-5,57,55,-4092
3083456025,2,0,-6,-11,55,48,-4091
3083457025,2,1,-5,-10,43,58,-4086
3083458025,2,3,-1,-11,53,66,-4092
3083459025,2,4,-4,-4,31,52,-4081
3083460025,2,3,-3,-6,55,46,-4079
3083461025,2,-1,-4,-10,30,56,-4079
3083462025,2,2,-9,-10,45,43,-4091
3083463025,2,3,-3,-10,46,52,-4095
3083464025,2,4,-8,-6,44,54,-4088
3083465025,2,5,-8,-10,43,54,-4082
3083466025,2,6,-3,-7,63,52,-4098
3083467025,2,-1,-2,-6,39,57,-4092
3083468025,2,7,-7,-2,41,68,-4099
3083469025,2,9,-5,-7,48,48,-4099
3083470025,2,0,-5,-4,35,55,-4123
3083471025,2,6,-6,-7,52,53,-4106
3083472025,2,2,0,-6,33,72,-4079
3083473025,2,3,-7,-3,53,67,-4088
3083474025,2,4,-6,-4,37,46,-4078
3083475025,2,1,2,-10,27,53,-4080
3083476025,2,4,-5,-9,36,64,-4072
3083477025,2,3,1,-5,58,53,-4083
3083478025,2,3,-7,-10,39,63,-4080
3083479025,2,9,-7,-7,45,53,-4087
3083480025,2,0,2,-2,48,62,-4095
3083481025,2,9,-4,-7,64,38,-4085
3083482025,2,1,-5,-8,58,51,-4095
3083483025,2,8,-3,-6,46,61,-4102
3083484025,2,7,-6,-4,50,50,-4088
3083485025,2,9,0,-7,44,66,-4075
3083486025,2,6,-3,-8,26,51,-4100
3083487025,2,-1,0,-10,52,48,-4103
3083488025,2,7,-2,-9,45,66,-4104
3083489025,2,-1,-1,0,32,57,-4080
3083490025,2,2,0,-8,61,59,-4091
3083491025,2,3,-4,-5,44,43,-4099
3083492025,2,5,-5,-3,40,61,-4094
3083493025,2,4,-4,-10,45,49,-4083
3083494025,2,6,-10,-9,33,59,-4087
3083495025,2,1,-7,-6,49,56,-4078
3083496025,2,4,-3,-2,47,44,-4083
3083497025,2,5,-10,-7,52,50,-4095
3083498025,2,5,-2,-11,44,62,-4092
3083499025,2,2,-2,-7,36,60,-4082
3083500025,2,5,-10,-11,49,50,-4092
3083501025,2,8,2,-5,39,50,-4079
3083502025,2,2,-8,-7,48,55,-4095
3083503025,2,8,-1,-10,46,41,-4084
3083504025,2,9,-7,-5,28,49,-4084
3083505025,2,7,-6,-7,48,56,-4086
3083506025,2,-1,-4,-3,38,55,-4102
3083507025,2,3,-3,-7,45,52,-4092
3083508025,2,6,-4,-10,49,71,-4091
3083509025,2,2,-4,-9,38,46,-4100
3083510025,2,6,-5,-7,54,39,-4102
3083511025,2,5,-5,-7,49,46,-4090
3083512025,2,-2,-2,-5,50,41,-4090
3083513025,2,5,-3,-5,48,45,-4093
3083514025,2,3,-4,-5,28,55,-4094
3083515025,2,4,-6,-9,43,63,-4078
3083516025,2,3,-6,-7,30,71,-4075
3083517025,2,-2,0,-5,40,50,-4076
3083518025,2,5,-8,-6,38,60,-4083
3083519025,2,8,-5,-10,44,68,-4078
3083520025,2,6,-3,-7,51,56,-4084
3083521025,2,8,-4,-7,49,60,-4091
3083522025,2,2,-3,-6,39,51,-4090
3083523025,2,4,-4,-7,41,52,-4078
3083524025,2,5,-2,-8,43,73,-4111
3083525025,2,1,-3,-7,61,59,-4093
3083526025,2,6,-1,-5,51,50,-4096
3083527025,2,2,-3,-7,44,49,-4100
3083528025,2,1,-2,-3,33,68,-4097
3083529025,2,3,-3,-3,34,58,-4072
3083530025,2,3,-5,-6,34,53,-4090
3083531025,2,4,-4,-10,29,47,-4092
3083532025,2,3,-6,-6,36,61,-4078
3083533025,2,6,-1,-7,48,51,-4091
3083534025,2,5,-1,-8,30,52,-4084
3083535025,2,3,-4,-5,50,57,-4083
3083536025,2,4,-2,-11,45,52,-4082
3083537025,2,12,-5,-9,56,62,-4096
3083538025,2,6,-5,-5,38,57,-4089
3083539025,2,8,-8,-5,58,61,-4099
3083540025,2,2,-8,-6,27,52,-4089
3083541025,2,5,1,-5,63,50,-4101
3083542025,2,8,-2,-5,34,60,-4084
3083543025,2,3,-3,0,54,51,-4085
3083544025,2,6,-2,-6,51,59,-4085
3083545025,2,5,-9,-6,46,61,-4083
3083546025,2,0,1,-7,50,50,-4108
3083547025,2,7,-5,-6,46,56,-4075
3083548025,2,5,-5,-9,30,49,-4084
3083549025,2,1,-1,-6,36,55,-4107
3083550025,2,9,-8,-8,32,57,-4101
3083551025,2,4,-3,-7,33,35,-4086
3083552025,2,2,-4,-5,44,40,-4082
3083553025,2,9,-6,-7,49,50,-4084
3083554025,2,0,-4,-4,47,48,-4080
3083555025,2,2,-5,-9,54,50,-4085
3083556025,2,10,-8,-9,60,41,-4091
3083557025,2,9,-1,-7,55,53,-4103
3083558025,2,0,-1,1,45,57,-4078
3083559025,2,2,-3,-4,38,60,-4077
3083560025,2,6,-1,-6,40,62,-4100
3083561025,2,3,-10,-7,41,64,-4090
3083562025,2,7,-6,-6,48,55,-4092
3083563025,2,2,-3,-8,47,46,-4092
3083564025,2,4,-6,-10,57,38,-4090
3083565025,2,-1,-5,-10,44,45,-4082
3083566025,2,-1,-6,-4,45,55,-4096
3083567025,2,4,-7,-8,27,56,-4085
3083568025,2,5,-8,-6,50,58,-4095
3083569025,2,10,-10,-15,44,57,-4091
3083570025,2,7,-6,-12,50,51,-4108
3083571025,2,9,-2,-12,44,51,-4077
3083572025,2,4,-5,-13,49,47,-4078
3083573025,2,-1,-2,-8,49,55,-4095
3083574025,2,4,-3,-6,34,63,-4079
3083575025,2,11,-4,-6,36,50,-4088
3083576025,2,2,-3,-1,53,58,-4091
3083577025,2,3,-5,-7,39,42,-4084
3083578025,2,6,-3,-2,47,57,-4085
3083579025,2,2,-6,-6,49,57,-4071
3083580025,2,10,-8,-13,38,58,-4085
3083581025,2,4,1,-7,56,60,-4081
3083582025,2,5,-6,-8,53,58,-4098
3083583025,2,10,-1,-6,49,47,-4101
3083584025,2,-2,-5,-13,26,68,-4086
3083585025,2,0,-2,-10,45,69,-4090
3083586025,2,9,1,-4,41,52,-4074
3083587025,2,3,-1,-8,52,42,-4093
3083588025,2,4,-6,0,35,61,-4074
3083589025,2,4,-6,-6,48,31,-4086
3083590025,2,-4,-1,-5,45,56,-4083
3083591025,2,6,-1,-5,47,43,-4079
3083592025,2,2,-1,-7,52,55,-4088
3083593025,2,11,-7,-5,24,58,-4082
3083594025,2,7,-6,-8,50,61,-4088
3083595025,2,3,0,-9,44,47,-4097
3083596025,2,4,-6,-8,45,47,-4080
3083597025,2,7,-1,-8,22,40,-4079
3083598025,2,-3,-5,-9,36,48,-4101
3083599025,2,4,-3,-9,36,39,-4096
3083600025,2,5,-4,-6,47,44,-4096
3083601025,2,5,0,-13,54,33,-4110
3083602025,2,1,-4,-9,31,44,-4102
3083603025,2,6,-1,-4,37,35,-4091
3083604025,2,6,-5,-12,44,42,-4093
3083605025,2,-1,0,-6,41,62,-4093
3083606025,2,5,-2,-10,27,57,-4091
3083607025,2,7,-2,-8,51,53,-4090
3083608025,2,1,0,-9,50,51,-4087
3083609025,2,13,-6,-9,42,58,-4096
3083610025,2,8,-2,-5,41,65,-4071
3083611025,2,2,-3,-4,48,63,-4087
3083612025,2,3,-5,-3,50,70,-4080
3083613025,2,0,-5,-5,54,62,-4085
3083614025,2,7,-4,-2,58,58,-4081
3083615025,2,1,-4,-9,53,63,-4080
3083616025,2,7,-8,-4,18,70,-4086
3083617025,2,2,-5,-6,61,68,-4084
3083618025,2,7,-5,-11,48,82,-4086
3083619025,2,5,-3,-11,47,63,-4092
3083620025,2,6,0,-8,40,53,-4095
3083621025,2,9,3,-3,55,62,-4090
3083622025,2,5,-4,-5,43,57,-4091
3083623025,2,4,0,-6,41,50,-4093
3083624025,2,3,0,-5,33,29,-4102
3083625025,2,4,-1,-7,31,43,-4104
3083626025,2,3,-5,-7,37,55,-4090
3083627025,2,-1,-6,-9,43,52,-4092
3083628025,2,8,-7,-6,48,49,-4098
3083629025,2,6,-1,-5,27,38,-4088
3083630025,2,9,-8,-10,54,50,-4101
3083631025,2,1,-4,-6,50,45,-4086
3083632025,2,0,-6,-9,48,59,-4089
3083633025,2,0,-8,-4,62,35,-4087
3083634025,2,4,-6,-5,60,53,-4078
3083635025,2,5,-10,1,43,39,-4063
3083636025,2,6,-2,-5,57,26,-4068
3083637025,2,3,-6,-8,51,49,-4090
3083638025,2,11,-3,-2,51,49,-4086
3083639025,2,5,-5,-9,42,50,-4084
3083640025,2,2,-3,-3,48,39,-4095
3083641025,2,2,-6,-4,50,46,-4103
3083642025,2,4,-1,-7,52,61,-4101
3083643025,2,7,-8,-10,51,60,-4094
3083644025,2,8,-6,-10,47,45,-4089
3083645025,2,7,-2,-7,24,50,-4100
3083646025,2,4,-8,-9,22,61,-4097
3083647025,2,5,-3,-6,35,66,-4089
3083648025,2,8,0,-5,35,68,-4088
3083649025,2,2,-4,-5,59,83,-4075
3083650025,2,7,0,-4,46,71,-4072
3083651025,2,1,-5,-10,45,59,-4067
3083652025,2,6,-2,-7,43,49,-4050
3083653025,2,3,-4,-5,53,71,-4050
3083654025,2,-1,-8,-2,64,89,-4050
3083655025,2,6,-13,-10,59,77,-4064
3083656025,2,5,-5,-8,56,74,-4074
3083657025,2,8,-9,-8,45,69,-4094
3083658025,2,5,-6,-4,45,64,-4110
3083659025,2,5,-5,-9,52,66,-4097
3083660025,2,7,-8,-5,38,65,-4100
3083661025,2,8,-8,-8,25,51,-4122
3083662025,2,7,-7,-13,11,32,-4106
3083663025,2,7,-1,-12,25,35,-4104
3083664025,2,7,-3,-6,33,19,-4097
3083665025,2,2,-3,-7,31,23,-4096
3083666025,2,5,3,-8,32,17,-4109
3083667025,2,2,-1,-9,40,27,-4091
3083668025,2,10,-3,-8,31,12,-4083
3083669025,2,3,2,-10,30,45,-4089
3083670025,2,8,-3,-11,49,57,-4104
3083671025,2,3,1,-8,74,54,-4092
3083672025,2,2,-3,-2,63,46,-4084
3083673025,2,3,-3,0,47,64,-4091
3083674025,2,3,-4,-6,51,67,-4092
3083675025,2,2,-1,-8,44,63,-4097
3083676025,2,3,-3,-8,30,64,-4067
3083677025,2,-4,-1,-3,48,59,-4092
3083678025,2,2,-7,-10,54,63,-4104
3083679025,2,3,-3,-5,43,75,-4090
3083680025,2,2,-3,-11,31,88,-4070
3083681025,2,5,-4,-5,45,83,-4097
3083682025,2,-1,5,-6,52,83,-4099
3083683025,2,8,-5,-3,51,98,-4091
3083684025,2,8,-4,-9,57,92,-4090
3083685025,2,0,-2,-8,69,86,-4081
3083686025,2,7,-2,-11,63,77,-4084
3083687025,2,4,-7,-10,50,75,-4090
3083688025,2,5,-2,-8,62,46,-4085
3083689025,2,2,-3,-11,54,58,-4094
3083690025,2,4,0,-10,54,61,-4097
3083691025,2,-1,2,-7,59,70,-4107
3083692025,2,4,-5,-12,47,60,-4092
3083693025,2,4,-3,-6,21,58,-4107
3083694025,2,2,-8,-8,43,34,-4100
3083695025,2,3,-1,-8,37,42,-4096
3083696025,2,8,-2,-9,38,42,-4090
3083697025,2,6,-11,-8,55,45,-4094
3083698025,2,6,-8,-7,29,33,-4089
3083699025,2,0,-6,-5,36,29,-4081
3083700025,2,3,1,-6,55,19,-4090
3083701025,2,7,-5,-5,20,43,-4071
3083702025,2,2,-8,-5,-1,61,-4065
3083703025,2,4,-1,-7,14,55,-4041
3083704025,2,3,-5,-4,27,59,-4045
3083705025,2,9,-6,-8,69,55,-4061
3083706025,2,10,-5,-8,62,36,-4059
3083707025,2,7,-6,-6,76,-4,-4075
3083708025,2,8,-4,-7,69,-3,-4080
3083709025,2,4,-1,-10,77,-3,-4085
3083710025,2,8,-1,-6,74,-7,-4104
3083711025,2,4,-4,-5,96,36,-4133
3083712025,2,-2,-1,-6,71,46,-4123
3083713025,2,-4,-3,-5,44,75,-4116
3083714025,2,-4,-2,-5,49,81,-4114
3083715025,2,0,-5,-7,28,83,-4134
3083716025,2,3,-8,-8,28,103,-4109
3083717025,2,6,-5,-9,4,102,-4111
3083718025,2,3,-8,-10,-7,84,-4105
3083719025,2,2,-5,-9,-17,99,-4097
3083720025,2,-1,-3,-7,-19,82,-4100
3083721025,2,3,-8,-8,0,79,-4088
3083722025,2,4,-7,-7,6,66,-4071
3083723025,2,4,-1,-4,19,82,-4070
3083724025,2,6,-9,-7,11,94,-4091
3083725025,2,4,-2,-3,-3,138,-4036
3083726025,2,9,-2,-1,33,130,-4013
3083727025,2,10,2,-2,45,93,-4020
3083728025,2,11,-3,-5,100,69,-4051
3083729025,2,12,-3,-8,103,29,-4064
3083730025,2,16,0,-8,88,-3,-4058
3083731025,2,2,-1,-5,89,-12,-4057
3083732025,2,11,1,-7,91,-21,-4073
3083733025,2,10,-3,-9,115,-2,-4079
3083734025,2,6,-6,-12,108,28,-4119
3083735025,2,3,2,-6,65,40,-4091
3083736025,2,10,2,-5,51,55,-4106
3083737025,2,10,-5,-12,31,78,-4109
3083738025,2,5,-11,-12,36,81,-4099
3083739025,2,11,-5,-12,24,71,-4115
3083740025,2,8,-4,-9,-14,56,-4114
3083741025,2,5,-3,-10,-22,43,-4127
3083742025,2,6,-5,-3,-38,32,-4129
3083743025,2,5,2,-5,-26,46,-4110
3083744025,2,9,-2,-11,4,47,-4123
3083745025,2,5,-4,-5,29,52,-4119
3083746025,2,0,0,-3,33,59,-4117
3083747025,2,7,-4,-6,34,72,-4104
3083748025,2,5,2,-6,56,50,-4086
3083749025,2,6,3,-2,62,56,-4078
3083750025,2,6,-7,-4,61,65,-4068
3083751025,2,6,-4,-9,59,66,-4065
3083752025,2,8,2,-1,72,47,-4062
3083753025,2,5,-4,-3,70,36,-4050
3083754025,2,6,-4,-7,70,37,-4057
3083755025,2,12,-7,-6,79,39,-4053
3083756025,2,6,-7,-3,77,36,-4051
3083757025,2,6,-6,-11,60,19,-4075
3083758025,2,7,-2,-4,48,40,-4089
3083759025,2,3,-3,-4,27,36,-4096
3083760025,2,7,-5,-10,50,39,-4099
3083761025,2,1,-5,-7,26,44,-4116
3083762025,2,2,1,-10,43,54,-4124
3083763025,2,9,3,-11,23,64,-4114
3083764025,2,7,-7,-8,28,48,-4116
3083765025,2,4,-8,-13,20,59,-4122
3083766025,2,7,-6,-8,20,59,-4120
3083767025,2,8,2,-6,6,55,-4105
3083768025,2,6,3,-4,3,45,-4096
3083769025,2,9,2,-2,18,52,-4086
3083770025,2,4,4,-5,30,53,-4093
3083771025,2,1,-1,1,41,52,-4061
3083772025,2,8,-3,-3,47,66,-4066
3083773025,2,5,1,-5,52,48,-4059
3083774025,2,7,-6,-5,55,44,-4071
3083775025,2,8,-3,-8,32,57,-4077
3083776025,2,5,3,-3,46,57,-4073
3083777025,2,6,-7,-1,62,74,-4085
3083778025,2,6,1,-3,53,67,-4079
3083779025,2,7,-4,-10,56,34,-4076
3083780025,2,7,-2,-4,68,34,-4100
3083781025,2,3,3,-7,35,40,-4099
3083782025,2,7,-3,-8,71,47,-4101
3083783025,2,6,-2,-8,66,66,-4100
3083784025,2,0,1,-5,52,57,-4103
3083785025,2,1,-9,-11,58,48,-4100
3083786025,2,5,-7,-9,58,63,-4116
3083787025,2,8,-3,-8,52,56,-4115
3083788025,2,4,-3,-4,44,60,-4112
3083789025,2,3,-1,-7,34,64,-4101
3083790025,2,4,-8,-9,30,60,-4106
3083791025,2,3,-6,-5,30,58,-4106
3083792025,2,2,-5,-5,10,35,-4084
3083793025,2,7,-9,-6,9,63,-4079
3083794025,2,4,-6,-9,-29,24,-4083
3083795025,2,9,-2,-13,1,24,-4071
3083796025,2,2,-6,-6,12,26,-4060
3083797025,2,5,-1,-10,3,43,-4102
3083798025,2,6,-4,-13,34,68,-4113
3083799025,2,7,-4,-8,58,63,-4099
3083800025,2,4,3,-14,48,53,-4101
3083801025,2,13,-2,-9,75,68,-4105
3083802025,2,8,0,-14,82,55,-4061
3083803025,2,11,-7,-11,77,48,-4077
3083804025,2,3,-2,-13,21,35,-4070
3083805025,3,5,0,-12,81,44,-4057
3083806025,3,5,-12,-5,33,27,-4048
3083807025,3,6,2,-10,25,51,-4046
3083808025,3,8,-9,-12,42,66,-4091
3083809025,3,-4,-3,-8,48,67,-4099
3083810025,3,6,3,-9,68,80,-4101
3083811025,3,4,-5,-5,76,78,-4090
3083812025,3,7,1,-10,56,57,-4112
3083813025,3,6,-3,-11,36,48,-4096
3083814025,3,6,-8,0,40,44,-4097
3083815025,3,4,-1,-8,-6,30,-4090
3083816025,3,3,-8,-7,7,34,-4092
3083817025,3,7,-2,-1,13,40,-4093
3083818025,3,3,-8,-7,42,76,-4104
3083819025,3,0,-1,-4,76,75,-4101
3083820025,3,6,-3,-3,58,70,-4093
3083821025,3,4,0,0,64,69,-4088
3083822025,3,5,-4,-4,46,51,-4079
3083823025,3,5,7,-2,62,47,-4097
3083824025,3,5,-1,-5,51,63,-4072
3083825025,3,10,-7,-5,16,79,-4060
3083826025,3,5,-3,-1,-17,64,-4074
3083827025,3,8,-7,-7,13,63,-4057
3083828025,3,7,1,-1,-22,33,-4048
3083829025,3,3,-4,-2,-4,34,-4089
3083830025,3,6,-6,-5,-45,46,-4109
3083831025,3,6,-17,-10,-167,-8,-3938
3083832025,3,-2,-8,-8,-77,-8,-4002
3083833025,3,-2,-8,-15,-358,53,-4192
3083834025,3,5,3,-11,-163,47,-3925
3083835025,3,-1,11,-7,-185,48,-4150
3083836025,3,14,9,-8,-85,130,-4262
3083837025,3,5,11,-8,10,129,-4165
3083838025,3,6,-1,-14,8,24,-4136
3083839025,3,7,7,-15,-51,71,-4188
3083840025,3,6,5,-9,-24,49,-4141
3083841025,3,9,11,-14,79,-16,-4142
3083842025,3,2,10,-13,102,-22,-4105
3083843025,3,1,2,-11,82,45,-4124
3083844025,3,3,1,-17,100,66,-4115
3083845025,4,2,7,-15,133,54,-4083
3083846025,4,7,2,-17,141,45,-4051
3083847025,4,1,-4,-11,145,67,-4076
3083848025,4,4,2,-12,139,71,-4075
3083849025,4,10,-7,-12,134,60,-4061
3083850025,4,10,-3,-16,120,47,-4029
3083851025,5,9,-7,-21,115,31,-4036
3083852025,5,8,-13,-19,112,-2,-4028
3083853025,5,6,-6,-21,91,3,-4032
3083854025,5,7,-14,-21,46,18,-4055
3083855025,6,7,-4,-23,29,23,-4067
3083856025,6,0,-10,-21,25,29,-4071
3083857025,6,7,-12,-29,-21,49,-4088
3083858025,6,1,-11,-31,-51,51,-4126
3083859025,7,6,-7,-29,-59,48,-4132
3083860025,7,4,-5,-30,-63,52,-4125
3083861025,7,5,-2,-34,-107,67,-4147
3083862025,7,11,-8,-34,-77,55,-4144
3083863025,8,2,1,-32,-39,59,-4117
3083864025,8,11,-2,-35,-36,66,-4119
3083865025,8,10,-4,-35,-61,69,-4129
3083866025,8,7,4,-27,-75,74,-4101
3083867025,9,7,0,-25,-42,48,-4086
3083868025,9,0,-1,-23,-23,73,-4075
3083869025,9,5,6,-25,-26,100,-4084
3083870025,9,6,-2,-21,-44,122,-4051
3083871025,10,9,0,-27,-41,100,-4068
3083872025,10,6,2,-27,-28,85,-4052
3083873025,10,6,-2,-28,17,47,-4046
3083874025,10,2,1,-26,5,33,-4049
3083875025,11,8,-8,-23,-20,67,-4053
3083876025,11,8,-3,-27,39,34,-4088
3083877025,11,11,-13,-28,10,78,-4083
3083878025,11,11,-6,-26,2,72,-4102
3083879025,12,4,-8,-20,-59,81,-4080
3083880025,12,6,-5,-21,-16,34,-4107
3083881025,12,5,2,-21,-21,26,-4101
3083882025,12,4,0,-20,-22,23,-4157
3083883025,13,0,2,-24,22,21,-4155
3083884025,13,2,2,-21,40,35,-4129
3083885025,13,11,0,-25,-60,76,-4103
3083886025,13,9,3,-24,-28,43,-4058
3083887025,14,3,13,-23,67,-32,-4061
3083888025,14,6,2,-24,171,-51,-4105
3083889025,14,0,1,-30,129,103,-4156
3083890025,14,9,-4,-29,57,78,-4085
3083891025,15,8,0,-30,-30,-93,-4003
3083892025,15,1,7,-26,-2,-169,-4009
3083893025,15,-8,4,-29,69,-120,-3909
3083894025,15,-14,3,-30,98,-40,-3998
3083895025,16,-16,0,-33,102,104,-4082
3083896025,16,-9,-1,-31,-12,190,-4109
3083897025,16,2,-7,-34,-61,246,-4066
3083898025,16,9,9,-31,-12,217,-4030
3083899025,17,10,7,-33,77,196,-4165
3083900025,17,13,6,-33,162,139,-4264
3083901025,17,22,3,-28,176,120,-4251
3083902025,18,15,-6,-33,132,16,-4200
3083903025,18,13,-1,-30,54,-56,-4123
3083904025,19,11,-3,-28,49,-81,-4113
3083905025,19,-2,9,-19,98,-29,-4117
3083906025,19,-12,8,-17,110,26,-4118
3083907025,20,-5,-5,-23,111,106,-4109
3083908025,20,1,-8,-21,74,131,-4091
3083909025,20,4,-1,-25,59,104,-4059
3083910025,21,4,-4,-23,70,91,-4058
3083911025,21,5,-4,-20,57,90,-4050
3083912025,21,10,0,-25,68,59,-4085
3083913025,22,6,-2,-12,58,39,-4094
3083914025,22,4,-3,-17,71,36,-4045
3083915025,22,1,-3,-14,45,32,-4058
3083916025,23,5,0,-9,67,32,-4058
3083917025,23,1,-3,-10,102,9,-4049
3083918025,23,0,0,-7,101,56,-4081
3083919025,24,2,2,-6,105,51,-4075
3083920025,24,0,-5,-5,100,77,-4107
3083921025,24,7,-4,-4,73,116,-4034
3083922025,24,9,0,3,19,114,-4047
3083923025,25,5,-5,5,-5,95,-4095
3083924025,25,5,-7,7,10,105,-4056
3083925025,25,9,-6,16,2,66,-4117
3083926025,25,11,-7,19,9,21,-4122
3083927025,25,8,-7,22,11,17,-4117
3083928025,25,7,-3,23,-1,16,-4119
3083929025,25,8,-3,29,-5,8,-4121
3083930025,25,3,-1,25,5,28,-4112
3083931025,25,10,-5,22,2,32,-4098
3083932025,25,8,-5,23,2,47,-4095
3083933025,25,5,1,25,2,49,-4105
3083934025,25,9,-10,20,-2,41,-4101
3083935025,25,5,0,29,10,35,-4075
3083936025,25,7,1,22,13,45,-4098
3083937025,25,2,-2,25,17,45,-4101
3083938025,25,3,7,27,28,37,-4088
3083939025,24,8,0,19,33,23,-4073
3083940025,24,8,-2,22,42,33,-4082
3083941025,24,1,-5,21,66,29,-4083
3083942025,24,8,-7,20,81,30,-4082
3083943025,24,5,-3,25,60,60,-4095
3083944025,24,12,-7,18,50,59,-4089
3083945025,23,6,-9,16,77,72,-4088
3083946025,23,3,0,10,78,38,-4117
3083947025,23,6,2,11,96,27,-4140
3083948025,23,6,2,8,144,26,-4108
3083949025,23,8,-8,1,96,33,-4070
3083950025,23,6,-7,-7,57,43,-4078
3083951025,23,5,-2,-7,38,58,-4058
3083952025,23,9,-6,-9,44,53,-4054
3083953025,23,3,-12,-12,42,36,-4055
3083954025,23,2,-9,-20,6,6,-4052
3083955025,23,6,-9,-27,-38,25,-4085
3083956025,23,0,-1,-23,-35,37,-4076
3083957025,24,0,0,-28,-28,66,-4096
3083958025,24,-4,-3,-33,-14,94,-4085
3083959025,24,0,-5,-32,-17,101,-4120
3083960025,24,-2,0,-34,-29,121,-4113
3083961025,25,5,2,-35,-27,124,-4116
3083962025,25,1,7,-37,17,164,-4088
3083963025,26,4,8,-29,-17,186,-4102
3083964025,26,9,11,-25,135,240,-4261
3083965025,27,10,13,-25,49,208,-4166
3083966025,28,16,4,-24,222,108,-4084
3083967025,28,7,9,-18,152,26,-4038
3083968025,29,6,-5,-22,144,-52,-4069
3083969025,30,-1,-5,-17,122,-25,-4058
3083970025,31,0,-3,-12,121,4,-4040
3083971025,31,4,-14,-7,63,88,-4044
3083972025,32,2,-13,2,69,144,-4074
3083973025,33,2,-11,2,54,144,-4045
3083974025,34,8,-17,7,42,111,-4055
3083975025,34,9,-14,9,5,36,-4102
3083976025,35,7,-15,16,-12,-48,-4121
3083977025,36,11,-19,24,-16,-71,-4060
3083978025,36,3,-7,25,-53,-69,-4109
3083979025,37,10,-12,24,-67,-90,-4118
3083980025,37,9,-2,30,-60,-64,-4139
3083981025,37,4,-2,23,-5,-23,-4109
3083982025,38,9,-5,23,21,-24,-4083
3083983025,38,6,5,25,9,-17,-4093
3083984025,38,9,0,29,5,-22,-4109
3083985025,38,9,3,26,15,-1,-4079
3083986025,38,7,3,25,55,18,-4094
3083987025,38,5,-2,26,97,27,-4089
3083988025,37,10,6,30,92,28,-4098
3083989025,37,8,1,24,92,48,-4082
3083990025,36,7,6,21,120,39,-4085
3083991025,36,8,-1,21,135,78,-4081
3083992025,35,1,4,28,145,83,-4083
3083993025,35,8,-5,23,151,124,-4083
3083994025,34,6,-1,18,159,140,-4070
3083995025,34,6,-9,22,111,151,-4064
3083996025,33,6,2,24,119,130,-4064
3083997025,33,6,-2,23,116,137,-4068
3083998025,32,8,-4,28,134,132,-4074
3083999025,31,6,-1,31,143,142,-4076
3084000025,31,2,1,28,151,139,-4082
3084001025,31,10,-3,32,138,94,-4081
3084002025,30,4,-1,34,128,98,-4084
3084003025,30,13,-4,28,180,106,-4070
3084004025,29,10,5,31,190,29,-4114
3084005025,29,11,0,25,256,25,-4091
3084006025,29,2,-1,17,284,10,-4061
3084007025,29,6,-1,19,215,18,-4087
3084008025,29,8,-2,11,184,36,-4079
3084009025,29,7,0,4,163,44,-4041
3084010025,29,13,1,7,167,42,-4067
3084011025,29,7,-6,-2,157,30,-4060
3084012025,29,7,-12,1,125,23,-4085
3084013025,29,3,-11,3,72,-2,-4107
3084014025,30,6,-11,4,50,11,-4097
3084015025,30,4,-9,5,49,12,-4116
3084016025,30,-3,-13,3,49,20,-4134
3084017025,31,4,-13,5,40,12,-4126
3084018025,31,1,-13,6,-8,22,-4125
3084019025,32,7,-11,4,-31,33,-4113
3084020025,32,5,-1,-3,-17,40,-4122
3084021025,33,3,-6,-2,1,35,-4120
3084022025,33,8,-6,1,24,31,-4097
3084023025,34,1,-4,-6,18,27,-4094
3084024025,34,4,-1,-14,24,22,-4097
3084025025,35,5,-6,-12,12,19,-4059
3084026025,35,-2,-2,-15,22,37,-4060
3084027025,35,0,-3,-19,65,53,-4069
3084028025,36,8,-3,-12,45,56,-4077
3084029025,36,2,-4,-11,51,68,-4059
3084030025,36,5,-5,-17,49,76,-4074
3084031025,37,3,-4,-14,31,101,-4063
3084032025,37,8,-7,-15,47,100,-4075
3084033025,37,3,-7,-11,42,91,-4065
3084034025,37,7,-7,-16,32,100,-4061
3084035025,37,9,-7,-12,32,93,-4099
3084036025,37,5,-9,-12,18,73,-4112
3084037025,37,6,-4,-8,36,73,-4105
3084038025,37,5,-10,-13,22,74,-4093
3084039025,37,4,-2,-11,26,70,-4092
3084040025,37,4,-6,-10,14,59,-4087
3084041025,37,3,-7,-11,33,51,-4080
3084042025,37,0,-5,-10,36,37,-4091
3084043025,37,2,-7,-9,60,30,-4092
3084044025,37,7,-6,-17,40,34,-4051
3084045025,36,1,-5,-13,-24,22,-4063
3084046025,36,7,-13,-20,-24,13,-4051
3084047025,36,11,-9,-20,-42,11,-4021
3084048025,36,5,-11,-20,-48,-51,-4054
3084049025,35,3,-13,-27,-88,-102,-4026
3084050025,35,-2,-15,-28,-161,-160,-3988
3084051025,35,-4,-22,-39,-205,-143,-3979
3084052025,35,-7,-17,-43,-224,-114,-3996
3084053025,35,-16,-16,-45,-264,-12,-4062
3084054025,35,-6,-19,-56,-336,134,-4143
3084055025,34,-3,-3,-57,-343,261,-4180
3084056025,34,-3,2,-58,-345,303,-4211
3084057025,34,9,10,-60,-234,358,-4272
3084058025,35,10,29,-48,-110,328,-4351
3084059025,35,19,28,-44,36,222,-4325
3084060025,35,23,33,-36,91,150,-4245
3084061025,36,12,39,-34,130,93,-4188
3084062025,36,22,25,-21,209,-4,-4091
3084063025,37,3,27,-16,274,-31,-4012
3084064025,38,1,9,-13,318,4,-3943
3084065025,38,-5,7,-9,323,55,-3919
3084066025,39,-4,-1,-12,316,82,-3913
3084067025,40,2,-23,-8,293,99,-3909
3084068025,41,-2,-15,-11,255,98,-3945
3084069025,42,5,-23,-9,197,55,-3988
3084070025,43,9,-25,-9,160,40,-4021
3084071025,44,13,-30,-9,83,-17,-4072
3084072025,45,13,-25,-12,58,-87,-4111
3084073025,45,11,-14,-5,18,-109,-4151
3084074025,46,5,-18,-9,12,-117,-4179
3084075025,47,4,-11,-7,-1,-97,-4178
3084076025,48,4,-12,-11,-3,-87,-4166
3084077025,48,4,-5,-9,-32,-56,-4164
3084078025,49,3,-6,-19,-23,-34,-4146
3084079025,49,-1,-4,-22,-25,-20,-4121
3084080025,49,5,-1,-26,-17,-12,-4106
3084081025,49,7,-7,-28,-19,-3,-4087
3084082025,49,2,-2,-32,-6,6,-4054
3084083025,49,3,-6,-38,-18,4,-4063
3084084025,49,-3,-6,-36,-51,5,-4053
3084085025,49,-3,-10,-45,-56,11,-4035
3084086025,49,0,-15,-50,-93,83,-4053
3084087025,49,-2,-10,-51,-141,147,-4094
3084088025,48,3,-8,-53,-152,184,-4103
3084089025,48,3,-10,-54,-140,252,-4112
3084090025,48,3,4,-52,-110,311,-4149
3084091025,47,7,10,-43,-37,328,-4198
3084092025,47,11,16,-43,30,345,-4210
3084093025,47,2,19,-33,70,324,-4214
3084094025,47,10,21,-30,143,258,-4186
3084095025,47,6,24,-17,223,188,-4122
3084096025,46,10,21,-11,300,121,-4061
3084097025,47,6,16,-1,324,81,-4005
3084098025,47,5,12,10,337,62,-3989
3084099025,47,1,-2,18,323,68,-3948
3084100025,47,5,-9,21,285,56,-3936
3084101025,47,7,-15,23,211,62,-3934
3084102025,48,1,-19,26,190,52,-3946
3084103025,48,6,-24,32,85,33,-3977
3084104025,49,11,-27,39,13,-12,-4044
3084105025,49,7,-35,45,-76,-63,-4091
3084106025,50,8,-26,55,-140,-121,-4166
3084107025,50,7,-26,59,-147,-147,-4183
3084108025,51,10,-24,62,-140,-190,-4238
3084109025,51,5,-17,60,-86,-237,-4270
3084110025,52,6,-7,55,-27,-236,-4257
3084111025,52,6,-3,47,-3,-264,-4243
3084112025,52,5,2,44,58,-229,-4197
3084113025,52,7,11,31,93,-189,-4175
3084114025,53,7,10,11,120,-117,-4108
3084115025,53,2,18,4,149,-40,-4063
3084116025,53,2,25,-2,168,-27,-4052
3084117025,53,10,16,-12,211,37,-4038
3084118025,53,9,11,-19,244,69,-4017
3084119025,52,5,6,-15,271,113,-4022
3084120025,52,10,8,-26,272,117,-4033
3084121025,52,12,-5,-19,280,164,-4042
3084122025,52,7,-9,-26,260,211,-4038
3084123025,52,9,-15,-28,222,262,-4012
3084124025,52,8,-17,-27,165,286,-4020
3084125025,51,2,-14,-30,111,292,-4014
3084126025,51,8,-24,-35,73,301,-4005
3084127025,51,8,-21,-38,38,242,-4016
3084128025,51,7,-27,-40,-15,187,-4022
3084129025,51,7,-29,-43,-160,110,-4042
3084130025,51,-6,-20,-46,-171,92,-4062
3084131025,50,-3,-31,-56,-248,80,-4037
3084132025,50,-10,-12,-56,-296,143,-4161
3084133025,50,-9,-6,-57,-243,203,-4198
3084134025,50,-7,-4,-55,-243,249,-4198
3084135025,50,-6,14,-56,-239,283,-4178
3084136025,50,7,13,-59,-181,203,-4137
3084137025,51,9,25,-53,-69,99,-4157
3084138025,51,6,28,-50,27,20,-4160
3084139025,51,4,17,-51,-43,-17,-4126
3084140025,52,13,25,-37,28,13,-4109
3084141025,52,5,16,-42,181,-4,-4249
3084142025,53,8,19,-28,214,-32,-4127
3084143025,54,6,19,-29,363,-11,-4082
3084144025,55,8,7,-25,368,-135,-3966
3084145025,55,6,-7,-25,344,-221,-4026
3084146025,56,4,-7,-25,291,-216,-4031
3084147025,57,6,-20,-21,262,-186,-3953
3084148025,58,-3,-20,-16,210,-132,-3942
3084149025,59,-1,-19,-12,142,-43,-4058
3084150025,60,6,-21,-23,190,-26,-4100
3084151025,61,8,-15,-18,163,-55,-4139
3084152025,62,7,-19,-22,149,-48,-4155
3084153025,63,8,-19,-21,64,-95,-4166
3084154025,64,8,-6,-16,58,-110,-4152
3084155025,64,3,-9,-10,102,-103,-4101
3084156025,65,1,-9,-12,59,-45,-4133
3084157025,66,0,-4,-13,46,4,-4130
3084158025,66,-1,-3,-12,62,77,-4097
3084159025,67,0,1,-13,29,117,-4050
3084160025,67,-3,5,-14,61,147,-4082
3084161025,67,3,2,-11,71,171,-4078
3084162025,67,1,9,-11,105,162,-4059
3084163025,67,11,-6,-13,77,180,-4066
3084164025,67,7,0,-9,68,188,-4081
3084165025,67,6,1,-13,56,184,-4078
3084166025,67,2,-6,-3,51,193,-4076
3084167025,66,-2,2,1,52,181,-4079
3084168025,66,5,-2,0,70,199,-4093
3084169025,65,2,-3,7,76,200,-4108
3084170025,65,5,-6,6,59,191,-4088
3084171025,64,1,-6,6,51,163,-4099
3084172025,63,5,-8,6,30,164,-4075
3084173025,63,1,-6,5,-17,131,-4062
3084174025,62,-1,-8,10,-32,104,-4085
3084175025,61,5,-1,10,-26,81,-4093
3084176025,61,8,-8,14,-20,76,-4097
3084177025,60,4,-7,10,-23,63,-4094
3084178025,59,6,-8,12,-30,30,-4078
3084179025,59,7,-9,18,-64,11,-4089
3084180025,58,9,-3,15,-97,-3,-4076
3084181025,58,10,-10,21,-140,-1,-4053
3084182025,57,7,-11,24,-188,0,-4061
3084183025,57,5,-12,28,-234,0,-4082
3084184025,56,2,-15,31,-255,3,-4082
3084185025,56,5,-21,36,-300,-4,-4100
3084186025,56,4,-18,37,-325,-43,-4112
3084187025,56,5,-16,39,-320,-66,-4126
3084188025,56,8,-18,41,-281,-98,-4141
3084189025,56,7,-9,40,-277,-111,-4137
3084190025,56,8,-7,34,-235,-107,-4192
3084191025,56,4,3,28,-159,-114,-4166
3084192025,57,2,4,20,-87,-114,-4145
3084193025,57,4,10,16,-31,-92,-4111
3084194025,57,4,11,9,-8,-80,-4102
3084195025,58,3,10,-5,-8,-37,-4082
3084196025,58,2,12,-10,29,-29,-4014
3084197025,59,-4,11,-17,29,-1,-3995
3084198025,59,1,7,-23,23,20,-3986
3084199025,60,-2,0,-27,33,41,-3959
3084200025,61,3,-13,-30,-32,59,-3972
3084201025,61,0,-20,-39,-100,147,-4031
3084202025,62,-1,-20,-37,-222,201,-4038
3084203025,63,-5,-19,-37,-229,256,-4075
3084204025,64,0,-20,-40,-291,334,-4119
3084205025,64,7,-20,-29,-325,343,-4104
3084206025,65,6,-19,-32,-340,300,-4120
3084207025,66,5,-11,-32,-345,275,-4151
3084208025,67,11,-11,-34,-333,207,-4216
3084209025,68,9,-11,-25,-285,156,-4180
3084210025,69,8,-10,-24,-319,127,-4165
3084211025,70,7,-3,-28,-327,119,-4137
3084212025,71,2,2,-26,-292,91,-4148
3084213025,72,-5,-7,-33,-271,78,-4056
3084214025,73,2,6,-23,-378,77,-4047
3084215025,74,3,24,-25,108,196,-4315
3084216025,75,5,27,-25,-117,141,-4081
3084217025,75,9,18,-36,285,-31,-4079
3084218025,76,13,11,-44,393,-228,-3889
3084219025,77,2,-2,-50,174,-325,-3999
3084220025,78,-5,-4,-47,-6,-209,-4060
3084221025,78,-4,0,-53,-8,-121,-3934
3084222025,79,-1,7,-54,-6,65,-3932
3084223025,80,-5,20,-49,178,213,-4113
3084224025,80,3,7,-50,287,263,-4153
3084225025,81,6,2,-40,140,230,-4244
3084226025,82,6,5,-26,88,204,-4229
3084227025,83,15,-1,-8,34,57,-4131
3084228025,83,12,-4,11,93,-86,-4052
3084229025,84,8,-15,23,133,-172,-4012
3084230025,85,0,-24,24,101,-207,-4023
3084231025,86,-5,-34,27,13,-246,-3930
3084232025,86,-9,-54,23,-186,-267,-3858
3084233025,87,-3,-55,12,-453,-196,-3998
3084234025,87,-4,-38,4,-504,-37,-4095
3084235025,88,-7,-28,9,-501,40,-4141
3084236025,88,-4,-17,0,-429,209,-4240
3084237025,88,2,-4,-9,-389,250,-4320
3084238025,88,14,18,-7,-337,225,-4450
3084239025,89,15,22,-2,-239,197,-4454
3084240025,89,18,41,8,-46,97,-4341
3084241025,89,16,49,15,115,63,-4253
3084242025,90,12,47,26,275,24,-4132
3084243025,90,10,30,33,337,-71,-3980
3084244025,90,7,28,33,358,-84,-3899
3084245025,91,-3,10,26,276,-109,-3723
3084246025,91,-5,-7,16,206,-66,-3642
3084247025,91,-11,-28,3,116,-12,-3697
3084248025,91,-16,-30,-2,46,7,-3795
3084249025,92,-17,-39,-10,-63,119,-3954
3084250025,92,-8,-40,-16,-181,323,-4124
3084251025,92,1,-17,-8,-150,441,-4244
3084252025,92,9,4,-7,-16,390,-4378
3084253025,93,15,8,-4,-72,409,-4454
3084254025,93,17,29,-5,332,300,-4449
3084255025,94,24,40,3,426,118,-4511
3084256025,95,21,27,3,550,-71,-4203
3084257025,95,19,24,5,343,-139,-3974
3084258025,96,8,23,7,214,-143,-3986
3084259025,97,0,12,7,245,-121,-3784
3084260025,98,-18,7,-1,398,-141,-3646
3084261025,98,-20,-32,-28,368,-200,-3691
3084262025,99,-11,-44,-39,264,-196,-3738
3084263025,100,-14,-52,-54,-22,-173,-3923
3084264025,101,-10,-50,-65,-170,-39,-4060
3084265025,101,-2,-31,-82,-135,146,-4147
3084266025,102,9,-24,-91,-89,245,-4204
3084267025,103,10,-21,-101,-92,209,-4240
3084268025,103,13,-17,-107,-245,55,-4398
3084269025,104,16,-7,-115,-336,-16,-4474
3084270025,105,9,8,-110,-344,67,-4377
3084271025,106,7,18,-107,-330,115,-4314
3084272025,106,0,18,-93,-292,253,-4214
3084273025,107,-2,22,-89,-207,331,-4136
3084274025,108,-6,25,-71,-184,330,-4135
3084275025,109,-1,22,-53,-123,343,-4090
3084276025,111,-5,24,-47,-86,366,-4079
3084277025,112,-4,15,-30,111,271,-4001
3084278025,113,9,3,-19,270,156,-3909
3084279025,115,9,-9,-10,328,-17,-3841
3084280025,116,7,-19,-10,340,-73,-3818
3084281025,117,0,-29,-18,238,-237,-3816
3084282025,119,7,-33,-26,49,-281,-3949
3084283025,120,-1,-27,-32,-14,-247,-3969
3084284025,121,-5,-20,-42,-79,-123,-4106
3084285025,122,-1,-9,-41,-54,-61,-4099
3084286025,123,2,-12,-56,-21,-26,-4064
3084287025,124,0,-15,-62,-180,-45,-4229
3084288025,126,7,-21,-57,-403,-38,-4288
3084289025,127,4,-16,-44,-498,-53,-4258
3084290025,128,-2,-6,-36,-548,-3,-4234
3084291025,129,-5,1,-25,-486,75,-4240
3084292025,130,0,3,-10,-294,121,-4192
3084293025,131,-1,3,-2,-201,114,-4152
3084294025,131,0,3,-1,-187,80,-4186
3084295025,132,3,5,-5,-55,47,-4098
3084296025,133,10,10,-10,34,-8,-4144
3084297025,134,16,15,-24,212,-116,-4016
3084298025,134,10,14,-31,200,-118,-3920
3084299025,135,7,12,-37,116,-75,-3929
3084300025,135,6,20,-41,123,11,-3931
3084301025,136,-4,9,-46,-92,61,-3866
3084302025,136,14,18,-14,-212,407,-4136
3084303025,137,-3,9,-21,-47,60,-4043
3084304025,138,-5,18,5,-24,494,-4139
3084305025,138,2,5,24,212,594,-4053
3084306025,139,4,-9,35,84,330,-3968
3084307025,140,10,-29,47,-7,-66,-4240
3084308025,141,5,-36,48,-70,-71,-4179
3084309025,141,5,-35,62,-202,-79,-4037
3084310025,142,0,-14,71,-283,49,-4013
3084311025,143,-6,5,77,-171,207,-4185
3084312025,144,-5,10,81,-31,275,-4174
3084313025,144,4,7,77,216,215,-4181
3084314025,145,2,6,79,228,55,-4257
3084315025,146,13,4,83,89,-87,-4257
3084316025,146,12,11,92,127,-301,-4076
3084317025,147,12,11,90,131,-364,-4009
3084318025,148,9,3,91,198,-403,-3935
3084319025,148,3,-15,74,165,-388,-3899
3084320025,149,1,-31,54,-40,-341,-3927
3084321025,149,-1,-37,49,-193,-266,-4005
3084322025,149,-8,-26,31,-282,-208,-4038
3084323025,150,-3,-20,14,-254,-38,-4140
3084324025,150,-1,-9,-2,-156,157,-4141
3084325025,150,5,-11,-16,-138,240,-4166
3084326025,150,0,-2,-25,-125,225,-4223
3084327025,150,11,7,-28,-133,134,-4303
3084328025,150,16,10,-34,103,77,-4243
3084329025,150,-8,26,-42,196,-43,-4209
3084330025,151,5,26,-52,241,104,-4248
3084331025,151,8,27,-57,547,33,-4133
3084332025,151,1,23,-65,327,243,-3924
3084333025,152,0,28,-70,250,513,-4026
3084334025,152,6,38,-78,326,696,-3772
3084335025,153,7,37,-80,384,664,-3820
3084336025,153,12,9,-85,486,505,-3835
3084337025,154,9,-10,-90,385,283,-3895
3084338025,155,10,-31,-79,76,126,-3942
3084339026,157,3,-32,-72,-180,52,-4020
3084340027,158,-4,-34,-62,-292,96,-4060
3084341025,159,-2,-37,-50,-339,303,-4127
3084342025,161,0,-36,-39,-308,390,-4141
3084343025,163,2,-31,-29,-319,349,-4185
3084344025,165,1,-27,-37,-307,286,-4280
3084345025,166,8,-13,-36,-224,59,-4399
3084346025,168,7,-1,-36,-71,-199,-4388
3084347025,170,1,7,-40,13,-295,-4249
3084348025,172,8,12,-52,28,-272,-4098
3084349025,174,-2,18,-56,20,-272,-4060
3084350025,176,6,18,-59,47,-260,-4053
3084351025,178,0,16,-63,81,-236,-4029
3084352025,180,4,5,-62,9,-170,-3997
3084353025,182,4,6,-57,-67,-142,-3982
3084354025,184,1,-6,-53,-86,-126,-3960
3084355025,186,9,-20,-47,-99,-129,-3965
3084356025,187,5,-25,-40,-109,-115,-4035
3084357025,189,2,-37,-34,-230,-83,-4055
3084358025,191,8,-34,-35,-336,-69,-4092
3084359025,192,5,-29,-29,-457,-58,-4137
3084360025,194,2,-16,-20,-421,-24,-4196
3084361025,195,4,-11,-13,-388,65,-4205
3084362025,197,7,10,-5,-367,90,-4324
3084363025,198,5,9,-9,-101,52,-4329
3084364025,199,-7,44,-5,13,103,-4311
3084365025,200,12,55,1,301,252,-4166
3084366025,201,8,55,3,519,243,-3943
3084367025,202,6,55,6,493,156,-3969
3084368025,203,20,42,16,508,43,-3956
3084369025,204,18,21,20,467,2,-3696
3084370025,204,11,6,28,391,-1,-3655
3084371025,205,8,-17,30,267,18,-3667
3084372025,205,0,-31,36,184,26,-3714
3084373025,206,-2,-51,37,-48,34,-3914
3084374025,206,-3,-58,37,-215,54,-4134
3084375025,206,-9,-52,37,-309,146,-4301
3084376025,206,-1,-46,39,-349,166,-4384
3084377025,206,5,-30,41,-368,345,-4433
3084378025,206,4,-4,43,-377,423,-4465
3084379025,206,8,9,44,-261,316,-4450
3084380025,206,14,25,51,-90,78,-4346
3084381025,206,16,28,56,-47,-18,-4291
3084382025,206,5,29,58,-31,-142,-4129
3084383025,206,-1,28,63,33,-192,-3955
3084384025,206,1,18,58,86,-188,-3814
3084385025,206,-7,6,51,143,-104,-3851
3084386025,206,-1,2,43,43,-64,-3877
3084387025,206,0,-7,23,188,30,-3872
3084388025,207,-9,6,11,170,-40,-4103
3084389025,207,5,9,-15,513,-28,-4100
3084390025,207,-1,7,-28,541,-67,-4062
3084391025,207,4,-2,-42,345,44,-4154
3084392025,208,13,3,-57,177,120,-4097
3084393025,208,17,0,-57,19,142,-4080
3084394025,209,9,2,-53,-102,215,-4065
3084395025,210,13,-1,-51,-42,250,-4052
3084396025,211,5,-4,-40,-49,290,-4093
3084397025,212,12,-14,-31,-40,282,-4177
3084398025,214,6,-19,-31,-6,187,-4137
3084399025,215,1,-17,-24,-72,145,-4174
3084400025,217,5,-27,-16,-170,167,-4219
3084401025,219,0,-14,-8,-209,216,-4130
3084402025,221,5,-14,-10,-230,257,-4017
3084403025,223,4,-3,-9,-246,177,-4059
3084404025,225,-4,13,-11,-199,79,-4134
3084405025,227,0,7,-15,14,-99,-4210
3084406025,230,-3,12,-20,131,-163,-4172
3084407025,232,-4,9,-25,148,-133,-4052
3084408025,234,-1,6,-23,117,-132,-3992
3084409025,236,2,1,-33,62,-86,-3922
3084410025,239,7,-4,-27,-54,-13,-3972
3084411025,241,5,-4,-32,-40,58,-4010
3084412025,243,6,-3,-30,-45,110,-4019
3084413025,245,10,-3,-30,-29,67,-4004
3084414025,247,3,-14,-32,-21,-97,-4012
3084415025,249,6,-14,-26,-153,-157,-4165
3084416025,251,3,-16,-15,-212,-102,-4226
3084417025,253,-2,-1,-7,-224,-20,-4234
3084418025,255,-8,11,-5,-191,56,-4268
3084419025,256,-1,15,5,-66,177,-4192
3084420025,258,-1,29,18,128,170,-4152
3084421025,259,3,21,20,186,151,-4126
3084422025,260,4,21,22,198,91,-4081
3084423025,262,0,20,21,235,-82,-3987
3084424025,263,1,3,22,229,-188,-3870
3084425025,263,-5,-8,20,194,-267,-3868
3084426025,264,-9,-20,13,163,-183,-3905
3084427025,265,-10,-20,13,87,-157,-3937
3084428025,265,-9,-31,-4,-23,-69,-3970
3084429025,265,-3,-41,-22,-146,28,-4023
3084430025,265,-1,-32,-25,-282,132,-4170
3084431025,265,2,-23,-36,-348,189,-4261
3084432025,265,7,-15,-36,-447,382,-4280
3084433025,265,17,1,-36,-436,435,-4274
3084434025,265,12,29,-28,-213,280,-4339
3084435025,265,10,47,-26,-10,156,-4436
3084436025,265,17,49,-20,135,100,-4369
3084437025,265,1,44,-23,349,2,-4159
3084438025,265,-5,43,-21,380,15,-4079
3084439025,265,-4,42,-15,442,101,-3861
3084440025,265,-2,35,-22,449,149,-3776
3084441025,265,-2,11,-24,386,281,-3626
3084442025,266,-5,-8,-29,224,392,-3628
3084443025,266,11,-25,-26,101,295,-3788
3084444025,267,6,-24,-14,49,220,-3979
3084445025,268,14,-28,-8,28,214,-4068
3084446025,269,18,-39,2,-24,199,-4100
3084447025,270,14,-48,6,-184,74,-4105
3084448025,272,3,-39,22,-411,-100,-4329
3084449025,273,7,-21,31,-416,-165,-4477
3084450025,275,-2,-11,36,-348,-160,-4491
3084451025,277,-4,-4,36,-90,-151,-4366
3084452025,279,-7,6,25,-106,-122,-4281
3084453025,280,4,14,20,-96,-109,-4177
3084454025,282,-5,24,12,-100,-98,-4127
3084455025,284,2,30,6,-93,-14,-4046
3084456025,286,6,22,6,36,-31,-3928
3084457025,288,9,16,-6,106,-145,-3915
3084458025,291,9,10,-3,357,-152,-4090
3084459025,293,19,7,-4,-19,-54,-4219
3084460025,295,15,17,7,316,-52,-4342
3084461025,297,7,16,27,249,215,-4271
3084462025,299,22,17,33,431,199,-4010
3084463025,302,18,20,31,320,48,-4030
3084464025,304,20,2,34,266,-391,-4145
3084465025,306,7,-8,39,310,-455,-3854
3084466025,308,-9,-20,29,172,-294,-3687
3084467025,310,-24,-27,23,150,-169,-3602
3084468025,311,-27,-31,20,83,-87,-3582
3084469025,313,-30,-44,6,-37,66,-3804
3084470025,314,-18,-58,-8,-254,168,-3981
3084471025,316,-7,-48,-27,-291,217,-4111
3084472025,317,-16,-43,-31,-369,135,-4246
3084473025,318,7,-25,-48,-369,238,-4467
3084474025,318,8,-4,-61,-188,233,-4430
3084475025,319,16,-1,-71,-300,265,-4463
3084476025,319,18,18,-80,-368,351,-4446
3084477025,320,17,22,-82,-320,350,-4319
3084478025,320,12,35,-91,-248,310,-4113
3084479025,320,2,45,-87,-78,259,-4040
3084480025,321,4,39,-84,56,182,-4033
3084481025,321,-5,33,-81,174,200,-4053
3084482025,321,-13,33,-74,160,262,-4047
3084483025,322,-9,17,-66,154,420,-3984
3084484025,322,2,12,-53,117,524,-3873
3084485025,323,10,8,-42,126,436,-3805
3084486025,323,9,6,-38,170,350,-3831
3084487025,324,3,2,-37,214,91,-3966
3084488025,325,4,-12,-35,341,-108,-4074
3084489025,326,-1,-18,-37,319,-194,-4087
3084490025,327,-9,-19,-45,189,-92,-4065
3084491025,329,-7,-10,-50,128,-35,-4088
3084492025,330,-2,-10,-49,27,45,-4087
3084493025,331,0,-13,-46,-27,153,-4049
3084494025,333,11,-14,-36,-131,135,-4009
3084495025,335,6,-12,-30,-183,95,-4032
3084496025,336,16,-18,-19,-216,-69,-4151
3084497025,338,12,-13,3,-170,-185,-4200
3084498025,340,11,-18,10,-94,-277,-4204
3084499025,343,6,-23,13,-139,-348,-4290
3084500025,345,1,-16,22,-164,-343,-4314
3084501025,347,-5,-27,26,-121,-200,-4211
3084502025,350,1,-9,32,-306,-77,-4196
3084503025,352,-3,23,40,-138,150,-4312
3084504025,354,5,32,46,-136,178,-4364
3084505025,356,22,39,55,270,120,-4251
3084506025,359,25,31,56,357,-95,-4059
3084507025,361,32,16,54,291,-346,-4016
3084508025,363,20,15,61,290,-475,-3845
3084509025,365,7,7,63,324,-513,-3786
3084510025,367,2,-7,61,354,-397,-3780
3084511025,369,-16,-22,60,346,-198,-3823
3084512025,371,-10,-42,47,260,-41,-3783
3084513025,372,-7,-49,39,31,-10,-3781
3084514025,374,-7,-57,25,-50,6,-3795
3084515025,375,-6,-56,13,-235,37,-3929
3084516025,376,-7,-56,-5,-334,99,-4161
3084517025,376,0,-41,-20,-287,183,-4280
3084518025,377,-2,-24,-32,-148,163,-4341
3084519025,377,7,6,-57,-140,95,-4628
3084520025,377,7,19,-74,155,10,-4532
3084521025,378,5,37,-96,54,205,-4420
3084522025,378,2,51,-114,131,446,-4249
3084523025,378,5,54,-123,233,529,-4046
3084524025,377,9,44,-126,207,627,-3832
3084525025,377,11,25,-122,100,690,-3723
3084526025,378,17,4,-109,-75,694,-3755
3084527025,378,10,6,-98,-104,687,-3800
3084528025,378,19,-14,-83,-22,617,-3865
3084529025,379,9,-29,-56,38,521,-3922
3084530025,380,11,-48,-32,-56,443,-3985
3084531025,381,10,-48,-14,-248,281,-4155
3084532025,382,-3,-45,-3,-346,229,-4221
3084533025,383,-5,-33,14,-323,208,-4273
3084534025,385,-7,-21,16,-156,79,-4248
3084535025,386,-3,-3,17,7,-34,-4335
3084536025,388,-3,1,3,81,-144,-4246
3084537025,390,-6,14,1,107,-174,-4218
3084538025,392,2,23,8,15,-125,-4249
3084539025,394,6,39,13,94,23,-4187
3084540025,396,19,46,27,186,70,-4165
3084541025,398,28,45,38,250,-20,-4119
3084542025,401,37,33,54,376,-256,-4100
3084543025,403,33,23,67,564,-651,-4062
3084544025,406,13,-9,69,679,-958,-3939
3084545025,409,1,-47,73,583,-1008,-3760
3084546025,412,-11,-55,74,433,-909,-3706
3084547025,414,-14,-81,60,46,-748,-3698
3084548025,416,-35,-84,49,-172,-537,-3819
3084549025,419,-33,-76,28,-325,-169,-4012
3084550025,421,-25,-73,23,-384,-18,-4093
3084551025,423,-9,-68,4,-482,138,-4198
3084552025,425,1,-53,-7,-627,126,-4372
3084553025,426,12,-22,-11,-646,157,-4590
3084554025,428,19,6,-14,-433,153,-4614
3084555025,429,27,11,-20,-386,126,-4527
3084556025,430,26,22,-18,-364,96,-4280
3084557025,431,17,28,-18,-442,32,-4078
3084558025,432,4,44,-29,-141,70,-4015
3084559025,433,-17,55,-34,27,-4,-3962
3084560025,434,-15,43,-47,317,268,-4124
3084561025,434,-14,31,-62,634,535,-3895
3084562025,435,-2,11,-76,362,683,-3659
3084563025,435,3,2,-83,78,640,-3772
3084564025,435,1,9,-80,27,678,-3717
3084565025,436,2,5,-83,165,575,-3805
3084566025,436,4,-5,-82,310,585,-3913
3084567025,437,14,-21,-68,214,546,-4006
3084568025,438,18,-32,-73,66,530,-4080
3084569025,438,11,-36,-62,-145,399,-4111
3084570025,439,12,-28,-42,-241,361,-4132
3084571025,440,1,-22,-30,-252,378,-4199
3084572025,441,-4,-17,-22,-253,359,-4297
3084573025,443,-6,-23,-19,-304,322,-4289
3084574025,444,7,-14,-7,-372,283,-4332
3084575025,446,-4,7,14,-362,139,-4379
3084576025,447,5,35,23,-233,100,-4417
3084577025,449,13,41,36,258,-47,-4288
3084578025,451,10,47,36,428,-201,-4172
3084579025,453,17,19,35,514,-478,-4112
3084580025,455,5,5,37,412,-718,-3961
3084581025,458,3,-4,39,200,-788,-3919
3084582025,460,-4,-6,42,181,-765,-3908
3084583025,462,-11,-6,43,202,-562,-3867
3084584025,465,-10,-21,35,255,-428,-3874
3084585025,467,-12,-35,31,237,-420,-3864
3084586025,469,-5,-46,15,29,-491,-4005
3084587025,471,-2,-54,13,-50,-514,-4124
3084588025,474,-4,-48,6,-191,-429,-4214
3084589025,476,2,-41,-2,-300,-276,-4255
3084590025,478,5,-39,-7,-355,-141,-4223
3084591025,480,0,-23,-7,-350,-81,-4237
3084592025,481,7,-15,-15,-378,-14,-4352
3084593025,483,2,0,-18,-325,123,-4410
3084594025,485,7,12,-23,-140,231,-4336
3084595025,486,6,33,-31,101,251,-4089
3084596025,488,4,42,-37,190,241,-4074
3084597025,489,10,25,-57,522,156,-3904
3084598025,490,4,13,-72,372,159,-3889
3084599025,492,3,5,-70,56,307,-4030
3084600025,493,2,8,-77,-20,443,-3834
3084601025,494,-4,15,-71,0,584,-3810
3084602025,495,-4,8,-69,159,713,-3833
3084603025,496,2,-15,-62,138,726,-3990
3084604025,498,7,-34,-58,-89,668,-4143
3084605025,499,3,-32,-44,-185,606,-4156
3084606025,500,3,-23,-36,-298,498,-4178
3084607025,501,2,-12,-29,-214,459,-4167
3084608025,503,10,-3,-17,-40,455,-4292
3084609025,504,3,5,-9,21,306,-4297
3084610025,505,2,11,-1,3,343,-4282
3084611025,507,6,35,8,-54,423,-4311
3084612025,508,9,57,21,210,268,-4273
3084613025,510,14,63,34,488,-22,-4221
3084614025,512,17,52,41,641,-143,-4110
3084615025,513,14,28,48,561,-369,-3897
3084616025,515,6,2,51,393,-623,-3717
3084617025,517,-14,-3,58,341,-756,-3673
3084618025,519,-18,-22,60,444,-639,-3740
3084619025,520,-20,-42,57,416,-573,-3723
3084620025,522,-13,-73,42,258,-448,-3783
3084621025,523,-11,-91,21,-209,-514,-3993
3084622025,525,-5,-74,7,-501,-387,-4340
3084623025,526,-6,-57,11,-525,-317,-4440
3084624025,527,5,-48,-4,-401,-178,-4461
3084625025,528,10,-25,-13,-421,-61,-4464
3084626025,529,14,-7,-14,-537,-122,-4538
3084627025,530,16,16,-23,-474,-201,-4614
3084628025,531,10,38,-22,-389,-173,-4543
3084629025,531,2,56,-28,-28,-83,-4292
3084630025,532,10,50,-36,190,117,-4169
3084631025,533,14,48,-47,304,222,-3838
3084632025,534,15,44,-46,154,366,-3815
3084633025,534,16,42,-49,67,424,-3837
3084634025,535,13,39,-48,235,489,-3706
3084635025,536,7,27,-51,439,518,-3739
3084636025,537,7,4,-47,465,560,-3823
3084637025,538,19,-4,-42,391,538,-3865
3084638025,539,20,-26,-31,176,476,-3884
3084639025,541,7,-21,-16,66,398,-4004
3084640025,542,-3,-21,1,88,428,-4174
3084641025,544,5,-25,9,72,465,-4261
3084642025,546,2,-21,12,117,524,-4308
3084643025,547,10,-23,22,-29,506,-4317
3084644025,549,11,0,37,-44,395,-4286
3084645025,551,14,14,44,11,235,-4374
3084646025,554,11,23,50,188,135,-4378
3084647025,556,15,18,51,475,-39,-4195
3084648025,558,19,-3,49,397,-202,-4026
3084649025,560,19,-7,46,188,-352,-3923
3084650025,563,10,-7,47,35,-463,-3909
3084651025,565,6,-6,44,18,-486,-3929
3084652025,567,0,-12,39,92,-389,-3988
3084653025,569,8,-30,39,88,-252,-3954
3084654025,572,1,-24,32,-21,-243,-3985
3084655025,574,3,-25,22,-85,-277,-4069
3084656025,576,9,-23,22,-102,-332,-4194
3084657025,578,10,-19,6,-75,-332,-4173
3084658025,579,7,-23,-2,-153,-326,-4187
3084659025,581,0,-16,-7,-252,-304,-4178
3084660025,583,-3,-5,-12,-287,-282,-4164
3084661025,584,7,-1,-26,-127,-221,-4128
3084662025,586,1,10,-38,-66,-96,-4167
3084663025,587,3,8,-53,-6,37,-4274
3084664025,588,6,8,-59,-9,229,-4098
3084665025,590,7,7,-65,-65,282,-4014
3084666025,591,13,6,-78,-162,341,-3969
3084667025,592,15,15,-79,-116,322,-4088
3084668025,593,9,19,-75,23,340,-4107
3084669025,594,8,17,-75,71,384,-4077
3084670025,595,13,8,-72,64,416,-3978
3084671025,596,7,-1,-65,-52,442,-3935
3084672025,598,6,-1,-47,-147,443,-3955
3084673025,599,1,5,-38,-134,480,-3976
3084674025,600,-2,2,-32,-92,530,-3995
3084675025,602,5,-2,-20,-29,488,-4059
3084676025,603,7,-11,-10,-84,398,-4059
3084677025,605,10,-12,-4,-25,286,-4181
3084678025,607,15,3,6,-357,319,-4243
3084679025,609,0,26,15,38,252,-4382
3084680025,610,6,33,38,211,340,-4327
3084681025,612,19,40,49,476,289,-4225
3084682027,615,22,33,63,367,-47,-4116
3084683025,617,21,33,67,375,-274,-4136
3084684025,619,7,37,80,503,-527,-3971
3084685025,621,1,10,81,736,-677,-3837
3084686025,623,-9,-22,74,672,-719,-3681
3084687025,626,-15,-35,71,532,-716,-3678
3084688025,628,-15,-57,59,204,-652,-3662
3084689025,630,-27,-55,46,19,-476,-3760
3084690025,631,-17,-66,27,-104,-329,-3931
3084691025,633,-9,-73,8,-187,-256,-4163
3084692025,635,-16,-70,4,-303,-233,-4315
3084693025,636,-5,-61,-8,-500,-141,-4532
3084694025,638,3,-34,-22,-527,-73,-4591
3084695025,639,6,-9,-36,-388,-127,-4561
3084696025,641,10,1,-39,-311,-108,-4524
3084697025,642,3,20,-54,-262,-77,-4466
3084698025,643,6,26,-62,-294,94,-4289
3084699025,644,1,39,-63,-305,261,-4055
3084700025,645,-6,41,-62,-156,363,-3943
3084701025,647,-5,42,-64,-54,398,-3916
3084702025,648,-4,24,-65,106,524,-3843
3084703025,649,3,7,-56,65,583,-3751
3084704025,650,3,-1,-46,-62,569,-3759
3084705025,652,-1,2,-33,-14,473,-3889
3084706025,653,-7,5,-29,81,418,-3963
3084707025,655,-1,-11,-22,191,411,-3986
3084708025,656,-2,-23,-16,72,440,-3975
3084709025,658,-3,-29,-11,-125,441,-3986
3084710025,660,0,-15,2,-219,426,-4065
3084711025,662,-11,5,4,-60,322,-4214
3084712025,664,-6,21,20,86,432,-4298
3084713025,666,8,11,30,222,389,-4217
3084714025,668,10,20,38,122,150,-4136
3084715025,670,8,21,44,130,-4,-4112
3084716025,672,3,22,56,236,-350,-4013
3084717025,674,-1,11,62,382,-485,-3890
3084718025,677,-14,-15,57,323,-441,-3853
3084719025,679,-9,-22,60,262,-484,-3944
3084720025,681,-13,-31,49,195,-465,-4038
3084721025,683,-14,-20,37,103,-283,-4062
3084722025,684,-3,-29,26,155,-311,-4056
3084723025,686,3,-31,9,128,-451,-4169
3084724025,688,-2,-20,4,70,-419,-4228
3084725025,689,6,-22,-19,8,-334,-4232
3084726025,690,3,-24,-34,-92,-280,-4196
3084727025,691,6,-18,-50,-147,-187,-4188
3084728025,692,4,-14,-51,-155,-80,-4258
3084729025,693,8,-1,-55,-203,-2,-4251
3084730025,694,10,7,-59,-134,142,-4218
3084731025,695,8,7,-57,-65,220,-4139
3084732025,696,5,9,-52,40,190,-4126
3084733025,697,7,-2,-59,26,202,-4141
3084734025,698,1,-12,-53,-81,324,-4016
3084735025,699,1,-3,-40,-193,478,-3928
3084736025,700,3,-2,-32,-215,555,-3882
3084737025,701,2,-1,-14,-117,535,-3926
3084738025,702,7,0,-9,-73,514,-3936
3084739025,704,11,-16,6,-46,444,-3945
3084740025,705,-1,-6,19,-121,333,-4050
3084741025,707,3,-9,28,-35,263,-4131
3084742025,708,4,-2,33,-5,237,-4138
3084743025,710,0,-13,39,-84,254,-4034
3084744025,712,8,-8,47,-159,278,-4096
3084745025,714,-3,11,53,22,249,-4300
3084746025,716,9,23,65,118,231,-4234
3084747025,718,9,22,69,278,209,-4212
3084748025,720,11,16,77,271,25,-4120
3084749025,722,17,13,82,310,-260,-4174
3084750025,724,10,16,82,413,-385,-4155
3084751025,727,12,13,84,459,-395,-4104
3084752025,729,11,-1,84,510,-402,-3945
3084753025,731,1,-20,79,395,-538,-3836
3084754025,733,-6,-30,58,385,-659,-3860
3084755025,735,-19,-32,39,422,-648,-3974
3084756025,737,-26,-29,30,412,-577,-4036
3084757025,739,-15,-42,7,295,-276,-4049
3084758025,741,-8,-52,-13,56,-2,-4015
3084759025,742,3,-42,-28,-153,43,-4004
3084760025,743,-1,-40,-41,-253,56,-4112
3084761025,745,7,-45,-55,-273,100,-4189
3084762025,746,19,-42,-56,-379,197,-4257
3084763025,747,19,-38,-53,-499,248,-4279
3084764025,749,11,-13,-49,-526,226,-4352
3084765025,750,14,-9,-44,-469,228,-4337
3084766025,751,7,-4,-38,-331,296,-4251
3084767025,752,2,-9,-30,-364,384,-4194
3084768025,754,-2,0,-23,-381,428,-4155
3084769025,755,-5,15,-15,-341,483,-4102
3084770025,756,-5,17,-7,-275,521,-4051
3084771025,758,-3,14,0,-109,508,-3907
3084772025,759,0,15,7,-112,439,-3947
3084773025,761,0,12,15,5,323,-3987
3084774025,762,9,11,19,50,289,-3944
3084775025,764,4,0,17,189,236,-3917
3084776025,766,12,3,38,-33,162,-3972
3084777025,767,5,12,42,169,195,-4159
3084778025,769,11,15,51,238,169,-4272
3084779025,771,17,23,48,340,47,-4277
3084780025,773,18,16,52,453,-119,-4151
3084781025,775,11,14,53,483,-239,-4146
3084782025,777,5,22,46,472,-296,-4128
3084783025,779,0,23,50,531,-329,-4118
3084784025,781,12,4,37,615,-382,-3929
3084785025,783,-3,-4,31,612,-432,-3827
3084786025,785,-7,-26,22,477,-418,-3851
3084787025,787,-9,-37,12,310,-380,-3912
3084788025,789,-10,-39,7,246,-318,-3917
3084789025,791,-9,-44,-2,170,-163,-3923
3084790025,793,1,-57,-14,86,-140,-3978
3084791025,795,-4,-66,-29,-126,-170,-4110
3084792025,796,-8,-63,-37,-450,21,-4327
3084793025,798,-6,-42,-34,-503,120,-4358
3084794025,800,4,-29,-38,-580,260,-4364
3084795025,801,9,-24,-35,-581,269,-4353
3084796025,803,6,-13,-28,-559,194,-4392
3084797025,804,0,0,-25,-544,191,-4415
3084798025,806,5,17,-24,-415,200,-4432
3084799025,808,6,22,-14,-229,290,-4229
3084800025,809,4,17,-5,-186,263,-4071
3084801025,811,0,20,-4,-198,266,-3981
3084802025,812,-4,24,-2,-124,279,-3991
3084803025,814,3,28,6,8,307,-3946
3084804025,816,3,18,10,122,302,-3895
3084805025,818,3,3,8,300,256,-3897
3084806025,819,10,8,18,26,299,-3979
3084807025,821,3,8,21,229,207,-4164
3084808025,823,6,14,29,313,288,-4125
3084809025,825,13,16,34,489,150,-4077
3084810025,827,11,9,42,395,-4,-4089
3084811025,828,5,16,45,389,-73,-4171
3084812025,830,8,22,45,500,-56,-4139
3084813025,832,9,16,43,748,-142,-3976
3084814025,834,0,-10,33,718,-263,-3804
3084815025,836,-1,-14,32,592,-357,-3793
3084816025,838,-8,-35,25,331,-436,-3886
3084817025,840,-21,-28,16,229,-317,-3972
3084818025,841,-13,-41,-1,138,-108,-4011
3084819025,843,-3,-48,-9,24,-34,-3962
3084820025,844,-8,-48,-16,-77,-69,-4010
3084821025,846,-7,-43,-25,-278,-51,-4254
3084822025,847,-5,-31,-28,-323,73,-4432
3084823025,849,2,-21,-34,-212,112,-4404
3084824025,850,6,-22,-37,-304,95,-4363
3084825025,852,4,-19,-31,-388,74,-4378
3084826025,853,7,1,-25,-477,92,-4371
3084827025,854,8,15,-24,-347,160,-4241
3084828025,856,-5,23,-16,-252,178,-4165
3084829025,857,-2,16,-15,-217,185,-4138
3084830025,859,-10,20,-11,-107,160,-4082
3084831025,860,-13,19,0,-96,194,-4067
3084832025,862,-7,20,5,17,207,-3972
3084833025,863,-5,20,10,132,123,-3880
3084834025,865,-11,11,15,54,75,-3884
3084835025,867,-5,7,21,339,81,-4079
3084836025,868,-12,22,31,249,34,-4096
3084837025,870,-16,42,49,297,352,-4090
3084838025,872,-6,40,64,622,444,-4080
3084839025,874,8,34,68,791,366,-3904
3084840025,876,7,15,81,735,-106,-3995
3084841025,878,-4,12,79,749,-384,-3967
3084842025,880,-4,-5,72,771,-438,-3864
3084843025,883,0,-21,65,822,-431,-3872
3084844025,884,-5,-49,55,476,-469,-3886
3084845025,886,-6,-71,34,53,-388,-3844
3084846025,888,-16,-53,23,-179,-232,-3891
3084847025,890,-19,-44,17,-175,-170,-4073
3084848025,891,-13,-45,-3,-100,24,-4293
3084849025,893,0,-47,-22,-130,147,-4328
3084850025,894,-3,-38,-35,-458,178,-4437
3084851025,896,8,-21,-32,-581,137,-4503
3084852025,897,3,-2,-33,-545,129,-4477
3084853025,898,7,2,-25,-400,89,-4373
3084854025,900,0,6,-26,-387,169,-4268
3084855025,901,-3,12,-13,-375,279,-4248
3084856025,902,0,22,-14,-211,335,-4089
3084857025,904,-6,22,-8,-113,297,-3990
3084858025,905,6,13,-11,-19,343,-3888
3084859025,906,-1,10,-17,-39,318,-3922
3084860025,908,1,13,-13,-32,302,-3941
3084861025,909,1,16,-10,-21,327,-3922
3084862025,910,5,11,-10,120,292,-3864
3084863025,912,6,3,-4,27,217,-3895
3084864025,913,-2,10,15,12,244,-3976
3084865025,915,2,15,16,126,255,-4070
3084866025,917,-2,20,29,277,247,-4093
3084867025,918,3,8,24,434,167,-4152
3084868025,920,6,-1,34,421,59,-4102
3084869025,922,6,-3,36,281,37,-4051
3084870025,924,-1,3,37,214,9,-4030
3084871025,926,0,5,30,257,-64,-4076
3084872025,928,2,-3,29,381,-110,-4108
3084873025,930,2,1,28,320,-131,-4132
3084874025,931,4,-5,23,217,-124,-4116
3084875025,933,3,-7,24,230,-126,-4114
3084876025,935,0,2,23,279,-158,-4101
3084877025,937,-2,-15,9,335,-180,-4113
3084878025,939,11,-33,4,160,-209,-4164
3084879025,941,10,-32,7,-29,-231,-4152
3084880025,943,5,-40,-1,-229,-208,-4066
3084881025,944,5,-28,-3,-305,-127,-4063
3084882025,946,3,-24,-8,-212,-98,-4146
3084883025,948,10,-35,-12,-227,-48,-4188
3084884025,949,1,-28,-21,-299,4,-4195
3084885025,951,6,-23,-26,-421,134,-4180
3084886025,952,1,-13,-24,-384,161,-4144
3084887025,954,5,-6,-25,-335,122,-4177
3084888025,955,-3,-10,-19,-262,99,-4196
3084889025,957,0,2,-16,-311,119,-4203
3084890025,958,0,14,-13,-208,179,-4168
3084891025,960,3,14,-8,-43,204,-4024
3084892025,961,1,14,-4,15,219,-3925
3084893025,963,7,11,-6,51,203,-3954
3084894025,965,3,13,-7,-7,202,-3991
3084895025,966,8,18,-4,58,280,-4009
3084896025,968,9,6,-14,156,248,-3901
3084897025,969,8,3,-10,30,265,-3864
3084898025,971,7,1,-11,259,127,-3969
3084899025,973,16,14,1,141,86,-4073
3084900025,975,-7,37,13,402,244,-4221
3084901025,977,6,23,15,690,374,-4186
3084902025,979,6,22,15,797,281,-4033
3084903025,980,11,5,20,574,138,-3998
3084904025,983,12,-4,28,513,-46,-3967
3084905025,985,8,-11,30,356,-79,-3926
3084906025,987,11,-32,28,362,-99,-3820
3084907025,989,4,-43,25,227,-96,-3803
3084908025,991,7,-58,19,-56,-162,-3969
3084909025,993,3,-57,17,-216,-158,-4083
3084910025,995,-2,-54,16,-362,-61,-4152
3084911025,996,2,-55,9,-409,-31,-4160
3084912025,998,5,-46,7,-521,-24,-4259
3084913025,1000,0,-31,12,-529,-102,-4505
3084914025,1002,5,-21,4,-461,-50,-4488
3084915025,1003,5,-8,4,-468,5,-4338
3084916025,1005,-2,3,2,-433,-10,-4293
3084917025,1006,-4,10,1,-400,-71,-4215
3084918025,1008,-1,25,5,-238,-80,-4155
3084919025,1010,3,18,1,-131,40,-4020
3084920025,1011,6,23,3,-100,92,-3964
3084921025,1013,4,24,-7,-81,74,-3944
3084922025,1014,3,20,-8,27,-2,-3957
3084923025,1016,3,18,-13,203,-15,-3953
3084924025,1017,4,14,-22,284,52,-3998
3084925025,1019,-3,15,-19,324,86,-3992
3084926025,1020,-4,3,-27,294,149,-3976
3084927025,1022,15,13,-14,260,196,-3994
3084928025,1023,-8,21,-15,482,339,-4164
3084929025,1025,14,11,-6,515,458,-4108
3084930025,1027,17,6,-5,645,395,-3980
3084931025,1029,16,-14,6,397,169,-3866
3084932025,1031,5,-12,14,400,-15,-4015
3084933025,1033,5,-18,24,319,-35,-4047
3084934025,1035,-1,-25,20,430,-68,-3984
3084935025,1037,-3,-44,21,251,19,-3815
3084936025,1039,0,-56,21,-11,61,-3841
3084937025,1041,-7,-49,22,-185,21,-3977
3084938025,1043,-2,-55,18,-285,55,-4109
3084939025,1045,2,-57,12,-326,94,-4165
3084940025,1047,7,-55,10,-454,117,-4184
3084941025,1049,9,-43,9,-548,43,-4311
3084942025,1051,16,-24,10,-554,-5,-4410
3084943025,1053,14,-12,12,-491,34,-4398
3084944025,1055,13,-9,13,-385,6,-4256
3084945025,1057,8,7,11,-384,-128,-4327
3084946025,1058,3,9,6,-266,-157,-4286
3084947025,1060,-2,6,8,-182,-127,-4077
3084948025,1062,-5,15,10,-168,-102,-4009
3084949025,1064,-9,13,9,-147,34,-4035
3084950025,1065,0,8,2,-54,100,-4040
3084951025,1067,6,5,0,45,82,-3907
3084952025,1069,-2,-1,-2,54,60,-3933
3084953025,1071,7,11,-5,49,58,-4010
3084954025,1072,2,12,-7,195,-103,-4279
3084955025,1074,6,27,-15,538,-47,-4395
3084956025,1076,4,29,-19,706,100,-4202
3084957025,1077,4,25,-17,673,174,-4150
3084958025,1079,16,17,-29,567,219,-4001
3084959025,1081,13,22,-23,546,215,-3818
3084960025,1083,17,7,-20,629,197,-3771
3084961025,1085,9,-10,-12,637,197,-3758
3084962025,1087,9,-30,-9,489,195,-3718
3084963025,1089,22,-57,-1,223,124,-3574
3084964025,1091,4,-64,6,-68,-61,-3663
3084965025,1093,-6,-71,20,-157,-82,-4049
3084966025,1095,-9,-72,27,-190,35,-4148
3084967025,1097,0,-80,27,-297,190,-4176
3084968025,1099,-2,-79,30,-539,153,-4218
3084969025,1101,-1,-58,27,-748,113,-4363
3084970025,1103,3,-37,28,-741,66,-4423
3084971025,1105,0,-22,26,-660,50,-4427
3084972025,1107,-3,-1,24,-524,46,-4464
3084973025,1108,3,9,17,-463,77,-4492
3084974025,1110,17,17,16,-342,37,-4280
3084975025,1112,16,24,23,-295,-10,-4160
3084976025,1113,12,33,17,-191,-112,-4144
3084977025,1115,5,25,18,-15,-147,-4164
3084978025,1116,13,13,15,114,-77,-4064
3084979025,1118,12,10,10,120,-77,-3918
3084980025,1120,2,13,8,139,-78,-3932
3084981025,1121,7,7,1,232,-119,-3979
3084982025,1123,3,2,-20,246,-116,-3897
3084983025,1124,7,4,-19,324,72,-3995
3084984025,1126,-4,-5,-30,443,238,-4191
3084985025,1128,4,9,-29,255,465,-4143
3084986025,1129,20,14,-19,428,491,-4117
3084987025,1131,20,17,-16,463,345,-4016
3084988025,1133,24,4,-9,554,161,-3996
3084989025,1135,25,-4,-13,547,90,-3942
3084990025,1137,20,-21,1,332,-51,-3891
3084991025,1139,10,-28,14,193,-109,-3808
3084992025,1141,-4,-39,31,16,-4,-3815
3084993025,1143,-10,-53,30,-48,83,-3857
3084994025,1146,-13,-63,33,-114,99,-3880
3084995025,1148,-15,-64,30,-268,122,-4041
3084996025,1150,-12,-56,22,-449,204,-4227
3084997025,1152,-3,-50,21,-473,224,-4347
3084998025,1155,5,-45,24,-464,177,-4288
3084999025,1157,9,-29,21,-500,53,-4347
3085000025,1159,13,-19,20,-524,-10,-4484
3085001025,1161,12,-2,24,-411,-59,-4442
3085002025,1163,3,15,19,-311,-104,-4365
3085003025,1165,6,19,11,-283,-131,-4343
3085004025,1167,6,14,11,-151,-137,-4236
3085005025,1170,8,19,8,-146,-124,-4076
3085006025,1172,0,23,7,-68,-122,-4030
3085007025,1174,-2,27,-1,41,-72,-4016
3085008025,1175,-3,32,-9,206,-74,-4068
3085009025,1177,3,23,-27,648,-2,-4042
3085010025,1179,2,13,-38,475,-9,-3848
3085011025,1181,8,10,-41,283,172,-4082
3085012025,1183,12,15,-37,206,228,-4099
3085013025,1185,17,29,-38,464,367,-4108
3085014025,1187,23,33,-28,645,365,-4093
3085015025,1189,32,9,-13,677,268,-3997
3085016025,1191,30,-1,-9,432,-15,-3863
3085017025,1193,19,-16,-3,325,-151,-3808
3085018025,1195,1,-31,5,119,-228,-3772
3085019025,1197,-17,-42,7,110,-190,-3810
3085020025,1199,-24,-60,10,116,-44,-3818
3085021025,1201,-30,-66,8,-37,42,-3813
3085022025,1203,-36,-62,9,-296,187,-3991
3085023025,1205,-22,-56,-1,-482,346,-4186
3085024025,1207,-4,-45,-3,-412,304,-4236
3085025025,1209,0,-23,1,-369,229,-4452
3085026025,1211,4,-21,-4,-410,170,-4585
3085027025,1213,26,-10,1,-382,148,-4558
3085028025,1215,20,0,1,-400,-22,-4342
3085029025,1217,13,17,4,-386,-186,-4314
3085030025,1219,6,23,2,-344,-217,-4360
3085031025,1221,9,30,12,-177,-114,-4296
3085032025,1223,6,31,9,-3,-53,-4080
3085033025,1225,-8,29,1,88,-31,-3947
3085034025,1227,-1,28,-6,192,-58,-3969
3085035025,1229,-10,30,-13,272,-33,-3972
3085036025,1231,-9,15,-17,322,-48,-3863
3085037025,1232,5,1,-25,508,60,-3914
3085038025,1234,-1,2,-22,303,31,-3989
3085039025,1236,-4,10,-26,386,141,-4182
3085040025,1238,13,12,-15,481,334,-4071
3085041025,1240,14,13,-7,639,282,-3939
3085042025,1242,17,-4,-3,468,148,-3992
3085043025,1245,17,-16,-4,352,-48,-4072
3085044025,1247,7,-6,13,297,-100,-4089
3085045025,1249,4,-26,20,245,-82,-4089
3085046025,1251,-2,-39,20,73,-8,-3931
3085047025,1254,-15,-45,22,-68,6,-3811
3085048025,1256,-15,-44,28,-237,6,-3966
3085049025,1258,-22,-40,23,-260,12,-4078
3085050025,1260,-12,-48,17,-210,64,-4173
3085051025,1262,-11,-48,8,-296,50,-4193
3085052025,1264,-1,-37,13,-467,145,-4342
3085053025,1266,-1,-28,8,-498,198,-4355
3085054025,1268,14,-16,12,-534,152,-4320
3085055025,1270,12,4,8,-410,46,-4275
3085056025,1272,5,16,4,-288,19,-4354
3085057025,1274,14,22,5,-72,-49,-4287
3085058025,1275,12,21,-4,-17,-91,-4171
3085059025,1277,7,17,-2,-6,-115,-4040
3085060025,1279,4,24,-11,13,-42,-4003
3085061025,1281,-2,20,-15,129,49,-3971
3085062025,1283,1,20,-26,250,74,-3945
3085063025,1284,2,8,-28,287,106,-3854
3085064025,1286,4,-13,-38,561,69,-3883
3085065025,1288,8,0,-33,152,131,-3918
3085066025,1290,-2,12,-20,281,432,-4088
3085067025,1292,14,4,-13,395,423,-3959
3085068025,1294,18,-7,-7,488,415,-3930
3085069025,1296,21,-16,1,306,280,-4062
3085070025,1298,16,-22,18,263,94,-4148
3085071025,1300,13,-18,28,213,8,-4121
3085072025,1303,8,-38,33,163,-146,-4019
3085073025,1305,2,-44,40,-79,-101,-3957
3085074025,1307,-4,-45,44,-255,-84,-3980
3085075025,1310,-8,-45,37,-327,-43,-3990
3085076025,1312,-19,-41,36,-262,-53,-3993
3085077025,1314,-8,-43,16,-324,24,-4148
3085078025,1316,0,-35,10,-404,79,-4330
3085079025,1318,12,-20,6,-375,74,-4266
3085080025,1320,9,-10,9,-355,27,-4271
3085081025,1322,9,5,1,-345,52,-4329
3085082025,1324,21,1,0,-246,-3,-4278
3085083025,1326,18,17,-5,-163,-128,-4185
3085084025,1328,7,25,-12,-76,-215,-4228
3085085025,1330,8,24,-18,-22,-194,-4223
3085086025,1332,12,29,-27,171,-85,-4085
3085087025,1334,5,24,-32,262,7,-3884
3085088025,1336,8,2,-49,79,42,-3883
3085089025,1337,4,5,-45,131,250,-4007
3085090025,1339,9,1,-47,62,177,-3949
3085091025,1341,17,-3,-48,111,429,-3982
3085092025,1343,19,-12,-30,142,475,-3863
3085093025,1345,15,-7,-12,23,362,-3973
3085094025,1347,19,-7,-9,87,345,-4089
3085095025,1349,22,-14,11,151,295,-4119
3085096025,1352,21,-20,26,194,174,-4057
3085097025,1354,13,-22,46,129,85,-4079
3085098025,1356,12,-25,53,79,-7,-4052
3085099025,1359,9,-32,58,53,-57,-4012
3085100025,1361,-4,-38,50,33,-168,-3976
3085101025,1364,-6,-43,43,-118,-136,-4025
3085102025,1366,-2,-45,31,-277,-101,-4069
3085103025,1368,6,-42,30,-276,-47,-4083
3085104025,1371,7,-29,16,-281,-126,-4076
3085105025,1373,4,-9,8,-257,-79,-4308
3085106025,1375,14,-8,-5,-97,-62,-4390
3085107025,1377,18,-6,-12,-43,-159,-4270
3085108025,1379,12,1,-18,-66,-183,-4228
3085109025,1382,21,6,-23,-97,-242,-4248
3085110025,1384,11,7,-32,-26,-177,-4147
3085111025,1386,10,1,-39,38,-49,-3981
3085112025,1388,2,8,-41,-61,21,-3981
3085113025,1390,4,8,-47,274,79,-4067
3085114025,1392,14,-3,-58,150,209,-3935
3085115025,1394,13,3,-49,85,435,-4015
3085116025,1396,10,-4,-41,272,494,-3955
3085117025,1399,11,0,-38,226,470,-3953
3085118025,1401,22,-12,-19,228,392,-4020
3085119025,1403,20,-19,-1,254,236,-4028
3085120025,1406,21,-35,11,160,81,-4031
3085121025,1408,12,-40,26,39,50,-3946
3085122025,1411,12,-47,26,-71,40,-3911
3085123025,1414,-3,-45,34,-184,20,-3971
3085124025,1416,-1,-47,37,-206,50,-4026
3085125025,1419,-2,-52,26,-300,1,-4044
3085126025,1421,-11,-47,20,-222,36,-4115
3085127025,1423,2,-42,21,-509,58,-4207
3085128025,1426,9,-27,9,-486,10,-4324
3085129025,1428,4,-7,7,-368,-19,-4365
3085130025,1430,9,11,2,-169,-133,-4422
3085131025,1433,7,19,-6,-52,-233,-4448
3085132025,1435,4,27,-22,145,-344,-4390
3085133025,1437,-2,28,-37,213,-260,-4247
3085134025,1439,0,33,-48,189,-125,-4089
3085135026,1442,0,26,-55,265,-49,-4025
3085136025,1444,9,21,-68,263,92,-3797
3085137025,1446,15,6,-64,341,292,-3685
3085138025,1448,11,-13,-73,193,269,-3747
3085139025,1450,16,-8,-68,29,323,-3944
3085140025,1452,16,-19,-53,131,362,-4012
3085141025,1455,22,-32,-35,176,353,-3955
3085142025,1458,20,-30,-13,93,227,-4018
3085143025,1460,16,-40,8,8,97,-4141
3085144025,1463,10,-33,18,37,-38,-4155
3085145025,1466,-8,-33,36,2,-27,-4160
3085146025,1469,-9,-44,43,-141,34,-4132
3085147025,1471,-4,-48,43,-256,41,-3979
3085148025,1474,-8,-36,36,-427,-16,-3993
3085149025,1477,-8,-36,29,-404,-12,-4079
3085150025,1479,2,-25,26,-436,-11,-4190
3085151025,1482,0,-11,10,-162,-33,-4202
3085152025,1484,-4,8,-1,-111,-120,-4431
3085153025,1487,12,24,-13,103,-186,-4525
3085154025,1489,13,28,-16,214,-197,-4439
3085155025,1491,17,21,-32,200,-256,-4219
3085156025,1494,13,26,-42,145,-180,-4115
3085157025,1496,9,24,-58,158,-72,-4108
3085158025,1498,14,22,-53,257,-43,-4049
3085159025,1500,13,2,-61,327,119,-3797
3085160025,1502,15,-15,-69,32,281,-3823
3085161025,1504,21,-27,-57,19,389,-3955
3085162025,1506,8,-25,-44,-126,329,-3888
3085163025,1507,2,-25,-29,16,350,-4081
3085164025,1510,9,-23,-9,-68,472,-4170
3085165025,1512,17,-26,8,65,378,-4149
3085166025,1514,15,-29,25,10,234,-4099
3085167025,1516,15,-28,31,-102,162,-4134
3085168025,1518,6,-27,45,-219,109,-4252
3085169025,1521,1,-8,52,-88,68,-4033
3085170025,1523,-5,-12,51,-146,66,-3858
3085171025,1525,5,-22,51,-94,-11,-3921
3085172025,1527,2,-17,52,-220,-110,-3926
3085173025,1530,-4,-17,43,-154,-152,-4149
3085174025,1532,-1,-2,37,-128,-11,-4260
3085175025,1534,14,7,22,206,-1,-4142
3085176025,1536,1,14,18,318,-284,-4182
3085177025,1538,17,10,0,424,-315,-4225
3085178025,1540,8,3,-17,528,-431,-4174
3085179025,1543,7,5,-34,408,-322,-4272
3085180025,1545,8,-4,-51,174,-142,-4159
3085181025,1547,4,-1,-53,285,-65,-4012
3085182025,1549,6,-3,-56,118,91,-3818
3085183025,1552,3,1,-50,146,255,-4115
3085184025,1554,13,-10,-41,215,363,-4187
3085185025,1556,8,-21,-32,135,365,-4061
3085186025,1559,7,-24,-17,38,345,-4100
3085187025,1562,11,-23,-3,-99,195,-4079
3085188025,1565,9,-24,16,16,32,-4049
3085189025,1567,-2,-32,23,32,-9,-4022
3085190025,1570,-3,-40,28,-29,19,-4016
3085191025,1573,3,-52,25,-171,46,-3941
3085192025,1576,-2,-52,26,-365,-16,-4001
3085193025,1579,-16,-38,20,-431,-8,-4125
3085194025,1582,-6,-23,17,-293,56,-4137
3085195025,1585,-6,-17,12,-224,91,-4160
3085196025,1587,-4,-7,-3,-138,93,-4180
3085197025,1590,6,-5,-8,-129,-58,-4242
3085198025,1592,10,10,-24,35,-190,-4203
3085199025,1595,-3,19,-26,88,-227,-4154
3085200025,1598,-2,15,-36,168,-148,-4196
3085201025,1600,2,15,-50,141,-105,-4092
3085202025,1602,12,4,-49,334,-23,-4003
3085203025,1605,-5,9,-50,213,81,-4009
3085204025,1607,-9,11,-50,296,173,-4216
3085205025,1610,9,-6,-47,306,362,-4003
3085206025,1612,4,-4,-40,325,287,-3869
3085207025,1614,0,-8,-31,219,208,-4101
3085208025,1617,3,-10,-25,206,210,-4140
3085209025,1619,10,-22,-14,206,190,-4008
3085210025,1622,2,-39,-1,187,120,-3855
3085211025,1624,-3,-47,2,-101,35,-4056
3085212025,1626,2,-49,9,-192,28,-4131
3085213025,1629,0,-51,13,-208,7,-4043
3085214025,1631,-6,-44,15,-196,-9,-4040
3085215025,1634,-4,-36,2,-304,93,-4254
3085216025,1636,6,-30,-3,-187,88,-4278
3085217025,1638,-1,-15,-12,-152,31,-4166
3085218025,1640,-2,-2,-20,-173,48,-4201
3085219025,1642,6,3,-29,-167,88,-4249
3085220025,1644,6,16,-32,-9,-51,-4155
3085221025,1647,4,17,-42,110,-67,-4120
3085222025,1649,-1,24,-37,79,-49,-4162
3085223025,1651,10,15,-39,34,11,-4139
3085224025,1653,14,11,-23,196,199,-3888
3085225025,1656,8,10,-20,366,224,-4034
3085226025,1658,12,1,-16,225,337,-3890
3085227025,1660,10,-7,-4,469,378,-3893
3085228025,1663,6,-15,5,314,321,-3739
3085229025,1665,16,-27,17,93,212,-4080
3085230025,1668,14,-50,27,107,-50,-4188
3085231025,1671,7,-45,39,36,-128,-4076
3085232025,1673,1,-47,45,-33,-153,-4007
3085233025,1676,-1,-47,50,-151,-138,-4156
3085234025,1679,4,-59,41,-238,-85,-4214
3085235025,1681,6,-55,39,-341,-26,-4160
3085236025,1684,1,-44,30,-327,-26,-4244
3085237025,1686,3,-32,26,-461,-1,-4422
3085238025,1688,15,-7,17,-290,12,-4359
3085239025,1690,8,8,0,87,-157,-4199
3085240025,1693,0,12,-12,79,-176,-4379
3085241025,1695,10,18,-27,120,-193,-4359
3085242025,1697,13,14,-44,146,-183,-4121
3085243025,1699,4,24,-52,84,-52,-4035
3085244025,1701,10,19,-59,78,308,-3841
3085245025,1703,20,19,-55,126,322,-3814
3085246025,1705,13,13,-48,365,251,-3725
3085247025,1708,6,-2,-39,248,316,-3824
3085248025,1710,23,-16,-30,243,455,-3955
3085249025,1712,17,-28,-9,237,376,-3851
3085250025,1715,16,-38,-3,120,249,-3870
3085251025,1717,9,-34,15,180,160,-4045
3085252025,1720,2,-38,38,51,49,-4169
3085253025,1723,2,-44,48,34,107,-4070
3085254025,1725,-4,-48,54,-36,165,-4000
3085255025,1728,2,-46,50,-201,115,-4048
3085256025,1730,-1,-35,38,-109,-36,-4276
3085257025,1733,10,-34,21,-85,-155,-4366
3085258025,1735,15,-33,2,-68,-185,-4329
3085259025,1738,8,-19,0,-152,-146,-4338
3085260026,1740,18,-2,-15,-229,-18,-4338
3085261025,1742,22,8,-30,-85,32,-4082
3085262026,1744,14,21,-39,51,-29,-3959
3085263027,1746,10,13,-39,91,-70,-4085
3085264025,1748,14,0,-49,45,-128,-4236
3085265025,1751,15,-10,-48,24,-64,-4025
3085266025,1753,12,-16,-38,-72,89,-3790
3085267025,1755,11,-22,-30,-239,164,-3854
3085268025,1758,11,-27,-31,-230,293,-3859
3085269025,1760,16,-21,-23,-249,132,-4075
3085270025,1762,10,-14,-13,43,165,-4295
3085271025,1765,8,-3,-1,-45,384,-4264
3085272025,1767,11,-2,4,103,438,-4066
3085273025,1770,8,17,15,57,309,-4059
3085274025,1773,2,8,18,155,117,-4083
3085275025,1775,11,-1,28,177,-3,-4042
3085276025,1778,11,-8,28,208,-157,-4029
3085277025,1781,11,-14,32,241,-254,-4007
3085278025,1784,-3,-16,31,115,-184,-3879
3085279025,1787,5,-25,20,135,-104,-3717
3085280025,1789,-3,-31,9,126,-236,-3899
3085281025,1792,-3,-31,-5,140,-255,-4239
3085282025,1795,-4,-30,-8,205,-217,-4307
3085283025,1797,4,-25,-32,131,53,-4245
3085284025,1800,7,-20,-40,-23,162,-4133
3085285025,1802,10,-18,-53,-97,101,-4090
3085286025,1805,14,-12,-56,-103,60,-4084
3085287025,1807,12,-16,-61,-63,52,-4064
3085288025,1810,7,-19,-60,-108,78,-4137
3085289025,1812,13,-20,-45,-212,120,-4174
3085290025,1815,10,-39,-48,-268,228,-3976
3085291025,1817,4,-26,-30,-243,278,-4028
3085292025,1820,11,-17,-15,-356,301,-4229
3085293025,1822,2,-5,-13,-177,388,-4328
3085294025,1825,10,4,6,-90,481,-4326
3085295025,1827,14,8,10,-38,461,-4212
3085296025,1830,15,11,21,-32,281,-4069
3085297025,1833,15,19,35,14,-19,-4042
3085298025,1836,8,7,35,138,-50,-3933
3085299025,1838,6,-1,44,186,-163,-3814
3085300025,1841,1,1,49,170,-193,-3782
3085301025,1843,-5,-24,41,116,-173,-3734
3085302025,1846,-1,-28,32,73,-237,-3819
3085303025,1849,-10,-23,15,235,-435,-4018
3085304025,1851,-9,-20,5,360,-303,-4299
3085305025,1853,-11,-10,-12,423,-198,-4374
3085306025,1856,1,-14,-33,345,55,-4339
3085307025,1858,15,-12,-60,208,121,-4108
3085308025,1860,16,-8,-67,-15,89,-3969
3085309025,1862,16,-16,-77,-75,54,-4012
3085310025,1864,15,-10,-70,-179,162,-4066
3085311025,1866,24,-23,-59,-239,185,-4189
3085312025,1868,12,-14,-36,-138,299,-4210
3085313025,1871,15,-3,-14,-143,335,-4357
3085314025,1873,14,-1,-9,-80,250,-4372
3085315026,1876,11,-4,5,65,142,-4254
3085316025,1878,10,-15,17,22,77,-4197
3085317025,1881,-3,-16,29,-118,46,-4160
3085318025,1883,-6,-5,39,-130,102,-4116
3085319025,1886,-3,-6,44,-127,164,-3879
3085320025,1888,-1,-5,47,49,48,-3637
3085321025,1891,-17,-26,36,58,-54,-3786
3085322025,1894,-6,-37,33,-122,-122,-4005
3085323025,1896,-6,-31,37,-56,-240,-4083
3085324025,1899,-10,-15,26,18,-230,-4088
3085325025,1901,-5,1,20,168,-173,-4288
3085326025,1904,4,9,-3,503,-77,-4265
3085327025,1906,6,-2,-12,540,-127,-4146
3085328025,1909,13,-20,-34,222,-121,-4080
3085329025,1911,7,-1,-44,38,-57,-4329
3085330025,1914,13,2,-44,-104,47,-4328
3085331025,1916,14,13,-30,39,286,-4088
3085332025,1918,12,11,-33,108,334,-3977
3085333025,1921,13,1,-22,-12,246,-4116
3085334025,1923,20,4,-8,79,20,-4256
3085335025,1926,7,-7,4,247,-100,-4152
3085336025,1928,-1,-1,11,156,86,-4163
3085337025,1931,4,-22,25,154,135,-4117
3085338025,1933,5,-34,31,113,25,-3869
3085339025,1936,-12,-35,34,-123,6,-3826
3085340025,1938,-7,-33,31,-190,160,-3902
3085341025,1941,-11,-28,30,-112,124,-3961
3085342025,1943,-15,-31,20,-84,14,-3987
3085343025,1946,-4,-31,17,-102,77,-4039
3085344025,1948,-6,-25,8,-3,19,-4108
3085345025,1950,-4,-10,-10,23,-107,-4257
3085346025,1953,-4,-6,-12,196,-132,-4241
3085347025,1955,-1,2,-31,192,-78,-4249
3085348025,1957,4,3,-42,72,68,-4291
3085349025,1959,16,2,-46,172,73,-4122
3085350025,1962,8,16,-44,-10,-37,-4077
3085351025,1964,0,21,-46,134,237,-4224
3085352025,1966,20,15,-38,143,356,-4251
3085353025,1969,11,10,-38,225,319,-4001
3085354025,1971,15,0,-25,62,223,-4112
3085355025,1973,10,0,-14,51,170,-4168
3085356025,1976,5,-8,-1,157,95,-4060
3085357025,1979,7,-23,13,98,100,-3981
3085358025,1981,3,-29,28,116,54,-3907
3085359025,1984,-2,-31,28,51,-31,-3888
3085360025,1986,-9,-37,35,34,-28,-3976
3085361025,1989,-8,-45,37,-10,53,-3982
3085362025,1992,-7,-45,29,-44,-16,-3947
3085363025,1994,-10,-40,25,-74,3,-4004
3085364025,1997,-1,-36,15,-101,-31,-4054
3085365025,1999,3,-32,-3,78,-210,-4149
3085366025,2002,1,-28,-8,6,-203,-4249
3085367025,2004,-5,-11,-22,-2,-87,-4254
3085368026,2007,1,-4,-29,-23,58,-4138
3085369025,2009,2,2,-38,-35,70,-4079
3085370025,2011,6,-3,-42,-72,48,-3975
3085371025,2014,10,4,-38,-109,77,-4256
3085372025,2016,11,3,-22,-102,70,-4362
3085373025,2018,11,5,-32,-9,188,-4193
3085374025,2021,3,3,-17,75,316,-3922
3085375025,2023,10,1,-3,-15,288,-4022
3085376025,2026,3,-5,8,134,144,-4194
3085377025,2028,-2,-12,16,121,37,-4072
3085378025,2031,-3,-16,16,139,105,-4029
3085379025,2034,6,-22,26,56,89,-4007
3085380025,2036,1,-27,27,135,-105,-3977
3085381025,2039,-1,-26,28,88,-80,-3981
3085382025,2041,0,-26,25,107,-18,-3994
3085383025,2044,3,-43,7,10,-43,-3966
3085384025,2046,-6,-27,5,-76,-63,-4122
3085385025,2049,0,-20,-5,25,-12,-4258
3085386025,2051,3,-17,-21,107,41,-4183
3085387025,2053,7,-14,-28,92,47,-4143
3085388025,2056,10,-15,-42,18,91,-4104
3085389025,2058,12,-14,-44,-98,101,-4196
3085390025,2060,18,-6,-41,-97,123,-4153
3085391025,2062,16,-11,-40,6,87,-4084
3085392025,2065,11,-13,-45,6,189,-4070
3085393025,2067,21,-16,-25,-210,178,-4117
3085394025,2069,15,-15,-25,-83,226,-3974
3085395025,2072,12,-9,-4,-133,337,-4004
3085396025,2074,14,-4,0,-107,367,-4076
3085397025,2077,11,-3,12,8,270,-4197
3085398025,2079,17,-7,22,76,182,-4126
3085399025,2082,18,-7,30,59,160,-3981
3085400025,2084,10,-9,37,15,14,-3990
3085401025,2087,8,-8,44,3,-104,-4051
3085402025,2090,5,-16,37,140,-207,-4005
3085403025,2092,4,-13,42,138,-300,-4020
3085404025,2095,-5,-20,14,289,-280,-4035
3085405025,2097,-2,-13,16,144,-217,-4087
3085406025,2100,0,-19,-3,226,-216,-4146
3085407025,2102,-2,-11,-23,129,-81,-4076
3085408025,2104,9,-13,-39,134,68,-4106
3085409025,2107,11,-8,-52,154,111,-4178
3085410025,2109,20,-13,-55,85,94,-4148
3085411025,2112,20,-24,-55,93,52,-4073
3085412025,2114,19,-20,-54,-102,51,-4076
3085413025,2116,21,-28,-45,-255,118,-4106
3085414025,2119,8,-31,-50,-277,190,-4056
3085415025,2121,23,-31,-29,-361,170,-4082
3085416025,2124,11,-17,-15,-156,245,-4253
3085417025,2127,15,-8,-6,-99,297,-4228
3085418025,2129,7,-8,6,-6,307,-4113
3085419025,2132,-1,0,12,-43,332,-4097
3085420025,2135,2,-8,21,1,182,-4039
3085421025,2138,4,-4,25,0,76,-3995
3085422025,2140,1,-2,29,33,-3,-4071
3085423025,2143,3,-8,29,35,-40,-3995
3085424025,2146,5,-9,33,109,-77,-3922
3085425025,2149,-5,-3,21,138,-263,-4011
3085426025,2151,1,-7,4,259,-288,-4234
3085427025,2154,2,-7,-17,401,-327,-4233
3085428025,2157,-2,-10,-31,384,-262,-4175
3085429025,2159,-3,-4,-46,242,-9,-4042
3085430025,2162,-1,-1,-64,155,150,-3993
3085431025,2164,20,-12,-74,173,210,-3951
3085432025,2166,16,-14,-76,200,203,-3904
3085433025,2169,24,-15,-74,33,246,-4059
3085434025,2171,31,-23,-70,-68,117,-4196
3085435025,2174,26,-30,-48,-182,209,-4044
3085436025,2176,18,-29,-27,-212,266,-4042
3085437025,2179,14,-26,-23,-167,168,-4095
3085438025,2181,-2,-18,-1,-7,12,-4368
3085439025,2184,1,-14,17,-24,141,-4355
3085440025,2187,5,-21,27,-47,317,-4070
3085441025,2189,1,-12,31,-128,301,-3926
3085442025,2192,4,-12,35,-208,230,-3903
3085443025,2195,5,-11,34,-101,23,-3978
3085444025,2197,0,-17,32,26,-54,-3932
3085445025,2200,-2,-21,24,-106,-17,-4004
3085446025,2202,13,-24,31,-144,-67,-4117
3085447025,2204,16,-20,23,-117,-202,-4006
3085448025,2207,6,5,11,-33,-380,-4235
3085449025,2209,2,18,-4,343,-334,-4449
3085450025,2211,6,12,-24,546,-238,-4429
3085451025,2214,4,14,-39,505,-139,-4302
3085452025,2216,13,7,-61,315,36,-3987
3085453025,2218,14,6,-74,118,128,-3789
3085454025,2220,14,8,-86,123,255,-3809
3085455025,2222,20,10,-66,33,357,-3889
3085456025,2224,21,-3,-70,208,352,-3999
3085457025,2226,26,-8,-38,0,408,-4009
3085458025,2228,29,-13,-13,142,347,-4048
3085459025,2231,23,-11,10,138,166,-4083
3085460025,2233,15,-24,17,151,93,-4187
3085461025,2236,8,-37,31,164,37,-4137
3085462025,2239,6,-40,43,28,71,-4004
3085463025,2241,-3,-42,50,-216,77,-4080
3085464025,2244,5,-33,57,-197,42,-4079
3085465025,2247,-7,-21,52,-204,62,-4023
3085466025,2249,4,-28,43,-74,139,-3985
3085467025,2252,5,-33,33,-193,-28,-4090
3085468025,2254,14,-26,24,-412,-135,-4321
3085469025,2257,15,-8,27,2,-201,-4385
3085470025,2259,-3,15,9,114,-285,-4370
3085471025,2262,17,14,-5,208,-266,-4471
3085472025,2264,14,17,-21,448,-334,-4135
3085473025,2267,10,7,-36,190,-306,-4120
3085474025,2269,2,14,-39,205,-241,-4210
3085475025,2271,1,21,-60,197,-46,-4087
3085476025,2273,12,6,-67,286,159,-3885
3085477025,2275,10,-12,-77,76,260,-3684
3085478025,2278,9,-13,-76,310,257,-3878
3085479025,2280,19,-25,-63,-134,246,-4094
3085480025,2282,7,-9,-40,-100,449,-4214
3085481025,2285,15,-8,-20,64,479,-4251
3085482025,2287,17,-8,-2,230,348,-4121
3085483025,2290,9,-3,7,292,208,-4116
3085484025,2293,11,-19,19,186,5,-4057
3085485025,2295,12,-37,27,-41,-26,-3958
3085486025,2298,-6,-28,28,-75,-50,-3821
3085487025,2300,-11,-26,22,-125,-38,-3810
3085488025,2303,-7,-33,26,-85,26,-3973
3085489025,2306,-4,-31,9,17,31,-3956
3085490025,2308,0,-19,0,-63,4,-4231
3085491025,2310,5,0,-13,178,-7,-4280
3085492025,2313,1,16,-25,298,-31,-4251
3085493025,2315,23,4,-40,346,-161,-4337
3085494025,2317,12,-1,-55,295,-219,-4206
3085495025,2320,17,-3,-59,57,-178,-4149
3085496025,2322,11,3,-61,-45,-21,-4130
3085497025,2324,4,6,-58,-84,31,-4096
3085498025,2327,9,-6,-50,75,182,-4019
3085499025,2329,0,-10,-45,-2,229,-4137
3085500025,2331,10,-1,-30,-196,369,-4314
3085501025,2334,10,-8,-23,36,367,-4240
3085502025,2336,6,-7,-14,187,251,-3985
3085503025,2339,7,-18,-3,109,142,-4074
3085504025,2341,11,-20,7,113,-34,-4051
3085505025,2344,4,-28,16,37,-174,-3991
3085506025,2347,-3,-28,18,-44,-133,-3951
3085507025,2349,1,-25,31,-96,-86,-3889
3085508025,2352,-5,-33,21,-30,-143,-3909
3085509025,2354,-5,-31,9,16,-142,-4074
3085510025,2357,-1,-28,5,118,-64,-4124
3085511025,2359,-3,-18,-9,70,22,-4207
3085512025,2362,13,-19,-18,49,44,-4189
3085513025,2364,1,-6,-33,73,-95,-4037
3085514025,2366,2,0,-47,40,-101,-4170
3085515025,2369,4,5,-49,78,-83,-4267
3085516025,2371,11,3,-54,101,-32,-4204
3085517025,2373,9,-1,-56,155,110,-4032
3085518025,2375,7,7,-43,-6,200,-4165
3085519025,2378,7,11,-33,-4,266,-4233
3085520025,2380,-1,14,-24,266,374,-4145
3085521025,2382,4,4,-11,267,448,-4048
3085522025,2385,16,-9,0,242,327,-4009
3085523025,2387,6,-19,13,131,59,-4010
3085524025,2390,6,-26,22,78,-17,-3972
3085525025,2392,2,-28,25,-51,-18,-3950
3085526025,2395,4,-34,25,8,-112,-3963
3085527025,2397,-7,-41,24,-69,-76,-3962
3085528025,2399,-13,-41,28,-131,-19,-4089
3085529025,2402,-9,-34,24,-144,-43,-4139
3085530025,2404,-5,-39,13,-173,-11,-4203
3085531025,2406,1,-19,9,-151,71,-4192
3085532025,2408,0,-12,-9,-77,28,-4182
3085533025,2410,0,-3,-7,4,-125,-4232
3085534025,2412,1,4,-26,32,-187,-4263
3085535025,2414,12,5,-32,-17,-168,-4195
3085536025,2416,3,14,-37,20,0,-4085
3085537025,2418,7,16,-40,64,115,-4002
3085538025,2420,5,12,-44,68,132,-3981
3085539025,2422,3,3,-43,327,167,-4007
3085540025,2424,13,3,-31,163,136,-4094
3085541025,2426,11,3,-23,166,344,-4138
3085542025,2428,14,-2,-11,66,386,-4054
3085543025,2430,15,-1,0,299,336,-3873
3085544025,2433,8,-5,18,127,143,-4141
3085545025,2435,5,-12,33,250,83,-4199
3085546025,2437,2,-23,47,196,79,-3959
3085547025,2440,7,-28,52,161,33,-3948
3085548025,2442,1,-36,55,-14,-71,-4017
3085549025,2445,3,-35,52,-58,-137,-4033
3085550025,2447,-2,-37,46,-131,-115,-4083
3085551025,2450,5,-41,38,-156,-106,-4150
3085552025,2452,5,-32,22,-149,-156,-4263
3085553025,2454,9,-15,10,-153,-89,-4235
3085554025,2456,11,-8,-9,-72,-52,-4218
3085555025,2459,2,2,-20,-93,-17,-4212
3085556025,2461,8,3,-23,-45,-13,-4212
3085557025,2463,18,5,-35,1,-158,-4178
3085558025,2465,8,13,-39,50,-185,-4108
3085559025,2467,6,10,-44,50,-23,-4057
3085560025,2470,6,15,-44,143,134,-3933
3085561025,2472,4,0,-48,143,175,-3889
3085562025,2474,1,-12,-54,270,228,-4005
3085563025,2476,15,-3,-34,-16,263,-4051
3085564025,2478,3,8,-27,149,520,-4070
3085565025,2481,9,3,-18,46,550,-3979
3085566025,2483,16,3,-2,361,571,-3949
3085567025,2486,20,-18,18,216,280,-4025
3085568025,2488,9,-24,28,256,4,-4015
3085569025,2491,5,-39,36,-54,-67,-4065
3085570025,2494,8,-37,46,-43,-173,-4078
3085571025,2496,-2,-36,48,-67,-228,-3954
3085572025,2499,-10,-43,48,-240,-24,-3997
3085573025,2502,3,-43,33,-263,129,-4008
3085574025,2504,1,-40,30,-293,30,-4087
3085575025,2506,0,-30,13,-324,-89,-4359
3085576025,2509,4,-6,-3,-154,-130,-4461
3085577025,2511,10,11,-18,-15,-192,-4363
3085578025,2513,7,17,-38,89,-267,-4243
3085579025,2515,5,26,-42,40,-300,-4224
3085580025,2517,3,28,-52,37,-270,-4136
3085581025,2519,3,30,-64,129,-79,-3987
3085582025,2521,8,27,-64,175,169,-3912
3085583025,2523,9,18,-66,181,239,-3825
3085584025,2525,21,-5,-72,180,290,-3691
3085585025,2527,15,-6,-65,-27,224,-3940
3085586025,2529,20,-14,-46,74,300,-4107
3085587025,2531,8,-10,-31,90,449,-4101
3085588025,2533,14,-14,-21,29,449,-4107
3085589025,2536,20,-15,1,127,350,-4028
3085590025,2538,7,-12,26,26,157,-4099
3085591025,2540,0,-16,38,62,74,-4123
3085592025,2543,1,-19,53,68,-12,-4016
3085593025,2545,-2,-21,58,131,-85,-3956
3085594025,2548,-16,-43,55,-50,-114,-3893
3085595025,2550,-7,-44,55,-270,-33,-3950
3085596025,2553,0,-43,53,-273,-70,-4081
3085597025,2555,-5,-38,49,-292,-28,-4150
3085598025,2558,0,-8,38,-235,-1,-4346
3085599025,2560,7,2,25,-52,-67,-4338
3085600025,2562,9,14,15,60,-210,-4254
3085601025,2564,8,8,-9,125,-390,-4264
3085602025,2566,1,12,-12,118,-432,-4301
3085603025,2569,4,21,-23,165,-327,-4278
3085604025,2571,3,21,-34,280,-128,-4058
3085605025,2573,4,12,-45,271,38,-3921
3085606025,2575,5,3,-48,319,88,-3910
3085607025,2577,3,-10,-54,181,148,-3906
3085608025,2580,9,-21,-51,115,364,-3950
3085609025,2582,14,-17,-38,-7,475,-4068
3085610025,2584,15,-2,-21,136,509,-4119
3085611025,2587,12,3,-11,126,543,-4249
3085612025,2589,34,-7,2,232,551,-4094
3085613025,2591,21,-16,21,134,285,-3919
3085614025,2594,14,-24,39,36,-48,-3991
3085615025,2597,7,-20,44,68,-175,-3998
3085616025,2599,-9,-30,51,104,-207,-3954
3085617025,2602,-15,-45,48,-20,17,-3818
3085618025,2604,-7,-59,41,-211,148,-3837
3085619025,2607,-6,-52,35,-342,81,-4057
3085620025,2609,-6,-36,31,-354,84,-4222
3085621025,2611,8,-11,19,-240,131,-4473
3085622025,2614,17,8,9,52,91,-4438
3085623025,2616,29,2,-11,216,-165,-4270
3085624025,2618,21,2,-28,87,-410,-4286
3085625025,2620,21,9,-28,33,-412,-4313
3085626025,2622,7,17,-40,74,-265,-4271
3085627025,2623,9,17,-44,171,-55,-4088
3085628025,2625,8,5,-52,250,76,-3869
3085629025,2627,3,1,-49,175,68,-3871
3085630025,2629,-3,-9,-50,91,98,-3970
3085631025,2631,1,-21,-54,60,212,-4064
3085632025,2633,3,-30,-47,68,387,-3952
3085633025,2635,10,-21,-35,-137,450,-4042
3085634025,2637,12,-22,-29,-62,386,-4162
3085635025,2639,19,-13,-7,-234,499,-4196
3085636025,2641,22,0,5,-13,366,-4058
3085637025,2643,18,5,23,7,107,-4123
3085638025,2646,12,9,26,54,-9,-4139
3085639025,2648,7,-10,37,256,-43,-3890
3085640025,2650,5,-27,45,96,-152,-3814
3085641025,2653,-5,-35,39,-39,-220,-3934
3085642025,2655,5,-38,38,-171,-107,-3936
3085643026,2658,-3,-29,37,-94,-38,-3935
3085644025,2660,0,-23,24,21,-11,-4093
3085645025,2662,11,-13,14,63,19,-4347
3085646025,2664,20,-5,-3,211,-51,-4232
3085647025,2667,30,-11,-16,174,-161,-4203
3085648025,2669,25,-9,-27,124,-342,-4261
3085649025,2671,17,7,-31,26,-284,-4343
3085650025,2673,14,-3,-33,46,-102,-4149
3085651025,2675,6,1,-38,22,-24,-4069
3085652025,2678,5,3,-34,64,-5,-4130
3085653025,2680,-2,4,-31,-22,196,-4220
3085654025,2682,11,12,-21,83,315,-4104
3085655025,2685,8,3,-16,270,232,-3969
3085656025,2687,1,2,-2,195,181,-4155
3085657025,2690,7,-9,-1,220,174,-4093
3085658025,2692,14,-24,4,199,122,-3794
3085659025,2695,2,-27,11,42,-83,-3770
3085660025,2697,-3,-32,2,-132,-120,-3969
3085661025,2700,-5,-35,3,-182,-77,-3979
3085662025,2702,-6,-42,4,-194,4,-3948
3085663025,2705,-13,-35,0,-188,33,-4035
3085664025,2707,-6,-23,-6,-275,168,-4301
3085665025,2710,3,-15,-13,-112,221,-4220
3085666025,2712,2,-17,-14,-75,138,-4128
3085667025,2715,-3,-9,-26,-128,-19,-4284
3085668025,2717,9,6,-32,-91,-40,-4339
3085669025,2720,5,16,-37,-50,-80,-4186
3085670025,2722,4,19,-40,0,-73,-4122
3085671025,2724,-8,15,-50,102,-33,-4075
3085672025,2727,-5,20,-47,341,138,-4215
3085673025,2729,0,12,-49,305,170,-4221
3085674025,2731,8,16,-39,195,319,-4151
3085675025,2733,-1,26,-26,280,402,-4098
3085676025,2736,6,32,-21,381,444,-4078
3085677025,2738,16,12,-1,566,287,-4031
3085678025,2740,13,-11,9,583,2,-3846
3085679025,2743,11,-21,12,458,-112,-3786
3085680025,2745,12,-42,21,132,-249,-3905
3085681025,2747,0,-61,24,-5,-238,-3870
3085682025,2750,-7,-62,24,-156,-187,-3851
3085683025,2752,-12,-59,23,-316,-97,-4094
3085684025,2754,-2,-65,15,-326,-15,-4216
3085685025,2756,9,-47,3,-357,31,-4240
3085686025,2758,-5,-27,0,-367,9,-4294
3085687025,2760,6,-11,-15,-398,37,-4371
3085688025,2761,10,3,-21,-353,-38,-4356
3085689025,2763,5,17,-24,-258,-102,-4359
3085690025,2765,8,27,-30,-134,-205,-4295
3085691025,2766,-4,47,-31,-34,-84,-4194
3085692025,2768,8,40,-38,255,-2,-4040
3085693025,2770,4,37,-39,300,-9,-3921
3085694025,2771,-8,25,-41,387,37,-3886
3085695025,2773,3,13,-49,262,172,-3956
3085696025,2775,-2,4,-42,276,278,-3906
3085697025,2777,8,-11,-45,265,275,-3814
3085698025,2779,16,-22,-42,278,284,-3826
3085699025,2781,-2,-21,-41,216,265,-4012
3085700025,2783,10,-23,-23,78,255,-4274
3085701025,2785,1,-14,-16,184,317,-4184
3085702025,2788,-4,2,10,180,380,-4175
3085703025,2790,0,-5,27,314,452,-4161
3085704025,2793,6,1,44,303,294,-4182
3085705025,2795,8,-12,47,421,17,-4044
3085706025,2798,-1,-23,57,222,-163,-3950
3085707025,2801,6,-22,60,97,-232,-3993
3085708025,2803,-1,-37,57,-12,-329,-3948
3085709025,2806,-2,-38,45,-188,-314,-3944
3085710025,2809,-6,-29,32,-167,-291,-4156
3085711025,2811,-8,-25,23,-161,-241,-4257
3085712025,2814,3,-17,5,-89,-133,-4266
3085713025,2816,2,-4,-14,11,-59,-4150
3085714025,2818,-1,2,-35,-36,-170,-4319
3085715025,2820,10,2,-46,-44,-259,-4427
3085716025,2822,4,2,-51,-25,-271,-4365
3085717025,2824,2,7,-59,-33,-154,-4157
3085718025,2826,-7,18,-59,-7,55,-4017
3085719025,2828,7,10,-67,112,163,-4035
3085720025,2830,2,4,-67,214,224,-4012
3085721025,2832,2,-5,-66,194,260,-3989
3085722025,2834,13,-26,-69,-102,403,-4014
3085723025,2836,16,-12,-57,-295,491,-4131
3085724025,2838,21,-2,-46,-12,372,-4056
3085725025,2840,5,11,-39,103,469,-3961
3085726025,2842,6,13,-14,105,579,-4160
3085727025,2844,14,4,3,261,482,-4044
3085728025,2846,2,1,14,215,111,-3937
3085729025,2849,-5,-9,28,132,-38,-3923
3085730025,2851,-4,-13,33,100,-46,-3952
3085731025,2853,0,-17,38,130,-119,-3886
3085732025,2855,-10,-35,30,63,-42,-3842
3085733025,2858,-6,-37,23,-116,62,-3969
3085734025,2860,-2,-31,19,-94,49,-4034
3085735025,2862,6,-20,6,-132,-103,-4250
3085736025,2864,6,-8,-3,-117,-138,-4372
3085737025,2866,5,4,-20,14,-125,-4263
3085738025,2868,4,14,-38,124,-285,-4366
3085739025,2870,3,23,-34,109,-307,-4409
3085740025,2871,5,18,-50,217,-371,-4338
3085741025,2873,-1,17,-57,170,-215,-4154
3085742025,2875,5,18,-62,158,-15,-3966
3085743025,2877,4,20,-66,176,62,-3890
3085744025,2879,4,12,-68,205,170,-3874
3085745025,2881,10,-10,-67,213,292,-3842
3085746025,2883,14,-22,-64,108,240,-3927
3085747025,2885,18,-32,-61,-146,292,-3998
3085748025,2887,16,-29,-53,-72,315,-4090
3085749025,2889,20,-25,-34,-163,273,-4116
3085750025,2891,6,-3,-17,-119,354,-4144
3085751025,2893,9,3,8,-97,452,-4285
3085752025,2896,9,14,34,130,379,-4092
3085753025,2898,6,19,40,156,242,-4021
3085754025,2901,5,5,51,200,16,-4060
3085755025,2903,0,-3,61,231,-163,-3937
3085756025,2906,-5,-28,57,149,-255,-3799
3085757025,2908,-11,-34,61,62,-216,-3799
3085758025,2911,-2,-36,53,-160,-139,-3898
3085759025,2913,-4,-40,37,-200,-135,-4091
3085760025,2916,2,-24,34,-193,-83,-4267
3085761025,2918,17,-13,18,-50,-105,-4301
3085762025,2920,14,1,12,-4,-200,-4347
3085763025,2922,7,9,-11,67,-340,-4558
3085764025,2924,7,3,-30,174,-440,-4451
3085765025,2925,0,12,-46,35,-261,-4247
3085766025,2927,-4,19,-48,-31,-152,-4202
3085767025,2929,-2,26,-66,51,36,-3947
3085768025,2930,-1,29,-72,146,128,-3902
3085769025,2932,9,15,-81,224,285,-3881
3085770025,2934,10,-8,-80,128,377,-3886
3085771025,2935,12,-12,-84,94,411,-3882
3085772025,2937,18,-22,-70,-104,439,-3841
3085773025,2939,16,-24,-54,-26,513,-3940
3085774025,2940,19,-20,-37,-135,412,-4054
3085775025,2942,20,-9,-27,-85,501,-4383
3085776025,2944,13,7,6,-101,585,-4463
3085777025,2946,33,15,25,166,570,-4203
3085778025,2948,18,17,41,235,231,-3882
3085779025,2951,0,5,57,302,-168,-3903
3085780025,2953,1,-2,58,266,-242,-3888
3085781025,2955,-10,-25,64,249,-314,-3823
3085782025,2958,-19,-42,57,77,-187,-3780
3085783025,2960,-7,-48,52,-112,-95,-3834
3085784025,2962,-5,-36,44,-135,-119,-4052
3085785025,2965,3,-32,26,-233,-111,-4209
3085786025,2967,11,-14,17,-98,-130,-4424
3085787025,2969,14,-4,1,64,-193,-4504
3085788025,2971,23,-3,-25,85,-355,-4443
3085789025,2973,28,-3,-28,57,-407,-4333
3085790025,2975,12,0,-46,-13,-496,-4245
3085791025,2977,3,10,-54,-18,-360,-4237
3085792025,2979,2,16,-58,36,-87,-4059
3085793025,2980,5,2,-62,64,90,-3916
3085794025,2982,3,8,-59,28,156,-3934
3085795025,2984,7,-3,-61,-1,205,-3998
3085796025,2986,10,-17,-61,-4,272,-4042
3085797025,2988,13,-28,-58,69,430,-4029
3085798025,2990,18,-16,-45,-170,474,-4065
3085799025,2992,16,-16,-35,-78,460,-4245
3085800025,2994,17,3,-18,-181,521,-4334
3085801025,2996,29,8,4,23,575,-4124
3085802025,2999,18,16,20,111,280,-3952
3085803025,3001,13,23,33,131,112,-3992
3085804025,3003,6,4,41,260,-41,-3947
3085805025,3006,4,-16,49,335,-73,-3806
3085806025,3008,-9,-31,47,227,-105,-3753
3085807025,3010,-9,-39,43,114,-68,-3824
3085808025,3013,-3,-44,38,-78,-49,-3835
3085809025,3015,1,-48,31,-101,-66,-3940
3085810025,3017,7,-42,19,-133,-51,-4168
3085811025,3019,9,-23,4,-151,30,-4390
3085812025,3021,14,-18,-1,-137,-13,-4418
3085813025,3023,22,-6,-22,14,-136,-4396
3085814025,3025,18,-4,-32,-45,-281,-4303
3085815025,3027,15,4,-41,-114,-339,-4296
3085816025,3029,2,19,-54,-135,-218,-4328
3085817025,3030,2,22,-53,-84,-119,-4256
3085818025,3032,16,15,-62,95,6,-4012
3085819025,3034,4,13,-61,68,66,-3915
3085820025,3036,3,2,-65,169,179,-4163
3085821025,3037,11,13,-54,-183,309,-4193
3085822025,3039,12,21,-42,170,556,-4282
3085823025,3041,21,17,-25,176,632,-4101
3085824025,3043,25,17,-14,306,398,-3892
3085825025,3045,18,7,-6,338,-9,-3913
3085826025,3047,17,2,5,352,-124,-3925
3085827025,3050,1,-16,19,376,-183,-3825
3085828025,3052,-9,-29,17,270,-118,-3840
3085829025,3054,-5,-42,19,76,1,-3737
3085830025,3056,-10,-47,19,-64,71,-3726
3085831025,3059,-4,-59,9,-137,72,-3900
3085832025,3061,-10,-46,8,-283,101,-4214
3085833025,3063,9,-35,-6,-295,154,-4392
3085834025,3065,15,-26,-6,-265,122,-4378
3085835025,3067,17,-24,-13,-203,65,-4298
3085836025,3069,16,-12,-20,-259,-132,-4312
3085837025,3071,15,4,-26,-254,-282,-4513
3085838025,3073,3,22,-37,-144,-216,-4380
3085839025,3075,4,17,-40,-45,-165,-4093
3085840025,3078,1,18,-46,49,-59,-4040
3085841025,3080,2,22,-51,74,-21,-4117
3085842025,3082,-2,17,-56,262,22,-4043
3085843025,3084,-2,8,-68,282,81,-3938
3085844025,3086,4,0,-66,173,105,-3893
3085845025,3088,7,-6,-65,230,211,-4059
3085846025,3090,8,2,-57,54,182,-4169
3085847025,3092,2,29,-39,26,544,-4289
3085848025,3094,25,39,-17,348,633,-4240
3085849025,3096,25,39,-4,555,470,-4063
3085850025,3099,22,23,9,579,67,-4022
3085851025,3101,5,13,26,628,-168,-4000
3085852025,3104,5,-17,36,485,-222,-3825
3085853025,3106,7,-23,42,495,-282,-3763
3085854025,3109,-13,-51,43,257,-346,-3505
3085855025,3111,-14,-71,31,-39,-254,-3660
3085856025,3113,-19,-80,9,-73,-160,-3973
3085857025,3116,-15,-77,3,-171,-103,-4107
3085858025,3118,-11,-61,-1,-385,12,-4323
3085859025,3120,1,-35,-17,-486,186,-4506
3085860025,3121,12,-27,-30,-474,100,-4473
3085861025,3123,19,-11,-43,-437,-81,-4460
3085862025,3125,10,-3,-46,-427,-171,-4481
3085863025,3126,11,11,-57,-437,-248,-4599
3085864025,3128,8,40,-61,-228,-135,-4365
3085865025,3130,0,48,-62,20,8,-4128
3085866025,3131,-1,39,-70,201,88,-3946
3085867025,3133,-3,42,-67,263,93,-3879
3085868025,3134,7,22,-81,222,209,-3866
3085869025,3136,1,17,-79,184,374,-3905
3085870025,3137,9,8,-76,264,415,-3821
3085871025,3139,8,-3,-74,246,341,-3806
3085872025,3141,13,-18,-70,184,281,-3855
3085873025,3142,5,-27,-60,78,254,-4019
3085874025,3144,10,-29,-46,30,274,-4126
3085875025,3146,7,-38,-30,-152,255,-4021
3085876025,3148,3,-40,-27,36,381,-4072
3085877025,3151,5,-16,-4,-282,149,-4238
3085878025,3153,-5,7,16,56,350,-4374
3085879025,3155,9,8,29,115,429,-4138
3085880025,3158,6,17,29,236,220,-3946
3085881025,3160,5,9,37,157,-2,-4058
3085882025,3163,6,6,44,191,-356,-4237
3085883025,3166,2,2,44,189,-354,-3951
3085884025,3168,5,-18,45,92,-393,-3809
3085885025,3171,-4,-17,40,-74,-485,-3861
3085886025,3173,-11,-12,28,-92,-548,-4085
3085887025,3176,-3,-17,12,93,-469,-4194
3085888025,3178,-3,-19,-6,73,-323,-4211
3085889025,3180,5,-19,-27,-33,-209,-4185
3085890025,3183,-1,-15,-38,-70,-153,-4184
3085891025,3185,2,4,-50,-111,-154,-4229
3085892025,3186,5,4,-65,-6,-140,-4293
3085893025,3188,12,-3,-79,-83,-39,-4237
3085894025,3190,11,-1,-74,-102,21,-4144
3085895025,3192,11,1,-79,-250,112,-4087
3085896025,3194,4,14,-79,-179,217,-4156
3085897025,3195,5,22,-74,391,297,-4178
3085898025,3197,9,15,-65,227,278,-4079
3085899025,3199,9,19,-61,284,532,-4140
3085900025,3200,10,14,-47,44,795,-3934
3085901025,3202,15,30,-30,167,769,-3901
3085902025,3204,17,23,-13,336,468,-3914
3085903025,3206,12,14,-7,331,193,-3971
3085904025,3207,9,2,7,308,130,-3955
3085905025,3209,2,-16,20,197,87,-3867
3085906025,3211,4,-26,31,79,80,-3785
3085907025,3213,-5,-36,32,-24,-18,-3844
3085908025,3215,-3,-37,24,-26,-29,-4000
3085909025,3217,1,-45,25,-115,-5,-4263
3085910025,3219,0,-37,10,-118,75,-4379
3085911025,3221,11,-28,4,-208,66,-4298
3085912025,3223,10,-10,-1,-259,-45,-4274
3085913025,3224,8,8,-3,-210,-132,-4326
3085914025,3226,11,8,-13,-110,-290,-4425
3085915025,3228,7,15,-17,-72,-330,-4312
3085916025,3230,5,19,-23,-54,-412,-4187
3085917025,3231,-6,28,-22,-30,-428,-4157
3085918025,3233,-9,40,-33,101,-364,-4138
3085919025,3235,-5,35,-51,403,-240,-3968
3085920025,3237,-15,24,-63,436,-53,-3902
3085921025,3239,2,11,-80,314,113,-3920
3085922025,3240,3,15,-80,267,142,-3874
3085923025,3242,2,12,-87,205,156,-3773
3085924025,3244,2,4,-100,523,205,-3891
3085925025,3246,14,3,-85,231,147,-3973
3085926025,3248,7,0,-71,312,332,-4178
3085927025,3250,15,-6,-50,126,463,-4040
3085928025,3253,15,2,-30,146,406,-4076
3085929025,3255,4,-2,-15,214,206,-4192
3085930025,3258,4,-9,4,326,106,-4291
3085931025,3260,2,-5,20,251,142,-4237
3085932025,3263,-3,-19,32,171,252,-3994
3085933025,3266,-10,-21,39,27,150,-3966
3085934025,3268,-10,-26,45,-2,32,-3927
3085935025,3271,-6,-27,35,-64,-59,-3961
3085936025,3273,-5,-48,29,-49,-130,-4045
3085937025,3275,-2,-48,23,-282,-154,-4165
3085938025,3278,3,-35,15,-433,-141,-4268
3085939025,3280,11,-15,12,-380,-82,-4268
3085940025,3282,9,-2,17,-319,-84,-4177
3085941025,3284,6,12,1,-222,-94,-4209
3085942025,3285,4,8,-11,-154,-183,-4394
3085943025,3287,12,11,-24,-109,-296,-4323
3085944025,3289,4,17,-27,-150,-258,-4140
3085945025,3290,-2,24,-32,-97,-213,-4092
3085946025,3292,-8,33,-39,16,-68,-4023
3085947025,3293,-5,34,-50,221,-12,-3993
3085948025,3294,-8,19,-60,274,104,-4034
3085949025,3295,-4,21,-60,216,156,-4026
3085950025,3296,4,15,-72,121,248,-3972
3085951025,3298,-5,10,-75,342,305,-3937
3085952025,3299,8,33,-69,164,232,-4013
3085953025,3300,5,42,-52,419,584,-4212
3085954025,3301,14,41,-48,520,558,-4195
3085955025,3303,25,27,-36,694,431,-4049
3085956025,3304,10,-3,-26,630,171,-4014
3085957025,3306,-3,-8,4,235,47,-3846
3085958025,3308,-4,-18,12,209,-6,-3908
3085959025,3310,-18,-36,35,334,-64,-3779
3085960025,3312,-24,-60,52,245,99,-3671
3085961025,3314,-18,-85,62,-135,281,-3794
3085962025,3316,4,-97,67,-450,67,-4043
3085963025,3318,-5,-93,70,-379,-110,-4171
3085964025,3320,3,-84,68,-642,-93,-4292
3085965025,3322,7,-60,60,-758,-29,-4305
3085966025,3324,12,-36,59,-815,-68,-4408
3085967025,3326,22,-28,53,-702,-220,-4407
3085968025,3328,16,11,51,-638,-307,-4380
3085969025,3330,4,27,37,-442,-436,-4383
3085970025,3332,1,27,35,-318,-381,-4278
3085971025,3334,5,43,22,-226,-304,-4066
3085972025,3335,4,43,27,-160,-292,-3984
3085973025,3337,1,42,15,94,-229,-3999
3085974025,3339,-10,48,6,390,-193,-3977
3085975025,3341,-1,29,-17,509,-97,-4081
3085976025,3342,3,13,-32,594,-2,-3959
3085977025,3344,7,4,-38,483,121,-3876
3085978025,3346,13,-11,-53,350,189,-3830
3085979025,3347,3,-14,-79,61,408,-3811
3085980025,3349,27,1,-62,-105,494,-4016
3085981025,3350,19,-5,-65,283,452,-4134
3085982025,3352,20,6,-38,5,863,-4243
3085983025,3354,40,10,-24,109,748,-4222
3085984025,3356,30,17,-10,162,346,-3975
3085985025,3358,21,4,6,245,-40,-3935
3085986025,3360,9,-7,11,249,-157,-3835
3085987025,3362,-12,-24,17,184,-179,-3685
3085988025,3365,-30,-39,16,-53,-44,-3737
3085989025,3367,-30,-44,14,-160,309,-3762
3085990025,3369,-22,-45,10,-256,271,-3806
3085991025,3371,-6,-60,2,-289,354,-4015
3085992025,3373,4,-48,-10,-512,272,-4392
3085993025,3375,19,-31,-14,-446,198,-4506
3085994025,3377,24,-27,-16,-437,138,-4545
3085995025,3379,26,-16,-19,-333,39,-4471
3085996025,3381,32,-13,-22,-350,-293,-4483
3085997025,3383,16,2,-22,-432,-490,-4491
3085998025,3385,8,16,-28,-351,-395,-4397
3085999025,3386,6,24,-23,-145,-310,-4186
3086000025,3388,-5,28,-28,-20,-280,-4141
3086001025,3390,0,25,-43,99,-200,-4117
3086002025,3392,-2,17,-52,257,-94,-3971
3086003025,3394,-2,9,-61,264,-31,-3844
3086004025,3396,2,-1,-71,279,-43,-3830
3086005025,3398,9,-5,-74,112,-30,-3868
3086006025,3399,11,-11,-79,52,12,-3802
3086007025,3401,7,-6,-86,301,26,-3882
3086008025,3403,8,-1,-80,108,78,-3962
3086009025,3406,8,-2,-74,168,225,-4139
3086010025,3408,19,0,-56,13,357,-4094
3086011025,3410,12,11,-38,115,341,-4140
3086012025,3412,15,20,-22,164,310,-4191
3086013025,3415,16,16,-14,230,258,-4181
3086014025,3417,13,0,-2,274,139,-3958
3086015025,3420,1,-15,3,181,-14,-3881
3086016025,3423,-9,-13,13,49,-144,-3883
3086017025,3425,-11,-29,10,81,-175,-3897
3086018025,3428,-12,-45,15,88,-193,-3839
3086019025,3430,-14,-60,3,-75,-100,-3908
3086020025,3433,-13,-59,2,-330,33,-4263
3086021025,3435,0,-38,3,-434,199,-4479
3086022025,3438,3,-36,1,-420,254,-4391
3086023025,3440,14,-33,-9,-372,156,-4280
3086024025,3442,14,-20,-19,-450,-58,-4435
3086025025,3444,15,-6,-21,-383,-291,-4514
3086026025,3446,4,2,-30,-264,-316,-4340
3086027025,3448,2,5,-26,-215,-271,-4181
3086028025,3450,-5,16,-36,-205,-164,-4117
3086029025,3452,-11,30,-38,-88,-70,-4075
3086030025,3454,-12,34,-47,72,122,-3988
3086031025,3456,0,26,-50,226,191,-3889
3086032025,3458,2,10,-57,229,180,-3910
3086033025,3459,2,-10,-71,220,195,-3918
3086034025,3461,6,7,-57,13,161,-3958
3086035025,3463,5,15,-50,286,413,-4147
3086036025,3465,10,12,-46,97,444,-4085
3086037025,3466,21,7,-34,273,343,-4000
3086038025,3468,-2,8,-24,137,63,-4029
3086039025,3470,0,0,-13,131,31,-4033
3086040025,3472,-3,-3,0,212,114,-3824
3086041025,3474,-10,-12,4,185,48,-3805
3086042025,3476,-16,-28,-5,18,-29,-3951
3086043025,3478,-12,-37,-3,-130,26,-4043
3086044025,3480,-8,-45,-2,-209,-6,-4024
3086045025,3482,-9,-43,-5,-289,17,-4123
3086046025,3484,-8,-24,-7,-487,90,-4397
3086047025,3486,6,-12,-3,-337,149,-4354
3086048025,3488,2,-3,-13,-194,22,-4239
3086049025,3490,1,-6,-16,-260,-164,-4296
3086050025,3492,7,7,-16,-186,-245,-4408
3086051025,3494,-6,16,-15,-158,-266,-4429
3086052025,3496,2,14,-23,-75,-101,-4188
3086053025,3498,2,13,-19,23,-90,-4002
3086054025,3500,-2,18,-23,-28,-117,-3965
3086055025,3502,0,16,-28,39,-151,-4064
3086056025,3504,-7,24,-36,290,-56,-4053
3086057025,3506,-7,-2,-53,515,52,-3961
3086058025,3509,5,-7,-50,193,-13,-3905
3086059025,3511,-5,1,-49,179,39,-4048
3086060025,3513,2,4,-45,69,295,-3964
3086061025,3515,4,14,-31,300,295,-4002
3086062025,3517,5,8,-23,355,309,-4054
3086063025,3520,13,5,-17,282,135,-4118
3086064025,3522,6,-1,-7,192,88,-4008
3086065025,3524,1,-10,7,84,9,-3963
3086066025,3527,0,-15,17,134,-44,-3912
3086067025,3529,-14,-31,17,19,-111,-3963
3086068025,3532,-15,-34,15,-63,-118,-4115
3086069025,3534,-6,-50,6,-299,23,-4181
3086070028,3537,-7,-43,6,-351,-40,-4156
3086071025,3539,-11,-26,-2,-425,-46,-4292
3086072025,3541,-5,-7,-5,-423,63,-4387
3086073025,3543,-6,-11,-8,-329,157,-4327
3086074025,3545,-1,-4,-11,-309,130,-4250
3086075025,3547,6,8,-22,-358,-86,-4370
3086076025,3549,3,20,-28,-249,-197,-4384
3086077025,3551,-2,29,-25,-158,-160,-4300
3086078025,3553,6,30,-30,-19,-8,-4003
3086079025,3555,8,26,-34,-5,0,-3885
3086080025,3557,1,36,-42,7,-5,-3973
3086081025,3559,-3,30,-51,11,-2,-3937
3086082025,3561,-11,22,-67,567,113,-3994
3086083025,3563,4,27,-56,249,97,-3875
3086084025,3565,-2,30,-52,535,484,-3988
3086085025,3567,11,22,-42,469,552,-3884
3086086025,3569,9,39,-36,599,431,-3973
3086087025,3571,5,14,-26,628,275,-4007
3086088025,3573,11,-8,-16,559,69,-4037
3086089025,3575,9,-31,-8,272,-43,-3972
3086090025,3578,7,-43,-3,-40,-72,-3982
3086091025,3580,0,-36,6,-173,-50,-3960
3086092025,3582,2,-45,4,-294,91,-4050
3086093025,3584,-1,-48,0,-306,154,-4136
3086094025,3587,5,-41,-10,-470,133,-4296
3086095025,3589,11,-43,-14,-573,-34,-4383
3086096025,3591,-2,-29,-14,-625,-49,-4413
3086097025,3593,1,-4,-13,-723,-43,-4417
3086098025,3595,0,15,-11,-511,-52,-4316
3086099025,3597,0,23,-18,-411,-102,-4251
3086100025,3599,0,21,-11,-349,-136,-4220
3086101025,3601,-3,35,-9,-351,-102,-4152
3086102025,3603,-3,34,-6,-261,-21,-3991
3086103025,3606,1,33,-7,-154,37,-3846
3086104025,3608,4,38,-13,89,25,-3922
3086105025,3610,0,42,-15,145,-104,-3917
3086106025,3612,3,38,-33,387,-179,-4132
3086107025,3614,0,22,-53,502,-155,-4019
3086108025,3616,2,19,-56,359,-11,-3936
3086109025,3618,-2,15,-70,373,-3,-3991
3086110025,3620,-1,32,-68,219,416,-4028
3086111025,3622,1,37,-59,598,530,-3860
3086112025,3625,13,27,-37,559,519,-3864
3086113025,3627,26,3,-28,580,377,-3933
3086114025,3629,16,-14,-32,477,251,-3895
3086115025,3632,24,-36,-10,199,65,-3812
3086116025,3634,19,-59,0,-141,-91,-3854
3086117025,3637,11,-65,5,-391,-2,-3958
3086118025,3639,12,-72,10,-487,86,-4039
3086119025,3642,8,-65,12,-583,6,-4284
3086120025,3644,-2,-38,7,-717,46,-4520
3086121025,3647,5,-25,7,-689,199,-4350
3086122025,3649,7,-7,-3,-660,108,-4290
3086123025,3651,-1,10,2,-623,74,-4373
3086124025,3653,2,26,-4,-559,-123,-4471
3086125025,3655,4,30,-6,-498,-141,-4349
3086126025,3658,5,39,-8,-391,-112,-4148
3086127025,3660,4,45,0,-225,-128,-3935
3086128025,3662,2,46,2,-204,-227,-3960
3086129025,3664,-8,50,-10,182,-244,-3978
3086130025,3666,-7,34,-24,396,-247,-4247
3086131025,3668,-1,19,-40,563,-164,-3999
3086132025,3670,-12,9,-42,509,-110,-3888
3086133025,3672,-10,7,-60,584,72,-3991
3086134025,3674,0,30,-62,239,128,-3999
3086135025,3676,11,46,-55,540,533,-4136
3086136025,3678,26,35,-45,792,634,-3901
3086137025,3680,28,27,-52,684,472,-3714
3086138025,3682,28,0,-41,526,207,-3674
3086139025,3684,22,-27,-20,255,-100,-3668
3086140025,3687,11,-57,-6,-8,-204,-3638
3086141025,3690,1,-66,2,-180,-180,-3790
3086142025,3692,-2,-80,8,-451,49,-3842
3086143025,3695,-10,-70,14,-579,74,-4148
3086144025,3697,-11,-45,20,-663,330,-4578
3086145025,3700,11,-32,15,-586,452,-4611
3086146025,3702,12,-24,11,-546,373,-4432
3086147025,3705,4,-8,14,-564,130,-4365
3086148025,3707,9,1,7,-585,-92,-4527
3086149025,3709,12,23,10,-487,-171,-4386
3086150025,3712,4,32,19,-398,-202,-4301
3086151025,3714,-5,33,15,-329,-189,-4118
3086152025,3717,5,45,20,67,-201,-4041
3086153025,3719,-10,38,17,240,-262,-4009
3086154025,3722,-2,33,0,369,-206,-4150
3086155025,3724,-6,28,-4,523,-224,-4091
3086156025,3727,-4,13,-27,384,-122,-3939
3086157025,3729,-3,10,-42,334,-30,-3802
3086158025,3731,2,0,-63,213,114,-3709
3086159025,3733,0,-7,-69,143,348,-3927
3086160025,3735,8,12,-61,223,346,-4034
3086161025,3738,11,22,-51,264,421,-4241
3086162025,3740,37,9,-35,415,427,-3936
3086163025,3742,30,-15,-23,210,212,-3660
3086164025,3745,33,-31,-17,120,70,-3747
3086165025,3747,17,-46,1,-187,-256,-3886
3086166025,3750,0,-54,15,-410,-176,-3876
3086167025,3752,-5,-61,20,-556,241,-3996
3086168025,3755,5,-37,16,-509,357,-4145
3086169025,3757,0,-38,19,-421,326,-4253
3086170025,3759,3,-26,21,-512,336,-4371
3086171025,3761,13,-8,14,-524,302,-4395
3086172025,3764,14,0,12,-475,155,-4358
3086173025,3766,16,13,9,-439,56,-4371
3086174025,3768,21,24,10,-219,-152,-4305
3086175025,3770,14,34,11,-52,-275,-4330
3086176025,3773,5,51,8,239,-249,-4192
3086177026,3775,3,54,4,371,-69,-4276
3086178025,3777,0,46,4,436,35,-4299
3086179026,3779,9,34,9,573,167,-4011
3086180027,3782,12,15,1,538,72,-3797
3086181025,3784,7,4,-3,395,-34,-3778
3086182025,3786,15,-6,-4,338,-82,-3743
3086183025,3789,12,-22,-9,385,-189,-3643
3086184025,3791,-2,-47,-8,140,-273,-3757
3086185025,3793,2,-67,-9,-117,-182,-3855
3086186025,3796,2,-65,-4,-341,-79,-3868
3086187025,3798,-4,-60,1,-515,12,-3986
3086188025,3800,-2,-47,-5,-579,155,-4276
3086189025,3803,6,-27,-10,-544,245,-4338
3086190025,3805,12,-14,-13,-459,291,-4297
3086191025,3807,3,-4,-13,-524,132,-4400
3086192025,3810,11,14,-21,-459,39,-4437
3086193025,3812,8,30,-22,-267,-81,-4269
3086194025,3814,-1,46,-24,-145,5,-4236
3086195025,3816,3,52,-19,-63,200,-4391
3086196025,3819,17,51,-11,213,250,-4330
3086197025,3821,25,58,-9,339,207,-4143
3086198025,3824,22,70,-2,507,266,-4164
3086199025,3827,21,52,-2,936,87,-3864
3086200025,3829,5,20,0,955,-179,-3728
3086201025,3832,7,-5,-1,963,-272,-3795
3086202025,3835,-2,-39,-9,622,-262,-3722
3086203025,3838,-2,-67,-1,200,-161,-3693
3086204025,3840,-8,-80,-15,-103,-100,-3642
3086205025,3843,-10,-77,-12,-298,-32,-3746
3086206025,3846,-8,-75,-13,-560,101,-4067
3086207025,3849,-7,-65,-9,-696,210,-4371
3086208025,3851,2,-38,-13,-707,242,-4487
3086209025,3854,15,-18,-14,-741,134,-4511
3086210025,3857,20,-5,-16,-718,90,-4515
3086211025,3860,14,17,-17,-750,-80,-4404
3086212025,3862,10,37,-17,-685,-163,-4383
3086213025,3865,-9,59,-22,-507,-79,-4246
3086214025,3868,-12,71,-14,-349,-72,-4171
3086215025,3870,-13,82,-28,79,-21,-4053
3086216025,3873,-8,76,-34,541,-22,-4148
3086217025,3875,0,41,-50,858,-42,-4063
3086218025,3878,1,29,-50,673,35,-4027
3086219025,3880,4,36,-39,563,154,-4110
3086220025,3883,9,37,-38,607,353,-4209
3086221025,3886,16,26,-27,896,367,-3844
3086222025,3888,16,-4,-28,797,171,-3796
3086223025,3891,15,-24,-27,491,-4,-3833
3086224025,3894,8,-41,-17,190,-142,-3853
3086225025,3896,4,-59,-14,-55,-228,-3959
3086226025,3899,-9,-65,-12,-196,-209,-3864
3086227025,3902,-11,-62,-6,-606,10,-4230
3086228025,3904,-4,-61,-5,-724,103,-4378
3086229025,3906,-10,-41,-9,-676,224,-4144
3086230025,3909,-6,-3,-5,-841,411,-4259
3086231025,3911,3,22,-11,-572,244,-4374
3086232025,3913,-2,34,-13,-370,57,-4434
3086233025,3916,6,40,-15,-371,-25,-4547
3086234025,3918,15,41,-7,-198,-89,-4353
3086235025,3920,2,61,-9,-22,-101,-4174
3086236025,3922,8,59,-17,273,-57,-4169
3086237025,3925,8,54,-19,441,-106,-4104
3086238025,3927,17,33,-28,619,-136,-3939
3086239025,3929,1,15,-36,427,-18,-3994
3086240025,3931,1,20,-38,273,13,-4044
3086241025,3934,5,14,-44,387,96,-3971
3086242025,3936,-3,15,-42,380,197,-3905
3086243025,3938,4,-1,-36,286,292,-3808
3086244025,3941,0,-6,-26,144,299,-3752
3086245025,3943,5,-4,-11,-174,228,-3938
3086246025,3946,3,2,-1,-88,180,-3956
3086247025,3948,-6,-2,12,1,38,-3921
3086248025,3951,-3,-21,15,53,21,-4148
3086249025,3954,0,-39,23,-202,67,-4277
3086250025,3957,7,-30,22,-315,11,-4249
3086251025,3959,-3,-20,24,-386,27,-4263
3086252025,3962,10,-10,21,-444,191,-4260
3086253025,3964,2,7,6,-252,168,-4159
3086254025,3967,3,17,-1,-213,-30,-4284
3086255025,3970,3,23,-3,-140,-170,-4316
3086256025,3972,-3,40,-7,-112,-223,-4284
3086257025,3975,-3,45,-18,-18,-193,-4146
3086258025,3977,-1,46,-21,226,-100,-4005
3086259025,3980,-1,45,-27,351,-77,-4091
3086260025,3982,3,40,-28,496,-41,-4116
3086261025,3985,0,53,-36,585,260,-4118
3086262025,3987,26,39,-34,680,324,-4185
3086263025,3990,36,13,-37,786,140,-3816
3086264025,3993,17,-10,-42,603,-48,-3727
3086265025,3995,12,-23,-44,394,-138,-3768
3086266025,3998,5,-43,-34,95,-123,-3786
3086267025,4000,2,-51,-26,-166,-178,-3707
3086268025,4003,-16,-54,-23,-427,-88,-3826
3086269025,4006,-18,-53,-16,-713,18,-3998
3086270025,4008,-16,-43,-11,-564,228,-4049
3086271025,4011,-15,-21,-11,-650,439,-4322
3086272025,4013,7,-3,-6,-589,490,-4463
3086273025,4016,16,5,-12,-390,211,-4389
3086274025,4018,14,9,-17,-431,98,-4415
3086275025,4021,14,22,-16,-421,34,-4405
3086276025,4023,11,40,-11,-340,-59,-4310
3086277025,4025,2,39,-4,-110,-93,-4184
3086278025,4028,5,44,-6,-39,-87,-4097
3086279025,4030,3,28,-10,142,-88,-3977
3086280025,4033,-5,16,-6,238,-195,-4022
3086281025,4035,-12,26,-12,321,-278,-4186
3086282025,4038,-4,38,-27,584,-229,-4320
3086283025,4040,-9,46,-34,853,-129,-4207
3086284025,4042,-4,27,-45,840,117,-3995
3086285025,4045,8,22,-48,695,275,-3857
3086286025,4047,15,9,-51,469,203,-3632
3086287025,4050,15,2,-52,342,176,-3582
3086288025,4052,16,-16,-47,245,142,-3537
3086289025,4055,17,-53,-44,233,-28,-3483
3086290025,4057,12,-76,-29,-344,-77,-3849
3086291025,4060,9,-80,-8,-499,-130,-3966
3086292025,4063,-5,-70,-3,-545,-37,-3980
3086293025,4066,-10,-47,10,-790,139,-4388
3086294025,4069,-8,-35,10,-589,307,-4459
3086295025,4071,-5,-19,7,-653,410,-4384
3086296025,4074,5,7,12,-696,400,-4509
3086297025,4077,2,22,16,-626,333,-4592
3086298025,4080,8,53,24,-420,311,-4545
3086299025,4082,24,60,28,15,259,-4270
3086300025,4085,17,54,30,338,-40,-4100
3086301025,4088,16,43,30,349,-349,-4127
3086302025,4091,4,39,24,594,-620,-4165
3086303025,4094,-3,25,21,572,-509,-4130
3086304025,4096,-1,4,12,713,-430,-3739
3086305025,4099,-9,-21,-7,514,-258,-3622
3086306025,4101,-11,-29,-10,375,-124,-3632
3086307025,4104,1,-54,-31,92,290,-3576
3086308025,4106,19,-69,-46,-132,180,-3579
3086309025,4109,14,-63,-50,-407,30,-3851
3086310025,4111,9,-59,-47,-624,25,-4051
3086311025,4113,15,-52,-48,-602,121,-4081
3086312025,4116,4,-32,-32,-668,138,-4112
3086313025,4118,6,-13,-26,-613,91,-4374
3086314025,4120,1,9,-11,-498,139,-4600
3086315025,4123,-5,20,-2,-297,292,-4642
3086316025,4125,13,28,9,-327,589,-4543
3086317025,4128,20,44,20,-68,634,-4324
3086318025,4130,23,46,28,124,340,-4180
3086319025,4133,25,38,30,497,4,-4075
3086320025,4135,22,30,22,598,-127,-4044
3086321025,4138,15,6,17,578,-356,-3979
3086322025,4140,-9,-4,8,626,-414,-3754
3086323025,4143,-3,-23,2,465,-295,-3750
3086324025,4145,-2,-29,-3,395,-261,-3681
3086325025,4148,-12,-49,-20,275,-141,-3655
3086326025,4151,-9,-58,-26,18,47,-3863
3086327025,4153,5,-65,-26,-199,83,-4002
3086328025,4156,-1,-62,-37,-309,102,-3962
3086329025,4158,4,-61,-40,-502,97,-4054
3086330025,4161,6,-49,-29,-684,92,-4201
3086331025,4164,0,-28,-24,-739,40,-4290
3086332025,4167,2,-7,-14,-722,161,-4426
3086333025,4169,3,9,-17,-564,179,-4431
3086334025,4172,1,22,-8,-312,269,-4458
3086335025,4175,21,29,-3,-167,348,-4522
3086336025,4178,10,38,12,95,193,-4263
3086337025,4181,10,35,17,57,182,-4262
3086338025,4184,13,38,21,146,205,-4333
3086339025,4187,18,24,29,413,20,-4109
3086340025,4190,8,15,16,710,-236,-3769
3086341025,4193,-7,-8,6,597,-369,-3909
3086342025,4196,2,-18,3,610,-364,-3888
3086343025,4199,6,-39,-13,510,-414,-3624
3086344025,4202,-12,-47,-28,201,-306,-3627
3086345025,4205,-11,-49,-31,-162,-70,-3855
3086346025,4208,-11,-46,-47,-209,186,-3908
3086347025,4210,-7,-43,-59,-263,192,-3999
3086348025,4213,4,-49,-53,-531,231,-4142
3086349025,4216,6,-38,-48,-693,129,-4273
3086350025,4219,-6,-6,-43,-681,77,-4324
3086351025,4222,-2,5,-37,-518,147,-4477
3086352025,4225,0,22,-32,-350,219,-4469
3086353025,4227,9,13,-23,-165,308,-4435
3086354025,4230,13,14,-13,-250,347,-4342
3086355025,4233,10,38,-2,-221,323,-4392
3086356025,4236,6,44,0,-91,282,-4320
3086357025,4239,-4,64,-2,491,287,-4189
3086358025,4242,14,42,-15,804,130,-4137
3086359025,4245,26,10,-16,801,-168,-3949
3086360025,4247,12,7,-22,414,-253,-3924
3086361025,4250,12,2,-21,289,-265,-3844
3086362025,4253,2,-3,-18,261,-178,-3604
3086363025,4256,-5,-18,-28,269,-74,-3741
3086364025,4259,9,-49,-29,-39,27,-3994
3086365025,4261,12,-50,-30,-213,-17,-4064
3086366025,4264,3,-49,-30,-448,-100,-3974
3086367025,4267,-8,-37,-15,-700,66,-4104
3086368025,4270,-11,-16,-17,-419,134,-4340
3086369025,4272,-3,-13,-18,-362,169,-4239
3086370025,4275,-7,-3,-15,-408,122,-4333
3086371025,4278,-7,8,-18,-504,63,-4498
3086372025,4280,6,20,-11,-482,127,-4354
3086373025,4283,3,39,-9,-198,156,-4273
3086374025,4286,1,48,-9,-57,189,-4195
3086375025,4288,7,24,-18,102,122,-4225
3086376025,4291,23,38,-13,397,59,-4001
3086377025,4294,4,39,-9,372,-78,-4373
3086378025,4296,11,34,-17,718,-46,-3953
3086379025,4299,5,37,-22,876,-59,-3806
3086380025,4302,8,17,-22,658,-48,-3811
3086381025,4305,11,4,-27,662,-48,-3887
3086382025,4307,6,-11,-31,447,13,-3799
3086383025,4310,9,-21,-27,144,109,-3706
3086384025,4313,3,-26,-23,21,174,-3745
3086385025,4316,9,-47,-23,-180,171,-3885
3086386025,4319,17,-58,-20,-523,8,-4084
3086387025,4322,2,-49,-12,-501,-113,-4151
3086388025,4325,-7,-39,-12,-690,-69,-4211
3086389025,4328,-10,-17,-6,-718,112,-4488
3086390025,4331,1,4,-5,-502,155,-4281
3086391025,4333,-5,9,-7,-553,227,-4190
3086392025,4336,-4,31,-4,-450,276,-4378
3086393025,4339,3,40,-6,-473,155,-4408
3086394025,4342,7,45,4,-123,122,-4392
3086395025,4345,13,56,-1,260,47,-4017
3086396025,4348,-2,61,-4,414,-159,-4125
3086397025,4351,4,55,-12,534,-145,-4158
3086398025,4354,-1,53,-5,898,-61,-4043
3086399025,4357,15,25,-12,662,37,-4027
3086400025,4360,22,-2,-29,624,-73,-3650
3086401025,4363,9,-21,-34,422,-159,-3545
3086402025,4366,7,-22,-37,254,-141,-3703
3086403025,4369,12,-45,-45,129,-149,-3911
3086404025,4372,2,-70,-41,-183,17,-3713
3086405025,4375,4,-68,-40,-664,11,-3957
3086406025,4378,-5,-63,-34,-619,-2,-3990
3086407025,4381,-9,-42,-22,-633,76,-4169
3086408025,4384,-20,-19,-21,-536,71,-4578
3086409025,4387,-4,-15,-12,-387,345,-4328
3086410025,4390,-4,8,-4,-544,411,-4346
3086411025,4393,0,22,6,-490,423,-4429
3086412025,4395,10,36,15,-203,398,-4379
3086413025,4398,13,41,21,148,318,-4191
3086414025,4401,25,43,25,505,243,-4322
3086415025,4404,21,55,27,682,2,-4503
3086416025,4407,28,42,22,630,-165,-4596
3086417025,4410,34,3,8,1010,-479,-3997
3086418025,4413,5,-28,-12,738,-568,-3568
3086419025,4416,-10,-42,-25,148,-379,-3689
3086420025,4418,-10,-57,-26,23,-294,-3734
3086421025,4421,-12,-65,-47,-67,-155,-3236
3086422025,4424,-15,-70,-44,-613,19,-3395
3086423025,4426,-5,-55,-42,-736,153,-3710
3086424025,4429,-5,-45,-27,-764,314,-3955
3086425025,4431,2,-29,-26,-721,329,-3985
3086426025,4434,-1,-15,-17,-555,255,-4214
3086427025,4437,6,1,-7,-493,229,-4520
3086428025,4440,17,3,2,-286,246,-4669
3086429025,4442,10,18,11,-320,272,-4619
3086430025,4445,10,25,22,-299,382,-4493
3086431025,4448,14,38,28,-114,296,-4206
3086432025,4451,11,37,38,34,76,-4112
3086433025,4454,3,23,30,260,-145,-4070
3086434025,4457,-3,25,29,402,-233,-4080
3086435025,4460,-15,23,22,369,-331,-4133
3086436025,4463,-14,9,6,550,-298,-3998
3086437025,4466,-12,2,-6,542,-66,-3788
3086438025,4469,-13,-8,-20,422,-14,-3760
3086439025,4472,0,-33,-39,337,108,-3698
3086440025,4475,7,-38,-38,22,256,-3641
3086441025,4478,11,-49,-45,-187,254,-3787
3086442025,4481,25,-55,-33,-439,250,-3854
3086443025,4484,27,-51,-37,-461,173,-3953
3086444025,4487,19,-56,-30,-469,-134,-3997
3086445025,4490,4,-40,-20,-600,-151,-4313
3086446025,4493,-9,-17,-11,-504,-25,-4506
3086447025,4496,-10,1,6,-650,345,-4436
3086448025,4499,-7,17,8,-476,442,-4449
3086449025,4503,-3,35,22,-268,325,-4230
3086450025,4506,-2,58,15,-67,161,-4418
3086451025,4509,12,62,12,330,1,-4373
3086452025,4513,17,50,6,542,-59,-4246
3086453025,4516,6,35,-5,612,-204,-4102
3086454025,4519,25,2,-20,390,-236,-3974
3086455025,4522,13,-13,-32,239,-364,-3728
3086456025,4526,-2,-17,-38,-16,-226,-3687
3086457025,4529,-2,-19,-42,-119,-204,-3940
3086458025,4532,4,-33,-46,-15,-122,-3931
3086459025,4535,-3,-45,-46,-295,-22,-3839
3086460025,4538,-6,-42,-47,-541,37,-3944
3086461025,4542,-13,-28,-43,-537,-16,-4005
3086462025,4545,-17,-16,-36,-577,16,-4154
3086463025,4548,-11,6,-26,-418,324,-4386
3086464025,4551,-3,21,-24,-189,414,-4535
3086465025,4555,20,32,-20,-65,417,-4360
3086466025,4558,11,49,-9,-1,348,-4234
3086467025,4561,4,69,-12,243,228,-4318
3086468025,4564,18,58,-16,573,76,-4297
3086469025,4567,19,34,-23,711,-109,-4042
3086470025,4571,14,25,-25,583,-166,-3949
3086471025,4574,18,7,-30,292,-128,-3896
3086472025,4577,10,-11,-39,176,-135,-3802
3086473025,4580,-4,-32,-37,5,-225,-3695
3086474025,4583,-11,-42,-35,-297,-24,-3914
3086475025,4587,-22,-38,-36,-408,19,-4085
3086476025,4590,-16,-33,-24,-467,59,-4051
3086477025,4593,-26,-14,-23,-329,42,-4035
3086478025,4596,-26,-13,-25,-338,151,-4222
3086479025,4599,-8,-6,-15,-420,278,-4370
3086480025,4602,-12,16,-13,-472,248,-4472
3086481025,4605,-1,30,-4,-317,386,-4323
3086482025,4608,6,61,-1,-29,399,-4333
3086483025,4612,15,59,-6,314,114,-4446
3086484025,4615,24,61,-14,490,-76,-4295
3086485025,4618,13,60,-13,512,-169,-4039
3086486025,4621,14,48,-21,278,-141,-4220
3086487025,4624,17,42,-27,304,-141,-3988
3086488025,4627,4,26,-32,486,-363,-3691
3086489025,4629,-1,4,-32,469,-307,-3765
3086490025,4632,-5,-20,-38,36,-82,-3851
3086491025,4635,-11,-30,-30,-89,-6,-3936
3086492025,4638,-11,-32,-28,-383,81,-4223
3086493025,4641,-7,-23,-24,-319,16,-4174
3086494025,4643,-6,-28,-22,-229,166,-3892
3086495025,4646,-16,-27,-22,-358,185,-4150
3086496025,4649,0,0,-8,-559,109,-4338
3086497025,4652,-13,24,-4,-196,221,-4265
3086498025,4655,-14,47,-6,-231,438,-4271
3086499025,4658,12,65,2,-1,587,-4544
3086500025,4660,37,65,-2,437,258,-4273
3086501025,4663,22,56,-11,531,30,-4043
3086502025,4666,24,49,-15,512,49,-4102
3086503025,4669,31,40,-16,426,-26,-4216
3086504025,4672,26,32,-17,446,-185,-4041
3086505025,4675,28,16,-18,323,-198,-3785
3086506025,4678,13,-12,-24,189,-235,-3679
3086507025,4682,4,-14,-24,167,-203,-3532
3086508025,4685,-8,-38,-23,-55,-203,-3699
3086509025,4688,-22,-41,-20,-339,-108,-3930
3086510025,4691,-20,-33,-8,-347,70,-3996
3086511025,4695,-17,-25,-8,-417,198,-4045
3086512025,4698,-25,-15,-8,-280,116,-4168
3086513025,4702,-8,-12,-7,-228,218,-4254
3086514025,4705,0,-9,-10,-291,271,-4372
3086515025,4709,2,-2,-3,-406,252,-4361
3086516025,4712,14,7,-2,-259,188,-4402
3086517025,4716,4,39,-10,-102,-131,-4451
3086518025,4720,4,53,-13,228,-265,-4360
3086519027,4724,2,49,-25,425,-209,-4189
3086520025,4727,-1,37,-38,249,-94,-4061
3086521025,4731,8,28,-43,243,-83,-3951
3086522025,4735,-3,28,-53,319,-174,-3612
3086523025,4738,-16,12,-69,226,-107,-3798
3086524025,4742,-6,-5,-70,165,76,-3789
3086525025,4746,-1,-17,-76,157,43,-3738
3086526025,4749,4,-43,-72,-125,59,-3671
3086527025,4753,-2,-51,-68,-376,-199,-3827
3086528025,4757,-28,-49,-56,-258,-104,-3841
3086529025,4761,-32,-49,-56,-363,4,-4204
3086530025,4765,-37,-43,-54,-323,79,-4226
3086531025,4768,-25,-39,-46,-427,324,-4190
3086532025,4772,-22,-28,-38,-578,81,-4240
3086533025,4776,-36,-1,-35,-465,213,-4177
3086534026,4780,-36,19,-30,-563,371,-4150
3086535025,4783,-17,34,-30,-116,866,-4481
3086536025,4787,20,37,-43,133,365,-4916
3086537025,4790,37,33,-49,408,-169,-4372
3086538025,4793,13,27,-56,252,-266,-3939
3086539027,4797,11,30,-62,131,-257,-3956
3086540025,4800,18,18,-69,160,-241,-4072
3086541025,4803,8,5,-74,299,-152,-3936
3086542025,4806,11,-18,-78,14,24,-3742
3086543025,4809,9,-27,-77,-202,107,-3759
3086544025,4812,5,-21,-69,-134,31,-3612
3086545026,4815,-5,-39,-66,-291,-18,-3807
3086546025,4817,-15,-36,-52,-161,66,-3877
3086547025,4820,-16,-33,-40,-204,142,-4034
3086548025,4823,-21,-31,-33,-170,123,-4111
3086549025,4826,-16,-20,-15,-258,194,-4234
3086550025,4830,-6,-20,-10,-228,308,-4232
3086551025,4833,-11,-2,2,-88,247,-4256
3086552025,4836,2,16,2,29,53,-4482
3086553025,4839,-1,16,-5,232,4,-4391
3086554027,4843,15,9,-6,168,45,-4317
3086555025,4846,10,5,-21,198,-63,-4193
3086556025,4849,9,5,-26,62,-21,-3973
3086557025,4852,5,16,-31,86,-67,-4127
3086558025,4856,7,2,-36,102,37,-3926
3086559025,4859,20,-5,-32,139,97,-3813
3086560025,4863,2,-19,-29,-4,78,-3815
3086561025,4866,9,-38,-18,-91,135,-3791
3086562025,4870,1,-26,-6,-182,-54,-3953
3086563025,4873,-5,-43,7,-166,-92,-3997
3086564025,4877,-8,-36,23,-25,-56,-3948
3086565025,4881,-13,-32,20,-299,142,-4302
3086566025,4885,-3,-36,22,-414,245,-4330
3086567025,4889,7,-29,24,4,369,-3917
3086568025,4892,-8,-15,12,-125,104,-4379
3086569025,4896,19,-19,0,43,-60,-4326
3086570025,4900,3,-13,-14,222,39,-4018
3086571025,4903,-9,2,-9,-337,55,-4467
3086572025,4907,29,-8,-20,-69,143,-4275
3086573025,4910,3,9,-30,-42,79,-3864
3086574025,4914,12,14,-25,-266,184,-4174
3086575025,4917,22,12,-19,-53,168,-4140
3086576025,4921,12,1,-18,-94,12,-4152
3086577025,4924,12,-11,-16,-32,3,-3861
3086578025,4928,1,-5,-4,-223,-10,-4072
3086579025,4932,2,-10,10,-178,27,-4262
3086580025,4935,7,-16,3,-87,90,-4041
3086581025,4939,-6,-17,3,89,124,-3751
3086582025,4942,5,-17,-15,-61,19,-4223
3086583025,4945,-2,-4,-18,252,-12,-3860
3086584025,4949,-4,-5,-33,-219,-43,-4359
3086585025,4952,23,-10,-37,-87,45,-4254
3086586025,4955,-1,0,-42,92,183,-3871
3086587025,4958,11,10,-40,-329,213,-4393
3086588025,4962,22,1,-46,-120,94,-4104
3086589025,4965,14,8,-41,-98,82,-3926
3086590025,4968,-4,11,-40,-430,45,-4251
3086591025,4972,2,20,-26,-327,115,-4282
3086592025,4975,-2,28,-19,-81,-29,-4253
3086593025,4979,-8,24,-10,-5,-31,-4142
3086594025,4982,-6,22,-9,42,58,-4124
3086595025,4986,1,19,-2,-54,153,-4062
3086596025,4989,5,21,-7,96,118,-4095
3086597025,4993,11,23,-10,94,-58,-4089
3086598025,4997,6,25,-21,278,-43,-4067
3086599025,5000,12,23,-29,209,-22,-4096
3086600025,5004,14,10,-40,164,-119,-4161
3086601025,5008,14,15,-40,-7,-31,-4065
3086602025,5011,18,13,-48,13,-40,-4193
3086603025,5015,16,15,-56,-4,-81,-4228
3086604025,5019,15,6,-51,64,-36,-4058
3086605025,5023,-4,13,-50,-142,46,-4195
3086606025,5026,8,7,-42,-101,168,-4141
3086607025,5030,0,8,-34,-17,72,-4129
3086608025,5034,-10,7,-38,-45,48,-4129
3086609025,5038,3,-3,-26,-1,41,-4142
3086610025,5042,-9,-2,-24,83,97,-4138
3086611025,5046,6,-11,-32,26,186,-4091
3086612025,5050,9,-9,-33,-6,81,-4060
3086613025,5054,9,-2,-40,-57,33,-4026
3086614025,5058,11,-2,-43,-120,-14,-4114
3086615025,5062,3,12,-43,-78,105,-4123
3086616025,5066,13,8,-45,33,260,-4131
3086617025,5070,13,10,-49,-37,197,-4263
3086618025,5074,27,6,-54,51,40,-4153
3086619025,5078,8,-1,-48,-116,14,-3873
3086620025,5081,11,4,-34,-170,-39,-4014
3086621025,5085,6,4,-34,-120,-69,-3953
3086622025,5089,-2,1,-23,-126,-18,-4014
3086623025,5093,0,-2,-21,-78,76,-4010
3086624025,5097,-3,-6,-19,55,118,-4003
3086625025,5101,0,-14,-25,107,14,-4109
3086626025,5105,-6,-4,-23,126,-51,-4175
3086627025,5108,1,-10,-32,146,-19,-4158
3086628025,5112,-1,-11,-46,109,13,-3959
3086629025,5116,3,-5,-52,-55,109,-4106
3086630025,5119,6,3,-59,-68,75,-4161
3086631025,5123,10,6,-67,154,80,-4103
3086632025,5126,20,7,-73,22,118,-4099
3086633025,5130,13,2,-71,89,131,-3961
3086634025,5133,13,-3,-56,-131,227,-3923
3086635025,5137,18,-12,-54,-102,206,-3937
3086636025,5141,14,-23,-37,-226,41,-3999
3086637025,5144,4,-16,-26,-169,118,-3998
3086638025,5148,2,-13,-17,-92,37,-4215
3086639025,5152,4,-10,-5,-29,57,-4160
3086640025,5156,3,-26,-5,-39,118,-4036
3086641025,5160,7,-43,2,-158,87,-3951
3086642025,5163,3,-22,5,-281,-54,-4090
3086643025,5167,-13,10,-1,-117,-224,-4286
3086644025,5171,-9,6,-5,-10,-98,-4352
3086645025,5175,4,2,-17,304,-75,-4257
3086646025,5178,9,-3,-26,47,92,-4056
3086647025,5182,9,16,-36,52,41,-4102
3086648025,5186,15,15,-37,-6,124,-3891
3086649025,5189,17,13,-37,109,152,-3856
3086650025,5193,18,3,-33,108,155,-3784
3086651025,5197,19,-10,-31,-30,-17,-3865
3086652025,5201,17,-17,-27,-108,-122,-3882
3086653025,5205,11,-21,-19,-1,-153,-3920
3086654025,5209,2,-27,-18,90,-228,-3931
3086655025,5213,-11,-38,-14,45,-250,-4148
3086656025,5217,-22,-42,-24,60,-152,-4055
3086657025,5220,-28,-41,-21,-133,120,-4093
3086658025,5224,-27,-32,-25,-129,251,-4133
3086659025,5228,-20,-18,-29,-140,303,-4264
3086660025,5232,0,-25,-32,-34,482,-4103
3086661025,5236,12,-20,-27,-135,554,-4026
3086662025,5240,19,-18,-21,-198,484,-4155
3086663025,5244,34,-11,-24,-127,131,-4255
3086664025,5248,26,-8,-7,-60,-163,-4328
3086665025,5252,19,-12,0,20,-289,-4192
3086666025,5256,-3,-11,4,-20,-254,-4133
3086667025,5260,-6,-8,3,-140,-222,-4200
3086668025,5264,-17,-7,-4,-39,-157,-4167
3086669025,5268,-11,2,-8,-99,-76,-4183
3086670025,5272,-19,8,-27,127,41,-4093
3086671025,5276,-15,12,-37,-38,138,-4133
3086672025,5280,-1,11,-54,61,137,-4118
3086673025,5283,12,14,-60,-80,294,-3948
3086674025,5287,10,17,-65,-64,223,-4022
3086675025,5291,18,27,-53,-83,169,-4057
3086676025,5295,27,20,-57,-46,101,-4090
3086677025,5298,8,22,-46,106,41,-4002
3086678025,5302,11,4,-27,-6,-71,-3976
3086679025,5306,-6,-4,-15,43,20,-4030
3086680025,5310,-6,-14,-15,-175,103,-4132
3086681025,5314,3,-28,-1,-96,2,-4048
3086682025,5318,-16,-21,-2,-177,57,-3855
3086683025,5322,-28,-17,-1,-307,129,-4024
3086684025,5326,-5,-10,4,-274,407,-4196
3086685025,5330,13,-8,1,-235,341,-4176
3086686025,5334,3,3,-4,132,95,-4221
3086687025,5338,21,5,-19,63,39,-4278
3086688025,5341,7,20,-21,316,74,-4087
3086689025,5345,23,17,-18,48,71,-4141
3086690025,5349,19,21,-21,12,35,-4258
3086691025,5353,25,26,-15,-106,46,-4149
3086692025,5357,20,23,-14,-51,1,-3995
3086693025,5361,9,29,-8,-102,-68,-3854
3086694025,5364,9,11,-10,-149,-79,-3867
3086695025,5368,1,12,-11,-80,-87,-3944
3086696025,5372,6,0,-13,-68,-22,-4068
3086697025,5376,2,5,-21,-60,43,-4061
3086698025,5380,8,11,-26,-3,148,-3980
3086699025,5383,7,10,-29,50,154,-4069
3086700025,5387,19,11,-35,27,214,-4129
3086701025,5391,25,13,-39,7,57,-4235
3086702025,5395,23,19,-33,-16,104,-4133
3086703025,5398,28,14,-26,-110,159,-4150
3086704025,5402,15,13,-21,-94,200,-4170
3086705025,5406,32,6,-12,-268,61,-4181
3086706025,5410,6,18,-5,8,44,-4086
3086707025,5414,13,17,2,-87,57,-4182
3086708025,5418,17,12,-5,134,19,-4221
3086709025,5422,5,13,-8,227,-95,-4092
3086710025,5426,17,13,-23,192,-150,-4184
3086711025,5430,11,19,-34,181,-145,-4089
3086712025,5434,16,24,-46,282,-29,-4113
3086713025,5438,11,25,-56,248,-22,-4082
3086714025,5442,20,25,-66,237,52,-4039
3086715025,5446,19,15,-77,125,118,-4044
3086716025,5449,27,11,-74,32,111,-4064
3086717025,5453,33,15,-65,-79,137,-4103
3086718025,5457,32,4,-67,64,-19,-4078
3086719025,5461,26,-4,-54,-39,-102,-4017
3086720025,5465,13,-13,-51,29,104,-4038
3086721025,5470,14,-17,-46,-140,11,-4174
3086722025,5474,9,-21,-45,-37,-72,-4177
3086723025,5478,0,-11,-48,-88,-10,-4132
3086724025,5482,1,-12,-51,62,116,-4110
3086725025,5486,5,-9,-48,-22,193,-4114
3086726025,5490,8,-12,-47,-91,175,-4128
3086727025,5494,-4,1,-49,81,136,-4129
3086728025,5499,6,18,-45,-4,290,-4094
3086729025,5503,11,17,-48,270,237,-4195
3086730025,5507,26,11,-44,168,90,-4012
3086731025,5511,25,5,-49,266,45,-3916
3086732025,5516,22,0,-31,-26,10,-3832
3086733025,5520,23,5,-31,-29,36,-3870
3086734025,5524,15,5,-27,18,-42,-3916
3086735025,5529,17,0,-20,180,-109,-3962
3086736025,5533,0,-11,-24,203,-125,-3963
3086737025,5537,12,-29,-33,10,-130,-4019
3086738025,5541,-9,-17,-43,119,-226,-4083
3086739025,5546,-2,-17,-47,15,-210,-4147
3086740025,5550,-7,-10,-52,67,-150,-4211
3086741025,5554,-9,2,-62,95,6,-4057
3086742025,5558,-8,-4,-70,125,132,-4197
3086743025,5562,2,-3,-74,145,219,-4028
3086744025,5566,0,-4,-69,69,469,-4054
3086745025,5570,14,-7,-65,-74,524,-4131
3086746025,5574,41,-31,-59,-101,146,-4113
3086747025,5578,31,-28,-42,-242,-6,-3932
3086748025,5582,7,-18,-37,-178,-55,-4154
3086749025,5586,-3,-4,-29,-133,-77,-4374
3086750025,5590,19,-31,-24,7,-120,-4414
3086751025,5594,-1,-31,-19,-119,208,-4190
3086752025,5598,4,-28,-19,-405,283,-4256
3086753025,5602,0,17,-24,-272,130,-4313
3086754025,5606,1,36,-17,-199,0,-4304
3086755025,5609,2,42,-35,324,146,-4451
3086756025,5613,14,36,-44,389,165,-4363
3086757025,5616,19,32,-48,343,88,-4149
3086758025,5620,25,26,-43,91,84,-3937
3086759025,5623,22,29,-49,164,39,-3669
3086760025,5627,22,21,-46,-148,-28,-3675
3086761025,5631,15,13,-40,116,-51,-3790
3086762025,5634,19,-5,-31,-1,-61,-3835
3086763025,5638,6,-6,-36,99,-27,-3892
3086764025,5642,3,-16,-31,-117,65,-3995
3086765025,5645,-2,-11,-24,-21,71,-4080
3086766025,5649,3,-12,-22,-30,176,-4169
3086767025,5653,1,-10,-21,-33,196,-4314
3086768025,5657,4,1,-12,-67,284,-4365
3086769025,5661,18,7,-11,9,198,-4295
3086770025,5665,11,15,-11,114,69,-4225
3086771025,5669,14,26,-7,99,22,-4226
3086772025,5673,7,27,-2,211,7,-4195
3086773025,5677,18,23,-4,87,-13,-4054
3086774025,5681,19,14,-5,65,-89,-3922
3086775025,5685,21,17,-6,-114,-64,-3839
3086776025,5689,13,12,-7,80,-126,-3959
3086777025,5694,5,14,-8,23,-111,-3921
3086778025,5698,6,2,-20,28,-153,-4015
3086779025,5702,-3,9,-19,21,-70,-4038
3086780025,5706,11,5,-32,25,-1,-4108
3086781025,5710,1,10,-36,127,-57,-4131
3086782025,5715,10,9,-41,87,82,-4045
3086783025,5719,2,14,-49,174,65,-4229
3086784025,5723,8,13,-47,93,183,-4132
3086785025,5727,15,-4,-49,129,-27,-3992
3086786025,5731,7,8,-50,13,-44,-3914
3086787025,5735,4,-8,-39,-212,-116,-3994
3086788025,5739,-6,1,-35,-242,116,-4030
3086789025,5744,-3,-6,-35,-12,182,-4254
3086790025,5748,4,-2,-36,50,155,-4258
3086791025,5752,9,-15,-42,82,38,-4261
3086792025,5756,1,-3,-47,100,5,-4144
3086793025,5760,3,1,-52,-53,118,-4203
3086794025,5764,6,16,-60,132,112,-4253
3086795025,5768,2,16,-65,107,154,-4221
3086796025,5773,15,11,-68,63,111,-4262
3086797025,5777,9,22,-63,159,46,-4087
3086798025,5781,11,10,-64,-14,-161,-4056
3086799025,5785,-1,9,-60,26,-157,-3971
3086800025,5790,-13,14,-62,27,88,-3891
3086801025,5794,1,-3,-61,-51,58,-4250
3086802025,5798,9,-18,-63,135,-131,-4195
3086803025,5802,-5,-11,-75,-66,-42,-4004
3086804025,5806,-12,-10,-75,-163,79,-4042
3086805025,5810,-2,7,-85,-79,68,-4212
3086806025,5814,3,13,-82,240,5,-4118
3086807025,5818,-2,9,-82,289,114,-4158
3086808025,5822,12,9,-80,173,255,-4167
3086809025,5826,12,6,-77,76,364,-4100
3086810025,5830,7,13,-70,-39,167,-4114
3086811025,5834,17,5,-68,-19,139,-4053
3086812025,5838,16,3,-53,-17,69,-4108
3086813025,5842,15,8,-36,-21,-37,-4087
3086814025,5846,9,-4,-38,-104,-116,-3973
3086815025,5850,2,-2,-25,-223,-100,-3903
3086816025,5855,-9,-4,-33,-49,-34,-3993
3086817025,5859,-11,-1,-29,-114,-70,-4201
3086818025,5863,-12,7,-37,-12,3,-4233
3086819025,5867,-13,10,-47,52,96,-4118
3086820025,5870,2,16,-54,84,150,-3908
3086821025,5874,4,24,-65,148,35,-4009
3086822025,5878,3,32,-57,236,99,-4011
3086823025,5882,10,29,-68,188,113,-4184
3086824025,5886,19,25,-65,310,105,-4122
3086825025,5890,29,13,-63,205,60,-3894
3086826025,5894,13,10,-52,-69,59,-3897
3086827025,5898,15,8,-44,-105,39,-3917
3086828025,5902,12,-8,-42,-54,-58,-3937
3086829025,5906,-1,-11,-31,-36,-11,-3973
3086830025,5910,-9,-17,-27,-59,20,-4193
3086831025,5914,-1,-25,-28,-22,-18,-4208
3086832025,5918,-10,-16,-24,19,-16,-4136
3086833025,5922,-19,-12,-23,-35,35,-4148
3086834025,5926,-21,10,-31,116,119,-4276
3086835025,5930,-12,11,-37,223,216,-4211
3086836025,5934,1,8,-40,165,273,-4161
3086837025,5938,12,12,-49,143,194,-4130
3086838025,5942,16,19,-50,20,141,-4091
3086839025,5946,25,9,-43,104,50,-4082
3086840025,5950,34,1,-43,83,66,-3829
3086841025,5954,18,-6,-44,51,-12,-3886
3086842025,5958,15,-19,-46,-203,-139,-3967
3086843025,5962,9,-20,-41,-121,-255,-4067
3086844025,5966,-9,-14,-37,-44,-106,-4105
3086845025,5970,-11,-3,-42,-47,-85,-4154
3086846025,5974,-12,0,-48,61,84,-4226
3086847025,5978,-11,1,-45,149,242,-4286
3086848025,5982,-7,17,-53,164,226,-4232
3086849025,5986,5,21,-52,218,253,-4328
3086850025,5990,6,32,-53,210,191,-4263
3086851025,5994,19,19,-48,147,163,-4072
3086852025,5998,13,20,-46,109,106,-3926
3086853025,6002,18,10,-44,67,37,-3955
3086854025,6007,18,3,-37,28,-40,-3984
3086855025,6011,13,-15,-42,70,-50,-3908
3086856025,6015,10,-14,-34,-136,-91,-3954
3086857025,6019,-3,-22,-31,-68,-70,-4121
3086858025,6023,5,-11,-36,-95,46,-4181
3086859025,6027,-5,-6,-36,-9,101,-4233
3086860025,6031,0,0,-38,-17,183,-4336
3086861025,6035,0,10,-39,87,162,-4367
3086862025,6039,19,18,-39,47,179,-4270
3086863025,6042,8,27,-36,226,156,-4108
3086864025,6046,8,30,-36,208,137,-3998
3086865025,6050,19,24,-27,117,93,-4035
3086866025,6054,16,10,-33,212,-4,-3881
3086867025,6058,18,-8,-27,59,-51,-3647
3086868025,6062,11,-3,-29,24,-28,-3708
3086869025,6066,13,-10,-19,-113,135,-3810
3086870025,6070,14,-16,-22,69,118,-3956
3086871025,6074,9,-20,-16,26,114,-3888
3086872025,6078,4,-19,-18,21,161,-4127
3086873025,6082,8,-17,-14,-59,257,-4209
3086874025,6086,19,-8,-12,65,220,-4261
3086875025,6089,7,-7,-7,168,150,-4077
3086876025,6093,12,-2,-11,134,-88,-4166
3086877025,6097,16,-2,-8,11,-77,-4153
3086878025,6101,18,-12,-10,-42,-102,-4032
3086879025,6105,6,-14,-10,44,-79,-3926
3086880025,6109,3,-18,-21,-133,80,-4000
3086881025,6112,5,-22,-23,-118,67,-4235
3086882025,6116,12,-23,-21,-156,38,-4141
3086883025,6120,13,-19,-27,-152,128,-4092
3086884025,6124,15,2,-25,-196,147,-4219
3086885025,6127,23,13,-26,84,93,-4370
3086886025,6131,18,15,-30,228,36,-4323
3086887025,6135,22,15,-27,126,60,-4301
3086888025,6139,16,30,-23,324,99,-4220
3086889025,6142,25,33,-17,331,41,-4073
3086890025,6146,15,21,-19,548,-93,-3771
3086891025,6150,15,18,-16,401,-2,-3822
3086892025,6154,9,-13,-19,-33,53,-4241
3086893025,6158,22,-26,-12,-173,105,-3684
3086894025,6162,-2,-24,-11,-80,-100,-3774
3086895025,6166,6,-24,-5,-325,5,-4182
3086896025,6170,8,-15,-12,-158,47,-4357
3086897025,6174,7,-23,-21,-43,65,-4204
3086898025,6178,7,-15,-26,-51,26,-4236
3086899025,6181,-9,8,-37,-6,98,-4320
3086900025,6185,4,16,-40,-7,185,-4423
3086901025,6189,22,21,-43,279,23,-4483
3086902025,6193,13,24,-53,228,-86,-4171
3086903025,6197,16,26,-47,-63,27,-4086
3086904025,6201,4,40,-45,-47,69,-4021
3086905025,6205,15,38,-46,-156,14,-4022
3086906025,6209,10,40,-42,136,-13,-4022
3086907025,6214,-2,27,-36,-42,40,-3999
3086908025,6218,6,16,-39,-39,183,-4036
3086909025,6222,5,19,-32,-179,139,-4033
3086910025,6226,9,7,-28,26,-9,-4102
3086911025,6230,-1,21,-31,-86,24,-4126
3086912025,6235,2,9,-35,186,-213,-4304
3086913025,6239,-8,16,-38,284,-43,-4030
3086914025,6243,-16,26,-42,125,84,-3958
3086915025,6247,-5,16,-50,434,275,-4346
3086916025,6251,22,-3,-55,521,30,-4435
3086917025,6255,11,-2,-58,274,153,-4085
3086918026,6260,20,-8,-60,136,238,-3953
3086919025,6264,23,-8,-58,50,50,-3955
3086920025,6268,15,-8,-49,-23,-128,-4019
3086921025,6272,16,-16,-49,-75,-90,-4134
3086922025,6276,-3,-9,-46,-147,41,-4121
3086923025,6280,1,-12,-43,-151,47,-4043
3086924025,6284,-8,-7,-47,-83,110,-4047
3086925025,6288,-9,7,-33,-69,132,-4220
3086926025,6291,-1,0,-35,108,34,-4324
3086927025,6295,-5,12,-47,173,96,-4136
3086928025,6299,-2,16,-44,56,99,-4140
3086929025,6303,12,22,-46,100,-44,-4093
3086930025,6307,-3,35,-50,288,-121,-3855
3086931025,6310,7,27,-46,144,-28,-3876
3086932025,6314,9,24,-55,321,13,-3869
3086933025,6318,9,24,-52,84,29,-3833
3086934025,6321,11,13,-56,189,84,-3789
3086935025,6325,13,0,-50,-19,114,-3834
3086936025,6329,6,-8,-49,29,-9,-4033
3086937025,6332,7,-4,-44,-85,43,-4053
3086938025,6336,6,-5,-33,-42,53,-4080
3086939025,6340,-8,-2,-21,-54,106,-4095
3086940025,6343,-4,4,-13,69,18,-4308
3086941025,6347,-14,11,-11,236,-93,-4337
3086942025,6351,-3,9,2,102,-12,-4372
3086943025,6355,-5,10,-5,256,45,-4199
3086944025,6359,-2,16,-9,118,-41,-4192
3086945025,6362,-6,21,-19,330,45,-4124
3086946025,6366,-5,25,-25,341,48,-4045
3086947025,6370,11,7,-31,220,24,-3976
3086948025,6374,12,4,-32,76,45,-3903
3086949025,6377,12,13,-34,-3,2,-3923
3086950025,6381,15,6,-31,11,21,-3940
3086951025,6385,18,10,-31,117,9,-3935
3086952025,6389,10,-4,-26,88,-27,-4127
3086953025,6393,11,-3,-16,66,93,-4151
3086954025,6396,6,-5,-21,77,11,-4200
3086955025,6400,-6,4,-10,148,-7,-4198
3086956025,6404,2,-2,-5,9,25,-4214
3086957025,6408,-10,12,-2,171,67,-4286
3086958025,6412,0,2,-6,76,143,-4131
3086959025,6415,2,11,-19,149,188,-4094
3086960025,6419,2,19,-18,125,185,-4075
3086961025,6423,9,5,-24,163,136,-4074
3086962025,6426,15,9,-22,114,254,-3985
3086963025,6430,18,0,-20,40,197,-3956
3086964026,6434,17,7,-18,-27,208,-3981
3086965025,6437,19,6,-14,8,113,-3937
3086966025,6441,16,0,-11,68,67,-4031
3086967025,6444,13,-2,-6,198,-86,-4053
3086968025,6448,-4,3,2,139,-118,-4145
3086969025,6451,-1,2,2,157,-56,-4155
3086970025,6455,-14,2,-3,209,-84,-3964
3086971025,6459,-13,0,-7,145,-16,-3981
3086972025,6462,-15,-1,-17,247,4,-3951
3086973025,6466,-26,3,-23,171,48,-4010
3086974025,6470,6,-10,-26,125,192,-4085
3086975025,6473,5,-12,-34,122,211,-3996
3086976025,6477,22,-27,-31,-13,170,-4131
3086977025,6480,14,-16,-32,-48,51,-4030
3086978025,6484,19,-7,-28,-110,78,-4118
3086979025,6488,32,-9,-23,24,131,-4219
3086980025,6491,22,0,-14,28,-22,-4186
3086981025,6495,17,-6,-5,117,-38,-4237
3086982025,6499,-1,0,-12,139,15,-4203
3086983025,6503,4,-4,-3,98,56,-4202
3086984025,6506,2,-6,-6,328,-1,-4019
3086985025,6510,2,-13,-8,68,13,-4021
3086986025,6514,5,-11,-15,105,119,-3895
3086987025,6518,4,-11,-18,22,92,-3897
3086988025,6521,23,-25,-24,-19,23,-4044
3086989025,6525,12,-18,-27,-6,-17,-4024
3086990025,6528,21,-21,-23,-133,94,-4146
3086991025,6532,17,-9,-21,-81,139,-4063
3086992025,6536,12,-8,-16,-132,82,-4000
3086993025,6539,15,-19,-21,-55,44,-4159
3086994025,6543,8,-6,-15,-138,-18,-4270
3086995025,6546,10,4,-8,-60,79,-4401
3086996025,6550,9,8,-8,40,109,-4263
3086997025,6554,10,6,-6,195,198,-3991
3086998025,6557,7,10,-9,245,134,-4025
3086999025,6561,8,16,-14,347,34,-4040
3087000025,6564,15,2,-17,260,-40,-4141
3087001025,6568,17,8,-25,339,-40,-4086
3087002025,6572,14,3,-27,173,-30,-3857
3087003025,6575,22,-3,-31,30,-5,-4031
3087004025,6579,15,4,-31,127,-65,-3991
3087005025,6583,12,4,-28,27,-100,-4033
3087006025,6586,7,4,-31,-13,45,-4275
3087007025,6590,10,-1,-23,-71,136,-4145
3087008025,6593,6,5,-16,-171,61,-4349
3087009025,6597,-3,7,-11,-47,52,-4226
3087010025,6601,-8,16,-11,-91,28,-4267
3087011025,6604,2,18,-6,7,37,-4388
3087012025,6608,9,21,4,76,-18,-4212
3087013025,6612,-3,22,-3,99,-38,-4280
3087014025,6616,11,23,0,81,-26,-4065
3087015025,6619,10,21,-15,195,-49,-4040
3087016025,6623,12,19,-33,82,-175,-4063
3087017025,6627,1,22,-37,113,-206,-4111
3087018025,6630,1,23,-43,16,-122,-4069
3087019025,6634,5,21,-46,162,-33,-3952
3087020025,6637,5,26,-44,-16,155,-3917
3087021025,6641,8,26,-39,65,215,-4124
3087022025,6644,0,17,-29,55,167,-4085
3087023025,6648,2,28,-17,43,259,-4157
3087024025,6651,10,28,-12,60,251,-4143
3087025025,6655,3,25,-3,182,46,-4215
3087026025,6659,12,31,13,161,-91,-4134
3087027025,6662,-3,26,8,308,-145,-4049
3087028025,6666,-12,37,7,304,-116,-4010
3087029025,6670,-10,33,-6,396,-80,-4004
3087030025,6673,-9,26,-23,316,-49,-4048
3087031025,6676,1,14,-44,374,70,-3948
3087032025,6680,0,31,-47,100,146,-3978
3087033025,6683,2,21,-50,140,248,-3996
3087034025,6686,8,24,-56,81,392,-3972
3087035025,6690,26,16,-44,55,291,-4035
3087036025,6693,21,8,-25,2,272,-3911
3087037025,6696,10,18,-19,-132,277,-3989
3087038025,6700,24,18,-3,-47,249,-4312
3087039025,6703,14,22,3,330,-9,-4245
3087040025,6707,8,17,23,231,55,-4223
3087041025,6710,13,-1,32,254,77,-4097
3087042025,6714,-1,0,32,100,31,-4026
3087043025,6717,13,-6,38,-119,-62,-4059
3087044025,6720,-5,11,33,98,-92,-4005
3087045025,6724,-7,21,19,254,-265,-4224
3087046025,6727,0,19,3,347,-216,-4343
3087047025,6730,1,21,-8,439,-191,-4283
3087048025,6733,10,20,-23,302,6,-4099
3087049025,6736,16,19,-27,72,103,-3985
3087050025,6739,20,22,-41,241,34,-3861
3087051025,6742,11,22,-36,260,42,-3804
3087052025,6745,22,10,-24,126,103,-4022
3087053025,6749,27,2,-20,197,116,-4047
3087054025,6752,17,9,-7,48,112,-4077
3087055025,6755,27,8,4,191,72,-4011
3087056025,6758,17,11,7,295,13,-3969
3087057025,6762,5,0,15,332,-41,-4048
3087058025,6765,-3,-8,24,247,-17,-4118
3087059025,6768,-8,-17,11,145,-43,-3982
3087060025,6772,-8,-20,17,54,-8,-3920
3087061025,6775,-5,-18,17,22,89,-3950
3087062025,6779,-2,-21,12,60,85,-4000
3087063025,6782,-5,-9,11,103,129,-4107
3087064025,6785,-1,-9,7,53,130,-4265
3087065028,6789,11,-13,6,153,104,-4264
3087066025,6792,16,-2,6,108,6,-4195
3087067025,6795,11,-2,9,79,42,-4225
3087068025,6798,13,16,13,117,50,-4242
3087069025,6802,8,23,14,171,62,-4266
3087070025,6805,13,16,15,354,51,-4168
3087071025,6808,13,14,17,343,-38,-3942
3087072025,6812,0,6,5,340,-183,-3959
3087073025,6815,5,-1,9,316,-172,-3863
3087074025,6818,-6,-1,4,286,-129,-3845
3087075025,6821,0,-14,-5,194,-16,-3853
3087076025,6824,-2,-19,-13,182,82,-3858
3087077025,6827,-4,-19,-15,9,164,-3977
3087078025,6830,2,-18,-18,87,278,-3995
3087079025,6833,2,-15,-24,-3,307,-4014
3087080025,6836,12,-20,-25,25,362,-4152
3087081025,6839,21,-16,-12,-112,309,-4216
3087082025,6842,19,-1,0,-171,288,-4425
3087083025,6845,27,5,10,-102,294,-4376
3087084025,6849,24,9,28,14,236,-4154
3087085025,6852,7,16,37,144,-30,-4195
3087086025,6855,4,10,42,237,-124,-4205
3087087025,6858,2,5,46,301,-257,-4024
3087088025,6861,-16,10,39,434,-220,-3980
3087089025,6864,-9,5,37,228,-157,-4005
3087090025,6867,-9,0,17,531,-130,-3818
3087091025,6870,-5,-12,-1,301,-151,-3782
3087092025,6873,-2,-11,-7,301,-124,-3989
3087093026,6876,9,-16,-20,55,56,-4099
3087094025,6879,14,-15,-26,80,161,-4002
3087095026,6882,19,-17,-23,8,69,-3983
3087096027,6885,25,-15,-25,-35,-60,-4181
3087097025,6888,22,-25,-26,-124,-52,-4181
3087098025,6891,17,-23,-9,-256,-61,-4431
3087099025,6894,8,-9,-6,-139,-41,-4409
3087100025,6897,3,9,13,-165,149,-4367
3087101025,6900,5,15,15,-9,204,-4317
3087102025,6903,4,19,15,279,215,-4173
3087103025,6906,3,34,19,188,131,-4268
3087104025,6909,3,38,9,498,76,-4068
3087105025,6912,6,34,4,494,50,-3891
3087106025,6915,9,29,2,514,10,-3885
3087107025,6918,12,12,-7,479,-74,-3723
3087108025,6921,12,7,-14,188,18,-3755
3087109025,6925,19,-2,-13,134,94,-3888
3087110025,6928,10,-7,-7,13,89,-3928
3087111025,6931,11,-17,-4,-71,141,-4059
3087112025,6934,4,-20,5,-58,102,-4218
3087113025,6937,9,-19,7,-7,158,-4265
3087114025,6940,6,-3,12,-49,66,-4456
3087115025,6944,-3,1,13,67,84,-4488
3087116025,6947,11,-2,14,-45,150,-4390
3087117025,6950,3,16,22,16,105,-4316
3087118025,6953,-1,34,25,-36,188,-4329
3087119025,6956,13,43,30,209,117,-4260
3087120025,6959,16,42,25,405,7,-4109
3087121025,6962,6,46,15,624,-294,-4054
3087122025,6965,11,34,4,669,-276,-4177
3087123025,6967,15,18,-15,629,-276,-3781
3087124025,6970,9,12,-25,580,-214,-3755
3087125025,6973,7,7,-42,264,-138,-3940
3087126025,6975,10,10,-48,230,12,-4024
3087127025,6978,22,6,-56,254,99,-3896
3087128025,6980,13,-3,-63,161,161,-3815
3087129025,6983,9,-4,-56,-29,161,-3963
3087130025,6985,4,-4,-47,-236,128,-4236
3087131025,6987,3,4,-35,-93,193,-4360
3087132025,6990,3,16,-23,27,126,-4476
3087133025,6992,-2,24,-16,187,232,-4457
3087134025,6995,9,16,4,138,403,-4256
3087135025,6998,7,27,19,166,279,-4099
3087136025,7001,0,36,30,34,144,-4172
3087137025,7003,5,37,41,232,33,-4079
3087138025,7006,2,38,42,337,-43,-4027
3087139025,7009,2,17,42,318,-139,-3922
3087140025,7012,4,19,39,426,-255,-3832
3087141025,7015,-19,26,29,508,-497,-3979
3087142025,7017,-10,17,23,420,-404,-4184
3087143025,7020,-17,17,10,709,-320,-4082
3087144025,7023,-10,11,-10,546,-57,-3938
3087145025,7026,2,0,-20,333,28,-4053
3087146025,7028,4,9,-30,254,105,-3891
3087147025,7031,5,3,-31,175,77,-3970
3087148025,7034,9,-3,-25,145,113,-4073
3087149025,7036,10,-8,-21,13,122,-4031
3087150025,7039,15,-14,-11,-263,85,-4174
3087151025,7042,2,-1,2,-133,5,-4273
3087152025,7045,0,5,6,-90,35,-4303
3087153025,7047,-3,15,13,125,171,-4390
3087154025,7050,-9,16,28,170,283,-4262
3087155025,7053,-1,13,36,26,281,-4156
3087156025,7056,1,22,37,27,278,-4070
3087157025,7059,1,28,39,69,122,-3950
3087158025,7061,4,30,39,331,-63,-4022
3087159025,7064,-11,22,31,569,-234,-4053
3087160025,7067,-4,11,25,473,-191,-4035
3087161025,7069,-5,8,17,475,-193,-3903
3087162025,7072,-12,7,-2,343,-115,-3866
3087163025,7074,-4,10,-7,352,-13,-4025
3087164025,7076,-1,9,-20,374,172,-3929
3087165025,7079,-3,8,-28,335,264,-3907
3087166025,7081,20,-11,-35,146,368,-3920
3087167025,7083,23,-16,-29,20,236,-4002
3087168025,7085,19,-15,-21,-99,104,-4075
3087169025,7087,12,-18,-17,-125,40,-4284
3087170025,7090,13,-2,-8,-144,67,-4376
3087171025,7092,1,8,9,-40,78,-4437
3087172025,7094,9,26,26,28,289,-4429
3087173025,7096,-1,38,38,199,285,-4246
3087174025,7099,-7,36,45,243,247,-4112
3087175025,7101,-1,43,55,300,168,-4101
3087176025,7103,-3,30,57,422,-61,-3976
3087177025,7106,-1,20,62,511,-200,-3873
3087178025,7108,-11,21,52,586,-357,-3785
3087179025,7110,-18,18,49,542,-499,-3886
3087180025,7113,-19,2,27,570,-447,-3954
3087181025,7115,-18,-13,18,480,-223,-3799
3087182025,7117,-14,-23,-2,333,-90,-3928
3087183025,7119,-9,-12,-9,142,133,-4116
3087184025,7121,6,-13,-14,124,263,-4153
3087185025,7123,16,-18,-24,167,354,-4036
3087186025,7125,26,-16,-33,-2,203,-4059
3087187025,7127,32,-23,-27,-128,41,-4252
3087188025,7129,25,-14,-28,-164,-17,-4221
3087189025,7131,8,-14,-17,-213,-6,-4266
3087190025,7133,10,-5,-4,-229,110,-4246
3087191025,7135,-6,6,5,-91,103,-4295
3087192025,7137,-2,-1,14,-224,164,-4223
3087193025,7139,-9,2,13,227,245,-4249
3087194025,7142,-5,11,19,-23,354,-4145
3087195025,7144,1,22,30,5,562,-4261
3087196025,7146,21,32,36,252,428,-4097
3087197025,7148,10,41,39,410,182,-3961
3087198025,7151,11,43,42,492,-45,-4075
3087199025,7153,2,49,42,805,-205,-4177
3087200025,7155,0,38,41,891,-223,-3942
3087201025,7158,2,20,38,881,-213,-3724
3087202025,7160,-1,9,30,819,-213,-3626
3087203025,7163,-8,-19,23,656,-196,-3522
3087204025,7165,-14,-36,12,545,-100,-3604
3087205025,7167,-4,-60,1,194,1,-3735
3087206025,7169,-3,-73,-2,27,143,-3860
3087207025,7172,1,-74,-8,-89,144,-3939
3087208025,7174,12,-68,-5,-355,193,-4219
3087209025,7176,16,-58,-5,-355,124,-4382
3087210025,7178,13,-38,-10,-336,20,-4531
3087211025,7180,15,-35,-5,-337,-45,-4611
3087212025,7182,13,-25,-4,-325,-105,-4596
3087213025,7184,3,-5,-1,-409,-51,-4416
3087214025,7186,-10,14,3,-419,46,-4332
3087215025,7188,-5,31,3,-222,95,-4195
3087216025,7190,-9,34,0,-186,67,-4131
3087217025,7192,0,37,5,188,220,-4182
3087218025,7194,-9,49,3,334,205,-4146
3087219025,7196,-6,70,4,420,412,-4214
3087220025,7198,9,71,10,656,300,-4171
3087221025,7200,10,61,1,1098,122,-3805
3087222025,7202,18,37,6,1004,-126,-3726
3087223025,7204,6,17,-2,901,-226,-3712
3087224025,7207,1,-10,0,764,-229,-3560
3087225025,7209,-5,-25,-2,729,-145,-3476
3087226025,7211,-4,-52,-2,458,-64,-3475
3087227025,7213,-15,-77,-7,181,-23,-3743
3087228025,7215,-11,-90,-2,-145,151,-4029
3087229025,7217,-5,-87,-2,-254,188,-4103
3087230025,7219,-10,-73,-3,-340,311,-4329
3087231025,7221,2,-56,-1,-450,273,-4684
3087232025,7223,18,-32,0,-393,175,-4673
3087233025,7225,9,-18,-5,-373,46,-4565
3087234025,7227,6,-2,4,-440,27,-4560
3087235025,7229,13,12,5,-453,34,-4572
3087236025,7231,5,40,8,-230,-85,-4360
3087237025,7233,-3,53,11,-5,-27,-4109
3087238025,7234,0,46,9,148,42,-4000
3087239025,7236,4,40,7,189,56,-3928
3087240025,7238,4,29,4,244,9,-3814
3087241025,7240,5,16,8,152,-20,-3788
3087242025,7241,2,16,9,438,-38,-3751
3087243025,7243,-2,14,-9,390,-89,-3692
3087244025,7245,8,17,1,609,28,-4059
3087245025,7247,1,5,-15,952,-23,-4062
3087246025,7249,10,-6,-7,558,146,-4002
3087247025,7250,12,1,-11,496,140,-4024
3087248025,7252,6,9,-7,406,162,-4000
3087249025,7254,10,12,-7,478,118,-4166
3087250025,7256,12,6,-2,662,157,-4124
3087251025,7258,22,-24,9,559,103,-3953
3087252025,7260,11,-27,17,354,47,-3934
3087253025,7262,1,-25,30,-19,-2,-4049
3087254025,7264,1,-30,35,-51,-53,-4103
3087255025,7266,-10,-34,36,46,-81,-4086
3087256025,7268,-9,-40,34,-114,-84,-4227
3087257025,7270,-6,-45,32,-182,14,-4349
3087258025,7272,1,-28,36,-349,103,-4375
3087259025,7274,9,-14,31,-280,142,-4267
3087260025,7275,2,3,26,-213,110,-4241
3087261025,7277,-1,8,23,-211,85,-4326
3087262025,7279,19,2,15,-139,-41,-4351
3087263025,7280,15,18,20,-77,-191,-4238
3087264025,7282,5,24,20,-73,-198,-4113
3087265025,7284,-1,32,19,-7,-110,-3993
3087266025,7285,-2,32,18,70,-55,-3949
3087267025,7287,-4,26,16,184,-30,-3919
3087268025,7288,-7,18,15,199,41,-4005
3087269025,7289,3,22,10,316,102,-4075
3087270025,7291,-6,26,8,485,73,-3955
3087271025,7292,-5,33,-8,525,25,-4027
3087272025,7294,9,22,-25,823,43,-3943
3087273025,7295,5,14,-36,775,0,-3894
3087274025,7296,8,8,-53,773,81,-4109
3087275025,7298,28,20,-43,364,249,-4136
3087276025,7299,18,23,-44,448,294,-4130
3087277025,7300,10,32,-31,514,501,-3928
3087278025,7302,19,22,-21,707,488,-4033
3087279025,7304,22,4,-2,474,345,-4184
3087280025,7305,25,-5,3,352,222,-4208
3087281025,7307,11,-12,26,247,62,-4114
3087282025,7309,-1,-17,45,220,13,-4035
3087283025,7311,0,-38,56,82,62,-4060
3087284025,7313,1,-48,59,9,18,-4046
3087285025,7315,0,-48,55,-269,-167,-4126
3087286025,7317,-8,-39,57,-424,-158,-4377
3087287025,7319,0,-18,62,-309,-96,-4352
3087288025,7320,4,-11,46,-218,-73,-4248
3087289025,7322,1,-4,47,-183,-102,-4265
3087290025,7324,5,4,40,-235,-144,-4322
3087291025,7325,9,10,37,-236,-260,-4345
3087292025,7327,3,25,35,-121,-381,-4255
3087293025,7328,2,34,30,-50,-431,-4200
3087294025,7330,-3,29,32,86,-344,-4054
3087295025,7331,-3,25,25,117,-182,-3950
3087296025,7332,-4,27,26,127,-48,-3939
3087297025,7334,-7,16,20,209,64,-3921
3087298025,7335,-8,16,19,214,117,-3908
3087299025,7336,4,8,13,148,198,-3934
3087300025,7337,3,15,9,255,275,-3966
3087301025,7338,-3,26,2,339,113,-4053
3087302025,7339,3,21,-9,559,121,-4162
3087303025,7340,8,24,-18,670,91,-4068
3087304025,7341,8,8,-24,473,148,-3952
3087305025,7342,6,9,-30,886,363,-4151
3087306025,7343,14,23,-21,242,336,-3951
3087307025,7344,9,35,-15,561,609,-4295
3087308025,7346,17,44,11,575,708,-3910
3087309025,7347,11,44,29,940,694,-3947
3087310025,7348,24,14,42,844,413,-4153
3087311025,7350,17,1,67,734,3,-3980
3087312025,7351,14,-4,73,585,-113,-3951
3087313025,7353,3,-28,92,485,-252,-3885
3087314025,7355,-9,-43,97,227,-235,-3938
3087315025,7356,3,-63,89,11,-242,-3927
3087316025,7358,-9,-64,86,-176,-253,-3931
3087317025,7359,-18,-64,74,-439,-250,-4226
3087318025,7361,-7,-46,62,-504,-155,-4478
3087319025,7362,-2,-21,52,-378,-50,-4511
3087320025,7363,8,-9,36,-341,-21,-4543
3087321025,7364,13,-7,33,-376,-65,-4489
3087322025,7365,18,10,24,-393,-263,-4389
3087323025,7366,11,22,20,-404,-369,-4390
3087324025,7367,3,37,13,-224,-348,-4305
3087325025,7368,1,47,15,-48,-318,-4186
3087326025,7369,6,34,15,118,-177,-3966
3087327025,7370,0,33,13,129,2,-3872
3087328025,7370,-2,15,6,97,143,-3856
3087329025,7371,0,13,1,162,233,-3798
3087330025,7372,-8,21,4,185,265,-3785
3087331025,7373,1,-1,0,148,295,-3812
3087332025,7374,5,-4,2,46,279,-3891
3087333025,7375,4,5,2,-101,273,-3969
3087334025,7375,9,3,11,97,250,-4059
3087335025,7377,-1,19,11,189,113,-4072
3087336025,7378,-3,24,6,325,100,-4306
3087337025,7379,-2,21,-10,609,159,-4173
3087338025,7380,-6,18,-20,472,206,-4070
3087339025,7381,-7,5,-36,128,377,-3995
3087340025,7382,12,49,-10,-194,617,-4025
3087341025,7384,13,52,-5,821,806,-4278
3087342025,7385,33,39,11,830,818,-3755
3087343025,7387,23,33,22,919,485,-3570
3087344025,7388,22,16,32,673,247,-3852
3087345025,7390,24,-19,47,508,-330,-4021
3087346025,7392,5,-39,68,412,-523,-3907
3087347025,7394,-3,-65,77,256,-478,-3957
3087348025,7396,-17,-63,78,52,-381,-3941
3087349025,7398,-14,-73,71,-218,-228,-4163
3087350025,7399,-14,-72,60,-280,-256,-4297
3087351025,7401,-10,-55,45,-479,-164,-4518
3087352025,7403,6,-39,21,-603,-45,-4555
3087353025,7404,4,-26,16,-618,-78,-4508
3087354025,7405,11,1,-2,-531,-186,-4354
3087355025,7406,10,22,-7,-381,-248,-4344
3087356025,7407,7,25,-14,-255,-248,-4406
3087357025,7408,6,30,-13,-214,-212,-4375
3087358025,7409,8,26,-9,-207,-157,-4150
3087359025,7410,-4,51,5,-133,4,-4023
3087360025,7411,-1,57,17,223,155,-3997
3087361025,7412,-3,56,26,602,236,-3896
3087362025,7413,3,36,27,676,239,-3799
3087363025,7413,10,-1,28,521,162,-3676
3087364025,7414,-1,-18,28,237,51,-3612
3087365025,7415,-4,-28,29,43,-67,-3628
3087366025,7416,-4,-30,23,-8,-29,-3831
3087367025,7416,-14,-29,23,10,63,-3934
3087368025,7417,-3,-30,20,-105,266,-4093
3087369025,7418,7,-21,19,-227,423,-4228
3087370025,7419,12,-5,25,-206,384,-4321
3087371025,7419,11,1,21,-194,322,-4379
3087372025,7420,24,3,20,-8,152,-4431
3087373025,7421,13,19,12,24,-95,-4417
3087374025,7421,7,27,5,69,-214,-4456
3087375025,7422,-5,47,-5,321,-192,-4208
3087376025,7423,-8,51,-11,368,-126,-4088
3087377025,7424,-7,47,-25,515,63,-3936
3087378025,7424,-11,42,-34,516,262,-3757
3087379025,7425,2,15,-40,396,415,-3636
3087380025,7426,6,16,-37,357,468,-3614
3087381025,7427,25,0,-32,259,388,-3706
3087382025,7428,26,-20,-29,184,278,-3867
3087383025,7430,27,-29,-16,108,122,-4055
3087384025,7431,14,-45,-9,-238,10,-4138
3087385025,7432,11,-39,6,334,15,-4301
3087386025,7434,3,-26,19,-180,-41,-4376
3087387025,7436,-6,14,46,-160,303,-4592
3087388025,7437,8,32,60,298,388,-4467
3087389025,7439,-2,44,67,300,238,-4318
3087390025,7441,7,33,69,480,36,-4209
3087391025,7443,5,25,74,515,-297,-3956
3087392025,7445,-5,3,74,345,-499,-3693
3087393025,7447,-7,-20,70,224,-562,-3683
3087394025,7448,-19,-14,72,157,-568,-3744
3087395025,7450,-4,-39,57,148,-524,-3884
3087396025,7452,-9,-40,43,60,-309,-4095
3087397025,7453,-1,-30,35,-68,-24,-4285
3087398025,7454,4,-26,30,-149,192,-4349
3087399025,7456,20,-6,30,-140,208,-4361
3087400025,7457,28,2,29,-35,105,-4357
3087401025,7458,32,14,29,54,-51,-4354
3087402025,7459,23,13,39,74,-208,-4218
3087403025,7459,21,11,31,49,-274,-4091
3087404025,7460,-2,7,39,-4,-357,-3908
3087405025,7461,-14,4,45,-29,-271,-3868
3087406025,7462,-15,-8,39,-7,-4,-3908
3087407025,7462,-11,-25,32,-56,278,-3901
3087408025,7463,-4,-35,19,-149,378,-3903
3087409025,7463,-2,-30,18,-318,529,-3989
3087410025,7463,17,-14,13,-381,507,-4170
3087411025,7463,15,-10,8,-351,408,-4231
3087412025,7463,21,4,11,-320,350,-4208
3087413025,7464,22,11,8,-197,220,-4188
3087414025,7464,6,18,4,-207,-34,-4278
3087415025,7464,-1,36,2,-44,-115,-4315
3087416025,7464,-16,42,-5,200,18,-4129
3087417025,7464,-17,47,-2,238,137,-4100
3087418025,7465,-20,41,-7,308,397,-3989
3087419025,7465,-3,25,-13,260,508,-3788
3087420025,7466,3,13,-13,149,564,-3692
3087421025,7466,15,7,-10,120,502,-3683
3087422025,7467,19,2,-6,120,308,-3876
3087423025,7468,18,-1,-4,201,110,-4034
3087424025,7469,16,-16,3,231,-20,-4082
3087425025,7470,11,-26,11,67,-67,-4095
3087426027,7472,7,-25,18,-44,-85,-4115
3087427025,7473,6,-32,23,-233,-75,-4185
3087428025,7475,0,-17,32,-254,-93,-4244
3087429025,7476,-7,-7,38,-164,-72,-4315
3087430025,7478,-6,-12,29,-79,-76,-4292
3087431025,7480,1,2,36,-85,-76,-4258
3087432025,7482,5,-3,29,-182,17,-4182
3087433025,7484,5,10,40,-211,22,-4212
3087434025,7486,2,41,39,-4,25,-4300
3087435025,7488,-3,53,50,73,82,-4443
3087436025,7490,22,58,65,390,42,-4214
3087437025,7492,20,44,68,580,-236,-3876
3087438025,7495,13,12,75,495,-504,-3831
3087439025,7497,-1,1,87,412,-620,-3738
3087440025,7499,-5,-8,87,338,-587,-3770
3087441025,7501,-14,-30,83,384,-472,-3751
3087442025,7503,-19,-52,75,234,-264,-3759
3087443025,7505,-7,-78,57,-47,-187,-3828
3087444025,7506,-7,-78,48,-219,-171,-3944
3087445025,7508,-7,-65,31,-422,-64,-4167
3087446025,7509,2,-47,21,-548,99,-4390
3087447025,7510,16,-40,-1,-467,141,-4439
3087448025,7511,16,-32,-9,-554,59,-4403
3087449025,7511,17,-21,-13,-677,53,-4450
3087450025,7511,16,10,-15,-798,116,-4539
3087451025,7512,17,39,-7,-653,272,-4495
3087452025,7512,5,68,2,-234,398,-4411
3087453025,7512,4,90,3,-27,448,-4352
3087454025,7512,10,79,4,441,438,-4130
3087455025,7512,3,72,3,650,300,-3905
3087456025,7513,5,51,-2,665,211,-3671
3087457025,7513,-5,27,-4,598,210,-3480
3087458025,7513,-8,16,-4,544,233,-3429
3087459025,7513,-4,-22,-7,376,358,-3383
3087460025,7513,-1,-43,-5,133,482,-3533
3087461025,7513,6,-45,-1,-26,543,-3803
3087462025,7514,7,-50,6,-184,524,-4174
3087463025,7514,18,-51,19,-248,490,-4256
3087464025,7515,27,-62,30,-352,307,-4284
3087465025,7516,18,-47,37,-575,88,-4499
3087466025,7516,5,-25,42,-588,-84,-4660
3087467025,7517,9,-5,50,-566,-152,-4646
3087468025,7519,0,0,54,-470,-178,-4467
3087469025,7520,-4,17,57,-498,-140,-4312
3087470025,7521,-2,32,53,-393,-206,-4233
3087471025,7523,-3,44,55,-82,-245,-4148
3087472025,7524,-2,46,51,84,-251,-4072
3087473025,7526,0,27,47,260,-240,-3970
3087474025,7528,7,12,38,174,-345,-3893
3087475025,7530,11,2,33,50,-435,-3858
3087476025,7532,7,7,34,40,-445,-3888
3087477025,7534,6,-4,29,40,-401,-3986
3087478025,7536,9,-16,26,107,-354,-4004
3087479025,7538,4,-31,25,-73,-201,-3968
3087480025,7541,3,-25,25,-313,-20,-4227
3087481025,7543,5,-9,35,-167,-41,-4393
3087482025,7545,-3,31,40,46,130,-4584
3087483025,7548,22,43,43,304,275,-4364
3087484025,7550,21,39,40,610,56,-4066
3087485025,7552,18,29,48,545,-77,-3915
3087486025,7555,18,15,56,454,-315,-3873
3087487025,7557,-1,10,46,339,-351,-3727
3087488025,7559,-5,-13,43,488,-336,-3564
3087489025,7562,-18,-40,34,413,-170,-3517
3087490027,7564,-17,-59,21,218,-117,-3619
3087491025,7565,-7,-89,6,-204,27,-3862
3087492025,7567,-11,-76,-5,-625,284,-4125
3087493025,7569,-6,-47,-16,-718,477,-4410
3087494025,7570,-3,-34,-15,-501,526,-4464
3087495025,7571,7,-17,-30,-410,513,-4427
3087496025,7572,14,-20,-38,-480,372,-4444
3087497025,7573,16,-11,-36,-755,246,-4534
3087498025,7574,9,27,-34,-818,164,-4479
3087499025,7575,-3,45,-26,-715,216,-4367
3087500025,7576,-5,56,-17,-399,382,-4165
3087501025,7577,-3,45,-11,-204,443,-4040
3087502025,7578,1,28,-2,-175,400,-3986
3087503025,7578,-5,31,4,-139,375,-3935
3087504025,7579,-4,31,9,-101,397,-3930
3087505025,7580,2,18,12,64,354,-3855
3087506025,7581,7,-3,18,80,223,-3812
3087507025,7582,6,-8,22,-68,102,-3909
3087508025,7583,7,-4,20,-95,61,-3967
3087509025,7584,0,6,30,-86,29,-4084
3087510025,7585,5,2,34,61,-63,-4045
3087511025,7586,7,-5,37,70,-145,-4092
3087512025,7588,-5,-4,32,101,-187,-4287
3087513025,7589,-2,11,40,-63,-85,-4384
3087514025,7591,-2,34,56,155,1,-4425
3087515025,7592,4,52,62,386,143,-4257
3087516025,7594,9,58,69,647,1,-3978
3087517025,7596,4,52,70,740,-184,-3961
3087518025,7598,7,47,76,814,-414,-3988
3087519025,7600,-5,31,76,1008,-596,-3808
3087520025,7602,5,-15,55,985,-740,-3589
3087521025,7605,1,-56,39,688,-812,-3536
3087522025,7607,-9,-68,25,309,-736,-3633
3087523025,7609,-7,-82,13,-160,-554,-4053
3087524025,7611,-10,-64,-4,-313,-175,-4245
3087525025,7613,-4,-49,-13,-358,180,-4282
3087526025,7615,0,-56,-22,-510,254,-4348
3087527025,7617,4,-45,-35,-616,220,-4399
3087528025,7619,4,-23,-40,-758,112,-4616
3087529025,7620,-2,0,-30,-780,134,-4777
3087530025,7622,3,17,-24,-598,215,-4549
3087531025,7624,4,18,-25,-520,221,-4348
3087532025,7626,2,21,-15,-496,181,-4102
3087533025,7628,-16,36,-6,-470,254,-4080
3087534025,7630,-15,43,6,-240,343,-4013
3087535025,7632,-16,38,12,-63,411,-3817
3087536025,7634,-16,23,8,-112,448,-3735
3087537025,7635,-15,22,7,29,332,-3811
3087538025,7637,-11,14,13,158,292,-3870
3087539025,7639,-9,-4,13,128,192,-3779
3087540025,7641,-8,-6,15,-26,227,-3857
3087541025,7643,-15,-4,13,-119,91,-3930
3087542025,7644,-18,6,22,-47,60,-4092
3087543025,7646,-17,11,26,276,91,-4227
3087544025,7648,-6,13,32,338,110,-4281
3087545025,7650,-5,15,27,303,174,-4309
3087546025,7651,-1,24,37,374,234,-4277
3087547025,7653,5,34,36,631,211,-4047
3087548025,7655,1,36,35,703,35,-4016
3087549025,7657,8,23,34,686,-53,-4080
3087550025,7658,12,0,33,637,-295,-3943
3087551025,7660,4,-1,34,389,-388,-3909
3087552025,7662,2,-13,26,354,-425,-4001
3087553025,7663,-1,-23,14,304,-373,-4065
3087554025,7665,-4,-31,13,274,-282,-4044
3087555025,7666,10,-57,-6,-35,-85,-4030
3087556025,7668,0,-45,-11,-349,-12,-4253
3087557025,7669,6,-30,-21,-500,74,-4416
3087558025,7671,5,-18,-18,-491,176,-4296
3087559025,7672,3,-14,-20,-449,224,-4198
3087560025,7673,2,-10,-16,-554,158,-4273
3087561025,7675,1,11,-10,-554,83,-4427
3087562025,7676,2,19,0,-466,95,-4335
3087563025,7678,-8,18,11,-356,110,-4210
3087564028,7680,-12,25,21,-290,164,-4062
3087565025,7681,-15,29,21,-214,206,-4032
3087566025,7683,-12,23,31,-28,199,-3950
3087567025,7685,-16,18,31,-24,207,-3900
3087568025,7687,-11,17,38,-16,190,-3926
3087569025,7689,-8,18,42,-1,197,-3942
3087570025,7690,-3,18,39,103,175,-3935
3087571025,7692,1,13,50,200,-29,-4013
3087572025,7694,-13,22,59,262,-46,-4072
3087573025,7696,-10,28,58,389,-50,-4121
3087574025,7698,-14,34,59,620,61,-4052
3087575025,7701,-7,30,52,767,-34,-4186
3087576025,7703,6,16,48,891,-252,-4173
3087577025,7705,1,10,48,826,-293,-4023
3087578025,7707,-1,-5,43,534,-183,-3858
3087579025,7709,6,-12,32,419,7,-3688
3087580025,7711,4,-22,21,268,42,-3879
3087581025,7712,14,-36,16,189,26,-3930
3087582025,7714,12,-53,9,-25,-96,-4060
3087583025,7716,7,-45,8,-371,-76,-4227
3087584025,7718,12,-41,7,-476,-5,-4314
3087585025,7719,5,-29,4,-435,18,-4292
3087586025,7721,-1,-22,5,-411,60,-4349
3087587025,7722,4,-13,-1,-485,184,-4445
3087588025,7724,3,1,8,-584,249,-4386
3087589025,7726,2,14,11,-572,222,-4249
3087590025,7727,0,25,11,-454,141,-4197
3087591025,7728,-9,43,15,-360,124,-4165
3087592025,7730,-3,44,20,-100,141,-4042
3087593025,7731,-2,37,29,48,153,-3927
3087594025,7733,0,25,30,70,110,-3875
3087595025,7735,-7,22,29,44,90,-3886
3087596025,7736,-12,21,25,102,72,-3939
3087597025,7738,-3,18,30,174,103,-3896
3087598025,7739,-7,16,31,244,96,-3936
3087599025,7741,-8,25,35,301,46,-4133
3087600025,7743,-5,24,31,409,29,-4193
3087601025,7744,-7,32,36,606,83,-4190
3087602025,7746,-3,20,39,710,202,-4017
3087603025,7748,0,17,43,629,187,-3938
3087604025,7750,4,20,41,581,124,-3940
3087605025,7752,6,10,43,591,-36,-3945
3087606025,7754,9,-13,46,543,-132,-3886
3087607025,7756,7,-31,55,416,-139,-3827
3087608025,7758,4,-55,43,130,-187,-3893
3087609025,7760,13,-56,52,-53,-193,-3959
3087610025,7762,7,-59,44,-279,-200,-4123
3087611025,7764,4,-56,34,-435,-172,-4260
3087612025,7766,0,-38,31,-454,-73,-4398
3087613025,7768,-1,-27,31,-437,-16,-4436
3087614025,7770,0,-12,16,-433,80,-4476
3087615025,7771,1,2,11,-408,78,-4323
3087616025,7773,3,21,5,-362,33,-4306
3087617025,7775,2,29,12,-263,-2,-4242
3087618025,7776,10,32,7,-225,11,-4188
3087619025,7778,5,28,12,-129,58,-3989
3087620025,7780,1,30,16,-42,39,-3908
3087621025,7781,-1,31,17,85,27,-4004
3087622025,7783,-1,21,16,295,24,-4013
3087623025,7785,-11,17,5,324,42,-3965
3087624025,7786,-6,1,6,306,116,-3866
3087625025,7788,-2,5,7,194,153,-3918
3087626025,7790,-10,7,1,196,157,-3973
3087627025,7791,-4,0,-4,231,144,-4004
3087628025,7793,0,-2,-2,228,164,-3981
3087629025,7795,-1,-11,-4,202,191,-3995
3087630025,7797,5,7,-2,71,221,-4158
3087631025,7798,11,13,9,245,259,-4260
3087632025,7800,3,13,15,261,251,-4151
3087633025,7802,12,12,22,280,314,-4094
3087634025,7804,7,16,34,267,245,-4135
3087635025,7806,16,10,48,330,141,-4127
3087636025,7808,2,21,62,398,101,-4089
3087637025,7811,5,7,66,444,15,-3956
3087638025,7813,4,-7,74,401,-82,-3895
3087639025,7815,-1,-22,82,248,-252,-3904
3087640025,7817,-4,-40,76,199,-317,-3933
3087641025,7819,-8,-39,76,106,-335,-3950
3087642025,7821,-16,-51,63,-72,-284,-4140
3087643025,7823,-2,-56,53,-220,-239,-4188
3087644025,7825,-4,-42,45,-308,-239,-4288
3087645025,7827,-1,-37,43,-358,-194,-4363
3087646025,7828,0,-24,32,-363,-54,-4464
3087647025,7830,8,-3,22,-322,-37,-4383
3087648025,7831,12,5,19,-247,-141,-4299
3087649025,7833,4,22,19,-143,-281,-4324
3087650025,7834,2,26,8,-33,-242,-4306
3087651025,7835,7,30,5,148,-165,-4221
3087652025,7837,-4,33,-2,334,-105,-3985
3087653025,7838,-4,19,-8,329,27,-3819
3087654025,7839,-3,12,-14,264,165,-3755
3087655025,7840,-8,18,-15,279,201,-3803
3087656025,7842,2,1,-14,261,368,-3852
3087657025,7843,2,-16,-9,196,496,-3762
3087658025,7845,10,-24,2,53,513,-3799
3087659025,7846,2,-33,8,-20,447,-3868
3087660025,7848,-1,-27,16,82,417,-4118
3087661025,7849,6,-16,40,-135,377,-4258
3087662025,7851,4,0,66,76,499,-4383
3087663025,7853,12,12,84,117,494,-4370
3087664025,7854,8,22,92,139,473,-4274
3087665025,7856,11,23,101,358,193,-4092
3087666025,7858,8,12,110,528,-105,-3873
3087667025,7860,0,-9,104,475,-283,-3861
3087668025,7862,-10,-9,113,388,-313,-3826
3087669025,7864,-5,-34,104,330,-389,-3720
3087670025,7866,-12,-43,98,143,-412,-3872
3087671025,7868,-12,-46,87,107,-303,-4016
3087672025,7869,-2,-55,65,48,-236,-4061
3087673025,7871,-8,-47,64,-11,-169,-4132
3087674025,7873,7,-50,45,-99,-156,-4298
3087675025,7874,8,-36,31,-116,-193,-4406
3087676025,7875,15,-20,15,-114,-141,-4501
3087677025,7877,11,-7,18,-134,-116,-4490
3087678025,7878,22,-6,-3,-62,-90,-4338
3087679025,7879,13,12,-7,-111,-109,-4197
3087680025,7881,13,11,-15,-37,-124,-4103
3087681025,7882,-2,20,-19,66,-9,-4095
3087682025,7883,1,17,-21,100,58,-4041
3087683025,7884,-2,3,-19,144,192,-3893
3087684025,7886,-4,-8,-13,-17,282,-3861
3087685025,7887,-11,-11,-3,-134,410,-3855
3087686025,7888,-9,-21,2,-224,476,-3936
3087687025,7890,-3,-13,9,-218,470,-3973
3087688025,7891,-5,-22,19,-9,343,-4018
3087689025,7893,-11,-7,42,-87,477,-4232
3087690025,7895,-8,11,66,-31,490,-4411
3087691025,7896,-2,17,75,14,578,-4328
3087692025,7898,3,30,95,232,355,-4242
3087693025,7900,2,25,101,426,124,-4045
3087694025,7902,6,9,104,513,-132,-3914
3087695025,7904,-7,-5,103,509,-309,-3875
3087696025,7906,-5,-12,109,451,-379,-3909
3087697025,7908,-17,-22,103,385,-400,-3873
3087698025,7910,-12,-30,98,352,-330,-3875
3087699025,7912,-10,-43,81,311,-269,-3983
3087700025,7913,0,-40,74,271,-323,-3972
3087701025,7915,-7,-48,54,177,-396,-4101
3087702025,7917,-7,-46,36,-7,-318,-4260
3087703025,7918,0,-27,14,22,-215,-4273
3087704025,7920,9,-30,-6,49,-165,-4324
3087705025,7921,3,-21,-17,-24,-153,-4320
3087706025,7922,5,-10,-19,-187,-55,-4341
3087707025,7923,4,6,-31,-245,68,-4267
3087708025,7924,3,14,-32,-177,189,-4195
3087709025,7925,3,8,-30,-163,180,-4127
3087710025,7926,2,-2,-25,-98,163,-4034
3087711025,7928,-14,2,-19,-217,222,-4080
3087712025,7929,-16,1,-13,-209,399,-3970
3087713025,7930,-15,-8,4,-145,356,-4011
3087714025,7931,-12,-11,3,-100,261,-3991
3087715025,7933,-29,-16,9,-65,269,-3920
3087716025,7934,-28,-5,15,-209,609,-4031
3087717025,7936,-14,-10,24,-171,626,-4149
3087718025,7938,-10,-12,27,-33,424,-4214
3087719025,7940,-10,1,32,-46,378,-4243
3087720025,7942,0,9,51,64,366,-4336
3087721025,7943,3,12,68,113,358,-4228
3087722027,7946,11,13,70,275,265,-4024
3087723025,7948,4,21,75,292,180,-4006
3087724025,7950,12,14,86,346,3,-4115
3087725025,7952,13,7,86,541,-199,-4009
3087726025,7954,10,-6,80,669,-343,-3884
3087727025,7956,2,-19,76,578,-402,-3887
3087728025,7958,2,-28,59,549,-428,-3900
3087729025,7960,-1,-46,41,394,-498,-3861
3087730025,7962,-6,-62,28,182,-526,-3899
3087731025,7964,-6,-53,12,-95,-407,-4078
3087732025,7965,-19,-42,4,-190,-321,-4157
3087733025,7967,-14,-25,-11,-157,-87,-4206
3087734025,7968,-7,-14,-26,-35,101,-4216
3087735025,7970,-2,-12,-39,-3,201,-4294
3087736025,7971,15,-17,-43,-175,216,-4317
3087737025,7972,13,-16,-41,-248,251,-4269
3087738025,7974,11,-2,-40,-384,290,-4191
3087739025,7975,17,4,-38,-336,316,-4187
3087740025,7977,22,1,-29,-234,314,-4189
3087741025,7978,18,10,-19,-214,326,-4161
3087742025,7980,8,-4,-14,-210,341,-4074
3087743025,7981,-1,1,-6,-200,417,-4049
3087744025,7983,6,-1,7,-77,377,-4076
3087745025,7984,-2,-10,8,15,298,-4029
3087746025,7986,-8,-9,17,2,300,-4001
3087747025,7988,-11,-9,20,-137,306,-4067
3087748025,7990,-5,6,32,-107,305,-4095
3087749025,7991,-9,16,40,87,188,-4101
3087750025,7993,-4,15,44,255,135,-4127
3087751025,7995,-9,22,51,319,162,-4097
3087752025,7997,1,12,56,356,83,-4007
3087753025,7999,5,7,57,358,-113,-3962
3087754025,8001,3,0,54,476,-356,-3933
3087755025,8003,-5,5,49,453,-396,-3997
3087756025,8006,-7,3,40,514,-348,-4114
3087757025,8008,5,-11,21,602,-285,-3963
3087758025,8010,6,-20,1,435,-301,-4013
3087759025,8011,10,-25,-16,236,-285,-4149
3087760025,8013,9,-17,-20,171,-235,-4179
3087761025,8015,12,-15,-31,151,-91,-4207
3087762025,8017,15,-15,-39,127,61,-4134
3087763025,8019,19,-30,-43,-26,72,-4189
3087764025,8021,20,-26,-46,-125,15,-4255
3087765025,8022,14,-22,-42,-271,-3,-4339
3087766025,8024,12,-21,-37,-325,107,-4268
3087767025,8026,12,-19,-36,-283,209,-4060
3087768025,8028,12,-19,-29,-345,221,-4133
3087769025,8030,2,-21,-25,-427,214,-4209
3087770025,8031,-3,-12,-24,-424,280,-4247
3087771025,8033,3,-7,-13,-383,371,-4106
3087772025,8035,-1,8,-2,-312,355,-4046
3087773025,8037,-7,7,-3,-314,326,-4080
3087774025,8039,1,8,4,-183,242,-4149
3087775025,8041,-4,12,15,-4,141,-4009
3087776025,8043,-2,9,10,-14,91,-3999
3087777025,8044,-3,10,20,-83,33,-4011
3087778025,8046,-9,10,14,60,53,-4025
3087779025,8048,2,15,25,129,6,-3969
3087780025,8050,-14,21,23,336,95,-3973
3087781025,8052,-2,15,19,386,183,-3974
3087782025,8054,3,19,20,519,30,-4029
3087783025,8056,-2,27,11,610,-83,-4064
3087784025,8058,4,16,6,756,-216,-4076
3087785025,8060,5,8,4,685,-138,-3965
3087786025,8062,8,-13,-6,514,-66,-3849
3087787025,8064,12,-14,-4,409,-134,-3809
3087788025,8066,7,-9,-10,255,-130,-3906
3087789025,8068,10,-28,-18,240,-93,-4040
3087790025,8070,16,-43,-32,100,-39,-4113
3087791025,8071,20,-49,-36,-173,-13,-4124
3087792025,8073,14,-51,-31,-331,16,-4148
3087793025,8075,13,-42,-34,-553,76,-4246
3087794025,8077,13,-29,-31,-526,137,-4323
3087795025,8078,6,-14,-29,-450,144,-4291
3087796025,8080,7,-5,-29,-417,107,-4350
3087797025,8082,3,2,-22,-436,74,-4436
3087798025,8083,-1,15,-16,-295,56,-4309
3087799025,8085,-10,27,-13,-183,88,-4084
3087800025,8087,-11,28,-11,-70,136,-4021
3087801025,8088,-8,29,-13,-18,178,-4044
3087802025,8090,-9,17,-12,68,259,-4008
3087803025,8092,6,6,-15,80,242,-3853
3087804025,8094,1,3,-10,30,171,-3879
3087805025,8096,-1,6,-10,44,96,-3920
3087806025,8098,7,0,-8,21,28,-3951
3087807025,8099,14,5,3,218,157,-4107
3087808025,8101,7,-10,-1,301,41,-4190
3087809025,8103,0,5,8,147,156,-4112
3087810025,8105,4,10,6,332,224,-4130
3087811025,8107,2,15,8,432,163,-3941
3087812025,8109,8,19,24,525,42,-3889
3087813025,8111,4,7,18,515,-109,-3956
3087814025,8113,3,1,18,411,-197,-3864
3087815025,8115,7,-16,15,448,-208,-3834
3087816027,8118,10,-42,7,217,-292,-3910
3087817025,8119,7,-54,0,27,-256,-4017
3087818025,8121,8,-62,-8,-180,-145,-3990
3087819025,8123,7,-53,-9,-276,-126,-4071
3087820025,8125,8,-41,-20,-399,-22,-4313
3087821025,8127,11,-34,-22,-396,57,-4417
3087822025,8129,4,-15,-23,-371,53,-4372
3087823025,8130,9,-6,-24,-400,2,-4395
3087824025,8132,10,-8,-27,-398,-38,-4393
3087825025,8134,3,1,-25,-399,-35,-4254
3087826027,8136,3,11,-22,-290,11,-4126
3087827025,8137,-1,15,-19,-206,68,-4087
3087828025,8139,-12,29,-18,-56,100,-4086
3087829025,8141,-9,13,-17,76,130,-3967
3087830025,8143,-9,14,-14,122,180,-3827
3087831025,8145,-10,5,-17,106,137,-3929
3087832025,8146,-5,-7,-22,172,131,-3965
3087833025,8148,-8,-2,-15,203,146,-3939
3087834025,8150,-2,-17,-18,100,188,-3942
3087835025,8152,4,-14,-20,112,231,-4072
3087836025,8154,-2,3,-16,158,146,-4277
3087837025,8157,-6,22,-12,288,248,-4357
3087838025,8159,6,36,-5,536,407,-4318
3087839025,8161,10,44,12,718,384,-4081
3087840025,8163,18,32,18,819,193,-3941
3087841025,8166,6,17,27,782,-67,-3793
3087842025,8168,10,1,30,702,-130,-3704
3087843025,8171,13,-30,32,617,-211,-3557
3087844025,8173,6,-62,25,427,-406,-3646
3087845025,8176,4,-97,10,30,-467,-3782
3087846025,8178,-4,-95,13,-414,-222,-3962
3087847025,8180,-10,-94,2,-531,-139,-4146
3087848025,8182,-2,-86,-7,-700,22,-4431
3087849025,8184,-2,-55,-10,-708,214,-4666
3087850025,8186,5,-29,-18,-781,302,-4762
3087851025,8188,12,-16,-19,-696,268,-4712
3087852025,8190,18,0,-24,-588,-19,-4593
3087853025,8191,14,17,-27,-524,-175,-4531
3087854025,8193,8,31,-20,-469,-89,-4372
3087855025,8195,5,39,-22,-237,20,-4005
3087856025,8196,6,34,-27,-67,-23,-3906
3087857025,8198,-11,32,-28,-20,9,-3890
3087858025,8199,-5,22,-23,88,145,-3777
3087859025,8201,3,7,-26,204,249,-3718
3087860025,8203,-11,10,-29,258,236,-3738
3087861025,8204,5,-6,-34,300,182,-3903
3087862025,8206,2,-4,-39,402,159,-3890
3087863025,8207,-5,-8,-45,733,215,-4136
3087864025,8209,0,-5,-48,450,256,-4147
3087865025,8211,6,12,-32,534,493,-4348
3087866025,8212,22,19,-23,361,582,-4165
3087867025,8214,35,13,-15,422,388,-3907
3087868025,8216,22,11,-8,517,59,-3838
3087869025,8218,18,3,9,485,-102,-3897
3087870025,8221,9,-17,7,505,-197,-3924
3087871025,8223,5,-45,9,405,-190,-3745
3087872025,8225,-10,-72,10,38,-183,-3752
3087873025,8228,-12,-74,12,-332,-160,-4024
3087874025,8230,-12,-74,9,-333,-143,-4103
3087875025,8232,-10,-70,7,-422,-78,-4233
3087876025,8235,-16,-53,1,-478,48,-4550
3087877025,8237,-3,-37,-5,-515,75,-4685
3087878025,8239,3,-29,-7,-475,-25,-4571
3087879025,8241,5,-2,-10,-452,-110,-4475
3087880025,8243,3,6,-18,-391,-242,-4474
3087881025,8246,2,17,-21,-293,-233,-4437
3087882025,8248,1,20,-21,-163,-197,-4189
3087883025,8250,1,24,-26,-40,-169,-4021
3087884025,8252,-7,23,-30,-39,-178,-3949
3087885025,8255,-7,13,-39,124,-132,-3862
3087886025,8257,-10,4,-39,217,-9,-3899
3087887025,8259,-9,-11,-54,6,114,-3851
3087888025,8261,-9,-11,-55,603,68,-3976
3087889025,8263,-10,4,-50,298,197,-4064
3087890025,8265,-4,39,-42,299,638,-4344
3087891025,8267,25,51,-25,755,752,-4300
3087892025,8270,25,54,-26,927,542,-4041
3087893025,8272,30,38,-17,1012,192,-3827
3087894025,8274,26,10,-14,1024,-225,-3682
3087895025,8277,12,-22,-11,760,-430,-3524
3087896025,8279,-9,-73,-16,492,-456,-3388
3087897025,8282,-17,-89,-19,247,-373,-3476
3087898025,8284,-18,-114,-23,-260,-164,-3740
3087899025,8286,-30,-104,-29,-557,32,-4184
3087900025,8288,-23,-77,-26,-774,418,-4556
3087901025,8290,-18,-69,-29,-724,544,-4537
3087902025,8292,-10,-48,-33,-677,563,-4601
3087903025,8294,-3,-25,-36,-734,340,-4828
3087904025,8296,10,-5,-38,-683,84,-4815
3087905025,8297,16,28,-33,-606,-39,-4614
3087906025,8299,14,34,-32,-464,-52,-4456
3087907025,8301,3,44,-32,-327,-94,-4207
3087908025,8303,-2,51,-28,-130,-81,-4023
3087909025,8305,0,45,-32,113,-72,-3799
3087910025,8306,-11,36,-31,210,-49,-3740
3087911025,8308,-8,25,-33,231,-54,-3724
3087912025,8310,-14,8,-39,315,2,-3683
3087913025,8312,-13,-8,-41,234,62,-3742
3087914025,8314,-9,-19,-41,152,50,-3808
3087915025,8316,-10,-20,-41,107,9,-3846
3087916025,8318,-22,-10,-44,56,13,-4008
3087917025,8320,-8,-19,-54,69,146,-4126
3087918025,8322,-6,14,-42,83,171,-4255
3087919025,8324,-7,24,-49,540,425,-4482
3087920025,8326,-1,34,-44,413,500,-4378
3087921025,8328,21,36,-37,536,403,-4284
3087922025,8330,18,39,-34,596,97,-3893
3087923025,8333,10,28,-30,575,-135,-3916
3087924025,8335,5,24,-29,604,-215,-3899
3087925025,8338,0,-15,-30,558,-321,-3700
3087926025,8340,0,-50,-34,411,-351,-3584
3087927025,8343,-19,-69,-42,-47,-292,-3948
3087928025,8345,-19,-71,-41,-251,-90,-4070
3087929025,8348,-24,-63,-35,-330,7,-4170
3087930025,8350,-19,-62,-40,-510,248,-4367
3087931025,8353,-9,-49,-49,-612,367,-4560
3087932025,8355,-7,-32,-46,-676,310,-4582
3087933025,8357,-2,-18,-46,-659,229,-4588
3087934025,8360,6,-3,-40,-585,46,-4523
3087935025,8362,-5,9,-34,-573,-85,-4410
3087936025,8364,-1,25,-32,-487,-14,-4261
3087937025,8367,-2,37,-28,-265,63,-4038
3087938025,8369,-5,36,-28,-171,36,-3945
3087939025,8371,-2,25,-29,-37,13,-3863
3087940025,8373,-2,21,-29,11,74,-3836
3087941025,8376,-4,7,-32,26,44,-3766
3087942025,8378,-5,3,-41,251,61,-3885
3087943025,8380,-6,11,-21,-132,86,-3870
3087944025,8382,-16,10,-28,315,149,-4009
3087945025,8384,2,13,-30,307,345,-4069
3087946025,8387,4,18,-37,703,140,-3951
3087947025,8389,3,20,-43,621,60,-3922
3087948025,8391,11,5,-43,542,-95,-4103
3087949025,8393,3,-5,-43,507,1,-3959
3087950025,8395,4,-10,-52,399,62,-3851
3087951025,8398,4,-35,-62,166,100,-3903
3087952025,8400,9,-39,-59,72,95,-3922
3087953025,8402,7,-45,-58,-196,10,-4024
3087954025,8404,-1,-34,-59,-391,126,-4252
3087955025,8406,10,-31,-56,-455,326,-4316
3087956025,8408,0,-28,-48,-294,315,-4214
3087957025,8411,5,-22,-52,-335,251,-4183
3087958025,8413,8,-22,-45,-494,234,-4427
3087959025,8415,14,-9,-37,-582,125,-4423
3087960025,8417,14,2,-25,-315,71,-4360
3087961025,8420,6,19,-20,-477,-12,-4245
3087962025,8422,1,30,-11,-89,155,-4226
3087963025,8424,7,25,-5,49,200,-3981
3087964025,8427,0,26,-1,197,67,-3862
3087965025,8429,-3,20,-3,222,-14,-3962
3087966025,8432,5,11,-2,250,-144,-4056
3087967025,8434,0,4,-3,313,-183,-3926
3087968025,8437,3,-12,-3,357,-180,-3813
3087969025,8439,2,-10,-14,287,-267,-3960
3087970025,8442,-1,-9,-14,272,-264,-4037
3087971025,8444,5,-24,-32,295,-174,-4067
3087972025,8446,11,-33,-39,264,-169,-4078
3087973025,8449,11,-40,-59,75,-251,-4153
3087974025,8451,7,-32,-58,-105,-227,-4256
3087975025,8453,6,-28,-64,-155,-106,-4261
3087976025,8455,8,-20,-74,-121,130,-4103
3087977025,8458,7,-12,-77,-140,207,-4126
3087978025,8460,6,-15,-81,-243,167,-4146
3087979025,8462,13,-6,-77,-288,179,-4143
3087980025,8464,12,-12,-71,-315,131,-4034
3087981025,8467,8,-6,-62,-114,251,-4077
3087982025,8469,-1,0,-54,-136,197,-4124
3087983025,8472,2,8,-36,-51,394,-4057
3087984025,8474,6,8,-25,122,497,-4028
3087985025,8477,3,16,-18,166,449,-4055
3087986025,8479,8,4,-16,225,327,-3997
3087987025,8482,15,-5,2,224,105,-3970
3087988025,8484,13,-4,4,160,24,-3934
3087989025,8487,7,-13,9,214,-141,-3881
3087990025,8490,-3,-23,8,233,-146,-4007
3087991025,8492,3,-27,3,246,-164,-3932
3087992025,8495,-5,-40,-7,123,-268,-3986
3087993025,8498,-3,-46,-17,34,-268,-4093
3087994025,8500,2,-42,-24,-101,-260,-4173
3087995025,8503,-4,-34,-42,-124,-174,-4263
3087996025,8505,-1,-30,-51,-150,-38,-4282
3087997025,8507,1,-15,-56,-159,-8,-4243
3087998025,8510,-1,-11,-71,-205,4,-4291
3087999025,8512,8,-3,-79,-144,85,-4240
3088000025,8514,12,-12,-81,-106,57,-4102
3088001025,8516,11,-10,-84,-183,0,-4031
3088002025,8519,7,-5,-83,-206,23,-4062
3088003025,8521,7,-4,-79,-265,100,-3986
3088004025,8523,-4,4,-68,175,281,-3997
3088005025,8525,2,3,-57,-54,324,-4091
3088006025,8528,11,6,-48,42,565,-4230
3088007025,8530,13,6,-34,79,522,-4103
3088008025,8533,20,15,-20,165,421,-3954
3088009025,8535,14,18,-7,241,156,-3956
3088010025,8538,9,13,1,408,-152,-3999
3088011025,8541,2,2,2,390,-224,-3957
3088012025,8544,3,-21,3,464,-232,-3810
3088013026,8547,-2,-34,3,303,-246,-3822
3088014025,8549,-10,-47,-2,67,-273,-3977
3088015025,8552,-10,-56,-19,6,-228,-3928
3088016025,8555,-5,-57,-28,-49,-217,-3985
3088017025,8557,-18,-50,-46,-175,-168,-4296
3088018025,8560,-13,-27,-47,-168,-33,-4512
3088019025,8562,2,-16,-65,-140,150,-4430
3088020025,8564,0,-13,-72,-108,177,-4348
3088021025,8567,16,-11,-83,-133,84,-4237
3088022025,8569,13,-2,-84,-271,-64,-4270
3088023026,8572,16,3,-80,-207,-20,-4105
3088024027,8574,5,1,-83,-59,116,-4013
3088025025,8577,5,4,-77,-134,184,-4008
3088026025,8579,13,-21,-68,-160,243,-4012
3088027025,8582,9,-27,-62,-37,217,-3929
3088028025,8584,-4,-20,-53,-238,193,-4016
3088029025,8587,-7,-10,-43,-212,324,-4246
3088030025,8590,3,3,-30,-121,479,-4209
3088031025,8592,8,8,-19,42,378,-4131
3088032025,8595,9,9,-8,148,268,-3940
3088033025,8598,2,15,10,133,128,-3956
3088034025,8601,10,3,8,215,91,-3922
3088035025,8604,6,-18,11,320,-175,-3937
3088036025,8607,4,-33,7,314,-268,-3915
3088037025,8609,-1,-51,-5,88,-390,-3829
3088038025,8612,-9,-50,-19,14,-359,-4000
3088039025,8615,-11,-39,-30,49,-387,-4039
3088040025,8617,-16,-34,-38,22,-139,-4267
3088041025,8620,-4,-23,-61,-28,169,-4381
3088042025,8622,17,-18,-76,-102,261,-4193
3088043025,8625,16,-14,-77,-91,201,-4144
3088044025,8627,15,-15,-90,-119,49,-4173
3088045025,8630,18,-11,-86,-164,58,-4282
3088046025,8632,20,-12,-85,-152,47,-4138
3088047025,8634,10,-23,-78,-240,4,-4037
3088048025,8637,3,-24,-74,-376,40,-3984
3088049025,8639,2,-10,-50,-377,236,-3974
3088050025,8642,-10,8,-42,-36,442,-4305
3088051025,8645,2,2,-30,87,567,-4170
3088052025,8647,12,5,-23,174,533,-4163
3088053025,8650,18,-3,-19,184,316,-3956
3088054025,8653,17,-13,-18,126,-20,-3952
3088055025,8656,6,-11,-6,108,-111,-4029
3088056025,8659,11,-26,-8,276,-124,-3933
3088057025,8661,1,-20,-14,278,-197,-3821
3088058025,8664,-7,-33,-23,119,-253,-3988
3088059025,8667,6,-42,-27,13,-260,-4030
3088060025,8670,-8,-29,-32,18,-138,-4103
3088061025,8672,-11,-20,-41,52,-26,-4181
3088062025,8675,-1,-17,-50,54,175,-4281
3088063025,8678,6,-14,-61,71,82,-4221
3088064025,8680,18,-19,-73,72,-27,-4106
3088065025,8683,13,-7,-81,-35,-59,-4245
3088066025,8686,8,-6,-83,-111,-28,-4307
3088067025,8688,12,-18,-86,78,31,-4082
3088068025,8691,2,-1,-80,-180,5,-3994
3088069025,8694,-5,6,-57,-150,258,-4236
3088070025,8697,-1,7,-45,82,360,-4160
3088071025,8700,-3,12,-39,153,363,-4128
3088072025,8702,-2,3,-29,291,320,-4052
3088073025,8705,6,-7,-17,157,103,-4033
3088074025,8708,1,-22,-6,211,-152,-3840
3088075025,8711,-3,-30,-8,271,-205,-3816
3088076025,8714,-8,-37,-9,172,-23,-4002
3088077025,8717,6,-55,-23,66,291,-4274
3088078025,8719,38,-60,-27,-83,51,-4284
3088079025,8722,33,-45,-32,-315,-131,-4108
3088080025,8724,27,-33,-36,-427,-93,-4087
3088081025,8727,23,-7,-28,-295,42,-4239
3088082025,8729,25,-3,-48,18,-24,-4339
3088083025,8732,25,-6,-56,72,-150,-4313
3088084025,8734,22,4,-57,51,-130,-4302
3088085025,8736,20,8,-66,34,-37,-4120
3088086026,8739,15,17,-77,224,-10,-3957
3088087025,8741,10,10,-79,518,82,-3980
3088088025,8743,10,4,-82,371,192,-4037
3088089025,8745,8,4,-78,506,247,-4080
3088090025,8748,8,8,-63,384,414,-3774
3088091025,8750,14,12,-49,422,409,-3764
3088092025,8753,16,3,-43,396,344,-3879
3088093025,8756,19,-13,-35,321,245,-3903
3088094025,8758,11,-33,-32,277,37,-3992
3088095025,8761,13,-46,-21,-9,48,-4104
3088096025,8764,20,-68,-25,-224,14,-4156
3088097025,8767,13,-64,-28,-388,-62,-4101
3088098025,8770,11,-52,-22,-507,-48,-4213
3088099025,8772,2,-35,-20,-472,32,-4400
3088100025,8775,2,-14,-21,-331,183,-4330
3088101025,8778,10,-14,-31,-262,100,-4322
3088102025,8781,14,-7,-36,-153,-174,-4328
3088103025,8784,8,1,-37,-225,-268,-4357
3088104025,8787,14,8,-34,-171,-196,-4265
3088105025,8790,11,7,-42,39,-110,-4038
3088106025,8792,4,4,-44,1,-145,-3927
3088107025,8795,3,3,-46,188,-189,-3946
3088108025,8798,6,10,-39,272,-229,-3957
3088109025,8801,-13,21,-55,602,-199,-3936
3088110025,8804,1,15,-61,747,150,-4021
3088111025,8807,0,2,-71,1044,99,-3790
3088112025,8810,5,-2,-75,934,121,-3690
3088113025,8813,7,-13,-79,667,37,-3900
3088114025,8816,12,-25,-81,477,6,-3867
3088115025,8819,7,-43,-78,270,0,-3853
3088116025,8822,8,-48,-86,135,14,-3878
3088117025,8825,8,-66,-81,-232,-39,-4062
3088118025,8828,11,-67,-80,-511,80,-4149
3088119025,8831,6,-49,-76,-544,153,-4197
3088120027,8835,2,-36,-64,-626,347,-4390
3088121025,8837,3,-28,-63,-551,392,-4403
3088122025,8840,0,-20,-64,-340,254,-4340
3088123025,8843,3,-16,-68,-437,124,-4373
3088124025,8846,-1,4,-66,-394,5,-4325
3088125025,8849,-2,18,-64,-372,-60,-4264
3088126025,8852,-8,19,-57,-231,32,-4140
3088127025,8855,0,29,-53,-4,60,-3989
3088128025,8857,-14,37,-50,284,-49,-4024
3088129025,8860,-13,36,-55,547,-2,-4086
3088130025,8863,-20,44,-51,634,26,-4030
3088131025,8866,-11,25,-62,857,30,-3832
3088132025,8868,-6,7,-63,893,33,-3773
3088133025,8871,6,-17,-80,703,-6,-3855
3088134025,8874,13,-36,-82,511,-86,-3870
3088135025,8876,15,-45,-79,377,-18,-3857
3088136025,8879,21,-57,-77,50,129,-3868
3088137025,8881,25,-62,-75,-117,85,-3971
3088138025,8884,27,-61,-64,-401,161,-4155
3088139025,8886,23,-61,-64,-415,127,-4243
3088140025,8889,16,-44,-57,-372,74,-4353
3088141025,8891,23,-35,-47,-369,52,-4442
3088142025,8894,12,-26,-50,-311,11,-4309
3088143025,8896,5,-10,-43,-341,0,-4255
3088144025,8898,3,1,-44,-316,4,-4281
3088145025,8901,3,18,-36,-249,41,-4226
3088146025,8903,3,29,-23,16,110,-4042
3088147025,8905,3,36,-17,187,83,-4010
3088148025,8908,9,48,-18,411,169,-4061
3088149025,8910,8,41,-15,646,51,-4042
3088150025,8912,12,35,-11,840,-54,-4004
3088151025,8915,15,3,-18,916,-165,-3919
3088152025,8917,13,-13,-23,722,-214,-3893
3088153025,8920,14,-22,-33,663,-226,-3862
3088154025,8922,10,-34,-41,448,-189,-3854
3088155025,8925,14,-47,-45,280,-19,-3834
3088156025,8927,13,-61,-56,134,42,-3898
3088157025,8930,10,-62,-59,17,80,-4037
3088158025,8932,15,-60,-56,-207,230,-4246
3088159025,8935,15,-53,-53,-269,290,-4209
3088160025,8937,15,-47,-50,-408,226,-4232
3088161025,8940,14,-35,-31,-471,80,-4335
3088162025,8942,10,-30,-31,-439,30,-4324
3088163025,8945,-3,-14,-21,-387,74,-4303
3088164025,8947,-1,0,-8,-304,187,-4235
3088165025,8950,2,3,-11,-177,240,-4178
3088166025,8953,8,15,-2,67,185,-4131
3088167025,8955,0,22,-2,122,202,-4112
3088168025,8958,9,18,0,251,340,-4098
3088169025,8961,16,25,4,536,164,-3934
3088170025,8963,13,18,-1,683,-174,-4016
3088171025,8966,17,13,6,721,-303,-4116
3088172025,8969,5,-8,-9,764,-270,-3950
3088173025,8971,9,-33,-10,618,-178,-3689
3088174025,8974,7,-42,-18,447,-180,-3672
3088175025,8976,0,-64,-24,233,-107,-3860
3088176025,8979,7,-72,-30,138,-50,-3889
3088177025,8981,2,-85,-40,31,-69,-3967
3088178025,8984,-6,-80,-50,-212,45,-4196
3088179025,8986,8,-69,-45,-394,216,-4390
3088180025,8988,2,-58,-47,-430,301,-4380
3088181025,8991,8,-45,-47,-465,283,-4305
3088182025,8993,9,-29,-48,-452,154,-4329
3088183025,8995,9,-13,-46,-440,128,-4355
3088184025,8997,9,-4,-37,-302,152,-4277
3088185025,8999,5,12,-34,-250,151,-4201
3088186025,9002,7,4,-31,-191,180,-4073
3088187025,9004,10,15,-29,-147,249,-4144
3088188025,9006,12,25,-10,180,189,-4107
3088189025,9008,8,31,-13,315,265,-4188
3088190025,9011,11,35,-4,468,349,-4230
3088191025,9013,18,27,-5,859,124,-3979
3088192025,9015,18,4,-8,871,-220,-3853
3088193025,9018,9,-15,-11,809,-370,-3792
3088194025,9020,1,-21,-9,708,-333,-3799
3088195025,9023,12,-44,-19,621,-327,-3799
3088196025,9025,-13,-57,-24,464,-268,-3695
3088197025,9028,-11,-69,-39,150,-89,-3817
3088198025,9030,-2,-81,-43,73,40,-4028
3088199025,9032,-9,-75,-45,35,87,-4124
3088200025,9035,1,-72,-53,-230,193,-4364
3088201025,9037,9,-62,-57,-437,318,-4446
3088202025,9040,20,-46,-50,-557,296,-4336
3088203025,9042,22,-43,-47,-596,196,-4293
3088204025,9044,7,-15,-45,-544,-9,-4318
3088205025,9047,12,-4,-37,-472,16,-4417
3088206025,9049,1,14,-33,-249,50,-4301
3088207025,9052,2,15,-22,2,-14,-4051
3088208025,9054,-1,9,-25,-12,41,-3992
3088209025,9057,-3,8,-25,70,218,-4010
3088210025,9059,4,8,-19,168,180,-4031
3088211025,9062,6,11,-17,242,248,-4077
3088212025,9064,1,15,-10,224,288,-4218
3088213025,9067,28,9,-1,367,278,-4098
3088214025,9070,17,14,8,530,33,-3970
3088215025,9072,21,5,9,564,-202,-4012
3088216025,9075,15,-10,12,595,-328,-3990
3088217025,9078,7,-13,3,773,-505,-3927
3088218025,9080,-14,-30,-13,828,-645,-3895
3088219025,9083,-4,-48,-40,838,-482,-3885
3088220025,9085,-12,-72,-70,586,-251,-3757
3088221025,9087,-8,-77,-79,290,-84,-4013
3088222025,9089,-5,-66,-91,-188,256,-4069
3088223025,9091,5,-52,-97,-274,492,-4066
3088224025,9094,19,-42,-97,-303,614,-4085
3088225025,9096,28,-48,-89,-357,376,-4350
3088226025,9098,18,-44,-85,-445,246,-4462
3088227025,9100,16,-39,-71,-588,113,-4467
3088228025,9103,10,-23,-48,-528,105,-4312
3088229025,9105,1,-6,-34,-395,152,-4363
3088230025,9107,3,10,-12,-161,223,-4260
3088231025,9109,-1,16,-10,-82,379,-4171
3088232025,9112,-1,17,-3,-72,530,-4181
3088233025,9114,5,24,10,194,479,-3983
3088234025,9116,12,20,7,352,172,-3950
3088235025,9119,19,18,11,379,15,-3990
3088236025,9121,12,0,10,458,-162,-3927
3088237025,9123,10,-15,14,411,-230,-3892
3088238025,9126,13,-32,14,369,-397,-3941
3088239025,9128,2,-38,10,336,-483,-3995
3088240025,9130,-6,-38,7,312,-416,-4011
3088241025,9133,-5,-35,-7,317,-280,-4030
3088242025,9135,1,-47,-35,360,-193,-4093
3088243025,9137,-1,-45,-51,272,-116,-4149
3088244025,9139,5,-44,-56,160,-68,-4194
3088245025,9140,12,-33,-69,-37,20,-4193
3088246025,9142,12,-16,-80,-93,110,-4161
3088247025,9144,11,-5,-82,-55,92,-4117
3088248025,9146,14,-10,-84,-12,51,-4122
3088249025,9148,11,-6,-78,3,44,-4115
3088250025,9150,5,-4,-74,-116,110,-4121
3088251025,9152,0,0,-62,-16,268,-4156
3088252025,9154,6,-3,-43,0,353,-4125
3088253025,9156,1,-5,-34,34,458,-4102
3088254025,9159,4,-2,-13,87,618,-4123
3088255025,9161,9,4,-3,164,604,-4038
3088256025,9164,22,2,4,178,398,-3983
3088257025,9166,19,-9,18,277,54,-3992
3088258025,9169,15,-12,20,310,-125,-3979
3088259025,9171,6,-25,26,181,-261,-4086
3088260025,9174,2,-34,32,86,-223,-4006
3088261025,9176,7,-47,27,13,-255,-3943
3088262025,9179,-12,-47,26,27,-252,-4007
3088263025,9181,-13,-41,20,-9,-201,-4122
3088264025,9183,1,-52,10,-47,-117,-4278
3088265025,9186,6,-43,-11,-86,-156,-4256
3088266025,9188,1,-33,-22,-165,-144,-4317
3088267025,9190,9,-19,-25,-166,-116,-4325
3088268025,9192,12,0,-46,-42,-72,-4243
3088269025,9194,20,-6,-59,76,-120,-4145
3088270025,9196,18,2,-69,14,-153,-4107
3088271025,9198,11,14,-77,10,-101,-4091
3088272025,9200,12,15,-79,28,-23,-4025
3088273025,9202,10,9,-81,143,126,-3863
3088274025,9204,11,-7,-79,200,216,-3800
3088275025,9206,12,-10,-78,75,283,-3896
3088276025,9208,11,-17,-74,-65,313,-3935
3088277025,9210,12,-19,-67,46,425,-4092
3088278025,9212,14,-19,-52,69,341,-4072
3088279025,9214,7,-15,-36,1,463,-3984
3088280025,9216,15,-15,-23,-67,541,-4152
3088281025,9218,19,-2,-11,52,491,-4096
3088282025,9221,17,-5,5,73,217,-4169
3088283025,9223,12,-11,19,88,114,-4126
3088284025,9226,9,-12,28,69,60,-4039
3088285025,9228,15,-15,31,130,-158,-3980
3088286025,9231,5,-29,31,218,-289,-3965
3088287025,9234,-9,-40,24,111,-276,-4010
3088288025,9236,5,-43,13,-51,-165,-4091
3088289025,9238,1,-44,2,-107,-188,-4132
3088290025,9241,1,-41,-3,-157,-219,-4146
3088291025,9243,4,-29,-14,-167,-131,-4238
3088292025,9245,12,-11,-27,-118,-139,-4347
3088293025,9248,15,-6,-42,78,-141,-4290
3088294025,9250,16,-8,-61,100,-165,-4172
3088295025,9252,16,0,-63,5,-180,-4123
3088296025,9254,17,-10,-73,-76,-178,-4154
3088297025,9256,11,5,-78,-16,-72,-4104
3088298025,9258,7,2,-73,62,91,-3930
3088299025,9260,6,-4,-80,21,276,-3868
3088300025,9262,21,-5,-67,-96,366,-4040
3088301025,9264,17,-2,-65,154,362,-4188
3088302025,9266,16,11,-41,180,584,-4114
3088303025,9268,25,3,-25,277,596,-3991
3088304025,9271,29,0,-18,211,515,-3985
3088305025,9273,24,-1,-2,308,72,-4009
3088306025,9275,16,-15,7,321,-120,-4026
3088307025,9278,6,-35,13,336,-194,-3973
3088308025,9280,5,-42,13,338,-160,-3817
3088309026,9283,-1,-56,14,170,-170,-3693
3088310025,9285,-14,-63,3,38,-23,-3837
3088311025,9287,-2,-76,5,-272,110,-3930
3088312025,9289,7,-69,-14,-321,136,-4104
3088313025,9291,0,-63,-12,-406,68,-4227
3088314025,9293,22,-43,-17,-415,30,-4480
3088315025,9295,14,-31,-24,-346,37,-4447
3088316025,9297,20,-13,-25,-254,-80,-4257
3088317025,9299,21,-12,-33,-239,-200,-4345
3088318025,9301,12,5,-28,-229,-223,-4412
3088319025,9303,14,8,-37,-34,-129,-4262
3088320025,9305,14,1,-42,75,7,-3995
3088321025,9307,7,8,-41,119,75,-3939
3088322025,9309,14,0,-50,173,94,-3945
3088323025,9311,13,-13,-55,248,133,-3929
3088324025,9313,18,-31,-57,201,166,-3916
3088325025,9315,20,-41,-53,5,201,-3964
3088326025,9317,14,-35,-43,278,196,-4037
3088327025,9319,24,-22,-36,-259,295,-4135
3088328025,9321,17,-30,-25,110,364,-4350
3088329025,9324,25,-9,-4,8,451,-4307
3088330025,9326,30,-4,15,92,404,-4245
3088331025,9329,29,3,25,107,317,-4155
3088332025,9331,28,-9,32,248,-62,-4029
3088333025,9334,21,-20,40,249,-337,-4027
3088334025,9336,9,-30,39,270,-492,-3972
3088335025,9339,-3,-49,36,262,-404,-3745
3088336025,9342,-8,-51,33,139,-299,-3666
3088337025,9344,-14,-62,25,-48,-203,-3796
3088338025,9346,-4,-72,3,-216,-163,-4040
3088339025,9349,10,-68,-12,-251,-76,-4142
3088340025,9351,13,-58,-17,-325,-25,-4202
3088341025,9353,11,-34,-30,-401,70,-4462
3088342025,9355,20,-15,-40,-281,64,-4600
3088343025,9357,29,-19,-61,-123,-39,-4298
3088344025,9359,22,-18,-64,-266,-58,-4202
3088345025,9361,11,-8,-65,-314,-23,-4243
3088346025,9363,13,0,-66,-282,56,-4176
3088347025,9365,11,3,-56,-153,231,-3943
3088348025,9367,11,-7,-60,-101,337,-3829
3088349025,9369,14,-18,-59,-75,368,-3905
3088350025,9372,-5,-15,-50,90,361,-4032
3088351025,9374,10,-19,-36,-13,314,-4063
3088352025,9376,5,-10,-17,34,565,-4129
3088353025,9378,27,-12,-10,-22,554,-4200
3088354025,9381,32,-14,-11,55,418,-4093
3088355025,9383,26,-20,-2,102,34,-3926
3088356025,9386,13,-20,12,63,-178,-4022
3088357025,9388,3,-20,20,-47,-60,-4042
3088358025,9391,8,-24,20,115,-62,-3828
3088359025,9393,5,-28,16,186,-181,-3735
3088360025,9396,-13,-43,0,152,-317,-3900
3088361025,9398,-5,-41,-2,78,-291,-4135
3088362025,9401,-4,-41,-19,55,-172,-4196
3088363025,9403,-3,-38,-30,-37,-142,-4192
3088364025,9406,5,-21,-38,-121,13,-4254
3088365025,9408,18,-17,-47,-48,65,-4246
3088366025,9410,27,-17,-59,30,-51,-4137
3088367025,9413,24,-20,-67,-86,-146,-4154
3088368025,9415,10,-25,-71,-211,-146,-4205
3088369025,9418,16,2,-66,-218,-40,-4332
3088370025,9420,13,-1,-59,15,96,-4238
3088371025,9423,13,-2,-48,-32,261,-4081
3088372025,9425,13,5,-43,-4,323,-4083
3088373025,9428,17,-7,-31,-58,240,-4074
3088374025,9430,15,-9,-18,8,87,-4048
3088375025,9433,5,-5,-5,20,76,-4031
3088376025,9436,11,-25,5,26,111,-3968
3088377025,9439,1,-22,15,66,28,-3852
3088378025,9441,-2,-44,11,14,-157,-3707
3088379025,9444,-9,-51,11,-134,-148,-3803
3088380025,9447,-4,-45,0,-239,-112,-4032
3088381025,9449,-5,-52,-2,-94,-121,-4069
3088382025,9452,-11,-36,-11,-182,-46,-4118
3088383025,9454,-3,-30,-17,-207,173,-4251
3088384025,9456,5,-24,-23,-221,249,-4328
3088385025,9459,17,-11,-33,-98,117,-4300
3088386025,9461,16,-7,-35,-13,11,-4304
3088387025,9463,13,0,-51,60,-148,-4361
3088388025,9466,13,6,-57,104,-90,-4333
3088389025,9468,13,2,-56,185,-38,-4072
3088390025,9470,8,5,-67,218,23,-3940
3088391025,9472,4,10,-63,195,53,-3932
3088392025,9474,7,-14,-66,128,171,-3905
3088393025,9477,12,-14,-66,121,316,-3950
3088394025,9479,20,-21,-62,59,243,-4031
3088395025,9481,5,-16,-56,84,358,-4110
3088396025,9483,17,-9,-32,22,486,-4111
3088397025,9486,19,-24,-19,180,321,-3884
3088398025,9488,15,-28,-4,-2,37,-4007
3088399025,9491,10,-29,11,-61,-95,-4140
3088400025,9494,-3,-31,18,-46,-74,-4134
3088401025,9496,-2,-39,28,5,-113,-3990
3088402025,9499,-1,-50,25,-34,-125,-3831
3088403025,9502,-8,-63,17,-244,-111,-3938
3088404025,9504,-5,-52,16,-391,-97,-4029
3088405025,9507,3,-48,6,-451,-185,-4155
3088406025,9509,-2,-21,7,-357,-84,-4230
3088407025,9512,8,-7,-8,-134,-1,-4349
3088408025,9514,14,-7,-24,70,-44,-4366
3088409025,9516,9,4,-30,163,-103,-4330
3088410025,9519,20,-4,-46,189,-232,-4298
3088411025,9521,16,1,-59,94,-249,-4312
3088412025,9523,14,6,-66,276,-148,-4232
3088413025,9526,14,15,-60,221,-32,-4059
3088414025,9528,8,10,-72,323,138,-4085
3088415025,9531,13,0,-67,317,293,-3989
3088416025,9533,13,-12,-66,289,261,-4003
3088417025,9535,9,-15,-47,141,278,-4055
3088418025,9538,14,-19,-43,84,261,-4022
3088419025,9541,15,-33,-29,103,242,-3934
3088420025,9543,0,-42,-14,65,125,-3956
3088421025,9546,3,-61,-5,-70,139,-3961
3088422025,9549,3,-63,-1,-209,76,-3941
3088423025,9551,-8,-58,11,-352,54,-3939
3088424025,9554,-7,-53,11,-375,55,-4194
3088425025,9557,0,-50,4,-436,50,-4223
3088426025,9559,-3,-36,2,-442,86,-4172
3088427025,9562,3,-31,3,-477,128,-4180
3088428025,9565,5,-7,-1,-387,144,-4239
3088429025,9567,7,12,-10,-244,-24,-4318
3088430025,9569,17,29,-23,34,-165,-4282
3088431025,9572,14,27,-34,184,-228,-4231
3088432025,9574,16,27,-44,220,-253,-4188
3088433025,9576,16,28,-50,303,-205,-4152
3088434025,9579,12,23,-58,419,-146,-4078
3088435025,9581,9,26,-62,414,81,-3990
3088436025,9583,9,22,-60,498,242,-3978
3088437025,9586,19,2,-63,623,280,-3867
3088438025,9588,12,0,-49,483,179,-3986
3088439025,9591,17,-29,-44,356,216,-3958
3088440025,9593,14,-47,-38,262,82,-3934
3088441025,9596,14,-49,-30,116,-14,-3918
3088442025,9599,6,-72,-25,-136,-2,-4030
3088443025,9601,8,-73,-11,-465,49,-4112
3088444025,9604,2,-67,-10,-417,35,-4031
3088445025,9607,-5,-60,-10,-597,15,-4265
3088446025,9609,-5,-47,-5,-588,108,-4302
3088447025,9612,-2,-36,-12,-443,132,-4220
3088448025,9614,-2,-17,-13,-421,224,-4232
3088449025,9617,7,-5,-17,-368,140,-4205
3088450025,9620,8,2,-22,-362,45,-4247
3088451025,9622,6,19,-27,-211,-121,-4210
3088452025,9625,5,27,-23,-20,-120,-4157
3088453025,9627,4,34,-36,143,-130,-4092
3088454025,9630,20,43,-32,403,-24,-3872
3088455025,9632,5,42,-35,470,-59,-3845
3088456025,9635,6,37,-42,502,151,-3953
3088457025,9638,9,25,-40,739,204,-3899
3088458025,9640,6,-3,-43,754,65,-3858
3088459025,9643,11,-15,-37,660,43,-3877
3088460025,9646,12,-32,-31,349,76,-3978
3088461025,9649,28,-57,-29,239,-65,-3924
3088462025,9652,0,-62,-22,113,-177,-3919
3088463025,9654,-1,-76,-16,-222,-19,-4149
3088464025,9657,5,-76,-9,-316,96,-4173
3088465025,9660,-3,-82,-16,-393,-7,-4149
3088466025,9663,2,-69,-11,-690,83,-4339
3088467025,9665,5,-44,-9,-703,245,-4394
3088468025,9668,7,-27,-12,-685,261,-4370
3088469025,9670,18,-13,-18,-543,197,-4257
3088470025,9672,12,7,-22,-313,87,-4264
3088471025,9675,13,6,-31,-224,-29,-4311
3088472025,9677,18,16,-35,-122,-87,-4160
3088473025,9679,14,22,-32,-70,-101,-4099
3088474025,9682,14,29,-40,-37,-40,-3977
3088475025,9684,21,35,-34,306,94,-3904
3088476025,9686,8,31,-37,580,161,-3965
3088477025,9688,12,24,-39,459,324,-3977
3088478025,9690,25,10,-36,629,356,-3942
3088479025,9693,19,2,-24,507,203,-3772
3088480025,9695,25,-19,-16,467,116,-3804
3088481025,9697,19,-30,-10,379,81,-3881
3088482025,9700,25,-38,-7,374,4,-3866
3088483025,9702,11,-57,2,302,-154,-3871
3088484025,9705,7,-69,4,-97,-95,-4043
3088485025,9707,6,-80,5,-159,-131,-3967
3088486025,9710,-2,-79,6,-475,-107,-4088
3088487025,9712,8,-73,4,-508,-19,-4202
3088488025,9715,8,-55,4,-502,78,-4333
3088489025,9717,5,-30,-9,-490,123,-4386
3088490025,9720,15,-25,-12,-490,189,-4325
3088491025,9722,14,-17,-12,-379,114,-4274
3088492025,9725,17,5,-18,-272,-183,-4266
3088493025,9727,7,17,-26,-106,-281,-4373
3088494025,9730,5,26,-34,187,-198,-4302
3088495025,9732,6,14,-42,255,-87,-4060
3088496025,9735,5,9,-44,221,-30,-3945
3088497025,9737,9,4,-45,189,62,-3828
3088498025,9740,6,-7,-55,115,103,-3861
3088499025,9742,12,-8,-46,251,270,-3888
3088500025,9745,13,-13,-40,317,329,-3925
3088501025,9748,17,-15,-35,187,444,-4165
3088502025,9751,36,-30,-26,250,415,-3997
3088503025,9753,28,-40,-19,132,143,-3839
3088504025,9756,19,-47,-6,-13,-64,-4024
3088505025,9759,16,-44,-3,4,-132,-4053
3088506025,9762,2,-53,-3,-63,-184,-3992
3088507025,9765,-1,-60,6,-227,-103,-4033
3088508025,9768,-4,-52,6,-313,-30,-4007
3088509025,9771,-10,-52,2,-377,87,-4158
3088510025,9774,-6,-25,2,-356,154,-4215
3088511025,9777,-3,-19,-7,-147,150,-4295
3088512025,9780,4,-14,-25,-42,96,-4356
3088513027,9783,16,0,-34,-15,100,-4387
3088514025,9785,19,13,-32,63,61,-4397
3088515025,9788,26,26,-32,101,-64,-4363
3088516025,9791,27,22,-39,317,-120,-4043
3088517025,9793,16,21,-43,419,-221,-3916
3088518025,9796,9,11,-38,470,-162,-4066
3088519025,9799,9,1,-39,464,-71,-4026
3088520025,9801,13,-27,-41,467,34,-3760
3088521025,9804,10,-52,-36,252,44,-3643
3088522025,9806,6,-66,-36,-81,76,-3804
3088523025,9809,3,-72,-29,-145,75,-3839
3088524025,9811,3,-73,-26,-170,126,-3864
3088525025,9814,11,-76,-24,-339,146,-4140
3088526025,9816,15,-74,-23,-413,172,-4252
3088527025,9819,9,-56,-23,-585,149,-4258
3088528025,9821,11,-46,-17,-616,140,-4253
3088529025,9824,6,-19,-9,-501,74,-4310
3088530025,9826,-2,-8,-11,-414,91,-4294
3088531025,9828,7,-4,-9,-354,184,-4208
3088532025,9831,10,11,-8,-353,199,-4164
3088533025,9833,18,28,-3,-172,155,-4229
3088534025,9836,3,59,-3,200,18,-4336
3088535025,9838,14,54,-13,600,-42,-4388
3088536025,9840,15,50,-17,908,-101,-4115
3088537025,9843,15,38,-22,877,-95,-3979
3088538025,9845,17,21,-31,740,-100,-3955
3088539025,9847,11,14,-31,673,-87,-3888
3088540025,9850,24,-18,-31,610,-1,-3673
3088541025,9852,21,-25,-31,532,-35,-3615
3088542025,9855,11,-50,-33,390,-74,-3713
3088543025,9858,18,-80,-23,60,-10,-3968
3088544025,9860,12,-103,-18,-41,9,-3928
3088545025,9863,-2,-103,-15,-399,-23,-3960
3088546025,9865,3,-97,-12,-564,14,-4211
3088547025,9868,-5,-79,-11,-588,11,-4406
3088548025,9870,-7,-60,-5,-627,150,-4434
3088549025,9873,3,-44,-4,-646,300,-4380
3088550025,9876,-2,-17,-9,-574,181,-4308
3088551025,9878,4,-6,-4,-547,163,-4320
3088552025,9881,7,10,-4,-415,153,-4366
3088553025,9883,14,21,-6,-224,95,-4288
3088554025,9886,19,28,-1,-168,22,-4214
3088555025,9888,23,36,-2,-30,57,-4140
3088556025,9891,10,48,-1,244,-90,-4080
3088557025,9894,17,47,-6,455,-85,-4107
3088558025,9896,10,48,-16,847,-114,-3932
3088559025,9899,7,19,-26,866,-107,-3966
3088560025,9902,6,9,-35,834,-60,-3930
3088561025,9904,13,-4,-43,702,-13,-3769
3088562025,9907,14,-30,-53,669,-30,-3657
3088563025,9909,5,-51,-59,346,33,-3750
3088564025,9912,15,-63,-54,233,65,-3859
3088565025,9915,16,-85,-56,4,21,-3889
3088566025,9917,1,-84,-50,-337,27,-4035
3088567025,9920,10,-87,-38,-531,159,-4299
3088568025,9923,4,-68,-32,-544,134,-4252
3088569025,9926,-4,-61,-27,-611,110,-4272
3088570025,9928,1,-45,-23,-698,203,-4367
3088571025,9931,-6,-18,-20,-566,165,-4385
3088572025,9934,5,2,-14,-518,190,-4362
3088573025,9936,-4,11,-8,-372,289,-4324
3088574025,9939,4,37,-5,-307,291,-4278
3088575025,9942,11,50,0,57,174,-4095
3088576025,9944,10,43,5,284,109,-3980
3088577025,9947,26,27,8,489,-96,-4093
3088578025,9950,22,27,10,433,-162,-4086
3088579025,9953,11,22,1,628,-400,-4093
3088580025,9955,9,10,-6,837,-437,-3961
3088581025,9958,10,-19,-21,831,-312,-3840
3088582025,9960,11,-46,-37,514,-194,-3983
3088583025,9963,11,-49,-44,349,-85,-4000
3088584025,9965,13,-44,-62,27,61,-3967
3088585025,9968,11,-41,-65,-79,141,-4037
3088586025,9970,18,-48,-75,-117,118,-4033
3088587025,9972,15,-47,-70,-161,68,-4050
3088588025,9974,7,-43,-66,-492,81,-4202
3088589025,9977,14,-34,-54,-695,170,-4289
3088590025,9979,4,-14,-41,-621,212,-4221
3088591025,9981,-3,3,-28,-401,231,-4257
3088592025,9984,-1,2,-32,-386,198,-4248
3088593025,9986,0,9,-16,-210,230,-4272
3088594025,9989,12,17,-3,-264,263,-4190
3088595025,9991,11,33,1,-181,336,-4132
3088596025,9994,9,44,6,13,339,-4101
3088597025,9996,11,36,6,340,296,-3930
3088598025,9999,18,24,16,358,74,-3945
3088599025,10002,19,12,19,497,-232,-3982
3088600025,10005,4,6,16,480,-432,-4094
3088601025,10007,2,2,14,539,-489,-4133
3088602025,10010,4,-14,4,709,-500,-3981
3088603025,10013,0,-37,-15,549,-311,-3973
3088604025,10015,11,-51,-29,219,-89,-3980
3088605025,10018,11,-54,-40,-39,61,-3984
3088606025,10020,4,-44,-52,-93,100,-4031
3088607025,10023,13,-42,-56,-164,189,-4130
3088608025,10025,20,-37,-61,-224,120,-4123
3088609025,10028,19,-35,-55,-461,65,-4127
3088610025,10030,19,-36,-65,-529,47,-4122
3088611025,10033,15,-17,-48,-535,41,-4138
3088612025,10035,1,-9,-34,-473,123,-4257
3088613025,10038,6,-2,-27,-339,195,-4241
3088614025,10040,-1,6,-15,-132,217,-4169
3088615025,10043,11,8,-11,-392,335,-4096
3088616025,10045,13,11,-4,-102,372,-4076
3088617025,10048,16,24,6,-3,319,-4061
3088618025,10050,16,29,2,327,177,-3974
3088619025,10053,8,32,6,333,83,-4075
3088620025,10055,14,24,3,557,-102,-4172
3088621025,10058,6,12,-1,507,-102,-4045
3088622025,10061,18,2,-5,544,-174,-3966
3088623025,10063,10,-9,-12,493,-285,-3935
3088624025,10066,6,-21,-18,437,-258,-3916
3088625025,10068,2,-41,-25,377,-96,-3914
3088626025,10071,7,-60,-32,104,-29,-3979
3088627025,10073,15,-68,-43,-119,-28,-4111
3088628025,10076,15,-61,-43,-283,-2,-4096
3088629025,10078,15,-55,-50,-345,73,-4064
3088630025,10080,12,-52,-45,-513,155,-4174
3088631025,10083,23,-43,-45,-466,172,-4279
3088632025,10085,17,-33,-37,-502,60,-4301
3088633025,10088,16,-26,-34,-537,10,-4296
3088634025,10090,7,-17,-31,-465,-58,-4269
3088635025,10093,11,5,-22,-415,23,-4234
3088636025,10095,2,25,-13,-201,181,-4210
3088637025,10098,10,33,-8,21,247,-4209
3088638025,10100,14,49,-3,153,242,-4137
3088639025,10103,12,42,-7,433,94,-4013
3088640025,10106,15,39,-8,668,24,-4054
3088641025,10108,16,19,-11,709,-158,-4057
3088642025,10111,18,10,-14,680,-216,-3970
3088643025,10114,15,-9,-19,528,-171,-3744
3088644025,10116,9,-20,-24,342,-116,-3758
3088645025,10119,15,-37,-27,318,-88,-3847
3088646025,10122,13,-58,-31,230,-25,-3768
3088647025,10124,5,-68,-41,156,3,-3763
3088648025,10127,8,-78,-43,-147,64,-3949
3088649025,10130,13,-77,-42,-384,87,-4223
3088650025,10132,7,-67,-38,-456,173,-4184
3088651025,10135,9,-63,-36,-601,206,-4316
3088652025,10137,17,-48,-29,-670,173,-4389
3088653025,10140,14,-31,-28,-661,121,-4236
3088654025,10142,3,-11,-27,-660,88,-4313
3088655025,10145,6,7,-18,-461,130,-4379
3088656025,10147,-5,16,-12,-326,116,-4439
3088657025,10150,11,25,-5,-207,271,-4408
3088658025,10153,14,33,-4,70,295,-4145
3088659025,10155,21,41,3,155,142,-4291
3088660025,10158,25,37,0,484,104,-4058
3088661025,10160,18,32,5,642,-101,-4106
3088662025,10163,16,15,-2,739,-137,-4118
3088663025,10165,19,-13,-10,646,-169,-3824
3088664025,10168,20,-22,-10,482,-268,-3636
3088665025,10171,7,-35,-16,489,-305,-3615
3088666025,10173,-4,-56,-26,372,-212,-3596
3088667025,10176,6,-74,-32,50,-119,-3717
3088668025,10178,-4,-85,-33,-104,78,-3598
3088669025,10181,-5,-87,-38,-545,166,-3852
3088670025,10183,9,-74,-27,-530,239,-3841
3088671025,10186,6,-55,-33,-698,313,-4050
3088672025,10188,24,-49,-20,-615,233,-4286
3088673025,10191,9,-35,-17,-468,161,-4257
3088674025,10193,8,-22,-21,-490,148,-4335
3088675025,10196,14,-12,-7,-579,208,-4653
3088676025,10198,28,-5,-3,-334,101,-4519
3088677025,10201,26,11,10,-191,169,-4384
3088678025,10203,22,17,20,-108,232,-4568
3088679025,10206,28,22,25,-40,277,-4493
3088680025,10208,35,21,24,386,194,-4205
3088681025,10211,17,21,16,502,-210,-4233
3088682025,10214,18,11,15,742,-313,-4157
3088683025,10216,10,1,1,654,-292,-4150
3088684025,10219,17,-14,-6,630,-317,-3751
3088685025,10221,2,-22,-18,547,-282,-3583
3088686025,10224,0,-41,-20,274,-88,-3694
3088687025,10227,16,-64,-33,268,57,-3507
3088688025,10229,12,-74,-39,229,21,-3274
3088689025,10232,0,-79,-43,-285,-66,-3756
3088690025,10234,16,-82,-43,-375,40,-3982
3088691025,10237,5,-71,-39,-470,71,-3982
3088692025,10240,7,-66,-30,-605,179,-4124
3088693025,10242,5,-58,-25,-691,380,-4175
3088694025,10245,7,-35,-25,-635,345,-4298
3088695025,10248,17,-23,-18,-539,243,-4576
3088696025,10250,12,-9,-10,-247,204,-4624
3088697025,10253,14,1,-7,-369,265,-4653
3088698025,10256,26,0,0,-232,312,-4540
3088699025,10258,20,19,11,-118,270,-4312
3088700025,10261,29,24,18,132,228,-4226
3088701025,10264,28,8,11,105,-12,-4172
3088702025,10267,30,3,16,358,-152,-4121
3088703025,10270,7,5,11,408,-366,-3986
3088704025,10273,15,-1,0,546,-403,-4011
3088705025,10275,2,-13,-25,882,-451,-3822
3088706025,10278,-1,-30,-27,724,-406,-3695
3088707025,10281,8,-48,-48,365,-203,-3779
3088708025,10283,10,-53,-65,-13,0,-3671
3088709025,10286,14,-56,-70,-313,112,-3817
3088710025,10289,15,-55,-73,-333,210,-3864
3088711025,10291,10,-49,-72,-317,193,-3932
3088712025,10294,18,-55,-68,-491,128,-4118
3088713025,10297,7,-34,-54,-518,105,-4227
3088714025,10299,6,-26,-44,-567,101,-4354
3088715025,10302,6,-14,-33,-449,102,-4398
3088716025,10305,0,5,-20,-280,286,-4384
3088717025,10308,15,5,-9,-199,414,-4366
3088718025,10311,17,15,-3,-61,380,-4223
3088719025,10314,22,18,3,8,212,-4281
3088720027,10317,26,14,10,10,95,-4419
3088721025,10319,28,1,11,205,-74,-4152
3088722025,10322,28,-10,11,293,-293,-3950
3088723025,10325,3,-1,5,234,-413,-3880
3088724025,10328,0,-8,-7,207,-399,-4110
3088725025,10331,12,-18,-19,543,-435,-4055
3088726025,10334,4,-23,-32,372,-374,-3903
3088727025,10337,-4,-34,-60,220,-237,-3837
3088728025,10340,3,-20,-69,-60,-76,-4080
3088729025,10342,8,-21,-76,79,8,-3986
3088730025,10345,10,-25,-87,59,127,-4021
3088731025,10348,6,-32,-92,-166,170,-4086
3088732025,10350,16,-39,-83,-425,318,-4038
3088733025,10353,19,-28,-78,-681,123,-4222
3088734025,10356,9,-19,-64,-488,12,-4181
3088735025,10358,-5,-9,-44,-322,123,-4165
3088736025,10361,-1,-1,-32,-63,218,-4280
3088737025,10364,6,1,-21,-127,245,-4319
3088738025,10367,9,-2,-15,-162,237,-4300
3088739025,10370,5,11,-9,-147,278,-4033
3088740025,10373,10,18,1,-96,290,-4066
3088741025,10376,19,3,4,124,147,-4075
3088742025,10379,19,-8,4,348,-33,-4019
3088743025,10381,8,-15,-5,305,-236,-4018
3088744025,10384,9,-5,-5,223,-347,-4193
3088745025,10387,2,-10,-21,502,-499,-4002
3088746025,10390,-2,-24,-26,368,-367,-3817
3088747025,10393,2,-21,-38,283,-273,-3880
3088748025,10395,-11,-27,-50,70,-83,-3937
3088749025,10398,7,-31,-60,-96,65,-4046
3088750025,10401,13,-27,-71,-3,129,-4027
3088751025,10403,12,-28,-73,-143,92,-4027
3088752025,10406,11,-34,-69,-292,132,-4244
3088753025,10408,16,-34,-67,-161,90,-4164
3088754025,10411,6,-30,-56,-572,59,-4279
3088755025,10414,11,-8,-39,-462,252,-4242
3088756025,10417,8,3,-30,-438,253,-4254
3088757025,10419,15,8,-20,-353,233,-4232
3088758025,10422,6,20,-11,-123,293,-4153
3088759025,10425,12,17,-7,-25,226,-4235
3088760025,10428,13,29,5,61,173,-4267
3088761025,10431,13,28,7,119,151,-4312
3088762025,10434,23,19,6,324,-49,-4113
3088763025,10437,11,23,0,490,-168,-3765
3088764025,10440,-1,13,-7,470,-252,-3914
3088765025,10443,6,-6,-17,416,-80,-3978
3088766025,10445,8,-11,-22,319,-50,-3879
3088767025,10448,5,-32,-33,210,-172,-3687
3088768025,10451,0,-43,-34,-65,39,-3695
3088769025,10453,3,-42,-43,-111,56,-3942
3088770025,10456,13,-50,-41,-98,1,-3945
3088771025,10459,9,-54,-43,-271,-7,-4042
3088772025,10461,-4,-45,-35,-363,140,-4126
3088773025,10464,2,-34,-36,-560,250,-4343
3088774025,10466,15,-10,-24,-336,229,-4247
3088775025,10469,9,-1,-23,-164,316,-4207
3088776025,10471,7,18,-13,-303,386,-4729
3088777025,10474,35,16,-7,100,392,-4437
3088778025,10477,32,17,-12,157,43,-4314
3088779025,10479,29,16,-8,181,-142,-4190
3088780025,10482,18,18,-12,365,-221,-4165
3088781025,10484,8,16,-15,376,-268,-4168
3088782025,10487,15,8,-18,445,-340,-3977
3088783025,10490,-1,-5,-30,452,-208,-3689
3088784025,10492,-1,-11,-29,358,-152,-3600
3088785025,10495,-5,-27,-40,328,44,-3600
3088786025,10498,2,-47,-52,224,75,-3721
3088787025,10500,7,-70,-55,10,101,-3853
3088788025,10503,10,-65,-56,-91,98,-3925
3088789025,10506,17,-68,-48,-262,80,-3904
3088790025,10509,22,-55,-43,-504,181,-4036
3088791025,10511,9,-50,-32,-521,145,-4088
3088792025,10514,7,-29,-16,-514,247,-4287
3088793025,10517,2,-15,-14,-425,145,-4418
3088794025,10520,7,-5,-4,-200,163,-4558
3088795025,10523,11,4,11,-146,306,-4436
3088796025,10527,18,13,13,-44,314,-4212
3088797025,10530,17,17,18,128,19,-4284
3088798025,10533,9,26,18,229,-123,-4299
3088799025,10536,12,10,16,398,-199,-4233
3088800025,10539,14,5,7,562,-228,-4087
3088801025,10542,2,-3,-4,521,-381,-3842
3088802025,10545,-1,-14,-15,457,-385,-3819
3088803025,10548,-8,-15,-21,442,-248,-3792
3088804025,10551,-1,-33,-35,483,-50,-3752
3088805025,10554,2,-47,-41,107,329,-3783
3088806025,10556,31,-68,-48,-113,310,-3999
3088807025,10559,42,-87,-49,60,194,-3710
3088808025,10562,18,-81,-50,-354,106,-3838
3088809025,10565,20,-79,-40,-661,71,-4384
3088810025,10567,6,-69,-35,-584,-148,-4049
3088811025,10570,-3,-52,-30,-630,-58,-3935
3088812025,10573,-9,-10,-12,-946,237,-4486
3088813025,10575,2,11,-6,-425,413,-4526
3088814025,10578,11,25,8,-93,612,-4255
3088815025,10581,26,26,6,61,612,-4309
3088816025,10583,27,30,9,117,469,-4406
3088817025,10586,41,14,6,335,100,-4305
3088818025,10588,33,18,5,298,-296,-4091
3088819025,10591,29,16,4,308,-505,-4187
3088820025,10594,18,23,-7,476,-643,-4147
3088821025,10596,2,17,-9,654,-521,-3934
3088822025,10599,-6,-1,-21,658,-212,-3849
3088823025,10601,1,-37,-38,434,48,-3653
3088824025,10604,4,-49,-51,173,82,-3664
3088825025,10606,11,-53,-53,53,65,-3720
3088826025,10609,14,-72,-52,-121,164,-3836
3088827025,10611,19,-71,-44,-373,210,-3800
3088828025,10614,12,-69,-32,-503,45,-3906
3088829025,10616,8,-58,-24,-482,-62,-4207
3088830025,10619,-2,-26,-11,-482,66,-4341
3088831025,10622,5,-20,-1,-290,102,-4379
3088832025,10624,-3,-6,2,-227,230,-4315
3088833025,10627,6,12,12,-248,470,-4397
3088834025,10630,18,16,22,-241,440,-4397
3088835025,10633,26,26,23,177,203,-4312
3088836025,10635,24,18,26,152,219,-4421
3088837025,10638,47,-5,23,251,44,-4166
3088838025,10641,38,-8,16,517,-233,-3826
3088839025,10643,12,-5,7,332,-529,-3939
3088840025,10646,15,-2,-2,441,-570,-4207
3088841025,10649,4,-10,-23,875,-591,-3977
3088842025,10651,-3,-30,-42,611,-391,-3979
3088843025,10654,4,-38,-51,382,-213,-3937
3088844025,10656,0,-38,-71,134,203,-3667
3088845025,10658,7,-40,-74,-200,337,-3823
3088846025,10661,18,-37,-70,-216,451,-3829
3088847025,10663,15,-37,-73,-225,346,-4077
3088848025,10666,23,-31,-58,-440,406,-4133
3088849025,10668,18,-13,-40,-351,422,-4518
3088850025,10671,31,-1,-26,-521,277,-4658
3088851025,10674,27,7,-4,-16,95,-4118
3088852025,10677,14,15,2,26,58,-4110
3088853025,10680,5,22,14,-218,178,-4641
3088854025,10683,27,26,23,-85,259,-4415
3088855025,10686,18,29,27,42,-10,-4007
3088856025,10688,14,29,32,178,44,-3773
3088857025,10691,7,27,31,132,74,-3932
3088858025,10694,30,10,24,293,-62,-4022
3088859025,10697,14,3,19,291,-224,-4106
3088860025,10700,19,2,1,466,-351,-3883
3088861025,10703,10,0,-4,411,-361,-4072
3088862025,10705,9,-2,-28,272,-362,-4293
3088863025,10708,29,-15,-48,320,-368,-4095
3088864025,10710,7,0,-59,25,-196,-4096
3088865025,10713,12,12,-63,-58,144,-4146
3088866025,10715,23,11,-70,20,261,-4096
3088867025,10718,24,8,-86,137,306,-3951
3088868025,10720,22,-11,-93,-148,271,-3995
3088869025,10722,36,-9,-74,-536,296,-4382
3088870025,10725,29,16,-61,-301,178,-4343
3088871025,10727,11,32,-51,-213,257,-4119
3088872025,10730,17,40,-29,121,387,-4083
3088873025,10732,8,27,-14,312,294,-4038
3088874025,10735,18,15,-5,151,118,-4105
3088875025,10737,8,10,-3,182,33,-4150
3088876025,10740,0,12,13,90,37,-4031
3088877025,10742,6,24,19,209,98,-3864
3088878025,10745,9,4,17,369,-63,-3830
3088879025,10748,8,-7,10,398,-202,-3876
3088880025,10750,9,-8,5,312,-251,-3927
3088881025,10753,2,-11,-16,324,-192,-4161
3088882025,10755,17,-9,-34,407,-307,-4303
3088883025,10758,17,-12,-46,473,-283,-4087
3088884025,10760,7,-6,-50,355,-231,-4148
3088885025,10762,17,-3,-65,-26,9,-4234
3088886025,10765,22,6,-72,82,49,-4080
3088887025,10767,12,-1,-72,63,-11,-4089
3088888025,10769,11,-11,-69,26,21,-4167
3088889025,10772,11,-7,-56,-93,63,-4149
3088890025,10774,8,-12,-53,-37,99,-4185
3088891025,10776,5,5,-36,-28,49,-4030
3088892025,10779,-5,9,-27,4,245,-4090
3088893025,10781,2,7,-21,113,303,-4180
3088894025,10784,4,7,-13,219,244,-4161
3088895025,10787,5,7,-10,52,166,-4173
3088896025,10789,9,14,4,128,143,-4117
3088897025,10792,10,16,10,228,108,-3909
3088898025,10794,12,17,16,270,19,-3885
3088899025,10797,4,8,14,344,-220,-3948
3088900025,10799,-4,-3,12,282,-208,-3999
3088901025,10802,-5,-3,3,334,-175,-4028
3088902025,10804,-7,-5,-11,416,-275,-4135
3088903025,10807,-12,-10,-17,412,-280,-4131
3088904025,10809,2,-7,-33,395,-157,-4095
3088905025,10811,-3,-6,-50,262,14,-4214
3088906025,10813,13,-12,-62,110,261,-4137
3088907025,10815,21,-5,-67,65,300,-4088
3088908025,10817,26,0,-72,-6,226,-4038
3088909025,10819,27,-9,-76,-55,146,-4124
3088910025,10821,23,-10,-59,-80,87,-4100
3088911025,10823,13,-9,-52,-107,-34,-4095
3088912025,10825,12,-2,-41,-183,-34,-4136
3088913025,10827,5,-1,-30,214,84,-4239
3088914025,10829,-3,4,-25,62,146,-4172
3088915025,10831,0,22,-8,-74,421,-4215
3088916025,10833,6,14,2,56,446,-4160
3088917025,10835,14,20,12,123,351,-4029
3088918025,10837,16,30,19,250,97,-4070
3088919025,10840,11,22,16,347,-137,-4088
3088920025,10842,8,14,19,389,-222,-3929
3088921025,10844,11,9,19,379,-267,-3884
3088922025,10846,6,0,17,385,-399,-3873
3088923025,10848,-7,3,8,395,-375,-3978
3088924025,10850,-5,1,0,486,-186,-4035
3088925025,10852,-3,-7,-13,503,-132,-3932
3088926025,10854,-10,-19,-31,365,-92,-3992
3088927025,10856,7,-26,-42,119,30,-4128
3088928025,10858,10,-12,-49,86,111,-4196
3088929025,10860,14,-18,-56,-7,207,-4164
3088930025,10862,28,-16,-50,-36,239,-4102
3088931025,10864,25,-12,-53,-77,124,-4007
3088932025,10866,13,-16,-48,-190,-11,-4187
3088933025,10868,13,-17,-31,-172,2,-4309
3088934025,10870,9,-10,-24,-124,56,-4091
3088935025,10872,-3,-13,-23,-117,86,-4071
3088936025,10874,-5,-8,-10,-137,168,-4167
3088937025,10876,-8,-12,-13,-156,254,-4101
3088938025,10878,16,-1,-5,-206,256,-4055
3088939025,10880,-3,4,3,4,234,-4092
3088940025,10882,-1,16,11,-112,411,-4196
3088941025,10884,22,14,9,132,331,-4094
3088942025,10886,25,22,18,206,49,-3948
3088943025,10888,16,20,33,261,-170,-4132
3088944026,10891,11,25,27,335,-133,-4146
3088945025,10893,2,28,30,513,-254,-4070
3088946026,10895,7,11,27,664,-320,-3960
3088947027,10897,0,-4,21,645,-294,-3875
3088948025,10899,0,-10,15,562,-241,-3899
3088949025,10901,-1,-24,0,441,-148,-3938
3088950025,10903,1,-34,-18,345,-36,-3896
3088951025,10905,6,-46,-31,138,32,-3914
3088952025,10907,14,-45,-41,9,96,-4027
3088953025,10908,9,-41,-44,-50,92,-4126
3088954025,10910,22,-34,-51,-86,128,-4281
3088955025,10912,21,-20,-48,-85,132,-4319
3088956025,10913,15,-19,-51,-91,53,-4216
3088957025,10915,19,-26,-46,-208,26,-4159
3088958025,10916,5,-13,-37,-273,65,-4225
3088959025,10918,2,-13,-27,-299,190,-4200
3088960025,10920,6,-3,-20,-228,260,-4017
3088961025,10922,3,-4,-7,-201,255,-4004
3088962025,10923,2,-6,-12,-226,237,-4044
3088963025,10925,-1,4,0,18,224,-4174
3088964025,10927,7,2,7,-26,216,-4161
3088965025,10929,8,23,20,-24,376,-4231
3088966025,10931,20,27,30,177,301,-4208
3088967025,10932,22,28,37,275,178,-4076
3088968025,10934,21,27,47,397,-54,-3994
3088969025,10936,15,25,55,434,-270,-4050
3088970025,10938,5,12,54,506,-410,-4025
3088971025,10940,-3,15,61,619,-450,-4032
3088972025,10942,-2,-11,53,638,-410,-3960
3088973025,10944,-8,-31,44,453,-236,-3787
3088974025,10946,-5,-38,33,281,-225,-3826
3088975025,10948,-8,-32,13,270,-276,-4023
3088976025,10949,-1,-31,8,274,-241,-4151
3088977025,10951,2,-40,-23,280,-121,-4233
3088978025,10953,18,-44,-40,195,-47,-4078
3088979025,10954,22,-43,-55,-67,-23,-4129
3088980025,10956,19,-32,-57,-194,5,-4214
3088981025,10957,13,-16,-62,-220,145,-4253
3088982025,10958,18,-10,-67,-130,185,-4162
3088983025,10960,27,-22,-64,-164,194,-4118
3088984025,10961,17,-22,-58,-306,224,-4068
3088985025,10963,16,-14,-44,-356,210,-4102
3088986025,10964,10,-9,-39,-362,200,-4169
3088987025,10966,2,-2,-29,-161,265,-4122
3088988025,10967,2,-13,-19,-126,363,-4068
3088989025,10969,4,-14,-20,-220,371,-4053
3088990025,10971,0,-9,-11,-287,325,-4052
3088991025,10972,1,-8,-11,-423,317,-4096
3088992025,10974,14,16,10,-240,353,-4181
3088993025,10976,8,19,25,170,402,-4322
3088994025,10977,16,25,31,92,430,-4296
3088995025,10979,29,32,47,302,315,-4273
3088996025,10981,16,41,62,463,124,-4107
3088997025,10983,18,38,79,604,-166,-4074
3088998025,10985,12,20,88,659,-355,-3897
3088999025,10987,4,6,89,693,-491,-3813
3089000025,10989,6,-20,82,630,-616,-3690
3089001025,10991,-5,-43,72,500,-607,-3696
3089002025,10992,-3,-64,50,210,-487,-3770
3089003025,10994,-5,-70,43,221,-431,-3839
3089004025,10996,-1,-70,23,-52,-302,-4008
3089005025,10997,12,-65,-8,-79,-128,-4164
3089006025,10998,19,-50,-28,-123,-63,-4347
3089007025,10999,27,-47,-45,-263,-45,-4420
3089008025,11001,27,-39,-48,-308,-53,-4411
3089009025,11002,16,-19,-58,-402,-123,-4362
3089010025,11003,10,6,-67,-349,-150,-4431
3089011025,11004,11,19,-72,-154,-26,-4355
3089012025,11005,6,16,-66,-75,84,-4231
3089013025,11006,4,9,-70,-119,260,-4031
3089014025,11007,6,12,-67,-258,427,-3931
3089015025,11008,3,12,-58,-195,535,-3879
3089016025,11009,3,20,-49,-54,561,-3869
3089017025,11011,5,11,-44,3,561,-3895
3089018025,11012,21,-11,-38,-75,510,-3886
3089019025,11014,16,-16,-28,-208,325,-3918
3089020025,11015,-1,-7,-15,125,214,-4096
3089021025,11017,12,11,6,32,56,-4242
3089022025,11019,-11,21,16,441,227,-4543
3089023025,11021,2,14,35,394,315,-4371
3089024025,11023,4,23,52,495,376,-4039
3089025025,11025,2,25,66,424,78,-4169
3089026025,11028,8,26,74,312,-140,-4163
3089027025,11030,4,9,79,524,-353,-4030
3089028025,11032,5,-20,73,523,-527,-3883
3089029025,11035,2,-36,64,238,-639,-3921
3089030025,11037,0,-50,59,-9,-677,-3945
3089031025,11039,1,-54,44,-39,-659,-3923
3089032025,11041,3,-52,25,-124,-595,-3958
3089033025,11043,-7,-48,3,-231,-425,-4304
3089034025,11045,12,-46,-22,-225,-303,-4392
3089035025,11046,11,-31,-30,-230,-292,-4343
3089036025,11048,-2,-12,-48,-189,-264,-4361
3089037025,11049,2,2,-71,-31,-217,-4373
3089038025,11051,3,1,-91,1,-116,-4237
3089039025,11052,13,4,-101,-128,59,-4124
3089040025,11053,4,21,-99,-231,197,-4058
3089041025,11054,4,29,-96,-233,409,-3900
3089042025,11055,10,35,-99,-40,500,-3894
3089043025,11056,2,26,-99,145,550,-3909
3089044025,11058,13,15,-98,173,595,-3905
3089045025,11059,10,-2,-89,21,608,-3915
3089046025,11060,14,0,-77,-130,531,-3981
3089047025,11062,6,5,-64,-162,454,-4027
3089048025,11063,-5,11,-48,-49,452,-4127
3089049025,11065,-2,12,-48,31,451,-4152
3089050025,11066,1,-1,-41,267,375,-4214
3089051025,11068,1,7,-33,220,210,-4274
3089052025,11070,-2,14,-18,213,202,-4296
3089053025,11072,5,23,-6,300,208,-4141
3089054025,11074,6,30,5,365,185,-4064
3089055025,11076,8,20,9,437,13,-4067
3089056025,11078,6,11,13,400,-207,-4062
3089057025,11080,12,-10,25,159,-378,-4033
3089058025,11082,11,-19,26,49,-538,-4056
3089059025,11084,4,-8,33,-46,-671,-4125
3089060025,11086,-5,3,41,35,-524,-4223
3089061025,11088,-2,-7,40,243,-333,-4109
3089062025,11090,7,-23,26,179,-314,-4004
3089063025,11092,6,-26,20,39,-371,-4084
3089064025,11093,9,-20,3,-238,-468,-4287
3089065025,11095,4,-2,4,-277,-451,-4327
3089066025,11096,5,6,-2,-163,-328,-4168
3089067025,11098,6,12,-4,-88,-267,-4088
3089068025,11099,5,3,-15,-140,-198,-4076
3089069025,11100,14,11,-17,-202,-136,-4178
3089070025,11101,3,11,-22,-267,-16,-4231
3089071025,11102,7,19,-24,-36,146,-4179
3089072025,11103,-5,37,-30,117,105,-4040
3089073025,11104,4,30,-40,249,217,-3988
3089074025,11105,8,20,-54,399,276,-3892
3089075025,11105,6,17,-58,169,293,-3943
3089076025,11106,4,16,-62,70,305,-4050
3089077025,11107,5,21,-63,-81,455,-3976
3089078025,11108,14,22,-54,-45,543,-3831
3089079025,11108,9,25,-53,92,534,-3869
3089080025,11109,6,19,-50,161,454,-4077
3089081025,11110,11,8,-50,141,432,-4152
3089082025,11112,10,-9,-36,10,381,-4110
3089083025,11113,6,-3,-27,-175,292,-4084
3089084025,11114,1,9,-15,-201,240,-4163
3089085025,11115,-6,12,-12,-47,221,-4248
3089086025,11117,-3,20,1,19,256,-4296
3089087025,11118,4,14,8,62,165,-4286
3089088025,11120,4,25,22,-30,153,-4216
3089089025,11122,2,42,34,149,67,-4150
3089090025,11124,3,46,36,314,27,-4085
3089091025,11126,-3,51,52,574,-149,-4093
3089092025,11128,9,27,48,726,-325,-4047
3089093025,11130,13,0,51,528,-507,-3881
3089094025,11132,4,-10,49,240,-609,-3771
3089095025,11134,2,-16,52,125,-626,-3799
3089096025,11136,1,-14,47,53,-597,-3914
3089097025,11138,3,-34,27,45,-460,-3932
3089098025,11140,3,-54,13,-171,-353,-4022
3089099025,11142,6,-50,3,-337,-345,-4123
3089100025,11143,5,-39,-15,-533,-319,-4382
3089101025,11145,-1,-16,-28,-535,-216,-4512
3089102025,11146,11,1,-38,-367,-1,-4403
3089103025,11148,10,5,-38,-264,58,-4221
3089104025,11149,-6,11,-37,-333,55,-4220
3089105025,11150,1,23,-40,-397,100,-4300
3089106025,11152,4,38,-39,-123,139,-4123
3089107025,11153,0,48,-36,103,185,-4052
3089108025,11154,0,40,-40,225,220,-3986
3089109025,11155,0,26,-47,268,295,-3762
3089110025,11156,4,17,-60,164,321,-3638
3089111025,11157,10,12,-66,26,388,-3756
3089112025,11159,6,8,-70,33,448,-3903
3089113025,11160,2,2,-72,65,468,-3936
3089114025,11161,11,2,-77,71,511,-3901
3089115025,11162,6,7,-69,71,436,-4001
3089116025,11163,2,2,-69,84,274,-4150
3089117025,11164,12,-2,-58,67,163,-4274
3089118025,11165,1,-3,-54,5,213,-4265
3089119025,11167,3,-13,-47,-192,280,-4174
3089120025,11168,3,2,-32,-251,220,-4106
3089121025,11170,-2,14,-29,-67,123,-4174
3089122025,11171,0,13,-28,-81,48,-4181
3089123025,11173,2,12,-18,265,145,-4317
3089124025,11174,0,8,-17,155,-51,-4297
3089125025,11176,2,31,1,21,24,-4146
3089126025,11178,5,42,21,398,-7,-4100
3089127025,11179,5,41,16,442,-111,-3958
3089128025,11181,10,24,21,624,-416,-3992
3089129025,11183,0,-3,22,524,-572,-3942
3089130025,11185,-1,-23,33,175,-624,-3879
3089131025,11187,-3,-29,35,79,-607,-3896
3089132025,11189,-5,-26,35,-44,-526,-3947
3089133025,11191,-7,-20,30,68,-341,-3996
3089134025,11193,-2,-28,20,150,-194,-4061
3089135025,11194,5,-42,7,-39,-167,-4241
3089136025,11196,4,-37,-2,-173,-182,-4335
3089137025,11197,7,-26,-10,-344,-225,-4411
3089138026,11199,9,-6,-13,-299,-156,-4289
3089139025,11200,2,6,-22,-181,-81,-4215
3089140025,11201,-2,8,-22,-103,-69,-4206
3089141025,11202,-1,2,-26,-159,11,-4156
3089142025,11203,1,11,-26,-243,170,-4195
3089143025,11204,6,19,-17,-199,362,-4125
3089144025,11205,5,35,-15,-1,453,-4003
3089145027,11207,0,38,-19,163,454,-3946
3089146025,11207,3,28,-25,403,351,-3947
3089147025,11208,4,19,-37,468,243,-3989
3089148025,11209,-2,9,-45,410,173,-3984
3089149025,11210,-8,16,-43,274,182,-3911
3089150025,11211,-9,14,-57,259,254,-3859
3089151025,11212,2,0,-60,199,426,-3783
3089152025,11213,6,-1,-59,80,552,-3870
3089153025,11214,20,-3,-57,58,548,-4005
3089154025,11215,14,-2,-45,48,500,-4061
3089155025,11216,19,-15,-37,6,320,-4153
3089156025,11217,17,-27,-30,-82,142,-4175
3089157025,11219,8,-31,-18,-261,-6,-4249
3089158025,11220,-1,-19,-7,-341,-79,-4256
3089159025,11221,-1,-9,3,-333,-90,-4274
3089160025,11223,-9,4,8,-192,-120,-4333
3089161025,11224,-8,6,1,110,-148,-4247
3089162025,11226,-4,18,9,-92,-148,-4241
3089163025,11227,-8,21,12,224,-110,-4406
3089164025,11229,4,44,24,-17,22,-4237
3089165025,11230,16,53,34,400,-28,-4024
3089166025,11232,8,49,34,570,-347,-3935
3089167025,11234,16,24,32,725,-642,-3910
3089168025,11236,7,14,39,717,-697,-3858
3089169025,11237,1,-10,35,541,-694,-3736
3089170025,11239,-2,-27,41,270,-526,-3727
3089171025,11241,-6,-31,27,132,-298,-3814
3089172025,11242,-5,-33,33,145,-216,-3876
3089173025,11244,1,-47,17,118,-75,-3984
3089174025,11245,2,-54,5,-89,6,-4166
3089175025,11247,11,-60,-10,-342,-6,-4335
3089176025,11248,6,-37,-17,-485,-72,-4451
3089177025,11249,3,-22,-15,-476,-36,-4519
3089178025,11250,6,-5,-22,-386,146,-4494
3089179025,11251,8,12,-23,-228,276,-4323
3089180025,11252,2,34,-21,-104,222,-4230
3089181025,11253,-2,42,-21,61,190,-4318
3089182025,11254,-7,55,-25,211,182,-4217
3089183025,11255,-5,36,-32,335,295,-3928
3089184025,11256,0,25,-33,299,392,-3737
3089185025,11256,2,18,-35,164,421,-3660
3089186025,11257,7,15,-39,173,417,-3658
3089187025,11258,9,5,-41,171,368,-3681
3089188025,11259,2,1,-47,217,237,-3880
3089189025,11260,2,-8,-56,201,185,-4095
3089190025,11260,4,-15,-50,144,195,-4169
3089191025,11261,1,-13,-55,120,241,-4138
3089192025,11262,7,-11,-48,7,284,-4045
3089193025,11263,6,-14,-44,-88,235,-4124
3089194025,11264,-2,-4,-39,-120,116,-4257
3089195025,11265,0,-4,-34,-99,70,-4335
3089196025,11266,-4,1,-35,-26,-32,-4366
3089197025,11267,-1,13,-35,55,-112,-4275
3089198025,11269,-2,11,-33,142,-207,-4171
3089199025,11270,-7,19,-38,212,-225,-4119
3089200025,11271,-7,18,-33,206,-168,-4118
3089201025,11273,3,13,-37,165,-43,-4055
3089202025,11274,4,-6,-44,-26,27,-3897
3089203025,11275,15,10,-27,-137,11,-3884
3089204025,11277,7,2,-27,32,-19,-3962
3089205025,11278,13,18,-1,-7,52,-4230
3089206025,11280,13,25,25,392,88,-4232
3089207025,11282,21,18,46,430,-28,-4139
3089208025,11283,15,16,60,465,-260,-4235
3089209025,11285,8,15,73,517,-367,-4206
3089210025,11287,1,-4,85,495,-506,-4005
3089211025,11288,-11,-12,89,440,-441,-3822
3089212025,11290,-16,-34,91,341,-329,-3734
3089213025,11291,-12,-45,79,202,-317,-3707
3089214025,11293,-15,-56,71,132,-304,-3758
3089215025,11294,-8,-72,52,-67,-207,-3925
3089216025,11295,-4,-66,40,-322,-32,-4192
3089217025,11295,9,-51,23,-472,45,-4362
3089218025,11296,9,-46,18,-482,112,-4387
3089219025,11296,21,-25,6,-435,130,-4357
3089220025,11296,18,-15,0,-443,77,-4411
3089221025,11296,12,0,-11,-471,55,-4488
3089222025,11296,11,20,-8,-391,155,-4377
3089223025,11296,3,33,-10,-318,234,-4289
3089224025,11296,-4,49,-5,-186,410,-4189
3089225025,11296,0,55,-1,35,586,-4080
3089226025,11296,7,56,6,223,625,-3912
3089227025,11296,2,56,11,288,595,-3844
3089228025,11296,12,39,15,438,467,-3789
3089229025,11296,9,29,24,541,227,-3715
3089230025,11296,11,11,19,575,34,-3656
3089231025,11296,1,-23,14,470,-50,-3564
3089232025,11296,-1,-30,15,308,-3,-3590
3089233025,11297,-2,-48,6,112,-24,-3889
3089234025,11297,-10,-38,1,15,-34,-4148
3089235025,11297,-3,-31,-7,68,88,-4317
3089236025,11298,-8,-28,-13,98,126,-4347
3089237025,11298,5,-16,-32,37,73,-4435
3089238025,11299,9,1,-49,22,-61,-4522
3089239025,11300,8,6,-57,88,-183,-4422
3089240025,11300,6,18,-67,95,-164,-4348
3089241025,11301,6,24,-70,100,-105,-4254
3089242025,11302,10,21,-74,81,-43,-4020
3089243025,11303,6,17,-73,86,-13,-3896
3089244025,11305,11,11,-69,63,16,-3857
3089245025,11306,12,-8,-60,28,63,-3886
3089246025,11308,11,-12,-50,34,61,-3871
3089247025,11310,11,-27,-41,-23,2,-3878
3089248025,11312,7,-29,-28,-80,-115,-4002
3089249025,11314,2,-37,-24,-76,-152,-4132
3089250025,11316,1,-32,-17,-116,-133,-4175
3089251025,11318,-4,-29,-11,-203,-68,-4166
3089252025,11320,-14,-24,-8,-327,-19,-4198
3089253025,11322,-6,-10,-2,-394,55,-4197
3089254025,11325,3,-4,-2,-252,24,-4221
3089255025,11327,0,0,-2,-198,-28,-4250
3089256025,11329,4,14,-7,285,-60,-4345
3089257025,11331,4,14,-7,130,-138,-4301
3089258025,11333,0,33,6,163,22,-4408
3089259025,11335,11,37,-4,247,-14,-4203
3089260025,11337,9,44,-8,570,-19,-3967
3089261025,11339,7,31,-10,644,-147,-3936
3089262025,11340,-1,11,-10,562,-156,-3762
3089263025,11342,12,-14,-7,324,-78,-3579
3089264025,11343,1,-20,-2,241,-2,-3559
3089265025,11344,6,-38,-1,1,50,-3619
3089266025,11345,-3,-45,1,24,23,-3816
3089267025,11346,-2,-54,2,-31,-17,-4042
3089268025,11347,0,-63,-1,-101,-12,-4153
3089269025,11347,4,-68,-2,-329,79,-4330
3089270025,11348,-2,-50,-1,-587,178,-4470
3089271025,11348,5,-24,4,-635,254,-4454
3089272025,11348,6,12,-1,-424,302,-4409
3089273025,11348,1,24,3,-321,317,-4404
3089274025,11348,14,36,10,-162,308,-4401
3089275025,11348,11,41,14,-51,144,-4293
3089276025,11347,13,41,21,19,-14,-4063
3089277025,11347,2,34,30,170,-161,-3808
3089278025,11347,-3,32,29,203,-179,-3734
3089279025,11347,2,-3,28,228,-137,-3731
3089280025,11346,-6,-8,28,114,-17,-3848
3089281025,11346,-7,-13,25,36,101,-3935
3089282025,11346,1,-15,26,55,165,-3962
3089283025,11345,7,-17,21,66,171,-3991
3089284025,11345,7,-18,19,-12,109,-4124
3089285025,11345,6,-18,14,-68,38,-4244
3089286025,11345,10,-13,17,-128,-46,-4270
3089287025,11345,13,-9,16,-140,-68,-4298
3089288025,11345,9,-7,23,-174,-57,-4301
3089289025,11345,6,15,22,165,-2,-4219
3089290025,11346,-12,31,21,205,-166,-4315
3089291025,11347,-9,44,18,361,-163,-4439
3089292025,11347,-2,36,2,730,-141,-4196
3089293025,11348,4,15,-3,468,68,-3890
3089294025,11349,1,14,0,217,165,-3770
3089295025,11350,19,0,-9,61,68,-3650
3089296025,11351,18,-7,-11,136,72,-3675
3089297025,11353,16,-29,-21,157,-7,-3711
3089298025,11354,12,-40,-17,-38,-67,-4096
3089299025,11356,18,-51,-12,-295,13,-4180
3089300025,11357,13,-44,-5,-384,49,-4146
3089301025,11359,2,-41,-2,-432,57,-4104
3089302025,11361,-6,-28,-4,-386,18,-4361
3089303025,11363,-3,-27,-9,-271,-14,-4594
3089304025,11365,-4,-9,-16,-189,-18,-4500
3089305025,11367,-7,0,-17,-192,-11,-4366
3089306025,11369,-5,18,-31,-185,34,-4214
3089307025,11370,-2,32,-41,-70,29,-4138
3089308025,11372,-1,34,-57,98,36,-4027
3089309025,11374,1,25,-64,138,157,-3957
3089310025,11376,7,27,-70,126,232,-3915
3089311025,11377,19,3,-72,33,214,-3818
3089312025,11379,14,-4,-63,-137,129,-3745
3089313025,11380,11,-22,-59,-478,23,-3775
3089314025,11382,-1,-32,-63,-172,42,-3858
3089315025,11384,5,-10,-26,-403,44,-4086
3089316025,11385,-10,-4,-4,43,380,-4533
3089317025,11387,10,-4,15,168,556,-4268
3089318025,11388,-2,2,20,57,234,-3937
3089319025,11389,0,-4,31,-17,58,-4101
3089320025,11391,-2,-1,41,-39,-241,-4201
3089321025,11392,-7,2,48,-45,-302,-4102
3089322025,11393,-3,-5,54,42,-187,-3967
3089323025,11393,-7,5,56,22,-152,-3919
3089324025,11394,3,0,40,159,-241,-3819
3089325025,11395,1,0,28,229,-309,-4036
3089326025,11395,4,-12,13,291,-357,-4175
3089327025,11395,13,-22,4,27,-278,-4174
3089328025,11395,11,-23,-6,-90,-262,-4198
3089329025,11395,15,-23,-4,-391,-133,-4023
3089330025,11395,10,-6,-3,-394,-53,-3986
3089331025,11395,5,3,-4,-257,-12,-4144
3089332025,11395,5,0,-7,-157,-12,-4243
3089333025,11395,3,-14,-8,-71,12,-4246
3089334025,11395,7,-18,-10,-260,62,-4163
3089335025,11394,-2,-2,0,-434,111,-4208
3089336025,11394,-2,18,2,-267,233,-4214
3089337025,11394,0,19,6,-112,334,-4150
3089338025,11394,10,21,4,84,446,-4017
3089339025,11394,12,15,6,70,445,-4029
3089340025,11394,15,20,18,56,244,-4044
3089341025,11395,7,17,29,89,93,-4008
3089342025,11395,3,18,33,144,42,-3966
3089343025,11396,0,-3,33,162,0,-3936
3089344025,11397,-1,-10,37,82,-29,-3999
3089345025,11397,4,-17,31,-4,-36,-4049
3089346025,11398,1,-15,40,-305,14,-4114
3089347025,11399,2,7,19,122,95,-4057
3089348025,11401,3,6,1,307,-3,-4264
3089349025,11402,9,3,-22,728,-201,-4259
3089350025,11403,2,-2,-36,405,-243,-4126
3089351025,11404,10,-14,-49,161,-168,-4229
3089352025,11406,7,10,-55,-49,-1,-4073
3089353025,11407,14,20,-61,77,75,-3910
3089354025,11409,12,7,-70,257,94,-3883
3089355025,11411,12,0,-69,221,61,-3913
3089356025,11413,14,-31,-64,-146,73,-4101
3089357025,11415,15,-22,-56,-421,49,-4115
3089358025,11416,-1,-17,-45,-422,65,-4154
3089359025,11419,-3,-13,-33,-278,146,-4189
3089360025,11421,-6,-15,-35,-196,176,-4186
3089361025,11423,4,-31,-38,-287,137,-4179
3089362025,11425,-1,-19,-29,-456,97,-4200
3089363025,11427,-1,-2,-26,-510,62,-4197
3089364025,11429,-2,6,-19,-420,32,-4189
3089365025,11431,-8,8,-27,-166,-42,-4131
3089366025,11433,1,17,-20,-137,-54,-4123
3089367025,11435,-4,26,-15,130,-8,-4235
3089368025,11437,5,28,-17,323,-16,-4051
3089369025,11438,-8,39,-16,389,-61,-3994
3089370025,11440,4,26,-19,491,-103,-3986
3089371025,11442,-3,35,-17,543,-106,-4014
3089372025,11443,8,17,-17,494,-19,-3906
3089373025,11444,7,8,-12,353,45,-3815
3089374025,11446,14,2,-10,231,42,-3817
3089375025,11447,15,-21,-8,114,17,-3826
3089376025,11448,5,-29,8,-58,-33,-3920
3089377025,11449,0,-39,7,-213,-44,-4101
3089378025,11450,11,-39,8,-296,-70,-4191
3089379025,11450,8,-40,10,-365,-131,-4351
3089380025,11451,7,-32,13,-416,-145,-4382
3089381025,11451,5,-14,15,-415,-1,-4339
3089382025,11451,-2,2,16,-395,132,-4282
3089383025,11451,-1,10,19,-355,168,-4290
3089384025,11451,3,16,15,-234,130,-4235
3089385025,11451,-2,22,12,-189,20,-4172
3089386025,11451,1,19,15,-196,-60,-4072
3089387025,11451,3,23,17,-178,-67,-4041
3089388025,11451,3,24,19,-97,-22,-3972
3089389025,11451,7,25,23,28,67,-3916
3089390025,11451,4,12,21,63,126,-3862
3089391025,11451,10,-6,8,-31,108,-3929
3089392025,11451,5,6,8,-88,74,-4034
3089393025,11451,5,-1,9,-112,60,-4135
3089394025,11451,9,10,9,-67,71,-4118
3089395025,11452,4,10,8,15,124,-4027
3089396025,11452,3,9,5,46,137,-4023
3089397025,11452,5,6,5,-9,122,-4064
3089398025,11453,12,11,4,110,-40,-4160
3089399025,11454,-8,26,-5,294,-196,-4049
3089400025,11455,3,26,-15,465,-53,-4267
3089401025,11455,14,21,-27,795,-98,-4202
3089402025,11457,18,2,-42,658,-114,-3865
3089403025,11458,7,-4,-49,253,-21,-4008
3089404025,11459,15,11,-63,33,174,-3866
3089405025,11460,7,12,-68,106,172,-3974
3089406025,11462,8,10,-61,156,196,-4005
3089407025,11464,14,-20,-56,1,179,-4055
3089408025,11466,15,-24,-50,-358,113,-4125
3089409025,11468,1,-15,-27,-497,40,-4212
3089410025,11470,-3,-12,-21,-416,38,-4236
3089411025,11472,-9,-8,-14,-195,57,-4270
3089412025,11474,-4,-22,-10,-120,63,-4309
3089413025,11477,3,-23,-10,-280,6,-4300
3089414025,11479,1,-16,-10,-425,-55,-4241
3089415025,11482,3,0,-1,-412,-14,-4211
3089416025,11484,1,25,-8,-214,-67,-4167
3089417025,11486,4,27,-7,54,-47,-4151
3089418025,11489,9,29,-8,286,5,-4061
3089419025,11491,3,36,-6,293,-14,-4026
3089420025,11493,8,23,-10,328,-104,-3995
3089421025,11495,2,25,-5,365,-167,-3917
3089422025,11497,-4,21,13,382,-142,-3916
3089423025,11499,0,16,20,433,-88,-3894
3089424025,11501,-8,14,24,409,-96,-3915
3089425025,11503,-2,-1,29,394,-45,-3978
3089426025,11504,-2,-20,35,429,-52,-3952
3089427025,11506,5,-28,27,325,-75,-3933
3089428025,11507,0,-32,23,223,-94,-3996
3089429025,11508,7,-46,16,-40,-102,-4032
3089430025,11509,13,-45,6,-289,-136,-4156
3089431025,11509,11,-38,-3,-429,-91,-4257
3089432025,11509,8,-28,-12,-510,-32,-4315
3089433025,11510,6,-30,-20,-528,-26,-4331
3089434025,11510,14,-27,-29,-566,-12,-4297
3089435025,11510,8,-6,-35,-601,0,-4307
3089436025,11509,7,8,-33,-582,118,-4350
3089437025,11509,-3,27,-34,-364,286,-4211
3089438025,11508,-2,41,-34,-293,376,-4103
3089439025,11508,3,38,-35,-152,363,-4010
3089440025,11508,-6,47,-28,-105,404,-4001
3089441025,11507,4,41,-19,26,335,-3952
3089442025,11507,3,48,-15,144,371,-3864
3089443025,11507,-5,46,-9,352,206,-3876
3089444025,11507,2,35,-8,519,132,-3953
3089445025,11507,3,17,-5,602,139,-3851
3089446025,11507,7,1,-7,351,108,-3873
3089447025,11507,10,-4,-13,219,94,-3887
3089448025,11508,4,0,-4,67,41,-3957
3089449025,11509,6,-7,-4,165,-52,-4162
3089450025,11510,6,-8,-5,245,-41,-4247
3089451025,11511,4,-3,-5,226,-32,-4232
3089452025,11512,7,-19,-5,136,-64,-4152
3089453025,11513,-4,-11,-4,0,-173,-4208
3089454025,11515,-4,-10,-3,-67,-229,-4324
3089455025,11516,0,-3,5,-25,-199,-4323
3089456025,11518,-6,4,0,22,-181,-4260
3089457025,11520,3,3,-3,70,-175,-4138
3089458025,11522,-2,5,-6,94,-190,-4088
3089459025,11524,2,11,-15,181,-221,-4077
3089460025,11526,3,-1,-26,192,-199,-4065
3089461025,11529,6,-5,-36,117,-172,-4009
3089462025,11531,2,-13,-37,-74,-41,-3914
3089463025,11533,-1,-28,-47,-428,5,-3857
3089464025,11535,7,3,-23,-439,50,-3995
3089465025,11538,-7,3,-29,-210,20,-4085
3089466025,11540,-6,16,-8,-49,332,-4309
3089467025,11542,10,14,-1,423,347,-4114
3089468025,11544,1,4,6,248,150,-4083
3089469025,11546,1,-4,20,196,-31,-4152
3089470025,11548,-1,-3,21,187,-69,-4132
3089471025,11550,5,-6,25,94,-57,-3956
3089472025,11552,-8,-2,27,47,86,-3889
3089473025,11553,3,-8,26,84,126,-3918
3089474025,11555,-4,-11,25,139,93,-3923
3089475025,11556,3,-22,13,114,-74,-3978
3089476025,11557,9,-37,-5,-88,-128,-4145
3089477025,11557,7,-29,-10,-329,-122,-4240
3089478025,11558,0,-22,-9,-453,-65,-4249
3089479025,11558,-2,-16,-16,-473,-7,-4201
3089480025,11558,-1,9,-16,-338,84,-4196
3089481025,11558,-5,12,-20,-169,163,-4258
3089482025,11558,3,16,-30,-34,117,-4232
3089483025,11558,-2,28,-25,23,100,-4193
3089484025,11558,-2,25,-30,4,65,-4133
3089485025,11558,0,26,-28,49,90,-3966
3089486025,11557,3,23,-24,56,191,-3870
3089487025,11557,8,12,-24,7,239,-3873
3089488025,11557,6,13,-13,-9,261,-3850
3089489025,11557,7,9,-16,0,180,-3888
3089490025,11556,2,4,-13,24,65,-3995
3089491025,11556,1,-3,-17,76,-29,-4146
3089492025,11556,3,3,-10,59,-21,-4223
3089493025,11556,3,-2,-9,24,35,-4232
3089494025,11557,9,2,-5,39,153,-4164
3089495025,11557,4,11,4,74,216,-4090
3089496025,11558,4,15,8,113,138,-4127
3089497025,11558,4,10,7,131,38,-4156
3089498025,11559,4,12,4,245,-154,-4137
3089499025,11560,5,6,1,302,-316,-4109
3089500025,11562,-5,2,-2,364,-351,-4098
3089501025,11563,-8,-5,-7,397,-241,-4102
3089502025,11564,-5,2,-16,378,-158,-4075
3089503025,11566,-1,-5,-33,346,-35,-4001
3089504025,11567,3,2,-40,280,35,-3971
3089505025,11569,13,-4,-48,201,46,-3988
3089506025,11571,14,-16,-50,77,57,-4014
3089507025,11573,12,-22,-46,-106,73,-4045
3089508025,11575,14,-27,-40,-225,58,-3986
3089509025,11577,9,-23,-31,-285,41,-4078
3089510025,11579,1,-26,-23,-281,6,-4239
3089511025,11581,2,-29,-9,-291,6,-4275
3089512025,11584,-5,-30,-9,-348,7,-4319
3089513025,11586,-7,-21,-1,-453,60,-4251
3089514025,11588,-2,-13,4,-435,110,-4210
3089515025,11590,-7,-4,3,-403,122,-4159
3089516025,11592,-4,-3,-13,-189,58,-4126
3089517025,11594,-3,22,-6,-144,69,-4122
3089518025,11596,-8,43,-9,243,216,-4504
3089519025,11598,14,43,-4,416,220,-4017
3089520025,11600,9,49,-7,539,186,-3911
3089521025,11601,11,33,0,399,31,-3804
3089522025,11603,7,19,2,424,-96,-3867
3089523025,11604,6,9,14,416,-109,-3770
3089524025,11606,7,-2,20,419,-89,-3770
3089525025,11607,-1,-11,24,260,-58,-3851
3089526025,11608,8,-31,30,216,-33,-3933
3089527025,11609,-1,-49,20,113,-139,-3948
3089528025,11609,-4,-53,21,-121,-151,-4134
3089529025,11610,-2,-47,12,-237,-69,-4255
3089530025,11610,-3,-33,-1,-332,12,-4390
3089531025,11610,6,-17,-2,-323,52,-4352
3089532025,11610,3,-16,-6,-314,86,-4298
3089533025,11610,12,2,-3,-386,31,-4254
3089534025,11610,13,0,-8,-383,-6,-4242
3089535025,11610,13,10,-15,-349,-146,-4175
3089536025,11610,1,21,-14,-267,-174,-4163
3089537025,11609,-8,20,-17,-149,-21,-4087
3089538025,11609,-2,18,-8,-143,60,-4076
3089539025,11608,-8,21,-17,-68,222,-3954
3089540025,11608,-1,21,-15,-18,326,-3919
3089541025,11608,-7,30,-5,30,295,-4017
3089542025,11608,1,35,-14,405,97,-4087
3089543025,11608,0,34,-19,434,-79,-4170
3089544025,11608,1,31,-27,578,-49,-4195
3089545025,11608,-1,12,-26,509,103,-3907
3089546025,11608,6,6,-31,289,180,-3885
3089547025,11609,-5,6,-30,222,199,-3845
3089548025,11610,6,-9,-23,159,243,-3760
3089549025,11611,8,-24,-19,25,252,-3842
3089550025,11612,10,-31,-15,-26,97,-4155
3089551025,11613,17,-31,-8,-12,3,-4254
3089552025,11614,7,-24,1,-31,-41,-4253
3089553025,11616,2,-32,1,-47,-111,-4212
3089554025,11617,0,-32,5,-208,-115,-4267
3089555025,11619,-6,-21,6,-296,-89,-4299
3089556025,11621,-3,-16,9,-342,-77,-4262
3089557025,11623,-7,3,5,-231,-74,-4245
3089558025,11625,-5,7,-2,-79,-97,-4226
3089559025,11627,0,14,-8,62,-147,-4176
3089560025,11629,-4,21,-21,167,-247,-4107
3089561025,11631,0,15,-25,151,-227,-4087
3089562025,11634,1,15,-39,136,-165,-4045
3089563025,11636,0,14,-51,185,-63,-3943
3089564025,11638,3,1,-50,109,19,-3829
3089565025,11640,11,-11,-53,-58,103,-3752
3089566025,11642,12,-20,-54,-137,134,-3768
3089567025,11644,11,-39,-57,-576,87,-3810
3089568025,11646,11,-16,-16,-399,318,-4044
3089569025,11647,-4,-21,-13,-23,301,-4660
3089570025,11649,-6,-1,-1,-213,523,-4706
3089571025,11651,19,-3,19,163,489,-4439
3089572025,11653,11,2,32,-105,94,-4054
3089573025,11654,-1,6,37,-80,-141,-4125
3089574025,11656,-12,1,46,-41,-183,-4072
3089575025,11657,-11,0,50,20,-190,-3903
3089576025,11658,-11,-8,53,8,-7,-3803
3089577025,11659,-6,-25,52,-160,45,-3815
3089578025,11660,-1,-20,42,-203,-56,-3857
3089579025,11661,0,-22,36,-178,-127,-3932
3089580025,11661,3,-21,21,-159,-196,-4177
3089581025,11662,7,-24,16,-185,-138,-4315
3089582025,11662,13,-23,3,-268,-138,-4241
3089583025,11662,3,-6,7,-311,-149,-4214
3089584025,11662,-2,11,0,-332,-156,-4229
3089585025,11661,-4,22,1,-210,-96,-4308
3089586025,11661,1,15,-3,-62,10,-4210
3089587025,11661,-1,21,-8,-35,80,-4041
3089588025,11660,-7,21,-6,-60,176,-4013
3089589025,11660,0,26,2,-28,235,-4016
3089590025,11660,3,22,6,108,251,-3978
3089591025,11660,10,22,12,215,268,-3948
3089592025,11660,11,7,16,250,250,-3920
3089593025,11660,14,2,12,184,206,-3878
3089594025,11660,13,-12,17,152,-71,-3886
3089595025,11660,1,-7,11,212,-288,-3931
3089596025,11661,-18,6,4,287,-388,-4347
3089597025,11661,-14,10,-15,575,-110,-4438
3089598025,11662,-11,11,-25,623,-5,-4240
3089599025,11662,0,-1,-41,338,304,-3994
3089600025,11663,2,8,-54,113,373,-3970
3089601025,11664,7,9,-64,138,285,-3974
3089602025,11665,15,11,-60,229,291,-4003
3089603025,11666,24,-1,-61,208,258,-3951
3089604025,11668,28,-30,-52,3,148,-3975
3089605025,11669,23,-33,-32,-227,32,-3946
3089606025,11671,8,-25,-15,-280,-95,-4094
3089607025,11673,-2,-24,-3,-250,-93,-4218
3089608025,11676,-7,-30,7,-200,-9,-4321
3089609025,11678,-5,-38,21,-273,58,-4275
3089610025,11680,-5,-34,18,-420,31,-4212
3089611025,11683,-14,-24,23,-478,-4,-4203
3089612025,11685,-11,-4,15,-443,-40,-4287
3089613027,11688,-5,6,9,-207,-108,-4313
3089614025,11690,-6,15,3,22,-212,-4228
3089615025,11692,1,14,-12,69,-291,-4149
3089616025,11694,-4,21,-13,56,-285,-4100
3089617025,11697,-1,10,-38,77,-335,-3962
3089618025,11699,1,21,-21,-68,-140,-3908
3089619025,11701,-3,27,-11,300,276,-4251
3089620025,11702,3,28,-4,164,429,-4005
3089621025,11704,24,23,4,324,300,-4040
3089622025,11706,24,9,15,301,-17,-3892
3089623025,11708,13,0,24,347,-334,-3954
3089624025,11709,4,-18,33,314,-428,-3911
3089625025,11710,-4,-23,31,255,-424,-3853
3089626025,11711,-15,-45,29,-37,-275,-3767
3089627025,11712,-24,-46,22,-188,-101,-3809
3089628025,11713,-17,-49,16,-234,-36,-3936
3089629025,11713,-18,-39,6,-307,78,-4166
3089630025,11714,-12,-32,-1,-321,225,-4286
3089631025,11714,11,-23,-3,-380,422,-4404
3089632025,11714,18,1,-6,-330,323,-4324
3089633025,11714,15,2,-8,-265,81,-4268
3089634025,11713,19,8,-5,-290,-31,-4256
3089635025,11713,8,18,0,-302,-94,-4305
3089636025,11713,4,23,2,-237,-60,-4283
3089637025,11712,-6,37,13,-92,100,-4165
3089638025,11712,-6,29,13,67,264,-4000
3089639025,11712,-6,34,17,84,311,-3966
3089640025,11712,-4,24,18,173,323,-3929
3089641025,11712,0,19,20,280,243,-3957
3089642025,11711,-11,36,11,615,136,-3984
3089643025,11711,-1,31,9,602,-87,-4157
3089644025,11712,5,18,-8,938,-69,-4217
3089645025,11712,9,10,-11,742,86,-3931
3089646025,11712,13,5,-20,436,208,-3873
3089647025,11713,17,-4,-19,230,215,-3805
3089648025,11713,8,-4,-18,262,171,-3805
3089649025,11714,19,-33,-24,278,102,-3784
3089650025,11715,18,-47,-16,19,23,-4043
3089651025,11716,11,-52,-4,-314,48,-4248
3089652025,11718,1,-46,8,-326,31,-4279
3089653025,11719,-4,-26,14,-227,2,-4268
3089654025,11721,-11,-24,16,-66,-78,-4294
3089655025,11723,-7,-26,15,-101,-91,-4479
3089656025,11725,-3,-19,8,-207,-50,-4486
3089657025,11727,-1,-9,9,-287,-3,-4391
3089658025,11729,3,9,5,-324,74,-4164
3089659025,11731,6,20,-2,-207,2,-4027
3089660025,11733,7,14,-4,-64,-98,-4061
3089661026,11736,5,17,-11,23,-149,-4081
3089662025,11738,11,6,-12,-10,-140,-4043
3089663025,11740,7,-3,-13,-110,-168,-4005
3089664025,11742,7,-4,-7,-170,-218,-3946
3089665025,11744,0,-7,-8,-157,-192,-3918
3089666025,11747,-6,-12,-19,-432,-212,-3919
3089667025,11749,1,9,8,-399,219,-4200
3089668025,11751,-8,4,1,393,317,-4590
3089669025,11753,10,18,6,115,378,-4072
3089670025,11755,16,22,-1,399,236,-3910
3089671025,11756,7,11,1,312,61,-3816
3089672025,11758,5,6,3,183,-196,-4022
3089673025,11759,7,-12,11,12,-135,-4016
3089674025,11761,6,-11,23,89,-30,-3852
3089675025,11762,-2,-5,19,68,39,-3776
3089676025,11763,1,-18,20,97,104,-3926
3089677025,11764,12,-35,11,116,24,-3991
3089678025,11765,8,-47,6,-119,-92,-4173
3089679025,11765,3,-36,0,-390,-32,-4385
3089680025,11766,8,-26,-2,-432,22,-4414
3089681025,11766,9,-11,-9,-363,143,-4251
3089682025,11766,6,3,-12,-264,136,-4127
3089683025,11766,7,0,-19,-318,87,-4199
3089684025,11766,5,11,-19,-398,27,-4307
3089685025,11766,4,16,-21,-357,30,-4312
3089686025,11765,2,25,-16,-212,82,-4222
3089687025,11765,1,40,-12,-46,204,-4098
3089688025,11765,11,37,-3,93,276,-4018
3089689025,11765,5,33,2,135,280,-3962
3089690025,11765,9,40,7,337,208,-3965
3089691025,11765,-1,55,2,690,80,-4032
3089692025,11765,19,32,-13,964,-84,-4105
3089693025,11765,12,3,-29,895,-255,-3775
3089694025,11765,14,-9,-31,649,-181,-3782
3089695025,11765,7,-9,-36,216,-69,-3958
3089696025,11766,10,-1,-37,150,161,-3906
3089697025,11766,1,-6,-35,271,300,-3881
3089698025,11767,8,-20,-40,223,335,-3913
3089699025,11768,17,-41,-34,-64,291,-4154
3089700025,11769,15,-41,-14,-327,109,-4306
3089701025,11770,7,-25,3,-375,-83,-4431
3089702025,11772,0,-17,20,-223,-81,-4393
3089703025,11773,1,-18,25,-130,-81,-4365
3089704025,11775,-5,-18,29,-99,-75,-4276
3089705025,11777,-2,-14,31,-262,-86,-4239
3089706025,11779,-4,2,35,-301,-67,-4210
3089707025,11781,0,17,33,-259,-61,-4175
3089708025,11783,9,22,28,-24,-77,-4125
3089709025,11785,6,21,24,204,-121,-4026
3089710025,11787,11,14,7,291,-219,-3990
3089711025,11789,12,9,-5,279,-280,-3988
3089712025,11791,12,9,-5,274,-273,-3992
3089713025,11793,10,-1,-16,272,-235,-3981
3089714025,11795,2,-1,-22,200,-144,-3947
3089715025,11796,7,-10,-24,82,-45,-3972
3089716025,11798,4,-9,-27,-84,96,-3982
3089717025,11800,-1,-19,-27,-242,140,-3980
3089718025,11802,6,-19,-20,-226,270,-4218
3089719025,11803,4,-13,-10,-60,177,-4315
3089720025,11805,-7,9,-4,-33,387,-4183
3089721025,11806,7,-4,2,81,502,-4174
3089722025,11807,7,6,14,85,407,-4072
3089723025,11808,9,8,22,-26,162,-4207
3089724025,11809,10,14,29,41,84,-4195
3089725025,11810,6,13,37,137,90,-4006
3089726025,11811,9,8,38,183,26,-3928
3089727025,11812,13,-5,44,188,-21,-3829
3089728025,11812,0,-8,41,4,-29,-3920
3089729025,11812,9,-15,30,-69,-55,-4006
3089730025,11812,1,-9,34,-82,-73,-4082
3089731025,11812,8,-11,27,-113,-64,-4183
3089732025,11812,10,-2,18,-119,-11,-4241
3089733025,11811,8,8,18,-101,44,-4187
3089734025,11811,9,19,25,-6,107,-4226
3089735025,11810,1,37,28,78,112,-4246
3089736025,11810,7,46,32,290,96,-4260
3089737025,11809,7,44,39,428,61,-4205
3089738025,11809,11,37,54,470,14,-4055
3089739025,11809,10,35,54,492,-44,-3997
3089740025,11808,15,25,68,494,-97,-3886
3089741025,11808,17,16,74,573,-231,-3837
3089742025,11808,2,9,59,854,-310,-3703
3089743025,11808,-3,-10,44,752,-262,-3881
3089744025,11807,8,-28,32,748,-149,-3960
3089745025,11807,15,-54,10,564,-322,-3879
3089746025,11807,11,-53,-7,59,-225,-4146
3089747025,11807,8,-33,-23,-320,93,-4243
3089748025,11807,14,-18,-21,-224,283,-4235
3089749025,11807,9,5,-30,-106,281,-4268
3089750025,11808,17,-6,-37,-46,287,-4296
3089751025,11808,18,-13,-31,-274,216,-4365
3089752025,11809,15,-5,-17,-490,101,-4329
3089753025,11809,2,5,-10,-498,82,-4266
3089754025,11810,3,16,6,-361,161,-4139
3089755025,11811,-5,16,14,-102,268,-4119
3089756025,11813,2,9,10,138,265,-4057
3089757025,11814,0,8,6,211,169,-4077
3089758025,11816,6,9,0,214,115,-4095
3089759025,11817,12,9,-11,308,67,-4021
3089760025,11819,14,12,-23,380,-19,-3949
3089761025,11820,10,12,-34,376,-79,-3964
3089762025,11822,16,8,-35,361,-35,-3940
3089763025,11823,5,3,-42,269,-1,-3944
3089764025,11825,15,-6,-44,152,8,-3996
3089765025,11827,7,-11,-42,36,5,-4016
3089766025,11829,9,-21,-36,-109,-26,-4044
3089767025,11831,5,-24,-30,-201,-25,-4080
3089768025,11832,-3,-22,-18,-237,1,-4118
3089769025,11834,0,-29,-18,-188,49,-4161
3089770025,11836,-2,-26,-13,-127,38,-4201
3089771025,11838,0,-22,-15,-139,25,-4206
3089772025,11839,4,-27,-16,-270,-35,-4206
3089773025,11841,7,-11,-16,-401,-34,-4194
3089774025,11842,9,4,-12,-351,-4,-4185
3089775025,11843,8,14,-10,-131,-34,-4148
3089776025,11844,6,14,-11,-21,-70,-4110
3089777025,11845,9,5,-16,-11,-108,-4127
3089778025,11846,10,7,-17,13,-97,-4112
3089779025,11847,8,27,-15,32,-202,-4070
3089780025,11848,2,43,-11,488,-65,-4109
3089781025,11848,-5,50,-13,583,14,-4069
3089782025,11849,6,32,-19,987,113,-3851
3089783025,11849,6,12,-27,737,-4,-3906
3089784025,11850,14,8,-29,570,-72,-3899
3089785025,11850,8,5,-31,517,-42,-3774
3089786025,11850,1,-2,-23,418,-14,-3731
3089787025,11850,3,-37,-29,250,72,-3796
3089788025,11850,11,-52,-25,-116,123,-3972
3089789025,11850,11,-54,-12,-489,182,-4197
3089790025,11850,12,-50,-5,-530,207,-4257
3089791025,11850,7,-22,4,-430,286,-4436
3089792025,11850,4,6,23,-136,395,-4604
3089793025,11850,13,5,31,38,377,-4545
3089794025,11850,11,15,42,57,276,-4436
3089795025,11850,8,28,59,-58,123,-4344
3089796025,11850,6,40,72,-21,-4,-4264
3089797025,11850,1,52,86,336,-114,-4000
3089798025,11850,2,32,95,605,-169,-3809
3089799025,11851,-4,26,101,603,-183,-3765
3089800025,11851,-1,4,100,503,-167,-3806
3089801025,11851,9,-7,98,425,-159,-3821
3089802025,11851,-1,-10,98,427,-161,-3826
3089803025,11851,3,-15,103,454,-150,-3873
3089804025,11851,12,-29,97,365,-119,-4033
3089805025,11851,7,-36,82,251,-161,-4157
3089806025,11851,13,-32,77,91,-183,-4207
3089807025,11852,6,-23,72,12,-188,-4234
3089808025,11852,2,-15,70,32,-169,-4255
3089809025,11852,14,-14,60,35,-156,-4204
3089810025,11852,11,-13,50,-23,-118,-4153
3089811025,11852,0,-18,41,-131,-59,-4109
3089812025,11851,2,-19,33,-214,-8,-4100
3089813025,11851,2,-7,21,-200,1,-4099
3089814025,11851,5,-8,13,-202,82,-4120
3089815025,11851,8,-2,0,-183,214,-4167
3089816025,11851,4,15,-13,-28,273,-4121
3089817025,11851,9,17,-18,11,267,-4144
3089818025,11851,15,26,-29,233,321,-4142
3089819025,11851,12,24,-37,218,343,-4128
3089820025,11851,13,22,-28,170,356,-4105
3089821025,11851,12,27,-27,199,353,-3952
3089822025,11851,10,31,-25,256,317,-3899
3089823025,11852,5,17,-20,370,225,-3841
3089824025,11852,-2,-3,-19,419,166,-3860
3089825025,11853,4,-20,-19,280,116,-3912
3089826025,11853,-6,-20,-22,210,73,-3913
3089827025,11854,-3,-29,-21,73,39,-3947
3089828025,11855,3,-37,-34,-35,18,-4041
3089829025,11856,2,-36,-39,-156,-14,-4171
3089830025,11856,7,-32,-45,-237,33,-4301
3089831025,11857,11,-22,-46,-294,7,-4365
3089832025,11858,7,-15,-56,-345,121,-4281
3089833025,11859,15,4,-50,-388,18,-4319
3089834025,11860,11,15,-37,-147,-54,-4434
3089835025,11861,5,25,-26,-179,-94,-4399
3089836025,11862,15,21,-15,16,-54,-4184
3089837025,11863,-1,31,1,155,-115,-3986
3089838025,11865,1,17,8,240,-211,-4001
3089839025,11866,-4,9,16,314,-254,-3938
3089840025,11867,-1,7,13,372,-275,-3890
3089841025,11869,-4,-2,16,399,-282,-3864
3089842025,11870,-2,-1,3,437,-174,-3914
3089843025,11871,1,-11,6,458,-82,-3959
3089844025,11872,6,-6,1,410,-88,-4023
3089845025,11873,10,-8,-11,364,-75,-4064
3089846025,11873,17,-11,-19,276,-53,-4144
3089847025,11874,21,-9,-16,262,-91,-4193
3089848025,11875,10,0,-12,276,-105,-4157
3089849025,11875,11,-5,-18,261,-104,-4131
3089850025,11876,9,-11,-12,204,-65,-4110
3089851025,11876,3,-12,-11,182,13,-4104
3089852025,11876,0,-12,-6,133,97,-4067
3089853025,11876,4,-10,-8,125,153,-4040
3089854025,11876,1,-16,-11,117,188,-4041
3089855025,11876,5,-15,-11,83,214,-4021
3089856025,11876,1,-15,-12,29,205,-3998
3089857025,11875,4,-20,-19,-30,193,-4003
3089858025,11875,6,-16,-18,-72,169,-4006
3089859025,11874,4,-25,-27,-188,117,-4043
3089860025,11874,7,-25,-36,-301,76,-4138
3089861025,11873,7,-16,-38,-364,62,-4227
3089862025,11872,5,-1,-36,-349,140,-4274
3089863025,11871,2,6,-35,-322,226,-4238
3089864025,11871,0,16,-34,-210,307,-4124
3089865025,11870,4,14,-35,-149,271,-4121
3089866025,11869,-2,13,-33,-138,138,-4180
3089867025,11869,4,9,-22,-141,131,-4187
3089868025,11868,2,11,-17,-181,86,-4098
3089869025,11868,2,11,-2,-188,104,-4011
3089870025,11868,4,10,10,-123,73,-3988
3089871026,11868,4,5,25,-12,-2,-3987
3089872027,11868,-3,6,22,46,-33,-4052
3089873025,11868,6,-5,28,94,-32,-4154
3089874025,11868,1,-8,32,78,-120,-4098
3089875025,11868,3,-12,37,-7,-186,-4089
3089876025,11869,3,-10,31,-17,-189,-4083
3089877025,11869,2,-4,30,-43,-199,-4083
3089878025,11870,0,-5,31,88,-195,-4100
3089879025,11871,-3,0,21,236,-276,-4079
3089880025,11871,6,-4,9,242,-296,-4102
3089881025,11872,8,-7,-3,263,-293,-4078
3089882025,11873,7,-9,-10,123,-242,-4098
3089883025,11874,7,-10,-14,84,-84,-4087
3089884025,11874,11,2,-20,54,95,-3946
3089885025,11875,8,-1,-21,97,182,-3983
3089886025,11876,15,-5,-24,74,162,-3998
3089887025,11877,13,-18,-22,69,86,-4092
3089888025,11878,14,-15,-20,-37,54,-4149
3089889025,11879,8,-15,-19,-122,77,-4120
3089890025,11880,9,-9,-17,-117,108,-4074
3089891025,11881,-2,-8,-16,-109,168,-4078
3089892025,11882,0,-14,-17,-138,241,-4119
3089893025,11882,3,-11,-14,-179,291,-4164
3089894025,11883,4,-14,-8,-253,314,-4156
3089895025,11884,6,-12,-7,-293,303,-4132
3089896025,11885,4,-10,-4,-313,231,-4103
3089897025,11885,6,-11,3,-278,157,-4090
3089898025,11886,-7,-4,4,-220,84,-4165
3089899025,11886,2,-3,7,-206,34,-4202
3089900025,11887,4,-6,7,-170,12,-4202
3089901025,11887,1,-7,8,-190,-7,-4085
3089902025,11887,7,-2,11,-184,-38,-4041
3089903025,11888,10,6,9,-174,-51,-4043
3089904025,11888,-1,13,11,-122,-45,-4044
3089905025,11888,3,3,8,7,-46,-4059
3089906025,11888,4,9,-1,128,-82,-4081
3089907025,11888,7,8,-10,121,-144,-4123
3089908025,11888,10,6,-13,185,-147,-3985
3089909025,11887,2,8,-19,175,-116,-3971
3089910025,11887,9,5,-24,134,-84,-4035
3089911025,11887,9,1,-26,113,2,-4017
3089912025,11887,12,2,-23,110,43,-4000
3089913025,11887,10,-3,-23,89,52,-3987
3089914025,11887,10,-9,-15,-4,85,-4021
3089915025,11886,8,-17,-6,-154,81,-4076
3089916025,11886,11,-17,-4,-211,86,-4109
3089917025,11886,-1,-8,7,-212,54,-4171
3089918025,11887,3,-9,16,-176,45,-4253
3089919025,11887,-1,-10,21,-103,75,-4266
3089920025,11887,0,-10,29,-150,114,-4176
3089921025,11887,7,-2,31,-254,90,-4155
3089922025,11887,1,4,35,-278,80,-4149
3089923025,11888,5,10,40,-146,40,-4122
3089924025,11888,10,10,42,29,13,-4090
3089925025,11889,4,3,38,17,-19,-4088
3089926025,11889,6,-3,35,7,-51,-4109
3089927025,11890,7,7,42,-67,-71,-4083
3089928025,11890,1,8,45,31,-136,-4099
3089929025,11891,3,11,40,167,-98,-4072
3089930025,11892,7,1,37,239,-56,-4119
3089931025,11892,3,3,41,258,-45,-4096
3089932025,11893,4,-7,30,176,-29,-4002
3089933025,11894,10,-4,27,-7,29,-4005
3089934025,11894,13,-10,31,-80,66,-3998
3089935025,11895,1,-15,36,-60,61,-4020
3089936025,11896,7,-6,30,-22,40,-4064
3089937025,11896,11,-11,27,20,-2,-4165
3089938025,11897,7,-12,35,9,-11,-4199
3089939025,11898,6,-15,35,-59,10,-4140
3089940025,11898,-2,-9,38,-103,27,-4122
3089941025,11899,-4,3,36,-54,41,-4136
3089942025,11899,1,6,30,51,69,-4174
3089943025,11900,8,3,28,170,118,-4114
3089944025,11900,11,4,27,107,119,-4056
3089945025,11900,12,6,25,28,143,-4070
3089946025,11901,7,-3,26,-54,143,-4006
3089947025,11901,12,0,29,-79,141,-3970
3089948025,11901,5,1,35,-78,104,-4022
3089949025,11901,4,-4,35,-66,57,-4125
3089950025,11902,9,2,38,-66,23,-4146
3089951025,11902,9,0,44,-10,-34,-4171
3089952025,11902,-1,4,40,95,-64,-4131
3089953025,11902,3,2,31,111,-78,-4201
3089954025,11902,0,13,27,173,-62,-4193
3089955025,11902,-3,11,21,250,-8,-4053
3089956025,11902,3,8,3,206,26,-4002
3089957025,11902,6,12,0,175,54,-3961
3089958025,11902,6,-1,-16,138,35,-3884
3089959025,11901,7,1,-21,99,4,-3862
3089960025,11901,13,-15,-26,-5,-73,-3890
3089961025,11901,8,-26,-40,-120,-125,-3991
3089962025,11901,8,-24,-46,-242,-112,-4123
3089963025,11901,-2,-22,-44,-295,-49,-4185
3089964025,11901,-3,-19,-43,-368,154,-4283
3089965025,11901,-2,1,-45,-349,356,-4322
3089966025,11901,5,14,-42,-250,463,-4305
3089967025,11901,9,29,-28,-186,480,-4276
3089968025,11901,11,32,-22,-123,446,-4271
3089969025,11902,18,25,-4,-53,290,-4176
3089970025,11903,15,27,15,-17,82,-4066
3089971025,11903,12,17,40,-9,-79,-3989
3089972025,11904,9,16,44,114,-205,-3927
3089973025,11905,-4,10,57,169,-237,-3914
3089974025,11906,-9,-2,69,259,-244,-3955
3089975025,11907,-12,-13,66,287,-201,-4008
3089976025,11908,-6,-14,68,288,-203,-4016
3089977025,11909,-4,-22,55,284,-195,-4019
3089978025,11910,-6,-24,40,215,-216,-4048
3089979025,11911,5,-35,21,79,-238,-4047
3089980025,11912,9,-41,6,-109,-271,-4033
3089981025,11913,7,-40,-13,-327,-293,-4028
3089982025,11914,6,-41,-11,-432,-264,-4043
3089983025,11914,8,-38,-15,-607,-182,-4164
3089984025,11915,6,-24,-22,-582,-132,-4259
3089985025,11915,3,-14,-19,-502,-66,-4334
3089986025,11916,2,1,-21,-433,22,-4359
3089987025,11917,6,-3,-22,-315,132,-4280
3089988025,11917,7,-2,-30,-328,169,-4211
3089989025,11917,7,16,-34,-310,164,-4113
3089990025,11918,0,33,-36,-194,118,-4082
3089991025,11918,1,35,-45,-83,128,-4053
3089992025,11918,0,32,-48,175,139,-3898
3089993025,11919,0,17,-58,144,194,-3923
3089994025,11919,2,12,-60,80,335,-3924
3089995025,11919,3,16,-58,126,386,-3915
3089996025,11920,9,15,-48,117,444,-3864
3089997025,11920,11,9,-32,99,506,-3951
3089998025,11920,14,-5,-14,74,510,-4039
3089999025,11921,18,0,9,56,329,-4137
3090000025,11922,10,10,15,80,200,-4215
3090001025,11923,9,3,32,220,26,-4301
3090002025,11924,0,-4,47,299,-95,-4228
3090003025,11925,-1,-15,55,249,-121,-4037
3090004025,11926,-12,-18,57,85,-138,-3951
3090005025,11926,-9,-14,66,48,-161,-3968
3090006025,11927,-5,-24,62,51,-201,-3943
3090007025,11928,-1,-39,49,14,-319,-3923
3090008025,11929,-2,-53,33,-179,-437,-4028
3090009025,11930,3,-52,27,-326,-437,-4108
3090010025,11931,4,-42,18,-425,-398,-4307
3090011025,11931,3,-23,8,-429,-257,-4343
3090012025,11932,13,-9,1,-379,-121,-4278
3090013025,11932,11,2,-10,-366,-114,-4245
3090014025,11933,5,9,-17,-326,-164,-4283
3090015025,11933,-2,13,-23,-295,-237,-4275
3090016025,11934,-4,21,-25,-220,-125,-4190
3090017025,11934,-1,18,-27,-185,28,-4005
3090018025,11934,3,20,-30,-177,130,-3958
3090019025,11935,-3,19,-27,-117,247,-3899
3090020025,11935,4,19,-26,-5,298,-3933
3090021025,11936,8,14,-26,59,325,-3956
3090022025,11936,7,2,-27,30,307,-3961
3090023025,11937,6,-2,-22,23,287,-3962
3090024025,11938,10,-1,-17,93,210,-4025
3090025025,11938,-6,6,-23,227,77,-4109
3090026025,11939,-4,12,-26,242,115,-4323
3090027025,11940,0,10,-36,420,149,-4264
3090028025,11940,0,0,-39,272,241,-4028
3090029025,11941,-3,-7,-52,354,437,-4010
3090030025,11942,11,14,-35,-108,303,-3947
3090031025,11943,12,35,-22,336,512,-4155
3090032025,11944,16,39,-10,154,403,-4067
3090033025,11945,32,12,-3,504,292,-3957
3090034025,11946,20,-2,11,267,-103,-4032
3090035025,11947,12,-23,25,134,-424,-3964
3090036025,11949,5,-26,28,-40,-473,-3860
3090037025,11950,-12,-27,48,-21,-448,-3962
3090038025,11951,-25,-30,49,-63,-234,-4106
3090039025,11953,-17,-26,47,31,-134,-4248
3090040025,11954,-11,-24,36,56,-135,-4286
3090041025,11955,-10,-22,22,28,-146,-4327
3090042025,11956,0,-5,9,-22,-139,-4356
3090043025,11957,9,0,-7,-36,-184,-4236
3090044025,11958,13,2,-18,-75,-226,-4080
3090045025,11958,12,8,-18,-149,-154,-4015
3090046025,11959,14,3,-16,-199,-126,-4026
3090047025,11960,13,8,-10,-231,-19,-4050
3090048025,11960,11,9,-3,-153,-13,-4092
3090049025,11961,5,10,9,-30,16,-4179
3090050025,11961,1,17,13,52,44,-4229
3090051025,11962,1,22,22,254,40,-4287
3090052025,11962,0,19,19,356,88,-4273
3090053025,11963,-2,22,15,364,120,-4174
3090054025,11963,2,26,13,422,134,-3993
3090055025,11963,-3,28,1,443,136,-3905
3090056025,11963,3,23,2,538,157,-3767
3090057025,11964,5,0,-6,538,137,-3656
3090058025,11964,5,-18,-9,412,106,-3555
3090059025,11964,8,-37,-14,286,120,-3555
3090060025,11964,3,-69,-16,-91,86,-3647
3090061025,11964,0,-86,-9,-395,84,-3843
3090062025,11964,1,-80,5,-658,142,-4150
3090063025,11964,4,-60,10,-776,304,-4478
3090064025,11965,3,-48,15,-780,325,-4597
3090065025,11965,9,-32,10,-649,221,-4695
3090066025,11965,7,-9,7,-600,102,-4598
3090067025,11965,-3,5,10,-673,36,-4531
3090068025,11965,4,18,16,-577,23,-4380
3090069025,11966,-1,49,14,-452,-29,-4290
3090070025,11966,1,56,12,-184,-29,-4059
3090071025,11966,3,52,13,80,-55,-3908
3090072025,11967,1,40,13,227,-96,-3798
3090073025,11967,3,29,12,271,-139,-3796
3090074025,11968,6,14,17,356,-200,-3801
3090075025,11969,5,-3,14,324,-170,-3817
3090076025,11970,6,-22,16,278,-115,-3825
3090077025,11971,3,-31,8,179,-126,-3930
3090078025,11972,0,-33,9,86,-116,-3992
3090079025,11973,4,-31,6,-18,-79,-4114
3090080025,11974,1,-25,2,-76,0,-4196
3090081025,11975,-1,-21,-8,-107,29,-4195
3090082025,11976,4,-13,-5,-113,24,-4218
3090083025,11977,0,-13,-6,-124,6,-4207
3090084025,11978,7,-7,-13,-215,18,-4203
3090085025,11979,2,9,-5,-185,82,-4245
3090086025,11981,3,8,-3,-32,100,-4246
3090087025,11982,3,19,2,14,165,-4206
3090088025,11983,8,19,10,104,160,-4126
3090089025,11984,11,4,7,142,46,-3917
3090090025,11986,6,0,4,120,-94,-3859
3090091025,11987,1,-13,-2,86,-119,-3866
3090092025,11988,-5,-19,-4,-9,-95,-3897
3090093025,11989,-10,-19,0,-77,20,-3987
3090094025,11990,-1,-22,-3,-133,168,-4108
3090095025,11991,-1,-15,-8,-200,224,-4187
3090096025,11992,-1,-10,-12,-128,208,-4181
3090097025,11993,6,-8,-23,-42,54,-4263
3090098025,11994,0,6,-22,-74,-54,-4401
3090099025,11995,8,4,-23,4,2,-4296
3090100025,11995,6,8,-27,-81,89,-4133
3090101025,11996,1,15,-31,-192,97,-4056
3090102025,11996,12,23,-28,-92,152,-4081
3090103025,11997,4,37,-27,183,131,-4222
3090104025,11997,5,51,-17,360,216,-4280
3090105025,11998,8,51,-17,569,249,-4287
3090106025,11998,12,53,-16,704,155,-4172
3090107025,11999,13,43,-15,790,-87,-4062
3090108025,11999,8,35,-12,835,-165,-3906
3090109025,12000,2,25,-8,851,-138,-3807
3090110025,12000,4,21,-9,826,-103,-3777
3090111025,12001,7,-1,-16,727,15,-3711
3090112025,12002,6,-12,-9,602,59,-3672
3090113025,12002,7,-37,-1,476,22,-3703
3090114025,12003,3,-45,3,414,17,-3751
3090115025,12003,4,-62,9,222,-31,-3826
3090116025,12004,3,-83,12,-74,-66,-3925
3090117025,12004,-3,-85,18,-392,-142,-4112
3090118025,12005,-12,-79,22,-595,-233,-4373
3090119025,12005,-10,-67,21,-618,-214,-4481
3090120025,12006,-20,-42,22,-622,-116,-4663
3090121025,12006,-11,-17,14,-611,38,-4710
3090122025,12007,-1,14,8,-508,119,-4625
3090123025,12007,-3,28,5,-423,131,-4544
3090124025,12007,3,38,-9,-251,120,-4371
3090125025,12007,11,50,-18,-92,97,-4144
3090126025,12008,20,41,-17,-48,89,-3962
3090127025,12008,14,46,-5,16,67,-3835
3090128025,12008,13,41,-3,80,44,-3819
3090129025,12009,9,39,6,292,-22,-3849
3090130025,12009,-2,28,19,469,-25,-3959
3090131025,12010,-6,15,24,637,23,-3935
3090132025,12011,-5,2,24,598,-11,-4037
3090133025,12011,-7,2,23,579,20,-4105
3090134025,12012,-2,-2,12,653,44,-3986
3090135025,12013,-2,-4,4,622,137,-3947
3090136025,12013,9,-5,-13,524,190,-3907
3090137025,12014,6,-9,-14,466,220,-3878
3090138025,12014,13,-8,-16,388,179,-3863
3090139025,12015,19,-20,-25,327,112,-3839
3090140025,12016,17,-37,-20,222,39,-3901
3090141025,12016,15,-52,-13,-34,-40,-3932
3090142025,12017,17,-67,-12,-163,-97,-3946
3090143025,12018,6,-71,-10,-369,-208,-4035
3090144025,12019,-14,-61,-4,-508,-261,-4353
3090145025,12019,-12,-39,-4,-508,-3,-4593
3090146025,12020,-20,-30,-2,-468,173,-4588
3090147025,12021,-6,-22,-17,-514,370,-4482
3090148025,12021,6,-2,-19,-556,296,-4319
3090149025,12022,5,26,-23,-475,126,-4305
3090150025,12022,11,34,-27,-238,13,-4284
3090151025,12023,11,35,-27,-115,-19,-4236
3090152025,12023,10,38,-30,2,-50,-4142
3090153025,12024,7,26,-27,43,-74,-3955
3090154025,12024,3,24,-20,133,-134,-3845
3090155025,12025,1,21,-18,205,-134,-3843
3090156025,12026,-4,11,-17,274,-67,-3888
3090157025,12026,-6,-1,-16,304,50,-3908
3090158025,12027,-1,-17,-20,154,71,-3901
3090159025,12027,11,-24,-18,106,127,-3854
3090160025,12028,6,-23,-13,63,103,-3850
3090161025,12029,7,-23,-22,12,55,-4028
3090162025,12029,2,-14,-20,59,19,-4167
3090163025,12030,9,-13,-16,48,45,-4134
3090164025,12031,7,-11,-16,-24,15,-4161
3090165025,12031,6,1,-17,-27,-18,-4179
3090166025,12032,3,-4,-14,-32,-32,-4180
3090167025,12033,5,2,-11,32,3,-4155
3090168025,12033,2,4,-10,47,19,-4132
3090169025,12034,4,1,-13,61,20,-4114
3090170025,12035,6,3,-6,50,17,-4086
3090171025,12035,5,0,-3,50,5,-4047
3090172025,12036,7,6,-6,70,3,-4037
3090173025,12037,3,5,-6,95,7,-4072
3090174025,12038,4,0,-10,100,6,-4089
3090175025,12038,-1,-9,-14,-149,58,-4091
3090176025,12039,11,5,4,-193,211,-4233
3090177025,12040,10,2,8,155,223,-4485
3090178025,12040,1,22,15,54,264,-4395
3090179025,12041,16,20,20,338,208,-4176
3090180025,12042,7,14,29,311,-18,-3945
3090181025,12043,4,-2,29,253,-256,-4053
3090182025,12043,-4,-9,30,242,-217,-3877
3090183025,12044,-2,-15,30,224,-232,-3779
3090184025,12045,-11,-15,36,129,-79,-3842
3090185025,12045,-9,-18,32,54,136,-4015
3090186025,12046,-1,-24,28,70,217,-4104
3090187025,12046,0,-13,30,83,207,-4152
3090188025,12046,10,-10,30,52,142,-4229
3090189025,12047,16,-3,33,20,59,-4293
3090190025,12047,20,3,33,126,-80,-4260
3090191025,12047,10,12,31,228,-237,-4226
3090192025,12047,7,14,28,228,-270,-4224
3090193025,12047,1,10,22,297,-194,-4083
3090194025,12047,-4,10,13,222,-100,-3922
3090195025,12047,-8,-3,10,157,-24,-3834
3090196025,12047,-7,-9,1,90,58,-3827
3090197025,12047,-10,-6,-8,67,68,-3832
3090198025,12046,8,-30,-17,37,91,-3905
3090199025,12046,1,-31,-30,-75,86,-4064
3090200025,12046,11,-26,-33,-185,122,-4206
3090201025,12045,13,-18,-35,-207,157,-4272
3090202025,12045,6,-1,-33,-197,230,-4364
3090203025,12045,9,19,-36,-98,292,-4419
3090204025,12045,13,32,-31,66,312,-4395
3090205025,12044,12,46,-27,208,292,-4287
3090206025,12044,9,43,-25,244,246,-4211
3090207025,12044,9,37,-14,340,157,-4029
3090208025,12044,9,32,-4,379,98,-3875
3090209025,12045,1,13,-1,404,36,-3793
3090210025,12045,-8,13,5,383,28,-3792
3090211025,12046,2,-7,12,351,41,-3775
3090212025,12046,2,-24,16,295,26,-3815
3090213025,12047,-4,-31,27,202,9,-3896
3090214025,12047,4,-46,28,88,-42,-4006
3090215025,12048,3,-43,32,-4,-73,-4064
3090216025,12049,8,-53,33,-130,-136,-4192
3090217025,12050,5,-45,35,-222,-245,-4270
3090218025,12051,-4,-32,37,-248,-351,-4313
3090219025,12051,0,-26,23,-228,-390,-4324
3090220025,12052,-7,-16,10,-200,-429,-4303
3090221025,12053,-8,-4,-7,-156,-385,-4295
3090222025,12053,-9,6,-22,-74,-224,-4258
3090223025,12054,0,20,-41,-51,-53,-4207
3090224025,12054,2,16,-49,-13,49,-4152
3090225025,12054,13,25,-56,33,153,-4046
3090226025,12055,15,41,-59,152,192,-4054
3090227025,12055,25,33,-71,219,182,-4038
3090228025,12055,21,33,-63,348,133,-3938
3090229025,12056,17,28,-61,360,111,-3951
3090230025,12056,5,14,-53,396,57,-3983
3090231025,12057,2,4,-50,400,102,-3940
3090232025,12057,-6,-6,-39,371,146,-3923
3090233025,12057,-10,-11,-36,326,216,-3936
3090234025,12058,-8,-8,-32,281,318,-3937
3090235025,12058,-6,-19,-21,257,366,-3987
3090236025,12059,3,-11,-17,230,352,-4084
3090237025,12059,3,-16,-19,199,315,-4133
3090238025,12059,6,-11,-13,187,265,-4173
3090239025,12059,6,-9,-11,170,123,-4200
3090240025,12060,13,-1,-5,192,-3,-4210
3090241025,12060,7,0,0,210,-93,-4200
3090242025,12060,7,6,-2,212,-126,-4184
3090243025,12060,4,2,-5,245,-165,-4160
3090244025,12061,-1,3,1,253,-172,-4119
3090245025,12061,-4,-1,0,243,-145,-4081
3090246025,12061,-2,-4,-2,235,-124,-4065
3090247025,12061,-3,-1,-4,218,-112,-4071
3090248025,12061,1,-10,-7,195,-74,-4064
3090249025,12061,7,-5,-9,143,-88,-4063
3090250025,12060,1,-7,-10,95,-105,-4078
3090251025,12060,13,-13,-10,70,-110,-4075
3090252025,12060,11,-14,-10,38,-103,-4087
3090253025,12060,1,-6,-5,-4,-80,-4103
3090254025,12059,6,-5,-6,-35,-33,-4110
3090255025,12059,5,1,5,-20,36,-4118
3090256025,12059,0,0,-2,-28,49,-4118
3090257025,12059,2,-6,-3,-26,100,-4108
3090258025,12058,0,2,-2,-39,118,-4114
3090259025,12058,6,-4,2,-24,139,-4095
3090260025,12058,5,1,2,-11,155,-4092
3090261025,12057,4,5,-1,-7,149,-4095
3090262025,12057,7,-1,-1,10,121,-4092
3090263025,12056,1,0,0,9,100,-4080
3090264025,12056,4,0,2,30,106,-4079
3090265025,12056,2,-1,-5,36,107,-4095
3090266025,12056,1,-5,1,60,110,-4079
3090267025,12056,1,-1,-1,50,105,-4077
3090268025,12055,10,-11,-9,39,92,-4072
3090269025,12055,5,-5,-9,17,89,-4060
3090270025,12055,4,-6,-8,11,64,-4061
3090271025,12055,5,-4,-7,3,42,-4059
3090272025,12055,3,-4,-9,-12,25,-4079
3090273025,12055,3,-4,-6,-6,-12,-4069
3090274025,12055,-2,-2,-8,-9,-2,-4080
3090275025,12055,4,-8,-8,-5,-12,-4087
3090276025,12055,3,-4,-5,-13,-14,-4100
3090277025,12055,3,-4,-12,2,-8,-4110
3090278025,12056,8,-6,-15,8,-16,-4115
3090279025,12056,6,1,-8,-5,-16,-4116
3090280025,12056,8,-9,-11,5,-8,-4114
3090281025,12056,7,-4,-11,4,-15,-4089
3090282025,12057,6,-1,-12,23,-23,-4102
3090283025,12057,5,-1,-12,8,-22,-4091
3090284025,12057,6,-5,-9,2,-40,-4095
3090285025,12058,0,-4,-11,8,-34,-4085
3090286025,12058,4,-4,-11,32,-20,-4077
3090287025,12058,5,-4,-10,7,-14,-4085
3090288025,12058,-2,-1,-8,26,5,-4091
3090289025,12059,8,-3,-5,31,28,-4095
3090290025,12059,2,-2,-6,16,26,-4098
3090291025,12059,11,-5,-6,12,41,-4098
3090292025,12059,6,-3,-8,8,41,-4091
3090293025,12059,0,1,-4,14,29,-4088
3090294025,12059,9,-9,-8,-10,39,-4078
3090295025,12059,3,-4,-10,4,44,-4060
3090296025,12059,1,-1,-8,12,43,-4069
3090297025,12059,10,-2,-9,17,57,-4067
3090298025,12059,3,3,-3,30,47,-4076
3090299025,12059,8,-7,-6,30,54,-4079
3090300025,12059,4,-5,-9,33,58,-4090
3090301025,12059,3,-3,-10,33,53,-4093
3090302025,12059,5,-6,-7,20,42,-4085
3090303025,12059,2,-7,-5,13,38,-4094
3090304025,12059,2,-1,-4,8,29,-4088
3090305025,12059,6,-11,-6,11,34,-4097
3090306025,12058,0,3,-2,-8,23,-4094
3090307025,12058,8,-8,-7,-1,37,-4109
3090308025,12058,4,-3,-5,-20,9,-4096
3090309025,12058,3,-2,1,8,7,-4080
3090310025,12057,6,-9,-4,16,14,-4089
3090311025,12057,-1,-2,0,1,10,-4100
3090312025,12057,3,-2,-3,21,24,-4089
3090313025,12057,12,-7,-4,20,-12,-4090
3090314025,12057,4,-2,-4,8,13,-4082
3090315025,12056,3,-3,-6,16,8,-4096
3090316025,12056,7,-2,-9,26,12,-4098
3090317025,12056,3,-6,-5,28,13,-4097
3090318025,12056,2,-4,-7,33,23,-4096
3090319025,12056,8,-6,-1,21,24,-4094
3090320025,12056,-5,-2,0,20,26,-4090
3090321025,12056,-1,-4,-3,17,29,-4106
3090322025,12056,4,-1,0,28,29,-4099
3090323025,12056,4,-7,-3,22,32,-4094
3090324025,12056,7,-9,-10,14,30,-4117
3090325025,12056,5,-2,-8,-6,38,-4116
3090326025,12056,6,-4,-12,-3,19,-4075
3090327025,12056,8,-5,-13,-14,41,-4091
3090328025,12056,6,-5,-10,-6,32,-4087
3090329025,12056,9,-6,-9,-12,44,-4089
3090330025,12057,1,-2,-9,-8,40,-4077
3090331025,12057,5,-8,-9,4,51,-4090
3090332025,12057,6,0,-1,20,44,-4089
3090333025,12057,0,-6,-7,24,28,-4084
3090334025,12057,6,-4,-8,26,34,-4087
3090335025,12057,2,-2,-9,28,32,-4098
3090336025,12058,4,-6,-9,18,25,-4105
3090337025,12058,0,-8,-8,11,38,-4083
3090338025,12058,6,1,-4,0,35,-4085
3090339025,12058,4,-10,-7,12,31,-4067
3090340025,12058,3,-9,-15,18,17,-4075
3090341025,12058,1,-6,-9,14,20,-4085
3090342025,12058,7,-8,-7,1,26,-4094
3090343025,12059,-1,-2,-1,9,22,-4095
3090344025,12059,6,-7,-8,24,31,-4083
3090345025,12059,7,-6,-11,13,12,-4104
3090346025,12059,3,-7,-12,28,19,-4081
3090347025,12059,7,4,-6,15,21,-4098
3090348025,12059,6,-4,-6,10,12,-4101
3090349025,12059,1,-3,-6,12,6,-4095
3090350025,12059,3,-8,-3,12,33,-4089
3090351025,12058,-1,-3,-5,14,27,-4087
3090352025,12058,3,-4,-2,21,6,-4086
3090353025,12058,6,-7,-4,36,12,-4089
3090354025,12058,4,-3,-1,16,15,-4085
3090355025,12058,5,-7,-3,23,16,-4102
3090356025,12058,6,-9,-4,32,27,-4091
3090357025,12058,7,-1,1,24,35,-4082
3090358025,12058,6,-3,-3,20,36,-4102
3090359025,12058,9,-2,-2,3,25,-4099
3090360025,12057,5,-5,-5,6,28,-4104
3090361025,12057,7,-5,-2,5,16,-4092
3090362025,12057,4,-6,-7,17,24,-4099
3090363025,12057,9,-6,-3,9,22,-4090
3090364025,12057,5,-4,-4,11,19,-4076
3090365025,12057,6,-3,-10,17,18,-4086
3090366025,12057,7,-3,-3,22,30,-4080
3090367025,12057,5,-7,-6,20,25,-4091
3090368025,12057,6,-8,-7,14,35,-4104
3090369025,12057,6,-4,-4,36,28,-4100
3090370025,12057,1,-3,-6,28,27,-4093
3090371025,12057,1,-9,-5,13,26,-4089
3090372025,12057,2,-1,-4,15,19,-4080
3090373025,12057,0,-4,-5,-4,35,-4089
3090374025,12057,7,-6,-11,4,12,-4075
3090375025,12057,6,-2,-7,3,34,-4078
3090376025,12057,8,-9,-7,-20,41,-4092
3090377025,12057,12,-8,-6,-27,68,-4024
3090378025,12057,4,4,-6,21,-8,-4127
3090379025,12057,4,-1,-7,80,-23,-4120
3090380025,12057,5,-6,-9,78,-2,-4103
3090381025,12057,4,-6,-8,20,-23,-4107
3090382025,12057,9,-1,-5,24,-19,-4081
3090383025,12057,3,-5,-6,22,7,-4103
3090384025,12058,3,-1,-11,35,13,-4094
3090385025,12058,12,-14,-9,49,33,-4086
3090386025,12058,7,-8,-11,25,35,-4070
3090387025,12058,8,-8,-9,26,29,-4081
3090388025,12058,6,-5,-9,0,0,-4074
3090389025,12058,4,-5,-8,-3,13,-4086
3090390025,12058,4,-6,-13,8,5,-4088
3090391025,12058,2,-3,-11,-2,13,-4100
3090392025,12058,-2,-2,-14,-6,13,-4089
3090393025,12058,3,-3,-11,-4,18,-4092
3090394025,12058,-1,2,-4,4,28,-4092
3090395025,12058,2,-8,-9,13,30,-4099
3090396025,12058,0,-5,-7,9,26,-4066
3090397025,12058,4,-7,3,16,39,-4080
3090398025,12058,0,-9,-6,22,40,-4077
3090399025,12058,3,-2,-1,12,37,-4085
3090400025,12058,6,-8,-7,30,21,-4087
3090401025,12058,4,-4,-6,25,11,-4073
3090402025,12058,3,0,-5,34,21,-4083
3090403025,12058,4,-7,-11,32,27,-4089
3090404025,12058,5,-7,-4,20,19,-4096
3090405025,12058,0,-7,-5,6,31,-4094
3090406025,12058,7,-3,-11,7,21,-4091
3090407025,12058,6,-3,-6,-8,36,-4083
3090408025,12058,6,-10,-5,-9,41,-4080
3090409025,12057,6,-1,-6,-10,31,-4091
3090410025,12057,5,4,-9,10,31,-4084
3090411025,12057,2,-1,-6,29,43,-4085
3090412025,12057,8,0,-9,13,42,-4098
3090413025,12057,7,-2,-10,-1,26,-4106
3090414025,12057,11,-2,-8,16,26,-4085
3090415025,12057,-3,-7,-5,12,31,-4094
3090416025,12057,4,-2,-11,6,31,-4089
3090417025,12057,3,-4,-7,22,27,-4087
3090418025,12057,5,-4,-9,15,39,-4089
3090419025,12057,0,0,-6,15,17,-4071
3090420025,12057,6,-3,-2,16,29,-4080
3090421025,12057,7,-4,-10,18,48,-4089
3090422025,12057,4,-11,-6,32,35,-4096
3090423025,12057,6,-4,-6,7,32,-4089
3090424025,12057,6,-4,-2,5,39,-4111
3090425025,12057,3,-5,-7,15,24,-4116
3090426025,12057,5,0,-7,12,27,-4106
3090427025,12057,6,-6,-10,15,22,-4091
3090428025,12057,3,-5,-7,8,38,-4084
3090429025,12057,1,-2,-7,-1,35,-4073
3090430025,12057,9,-7,-6,16,30,-4077
3090431025,12057,6,-6,-6,21,21,-4070
3090432025,12057,6,-2,-8,22,25,-4081
3090433025,12057,-2,-5,-4,28,20,-4076
3090434025,12058,-1,1,-9,34,12,-4081
3090435025,12058,2,-5,-13,27,16,-4085
3090436025,12058,4,-9,-12,35,31,-4097
3090437025,12058,4,-9,-14,23,32,-4098
3090438025,12058,2,-7,-8,13,18,-4111
3090439025,12058,4,-1,-6,7,21,-4091
3090440025,12058,3,-2,-9,14,11,-4096
3090441025,12058,9,-5,-9,19,33,-4076
3090442025,12058,-2,-3,-5,5,12,-4088
3090443025,12058,-1,-7,-7,2,2,-4094
3090444025,12058,0,-4,-5,14,8,-4088
3090445025,12058,3,-2,-9,13,23,-4102
3090446025,12058,3,-3,-4,16,31,-4095
3090447025,12058,4,-5,-7,23,19,-4110
3090448025,12058,9,-2,-14,14,24,-4103
3090449025,12058,11,-9,-7,14,21,-4087
3090450025,12058,4,-5,-5,3,12,-4091
3090451025,12058,0,-6,-6,17,26,-4086
3090452025,12058,2,-6,-5,22,30,-4087
3090453025,12058,3,-4,-7,23,9,-4065
3090454025,12058,5,-8,-10,3,36,-4090
3090455025,12057,5,-2,-4,12,18,-4090
3090456025,12057,3,-7,-10,28,11,-4081
3090457025,12057,8,0,-8,25,22,-4080
3090458025,12057,2,-6,-4,11,22,-4094
3090459025,12057,8,-11,-8,21,29,-4088
3090460025,12057,5,-2,-6,20,26,-4102
3090461025,12057,7,-5,0,19,39,-4096
3090462025,12057,5,-11,-4,9,25,-4086
3090463025,12057,6,-5,-8,4,14,-4102
3090464025,12057,-1,-5,-4,-2,27,-4088
3090465025,12057,7,0,-8,15,23,-4098
3090466025,12057,2,-2,-7,22,33,-4094
3090467025,12057,3,-4,-6,13,19,-4098
3090468025,12057,5,-5,-12,11,19,-4100
3090469025,12057,5,-3,-9,24,22,-4118
3090470025,12057,9,-2,-9,4,21,-4098
3090471025,12057,10,1,-9,22,24,-4113
3090472025,12057,0,-4,-4,24,31,-4109
3090473025,12057,3,-7,-9,32,22,-4096
3090474025,12057,4,-4,-7,11,31,-4082
3090475025,12057,7,-6,-8,27,38,-4073
3090476025,12057,8,-4,-8,23,37,-4085
3090477025,12057,9,-9,-8,18,31,-4058
3090478025,12057,1,-3,-11,8,25,-4068
3090479025,12057,2,-4,-12,7,33,-4074
3090480025,12057,0,2,-4,17,27,-4085
3090481025,12057,3,-7,-7,21,27,-4094
3090482025,12057,0,-7,-7,24,9,-4107
3090483025,12057,4,-7,-8,13,21,-4118
3090484025,12058,0,-6,-6,26,27,-4106
3090485025,12058,5,2,-6,13,20,-4106
3090486025,12058,7,-9,-3,13,22,-4091
3090487025,12058,1,-3,-7,-8,26,-4101
3090488025,12058,2,-6,-10,1,31,-4074
3090489025,12058,4,-5,-6,11,19,-4088
3090490025,12058,-1,-6,-11,23,18,-4079
3090491025,12058,6,-5,-9,10,19,-4089
3090492025,12058,2,-8,-9,17,17,-4086
3090493025,12058,2,-2,-3,12,21,-4100
3090494025,12058,5,-7,-7,17,23,-4084
3090495025,12058,9,-4,-7,23,25,-4096
3090496025,12058,3,-1,-8,19,24,-4087
3090497025,12058,4,1,-8,18,16,-4094
3090498025,12058,1,-1,-6,27,26,-4090
3090499025,12058,10,-2,0,9,20,-4078
3090500025,12058,3,-7,-9,15,35,-4071
3090501025,12057,8,-4,-5,12,24,-4078
3090502025,12057,3,-7,-3,4,19,-4084
3090503025,12057,3,-1,-6,13,18,-4087
3090504025,12057,11,-3,-8,22,28,-4092
3090505025,12057,5,-6,-5,18,28,-4085
3090506025,12057,-1,-1,-1,2,36,-4087
3090507025,12057,1,-4,-5,9,28,-4092
3090508025,12057,4,-5,-6,12,25,-4118
3090509025,12057,7,-1,-4,-8,16,-4087
3090510025,12057,5,-6,-8,13,-5,-4081
3090511025,12057,2,-2,-7,12,30,-4086
3090512025,12057,1,-6,-9,18,39,-4085
3090513025,12057,7,-7,-11,18,24,-4076
3090514025,12057,5,-2,-5,26,14,-4092
3090515025,12057,3,2,-6,21,25,-4101
3090516025,12057,5,-8,-11,15,23,-4100
3090517025,12057,5,5,-7,16,17,-4102
3090518025,12057,9,-7,-3,3,27,-4090
3090519025,12057,1,-8,-3,10,14,-4094
3090520025,12057,6,-6,-7,11,8,-4107
3090521025,12057,10,-4,-12,16,11,-4094
3090522025,12057,5,-3,-6,-3,7,-4083
3090523025,12057,8,-5,-10,29,15,-4077
3090524025,12057,-2,-4,-6,27,12,-4091
3090525025,12057,3,0,-1,3,14,-4094
3090526025,12057,5,-9,-7,17,15,-4096
3090527025,12057,2,-3,-3,26,41,-4098
3090528025,12057,1,-1,-8,1,27,-4087
3090529025,12057,1,-6,-6,8,29,-4114
3090530025,12057,5,-4,-6,15,31,-4095
3090531025,12057,9,-9,-10,15,36,-4099
3090532025,12057,4,-3,-9,6,22,-4079
3090533025,12057,3,-3,-7,18,33,-4089
3090534025,12058,5,-4,-3,18,36,-4078
3090535025,12058,1,-4,-6,17,22,-4073
3090536025,12058,3,-6,-6,25,42,-4088
3090537025,12058,3,-6,-6,10,32,-4095
3090538025,12058,7,-3,-5,25,27,-4110
3090539025,12058,-2,-5,-5,16,20,-4095
3090540025,12058,0,-2,-2,3,29,-4092
3090541025,12058,1,-4,-8,22,20,-4096
3090542025,12058,6,-8,-7,38,3,-4091
3090543025,12058,0,-4,-5,39,4,-4080
3090544025,12058,1,-7,-8,-5,16,-4091
3090545025,12058,3,-3,-6,10,22,-4088
3090546025,12058,-1,-5,-2,18,33,-4100
3090547025,12058,1,-9,-4,24,36,-4079
3090548025,12058,6,-6,-3,22,39,-4087
3090549025,12058,9,-3,-10,18,29,-4074
3090550025,12057,2,-9,-3,15,36,-4098
3090551025,12057,3,-1,-5,8,34,-4087
3090552025,12057,-1,-5,-9,-4,47,-4104
3090553025,12057,5,-7,-4,3,57,-4100
3090554025,12057,-1,0,-8,6,42,-4096
3090555025,12057,5,-6,-8,-14,36,-4076
3090556025,12057,7,-5,-9,14,50,-4089
3090557025,12057,7,-3,-7,15,40,-4096
3090558025,12057,7,-4,-6,13,33,-4092
3090559025,12057,2,-2,-12,17,48,-4080
3090560025,12057,5,-10,-10,20,46,-4091
3090561025,12057,1,-6,-8,25,45,-4102
3090562025,12057,-2,-3,0,31,41,-4092
3090563025,12057,1,-6,-3,6,34,-4101
3090564025,12057,3,-2,-9,7,47,-4093
3090565025,12057,3,-5,-6,-6,32,-4081
3090566025,12057,3,-2,-8,14,27,-4072
3090567025,12057,7,0,-7,-3,33,-4086
3090568025,12057,4,-2,-4,7,31,-4078
3090569025,12057,3,-4,-3,19,29,-4071
3090570025,12057,2,-5,-7,12,17,-4089
3090571025,12057,3,-5,-8,21,24,-4096
3090572025,12057,6,-4,-9,30,27,-4103
3090573025,12057,1,-5,-8,23,20,-4113
3090574025,12057,0,-4,-11,16,21,-4109
3090575025,12057,1,-1,-7,4,19,-4090
3090576025,12057,-1,1,-8,11,25,-4108
3090577025,12057,9,-9,-8,3,23,-4108
3090578025,12057,1,-5,-11,-8,20,-4094
3090579025,12057,3,-4,-6,8,24,-4080
3090580025,12057,5,-4,-7,5,34,-4073
3090581025,12057,1,0,-4,6,29,-4085
3090582025,12057,6,-11,-7,22,31,-4086
3090583025,12057,-3,-5,-11,21,18,-4087
3090584025,12057,1,-9,-8,19,17,-4093
3090585025,12057,5,-4,-7,10,25,-4106
3090586025,12057,-1,-1,-4,33,16,-4092
3090587025,12057,7,-4,-9,18,19,-4090
3090588025,12057,3,0,-7,10,13,-4077
3090589025,12057,1,-5,-7,8,34,-4075
3090590025,12057,4,-6,-5,7,17,-4079
3090591025,12057,8,-2,-7,3,33,-4082
3090592025,12057,9,-6,-10,5,18,-4087
3090593025,12057,5,-3,-5,29,21,-4090
3090594025,12057,1,-2,-2,-2,6,-4111
3090595025,12057,6,-7,-9,24,23,-4074
3090596025,12057,2,-4,-6,13,27,-4093
3090597025,12057,3,-6,-5,18,13,-4108
3090598025,12057,8,-7,-6,31,15,-4080
3090599025,12057,1,-6,-4,15,5,-4078
3090600025,12057,4,-7,-7,12,13,-4076
3090601025,12057,6,-3,-7,1,13,-4077
3090602025,12057,4,2,-6,9,23,-4083
3090603025,12057,4,-5,-8,17,15,-4072
3090604025,12057,6,-6,-7,15,3,-4074
3090605025,12057,4,-6,-4,12,14,-4077
3090606025,12057,1,-8,-4,9,18,-4094
3090607025,12057,1,-5,-5,17,20,-4100
3090608025,12057,-7,-2,-7,6,18,-4089
3090609025,12057,1,-6,-7,25,15,-4089
3090610025,12057,-1,-1,-2,28,42,-4083
3090611025,12057,3,-5,-1,26,25,-4092
3090612025,12057,-1,-4,-4,11,50,-4092
3090613025,12057,-2,-1,-5,22,30,-4090
3090614025,12057,2,-4,-7,8,26,-4080
3090615025,12057,5,-6,-10,22,26,-4081
3090616025,12057,0,-9,-9,13,35,-4079
3090617025,12057,3,-3,-6,15,30,-4078
3090618025,12057,-1,-4,-8,17,29,-4092
3090619025,12057,4,-3,-6,28,15,-4100
3090620025,12057,6,-8,-5,20,18,-4097
3090621025,12057,4,-4,-10,11,17,-4100
3090622025,12057,-2,-6,-10,26,18,-4109
3090623025,12057,2,-4,-11,16,6,-4098
3090624025,12057,6,-5,-12,10,1,-4085
3090625025,12057,8,-8,-10,16,3,-4070
3090626025,12057,6,-2,-6,-3,19,-4070
3090627025,12058,12,-9,-9,12,1,-4076
3090628025,12058,4,-7,-12,17,-1,-4072
3090629025,12058,3,-3,-12,20,-5,-4089
3090630025,12058,1,-2,-10,36,-1,-4087
3090631025,12058,2,-7,-8,21,14,-4085
3090632025,12058,7,-2,-4,13,20,-4091
3090633025,12058,5,1,-4,13,7,-4094
3090634025,12058,2,-4,-3,5,5,-4087
3090635025,12058,2,-2,-3,21,1,-4080
3090636025,12058,8,-7,-3,8,14,-4076
3090637025,12058,7,-3,-3,16,6,-4083
3090638025,12058,1,-10,-5,17,19,-4101
3090639025,12058,6,-3,-8,19,37,-4082
3090640025,12058,-2,-4,-8,6,28,-4100
3090641025,12058,1,-9,-9,22,46,-4104
3090642025,12058,0,-4,-8,26,28,-4087
3090643025,12058,3,-5,-6,14,49,-4099
3090644025,12058,2,-5,-14,13,39,-4098
3090645025,12058,-3,-3,-7,-1,52,-4092
3090646025,12058,3,-7,-15,4,48,-4084
3090647025,12058,4,1,-7,-2,45,-4075
3090648025,12058,4,-6,-9,-5,70,-4079
3090649025,12058,4,-4,-7,7,65,-4084
3090650025,12058,0,-3,-4,3,64,-4062
3090651025,12058,6,-1,-9,20,89,-4075
3090652025,12058,4,-3,-9,19,70,-4084
3090653025,12058,6,-3,-12,7,60,-4087
3090654025,12058,5,-2,-6,14,50,-4103
3090655025,12058,8,0,-10,13,30,-4090
3090656025,12058,0,-2,-12,13,36,-4095
3090657025,12058,7,-7,-11,0,17,-4076
3090658025,12058,0,-4,-4,14,22,-4084
3090659025,12058,7,-8,-6,5,10,-4077
3090660025,12058,4,-4,-5,0,8,-4090
3090661025,12058,4,1,0,4,-3,-4087
3090662025,12058,5,0,-4,0,-4,-4085
3090663025,12058,-1,4,-6,18,8,-4109
3090664025,12058,0,-4,-9,21,-2,-4108
3090665025,12058,-4,-2,-6,14,1,-4102
3090666025,12058,-4,-4,-6,10,10,-4107
3090667025,12058,7,1,-3,15,25,-4098
3090668025,12058,10,-4,-14,-2,6,-4094
3090669025,12058,5,-3,-11,15,8,-4093
3090670025,12058,3,-11,-9,11,14,-4089
3090671025,12058,4,-5,-13,16,33,-4091
3090672025,12058,0,-4,-7,13,21,-4075
3090673025,12058,6,-5,-5,18,34,-4078
3090674025,12058,4,-4,-11,13,39,-4075
3090675025,12058,1,-5,-8,2,41,-4083
3090676025,12058,1,-3,-8,15,39,-4089
3090677025,12058,4,-4,-9,14,44,-4081
3090678025,12058,6,-7,-14,13,47,-4102
3090679025,12058,4,-5,-8,14,34,-4097
3090680025,12058,9,-1,-10,11,33,-4098
3090681025,12058,5,-9,-8,10,19,-4091
3090682025,12058,4,-5,-4,9,41,-4084
3090683025,12058,9,-6,-3,28,20,-4086
3090684025,12058,4,-4,-5,10,11,-4092
3090685025,12058,-1,2,-5,27,22,-4092
3090686025,12058,6,-8,-11,9,5,-4098
3090687025,12058,3,-1,-6,21,15,-4091
3090688025,12058,3,-7,1,18,14,-4093
3090689025,12058,1,0,-2,19,10,-4086
3090690025,12058,3,3,-3,19,14,-4096
3090691025,12058,7,-8,-3,35,16,-4103
3090692025,12058,6,-6,-7,20,26,-4095
3090693025,12058,8,-10,-13,3,36,-4092
3090694025,12058,3,-4,-12,8,32,-4077
3090695025,12058,-1,2,-8,20,30,-4081
3090696025,12058,8,-12,-10,27,37,-4081
3090697025,12058,9,-3,-8,20,36,-4094
3090698025,12058,4,-3,-5,9,29,-4098
3090699025,12058,3,-6,-14,5,30,-4098
3090700025,12058,4,-4,-8,24,37,-4091
3090701025,12058,7,-3,-6,25,44,-4097
3090702025,12058,3,-5,-10,8,33,-4098
3090703025,12058,4,-3,-11,11,38,-4071
3090704025,12058,3,-4,-6,7,48,-4078
3090705025,12058,11,-6,-5,11,55,-4063
3090706025,12058,2,-3,-6,37,62,-4086
3090707025,12058,3,-5,-10,43,41,-4091
3090708025,12058,2,-7,-10,7,38,-4083
3090709025,12058,-1,-1,-6,24,40,-4089
3090710025,12058,9,-7,-10,20,33,-4091
3090711025,12058,3,-3,-6,25,30,-4088
3090712025,12058,9,-8,-10,22,19,-4094
3090713025,12058,2,4,-5,30,9,-4089
3090714025,12058,8,-4,-9,-16,-8,-4087
3090715025,12058,10,-5,-7,25,-9,-4087
3090716025,12058,4,-2,-10,16,-8,-4082
3090717025,12058,8,-8,-5,30,-22,-4081
3090718025,12058,3,-2,-7,16,-11,-4073
3090719025,12058,7,-4,-6,29,6,-4076
3090720025,12058,4,-6,-9,18,11,-4091
3090721025,12058,3,-5,-5,20,22,-4082
3090722025,12058,4,-4,-8,5,28,-4088
3090723025,12058,2,-4,-3,29,28,-4095
3090724025,12058,11,-6,-6,26,19,-4101
3090725025,12058,7,-7,-8,15,27,-4115
3090726025,12058,11,-14,-1,22,20,-4095
3090727025,12058,0,3,-1,20,15,-4080
3090728025,12058,4,-9,-6,27,27,-4087
3090729025,12058,6,-3,-8,20,50,-4092
3090730025,12058,0,-9,-8,22,70,-4075
3090731025,12058,1,-1,0,0,74,-4076
3090732025,12058,0,1,-8,20,68,-4095
3090733025,12058,7,0,-6,32,62,-4089
3090734025,12058,4,-5,-8,15,48,-4082
3090735025,12058,7,-3,-4,9,30,-4065
3090736025,12058,2,-2,-4,4,36,-4085
3090737025,12058,7,-2,-8,0,40,-4069
3090738025,12058,6,0,-3,5,50,-4061
3090739025,12058,3,-3,-3,13,59,-4068
3090740025,12058,5,-1,-8,24,70,-4085
3090741025,12058,4,-1,-7,24,49,-4086
3090742025,12058,8,-4,-4,22,46,-4105
3090743025,12058,7,-4,-10,33,28,-4108
3090744025,12058,5,-9,-9,19,1,-4096
3090745025,12058,8,-5,-3,9,-1,-4099
3090746025,12058,6,3,-8,-17,-28,-4099
3090747025,12058,4,-3,-1,-6,-44,-4091
3090748025,12058,4,-3,0,8,-28,-4091
3090749025,12058,0,-1,-2,10,-13,-4091
3090750025,12058,4,-6,-4,2,-6,-4091
3090751025,12058,3,-7,-1,5,0,-4092
3090752025,12058,2,-6,-4,4,24,-4084
3090753025,12058,6,-3,-4,14,32,-4101
3090754025,12058,3,-5,-6,8,36,-4099
3090755025,12058,8,-5,-5,10,48,-4109
3090756025,12058,7,-2,-3,13,24,-4094
3090757025,12058,6,0,-5,-2,23,-4112
3090758025,12058,5,-2,0,25,42,-4097
3090759025,12058,1,0,-5,14,34,-4071
3090760025,12058,8,-9,-2,17,53,-4079
3090761025,12058,2,0,0,16,59,-4073
3090762025,12058,-1,-3,-2,6,64,-4076
3090763025,12058,4,-5,-6,7,50,-4079
3090764025,12058,-1,0,-7,9,50,-4085
3090765025,12058,3,-3,-5,2,52,-4092
3090766025,12058,7,-6,-13,4,50,-4112
3090767025,12058,2,-2,-5,17,35,-4104
3090768025,12058,7,-7,-5,19,39,-4103
3090769025,12058,11,-7,-2,9,34,-4089
3090770025,12058,1,-2,-3,-14,27,-4083
3090771025,12058,3,-7,-2,-9,34,-4095
3090772025,12058,3,-6,-4,10,46,-4071
3090773025,12058,4,-2,-6,20,41,-4081
3090774025,12058,5,-6,-8,21,32,-4091
3090775025,12058,2,-3,-4,19,9,-4094
3090776025,12058,6,-6,-4,13,21,-4087
3090777025,12058,-1,0,-4,7,23,-4084
3090778025,12058,1,4,-4,6,12,-4108
3090779025,12058,5,-3,-1,8,0,-4108
3090780025,12058,-1,-4,-1,-54,15,-4074
3090781025,12058,8,-9,-7,-72,25,-4083
3090782025,12058,9,-2,-1,-126,21,-4083
3090783025,12058,7,2,-3,-51,-14,-4084
3090784025,12058,10,-5,-1,58,-4,-4108
3090785025,12058,1,-3,2,54,13,-4134
3090786025,12058,4,-3,-1,58,18,-4132
3090787025,12058,6,-1,1,27,5,-4095
3090788025,12058,1,2,-4,24,0,-4118
3090789025,12058,2,0,0,54,10,-4094
3090790025,12058,4,-2,2,67,22,-4078
3090791025,12058,11,-1,0,67,10,-4075
3090792025,12058,3,-2,2,45,8,-4068
3090793025,12058,10,-3,-5,36,24,-4051
3090794025,12058,3,-7,1,35,37,-4054
3090795025,12058,4,-11,-5,18,38,-4065
3090796025,12058,4,-7,-3,2,44,-4072
3090797025,12058,-5,-6,-3,-12,61,-4085
3090798025,12058,-3,-8,-5,-19,36,-4093
3090799025,12058,4,0,1,-28,29,-4103
3090800025,12058,4,-5,-9,-22,41,-4117
3090801025,12058,3,-2,-5,-36,53,-4091
3090802025,12058,2,2,-4,-6,69,-4103
3090803025,12058,1,2,-8,8,66,-4109
3090804026,12058,1,-3,-9,-11,61,-4081
3090805027,12058,5,-5,-5,-75,34,-4093
3090806025,12057,3,1,-9,-133,60,-4104
3090807025,12057,5,0,-10,-42,30,-4035
3090808025,12057,4,2,-6,6,22,-4101
3090809025,12057,5,6,-10,1,41,-4131
3090810025,12057,7,0,-7,39,48,-4133
3090811025,12057,5,-5,-11,34,37,-4095
3090812025,12057,6,3,-6,5,45,-4102
3090813025,12057,11,5,-8,19,11,-4102
3090814025,12057,7,1,-9,39,-6,-4098
3090815025,12057,3,2,-6,59,-1,-4089
3090816025,12057,6,-2,-5,59,27,-4083
3090817025,12058,6,-3,-8,53,6,-4068
3090818025,12058,4,2,-4,53,4,-4053
3090819025,12058,9,-5,-10,52,-9,-4054
3090820025,12058,4,-6,-6,46,-3,-4077
3090821025,12058,2,-6,-8,43,-15,-4067
3090822025,12058,4,0,-5,50,-18,-4053
3090823025,12058,5,-4,-4,32,-14,-4065
3090824025,12058,4,-5,-3,34,-26,-4089
3090825025,12058,2,0,0,27,-17,-4105
3090826025,12058,5,-3,-2,29,-3,-4080
3090827025,12058,2,-8,1,20,11,-4099
3090828025,12058,4,5,-7,28,10,-4103
3090829025,12058,7,-3,-3,10,25,-4101
3090830025,12058,7,-10,-4,26,30,-4103
3090831025,12059,2,-7,-7,0,47,-4094
3090832025,12059,8,-2,-2,-10,51,-4119
3090833025,12059,6,-5,0,-4,45,-4118
3090834025,12059,2,-6,-5,-14,32,-4107
3090835025,12059,4,-6,-3,-7,44,-4105
3090836025,12059,6,-2,-2,-13,41,-4092
3090837025,12059,2,-4,2,-25,50,-4100
3090838025,12059,8,-6,-2,-20,57,-4102
3090839025,12058,4,-2,4,-18,65,-4080
3090840025,12058,6,-3,2,-32,59,-4061
3090841025,12058,3,-2,4,-34,60,-4065
3090842025,12058,10,-9,2,-42,76,-4069
3090843025,12058,2,-7,0,-43,74,-4051
3090844025,12058,9,-7,6,-52,53,-4082
3090845025,12058,13,-12,8,-75,47,-4072
3090846025,12058,-1,-6,12,-93,59,-4078
3090847025,12058,5,-7,15,-113,40,-4090
3090848025,12058,6,-7,13,-118,28,-4078
3090849025,12058,6,-12,14,-147,23,-4095
3090850025,12058,2,-8,23,-154,14,-4101
3090851025,12058,4,-12,27,-175,19,-4092
3090852025,12058,5,-10,37,-219,14,-4107
3090853025,12058,-2,-16,40,-257,32,-4108
3090854025,12058,3,-14,42,-276,6,-4121
3090855025,12058,5,1,48,-236,-5,-4147
3090856025,12058,4,-11,42,-146,-93,-4171
3090857025,12058,5,-6,38,-72,-123,-4179
3090858025,12058,6,-3,41,-64,-128,-4128
3090859025,12058,1,1,42,-61,-113,-4122
3090860025,12058,5,5,33,-44,-96,-4082
3090861025,12058,9,6,26,31,-60,-4052
3090862025,12058,13,6,27,83,-15,-4018
3090863025,12057,7,8,19,92,-6,-4015
3090864025,12057,10,5,15,80,4,-4025
3090865025,12057,6,3,14,75,18,-3995
3090866025,12057,9,-2,13,58,46,-4000
3090867025,12057,7,-10,8,82,82,-4032
3090868025,12057,8,-9,5,85,104,-4050
3090869025,12057,10,-4,10,96,119,-4061
3090870025,12057,8,-10,11,54,133,-4083
3090871025,12057,9,-10,10,30,145,-4095
3090872025,12057,6,-13,7,11,150,-4099
3090873025,12057,7,-12,4,11,154,-4101
3090874025,12057,2,-6,11,-12,155,-4092
3090875025,12057,6,-13,8,-41,149,-4104
3090876025,12058,2,-12,14,-118,140,-4084
3090877025,12058,9,-18,20,-158,114,-4090
3090878025,12058,7,-18,18,-174,80,-4102
3090879025,12058,4,-12,19,-183,41,-4110
3090880025,12058,8,-13,15,-166,-7,-4166
3090881025,12058,10,-9,25,-127,-44,-4160
3090882025,12059,0,-9,24,-91,-57,-4164
3090883025,12059,4,-14,22,-125,-80,-4154
3090884025,12059,0,-5,15,-155,-62,-4097
3090885025,12059,7,-2,10,-161,-78,-4058
3090886025,12059,4,-6,0,-76,-103,-4017
3090887025,12059,2,-1,10,-40,-109,-4000
3090888025,12060,8,-13,-8,-161,-170,-3956
3090889025,12060,2,-15,-16,-278,-299,-3901
3090890025,12060,-11,-18,-30,-183,-359,-3885
3090891025,12060,-23,-18,-44,-174,-360,-4090
3090892025,12060,-19,-16,-54,-124,-96,-4165
3090893025,12060,-12,-15,-63,-261,210,-4187
3090894025,12060,9,-7,-71,-365,371,-4132
3090895025,12060,14,9,-73,-459,398,-4071
3090896025,12060,15,10,-74,-392,356,-4127
3090897025,12060,25,27,-69,-236,186,-4278
3090898025,12061,11,29,-62,90,196,-4402
3090899025,12061,18,26,-55,60,228,-4320
3090900025,12061,13,31,-43,217,154,-4059
3090901025,12062,9,38,-37,241,77,-4023
3090902025,12063,1,31,-29,357,37,-4025
3090903025,12063,0,20,-19,454,77,-3910
3090904025,12064,-1,3,-20,494,82,-3827
3090905025,12065,0,-2,-17,430,108,-3772
3090906025,12066,3,-24,-24,319,57,-3739
3090907025,12067,4,-38,-17,232,-41,-3780
3090908025,12068,-1,-51,-25,72,-129,-3902
3090909025,12069,1,-50,-27,-117,-128,-4047
3090910025,12070,5,-57,-37,-186,-103,-4133
3090911025,12071,3,-40,-33,-314,-99,-4283
3090912025,12072,-1,-33,-33,-422,-47,-4380
3090913025,12073,0,-28,-30,-396,41,-4413
3090914025,12074,0,-14,-25,-507,70,-4397
3090915025,12074,10,-7,-19,-464,67,-4465
3090916025,12075,3,19,-10,-410,54,-4444
3090917025,12076,5,32,-3,-174,24,-4336
3090918025,12077,7,34,1,30,-52,-4156
3090919025,12077,6,32,10,48,-78,-4093
3090920025,12078,8,25,11,70,-102,-3954
3090921025,12079,-1,19,19,96,-111,-3835
3090922025,12079,-5,14,24,176,-62,-3789
3090923025,12080,0,3,24,234,-26,-3800
3090924025,12080,-8,-8,28,239,-10,-3853
3090925025,12080,7,-19,22,166,-10,-3940
3090926025,12081,3,-21,18,70,-18,-3955
3090927025,12081,2,-30,15,10,-28,-3991
3090928025,12081,6,-28,9,-30,-86,-4006
3090929025,12081,-4,-40,6,-138,-115,-4037
3090930025,12081,-6,-40,-5,-273,-138,-4125
3090931025,12081,-7,-27,-7,-405,10,-4259
3090932025,12080,-2,-13,-9,-494,233,-4359
3090933025,12080,1,-2,-12,-466,314,-4332
3090934025,12080,10,9,-9,-337,357,-4182
3090935025,12079,13,17,-18,-194,219,-4234
3090936025,12079,8,22,-22,-87,105,-4226
3090937025,12079,8,25,-26,-66,42,-4233
3090938025,12078,10,18,-23,-68,34,-4100
3090939025,12078,0,21,-22,-82,76,-3983
3090940025,12078,-1,27,-13,4,117,-3982
3090941025,12078,-2,17,-16,140,139,-3917
3090942025,12078,1,6,-11,173,142,-3927
3090943025,12078,5,6,-11,113,170,-3967
3090944025,12078,12,-1,-7,53,161,-3973
3090945025,12079,8,-6,-3,35,86,-3995
3090946025,12079,1,-8,-3,56,68,-4025
3090947025,12079,7,-18,-4,53,8,-4112
3090948025,12080,3,-13,-4,-13,-25,-4201
3090949025,12081,1,-8,0,-64,-43,-4179
3090950025,12082,4,-6,4,-61,-52,-4175
3090951025,12083,-2,5,4,-35,-41,-4137
3090952025,12083,4,-2,4,50,-64,-4166
3090953025,12084,2,0,-5,82,-75,-4147
3090954025,12086,9,-5,-5,27,-66,-4125
3090955025,12087,7,-5,-3,49,-93,-4083
3090956025,12088,5,8,-10,73,-169,-4033
3090957025,12089,5,6,-21,129,-233,-4152
3090958025,12090,6,-4,-28,249,-184,-4067
3090959025,12091,2,-2,-36,124,-114,-4020
3090960025,12092,1,-11,-36,28,-98,-4026
3090961025,12094,3,-2,-46,-81,-20,-4008
3090962025,12095,-1,12,-48,9,12,-4019
3090963025,12096,1,1,-56,148,79,-4030
3090964025,12097,5,0,-60,150,113,-4139
3090965025,12098,2,8,-58,139,146,-4225
3090966025,12099,5,13,-59,236,191,-4154
3090967025,12100,0,21,-56,330,215,-4127
3090968025,12101,7,20,-54,366,219,-4108
3090969025,12102,11,21,-49,387,247,-4111
3090970025,12102,12,14,-43,397,188,-4056
3090971025,12103,12,9,-42,345,185,-4034
3090972025,12104,10,5,-31,337,114,-4013
3090973025,12105,7,0,-21,345,66,-3974
3090974025,12105,1,-3,-21,365,90,-4008
3090975025,12106,1,-9,-14,285,75,-4049
3090976025,12106,2,-15,-3,228,106,-4112
3090977025,12107,5,-18,5,159,116,-4130
3090978025,12107,0,-13,4,92,94,-4120
3090979025,12107,3,-15,14,80,56,-4135
3090980025,12108,-4,-7,24,68,-3,-4178
3090981025,12108,0,-9,35,58,-41,-4195
3090982025,12108,2,-7,38,25,-83,-4216
3090983025,12108,-3,0,42,22,-107,-4199
3090984025,12108,2,-2,45,100,-168,-4163
3090985025,12107,0,7,44,214,-185,-4141
3090986025,12107,-1,13,40,314,-190,-4130
3090987025,12107,-3,10,36,382,-179,-4081
3090988025,12106,-1,15,29,408,-160,-4063
3090989025,12106,3,14,17,426,-119,-4019
3090990025,12105,9,18,10,423,-65,-3959
3090991025,12104,6,15,0,412,0,-3951
3090992025,12103,9,7,1,410,-2,-3945
3090993025,12103,10,4,-3,394,33,-3988
3090994025,12102,10,-2,-1,362,54,-4015
3090995025,12101,7,-7,-4,343,70,-4044
3090996025,12100,4,-11,-7,310,112,-4049
3090997025,12100,4,-9,-2,281,136,-4075
3090998025,12099,3,-13,2,253,210,-4102
3090999025,12099,-2,-17,1,173,259,-4115
3091000025,12098,1,-14,5,67,269,-4100
3091001025,12098,1,-10,4,45,261,-4095
3091002025,12098,-1,-12,4,-31,207,-4115
3091003025,12097,10,-9,2,-89,152,-4107
3091004025,12097,-3,-7,4,-84,102,-4132
3091005025,12097,3,-1,10,-98,50,-4148
3091006025,12097,9,-1,2,-100,57,-4152
3091007025,12097,3,-1,-4,-85,30,-4158
3091008025,12097,1,-1,-4,-49,1,-4155
3091009025,12097,0,5,-10,-30,-10,-4150
3091010025,12098,1,4,-12,-17,-6,-4144
3091011025,12098,9,-1,-19,15,-10,-4136
3091012025,12098,0,4,-17,30,-14,-4119
3091013025,12098,9,-2,-23,30,-26,-4095
3091014025,12099,8,2,-24,50,-39,-4080
3091015025,12099,3,7,-27,60,-37,-4061
3091016025,12100,4,-6,-27,61,-24,-4064
3091017025,12100,2,-4,-22,76,-16,-4052
3091018025,12101,4,-4,-23,61,-23,-4040
3091019025,12101,2,-7,-22,58,-8,-4028
3091020025,12102,3,-6,-20,60,-10,-4022
3091021025,12102,-1,-6,-19,60,4,-4019
3091022025,12103,1,0,-16,42,2,-4009
3091023025,12103,0,-9,-11,44,36,-4036
3091024025,12104,4,-12,-18,29,18,-4046
3091025025,12104,6,-5,-13,17,35,-4066
3091026025,12105,4,-6,-10,29,22,-4066
3091027025,12105,-1,-4,-13,4,26,-4095
3091028025,12105,4,-3,-8,-1,28,-4108
3091029025,12105,3,-2,-18,14,25,-4111
3091030025,12106,7,-8,-12,15,14,-4126
3091031025,12106,1,-3,-12,-4,32,-4122
3091032025,12106,4,-12,-15,3,52,-4105
3091033025,12106,6,-5,-20,24,38,-4100
3091034025,12106,8,-2,-16,22,65,-4099
3091035025,12105,6,-5,-14,15,56,-4103
3091036025,12105,6,-1,-10,22,47,-4110
3091037025,12105,4,2,-12,22,54,-4110
3091038025,12105,6,-5,-7,36,54,-4098
3091039025,12104,2,-4,-9,24,42,-4088
3091040025,12104,7,-3,-3,38,45,-4077
3091041025,12103,4,-2,-5,24,36,-4070
3091042025,12103,6,-3,-1,34,39,-4080
3091043025,12103,3,2,-2,51,27,-4071
3091044025,12102,3,3,-2,44,20,-4069
3091045025,12102,12,1,0,41,22,-4075
3091046025,12101,1,2,0,42,15,-4076
3091047025,12101,6,0,-3,55,14,-4069
3091048026,12100,5,-9,3,40,5,-4104
3091049025,12100,-1,-1,3,35,14,-4089
3091050025,12100,4,1,3,25,-4,-4111
3091051025,12099,7,-4,-1,27,-1,-4114
3091052025,12099,3,-3,0,16,5,-4110
3091053025,12099,10,-6,0,2,-10,-4102
3091054025,12099,4,-6,3,-2,11,-4111
3091055025,12099,5,-1,2,2,4,-4113
3091056025,12099,4,-1,-5,-10,-3,-4102
3091057025,12099,8,-7,-2,-6,-14,-4111
3091058025,12098,4,-4,-4,6,5,-4106
3091059025,12098,4,-5,-8,1,11,-4099
3091060025,12099,4,-2,-11,-7,23,-4101
3091061025,12099,4,-7,-9,-8,31,-4107
3091062025,12099,8,-10,-11,-27,25,-4112
3091063025,12099,5,-5,-13,-23,30,-4083
3091064025,12099,7,-10,-11,-15,34,-4107
3091065025,12099,7,-3,-13,-32,35,-4083
3091066025,12100,3,-7,-11,-55,22,-4071
3091067025,12100,4,-5,-6,-62,-1,-4081
3091068025,12100,5,-6,-9,-65,23,-4079
3091069025,12100,2,-4,-7,-46,37,-4082
3091070025,12101,11,-8,-10,-42,39,-4082
3091071025,12101,3,-3,-7,-43,32,-4068
3091072025,12101,5,-11,-13,-35,23,-4095
3091073025,12101,3,-1,-11,-22,31,-4095
3091074025,12102,5,-6,-15,-11,23,-4106
3091075025,12102,13,-2,-17,8,17,-4100
3091076025,12102,4,-1,-13,21,28,-4108
3091077025,12102,5,-10,-10,23,10,-4100
3091078025,12102,0,-4,-10,26,9,-4089
3091079025,12103,11,2,-15,32,12,-4081
3091080025,12103,3,-6,-12,18,21,-4089
3091081025,12103,0,-7,-9,30,7,-4077
3091082025,12103,6,-4,-5,30,17,-4079
3091083025,12103,11,-6,-3,30,4,-4072
3091084025,12103,5,1,-6,16,5,-4082
3091085025,12103,7,-9,-9,18,7,-4096
3091086025,12103,6,-13,-8,29,10,-4087
3091087025,12103,5,-9,-7,14,21,-4077
3091088025,12103,7,0,-6,11,11,-4082
3091089025,12102,3,-2,2,1,5,-4091
3091090025,12102,5,-4,-5,-4,19,-4090
3091091025,12102,10,-9,-5,7,10,-4076
3091092025,12102,3,2,0,7,18,-4087
3091093025,12102,12,-6,-2,19,30,-4092
3091094025,12101,13,-12,-11,-5,7,-4106
3091095025,12101,6,0,-3,14,26,-4108
3091096025,12101,1,-4,-8,14,33,-4108
3091097025,12101,4,-7,-8,4,41,-4091
3091098025,12101,4,-8,-9,21,36,-4095
3091099025,12100,4,-6,-9,15,42,-4093
3091100025,12100,6,-3,-5,-1,46,-4092
3091101025,12100,4,-8,-9,7,45,-4094
3091102025,12100,-2,-1,-8,8,51,-4105
3091103025,12100,2,-5,-3,7,49,-4093
3091104025,12100,-1,-8,-7,8,68,-4090
3091105025,12100,11,-2,-2,13,65,-4110
3091106025,12100,-1,-6,-7,10,60,-4098
3091107025,12100,5,-5,-12,6,32,-4101
3091108025,12100,4,-4,-6,18,60,-4103
3091109025,12100,6,-6,-8,15,54,-4100
3091110025,12100,3,0,-5,7,55,-4093
3091111025,12100,-3,-4,-8,1,53,-4087
3091112025,12100,4,-7,-9,19,30,-4085
3091113025,12100,1,-1,-6,11,32,-4098
3091114025,12100,7,-5,-6,18,44,-4096
3091115025,12100,6,-2,-9,12,41,-4095
3091116025,12101,0,-2,-15,36,42,-4098
3091117025,12101,7,-3,-14,14,26,-4107
3091118025,12101,2,-7,-12,13,36,-4104
3091119025,12101,1,-3,-15,-1,25,-4106
3091120025,12101,2,-4,-8,11,22,-4118
3091121025,12101,5,-6,-15,19,13,-4092
3091122025,12102,6,-5,-11,-5,18,-4093
3091123025,12102,8,-3,-9,-7,20,-4087
3091124025,12102,0,3,-9,6,14,-4092
3091125025,12102,0,0,-12,-4,6,-4074
3091126025,12102,6,-2,-8,11,0,-4098
3091127025,12102,2,4,-8,26,32,-4073
3091128025,12102,2,-2,-4,17,17,-4097
3091129025,12102,4,0,-4,25,24,-4075
3091130025,12102,7,-3,-11,18,36,-4094
3091131025,12102,11,-6,-5,21,21,-4088
3091132025,12102,9,-5,-11,41,7,-4099
3091133025,12102,6,-5,-8,30,30,-4103
3091134025,12102,4,-1,-8,14,29,-4088
3091135025,12102,1,-1,-4,32,26,-4088
3091136025,12102,4,-7,-7,27,26,-4076
3091137025,12102,3,-4,-2,29,31,-4077
3091138025,12102,6,-1,-5,37,13,-4075
3091139025,12102,5,-3,-5,17,11,-4106
3091140025,12102,8,-1,2,13,18,-4109
3091141025,12102,7,-4,0,26,16,-4085
3091142025,12102,7,-4,-7,-3,24,-4085
3091143025,12102,4,-3,-7,2,15,-4095
3091144025,12102,9,-7,-7,9,40,-4084
3091145025,12101,2,2,-4,8,7,-4078
3091146025,12101,5,-2,-6,22,26,-4085
3091147025,12101,5,0,-7,18,18,-4085
3091148025,12101,0,3,1,29,20,-4086
3091149025,12101,0,1,-4,27,37,-4092
3091150025,12101,6,1,0,27,29,-4097
3091151025,12101,5,-5,-2,17,17,-4098
3091152025,12101,4,-4,-1,23,32,-4099
3091153025,12101,0,-6,-4,25,14,-4108
3091154025,12101,3,-1,-5,15,27,-4089
3091155025,12101,2,-7,-10,13,26,-4089
3091156025,12101,5,-4,-2,26,24,-4074
3091157025,12101,4,-2,-5,7,14,-4068
3091158025,12101,1,-6,-3,16,47,-4073
3091159025,12101,3,-4,-5,24,21,-4087
3091160025,12101,8,-5,-7,19,24,-4086
3091161025,12101,5,-4,-5,18,23,-4086
3091162025,12101,5,-5,-8,6,23,-4084
3091163025,12101,9,-7,-5,7,11,-4080
3091164025,12101,9,2,-8,3,24,-4099
3091165025,12101,3,-5,-2,13,8,-4089
3091166025,12101,5,-4,-6,9,10,-4093
3091167025,12101,4,-3,-6,25,5,-4077
3091168025,12101,8,-7,-11,12,0,-4086
3091169025,12101,11,-7,-8,13,20,-4069
3091170025,12101,7,-7,-5,24,11,-4081
3091171025,12101,7,-1,-6,16,14,-4100
3091172025,12102,7,-4,-3,38,19,-4074
3091173025,12102,6,-10,-3,18,6,-4102
3091174025,12102,10,-8,-6,3,1,-4087
3091175025,12102,-1,-5,-1,10,11,-4094
3091176025,12102,8,-5,-10,26,26,-4085
3091177025,12102,7,-7,-7,6,25,-4096
3091178025,12102,6,-7,-5,7,29,-4086
3091179025,12102,5,-7,-3,7,26,-4093
3091180025,12102,7,-6,0,9,19,-4081
3091181025,12102,8,-5,-6,16,31,-4084
3091182025,12102,5,-6,-8,29,38,-4055
3091183025,12102,8,-5,-5,29,28,-4083
3091184025,12102,8,-5,-2,24,35,-4077
3091185025,12102,5,-5,-7,12,33,-4087
3091186025,12102,3,-3,-2,6,32,-4095
3091187025,12102,9,-1,-4,18,37,-4086
3091188025,12102,1,1,-3,27,35,-4104
3091189025,12102,4,-13,-5,17,30,-4097
3091190025,12101,5,-3,-3,27,56,-4095
3091191025,12101,3,-2,0,16,38,-4095
3091192025,12101,6,-5,-4,8,40,-4089
3091193025,12101,-1,-2,-6,11,37,-4090
3091194025,12101,9,-2,-2,15,41,-4082
3091195025,12101,7,-5,-5,11,25,-4093
3091196025,12101,0,-2,-2,12,30,-4108
3091197025,12101,5,-3,-2,30,32,-4099
3091198025,12101,7,0,-3,22,36,-4087
3091199025,12101,8,-9,-1,16,21,-4089
3091200025,12101,4,-7,-2,12,31,-4095
3091201025,12101,9,-7,-4,12,20,-4099
3091202025,12101,5,-5,1,22,19,-4088
3091203025,12101,10,-6,-4,17,12,-4089
3091204025,12101,12,-5,-5,9,23,-4070
3091205025,12101,3,-2,-8,45,-16,-4068
3091206025,12101,7,-4,-11,56,13,-4125
3091207025,12101,-1,-4,-5,46,29,-4126
3091208025,12101,5,-13,-4,8,32,-4095
3091209025,12101,4,-1,-3,6,15,-4062
3091210025,12101,0,-7,-8,9,1,-4096
3091211025,12101,4,-1,-7,-7,17,-4131
3091212025,12101,3,1,-4,16,30,-4120
3091213025,12101,4,-3,-6,7,48,-4083
3091214025,12101,4,-7,-7,-6,47,-4087
3091215025,12101,4,2,-4,5,11,-4102
3091216025,12101,7,-2,-3,2,5,-4098
3091217025,12101,4,-6,-4,0,5,-4089
3091218025,12101,7,-6,-4,15,7,-4101
3091219025,12101,10,-7,-5,26,21,-4096
3091220025,12101,5,-1,-5,32,10,-4083
3091221025,12101,4,-4,-2,28,17,-4082
3091222025,12101,2,1,-5,32,8,-4100
3091223025,12101,7,-1,-9,45,27,-4093
3091224025,12101,7,-6,-5,33,18,-4091
3091225025,12101,9,-3,-8,39,35,-4087
3091226025,12101,10,-3,-11,16,15,-4086
3091227025,12101,11,-8,-6,4,20,-4087
3091228025,12101,8,-3,-4,16,25,-4083
3091229025,12101,3,-3,-4,20,17,-4098
3091230025,12101,5,-6,-7,6,15,-4093
3091231025,12101,1,-1,-5,10,28,-4112
3091232025,12101,11,-5,0,-5,19,-4094
3091233025,12101,1,-3,-4,8,19,-4103
3091234025,12101,5,2,-5,-7,36,-4105
3091235025,12101,10,-6,-6,2,35,-4073
3091236025,12101,4,-2,-1,0,25,-4107
3091237025,12101,7,-1,-4,-3,21,-4078
3091238025,12101,3,-3,-1,-8,22,-4091
3091239025,12101,6,3,0,12,44,-4078
3091240025,12101,4,-8,-1,17,22,-4080
3091241025,12101,4,-5,0,32,31,-4080
3091242025,12101,5,-10,-2,27,23,-4092
3091243025,12101,3,-9,-6,30,21,-4091
3091244025,12101,0,0,-2,29,32,-4097
3091245025,12101,8,-6,-1,18,32,-4071
3091246025,12101,7,-4,-5,26,23,-4075
3091247025,12101,2,-3,-2,26,18,-4073
3091248025,12101,6,-5,-4,19,16,-4062
3091249025,12101,3,-1,-7,29,40,-4069
3091250025,12101,6,0,-2,13,19,-4074
3091251025,12101,6,-1,-2,15,18,-4072
3091252025,12101,4,-7,-7,52,26,-4081
3091253025,12101,10,-1,-3,60,33,-4104
3091254025,12101,9,-6,-6,38,28,-4123
3091255025,12101,6,-6,-9,-3,20,-4113
3091256025,12101,2,-2,-4,19,-8,-4095
3091257025,12101,3,2,-7,20,12,-4084
3091258025,12101,4,-7,-6,-34,47,-4087
3091259025,12101,6,-5,-5,3,24,-4100
3091260025,12101,2,0,-6,61,18,-4103
3091261025,12101,5,-7,-2,24,61,-4147
3091262025,12101,3,-12,-5,-20,53,-4138
3091263025,12101,-2,-7,1,-32,24,-4074
3091264025,12101,7,-2,-2,-26,21,-4079
3091265025,12101,2,-3,-4,23,19,-4089
3091266025,12101,5,-5,-4,26,38,-4107
3091267025,12101,9,-7,-9,12,56,-4108
3091268025,12101,5,-5,-11,33,44,-4084
3091269025,12101,4,-4,-10,14,31,-4044
3091270025,12101,6,-6,-7,20,19,-4064
3091271025,12101,-1,-3,-8,31,4,-4050
3091272025,12101,3,-5,-8,34,23,-4070
3091273025,12101,5,-1,-10,46,30,-4079
3091274025,12101,3,-4,-7,48,10,-4079
3091275025,12101,4,-8,-9,42,37,-4071
3091276025,12101,2,2,-3,23,25,-4080
3091277025,12101,3,-7,-11,27,38,-4093
3091278025,12101,2,-8,-7,29,43,-4099
3091279025,12101,3,-5,-8,3,51,-4103
3091280025,12101,5,0,-5,-2,47,-4106
3091281025,12101,5,-8,-4,-10,35,-4086
3091282025,12101,3,-4,-2,-14,34,-4094
3091283025,12101,5,-4,-3,3,31,-4103
3091284025,12101,3,-7,-6,-4,28,-4106
3091285025,12101,3,4,-4,1,32,-4100
3091286025,12101,3,-8,-8,7,15,-4109
3091287025,12101,5,-8,-11,15,16,-4096
3091288025,12101,6,-9,-7,24,27,-4109
3091289025,12101,3,-4,-12,14,27,-4110
3091290025,12101,4,-3,-7,16,9,-4095
3091291025,12101,7,-2,-7,22,8,-4072
3091292025,12101,6,-3,-6,10,7,-4075
3091293025,12101,5,1,-4,17,23,-4068
3091294025,12101,1,-2,-2,22,20,-4058
3091295025,12101,6,0,-7,29,17,-4086
3091296025,12101,6,-6,-10,25,24,-4064
3091297025,12101,5,-4,-8,37,21,-4084
3091298025,12101,5,-1,-8,52,17,-4084
3091299025,12101,0,-2,-8,28,28,-4096
3091300025,12101,3,-1,-5,20,30,-4101
3091301025,12101,2,-5,-9,25,18,-4097
3091302025,12101,3,-8,-7,2,22,-4090
3091303025,12101,-1,2,-7,7,31,-4083
3091304025,12101,7,-7,-3,16,27,-4083
3091305025,12101,4,-5,-1,4,48,-4091
3091306025,12101,7,-3,-3,17,40,-4077
3091307025,12101,2,-7,-6,3,33,-4104
3091308025,12101,-2,-4,-5,17,27,-4107
3091309025,12101,3,-6,-8,8,37,-4103
3091310025,12101,-2,-6,-8,10,28,-4105
3091311025,12101,3,-4,-3,0,22,-4109
3091312025,12101,3,-6,-8,14,23,-4106
3091313025,12101,2,-1,-9,14,19,-4092
3091314025,12101,-1,-4,-4,25,27,-4080
3091315025,12101,2,-7,-3,19,23,-4085
3091316025,12101,5,-6,-8,17,16,-4076
3091317025,12101,2,-1,-5,12,31,-4070
3091318025,12101,3,0,-7,19,26,-4072
3091319025,12101,2,-3,-3,31,20,-4089
3091320025,12101,1,-4,-8,18,38,-4079
3091321025,12101,7,0,-7,16,29,-4089
3091322025,12101,2,-5,-11,30,17,-4084
3091323025,12101,2,-5,-12,28,13,-4091
3091324025,12101,8,-1,-11,24,25,-4101
3091325025,12101,7,-8,-7,14,17,-4090
3091326025,12101,0,-7,-2,15,29,-4089
3091327025,12101,2,-6,-6,14,2,-4085
3091328025,12101,10,-10,-9,20,29,-4096
3091329025,12101,4,-3,-7,12,19,-4083
3091330025,12101,4,-6,-4,18,10,-4087
3091331025,12101,9,-8,-8,22,28,-4104
3091332025,12101,3,-1,-9,17,12,-4097
3091333025,12101,-1,-6,-6,7,27,-4099
3091334025,12101,0,-2,-3,18,6,-4110
3091335025,12101,3,0,-5,13,14,-4101
3091336025,12101,7,-9,-12,-6,17,-4094
3091337025,12101,5,-4,-8,7,26,-4092
3091338025,12101,6,-7,-4,17,28,-4086
3091339025,12101,0,-2,-5,13,34,-4090
3091340025,12101,5,-1,0,10,8,-4082
3091341025,12101,8,-6,-8,9,23,-4089
3091342025,12101,0,-6,-6,0,32,-4085
3091343025,12101,7,-5,-11,9,23,-4092
3091344025,12101,-2,0,-4,19,31,-4084
3091345025,12101,3,-2,-6,22,27,-4083
3091346025,12101,4,-6,-6,13,26,-4093
3091347025,12101,1,-4,-3,15,30,-4095
3091348025,12101,8,-2,-6,13,39,-4088
3091349025,12101,5,-6,1,16,29,-4100
3091350025,12101,-1,-4,-4,11,48,-4087
3091351025,12101,11,-2,-2,12,35,-4077
3091352025,12101,0,-6,-7,25,35,-4103
3091353025,12101,3,-2,-9,31,18,-4099
3091354025,12101,6,-1,-1,5,34,-4082
3091355025,12101,10,-5,-12,23,37,-4077
3091356025,12101,8,-4,-7,33,31,-4098
3091357025,12101,9,-3,-8,18,28,-4100
3091358025,12101,3,-2,-4,18,30,-4080
3091359025,12101,6,-6,-6,18,24,-4086
3091360025,12101,-4,-2,-4,12,19,-4084
3091361025,12101,11,-4,-6,3,28,-4077
3091362025,12101,4,-2,0,17,26,-4074
3091363025,12101,5,-2,-10,14,30,-4084
3091364025,12101,5,-2,-5,21,36,-4083
3091365025,12101,6,-6,-10,26,22,-4089
3091366025,12101,9,-5,-8,27,17,-4085
3091367025,12101,0,-2,-5,33,17,-4086
3091368025,12101,6,-9,-3,25,25,-4094
3091369025,12101,3,-1,-5,17,21,-4115
3091370025,12101,-2,-5,-8,3,36,-4102
3091371025,12101,4,-4,-9,14,8,-4093
3091372025,12101,3,-1,-7,36,18,-4095
3091373025,12101,7,-6,-6,12,13,-4089
3091374025,12101,9,-7,-8,16,24,-4083
3091375025,12101,2,-4,-9,29,7,-4091
3091376025,12101,2,-3,-5,18,12,-4093
3091377025,12101,-2,3,-5,14,24,-4090
3091378025,12101,4,-3,-9,26,33,-4097
3091379025,12101,4,-4,-11,26,16,-4076
3091380025,12101,-2,-3,-13,23,20,-4079
3091381025,12101,3,-9,-10,22,22,-4088
3091382025,12101,-3,-1,-9,24,27,-4095
3091383025,12101,3,-2,-9,14,29,-4092
3091384025,12101,5,-4,-3,8,20,-4077
3091385025,12101,4,-8,-10,-2,27,-4078
3091386025,12101,6,-8,-7,6,42,-4072
3091387025,12101,7,-9,-5,12,31,-4073
3091388025,12101,3,-3,-3,9,16,-4073
3091389025,12101,2,-10,-7,20,22,-4089
3091390025,12101,2,-2,-5,29,22,-4085
3091391025,12101,3,-6,-8,26,29,-4088
3091392025,12101,2,-6,-4,19,38,-4096
3091393025,12101,3,-2,-8,-5,33,-4095
3091394025,12101,6,-7,-9,11,22,-4097
3091395025,12101,3,-5,-9,15,28,-4087
3091396025,12101,-1,-2,-2,6,21,-4088
3091397025,12101,7,-9,0,2,8,-4084
3091398025,12101,10,-7,-9,-6,14,-4091
3091399025,12101,5,-4,-6,-7,13,-4088
3091400025,12101,10,-9,-5,18,11,-4089
3091401025,12101,-2,-5,-5,23,25,-4082
3091402025,12101,7,-6,-9,26,19,-4091
3091403025,12101,2,-5,-7,17,24,-4114
3091404025,12101,0,-3,-7,27,19,-4094
3091405025,12101,8,-17,-6,16,15,-4099
3091406025,12101,5,-7,-9,-1,6,-4089
3091407025,12101,6,-8,-11,3,17,-4085
3091408025,12101,5,-4,-3,-5,17,-4077
3091409025,12101,10,-2,-4,-1,12,-4088
3091410025,12101,4,-7,2,17,24,-4085
3091411025,12101,7,-7,-2,11,18,-4093
3091412025,12101,7,-5,-3,5,24,-4096
3091413025,12101,2,-9,-5,9,7,-4107
3091414025,12101,3,-5,-3,26,31,-4087
3091415025,12101,6,-7,-6,23,13,-4111
3091416025,12101,7,-7,-7,3,35,-4099
3091417025,12101,4,-5,-2,14,25,-4091
3091418025,12101,2,-9,-5,9,-1,-4101
3091419025,12101,9,-7,-5,10,25,-4086
3091420025,12101,6,-3,-3,11,20,-4082
3091421025,12101,8,-5,-7,15,34,-4087
3091422025,12101,3,-7,-8,6,14,-4087
3091423025,12101,-1,-8,-3,24,37,-4085
3091424025,12101,6,-7,-7,18,13,-4090
3091425025,12101,1,-3,-2,36,37,-4095
3091426025,12101,3,-3,-3,23,27,-4108
3091427025,12101,5,-10,-2,15,24,-4100
3091428025,12101,1,-4,-3,8,20,-4106
3091429025,12101,1,-4,-4,-10,22,-4097
3091430025,12101,5,-3,-2,13,21,-4077
3091431025,12101,2,-6,-4,15,27,-4078
3091432025,12101,10,-3,-4,8,27,-4087
3091433025,12101,2,-3,1,24,19,-4070
3091434025,12101,7,-6,-6,3,40,-4071
3091435025,12101,5,-4,-5,13,27,-4082
3091436025,12101,-3,-3,-5,26,26,-4090
3091437025,12101,11,-8,-10,16,20,-4101
3091438025,12101,3,-4,-7,12,51,-4105
3091439025,12101,9,-3,-5,12,28,-4084
3091440025,12101,6,-4,-6,14,24,-4089
3091441025,12101,4,-1,-6,-1,32,-4095
3091442025,12101,9,-8,-7,25,20,-4091
3091443025,12101,6,-5,-2,16,45,-4082
3091444025,12101,4,-1,-5,11,17,-4077
3091445025,12101,4,-6,-4,11,33,-4084
3091446025,12101,6,-3,-6,13,24,-4100
3091447025,12101,2,-5,-4,14,37,-4085
3091448025,12101,9,-10,-8,-2,18,-4092
3091449025,12101,4,0,-4,6,31,-4095
3091450025,12101,9,-3,-5,6,33,-4094
3091451025,12101,4,-7,-3,12,29,-4085
3091452025,12101,5,-4,-7,5,40,-4089
3091453025,12101,5,-7,-11,26,22,-4073
3091454025,12101,5,-2,-4,23,19,-4079
3091455025,12101,0,-1,-4,23,30,-4078
3091456025,12101,9,-5,-5,20,29,-4084
3091457025,12101,1,-1,-7,22,26,-4083
3091458025,12101,4,3,-7,8,22,-4089
3091459025,12101,7,-8,-11,22,36,-4096
3091460025,12101,5,-3,-10,17,37,-4098
3091461025,12101,10,-6,-10,-4,25,-4094
3091462025,12101,6,-3,-8,5,32,-4081
3091463025,12101,3,-2,-3,-10,26,-4076
3091464025,12101,6,-8,-3,-16,19,-4081
3091465025,12101,5,2,-3,-18,23,-4085
3091466025,12101,4,1,-6,24,17,-4077
3091467025,12101,8,2,-2,49,27,-4091
3091468025,12101,0,2,-5,42,26,-4093
3091469025,12101,6,-7,-3,45,23,-4081
3091470025,12101,3,-4,-8,41,25,-4096
3091471025,12101,-2,-3,-7,81,-5,-4101
3091472025,12101,6,-7,-8,67,3,-4097
3091473025,12101,0,-7,-3,43,29,-4099
3091474025,12101,6,-4,-12,23,25,-4070
3091475025,12101,1,-8,-6,6,4,-4098
3091476025,12101,-1,-5,-4,15,26,-4086
3091477025,12101,3,-4,-5,20,41,-4077
3091478025,12101,1,-8,-2,28,48,-4067
3091479025,12101,0,-4,-7,-4,38,-4091
3091480025,12101,4,-4,-5,-16,33,-4106
3091481025,12101,4,-10,-11,8,19,-4105
3091482025,12101,3,-7,-6,28,24,-4095
3091483025,12101,5,-6,-9,7,28,-4115
3091484025,12101,7,-1,-5,1,22,-4115
3091485025,12101,3,-5,-5,9,11,-4098
3091486025,12101,1,-2,-4,3,22,-4095
3091487025,12101,2,-5,-6,6,36,-4085
3091488025,12101,8,-5,-8,21,43,-4082
3091489025,12101,3,-6,-6,6,47,-4100
3091490025,12101,4,-3,-9,16,41,-4087
3091491025,12101,7,-4,-11,25,39,-4100
3091492025,12101,5,-7,-9,5,23,-4088
3091493025,12101,10,-11,-9,18,17,-4093
3091494025,12101,3,-2,-5,9,28,-4091
3091495025,12101,11,-6,-8,12,28,-4088
3091496025,12101,4,-7,-5,6,32,-4096
3091497025,12101,-2,-4,-2,4,36,-4084
3091498025,12101,9,-11,-4,-2,30,-4080
3091499025,12101,-4,-1,-6,0,24,-4083
3091500025,12101,2,-7,-5,18,36,-4080
3091501025,12101,4,-5,-3,9,25,-4080
3091502025,12101,1,-2,-2,12,32,-4092
3091503025,12101,3,-7,-5,-1,28,-4084
3091504025,12101,5,-2,-7,4,25,-4088
3091505025,12101,6,-5,-6,8,27,-4092
3091506025,12101,6,-5,-6,19,24,-4100
3091507025,12101,3,-7,-4,26,27,-4101
3091508025,12101,6,-2,-1,42,14,-4095
3091509025,12101,4,-6,-2,13,13,-4090
3091510025,12101,4,-4,-6,21,27,-4083
3091511025,12101,3,-2,-5,12,27,-4083
3091512025,12101,8,-4,-2,19,34,-4096
3091513025,12101,5,-1,-4,15,37,-4090
3091514025,12101,6,-9,-9,10,32,-4098
3091515025,12101,6,-9,-5,12,24,-4104
3091516025,12101,6,-3,-9,23,23,-4090
3091517025,12101,-2,-4,-3,18,29,-4104
3091518025,12101,4,-1,-5,2,31,-4104
3091519025,12101,0,-1,-4,5,39,-4088
3091520025,12101,9,-8,-5,4,25,-4065
3091521025,12101,12,2,-3,-10,29,-4067
3091522025,12101,5,-2,-5,23,27,-4077
3091523025,12101,6,-1,-4,5,28,-4078
3091524025,12101,2,-1,-5,22,18,-4079
3091525025,12101,6,-7,-6,19,25,-4092
3091526025,12101,5,0,-4,15,38,-4092
3091527025,12101,6,-2,-1,-1,33,-4092
3091528025,12101,7,-8,-4,-19,-4,-4097
3091529025,12101,11,-1,2,-68,31,-4063
3091530025,12101,14,-1,3,-46,-16,-4093
3091531025,12101,7,2,5,11,-55,-4121
3091532025,12101,4,3,7,27,-61,-4084
3091533025,12101,11,-11,6,-26,-46,-4076
3091534025,12101,2,-7,9,-68,-45,-4102
3091535025,12101,1,0,10,-47,-24,-4060
3091536025,12101,-3,1,9,-9,-8,-4057
3091537025,12101,6,5,8,40,49,-4115
3091538025,12101,4,-4,3,74,73,-4122
3091539025,12100,10,-2,0,17,36,-4113
3091540025,12100,6,-3,0,10,-1,-4080
3091541025,12100,-1,-1,0,4,-19,-4064
3091542025,12100,5,-5,-5,-3,6,-4056
3091543025,12100,8,-5,6,3,28,-4069
3091544025,12100,4,-1,-1,19,51,-4063
3091545025,12100,-2,-2,-2,29,63,-4067
3091546025,12100,9,-3,-2,21,90,-4087
3091547025,12100,5,0,-5,39,110,-4086
3091548025,12100,0,-5,-5,26,62,-4056
3091549025,12100,3,-9,-4,-64,63,-4103
3091550025,12100,3,-5,-3,-54,65,-4113
3091551025,12100,4,-4,-1,-16,47,-4060
3091552025,12100,-6,-2,-1,-10,33,-4108
3091553025,12100,0,1,3,27,58,-4095
3091554025,12100,7,-2,-4,30,63,-4067
3091555025,12100,4,-1,-2,21,66,-4077
3091556025,12100,-4,-6,-4,24,57,-4080
3091557025,12100,4,-5,-3,24,52,-4111
3091558025,12100,5,-6,-7,32,21,-4100
3091559025,12100,1,-5,-4,31,18,-4100
3091560025,12100,7,-8,-10,27,18,-4092
3091561025,12100,-3,2,-4,29,20,-4091
3091562025,12100,6,-2,-4,21,5,-4077
3091563025,12100,6,-2,-5,50,-1,-4086
3091564025,12100,0,5,-5,46,8,-4075
3091565025,12100,5,-7,-9,47,-3,-4069
3091566025,12100,9,-7,-14,32,19,-4073
3091567025,12100,5,-4,-9,27,4,-4078
3091568025,12100,3,-3,-8,35,-5,-4084
3091569025,12100,4,-10,-5,14,-1,-4082
3091570025,12100,4,-3,-6,18,1,-4099
3091571025,12100,4,-3,-3,22,1,-4098
3091572025,12100,3,-4,-1,14,15,-4100
3091573025,12101,2,-7,-1,33,19,-4102
3091574025,12101,-1,-9,-1,20,20,-4094
3091575025,12101,3,-5,2,14,-2,-4092
3091576025,12101,6,-9,2,-6,24,-4081
3091577025,12101,1,-4,1,19,26,-4089
3091578025,12101,8,-4,3,-11,13,-4106
3091579025,12101,1,-6,-3,-21,36,-4099
3091580025,12101,5,-6,6,-56,27,-4068
3091581025,12101,9,1,8,-72,15,-4057
3091582025,12101,4,-3,1,-72,-2,-4108
3091583025,12101,9,-8,4,2,-26,-4131
3091584025,12101,7,-11,6,7,-51,-4100
3091585025,12101,1,-15,7,-40,-35,-4124
3091586025,12101,7,-4,11,-58,-52,-4099
3091587025,12101,2,-15,8,-88,-13,-4058
3091588025,12101,1,-7,12,-82,48,-4079
3091589025,12101,2,-5,17,-63,82,-4069
3091590025,12101,3,-8,13,-76,84,-4105
3091591025,12101,2,-3,15,-65,73,-4103
3091592025,12100,8,-7,12,-49,56,-4096
3091593025,12100,5,-4,15,-51,51,-4099
3091594025,12100,4,-6,14,-85,33,-4111
3091595025,12100,7,-4,13,-94,43,-4118
3091596025,12100,5,0,11,-109,70,-4076
3091597025,12100,10,-2,15,-83,41,-4069
3091598025,12100,5,7,14,-11,-8,-4102
3091599025,12100,8,-1,14,42,-20,-4081
3091600025,12100,2,3,9,31,-36,-4069
3091601025,12100,3,-5,12,4,-46,-4049
3091602025,12100,1,-4,9,55,-35,-4050
3091603025,12100,1,-4,5,118,-3,-4097
3091604025,12100,4,-4,1,184,48,-4061
3091605025,12099,-3,2,0,149,83,-4043
3091606025,12099,7,-8,-6,81,87,-4059
3091607025,12099,8,-9,-1,12,99,-4088
3091608025,12099,8,-5,-1,31,65,-4075
3091609025,12099,8,0,-2,55,42,-4080
3091610025,12100,9,-10,-6,116,21,-4112
3091611025,12100,7,-9,-5,92,13,-4125
3091612025,12100,6,-8,-7,69,14,-4119
3091613025,12100,3,-7,-9,24,27,-4085
3091614025,12100,1,0,-11,50,53,-4080
3091615025,12100,5,-3,-4,65,71,-4097
3091616025,12100,1,-4,-6,63,95,-4090
3091617025,12100,0,-2,-10,73,88,-4089
3091618025,12100,5,-4,-11,62,53,-4100
3091619025,12100,6,2,-14,39,25,-4108
3091620025,12101,5,-1,-11,61,3,-4092
3091621025,12101,2,-6,-16,69,-9,-4089
3091622025,12101,7,-3,-10,68,-5,-4082
3091623025,12101,-2,-2,-14,68,-5,-4089
3091624025,12101,3,-5,-10,59,20,-4098
3091625025,12101,1,-3,-11,59,12,-4099
3091626025,12101,3,-7,-10,74,24,-4094
3091627025,12102,2,-8,-10,42,19,-4101
3091628025,12102,9,-8,-13,62,12,-4113
3091629025,12102,1,-7,-6,37,18,-4093
3091630025,12102,7,3,-8,32,4,-4090
3091631025,12102,3,-3,-5,14,0,-4082
3091632025,12102,3,-3,-9,14,-2,-4079
3091633025,12102,0,0,-7,7,23,-4085
3091634025,12102,7,-8,-10,23,20,-4082
3091635025,12102,9,0,-6,33,23,-4082
3091636025,12102,7,0,-6,29,30,-4070
3091637025,12102,4,-9,-9,22,26,-4078
3091638025,12102,8,-3,-3,36,34,-4084
3091639025,12102,4,-5,-3,25,50,-4072
3091640025,12101,9,-7,-7,29,41,-4079
3091641025,12101,4,-4,-4,26,37,-4100
3091642025,12101,1,-6,-8,19,35,-4098
3091643025,12101,3,-1,-3,26,37,-4105
3091644025,12101,4,-1,-8,14,44,-4084
3091645025,12101,2,-7,-9,8,28,-4087
3091646025,12101,3,3,-4,15,33,-4083
3091647025,12101,8,-6,-9,-8,28,-4094
3091648025,12101,0,-7,-5,14,37,-4081
3091649025,12101,3,-4,-8,16,52,-4091
3091650025,12101,6,-1,-7,-8,29,-4099
3091651025,12101,-2,-4,-8,12,20,-4103
3091652025,12101,-1,0,-7,13,17,-4093
3091653025,12101,4,-8,-13,16,38,-4097
3091654025,12100,3,-4,-7,6,20,-4099
3091655025,12100,9,-1,-9,1,15,-4084
3091656025,12100,3,-5,-8,2,27,-4082
3091657025,12100,5,0,-8,11,23,-4067
3091658025,12100,1,-2,-5,27,21,-4082
3091659025,12101,4,-2,-6,35,27,-4087
3091660025,12101,2,0,-7,19,22,-4080
3091661025,12101,7,-7,-5,13,27,-4085
3091662025,12101,-2,-2,-6,46,29,-4094
3091663025,12101,11,-3,-15,18,25,-4085
3091664025,12101,4,-6,-3,13,44,-4095
3091665025,12101,0,-2,-3,27,34,-4108
3091666025,12101,5,-8,-9,3,14,-4090
3091667025,12101,2,0,-5,1,48,-4082
3091668025,12101,1,-4,-7,8,12,-4091
3091669025,12101,7,-6,-7,9,46,-4087
3091670025,12101,0,-2,-10,17,21,-4081
3091671025,12101,7,-3,-9,7,26,-4087
3091672025,12101,8,-9,-12,7,32,-4084
3091673025,12101,0,1,-11,15,28,-4078
3091674025,12101,4,-7,-10,14,17,-4083
3091675025,12101,1,-4,-8,16,22,-4106
3091676025,12101,8,-2,-2,16,24,-4106
3091677025,12102,2,-8,-10,14,39,-4093
3091678025,12102,4,0,-8,18,24,-4080
3091679025,12102,0,-6,-11,21,23,-4082
3091680025,12102,-2,-8,-8,13,42,-4073
3091681025,12102,6,-3,-8,23,32,-4095
3091682025,12102,-1,-4,-8,33,34,-4067
3091683025,12102,6,-12,-7,19,35,-4084
3091684025,12101,2,0,-5,18,22,-4082
3091685025,12101,2,-10,-6,13,15,-4078
3091686025,12101,3,3,-3,22,15,-4100
3091687025,12101,5,-4,-4,18,18,-4089
3091688025,12101,2,-6,-5,15,13,-4097
3091689025,12101,4,-8,-4,19,25,-4087
3091690025,12101,9,-8,-9,14,8,-4078
3091691025,12101,2,-5,-6,23,11,-4087
3091692025,12101,8,-2,-5,9,11,-4088
3091693025,12101,5,-1,-7,19,15,-4067
3091694025,12101,4,-3,-10,5,12,-4098
3091695025,12101,5,-6,-6,11,30,-4105
3091696025,12101,-1,-1,-3,19,12,-4103
3091697025,12101,6,-5,-3,11,3,-4108
3091698025,12101,4,-7,-3,22,38,-4117
3091699025,12101,10,-4,-9,4,24,-4091
3091700025,12101,4,-3,-10,-1,28,-4091
3091701025,12101,8,-5,-8,-2,32,-4088
3091702025,12101,5,-1,-11,13,21,-4090
3091703025,12101,3,-1,-6,14,21,-4092
3091704025,12101,4,-5,-8,19,20,-4083
3091705025,12101,5,2,-9,10,17,-4074
3091706025,12101,4,-8,-6,8,15,-4092
3091707025,12101,8,-2,-5,25,27,-4097
3091708025,12101,8,-3,-8,3,20,-4093
3091709025,12101,4,-4,-7,22,21,-4092
3091710025,12101,1,0,-13,20,36,-4079
3091711025,12101,3,-11,-8,18,34,-4084
3091712025,12101,3,-7,-10,12,38,-4074
3091713025,12101,0,-6,-11,10,42,-4082
3091714025,12101,4,0,-5,9,22,-4084
3091715025,12101,4,-8,-5,30,19,-4079
3091716025,12101,7,-8,-9,23,38,-4094
3091717025,12101,3,-10,-10,11,22,-4090
3091718025,12101,8,-1,-9,9,29,-4086
3091719025,12101,6,3,-3,4,33,-4101
3091720025,12101,6,-3,-10,14,29,-4110
3091721025,12101,0,2,-9,20,42,-4099
3091722025,12101,6,0,-5,15,24,-4102
3091723025,12101,9,-2,-4,29,31,-4091
3091724025,12101,1,1,-11,24,24,-4092
3091725025,12101,6,-8,-7,21,24,-4078
3091726025,12101,6,-5,-9,20,19,-4090
3091727025,12101,2,-4,-11,17,34,-4082
3091728025,12101,-1,-1,-5,15,28,-4092
3091729025,12101,2,-1,-9,37,22,-4084
3091730025,12101,7,0,-6,33,10,-4094
3091731025,12101,8,-9,-4,-13,-28,-4099
3091732025,12101,6,1,-8,-27,16,-4057
3091733025,12101,3,-3,0,-17,-20,-4070
3091734025,12101,4,5,2,12,-80,-4131
3091735026,12101,6,-1,2,78,-103,-4116
3091736026,12101,8,-8,2,58,-93,-4102
3091737027,12101,-2,-5,-6,21,-74,-4098
3091738025,12101,-3,-2,0,-4,-42,-4057
3091739025,12101,-2,2,-1,15,40,-4060
3091740025,12101,-1,0,-3,51,110,-4065
3091741025,12101,2,-10,-9,55,128,-4100
3091742025,12101,2,-5,-9,36,132,-4079
3091743025,12101,2,-10,-12,10,108,-4103
3091744025,12101,8,-12,-15,-4,104,-4079
3091745025,12101,7,-3,-10,13,98,-4099
3091746025,12101,7,-10,-11,15,102,-4103
3091747025,12101,12,-6,-10,-5,67,-4105
3091748025,12101,7,-3,-12,-15,89,-4089
3091749025,12101,3,-5,-8,-5,90,-4107
3091750025,12101,-2,2,-6,10,83,-4096
3091751025,12101,6,-4,-10,34,87,-4090
3091752025,12101,7,-2,-3,19,85,-4091
3091753025,12101,4,-1,-6,19,53,-4093
3091754025,12101,6,-8,-4,10,41,-4095
3091755025,12101,1,-1,-9,12,-7,-4072
3091756025,12101,2,2,-11,9,-10,-4070
3091757025,12101,2,-3,-10,16,-23,-4095
3091758025,12101,-1,0,-8,21,-38,-4094
3091759025,12101,3,-9,-10,49,-40,-4105
3091760025,12101,4,-5,-3,32,-22,-4105
3091761025,12101,6,-5,-5,16,-31,-4087
3091762025,12101,7,-4,-10,19,-14,-4082
3091763025,12101,2,-5,-5,-8,-2,-4087
3091764025,12101,1,-2,-4,-9,-7,-4092
3091765025,12101,8,-11,-10,-6,-6,-4094
3091766025,12101,4,-5,-7,4,-5,-4081
3091767025,12101,-1,-5,-5,-4,6,-4084
3091768025,12101,0,-7,-6,0,2,-4094
3091769025,12101,7,-1,-4,3,7,-4094
3091770025,12101,7,-8,-4,0,25,-4073
3091771025,12102,7,0,-8,8,36,-4089
3091772025,12102,-2,-2,-6,13,38,-4074
3091773025,12102,3,-9,-6,26,49,-4089
3091774025,12102,2,3,-4,24,51,-4086
3091775025,12102,4,-5,-5,34,53,-4084
3091776025,12102,3,-8,-3,30,59,-4090
3091777025,12102,8,-6,-6,10,65,-4082
3091778025,12102,5,-1,-5,19,56,-4094
3091779025,12102,7,-11,-5,-18,28,-4103
3091780025,12101,11,-2,0,-65,64,-4032
3091781025,12101,12,0,-1,-59,-8,-4081
3091782025,12101,10,4,5,36,-35,-4137
3091783025,12101,10,-1,4,74,-46,-4132
3091784025,12101,2,-9,5,70,-65,-4113
3091785025,12101,1,-11,2,5,-49,-4096
3091786025,12101,3,-4,1,-18,18,-4088
3091787025,12101,4,0,2,-5,68,-4060
3091788025,12101,-3,0,3,-3,117,-4046
3091789025,12101,7,-6,1,-21,158,-4097
3091790025,12101,13,-4,-2,-33,93,-4102
3091791025,12101,7,-6,-4,23,66,-4086
3091792025,12101,5,2,-6,36,54,-4104
3091793025,12101,6,2,-9,61,65,-4113
3091794025,12101,6,-10,-8,36,49,-4100
3091795025,12101,6,-4,-9,-49,14,-4099
3091796025,12101,-1,-1,-12,-54,32,-4062
3091797025,12101,1,-4,-7,-96,41,-4074
3091798025,12101,-2,11,-6,-48,79,-4069
3091799025,12101,5,2,-5,24,67,-4061
3091800025,12101,4,2,-11,28,66,-4113
3091801025,12101,-1,4,-10,55,75,-4132
3091802025,12101,6,-8,-14,38,39,-4101
3091803025,12101,-1,0,-12,39,8,-4061
3091804025,12101,-2,-1,-10,32,2,-4083
3091805025,12101,5,-1,-11,70,-27,-4096
3091806025,12101,2,0,-9,71,-31,-4107
3091807025,12101,2,2,-10,92,-39,-4086
3091808025,12101,3,-7,-14,75,-17,-4082
3091809025,12101,4,-5,-7,64,10,-4090
3091810025,12101,5,-6,-7,66,6,-4073
3091811025,12101,3,-5,-8,63,9,-4064
3091812025,12101,4,-4,-15,45,4,-4080
3091813025,12101,6,-12,-11,42,-8,-4082
3091814025,12101,3,-5,-14,37,5,-4071
3091815025,12102,3,-3,-9,24,17,-4067
3091816025,12102,9,-10,-13,41,1,-4094
3091817025,12102,6,-2,-8,17,11,-4107
3091818025,12102,3,-5,-7,11,20,-4096
3091819025,12102,5,-8,-9,19,32,-4120
3091820025,12102,8,-4,-7,14,51,-4127
3091821025,12102,6,-8,-10,15,44,-4085
3091822025,12102,4,-7,-6,6,54,-4107
3091823025,12102,4,-8,-8,2,38,-4097
3091824025,12102,6,-2,-6,0,41,-4097
3091825025,12102,4,-3,-6,-16,34,-4093
3091826025,12102,2,-8,-9,9,38,-4080
3091827025,12102,5,1,-8,12,41,-4100
3091828025,12102,8,-7,-9,31,49,-4086
3091829025,12102,6,-7,-7,8,49,-4079
3091830025,12102,2,-2,-4,15,48,-4083
3091831025,12102,8,-3,-6,37,44,-4086
3091832025,12102,5,-6,-8,28,34,-4069
3091833025,12102,4,0,-6,19,35,-4095
3091834025,12102,5,-3,-9,10,23,-4078
3091835025,12101,8,-4,-7,10,25,-4082
3091836025,12101,10,-3,-8,3,13,-4084
3091837025,12101,6,-3,-10,8,4,-4072
3091838025,12101,6,0,-8,15,10,-4074
3091839025,12101,4,-3,-7,21,-13,-4094
3091840025,12101,3,-9,-6,17,-7,-4093
3091841025,12101,6,-4,-6,8,-6,-4099
3091842025,12101,4,-1,-10,25,15,-4078
3091843025,12101,0,-6,-6,14,-4,-4087
3091844025,12101,4,-4,-7,7,3,-4102
3091845025,12101,7,-4,-10,16,1,-4090
3091846025,12101,4,-2,-17,-5,6,-4086
3091847025,12101,-1,-2,-9,12,-14,-4095
3091848025,12101,-2,-7,-7,2,2,-4092
3091849025,12101,1,-6,-7,7,23,-4089
3091850025,12101,7,-8,-6,6,18,-4095
3091851025,12101,-3,-5,-7,-1,11,-4086
3091852025,12101,4,-5,-8,-17,13,-4095
3091853025,12101,3,-3,-11,12,20,-4084
3091854025,12101,5,-1,-5,7,29,-4105
3091855025,12101,6,-5,-8,6,39,-4091
3091856025,12101,0,-4,-12,11,33,-4080
3091857025,12101,7,-5,-6,14,36,-4079
3091858025,12101,6,-8,-10,13,31,-4087
3091859025,12102,0,-5,-8,15,36,-4067
3091860025,12102,3,-8,-4,14,39,-4086
3091861025,12102,9,-3,-9,10,44,-4079
3091862025,12102,1,-3,-1,12,27,-4089
3091863025,12102,2,-5,-5,17,48,-4089
3091864025,12102,8,1,-4,24,30,-4092
3091865025,12102,4,-7,-7,27,20,-4090
3091866025,12102,6,-8,-7,16,25,-4104
3091867025,12102,-1,-6,-12,28,12,-4091
3091868025,12102,11,-10,-10,10,5,-4078
3091869025,12102,7,-3,-5,-3,16,-4077
3091870025,12102,7,-6,-8,-5,14,-4081
3091871025,12102,6,-12,-7,24,15,-4097
3091872025,12102,6,-2,-9,13,6,-4074
3091873025,12102,2,-12,-7,15,10,-4084
3091874025,12102,-2,-7,-5,17,16,-4097
3091875025,12102,-2,0,-3,15,11,-4095
3091876025,12102,-1,-2,-7,32,12,-4099
3091877025,12102,2,-7,-8,13,11,-4115
3091878025,12102,-2,-5,-8,23,11,-4102
3091879025,12102,0,-6,-7,20,9,-4105
3091880025,12102,3,-6,-7,7,8,-4104
3091881025,12102,3,-3,-5,19,17,-4105
3091882025,12102,0,-6,-4,1,24,-4084
3091883025,12101,2,0,-5,2,42,-4106
3091884025,12101,1,-4,-4,-8,22,-4085
3091885025,12101,3,-9,-3,4,34,-4078
3091886025,12101,-2,-4,-6,0,45,-4091
3091887025,12101,2,-6,-6,-7,38,-4086
3091888025,12101,0,-6,-4,-6,40,-4094
3091889025,12101,3,-4,-11,7,50,-4073
3091890025,12101,9,-5,-7,10,62,-4077
3091891025,12101,2,-4,-5,13,51,-4079
3091892025,12101,-2,0,-3,27,54,-4075
3091893025,12101,1,-4,-4,10,46,-4089
3091894025,12101,4,-5,-5,24,48,-4072
3091895025,12101,1,-4,-7,15,68,-4070
3091896025,12102,4,-3,-5,6,60,-4100
3091897025,12102,3,1,-5,-2,52,-4097
3091898025,12102,7,-6,-7,-2,87,-4097
3091899025,12102,5,2,0,2,70,-4111
3091900025,12102,7,-2,-6,-8,77,-4106
3091901025,12102,9,-8,-5,-25,49,-4112
3091902025,12102,7,-3,-8,-9,35,-4095
3091903025,12102,8,-6,-6,-6,24,-4090
3091904025,12102,10,-10,-5,-13,21,-4101
3091905025,12102,3,0,-9,21,-4,-4093
3091906025,12102,8,-1,-2,34,1,-4081
3091907025,12102,1,-4,-7,45,0,-4095
3091908025,12102,6,-1,-11,66,9,-4084
3091909025,12102,2,-4,-8,49,28,-4093
3091910025,12102,4,-4,-10,59,0,-4116
3091911025,12102,4,2,-6,51,10,-4116
3091912025,12102,5,-2,-11,43,3,-4108
3091913025,12102,4,-2,-7,48,1,-4119
3091914025,12102,3,0,-7,4,-3,-4107
3091915025,12102,1,6,-8,9,-17,-4125
3091916025,12102,-2,4,-10,0,-18,-4125
3091917025,12102,4,-4,-9,-21,-12,-4113
3091918025,12102,3,0,-10,-12,-35,-4095
3091919025,12102,1,1,-11,-38,-15,-4112
3091920025,12102,1,6,-13,-36,-20,-4101
3091921025,12102,0,3,-15,-37,-16,-4101
3091922025,12102,6,-5,-16,-28,-17,-4087
3091923025,12102,0,5,-8,-23,-8,-4093
3091924025,12102,4,3,-8,-5,-17,-4075
3091925025,12102,-1,0,-9,-13,-4,-4076
3091926025,12102,3,3,-17,6,-9,-4062
3091927025,12102,8,4,-8,18,-16,-4063
3091928025,12102,2,-8,-6,22,-1,-4051
3091929025,12102,-2,-1,-7,19,-2,-4040
3091930025,12102,6,-5,-14,11,4,-4045
3091931025,12102,-2,-4,-14,15,14,-4037
3091932025,12102,-4,-4,-14,30,27,-4055
3091933025,12102,6,-6,-14,13,46,-4052
3091934025,12102,-3,0,-13,28,54,-4082
3091935025,12102,-3,-3,-16,25,44,-4078
3091936025,12102,3,-13,-21,0,44,-4093
3091937025,12102,8,1,-13,-12,41,-4094
3091938025,12102,4,-6,-12,-2,56,-4096
3091939025,12102,0,-6,-16,-6,45,-4098
3091940025,12102,1,-1,-13,11,65,-4109
3091941025,12102,8,-2,-16,5,61,-4086
3091942025,12102,0,-4,-17,-25,55,-4103
3091943025,12102,6,-4,-18,-59,38,-4101
3091944025,12102,6,-8,-20,-67,21,-4093
3091945025,12102,3,0,-16,-88,41,-4109
3091946025,12102,2,1,-14,-10,24,-4061
3091947025,12102,4,2,-14,18,36,-4114
3091948025,12102,0,0,-15,27,62,-4138
3091949025,12102,2,-3,-20,55,60,-4107
3091950025,12102,1,1,-18,46,38,-4091
3091951025,12102,6,-3,-19,39,40,-4093
3091952025,12103,4,-3,-22,38,31,-4082
3091953025,12103,1,2,-21,42,2,-4085
3091954025,12103,3,-4,-18,53,16,-4072
3091955025,12103,5,-6,-16,17,34,-4080
3091956025,12103,9,-4,-13,11,28,-4054
3091957025,12103,8,-4,-14,-96,35,-4023
3091958025,12103,6,-7,-15,-94,34,-4057
3091959025,12103,9,-8,-15,-52,5,-4078
3091960025,12103,2,-1,-16,13,-12,-4056
3091961025,12103,-1,1,-14,5,-5,-4094
3091962025,12103,4,-9,-15,6,-6,-4127
3091963025,12103,-3,4,-10,-2,-9,-4108
3091964025,12103,1,-1,-19,1,-8,-4106
3091965025,12103,10,0,-19,47,24,-4117
3091966025,12103,-3,6,-14,27,30,-4111
3091967025,12103,3,-3,-15,63,37,-4109
3091968025,12103,2,-6,-14,57,53,-4114
3091969025,12103,9,-4,-20,42,24,-4096
3091970025,12104,9,-12,-17,32,14,-4094
3091971025,12104,5,-6,-17,25,9,-4071
3091972025,12104,6,-6,-15,26,32,-4067
3091973025,12104,1,-10,-18,21,34,-4066
3091974025,12104,3,-4,-16,0,36,-4069
3091975025,12104,-1,-5,-19,-1,43,-4069
3091976025,12104,3,-8,-14,-6,32,-4074
3091977025,12104,5,-5,-18,-14,20,-4069
3091978025,12104,1,-12,-16,-18,39,-4082
3091979025,12104,3,-3,-16,-38,40,-4095
3091980025,12104,7,-9,-19,-41,46,-4090
3091981025,12104,3,-10,-17,-34,22,-4090
3091982025,12104,3,-7,-17,-39,28,-4089
3091983025,12104,3,-4,-16,-28,14,-4079
3091984025,12104,3,-2,-18,-18,21,-4082
3091985025,12104,3,-3,-22,-19,21,-4099
3091986025,12104,2,-3,-17,-30,6,-4075
3091987025,12104,2,-8,-22,-27,8,-4097
3091988025,12104,-1,-12,-29,-37,8,-4079
3091989025,12104,3,-12,-29,-50,13,-4082
3091990025,12105,3,-8,-27,-59,-4,-4073
3091991025,12105,5,-11,-31,-80,-4,-4063
3091992025,12105,5,-11,-33,-175,-87,-4025
3091993025,12105,-6,-10,-36,-132,-59,-4018
3091994025,12105,-5,-12,-39,-191,-38,-3851
3091995025,12105,-13,-14,-49,-187,-57,-3990
3091996025,12105,-18,-21,-58,-226,54,-4020
3091997025,12105,-4,-20,-61,-416,170,-4145
3091998025,12105,3,-14,-59,-402,161,-4093
3091999025,12106,5,-9,-66,-353,111,-4060
3092000025,12106,9,4,-61,-319,127,-4294
3092001025,12106,12,13,-65,-176,142,-4382
3092002025,12106,12,11,-66,-125,151,-4294
3092003025,12106,7,18,-63,-100,135,-4255
3092004025,12107,12,15,-56,-31,75,-4191
3092005025,12107,8,27,-47,120,-14,-4140
3092006025,12108,2,25,-39,263,-28,-4028
3092007025,12108,1,18,-41,292,-24,-3993
3092008025,12109,9,2,-38,330,-2,-3924
3092009025,12110,0,-5,-32,335,-39,-3850
3092010025,12110,-1,-21,-34,279,-99,-3838
3092011025,12111,-4,-32,-36,164,-128,-3858
3092012025,12112,-3,-36,-43,96,-164,-3897
3092013025,12113,4,-43,-47,-50,-133,-3976
3092014025,12113,-1,-36,-55,-185,-125,-4118
3092015025,12114,7,-32,-59,-251,-22,-4246
3092016025,12115,-2,-22,-59,-240,46,-4261
3092017025,12115,5,-20,-61,-229,133,-4263
3092018025,12116,6,-6,-66,-65,79,-4297
3092019025,12116,1,8,-62,-162,7,-4342
3092020025,12117,5,29,-50,-91,115,-4357
3092021025,12117,4,31,-51,15,173,-4243
3092022025,12118,8,30,-40,250,175,-4034
3092023025,12119,6,20,-38,285,92,-3999
3092024025,12119,2,17,-23,308,45,-3975
3092025025,12120,3,18,-24,329,24,-3921
3092026025,12120,1,-6,-23,362,-20,-3895
3092027025,12121,1,-2,-17,331,72,-3921
3092028025,12121,7,-11,-14,300,62,-3948
3092029025,12122,-2,-17,-14,276,31,-4020
3092030025,12122,4,-21,-16,219,26,-4063
3092031025,12122,6,-23,-11,152,58,-4146
3092032025,12122,10,-23,-15,86,28,-4177
3092033025,12123,-1,-19,-9,35,4,-4174
3092034025,12123,2,-15,-1,-14,-10,-4182
3092035025,12123,-4,-9,3,-43,13,-4162
3092036025,12123,4,-10,3,-36,9,-4170
3092037025,12123,5,-7,3,-39,24,-4154
3092038025,12123,1,-6,7,-40,16,-4130
3092039025,12122,3,-4,6,-32,35,-4124
3092040025,12122,3,-9,6,-24,13,-4104
3092041025,12122,7,-3,13,-44,9,-4092
3092042025,12122,5,-6,16,-36,21,-4110
3092043025,12121,7,0,11,-34,16,-4093
3092044025,12121,6,4,10,-39,17,-4094
3092045025,12120,4,-8,15,-59,27,-4086
3092046025,12120,4,-3,20,-93,18,-4073
3092047025,12119,4,-6,23,-106,33,-4074
3092048025,12119,-1,-11,28,-125,40,-4076
3092049025,12119,0,-5,29,-109,38,-4062
3092050025,12118,1,-10,29,-86,41,-4103
3092051025,12118,-1,-3,29,-32,35,-4104
3092052025,12117,4,-5,32,-11,40,-4074
3092053025,12117,-4,-6,32,-42,56,-4071
3092054025,12116,-4,0,26,-81,51,-4091
3092055025,12116,6,-6,38,-229,96,-4128
3092056025,12116,16,2,36,-204,228,-3884
3092057025,12116,8,18,36,-108,123,-3924
3092058025,12115,10,3,33,-36,-56,-4176
3092059025,12115,9,-5,35,81,-74,-4095
3092060025,12115,5,-2,26,-24,-155,-4092
3092061025,12115,3,0,19,47,-152,-4021
3092062025,12115,-4,-1,16,52,-119,-3928
3092063025,12115,0,-6,9,54,-1,-4018
3092064025,12115,3,-12,-1,-33,106,-4008
3092065025,12116,2,-14,1,-165,147,-4012
3092066025,12116,13,-21,-13,-188,67,-4002
3092067025,12116,7,-16,-16,-198,5,-4020
3092068025,12116,11,-28,-23,-235,-35,-4110
3092069025,12117,11,-27,-33,-284,-4,-4229
3092070025,12117,-1,-19,-28,-366,33,-4273
3092071025,12117,9,-15,-33,-377,67,-4256
3092072025,12118,0,-9,-33,-341,165,-4201
3092073025,12118,2,0,-33,-330,195,-4186
3092074025,12119,1,-1,-31,-298,173,-4165
3092075025,12119,-3,6,-32,-239,129,-4134
3092076025,12120,3,4,-31,-220,120,-4117
3092077025,12121,9,3,-27,-234,89,-4073
3092078025,12122,1,5,-18,-115,119,-4126
3092079025,12122,4,13,-18,-44,31,-4116
3092080025,12123,0,13,-13,32,93,-4137
3092081025,12124,0,19,-3,116,151,-4022
3092082025,12125,1,11,-2,196,106,-3981
3092083025,12126,7,9,6,197,-46,-4079
3092084025,12127,7,-5,8,238,-143,-3952
3092085025,12128,12,-10,9,226,-180,-3883
3092086025,12129,-1,-13,9,147,-199,-3906
3092087025,12130,1,-22,4,52,-192,-3950
3092088025,12131,6,-29,-4,19,-214,-3960
3092089025,12132,-2,-31,-5,1,-208,-3985
3092090025,12132,2,-33,-17,-108,-166,-4119
3092091025,12133,0,-23,-19,-231,-81,-4255
3092092025,12134,11,-7,-28,-129,-24,-4274
3092093025,12134,3,5,-33,-60,-8,-4239
3092094025,12134,5,9,-45,-26,-32,-4304
3092095025,12135,11,2,-52,124,-12,-4235
3092096025,12135,15,5,-56,60,-37,-4152
3092097025,12135,5,13,-62,-18,32,-4068
3092098025,12135,8,15,-57,-49,125,-3969
3092099025,12135,5,20,-65,26,126,-3958
3092100025,12136,3,15,-54,154,152,-3928
3092101025,12136,6,-2,-53,160,186,-3992
3092102025,12136,2,-10,-44,45,223,-4042
3092103025,12136,5,-13,-32,-29,220,-4025
3092104025,12136,7,-15,-30,-92,223,-4051
3092105025,12137,-4,-7,-15,-51,199,-4107
3092106025,12137,-4,-6,-5,14,151,-4240
3092107025,12137,4,-7,1,25,150,-4208
3092108025,12137,10,-10,-2,-4,185,-4179
3092109025,12138,4,1,7,-32,59,-4161
3092110025,12138,1,6,14,67,-9,-4165
3092111025,12138,0,8,14,178,-27,-4077
3092112025,12139,-3,5,12,228,-42,-4049
3092113025,12139,-1,4,14,222,-86,-4049
3092114025,12139,6,-3,11,113,-136,-4028
3092115025,12140,6,4,19,349,-70,-4115
3092116025,12140,8,3,23,307,-208,-4089
3092117025,12141,3,7,22,443,-29,-4157
3092118025,12141,10,0,24,390,-1,-3983
3092119025,12141,7,-8,20,360,-44,-3899
3092120025,12142,6,-12,20,140,-198,-4122
3092121025,12142,12,-15,16,61,-185,-4176
3092122025,12142,12,-14,12,60,-172,-4024
3092123025,12143,9,-8,12,48,-37,-4039
3092124025,12143,8,-6,11,55,122,-4154
3092125025,12143,10,-3,13,145,147,-4161
3092126025,12143,2,2,8,161,154,-4169
3092127025,12144,8,-2,7,128,173,-4186
3092128025,12144,12,1,9,77,167,-4172
3092129025,12144,8,10,20,118,84,-4130
3092130025,12144,6,-1,22,117,40,-4090
3092131025,12144,5,2,29,116,72,-4078
3092132025,12144,1,-2,30,117,107,-4083
3092133025,12144,7,-8,31,118,135,-4078
3092134025,12144,3,-5,37,112,157,-4071
3092135025,12144,7,-5,29,105,159,-4053
3092136025,12144,7,-4,33,120,132,-4071
3092137025,12144,3,0,35,115,84,-4122
3092138025,12144,7,-8,26,95,39,-4126
3092139025,12144,10,-6,34,52,-4,-4093
3092140025,12144,7,4,27,74,4,-4090
3092141025,12144,7,2,24,124,-2,-4085
3092142025,12144,5,2,28,203,11,-4126
3092143025,12143,3,-8,20,230,17,-4048
3092144025,12143,9,-5,22,148,14,-4039
3092145025,12143,10,-4,19,43,39,-4080
3092146025,12143,7,-1,25,32,79,-4034
3092147025,12142,2,-2,19,124,32,-4040
3092148025,12142,5,-3,17,185,6,-4052
3092149025,12142,9,-4,19,181,-2,-4067
3092150025,12142,13,1,19,128,-33,-4112
3092151025,12141,7,-3,16,103,-35,-4063
3092152025,12141,1,0,15,119,0,-4084
3092153025,12141,2,6,15,154,21,-4087
3092154025,12141,6,-8,13,193,64,-4110
3092155025,12141,6,-7,12,183,63,-4097
3092156025,12141,19,-7,11,123,36,-4078
3092157025,12140,8,-7,15,123,12,-4078
3092158025,12140,5,-1,11,114,-5,-4060
3092159025,12140,7,-11,13,150,-10,-4078
3092160025,12140,10,-7,6,122,-5,-4097
3092161025,12140,9,-8,-2,67,-4,-4112
3092162025,12140,2,-12,6,40,34,-4114
3092163025,12140,5,-10,0,18,17,-4107
3092164025,12140,8,-9,2,23,28,-4123
3092165025,12140,3,-6,1,25,30,-4119
3092166025,12140,1,-4,-6,7,36,-4117
3092167025,12140,3,-7,1,3,37,-4106
3092168025,12140,9,-6,-5,-4,19,-4088
3092169025,12140,4,-2,-9,-2,30,-4096
3092170025,12141,2,-4,-7,10,24,-4074
3092171025,12141,7,-3,-7,9,27,-4097
3092172025,12141,11,-4,-11,24,42,-4074
3092173025,12141,4,-8,-11,25,52,-4078
3092174025,12141,6,0,-9,25,37,-4081
3092175025,12141,9,-10,-11,55,43,-4079
3092176025,12141,5,1,-9,43,47,-4094
3092177025,12142,9,-4,-9,20,42,-4081
3092178025,12142,10,-5,-14,15,21,-4081
3092179025,12142,4,-4,-7,16,26,-4067
3092180025,12142,-4,-1,-3,22,15,-4069
3092181025,12142,7,-9,-7,33,-1,-4078
3092182025,12142,5,0,-9,29,10,-4071
3092183025,12142,7,-6,-7,12,10,-4079
3092184025,12142,0,-6,-6,7,-8,-4088
3092185025,12142,8,-9,-11,12,-3,-4082
3092186025,12142,9,-9,-11,16,-7,-4090
3092187025,12142,5,-8,-12,13,17,-4102
3092188025,12142,4,-4,1,1,8,-4109
3092189025,12142,-1,2,-4,4,18,-4106
3092190025,12142,6,-4,-4,-8,16,-4097
3092191025,12142,9,-8,-8,-12,3,-4101
3092192025,12142,3,-6,-4,4,9,-4098
3092193025,12142,8,-1,-5,12,16,-4082
3092194025,12142,2,-2,-9,5,27,-4089
3092195025,12142,2,1,-1,3,32,-4092
3092196025,12142,9,-2,-1,4,23,-4102
3092197025,12142,3,-5,-2,15,28,-4074
3092198025,12142,9,-7,-7,18,48,-4083
3092199025,12142,7,-3,-3,17,36,-4074
3092200025,12141,8,-7,-7,36,24,-4073
3092201025,12141,12,-7,-4,21,19,-4081
3092202025,12141,8,-7,2,22,25,-4081
3092203025,12141,7,-5,0,18,28,-4080
3092204025,12141,9,-1,0,20,23,-4075
3092205025,12141,6,-4,-4,9,23,-4103
3092206025,12141,9,-8,-9,12,29,-4096
3092207025,12141,10,-8,-4,16,18,-4103
3092208025,12140,3,-4,-5,8,17,-4096
3092209025,12140,3,0,0,16,29,-4089
3092210025,12140,6,-8,-3,2,26,-4101
3092211025,12140,3,-2,-8,4,20,-4096
3092212025,12140,14,-10,-4,-4,13,-4100
3092213025,12140,1,0,-1,1,20,-4100
3092214025,12140,3,3,-3,5,18,-4080
3092215025,12140,4,-1,-6,13,18,-4091
3092216025,12140,4,-4,1,26,28,-4109
3092217025,12140,5,-3,-5,17,12,-4088
3092218025,12140,8,-9,-2,13,25,-4075
3092219025,12140,-1,-3,-3,12,46,-4078
3092220025,12140,8,-2,-7,11,23,-4086
3092221025,12140,8,-4,-4,18,26,-4084
3092222025,12140,4,-5,-12,14,32,-4076
3092223025,12140,2,-10,-10,3,38,-4083
3092224025,12141,6,-5,-4,21,43,-4076
3092225025,12141,7,-4,-6,16,28,-4088
3092226025,12141,5,-3,-7,16,42,-4088
3092227025,12141,2,-5,-1,18,47,-4084
3092228025,12141,4,-9,-5,13,26,-4091
3092229025,12141,11,-8,-9,13,27,-4084
3092230025,12141,2,-3,-10,14,33,-4102
3092231025,12141,11,-6,-5,12,28,-4104
3092232025,12141,13,-9,-10,7,34,-4097
3092233025,12141,8,-3,-8,6,29,-4079
3092234025,12141,12,-5,-9,11,21,-4091
3092235025,12141,8,-1,-8,23,35,-4088
3092236025,12141,8,-2,-9,12,21,-4087
3092237025,12141,3,-4,-6,14,44,-4091
3092238025,12141,6,-5,-6,31,21,-4100
3092239025,12141,7,-10,-7,21,40,-4105
3092240025,12141,4,-4,-2,34,45,-4091
3092241025,12141,7,-6,-2,18,32,-4108
3092242025,12141,9,-5,-6,18,31,-4099
3092243025,12141,3,-2,-2,0,31,-4082
3092244025,12141,3,-7,-7,28,29,-4075
3092245025,12141,5,-5,-6,13,20,-4083
3092246025,12141,2,-4,-3,6,23,-4060
3092247025,12141,14,-9,-7,14,35,-4077
3092248025,12141,3,-8,-2,28,22,-4076
3092249025,12141,7,1,-4,24,32,-4079
3092250025,12141,-1,-1,-4,26,31,-4095
3092251025,12141,2,-6,-5,39,40,-4092
3092252025,12141,4,-6,-14,17,28,-4098
3092253025,12141,4,-5,-7,35,35,-4090
3092254025,12141,0,-1,-7,38,43,-4094
3092255025,12141,4,-12,-10,11,24,-4085
3092256025,12140,5,-6,-9,10,33,-4108
3092257025,12140,8,-8,-7,16,24,-4100
3092258025,12140,6,-4,-8,8,24,-4085
3092259025,12140,4,1,-3,1,27,-4078
3092260025,12140,10,-3,-8,9,30,-4078
3092261025,12140,9,-5,-10,10,29,-4085
3092262025,12140,1,-3,-3,7,32,-4099
3092263025,12140,-2,-5,-5,8,42,-4081
3092264025,12140,9,-2,-1,4,37,-4108
3092265025,12140,1,-7,-3,0,46,-4100
3092266025,12140,12,-10,-10,5,19,-4084
3092267025,12140,4,-1,-1,10,36,-4090
3092268025,12140,8,-10,-11,14,40,-4070
3092269025,12140,2,-6,-5,22,35,-4075
3092270025,12140,7,-4,-2,10,31,-4067
3092271025,12140,8,-5,-5,26,12,-4075
3092272025,12140,5,-4,-7,4,24,-4089
3092273025,12140,10,-4,-4,28,38,-4079
3092274025,12140,7,-11,-8,13,39,-4093
3092275025,12140,8,-5,-11,28,32,-4094
3092276025,12140,4,-1,-11,0,28,-4090
3092277025,12140,8,-4,-12,11,33,-4097
3092278025,12140,8,-5,-8,21,32,-4099
3092279025,12140,5,-7,-8,17,38,-4099
3092280025,12140,11,-4,-7,6,37,-4094
3092281025,12140,6,-1,-8,26,18,-4104
3092282025,12140,8,-5,-1,23,10,-4091
3092283025,12140,6,-5,-7,22,23,-4088
3092284025,12140,5,-7,-9,14,26,-4099
3092285025,12140,4,-8,-10,21,17,-4088
3092286025,12140,-1,5,-5,20,20,-4093
3092287025,12140,12,-4,-8,17,14,-4097
3092288025,12140,10,-9,-9,29,20,-4098
3092289025,12140,13,-5,-9,28,22,-4084
3092290025,12140,4,-5,-4,11,10,-4100
3092291025,12140,7,-5,-8,25,22,-4101
3092292025,12140,8,-8,-6,14,11,-4094
3092293025,12140,8,-4,-8,6,22,-4086
3092294025,12140,6,-2,-5,6,18,-4087
3092295025,12140,7,-3,-3,11,18,-4086
3092296025,12140,0,0,-2,10,15,-4090
3092297025,12140,9,-4,-1,-1,10,-4078
3092298025,12140,7,-5,-4,11,20,-4089
3092299025,12140,3,-4,-3,0,23,-4096
3092300025,12140,5,-2,0,7,14,-4108
3092301025,12140,7,0,-6,4,29,-4100
3092302025,12140,-1,-1,-3,-6,18,-4094
3092303025,12140,9,-3,-5,19,36,-4079
3092304025,12140,11,-3,-8,13,30,-4076
3092305025,12140,4,-6,-7,10,31,-4071
3092306025,12140,1,-5,-8,22,23,-4084
3092307025,12140,0,-1,-2,23,25,-4085
3092308025,12140,6,-2,-5,24,26,-4082
3092309025,12140,4,-4,-4,30,19,-4083
3092310025,12140,4,1,-3,29,19,-4078
3092311025,12140,7,0,-6,21,29,-4088
3092312025,12140,6,-5,-4,36,16,-4097
3092313025,12140,3,-2,-4,30,30,-4089
3092314025,12140,8,-8,-8,24,42,-4088
3092315025,12140,5,-4,-4,37,27,-4094
3092316025,12140,4,1,0,22,29,-4086
3092317025,12139,7,-8,0,20,15,-4070
3092318025,12139,3,3,1,14,27,-4084
3092319025,12139,5,-8,-2,31,36,-4069
3092320025,12139,5,-4,-2,36,37,-4064
3092321025,12139,10,-4,-3,26,29,-4087
3092322025,12139,6,-4,0,17,45,-4089
3092323025,12139,4,1,-5,33,35,-4088
3092324025,12139,7,-5,-5,16,43,-4089
3092325025,12139,5,-2,3,23,24,-4100
3092326025,12139,9,-6,-2,20,25,-4086
3092327025,12139,7,-4,-6,19,29,-4091
3092328025,12139,7,-9,-6,24,28,-4096
3092329025,12139,5,0,-4,21,24,-4099
3092330025,12139,11,-3,-5,18,29,-4094
3092331025,12139,5,-6,-7,35,24,-4092
3092332025,12139,1,-4,-2,8,11,-4097
3092333025,12139,7,-4,-5,39,31,-4089
3092334025,12139,8,-6,0,25,30,-4100
3092335025,12139,11,-2,0,35,32,-4103
3092336025,12139,7,-1,-4,39,39,-4099
3092337025,12139,9,-3,3,23,39,-4082
3092338025,12139,6,-8,-2,7,36,-4081
3092339025,12139,8,1,-1,18,32,-4086
3092340025,12139,5,0,-1,14,13,-4085
3092341025,12139,5,-3,-4,15,29,-4090
3092342025,12139,5,-3,-7,30,27,-4094
3092343025,12139,9,-3,-1,23,21,-4091
3092344025,12139,4,1,1,7,28,-4088
3092345025,12139,6,-3,-2,9,33,-4081
3092346025,12139,9,-9,-2,17,27,-4082
3092347025,12139,7,-5,-4,19,17,-4089
3092348025,12139,7,-2,-2,20,17,-4097
3092349025,12139,6,-4,-5,19,31,-4082
3092350025,12139,1,1,5,30,27,-4080
3092351025,12139,6,-5,1,26,18,-4072
3092352025,12139,6,0,4,36,19,-4080
3092353025,12138,9,1,-1,36,37,-4100
3092354025,12138,8,-5,5,34,18,-4072
3092355025,12138,5,0,2,13,19,-4082
3092356025,12138,5,-9,1,23,15,-4090
3092357025,12138,7,-4,-2,25,13,-4091
3092358025,12138,7,-5,2,18,3,-4077
3092359025,12138,3,-2,0,22,3,-4078
3092360025,12138,5,-4,0,6,18,-4072
3092361025,12138,3,-4,-2,8,0,-4088
3092362025,12138,-1,-4,-4,-9,2,-4092
3092363025,12138,6,-7,3,14,19,-4111
3092364025,12138,3,-7,1,6,27,-4104
3092365025,12138,8,-7,0,2,5,-4103
3092366025,12137,7,-8,-2,-2,18,-4088
3092367025,12137,5,-12,-2,-8,9,-4088
3092368025,12137,8,-1,-1,7,8,-4087
3092369025,12137,3,-3,-4,-9,-3,-4074
3092370025,12137,5,-7,0,7,18,-4074
3092371025,12137,5,-3,-1,-19,13,-4078
3092372025,12137,6,-7,-5,-1,25,-4077
3092373025,12137,3,-1,-2,4,21,-4092
3092374025,12137,2,-3,-3,-19,16,-4097
3092375025,12137,9,-9,-3,-20,27,-4105
3092376025,12137,5,-3,-7,-10,27,-4090
3092377025,12137,5,-1,-2,-14,26,-4101
3092378025,12137,10,-12,-1,-17,7,-4097
3092379025,12137,5,-3,-4,-13,21,-4099
3092380025,12137,8,-3,-3,-2,15,-4079
3092381025,12137,5,-4,-6,6,20,-4091
3092382025,12137,-1,-6,-4,0,12,-4085
3092383025,12137,9,-5,-2,20,18,-4096
3092384025,12137,3,-6,-1,15,19,-4080
3092385025,12137,6,-6,0,4,24,-4105
3092386025,12137,-3,2,1,23,21,-4089
3092387025,12137,2,2,-2,-4,5,-4105
3092388025,12137,12,-7,-4,-2,9,-4112
3092389025,12137,2,-4,-4,1,18,-4093
3092390025,12137,6,-6,-6,11,15,-4097
3092391025,12137,8,-7,-6,16,2,-4093
3092392025,12137,7,-9,-6,9,14,-4088
3092393025,12137,8,-6,-4,20,5,-4084
3092394025,12137,1,-3,-4,7,26,-4082
3092395025,12137,1,0,-8,10,9,-4089
3092396025,12137,3,2,-4,7,6,-4098
3092397025,12137,0,-3,-6,8,13,-4099
3092398025,12137,7,-2,-2,15,31,-4078
3092399025,12137,10,-5,-4,6,6,-4089
3092400025,12137,14,-5,-9,7,11,-4075
3092401025,12137,8,-6,-9,18,9,-4076
3092402025,12137,7,-6,-3,21,10,-4082
3092403025,12137,8,-2,-5,9,15,-4088
3092404025,12137,3,-4,-1,19,17,-4086
3092405025,12137,3,-3,-1,19,21,-4088
3092406025,12137,5,-4,-5,10,44,-4087
3092407025,12137,-2,-8,-7,32,21,-4095
3092408025,12137,-2,-8,-3,27,28,-4095
3092409025,12137,5,-4,-5,14,28,-4090
3092410025,12137,7,-6,-7,22,33,-4083
3092411025,12137,7,0,-7,15,21,-4083
3092412025,12137,8,-4,-7,8,33,-4072
3092413025,12137,6,-9,-5,2,42,-4087
3092414025,12137,4,2,-6,9,21,-4095
3092415025,12137,6,-8,-3,-5,28,-4086
3092416025,12137,3,-5,-2,23,19,-4104
3092417025,12137,7,1,-4,18,4,-4106
3092418025,12137,11,2,-9,17,20,-4111
3092419025,12137,6,-5,-8,33,13,-4107
3092420025,12137,9,-5,-5,38,32,-4092
3092421025,12137,6,-4,-5,13,14,-4083
3092422025,12137,2,-3,-7,20,16,-4080
3092423025,12137,5,0,-5,22,22,-4085
3092424025,12137,3,4,-7,0,33,-4092
3092425025,12137,5,-6,-5,19,27,-4090
3092426025,12137,9,-3,-7,21,18,-4078
3092427025,12137,8,-4,-8,12,22,-4083
3092428025,12137,4,-3,-6,23,6,-4092
3092429025,12137,7,-6,-6,32,31,-4073
3092430025,12137,6,-4,-4,34,20,-4085
3092431025,12137,11,-10,-6,30,24,-4077
3092432025,12137,-2,-2,0,25,22,-4082
3092433025,12137,8,-6,-3,9,21,-4072
3092434025,12137,6,-2,-3,22,16,-4086
3092435025,12137,4,-4,-6,10,13,-4089
3092436025,12137,5,-1,-7,21,19,-4080
3092437025,12137,2,-4,-6,26,22,-4101
3092438025,12137,11,-3,-10,20,21,-4091
3092439025,12137,13,-10,-10,23,10,-4074
3092440025,12137,10,-3,-9,25,40,-4087
3092441025,12137,4,-2,-3,17,30,-4099
3092442025,12137,5,-1,-4,27,31,-4099
3092443025,12137,2,6,0,43,14,-4097
3092444025,12137,4,-4,-8,33,26,-4089
3092445025,12137,10,-12,-6,24,30,-4101
3092446025,12137,-3,3,-4,7,25,-4099
3092447025,12137,6,-7,-5,24,6,-4097
3092448025,12137,7,-9,-5,24,27,-4093
3092449025,12137,7,-10,-4,13,19,-4087
3092450025,12137,7,-5,-7,14,19,-4099
3092451025,12137,0,-1,-1,14,15,-4074
3092452025,12137,8,-10,-1,26,43,-4102
3092453025,12137,7,-6,-3,12,15,-4110
3092454025,12137,6,-3,-9,19,22,-4082
3092455025,12137,6,-3,-6,8,32,-4096
3092456025,12136,5,0,-3,19,15,-4096
3092457025,12136,1,-4,-8,-5,24,-4089
3092458025,12136,5,-6,-11,24,23,-4098
3092459025,12136,2,-10,-9,19,28,-4092
3092460025,12136,4,-4,-1,19,18,-4078
3092461025,12136,3,-4,-3,19,14,-4088
3092462025,12136,2,-5,-4,12,14,-4074
3092463025,12136,10,-7,-9,15,1,-4084
3092464025,12136,4,-3,-9,17,23,-4090
3092465025,12136,8,-7,-9,-2,24,-4084
3092466025,12136,5,-6,-2,22,15,-4078
3092467025,12136,7,-5,0,19,24,-4088
3092468025,12136,8,-7,-3,30,31,-4072
3092469025,12136,5,-4,1,24,26,-4092
3092470025,12136,0,-6,-5,35,45,-4089
3092471025,12136,4,-14,-6,44,33,-4094
3092472025,12136,7,-6,-2,42,37,-4097
3092473025,12136,7,-7,-3,47,51,-4095
3092474025,12136,1,-9,-4,34,34,-4086
3092475025,12136,4,-1,-2,31,53,-4086
3092476025,12136,7,-6,1,32,40,-4071
3092477025,12136,7,-12,-5,10,38,-4083
3092478025,12136,2,-4,-2,9,42,-4092
3092479025,12136,7,-9,-1,-4,18,-4075
3092480025,12136,3,-8,-3,3,23,-4083
3092481025,12136,5,0,-7,-6,28,-4086
3092482025,12136,8,-7,-6,8,36,-4087
3092483025,12136,-2,-2,1,9,32,-4095
3092484025,12136,9,-6,-8,10,44,-4111
3092485025,12136,5,2,-5,1,34,-4099
3092486025,12136,4,-3,-6,-7,46,-4097
3092487025,12136,6,-9,-2,8,31,-4094
3092488025,12136,6,-4,-6,11,33,-4098
3092489025,12136,6,-7,-10,9,24,-4098
3092490025,12136,9,0,-9,10,21,-4085
3092491025,12136,9,-3,-6,11,14,-4093
3092492025,12135,6,-5,-4,25,25,-4093
3092493025,12135,6,-6,-2,4,30,-4071
3092494025,12135,11,-5,-1,14,30,-4105
3092495025,12135,5,-1,-5,36,23,-4100
3092496025,12135,6,-4,-3,14,32,-4082
3092497025,12135,3,1,-4,13,25,-4078
3092498025,12135,7,-6,-5,25,26,-4093
3092499025,12135,4,-2,-2,27,13,-4090
3092500025,12135,1,-4,0,51,11,-4077
3092501025,12135,7,-3,-3,49,11,-4104
3092502025,12135,8,-2,-2,95,0,-4096
3092503025,12135,5,-4,-7,104,16,-4109
3092504025,12135,5,-6,-4,61,36,-4091
3092505025,12135,8,-7,-6,35,48,-4099
3092506025,12135,10,-5,-1,31,27,-4075
3092507025,12135,7,-3,-4,46,21,-4071
3092508025,12135,6,-6,-3,40,26,-4072
3092509025,12135,6,-10,-4,18,41,-4097
3092510025,12135,3,-3,-2,7,42,-4084
3092511025,12135,10,-6,0,-11,21,-4080
3092512025,12135,7,-3,-1,15,22,-4085
3092513025,12135,3,-5,-2,4,22,-4105
3092514025,12135,1,-1,2,4,29,-4099
3092515025,12135,7,3,4,-13,34,-4091
3092516025,12135,6,0,-2,-11,34,-4109
3092517025,12135,4,-3,2,-5,17,-4111
3092518025,12135,7,-6,0,14,22,-4090
3092519025,12135,7,-4,-1,2,25,-4093
3092520025,12135,2,-9,0,7,22,-4090
3092521025,12134,8,-4,0,3,19,-4076
3092522025,12134,8,-8,-2,1,23,-4075
3092523025,12134,7,-2,-4,7,23,-4080
3092524025,12134,5,-7,-1,18,23,-4086
3092525025,12134,3,-3,-6,10,38,-4070
3092526025,12134,11,-8,-5,16,36,-4088
3092527025,12134,11,-9,-2,9,21,-4080
3092528025,12134,6,-2,-3,0,38,-4097
3092529025,12134,9,-5,-6,20,24,-4103
3092530025,12134,6,-9,-5,2,36,-4087
3092531025,12134,1,2,-2,1,38,-4083
3092532025,12134,2,-3,-7,4,18,-4088
3092533025,12133,5,1,-3,11,14,-4086
3092534025,12133,7,-1,-4,6,21,-4086
3092535025,12133,5,-9,-3,20,26,-4089
3092536025,12133,4,-1,1,12,14,-4083
3092537025,12133,8,-2,-2,16,12,-4072
3092538025,12133,10,-7,-1,-2,17,-4084
3092539025,12133,11,-1,-4,10,16,-4098
3092540025,12133,7,-5,-1,17,7,-4087
3092541025,12133,7,-5,0,17,16,-4096
3092542025,12133,7,-4,-1,22,10,-4102
3092543025,12133,9,-8,-6,16,25,-4098
3092544025,12133,6,-8,-2,10,30,-4088
3092545025,12133,7,-6,2,14,28,-4098
3092546025,12133,3,-5,-10,32,36,-4096
3092547025,12133,2,-1,-5,20,26,-4085
3092548025,12133,13,-11,2,20,14,-4085
3092549025,12133,1,-2,0,22,19,-4077
3092550025,12133,4,-6,-3,30,19,-4089
3092551025,12133,9,-8,-6,11,28,-4094
3092552025,12133,6,-3,-3,28,18,-4084
3092553025,12133,2,-3,-6,20,19,-4111
3092554025,12133,9,-4,-5,26,29,-4095
3092555025,12133,3,-4,-1,6,15,-4087
3092556025,12133,8,-3,-4,9,22,-4088
3092557025,12133,2,-6,-9,3,14,-4091
3092558025,12133,4,-3,-6,18,9,-4072
3092559025,12133,2,-8,-5,-3,21,-4082
3092560025,12133,2,-1,-8,-4,9,-4101
3092561025,12133,8,-1,-6,6,1,-4097
3092562025,12133,8,-11,-9,18,6,-4088
3092563025,12132,2,-1,-6,6,11,-4101
3092564025,12132,4,-6,-7,-9,15,-4094
3092565025,12132,0,2,0,9,10,-4093
3092566025,12132,2,0,-1,14,7,-4096
3092567025,12132,7,-2,-9,-7,23,-4083
3092568025,12132,6,-6,-1,6,10,-4100
3092569025,12132,4,-3,-8,-4,17,-4072
3092570025,12132,4,-6,-7,-1,23,-4083
3092571025,12132,7,-5,0,0,5,-4088
3092572025,12132,12,-9,-2,10,8,-4077
3092573025,12132,4,-7,-5,3,21,-4082
3092574025,12132,3,2,-8,9,11,-4081
3092575025,12132,7,-13,-7,3,10,-4093
3092576025,12132,7,-2,-4,10,31,-4101
3092577025,12132,2,-5,-10,-11,26,-4110
3092578025,12132,5,-2,-7,-1,32,-4086
3092579025,12132,0,3,-6,-8,32,-4080
3092580025,12132,9,-4,-7,5,43,-4096
3092581025,12132,4,-5,-6,-4,26,-4080
3092582025,12132,9,-2,-7,7,16,-4097
3092583025,12132,7,-2,-6,-6,44,-4075
3092584025,12132,-3,-5,-6,0,26,-4090
3092585025,12132,8,-10,-8,6,26,-4092
3092586025,12131,4,-8,-7,-9,32,-4079
3092587025,12131,5,-5,-9,-13,21,-4083
3092588025,12131,5,-2,-7,0,23,-4091
3092589025,12131,0,-4,-5,-8,20,-4097
3092590025,12131,4,-5,-4,-3,31,-4102
3092591025,12131,5,-5,-6,-15,22,-4088
3092592025,12131,1,3,-5,-12,35,-4092
3092593025,12131,3,-1,-7,-8,28,-4080
3092594025,12131,-2,-1,-1,2,15,-4067
3092595025,12131,6,1,-5,-5,37,-4098
3092596025,12131,4,0,-8,-2,23,-4099
3092597025,12131,3,-3,-10,0,14,-4084
3092598025,12131,3,-2,-11,8,16,-4086
3092599025,12131,13,-6,-11,7,26,-4085
3092600025,12131,7,-6,-7,17,17,-4096
3092601025,12131,2,-5,-11,23,22,-4094
3092602025,12131,3,-3,-10,17,30,-4106
3092603025,12131,6,-4,-10,11,23,-4084
3092604025,12131,6,-4,-7,15,19,-4094
3092605025,12131,4,-11,-11,-1,17,-4079
3092606025,12131,-4,3,-5,8,12,-4075
3092607025,12132,7,-8,-11,8,12,-4096
3092608025,12132,5,-8,-11,9,-8,-4085
3092609025,12132,5,-4,-10,27,14,-4092
3092610025,12132,0,-7,-8,6,19,-4091
3092611025,12132,-2,-4,-9,10,22,-4090
3092612025,12132,4,-3,-5,19,29,-4105
3092613025,12132,0,-6,-9,22,7,-4101
3092614025,12132,1,-6,-14,0,23,-4095
3092615025,12132,4,-6,-11,4,28,-4093
3092616025,12132,8,-4,-12,15,19,-4082
3092617025,12132,11,-5,-10,1,23,-4067
3092618025,12132,1,-2,-9,3,17,-4091
3092619025,12132,4,-5,-5,15,38,-4079
3092620025,12132,7,-9,-12,2,16,-4075
3092621025,12132,5,-1,-5,27,35,-4095
3092622025,12132,-1,-4,-9,10,22,-4098
3092623025,12132,2,-5,-6,18,41,-4083
3092624025,12132,5,1,-8,17,33,-4104
3092625025,12132,7,-6,-4,24,36,-4090
3092626025,12132,2,-4,-6,13,37,-4087
3092627025,12132,4,-2,-7,6,22,-4090
3092628025,12132,4,-7,-7,11,34,-4084
3092629025,12132,2,3,-8,15,28,-4078
3092630025,12132,1,-1,-7,16,19,-4068
3092631025,12132,2,-2,-9,27,17,-4068
3092632025,12132,0,-5,-6,22,46,-4102
3092633025,12132,3,-2,-8,27,19,-4111
3092634025,12132,9,-3,-8,29,17,-4088
3092635025,12132,3,-5,-9,10,15,-4097
3092636025,12132,4,-4,-10,24,23,-4092
3092637025,12132,0,-1,-6,2,20,-4098
3092638025,12132,7,-1,-10,16,17,-4091
3092639025,12132,3,-5,-13,7,13,-4078
3092640025,12132,1,-2,-10,13,16,-4072
3092641025,12132,7,-3,-10,34,23,-4088
3092642025,12132,7,-4,-7,17,19,-4089
3092643025,12132,3,3,-7,28,25,-4071
3092644025,12132,7,-3,-7,24,16,-4085
3092645025,12132,4,-1,-6,10,32,-4099
3092646025,12132,2,-1,-7,23,20,-4104
3092647025,12132,-1,-1,-10,25,16,-4095
3092648025,12132,4,-3,-10,18,20,-4097
3092649025,12132,3,-1,-9,16,14,-4103
3092650025,12132,6,-9,-10,10,12,-4091
3092651025,12132,5,-6,-5,3,27,-4064
3092652025,12132,2,-4,-5,9,10,-4069
3092653025,12132,3,-4,-7,-3,37,-4075
3092654025,12132,5,-3,-5,17,35,-4088
3092655025,12132,5,-6,-9,18,28,-4108
3092656025,12132,4,0,-7,16,36,-4093
3092657025,12132,-3,-8,-7,32,5,-4092
3092658025,12132,4,-4,-12,18,6,-4087
3092659025,12132,6,-5,-12,14,29,-4091
3092660025,12132,2,-3,-8,25,23,-4079
3092661025,12132,6,-3,-7,14,22,-4102
3092662025,12132,7,-1,-7,27,18,-4061
3092663025,12132,9,-7,-10,-9,22,-4085
3092664025,12132,4,-2,-8,18,22,-4104
3092665025,12132,4,-5,-8,9,3,-4090
3092666025,12132,7,-7,-11,-3,27,-4099
3092667025,12132,0,1,-13,15,19,-4077
3092668025,12132,9,-7,-10,21,22,-4094
3092669025,12132,1,-12,-6,12,16,-4097
3092670025,12132,3,2,-5,4,26,-4092
3092671026,12132,9,-6,-6,6,17,-4095
3092672027,12132,8,-5,-7,18,14,-4090
3092673025,12132,3,-9,-4,-6,24,-4111
3092674025,12132,10,2,-6,-1,30,-4095
3092675025,12132,4,-1,-8,2,13,-4086
3092676025,12132,6,-5,-8,17,32,-4089
3092677025,12132,11,-8,-7,26,30,-4084
3092678025,12132,2,-7,-7,13,26,-4089
3092679025,12132,-2,-3,-7,6,32,-4084
3092680025,12132,1,-7,-14,17,26,-4087
3092681025,12132,-2,-7,-8,0,22,-4091
3092682025,12132,1,-5,-6,0,15,-4090
3092683025,12132,5,-6,-2,8,25,-4088
3092684025,12132,3,-7,-5,13,22,-4093
3092685025,12132,3,-5,-6,0,15,-4075
3092686025,12132,3,-2,-6,0,28,-4080
3092687025,12132,5,-11,-3,15,13,-4085
3092688025,12132,0,0,-3,17,7,-4087
3092689025,12132,9,-10,-6,-4,16,-4092
3092690025,12132,3,-5,-8,11,17,-4096
3092691025,12132,8,1,-3,14,12,-4097
3092692025,12132,4,-3,-11,27,34,-4121
3092693025,12132,1,-6,-9,10,43,-4088
3092694025,12132,2,-8,-12,10,35,-4100
3092695025,12132,4,-8,-4,7,24,-4082
3092696025,12132,3,-5,-5,-10,31,-4077
3092697025,12132,0,-3,-8,12,31,-4078
3092698025,12132,4,-4,-10,-1,37,-4079
3092699025,12132,-3,5,-6,5,37,-4071
3092700025,12132,4,-4,-8,11,32,-4092
3092701025,12132,6,-6,-6,35,27,-4097
3092702025,12132,6,-1,-7,36,19,-4087
3092703025,12132,13,-11,-9,35,35,-4090
3092704025,12132,-1,-1,-4,17,21,-4096
3092705025,12132,1,-4,-5,39,6,-4095
3092706025,12132,5,-2,-9,15,12,-4069
3092707025,12132,9,-3,-7,8,1,-4073
3092708025,12132,5,-11,-11,1,-10,-4056
3092709025,12132,0,-8,-9,10,3,-4078
3092710025,12132,2,-6,-8,32,24,-4085
3092711025,12132,2,-4,-4,12,27,-4100
3092712025,12132,-1,-1,-13,14,25,-4110
3092713025,12132,7,-5,-9,11,13,-4116
3092714025,12132,2,-10,-5,25,20,-4100
3092715025,12132,3,-8,-6,14,19,-4107
3092716025,12132,7,-5,-5,5,18,-4109
3092717025,12132,13,-3,-7,3,11,-4090
3092718025,12132,4,-1,-6,1,16,-4084
3092719025,12132,7,-6,-5,-1,16,-4073
3092720025,12132,4,1,-10,2,31,-4073
3092721025,12132,3,-6,-6,15,19,-4074
3092722025,12132,1,-2,-8,30,42,-4075
3092723025,12132,-1,0,-6,20,28,-4095
3092724025,12132,5,-3,-10,26,28,-4086
3092725025,12132,3,-2,-7,28,21,-4093
3092726025,12132,8,-6,-5,15,37,-4109
3092727025,12132,7,-3,-8,7,22,-4102
3092728025,12132,6,-2,-9,0,11,-4093
3092729025,12132,5,-9,-7,13,24,-4102
3092730025,12132,3,-7,-12,4,45,-4091
3092731025,12132,3,-3,-8,2,21,-4078
3092732025,12132,5,-2,-7,11,36,-4081
3092733025,12132,5,-4,-9,9,38,-4089
3092734025,12132,3,1,-10,-3,36,-4077
3092735025,12132,7,-10,-7,12,42,-4090
3092736025,12132,9,-3,-9,14,43,-4093
3092737025,12132,6,-7,-9,9,27,-4095
3092738025,12132,6,-7,-7,7,12,-4080
3092739025,12132,4,1,-5,22,33,-4080
3092740025,12132,10,-1,-6,25,15,-4089
3092741025,12132,5,-6,-7,14,18,-4078
3092742025,12132,10,-3,-7,21,42,-4082
3092743025,12132,2,-2,-7,34,24,-4091
3092744025,12132,7,-2,-3,22,39,-4088
3092745025,12132,4,-5,-7,31,17,-4078
3092746025,12132,1,-8,-6,21,26,-4104
3092747025,12132,4,-2,-6,-13,30,-4098
3092748025,12132,6,-3,-11,2,28,-4100
3092749025,12132,2,-8,-9,8,12,-4096
3092750025,12132,5,-2,-8,2,17,-4096
3092751025,12132,6,-1,-4,10,9,-4110
3092752025,12132,3,-2,-5,7,21,-4103
3092753025,12132,5,-11,-10,-7,15,-4096
3092754025,12132,6,-5,-8,-8,19,-4079
3092755025,12132,3,-5,-7,1,8,-4071
3092756025,12132,3,-6,-12,14,30,-4073
3092757025,12132,5,1,-11,9,23,-4079
3092758025,12132,2,-6,-10,9,32,-4095
3092759025,12132,1,-2,-5,10,15,-4093
3092760025,12132,1,-2,-6,10,22,-4101
3092761025,12132,7,-4,-6,28,30,-4102
3092762025,12132,2,-4,-9,13,21,-4080
3092763025,12132,9,-2,-6,3,19,-4097
3092764025,12132,7,-4,-4,11,31,-4085
3092765025,12132,3,-2,-2,5,23,-4087
3092766025,12132,6,-2,-7,3,35,-4098
3092767025,12132,8,-7,-3,0,37,-4094
3092768025,12132,2,-2,-1,0,31,-4087
3092769025,12132,7,-5,-10,-1,40,-4081
3092770025,12132,7,2,-5,25,35,-4094
3092771025,12132,6,-1,-7,5,16,-4097
3092772025,12132,6,-3,-4,12,35,-4096
3092773025,12132,-2,-5,-3,20,22,-4098
3092774025,12132,4,-2,-8,19,22,-4094
3092775025,12132,8,-8,-1,12,23,-4098
3092776025,12132,9,0,-8,14,36,-4091
3092777025,12132,4,-7,-7,13,26,-4084
3092778025,12132,4,1,-5,17,24,-4077
3092779025,12132,1,-3,-8,7,30,-4075
3092780025,12132,0,-3,-8,2,23,-4093
3092781025,12132,0,4,-5,26,39,-4087
3092782025,12132,5,1,-7,16,16,-4085
3092783025,12132,6,-3,-11,24,25,-4088
3092784025,12132,1,-1,-12,18,14,-4086
3092785025,12132,6,-2,-10,12,30,-4091
3092786025,12132,3,1,-6,2,19,-4081
3092787025,12132,4,-5,-8,13,8,-4099
3092788025,12132,7,-2,-7,-10,21,-4079
3092789025,12132,7,-2,-6,20,17,-4081
3092790025,12132,8,-10,-10,7,20,-4090
3092791025,12132,6,-5,-8,16,33,-4098
3092792025,12132,3,-6,-3,24,44,-4083
3092793025,12132,3,1,-4,27,27,-4071
3092794025,12132,4,-1,-8,23,7,-4094
3092795025,12132,3,-5,-6,20,33,-4079
3092796025,12132,5,-7,-8,14,19,-4083
3092797025,12132,3,-4,-9,21,27,-4101
3092798025,12132,8,-2,-7,21,28,-4084
3092799025,12132,6,-9,-13,21,17,-4096
3092800025,12132,2,-2,-10,24,29,-4085
3092801025,12132,2,-2,-11,25,-7,-4088
3092802025,12132,8,2,-6,8,26,-4091
3092803025,12132,4,0,-4,16,27,-4084
3092804025,12132,4,-3,-11,8,21,-4093
3092805025,12132,2,2,-11,21,35,-4104
3092806025,12132,5,-6,-8,10,28,-4083
3092807025,12132,5,-4,-6,11,32,-4096
3092808025,12132,4,0,-7,13,24,-4105
3092809025,12132,6,0,-12,5,20,-4083
3092810025,12132,5,-7,-14,15,36,-4088
3092811025,12132,9,-3,-7,4,14,-4076
3092812025,12132,5,-4,-8,22,31,-4083
3092813025,12132,0,0,-7,19,32,-4089
3092814025,12132,9,-9,-10,7,30,-4103
3092815025,12132,6,-4,-12,19,28,-4098
3092816025,12132,3,-1,-5,22,25,-4108
3092817025,12132,9,-11,-7,11,24,-4094
3092818025,12132,6,-4,-9,10,18,-4103
3092819025,12132,0,-2,-10,6,18,-4082
3092820025,12132,-1,-1,-12,22,0,-4084
3092821025,12132,3,1,-9,7,8,-4101
3092822025,12132,2,0,-11,5,8,-4081
3092823025,12132,5,-5,-4,9,30,-4103
3092824025,12132,3,-2,-9,26,21,-4094
3092825025,12132,7,-2,-9,18,36,-4088
3092826025,12132,2,-4,-8,33,28,-4084
3092827025,12132,3,-3,-9,22,28,-4113
3092828025,12132,4,-1,-6,8,14,-4097
3092829025,12132,3,-6,-9,6,11,-4096
3092830025,12132,4,-1,-6,21,24,-4081
3092831025,12132,7,-10,-11,-21,24,-4076
3092832025,12132,4,-5,-7,12,40,-4082
3092833025,12132,3,0,-11,10,45,-4072
3092834025,12132,2,-6,-9,28,34,-4067
3092835025,12132,0,2,-7,15,29,-4086
3092836025,12132,6,-9,-5,19,20,-4082
3092837025,12132,2,0,-8,13,23,-4105
3092838025,12132,5,-6,-11,22,18,-4102
3092839025,12132,5,-2,-3,23,26,-4099
3092840025,12132,1,0,-7,2,14,-4105
3092841025,12132,5,-5,-7,6,2,-4091
3092842025,12132,11,-5,-6,17,25,-4085
3092843025,12132,2,-2,-8,7,23,-4069
3092844025,12132,5,0,-9,3,32,-4071
3092845025,12132,3,0,-11,12,34,-4079
3092846025,12132,0,0,-11,21,30,-4086
3092847025,12132,8,-5,-8,36,24,-4091
3092848025,12132,1,-2,-7,31,18,-4086
3092849025,12132,5,-9,-11,16,17,-4099
3092850025,12132,7,-4,-11,14,14,-4100
3092851025,12132,1,3,-6,16,25,-4088
3092852025,12132,2,-9,-7,12,13,-4083
3092853025,12132,5,1,-5,16,22,-4070
3092854025,12132,3,-4,-6,-3,22,-4070
3092855025,12132,8,-4,-9,-1,6,-4071
3092856025,12132,4,-2,-3,20,15,-4074
3092857025,12132,2,3,-7,27,32,-4075
3092858025,12132,0,-7,-8,17,11,-4082
3092859025,12132,2,-1,-8,17,30,-4084
3092860025,12132,5,-10,-10,37,27,-4092
3092861025,12132,0,-3,-8,26,20,-4094
3092862025,12132,1,-3,-6,19,14,-4091
3092863025,12132,5,-6,-13,3,6,-4102
3092864025,12132,4,-4,-5,9,12,-4069
3092865025,12132,3,-5,-15,-3,35,-4071
3092866025,12132,4,-6,-3,19,25,-4069
3092867025,12132,-2,6,-8,5,7,-4086
3092868025,12132,4,0,-3,9,14,-4070
3092869025,12132,3,-8,-9,12,32,-4090
3092870025,12132,7,-6,-4,16,20,-4092
3092871025,12132,3,0,-11,24,36,-4089
3092872025,12132,2,0,-3,27,30,-4110
3092873025,12132,5,-1,-12,11,21,-4092
3092874025,12132,1,-3,-11,21,25,-4088
3092875025,12132,2,-4,-9,11,24,-4078
3092876025,12132,10,-2,-14,12,26,-4081
3092877025,12132,7,-3,-15,4,24,-4083
3092878025,12132,-1,-1,-10,9,35,-4077
3092879025,12132,1,-5,-12,1,45,-4076
3092880025,12132,1,0,-9,24,35,-4083
3092881025,12132,5,-4,-11,34,33,-4099
3092882025,12132,11,-7,-16,17,27,-4113
3092883025,12132,9,-6,-7,5,23,-4105
3092884025,12132,2,-7,-12,29,21,-4113
3092885025,12132,2,-6,-11,13,12,-4091
3092886025,12132,4,-2,-16,8,9,-4091
3092887025,12132,3,-7,-13,22,16,-4082
3092888025,12132,-1,-7,-13,6,13,-4095
3092889025,12132,5,1,-7,15,10,-4068
3092890025,12132,3,-5,-11,18,24,-4076
3092891025,12132,-1,2,-14,6,27,-4079
3092892025,12132,7,-6,-11,6,42,-4101
3092893025,12132,11,-5,-11,20,37,-4093
3092894025,12132,-3,-4,-9,25,26,-4089
3092895025,12132,4,-4,-11,19,14,-4108
3092896025,12132,1,0,-6,25,21,-4075
3092897025,12132,4,-9,-9,4,27,-4095
3092898025,12132,5,-2,-10,-3,16,-4090
3092899025,12132,-2,2,-5,0,39,-4090
3092900025,12132,12,-6,-14,16,25,-4096
3092901025,12132,3,0,-14,16,27,-4091
3092902025,12133,5,-6,-15,16,26,-4087
3092903025,12133,0,-1,-8,11,28,-4086
3092904025,12133,4,-6,-11,15,34,-4082
3092905025,12133,6,-10,-14,21,13,-4092
3092906025,12133,0,-5,-14,6,29,-4104
3092907025,12133,3,-5,-13,10,19,-4097
3092908025,12133,3,-3,-12,9,27,-4082
3092909025,12133,3,-4,-7,4,22,-4090
3092910025,12133,3,-4,-10,5,24,-4066
3092911025,12133,3,-6,-9,22,29,-4070
3092912025,12133,6,1,-11,3,33,-4075
3092913025,12133,1,-4,-6,27,41,-4092
3092914025,12133,7,-4,-7,25,34,-4079
3092915025,12133,-2,-4,-6,18,29,-4088
3092916025,12133,6,-6,-7,26,24,-4091
3092917025,12133,-2,0,-10,22,24,-4091
3092918025,12133,7,-3,-3,44,21,-4100
3092919025,12133,4,1,-10,17,20,-4102
3092920025,12133,4,-3,-8,-1,7,-4090
3092921025,12133,-1,-1,-9,9,22,-4087
3092922025,12133,0,-1,-5,-4,21,-4085
3092923025,12133,2,-8,-9,8,21,-4082
3092924025,12133,5,-5,-13,6,6,-4084
3092925025,12133,-1,-4,-6,16,32,-4087
3092926025,12133,2,-7,-17,8,20,-4073
3092927025,12133,10,-9,-10,21,36,-4094
3092928025,12133,3,-2,-9,16,31,-4104
3092929025,12133,0,-4,-11,8,13,-4110
3092930025,12133,3,-2,-14,19,20,-4092
3092931025,12133,3,-1,-8,14,13,-4106
3092932025,12133,7,-3,-8,11,4,-4091
3092933025,12133,6,-5,-8,-12,15,-4097
3092934025,12133,0,1,-12,-10,18,-4066
3092935025,12133,-2,0,-11,18,27,-4077
3092936025,12133,0,-1,-8,23,26,-4083
3092937025,12133,4,-5,-9,3,16,-4085
3092938025,12133,6,1,-9,15,14,-4081
3092939025,12133,5,-6,-10,46,13,-4089
3092940025,12133,7,-3,-13,25,26,-4093
3092941025,12133,4,-2,-9,16,18,-4083
3092942025,12133,0,-3,-10,35,-5,-4096
3092943025,12133,7,-5,-6,22,9,-4078
3092944025,12133,-3,-5,-6,7,15,-4079
3092945025,12133,1,-4,-10,16,22,-4088
3092946025,12133,2,-5,-11,12,19,-4077
3092947025,12133,5,-1,-11,6,30,-4083
3092948025,12133,4,-8,-12,12,19,-4084
3092949025,12133,-1,0,-9,22,28,-4096
3092950025,12133,4,-2,-13,22,30,-4098
3092951025,12133,-4,-6,-13,9,20,-4104
3092952025,12133,3,-1,-8,31,25,-4096
3092953025,12133,3,-4,-13,29,12,-4099
3092954025,12133,9,-8,-13,50,8,-4106
3092955025,12133,-1,-4,-7,34,13,-4072
3092956025,12133,0,-6,-14,18,22,-4077
3092957025,12133,5,-7,-9,0,35,-4060
3092958025,12133,-6,-2,-12,-3,15,-4058
3092959025,12133,7,-7,-9,1,38,-4060
3092960025,12133,2,-1,-10,0,23,-4060
3092961025,12133,8,-7,-8,1,31,-4100
3092962025,12133,1,-9,-9,-5,36,-4101
3092963025,12133,7,-2,-16,-11,23,-4096
3092964025,12133,5,-5,-7,-12,10,-4100
3092965025,12133,7,0,-10,-6,21,-4107
3092966025,12133,-1,-4,-10,-12,25,-4103
3092967025,12133,1,-4,-9,6,28,-4098
3092968025,12133,7,0,-11,-11,25,-4104
3092969025,12133,4,-4,-8,15,38,-4094
3092970025,12133,4,-7,-8,2,24,-4076
3092971025,12133,3,-3,-9,27,28,-4082
3092972025,12133,5,-4,-4,25,37,-4084
3092973025,12133,7,-3,-10,34,32,-4097
3092974025,12133,0,-2,-5,37,27,-4077
3092975025,12133,5,-5,-13,12,16,-4074
3092976025,12133,5,-6,-11,6,18,-4065
3092977025,12133,5,-6,-9,12,20,-4089
3092978025,12133,2,1,-2,12,25,-4075
3092979025,12133,4,-5,-8,2,26,-4084
3092980025,12133,2,-8,-10,0,16,-4093
3092981025,12133,4,-3,-5,16,13,-4093
3092982025,12133,8,-7,-11,24,33,-4089
3092983025,12133,6,-9,-13,22,32,-4118
3092984025,12133,3,-1,-8,19,30,-4106
3092985025,12133,6,-4,-9,9,28,-4125
3092986025,12133,1,3,-12,10,25,-4107
3092987025,12133,6,-5,-8,2,24,-4106
3092988025,12133,6,-6,-7,-3,10,-4082
3092989025,12133,7,-2,-7,6,32,-4085
3092990025,12133,7,-3,-9,1,11,-4087
3092991025,12133,3,-10,-10,7,27,-4079
3092992025,12133,5,7,-10,16,19,-4082
3092993025,12133,9,-4,-11,18,17,-4095
3092994025,12133,10,-9,-9,25,20,-4092
3092995025,12133,6,-3,-8,15,25,-4078
3092996025,12133,7,-5,-7,32,16,-4105
3092997025,12133,1,-1,-7,11,9,-4100
3092998025,12133,4,-4,-7,10,5,-4109
3092999025,12133,10,-6,-11,9,18,-4098
3093000025,12133,5,2,-5,4,22,-4110
3093001025,12133,2,-6,-5,-11,25,-4076
3093002025,12133,5,-11,-8,10,36,-4077
3093003025,12133,7,-6,-6,14,33,-4065
3093004025,12133,4,-3,-11,10,31,-4089
3093005025,12133,-2,2,-6,-4,32,-4083
3093006025,12133,3,-5,-8,13,31,-4092
3093007025,12133,2,-3,-8,5,28,-4096
3093008025,12133,-2,0,-5,3,21,-4081
3093009025,12133,14,-6,-7,10,26,-4100
3093010025,12133,4,-1,-6,19,25,-4092
3093011025,12133,2,-2,-8,17,39,-4088
3093012025,12133,8,-8,-6,17,28,-4074
3093013025,12133,4,0,-2,14,33,-4078
3093014025,12133,1,-4,-11,18,22,-4074
3093015025,12133,5,0,-8,8,29,-4072
3093016025,12133,7,-3,-12,-6,27,-4098
3093017025,12133,6,-5,-8,8,27,-4076
3093018025,12133,4,-4,-9,30,24,-4088
3093019025,12133,3,-2,-7,36,22,-4115
3093020025,12133,8,-3,-9,21,29,-4103
3093021025,12133,7,-6,-9,16,17,-4096
3093022025,12133,3,-4,-6,5,35,-4105
3093023025,12133,5,-7,-5,13,26,-4095
3093024025,12133,4,-2,-7,5,4,-4085
3093025025,12133,6,-10,-7,5,35,-4076
3093026025,12133,6,-3,-10,19,28,-4072
3093027025,12133,8,2,-3,-5,16,-4086
3093028025,12133,8,-4,-7,6,32,-4091
3093029025,12133,3,1,-5,8,15,-4068
3093030025,12133,2,-3,-8,19,36,-4098
3093031025,12133,-1,-3,-3,23,29,-4092
3093032025,12133,5,0,-6,20,34,-4105
3093033025,12133,10,-10,-9,30,36,-4118
3093034025,12133,6,-12,-13,12,16,-4105
3093035025,12133,8,-12,-10,10,26,-4087
3093036025,12133,8,-3,-11,4,20,-4074
3093037025,12133,3,3,-10,2,30,-4083
3093038025,12133,8,-8,-9,1,40,-4087
3093039025,12133,3,-1,-6,-5,19,-4076
3093040025,12133,3,-3,-14,15,25,-4079
3093041025,12133,0,-8,-6,7,37,-4104
3093042025,12133,10,-6,-6,36,38,-4103
3093043025,12133,10,-5,-8,26,15,-4093
3093044025,12133,10,-5,-9,34,23,-4095
3093045025,12133,6,0,-8,11,18,-4102
3093046025,12133,5,-4,-11,10,14,-4093
3093047025,12133,5,-3,-10,6,2,-4088
3093048025,12133,6,-2,-13,4,30,-4086
3093049025,12133,1,-8,-6,3,29,-4072
3093050025,12133,4,-2,-8,3,22,-4079
3093051025,12133,3,-1,-4,13,27,-4083
3093052025,12133,3,-5,-8,19,32,-4092
3093053025,12133,4,0,-2,10,28,-4100
3093054025,12133,1,-5,-4,25,21,-4106
3093055025,12133,4,-4,-5,23,18,-4092
3093056025,12133,5,-1,-3,13,7,-4087
3093057025,12133,5,-8,-13,11,14,-4084
3093058025,12133,8,-5,-7,6,11,-4079
3093059025,12133,1,0,-8,7,8,-4089
3093060025,12133,8,-9,-7,3,19,-4070
3093061025,12133,7,5,-4,16,12,-4064
3093062025,12133,5,-1,-5,19,47,-4092
3093063025,12133,4,-4,-6,11,33,-4087
3093064025,12133,4,-3,-8,23,30,-4096
3093065025,12133,5,-5,-7,25,19,-4072
3093066025,12133,9,-8,-5,31,17,-4089
3093067025,12133,4,-7,-4,26,30,-4115
3093068025,12133,7,-3,-8,17,23,-4081
3093069025,12133,7,-6,-7,13,35,-4080
3093070025,12133,5,-5,-7,23,39,-4081
3093071025,12133,4,-3,-13,3,25,-4066
3093072025,12133,-1,-1,-9,18,30,-4070
3093073025,12133,5,-7,-9,12,27,-4086
3093074025,12133,8,-7,-8,15,32,-4077
3093075025,12133,1,3,-8,26,25,-4100
3093076025,12133,9,-12,-8,7,20,-4096
3093077025,12133,4,-2,-5,6,25,-4092
3093078025,12133,9,-10,-14,17,23,-4095
3093079025,12133,5,-6,-12,5,4,-4100
3093080025,12133,7,-6,-11,3,16,-4095
3093081025,12133,-1,-6,-10,10,27,-4090
3093082025,12133,3,-6,-9,10,20,-4095
3093083025,12133,1,-3,-10,20,21,-4085
3093084025,12133,2,-1,-7,23,26,-4093
3093085025,12133,3,-5,-4,10,39,-4092
3093086025,12133,-1,-4,-7,8,36,-4092
3093087025,12133,5,-6,-4,12,42,-4098
3093088025,12133,5,-2,-4,30,32,-4084
3093089025,12133,4,-4,-8,28,33,-4092
3093090025,12133,5,-2,-7,-1,19,-4100
3093091025,12133,6,-1,-7,10,30,-4105
3093092025,12133,3,-5,-5,10,26,-4083
3093093025,12133,1,-7,-4,9,20,-4091
3093094025,12133,0,-7,-9,3,24,-4089
3093095025,12133,3,-3,-5,13,32,-4064
3093096025,12133,5,-5,-4,11,25,-4072
3093097025,12133,6,-4,-8,31,17,-4087
3093098025,12133,6,-3,-7,30,26,-4094
3093099025,12133,3,-1,-4,22,21,-4096
3093100025,12133,5,-4,-11,30,23,-4096
3093101025,12133,3,-4,-6,23,20,-4103
3093102025,12133,5,-2,-12,2,31,-4088
3093103025,12133,4,-3,-10,2,23,-4086
3093104025,12133,5,1,-9,-14,37,-4098
3093105025,12133,2,-11,-10,-5,24,-4077
3093106025,12133,-1,-2,-7,25,27,-4085
3093107025,12133,9,-4,-9,13,23,-4083
3093108025,12133,5,-2,-8,14,50,-4097
3093109025,12133,2,-5,-8,18,38,-4099
3093110025,12133,5,-2,-3,45,25,-4108
3093111025,12133,2,-6,-10,22,19,-4098
3093112025,12133,3,-6,-6,9,24,-4103
3093113025,12133,4,-3,-4,24,7,-4094
3093114025,12133,3,-1,-6,20,15,-4097
3093115025,12133,5,-2,-7,12,16,-4076
3093116025,12133,5,-5,-7,-7,17,-4062
3093117025,12133,4,-5,1,8,33,-4076
3093118025,12133,1,-8,-8,6,13,-4073
3093119025,12133,6,-7,-6,7,21,-4075
3093120025,12133,1,-2,-5,13,20,-4100
3093121025,12133,3,-2,-4,36,17,-4103
3093122025,12133,9,0,-7,21,12,-4104
3093123025,12133,5,-6,-9,19,20,-4113
3093124025,12133,7,-12,-7,6,7,-4099
3093125025,12133,1,-1,-9,-5,11,-4090
3093126025,12133,7,-5,-7,-4,24,-4088
3093127025,12133,3,-4,-7,15,24,-4074
3093128025,12133,3,-4,-6,11,34,-4075
3093129025,12133,7,-6,-4,3,24,-4076
3093130025,12133,2,-3,-2,16,34,-4081
3093131025,12133,-1,-6,-5,24,18,-4081
3093132025,12133,10,-8,-7,28,18,-4100
3093133025,12133,1,-2,-1,20,25,-4111
3093134025,12133,10,-6,-8,26,31,-4119
3093135025,12133,6,-7,-8,27,29,-4110
3093136025,12133,5,-6,-5,0,23,-4108
3093137025,12133,5,-9,-9,8,22,-4100
3093138025,12133,2,-4,-4,20,15,-4080
3093139025,12133,3,-5,0,6,24,-4087
3093140025,12133,6,-4,3,14,26,-4079
3093141025,12133,6,-1,-4,-1,19,-4063
3093142025,12133,10,-11,-6,19,20,-4075
3093143025,12133,6,-3,-9,30,26,-4084
3093144025,12133,6,-4,-5,17,22,-4098
3093145025,12133,0,-7,-11,18,16,-4094
3093146025,12133,3,-4,-7,7,17,-4096
3093147025,12133,8,-2,-6,11,4,-4101
3093148025,12133,5,-4,-7,18,7,-4095
3093149025,12133,5,2,-7,4,22,-4085
3093150025,12133,2,-4,-6,0,16,-4077
3093151025,12133,4,-3,-6,3,21,-4057
3093152025,12133,-1,-1,-8,17,12,-4070
3093153025,12133,4,-4,-4,14,43,-4074
3093154025,12133,2,-2,-2,20,42,-4080
3093155025,12133,-2,-5,-10,34,26,-4099
3093156025,12133,10,-11,-8,29,19,-4104
3093157025,12133,6,-1,-9,17,17,-4104
3093158025,12133,12,-5,-11,37,6,-4097
3093159025,12133,5,-3,-4,20,9,-4103
3093160025,12133,10,0,-7,-2,26,-4098
3093161025,12133,1,-6,-7,7,26,-4088
3093162025,12133,2,-4,-4,10,20,-4076
3093163025,12133,10,-4,-3,-3,27,-4078
3093164025,12133,3,-4,-4,26,27,-4076
3093165025,12133,1,-1,-7,16,33,-4086
3093166025,12133,8,-5,-4,26,36,-4079
3093167025,12133,0,0,-7,34,22,-4086
3093168025,12133,4,1,-7,37,12,-4116
3093169025,12133,4,-7,-8,35,13,-4105
3093170025,12133,-1,-1,-12,16,8,-4112
3093171025,12133,7,-2,-7,2,32,-4091
3093172025,12133,2,-6,-7,8,21,-4083
3093173025,12133,8,-1,-5,6,15,-4081
3093174025,12133,2,-8,-7,12,18,-4063
3093175025,12133,0,-3,-6,-13,23,-4079
3093176025,12133,5,0,-6,8,26,-4087
3093177025,12133,4,-4,-5,25,29,-4091
3093178025,12133,5,-1,-8,14,26,-4106
3093179025,12133,2,-5,-6,33,22,-4101
3093180025,12133,9,-6,-6,24,8,-4099
3093181025,12133,4,-2,-5,8,13,-4107
3093182025,12133,5,1,-6,19,6,-4105
3093183025,12133,7,-3,-6,4,23,-4093
3093184025,12133,4,-2,-6,-4,30,-4088
3093185025,12133,9,-10,-9,5,20,-4082
3093186025,12133,5,-3,-10,8,30,-4080
3093187025,12133,-2,0,-6,15,36,-4073
3093188025,12133,4,-4,-6,15,34,-4094
3093189025,12133,-1,-4,-11,22,20,-4105
3093190025,12133,2,-6,-9,18,25,-4113
3093191025,12133,8,-5,-9,29,26,-4102
3093192025,12133,10,-2,-11,3,30,-4088
3093193025,12133,0,-4,-8,-2,17,-4082
3093194025,12133,2,-2,-7,6,36,-4098
3093195025,12133,8,-8,-5,19,26,-4077
3093196025,12133,4,-3,-7,1,20,-4074
3093197025,12133,5,-3,-8,9,34,-4076
3093198025,12133,5,-7,-10,4,22,-4077
3093199025,12133,11,-4,1,22,12,-4080
3093200025,12133,7,-1,-2,21,39,-4093
3093201025,12133,2,-3,-8,28,23,-4101
3093202025,12133,8,-1,-7,13,26,-4114
3093203025,12133,9,-4,-7,6,15,-4115
3093204025,12133,5,-3,-4,21,27,-4096
3093205025,12133,-1,1,-8,5,25,-4089
3093206025,12133,4,-6,-5,15,31,-4079
3093207025,12133,2,-3,-6,-12,31,-4091
3093208025,12133,4,-4,-5,5,41,-4078
3093209025,12133,2,-5,-9,8,45,-4075
3093210025,12133,4,2,-7,11,45,-4074
3093211025,12133,9,-5,-8,27,42,-4082
3093212025,12133,11,-6,-8,19,30,-4087
3093213025,12133,5,-4,-2,23,14,-4099
3093214025,12133,2,-2,-7,15,30,-4099
3093215025,12133,6,-5,-6,34,39,-4104
3093216025,12133,6,-4,-5,-2,14,-4100
3093217025,12133,5,-6,-4,6,16,-4077
3093218025,12133,0,-4,-7,10,16,-4076
3093219025,12133,4,-3,-5,6,24,-4084
3093220025,12133,10,-7,-8,6,13,-4083
3093221025,12133,5,-3,-7,2,39,-4078
3093222025,12133,4,-1,-3,-9,24,-4078
3093223025,12133,-4,-4,-8,9,17,-4084
3093224025,12133,7,0,-6,32,27,-4102
3093225025,12133,10,-7,-13,19,34,-4087
3093226025,12133,3,-5,-7,17,20,-4106
3093227025,12133,-1,-1,-5,25,23,-4083
3093228025,12133,10,-4,-8,10,36,-4085
3093229025,12133,1,-6,-4,14,13,-4085
3093230025,12133,7,-3,-7,11,24,-4071
3093231025,12133,1,-4,-4,-1,10,-4081
3093232025,12133,0,-5,-7,-3,22,-4079
3093233025,12133,2,-5,-8,18,19,-4076
3093234025,12133,2,-4,-9,17,30,-4102
3093235025,12133,4,-1,-9,30,29,-4091
3093236025,12133,4,-2,-5,28,25,-4119
3093237025,12133,1,0,-7,21,20,-4111
3093238025,12133,6,-4,-10,12,16,-4087
3093239025,12133,2,-6,-7,9,2,-4096
3093240025,12133,10,-6,-8,10,16,-4097
3093241025,12133,6,-2,-3,-15,29,-4081
3093242025,12133,-2,-2,-6,6,16,-4062
3093243025,12133,3,-3,-5,3,25,-4055
3093244025,12133,3,-2,-7,11,25,-4077
3093245025,12133,2,-2,-3,25,30,-4084
3093246025,12133,1,-5,-5,35,36,-4090
3093247025,12133,3,-1,-9,33,30,-4092
3093248025,12133,3,-7,-8,35,27,-4105
3093249025,12133,4,-5,-5,26,11,-4096
3093250025,12133,-1,-3,-9,26,15,-4090
3093251025,12133,4,-5,-8,19,16,-4083
3093252025,12133,12,-5,-10,7,15,-4103
3093253025,12133,1,-3,-7,4,18,-4096
3093254025,12133,4,-5,-11,6,24,-4078
3093255025,12133,5,-4,-5,11,24,-4078
3093256025,12133,1,0,-6,11,27,-4082
3093257025,12133,5,-6,-10,25,32,-4091
3093258025,12133,1,0,-3,27,26,-4098
3093259025,12133,3,-3,-4,22,16,-4110
3093260025,12133,4,-5,-6,18,18,-4112
3093261025,12133,3,2,-3,10,9,-4093
3093262025,12133,4,-3,-11,-4,2,-4097
3093263025,12133,6,-5,-9,0,19,-4077
3093264025,12133,3,-6,-9,-4,10,-4080
3093265025,12133,5,-4,-7,9,27,-4084
3093266025,12133,3,0,-10,4,43,-4068
3093267025,12133,0,3,-8,14,48,-4071
3093268025,12133,4,-9,-4,17,27,-4077
3093269025,12133,-1,1,-6,30,26,-4095
3093270025,12133,6,-4,-10,23,25,-4115
3093271025,12133,8,-7,-4,27,21,-4100
3093272025,12133,6,-4,-7,11,24,-4109
3093273025,12133,5,-5,-6,9,0,-4094
3093274025,12133,5,1,-7,-11,0,-4087
3093275025,12133,2,-3,-7,6,29,-4068
3093276025,12133,2,-5,-9,-9,28,-4061
3093277025,12133,9,0,-9,-3,35,-4081
3093278025,12133,6,1,-7,4,38,-4072
3093279025,12133,4,-1,-7,11,28,-4084
3093280025,12133,8,-4,-10,24,41,-4105
3093281025,12133,5,-8,-11,25,27,-4102
3093282025,12133,6,-4,-9,16,28,-4104
3093283025,12133,3,2,-6,32,16,-4102
3093284025,12133,6,-5,-9,17,30,-4089
3093285025,12133,0,-2,-3,24,18,-4083
3093286025,12133,7,-1,-8,13,18,-4088
3093287025,12133,3,-4,-4,10,25,-4073
3093288025,12133,4,-3,-8,26,32,-4068
3093289025,12133,7,-5,-5,4,32,-4077
3093290025,12133,7,-3,-8,2,22,-4088
3093291025,12133,2,-3,-1,23,18,-4090
3093292025,12133,7,-6,-10,8,17,-4102
3093293025,12133,8,-1,-7,19,17,-4087
3093294025,12133,3,-3,-13,1,12,-4098
3093295025,12133,7,-3,-9,-9,6,-4095
3093296025,12133,1,-5,-14,11,20,-4095
3093297025,12133,5,-6,-10,29,20,-4077
3093298025,12133,5,1,-4,22,20,-4078
3093299025,12133,4,-4,-9,22,17,-4082
3093300025,12133,4,-7,-6,18,19,-4083
3093301025,12133,5,1,-8,0,18,-4101
3093302025,12133,10,-7,-7,7,17,-4083
3093303025,12133,6,-4,-8,18,12,-4104
3093304025,12133,4,-3,-11,10,24,-4103
3093305025,12133,6,-5,-7,38,21,-4104
3093306025,12133,5,-4,-10,6,18,-4103
3093307025,12133,4,-5,-5,8,11,-4103
3093308025,12133,3,-6,-10,0,22,-4092
3093309025,12133,6,-8,-7,23,24,-4080
3093310025,12133,2,-2,-7,0,23,-4087
3093311025,12133,5,-1,-8,-6,31,-4098
3093312025,12133,7,-4,-7,5,35,-4075
3093313025,12133,5,-1,-7,3,26,-4090
3093314025,12133,-1,3,-8,14,27,-4105
3093315025,12133,7,-1,-11,4,13,-4087
3093316025,12133,4,-1,-9,7,17,-4104
3093317025,12133,-3,4,-8,16,12,-4104
3093318025,12133,5,-4,-8,16,19,-4096
3093319025,12133,-2,-8,-5,24,13,-4101
3093320025,12133,7,-4,-9,9,11,-4105
3093321025,12133,1,-3,-8,19,29,-4094
3093322025,12133,2,1,-11,3,3,-4077
3093323025,12133,2,-1,-7,15,12,-4080
3093324025,12133,5,-1,-4,21,16,-4100
3093325025,12133,3,-5,-3,-8,23,-4089
3093326025,12133,4,-3,-8,17,27,-4093
3093327025,12133,4,-1,-6,25,30,-4102
3093328025,12133,0,-1,-8,16,24,-4100
3093329025,12133,2,-8,-12,23,11,-4083
3093330025,12133,2,-1,-9,-6,13,-4084
3093331025,12133,3,-1,-6,25,19,-4080
3093332025,12133,5,-6,-10,6,40,-4086
3093333025,12133,1,6,-6,22,27,-4091
3093334025,12133,4,-3,-9,5,29,-4069
3093335025,12133,6,-4,-8,7,34,-4061
3093336025,12133,3,-2,-10,15,26,-4093
3093337025,12133,7,-2,-8,15,14,-4100
3093338025,12133,0,-1,-9,10,31,-4098
3093339025,12133,8,-4,-11,27,29,-4094
3093340025,12133,7,-6,-8,-5,33,-4095
3093341025,12133,1,-7,-12,-2,32,-4092
3093342025,12133,2,-1,-10,-2,37,-4097
3093343025,12133,0,-2,-6,13,37,-4081
3093344025,12133,6,-6,-7,15,34,-4090
3093345025,12133,6,-9,-13,13,28,-4088
3093346025,12133,4,-6,-7,6,36,-4084
3093347025,12133,6,-5,-5,6,34,-4071
3093348025,12133,6,-8,-8,6,33,-4081
3093349025,12133,5,-6,-12,12,23,-4089
3093350025,12133,6,-4,-11,26,26,-4099
3093351025,12133,3,-5,-3,27,24,-4090
3093352025,12133,4,-2,-10,28,27,-4093
3093353025,12133,2,-7,-9,25,14,-4092
3093354025,12133,2,3,-8,23,23,-4091
3093355025,12133,2,0,-6,12,34,-4088
3093356025,12133,2,-4,-10,11,26,-4098
3093357025,12133,-1,-2,-7,5,31,-4095
3093358025,12133,9,-8,-4,12,12,-4100
3093359025,12133,6,-5,-8,0,28,-4099
3093360025,12133,8,1,-5,10,24,-4096
3093361025,12133,3,-1,-5,8,12,-4098
3093362025,12133,4,-2,-5,23,36,-4090
3093363025,12133,6,-8,-8,6,20,-4103
3093364025,12133,2,-8,-5,16,32,-4085
3093365025,12133,5,-1,-5,18,28,-4093
3093366025,12133,5,-4,-11,8,23,-4077
3093367025,12133,4,-4,-9,18,17,-4102
3093368025,12133,4,-3,-7,14,26,-4089
3093369025,12133,2,-4,-8,7,29,-4084
3093370025,12133,3,-4,-5,15,27,-4082
3093371025,12133,3,-2,-5,12,37,-4075
3093372025,12133,5,-4,-5,10,29,-4090
3093373025,12133,1,-2,-6,39,36,-4079
3093374025,12133,4,-7,-6,33,40,-4083
3093375025,12133,0,-2,-6,26,28,-4100
3093376025,12133,6,-5,-5,32,18,-4101
3093377025,12133,6,-7,-6,23,14,-4099
3093378025,12133,1,-6,-8,9,16,-4103
3093379025,12133,0,-5,-4,0,17,-4093
3093380025,12133,9,-7,-9,2,24,-4077
3093381025,12133,4,-5,-8,7,25,-4078
3093382025,12133,2,-9,-11,-4,24,-4084
3093383025,12133,2,2,-8,18,26,-4080
3093384025,12133,1,0,-9,23,13,-4089
3093385025,12133,10,-7,-5,19,31,-4108
3093386025,12133,6,-5,-6,18,36,-4101
3093387025,12133,6,-5,-4,28,26,-4088
3093388025,12133,4,-4,-5,3,14,-4088
3093389025,12133,0,0,-5,3,18,-4078
3093390025,12133,5,-4,-1,15,10,-4076
3093391025,12133,0,1,-1,13,15,-4077
3093392025,12133,4,-6,-13,-2,36,-4093
3093393025,12133,4,-11,-8,13,26,-4072
3093394025,12133,6,-3,-6,20,22,-4092
3093395025,12133,6,-11,-2,17,30,-4116
3093396025,12133,5,-1,-5,23,7,-4089
3093397025,12133,-2,2,-4,13,21,-4092
3093398025,12133,2,-8,-4,26,13,-4095
3093399025,12133,-1,-4,-7,5,18,-4097
3093400025,12133,0,-7,0,-3,9,-4089
3093401025,12133,2,-10,-9,7,28,-4097
3093402025,12133,3,0,-13,17,15,-4075
3093403025,12133,0,-8,-14,21,29,-4090
3093404025,12133,6,-3,-9,33,25,-4092
3093405025,12133,6,-1,-5,14,16,-4096
3093406025,12133,4,-6,-9,34,22,-4093
3093407025,12133,0,-3,-7,21,34,-4087
3093408025,12133,3,3,-8,12,29,-4094
3093409025,12133,2,-4,-8,21,32,-4088
3093410025,12133,3,-6,-11,3,14,-4089
3093411025,12133,-1,-3,-5,-4,19,-4099
3093412025,12133,7,-4,-10,1,25,-4091
3093413025,12133,4,2,-4,26,15,-4085
3093414025,12133,6,-9,-3,-1,25,-4081
3093415025,12133,0,-3,-5,-1,40,-4080
3093416025,12133,3,-5,-9,11,22,-4105
3093417025,12133,5,-8,-5,16,23,-4093
3093418025,12133,1,-5,-4,9,20,-4086
3093419025,12133,3,-1,-3,18,10,-4095
3093420025,12133,4,-2,-3,12,18,-4095
3093421025,12133,3,-1,-6,20,12,-4086
3093422025,12133,6,-7,-6,13,23,-4083
3093423025,12133,1,-1,-11,2,17,-4090
3093424025,12133,-1,-4,-11,3,34,-4095
3093425025,12133,10,-2,-9,20,12,-4071
3093426025,12133,2,-6,-9,25,33,-4100
3093427025,12133,2,-1,-11,22,16,-4102
3093428025,12133,0,-4,-8,27,33,-4088
3093429025,12133,0,-2,-8,12,19,-4092
3093430025,12133,6,-3,-12,28,15,-4096
3093431025,12133,-1,-2,-8,8,18,-4086
3093432025,12133,2,-3,-3,3,18,-4085
3093433025,12133,3,-2,-4,29,38,-4087
3093434025,12133,2,-3,-7,12,27,-4076
3093435025,12133,8,-5,-11,6,41,-4095
3093436025,12133,7,-1,-3,13,16,-4084
3093437025,12133,9,-8,-8,12,26,-4093
3093438025,12133,4,-5,-2,16,36,-4105
3093439025,12133,1,-5,-5,23,23,-4086
3093440025,12133,4,-2,-4,10,29,-4099
3093441025,12133,3,-1,-6,4,16,-4103
3093442025,12133,5,-8,-7,20,29,-4084
3093443025,12133,3,0,-4,34,19,-4091
3093444025,12133,5,-5,-6,20,24,-4085
3093445025,12133,4,2,-5,19,24,-4079
3093446025,12133,8,-6,-8,26,32,-4085
3093447025,12133,0,4,-5,6,28,-4103
3093448025,12133,1,-1,-10,12,32,-4079
3093449025,12133,11,-5,-8,19,17,-4082
3093450025,12133,-1,0,-7,7,22,-4086
3093451025,12133,6,-7,-8,22,26,-4081
3093452025,12133,7,0,-10,10,32,-4096
3093453025,12133,0,-1,-7,18,26,-4101
3093454025,12133,3,-2,-10,13,21,-4087
3093455025,12133,4,-2,-8,11,27,-4106
3093456025,12133,4,-3,-5,18,29,-4108
3093457025,12133,7,-4,-6,16,16,-4098
3093458025,12133,2,0,-4,8,34,-4088
3093459025,12133,5,2,-6,18,14,-4088
3093460025,12133,8,-10,-11,14,28,-4096
3093461025,12133,1,0,-6,24,24,-4101
3093462025,12133,5,-4,-12,23,17,-4083
3093463025,12133,7,-3,-6,21,34,-4084
3093464025,12133,2,-1,-7,8,29,-4086
3093465025,12133,10,-2,-9,6,27,-4088
3093466025,12133,1,-2,-12,25,26,-4086
3093467025,12133,4,-6,-7,13,16,-4099
3093468025,12133,7,-1,-11,29,20,-4089
3093469025,12133,3,1,-9,5,32,-4092
3093470025,12133,4,-6,-10,14,13,-4083
3093471025,12133,6,-7,-12,-15,33,-4090
3093472025,12133,3,-9,-11,15,33,-4095
3093473025,12133,9,-8,-8,15,18,-4101
3093474025,12133,5,-2,-4,11,26,-4097
3093475025,12133,5,-5,-7,21,30,-4082
3093476025,12133,4,-4,-6,14,21,-4086
3093477025,12133,4,2,-9,-1,29,-4093
3093478025,12133,2,-7,-5,32,18,-4092
3093479025,12133,5,2,-4,34,22,-4079
3093480025,12133,3,-7,-8,15,45,-4086
3093481025,12133,8,-13,-10,11,18,-4084
3093482025,12133,5,-4,-8,21,9,-4086
3093483025,12133,3,-6,-5,19,21,-4095
3093484025,12133,0,-3,-4,22,19,-4083
3093485025,12133,3,-4,-4,8,27,-4090
3093486025,12133,5,-6,-6,16,15,-4086
3093487025,12133,1,-2,-6,27,31,-4088
3093488025,12133,0,-2,-8,9,38,-4077
3093489025,12133,3,-3,-4,13,22,-4089
3093490025,12133,4,-8,-8,15,28,-4101
3093491025,12133,5,-6,-6,13,33,-4096
3093492025,12133,1,-1,-5,20,35,-4090
3093493025,12133,6,3,-10,5,24,-4086
3093494025,12133,7,-3,-8,10,30,-4083
3093495025,12133,6,0,-2,3,32,-4080
3093496025,12133,8,-4,-8,14,22,-4079
3093497025,12133,2,-3,-12,4,17,-4088
3093498025,12133,2,2,-4,21,8,-4098
3093499025,12133,4,0,-11,18,25,-4091
3093500025,12133,6,-6,-11,25,31,-4085
3093501025,12133,4,-1,-5,15,31,-4097
3093502025,12133,-2,-4,-9,15,29,-4094
3093503025,12133,1,-8,-9,12,30,-4089
3093504025,12133,7,-5,-11,22,24,-4094
3093505025,12133,0,-4,-6,-7,13,-4102
3093506025,12133,-3,1,-5,3,17,-4100
3093507025,12133,1,-3,0,11,16,-4087
3093508025,12133,7,-2,-4,2,17,-4074
3093509025,12133,7,-1,-8,5,29,-4085
3093510025,12133,5,-3,-8,15,17,-4098
3093511025,12133,2,-2,-10,26,26,-4092
3093512025,12133,10,-5,-9,5,32,-4090
3093513025,12133,12,-9,-10,5,24,-4093
3093514025,12133,7,-2,-6,36,6,-4088
3093515025,12133,6,-2,-4,5,13,-4100
3093516025,12133,4,-2,-5,2,26,-4094
3093517025,12133,6,-8,-11,8,21,-4086
3093518025,12133,3,-3,-8,4,21,-4084
3093519025,12133,3,-2,-7,18,33,-4083
3093520025,12133,-1,-2,-3,25,24,-4084
3093521025,12133,4,-8,-6,18,21,-4090
3093522025,12133,1,0,-8,8,32,-4088
3093523025,12133,6,-10,-10,13,21,-4084
3093524025,12133,2,-3,-9,2,21,-4088
3093525025,12133,4,-2,-7,17,22,-4086
3093526025,12133,5,2,-7,26,19,-4083
3093527025,12133,8,-2,-6,27,24,-4091
3093528025,12133,1,-5,-5,2,40,-4094
3093529025,12133,6,-9,-6,10,22,-4067
3093530025,12133,7,5,-3,4,24,-4080
3093531025,12133,10,-7,-7,14,32,-4099
3093532025,12133,11,-6,-10,14,19,-4071
3093533025,12133,3,-3,-11,20,20,-4098
3093534025,12133,-4,-2,-1,33,36,-4104
3093535025,12133,4,-1,-12,28,26,-4092
3093536025,12133,3,-4,-10,23,37,-4097
3093537025,12133,2,-2,-9,33,31,-4090
3093538025,12133,6,-4,-12,5,24,-4088
3093539025,12133,-2,-5,-3,18,21,-4084
3093540025,12133,1,0,-9,10,20,-4079
3093541025,12133,-1,-5,-7,11,27,-4078
3093542025,12133,3,-4,-9,6,42,-4084
3093543025,12133,7,1,-6,7,25,-4088
3093544025,12133,5,-2,-7,15,12,-4076
3093545025,12133,8,-4,-10,23,30,-4094
3093546025,12133,6,-4,-8,26,22,-4089
3093547025,12133,11,-9,-9,7,19,-4084
3093548025,12133,4,0,-8,9,28,-4103
3093549025,12133,-4,2,-2,6,20,-4106
3093550025,12133,5,-4,-6,-11,19,-4088
3093551025,12133,1,1,-7,13,20,-4078
3093552025,12133,5,-5,-9,11,19,-4091
3093553025,12133,12,-5,-5,15,21,-4100
3093554025,12133,1,-2,-14,4,3,-4097
3093555025,12133,3,-7,-9,1,28,-4081
3093556025,12133,-1,-9,-8,9,10,-4099
3093557025,12133,0,2,-9,3,25,-4109
3093558025,12133,7,-6,-10,33,28,-4095
3093559025,12133,0,-3,-5,1,29,-4080
3093560025,12133,1,-8,-3,24,25,-4100
3093561025,12133,3,-4,-2,3,38,-4089
3093562025,12133,5,-1,-2,16,21,-4074
3093563025,12133,7,-4,-8,22,18,-4098
3093564025,12133,4,-4,-5,17,29,-4103
3093565025,12133,5,1,-8,18,23,-4090
3093566025,12133,7,-7,-6,11,38,-4095
3093567025,12133,1,-4,-11,19,35,-4096
3093568025,12133,-1,-2,-5,30,16,-4085
3093569025,12133,-2,-6,-8,12,14,-4073
3093570025,12133,-1,-2,-9,16,15,-4094
3093571025,12133,7,-8,-5,11,22,-4084
3093572025,12133,6,-5,-10,15,32,-4096
3093573025,12133,0,-6,-6,-1,28,-4082
3093574025,12133,3,-7,-9,18,22,-4091
3093575025,12133,7,-5,-10,19,18,-4111
3093576025,12133,1,1,-7,9,33,-4095
3093577025,12133,9,-9,-8,20,24,-4099
3093578025,12133,5,-5,-4,0,32,-4092
3093579025,12133,3,-3,-4,3,17,-4096
3093580025,12133,3,-1,-9,2,9,-4076
3093581025,12133,3,1,-6,14,27,-4087
3093582025,12133,8,-7,-4,14,27,-4094
3093583025,12133,12,-1,-5,10,14,-4085
3093584025,12133,6,-3,-4,29,19,-4089
3093585025,12133,6,-4,-9,23,24,-4080
3093586025,12133,8,1,-8,18,24,-4090
3093587025,12133,10,-3,-2,37,22,-4088
3093588025,12133,1,1,-7,24,21,-4085
3093589025,12133,1,3,-10,12,17,-4076
3093590025,12133,6,-8,-11,15,30,-4095
3093591025,12133,8,-3,-8,22,20,-4095
3093592025,12133,3,-5,-6,16,30,-4092
3093593025,12133,3,-4,-6,14,31,-4089
3093594025,12133,-2,-2,-6,15,19,-4082
3093595025,12133,4,-8,-10,2,27,-4086
3093596025,12133,-5,-4,-4,3,30,-4090
3093597025,12133,5,-6,-6,2,21,-4073
3093598025,12133,1,-3,-11,10,34,-4084
3093599025,12133,-1,-2,-7,22,35,-4075
3093600025,12133,2,-3,-6,6,18,-4081
3093601025,12133,6,-6,-5,7,10,-4095
3093602025,12133,1,-3,-4,7,22,-4087
3093603025,12133,9,-10,-7,23,26,-4096
3093604025,12133,3,-5,-3,11,21,-4088
3093605025,12133,1,-1,-6,12,22,-4079
3093606026,12133,11,-5,-12,20,31,-4083
3093607027,12133,2,1,-4,10,29,-4080
3093608025,12133,1,-4,-8,16,30,-4087
3093609025,12133,9,-7,-8,11,31,-4088
3093610025,12133,8,-1,-1,10,33,-4094
3093611025,12133,3,-1,-2,6,22,-4092
3093612025,12133,7,-3,-10,12,17,-4110
3093613025,12133,-3,-8,0,18,31,-4104
3093614025,12133,6,-5,-9,20,18,-4097
3093615025,12133,8,-3,-9,6,15,-4096
3093616025,12133,4,-1,-10,8,18,-4088
3093617025,12133,10,-11,-5,21,21,-4096
3093618025,12133,-1,2,-7,2,26,-4070
3093619025,12133,2,-6,-8,6,24,-4073
3093620025,12133,5,-5,-10,16,30,-4098
3093621025,12133,1,0,-9,3,25,-4080
3093622025,12133,1,-8,-7,15,32,-4096
3093623025,12133,8,-12,-9,24,38,-4094
3093624025,12133,7,-6,-8,25,14,-4085
3093625025,12133,6,-8,-9,18,19,-4094
3093626025,12133,3,-2,-10,29,22,-4091
3093627025,12133,6,-4,-8,23,26,-4088
3093628025,12133,6,-4,-11,5,27,-4098
3093629025,12133,0,-3,-7,-5,28,-4077
3093630025,12133,7,-4,-8,-16,18,-4094
3093631025,12133,6,-3,-6,12,25,-4097
3093632025,12133,2,-3,-7,10,20,-4097
3093633025,12133,6,-4,-10,10,40,-4078
3093634025,12133,3,-1,-10,5,17,-4087
3093635025,12133,2,-4,-6,19,21,-4094
3093636025,12133,2,-9,-11,5,23,-4102
3093637025,12133,7,-2,-7,22,15,-4095
3093638025,12133,8,-9,-12,11,14,-4085
3093639025,12133,1,-2,-6,13,7,-4078
3093640025,12133,4,-10,-10,18,36,-4095
3093641025,12133,4,-5,-14,17,36,-4075
3093642025,12133,-5,2,-10,16,29,-4096
3093643025,12133,2,1,-6,11,42,-4075
3093644025,12133,3,-1,-9,21,40,-4075
3093645025,12133,5,-1,-9,17,18,-4101
3093646025,12133,10,-7,-7,22,31,-4100
3093647025,12133,6,-3,-11,12,26,-4087
3093648025,12133,4,-5,-5,5,17,-4096
3093649025,12133,8,-4,-5,3,14,-4098
3093650025,12133,3,2,-7,11,23,-4083
3093651025,12133,2,-5,-13,-6,32,-4097
3093652025,12133,2,-4,-13,2,13,-4094
3093653025,12133,-2,-1,-4,9,23,-4104
3093654025,12133,5,-6,-8,7,34,-4089
3093655025,12133,3,0,-5,11,25,-4090
3093656025,12133,1,2,-7,20,18,-4086
3093657025,12133,2,0,-4,8,28,-4095
3093658025,12133,8,2,-11,7,27,-4093
3093659025,12133,5,-11,-10,32,27,-4095
3093660025,12133,5,-1,-8,26,27,-4094
3093661025,12133,2,-4,-7,11,15,-4095
3093662025,12133,3,-5,-12,17,19,-4094
3093663025,12133,5,-3,-5,4,13,-4091
3093664025,12133,4,-6,-4,18,24,-4088
3093665025,12133,6,-7,-10,13,18,-4094
3093666025,12133,5,-4,-5,17,22,-4090
3093667025,12133,1,-3,-4,9,44,-4084
3093668025,12133,3,0,-3,15,23,-4080
3093669025,12133,0,-4,-3,17,27,-4086
3093670025,12133,3,-3,-8,16,21,-4116
3093671025,12133,-5,-3,-7,16,21,-4097
3093672025,12133,2,-6,-8,8,8,-4100
3093673025,12133,2,-5,-9,1,12,-4086
3093674025,12133,-4,-1,-6,-1,38,-4092
3093675025,12133,7,-2,-5,16,35,-4087
3093676025,12133,1,-6,-9,14,26,-4086
3093677025,12133,3,-4,-11,4,21,-4085
3093678025,12133,7,-7,-3,28,26,-4086
3093679025,12133,6,-7,-6,37,30,-4086
3093680025,12133,2,-1,-5,23,17,-4100
3093681025,12133,12,-4,-9,21,27,-4098
3093682025,12133,4,-1,-5,23,13,-4083
3093683025,12133,5,-6,-8,11,26,-4100
3093684025,12133,0,-3,-4,8,28,-4081
3093685025,12133,2,-6,-5,12,12,-4086
3093686025,12133,9,-13,-14,11,18,-4079
3093687025,12133,5,-4,-11,19,18,-4058
3093688025,12133,4,-4,-3,19,16,-4087
3093689025,12133,5,-3,-4,27,23,-4102
3093690025,12133,1,2,-11,26,25,-4104
3093691025,12133,11,-3,-12,13,33,-4096
3093692025,12133,7,-8,-7,16,29,-4105
3093693025,12133,1,-6,-10,21,18,-4086
3093694025,12133,3,-4,-6,31,24,-4084
3093695025,12133,2,-6,-10,15,31,-4095
3093696025,12133,5,-3,-5,-4,13,-4085
3093697025,12133,7,-1,-7,19,46,-4073
3093698025,12133,5,0,-5,10,36,-4077
3093699025,12133,5,-3,-5,14,36,-4073
3093700025,12133,1,-4,-6,13,22,-4090
3093701025,12133,1,0,-2,9,27,-4104
3093702025,12133,3,-5,-4,13,18,-4099
3093703025,12133,5,-1,-4,17,25,-4091
3093704025,12133,-1,-1,-2,7,32,-4085
3093705025,12133,5,-6,-6,15,24,-4100
3093706025,12133,6,-7,-8,4,16,-4096
3093707025,12133,5,-3,-3,15,36,-4087
3093708025,12133,0,-7,-7,14,22,-4087
3093709025,12133,4,2,-5,22,23,-4094
3093710025,12133,6,-7,-8,32,32,-4090
3093711025,12133,3,-4,-9,29,23,-4083
3093712025,12133,7,4,-6,24,15,-4077
3093713025,12133,9,-8,-6,4,22,-4082
3093714025,12133,-1,-4,-7,29,18,-4094
3093715025,12133,4,-6,-10,12,22,-4092
3093716025,12133,1,-5,-9,-4,20,-4081
3093717025,12133,3,-4,-3,9,9,-4078
3093718025,12133,11,-9,-11,21,14,-4078
3093719025,12133,3,-4,-7,25,15,-4093
3093720025,12133,8,-3,-4,16,42,-4104
3093721025,12133,5,-4,-3,15,28,-4074
3093722025,12133,4,-3,-4,12,28,-4089
3093723025,12133,11,-10,-7,19,29,-4100
3093724025,12133,0,-3,-3,23,22,-4103
3093725025,12133,4,-6,-8,27,22,-4108
3093726025,12133,8,-8,-6,21,6,-4102
3093727025,12133,-3,-5,-7,30,15,-4101
3093728025,12133,2,-7,1,9,23,-4106
3093729025,12133,3,-3,-9,5,20,-4077
3093730025,12133,5,-8,-7,11,24,-4082
3093731025,12133,0,-5,-7,3,27,-4083
3093732025,12133,0,-5,-4,3,34,-4080
3093733025,12133,4,-6,-9,27,24,-4072
3093734025,12133,5,-2,-5,12,25,-4089
3093735025,12133,-4,-2,-12,10,19,-4088
3093736025,12133,7,-5,-7,20,22,-4107
3093737025,12133,8,-6,-10,15,27,-4103
3093738025,12133,5,-2,-5,27,28,-4098
3093739025,12133,6,-6,-9,10,16,-4078
3093740025,12133,4,-3,-7,17,15,-4083
3093741025,12133,2,-3,-6,2,22,-4086
3093742025,12133,6,-5,-8,15,12,-4070
3093743025,12133,1,-7,-8,16,8,-4090
3093744025,12133,0,-5,-6,6,27,-4098
3093745025,12133,7,-8,-6,28,25,-4081
3093746025,12133,4,4,-3,6,26,-4089
3093747025,12133,3,-7,-10,30,22,-4094
3093748025,12133,8,-7,-6,10,13,-4088
3093749025,12133,2,-2,-2,8,24,-4093
3093750025,12133,5,-6,-6,18,20,-4117
3093751025,12133,5,-8,-9,16,10,-4092
3093752025,12133,4,-4,-8,5,21,-4081
3093753025,12133,6,-2,-7,7,37,-4091
3093754025,12133,5,-3,-11,19,18,-4075
3093755025,12133,6,-3,-6,14,29,-4093
3093756025,12133,4,-3,-11,17,38,-4101
3093757025,12133,11,-2,-12,21,14,-4091
3093758025,12133,5,-5,-8,26,38,-4095
3093759025,12133,2,-4,-5,34,31,-4105
3093760025,12133,5,-2,-8,4,22,-4099
3093761025,12133,1,-3,-4,8,15,-4096
3093762025,12133,5,-1,-4,17,23,-4078
3093763025,12133,6,1,-4,20,23,-4072
3093764025,12133,4,-5,-9,4,10,-4091
3093765025,12133,3,-6,-7,16,32,-4073
3093766025,12133,5,-8,-5,19,29,-4080
3093767025,12133,2,3,-9,13,25,-4101
3093768025,12133,7,-2,-2,42,19,-4100
3093769025,12133,12,-6,-10,28,27,-4090
3093770025,12133,-2,-2,-7,19,18,-4110
3093771025,12133,3,-4,-5,17,13,-4090
3093772025,12133,0,-8,-9,5,19,-4079
3093773025,12133,4,-6,-9,-10,22,-4068
3093774025,12133,1,-4,-8,-6,21,-4074
3093775025,12133,6,-3,-8,1,18,-4089
3093776025,12133,6,-5,-6,-3,39,-4081
3093777025,12133,6,-4,-10,11,30,-4080
3093778025,12133,5,-4,-9,21,36,-4090
3093779025,12133,7,-5,-8,30,35,-4088
3093780025,12133,7,-2,-7,22,16,-4101
3093781025,12133,5,0,-11,30,33,-4102
3093782025,12133,6,-7,-6,23,31,-4081
3093783025,12133,4,-1,-2,24,24,-4082
3093784025,12133,3,-9,-2,12,11,-4082
3093785025,12133,6,-2,-5,6,14,-4079
3093786025,12133,2,3,-5,8,23,-4083
3093787025,12133,3,-10,-3,7,28,-4081
3093788025,12133,6,-2,-4,15,37,-4078
3093789025,12133,9,-1,-6,34,24,-4082
3093790025,12133,3,-2,-6,22,24,-4099
3093791025,12133,2,-3,-8,23,24,-4079
3093792025,12133,6,-3,-8,11,23,-4109
3093793025,12133,7,-2,-7,21,8,-4090
3093794025,12133,6,-3,-13,10,14,-4101
3093795025,12133,4,-9,-11,6,24,-4087
3093796025,12133,4,-7,-10,5,19,-4082
3093797025,12133,-1,-1,-8,19,37,-4087
3093798025,12133,5,-8,-11,30,11,-4090
3093799025,12133,-1,1,-5,8,33,-4093
3093800025,12133,5,-3,-11,0,52,-4089
3093801025,12133,9,-4,-5,24,32,-4098
3093802025,12133,11,-8,-8,18,36,-4093
3093803025,12133,6,-6,-9,35,36,-4101
3093804025,12133,2,-1,-4,9,26,-4092
3093805025,12133,3,-2,-7,9,22,-4095
3093806025,12133,10,-8,-6,16,12,-4085
3093807025,12133,5,-3,-6,1,26,-4099
3093808025,12133,2,-1,-4,2,17,-4090
3093809025,12133,6,-1,-11,21,12,-4093
3093810025,12133,1,-1,-8,-1,24,-4095
3093811025,12133,6,-8,-5,3,42,-4084
3093812025,12133,3,-4,-5,20,28,-4097
3093813025,12133,2,-2,-4,21,19,-4095
3093814025,12133,7,-5,-5,2,17,-4096
3093815025,12133,1,1,-7,13,33,-4084
3093816025,12133,0,1,-2,1,13,-4097
3093817025,12133,3,-1,-8,9,26,-4089
3093818025,12133,-1,0,-2,7,18,-4094
3093819025,12133,6,-7,-9,7,37,-4094
3093820025,12133,4,-7,-7,5,31,-4082
3093821025,12133,6,-4,-7,4,34,-4078
3093822025,12133,6,-4,-6,-1,16,-4071
3093823025,12133,0,-6,-9,9,8,-4082
3093824025,12133,6,-7,-6,10,12,-4082
3093825025,12133,5,-4,-9,21,33,-4102
3093826025,12133,8,-3,-8,26,12,-4100
3093827025,12133,6,1,-7,12,20,-4093
3093828025,12133,-2,-7,-4,6,26,-4093
3093829025,12133,2,-7,-5,15,17,-4089
3093830025,12133,8,-9,-2,9,33,-4085
3093831025,12133,4,3,-10,5,28,-4097
3093832025,12133,7,-7,-8,-2,29,-4091
3093833025,12133,5,-3,-7,5,22,-4083
3093834025,12133,1,0,-2,13,29,-4088
3093835025,12133,3,0,-9,2,22,-4085
3093836025,12133,-4,-1,-2,18,28,-4085
3093837025,12133,-1,-6,-6,5,23,-4094
3093838025,12133,10,-9,-5,10,19,-4096
3093839025,12133,3,-6,-3,14,15,-4080
3093840025,12133,5,-2,-6,15,11,-4092
3093841025,12133,8,-5,-3,8,28,-4102
3093842025,12133,5,-4,-6,14,13,-4089
3093843025,12133,3,-5,-8,11,30,-4083
3093844025,12133,4,-2,-5,19,20,-4090
3093845025,12133,7,-3,-7,4,22,-4066
3093846025,12133,9,-5,-11,17,28,-4082
3093847025,12133,1,-8,-4,18,18,-4089
3093848025,12133,0,-7,-9,16,31,-4078
3093849025,12133,3,-4,-10,25,16,-4096
3093850025,12133,4,1,-9,12,24,-4078
3093851025,12133,4,-2,-3,29,16,-4085
3093852025,12133,3,-4,-6,15,15,-4086
3093853025,12133,0,2,-6,16,23,-4082
3093854025,12133,7,-5,-8,23,33,-4083
3093855025,12133,-1,-2,-6,7,8,-4075
3093856025,12133,3,-2,-6,9,20,-4076
3093857025,12133,7,-6,-12,18,13,-4086
3093858025,12133,5,0,-6,20,24,-4097
3093859025,12133,7,1,-7,32,17,-4089
3093860025,12133,6,-2,-5,28,22,-4092
3093861025,12133,6,-7,-6,29,12,-4095
3093862025,12133,5,-7,-7,19,31,-4098
3093863025,12133,7,0,-6,0,26,-4099
3093864025,12133,5,-2,-7,16,24,-4098
3093865025,12133,8,-3,-6,-3,25,-4069
3093866025,12133,1,-2,-7,22,21,-4069
3093867025,12133,4,-7,-9,19,31,-4090
3093868025,12133,5,-2,-10,7,10,-4088
3093869025,12133,0,-2,-3,13,19,-4092
3093870025,12133,7,-1,-6,32,16,-4098
3093871025,12133,5,-2,-4,1,13,-4096
3093872025,12133,3,-4,-7,26,22,-4095
3093873025,12133,4,-5,-8,30,28,-4103
3093874025,12133,6,-4,-8,21,28,-4092
3093875025,12133,1,-8,-6,-2,21,-4090
3093876025,12133,0,-8,-7,20,41,-4075
3093877025,12133,6,-4,-7,13,12,-4077
3093878025,12133,5,-8,-10,1,19,-4079
3093879025,12133,-2,-4,-6,28,39,-4083
3093880025,12133,3,-3,-7,32,23,-4082
3093881025,12133,5,-7,-3,20,24,-4089
3093882025,12133,0,-2,-10,18,26,-4084
3093883025,12133,2,-7,-10,13,18,-4102
3093884025,12133,6,-4,-7,20,19,-4097
3093885025,12133,6,-2,-7,11,23,-4082
3093886025,12133,5,-5,-7,-3,24,-4084
3093887025,12133,3,-2,-9,1,33,-4081
3093888025,12133,5,-8,-8,2,21,-4075
3093889025,12133,6,-8,-10,11,34,-4080
3093890025,12133,4,-1,-6,26,13,-4061
3093891025,12133,-2,1,-10,11,14,-4088
3093892025,12133,7,-4,-9,6,26,-4106
3093893025,12133,4,-9,-9,23,22,-4096
3093894025,12133,7,-6,-7,18,22,-4099
3093895025,12133,5,-2,-4,6,8,-4106
3093896025,12133,3,-7,-8,3,16,-4096
3093897025,12133,11,-5,-11,15,14,-4082
3093898025,12133,6,-3,-4,7,21,-4088
3093899025,12133,5,-8,-3,14,24,-4084
3093900025,12133,5,0,-5,-9,28,-4075
3093901025,12133,8,-4,-8,19,17,-4078
3093902025,12133,10,-6,-9,16,22,-4099
3093903025,12133,1,-3,-8,20,37,-4090
3093904025,12133,3,-5,-6,26,17,-4092
3093905025,12133,5,-8,-9,20,14,-4108
3093906025,12133,-1,5,-7,17,22,-4103
3093907025,12133,6,-1,-5,-2,24,-4101
3093908025,12133,-1,-5,-7,15,14,-4095
3093909025,12133,4,0,-8,3,7,-4086
3093910025,12133,5,-5,-7,18,3,-4071
3093911025,12133,-1,-8,-9,17,32,-4082
3093912025,12133,7,-1,-11,21,22,-4079
3093913025,12133,2,1,-5,16,17,-4082
3093914025,12133,-6,1,-7,18,20,-4085
3093915025,12133,8,-6,-11,29,18,-4087
3093916025,12133,6,0,-7,36,26,-4115
3093917025,12133,3,2,-3,23,18,-4082
3093918025,12133,3,-2,-3,17,4,-4090
3093919025,12133,5,1,-6,8,15,-4075
3093920025,12133,5,-6,-5,-2,34,-4090
3093921025,12133,4,-4,-5,2,6,-4078
3093922025,12133,7,-2,-11,4,30,-4091
3093923025,12133,4,-6,-8,12,39,-4065
3093924025,12133,4,-4,-5,19,28,-4082
3093925025,12133,3,-5,-5,28,36,-4089
3093926025,12133,2,-6,-5,23,33,-4114
3093927025,12133,4,1,-8,14,27,-4100
3093928025,12133,7,-6,-12,26,22,-4101
3093929025,12133,3,-3,-9,12,38,-4103
3093930025,12133,4,2,-13,-8,39,-4074
3093931025,12133,6,-7,-8,3,7,-4089
3093932025,12133,0,-2,-7,10,21,-4088
3093933025,12133,5,-4,-4,23,31,-4077
3093934025,12133,0,-5,-11,15,32,-4092
3093935025,12133,4,-1,-10,21,59,-4088
3093936025,12133,5,2,-5,23,30,-4106
3093937025,12133,7,-4,-6,29,31,-4097
3093938025,12133,7,-1,-5,14,20,-4108
3093939025,12133,14,-6,-5,20,19,-4085
3093940025,12133,4,-5,-8,5,24,-4094
3093941025,12133,2,-7,-5,-1,28,-4096
3093942025,12133,5,-7,-5,-4,20,-4087
3093943025,12133,1,-2,-6,11,26,-4072
3093944025,12133,3,-8,-12,12,19,-4081
3093945025,12133,3,-3,-7,17,38,-4083
3093946025,12133,0,0,-7,23,23,-4083
3093947025,12133,12,-2,-8,20,32,-4088
3093948025,12133,1,-3,-6,17,31,-4101
3093949025,12133,5,-9,-3,29,28,-4101
3093950025,12133,5,-7,-8,16,21,-4097
3093951025,12133,5,-1,-6,9,27,-4095
3093952025,12133,6,-2,-7,2,19,-4078
3093953025,12133,4,-7,-7,4,25,-4084
3093954025,12133,6,2,-4,12,25,-4072
3093955025,12133,4,-5,-9,10,30,-4074
3093956025,12133,5,-6,-6,14,18,-4074
3093957025,12133,2,0,-2,13,21,-4071
3093958025,12133,-3,-4,-7,32,30,-4098
3093959025,12133,-2,-1,-6,32,29,-4082
3093960025,12133,4,-6,-4,22,28,-4091
3093961025,12133,6,-6,-7,32,23,-4091
3093962025,12133,2,-2,-5,17,-4,-4095
3093963025,12133,8,-9,-7,15,15,-4087
3093964025,12133,13,2,-11,14,13,-4085
3093965025,12133,5,-6,-9,12,27,-4067
3093966025,12133,11,-3,-5,12,18,-4056
3093967025,12133,0,-5,-6,22,34,-4073
3093968025,12133,0,-2,-6,24,30,-4088
3093969025,12133,9,-2,-11,12,45,-4103
3093970025,12133,5,-5,-6,16,28,-4115
3093971025,12133,5,-3,-5,10,21,-4117
3093972025,12133,1,-1,-11,5,25,-4098
3093973025,12133,3,-3,-6,14,27,-4092
3093974025,12133,4,-5,-7,21,7,-4105
3093975025,12133,1,-9,-10,11,12,-4080
3093976025,12133,10,-2,-9,-16,24,-4066
3093977025,12133,6,-3,-3,7,32,-4076
3093978025,12133,4,3,-7,15,22,-4079
3093979025,12133,12,-5,-6,5,27,-4091
3093980025,12133,-1,-4,-8,21,24,-4113
3093981025,12133,2,-10,-6,26,29,-4101
3093982025,12133,3,-2,-9,20,25,-4087
3093983025,12133,1,1,-6,20,12,-4100
3093984025,12133,5,-3,-11,14,7,-4095
3093985025,12133,7,-9,-11,25,28,-4092
3093986025,12133,8,-9,-9,20,23,-4067
3093987025,12133,0,-1,-5,16,33,-4092
3093988025,12133,9,-7,-13,6,16,-4075
3093989025,12133,1,-7,-3,2,24,-4082
3093990025,12133,7,-2,-3,31,25,-4085
3093991025,12133,8,-1,-7,23,28,-4099
3093992025,12133,7,-7,-7,22,25,-4113
3093993025,12133,7,-3,-8,7,30,-4108
3093994025,12133,2,-3,-7,6,25,-4100
3093995025,12133,3,-6,-3,9,28,-4098
3093996025,12133,2,0,-6,8,24,-4095
3093997025,12133,2,-4,-6,0,25,-4088
3093998025,12133,3,-4,-8,20,42,-4088
3093999025,12133,3,-2,-8,3,23,-4069
3094000025,12133,1,1,-7,16,43,-4079
3094001025,12133,5,-3,-8,32,34,-4087
3094002025,12133,2,-3,-11,28,25,-4088
3094003025,12133,8,-8,-11,21,18,-4103
3094004025,12133,1,-6,-13,16,19,-4104
3094005025,12133,4,2,-1,14,27,-4092
3094006025,12133,7,-6,-10,14,15,-4095
3094007025,12133,8,-3,-12,-5,11,-4083
3094008025,12133,10,-7,-7,5,10,-4097
3094009025,12133,1,-5,-7,21,25,-4088
3094010025,12133,1,2,-7,4,25,-4084
3094011025,12133,8,-9,-10,16,17,-4087
3094012025,12133,5,-3,-8,16,22,-4089
3094013025,12133,5,-2,-2,27,35,-4098
3094014025,12133,6,-2,-11,11,38,-4099
3094015025,12133,3,-4,-12,34,22,-4109
3094016025,12133,7,-7,-8,29,18,-4084
3094017025,12133,8,-9,-5,10,33,-4111
3094018025,12133,6,-2,-5,23,14,-4093
3094019025,12133,7,-2,-6,20,20,-4086
3094020025,12133,2,-4,-1,13,16,-4085
3094021025,12133,5,-7,-5,13,27,-4091
3094022025,12133,7,-6,-3,18,38,-4072
3094023025,12133,4,4,-9,12,16,-4084
3094024025,12133,4,-8,-7,12,20,-4088
3094025025,12133,2,-4,-5,25,29,-4087
3094026025,12133,4,-2,-2,28,35,-4099
3094027025,12133,5,-4,-9,12,27,-4101
3094028025,12133,1,-4,-8,16,21,-4105
3094029025,12133,1,-4,-12,9,32,-4111
3094030025,12133,4,0,-7,2,10,-4093
3094031025,12133,-1,-3,-9,-1,13,-4080
3094032025,12133,7,-4,-9,2,26,-4096
3094033025,12133,10,-7,-10,-5,22,-4074
3094034025,12133,3,0,-6,11,23,-4073
3094035025,12133,5,-4,-6,21,42,-4090
3094036025,12133,5,-7,-8,33,37,-4098
3094037025,12133,5,2,-7,8,21,-4096
3094038025,12133,9,-6,-11,27,43,-4102
3094039025,12133,4,-6,-8,28,19,-4099
3094040025,12133,3,-4,-7,15,21,-4106
3094041025,12133,6,-2,2,8,19,-4083
3094042025,12133,1,-2,-8,-2,6,-4080
3094043025,12133,6,-10,-4,-4,22,-4083
3094044025,12133,5,-8,-5,3,28,-4069
3094045025,12133,4,-5,-9,12,32,-4087
3094046025,12133,0,-1,-7,17,31,-4074
3094047025,12133,5,1,-6,26,43,-4101
3094048025,12133,8,-4,-11,22,25,-4089
3094049025,12133,5,-3,-8,21,19,-4093
3094050025,12133,5,-2,-4,24,32,-4094
3094051025,12133,1,-4,-4,23,31,-4096
3094052025,12133,8,-6,-8,14,29,-4105
3094053025,12133,10,-3,-7,-1,18,-4078
3094054025,12133,14,-11,-10,9,34,-4083
3094055025,12133,-6,-1,-6,16,38,-4081
3094056025,12133,2,-4,-10,4,22,-4065
3094057025,12133,4,-4,-5,-3,45,-4083
3094058025,12133,10,-3,-12,21,26,-4076
3094059025,12133,11,-5,-13,17,24,-4098
3094060025,12133,7,-3,-7,31,20,-4089
3094061025,12133,4,-5,-4,37,36,-4113
3094062025,12133,11,-4,-8,18,31,-4105
3094063025,12133,6,-9,-9,17,24,-4104
3094064025,12133,11,-4,-6,5,17,-4102
3094065025,12133,0,-6,-2,12,26,-4081
3094066025,12133,4,-1,-6,1,4,-4072
3094067025,12133,3,-3,-6,9,14,-4075
3094068025,12133,7,-3,-7,15,34,-4082
3094069025,12133,8,-7,-5,22,32,-4063
3094070025,12133,3,-2,-4,24,25,-4103
3094071025,12133,3,-1,-6,8,39,-4109
3094072025,12133,8,-8,-3,15,23,-4097
3094073025,12133,9,-9,-8,10,25,-4097
3094074025,12133,4,2,-5,12,11,-4082
3094075025,12133,0,-9,-12,3,28,-4097
3094076025,12133,3,3,-5,14,16,-4092
3094077025,12133,6,-1,-5,-3,21,-4064
3094078025,12133,7,-4,-7,-6,40,-4070
3094079025,12133,1,0,0,-2,40,-4072
3094080025,12133,0,-4,-6,16,26,-4083
3094081025,12133,1,-5,-7,26,35,-4089
3094082025,12133,8,-4,-8,27,34,-4090
3094083025,12133,7,-3,-5,30,26,-4116
3094084025,12133,8,-7,-10,16,18,-4099
3094085025,12133,7,-7,-11,22,19,-4104
3094086025,12133,7,-12,-3,9,14,-4103
3094087025,12133,6,-3,-5,0,21,-4106
3094088025,12133,9,-8,-6,2,3,-4081
3094089025,12133,5,-2,-1,13,23,-4085
3094090025,12133,3,-3,-1,5,16,-4067
3094091025,12133,9,-1,-2,16,26,-4071
3094092025,12133,5,2,-8,33,23,-4095
3094093025,12133,3,-6,-6,12,31,-4096
3094094025,12133,8,0,-6,34,32,-4107
3094095025,12133,3,3,-6,36,20,-4102
3094096025,12133,3,-10,-7,14,29,-4111
3094097025,12133,4,-6,-9,20,16,-4088
3094098025,12133,2,2,-4,17,12,-4085
3094099025,12133,6,-6,-10,5,26,-4063
3094100025,12133,5,-2,-6,10,23,-4073
3094101025,12133,4,-6,-9,-5,27,-4091
3094102025,12133,8,-9,-9,20,27,-4084
3094103025,12133,0,-1,-5,40,29,-4092
3094104025,12133,2,-6,-7,20,29,-4084
3094105025,12133,9,-7,-5,18,17,-4110
3094106025,12133,0,-1,-5,23,24,-4104
3094107025,12133,5,-10,-4,19,13,-4087
3094108025,12133,1,-5,-6,-3,9,-4094
3094109025,12133,7,-5,-2,12,20,-4092
3094110025,12133,6,-2,-5,-8,21,-4089
3094111025,12133,1,-2,-6,5,12,-4089
3094112025,12133,8,0,-4,14,30,-4095
3094113025,12133,8,-4,-2,7,18,-4087
3094114025,12133,1,-4,-7,40,21,-4094
3094115025,12133,2,-8,-5,23,20,-4101
3094116025,12133,4,-3,-3,32,15,-4102
3094117025,12133,2,-4,-7,38,11,-4094
3094118025,12133,3,-5,-11,11,11,-4089
3094119025,12133,3,-2,-8,11,17,-4103
3094120025,12133,6,-7,-7,7,16,-4095
3094121025,12133,5,-5,-6,20,14,-4088
3094122025,12133,-1,-6,-7,13,30,-4074
3094123025,12133,5,-8,-15,-5,40,-4084
3094124025,12133,0,1,-8,2,44,-4082
3094125025,12133,6,-1,-7,12,42,-4090
3094126025,12133,6,-6,-7,2,25,-4098
3094127025,12133,-1,-1,-4,27,27,-4114
3094128025,12133,0,-4,-3,26,8,-4099
3094129025,12133,-1,-1,-3,37,15,-4111
3094130025,12133,11,3,-6,-6,7,-4099
3094131025,12133,6,-9,-11,19,14,-4076
3094132025,12133,8,-5,-6,-2,25,-4082
3094133025,12133,8,0,-5,12,18,-4065
3094134025,12133,12,-6,-5,7,31,-4070
3094135025,12133,2,-2,-9,16,33,-4076
3094136025,12133,7,-4,-8,33,39,-4079
3094137025,12133,7,-10,-13,29,50,-4096
3094138025,12133,6,1,-5,34,36,-4093
3094139025,12133,10,-6,-6,28,20,-4095
3094140025,12133,4,-6,-9,21,23,-4102
3094141025,12133,6,-6,-8,19,28,-4110
3094142025,12133,8,-3,-8,11,19,-4105
3094143025,12133,8,-1,-9,-5,22,-4096
3094144025,12133,6,-8,-7,-21,7,-4078
3094145025,12133,9,0,-2,6,18,-4080
3094146025,12133,5,-5,-7,15,11,-4084
3094147025,12133,-1,-5,-11,0,28,-4092
3094148025,12133,-1,-2,-9,21,28,-4086
3094149025,12133,8,-5,-14,26,26,-4105
3094150025,12133,7,0,-8,26,25,-4107
3094151025,12133,10,-5,-9,12,19,-4095
3094152025,12133,6,-6,-10,31,23,-4100
3094153025,12133,2,-3,-6,11,10,-4088
3094154025,12133,4,-6,-5,12,21,-4091
3094155025,12133,6,-5,-5,6,26,-4070
3094156025,12133,3,-2,-1,9,26,-4067
3094157025,12133,2,-4,-1,17,17,-4073
3094158025,12133,4,-6,-8,17,20,-4074
3094159025,12133,8,-1,-8,23,31,-4094
3094160025,12133,4,-1,-8,20,31,-4075
3094161025,12133,2,-4,-9,29,28,-4104
3094162025,12133,15,-5,-10,14,22,-4101
3094163025,12133,11,-7,-10,12,-2,-4113
3094164025,12133,5,0,-6,21,13,-4099
3094165025,12133,8,-3,-7,15,16,-4084
3094166025,12133,5,-3,-7,-10,17,-4081
3094167025,12133,6,2,-3,-14,18,-4078
3094168025,12133,9,-4,-12,7,24,-4070
3094169025,12133,4,-4,-7,16,32,-4078
3094170025,12133,4,1,-7,11,30,-4079
3094171025,12133,11,-8,-7,26,25,-4085
3094172025,12133,10,-8,-9,25,24,-4124
3094173025,12133,2,-1,-7,12,31,-4115
3094174025,12133,8,-4,-7,17,18,-4101
3094175025,12133,10,-6,-12,19,35,-4109
3094176025,12133,7,-7,-11,18,24,-4091
3094177025,12133,7,-6,-10,-1,24,-4084
3094178025,12133,2,-5,-5,13,24,-4063
3094179025,12133,5,-5,-7,3,13,-4078
3094180025,12133,1,-6,-9,0,33,-4049
3094181025,12133,7,-4,-10,13,35,-4084
3094182025,12133,1,0,-8,10,28,-4100
3094183025,12133,6,2,-5,17,22,-4092
3094184025,12133,6,-4,-9,29,38,-4107
3094185025,12133,3,-3,-11,20,18,-4119
3094186025,12133,6,-11,-12,24,36,-4122
3094187025,12133,5,-7,-11,20,21,-4100
3094188025,12133,4,1,-6,33,14,-4094
3094189025,12133,10,-6,-6,16,35,-4076
3094190025,12133,11,-10,-9,9,31,-4093
3094191025,12133,0,0,-9,11,14,-4074
3094192025,12133,4,-4,-8,-1,33,-4076
3094193025,12133,7,-5,-7,16,36,-4076
3094194025,12133,6,-1,-7,4,35,-4093
3094195025,12133,7,-3,-3,30,30,-4091
3094196025,12133,7,0,-11,25,13,-4093
3094197025,12133,5,2,-10,28,18,-4103
3094198025,12133,9,-4,-11,27,29,-4087
3094199025,12133,10,5,-7,16,33,-4102
3094200025,12133,4,-5,-6,24,6,-4083
3094201025,12133,1,-7,-5,28,16,-4082
3094202025,12133,2,2,-5,36,9,-4086
3094203025,12133,6,-6,-6,29,17,-4073
3094204025,12133,8,-5,-10,22,22,-4100
3094205025,12133,8,-4,-8,18,20,-4078
3094206025,12133,7,-2,-10,18,14,-4100
3094207025,12133,6,-1,-7,9,18,-4093
3094208025,12133,4,-10,-9,27,24,-4114
3094209025,12133,5,-4,-11,23,30,-4117
3094210025,12133,6,-5,-7,7,27,-4090
3094211025,12133,9,-4,-8,14,19,-4092
3094212025,12133,5,0,-8,21,37,-4078
3094213025,12133,11,-10,-11,16,59,-4091
3094214025,12133,11,-5,-5,3,47,-4070
3094215025,12133,4,4,-9,5,35,-4081
3094216025,12133,6,-5,-5,33,39,-4080
3094217025,12133,5,1,-7,25,38,-4087
3094218025,12133,4,-4,-10,30,42,-4085
3094219025,12133,6,1,-11,9,22,-4090
3094220025,12133,1,0,-8,12,50,-4097
3094221025,12133,9,-8,-5,-19,61,-4090
3094222025,12133,4,-6,-5,-4,66,-4047
3094223025,12133,11,0,-5,32,27,-4109
3094224025,12133,7,-1,-5,23,21,-4094
3094225025,12133,4,2,0,-4,40,-4088
3094226025,12133,6,0,2,-18,32,-4091
3094227025,12133,6,-6,-8,19,16,-4081
3094228025,12133,6,0,-11,57,8,-4097
3094229025,12133,5,5,-5,51,12,-4096
3094230025,12133,9,-1,-3,29,9,-4102
3094231025,12133,9,-2,-7,6,10,-4075
3094232025,12133,7,1,-4,26,-6,-4087
3094233025,12133,2,-1,-10,43,-24,-4102
3094234025,12133,7,4,-13,53,-16,-4075
3094235025,12133,10,-7,-6,29,-21,-4066
3094236025,12133,7,-9,-8,2,-7,-4076
3094237025,12133,7,-3,-10,8,15,-4062
3094238025,12133,4,1,-5,25,8,-4066
3094239025,12133,2,-2,-10,69,14,-4084
3094240025,12133,6,-5,-8,62,15,-4105
3094241025,12133,6,0,-8,44,4,-4115
3094242025,12133,7,-4,-10,33,19,-4089
3094243025,12133,3,-9,-11,39,24,-4092
3094244025,12133,6,-7,-9,33,52,-4094
3094245025,12133,6,-2,-8,66,51,-4100
3094246025,12133,9,-8,-6,78,42,-4097
3094247025,12133,6,1,-4,48,35,-4086
3094248025,12133,7,-2,-6,-7,43,-4086
3094249025,12133,4,5,-7,51,75,-4094
3094250025,12133,7,-5,-7,141,64,-4093
3094251025,12133,9,-1,-9,194,25,-4075
3094252025,12133,7,-2,-5,126,39,-4144
3094253025,12133,11,-12,-6,60,60,-4089
3094254025,12133,5,-7,-5,119,-25,-4051
3094255025,12133,2,-1,-7,115,-40,-4063
3094256025,12133,0,-7,-5,171,-26,-4097
3094257025,12133,7,-3,-5,119,40,-4088
3094258025,12133,9,-13,-1,75,20,-4055
3094259025,12133,8,-13,-12,36,25,-4047
3094260025,12133,7,-6,-4,21,18,-4084
3094261025,12133,9,-10,-7,22,18,-4080
3094262025,12133,5,-10,-12,-26,36,-4087
3094263025,12133,4,-4,-9,-37,9,-4097
3094264025,12132,11,-8,-13,-8,-5,-4111
3094265025,12132,7,-2,-9,3,10,-4105
3094266025,12132,4,-4,-13,-6,24,-4114
3094267025,12132,8,-8,-12,-14,23,-4116
3094268025,12132,5,-4,-9,-27,10,-4104
3094269025,12132,6,-4,-5,-10,6,-4113
3094270025,12132,9,-5,-7,-8,17,-4108
3094271025,12132,8,-2,-6,-13,35,-4095
3094272025,12132,5,-5,-5,-18,23,-4089
3094273025,12132,7,-2,-10,-8,27,-4092
3094274025,12132,6,-1,-7,13,11,-4073
3094275025,12131,8,-4,-8,14,13,-4075
3094276025,12131,-1,-1,-6,17,15,-4101
3094277025,12131,7,0,-6,15,2,-4079
3094278025,12131,7,-2,-8,36,7,-4090
3094279025,12131,7,-4,-12,18,13,-4070
3094280025,12131,9,-8,-11,32,22,-4082
3094281025,12131,8,-6,-9,19,0,-4077
3094282025,12131,5,-2,-7,27,12,-4071
3094283025,12131,8,-5,-8,20,30,-4075
3094284025,12131,8,-3,-16,18,11,-4074
3094285025,12131,10,-4,-16,38,33,-4080
3094286025,12131,5,-3,-13,37,14,-4070
3094287025,12131,9,-6,-10,32,-1,-4095
3094288025,12131,6,-1,-9,14,13,-4083
3094289025,12131,8,-5,-8,13,4,-4088
3094290025,12131,4,-3,-13,9,28,-4101
3094291025,12131,12,-7,-11,13,11,-4091
3094292025,12131,10,-4,-16,-3,34,-4100
3094293025,12131,6,-7,-13,9,24,-4097
3094294025,12131,10,-9,-15,21,37,-4087
3094295025,12131,9,-4,-14,25,28,-4087
3094296025,12131,6,-8,-14,-1,40,-4082
3094297025,12131,3,-5,-13,3,30,-4100
3094298025,12131,4,0,-12,1,22,-4108
3094299025,12131,7,-7,-15,16,21,-4105
3094300025,12131,7,-5,-14,23,11,-4112
3094301025,12131,10,-5,-17,3,7,-4110
3094302025,12131,6,-2,-14,-9,1,-4118
3094303025,12131,4,-1,-15,1,0,-4105
3094304025,12131,7,-9,-15,9,0,-4102
3094305025,12131,4,-1,-15,4,-23,-4117
3094306025,12131,3,-5,-17,7,-37,-4090
3094307025,12130,1,-7,-19,21,-30,-4066
3094308025,12130,1,-9,-25,6,-37,-4084
3094309025,12130,3,-9,-18,26,-29,-4044
3094310025,12130,9,-8,-21,5,-30,-4024
3094311025,12130,-3,-3,-21,-1,-23,-4047
3094312025,12130,7,-5,-18,18,17,-4052
3094313025,12130,1,-8,-19,10,33,-4090
3094314025,12130,5,-6,-21,7,40,-4095
3094315025,12130,5,-8,-20,-1,35,-4110
3094316025,12130,1,-2,-17,-16,45,-4132
3094317025,12130,9,-5,-20,3,49,-4128
3094318025,12130,16,-7,-18,0,50,-4135
3094319025,12130,6,1,-14,10,43,-4144
3094320025,12130,6,-6,-13,25,38,-4145
3094321025,12130,12,-8,-15,34,38,-4125
3094322025,12130,7,-4,-15,26,44,-4108
3094323025,12130,10,-5,-19,51,25,-4102
3094324025,12130,4,-3,-20,90,5,-4104
3094325025,12130,5,0,-15,91,22,-4102
3094326025,12130,4,-2,-13,83,-3,-4097
3094327025,12130,12,-5,-21,70,-4,-4051
3094328025,12130,3,-12,-20,49,-7,-4056
3094329025,12130,-3,-4,-16,54,9,-4050
3094330025,12130,7,-5,-20,94,3,-4050
3094331025,12130,10,-8,-25,93,2,-4070
3094332025,12130,7,-10,-17,68,11,-4069
3094333025,12130,6,-9,-20,39,16,-4090
3094334025,12130,2,-4,-21,26,19,-4105
3094335025,12130,-1,-9,-18,75,28,-4086
3094336025,12130,2,-11,-22,78,36,-4118
3094337025,12130,0,-10,-15,47,40,-4094
3094338025,12130,4,-8,-22,19,58,-4097
3094339025,12130,2,-9,-18,4,36,-4106
3094340025,12130,7,-7,-21,28,52,-4104
3094341025,12130,3,-9,-17,54,41,-4109
3094342025,12130,9,-11,-24,64,25,-4095
3094343025,12130,3,0,-19,52,31,-4096
3094344025,12130,5,-6,-17,37,10,-4090
3094345025,12130,7,-5,-16,33,16,-4089
3094346025,12130,1,-5,-17,58,11,-4099
3094347025,12130,5,-8,-20,77,48,-4096
3094348025,12129,3,-1,-15,36,34,-4077
3094349025,12129,10,-13,-19,33,66,-4090
3094350025,12129,8,-4,-17,30,53,-4087
3094351025,12129,10,-5,-16,50,47,-4100
3094352025,12129,6,-6,-16,47,17,-4088
3094353025,12129,2,-1,-17,48,18,-4085
3094354025,12129,6,-4,-17,46,3,-4090
3094355025,12129,6,-8,-15,27,32,-4106
3094356025,12129,6,1,-13,63,43,-4064
3094357025,12129,4,-5,-17,61,43,-4074
3094358025,12129,1,-2,-20,60,56,-4094
3094359025,12128,4,4,-12,57,37,-4084
3094360025,12128,9,-4,-18,39,25,-4087
3094361025,12128,3,-2,-17,58,0,-4082
3094362025,12128,4,-1,-20,44,21,-4078
3094363025,12128,6,-9,-14,55,4,-4087
3094364025,12128,5,0,-13,30,22,-4086
3094365025,12128,7,-2,-14,58,22,-4097
3094366025,12127,3,-3,-14,82,16,-4093
3094367025,12127,3,-4,-13,44,7,-4107
3094368025,12127,8,-9,-12,34,21,-4093
3094369025,12127,8,-3,0,22,-1,-4090
3094370025,12127,6,-5,-7,3,1,-4118
3094371025,12127,0,-3,-8,37,27,-4105
3094372025,12127,2,-2,-12,56,-1,-4094
3094373025,12127,5,-9,-10,67,-24,-4127
3094374025,12126,-4,0,-10,64,-3,-4125
3094375025,12126,5,-4,-13,58,12,-4125
3094376025,12126,5,-6,-12,69,15,-4091
3094377025,12126,2,-1,-15,46,20,-4111
3094378025,12126,6,-7,-10,78,30,-4101
3094379025,12126,5,0,-15,69,44,-4112
3094380025,12125,-3,4,-10,81,65,-4107
3094381025,12125,3,-5,-7,112,54,-4067
3094382025,12125,4,-4,-9,106,29,-4058
3094383025,12125,-3,-4,-2,98,19,-4082
3094384025,12125,4,-10,-3,94,50,-4083
3094385025,12125,1,-4,3,98,50,-4058
3094386025,12124,2,-5,-3,52,37,-4031
3094387025,12124,3,-13,0,34,30,-4050
3094388025,12124,6,-13,-7,29,-7,-4075
3094389025,12124,6,-12,0,6,-17,-4109
3094390025,12124,12,-15,-6,-20,-4,-4113
3094391025,12123,1,-4,-8,-18,20,-4103
3094392025,12123,3,-6,-10,1,36,-4118
3094393025,12123,4,-2,-4,30,34,-4127
3094394025,12123,4,-1,-5,37,24,-4123
3094395025,12122,8,-1,-5,67,15,-4135
3094396025,12122,3,4,-2,91,33,-4093
3094397025,12122,6,-1,-2,125,14,-4070
3094398025,12122,-2,-1,0,124,9,-4062
3094399025,12121,8,0,-3,123,-26,-4085
3094400025,12121,9,-5,-8,133,-6,-4050
3094401025,12121,4,-9,-7,145,-5,-4029
3094402025,12120,-1,-10,-12,138,-17,-4055
3094403025,12120,2,-8,-13,145,-17,-4063
3094404025,12120,2,0,-17,176,-24,-4065
3094405025,12119,7,-4,-23,190,-29,-4048
3094406025,12119,1,-4,-31,171,-24,-4099
3094407025,12119,7,-4,-28,186,-26,-4099
3094408025,12118,4,-13,-33,192,-20,-4089
3094409025,12118,4,-6,-39,172,-6,-4118
3094410025,12118,3,-1,-43,155,19,-4111
3094411025,12117,7,-9,-50,122,73,-4106
3094412025,12117,0,-5,-46,109,76,-4112
3094413025,12117,8,-14,-49,27,124,-4096
3094414025,12116,5,-13,-44,-40,134,-4113
3094415025,12116,1,-14,-44,-102,144,-4087
3094416025,12116,-6,-13,-40,-124,160,-4084
3094417025,12116,-1,-14,-33,-125,140,-4082
3094418025,12116,-8,-16,-27,-115,107,-4087
3094419025,12115,-1,-12,-22,-135,84,-4100
3094420025,12115,-2,-6,-22,-126,73,-4083
3094421025,12115,1,-14,-18,-124,57,-4088
3094422025,12115,2,-11,-21,-138,20,-4093
3094423025,12115,3,-4,-16,-124,-12,-4100
3094424025,12115,4,-10,-17,-124,-40,-4095
3094425025,12115,4,-6,-20,-91,-48,-4092
3094426025,12115,7,-7,-18,-94,-53,-4101
3094427025,12115,1,-10,-24,-72,-92,-4096
3094428025,12115,6,-7,-27,-42,-118,-4118
3094429025,12115,2,2,-27,-1,-102,-4106
3094430025,12115,5,-1,-29,24,-93,-4090
3094431025,12114,6,1,-36,83,-82,-4103
3094432025,12114,4,-1,-43,151,-59,-4106
3094433025,12114,6,6,-56,218,-56,-4093
3094434025,12114,7,5,-58,272,-37,-4098
3094435025,12114,-1,0,-61,284,-36,-4085
3094436025,12114,4,-5,-70,247,28,-4071
3094437025,12113,6,-5,-66,183,64,-4031
3094438025,12113,3,-8,-68,157,97,-4056
3094439025,12113,0,-2,-64,223,124,-4068
3094440025,12113,4,-12,-58,96,158,-4090
3094441025,12113,-1,-18,-43,-4,227,-4013
3094442025,12113,0,-21,-36,-232,279,-4087
3094443025,12113,-1,-11,-17,-196,265,-4108
3094444025,12113,-4,-4,-11,-124,257,-4039
3094445025,12113,-5,-14,-6,-2,158,-4089
3094446025,12113,1,-16,4,12,94,-4165
3094447025,12113,3,-11,15,-22,65,-4224
3094448025,12113,7,-3,17,60,33,-4153
3094449025,12113,6,15,24,114,30,-4126
3094450025,12113,3,8,38,236,7,-4128
3094451025,12113,7,7,44,302,-61,-4118
3094452025,12113,5,-5,49,277,-170,-4063
3094453025,12113,4,-5,50,245,-231,-4042
3094454025,12112,7,-20,49,186,-343,-4006
3094455025,12112,4,-22,42,104,-390,-4001
3094456025,12112,5,-32,31,35,-397,-4017
3094457025,12111,1,-40,20,-111,-338,-4019
3094458025,12111,-4,-36,18,-151,-294,-4082
3094459025,12110,1,-29,1,-242,-150,-4175
3094460025,12109,0,-7,-9,-163,-45,-4205
3094461025,12108,6,-1,-22,-56,69,-4240
3094462025,12107,2,13,-23,-21,107,-4243
3094463025,12106,4,24,-32,123,170,-4246
3094464025,12105,8,34,-32,301,234,-4217
3094465025,12104,9,39,-31,442,273,-4123
3094466025,12103,15,36,-27,556,290,-4057
3094467025,12102,8,28,-23,585,312,-4022
3094468025,12101,3,19,-14,591,362,-3957
3094469025,12100,7,-3,-1,526,343,-3854
3094470025,12099,9,-24,3,409,276,-3839
3094471025,12099,8,-29,10,312,241,-3847
3094472025,12098,5,-48,18,128,124,-3855
3094473025,12097,-2,-60,22,-49,36,-3898
3094474025,12097,-4,-55,19,-224,-35,-4024
3094475025,12096,-9,-50,18,-302,-52,-4128
3094476025,12096,-4,-37,16,-314,-46,-4189
3094477025,12095,0,-26,0,-269,-38,-4283
3094478025,12095,3,-8,-10,-153,-78,-4336
3094479025,12094,5,10,-23,-69,-54,-4409
3094480025,12093,4,13,-27,-13,-50,-4321
3094481025,12093,6,26,-31,22,-35,-4278
3094482025,12092,8,35,-32,88,-34,-4257
3094483025,12092,2,46,-26,302,-12,-4233
3094484025,12092,2,41,-17,593,33,-4130
3094485025,12091,10,34,-15,641,47,-4072
3094486025,12091,5,14,-15,647,26,-3946
3094487025,12091,8,-6,-5,577,-84,-3798
3094488025,12091,-1,-25,-3,427,-165,-3892
3094489025,12091,-6,-23,7,381,-76,-3970
3094490025,12091,0,-26,5,371,12,-3933
3094491025,12091,-1,-36,3,299,124,-3890
3094492025,12091,-1,-29,2,173,98,-3965
3094493025,12090,5,-32,-2,92,32,-4098
3094494025,12090,2,-14,0,84,7,-4116
3094495025,12090,-3,-15,2,78,0,-4188
3094496025,12090,4,-10,0,84,10,-4190
3094497025,12089,5,-6,-2,105,10,-4187
3094498025,12089,6,-5,-3,114,5,-4178
3094499025,12088,5,-4,0,126,9,-4181
3094500025,12088,3,-2,-3,135,16,-4202
3094501025,12087,5,-3,-1,151,29,-4152
3094502025,12086,1,-5,-6,180,15,-4121
3094503025,12086,5,-4,-8,205,9,-4106
3094504025,12085,8,-12,-19,194,33,-4070
3094505025,12084,6,-10,-17,155,24,-4037
3094506025,12083,-2,-8,-18,97,35,-4029
3094507026,12081,-2,-3,-18,86,49,-4061
3094508025,12080,-5,1,-13,103,59,-4088
3094509025,12079,2,0,-20,161,139,-4089
3094510025,12078,5,-16,0,-38,277,-4115
3094511025,12077,3,-11,7,-155,253,-3878
3094512025,12075,0,-11,17,-385,298,-3991
3094513025,12074,5,-1,32,-225,207,-4105
3094514025,12073,2,-2,36,-42,139,-4007
3094515025,12072,9,-15,45,60,2,-4164
3094516025,12070,6,-2,45,68,-90,-4161
3094517025,12069,8,-2,45,116,-169,-4184
3094518025,12068,10,7,39,237,-297,-4132
3094519025,12067,-4,-3,13,392,-329,-4049
3094520025,12065,10,-23,-13,418,-353,-4000
3094521025,12064,9,-21,-30,-21,-244,-4228
3094522025,12062,-2,-15,-32,-28,-90,-4251
3094523025,12061,1,-11,-45,-98,151,-4070
3094524025,12059,-2,-4,-47,-137,247,-4064
3094525025,12058,3,-13,-38,-257,291,-4167
3094526025,12057,10,-5,-32,-243,225,-4191
3094527025,12056,-1,3,-21,-179,170,-4159
3094528025,12055,0,9,-7,-38,117,-4165
3094529025,12054,3,22,11,236,90,-4120
3094530025,12054,5,20,11,424,104,-4103
3094531025,12053,5,20,11,490,151,-4066
3094532025,12052,6,8,8,470,148,-3960
3094533026,12052,16,-5,6,396,75,-3828
3094534027,12051,9,-20,-6,255,-130,-3828
3094535025,12051,12,-23,-7,188,-192,-3855
3094536025,12050,8,-45,-26,114,-270,-3907
3094537025,12050,-1,-37,-38,45,-255,-4028
3094538025,12049,-4,-35,-50,-1,-187,-4186
3094539025,12049,-10,-28,-56,-43,-35,-4329
3094540025,12048,-8,-19,-59,-62,81,-4406
3094541025,12048,-1,-8,-58,-87,305,-4435
3094542025,12047,7,12,-50,-107,489,-4446
3094543025,12047,11,35,-38,-32,499,-4265
3094544025,12047,18,30,-27,93,294,-4029
3094545025,12046,14,30,-15,154,126,-3941
3094546025,12046,10,11,-1,248,-170,-3858
3094547025,12046,-4,9,9,397,-273,-3920
3094548025,12045,-9,12,17,517,-205,-3952
3094549025,12045,-7,-8,13,553,-149,-3950
3094550025,12044,1,-20,11,514,-24,-3870
3094551025,12044,3,-31,0,240,19,-3921
3094552025,12043,8,-33,-8,147,-54,-3999
3094553025,12042,3,-37,-15,60,-158,-4115
3094554025,12041,4,-43,-26,36,-215,-4173
3094555025,12040,7,-47,-44,-24,-259,-4091
3094556025,12039,-3,-23,-42,-249,-133,-4258
3094557025,12038,-2,-5,-41,-266,64,-4386
3094558025,12036,-4,5,-34,-153,151,-4406
3094559025,12035,-4,32,-32,54,315,-4382
3094560025,12033,9,28,-26,211,352,-4248
3094561025,12032,13,26,-20,303,193,-4027
3094562025,12030,2,16,-13,269,10,-3938
3094563025,12028,1,16,-9,264,-25,-3923
3094564025,12027,1,11,-3,291,67,-3910
3094565025,12025,-4,-1,4,340,181,-3853
3094566025,12023,5,-16,6,307,184,-3815
3094567025,12022,3,-13,10,253,172,-3838
3094568025,12020,6,-21,13,179,79,-3990
3094569025,12018,6,-14,12,159,45,-4154
3094570025,12016,7,-17,21,242,20,-4244
3094571025,12015,3,-29,29,-123,-19,-4248
3094572025,12013,2,-35,32,-95,160,-4251
3094573025,12011,18,-41,47,-298,197,-3861
3094574025,12010,15,-29,73,-668,139,-3948
3094575025,12008,6,-21,66,-370,-396,-4125
3094576025,12006,-3,-28,70,-344,-471,-4021
3094577025,12005,3,-48,60,-247,-739,-3959
3094578025,12003,-20,-49,40,-498,-734,-4088
3094579025,12001,-14,-37,22,-583,-438,-4430
3094580025,11999,-21,-5,-4,-328,11,-4337
3094581025,11998,-15,2,-15,-169,129,-4416
3094582025,11996,4,18,-37,-196,494,-4491
3094583025,11994,22,51,-48,-153,656,-4470
3094584025,11992,33,73,-40,115,510,-4280
3094585025,11991,27,85,-21,329,359,-4097
3094586025,11990,30,71,-12,429,253,-4009
3094587025,11989,20,64,3,638,42,-3782
3094588025,11988,3,33,25,832,-171,-3669
3094589025,11987,-9,-6,33,833,-186,-3585
3094590025,11987,-13,-17,38,706,-92,-3612
3094591025,11986,-17,-43,45,483,142,-3671
3094592025,11986,-13,-52,46,379,247,-3730
3094593025,11986,-7,-52,30,359,225,-3897
3094594025,11985,10,-57,15,270,98,-4128
3094595025,11985,11,-53,7,231,57,-4307
3094596025,11984,16,-41,-8,10,-46,-4510
3094597025,11984,21,-32,-15,-54,-122,-4401
3094598025,11984,19,-8,-21,-174,-232,-4368
3094599025,11983,13,-1,-27,-183,-291,-4392
3094600025,11983,6,5,-23,-175,-262,-4429
3094601025,11982,-3,12,-18,36,-205,-4236
3094602025,11982,-13,7,-24,37,-105,-4178
3094603025,11981,-8,4,-27,105,-38,-4101
3094604025,11980,-6,1,-29,131,9,-3990
3094605025,11979,-1,-13,-40,100,16,-3894
3094606025,11979,0,-10,-49,46,42,-3981
3094607025,11977,2,-4,-49,32,196,-4047
3094608025,11976,0,-11,-49,37,298,-3918
3094609025,11975,2,-7,-47,25,278,-3864
3094610025,11974,10,1,-46,-22,159,-3940
3094611025,11972,3,1,-39,16,62,-4101
3094612025,11971,3,0,-27,125,64,-4195
3094613025,11970,4,-6,-33,133,102,-4181
3094614025,11968,5,-10,-23,104,184,-4094
3094615025,11967,7,-1,-19,53,148,-4023
3094616025,11965,7,-8,-15,-91,29,-4011
3094617025,11963,-2,-13,-12,-246,42,-3968
3094618025,11962,4,-26,-9,-366,106,-3864
3094619025,11960,7,-44,-12,-436,14,-3712
3094620025,11958,9,-48,-11,-741,-87,-4049
3094621025,11956,7,-46,-12,-561,-235,-4231
3094622025,11954,2,-40,-12,-487,-208,-4219
3094623025,11952,4,-30,-20,-451,-167,-4481
3094624025,11950,1,-5,-21,-444,-18,-4615
3094625025,11948,5,20,-14,-270,150,-4531
3094626025,11947,0,51,-7,-45,251,-4317
3094627025,11945,4,64,-7,78,257,-4249
3094628025,11943,10,72,-3,364,149,-4043
3094629025,11941,11,65,-3,666,-108,-3847
3094630025,11940,8,45,4,776,-325,-3747
3094631025,11939,5,32,4,738,-344,-3681
3094632025,11937,2,-1,12,610,-218,-3597
3094633025,11936,3,-18,18,475,-101,-3568
3094634025,11935,-3,-33,17,368,-53,-3704
3094635025,11934,0,-43,13,327,25,-3952
3094636025,11933,-2,-41,13,293,76,-4123
3094637025,11932,4,-45,12,226,156,-4381
3094638025,11931,15,-38,9,99,172,-4455
3094639025,11930,13,-34,10,-7,92,-4418
3094640025,11929,24,-25,8,-78,-62,-4404
3094641025,11928,8,-9,9,-70,-144,-4425
3094642025,11928,1,7,4,81,-248,-4424
3094643025,11927,0,15,0,201,-209,-4304
3094644025,11926,-6,15,0,234,-8,-4081
3094645025,11925,2,13,2,219,89,-3919
3094646025,11924,-7,10,-3,181,166,-3759
3094647025,11923,3,6,-6,250,135,-3873
3094648025,11922,1,-6,-12,358,109,-3956
3094649025,11921,4,-27,-19,292,105,-3904
3094650025,11920,11,-28,-16,164,112,-3888
3094651025,11919,13,-29,-22,-80,72,-3950
3094652025,11918,-2,-20,-15,-140,69,-4086
3094653025,11917,-1,-11,-10,-41,140,-4181
3094654025,11916,-3,-8,-21,48,169,-4212
3094655025,11914,-1,-13,-18,36,207,-4221
3094656025,11913,5,-26,-23,-105,217,-4179
3094657025,11911,6,-14,-7,-201,220,-4079
3094658025,11910,9,-21,-15,-381,49,-3996
3094659025,11908,-2,-21,-11,-386,67,-4017
3094660025,11907,6,-35,-18,-534,-139,-3870
3094661025,11905,2,-42,-27,-695,-341,-4144
3094662025,11903,-3,-37,-36,-659,-199,-4339
3094663025,11902,-2,-22,-39,-640,-87,-4279
3094664025,11900,6,-17,-44,-629,165,-4230
3094665025,11898,4,13,-48,-407,272,-4326
3094666025,11896,3,38,-51,-163,271,-4377
3094667025,11894,8,56,-51,205,256,-4228
3094668025,11892,4,62,-50,324,239,-4138
3094669025,11890,10,54,-43,434,140,-3973
3094670025,11889,1,61,-25,526,19,-3801
3094671025,11887,5,49,-7,703,-39,-3709
3094672025,11886,-5,39,-3,850,-46,-3621
3094673025,11885,-3,15,8,933,-52,-3626
3094674025,11884,0,-16,10,777,-40,-3738
3094675025,11883,12,-47,12,532,-105,-3888
3094676025,11882,13,-56,13,219,-136,-3963
3094677025,11881,6,-57,10,188,-121,-4074
3094678025,11880,8,-56,5,43,-147,-4289
3094679025,11879,6,-49,7,-41,-204,-4443
3094680025,11878,13,-46,0,-89,-248,-4454
3094681025,11877,6,-28,-3,-258,-283,-4484
3094682025,11876,4,-17,-3,-312,-260,-4528
3094683025,11875,6,1,-5,-154,-202,-4466
3094684025,11874,-3,23,-5,116,-102,-4267
3094685025,11872,-4,27,-12,317,-24,-4110
3094686025,11871,-6,17,-12,370,0,-4010
3094687025,11870,8,6,-10,318,-2,-3855
3094688025,11869,2,1,-9,190,-9,-3817
3094689025,11868,2,6,-5,116,97,-3848
3094690025,11867,5,-5,0,183,258,-3743
3094691025,11866,5,-13,-1,255,274,-3706
3094692025,11864,3,-24,3,143,230,-3878
3094693025,11863,6,-37,11,-41,210,-4149
3094694025,11862,10,-32,22,-132,233,-4114
3094695025,11860,4,-35,23,-203,209,-4144
3094696025,11859,6,-30,27,-220,228,-4230
3094697025,11857,-1,-23,24,-206,54,-4266
3094698025,11856,11,-21,16,-292,38,-4191
3094699025,11854,10,-29,-7,-221,-228,-4293
3094700025,11852,-1,-24,-11,-472,-264,-4296
3094701025,11850,9,-18,-23,-501,-158,-4303
3094702025,11848,-5,6,-30,-427,144,-4056
3094703025,11845,-5,26,-29,-158,303,-4063
3094704025,11843,-6,32,-37,59,387,-4081
3094705025,11841,-3,30,-35,176,334,-4096
3094706025,11839,0,20,-30,271,214,-3985
3094707025,11836,-3,20,-15,173,56,-4004
3094708025,11834,-2,27,0,276,30,-3904
3094709025,11832,2,23,5,388,61,-3816
3094710025,11830,-3,10,11,554,82,-3737
3094711025,11829,1,-9,12,486,60,-3836
3094712025,11827,7,-18,19,334,4,-4006
3094713025,11825,4,-18,23,279,-2,-4022
3094714025,11823,0,-8,19,297,3,-4018
3094715025,11822,4,-18,22,402,18,-4077
3094716025,11820,4,-29,17,449,-123,-4164
3094717025,11818,6,-30,8,264,-318,-4274
3094718025,11817,4,-28,10,116,-373,-4322
3094719025,11816,-2,-26,20,-36,-297,-4348
3094720025,11814,-8,-3,17,33,-188,-4226
3094721025,11813,-1,-8,18,142,-160,-4191
3094722025,11812,-2,-18,23,139,-108,-4178
3094723025,11810,0,-21,26,99,-102,-4226
3094724025,11809,-5,-15,26,-30,-20,-4200
3094725025,11808,9,-13,27,60,70,-4004
3094726025,11807,0,-12,23,169,-15,-3886
3094727025,11805,1,-18,17,175,-86,-3947
3094728025,11804,6,-25,15,6,-117,-4108
3094729025,11803,3,-21,18,-110,-9,-4112
3094730025,11802,5,-16,18,-224,82,-4086
3094731025,11801,3,-17,17,-137,190,-4045
3094732025,11799,3,-13,16,-141,177,-4033
3094733025,11798,7,-28,6,-94,125,-4146
3094734025,11797,10,-31,3,-161,76,-4176
3094735025,11796,10,-21,-2,-278,94,-4127
3094736025,11794,9,-19,-5,-248,175,-4044
3094737025,11793,0,-8,-17,-170,157,-4034
3094738025,11791,5,-4,-25,15,144,-4086
3094739025,11790,8,-13,-36,95,127,-4195
3094740025,11788,-1,-7,-36,54,111,-4140
3094741025,11786,7,-9,-35,32,127,-4081
3094742025,11785,-6,2,-35,14,254,-3989
3094743025,11783,-6,9,-33,236,351,-3920
3094744025,11782,-3,-4,-28,375,304,-3998
3094745025,11780,2,-13,-20,330,193,-4064
3094746025,11778,4,-17,-23,266,131,-4058
3094747025,11777,1,-15,-16,100,82,-3998
3094748025,11775,3,-10,-15,157,4,-4001
3094749025,11774,-1,-15,-6,306,-62,-4032
3094750025,11772,2,-19,-9,320,-87,-4082
3094751025,11770,4,-30,-9,185,-88,-4146
3094752025,11769,-2,-21,-6,35,-93,-4159
3094753025,11767,4,-12,-6,78,-158,-4175
3094754025,11765,6,-18,-4,158,-239,-4244
3094755025,11763,-2,-14,-6,203,-243,-4262
3094756025,11762,4,-30,-6,133,-224,-4227
3094757025,11760,0,-24,-1,-137,-132,-4174
3094758025,11758,3,-13,12,-186,-76,-4148
3094759025,11757,-1,-9,16,-164,-95,-4131
3094760025,11755,1,-16,24,-74,-14,-4157
3094761025,11753,-1,-18,28,-60,76,-4070
3094762025,11752,13,-35,31,-233,73,-4062
3094763025,11750,17,-32,36,-420,-40,-4031
3094764025,11748,-3,-20,33,-258,-187,-4035
3094765025,11746,16,-34,24,-261,-184,-4004
3094766025,11745,5,-34,5,-139,-325,-4180
3094767025,11743,12,-34,-1,-360,-183,-4216
3094768025,11741,10,-26,-6,-353,27,-4054
3094769025,11739,-7,3,-15,-332,195,-4028
3094770025,11737,-4,22,-16,-71,396,-4154
3094771025,11735,-3,32,-20,208,458,-4206
3094772025,11733,-2,32,-18,396,406,-4137
3094773025,11731,5,18,-15,390,359,-4042
3094774025,11729,-1,17,-8,310,254,-3929
3094775025,11727,1,22,8,426,149,-3880
3094776025,11726,4,12,6,648,68,-3839
3094777025,11724,-3,-11,16,578,132,-3928
3094778025,11722,0,-19,16,511,180,-3949
3094779025,11721,6,-36,16,321,201,-3967
3094780025,11719,10,-37,6,241,103,-4042
3094781025,11717,6,-48,-7,206,-3,-4165
3094782025,11716,12,-49,-9,189,-21,-4232
3094783025,11714,10,-54,-15,26,-95,-4394
3094784025,11712,8,-49,-20,-126,-117,-4455
3094785025,11711,5,-28,-11,-163,-144,-4320
3094786025,11709,3,-9,-12,-147,-144,-4250
3094787025,11707,2,-8,-11,-103,-151,-4257
3094788025,11706,-4,9,-8,-41,-156,-4232
3094789025,11704,-1,11,-2,-20,-124,-4037
3094790025,11703,-6,18,-2,25,-113,-3863
3094791025,11701,-5,16,-3,-62,-98,-3850
3094792025,11699,1,6,4,-102,4,-3842
3094793025,11698,-9,2,11,-170,99,-3733
3094794025,11696,0,-14,14,-380,80,-3805
3094795025,11695,9,-25,17,-365,58,-3807
3094796025,11693,5,-24,29,-342,-68,-3852
3094797025,11692,4,-36,23,-334,-146,-4173
3094798025,11690,9,-28,26,-263,-43,-4437
3094799025,11689,15,-27,23,-180,50,-4408
3094800025,11687,14,-23,22,-226,60,-4393
3094801025,11686,4,-10,5,-189,46,-4390
3094802025,11684,11,8,-5,-99,-46,-4420
3094803025,11682,5,24,-17,118,-68,-4400
3094804025,11680,6,26,-26,281,101,-4204
3094805025,11679,10,26,-30,237,156,-4072
3094806025,11677,3,24,-26,156,217,-3927
3094807025,11675,-1,32,-24,227,162,-3818
3094808025,11673,-4,26,-10,353,188,-3844
3094809025,11672,-1,7,-7,423,249,-3873
3094810025,11670,10,-6,-7,394,215,-3810
3094811025,11668,10,-28,-5,306,90,-3704
3094812025,11667,6,-21,2,207,35,-3890
3094813025,11665,4,-20,-4,311,35,-4115
3094814027,11663,2,-19,-2,350,52,-4170
3094815025,11662,13,-38,-12,253,99,-4042
3094816025,11660,11,-37,-21,-35,44,-4013
3094817025,11658,5,-9,-17,-175,-22,-4277
3094818025,11657,2,-3,-11,-1,-87,-4309
3094819025,11655,10,-1,-18,122,-106,-4243
3094820025,11653,12,-11,-14,112,-78,-4198
3094821025,11652,8,-14,-18,-35,-92,-4257
3094822025,11650,6,-11,-14,-39,-131,-4192
3094823025,11648,10,-1,-15,-16,-142,-4143
3094824025,11647,0,-13,-11,-55,-82,-4108
3094825025,11645,9,-24,-3,-380,152,-4035
3094826025,11643,13,-35,-2,-532,89,-3788
3094827025,11642,8,-32,2,-682,-46,-3951
3094828025,11640,9,-26,-2,-531,-135,-4057
3094829025,11638,2,-32,-1,-362,-117,-4127
3094830025,11636,7,-33,-3,-316,-85,-4296
3094831025,11635,6,-21,-11,-407,5,-4301
3094832025,11633,6,-12,-12,-343,73,-4290
3094833025,11631,3,22,-22,-242,94,-4305
3094834025,11629,6,36,-20,12,138,-4334
3094835025,11627,12,41,-24,221,230,-4255
3094836025,11626,17,40,-19,307,192,-4023
3094837025,11624,12,39,-15,297,139,-3895
3094838025,11622,11,46,-16,446,-18,-3758
3094839025,11621,5,35,-8,648,-140,-3778
3094840025,11619,-5,12,-6,688,-43,-3812
3094841025,11618,9,-12,-8,548,88,-3751
3094842025,11616,6,-20,-10,448,134,-3723
3094843025,11615,7,-31,-8,339,119,-3835
3094844025,11613,12,-28,-8,302,47,-4075
3094845025,11612,17,-42,-15,340,69,-4156
3094846025,11610,14,-42,-13,273,48,-4164
3094847025,11609,14,-46,-22,60,-12,-4252
3094848025,11607,18,-26,-19,-41,-41,-4411
3094849025,11606,7,-20,-20,27,-60,-4352
3094850025,11604,18,-16,-16,29,-66,-4243
3094851025,11603,6,-15,-20,-31,-82,-4229
3094852025,11601,5,-4,-20,-72,-88,-4258
3094853025,11600,7,1,-17,-31,-55,-4188
3094854025,11598,6,-18,-18,-90,24,-4022
3094855025,11597,10,-27,-21,-144,33,-3856
3094856025,11595,10,-45,-18,-419,7,-3764
3094857025,11593,5,-32,-15,-664,-4,-3991
3094858025,11592,9,-30,-17,-501,-5,-4029
3094859025,11590,2,-26,-15,-411,78,-4199
3094860025,11588,3,-17,-14,-376,115,-4303
3094861025,11586,10,-15,-13,-363,224,-4356
3094862025,11584,10,8,-11,-337,257,-4250
3094863025,11582,10,21,-7,-166,208,-4136
3094864025,11580,7,32,-5,97,32,-4217
3094865025,11578,1,35,-3,209,-24,-4232
3094866025,11577,6,20,-6,291,-41,-4030
3094867025,11575,2,19,-4,248,-20,-3797
3094868025,11573,4,20,5,251,5,-3790
3094869025,11571,3,25,6,345,33,-3823
3094870025,11569,0,10,11,458,116,-3907
3094871025,11567,9,-6,5,470,160,-3903
3094872025,11566,11,-19,0,403,11,-3917
3094873025,11564,9,-13,2,334,-181,-4066
3094874025,11562,10,-18,2,348,-229,-4176
3094875025,11560,10,-17,3,360,-201,-4235
3094876025,11558,1,-27,0,249,-86,-4151
3094877025,11557,9,-27,-10,99,-8,-4127
3094878025,11555,3,-17,-5,65,-10,-4170
3094879025,11553,7,-15,-10,78,-58,-4249
3094880025,11551,6,-21,-10,185,-82,-4199
3094881025,11549,6,-17,-12,103,-44,-4180
3094882025,11548,8,-17,-14,30,2,-4139
3094883025,11546,2,-7,-8,42,20,-4093
3094884025,11544,4,-13,-14,43,-11,-4048
3094885025,11542,13,-30,-3,-154,162,-4029
3094886025,11540,8,-31,1,-371,65,-3876
3094887025,11539,-2,-37,6,-396,16,-3892
3094888025,11537,5,-35,8,-602,-38,-3967
3094889025,11535,2,-33,2,-450,-126,-4168
3094890025,11534,9,-43,-1,-561,-51,-4358
3094891025,11532,7,-29,-6,-539,119,-4175
3094892025,11530,-5,-16,-6,-576,203,-4163
3094893025,11528,15,1,-12,-408,275,-4316
3094894025,11526,12,29,-13,-63,222,-4336
3094895025,11524,10,35,-13,189,155,-4262
3094896025,11523,7,36,-15,300,166,-3995
3094897025,11521,-2,47,-8,358,166,-3850
3094898025,11519,0,46,-7,532,110,-3750
3094899025,11518,-6,33,-1,681,7,-3817
3094900025,11516,3,1,-1,701,25,-3757
3094901025,11515,7,-13,4,627,16,-3745
3094902025,11513,5,-16,9,402,60,-3792
3094903025,11512,10,-21,10,339,49,-3888
3094904025,11510,12,-36,4,344,58,-3960
3094905025,11509,14,-43,-3,215,2,-4128
3094906025,11507,10,-57,-6,119,-38,-4267
3094907025,11506,14,-40,-16,0,-163,-4438
3094908025,11504,7,-28,-17,27,-186,-4408
3094909025,11503,10,-23,-21,27,-162,-4304
3094910025,11501,5,-20,-15,-37,-177,-4270
3094911025,11499,2,-14,-17,-111,-150,-4285
3094912025,11497,3,-7,-18,-86,-76,-4237
3094913025,11496,5,-6,-9,-65,14,-4125
3094914025,11494,2,-16,-8,-57,63,-3988
3094915025,11492,-1,-11,-3,-72,42,-3995
3094916025,11490,0,-11,0,-107,-5,-4001
3094917025,11488,7,-9,-4,2,13,-3980
3094918025,11486,8,-30,-23,-15,-78,-3966
3094919025,11484,9,-28,-19,-142,16,-3922
3094920025,11482,18,-40,-25,-253,-222,-3992
3094921025,11480,-4,-19,-36,-523,-170,-4265
3094922025,11478,16,-17,-46,-344,-15,-4233
3094923025,11475,2,-11,-54,-241,195,-4014
3094924025,11473,1,-8,-58,-284,154,-4142
3094925025,11471,1,8,-57,-102,192,-4354
3094926025,11469,0,21,-55,113,193,-4308
3094927025,11466,-5,24,-48,384,296,-3903
3094928025,11464,-10,26,-36,470,311,-3848
3094929025,11462,-15,33,-24,425,328,-3937
3094930025,11460,-5,16,-13,551,271,-3954
3094931025,11459,3,0,-3,750,123,-3699
3094932025,11457,4,-25,5,585,-24,-3769
3094933025,11455,-3,-25,8,391,-109,-3941
3094934025,11454,12,-22,12,305,-88,-4045
3094935025,11452,6,-32,12,376,-5,-3953
3094936025,11451,11,-43,7,213,36,-4019
3094937025,11449,10,-48,10,63,-108,-4212
3094938025,11447,5,-45,7,12,-212,-4315
3094939025,11446,6,-33,9,-60,-316,-4491
3094940025,11444,1,-33,8,-2,-290,-4350
3094941025,11443,0,-38,17,-102,-253,-4270
3094942025,11441,-5,-26,14,-155,-240,-4291
3094943025,11440,0,-25,25,-195,-199,-4340
3094944025,11438,-1,-17,21,-96,-145,-4251
3094945025,11436,1,-12,23,44,-33,-4107
3094946025,11435,12,-27,22,21,-88,-4070
3094947025,11433,17,-35,1,-340,-104,-3939
3094948025,11431,18,-37,-13,-448,-68,-3979
3094949025,11429,19,-47,-41,-446,-351,-4117
3094950025,11427,13,-33,-60,-660,-241,-4301
3094951025,11425,21,-28,-64,-582,-136,-4343
3094952025,11422,1,-2,-76,-261,143,-3914
3094953025,11420,-12,25,-80,-126,578,-3935
3094954025,11418,-12,28,-78,173,732,-4082
3094955025,11415,-13,32,-63,456,594,-4036
3094956025,11413,-16,34,-59,596,568,-3992
3094957025,11411,-16,12,-44,500,555,-3913
3094958025,11409,-3,8,-23,433,479,-3782
3094959025,11407,8,-1,-12,476,225,-3776
3094960025,11405,3,-11,1,372,191,-3954
3094961025,11404,7,-17,12,389,231,-3924
3094962025,11402,17,-32,10,344,234,-3793
3094963025,11400,8,-45,5,148,58,-3945
3094964025,11398,-3,-42,5,-40,-98,-4275
3094965025,11396,1,-40,10,-150,-150,-4413
3094966025,11395,2,-39,17,-205,-231,-4465
3094967025,11393,2,-43,22,-323,-260,-4386
3094968025,11391,-4,-25,25,-413,-300,-4470
3094969025,11389,0,-14,34,-214,-349,-4468
3094970025,11387,-2,-3,38,-75,-370,-4461
3094971025,11386,4,-10,33,98,-415,-4368
3094972025,11384,16,-19,28,41,-396,-4174
3094973025,11382,16,-13,23,-62,-385,-4068
3094974025,11380,5,-1,14,-36,-278,-4061
3094975025,11378,10,-15,-6,-87,-362,-3945
3094976025,11376,14,-32,-31,-75,-252,-3746
3094977025,11373,9,-38,-55,-172,-448,-3943
3094978025,11371,-3,-18,-66,-470,-167,-4234
3094979025,11369,1,-3,-71,-366,4,-4263
3094980025,11366,1,15,-77,11,396,-3858
3094981025,11364,-10,10,-77,150,646,-3971
3094982025,11362,-4,26,-66,194,756,-4319
3094983025,11360,-4,28,-60,230,721,-4362
3094984025,11358,8,16,-43,338,669,-4124
3094985025,11356,9,18,-31,427,493,-3735
3094986025,11354,3,8,-15,310,275,-3817
3094987025,11352,1,-1,1,265,296,-4031
3094988025,11351,5,-5,12,275,288,-3934
3094989025,11349,0,-23,21,236,354,-3746
3094990025,11347,-2,-21,26,54,323,-3891
3094991025,11346,9,-33,29,57,150,-4055
3094992025,11344,13,-37,24,-37,-68,-4124
3094993025,11343,4,-40,31,-112,-126,-4195
3094994025,11341,8,-40,32,-302,-171,-4382
3094995025,11339,7,-29,35,-328,-247,-4428
3094996026,11337,5,-26,43,-227,-360,-4414
3094997025,11336,0,-20,41,-202,-385,-4385
3094998025,11334,5,-16,43,-325,-460,-4391
3094999025,11332,7,-20,21,-284,-524,-4219
3095000025,11330,8,-19,7,-252,-663,-4104
3095001025,11328,-4,-14,-22,-236,-592,-4172
3095002025,11326,5,-18,-32,-209,-494,-4130
3095003025,11323,3,-17,-53,-158,-270,-3975
3095004025,11321,-4,6,-75,-250,-23,-4066
3095005025,11318,-3,24,-84,-141,279,-4224
3095006025,11316,-4,34,-82,9,385,-4202
3095007025,11313,3,46,-80,362,455,-4052
3095008025,11311,3,48,-73,485,404,-4065
3095009025,11308,10,34,-64,509,331,-4003
3095010025,11306,1,17,-58,570,246,-3781
3095011025,11304,-5,14,-45,519,229,-3726
3095012025,11302,-10,2,-33,350,328,-3877
3095013025,11300,-2,-12,-24,418,415,-3801
3095014025,11298,-3,-17,-15,398,419,-3703
3095015025,11296,-5,-27,-15,321,400,-3762
3095016025,11294,0,-36,-9,184,337,-4005
3095017025,11293,11,-49,-1,-36,283,-4167
3095018025,11291,16,-58,7,-206,185,-4089
3095019025,11289,3,-43,23,-425,81,-4231
3095020025,11287,5,-42,28,-442,-30,-4384
3095021025,11286,6,-35,37,-187,-231,-4402
3095022025,11284,12,-33,45,-159,-316,-4403
3095023025,11283,2,-29,50,-269,-252,-4383
3095024025,11281,9,-24,39,-383,-556,-4386
3095025025,11279,1,-19,25,-227,-639,-4314
3095026025,11278,9,-32,2,-225,-634,-3975
3095027025,11276,-4,-24,-26,-448,-504,-4157
3095028025,11274,4,-14,-55,-473,-264,-4200
3095029025,11272,6,-3,-67,-340,-214,-4096
3095030025,11269,6,11,-87,-257,-38,-4057
3095031025,11267,8,25,-89,-28,122,-4130
3095032025,11265,4,30,-95,89,235,-4205
3095033025,11263,3,39,-85,266,334,-4125
3095034025,11261,12,38,-82,380,424,-3993
3095035025,11259,5,38,-72,550,361,-3877
3095036025,11257,3,19,-61,603,259,-3881
3095037025,11256,7,1,-50,613,194,-3749
3095038025,11254,2,-5,-44,568,184,-3672
3095039025,11252,-1,-20,-39,348,338,-3626
3095040025,11251,-1,-27,-30,258,443,-3740
3095041025,11249,4,-34,-25,247,363,-3843
3095042025,11248,10,-47,-19,133,404,-3934
3095043025,11246,8,-57,-19,44,357,-3973
3095044025,11244,12,-61,-8,-189,166,-4186
3095045025,11243,12,-53,0,-287,-89,-4424
3095046025,11241,14,-50,13,-296,-197,-4402
3095047025,11240,11,-42,19,-318,-216,-4392
3095048025,11238,14,-35,28,-383,-254,-4413
3095049025,11237,-1,-15,29,-347,-303,-4485
3095050025,11235,5,-7,30,-153,-374,-4439
3095051025,11233,6,-3,16,-20,-352,-4252
3095052025,11231,-2,9,15,-18,-330,-4192
3095053025,11229,0,7,-1,35,-238,-4056
3095054025,11227,17,8,-21,-140,-380,-4070
3095055025,11224,9,-5,-47,-19,-343,-3818
3095056025,11222,10,-14,-61,-85,-484,-3813
3095057025,11219,-1,-11,-91,-171,-553,-4020
3095058025,11217,3,-12,-98,-307,-193,-4306
3095059025,11214,5,1,-111,-88,135,-4030
3095060025,11211,0,6,-118,-20,466,-3982
3095061025,11209,1,14,-117,-53,580,-4149
3095062025,11206,9,24,-110,224,651,-4191
3095063025,11203,-2,23,-96,420,643,-3999
3095064025,11201,-6,23,-78,392,695,-3954
3095065025,11199,3,11,-58,394,552,-3833
3095066025,11197,-7,2,-44,396,423,-3731
3095067025,11195,2,-10,-20,289,246,-3662
3095068025,11193,-7,-15,5,111,268,-3913
3095069025,11191,2,-25,23,149,329,-3942
3095070025,11190,2,-30,30,148,305,-3872
3095071025,11188,13,-42,36,73,220,-3912
3095072025,11187,10,-38,39,-27,-70,-4148
3095073025,11185,11,-35,38,-78,-346,-4468
3095074025,11184,11,-23,39,-32,-462,-4476
3095075025,11182,10,-25,29,-13,-508,-4404
3095076025,11180,6,-13,22,-21,-568,-4363
3095077025,11179,7,-3,10,51,-584,-4451
3095078025,11177,8,4,3,130,-498,-4356
3095079025,11175,3,3,-7,144,-395,-4246
3095080025,11174,10,1,-12,211,-330,-4127
3095081025,11172,10,3,-26,21,-390,-4247
3095082025,11170,21,-17,-46,215,-366,-3968
3095083025,11168,11,-21,-55,36,-333,-3746
3095084025,11166,5,-13,-59,18,-291,-3978
3095085025,11164,1,-22,-76,-119,-18,-4141
3095086025,11162,11,-17,-83,11,163,-3890
3095087025,11159,-5,-12,-86,19,342,-3763
3095088025,11157,-8,-4,-88,-133,528,-4204
3095089025,11155,-1,1,-82,-131,579,-4283
3095090025,11153,8,-9,-75,9,569,-4038
3095091025,11151,-4,1,-60,86,557,-3846
3095092025,11149,-11,6,-39,37,571,-3955
3095093025,11147,-5,1,-25,52,577,-4020
3095094025,11145,3,-3,-10,191,485,-3899
3095095025,11143,5,-14,-6,214,276,-3786
3095096025,11141,0,-18,9,48,192,-4049
3095097025,11139,13,-17,15,113,126,-4062
3095098025,11137,14,-16,16,242,25,-3935
3095099025,11135,5,-17,10,278,-146,-3922
3095100025,11133,4,-23,3,168,-156,-4119
3095101025,11131,12,-23,1,169,-135,-4156
3095102025,11129,7,-23,-3,143,-342,-4169
3095103027,11126,1,-23,-19,164,-481,-4300
3095104025,11124,12,-29,-33,-39,-479,-4398
3095105025,11122,13,-25,-50,-48,-495,-4286
3095106025,11120,12,-24,-60,-134,-419,-4280
3095107025,11117,3,-23,-67,-148,-423,-4253
3095108025,11115,12,-26,-78,-165,-237,-4181
3095109025,11112,8,-17,-88,-138,-144,-4158
3095110025,11110,-6,-14,-88,-40,-60,-4180
3095111025,11107,1,-11,-88,-18,32,-4142
3095112025,11105,4,-17,-86,57,265,-3884
3095113025,11102,-9,-11,-68,68,288,-3861
3095114025,11100,-11,-3,-47,136,361,-3984
3095115025,11098,-7,-4,-24,278,558,-3810
3095116025,11096,-2,-17,-20,346,554,-3722
3095117025,11094,-2,-25,-6,382,367,-3834
3095118025,11092,4,-27,18,322,212,-4014
3095119025,11090,18,-30,22,410,69,-3895
3095120025,11088,15,-28,24,423,-8,-3828
3095121025,11087,6,-27,24,385,5,-3949
3095122025,11085,18,-38,15,374,-48,-4063
3095123025,11083,5,-34,7,425,-168,-4056
3095124025,11081,-4,-29,-8,313,-209,-4226
3095125025,11079,9,-28,-5,270,-236,-4329
3095126025,11077,0,-28,-12,250,-264,-4285
3095127025,11075,-3,-26,-19,247,-157,-4334
3095128025,11073,10,-30,-31,39,-156,-4492
3095129025,11071,12,-50,-45,3,-111,-4418
3095130025,11069,22,-59,-50,-346,-80,-4312
3095131025,11067,18,-52,-62,-616,-379,-4546
3095132025,11065,18,-40,-61,-896,-194,-4581
3095133025,11062,14,-18,-54,-724,51,-4232
3095134025,11060,-3,-9,-63,-600,238,-3963
3095135025,11057,-12,-1,-59,-402,433,-3965
3095136025,11055,-13,2,-59,-132,412,-4130
3095137025,11052,-11,-10,-47,11,313,-4025
3095138025,11050,-7,0,-27,44,320,-3870
3095139025,11048,-16,9,-16,15,267,-3859
3095140025,11046,-10,14,-3,134,282,-3868
3095141025,11043,-1,11,9,433,263,-3705
3095142025,11041,1,10,15,540,109,-3804
3095143025,11039,5,2,14,471,50,-3994
3095144025,11037,22,-9,14,318,-40,-4080
3095145025,11034,15,-12,7,218,-126,-3878
3095146025,11032,2,0,-3,95,-121,-3952
3095147025,11030,5,0,-15,228,-138,-4109
3095148025,11027,-3,1,-10,244,-215,-4220
3095149025,11025,-3,-10,-14,235,-254,-4371
3095150025,11022,-6,-10,-17,131,-282,-4380
3095151025,11020,5,-7,-18,30,-272,-4364
3095152025,11017,-7,1,-11,138,-143,-4350
3095153025,11015,-4,4,-13,116,-216,-4349
3095154025,11012,7,-31,-14,-37,-65,-4342
3095155025,11009,14,-50,-12,-471,-36,-4148
3095156025,11007,6,-44,-13,-921,-54,-4247
3095157025,11004,14,-34,-15,-921,-66,-4324
3095158025,11002,12,-17,-8,-635,-6,-4115
3095159025,10999,0,-9,-8,-451,180,-4010
3095160025,10996,-7,3,-3,-231,147,-4082
3095161025,10994,-11,15,5,-35,41,-4119
3095162025,10991,-18,27,7,105,2,-4157
3095163025,10988,-14,32,10,390,85,-4037
3095164025,10986,-22,43,11,520,28,-3932
3095165025,10983,-11,34,12,473,36,-3865
3095166025,10981,-10,32,12,465,54,-3802
3095167025,10979,-3,24,16,441,29,-3676
3095168025,10976,-6,22,10,399,116,-3811
3095169025,10974,-2,23,5,478,146,-3844
3095170025,10971,0,8,-5,491,56,-3913
3095171025,10969,-4,-2,-2,453,75,-3955
3095172025,10966,-1,-19,-14,339,61,-4040
3095173025,10964,0,-19,-16,135,132,-4164
3095174025,10962,-2,-28,-22,80,19,-4340
3095175025,10959,8,-30,-28,282,-116,-4294
3095176025,10957,-1,-47,-32,-176,-173,-4363
3095177025,10955,6,-54,-27,-531,21,-4386
3095178025,10952,-1,-42,-22,-734,177,-4298
3095179025,10950,5,-24,-13,-742,215,-4413
3095180025,10948,6,-17,-15,-511,215,-4336
3095181025,10945,0,-19,-7,-454,211,-4270
3095182025,10943,3,-4,-2,-378,167,-4259
3095183025,10941,-10,15,7,-338,64,-4283
3095184025,10938,-10,26,12,-122,20,-4146
3095185025,10936,-10,47,17,104,-89,-3979
3095186025,10934,-13,45,11,244,-255,-3899
3095187025,10932,-13,43,4,371,-270,-3984
3095188025,10929,-17,40,-1,533,-247,-3770
3095189025,10927,-15,39,-4,441,-141,-3814
3095190025,10925,-6,26,-14,451,71,-3819
3095191025,10922,2,13,-24,462,117,-3662
3095192025,10920,10,0,-34,343,66,-3831
3095193025,10917,10,-6,-44,367,-75,-4015
3095194025,10915,9,-9,-46,344,-120,-4071
3095195025,10912,6,-18,-54,171,-118,-4164
3095196025,10910,0,-25,-57,151,-128,-4184
3095197025,10907,-10,-37,-59,-84,-119,-4259
3095198025,10905,-5,-25,-59,-133,-78,-4353
3095199025,10902,-4,-33,-62,-177,79,-4345
3095200025,10899,0,-44,-51,-633,400,-4282
3095201025,10897,7,-34,-46,-597,578,-4020
3095202025,10894,8,-16,-31,-779,539,-4123
3095203025,10891,13,1,-31,-698,385,-4238
3095204025,10889,9,10,-14,-314,176,-4110
3095205025,10886,-3,19,-3,-101,-42,-4250
3095206025,10884,-8,28,12,32,-109,-4206
3095207025,10882,-9,31,17,70,-145,-4224
3095208025,10879,-13,36,16,263,-160,-4012
3095209025,10877,-16,44,15,341,-107,-3914
3095210025,10875,-4,31,5,430,10,-3876
3095211025,10872,7,23,-1,402,2,-3794
3095212025,10870,8,18,-4,336,27,-3766
3095213025,10867,14,14,-13,296,-13,-3847
3095214025,10865,12,12,-22,300,-163,-3968
3095215025,10862,18,-8,-31,381,-272,-4004
3095216025,10860,18,-24,-44,213,-399,-3979
3095217025,10857,5,-34,-57,63,-423,-4150
3095218025,10855,5,-36,-62,-174,-283,-4393
3095219025,10852,-5,-45,-48,-451,85,-4350
3095220025,10850,12,-49,-53,-367,352,-4036
3095221025,10847,-4,-39,-39,-487,382,-3977
3095222025,10845,0,-23,-35,-683,404,-4406
3095223025,10843,5,-10,-29,-385,290,-4377
3095224025,10840,11,-2,-12,-129,250,-4110
3095225025,10838,-9,14,-4,20,124,-4187
3095226025,10836,-7,28,0,63,66,-4279
3095227025,10833,0,31,8,286,-7,-4138
3095228025,10831,-17,32,0,525,-91,-3726
3095229025,10829,-2,20,3,380,-7,-3800
3095230025,10826,-7,25,-2,313,5,-3818
3095231025,10824,1,16,-3,354,24,-3734
3095232025,10822,2,8,-7,347,65,-3745
3095233025,10819,6,0,-19,421,30,-3840
3095234025,10817,10,-10,-19,289,23,-4030
3095235025,10815,11,-20,-34,242,-143,-4124
3095236025,10812,15,-42,-47,131,-229,-4126
3095237025,10810,-1,-47,-48,-241,-180,-4280
3095238025,10807,13,-47,-48,-605,-50,-4551
3095239025,10805,19,-42,-44,-545,10,-4468
3095240025,10802,-3,-36,-37,-684,156,-4294
3095241025,10800,9,-23,-37,-683,299,-4288
3095242025,10797,4,-6,-26,-543,229,-4300
3095243025,10795,2,4,-19,-369,121,-4359
3095244025,10792,-6,12,-14,-246,79,-4248
3095245025,10790,-8,20,-3,-28,52,-4106
3095246025,10787,-8,28,2,2,34,-4040
3095247025,10785,-7,35,7,312,8,-3747
3095248025,10782,-10,36,6,377,72,-3686
3095249025,10780,-10,34,2,380,97,-3822
3095250025,10778,8,16,0,514,46,-3799
3095251025,10775,9,4,1,409,-60,-3775
3095252025,10773,12,-3,-4,319,-129,-3887
3095253025,10771,7,-9,-9,276,-135,-3912
3095254025,10768,1,-5,-3,205,-84,-4027
3095255025,10766,2,-16,-7,240,-49,-4145
3095256025,10763,3,-27,-12,114,-38,-4224
3095257025,10761,-3,-42,-12,-225,-87,-4249
3095258025,10759,-1,-45,-10,-339,3,-4271
3095259025,10756,6,-47,-5,-678,-56,-4332
3095260025,10754,-3,-34,-9,-696,-126,-4479
3095261025,10751,3,-32,-10,-503,-40,-4443
3095262025,10748,-2,-22,-10,-428,14,-4388
3095263025,10746,4,-15,-13,-304,91,-4260
3095264025,10743,-1,-1,-15,-134,36,-4196
3095265025,10741,-9,26,-16,-118,150,-4097
3095266025,10738,-10,30,-22,218,15,-3917
3095267025,10735,-16,41,-23,393,-23,-3842
3095268025,10732,-16,26,-14,276,76,-3912
3095269025,10730,-8,18,-12,386,82,-3769
3095270025,10727,-17,11,-6,261,33,-3679
3095271025,10725,-16,5,-4,214,5,-3798
3095272025,10722,-7,1,0,322,28,-3858
3095273025,10720,-15,-12,3,340,96,-3901
3095274025,10717,-2,-34,8,239,143,-3954
3095275025,10715,-3,-50,13,-202,210,-4173
3095276025,10712,0,-55,19,-313,175,-4170
3095277025,10710,0,-43,34,-344,115,-4183
3095278025,10708,-8,-30,36,-448,-97,-4449
3095279025,10705,-3,-41,35,-364,-106,-4214
3095280025,10703,-7,-42,33,-489,-270,-4456
3095281025,10700,-6,-39,30,-621,-428,-4487
3095282025,10698,-8,-24,27,-516,-429,-4386
3095283025,10695,-15,2,19,-441,-303,-4284
3095284025,10693,-20,11,-3,1,-190,-4117
3095285025,10690,-16,10,-16,92,-79,-4117
3095286025,10688,-9,16,-32,42,4,-4349
3095287025,10685,-4,13,-42,364,-1,-3674
3095288025,10682,-27,30,-33,73,170,-3878
3095289025,10680,-15,32,-26,319,368,-4067
3095290025,10677,-11,22,-26,532,292,-3946
3095291025,10675,-11,-3,-21,616,227,-3770
3095292025,10672,-6,-32,-18,389,212,-3969
3095293025,10670,-2,-35,-11,134,123,-4209
3095294025,10668,-2,-37,-7,118,68,-4176
3095295025,10666,-1,-44,0,167,207,-3956
3095296025,10663,-7,-50,-1,-118,108,-4131
3095297025,10661,-16,-60,13,-291,202,-3834
3095298025,10659,-25,-36,18,-774,243,-4259
3095299025,10657,-24,-17,26,-820,307,-4332
3095300025,10655,-11,-6,42,-658,203,-4293
3095301025,10653,-6,-3,52,-274,100,-3840
3095302025,10650,-11,9,56,-197,-12,-4375
3095303025,10648,-11,11,54,-325,-11,-4561
3095304025,10646,9,-7,36,-54,-367,-4536
3095305025,10644,7,-9,27,-81,-495,-4107
3095306025,10642,-7,-6,4,-253,-592,-4199
3095307025,10639,-2,14,-9,-381,-446,-4378
3095308025,10636,-8,20,-19,-203,-306,-4248
3095309025,10634,-16,29,-37,-130,36,-4027
3095310025,10631,-14,39,-50,-23,126,-3986
3095311025,10628,-24,44,-57,243,150,-3795
3095312025,10626,-26,53,-53,136,207,-4193
3095313025,10623,-16,48,-48,237,297,-4185
3095314025,10620,4,23,-36,398,257,-3876
3095315025,10618,-10,12,-31,340,212,-3794
3095316025,10615,1,-5,-20,330,204,-4052
3095317025,10613,1,-20,-12,264,191,-4077
3095318025,10611,9,-42,-1,6,385,-4133
3095319025,10609,12,-55,8,-244,363,-3752
3095320025,10607,-8,-44,19,-628,97,-3743
3095321025,10604,-12,-32,25,-775,57,-4029
3095322025,10602,-12,-35,29,-696,-105,-3936
3095323025,10600,-23,-19,28,-611,-127,-4134
3095324025,10598,-19,-4,27,-631,48,-4295
3095325025,10596,-8,11,19,-388,92,-4247
3095326025,10594,-7,26,21,-281,73,-4240
3095327025,10592,-1,30,16,4,-76,-4451
3095328025,10589,-2,42,6,106,-158,-4589
3095329025,10587,13,43,-3,182,-123,-4428
3095330025,10585,6,50,-6,278,-201,-4181
3095331025,10583,1,50,-8,274,-224,-4114
3095332025,10581,5,40,-13,268,-168,-4022
3095333025,10579,2,31,-24,407,-220,-3872
3095334025,10577,-10,14,-32,352,-173,-3897
3095335025,10574,-14,2,-32,317,-117,-3936
3095336025,10572,-13,-3,-33,248,9,-3899
3095337025,10570,-14,-12,-27,176,41,-3850
3095338025,10568,-13,-14,-28,38,43,-3835
3095339025,10566,-18,-10,-32,-115,109,-3927
3095340025,10564,-21,-4,-25,-72,151,-4003
3095341025,10561,-9,-9,-6,-341,529,-3978
3095342025,10559,-1,-12,-6,-454,549,-4095
3095343025,10557,22,-21,-5,-613,164,-3925
3095344025,10555,0,-18,3,-586,-162,-4035
3095345025,10553,1,-29,-7,-720,-195,-4194
3095346025,10551,-1,-17,3,-705,15,-4378
3095347025,10548,-14,8,-2,-628,48,-4409
3095348025,10546,-13,25,-3,-527,105,-4313
3095349025,10544,-6,39,-3,-515,175,-4382
3095350025,10541,-3,58,-8,-148,136,-4238
3095351025,10539,-11,67,-17,65,87,-4389
3095352025,10536,2,64,-18,252,193,-4396
3095353025,10534,17,59,-21,482,110,-4104
3095354025,10532,12,58,-22,546,41,-4002
3095355025,10530,11,48,-16,480,-112,-3996
3095356025,10527,5,32,-15,458,-181,-3863
3095357025,10525,0,14,-16,401,-196,-3723
3095358025,10523,-8,10,-19,373,-165,-3763
3095359025,10521,-1,-3,-19,296,-60,-3846
3095360025,10519,-10,-13,-18,329,40,-3846
3095361025,10517,-7,-26,-25,253,58,-3958
3095362025,10515,-5,-27,-28,47,77,-4033
3095363025,10513,-2,-27,-21,-99,130,-4039
3095364025,10511,2,-27,-23,-343,161,-4017
3095365025,10509,-6,-12,-8,-470,100,-4000
3095366025,10507,-7,14,12,-449,168,-4187
3095367025,10505,-4,9,9,-605,29,-4190
3095368025,10503,6,2,8,-328,-116,-4077
3095369025,10501,6,-7,7,-438,-216,-4067
3095370025,10499,-1,-10,0,-548,-257,-4384
3095371025,10497,0,-2,-10,-430,-135,-4429
3095372025,10495,5,3,-15,-353,-66,-4288
3095373025,10493,-4,15,-30,-383,129,-4228
3095374025,10491,1,33,-41,-233,169,-4244
3095375025,10488,-1,60,-44,-126,180,-4310
3095376025,10486,6,68,-51,191,168,-4259
3095377025,10484,7,64,-43,397,169,-4021
3095378025,10482,1,52,-44,493,174,-3886
3095379025,10480,6,41,-32,400,195,-4007
3095380025,10478,0,30,-16,590,66,-3754
3095381025,10476,-8,24,-16,611,8,-3731
3095382025,10474,-9,-3,-13,524,-24,-3825
3095383025,10472,2,-23,-2,319,105,-3735
3095384025,10470,-7,-26,-1,205,135,-3768
3095385025,10468,-2,-29,3,21,207,-4094
3095386025,10466,8,-38,-2,-77,174,-4154
3095387025,10464,8,-34,0,-20,133,-3958
3095388025,10463,1,-32,-3,-339,-4,-4333
3095389025,10461,7,-19,0,-316,-161,-4346
3095390025,10459,-10,-2,13,-296,-191,-4329
3095391025,10457,-5,6,17,-197,-95,-4325
3095392025,10455,-6,6,14,-238,-124,-4250
3095393025,10453,1,12,17,-301,-154,-4072
3095394025,10451,-1,12,14,-229,-137,-4259
3095395025,10448,6,14,10,-305,-144,-4265
3095396025,10446,9,0,-2,-86,-129,-4104
3095397025,10444,6,1,-18,-125,-155,-4000
3095398025,10442,-3,7,-26,-138,-84,-4099
3095399025,10439,3,8,-37,-151,-57,-4157
3095400025,10437,-5,11,-39,17,-43,-4080
3095401025,10434,-16,29,-45,107,120,-4061
3095402025,10432,-8,34,-47,239,356,-4081
3095403025,10430,-3,33,-39,487,368,-3952
3095404025,10427,-5,31,-45,478,338,-3905
3095405025,10425,1,16,-34,384,352,-3979
3095406025,10423,7,8,-24,356,292,-3915
3095407025,10421,8,-9,-17,270,203,-3915
3095408025,10419,8,-20,-6,311,142,-3931
3095409025,10417,-4,-19,-4,128,123,-4049
3095410025,10415,10,-39,4,-8,176,-4111
3095411025,10414,2,-40,11,-45,28,-3781
3095412025,10412,-11,-34,15,-295,2,-3979
3095413025,10410,-17,-20,22,-377,23,-4240
3095414025,10408,-9,-13,22,-236,32,-4396
3095415025,10406,6,-16,28,96,-74,-4273
3095416025,10405,-5,-25,13,-115,-246,-4115
3095417025,10403,7,-14,11,-359,-284,-4153
3095418025,10401,4,-12,4,-262,-396,-4170
3095419025,10399,7,2,-11,-349,-476,-4416
3095420025,10397,12,0,-20,-164,-353,-4319
3095421025,10395,2,7,-37,-366,-177,-4214
3095422025,10393,3,18,-47,-309,-85,-4194
3095423025,10390,-2,21,-66,-143,8,-3996
3095424025,10388,-9,39,-63,-81,50,-4068
3095425025,10386,-14,44,-65,144,197,-4229
3095426025,10384,-1,30,-62,286,371,-4052
3095427025,10382,-1,31,-59,334,389,-3859
3095428025,10379,-7,26,-44,386,353,-3762
3095429025,10377,-6,23,-27,403,336,-4054
3095430025,10375,4,10,-10,510,333,-3873
3095431025,10374,5,-9,-6,482,282,-3810
3095432025,10372,4,-20,5,178,238,-3886
3095433025,10370,4,-25,22,-44,203,-4027
3095434025,10368,3,-30,36,-99,161,-3953
3095435025,10366,0,-28,43,-149,89,-4013
3095436025,10365,-7,-29,43,-205,76,-4116
3095437025,10363,-4,-19,52,-193,-12,-4240
3095438025,10361,-3,-9,52,-132,-202,-4298
3095439025,10359,5,-11,48,-148,-256,-4267
3095440025,10357,-4,5,49,-173,-250,-4213
3095441025,10355,-5,15,57,-15,-235,-4284
3095442025,10353,1,8,33,-33,-440,-4392
3095443025,10351,8,15,24,-37,-381,-4056
3095444025,10348,7,3,8,-118,-462,-4295
3095445025,10346,12,7,8,-207,-511,-4331
3095446025,10344,10,15,-11,-48,-367,-4254
3095447025,10341,11,9,-31,16,-165,-3999
3095448025,10338,3,14,-42,73,10,-3929
3095449025,10336,-11,24,-46,84,128,-4142
3095450025,10333,-11,22,-55,111,167,-4202
3095451025,10330,-8,17,-47,254,294,-4002
3095452025,10328,-16,20,-41,213,420,-3885
3095453025,10325,-19,26,-27,354,450,-3956
3095454025,10323,-16,21,-17,378,448,-3969
3095455025,10321,-6,5,2,368,487,-3923
3095456025,10318,-5,-14,14,194,515,-3790
3095457025,10316,-4,-13,28,-16,374,-3950
3095458026,10314,5,-11,44,-38,227,-4090
3095459025,10312,3,-12,48,-40,159,-4053
3095460026,10310,2,-23,52,-84,153,-3914
3095461027,10308,-2,-17,64,-262,108,-4013
3095462025,10306,-3,-6,62,-284,-84,-4255
3095463025,10304,-5,-12,64,-212,-190,-4409
3095464025,10302,-8,-1,68,-388,-249,-4358
3095465025,10300,0,-10,63,-198,-286,-4264
3095466025,10299,1,-12,55,-358,-498,-4184
3095467025,10296,-5,9,42,-437,-600,-4426
3095468025,10294,1,6,32,-244,-582,-4428
3095469025,10292,-4,10,17,-142,-415,-4302
3095470025,10290,-1,14,2,-152,-196,-4123
3095471025,10287,-4,21,-21,-172,-151,-4040
3095472025,10285,-9,37,-29,-139,-86,-4262
3095473025,10283,-5,43,-35,-8,16,-4226
3095474025,10280,-13,47,-40,281,152,-3996
3095475025,10278,-15,48,-35,394,238,-3952
3095476025,10275,-9,37,-33,418,274,-3927
3095477025,10273,-8,34,-29,436,308,-3908
3095478025,10271,-6,28,-15,421,322,-3847
3095479025,10269,-5,13,-6,348,367,-3825
3095480025,10267,-2,-1,0,244,393,-3854
3095481025,10265,4,-13,4,251,290,-3815
3095482025,10263,-1,-12,9,237,243,-3811
3095483025,10261,-7,-5,11,86,234,-3983
3095484025,10259,-5,-14,11,27,206,-4080
3095485025,10257,-6,-18,21,-221,160,-4191
3095486025,10255,2,-25,23,-309,174,-4195
3095487025,10253,-3,-20,34,-454,86,-4141
3095488025,10251,-4,0,50,-711,87,-4322
3095489025,10249,-1,-3,53,-281,-130,-4360
3095490025,10248,3,-25,41,-341,-405,-4160
3095491025,10246,-4,-21,39,-350,-520,-4294
3095492025,10244,-6,-23,32,-665,-489,-4279
3095493025,10242,-5,0,13,-653,-397,-4392
3095494025,10239,-17,20,-4,-457,-120,-4330
3095495025,10237,-6,25,-18,-339,-24,-4297
3095496025,10235,-2,38,-35,-237,184,-4228
3095497025,10232,1,64,-50,-82,130,-4215
3095498025,10230,-2,70,-57,107,74,-4230
3095499025,10227,2,79,-43,368,115,-4140
3095500025,10225,-3,79,-39,457,126,-3936
3095501025,10223,-3,69,-30,533,116,-3823
3095502025,10221,2,52,-18,595,105,-3753
3095503025,10219,-5,26,-7,588,85,-3595
3095504025,10217,-7,10,-2,488,135,-3646
3095505025,10215,-12,6,-4,426,214,-3741
3095506025,10213,-1,-13,4,371,317,-3764
3095507025,10212,-1,-15,2,308,303,-3824
3095508025,10210,3,-27,0,168,152,-4078
3095509025,10208,0,-33,-5,123,83,-4139
3095510025,10206,-1,-36,0,19,-28,-4172
3095511025,10204,-7,-34,4,-286,7,-4311
3095512025,10202,-1,-22,15,-441,68,-4340
3095513025,10200,-10,-6,31,-469,55,-4286
3095514025,10199,0,-2,33,-445,46,-4356
3095515025,10197,12,6,46,-600,40,-4379
3095516025,10195,14,-7,37,-335,-122,-4326
3095517025,10193,9,-16,24,-496,-365,-3921
3095518025,10191,-2,-17,16,-446,-431,-4035
3095519025,10189,-9,-4,11,-577,-285,-4252
3095520025,10187,-9,12,-9,-368,-144,-4355
3095521025,10184,-1,20,-24,-209,64,-4121
3095522025,10182,-3,28,-40,-158,51,-4192
3095523025,10180,-6,46,-38,-173,60,-4202
3095524025,10177,-4,63,-48,-39,152,-4367
3095525025,10175,-3,69,-38,264,337,-4110
3095526025,10173,10,60,-30,407,339,-3905
3095527025,10171,0,62,-32,488,249,-3929
3095528025,10168,0,48,-20,532,79,-3884
3095529025,10166,3,30,-17,610,-15,-3729
3095530025,10164,-10,8,-13,473,65,-3637
3095531025,10163,-8,1,-6,308,254,-3756
3095532025,10161,0,-4,-7,266,297,-3759
3095533025,10159,3,-8,-10,280,242,-3782
3095534025,10157,-1,-18,-10,174,162,-3942
3095535025,10155,5,-22,-12,59,60,-4184
3095536025,10153,3,-20,-16,11,-30,-4295
3095537025,10151,1,-9,-3,-39,-39,-4303
3095538025,10149,0,-21,-6,-213,18,-4283
3095539025,10148,-2,-12,7,-344,8,-4208
3095540025,10146,-1,-1,16,-352,-11,-4276
3095541025,10144,4,15,31,-218,-99,-4356
3095542025,10142,-7,-9,16,-17,-203,-4309
3095543025,10141,4,-21,13,-506,-362,-3873
3095544025,10139,-6,-19,-3,-533,-402,-4157
3095545025,10137,-12,-20,-6,-595,-371,-4364
3095546025,10135,-19,-4,-16,-471,-254,-4374
3095547025,10133,-14,-3,-27,-353,75,-4299
3095548026,10130,-5,2,-45,-357,258,-4232
3095549025,10128,1,33,-47,-288,288,-4213
3095550025,10126,2,57,-46,-195,274,-4332
3095551025,10124,1,71,-44,129,311,-4338
3095552025,10122,6,74,-33,526,350,-4002
3095553025,10120,-5,59,-30,569,251,-3859
3095554025,10118,4,40,-19,532,78,-3805
3095555025,10116,1,40,-12,544,67,-3697
3095556025,10115,-4,17,-8,584,31,-3490
3095557025,10113,-13,-4,-2,491,106,-3640
3095558025,10111,-9,-20,0,420,225,-3749
3095559025,10110,-7,-26,-1,444,201,-3780
3095560025,10108,-2,-33,-3,257,199,-3861
3095561025,10106,1,-36,-3,96,140,-4100
3095562025,10104,6,-39,-4,-77,26,-4281
3095563025,10103,9,-36,-2,-167,-24,-4343
3095564025,10101,6,-34,2,-259,-55,-4344
3095565025,10099,3,-29,9,-443,-67,-4372
3095566025,10098,4,-4,19,-437,-134,-4405
3095567025,10096,-1,11,19,-254,-194,-4372
3095568025,10094,1,17,21,-88,-210,-4390
3095569025,10092,1,9,22,-254,-195,-4279
3095570025,10091,10,3,9,-240,-78,-4053
3095571025,10089,1,3,-5,-275,-260,-3980
3095572025,10087,-4,13,-19,-416,-180,-4137
3095573025,10084,6,13,-20,-312,-89,-4182
3095574025,10082,-4,14,-35,-50,12,-3867
3095575025,10080,-4,12,-49,-127,124,-3990
3095576025,10078,-5,27,-43,-77,143,-4256
3095577025,10075,-6,28,-39,104,185,-4078
3095578025,10073,-3,30,-34,166,267,-3991
3095579025,10071,0,31,-25,225,445,-3986
3095580025,10069,3,30,-20,295,410,-4130
3095581025,10066,3,21,-15,379,356,-3921
3095582025,10064,6,13,-6,446,304,-3783
3095583025,10062,8,-3,-9,292,165,-3748
3095584025,10060,1,-8,-2,103,91,-4017
3095585025,10058,2,-3,8,182,113,-3977
3095586025,10056,-7,-10,10,185,194,-3872
3095587025,10054,1,-9,8,130,168,-3962
3095588025,10052,2,-19,9,30,111,-4192
3095589025,10051,9,-24,9,-16,-48,-4239
3095590025,10049,1,-16,13,-184,-148,-4273
3095591025,10047,-6,-13,20,-298,-110,-4360
3095592025,10045,-7,-4,29,-315,-76,-4283
3095593025,10043,5,-3,33,-290,-143,-4277
3095594025,10041,0,-20,14,-229,-290,-4292
3095595025,10039,12,-29,15,-443,-366,-4086
3095596025,10037,10,-26,7,-494,-402,-4213
3095597025,10035,11,-21,-20,-653,-394,-4375
3095598025,10033,8,-2,-27,-400,-292,-4316
3095599025,10031,1,12,-40,-171,-4,-4068
3095600025,10029,3,21,-59,-106,106,-4047
3095601025,10027,4,30,-59,-99,118,-4084
3095602025,10025,-3,42,-63,111,134,-4000
3095603025,10023,-8,58,-54,347,302,-3975
3095604025,10021,-8,56,-44,563,394,-3896
3095605025,10019,-8,54,-36,627,404,-3819
3095606025,10018,-2,36,-26,701,307,-3670
3095607025,10016,-1,7,-17,572,222,-3666
3095608025,10015,6,-8,2,417,166,-3840
3095609025,10013,3,-23,3,368,120,-3913
3095610025,10012,3,-23,15,288,120,-3932
3095611025,10010,8,-36,18,247,199,-3918
3095612025,10009,7,-42,20,113,140,-3953
3095613025,10007,7,-46,15,-115,2,-4214
3095614025,10006,6,-41,17,-226,-71,-4362
3095615025,10005,-1,-32,26,-327,-174,-4517
3095616025,10003,1,-15,31,-329,-192,-4421
3095617025,10002,5,-16,35,-385,-146,-4323
3095618025,10000,7,-4,41,-382,-177,-4307
3095619025,9998,-2,3,43,-395,-219,-4330
3095620025,9997,1,15,42,-179,-259,-4400
3095621025,9995,9,15,38,-43,-248,-4352
3095622025,9993,4,-11,12,-3,-428,-4077
3095623025,9991,13,-15,0,-288,-311,-3838
3095624025,9989,14,-11,-11,-481,-386,-4057
3095625025,9986,1,11,-27,-572,-291,-4309
3095626025,9984,10,23,-34,-140,12,-4118
3095627025,9982,-13,23,-48,67,336,-3680
3095628025,9979,-4,15,-50,112,378,-3785
3095629025,9977,-13,23,-49,108,337,-4129
3095630025,9974,-6,32,-45,286,325,-4133
3095631025,9972,-5,25,-38,409,406,-3847
3095632025,9969,-10,23,-18,354,487,-3783
3095633025,9967,-4,18,-14,352,475,-3821
3095634025,9965,2,9,1,362,449,-3846
3095635025,9963,4,-1,14,413,344,-3769
3095636025,9960,2,-12,19,279,238,-3854
3095637025,9958,-1,-14,16,164,158,-3991
3095638025,9956,8,-18,22,107,115,-4131
3095639025,9954,8,-19,27,64,48,-4034
3095640025,9952,-3,-18,28,-139,-15,-4207
3095641025,9950,0,-17,25,-205,-143,-4348
3095642025,9949,2,-12,32,-200,-187,-4395
3095643025,9947,-3,-6,31,-222,-230,-4425
3095644025,9945,3,-15,40,-245,-217,-4376
3095645025,9943,7,-4,47,-437,-187,-4389
3095646025,9941,7,-4,43,-493,-225,-4379
3095647025,9940,11,-8,37,-439,-226,-4203
3095648025,9938,14,-11,28,-486,-419,-4285
3095649025,9936,9,-13,16,-566,-409,-4286
3095650025,9934,16,-4,5,-486,-326,-4189
3095651025,9932,2,13,-8,-414,-263,-4121
3095652025,9930,1,26,-17,-191,-86,-4105
3095653025,9928,-1,45,-29,82,27,-4110
3095654025,9926,-12,42,-41,381,115,-3913
3095655025,9924,-9,43,-39,392,253,-3924
3095656025,9922,-16,55,-41,343,325,-3978
3095657025,9921,-4,47,-33,440,430,-3935
3095658025,9919,-2,35,-23,603,433,-3586
3095659025,9917,-6,17,-15,507,361,-3642
3095660025,9916,2,11,-14,472,308,-3797
3095661025,9914,6,-9,-4,379,251,-3914
3095662025,9913,11,-13,2,310,268,-3852
3095663025,9911,10,-26,1,163,252,-3878
3095664025,9910,0,-29,-3,65,179,-4073
3095665025,9908,-2,-29,-5,35,111,-4177
3095666025,9907,-3,-34,-2,-49,-17,-4270
3095667025,9905,-6,-19,2,-172,-73,-4374
3095668025,9904,-7,-12,-4,-215,-79,-4398
3095669025,9902,-6,-6,2,-178,-94,-4386
3095670025,9900,-3,0,-1,-203,-91,-4343
3095671025,9899,5,-8,3,-317,29,-4309
3095672025,9897,3,-3,14,-550,-3,-4215
3095673025,9895,6,-6,13,-566,-71,-4142
3095674025,9894,15,-5,17,-637,-16,-4033
3095675025,9892,7,0,11,-568,-297,-4151
3095676025,9890,0,1,5,-465,-402,-4205
3095677025,9888,0,4,-6,-338,-411,-4142
3095678025,9886,-2,3,-17,-380,-340,-4105
3095679025,9883,-6,11,-35,-393,-137,-4156
3095680025,9881,-10,43,-39,-258,27,-4242
3095681025,9879,-11,59,-46,10,229,-4102
3095682025,9876,-8,59,-43,219,454,-3919
3095683025,9874,-9,66,-40,267,510,-3905
3095684025,9872,0,65,-34,420,368,-3974
3095685025,9870,4,63,-20,568,240,-3993
3095686025,9868,9,35,-5,668,146,-3749
3095687025,9866,8,23,-4,519,82,-3681
3095688025,9864,0,7,3,412,50,-3814
3095689025,9863,-1,-8,19,381,53,-3888
3095690025,9861,-6,-12,20,339,74,-3941
3095691025,9859,-6,-18,20,335,93,-3976
3095692025,9858,-5,-33,15,284,64,-4036
3095693025,9856,-4,-34,9,59,-3,-4246
3095694025,9854,1,-27,5,-59,-82,-4289
3095695025,9852,-1,-17,5,-153,-106,-4359
3095696025,9851,0,1,0,-129,-109,-4413
3095697025,9849,-5,3,0,-88,-115,-4401
3095698025,9848,1,0,1,-70,-125,-4375
3095699025,9846,0,10,2,-111,-171,-4366
3095700025,9844,6,16,0,-147,-130,-4313
3095701025,9843,3,16,-4,-88,-151,-4204
3095702025,9841,-7,19,5,-257,184,-4096
3095703025,9840,11,-8,-7,-298,0,-3882
3095704025,9838,4,-22,-13,-517,48,-3553
3095705025,9836,2,-33,-21,-684,-210,-3959
3095706025,9835,-6,-30,-15,-855,-135,-4072
3095707025,9833,3,-23,-13,-861,84,-4178
3095708025,9831,-8,-3,-15,-596,240,-4099
3095709025,9829,-5,21,-22,-350,314,-4418
3095710025,9827,-8,37,-17,-242,270,-4532
3095711025,9826,-5,50,-22,74,284,-4427
3095712025,9824,-6,64,-24,327,294,-4119
3095713025,9822,-11,75,-20,330,287,-4088
3095714025,9820,3,77,-21,457,233,-3970
3095715025,9819,-4,69,-13,559,164,-3757
3095716025,9817,-2,47,-12,674,16,-3461
3095717025,9815,-3,29,-15,525,-31,-3640
3095718025,9814,-3,16,-10,574,-14,-3769
3095719025,9812,-3,6,-9,586,22,-3861
3095720025,9811,0,-15,-12,475,71,-3864
3095721025,9809,3,-40,-18,315,26,-3945
3095722025,9808,8,-42,-25,50,-63,-4166
3095723025,9806,-7,-33,-17,-60,-112,-4317
3095724025,9804,2,-27,-13,-175,-88,-4371
3095725025,9803,3,-24,-14,-241,-9,-4424
3095726025,9801,0,-13,-15,-292,-21,-4379
3095727025,9799,0,0,-16,-272,-83,-4396
3095728025,9798,-4,18,-15,-227,-106,-4424
3095729025,9796,-1,26,-14,-183,-69,-4364
3095730025,9794,1,18,-8,-179,58,-4121
3095731025,9792,1,18,-7,-241,129,-3968
3095732025,9791,4,20,4,-164,207,-3933
3095733025,9789,6,22,-4,-284,-141,-4052
3095734025,9787,7,-4,-10,-58,-347,-3949
3095735025,9786,10,-28,-19,-333,-329,-3700
3095736025,9784,-7,-27,-27,-667,-364,-4074
3095737025,9782,3,-17,-33,-723,-98,-4443
3095738025,9780,-1,-4,-47,-526,-27,-4302
3095739025,9778,-2,5,-57,-376,283,-4154
3095740025,9776,4,15,-75,-427,424,-4319
3095741025,9774,4,45,-76,-278,368,-4289
3095742025,9772,-6,67,-69,-106,335,-4288
3095743025,9770,-8,83,-67,285,415,-4166
3095744025,9768,-7,87,-57,569,533,-4025
3095745025,9767,1,76,-45,696,398,-3858
3095746025,9765,-1,57,-32,806,129,-3702
3095747025,9764,-10,53,-25,776,32,-3619
3095748025,9763,3,12,-13,742,-28,-3564
3095749025,9761,-5,-6,-4,575,50,-3715
3095750025,9760,0,-22,-3,410,60,-3827
3095751025,9759,9,-25,2,354,45,-3924
3095752025,9758,10,-37,-4,255,36,-4004
3095753025,9757,10,-46,-13,74,-76,-4208
3095754025,9755,9,-40,-15,-121,-256,-4389
3095755025,9754,0,-24,-17,-344,-286,-4513
3095756025,9753,4,-22,-20,-360,-222,-4514
3095757025,9752,3,-6,-17,-316,-211,-4383
3095758025,9750,1,6,-11,-408,-176,-4412
3095759025,9749,1,12,-1,-337,-192,-4350
3095760025,9748,-3,16,3,-284,-176,-4204
3095761025,9746,-5,17,6,-260,-136,-4181
3095762025,9745,-2,20,5,-118,-124,-4125
3095763025,9743,-3,30,7,124,-60,-4090
3095764025,9742,12,16,-13,-117,-227,-4136
3095765025,9740,4,2,-18,-86,-282,-4000
3095766025,9738,0,-2,-40,-269,-157,-3576
3095767025,9736,-4,-10,-60,-429,-265,-4073
3095768025,9734,-2,-3,-73,-432,-47,-4362
3095769025,9732,6,1,-77,-262,267,-4072
3095770025,9730,1,10,-84,-259,455,-3908
3095771025,9728,-1,26,-91,-322,542,-4127
3095772025,9726,2,44,-81,-56,505,-4303
3095773025,9723,-5,54,-70,307,596,-4060
3095774025,9721,-16,55,-63,305,668,-4006
3095775025,9719,-2,52,-45,372,701,-3893
3095776025,9718,-5,51,-32,535,429,-3756
3095777025,9716,-4,40,-17,659,227,-3766
3095778025,9715,-4,20,-3,690,197,-3712
3095779025,9713,-2,13,4,663,147,-3663
3095780025,9712,-3,-10,9,468,90,-3745
3095781025,9710,8,-21,11,291,74,-3930
3095782025,9709,12,-25,9,232,16,-4010
3095783025,9708,12,-25,13,109,-116,-4159
3095784025,9706,5,-29,1,98,-178,-4264
3095785025,9705,14,-32,2,-3,-335,-4427
3095786025,9704,5,-21,0,-96,-445,-4451
3095787025,9702,2,-16,-6,-176,-414,-4400
3095788025,9701,0,-17,4,-222,-402,-4400
3095789025,9700,-1,-5,1,-287,-288,-4373
3095790025,9698,-3,7,4,-224,-260,-4371
3095791025,9697,1,7,5,-67,-214,-4284
3095792025,9695,6,4,8,28,-162,-4134
3095793025,9694,9,9,3,32,-129,-4103
3095794025,9692,6,8,0,3,-132,-4020
3095795025,9691,-5,22,-8,34,26,-3946
3095796025,9689,3,15,-30,122,-134,-4070
3095797025,9687,2,7,-39,346,-262,-3989
3095798025,9685,9,-20,-60,-4,-149,-3852
3095799025,9683,2,-21,-75,-414,-113,-4085
3095800025,9681,-1,-3,-76,-642,143,-4215
3095801025,9679,-8,11,-88,-319,400,-3990
3095802025,9677,-7,14,-93,-221,513,-3872
3095803025,9675,-6,17,-88,-250,610,-4113
3095804025,9673,-2,25,-86,-91,619,-4138
3095805025,9671,-7,35,-78,97,577,-4126
3095806025,9669,-12,43,-65,249,626,-4067
3095807025,9667,-9,43,-46,453,689,-3878
3095808025,9665,-12,42,-29,644,597,-3763
3095809025,9663,-8,29,-11,600,497,-3853
3095810025,9662,9,10,0,637,383,-3815
3095811025,9661,4,3,9,593,248,-3747
3095812025,9659,13,-18,14,389,-14,-3882
3095813025,9658,14,-19,26,218,-174,-4125
3095814025,9657,18,-23,30,167,-194,-4129
3095815025,9656,12,-33,29,24,-181,-4099
3095816025,9654,9,-41,29,-80,-200,-4155
3095817025,9653,14,-37,27,-370,-350,-4363
3095818025,9652,1,-26,33,-426,-546,-4551
3095819025,9651,-3,-11,34,-266,-594,-4523
3095820025,9650,-7,-7,33,-128,-586,-4494
3095821025,9648,-9,-4,27,11,-523,-4465
3095822025,9647,5,-4,21,82,-469,-4290
3095823025,9645,2,6,15,28,-432,-4185
3095824025,9644,0,17,9,-13,-266,-4166
3095825025,9642,8,22,3,73,-207,-4140
3095826025,9640,12,25,-7,363,4,-3955
3095827025,9639,21,9,-36,127,-42,-3936
3095828025,9637,11,-2,-51,24,9,-3711
3095829025,9635,3,-7,-59,-3,-69,-3815
3095830025,9632,9,-10,-73,-258,-162,-4184
3095831025,9630,11,-10,-88,-219,34,-4140
3095832025,9628,-3,11,-92,-104,375,-3871
3095833025,9626,-6,21,-90,-164,734,-3965
3095834025,9623,-2,30,-93,-138,841,-4060
3095835025,9621,-2,41,-86,210,795,-3943
3095836025,9619,-14,34,-75,356,796,-3786
3095837025,9617,-14,35,-59,340,907,-3951
3095838025,9615,-10,30,-44,346,828,-3978
3095839025,9613,-3,19,-25,491,594,-3785
3095840025,9611,-4,14,2,442,416,-3791
3095841025,9609,0,2,18,331,355,-3986
3095842025,9608,11,-13,33,326,181,-3999
3095843025,9606,15,-18,33,307,41,-3989
3095844025,9605,14,-44,45,-196,-79,-4137
3095845025,9603,10,-34,55,-349,-104,-4233
3095846025,9602,4,-25,65,-540,-221,-4343
3095847025,9600,5,-15,63,-289,-441,-4455
3095848025,9599,-1,-3,64,-161,-491,-4398
3095849025,9597,2,-5,53,-63,-638,-4455
3095850025,9596,2,-4,50,-59,-752,-4479
3095851025,9594,-1,13,39,-52,-782,-4434
3095852025,9592,-6,19,30,68,-738,-4394
3095853025,9591,1,34,18,375,-602,-4331
3095854025,9589,1,26,-4,513,-433,-4193
3095855025,9587,11,14,-18,500,-301,-3956
3095856025,9584,5,7,-47,123,-338,-3915
3095857025,9582,2,14,-38,69,-74,-3983
3095858025,9580,5,5,-56,-100,-6,-3860
3095859025,9578,9,4,-65,-49,18,-4011
3095860025,9576,6,-1,-66,1,208,-4107
3095861025,9573,-4,1,-69,-18,321,-4061
3095862025,9571,0,8,-75,74,574,-3987
3095863025,9569,2,2,-74,117,610,-4039
3095864025,9567,-4,18,-60,177,561,-4032
3095865025,9564,-10,21,-49,172,595,-4033
3095866025,9562,-14,26,-50,146,637,-4058
3095867025,9560,-12,26,-34,214,650,-3881
3095868025,9558,-16,27,-25,333,671,-3679
3095869025,9556,-8,19,-16,299,496,-3909
3095870025,9555,-3,12,-8,341,429,-4017
3095871025,9553,1,-12,10,151,392,-4015
3095872025,9551,6,-11,26,-42,292,-3903
3095873025,9550,4,-10,37,-180,75,-4038
3095874025,9548,8,-9,44,-87,-148,-4245
3095875025,9547,-1,-2,54,-7,-279,-4295
3095876025,9546,13,-18,49,-11,-408,-4401
3095877025,9544,7,-15,50,-173,-462,-4458
3095878025,9542,8,4,37,-167,-486,-4425
3095879025,9541,0,15,34,-11,-507,-4438
3095880025,9539,3,21,19,50,-496,-4412
3095881025,9537,7,18,-1,184,-455,-4324
3095882025,9535,3,20,-9,87,-330,-4194
3095883025,9533,13,19,-33,133,-377,-4184
3095884025,9531,11,17,-43,124,-470,-4021
3095885025,9529,13,2,-64,104,-439,-3940
3095886025,9527,2,-13,-83,-206,-359,-4194
3095887025,9525,6,-4,-94,-147,-110,-4014
3095888025,9523,-7,14,-92,-19,323,-4041
3095889025,9520,-12,18,-98,-12,554,-3947
3095890025,9518,-7,25,-95,220,774,-3979
3095891025,9516,-13,33,-94,435,722,-3968
3095892025,9514,-2,33,-77,442,699,-4047
3095893025,9512,-6,33,-66,443,712,-4019
3095894025,9510,-4,26,-48,414,637,-3783
3095895025,9508,-5,20,-25,391,425,-3690
3095896025,9506,-4,11,-14,382,297,-3774
3095897025,9505,2,-8,6,202,366,-3830
3095898025,9503,4,-18,20,127,412,-3798
3095899026,9501,1,-26,38,-92,348,-3800
3095900025,9500,1,-23,42,-131,95,-4083
3095901025,9498,5,-16,41,-39,-141,-4254
3095902025,9497,2,-16,48,-59,-246,-4343
3095903025,9495,7,-23,38,-197,-330,-4480
3095904025,9493,5,-1,42,-292,-450,-4551
3095905025,9492,6,21,39,-180,-536,-4530
3095906025,9490,-2,25,24,-9,-596,-4511
3095907025,9488,4,25,12,11,-624,-4437
3095908025,9486,2,10,-13,19,-654,-4248
3095909025,9484,2,10,-29,-190,-600,-4282
3095910025,9481,0,20,-46,-296,-347,-4194
3095911025,9479,6,16,-48,-201,-64,-3942
3095912025,9476,-1,22,-62,-132,-17,-3904
3095913025,9474,-1,32,-73,-47,102,-4166
3095914025,9471,2,42,-78,169,300,-4226
3095915025,9469,-4,49,-78,382,406,-4044
3095916025,9466,-7,52,-79,357,452,-3988
3095917025,9464,-7,53,-60,361,602,-3964
3095918025,9462,0,45,-48,434,576,-3872
3095919025,9459,0,42,-31,514,515,-3803
3095920025,9457,-5,32,-16,533,485,-3734
3095921025,9455,3,20,-11,519,447,-3663
3095922025,9453,3,4,3,427,293,-3699
3095923025,9451,-3,1,17,289,216,-3811
3095924025,9449,-7,-13,29,22,321,-3931
3095925025,9447,2,-15,32,35,363,-3926
3095926025,9445,3,-21,45,-119,257,-3893
3095927025,9444,4,-30,57,-346,26,-4183
3095928025,9442,6,-18,59,-339,-206,-4323
3095929025,9440,-1,0,59,-274,-402,-4556
3095930025,9438,2,11,64,-135,-460,-4605
3095931025,9436,3,7,45,-92,-669,-4608
3095932025,9434,1,5,29,-95,-697,-4373
3095933025,9432,-7,9,11,-59,-735,-4285
3095934025,9430,-18,14,-5,-192,-662,-4368
3095935025,9427,-6,21,-31,-167,-306,-4400
3095936025,9425,-8,25,-49,-64,-14,-4003
3095937025,9422,0,29,-66,-148,90,-3967
3095938025,9420,1,41,-73,-175,153,-4143
3095939025,9417,-5,49,-72,-138,178,-4160
3095940025,9415,0,48,-67,77,352,-4020
3095941025,9412,-3,61,-53,186,496,-4003
3095942025,9410,-4,63,-38,345,468,-4080
3095943025,9408,-5,55,-32,441,438,-3951
3095944025,9406,2,44,-18,549,437,-3783
3095945025,9403,-7,31,-3,478,354,-3633
3095946025,9401,-4,15,7,266,351,-3798
3095947025,9399,-4,8,15,254,304,-3718
3095948025,9398,-2,1,22,271,288,-3702
3095949025,9396,-5,-3,24,184,269,-3850
3095950025,9394,-1,-8,29,80,124,-4087
3095951025,9392,2,-16,30,18,-26,-4181
3095952025,9390,-6,-4,27,-71,-130,-4239
3095953025,9388,-2,-3,32,-136,-158,-4281
3095954025,9386,6,4,25,-123,-227,-4421
3095955025,9384,0,10,26,-232,-216,-4401
3095956025,9382,-2,6,18,-146,-332,-4319
3095957025,9380,4,7,0,-91,-472,-4164
3095958025,9378,-5,2,-17,-149,-593,-4162
3095959025,9376,-8,-4,-37,-390,-469,-4341
3095960025,9373,-10,-7,-54,-337,-211,-4204
3095961025,9371,-15,17,-70,-310,87,-4130
3095962025,9369,-13,27,-69,-318,204,-4207
3095963025,9366,-9,48,-77,-188,390,-4345
3095964025,9364,3,56,-81,192,376,-4079
3095965025,9361,-5,64,-70,282,338,-3991
3095966025,9359,-3,65,-64,272,356,-4112
3095967025,9357,2,65,-49,363,368,-4035
3095968025,9355,-6,62,-37,546,283,-3595
3095969025,9352,-13,44,-25,480,208,-3552
3095970025,9351,-8,15,-11,430,230,-3610
3095971025,9349,-13,9,-4,394,279,-3613
3095972025,9347,-7,-9,5,179,364,-3713
3095973025,9345,-1,-14,16,84,374,-3922
3095974025,9343,4,-17,22,61,244,-4025
3095975025,9341,8,-27,22,-5,40,-4186
3095976025,9339,6,-23,24,-75,-51,-4285
3095977025,9338,4,-10,22,-80,-226,-4512
3095978025,9336,1,4,22,-88,-319,-4625
3095979025,9334,4,13,16,63,-340,-4402
3095980025,9332,-3,20,12,91,-339,-4340
3095981025,9330,0,22,-3,80,-315,-4335
3095982025,9328,-2,25,-15,130,-342,-4283
3095983025,9326,7,24,-23,86,-359,-4046
3095984025,9324,-1,9,-50,102,-305,-3971
3095985025,9321,1,-5,-62,-1,-283,-3797
3095986025,9319,-5,-11,-81,26,-369,-3949
3095987025,9317,-14,-7,-88,-238,-81,-4063
3095988025,9314,-11,5,-95,-128,278,-4053
3095989025,9312,-8,15,-93,-120,469,-3983
3095990025,9309,2,18,-89,-39,620,-4114
3095991025,9307,-2,34,-79,9,653,-4213
3095992025,9305,3,45,-58,67,675,-4214
3095993025,9303,8,41,-40,165,548,-3879
3095994025,9301,-3,43,-34,225,430,-3827
3095995025,9299,-5,37,-11,201,213,-3890
3095996025,9297,-2,20,11,330,65,-3806
3095997025,9295,-4,6,20,315,114,-3742
3095998025,9293,-1,7,25,333,143,-3757
3095999025,9291,3,-6,23,276,117,-3800
3096000025,9289,7,-9,20,222,22,-4059
3096001025,9287,12,-13,15,303,-101,-4119
3096002025,9286,10,-8,4,297,-284,-4239
3096003025,9284,11,-6,-2,205,-336,-4369
3096004025,9282,16,-9,-14,118,-392,-4433
3096005025,9279,8,7,-20,125,-432,-4280
3096006025,9277,7,14,-28,100,-408,-4321
3096007025,9275,6,7,-41,98,-365,-4342
3096008025,9273,-4,5,-50,26,-235,-4243
3096009025,9271,5,-8,-62,113,-330,-4019
3096010025,9268,-12,-5,-71,-197,-188,-4217
3096011025,9266,0,-12,-80,-185,119,-4153
3096012025,9263,4,-9,-79,-116,231,-3987
3096013025,9261,-5,1,-77,-154,349,-3996
3096014025,9258,-9,9,-69,-273,477,-4245
3096015025,9256,5,19,-54,-141,597,-4089
3096016025,9254,-4,27,-37,47,521,-3923
3096017025,9251,-6,38,-25,48,465,-3947
3096018025,9249,-2,34,-8,32,472,-4046
3096019025,9247,9,26,13,226,370,-3741
3096020025,9245,7,7,23,332,78,-3791
3096021025,9243,-4,11,38,199,-4,-3947
3096022025,9241,5,-1,34,285,-37,-4043
3096023025,9239,2,0,32,372,-26,-3861
3096024025,9237,5,-9,23,365,-57,-3799
3096025025,9235,5,-5,16,199,-137,-4182
3096026025,9233,15,-1,9,180,-166,-4287
3096027025,9230,12,2,-3,321,-304,-4340
3096028025,9228,10,-3,-16,376,-367,-4364
3096029025,9226,8,-12,-42,86,-392,-4309
3096030025,9223,4,-7,-40,40,-291,-4253
3096031025,9221,9,-18,-53,-124,-465,-4183
3096032025,9218,-1,-2,-63,-227,-331,-4463
3096033025,9216,-2,-4,-81,-62,-19,-4339
3096034025,9213,-7,4,-81,-27,241,-4098
3096035025,9211,-8,12,-89,-63,310,-4137
3096036025,9208,2,0,-83,-212,415,-4176
3096037025,9206,-4,14,-68,-323,556,-4082
3096038025,9203,-7,27,-39,-218,596,-3913
3096039025,9201,-9,31,-31,-49,477,-3922
3096040025,9198,-15,40,0,54,417,-4002
3096041025,9196,-1,20,17,273,258,-3866
3096042025,9194,-8,13,29,352,75,-3773
3096043025,9192,-4,6,40,173,28,-3994
3096044025,9190,2,10,44,194,21,-4015
3096045025,9188,10,11,44,340,-73,-3874
3096046025,9186,1,11,26,369,-73,-3905
3096047025,9183,3,4,17,303,-101,-4157
3096048025,9181,5,5,3,247,-242,-4138
3096049025,9179,11,9,-10,223,-280,-4142
3096050025,9177,-6,15,-7,69,-298,-4277
3096051025,9174,-5,9,-29,0,-373,-4263
3096052025,9172,3,-1,-38,0,-243,-4158
3096053025,9169,-1,-2,-44,14,-433,-4209
3096054025,9167,-4,-11,-62,-209,-392,-4509
3096055025,9164,3,-15,-67,-257,-44,-4407
3096056025,9162,-12,9,-70,-212,354,-4009
3096057025,9159,-8,23,-60,-147,542,-4156
3096058025,9157,-8,24,-59,-141,604,-4263
3096059025,9154,4,29,-46,-42,676,-4126
3096060025,9152,-2,31,-35,16,492,-3907
3096061025,9149,-7,35,-13,-44,284,-4056
3096062025,9147,-3,29,-2,-75,219,-4001
3096063025,9145,-4,26,22,147,71,-3736
3096064025,9143,-11,29,37,224,15,-3788
3096065025,9140,-2,21,50,268,109,-4028
3096066025,9138,9,11,42,446,52,-3863
3096067025,9136,0,6,37,424,7,-3847
3096068025,9134,7,1,27,238,-110,-4043
3096069025,9132,12,7,21,145,-230,-4147
3096070025,9129,-5,16,2,258,-322,-4113
3096071025,9127,-3,17,-8,156,-454,-4303
3096072025,9124,-2,2,-27,61,-371,-4341
3096073025,9122,5,-12,-42,61,-481,-4085
3096074025,9119,-8,-4,-55,-231,-443,-4310
3096075025,9116,-18,9,-59,-208,-105,-4432
3096076025,9114,-21,12,-61,-126,104,-4340
3096077025,9111,-14,13,-63,12,447,-4192
3096078025,9108,-4,17,-63,41,525,-4236
3096079025,9106,-1,21,-51,-51,536,-4332
3096080025,9103,7,32,-32,34,544,-4137
3096081025,9101,13,29,-24,27,492,-3932
3096082025,9098,5,25,-13,12,285,-3876
3096083025,9096,2,27,12,45,125,-3849
3096084025,9094,-1,22,26,136,1,-3812
3096085025,9091,-5,24,29,195,20,-3831
3096086025,9089,-8,14,40,161,78,-3981
3096087025,9087,2,6,40,215,56,-3946
3096088025,9085,-3,7,33,247,-54,-3931
3096089025,9082,-5,0,25,108,-96,-4101
3096090025,9080,-2,7,27,66,-56,-4202
3096091025,9078,1,11,8,136,-106,-4219
3096092025,9075,5,18,8,220,-84,-4208
3096093025,9073,13,13,-8,56,-278,-4324
3096094025,9070,18,14,-2,57,-233,-4275
3096095025,9068,9,-3,-30,16,-458,-4015
3096096025,9065,-3,-1,-43,-72,-539,-4206
3096097025,9063,4,-2,-58,-242,-191,-4388
3096098025,9060,-6,2,-68,-88,260,-4044
3096099025,9057,-7,13,-71,-141,441,-4042
3096100025,9055,10,22,-70,-300,664,-4375
3096101025,9052,16,37,-64,-158,713,-4247
3096102025,9049,17,53,-49,-4,581,-3989
3096103025,9047,12,60,-45,132,304,-4012
3096104025,9044,10,54,-21,119,220,-4014
3096105025,9042,13,41,-8,230,109,-3862
3096106025,9039,-6,32,7,340,3,-3674
3096107025,9037,-8,23,18,168,74,-3876
3096108025,9035,-4,19,27,193,104,-3911
3096109025,9032,-6,13,23,356,98,-3716
3096110025,9030,-8,4,14,246,50,-3960
3096111025,9028,5,4,5,153,11,-4148
3096112025,9026,1,10,1,178,-95,-4116
3096113025,9023,10,9,-7,138,-133,-4206
3096114025,9021,8,17,-13,116,-168,-4449
3096115025,9018,13,23,-20,212,-229,-4391
3096116025,9016,3,21,-24,162,-302,-4270
3096117025,9013,4,21,-27,201,-229,-4286
3096118025,9011,9,8,-29,-50,-258,-4281
3096119025,9008,6,-2,-38,-29,-227,-3953
3096120025,9006,-8,-2,-47,-33,-275,-3992
3096121025,9003,-5,-12,-47,-306,3,-4223
3096122025,9001,-3,-19,-51,-271,200,-4199
3096123025,8998,7,-9,-50,-284,508,-3966
3096124025,8995,11,14,-38,-428,646,-4171
3096125025,8993,17,37,-35,-294,598,-4314
3096126025,8990,15,49,-23,-35,507,-4194
3096127025,8988,13,56,-18,217,211,-4002
3096128025,8985,7,61,-7,251,62,-4087
3096129025,8983,10,46,2,520,-116,-3909
3096130025,8981,-6,36,0,571,-160,-3748
3096131026,8978,-7,34,4,509,-71,-3781
3096132025,8976,-2,21,1,565,25,-3787
3096133025,8974,-5,14,-2,534,77,-3741
3096134025,8971,8,0,-20,363,141,-3885
3096135025,8969,13,4,-12,169,12,-3923
3096136025,8967,5,-10,-33,273,-165,-3968
3096137025,8964,14,-13,-39,97,-128,-4021
3096138025,8962,9,-21,-49,124,-255,-4340
3096139025,8959,12,-32,-61,-202,-233,-4444
3096140025,8957,14,-35,-57,-279,-184,-4465
3096141025,8954,8,-27,-60,-512,44,-4328
3096142025,8951,6,-1,-43,-651,302,-4380
3096143025,8949,-4,19,-35,-348,340,-4372
3096144025,8946,-2,36,-23,-94,339,-4275
3096145025,8944,-1,35,-17,8,322,-4248
3096146025,8942,1,33,-6,231,198,-4026
3096147025,8939,-1,30,6,191,102,-4006
3096148025,8937,5,29,14,327,38,-3840
3096149025,8934,5,28,19,437,-53,-3692
3096150025,8932,-2,14,15,545,-179,-3677
3096151025,8930,8,-3,9,515,-167,-3847
3096152025,8927,7,-4,5,518,-108,-3835
3096153025,8925,11,-9,2,333,11,-3891
3096154025,8922,8,-6,-3,280,8,-3967
3096155025,8920,6,-3,-2,82,-47,-4068
3096156025,8917,1,-21,-21,197,-96,-4167
3096157025,8915,9,-30,-35,60,-251,-4060
3096158025,8912,1,-31,-39,-14,-266,-4246
3096159025,8909,5,-21,-51,-257,-191,-4421
3096160025,8906,-7,-8,-46,-345,-66,-4356
3096161025,8903,-1,-12,-45,-440,252,-4189
3096162025,8901,-3,-3,-38,-528,326,-4302
3096163025,8898,-11,10,-32,-592,376,-4325
3096164025,8895,0,18,-15,-430,418,-4357
3096165025,8892,1,27,-1,-113,374,-4094
3096166026,8889,-8,42,21,131,275,-4089
3096167025,8887,-8,45,25,333,246,-3961
3096168025,8884,-1,40,35,358,190,-3931
3096169025,8882,8,15,36,656,-42,-3726
3096170025,8879,0,12,31,516,-252,-3896
3096171025,8876,11,2,29,428,-160,-4006
3096172025,8874,9,4,25,458,-116,-3918
3096173025,8871,8,2,20,370,44,-3870
3096174025,8869,15,-7,9,296,15,-4080
3096175025,8866,7,-1,4,324,-75,-4074
3096176025,8863,10,-4,-3,90,-165,-4281
3096177025,8861,5,-13,-15,254,-159,-4264
3096178025,8858,6,-17,-21,70,-137,-4243
3096179025,8855,10,-21,-34,-78,-104,-4371
3096180025,8853,14,-19,-44,-160,-101,-4320
3096181025,8850,13,-12,-52,-126,-90,-4338
3096182025,8847,6,-14,-45,-433,176,-4406
3096183025,8845,7,-3,-38,-410,440,-4145
3096184025,8842,-1,15,-21,-657,683,-4050
3096185025,8839,17,26,-11,-410,467,-4158
3096186025,8837,0,29,8,-180,357,-4060
3096187025,8834,-3,35,23,-64,273,-4042
3096188025,8832,11,22,33,105,206,-4000
3096189025,8830,13,16,43,231,-35,-3799
3096190025,8827,5,21,47,244,-190,-3825
3096191025,8825,0,17,38,322,-347,-3915
3096192025,8822,-3,25,31,532,-348,-3956
3096193025,8820,-2,10,16,470,-148,-3862
3096194025,8817,7,7,6,236,-70,-3960
3096195025,8815,7,13,4,323,-133,-3950
3096196025,8812,-5,13,-16,225,-193,-4108
3096197025,8809,8,14,-24,195,-272,-4055
3096198025,8806,-4,-3,-44,223,-302,-4316
3096199025,8803,-2,-12,-47,-56,-175,-4417
3096200025,8801,7,-7,-51,-59,-173,-4336
3096201025,8798,0,-3,-52,-135,-39,-4226
3096202025,8795,-2,15,-53,-53,193,-4236
3096203025,8792,-8,22,-49,115,370,-4154
3096204025,8789,-2,18,-53,199,329,-4188
3096205025,8786,-11,17,-38,-29,293,-4229
3096206025,8783,7,8,-16,-227,497,-3994
3096207025,8780,-11,16,1,-278,479,-3733
3096208025,8777,7,10,26,-327,329,-4006
3096209025,8775,0,8,35,-162,121,-3985
3096210025,8772,-9,10,53,17,2,-3876
3096211025,8770,-8,3,62,34,-94,-4072
3096212025,8767,-7,2,68,122,-177,-4080
3096213025,8764,-4,13,60,88,-257,-4024
3096214025,8762,-14,8,39,210,-384,-3960
3096215025,8759,-5,4,16,145,-356,-4100
3096216025,8756,-16,-3,-6,103,-369,-4004
3096217025,8753,-16,9,-19,-248,-190,-4135
3096218025,8750,-15,17,-27,-215,-142,-4220
3096219025,8747,-15,33,-38,81,-4,-4130
3096220025,8744,-3,36,-46,242,177,-4310
3096221025,8741,-4,26,-46,419,172,-4419
3096222025,8738,0,37,-36,292,200,-4378
3096223025,8735,0,31,-30,255,199,-4251
3096224025,8732,-2,34,-24,298,206,-4030
3096225025,8729,3,3,-15,133,351,-3952
3096226025,8727,-3,-7,-1,-10,371,-3722
3096227025,8724,-7,-6,12,-113,456,-3756
3096228025,8722,2,-7,25,-195,408,-4007
3096229025,8719,0,-11,42,11,281,-3930
3096230025,8716,3,-16,41,7,112,-4068
3096231025,8714,-5,-14,42,-61,-64,-4302
3096232025,8711,-8,1,37,-47,-127,-4314
3096233025,8709,-14,8,29,87,-265,-4250
3096234025,8706,-11,14,27,28,-614,-4161
3096235025,8704,-39,22,5,140,-146,-3950
3096236025,8701,-43,32,-7,123,334,-3838
3096237025,8698,15,0,-28,233,329,-4182
3096238025,8696,23,-31,-61,102,-300,-4213
3096239025,8693,16,-23,-71,-347,-215,-4101
3096240025,8690,-3,25,-63,-567,323,-4181
3096241025,8687,6,31,-59,-361,607,-4271
3096242025,8685,20,43,-55,-17,671,-4503
3096243025,8682,24,31,-45,80,417,-4348
3096244025,8680,12,41,-32,-106,174,-4129
3096245025,8677,7,49,-18,-29,147,-4018
3096246025,8675,7,31,-9,293,34,-3857
3096247025,8673,-3,2,2,387,-43,-3826
3096248025,8670,-5,-9,16,26,83,-3984
3096249025,8668,-2,-5,24,22,149,-3730
3096250025,8666,-3,7,22,12,65,-3706
3096251025,8664,-6,10,16,22,59,-4026
3096252025,8661,5,1,8,180,-33,-4103
3096253025,8659,0,7,5,210,-134,-4067
3096254025,8656,6,8,-6,75,-145,-4239
3096255025,8654,16,13,-9,200,-222,-4333
3096256025,8651,4,18,-26,315,-329,-4159
3096257025,8649,11,-9,-45,144,-292,-4051
3096258025,8646,11,-22,-62,1,-364,-3901
3096259025,8644,-5,-12,-60,-113,-320,-4047
3096260025,8641,0,-13,-69,-379,-59,-4320
3096261025,8638,-3,-7,-67,-203,366,-4152
3096262025,8635,2,-3,-62,-331,702,-4251
3096263025,8633,15,5,-60,-381,698,-4379
3096264025,8630,20,26,-40,-345,625,-4370
3096265025,8627,28,45,-20,-225,534,-4166
3096266025,8625,25,46,-10,62,279,-3932
3096267025,8622,20,51,5,222,-17,-3954
3096268025,8620,16,42,15,257,-166,-3951
3096269025,8617,5,28,20,397,-265,-3753
3096270025,8615,-3,25,26,405,-176,-3666
3096271025,8612,-5,14,21,303,58,-3839
3096272025,8610,10,8,11,492,5,-3843
3096273025,8607,9,0,4,508,-47,-3763
3096274025,8605,9,-17,-14,99,-52,-4148
3096275025,8602,30,-38,-30,136,-230,-4069
3096276025,8599,19,-42,-39,17,-526,-4046
3096277025,8597,0,-33,-55,-88,-444,-4235
3096278025,8594,1,-28,-57,-441,-213,-4593
3096279025,8591,7,-8,-54,-342,19,-4386
3096280025,8588,-4,17,-50,-467,377,-4520
3096281025,8585,19,25,-47,-328,542,-4492
3096282025,8583,21,38,-31,-136,583,-4267
3096283025,8580,16,45,-19,-7,479,-4164
3096284025,8578,19,46,-9,91,303,-4138
3096285025,8575,28,33,6,246,92,-3812
3096286025,8573,24,31,16,328,-9,-3617
3096287025,8570,12,11,22,232,-122,-3638
3096288025,8568,10,9,20,190,-194,-3851
3096289025,8566,3,7,24,451,-58,-3703
3096290025,8563,14,-8,13,429,101,-3997
3096291025,8561,17,-12,10,469,-19,-4120
3096292025,8558,23,-30,-7,520,-172,-4051
3096293025,8556,22,-21,-13,50,-107,-4301
3096294025,8553,25,-10,-18,-21,-58,-4159
3096295025,8551,11,-9,-35,-30,-126,-4231
3096296025,8548,23,-17,-39,-80,-222,-4195
3096297025,8545,14,-15,-58,36,-391,-4112
3096298025,8543,3,-17,-66,-238,-157,-4220
3096299025,8540,6,-15,-72,-128,87,-4168
3096300025,8537,3,-4,-73,-55,180,-4044
3096301025,8535,1,4,-76,-88,396,-4161
3096302025,8532,14,-1,-63,-424,613,-4240
3096303025,8529,14,4,-42,-264,657,-4006
3096304025,8527,13,20,-12,-557,764,-4100
3096305025,8524,17,28,-1,-476,627,-4168
3096306025,8522,19,32,24,167,253,-3886
3096307025,8520,13,16,39,436,-108,-3915
3096308025,8518,20,-6,37,615,-336,-3998
3096309025,8515,7,-9,42,571,-396,-3999
3096310025,8513,10,-14,39,320,-176,-3829
3096311025,8511,9,-9,27,263,-36,-3840
3096312025,8508,19,-3,8,203,102,-4044
3096313025,8506,34,-9,-2,326,-31,-4039
3096314025,8503,21,-6,-8,234,-127,-4052
3096315025,8500,23,-2,-18,9,-183,-4271
3096316025,8498,29,2,-22,218,-346,-4191
3096317025,8495,11,8,-26,40,-373,-4201
3096318025,8492,9,-9,-33,-11,-292,-4278
3096319025,8490,23,-9,-34,-87,-92,-4134
3096320025,8487,8,-15,-40,-262,-130,-4283
3096321025,8484,23,-24,-34,-491,187,-4248
3096322025,8481,10,-8,-22,-588,370,-4076
3096323025,8478,9,1,-15,-663,450,-4091
3096324025,8476,14,15,-8,-384,361,-4159
3096325025,8473,5,37,10,-106,349,-4117
3096326025,8470,12,39,15,246,200,-4105
3096327025,8467,8,36,22,371,11,-3951
3096328025,8464,9,36,16,389,-103,-3893
3096329025,8462,3,26,22,374,-202,-3876
3096330025,8459,7,15,25,376,-152,-3874
3096331025,8456,8,14,24,300,33,-3846
3096332025,8454,8,9,22,190,105,-3896
3096333025,8451,12,2,5,262,89,-3903
3096334025,8448,19,-13,-1,128,-71,-3886
3096335025,8445,17,-20,-7,-69,-275,-4174
3096336025,8442,6,-9,-17,-200,-142,-4430
3096337025,8440,11,-2,-21,-237,-22,-4473
3096338025,8437,17,-2,-24,-23,189,-4435
3096339025,8434,12,-1,-35,123,104,-4337
3096340025,8431,11,-7,-27,-152,113,-4502
3096341025,8428,10,-6,-16,-225,233,-4329
3096342025,8426,5,6,-3,-353,147,-4072
3096343025,8423,-7,12,21,-534,249,-4062
3096344025,8421,-2,18,42,-256,59,-3952
3096345025,8419,-15,11,52,56,-26,-3850
3096346025,8416,-12,12,51,30,-34,-4084
3096347025,8414,0,-7,54,228,-40,-4182
3096348025,8411,2,-18,44,262,-173,-4054
3096349025,8409,7,-12,41,145,-221,-4078
3096350025,8406,3,-9,26,31,-308,-3997
3096351025,8404,-3,0,8,35,-360,-4118
3096352025,8401,2,9,-10,81,-386,-4231
3096353025,8399,2,1,-34,94,-352,-4373
3096354025,8396,12,-1,-47,25,-154,-4082
3096355025,8393,9,0,-53,34,-115,-4001
3096356025,8391,-11,12,-68,-104,26,-4256
3096357025,8388,-3,26,-70,67,146,-4236
3096358025,8385,-3,15,-69,317,307,-4031
3096359025,8383,-2,15,-71,164,343,-4157
3096360025,8380,-7,17,-62,125,406,-4215
3096361025,8378,6,22,-48,202,422,-3983
3096362025,8375,-11,18,-35,283,455,-3780
3096363025,8373,12,-11,-8,-59,615,-3815
3096364025,8371,11,-13,4,1,601,-3730
3096365025,8368,3,-14,22,-164,392,-3770
3096366025,8366,12,-24,38,-181,142,-4038
3096367025,8364,9,-22,48,-4,-28,-3907
3096368025,8362,-7,-17,50,-46,-256,-4186
3096369025,8360,1,-18,42,-79,-303,-4331
3096370025,8358,-5,1,46,-35,-425,-4438
3096371025,8355,-13,11,30,146,-374,-4249
3096372025,8353,-15,16,11,61,-327,-4341
3096373025,8351,-7,11,-3,40,-315,-4281
3096374025,8348,2,5,-22,80,-439,-3991
3096375025,8345,-4,2,-43,-190,-423,-4080
3096376025,8343,-1,8,-61,-126,-293,-4174
3096377025,8340,-5,3,-70,-63,-46,-4187
3096378025,8337,3,11,-75,-89,116,-4210
3096379025,8334,6,-2,-69,-65,450,-4188
3096380025,8331,6,0,-55,-281,592,-4201
3096381025,8329,13,18,-39,-172,686,-4185
3096382025,8326,9,24,-24,-31,594,-4104
3096383025,8323,11,17,-7,132,388,-4099
3096384025,8321,11,10,6,193,160,-4027
3096385025,8319,-2,0,24,300,1,-3790
3096386025,8316,-9,9,36,212,-67,-3903
3096387025,8314,-9,7,39,204,-4,-3889
3096388025,8311,-14,12,34,437,114,-3794
3096389025,8309,-9,8,25,391,120,-3912
3096390026,8306,7,-7,13,287,-1,-3910
3096391027,8304,1,-1,9,74,-111,-3816
3096392025,8302,3,0,8,-2,-103,-3884
3096393025,8299,0,18,9,-41,-58,-4184
3096394025,8296,12,-3,-15,271,-228,-4253
3096395025,8294,10,-25,-22,72,-419,-4004
3096396025,8291,6,-34,-32,-33,-455,-4155
3096397025,8289,-4,-22,-39,-307,-222,-4347
3096398025,8286,-1,-13,-42,-320,77,-4471
3096399025,8283,9,-7,-45,-215,441,-4312
3096400025,8281,15,-13,-42,-401,579,-4216
3096401025,8278,12,-5,-34,-502,630,-4288
3096402025,8276,22,12,-20,-501,503,-4407
3096403025,8273,19,33,2,-104,308,-4233
3096404025,8271,18,30,13,58,124,-4304
3096405025,8268,11,29,17,179,117,-4189
3096406025,8266,11,21,24,312,-94,-3916
3096407025,8264,3,20,32,351,-258,-3903
3096408025,8261,1,7,27,474,-278,-3798
3096409025,8259,-10,8,19,492,-121,-3683
3096410025,8257,-13,4,12,342,36,-3694
3096411025,8254,-1,0,4,330,116,-3745
3096412025,8252,4,-6,-6,289,50,-3766
3096413025,8249,7,-5,-14,170,51,-4042
3096414025,8247,13,-6,-20,230,52,-4099
3096415025,8244,21,-13,-29,97,-135,-4151
3096416025,8242,12,-20,-30,6,-209,-4084
3096417025,8240,14,-26,-34,-125,-194,-4205
3096418025,8237,9,-25,-41,-290,-100,-4307
3096419025,8235,8,-28,-41,-369,-4,-4373
3096420025,8232,11,-30,-46,-472,182,-4287
3096421025,8229,11,-2,-42,-475,412,-4148
3096422025,8227,12,19,-39,-368,511,-4360
3096423025,8224,3,34,-27,-46,517,-4365
3096424025,8222,20,33,-29,95,479,-4227
3096425025,8219,18,32,-16,200,318,-3987
3096426025,8217,16,37,5,166,168,-4005
3096427025,8215,15,29,13,326,-45,-3844
3096428025,8212,12,26,16,422,-149,-3757
3096429025,8210,-1,14,22,588,-181,-3727
3096430025,8208,3,-10,23,484,-117,-3893
3096431025,8206,6,-20,20,424,-58,-3870
3096432025,8204,8,-25,9,303,-37,-3834
3096433025,8202,6,-23,5,196,-34,-3942
3096434025,8200,13,-22,-3,143,10,-4217
3096435025,8197,13,-19,-13,180,-43,-4236
3096436025,8195,17,-13,-16,104,-134,-4343
3096437025,8192,18,-4,-19,44,-155,-4365
3096438025,8190,13,1,-15,89,-150,-4335
3096439025,8188,16,1,-10,-192,13,-4334
3096440025,8185,17,-16,-16,0,-2,-4309
3096441025,8183,21,-22,-8,-351,-92,-4060
3096442025,8180,20,-24,-7,-386,-132,-4191
3096443025,8178,7,-27,-1,-569,43,-4074
3096444025,8176,16,-21,3,-575,162,-4237
3096445025,8173,11,-9,7,-328,289,-4078
3096446025,8171,14,-4,8,-281,245,-4087
3096447025,8168,5,15,9,-72,204,-4219
3096448025,8165,10,27,14,143,226,-4144
3096449025,8163,5,37,15,539,83,-3953
3096450025,8160,6,32,15,555,-73,-3996
3096451025,8158,8,22,13,535,-139,-4006
3096452025,8155,0,11,11,643,-264,-3745
3096453025,8152,-4,3,16,412,-124,-3744
3096454025,8150,-1,3,18,414,-15,-3854
3096455025,8147,-3,-3,15,439,88,-3884
3096456025,8145,-2,-6,19,341,154,-3944
3096457025,8142,5,-30,0,353,135,-3992
3096458025,8139,-1,-33,-14,147,-17,-4041
3096459025,8136,-1,-33,-18,-121,-82,-4407
3096460025,8133,7,-31,-20,-152,-87,-4426
3096461025,8130,10,-28,-25,-148,-113,-4336
3096462025,8127,0,-12,-27,-180,-47,-4332
3096463025,8125,-3,-3,-28,-191,75,-4474
3096464025,8122,-2,-14,-12,-400,226,-4332
3096465025,8119,7,-16,0,-454,380,-4221
3096466025,8116,-13,-3,22,-577,396,-3954
3096467025,8113,-11,19,51,-545,460,-4258
3096468025,8111,-4,24,66,226,261,-3950
3096469025,8108,-11,20,77,439,155,-3797
3096470025,8106,-1,-4,75,543,-79,-3865
3096471025,8103,0,-16,70,491,-382,-3822
3096472027,8100,-5,-9,66,321,-483,-4005
3096473025,8098,-7,-3,58,523,-554,-3868
3096474025,8095,-12,0,47,552,-444,-3784
3096475025,8093,-13,-9,31,391,-230,-3908
3096476025,8090,-7,-12,13,213,-27,-3997
3096477025,8087,-6,-13,-8,198,-122,-4147
3096478025,8084,2,-18,-20,196,-110,-4162
3096479025,8082,1,-24,-30,165,-157,-4374
3096480025,8079,6,-24,-37,17,94,-4415
3096481025,8076,13,-12,-39,-78,198,-4342
3096482025,8073,8,-4,-42,-36,299,-4163
3096483025,8070,-1,6,-42,77,295,-4166
3096484025,8068,-7,8,-39,201,407,-4260
3096485025,8065,-1,-7,-13,-103,526,-4337
3096486025,8063,1,-15,5,-156,526,-3934
3096487025,8060,-17,-1,27,-419,619,-3828
3096488025,8058,-12,10,46,-230,553,-3900
3096489025,8056,-11,6,61,160,354,-3826
3096490025,8053,2,-9,67,335,50,-3975
3096491025,8051,3,-27,56,251,-140,-3934
3096492025,8049,-2,-23,63,61,-154,-3995
3096493025,8047,4,-5,51,78,-280,-3990
3096494025,8044,-5,8,33,344,-413,-3920
3096495025,8042,-11,-2,6,177,-328,-4134
3096496025,8039,6,-11,-11,120,-186,-4002
3096497025,8036,-1,-17,-27,24,-294,-4035
3096498025,8033,-8,2,-36,-171,-353,-4378
3096499025,8031,-3,9,-54,99,-193,-4415
3096500025,8028,-2,0,-64,254,129,-4229
3096501025,8025,-5,-1,-65,196,270,-4226
3096502025,8022,12,-6,-72,175,307,-4374
3096503025,8019,2,7,-63,53,294,-4393
3096504025,8016,15,6,-51,153,551,-4205
3096505025,8014,13,-5,-35,32,652,-3996
3096506025,8011,13,0,-23,-115,671,-3961
3096507025,8008,19,-9,4,-111,458,-3839
3096508025,8006,8,-4,22,-40,224,-3957
3096509025,8003,11,-5,35,168,92,-4058
3096510025,8001,9,-18,40,248,55,-3924
3096511025,7998,4,-20,43,283,-153,-3880
3096512025,7996,-3,-13,38,133,-223,-4067
3096513025,7993,-6,1,25,269,-268,-4010
3096514025,7990,-7,8,12,364,-294,-3947
3096515025,7988,-11,15,12,281,-201,-4057
3096516025,7985,2,-9,-18,304,-188,-3970
3096517025,7982,12,-17,-37,58,-274,-3826
3096518025,7979,-2,-19,-48,-18,-419,-4122
3096519025,7976,-5,-10,-61,-37,-170,-4366
3096520025,7973,-4,-2,-59,-2,-20,-4362
3096521025,7971,13,-4,-66,102,234,-4239
3096522025,7968,6,3,-69,-12,402,-4414
3096523025,7965,14,6,-61,-95,600,-4440
3096524025,7962,20,13,-51,45,598,-4291
3096525025,7959,11,15,-32,112,656,-4122
3096526025,7957,29,10,-11,30,484,-4261
3096527025,7954,30,7,6,194,316,-4032
3096528025,7952,23,-6,26,282,30,-3990
3096529025,7950,23,-4,31,388,-64,-3935
3096530025,7947,7,-14,39,374,-228,-3978
3096531025,7945,11,-16,40,232,-190,-3938
3096532025,7943,10,-14,33,356,-226,-3801
3096533025,7940,-5,-10,27,290,-285,-3845
3096534025,7938,4,-11,15,145,-134,-4100
3096535025,7935,4,4,3,386,-169,-3951
3096536025,7932,-4,1,-14,190,-224,-3983
3096537025,7929,11,-14,-29,116,-178,-3986
3096538025,7926,12,-14,-29,147,-265,-3864
3096539025,7923,-1,-15,-43,-118,-208,-4071
3096540025,7921,7,-16,-41,-190,71,-4216
3096541025,7918,4,-16,-35,-121,140,-4172
3096542025,7915,5,-12,-36,-194,259,-4179
3096543025,7911,15,6,-21,-226,441,-4370
3096544025,7908,22,16,-10,-132,483,-4394
3096545025,7905,31,18,4,135,365,-4272
3096546025,7902,24,22,14,251,244,-4191
3096547025,7899,18,25,20,306,176,-4209
3096548025,7896,21,25,22,471,-33,-4056
3096549025,7893,8,18,26,518,-110,-3827
3096550025,7890,10,11,25,519,-203,-3909
3096551025,7887,2,2,18,576,-133,-3778
3096552025,7884,5,2,16,438,-109,-3819
3096553025,7881,10,-23,-2,476,-159,-3808
3096554025,7878,6,-39,-10,285,-104,-3738
3096555025,7874,7,-38,-29,32,-32,-4020
3096556025,7871,3,-44,-29,2,21,-4076
3096557025,7868,9,-34,-35,-138,150,-4230
3096558025,7865,21,-29,-39,-174,308,-4229
3096559025,7861,18,-12,-23,-442,484,-4448
3096560025,7858,26,8,-15,-224,403,-4342
3096561025,7855,30,14,3,-91,367,-4177
3096562025,7852,18,23,22,26,212,-4298
3096563025,7849,29,21,34,131,118,-4196
3096564025,7846,13,19,49,318,-170,-3990
3096565025,7843,12,15,51,287,-207,-3911
3096566025,7841,6,6,51,497,-268,-3891
3096567025,7838,3,-3,48,571,-168,-3922
3096568025,7835,13,-19,37,647,-198,-3862
3096569025,7832,4,-17,28,573,-185,-3816
3096570025,7830,9,-28,17,352,-147,-3898
3096571025,7827,24,-23,6,343,-181,-4020
3096572025,7824,12,-22,-3,292,-203,-3984
3096573025,7821,19,-31,-17,175,-213,-4035
3096574025,7818,26,-36,-30,249,-239,-4123
3096575025,7815,13,-35,-41,-53,-78,-4341
3096576025,7812,20,-38,-36,-177,124,-4356
3096577025,7809,18,-37,-30,-197,260,-4136
3096578025,7806,16,-24,-14,-464,571,-4352
3096579025,7803,24,-11,-8,-415,624,-4466
3096580025,7799,23,-8,8,-4,558,-4150
3096581025,7797,18,2,19,214,377,-4042
3096582025,7794,22,-6,33,241,253,-4146
3096583025,7791,16,-2,37,493,-27,-3935
3096584025,7788,8,3,37,539,-53,-3875
3096585025,7785,11,-8,37,627,-190,-3859
3096586025,7782,0,-14,28,578,-171,-3761
3096587025,7779,12,-26,31,350,-106,-3793
3096588025,7775,8,-24,20,410,-145,-3749
3096589025,7772,-2,-24,5,183,-96,-3828
3096590025,7769,4,-31,-7,246,-109,-3996
3096591025,7766,5,-33,-11,238,-140,-4198
3096592025,7762,16,-41,-30,158,-145,-4356
3096593025,7759,11,-36,-23,13,-24,-4306
3096594025,7755,8,-32,-15,-334,173,-4360
3096595025,7752,16,-24,-4,-357,213,-4399
3096596025,7748,5,-8,14,-400,372,-4367
3096597025,7745,5,5,26,-160,322,-4402
3096598025,7742,7,-5,37,15,295,-4228
3096599025,7738,20,-12,45,211,85,-4173
3096600025,7735,1,-16,48,288,-188,-4029
3096601025,7732,17,-20,54,202,-213,-4269
3096602025,7728,18,-14,48,400,-288,-4087
3096603025,7725,9,-30,31,472,-303,-3816
3096604025,7721,12,-44,16,230,-291,-3999
3096605025,7718,1,-26,0,-30,-249,-4040
3096606025,7714,11,-26,-13,-186,-210,-4130
3096607025,7710,-3,-8,-21,31,-105,-4050
3096608025,7707,-12,9,-23,170,75,-4105
3096609025,7703,-7,3,-26,361,196,-4162
3096610025,7699,-9,8,-19,486,240,-4058
3096611025,7696,-17,10,-19,361,259,-4083
3096612025,7692,-8,7,-14,217,376,-4070
3096613025,7689,-5,-4,12,66,194,-3955
3096614025,7686,-12,-16,38,-26,156,-3857
3096615025,7683,-8,-13,57,-99,692,-4137
3096616025,7680,2,-14,65,-11,667,-4152
3096617025,7677,31,-34,70,272,438,-4172
3096618025,7674,38,-45,70,256,-127,-4170
3096619025,7671,13,-34,67,96,-319,-4058
3096620025,7667,8,-19,64,-51,-265,-4203
3096621025,7664,15,-9,40,112,-408,-4227
3096622025,7661,14,-16,24,163,-472,-4109
3096623025,7658,-6,-18,-2,33,-578,-4311
3096624025,7655,-11,-1,-7,-171,-189,-4322
3096625025,7651,-5,9,-19,-43,-93,-4285
3096626025,7648,-18,16,-27,425,34,-4068
3096627025,7644,-5,3,-29,231,360,-4234
3096628025,7641,1,-5,-22,147,442,-4095
3096629025,7637,-9,-1,-14,10,372,-4010
3096630025,7634,9,-8,2,-146,388,-3983
3096631025,7631,10,4,13,96,215,-3792
3096632025,7627,2,0,36,203,208,-4026
3096633025,7624,9,-13,44,333,307,-4185
3096634025,7621,24,-14,35,422,174,-4163
3096635025,7618,19,-35,31,342,-81,-4032
3096636025,7614,13,-32,14,123,-270,-3960
3096637025,7611,-5,-14,10,-16,-100,-3986
3096638025,7607,2,-7,2,-110,9,-4092
3096639025,7603,1,2,-7,158,67,-4091
3096640025,7600,5,11,-12,164,200,-4090
3096641025,7596,2,17,-9,282,158,-4132
3096642025,7592,9,16,0,224,241,-4158
3096643025,7589,13,6,0,190,282,-4121
3096644025,7585,12,-5,13,170,130,-3930
3096645025,7582,10,-15,34,157,-57,-3978
3096646025,7578,10,-19,40,54,-95,-4095
3096647025,7575,8,-22,55,286,-78,-3998
3096648025,7572,-3,-18,57,183,-80,-3990
3096649025,7568,5,-38,52,91,-60,-4033
3096650025,7564,5,-35,42,175,-211,-3821
3096651025,7561,-6,-33,22,-113,-109,-4335
3096652025,7557,9,-29,20,-90,-109,-4342
3096653025,7553,6,-21,3,79,-110,-4108
3096654025,7550,10,-8,-11,-5,-62,-4282
3096655025,7546,5,15,-15,92,70,-4249
3096656025,7542,6,19,-14,189,212,-4221
3096657025,7538,10,20,-14,338,298,-4099
3096658025,7534,6,25,3,273,397,-4073
3096659025,7531,15,11,13,219,293,-4091
3096660025,7527,9,4,28,387,107,-3844
3096661025,7523,6,-3,32,336,32,-3816
3096662025,7520,12,-27,40,298,23,-3907
3096663025,7516,-1,-30,47,207,51,-3995
3096664025,7513,5,-31,56,225,152,-3953
3096665025,7509,7,-26,49,270,118,-3909
3096666025,7506,1,-23,45,115,22,-4006
3096667025,7502,9,-39,26,321,-290,-4014
3096668025,7498,1,-34,19,128,-296,-3892
3096669025,7495,-8,-29,5,-25,-142,-4344
3096670025,7491,4,-22,7,7,10,-4238
3096671025,7487,15,-29,0,88,128,-4263
3096672025,7483,11,-17,-3,59,329,-4190
3096673025,7480,29,-11,3,-72,282,-4423
3096674025,7476,25,-7,8,97,125,-4184
3096675025,7472,19,-8,13,143,105,-4024
3096676025,7469,10,-2,22,21,134,-4130
3096677025,7465,16,-5,27,332,0,-4091
3096678025,7462,8,-22,29,347,-128,-3983
3096679025,7458,5,-30,28,377,-78,-3849
3096680025,7455,-3,-29,16,347,-29,-3843
3096681025,7451,9,-35,5,218,35,-3962
3096682025,7447,10,-36,0,259,82,-3864
3096683025,7444,9,-29,-13,216,137,-4030
3096684025,7440,8,-24,-13,189,196,-4033
3096685025,7436,16,-18,-12,120,209,-4152
3096686025,7432,17,-19,-10,100,201,-4115
3096687025,7429,13,-15,5,87,136,-4068
3096688025,7425,8,-25,16,-16,76,-4130
3096689025,7421,6,-22,23,54,31,-4208
3096690025,7418,2,-27,40,2,59,-4255
3096691025,7414,8,-35,53,126,5,-4113
3096692025,7411,6,-48,48,44,18,-4072
3096693025,7407,8,-47,54,-16,50,-4081
3096694025,7403,19,-50,38,150,-98,-4053
3096695025,7399,15,-52,18,82,-151,-4282
3096696025,7395,25,-44,9,227,-184,-4117
3096697025,7391,7,-37,-10,159,-242,-4078
3096698025,7387,13,-33,-12,151,-133,-4080
3096699025,7383,12,-25,-16,264,-106,-4102
3096700025,7379,-4,-12,-15,337,-113,-4165
3096701025,7375,-6,-16,-2,303,82,-4243
3096702025,7371,-13,-17,-3,256,224,-4012
3096703026,7367,-14,-26,18,223,259,-3936
3096704025,7364,-7,-40,34,-3,181,-4019
3096705025,7360,-11,-36,55,109,53,-4006
3096706025,7356,-5,-36,67,33,164,-4064
3096707025,7352,1,-34,71,203,202,-4055
3096708025,7349,1,-41,65,268,81,-3888
3096709025,7345,22,-46,61,187,126,-4057
3096710025,7341,19,-51,42,251,-156,-4102
3096711025,7337,27,-49,32,44,-298,-4287
3096712025,7333,24,-55,25,99,-365,-4264
3096713025,7329,8,-48,20,-35,-322,-4116
3096714025,7325,-3,-28,20,-42,-198,-4199
3096715025,7321,-12,-18,23,-78,-46,-4275
3096716025,7317,-14,-15,28,4,52,-4322
3096717025,7313,-24,-11,25,133,131,-4274
3096718025,7309,-8,-28,35,-54,311,-4333
3096719025,7305,0,-36,33,4,233,-4142
3096720025,7301,8,-33,43,-292,232,-4188
3096721025,7297,11,-26,39,-244,142,-4170
3096722025,7293,4,-10,37,-106,102,-4034
3096723025,7288,14,-12,28,79,141,-4055
3096724025,7284,0,-2,19,229,45,-4031
3096725025,7280,5,2,13,173,75,-4135
3096726025,7276,4,11,17,371,10,-4078
3096727025,7272,-7,17,13,250,188,-3895
3096728025,7267,-12,13,8,222,131,-3957
3096729025,7263,-8,3,20,130,220,-3896
3096730025,7259,-10,1,25,37,148,-4001
3096731025,7255,-3,-7,30,82,177,-4027
3096732025,7251,6,-8,46,70,269,-4042
3096733025,7248,7,-14,48,188,279,-3934
3096734025,7244,20,-26,41,132,209,-4218
3096735025,7240,39,-41,33,-6,-140,-4181
3096736025,7236,15,-29,29,-175,-283,-4154
3096737025,7232,8,-10,19,-303,-303,-4351
3096738025,7228,5,5,2,37,-116,-4151
3096739025,7224,9,8,-2,74,-82,-4152
3096740025,7220,-6,5,-11,188,-75,-4196
3096741025,7215,-11,20,-11,156,93,-4226
3096742025,7211,-10,21,-8,189,80,-3987
3096743025,7208,-10,21,0,318,338,-4013
3096744025,7204,-11,18,5,303,498,-3989
3096745025,7200,29,-5,9,380,497,-4035
3096746025,7196,38,-31,17,331,-114,-4096
3096747025,7193,31,-39,25,33,-201,-3775
3096748025,7189,19,-25,22,-134,-85,-3826
3096749025,7186,17,-8,25,-69,79,-3942
3096750025,7182,16,-11,14,132,-92,-4170
3096751025,7178,12,-8,13,327,-54,-4154
3096752025,7174,5,-17,1,222,44,-4270
3096753025,7171,3,-6,-6,235,128,-4252
3096754025,7167,6,-10,-5,254,244,-4151
3096755025,7163,15,-13,-5,185,126,-4202
3096756025,7159,20,-18,3,41,140,-4068
3096757025,7155,17,-9,5,-40,107,-4014
3096758025,7152,21,-16,13,-66,-2,-3986
3096759025,7148,25,-21,18,31,-97,-4124
3096760025,7144,16,-37,15,82,-108,-3974
3096761025,7140,16,-42,11,-68,-175,-4219
3096762025,7136,9,-33,9,9,-166,-4156
3096763025,7132,11,-33,-1,-146,40,-4135
3096764025,7128,6,-14,-16,43,24,-4114
3096765025,7123,0,-3,-23,13,-17,-4030
3096766025,7119,3,0,-26,127,95,-4063
3096767025,7115,3,9,-21,98,146,-4022
3096768025,7110,-2,21,-10,348,378,-4096
3096769025,7106,15,14,-2,402,616,-4011
3096770025,7102,29,-16,5,565,350,-4041
3096771025,7098,41,-36,10,492,164,-3921
3096772025,7094,29,-45,17,157,-138,-3986
3096773025,7090,20,-30,40,65,-96,-3937
3096774025,7086,16,-24,39,98,1,-4078
3096775025,7081,14,-28,29,396,-52,-3940
3096776025,7077,5,-35,26,347,-140,-3968
3096777025,7073,12,-47,20,265,-197,-4036
3096778025,7069,0,-45,4,46,-43,-4234
3096779025,7064,11,-50,4,-53,45,-4265
3096780025,7060,15,-46,-4,-6,76,-4141
3096781025,7056,6,-38,3,-139,42,-4039
3096782025,7052,16,-32,12,-300,131,-4120
3096783025,7047,7,-25,26,-68,77,-4164
3096784025,7043,11,-30,30,-64,-14,-4163
3096785025,7039,10,-30,29,67,-112,-4248
3096786025,7035,12,-29,30,130,-113,-4034
3096787025,7031,7,-31,26,63,-146,-4131
3096788025,7027,8,-22,18,262,-93,-3898
3096789025,7023,-8,-16,12,363,-62,-3935
3096790025,7018,6,-22,5,283,169,-3952
3096791025,7014,15,-24,-9,416,92,-3978
3096792025,7010,5,-20,-12,288,73,-3980
3096793025,7006,-6,-12,-1,185,178,-4049
3096794025,7001,1,-19,7,97,236,-4065
3096795025,6997,8,-37,19,168,98,-4028
3096796025,6993,-1,-42,34,-121,43,-4130
3096797025,6989,2,-56,50,-121,-9,-4278
3096798025,6985,2,-48,46,-95,53,-4139
3096799025,6981,4,-64,56,-270,21,-4236
3096800025,6977,5,-67,55,-191,-94,-4277
3096801025,6973,4,-56,45,-272,-173,-4279
3096802025,6969,3,-37,33,-134,-136,-4189
3096803025,6965,-6,-34,29,-75,-190,-4161
3096804025,6961,-6,-29,18,95,-341,-4151
3096805025,6956,-26,-18,7,74,-199,-4127
3096806025,6952,-26,-9,18,160,161,-4197
3096807025,6948,-14,-11,19,109,327,-4263
3096808025,6944,-16,-12,29,280,271,-4244
3096809025,6939,-4,-31,34,69,102,-4002
3096810025,6935,-16,-20,52,-108,-22,-3923
3096811025,6931,-22,-11,60,-304,251,-4044
3096812025,6927,-15,-6,68,-171,224,-4130
3096813025,6923,-3,-2,65,256,81,-4017
3096814025,6919,2,-16,56,228,46,-4160
3096815025,6915,0,-18,40,287,222,-4038
3096816025,6911,18,-27,28,175,-37,-4220
3096817025,6906,20,-33,26,183,-147,-4075
3096818025,6902,-6,-24,20,-121,-82,-3958
3096819025,6898,0,-21,23,-249,40,-4023
3096820025,6894,3,-12,30,-160,10,-4150
3096821025,6889,-3,-14,34,-154,26,-4158
3096822025,6885,-4,-26,38,-151,204,-4276
3096823025,6881,3,-41,36,-52,178,-4178
3096824027,6876,7,-39,35,-179,97,-4182
3096825025,6872,9,-28,28,-112,139,-4276
3096826025,6868,1,-19,24,-115,130,-4255
3096827025,6863,12,-4,18,59,97,-4275
3096828025,6859,-4,16,13,164,129,-4078
3096829025,6855,-1,15,4,269,179,-4008
3096830025,6850,-1,20,8,310,178,-3877
3096831025,6846,4,10,5,271,122,-3895
3096832025,6841,4,8,14,193,49,-3811
3096833025,6837,9,-10,21,116,68,-3864
3096834025,6833,1,-14,35,14,105,-3783
3096835025,6829,7,-14,35,-41,157,-3856
3096836025,6825,12,-18,46,53,47,-3977
3096837025,6821,6,-26,51,-66,69,-4012
3096838025,6816,7,-38,36,11,-89,-4080
3096839025,6812,5,-37,37,-246,-148,-4283
3096840025,6808,12,-40,28,-259,-150,-4382
3096841025,6804,9,-27,18,-226,-38,-4193
3096842025,6799,11,-8,17,-235,120,-4262
3096843025,6795,-1,3,12,-105,91,-4314
3096844025,6791,6,4,15,-163,112,-4324
3096845025,6787,5,6,17,76,65,-4232
3096846025,6783,7,8,21,0,97,-4208
3096847025,6778,3,6,26,111,3,-4277
3096848025,6774,11,-5,25,139,-50,-4043
3096849025,6770,4,-1,36,249,-60,-3902
3096850025,6766,1,-4,32,-40,94,-3875
3096851025,6762,7,-3,33,120,8,-3996
3096852025,6758,11,-7,27,118,82,-3804
3096853025,6754,4,0,21,224,-4,-3864
3096854025,6750,5,-5,17,129,85,-3916
3096855025,6746,6,-8,15,221,79,-4011
3096856025,6742,4,-16,16,75,229,-3898
3096857025,6738,5,-22,20,147,12,-4008
3096858025,6734,3,-27,28,-17,45,-3993
3096859025,6730,12,-40,31,-189,-1,-4071
3096860025,6726,5,-35,43,-223,-21,-3994
3096861025,6722,9,-35,45,-199,12,-4276
3096862025,6718,10,-33,49,-182,-35,-4237
3096863025,6714,6,-38,44,-183,11,-4229
3096864025,6710,8,-32,31,-54,-75,-4188
3096865025,6706,2,-23,20,-58,-7,-4198
3096866025,6702,-4,3,13,140,51,-4273
3096867025,6697,6,-1,12,205,97,-4137
3096868025,6693,-1,3,-2,385,118,-4017
3096869025,6689,-3,0,4,292,140,-3966
3096870025,6685,6,-3,10,211,122,-3898
3096871025,6680,11,-17,18,226,139,-3751
3096872025,6676,4,-18,21,208,54,-3778
3096873025,6672,3,-33,36,6,87,-3925
3096874025,6668,3,-45,39,-40,76,-3984
3096875025,6664,5,-53,45,-36,128,-3865
3096876025,6660,1,-55,45,-190,45,-4051
3096877025,6656,4,-50,40,-77,-47,-4315
3096878025,6651,12,-58,29,-54,-2,-4218
3096879025,6647,6,-43,17,96,60,-4247
3096880025,6643,11,-40,10,39,87,-4374
3096881025,6639,16,-37,4,96,20,-4445
3096882026,6634,16,-35,6,-59,57,-4161
3096883025,6630,8,-35,15,-14,85,-4056
3096884025,6626,8,-29,27,-187,92,-4136
3096885025,6622,6,-26,32,-74,4,-4218
3096886025,6618,8,-44,47,-110,41,-3998
3096887025,6615,-4,-44,54,-50,-71,-4071
3096888025,6611,-9,-51,60,-109,46,-3971
3096889025,6607,6,-47,59,-56,-82,-4102
3096890025,6603,-2,-42,54,62,-112,-3956
3096891025,6599,-3,-38,46,22,43,-3979
3096892025,6595,-2,-27,28,111,-62,-4198
3096893025,6591,12,-19,29,64,-33,-4025
3096894025,6587,3,-19,30,70,7,-4020
3096895025,6583,1,-12,35,-89,44,-4085
3096896025,6579,3,-7,34,7,25,-4263
3096897025,6575,7,-25,39,-192,67,-4220
3096898025,6571,1,-28,51,-261,42,-4111
3096899025,6567,-4,-29,57,-381,32,-4108
3096900025,6563,-2,-33,69,-691,45,-4405
3096901025,6559,2,-25,72,-483,94,-4153
3096902025,6555,-3,-22,73,-357,83,-4230
3096903025,6551,1,-16,65,-132,4,-4336
3096904025,6547,-3,-9,64,34,-13,-4261
3096905025,6543,1,-8,59,-122,38,-4263
3096906025,6539,-5,12,53,182,-169,-4051
3096907025,6535,-6,8,49,216,-78,-4166
3096908025,6530,-2,2,44,105,-134,-4186
3096909025,6526,-2,-3,40,201,-84,-4036
3096910025,6522,-2,0,46,52,-124,-3984
3096911025,6517,-15,-3,50,-22,117,-3931
3096912025,6513,2,-5,48,20,229,-3807
3096913025,6509,4,-16,48,-14,159,-3827
3096914025,6504,-3,-16,51,-252,87,-4028
3096915025,6500,-8,-20,55,-134,253,-3979
3096916025,6496,6,-7,66,-140,212,-4133
3096917025,6492,3,-10,63,6,91,-4215
3096918025,6487,-9,-6,72,94,18,-4078
3096919025,6483,-10,2,69,52,50,-4184
3096920025,6479,-4,-2,70,211,-9,-4115
3096921025,6475,9,-9,56,68,-143,-4216
3096922025,6470,-3,-9,64,107,-167,-4069
3096923025,6466,-3,-16,60,-204,-20,-3887
3096924025,6462,3,-19,56,-233,11,-4062
3096925025,6458,1,-16,49,-301,68,-4083
3096926025,6454,-4,-25,46,-268,196,-4144
3096927025,6449,8,-25,42,-120,216,-3995
3096928025,6445,2,-26,43,-466,221,-4151
3096929025,6441,5,-15,53,-232,160,-4321
3096930025,6437,0,-5,60,-139,237,-4354
3096931025,6433,3,1,61,-71,250,-4376
3096932025,6429,1,14,61,221,85,-4145
3096933025,6425,-1,6,64,159,-48,-4121
3096934025,6422,-2,4,61,404,-232,-3940
3096935025,6418,-11,5,58,214,-96,-3896
3096936025,6414,-14,4,54,225,-16,-3979
3096937025,6410,-2,-7,48,217,120,-3811
3096938025,6406,3,-14,46,43,172,-3794
3096939025,6403,10,-23,38,-8,172,-3716
3096940025,6399,13,-29,39,-183,151,-3825
3096941025,6395,15,-43,35,-154,-36,-3981
3096942025,6391,4,-41,33,-210,-22,-4037
3096943025,6388,8,-47,31,-271,19,-4264
3096944025,6384,0,-40,34,-85,24,-4288
3096945025,6380,-1,-36,37,-192,16,-4323
3096946025,6376,6,-31,31,-130,90,-4420
3096947025,6373,1,-26,29,-105,5,-4310
3096948025,6369,4,-16,13,-99,118,-4340
3096949025,6365,11,-7,12,-65,91,-4203
3096950025,6361,13,-14,6,-85,107,-4139
3096951025,6358,15,-12,3,-129,172,-4075
3096952025,6354,8,-3,10,-219,220,-3901
3096953025,6350,5,-4,14,-157,169,-3857
3096954025,6346,4,-3,17,-169,124,-3918
3096955025,6343,8,-9,27,-124,189,-4043
3096956025,6339,3,-9,43,-53,94,-3975
3096957025,6335,5,-15,53,-51,151,-3949
3096958025,6332,5,-14,55,68,17,-4020
3096959025,6328,-1,-9,61,123,-45,-4034
3096960025,6325,2,-13,57,150,-73,-4105
3096961025,6321,1,-15,49,199,-75,-3999
3096962025,6318,3,-3,43,20,-63,-4145
3096963025,6314,8,-6,33,54,-76,-4137
3096964025,6310,13,-8,26,79,-40,-3943
3096965025,6306,8,-9,17,18,-187,-3969
3096966025,6302,9,-9,6,-95,-153,-4084
3096967025,6299,13,-17,1,-241,-26,-4115
3096968025,6295,9,-18,2,-133,-43,-4025
3096969025,6291,1,-28,9,-396,210,-3946
3096970025,6287,-1,-16,17,-331,140,-4150
3096971025,6283,-5,-8,33,-143,238,-4179
3096972025,6279,2,-10,45,-48,184,-4256
3096973025,6276,-9,-5,50,223,184,-4175
3096974025,6272,-4,-19,53,137,165,-4106
3096975025,6268,0,-10,54,270,-11,-4065
3096976025,6264,-4,-5,57,244,-136,-4005
3096977025,6261,7,-5,56,207,-126,-4070
3096978025,6257,5,-2,50,363,-96,-3874
3096979025,6253,9,-11,45,79,-42,-3844
3096980025,6250,9,-11,36,112,-142,-3889
3096981025,6246,3,-6,32,60,-98,-3872
3096982025,6242,3,-23,34,-64,-109,-4030
3096983025,6238,5,-21,34,13,114,-4054
3096984025,6235,1,-35,42,-287,92,-4167
3096985025,6231,3,-29,55,-241,63,-4247
3096986025,6227,-7,-18,57,-250,116,-4195
3096987025,6224,6,-16,63,-98,150,-4215
3096988025,6220,-3,-27,65,92,145,-4350
3096989025,6217,12,-35,63,19,106,-4382
3096990025,6213,19,-45,59,-61,-148,-4129
3096991025,6209,13,-25,53,-168,-204,-4124
3096992025,6206,2,-8,49,-196,-82,-4246
3096993025,6202,11,-7,34,30,-34,-4123
3096994025,6198,10,-15,19,144,94,-3970
3096995025,6194,1,-15,24,57,91,-3964
3096996025,6191,5,-18,21,-70,116,-4054
3096997025,6187,-5,-3,29,-6,128,-4029
3096998025,6183,1,-14,43,-66,193,-4042
3096999025,6179,-5,-21,63,-153,221,-3949
3097000025,6176,-11,-23,67,-325,274,-4005
3097001025,6172,-10,-21,85,-358,182,-4169
3097002025,6168,-1,-16,101,-137,159,-4100
3097003025,6165,6,-27,107,110,-23,-4127
3097004025,6161,2,-23,106,102,-25,-4187
3097005025,6157,20,-31,86,-6,-112,-4208
3097006025,6153,12,-35,67,-18,-142,-4107
3097007025,6150,11,-26,52,-73,-399,-4256
3097008025,6146,7,-22,41,-185,-358,-4257
3097009025,6141,9,-16,36,-231,-327,-4312
3097010025,6137,-5,-11,24,-58,-226,-4097
3097011025,6133,-3,-3,15,0,47,-4014
3097012025,6129,-9,-1,15,139,14,-4200
3097013025,6125,-9,4,21,194,65,-4246
3097014025,6121,-5,-10,23,209,196,-4204
3097015025,6117,-3,-17,44,-6,447,-4000
3097016025,6113,-10,-18,59,-144,407,-3869
3097017025,6110,-1,-17,80,-242,294,-4075
3097018025,6106,0,-18,79,-62,193,-4071
3097019025,6102,-9,-20,93,-68,64,-3952
3097020025,6099,-4,-26,99,-69,77,-4121
3097021025,6095,2,-24,94,-46,-58,-4040
3097022025,6091,0,-19,92,-147,-122,-4026
3097023025,6088,-2,-13,84,-175,-96,-4046
3097024025,6084,-4,-3,74,17,-162,-4119
3097025025,6080,-3,-5,62,-78,38,-4249
3097026025,6077,-3,5,55,76,-73,-4176
3097027025,6073,0,4,56,37,-4,-4054
3097028025,6069,1,8,62,-43,78,-4137
3097029025,6066,-7,17,70,80,78,-4154
3097030025,6062,-2,4,74,158,102,-4210
3097031025,6059,4,-12,80,205,84,-3960
3097032025,6055,3,-21,81,148,43,-3912
3097033025,6052,-3,-31,82,-159,-28,-4109
3097034025,6048,-2,-31,79,-96,-119,-4009
3097035025,6045,-10,-31,68,-40,-144,-3965
3097036025,6041,-11,-31,60,-136,-119,-4124
3097037025,6038,-5,-33,52,-86,11,-4184
3097038025,6034,1,-18,42,-54,125,-4137
3097039025,6030,-4,-12,29,-72,247,-4240
3097040025,6026,-3,-3,23,1,308,-4088
3097041025,6023,-2,2,25,20,275,-4125
3097042025,6019,-1,6,29,26,213,-4130
3097043025,6015,-4,11,44,76,213,-4073
3097044025,6012,-2,-2,57,17,208,-3946
3097045025,6008,-2,-5,60,66,188,-3834
3097046025,6005,-2,-20,78,-69,113,-3821
3097047025,6001,-2,-22,86,-87,203,-4033
3097048025,5998,-1,-19,87,-19,198,-4071
3097049025,5994,11,-27,87,35,74,-4097
3097050025,5991,11,-22,90,-69,10,-4063
3097051025,5987,9,-18,78,-118,-110,-4041
3097052025,5983,5,-16,67,-312,-267,-4082
3097053025,5980,1,-6,56,-130,-399,-4275
3097054025,5976,-4,-4,58,-84,-186,-4306
3097055025,5973,-5,5,48,-96,-102,-4372
3097056025,5969,1,5,31,113,-52,-4292
3097057025,5965,13,5,25,84,51,-4161
3097058025,5962,6,8,24,-8,62,-4179
3097059025,5958,9,11,20,64,137,-4087
3097060025,5954,11,8,22,7,209,-4023
3097061025,5951,8,2,30,65,197,-3945
3097062025,5947,6,-6,37,35,171,-3875
3097063025,5944,9,-13,39,-124,93,-4016
3097064025,5940,8,-15,48,-87,122,-3977
3097065025,5937,0,-22,56,-154,154,-3916
3097066025,5933,1,-20,57,-271,172,-4050
3097067025,5930,1,-15,60,-110,108,-4056
3097068025,5926,-3,-11,55,-66,31,-4157
3097069025,5923,3,-4,45,-113,29,-4319
3097070025,5919,7,5,40,69,59,-4167
3097071025,5916,7,14,39,18,54,-4157
3097072025,5913,6,25,35,165,35,-4095
3097073025,5909,7,25,28,239,20,-4032
3097074025,5906,11,22,26,156,-30,-4000
3097075025,5902,11,20,29,229,-91,-3823
3097076025,5899,1,10,34,65,-176,-3981
3097077025,5895,-2,6,38,-17,-93,-4040
3097078025,5892,4,-17,42,-34,-8,-3958
3097079025,5889,4,-30,54,-223,178,-3897
3097080025,5886,12,-36,55,-430,137,-4030
3097081025,5882,4,-30,57,-322,23,-4155
3097082025,5879,1,-29,64,-337,4,-4279
3097083025,5875,6,-28,57,-233,-14,-4421
3097084025,5872,7,-17,50,-27,-44,-4319
3097085025,5869,3,-3,49,-41,-66,-4312
3097086025,5865,10,12,48,73,-182,-4286
3097087025,5862,-1,21,37,330,-147,-4176
3097088025,5858,-5,17,31,315,-21,-4020
3097089025,5855,4,16,31,317,86,-3947
3097090025,5851,6,13,34,337,113,-3759
3097091025,5848,5,10,30,312,76,-3726
3097092025,5845,4,4,35,370,50,-3734
3097093025,5841,2,-5,36,335,75,-3831
3097094025,5838,6,-22,32,309,42,-3884
3097095025,5835,1,-36,31,16,164,-3976
3097096025,5831,5,-43,43,-336,150,-4099
3097097025,5828,21,-55,44,-384,236,-4028
3097098025,5824,-4,-34,60,-659,248,-3982
3097099025,5821,5,-31,64,-597,139,-4575
3097100025,5817,11,-23,68,-390,153,-4479
3097101025,5814,3,-31,70,-103,27,-4297
3097102025,5811,-12,-16,77,-159,52,-4524
3097103025,5807,13,-9,70,111,-31,-4437
3097104025,5804,-1,5,65,365,-153,-4127
3097105025,5800,-1,9,62,276,-118,-4133
3097106025,5796,1,1,53,450,-88,-4039
3097107025,5793,8,3,51,142,28,-3989
3097108025,5789,2,-2,46,323,-110,-3774
3097109025,5786,-2,0,37,231,-28,-3785
3097110025,5782,13,-17,31,279,37,-3877
3097111025,5778,5,-22,26,263,-1,-3913
3097112025,5775,7,-42,15,189,35,-4075
3097113025,5771,21,-54,20,-241,240,-4093
3097114025,5767,8,-54,24,-322,254,-4243
3097115025,5764,13,-50,28,-498,239,-4202
3097116025,5761,4,-33,43,-204,317,-3942
3097117025,5757,-7,-12,49,-402,335,-4424
3097118025,5754,8,-15,48,101,274,-3962
3097119025,5751,3,-2,71,41,171,-4073
3097120025,5747,11,8,68,11,47,-4293
3097121025,5744,10,8,74,521,-96,-3784
3097122025,5741,0,6,57,422,-144,-4173
3097123025,5738,7,-4,57,386,-95,-4143
3097124025,5734,28,-17,53,147,-53,-4051
3097125025,5731,15,-24,41,82,-142,-3842
3097126025,5728,14,-22,36,-60,-279,-3940
3097127025,5724,-9,-20,21,177,-302,-4073
3097128025,5721,-6,-33,21,55,-230,-4254
3097129025,5717,-3,-43,12,-4,-117,-4251
3097130025,5714,-12,-52,14,-539,195,-4182
3097131025,5710,-4,-26,30,-609,289,-4267
3097132025,5707,-7,-15,32,-537,322,-4341
3097133025,5703,0,-4,40,-318,276,-4390
3097134025,5700,9,-4,54,-90,380,-4038
3097135025,5697,1,6,73,-32,198,-4223
3097136025,5693,16,15,76,81,21,-4271
3097137025,5690,18,12,77,333,-32,-4138
3097138025,5686,12,12,79,452,-112,-3883
3097139025,5683,10,-6,68,500,-187,-4004
3097140025,5679,21,-27,54,179,-144,-4090
3097141025,5676,19,-29,50,152,-227,-3977
3097142025,5672,3,-40,36,110,-358,-3607
3097143025,5669,-22,-24,31,-137,-222,-4037
3097144025,5665,-8,-26,20,6,-60,-4186
3097145025,5661,-15,-27,17,108,7,-4071
3097146026,5657,-24,-19,17,35,135,-4081
3097147025,5654,-2,-24,25,-331,399,-4173
3097148025,5650,-3,-12,35,-126,396,-4139
3097149025,5646,-2,-6,46,-236,436,-4246
3097150025,5643,8,-8,57,41,214,-4370
3097151025,5639,7,-4,69,143,121,-4179
3097152025,5636,13,-18,75,127,-71,-4104
3097153025,5632,3,-14,84,105,-212,-4123
3097154025,5629,-2,-8,86,189,-251,-4036
3097155025,5625,-13,-5,80,182,-272,-4017
3097156025,5622,-2,-22,63,190,-191,-3981
3097157025,5618,-10,-27,51,134,-94,-3905
3097158025,5614,2,-30,34,-85,-120,-4022
3097159025,5611,-7,-19,24,-138,14,-4107
3097160025,5607,-9,-22,28,-140,123,-4089
3097161025,5603,-1,-20,15,-147,151,-4139
3097162025,5600,2,-14,29,-207,156,-4130
3097163025,5596,-3,-10,35,-176,134,-4284
3097164025,5592,-3,0,45,-174,155,-4313
3097165025,5589,1,-1,54,48,172,-4200
3097166025,5586,-5,4,64,164,106,-4139
3097167025,5582,-7,3,67,228,47,-4105
3097168025,5579,-12,5,67,247,-46,-3921
3097169025,5575,-12,-2,67,219,2,-3843
3097170025,5572,-16,5,56,233,87,-3870
3097171027,5568,-15,-1,49,285,153,-3919
3097172025,5565,9,-16,34,176,146,-3979
3097173025,5562,4,-17,31,221,44,-3921
3097174025,5559,4,-28,18,19,144,-3897
3097175025,5555,19,-21,16,-145,142,-4230
3097176025,5552,8,-15,16,-145,44,-4189
3097177025,5549,11,-20,20,-277,185,-4216
3097178025,5545,19,-19,24,-311,254,-4183
3097179025,5542,10,-19,29,-306,185,-4228
3097180025,5539,3,-7,40,-193,160,-4351
3097181025,5536,2,-4,48,-83,39,-4341
3097182025,5533,-6,-7,52,-53,76,-4070
3097183025,5530,-12,-9,56,-61,31,-4047
3097184025,5527,-8,-4,54,-123,-82,-4092
3097185025,5524,-11,6,53,138,-270,-3984
3097186025,5521,-6,0,43,-48,-195,-4016
3097187025,5518,-9,1,36,-30,-181,-4009
3097188025,5514,-2,6,27,43,-138,-3882
3097189025,5511,-8,11,9,-22,-94,-4065
3097190025,5507,-1,15,2,117,50,-3994
3097191025,5504,-1,16,-6,106,104,-4046
3097192025,5501,-1,18,-11,150,124,-4055
3097193025,5497,3,10,-6,90,185,-4076
3097194025,5494,9,9,4,34,182,-4085
3097195025,5490,3,-6,19,-14,276,-3921
3097196025,5487,-2,5,30,-67,310,-3923
3097197025,5483,3,1,51,-156,296,-3969
3097198025,5480,7,-13,66,49,92,-3909
3097199025,5477,-6,-18,76,-18,-21,-4078
3097200025,5473,6,-23,80,-10,-17,-4199
3097201025,5470,-7,-22,78,68,-109,-4113
3097202025,5467,-6,-19,67,-80,-105,-4098
3097203025,5463,0,-12,50,-24,-216,-4249
3097204025,5459,-6,0,35,29,-219,-4304
3097205025,5456,-6,4,27,-25,-125,-4348
3097206025,5452,6,1,9,-14,-32,-4210
3097207025,5448,1,17,8,-57,-49,-4075
3097208025,5444,-3,31,7,10,-47,-4157
3097209025,5440,-9,28,1,290,-44,-4093
3097210025,5437,-8,29,6,362,84,-4048
3097211025,5433,-1,0,14,158,275,-3989
3097212025,5429,-12,3,33,75,311,-3948
3097213025,5426,-2,-12,48,-222,416,-3913
3097214025,5422,-4,-13,63,5,285,-3793
3097215025,5419,-9,-20,71,9,278,-3709
3097216025,5416,1,-31,73,-108,157,-4187
3097217025,5412,6,-28,76,-109,51,-4215
3097218025,5409,9,-19,78,-73,61,-4162
3097219025,5406,8,-15,72,-51,12,-4155
3097220025,5402,7,-4,55,83,-237,-4276
3097221025,5399,9,4,43,147,-275,-4273
3097222025,5395,-4,10,22,281,-315,-4174
3097223025,5392,1,4,14,97,-71,-3999
3097224025,5388,3,15,12,179,-60,-4041
3097225025,5385,-15,21,11,244,-30,-3988
3097226025,5382,-3,19,9,306,83,-4175
3097227025,5378,-1,3,6,642,125,-3866
3097228025,5375,5,-7,9,546,110,-3814
3097229025,5372,2,-38,10,152,127,-4077
3097230025,5369,25,-59,19,-311,106,-4141
3097231025,5366,-7,-36,35,-318,34,-3860
3097232025,5363,-10,-32,40,-679,165,-4399
3097233025,5359,1,-31,46,-469,211,-4340
3097234025,5356,7,-30,41,-207,189,-3984
3097235025,5353,-3,-34,46,-346,37,-4296
3097236025,5350,6,-18,42,-216,95,-4212
3097237025,5347,2,-14,37,-173,42,-4225
3097238025,5344,9,-9,28,33,-54,-4205
3097239025,5340,3,0,19,231,-93,-4171
3097240025,5337,1,-4,17,142,-104,-4162
3097241025,5334,-3,1,16,68,-53,-4060
3097242025,5331,-7,13,26,109,80,-3931
3097243025,5327,-10,10,24,239,73,-4001
3097244025,5324,-5,13,29,432,74,-4074
3097245025,5321,2,-16,24,547,-21,-3840
3097246025,5318,-6,-28,25,103,31,-3908
3097247025,5314,-6,-36,38,-26,29,-4079
3097248025,5311,-3,-34,49,-275,131,-4074
3097249025,5308,0,-34,60,-169,112,-4000
3097250025,5305,-6,-42,54,-93,19,-4064
3097251025,5301,5,-47,55,-174,0,-4063
3097252025,5298,2,-56,49,-36,-183,-4153
3097253025,5295,1,-52,43,-241,-192,-4318
3097254025,5291,3,-42,39,-172,-33,-4317
3097255025,5287,5,-25,26,76,47,-4098
3097256025,5284,5,-22,18,158,19,-4182
3097257025,5280,18,-22,7,40,99,-4350
3097258025,5277,8,-5,7,126,101,-4146
3097259025,5273,7,5,19,-89,193,-4099
3097260025,5270,0,-1,21,-38,201,-4107
3097261025,5266,0,8,31,141,169,-3905
3097262025,5263,-6,-12,43,66,144,-3935
3097263025,5259,-4,-20,51,-99,147,-3920
3097264025,5256,-4,-24,61,-130,157,-3788
3097265025,5252,-2,-25,61,-118,126,-3843
3097266025,5249,0,-33,61,-70,-35,-3968
3097267025,5246,-2,-37,53,-20,-33,-4055
3097268025,5242,9,-38,43,-98,41,-4129
3097269025,5239,7,-29,37,-54,32,-4167
3097270025,5235,7,-16,26,-7,17,-4264
3097271025,5231,14,0,18,10,-18,-4400
3097272025,5228,8,9,12,120,-1,-4332
3097273025,5224,14,11,12,114,149,-4145
3097274025,5221,1,22,17,227,72,-4095
3097275025,5218,3,15,7,172,-3,-4135
3097276025,5214,6,4,17,194,7,-4040
3097277025,5211,3,-10,22,90,124,-3721
3097278025,5207,-1,-16,30,-182,228,-3842
3097279025,5204,0,-15,29,-301,284,-3948
3097280025,5201,13,-29,34,-171,258,-3926
3097281025,5198,7,-34,35,-77,107,-3990
3097282025,5195,11,-32,35,-276,59,-4292
3097283025,5191,20,-32,30,-269,60,-4324
3097284025,5188,7,-15,27,-100,-124,-4168
3097285025,5185,-4,1,24,-168,-86,-4407
3097286025,5182,8,9,17,18,-87,-4296
3097287025,5178,-7,23,10,112,-60,-4067
3097288025,5175,-3,22,-1,19,-34,-4082
3097289025,5172,-3,31,2,175,52,-4062
3097290026,5169,-9,32,7,217,192,-4032
3097291025,5165,8,21,6,335,229,-3806
3097292026,5162,4,15,9,344,180,-3688
3097293027,5159,2,3,22,-53,186,-3761
3097294025,5156,9,-6,38,0,68,-3822
3097295025,5153,1,-4,47,-67,56,-3884
3097296025,5150,7,-19,45,-115,76,-4035
3097297025,5147,7,-21,50,-71,4,-4013
3097298025,5144,13,-25,48,-126,-154,-3996
3097299025,5141,2,-19,48,-305,-236,-4336
3097300025,5137,-7,-8,33,-144,-259,-4418
3097301025,5134,-6,-9,32,-89,-250,-4359
3097302025,5131,2,10,26,-78,-82,-4310
3097303025,5127,-12,21,9,94,-87,-4252
3097304025,5124,-4,24,2,-7,-3,-4212
3097305025,5120,-5,32,-6,236,66,-4127
3097306025,5117,-8,39,-5,213,131,-4098
3097307025,5113,17,23,-5,270,261,-4137
3097308025,5110,13,22,-2,282,95,-4052
3097309025,5106,15,5,5,260,149,-3841
3097310025,5103,12,-9,5,-1,190,-3920
3097311025,5100,13,-20,17,-85,203,-3927
3097312025,5096,12,-40,17,-202,85,-3960
3097313025,5093,0,-44,28,-415,49,-4038
3097314025,5090,-4,-45,34,-388,83,-3968
3097315025,5086,-6,-37,36,-433,69,-4051
3097316025,5083,-15,-21,39,-413,171,-4335
3097317025,5079,-3,-7,38,-266,170,-4359
3097318025,5076,-1,7,33,-90,131,-4213
3097319025,5073,-2,18,30,-74,23,-4229
3097320025,5069,0,22,26,69,-55,-4157
3097321025,5066,2,42,25,315,-136,-4062
3097322025,5063,-3,46,17,418,-70,-3985
3097323025,5059,1,24,11,457,63,-3779
3097324025,5056,3,20,6,384,42,-3832
3097325025,5053,8,5,4,310,-57,-3822
3097326025,5049,10,-2,1,202,-164,-3914
3097327025,5046,-2,-8,-4,283,47,-3903
3097328025,5043,8,-37,-18,221,169,-3994
3097329025,5040,15,-44,-21,20,149,-4039
3097330025,5036,14,-56,-25,-340,82,-4016
3097331025,5033,0,-34,-14,-841,83,-4204
3097332025,5030,-8,-15,-3,-712,219,-3883
3097333025,5027,-19,4,9,-638,347,-3952
3097334025,5024,-10,23,17,-586,354,-4327
3097335025,5021,-6,31,23,-31,150,-4200
3097336025,5018,-7,37,31,-7,173,-4257
3097337025,5015,7,40,32,369,118,-4177
3097338025,5012,5,40,28,402,-18,-3962
3097339025,5010,7,23,16,631,-85,-3774
3097340025,5007,8,22,11,370,59,-4216
3097341025,5004,35,-11,6,426,-12,-4002
3097342025,5001,29,-23,0,245,-138,-3869
3097343025,4998,24,-40,-9,64,-326,-4014
3097344025,4995,11,-45,-15,140,-411,-4177
3097345025,4992,-11,-50,-30,141,-350,-4213
3097346025,4989,-17,-55,-40,-200,65,-4384
3097347025,4986,1,-60,-27,-354,477,-4447
3097348025,4983,25,-55,-25,-467,290,-4218
3097349025,4980,11,-40,-16,-625,335,-4043
3097350025,4977,12,-24,-1,-491,306,-4283
3097351025,4974,-2,-9,10,-37,374,-4073
3097352025,4971,-4,-15,16,-136,271,-4267
3097353025,4969,19,-11,27,-27,237,-4229
3097354025,4966,21,-3,33,71,-13,-3824
3097355025,4963,22,0,37,173,-174,-3763
3097356025,4960,18,3,29,308,-259,-3801
3097357025,4957,7,-10,21,500,-204,-3658
3097358025,4954,7,-16,19,199,11,-4158
3097359025,4951,25,-25,13,201,-2,-4062
3097360025,4948,24,-20,5,37,-193,-3971
3097361025,4945,13,-31,1,157,-306,-3975
3097362025,4942,4,-46,-9,109,-335,-3998
3097363025,4938,6,-62,-20,-52,-387,-4273
3097364025,4935,-14,-64,-29,-411,-265,-4400
3097365025,4931,-7,-60,-21,-665,-73,-4474
3097366025,4928,-5,-33,-13,-658,206,-4319
3097367025,4925,-11,-14,0,-704,460,-4221
3097368025,4921,-15,3,12,-398,453,-4286
3097369025,4918,-4,14,21,-204,564,-4353
3097370025,4915,3,17,30,-42,510,-4322
3097371025,4911,12,13,40,130,329,-4216
3097372025,4908,18,14,50,128,93,-3997
3097373025,4905,28,9,48,207,-201,-3780
3097374025,4902,19,12,51,300,-336,-3750
3097375025,4898,0,10,47,206,-249,-3954
3097376025,4895,11,-8,50,306,-77,-4113
3097377025,4892,9,-15,33,249,-101,-3954
3097378025,4889,2,-25,26,132,-192,-3890
3097379025,4886,-3,-23,20,32,-196,-4037
3097380025,4882,-4,-23,10,42,-228,-4113
3097381025,4879,-8,-36,-3,22,-202,-4150
3097382025,4876,-3,-52,-5,-435,13,-4239
3097383025,4873,-10,-29,0,-710,197,-4248
3097384025,4869,-8,-16,6,-713,229,-4282
3097385025,4866,-11,8,16,-546,322,-4390
3097386025,4863,4,23,27,-302,431,-4457
3097387025,4860,11,26,27,40,377,-4166
3097388025,4857,16,27,33,9,294,-4170
3097389025,4854,25,29,41,-70,149,-4242
3097390025,4851,20,33,36,284,-122,-3842
3097391025,4849,6,31,32,218,-110,-3935
3097392025,4846,16,16,24,346,-80,-3912
3097393025,4843,12,8,25,368,-142,-3887
3097394025,4840,16,-10,10,212,-214,-3767
3097395025,4837,3,-22,-2,94,-221,-3966
3097396025,4834,-2,-22,-15,-25,-132,-4096
3097397025,4831,-11,-29,-17,-76,-104,-4085
3097398025,4828,-7,-37,-21,-177,189,-3981
3097399025,4826,-6,-30,-17,-552,275,-4198
3097400025,4823,-3,-15,-12,-517,321,-4222
3097401025,4820,8,3,-5,-508,299,-4285
3097402025,4817,6,15,4,-249,286,-4170
3097403025,4814,2,20,17,-110,190,-4136
3097404025,4811,6,31,26,-140,205,-4389
3097405025,4809,12,29,29,203,-6,-4011
3097406025,4806,8,27,29,123,-54,-3947
3097407025,4803,8,28,31,99,-55,-4040
3097408025,4800,12,16,22,346,-94,-3880
3097409025,4798,9,11,5,313,-200,-4020
3097410025,4795,1,-2,-3,330,-84,-3978
3097411025,4792,7,-10,0,308,-63,-3973
3097412025,4789,11,-13,-15,5,-11,-4059
3097413025,4786,13,-21,-24,-8,-191,-4063
3097414025,4783,3,-17,-34,-46,-328,-4042
3097415025,4780,-6,-22,-40,-304,-242,-4141
3097416025,4777,-4,-27,-40,-396,48,-4115
3097417025,4774,-1,-19,-36,-570,247,-4114
3097418025,4771,-5,-1,-30,-594,317,-4036
3097419025,4768,-2,17,-22,-393,370,-4110
3097420025,4765,-1,26,-15,-385,349,-4208
3097421025,4763,7,25,-8,-59,497,-4244
3097422025,4760,13,26,2,-54,438,-4163
3097423025,4757,16,34,10,70,229,-4148
3097424025,4755,26,28,15,157,-37,-3994
3097425025,4752,10,40,27,243,-147,-3900
3097426025,4750,13,30,19,266,-80,-4014
3097427025,4747,18,17,16,448,-137,-4049
3097428025,4745,15,9,8,330,-137,-3945
3097429025,4742,17,-8,1,283,-159,-3980
3097430025,4740,15,-18,-14,215,-162,-4026
3097431025,4737,18,-35,-30,176,-232,-3932
3097432025,4735,9,-41,-49,-173,-307,-4258
3097433025,4732,15,-40,-59,-171,-243,-4142
3097434025,4730,4,-24,-58,-218,-79,-4041
3097435025,4727,6,-22,-55,-415,141,-4280
3097436025,4724,9,-8,-46,-368,210,-4268
3097437025,4722,12,3,-35,-304,266,-4091
3097438025,4719,6,3,-25,-284,315,-4041
3097439025,4716,5,9,-9,-242,320,-4051
3097440025,4714,5,3,7,-97,209,-4036
3097441025,4711,4,12,24,-44,34,-4034
3097442025,4709,0,11,32,106,-9,-3846
3097443025,4706,-3,4,29,108,-14,-3894
3097444025,4704,1,8,23,158,-4,-4012
3097445025,4701,14,-3,19,238,-106,-4097
3097446025,4698,7,3,6,436,-196,-3923
3097447025,4695,17,-13,-15,178,-139,-4127
3097448025,4692,19,-24,-25,138,-171,-4253
3097449025,4689,23,-32,-40,-25,-234,-4074
3097450025,4686,6,-18,-44,-214,-206,-4074
3097451025,4683,4,-8,-55,-166,-248,-4165
3097452025,4680,-1,-4,-60,-150,-182,-4190
3097453025,4677,-2,-8,-57,-57,-36,-4114
3097454025,4673,-3,4,-62,-107,86,-4032
3097455025,4670,-24,25,-62,-89,329,-3964
3097456025,4667,-5,16,-46,-182,661,-4109
3097457025,4664,0,22,-32,-30,666,-3873
3097458025,4661,-4,3,-15,-97,713,-3861
3097459025,4658,14,-4,2,-138,574,-4052
3097460025,4655,8,-5,27,58,302,-3924
3097461025,4652,5,-12,36,63,142,-3979
3097462025,4650,9,-27,47,132,-138,-4157
3097463025,4647,-6,-22,52,65,-390,-4274
3097464025,4645,3,-25,56,117,-109,-4124
3097465025,4642,-1,-22,51,213,-113,-4189
3097466025,4639,2,-28,37,256,-73,-4223
3097467025,4636,21,-39,18,244,-225,-4266
3097468025,4634,13,-23,1,259,-479,-4197
3097469025,4631,1,-19,-18,29,-376,-3961
3097470025,4628,-4,-7,-19,43,-112,-4191
3097471025,4625,6,-2,-36,-65,-21,-4339
3097472025,4622,31,-33,-54,136,-118,-4091
3097473025,4619,28,-31,-70,-164,-111,-4115
3097474025,4617,28,-30,-71,-206,21,-4233
3097475025,4614,24,-22,-76,-91,61,-4156
3097476025,4611,3,-16,-71,-137,210,-3990
3097477025,4609,4,-5,-57,-374,542,-4117
3097478025,4606,-9,13,-34,-360,541,-3985
3097479025,4604,-5,16,-11,-284,658,-3953
3097480025,4602,-1,11,-4,-140,611,-4004
3097481025,4600,5,-2,3,214,429,-3810
3097482025,4598,3,-16,17,223,261,-4137
3097483025,4596,21,-32,25,59,211,-4142
3097484025,4594,27,-33,33,176,156,-3936
3097485025,4592,18,-37,25,267,-90,-3834
3097486025,4590,20,-38,14,283,-268,-4096
3097487025,4588,14,-37,7,370,-304,-4072
3097488025,4585,11,-49,-19,-66,-344,-4251
3097489025,4583,11,-44,-26,-83,-374,-4230
3097490025,4581,8,-42,-47,-203,-468,-4076
3097491025,4578,12,-39,-66,-238,-489,-4200
3097492025,4576,3,-32,-75,-92,-281,-4180
3097493025,4573,0,-26,-86,-98,-210,-4301
3097494025,4571,-5,-24,-87,-229,134,-4366
3097495025,4568,4,-4,-73,-477,400,-4455
3097496025,4565,12,7,-53,-347,480,-4067
3097497025,4563,7,18,-38,-386,353,-4163
3097498025,4560,7,24,-23,-228,304,-4190
3097499025,4558,11,3,-11,-27,264,-4002
3097500025,4555,10,-2,5,93,184,-3915
3097501025,4553,9,-11,21,55,191,-3807
3097502025,4550,8,-6,24,74,164,-3912
3097503025,4547,14,-8,19,238,49,-3862
3097504025,4545,14,-23,18,366,-47,-3891
3097505025,4542,16,-27,6,278,-79,-4118
3097506025,4539,15,-27,-5,195,-141,-4190
3097507025,4537,15,-33,-3,132,-126,-4160
3097508025,4534,4,-28,-9,125,-212,-4175
3097509025,4531,12,-29,-29,10,-354,-4101
3097510025,4528,14,-40,-40,-84,-382,-4076
3097511025,4525,7,-42,-49,-140,-418,-4160
3097512025,4522,-8,-34,-53,-409,-336,-4265
3097513025,4519,1,-19,-55,-424,137,-4358
3097514025,4516,2,-5,-59,-294,433,-4276
3097515025,4513,16,-5,-50,-391,522,-4323
3097516025,4510,10,12,-43,-457,498,-4300
3097517025,4508,14,22,-25,-555,616,-4190
3097518025,4505,10,38,0,-299,455,-4321
3097519025,4502,16,39,19,62,282,-3922
3097520025,4500,14,22,24,325,-73,-3821
3097521025,4498,5,16,26,315,-162,-3902
3097522025,4495,14,4,40,255,-187,-4087
3097523025,4493,8,-7,36,439,-37,-3887
3097524025,4491,9,-19,21,357,84,-3974
3097525025,4488,19,-32,24,282,1,-4059
3097526025,4486,21,-34,0,245,-160,-3974
3097527025,4483,9,-27,-9,8,-193,-4146
3097528025,4481,16,-12,-16,-40,-225,-4228
3097529025,4479,0,-18,-32,28,-315,-4025
3097530025,4476,3,-17,-40,8,-383,-4151
3097531025,4474,11,-37,-51,-128,-483,-3981
3097532025,4471,-16,-26,-52,-401,-260,-4072
3097533025,4469,-10,-24,-51,-724,265,-4276
3097534025,4466,-3,-17,-51,-624,580,-4236
3097535025,4464,5,2,-40,-560,620,-4234
3097536025,4461,28,-1,-31,-391,606,-4285
3097537025,4459,22,17,-22,-225,455,-4326
3097538025,4457,19,26,-21,78,205,-4197
3097539025,4455,13,33,-12,139,55,-4233
3097540025,4452,11,38,-9,275,-116,-4077
3097541025,4450,9,31,-8,332,-246,-3903
3097542025,4448,2,25,-7,374,-190,-3769
3097543025,4446,1,14,-1,389,38,-3749
3097544025,4444,5,2,-7,410,99,-3813
3097545025,4441,9,-15,-13,424,97,-3832
3097546025,4439,7,-28,-25,360,-105,-3918
3097547025,4437,7,-40,-26,133,-128,-4092
3097548025,4435,8,-34,-29,17,-115,-4092
3097549025,4432,4,-29,-30,-41,-93,-4020
3097550025,4430,2,-18,-33,-56,-131,-4138
3097551025,4428,-10,-17,-48,-15,-227,-4155
3097552025,4425,-2,-32,-55,-296,-279,-4049
3097553025,4423,0,-37,-56,-391,-19,-4187
3097554025,4420,3,-26,-49,-768,185,-4224
3097555025,4418,-1,-10,-40,-698,459,-4191
3097556025,4415,8,5,-33,-422,412,-4176
3097557025,4412,4,13,-26,-350,315,-4174
3097558025,4410,5,20,-14,-324,312,-4267
3097559026,4407,-2,39,2,-224,181,-4292
3097560025,4405,0,57,18,104,2,-4221
3097561025,4403,-2,53,20,457,-111,-3921
3097562025,4400,-5,50,18,553,-193,-3882
3097563025,4398,2,23,10,609,-216,-3923
3097564025,4395,1,14,6,610,-208,-3903
3097565025,4393,4,-2,-1,508,-58,-3816
3097566025,4390,5,-5,-15,396,42,-3915
3097567025,4388,11,-13,-21,351,57,-3911
3097568025,4385,17,-33,-36,297,-98,-4013
3097569025,4383,7,-38,-45,231,-233,-4100
3097570025,4380,0,-34,-49,-38,-275,-4241
3097571025,4377,-2,-27,-48,-15,-149,-4263
3097572025,4375,-5,-10,-47,-142,-19,-4296
3097573025,4372,-2,-8,-51,-82,46,-4200
3097574025,4370,-1,-22,-49,-383,215,-3978
3097575025,4367,-2,-16,-48,-498,226,-3883
3097576025,4364,-4,-17,-46,-682,203,-3945
3097577025,4362,5,-2,-30,-873,127,-3998
3097578025,4360,-14,31,-20,-471,260,-3774
3097579025,4357,-13,51,-9,-361,451,-4280
3097580025,4355,-4,57,-8,-167,468,-4383
3097581025,4352,14,52,2,421,293,-4174
3097582025,4350,8,47,-2,491,157,-4182
3097583025,4348,6,34,-6,509,4,-4297
3097584025,4346,14,18,-11,732,-189,-4139
3097585025,4343,5,10,-13,687,-319,-4040
3097586025,4341,8,-18,-19,492,-233,-4032
3097587025,4339,8,-30,-28,338,-223,-3972
3097588025,4337,6,-29,-27,236,-132,-3973
3097589025,4334,0,-26,-32,189,-114,-4041
3097590025,4332,-2,-31,-49,279,-120,-3995
3097591025,4330,-20,-25,-57,104,-35,-3996
3097592025,4327,-10,-7,-59,-165,70,-4201
3097593025,4325,2,-12,-59,-206,204,-4083
3097594025,4322,0,-18,-55,-452,187,-3966
3097595025,4320,10,-19,-50,-542,291,-4009
3097596025,4318,13,-28,-50,-546,56,-4107
3097597025,4315,4,-11,-40,-663,9,-4225
3097598025,4313,7,-10,-41,-475,53,-4294
3097599025,4311,-9,-1,-24,-421,108,-4151
3097600025,4308,-4,6,-18,-302,244,-4053
3097601025,4306,-6,23,-15,-66,302,-4131
3097602025,4303,-11,40,-10,423,191,-4188
3097603025,4301,-14,40,-12,493,172,-4243
3097604025,4299,1,25,-28,728,154,-4133
3097605025,4296,9,6,-30,639,14,-3836
3097606025,4294,24,-10,-34,385,-136,-3942
3097607025,4291,13,-12,-36,399,-173,-3922
3097608025,4289,7,-18,-39,337,-88,-3905
3097609025,4287,1,-20,-41,425,-63,-3946
3097610025,4284,1,-36,-52,301,-99,-4074
3097611025,4282,14,-47,-62,85,-123,-4082
3097612025,4280,-2,-34,-60,42,-110,-4076
3097613025,4277,-1,-23,-64,-186,18,-4159
3097614025,4275,-4,-8,-55,-81,139,-4157
3097615025,4272,4,-8,-65,67,175,-4002
3097616025,4270,11,-21,-78,-65,132,-4193
3097617025,4267,7,-25,-69,-306,182,-4187
3097618025,4265,27,-42,-70,-741,135,-4233
3097619025,4263,13,-27,-56,-990,132,-4030
3097620025,4260,9,-7,-34,-990,353,-4247
3097621025,4258,8,5,-37,-752,294,-4273
3097622025,4256,0,12,-21,-242,401,-4135
3097623025,4253,0,21,-14,27,389,-4379
3097624025,4251,4,27,-12,256,264,-4148
3097625025,4249,10,31,-11,387,51,-3988
3097626025,4247,12,28,-12,535,-34,-3903
3097627025,4244,12,16,-19,659,-233,-4003
3097628025,4242,20,-5,-25,585,-233,-4034
3097629025,4240,21,-16,-29,463,-107,-3876
3097630025,4238,12,-14,-28,331,-6,-3926
3097631025,4236,15,-22,-45,353,-86,-4018
3097632025,4233,6,-34,-50,386,-301,-4091
3097633025,4231,1,-40,-58,180,-280,-4109
3097634025,4229,-2,-34,-66,-125,-131,-4151
3097635025,4226,-2,-24,-60,-253,-93,-4208
3097636025,4224,-4,-6,-62,-90,-34,-4138
3097637025,4222,-5,-17,-71,-19,-67,-4107
3097638025,4219,5,-45,-79,-499,-2,-3997
3097639025,4217,7,-51,-77,-878,65,-4220
3097640025,4214,-2,-29,-66,-1099,106,-4197
3097641025,4212,-9,13,-49,-978,432,-4437
3097642025,4209,-2,41,-40,-279,579,-4264
3097643025,4207,0,31,-28,133,554,-4136
3097644025,4205,3,34,-23,192,452,-4292
3097645025,4202,8,29,-16,118,204,-4343
3097646025,4200,13,37,-14,304,-45,-4201
3097647025,4198,8,28,-13,518,-167,-3894
3097648025,4195,9,-3,-9,421,-81,-3980
3097649025,4193,8,0,-11,393,-70,-4012
3097650025,4191,4,-13,-14,354,-111,-3932
3097651025,4189,0,-16,-16,302,-120,-3988
3097652025,4186,3,-25,-23,327,-139,-4047
3097653025,4184,3,-31,-23,205,-155,-4077
3097654025,4182,2,-30,-31,22,-146,-4085
3097655025,4179,-5,-26,-28,-225,-86,-4086
3097656025,4177,3,-21,-23,-430,138,-4145
3097657025,4174,-6,-20,-28,-515,-74,-4091
3097658025,4172,-1,-21,-27,-492,-28,-4106
3097659025,4170,4,-29,-27,-562,-170,-4056
3097660025,4167,-2,-12,-29,-617,-95,-4083
3097661025,4165,-3,-3,-33,-402,-43,-4198
3097662025,4162,-9,9,-28,-271,113,-4273
3097663025,4159,5,22,-43,-146,88,-4296
3097664025,4157,6,32,-55,112,126,-4329
3097665025,4154,8,44,-52,134,264,-4331
3097666025,4151,12,52,-46,245,266,-4231
3097667025,4149,10,52,-52,314,244,-4098
3097668025,4147,13,48,-45,342,37,-3945
3097669025,4144,-1,28,-39,623,-115,-3813
3097670025,4142,-1,8,-23,528,-13,-3957
3097671025,4140,2,-17,-14,507,90,-4020
3097672025,4138,0,-32,-13,426,155,-3894
3097673025,4135,6,-32,-12,103,212,-3861
3097674025,4133,3,-34,-12,-67,147,-3959
3097675025,4131,6,-42,-2,-334,209,-4090
3097676025,4129,10,-33,-4,-403,222,-4018
3097677025,4127,0,-26,6,-584,252,-3918
3097678025,4125,5,-3,11,-628,98,-4209
3097679025,4123,-4,7,13,-240,-89,-4187
3097680025,4121,-7,12,14,-36,-158,-4249
3097681025,4119,2,13,15,158,-275,-4243
3097682025,4117,-4,-5,-14,-12,-557,-4233
3097683025,4115,3,-13,-27,-91,-595,-3915
3097684025,4113,-9,-4,-44,-142,-415,-4239
3097685025,4111,-11,-6,-48,-227,-158,-4291
3097686025,4108,7,-3,-66,-116,159,-4324
3097687025,4106,6,12,-75,-50,369,-4098
3097688025,4103,9,28,-78,-31,331,-4298
3097689025,4101,4,38,-66,105,259,-4249
3097690025,4098,6,41,-65,174,171,-4137
3097691025,4096,-6,27,-50,243,164,-3849
3097692025,4094,-12,17,-30,48,239,-3798
3097693025,4091,-4,7,-7,64,223,-3732
3097694025,4089,-1,1,13,71,270,-3770
3097695025,4087,-4,-12,18,59,325,-3833
3097696025,4085,0,-22,22,140,243,-3946
3097697025,4083,5,-29,29,45,169,-4007
3097698025,4081,12,-36,24,48,74,-4011
3097699025,4079,12,-29,15,-48,-22,-4108
3097700025,4076,4,-20,12,-135,-231,-4251
3097701025,4074,3,-8,4,-117,-163,-4240
3097702025,4072,17,-7,-5,-137,-246,-4201
3097703025,4070,0,-18,-26,-145,-493,-4177
3097704025,4067,1,-21,-26,-215,-506,-4194
3097705025,4065,-14,-19,-42,-76,-543,-4254
3097706025,4063,-24,-9,-49,-152,-168,-4382
3097707025,4060,-8,-5,-58,-78,246,-4414
3097708025,4058,4,-2,-59,-9,408,-4221
3097709025,4055,22,6,-60,-43,432,-3912
3097710025,4053,0,28,-58,-112,189,-4190
3097711025,4050,-4,32,-51,147,186,-4158
3097712025,4048,-1,28,-49,284,401,-3632
3097713025,4046,-4,22,-39,168,427,-3511
3097714025,4043,14,2,-27,38,142,-3813
3097715025,4041,3,-12,-9,163,-91,-3932
3097716025,4039,-12,-20,0,215,194,-3832
3097717025,4037,-18,-26,5,173,390,-3834
3097718025,4035,-4,-38,12,-79,432,-3938
3097719025,4033,12,-37,20,-225,110,-3951
3097720025,4031,20,-27,26,-284,-106,-4034
3097721025,4029,13,-11,15,-376,-207,-4200
3097722025,4027,-4,-12,7,-305,-338,-4174
3097723025,4024,2,-26,-10,-285,-325,-4111
3097724025,4022,2,-26,-32,-207,-506,-4302
3097725025,4020,4,-23,-44,-367,-414,-4495
3097726025,4017,-3,7,-52,-229,-172,-4579
3097727025,4015,-3,16,-64,-176,-35,-4370
3097728025,4013,0,22,-71,194,142,-4136
3097729025,4010,2,37,-74,228,174,-4298
3097730025,4008,4,38,-71,490,183,-4193
3097731025,4006,5,28,-69,464,241,-4039
3097732025,4004,9,20,-62,386,237,-3830
3097733025,4002,5,6,-55,421,119,-3653
3097734025,4000,6,-8,-48,444,79,-3729
3097735025,3998,5,-25,-41,396,189,-3835
3097736025,3996,3,-32,-26,318,260,-3862
3097737025,3994,5,-50,-19,-46,435,-3828
3097738025,3992,11,-47,-15,-216,290,-3786
3097739025,3990,1,-37,-6,-410,161,-4070
3097740025,3988,0,-29,5,-332,72,-4200
3097741025,3987,3,-29,12,-306,2,-4200
3097742025,3985,-4,-14,19,-319,-18,-4241
3097743025,3983,-8,-5,19,-267,-92,-4314
3097744025,3981,2,0,20,-108,-169,-4345
3097745025,3979,-1,6,20,34,-238,-4300
3097746025,3977,2,-3,8,192,-281,-4294
3097747025,3975,-1,-23,-27,72,-420,-4378
3097748025,3973,33,-30,-46,-14,-471,-3982
3097749025,3971,22,-33,-58,-37,-704,-3936
3097750025,3968,-4,-15,-81,-496,-549,-4295
3097751025,3966,8,2,-97,-145,-132,-4218
3097752025,3963,-3,22,-107,68,290,-3816
3097753025,3961,-17,35,-103,269,496,-3954
3097754025,3958,-10,39,-100,258,580,-4048
3097755025,3955,0,28,-89,411,655,-3946
3097756025,3953,0,12,-75,468,550,-3828
3097757025,3951,6,-2,-60,397,358,-4100
3097758025,3948,23,-32,-33,444,353,-3936
3097759025,3946,9,-43,-18,335,333,-3950
3097760025,3944,6,-59,1,63,358,-4000
3097761025,3942,2,-59,10,-26,244,-3981
3097762025,3940,-1,-58,18,-188,224,-3941
3097763025,3938,3,-54,21,-201,184,-4070
3097764025,3936,-5,-30,25,-268,33,-4161
3097765025,3934,2,-17,16,-254,-99,-4281
3097766025,3932,6,-4,16,-83,-165,-4094
3097767025,3930,12,4,4,-58,-262,-4170
3097768025,3928,17,7,-5,-119,-351,-4219
3097769025,3926,23,-10,-31,-139,-398,-4292
3097770025,3923,34,-19,-49,-31,-749,-4232
3097771025,3921,17,-9,-72,-252,-735,-4469
3097772025,3919,14,3,-68,-259,-499,-4443
3097773025,3916,15,8,-87,36,-147,-4029
3097774025,3914,-13,18,-97,220,153,-3836
3097775025,3911,-13,23,-97,291,303,-4056
3097776025,3909,-10,19,-95,366,369,-4209
3097777025,3907,-15,25,-94,407,417,-4198
3097778025,3904,-1,10,-77,492,474,-3906
3097779025,3902,7,-9,-56,306,372,-3886
3097780025,3900,7,-25,-38,146,427,-3841
3097781025,3899,10,-25,-21,0,450,-3927
3097782025,3897,8,-30,-6,-11,432,-4066
3097783025,3895,17,-49,11,59,427,-3922
3097784025,3893,10,-56,17,-150,248,-4058
3097785025,3891,13,-48,17,-172,-48,-3998
3097786025,3890,0,-36,20,-243,-61,-4100
3097787025,3888,1,-19,17,-326,-66,-4367
3097788025,3886,-3,-5,10,69,-199,-3996
3097789025,3884,-11,5,2,-95,-180,-4225
3097790025,3882,9,12,-13,-98,-207,-4394
3097791025,3880,17,11,-12,104,-83,-4259
3097792025,3878,23,3,-30,-35,-391,-4078
3097793025,3875,29,-25,-53,-188,-436,-4225
3097794025,3873,27,-40,-70,-267,-557,-4186
3097795025,3871,18,-36,-84,-283,-526,-4180
3097796025,3869,5,-17,-96,-409,-109,-4346
3097797025,3866,9,-5,-109,-440,334,-4369
3097798025,3864,10,15,-108,-95,677,-3894
3097799025,3861,-8,48,-93,-245,694,-4346
3097800025,3859,-1,43,-85,-47,719,-4355
3097801025,3856,8,52,-60,135,729,-4109
3097802025,3854,9,35,-43,328,449,-3664
3097803025,3852,3,26,-19,226,160,-3864
3097804025,3850,5,18,-3,183,111,-4068
3097805025,3848,21,-14,16,319,127,-3823
3097806025,3847,12,-31,31,242,222,-3716
3097807025,3845,12,-49,31,-7,66,-3966
3097808025,3843,13,-55,26,23,-212,-4047
3097809025,3841,-2,-43,23,-6,-288,-4041
3097810025,3839,-12,-37,14,-136,-308,-4198
3097811025,3837,0,-27,0,-242,-275,-4323
3097812025,3835,-1,-7,-6,-181,-326,-4284
3097813025,3832,-12,5,-15,-156,-362,-4286
3097814025,3830,-13,18,-22,58,-311,-4403
3097815025,3828,-4,21,-31,112,-164,-4469
3097816025,3825,14,12,-39,174,-151,-4322
3097817025,3823,7,12,-39,193,-297,-4054
3097818025,3820,3,13,-40,73,-270,-4061
3097819025,3818,9,14,-36,13,-49,-4059
3097820025,3815,8,-2,-46,-54,-81,-3869
3097821025,3813,1,-20,-58,-36,-118,-3670
3097822025,3810,-12,-30,-71,-221,-220,-3847
3097823025,3808,-29,-26,-68,-474,-64,-4016
3097824025,3805,-10,-18,-64,-645,446,-4153
3097825025,3802,-22,12,-56,-465,700,-4087
3097826025,3800,-7,28,-39,-221,782,-4298
3097827025,3797,-2,38,-33,23,789,-4376
3097828025,3795,2,46,-15,220,667,-4363
3097829025,3793,14,31,-5,408,299,-4182
3097830025,3791,4,26,14,400,-100,-3910
3097831025,3789,3,7,23,293,-261,-3816
3097832025,3787,2,0,23,362,-307,-3817
3097833025,3785,-16,2,30,371,-236,-3962
3097834025,3783,-4,-21,23,379,16,-3904
3097835025,3781,-2,-27,14,369,35,-3813
3097836025,3779,-5,-19,7,251,-44,-3980
3097837025,3777,9,-42,-7,155,-193,-4228
3097838025,3776,7,-31,-22,160,-209,-4182
3097839025,3774,4,-25,-33,86,-208,-4283
3097840025,3772,10,-18,-44,61,-188,-4295
3097841025,3770,6,-9,-35,20,-231,-4290
3097842025,3768,3,-18,-47,-154,-331,-4196
3097843025,3766,-2,-23,-49,-265,-306,-3867
3097844025,3764,-18,-16,-59,-466,-186,-4097
3097845025,3762,-16,-12,-60,-544,-15,-4210
3097846025,3759,-11,-14,-53,-345,333,-4112
3097847025,3757,-10,-6,-51,-330,629,-4174
3097848025,3755,1,6,-48,-320,637,-4316
3097849025,3753,17,19,-41,-123,531,-4219
3097850025,3751,16,24,-37,-12,397,-4170
3097851025,3749,9,30,-22,155,194,-4060
3097852025,3746,-4,36,-9,297,32,-4060
3097853025,3744,3,23,-3,358,-96,-3884
3097854025,3742,-10,14,-2,555,-198,-3712
3097855025,3740,-16,10,-6,549,-200,-3761
3097856025,3738,-12,-10,-1,284,-41,-3858
3097857025,3736,-9,-10,-6,340,216,-3864
3097858025,3734,-7,-19,-21,388,56,-4012
3097859025,3731,2,-33,-26,411,36,-4038
3097860025,3729,3,-32,-33,217,76,-4186
3097861025,3727,11,-34,-42,141,24,-4295
3097862025,3724,19,-29,-42,61,-135,-4239
3097863025,3722,20,-23,-53,-111,-248,-4186
3097864025,3720,10,-30,-57,-30,-278,-4129
3097865025,3717,9,-37,-66,-298,-262,-4020
3097866025,3715,1,-33,-74,-377,-278,-4142
3097867025,3713,4,-32,-69,-585,93,-4393
3097868025,3710,0,-18,-64,-555,306,-4378
3097869025,3708,6,-13,-61,-432,567,-4025
3097870025,3705,1,6,-51,-348,570,-4101
3097871025,3703,2,25,-35,-232,440,-4280
3097872025,3701,5,30,-18,26,322,-4097
3097873025,3699,6,38,-6,148,238,-3954
3097874025,3696,-8,34,12,256,-62,-3963
3097875025,3695,-5,29,23,393,-138,-3947
3097876025,3693,2,17,25,693,-208,-3753
3097877025,3691,-5,7,21,723,-176,-3814
3097878025,3689,-2,-9,20,457,-77,-3944
3097879025,3687,9,-9,5,469,-60,-3973
3097880025,3685,3,-21,-10,438,-32,-3827
3097881025,3682,18,-28,-23,331,8,-3981
3097882025,3680,17,-19,-33,293,-94,-4066
3097883025,3678,16,-25,-40,158,-253,-4247
3097884025,3676,14,-25,-46,91,-274,-4263
3097885025,3674,6,-15,-50,-1,-168,-4337
3097886025,3671,-1,-27,-62,102,-220,-4256
3097887025,3669,-1,-27,-61,79,-123,-4133
3097888025,3667,3,-39,-73,-135,-95,-4236
3097889025,3664,-8,-24,-78,-360,138,-4281
3097890025,3662,15,-28,-73,-404,520,-4163
3097891025,3659,10,-16,-75,-312,487,-3935
3097892025,3657,2,-14,-68,-470,659,-3920
3097893025,3654,6,-4,-47,-541,559,-4283
3097894025,3652,10,8,-36,-228,351,-4019
3097895025,3650,2,17,-11,-30,247,-4035
3097896025,3648,-7,25,3,39,179,-4009
3097897025,3645,-6,20,13,125,92,-4112
3097898025,3643,-3,16,26,468,-26,-3841
3097899025,3641,-14,7,24,479,-171,-3894
3097900025,3639,-11,3,21,409,-135,-4060
3097901025,3637,9,-6,8,566,-222,-3965
3097902025,3635,0,-12,-4,472,-189,-3848
3097903025,3632,7,-14,-16,341,-83,-3947
3097904025,3630,18,-17,-37,278,-44,-4023
3097905025,3627,25,-15,-38,235,-79,-4100
3097906025,3625,24,-24,-50,186,-291,-4288
3097907025,3622,15,-32,-62,171,-326,-4273
3097908025,3620,23,-34,-75,4,-285,-4319
3097909025,3617,16,-42,-84,-86,-283,-4322
3097910025,3615,13,-39,-88,-225,-197,-4327
3097911025,3612,-1,-19,-92,-205,-3,-4303
3097912025,3610,-12,-13,-90,-267,420,-4190
3097913025,3607,15,-22,-83,-302,802,-4048
3097914025,3605,15,-9,-74,-291,774,-3876
3097915025,3602,2,-4,-52,-527,743,-3988
3097916025,3600,-4,19,-26,-87,486,-3986
3097917025,3598,-2,11,-13,250,326,-3826
3097918025,3596,-5,-5,8,422,85,-3928
3097919025,3594,-5,-4,14,382,-32,-3894
3097920025,3591,3,-12,19,210,-150,-3870
3097921025,3589,-5,5,24,367,-185,-3804
3097922025,3587,-2,-2,15,521,-193,-3985
3097923025,3585,2,-6,5,527,-162,-4051
3097924025,3583,19,-24,-15,465,-110,-3927
3097925025,3581,10,-32,-32,176,-145,-4018
3097926025,3579,11,-20,-43,11,-307,-4385
3097927025,3576,11,-12,-51,242,-355,-4417
3097928025,3574,5,-7,-53,288,-291,-4386
3097929025,3571,12,-24,-67,174,-198,-4341
3097930025,3569,15,-39,-75,-55,-164,-4431
3097931025,3567,28,-46,-68,-286,-229,-4407
3097932025,3564,15,-36,-69,-347,-195,-4434
3097933025,3562,16,-39,-53,-743,267,-4438
3097934025,3559,18,-20,-47,-380,452,-4017
3097935025,3557,5,-17,-40,-434,579,-4010
3097936025,3554,18,-21,-37,-271,381,-4210
3097937025,3552,14,-4,-33,-124,365,-4084
3097938025,3549,10,3,-29,182,188,-3864
3097939025,3547,-10,14,-17,226,156,-3922
3097940025,3544,5,11,-11,401,132,-3783
3097941025,3542,-5,14,-13,514,40,-3630
3097942025,3539,-9,14,-12,372,-94,-3784
3097943025,3537,2,10,-12,368,-130,-4021
3097944025,3534,3,-4,-12,352,-40,-3841
3097945025,3532,-3,-8,-12,292,-4,-3876
3097946025,3529,-1,-15,-19,282,40,-3911
3097947025,3527,1,-15,-28,225,-3,-4127
3097948025,3524,7,-14,-35,196,-58,-4239
3097949025,3522,7,-19,-39,-36,-124,-4313
3097950025,3519,10,-25,-53,-96,-131,-4400
3097951025,3516,7,-23,-51,-349,-129,-4325
3097952025,3513,12,-42,-48,-459,-292,-4351
3097953025,3511,-5,-36,-46,-744,-115,-4437
3097954025,3508,-1,-18,-32,-635,111,-4564
3097955025,3505,-7,-8,-28,-416,203,-4461
3097956025,3503,-1,7,-20,-204,326,-4305
3097957025,3500,11,4,-23,118,198,-4220
3097958025,3497,0,18,-18,11,231,-4151
3097959025,3495,2,32,-12,179,88,-4065
3097960025,3492,2,42,-18,353,3,-3890
3097961025,3490,-1,38,-15,409,-133,-3812
3097962025,3487,-1,28,-17,395,-111,-3694
3097963025,3485,-6,25,-13,400,-36,-3655
3097964025,3483,-8,20,-12,311,-13,-3721
3097965025,3480,-7,6,-15,423,7,-3872
3097966025,3478,-3,-5,-18,419,99,-3946
3097967025,3476,9,-27,-19,258,123,-4020
3097968025,3473,9,-46,-16,-70,116,-4090
3097969025,3471,7,-38,-10,-145,118,-4158
3097970025,3469,9,-39,-3,-536,-48,-4239
3097971025,3466,6,-34,-2,-503,-73,-4237
3097972025,3464,18,-33,-6,-283,-269,-4278
3097973025,3462,-3,-30,-13,-236,-286,-4529
3097974025,3459,5,-21,-19,-436,-168,-4569
3097975025,3457,5,-10,-30,-235,-135,-4362
3097976025,3454,-4,11,-44,-204,64,-4221
3097977025,3451,-6,32,-55,-102,147,-4358
3097978025,3449,1,40,-59,29,219,-4234
3097979025,3446,3,50,-64,228,310,-4068
3097980025,3443,-2,62,-56,281,381,-4011
3097981025,3441,9,53,-54,471,230,-3794
3097982025,3438,2,39,-45,503,79,-3558
3097983025,3436,2,30,-45,485,42,-3660
3097984025,3434,-1,4,-32,463,51,-3733
3097985025,3431,-2,-14,-27,329,155,-3810
3097986025,3429,5,-30,-12,104,353,-3818
3097987025,3427,7,-42,-4,-9,358,-3858
3097988025,3424,9,-45,0,-182,309,-3988
3097989025,3422,14,-38,9,-131,118,-4197
3097990025,3419,11,-33,11,-189,-42,-4478
3097991025,3417,10,-27,15,-40,-104,-4365
3097992025,3415,6,-19,19,-312,-113,-4379
3097993025,3412,8,-21,2,-240,-341,-4384
3097994025,3410,6,-17,-17,-202,-510,-4112
3097995025,3407,-10,-2,-26,-166,-541,-4271
3097996025,3404,-8,-2,-34,-220,-359,-4392
3097997025,3401,4,7,-49,-200,-74,-4369
3097998025,3398,-3,23,-62,-14,163,-4001
3097999026,3395,1,32,-72,10,193,-4110
3098000025,3393,3,44,-77,238,222,-4194
3098001025,3390,2,52,-70,362,286,-4108
3098002025,3387,5,43,-72,457,261,-4006
3098003025,3384,2,32,-58,371,233,-3871
3098004025,3381,3,21,-39,478,236,-3594
3098005025,3379,-2,3,-41,362,133,-3742
3098006025,3376,-3,-9,-21,236,168,-3862
3098007025,3374,2,-24,-2,200,285,-3807
3098008025,3371,-5,-40,13,-5,375,-3935
3098009025,3369,16,-35,21,-54,362,-3968
3098010025,3366,17,-44,20,-136,136,-3982
3098011025,3364,16,-43,18,-110,-239,-4222
3098012025,3362,9,-35,9,-238,-438,-4388
3098013025,3359,2,-33,-7,-233,-528,-4402
3098014025,3356,1,-11,-13,-268,-301,-4382
3098015025,3354,-5,2,-21,-299,-252,-4422
3098016025,3351,-6,17,-39,-73,-151,-4410
3098017025,3348,-5,36,-54,118,-19,-4264
3098018025,3346,7,39,-66,219,90,-4259
3098019025,3343,3,46,-69,299,85,-4153
3098020025,3340,4,47,-57,360,178,-3906
3098021025,3338,9,35,-55,477,132,-3795
3098022025,3335,-2,27,-51,570,84,-3706
3098023025,3333,1,1,-43,429,199,-3822
3098024025,3330,10,-20,-40,374,272,-3767
3098025025,3328,8,-38,-24,88,381,-3713
3098026025,3326,10,-41,-2,-130,377,-3878
3098027025,3323,15,-42,3,-108,277,-4040
3098028025,3321,11,-43,6,-142,199,-4152
3098029025,3319,15,-45,15,-248,160,-4250
3098030025,3316,14,-49,6,-230,-73,-4380
3098031025,3314,9,-37,5,-375,-240,-4303
3098032025,3311,2,-20,-11,-320,-451,-4361
3098033025,3309,-5,-6,-21,-312,-379,-4311
3098034025,3306,-6,7,-31,-291,-214,-4335
3098035025,3303,-2,26,-51,22,-67,-4128
3098036025,3300,2,41,-63,74,29,-4196
3098037025,3298,2,38,-68,213,96,-4046
3098038025,3295,4,45,-75,367,194,-3885
3098039025,3292,5,38,-77,502,236,-3852
3098040025,3289,4,28,-72,576,183,-3779
3098041025,3286,0,16,-63,458,150,-3812
3098042025,3283,5,3,-58,532,160,-3822
3098043025,3280,3,-13,-42,351,159,-3817
3098044025,3278,8,-34,-31,167,252,-3889
3098045025,3275,11,-52,-13,-158,321,-3941
3098046025,3272,7,-40,1,-246,298,-4066
3098047025,3270,-1,-36,13,-239,268,-4091
3098048025,3267,7,-37,18,-123,154,-4256
3098049025,3265,6,-41,20,-123,-94,-4448
3098050025,3262,2,-29,20,-241,-211,-4346
3098051025,3259,-5,-21,19,-224,-341,-4317
3098052025,3257,1,-7,9,-172,-274,-4276
3098053025,3254,10,-2,-11,43,-485,-4303
3098054025,3251,7,3,-25,-48,-452,-4352
3098055025,3248,9,2,-41,125,-291,-4063
3098056025,3245,2,12,-42,169,-129,-3843
3098057025,3243,1,20,-59,85,2,-4019
3098058025,3240,0,14,-62,386,27,-4055
3098059025,3237,-2,13,-61,460,181,-3931
3098060025,3234,-7,8,-62,528,253,-3950
3098061025,3231,2,-7,-49,252,392,-3892
3098062025,3228,9,-10,-35,107,344,-3898
3098063025,3226,4,-23,-11,-5,224,-4004
3098064025,3223,-4,-17,2,42,244,-4014
3098065025,3220,1,-14,13,112,337,-4004
3098066025,3218,7,-35,14,-47,326,-4062
3098067025,3215,20,-41,12,2,173,-3855
3098068025,3212,11,-36,5,-217,-160,-4217
3098069025,3210,6,-31,-1,-328,-232,-4434
3098070025,3207,13,-16,-15,-123,-278,-4315
3098071025,3204,3,-6,-33,-108,-161,-4056
3098072025,3201,3,2,-44,-73,-129,-4217
3098073025,3198,-4,13,-49,70,-146,-4265
3098074025,3195,-10,20,-49,60,-56,-4287
3098075025,3192,-16,25,-54,280,13,-4213
3098076025,3189,-19,30,-46,265,248,-4103
3098077025,3186,-7,11,-39,324,212,-4036
3098078025,3183,-1,-4,-26,179,132,-3972
3098079025,3181,-4,-4,-17,153,108,-3992
3098080025,3178,2,-20,-2,-147,194,-4183
3098081025,3175,9,-14,10,-141,280,-4062
3098082025,3173,7,-18,20,-38,225,-3863
3098083025,3170,1,-15,22,-142,149,-4045
3098084025,3167,12,-15,23,-33,61,-4213
3098085025,3164,7,-11,23,201,-122,-4184
3098086025,3162,5,-17,11,-112,-312,-4351
3098087025,3159,14,-12,0,16,-378,-4105
3098088025,3156,4,-9,-10,-24,-497,-3988
3098089025,3153,-2,-8,-32,-274,-583,-4292
3098090025,3150,-3,0,-42,-238,-294,-4269
3098091025,3147,-8,17,-52,-186,56,-4157
3098092025,3144,-24,36,-52,-99,215,-4134
3098093025,3141,-10,34,-58,190,346,-4060
3098094025,3138,-21,31,-64,231,372,-4115
3098095025,3135,-6,21,-45,-29,487,-4100
3098096025,3132,-9,20,-28,38,396,-3972
3098097025,3129,-15,23,-13,-129,401,-3905
3098098025,3127,-3,17,10,-56,351,-3938
3098099025,3124,-3,10,23,157,184,-3788
3098100025,3121,-2,4,36,247,71,-4037
3098101025,3119,-7,-9,36,226,61,-4161
3098102025,3116,2,-8,39,237,24,-4071
3098103025,3113,0,-9,30,232,-103,-3923
3098104025,3111,1,-9,15,68,-181,-4211
3098105025,3108,8,3,7,95,-151,-4188
3098106025,3105,-1,-2,-9,72,-276,-4167
3098107025,3102,11,-5,-23,17,-293,-4139
3098108025,3099,-8,-8,-41,-42,-441,-4117
3098109025,3096,-10,-1,-47,-257,-375,-4340
3098110025,3093,-6,-7,-47,-181,-132,-4317
3098111025,3090,-11,6,-42,-139,58,-4224
3098112025,3087,-7,7,-39,-260,358,-4167
3098113025,3084,-6,23,-29,-292,594,-4253
3098114025,3081,4,22,-16,-72,557,-4088
3098115025,3078,5,27,-10,57,466,-4095
3098116025,3075,7,18,0,64,210,-4168
3098117025,3072,16,3,11,185,12,-3961
3098118025,3069,-1,8,21,96,-142,-3835
3098119025,3066,-7,14,28,46,-80,-3973
3098120025,3063,-4,18,33,222,-34,-3959
3098121025,3061,-11,21,25,291,-24,-3871
3098122025,3058,-2,-4,8,351,-82,-4051
3098123025,3055,3,-17,-23,246,-229,-3822
3098124025,3052,-10,-9,-24,14,-174,-3899
3098125025,3049,-1,-14,-39,-149,-86,-4070
3098126025,3046,-4,-3,-46,-68,-35,-4128
3098127025,3043,5,-8,-59,-73,84,-4243
3098128025,3040,4,-4,-68,-29,144,-4345
3098129025,3037,-2,9,-60,-55,142,-4351
3098130025,3034,-4,9,-58,-135,279,-4395
3098131025,3031,11,12,-33,-123,482,-4225
3098132025,3028,4,14,-17,-130,461,-3976
3098133025,3025,8,9,-2,-209,400,-4079
3098134025,3022,7,7,12,-66,256,-4034
3098135025,3020,13,-8,33,22,25,-3862
3098136025,3017,3,-5,44,13,-195,-3947
3098137025,3015,-4,3,50,-82,-187,-4092
3098138025,3012,-1,-2,49,58,-198,-4092
3098139025,3010,-6,3,39,301,-205,-3929
3098140025,3007,-1,9,26,174,-216,-4117
3098141025,3004,5,13,13,191,-239,-4062
3098142025,3001,1,14,-9,108,-227,-4097
3098143025,2998,-1,14,-23,96,-247,-3998
3098144025,2995,-1,3,-35,135,-272,-3894
3098145025,2992,-3,12,-45,-67,-207,-4147
3098146025,2989,-6,9,-54,63,-95,-4231
3098147025,2986,-7,10,-53,95,18,-4223
3098148025,2983,-3,6,-59,117,234,-4196
3098149025,2980,-4,3,-58,102,280,-4292
3098150025,2977,0,7,-39,11,618,-4206
3098151025,2974,19,-8,-30,31,750,-3992
3098152025,2971,15,-3,-16,-107,723,-3878
3098153025,2968,19,-6,1,-288,494,-3949
3098154025,2965,9,-10,20,-146,132,-3928
3098155025,2962,7,-4,44,-73,0,-4024
3098156025,2960,-4,2,49,36,0,-4042
3098157025,2957,-7,-7,47,-30,-186,-4090
3098158025,2954,2,-3,46,105,-222,-4103
3098159025,2951,-3,-6,24,262,-383,-3926
3098160025,2949,-16,6,4,-52,-251,-4148
3098161025,2946,-2,5,-6,10,-166,-4218
3098162025,2942,5,0,-26,79,-74,-3912
3098163025,2939,-1,8,-40,-149,-11,-3960
3098164025,2936,1,23,-54,-2,-5,-4181
3098165025,2933,6,37,-48,213,18,-4265
3098166025,2930,3,35,-50,383,-2,-4238
3098167025,2927,3,21,-48,400,96,-4181
3098168025,2924,-3,9,-39,203,186,-4146
3098169025,2921,15,-10,-22,-73,373,-3978
3098170025,2918,15,-11,-12,3,304,-3854
3098171025,2915,-3,-14,13,-188,253,-3917
3098172025,2912,7,-22,28,-193,282,-4141
3098173025,2909,10,-21,35,4,282,-3922
3098174025,2907,7,-17,42,-4,142,-4122
3098175025,2904,11,-22,41,-180,73,-4146
3098176025,2901,13,-26,37,-118,-142,-4163
3098177025,2898,9,-15,18,-3,-404,-4020
3098178025,2895,1,-12,-7,-114,-495,-4360
3098179025,2892,3,-12,-16,-50,-416,-4351
3098180025,2889,6,-2,-31,-171,-160,-4084
3098181025,2886,1,12,-37,-158,53,-4016
3098182025,2883,-12,34,-45,-8,236,-4141
3098183025,2880,1,33,-51,345,289,-4088
3098184025,2877,-6,36,-48,622,220,-4072
3098185025,2874,-8,24,-41,502,255,-4097
3098186025,2871,3,-3,-32,329,291,-3930
3098187025,2868,5,-15,-17,-42,349,-3811
3098188025,2865,4,-10,-4,-78,219,-3804
3098189025,2862,2,-17,16,-159,190,-3899
3098190025,2860,2,-25,29,-211,330,-4098
3098191025,2857,7,-26,41,20,332,-3930
3098192025,2855,15,-29,36,-36,148,-4195
3098193025,2852,12,-30,43,-50,14,-4264
3098194025,2849,6,-40,22,-38,-304,-4174
3098195025,2846,11,-25,21,-240,-342,-4121
3098196025,2843,6,-17,-6,-175,-523,-4295
3098197025,2840,1,-3,-16,-224,-334,-4238
3098198027,2837,3,7,-31,-132,-329,-4253
3098199025,2834,-8,13,-40,-10,-145,-4060
3098200025,2831,-9,23,-52,-41,81,-4284
3098201025,2828,-16,38,-46,265,148,-4237
3098202025,2825,-13,30,-49,288,226,-4226
3098203025,2822,0,19,-34,256,435,-4064
3098204025,2819,1,-1,-24,84,372,-3970
3098205025,2816,9,-8,-4,-162,256,-4023
3098206028,2813,1,-2,17,-155,185,-4118
3098207025,2811,0,-4,22,-120,164,-4103
3098208025,2808,8,-7,31,204,125,-3869
3098209025,2805,-6,-13,30,96,123,-3986
3098210025,2802,13,-30,27,134,1,-4098
3098211026,2799,9,-13,29,203,-79,-4025
3098212025,2797,-1,-10,19,36,-152,-4183
3098213025,2794,2,-18,-11,18,-287,-4203
3098214025,2791,10,-19,-22,-182,-246,-3957
3098215025,2788,-7,-6,-23,-306,-397,-4246
3098216025,2785,-16,5,-33,-441,-347,-4380
3098217025,2781,-4,12,-33,-230,-16,-4339
3098218025,2778,-1,14,-23,-143,346,-4064
3098219025,2775,-6,13,-20,-153,380,-4192
3098220025,2772,-4,20,-8,-196,400,-4261
3098221025,2769,0,33,1,-151,390,-4275
3098222025,2766,2,28,24,41,358,-4043
3098223025,2763,7,16,25,286,112,-3886
3098224025,2760,2,5,37,93,-74,-4065
3098225025,2758,10,7,39,123,-176,-4037
3098226025,2755,-4,8,39,309,-229,-3849
3098227025,2752,-2,11,40,149,-23,-4018
3098228025,2749,-2,10,32,396,-102,-3929
3098229025,2746,-8,7,27,257,-214,-4069
3098230025,2743,0,1,18,212,-235,-4172
3098231025,2740,5,4,2,157,-159,-4086
3098232025,2737,-7,3,-9,21,-249,-4113
3098233025,2734,-6,-5,-18,45,-294,-4017
3098234025,2731,-8,-2,-20,61,-324,-4097
3098235025,2728,-11,-7,-18,-266,-16,-4418
3098236025,2724,-3,-8,-14,-275,313,-4326
3098237025,2721,1,2,-7,-343,514,-4154
3098238025,2718,6,20,6,-186,479,-4246
3098239025,2715,-4,28,15,-104,501,-4294
3098240025,2712,20,18,26,90,452,-4366
3098241025,2709,23,2,25,256,124,-4161
3098242025,2706,20,-7,38,-66,-95,-4011
3098243025,2703,13,8,36,-91,-173,-3931
3098244025,2701,-5,24,33,-20,-232,-3746
3098245025,2698,-4,20,20,177,-175,-3942
3098246025,2695,-5,12,10,312,-93,-3925
3098247025,2692,-4,2,-7,74,32,-3984
3098248026,2688,-3,9,-10,-9,120,-4018
3098249025,2685,-7,14,-19,102,162,-3954
3098250025,2682,1,15,-28,114,167,-4152
3098251025,2679,9,11,-33,171,184,-4202
3098252025,2676,1,11,-31,159,207,-4154
3098253025,2673,11,8,-25,-55,198,-4164
3098254025,2670,7,15,-10,-160,191,-4077
3098255025,2667,0,9,9,-41,144,-3939
3098256025,2664,-1,0,29,-104,165,-3970
3098257025,2661,0,-5,36,-89,153,-4024
3098258025,2658,0,-10,42,-78,60,-4047
3098259025,2655,-5,-2,52,-72,-43,-4123
3098260025,2652,-4,4,51,21,-98,-4181
3098261025,2649,-10,6,48,51,-310,-4056
3098262025,2646,-10,4,22,51,-445,-4064
3098263025,2643,-1,1,8,-38,-437,-4017
3098264025,2640,-18,18,-19,-13,-451,-4212
3098265025,2636,-11,20,-31,-123,-151,-4243
3098266025,2633,-2,22,-36,68,6,-4090
3098267025,2630,-12,27,-48,-10,438,-4023
3098268025,2626,16,26,-55,84,364,-4384
3098269025,2623,19,29,-54,271,216,-4241
3098270025,2620,14,26,-49,222,192,-4231
3098271025,2616,10,29,-45,211,292,-4102
3098272025,2613,7,33,-31,263,337,-4024
3098273025,2611,5,19,-14,75,421,-3914
3098274025,2608,10,-12,8,122,431,-3659
3098275025,2605,-4,-14,19,-17,365,-3586
3098276025,2602,5,-26,37,-225,276,-3815
3098277025,2600,0,-26,53,-105,112,-3948
3098278025,2597,4,-18,63,-27,20,-4195
3098279025,2595,-5,-25,63,208,-124,-4270
3098280025,2592,-1,-20,59,-50,-156,-4351
3098281025,2590,13,-22,39,-49,-370,-4279
3098282025,2587,0,-15,25,-128,-448,-3999
3098283025,2584,-4,3,0,-245,-443,-4331
3098284025,2582,-4,13,-11,-157,-428,-4422
3098285025,2579,7,18,-29,11,-153,-4286
3098286025,2576,-2,27,-51,188,30,-4054
3098287025,2573,3,31,-56,93,180,-4160
3098288025,2570,17,31,-59,214,249,-4208
3098289025,2567,8,37,-60,383,206,-4071
3098290025,2564,7,19,-52,201,359,-4050
3098291025,2561,19,-5,-34,125,477,-3748
3098292025,2559,11,-20,-19,-117,344,-3661
3098293025,2556,10,-14,-6,-201,177,-3974
3098294025,2553,4,-7,19,-109,153,-4082
3098295025,2550,2,-23,14,107,90,-4032
3098296025,2547,3,-34,12,8,88,-4000
3098297025,2545,5,-38,0,-183,-108,-4169
3098298025,2542,-5,-31,-8,-164,-234,-4237
3098299025,2538,-13,-9,-18,-210,-105,-4293
3098300025,2535,-5,7,-29,-55,41,-4126
3098301025,2532,-7,18,-42,-44,144,-4057
3098302025,2529,-3,34,-38,30,172,-4065
3098303025,2525,-3,43,-42,165,136,-4047
3098304025,2522,-3,39,-36,344,51,-4160
3098305025,2519,-2,29,-24,412,104,-4090
3098306025,2516,1,9,-8,292,65,-3852
3098307025,2513,2,-3,0,128,63,-3798
3098308025,2510,9,-13,19,-118,-42,-4005
3098309025,2507,-3,-16,38,-109,18,-3973
3098310025,2504,-7,-13,48,48,97,-3943
3098311025,2501,1,-21,53,-40,147,-4038
3098312025,2498,4,-25,50,-24,50,-4088
3098313025,2495,6,-16,47,-12,-126,-4162
3098314025,2492,9,-14,40,-19,-308,-4360
3098315025,2489,5,-12,28,105,-378,-4144
3098316025,2486,5,-8,14,107,-432,-4153
3098317025,2483,10,-10,-2,-52,-505,-4341
3098318025,2480,6,7,-13,-49,-403,-4239
3098319025,2477,-4,14,-27,-42,-122,-4164
3098320025,2474,-3,12,-32,146,161,-4075
3098321025,2471,-8,26,-28,163,244,-4059
3098322025,2467,-5,17,-37,345,352,-4077
3098323025,2464,-12,17,-30,352,425,-4014
3098324025,2461,-7,-2,-19,116,609,-3966
3098325025,2458,6,-12,-13,-55,530,-3920
3098326025,2455,-3,-8,5,-168,400,-3930
3098327025,2452,3,-4,31,-264,260,-4097
3098328025,2449,7,-4,49,-121,277,-4077
3098329025,2447,8,-10,66,105,220,-3979
3098330025,2444,8,-17,60,115,183,-3984
3098331025,2441,5,-20,58,-58,65,-4066
3098332025,2438,5,-8,52,-3,-141,-4064
3098333025,2435,0,-8,33,-17,-282,-4244
3098334025,2432,2,-1,17,4,-341,-4155
3098335025,2429,-1,-2,9,20,-339,-4139
3098336025,2426,-6,2,-12,-193,-282,-4236
3098337025,2422,-1,13,-22,-115,-254,-4215
3098338025,2419,-9,20,-18,-123,-69,-4340
3098339025,2416,-7,23,-19,-51,65,-4313
3098340025,2412,-7,17,-18,69,196,-4170
3098341025,2409,-2,13,-5,-121,374,-4248
3098342025,2406,1,7,0,-87,348,-4117
3098343025,2403,-1,10,7,-78,242,-4034
3098344025,2400,0,13,21,23,239,-4090
3098345025,2397,13,2,27,-21,44,-4140
3098346025,2394,15,-16,14,102,-32,-3904
3098347025,2391,13,-12,14,-84,-70,-3898
3098348025,2388,11,-2,4,-78,-156,-4056
3098349025,2385,5,-6,-4,1,-224,-4115
3098350025,2381,0,-3,-17,-48,-118,-4044
3098351025,2378,-8,-3,-27,-98,61,-3911
3098352025,2375,-10,11,-30,-192,102,-4141
3098353025,2372,-10,25,-23,-131,134,-4191
3098354025,2369,-8,32,-19,190,191,-4166
3098355025,2366,-16,31,-4,156,346,-4226
3098356025,2363,4,19,11,55,447,-4014
3098357025,2360,4,19,16,-128,195,-3845
3098358025,2357,0,17,34,-118,79,-3907
3098359025,2355,-5,12,52,-60,-14,-4105
3098360025,2352,9,-2,70,-20,28,-4110
3098361025,2350,2,-11,72,-20,57,-3910
3098362025,2347,4,-12,67,-146,36,-3950
3098363025,2344,9,-7,68,-190,-98,-4208
3098364025,2342,4,0,63,117,-315,-4222
3098365025,2339,-1,-3,50,-63,-348,-4295
3098366025,2336,5,-6,32,4,-397,-4252
3098367025,2333,-8,-3,24,81,-542,-4093
3098368025,2330,-10,4,7,-156,-468,-4208
3098369025,2327,-16,9,-5,-156,-297,-4244
3098370025,2324,-6,10,-17,-203,83,-4189
3098371026,2320,-5,16,-23,-99,153,-4149
3098372025,2317,-6,29,-36,23,195,-4131
3098373025,2314,-4,22,-32,10,382,-4178
3098374025,2311,-2,33,-26,44,514,-4223
3098375025,2307,7,23,-11,-68,645,-4114
3098376025,2304,9,22,0,-89,608,-3944
3098377025,2301,3,12,20,-192,527,-3695
3098378025,2298,9,1,44,-332,370,-3893
3098379025,2295,-3,7,66,-119,200,-3953
3098380025,2292,-3,-1,73,-59,87,-3960
3098381025,2289,-10,-16,76,-7,22,-4011
3098382025,2286,-4,-24,71,-38,-54,-3939
3098383025,2283,-9,-23,61,-259,-202,-4142
3098384025,2280,1,-13,50,-252,-103,-4227
3098385025,2277,-11,5,43,-122,-93,-4159
3098386027,2273,-9,9,21,-133,-97,-4228
3098387025,2270,3,18,11,-91,-85,-4318
3098388025,2267,-3,24,0,-28,-74,-4187
3098389025,2264,0,35,1,-34,-29,-4345
3098390025,2260,-1,41,3,53,-2,-4354
3098391025,2257,1,44,6,313,-118,-4173
3098392025,2254,3,26,5,363,-104,-4045
3098393025,2251,0,9,7,144,-96,-4027
3098394025,2248,5,-2,8,57,135,-4031
3098395025,2245,5,-8,21,-155,235,-3885
3098396025,2243,5,-12,31,-192,353,-3848
3098397025,2240,7,-17,39,-265,342,-3916
3098398025,2237,11,-30,47,-286,207,-3879
3098399025,2234,13,-34,47,-349,72,-3966
3098400025,2232,9,-38,50,-500,-134,-4153
3098401025,2229,11,-25,48,-466,-277,-4277
3098402025,2226,-2,-3,40,-350,-330,-4307
3098403025,2224,-4,7,32,-297,-215,-4321
3098404025,2221,-6,23,17,-79,-110,-4309
3098405025,2218,-8,30,2,21,-19,-4254
3098406025,2215,2,37,-7,-25,277,-4163
3098407025,2213,2,52,-14,228,357,-3879
3098408025,2210,0,56,-8,164,357,-3834
3098409025,2207,2,54,-6,335,219,-3916
3098410025,2204,6,42,-10,457,50,-3805
3098411025,2202,-2,17,-5,350,-23,-3837
3098412025,2199,1,8,-5,313,-12,-3867
3098413025,2197,0,-9,3,127,55,-3968
3098414025,2194,0,-3,12,270,100,-4016
3098415025,2192,-2,-24,14,35,187,-4019
3098416025,2190,16,-42,22,-320,439,-4011
3098417025,2187,9,-43,25,-392,476,-3918
3098418025,2185,11,-29,36,-729,291,-4084
3098419025,2182,7,-6,46,-476,75,-4328
3098420025,2180,7,-6,42,-346,-274,-4342
3098421025,2177,5,-13,47,-144,-368,-4288
3098422025,2175,2,-4,46,-249,-366,-4172
3098423025,2172,-9,3,45,-529,-453,-4421
3098424025,2169,-5,22,35,-236,-353,-4187
3098425025,2167,-14,39,20,12,-225,-3985
3098426025,2164,-17,41,7,83,-64,-4092
3098427025,2161,-8,38,-10,267,181,-4060
3098428025,2158,3,37,-18,313,155,-3916
3098429025,2155,-1,37,-26,287,214,-3839
3098430025,2152,-1,34,-23,327,233,-3911
3098431025,2149,2,25,-19,362,198,-3992
3098432025,2146,9,5,-16,408,85,-3948
3098433025,2143,2,-6,-7,327,51,-3936
3098434025,2140,3,-18,5,24,230,-4015
3098435025,2138,4,-18,12,-132,246,-4040
3098436025,2135,10,-33,20,-203,353,-3878
3098437025,2132,13,-30,31,-402,312,-3985
3098438025,2130,6,-25,29,-543,194,-4367
3098439025,2127,8,-22,33,-385,82,-4281
3098440025,2124,13,-17,34,-362,28,-4145
3098441025,2121,1,-9,29,-399,-47,-4089
3098442025,2119,-9,10,20,-423,-197,-4400
3098443025,2116,-6,23,26,-158,-229,-4314
3098444025,2113,-9,31,22,77,-206,-4183
3098445025,2110,-15,31,16,209,-96,-4078
3098446025,2108,-5,39,18,229,55,-4075
3098447025,2105,-5,40,15,437,11,-3853
3098448025,2103,-14,28,17,416,40,-3813
3098449025,2100,-6,20,15,369,72,-3909
3098450025,2097,11,5,9,424,-18,-3942
3098451025,2095,5,-9,14,319,-89,-3911
3098452025,2092,5,-16,8,199,-54,-3989
3098453025,2090,4,-18,16,-5,138,-4063
3098454025,2087,8,-30,21,-21,178,-4032
3098455025,2085,1,-23,25,-91,205,-4076
3098456025,2082,1,-20,20,-316,61,-4397
3098457025,2080,16,-31,21,-241,28,-4281
3098458025,2077,11,-32,22,-298,-26,-4154
3098459025,2075,3,-33,16,-519,-208,-4386
3098460025,2072,8,-11,17,-627,-101,-4494
3098461025,2069,6,11,11,-298,-48,-4224
3098462025,2067,-11,25,3,-57,97,-4027
3098463025,2064,3,23,-6,-59,215,-4050
3098464025,2061,0,31,-12,45,254,-4031
3098465025,2058,-2,39,-13,281,60,-3905
3098466025,2056,-13,43,-9,262,123,-4003
3098467025,2053,-10,41,-5,383,161,-3993
3098468025,2050,1,25,-3,468,226,-3728
3098469025,2048,5,2,1,352,182,-3721
3098470025,2045,-2,-2,5,226,129,-3873
3098471025,2043,12,-9,16,185,150,-4037
3098472025,2040,10,-15,15,190,166,-4020
3098473025,2038,8,-29,18,-30,244,-4024
3098474025,2036,20,-32,25,-199,253,-4023
3098475025,2033,12,-18,34,-302,97,-4222
3098476025,2031,10,-20,31,-388,33,-4405
3098477025,2028,16,-19,39,-401,-52,-4454
3098478025,2026,16,-14,31,-192,-159,-4298
3098479025,2024,14,-16,22,-276,-341,-4198
3098480025,2021,7,-3,12,-402,-466,-4442
3098481025,2019,12,-1,8,-321,-460,-4449
3098482025,2016,-2,7,-5,-158,-307,-4205
3098483025,2013,-9,20,-22,-105,43,-4114
3098484025,2011,5,22,-21,-52,278,-4170
3098485025,2008,0,30,-23,186,284,-4083
3098486025,2005,-3,48,-21,213,293,-4020
3098487025,2003,6,35,-15,226,334,-4021
3098488025,2000,9,26,-13,253,245,-3849
3098489025,1998,3,19,-3,263,48,-3860
3098490025,1995,1,15,2,248,3,-3940
3098491025,1993,4,3,19,178,93,-3953
3098492025,1991,7,-16,25,148,248,-3759
3098493025,1988,1,-19,30,-84,253,-3854
3098494025,1986,7,-22,42,-173,230,-4053
3098495025,1984,10,-24,41,-149,211,-4066
3098496025,1981,10,-19,38,-274,38,-4124
3098497025,1979,5,-19,37,-163,-162,-4271
3098498025,1976,10,-29,25,-259,-285,-4165
3098499025,1974,5,-23,26,-343,-345,-4208
3098500025,1971,-1,-23,15,-470,-417,-4253
3098501025,1969,-10,0,6,-557,-211,-4384
3098502025,1966,-5,17,7,-263,0,-4339
3098503025,1964,3,23,-12,9,-9,-4274
3098504025,1961,1,31,-10,37,21,-4255
3098505025,1958,6,32,-14,83,107,-4216
3098506025,1956,0,36,-21,224,176,-4180
3098507025,1953,5,46,-15,213,224,-4116
3098508025,1950,4,47,-15,311,255,-4097
3098509025,1948,11,31,-14,362,186,-3807
3098510025,1945,12,21,-9,318,89,-3701
3098511025,1943,1,8,-5,259,1,-3862
3098512025,1940,1,-7,10,201,107,-3929
3098513025,1938,2,-4,17,188,153,-3952
3098514025,1936,2,-24,22,83,269,-3983
3098515025,1933,9,-26,25,-5,310,-3985
3098516025,1931,9,-34,31,-280,252,-4178
3098517025,1929,13,-33,35,-337,122,-4131
3098518025,1926,6,-17,45,-410,61,-4207
3098519025,1924,6,-6,55,-440,46,-4377
3098520025,1922,10,-6,46,-298,-139,-4344
3098521025,1919,9,-11,44,-314,-364,-4064
3098522025,1917,1,-13,35,-218,-438,-4117
3098523025,1915,-12,4,28,-333,-422,-4382
3098524025,1912,-8,14,13,-221,-214,-4416
3098525025,1910,-1,12,1,91,11,-4013
3098526025,1907,-6,32,-18,-44,165,-4120
3098527025,1904,-4,34,-21,-107,185,-4345
3098528025,1902,12,42,-19,177,230,-4214
3098529025,1899,5,49,-20,403,198,-3908
3098530025,1897,11,42,-18,323,186,-4107
3098531025,1894,11,33,-24,342,176,-4103
3098532025,1892,18,13,-14,464,10,-3756
3098533025,1889,-3,2,-12,332,-3,-3678
3098534025,1887,-4,-3,-1,172,154,-3940
3098535025,1885,-2,-11,13,237,216,-3950
3098536025,1883,-10,-10,18,232,270,-3910
3098537025,1881,1,-25,17,-29,420,-3960
3098538025,1878,12,-36,14,-202,349,-4073
3098539025,1876,15,-43,24,-407,187,-3935
3098540025,1874,8,-38,24,-509,135,-4072
3098541025,1872,5,-25,30,-642,-29,-4329
3098542025,1870,8,-10,27,-586,-83,-4410
3098543025,1867,7,-6,30,-394,-100,-4241
3098544025,1865,-3,8,31,-456,-161,-4411
3098545025,1863,-4,20,27,-481,-183,-4490
3098546025,1861,-1,32,24,-277,-99,-4396
3098547025,1858,-7,52,24,7,41,-4164
3098548025,1856,-4,54,18,155,40,-4099
3098549025,1854,-4,54,22,242,-26,-4085
3098550025,1851,4,55,15,372,-99,-4064
3098551025,1849,0,39,5,478,-186,-3820
3098552025,1846,1,26,5,424,-151,-3744
3098553025,1844,-7,20,0,352,-107,-3865
3098554025,1841,4,20,5,337,-45,-3890
3098555025,1839,3,9,5,377,58,-3870
3098556025,1836,1,-6,2,326,120,-3933
3098557025,1834,3,-10,8,164,171,-4052
3098558025,1831,13,-20,-3,87,160,-4076
3098559025,1829,8,-21,2,98,189,-4076
3098560025,1827,0,-11,-5,-172,116,-4187
3098561025,1824,9,-14,4,-172,171,-4200
3098562025,1822,10,-35,-5,-307,130,-4036
3098563025,1819,11,-22,2,-508,77,-4082
3098564025,1816,8,-29,1,-695,32,-4186
3098565025,1814,-5,-6,2,-689,76,-4200
3098566025,1811,-4,10,11,-460,173,-4157
3098567025,1809,-6,12,16,-434,233,-4256
3098568025,1807,-4,17,17,-366,242,-4279
3098569025,1804,-3,30,22,-146,193,-4141
3098570025,1802,-3,46,25,54,168,-4173
3098571025,1799,2,44,31,231,128,-4140
3098572025,1797,-3,45,35,338,34,-4034
3098573025,1795,0,41,33,363,-42,-3880
3098574025,1793,-3,29,34,355,-114,-3803
3098575025,1791,1,26,28,414,-266,-3862
3098576025,1788,-6,13,23,478,-257,-3992
3098577025,1786,-6,15,22,462,-183,-4034
3098578025,1784,8,-3,13,435,-20,-3897
3098579025,1782,7,-14,1,271,-24,-3886
3098580025,1780,3,-16,-6,29,-21,-4176
3098581025,1778,7,-8,-12,84,-93,-4266
3098582025,1775,5,-2,-19,121,-109,-4248
3098583025,1773,2,-3,-16,76,-1,-4297
3098584025,1771,0,-10,-24,23,91,-4291
3098585025,1769,-1,-6,-20,-102,55,-4014
3098586025,1767,4,-11,-25,-229,5,-4084
3098587025,1764,8,-13,-17,-437,135,-4134
3098588025,1762,-5,-15,-18,-491,182,-4063
3098589025,1760,3,-9,-13,-611,288,-4225
3098590025,1758,0,1,-8,-398,311,-4003
3098591025,1756,4,-1,-4,-386,288,-4011
3098592025,1753,-4,16,2,-222,241,-4134
3098593025,1751,-11,32,10,-50,228,-4168
3098594025,1749,-7,31,15,239,185,-4100
3098595025,1747,-8,42,22,342,175,-3937
3098596025,1745,-13,36,20,371,90,-3887
3098597025,1743,0,33,21,341,-2,-3885
3098598025,1740,-5,20,23,476,-106,-3766
3098599025,1738,-8,10,20,397,-148,-3833
3098600025,1736,0,8,20,327,-89,-3930
3098601025,1734,0,-5,9,264,13,-3905
3098602025,1732,3,-8,3,290,-50,-3922
3098603025,1730,-2,-12,-5,229,-89,-4200
3098604025,1727,4,-12,-7,194,-64,-4286
3098605025,1725,11,-13,-4,133,-60,-4225
3098606025,1722,6,-19,-16,-111,-84,-4312
3098607025,1720,7,-21,-21,-397,-129,-4220
3098608025,1718,3,-21,-25,-490,-136,-4367
3098609025,1715,4,-20,-18,-528,-156,-4363
3098610025,1713,2,-17,-29,-513,-21,-4340
3098611025,1710,1,-1,-26,-369,157,-4226
3098612025,1708,-4,11,-24,-271,306,-4272
3098613025,1705,1,9,-20,-50,319,-4244
3098614025,1703,-5,28,-18,49,328,-4110
3098615025,1700,-5,31,-9,108,396,-3959
3098616025,1698,-8,37,0,177,319,-3914
3098617025,1696,-3,35,9,390,138,-3828
3098618025,1694,-2,34,11,430,48,-3746
3098619025,1692,-5,25,18,456,-14,-3800
3098620025,1690,0,10,24,419,-27,-3822
3098621025,1688,11,-12,29,394,-68,-3806
3098622025,1686,-1,-5,17,317,-104,-3932
3098623025,1684,-4,-11,22,264,-34,-4011
3098624025,1682,10,-16,12,250,31,-4033
3098625025,1680,8,-24,3,173,-105,-4092
3098626025,1678,-2,-26,-7,-28,-203,-4338
3098627025,1676,-2,-17,-3,-107,-146,-4415
3098628025,1674,6,-14,-4,-104,-99,-4374
3098629025,1672,5,-15,-6,-74,-97,-4291
3098630025,1670,-12,3,2,-254,20,-4365
3098631025,1668,4,-10,4,-21,70,-4378
3098632025,1666,14,-17,-7,-87,-10,-4129
3098633025,1664,6,-31,-14,-218,-63,-4155
3098634025,1661,7,-28,-16,-543,-33,-4242
3098635025,1659,9,-3,-20,-558,101,-4240
3098636025,1657,4,-1,-20,-404,203,-4107
3098637025,1655,13,4,-30,-215,313,-4040
3098638025,1652,2,15,-36,-126,350,-4114
3098639025,1650,4,30,-25,17,309,-4089
3098640025,1648,0,38,-12,200,292,-4042
3098641025,1646,-8,49,-14,279,293,-3951
3098642025,1643,-9,42,-3,462,229,-3860
3098643025,1641,1,26,-3,490,128,-3777
3098644025,1639,-3,11,5,545,27,-3709
3098645025,1637,-3,6,6,375,-8,-3915
3098646025,1635,-4,-1,7,364,40,-3952
3098647025,1633,8,-20,12,355,160,-3799
3098648025,1631,4,-25,1,302,62,-3850
3098649025,1628,8,-26,-4,142,-20,-4227
3098650025,1626,0,-28,-2,76,-40,-4351
3098651025,1624,7,-29,-5,85,-106,-4328
3098652025,1621,7,-22,-4,-116,-128,-4377
3098653025,1619,0,-10,1,-259,-121,-4413
3098654025,1617,12,-1,15,-468,-7,-4437
3098655025,1614,-1,-7,7,-314,-184,-4413
3098656025,1612,11,-8,11,-355,-175,-4138
3098657025,1610,0,-12,9,-359,-266,-4220
3098658025,1607,2,-6,1,-384,-258,-4245
3098659025,1605,-4,-4,6,-307,-162,-4291
3098660025,1602,7,5,-4,-167,84,-4141
3098661025,1600,4,12,-10,-88,295,-4020
3098662025,1597,8,32,-16,-55,332,-4144
3098663025,1595,11,43,-16,200,247,-4143
3098664025,1592,5,49,-6,375,195,-4070
3098665025,1590,5,50,-7,522,119,-3994
3098666025,1587,12,42,1,523,54,-3943
3098667025,1585,6,25,4,557,33,-3682
3098668025,1583,4,14,10,548,23,-3616
3098669025,1580,-1,1,14,422,53,-3766
3098670025,1578,-1,-2,21,362,205,-3958
3098671025,1576,10,-18,17,346,305,-3890
3098672025,1574,9,-23,19,226,157,-3931
3098673025,1572,7,-24,10,177,91,-4038
3098674025,1570,10,-28,12,22,36,-4208
3098675025,1567,15,-21,10,-371,36,-4229
3098676025,1565,12,-24,10,-229,-75,-4337
3098677025,1563,7,-28,1,-267,-282,-4215
3098678025,1561,-9,-25,4,-286,-241,-4357
3098679025,1558,1,-31,0,-515,-145,-4366
3098680025,1556,-5,-20,0,-638,84,-4322
3098681025,1554,3,1,4,-540,311,-4313
3098682025,1551,-5,17,10,-464,321,-4352
3098683025,1549,8,29,8,-318,340,-4391
3098684025,1547,17,34,3,-9,230,-4179
3098685025,1544,6,43,11,85,48,-4143
3098686025,1542,5,57,18,173,-12,-4181
3098687025,1540,9,57,22,295,-36,-4052
3098688025,1538,4,51,19,569,-205,-3644
3098689025,1535,-11,31,20,526,-256,-3701
3098690025,1533,-5,16,20,419,-89,-3875
3098691025,1531,-9,21,14,431,-3,-3816
3098692025,1528,-6,5,9,458,101,-3731
3098693025,1526,-2,-8,6,346,226,-3842
3098694025,1524,14,-12,-2,305,182,-3972
3098695025,1521,10,-20,-7,198,-12,-4093
3098696025,1519,4,-16,-1,122,-34,-4201
3098697025,1516,7,-21,-6,-19,-59,-4259
3098698025,1514,6,-27,-22,-113,-177,-4120
3098699025,1511,-5,-37,-29,-258,-280,-4029
3098700025,1509,-11,-27,-33,-336,-253,-4148
3098701025,1506,-13,-20,-37,-403,-23,-4406
3098702025,1504,-16,4,-33,-408,353,-4443
3098703025,1501,0,0,-21,-539,777,-4287
3098704025,1499,6,19,-7,-536,737,-4075
3098705025,1496,8,31,5,-563,642,-4147
3098706025,1494,15,38,19,-228,214,-4415
3098707025,1491,9,45,36,125,32,-4161
3098708025,1489,7,40,59,218,-150,-3964
3098709025,1487,2,33,55,269,-209,-3867
3098710025,1485,-1,33,73,238,-246,-3868
3098711025,1483,2,18,67,425,-191,-3822
3098712025,1481,0,10,63,508,-105,-3861
3098713025,1479,13,-1,48,395,-46,-3955
3098714025,1476,13,-4,37,323,-88,-3961
3098715025,1474,15,-3,31,272,-201,-3885
3098716025,1472,18,-7,17,138,-237,-4012
3098717025,1470,7,-5,9,152,-259,-4264
3098718025,1468,9,9,9,263,-159,-4269
3098719025,1465,4,3,-4,109,-188,-4231
3098720025,1463,5,-9,-13,173,-164,-4214
3098721025,1461,-2,-28,-32,33,-173,-4078
3098722025,1459,-3,-28,-42,-313,-135,-4107
3098723025,1456,-3,-23,-42,-326,-24,-4170
3098724025,1454,-11,-12,-58,-379,262,-4205
3098725025,1452,-6,-2,-52,-392,683,-4177
3098726025,1449,4,7,-47,-323,968,-4065
3098727025,1447,15,17,-38,-402,945,-4117
3098728025,1445,17,31,-25,-392,830,-4207
3098729025,1443,18,37,-5,-91,481,-4101
3098730025,1440,11,36,18,30,168,-4019
3098731025,1438,0,23,37,124,-36,-3946
3098732025,1436,-2,18,49,96,-120,-3864
3098733025,1434,-12,18,60,112,-226,-3781
3098734025,1432,-20,20,70,191,-183,-3843
3098735025,1430,-12,16,59,261,-77,-3906
3098736025,1428,-9,2,48,335,-75,-3899
3098737025,1426,-7,1,34,260,-79,-3950
3098738025,1424,10,-5,25,103,-149,-4114
3098739025,1421,17,-5,10,83,-286,-4153
3098740025,1419,16,4,8,62,-404,-4267
3098741025,1416,5,3,3,103,-455,-4421
3098742025,1414,2,13,3,137,-505,-4408
3098743025,1411,2,-1,-11,133,-442,-4257
3098744025,1409,-4,-10,-20,-114,-254,-4120
3098745025,1406,-9,-7,-27,-99,-260,-4216
3098746025,1404,-15,-4,-31,-123,-77,-4325
3098747025,1401,-1,-1,-34,-154,246,-4196
3098748025,1398,2,1,-42,-86,591,-3868
3098749025,1395,1,9,-36,-92,572,-4061
3098750025,1393,7,21,-33,-130,558,-4206
3098751025,1390,11,20,-27,-92,532,-4136
3098752025,1388,7,24,-5,91,462,-3872
3098753025,1385,-5,26,13,-10,356,-3947
3098754025,1383,-1,22,41,60,343,-3914
3098755025,1381,-2,21,52,182,270,-3788
3098756025,1379,-4,1,67,223,62,-3710
3098757025,1377,-11,-5,75,71,65,-4017
3098758025,1375,4,-9,73,65,80,-4026
3098759025,1373,5,-6,67,192,-59,-3852
3098760025,1370,6,-4,61,152,-119,-3888
3098761025,1368,-4,-6,51,58,-134,-4153
3098762025,1366,6,-3,37,108,-206,-4301
3098763025,1364,13,2,25,139,-293,-4271
3098764025,1362,5,1,15,68,-395,-4310
3098765025,1359,4,-7,-1,-89,-399,-4298
3098766025,1357,11,-9,-17,-211,-456,-4230
3098767025,1355,2,-6,-29,-246,-445,-4329
3098768025,1352,-2,0,-42,-210,-220,-4421
3098769025,1350,-7,0,-48,-113,-7,-4328
3098770025,1347,7,4,-58,-37,350,-4077
3098771025,1345,-3,11,-56,10,477,-3965
3098772025,1342,-4,25,-50,-19,553,-4112
3098773025,1340,-12,35,-44,152,680,-4014
3098774025,1337,0,33,-28,232,663,-3869
3098775025,1335,-2,16,-11,232,453,-3738
3098776025,1333,4,3,12,129,161,-3869
3098777025,1331,3,-1,34,132,55,-3942
3098778025,1329,-2,2,45,154,76,-3907
3098779025,1327,-1,-9,51,212,195,-3692
3098780025,1326,1,-16,53,111,222,-3789
3098781025,1324,3,-20,50,9,90,-4068
3098782025,1322,10,-21,40,-12,-87,-4093
3098783025,1320,3,-21,39,-12,-176,-4139
3098784025,1318,-1,-14,32,-116,-248,-4291
3098785025,1316,2,-6,25,-98,-220,-4336
3098786025,1313,3,-1,23,-40,-277,-4322
3098787025,1311,3,7,23,-4,-305,-4305
3098788025,1309,5,6,13,-166,-363,-4438
3098789025,1307,3,-2,-1,-75,-301,-4426
3098790025,1305,29,-14,-11,-143,-317,-4109
3098791025,1303,2,-9,-29,-251,-338,-4246
3098792025,1300,4,-4,-36,-405,-179,-4318
3098793025,1298,12,-2,-46,-276,180,-4195
3098794025,1295,12,8,-49,-130,442,-3896
3098795025,1293,-1,18,-48,-100,421,-4180
3098796025,1290,2,20,-45,-117,463,-4253
3098797025,1288,9,24,-27,133,531,-4033
3098798025,1286,-1,27,-6,163,447,-3826
3098799025,1284,-2,17,13,40,394,-3888
3098800025,1282,5,10,37,154,284,-3806
3098801025,1280,0,11,51,190,219,-3749
3098802025,1278,4,-14,61,120,177,-3836
3098803025,1276,15,-15,66,70,165,-3856
3098804025,1274,12,-14,70,54,43,-3836
3098805025,1272,12,-19,65,117,-60,-3869
3098806025,1270,8,-16,60,68,-134,-3983
3098807025,1268,5,-20,52,37,-279,-4225
3098808025,1266,5,-7,42,-24,-394,-4368
3098809025,1263,2,2,32,-83,-282,-4409
3098810025,1261,3,5,29,-97,-294,-4374
3098811025,1259,6,3,27,-155,-298,-4322
3098812025,1257,4,-8,7,-96,-380,-4355
3098813025,1254,10,-9,1,-165,-331,-4266
3098814025,1252,2,-13,-5,-238,-247,-4345
3098815025,1250,9,-21,-11,-363,-85,-4306
3098816025,1247,11,-20,-22,-321,112,-4137
3098817025,1244,4,6,-25,-263,407,-4062
3098818025,1242,5,21,-23,-128,503,-4302
3098819025,1239,1,23,-18,-46,560,-4302
3098820025,1237,10,15,-8,91,556,-4035
3098821025,1235,-3,23,12,13,420,-3921
3098822025,1232,-2,25,31,-110,292,-4018
3098823025,1230,-2,13,54,57,200,-3837
3098824025,1228,-4,9,70,106,181,-3711
3098825025,1226,-2,-6,81,39,205,-3778
3098826025,1224,5,-15,88,-15,248,-3840
3098827025,1223,7,-12,90,83,99,-3791
3098828025,1221,11,-16,90,133,14,-3813
3098829025,1219,12,-32,77,20,-113,-3987
3098830025,1217,10,-27,73,-158,-169,-4186
3098831025,1214,17,-19,66,-328,-272,-4314
3098832025,1212,7,-7,51,-81,-438,-4297
3098833025,1210,2,-6,52,-163,-421,-4251
3098834025,1208,5,-18,38,-175,-473,-4348
3098835025,1206,-1,-14,20,-342,-412,-4322
3098836025,1204,-3,-10,9,-356,-307,-4329
3098837025,1201,-1,-1,-3,-208,-69,-4217
3098838025,1199,-1,8,-11,-156,70,-4236
3098839025,1196,9,3,-23,-150,346,-4297
3098840025,1194,6,20,-25,-147,477,-4232
3098841025,1192,9,34,-28,-20,602,-4096
3098842025,1189,9,43,-21,62,583,-4069
3098843025,1187,11,41,-8,237,427,-4022
3098844025,1185,8,30,13,323,239,-3854
3098845025,1183,-5,9,20,242,165,-3729
3098846025,1181,-3,2,36,138,211,-3747
3098847025,1179,-1,-2,41,141,206,-3766
3098848025,1178,2,-12,53,159,267,-3787
3098849025,1176,9,-16,49,112,265,-3859
3098850025,1174,4,-32,52,-33,208,-3989
3098851025,1173,8,-31,49,-91,167,-4078
3098852025,1171,15,-42,53,-273,55,-4142
3098853025,1169,9,-32,59,-484,-34,-4244
3098854025,1167,4,-20,69,-547,-114,-4363
3098855025,1166,7,-11,72,-441,-218,-4374
3098856025,1164,4,-2,82,-418,-223,-4360
3098857025,1163,2,9,83,-196,-291,-4406
3098858025,1161,12,-4,69,-260,-537,-4414
3098859025,1159,8,-6,59,-229,-563,-4066
3098860025,1157,5,-12,50,-262,-569,-3871
3098861025,1155,-6,-9,28,-371,-478,-4000
3098862025,1153,-3,7,6,-350,-166,-4181
3098863025,1151,0,6,-20,-111,80,-4123
3098864025,1149,3,13,-32,-98,327,-4087
3098865025,1147,10,25,-41,-100,420,-4165
3098866025,1144,17,34,-33,-208,544,-4278
3098867025,1142,20,46,-27,87,454,-4110
3098868025,1140,15,49,-6,274,381,-3935
3098869025,1138,9,45,1,328,345,-3979
3098870025,1136,9,28,18,304,303,-3914
3098871025,1134,8,6,33,333,198,-3661
3098872025,1133,-2,7,43,244,150,-3650
3098873025,1131,0,-10,49,171,258,-3838
3098874025,1129,4,-9,51,171,297,-3792
3098875025,1128,4,-21,47,68,327,-3786
3098876025,1126,2,-27,45,-158,222,-4076
3098877025,1124,8,-18,41,-152,67,-4229
3098878025,1123,12,-8,45,-114,-125,-4255
3098879025,1121,17,-16,39,-123,-229,-4310
3098880025,1119,3,-5,41,-230,-340,-4469
3098881025,1118,5,3,42,-191,-319,-4481
3098882025,1116,7,5,44,-95,-279,-4357
3098883025,1114,-1,11,40,-53,-262,-4305
3098884025,1113,0,9,38,-31,-214,-4298
3098885025,1111,-8,8,30,-137,-100,-4304
3098886025,1109,10,-6,35,-282,231,-4142
3098887025,1107,3,-13,42,-429,305,-3846
3098888025,1106,4,-4,48,-652,230,-3860
3098889025,1104,17,-12,57,-662,31,-4016
3098890025,1102,16,-23,59,-442,-184,-3829
3098891025,1100,3,-24,59,-527,-247,-4108
3098892025,1099,3,-35,59,-505,-240,-4175
3098893025,1097,-4,-19,44,-411,-235,-4221
3098894025,1095,4,-4,31,-289,-38,-4121
3098895025,1093,1,15,14,-216,169,-4198
3098896025,1091,8,41,-6,-94,391,-4196
3098897025,1089,6,52,-5,24,422,-4164
3098898025,1087,5,64,-12,238,457,-4064
3098899025,1085,13,73,-12,353,436,-3934
3098900025,1083,13,61,-6,432,287,-3773
3098901025,1082,8,53,1,455,84,-3650
3098902025,1080,6,37,16,479,-12,-3596
3098903025,1079,1,8,23,458,-106,-3763
3098904025,1077,-1,-10,32,387,53,-3984
3098905025,1076,10,-37,33,239,258,-3872
3098906025,1075,6,-47,31,69,306,-3860
3098907025,1074,8,-45,37,-194,302,-4032
3098908025,1072,15,-31,30,-216,110,-4300
3098909025,1071,13,-24,27,-169,-72,-4492
3098910025,1070,17,-21,15,-176,-137,-4577
3098911025,1068,12,-23,14,-213,-192,-4542
3098912025,1067,7,-7,15,-307,-240,-4412
3098913025,1066,3,11,14,-306,-287,-4319
3098914025,1065,-9,30,18,-171,-240,-4298
3098915025,1063,-4,29,14,-89,-175,-4268
3098916025,1062,-1,19,19,107,-57,-4134
3098917025,1061,-1,13,15,122,15,-3963
3098918025,1060,5,5,9,64,25,-3886
3098919025,1059,3,6,6,26,89,-3897
3098920025,1057,6,14,11,85,101,-3920
3098921025,1056,8,1,9,-62,209,-3899
3098922025,1055,14,-21,-8,8,-15,-3919
3098923025,1053,19,-36,-21,-135,-182,-3661
3098924025,1052,7,-32,-16,-385,-243,-3939
3098925025,1050,1,-39,-20,-770,114,-4191
3098926025,1049,10,-37,-9,-837,355,-4022
3098927025,1047,11,-29,1,-977,776,-3937
3098928025,1046,15,-8,8,-792,586,-4302
3098929025,1045,9,-6,23,-738,402,-4416
3098930025,1043,13,22,35,-360,217,-4507
3098931025,1042,-6,48,44,-40,78,-4436
3098932025,1041,-5,59,62,169,72,-4325
3098933025,1039,-4,54,63,476,-42,-3793
3098934025,1038,-9,48,61,498,-115,-3658
3098935025,1037,-6,28,56,327,-182,-3714
3098936025,1036,-1,24,56,230,-165,-3798
3098937025,1035,5,18,53,361,-113,-3703
3098938025,1033,10,9,45,391,-59,-3671
3098939025,1032,18,-9,38,419,-41,-3799
3098940025,1031,19,-30,29,254,-127,-3959
3098941025,1029,21,-40,21,-46,-197,-4147
3098942025,1028,15,-41,27,-317,-156,-4398
3098943025,1026,16,-32,27,-402,-110,-4474
3098944025,1025,9,-15,31,-343,-5,-4462
3098945025,1024,5,-12,36,-274,8,-4428
3098946025,1022,4,-11,40,-255,4,-4430
3098947025,1021,-2,-4,39,-200,-26,-4396
3098948025,1020,-6,10,40,-122,-58,-4382
3098949025,1018,-11,18,37,10,61,-4211
3098950025,1017,-5,14,34,39,174,-3977
3098951025,1015,1,6,23,-31,252,-3846
3098952025,1014,-4,18,30,-26,254,-3863
3098953025,1013,8,24,25,97,171,-3929
3098954025,1011,8,18,17,319,47,-3941
3098955025,1010,1,10,12,351,124,-4000
3098956025,1009,1,-6,16,249,193,-3920
3098957025,1007,13,-7,15,220,276,-3835
3098958025,1006,12,-6,3,-190,41,-4060
3098959025,1005,16,-17,-6,-152,31,-3990
3098960025,1003,17,-34,-22,-296,-121,-4108
3098961025,1002,5,-35,-26,-399,-198,-4244
3098962025,1001,18,-32,-32,-578,59,-4304
3098963025,999,-8,0,-39,-409,245,-4075
3098964025,998,3,12,-51,-335,478,-4104
3098965025,997,-5,23,-48,-146,482,-4324
3098966025,995,-2,28,-48,-82,425,-4356
3098967025,994,6,25,-39,95,253,-4206
3098968025,994,-3,40,-16,67,214,-4085
3098969025,993,-1,39,6,230,153,-3884
3098970025,992,0,39,13,316,102,-3752
3098971025,992,-2,20,26,397,-62,-3748
3098972025,991,8,-2,22,427,-197,-3906
3098973025,991,6,-36,27,-65,-225,-4048
3098974025,990,15,-48,40,-352,-48,-3775
3098975025,990,9,-43,43,-410,-33,-3763
3098976025,990,9,-36,46,-618,-67,-4045
3098977025,989,9,-26,47,-345,-251,-4287
3098978025,989,7,-26,53,-355,-366,-4480
3098979025,988,9,-23,46,-348,-410,-4566
3098980025,988,-1,-15,51,-379,-530,-4558
3098981025,987,-7,6,54,-359,-532,-4512
3098982025,987,-12,36,54,-28,-399,-4284
3098983025,986,-19,41,43,269,-195,-4198
3098984025,985,-11,46,36,406,-104,-4146
3098985025,984,-3,33,22,518,-2,-3936
3098986025,984,3,15,7,417,-24,-3732
3098987025,983,10,4,-1,218,-14,-3767
3098988025,981,10,8,-6,144,13,-3815
3098989025,980,9,1,0,151,121,-3781
3098990025,979,4,-4,-4,142,242,-3767
3098991025,978,8,-16,-5,97,287,-3907
3098992025,976,4,-20,2,40,262,-4107
3098993025,975,7,-18,-2,39,253,-4182
3098994025,974,2,-15,-5,19,271,-4235
3098995025,973,4,-11,0,-54,409,-4194
3098996025,971,7,-12,-3,-152,471,-4122
3098997025,970,7,-7,2,-258,481,-4084
3098998025,968,8,2,6,-289,468,-4067
3098999025,967,10,0,5,-287,395,-4079
3099000025,965,5,8,12,-226,274,-4122
3099001025,964,4,10,19,-160,104,-4152
3099002025,963,1,15,23,-48,20,-4187
3099003025,961,3,17,18,72,-106,-4185
3099004025,960,-5,9,14,176,-127,-4177
3099005025,959,1,10,12,210,-64,-4099
3099006025,957,-2,5,-3,118,-4,-4027
3099007025,956,-1,5,-3,64,7,-4013
3099008025,955,6,6,-9,37,-5,-4005
3099009025,954,6,10,-25,81,-16,-4071
3099010025,953,7,7,-19,89,-8,-4108
3099011025,952,10,3,-31,145,-109,-4103
3099012025,951,9,-13,-33,80,-158,-4089
3099013025,950,12,-22,-40,-128,-240,-4186
3099014025,949,10,-25,-44,-259,-221,-4226
3099015025,948,13,-22,-46,-302,-79,-4155
3099016025,948,-1,-16,-48,-281,14,-4069
3099017025,947,-1,-9,-54,-319,214,-4075
3099018025,947,6,-3,-59,-267,296,-4161
3099019025,946,4,4,-56,-94,192,-4162
3099020025,946,7,7,-59,1,127,-4137
3099021025,946,2,14,-58,68,95,-4149
3099022025,945,4,9,-51,79,151,-4013
3099023025,945,2,8,-42,88,168,-3811
3099024025,945,-4,16,-31,87,176,-3826
3099025025,945,-6,21,-26,146,207,-3880
3099026025,946,-1,11,-19,291,198,-3904
3099027025,946,1,-8,-17,291,95,-3886
3099028025,946,8,-28,-19,95,-28,-3949
3099029025,946,15,-29,-17,-137,-139,-4069
3099030025,947,13,-30,-24,-210,-168,-4118
3099031025,947,10,-32,-29,-269,-208,-4141
3099032025,947,2,-32,-43,-272,-216,-4244
3099033025,947,6,-28,-55,-495,-139,-4376
3099034025,946,9,-27,-58,-541,16,-4366
3099035025,946,4,-9,-53,-591,34,-4253
3099036025,946,-1,1,-46,-592,102,-4333
3099037025,946,-3,18,-30,-337,147,-4277
3099038025,945,-11,21,-14,-80,192,-4195
3099039025,945,-10,24,1,16,227,-4156
3099040025,944,-9,25,14,129,284,-4010
3099041025,944,-2,15,32,155,196,-3876
3099042025,944,9,5,40,191,22,-3791
3099043025,943,3,9,41,197,-57,-3842
3099044025,943,8,-1,50,203,-149,-3957
3099045025,942,8,-4,41,330,-189,-3906
3099046025,941,11,-11,20,360,-200,-3792
3099047025,940,12,-13,4,334,-229,-4016
3099048025,939,9,-15,-7,267,-212,-4099
3099049025,938,11,-14,-20,192,-182,-4182
3099050025,936,2,-9,-26,101,-63,-4198
3099051025,935,1,-4,-27,15,131,-4253
3099052025,934,3,-2,-23,8,194,-4259
3099053025,932,2,-7,-17,-8,267,-4215
3099054025,931,1,-7,-7,-95,272,-4237
3099055025,929,9,-12,-1,-185,278,-4257
3099056025,928,8,-11,18,-170,228,-4164
3099057025,927,6,-16,19,-168,173,-4106
3099058025,926,11,-18,24,-177,181,-4063
3099059027,924,3,-9,27,-180,199,-4102
3099060025,923,3,1,31,-7,187,-4095
3099061025,922,-1,15,21,197,173,-4063
3099062025,921,-5,23,25,321,144,-4049
3099063025,920,-2,17,18,492,78,-3967
3099064025,919,7,13,6,526,-72,-3891
3099065025,918,3,3,0,388,-174,-4006
3099066025,917,0,6,6,326,-182,-4050
3099067025,917,6,8,7,334,-81,-4002
3099068025,916,8,2,-6,419,47,-3906
3099069025,915,5,-7,-7,444,119,-3963
3099070025,915,13,-15,-17,359,61,-4058
3099071025,914,9,-25,-16,312,14,-4106
3099072025,914,12,-25,-28,181,21,-4171
3099073025,913,6,-22,-27,96,20,-4226
3099074025,913,3,-20,-26,38,39,-4243
3099075025,913,2,-25,-28,-26,126,-4274
3099076025,912,4,-25,-18,-132,165,-4202
3099077025,912,0,-19,-11,-305,206,-4236
3099078025,912,7,-14,2,-296,194,-4208
3099079025,912,5,-11,10,-208,127,-4125
3099080025,912,-1,-12,9,-160,79,-4148
3099081025,912,5,-19,18,-122,48,-4129
3099082025,911,5,-14,18,-108,2,-4113
3099083025,911,6,1,12,83,-75,-4054
3099084025,911,1,7,8,16,-140,-3977
3099085025,911,2,-1,-7,1,-85,-4049
3099086025,910,15,-10,-27,29,-230,-3949
3099087025,910,12,-20,-47,-208,-284,-3897
3099088025,909,-2,4,-47,-295,-117,-4135
3099089025,908,-4,19,-47,-174,40,-4154
3099090025,908,-3,19,-55,199,256,-3982
3099091025,907,5,-6,-62,322,331,-3948
3099092025,906,12,-24,-65,78,230,-4154
3099093025,905,15,-20,-64,-184,81,-4192
3099094025,905,14,-12,-60,-200,29,-4142
3099095025,904,10,-13,-62,-197,44,-4070
3099096025,903,12,-18,-56,-163,155,-4056
3099097025,902,12,-23,-65,-235,239,-4056
3099098025,901,10,-23,-69,-275,257,-4074
3099099025,900,7,-13,-70,-315,265,-4125
3099100025,899,10,-8,-74,-273,276,-4134
3099101025,898,6,1,-66,-153,232,-4140
3099102025,898,8,3,-58,-116,159,-4122
3099103025,897,6,11,-55,-86,139,-4112
3099104025,896,1,20,-44,-31,121,-4095
3099105025,895,2,24,-29,193,79,-4053
3099106025,895,-7,14,-4,97,13,-4078
3099107025,895,2,12,1,90,323,-4059
3099108025,894,1,1,26,61,230,-3830
3099109025,894,6,4,42,-51,221,-3928
3099110025,894,17,-9,57,205,-52,-3989
3099111025,894,19,-26,66,237,-352,-3986
3099112025,894,16,-26,60,190,-467,-4111
3099113025,894,13,-33,54,5,-569,-4155
3099114025,894,12,-32,52,-198,-556,-4256
3099115025,893,2,-14,46,-140,-435,-4233
3099116025,893,0,-14,44,-91,-367,-4300
3099117025,893,-3,-8,43,-19,-225,-4349
3099118025,892,4,-6,33,15,-105,-4335
3099119025,892,2,-7,26,-24,-66,-4285
3099120026,891,9,1,30,-18,-68,-4217
3099121025,891,8,-4,24,13,-71,-4192
3099122026,890,7,-12,28,36,-73,-4092
3099123027,889,8,-8,25,6,-3,-4002
3099124025,888,10,-14,15,-30,71,-3942
3099125025,888,10,-9,6,-14,183,-3921
3099126025,887,8,-4,-3,45,208,-3938
3099127025,886,8,2,-9,188,314,-3949
3099128025,885,8,11,-25,321,452,-4000
3099129025,883,1,11,-33,396,557,-4006
3099130025,882,6,18,-20,405,588,-4002
3099131025,881,12,17,-17,338,597,-3972
3099132025,880,11,10,-12,292,530,-3897
3099133025,879,4,2,-2,248,380,-3913
3099134025,878,6,2,12,191,256,-4070
3099135025,877,6,-1,14,204,238,-4096
3099136025,876,12,-7,30,273,261,-4029
3099137025,875,6,-18,27,306,249,-4008
3099138025,875,9,-19,19,265,117,-4104
3099139025,874,15,-17,11,269,7,-4155
3099140025,873,18,-30,-3,157,-126,-4199
3099141025,872,10,-22,0,17,-211,-4245
3099142025,871,9,-11,-5,-91,-208,-4322
3099143025,870,7,3,-7,-44,-192,-4349
3099144025,869,0,8,-5,40,-189,-4327
3099145025,868,8,-2,-5,46,-154,-4258
3099146025,868,5,-5,3,-129,-119,-4299
3099147025,867,7,-7,11,-211,-101,-4283
3099148025,866,2,1,22,-147,-85,-4088
3099149025,866,1,4,24,0,-52,-4054
3099150025,865,0,2,32,147,-7,-4072
3099151025,865,11,-1,27,243,-3,-4010
3099152025,864,13,-1,24,361,-77,-3916
3099153025,863,8,-1,21,409,-163,-3878
3099154025,863,17,3,12,391,-218,-3945
3099155025,862,14,-10,3,350,-146,-3981
3099156025,861,9,-10,10,256,-54,-3943
3099157025,861,3,0,3,189,54,-3983
3099158025,860,3,5,6,228,78,-4015
3099159025,860,7,-7,4,350,117,-4015
3099160025,859,8,-12,3,378,134,-4015
3099161025,858,8,-17,2,230,168,-4072
3099162025,858,8,-20,3,137,181,-4073
3099163025,857,10,-11,6,99,205,-4076
3099164025,856,10,-17,-4,-15,128,-4081
3099165025,855,14,-24,-1,55,64,-4132
3099166025,854,17,-39,-14,-99,-80,-4060
3099167025,854,7,-33,-21,-206,-38,-4176
3099168025,853,9,-22,-16,-350,61,-4274
3099169025,851,4,-13,-25,-260,226,-4250
3099170025,850,13,-15,-27,-150,374,-4142
3099171025,849,9,4,-25,-104,336,-4150
3099172025,848,12,-7,-29,-167,295,-4236
3099173025,847,13,8,-26,-96,164,-4280
3099174025,846,5,20,-18,14,165,-4125
3099175025,845,7,19,-8,152,195,-4076
3099176025,844,1,31,4,234,205,-4022
3099177025,843,1,15,6,257,185,-3895
3099178025,842,15,-8,23,147,161,-3927
3099179025,841,2,-6,34,-6,17,-3834
3099180025,841,6,-12,43,-151,-23,-3853
3099181025,840,2,-22,44,-131,-194,-3868
3099182025,839,9,-41,36,-117,-332,-3809
3099183025,838,7,-57,29,-185,-400,-4016
3099184025,837,4,-47,14,-269,-341,-4212
3099185025,836,0,-41,14,-336,-243,-4305
3099186025,835,12,-27,0,-233,-102,-4309
3099187025,834,8,-5,-18,-19,-48,-4381
3099188025,833,8,11,-26,24,30,-4568
3099189025,832,14,33,-9,127,162,-4521
3099190025,832,8,39,-2,163,237,-4410
3099191025,831,10,49,14,279,260,-4154
3099192025,830,11,41,30,423,118,-3857
3099193025,829,2,23,52,467,-44,-3760
3099194025,829,-2,12,55,444,-76,-3787
3099195025,828,-1,-2,71,414,39,-3856
3099196025,828,2,-22,78,401,149,-3794
3099197025,827,8,-32,71,437,173,-3753
3099198025,827,15,-35,64,468,26,-3915
3099199025,826,15,-36,57,500,-27,-4060
3099200025,826,15,-30,43,503,-140,-4252
3099201025,825,20,-39,27,393,-165,-4331
3099202025,824,13,-24,18,211,-182,-4308
3099203025,823,12,-16,13,104,-195,-4283
3099204025,822,0,-12,2,-32,-131,-4291
3099205025,821,-5,-3,0,-49,24,-4291
3099206025,820,-3,4,6,-108,263,-4284
3099207025,819,2,1,12,-74,401,-4200
3099208025,817,6,3,13,-75,439,-4116
3099209025,816,14,-4,18,-9,379,-4029
3099210025,815,18,-8,20,49,286,-4030
3099211025,814,17,-4,16,173,158,-4078
3099212025,812,14,-1,18,243,94,-4017
3099213025,811,15,-4,8,332,65,-3991
3099214025,810,9,1,7,292,56,-3977
3099215025,808,17,0,-7,292,20,-3960
3099216025,807,1,12,-7,265,-9,-3976
3099217025,805,7,9,-15,306,44,-4004
3099218025,804,7,-7,-18,316,65,-3961
3099219025,802,3,-11,-24,237,66,-3935
3099220025,801,-7,-20,-29,131,62,-3977
3099221025,799,-2,-5,-28,74,138,-4077
3099222025,798,3,-5,-22,94,195,-4145
3099223025,797,9,-1,-21,176,334,-4205
3099224025,795,11,0,-16,246,318,-4203
3099225025,794,25,-7,-15,212,160,-4112
3099226025,793,16,-5,-6,161,40,-4100
3099227025,792,15,-12,-7,55,-203,-4112
3099228025,791,7,-34,-14,-39,-361,-4029
3099229025,790,6,-36,-26,-124,-412,-3946
3099230025,789,-10,-40,-37,-282,-244,-4026
3099231025,788,-10,-44,-41,-346,-154,-4088
3099232025,787,-3,-38,-51,-413,81,-4160
3099233025,786,-7,-22,-60,-443,263,-4319
3099234025,785,5,-1,-66,-354,405,-4450
3099235025,784,6,17,-52,-262,432,-4488
3099236025,783,19,28,-45,-72,407,-4472
3099237025,783,18,40,-37,134,277,-4306
3099238025,782,15,44,-17,178,99,-4084
3099239025,782,18,35,5,191,14,-3868
3099240025,781,4,38,16,229,-79,-3705
3099241025,781,-10,29,43,218,-50,-3751
3099242025,781,-7,23,54,518,-20,-3771
3099243025,781,0,-4,56,679,-50,-3585
3099244025,781,-4,-17,56,555,-211,-3774
3099245025,780,5,-47,49,317,-266,-3822
3099246025,780,8,-63,43,-46,-357,-3928
3099247025,779,6,-61,39,-237,-299,-4077
3099248025,779,8,-48,35,-377,-138,-4330
3099249025,778,3,-41,31,-412,-39,-4447
3099250025,777,15,-28,29,-407,51,-4533
3099251025,776,14,-4,30,-328,2,-4557
3099252025,775,13,13,37,-220,-88,-4501
3099253025,774,14,22,38,-29,-144,-4366
3099254025,773,8,31,41,70,-169,-4318
3099255025,772,1,28,28,246,-122,-4156
3099256025,770,-1,17,25,241,6,-3909
3099257025,769,9,12,20,116,166,-3755
3099258025,767,0,16,25,62,197,-3758
3099259025,765,-2,17,25,51,293,-3824
3099260025,763,3,11,22,220,340,-3894
3099261025,762,12,1,13,399,351,-3906
3099262025,760,16,-10,10,409,284,-4014
3099263025,758,13,-15,9,377,233,-4047
3099264025,756,11,-15,7,266,114,-4064
3099265025,754,11,-15,0,129,135,-4104
3099266025,751,2,-7,4,56,219,-4132
3099267025,749,-4,-4,2,30,267,-4110
3099268025,747,2,-3,5,63,275,-4097
3099269025,746,1,10,4,135,215,-4095
3099270025,744,-2,1,2,205,162,-4163
3099271025,742,6,-2,-1,151,125,-4111
3099272025,740,9,-2,3,228,54,-4123
3099273025,738,3,-26,-13,108,-237,-4000
3099274025,737,10,-34,-23,-172,-314,-3761
3099275025,735,-12,-25,-35,-256,-267,-4110
3099276025,734,-6,-28,-36,-389,4,-4400
3099277025,732,-2,-13,-48,-191,170,-4386
3099278025,731,10,-8,-52,-204,363,-4242
3099279025,730,14,2,-54,-276,331,-4372
3099280025,729,14,29,-46,-156,273,-4467
3099281025,728,9,40,-42,29,221,-4443
3099282025,727,15,48,-27,291,230,-4271
3099283025,727,17,44,-17,345,141,-4079
3099284025,726,14,26,0,354,-117,-3736
3099285025,726,-3,18,15,359,-335,-3619
3099286025,726,-14,10,21,360,-374,-3664
3099287025,726,-10,-14,25,377,-260,-3767
3099288025,726,-5,-40,21,283,-63,-3814
3099289025,726,2,-45,14,76,46,-3863
3099290025,727,3,-49,17,-33,31,-3939
3099291025,727,6,-41,12,-119,-24,-4152
3099292025,727,13,-38,8,-112,-92,-4345
3099293025,727,10,-20,-9,4,-141,-4441
3099294025,726,14,-27,11,-404,-6,-4560
3099295025,726,18,-16,15,-414,92,-4380
3099296025,726,3,7,32,-452,93,-4149
3099297025,726,12,16,49,-408,63,-4263
3099298025,725,-1,16,63,29,-70,-3996
3099299025,725,3,9,63,64,-81,-3969
3099300025,724,5,-14,61,66,-173,-4084
3099301025,724,-8,-9,69,-46,-89,-4043
3099302025,723,2,0,69,-27,40,-3999
3099303025,721,9,5,57,126,110,-3953
3099304025,720,2,14,53,190,132,-4006
3099305025,718,15,10,32,324,41,-4022
3099306025,717,12,7,23,316,-67,-4079
3099307025,715,8,7,12,192,-34,-4083
3099308025,713,10,4,9,118,111,-4004
3099309025,710,8,7,11,87,177,-3977
3099310025,708,8,3,14,47,289,-3979
3099311025,706,7,-7,22,18,324,-4040
3099312025,703,6,-6,29,-37,347,-4145
3099313025,701,9,-8,33,-15,341,-4164
3099314025,699,8,-4,32,35,284,-4113
3099315025,696,12,-9,40,105,221,-4122
3099316025,694,9,-8,39,108,161,-4142
3099317025,691,12,-4,38,61,120,-4141
3099318025,689,13,-2,38,42,111,-4114
3099319025,687,8,-12,24,-63,-102,-4017
3099320025,684,8,-14,13,-158,-196,-3850
3099321025,682,-7,-21,-5,-75,-397,-4006
3099322025,680,-4,-15,-11,-255,-402,-4135
3099323025,678,-5,-18,-25,-173,-110,-4299
3099324025,676,2,-18,-36,-205,198,-4151
3099325025,674,12,-9,-45,-243,325,-4254
3099326025,673,17,9,-54,-315,465,-4392
3099327025,671,15,21,-50,-224,491,-4402
3099328025,670,19,31,-40,30,369,-4282
3099329025,669,17,36,-31,146,242,-4251
3099330025,669,12,44,-14,304,96,-4030
3099331025,669,12,45,0,392,51,-3919
3099332025,669,4,33,16,473,-29,-3810
3099333025,669,-1,24,30,532,-36,-3811
3099334025,669,-6,7,44,518,-40,-3766
3099335025,670,-2,-11,45,483,-72,-3638
3099336025,671,-4,-20,43,419,-124,-3648
3099337025,671,0,-42,47,269,-217,-3831
3099338025,672,-1,-44,41,146,-302,-4053
3099339025,673,7,-52,30,12,-351,-4176
3099340025,674,7,-51,22,-169,-374,-4237
3099341025,674,2,-44,12,-191,-405,-4328
3099342025,675,5,-43,-1,-357,-374,-4486
3099343025,675,7,-29,-14,-291,-268,-4466
3099344025,675,1,-10,-20,-294,-136,-4412
3099345025,675,-1,-5,-31,-292,-62,-4421
3099346025,675,0,11,-34,-200,76,-4417
3099347025,675,7,23,-34,122,149,-4284
3099348025,675,-7,15,-28,-55,235,-4196
3099349025,674,11,9,-15,-151,591,-3776
3099350025,673,13,-2,-15,-202,615,-3542
3099351025,672,16,-3,8,-454,478,-3608
3099352025,671,7,1,31,-256,249,-3909
3099353025,670,10,-15,44,-88,216,-3943
3099354025,669,12,-19,52,-35,259,-3967
3099355025,668,11,-30,56,-90,203,-3943
3099356025,666,10,-26,62,-266,72,-4080
3099357025,664,2,-3,61,-73,-47,-4140
3099358025,662,-3,7,45,143,-95,-4233
3099359025,660,-2,8,35,196,-76,-4245
3099360025,658,4,11,19,180,-1,-4116
3099361025,655,15,13,11,91,-4,-3987
3099362025,652,14,15,4,-5,22,-3984
3099363025,650,10,23,3,-46,32,-4038
3099364025,647,25,8,6,-28,57,-4086
3099365025,644,22,5,10,-31,80,-4048
3099366025,642,16,-16,-6,-173,-205,-4004
3099367025,639,21,-27,4,-298,-137,-3985
3099368025,637,18,-30,-3,-265,-466,-4093
3099369025,634,0,-22,-9,-404,-272,-4503
3099370025,632,10,-10,-12,-98,91,-4472
3099371025,629,3,6,-23,-111,472,-4127
3099372025,627,6,10,-25,-111,563,-4153
3099373025,625,14,25,-30,-85,474,-4174
3099374025,623,15,29,-23,-23,246,-4132
3099375025,622,7,36,-12,115,108,-4020
3099376025,621,3,33,4,242,73,-3939
3099377025,620,5,35,15,335,52,-3890
3099378025,619,3,24,27,474,9,-3756
3099379025,619,1,0,39,496,-23,-3744
3099380025,618,-2,-24,42,314,-47,-3824
3099381025,618,1,-39,43,99,-66,-3899
3099382025,618,2,-41,37,26,-72,-3922
3099383025,619,14,-45,27,-148,-121,-4000
3099384025,619,7,-38,24,-258,-104,-4152
3099385025,619,13,-30,8,-241,-109,-4352
3099386025,620,11,-17,7,-200,-128,-4435
3099387025,620,3,-2,-3,-61,-198,-4552
3099388025,621,2,9,-18,30,-165,-4505
3099389025,621,-2,9,-17,113,-76,-4331
3099390025,622,-2,11,-17,105,4,-4140
3099391025,622,-4,19,-16,118,20,-4118
3099392025,623,-3,28,-13,226,57,-4094
3099393025,623,3,11,-13,402,133,-3949
3099394025,624,-2,-3,-13,405,230,-3775
3099395025,624,2,-8,-20,336,235,-3752
3099396025,624,13,-27,-23,126,167,-3826
3099397025,624,6,-19,-24,18,132,-3953
3099398025,624,5,-17,-26,43,179,-4027
3099399025,624,7,-24,-26,69,249,-4060
3099400025,624,-2,-18,-16,9,243,-4110
3099401025,623,3,-21,-22,-37,189,-4161
3099402025,623,9,-12,-18,-94,116,-4203
3099403025,622,3,-11,-19,-81,114,-4206
3099404025,621,4,-4,-15,-53,126,-4176
3099405025,619,1,4,-13,-31,128,-4158
3099406025,618,6,0,-8,-11,103,-4138
3099407025,616,7,2,-10,28,86,-4116
3099408025,615,5,10,-9,42,67,-4042
3099409025,613,7,11,-9,275,-14,-4023
3099410025,611,-6,1,2,-73,-118,-4084
3099411025,609,15,-7,16,-221,176,-3873
3099412025,607,7,-10,32,-372,226,-3919
3099413025,605,10,-5,45,-280,-23,-4191
3099414025,603,8,-3,52,-50,-110,-4142
3099415025,601,8,-11,65,38,-274,-4173
3099416025,599,1,-8,69,76,-313,-4226
3099417025,596,-5,-2,73,35,-293,-4261
3099418025,594,-4,4,69,30,-271,-4241
3099419025,592,-6,7,68,171,-240,-4104
3099420025,590,-2,22,57,297,-208,-4115
3099421025,588,-1,22,40,382,-138,-4027
3099422025,585,-2,7,15,260,-220,-3916
3099423025,583,-2,-2,15,379,-217,-3985
3099424025,581,10,-14,-1,17,-272,-3877
3099425025,579,10,-16,-5,-234,-202,-4175
3099426025,577,16,-22,0,-269,45,-4224
3099427025,576,10,-9,-7,-196,234,-4052
3099428025,574,11,-17,-6,-189,469,-3992
3099429025,573,1,-10,-4,-141,415,-4282
3099430025,571,0,9,10,8,325,-4368
3099431025,570,-7,22,13,237,300,-4245
3099432025,569,-6,25,15,334,316,-4168
3099433025,569,-5,17,20,429,360,-3937
3099434025,568,-2,9,19,357,296,-3786
3099435025,568,-1,-2,20,232,169,-3786
3099436025,567,0,-3,19,68,116,-3855
3099437025,567,4,-10,20,20,119,-3888
3099438025,567,10,-15,13,20,89,-3922
3099439025,567,9,-9,12,96,18,-3999
3099440025,567,1,-3,12,203,34,-4180
3099441025,567,1,-11,4,280,38,-4269
3099442025,567,0,-6,-4,336,40,-4276
3099443025,568,-2,-11,-14,231,-60,-4245
3099444025,568,2,-20,-18,57,-197,-4300
3099445025,568,-3,-14,-15,-72,-221,-4257
3099446025,568,-1,-13,-21,-102,-163,-4219
3099447025,568,3,-11,-24,-76,-30,-4125
3099448025,568,3,-10,-24,40,43,-4087
3099449025,568,2,-12,-33,135,74,-4141
3099450025,568,1,-8,-35,148,94,-4151
3099451025,567,4,-10,-43,171,129,-4139
3099452025,567,4,-16,-44,79,138,-4094
3099453025,567,0,-5,-44,6,100,-4050
3099454025,566,-1,4,-36,58,76,-4037
3099455025,565,2,11,-34,132,79,-4042
3099456025,564,-6,18,-32,250,103,-3996
3099457025,564,-2,7,-29,336,155,-3924
3099458025,563,0,-5,-25,262,136,-3867
3099459025,562,-5,-1,-21,184,138,-3886
3099460025,560,-3,-4,-20,131,81,-3946
3099461025,559,-5,1,-13,139,96,-4026
3099462025,558,-3,1,-10,245,93,-4050
3099463025,556,1,-8,-9,198,79,-4082
3099464025,555,-2,-7,-7,157,21,-4097
3099465025,553,1,-13,-10,98,-20,-4131
3099466025,551,-2,-2,0,17,-68,-4204
3099467025,549,3,0,6,46,-18,-4189
3099468025,548,2,-4,13,-6,-2,-4170
3099469025,546,-1,-7,24,-67,20,-4178
3099470025,544,0,-5,30,-84,9,-4155
3099471025,542,5,-9,40,-81,-48,-4103
3099472025,540,-4,-5,48,-45,-112,-4125
3099473025,538,-6,-9,54,-9,-151,-4159
3099474025,536,-2,-5,57,63,-206,-4184
3099475025,535,-1,-3,46,129,-323,-4109
3099476025,533,-4,-12,23,210,-339,-4148
3099477025,531,9,-30,-1,-22,-576,-4089
3099478025,529,0,-27,-23,-20,-475,-4240
3099479025,527,4,-16,-27,-348,-220,-4174
3099480025,525,-10,14,-39,-211,332,-3975
3099481025,523,-2,22,-42,-98,763,-4044
3099482025,522,11,23,-43,52,746,-4189
3099483025,520,11,25,-31,215,497,-4255
3099484025,519,13,27,-16,305,380,-4164
3099485025,518,4,40,2,421,388,-3990
3099486025,517,-2,35,21,611,332,-3834
3099487025,517,2,24,32,666,239,-3746
3099488025,516,-1,7,40,676,121,-3712
3099489025,516,-4,-12,47,496,140,-3855
3099490025,516,6,-28,45,394,171,-3821
3099491025,516,3,-26,35,348,130,-3796
3099492025,516,13,-37,22,262,-32,-3856
3099493025,515,10,-45,6,147,-224,-4110
3099494025,515,9,-52,-18,-49,-325,-4375
3099495025,515,13,-47,-35,-253,-305,-4485
3099496025,515,2,-28,-26,-363,-225,-4508
3099497025,515,8,-15,-36,-377,-67,-4515
3099498025,514,0,9,-29,-210,122,-4470
3099499025,514,-4,19,-25,13,221,-4374
3099500025,514,-5,18,-24,260,137,-4254
3099501025,514,-3,17,-30,350,49,-4244
3099502025,513,9,4,-26,372,-103,-4145
3099503025,513,12,2,-27,325,-57,-3950
3099504025,512,3,2,-30,261,113,-3748
3099505025,511,7,-1,-37,261,214,-3688
3099506025,511,4,-5,-39,292,279,-3754
3099507025,510,11,-10,-40,252,250,-3901
3099508025,509,7,-12,-39,311,149,-4038
3099509025,508,11,-17,-38,154,94,-4107
3099510025,506,17,-22,-37,98,181,-4071
3099511025,505,9,-16,-24,10,142,-4009
3099512025,504,4,-10,-9,-72,154,-4137
3099513025,502,1,-6,-6,79,135,-4156
3099514025,501,-1,-2,-2,168,89,-4143
3099515025,499,4,-9,0,121,53,-4125
3099516025,498,13,-19,6,-72,42,-4077
3099517025,496,2,-8,17,-246,-3,-4058
3099518025,494,4,-2,31,-212,28,-4128
3099519025,492,5,-1,26,-142,39,-4142
3099520025,490,12,-5,36,19,72,-4153
3099521025,488,12,-28,18,1,-268,-4051
3099522025,486,22,-34,14,-241,-415,-3896
3099523025,484,12,-39,4,-258,-643,-4010
3099524025,482,6,-31,-1,-574,-527,-4317
3099525025,479,10,-19,-10,-260,-145,-4347
3099526025,477,1,9,-23,-90,292,-4217
3099527025,475,4,32,-28,191,485,-4418
3099528025,472,11,47,-24,336,500,-4442
3099529025,470,21,39,-28,571,366,-4273
3099530025,468,18,44,-19,597,192,-3943
3099531025,467,7,38,-3,462,34,-3823
3099532025,465,6,35,1,434,-62,-3786
3099533025,463,-1,31,26,528,-67,-3724
3099534025,462,-3,5,33,721,48,-3676
3099535025,461,2,-26,40,597,233,-3702
3099536025,460,13,-39,39,314,227,-3773
3099537025,459,13,-48,37,175,177,-3853
3099538025,458,10,-37,36,46,81,-4104
3099539025,457,16,-33,31,46,59,-4344
3099540025,456,22,-34,18,167,12,-4427
3099541025,455,22,-21,12,165,-122,-4391
3099542025,454,24,-29,6,114,-198,-4377
3099543025,453,13,-18,-3,-65,-319,-4335
3099544025,453,7,-7,2,-143,-315,-4342
3099545025,452,-3,10,-1,-83,-121,-4378
3099546025,451,-8,24,4,32,29,-4372
3099547025,450,0,21,-2,297,259,-4244
3099548025,450,11,6,-8,373,306,-4022
3099549025,449,15,-1,-11,235,185,-3910
3099550025,448,13,-12,-13,6,75,-3932
3099551025,447,12,-8,-7,-73,74,-3999
3099552025,446,3,-2,0,-66,164,-4015
3099553025,445,10,-9,3,55,245,-3923
3099554025,444,5,-11,13,89,202,-3972
3099555025,443,8,-17,16,64,179,-4031
3099556025,442,14,-25,28,-25,115,-4064
3099557025,441,9,-21,28,-146,80,-4046
3099558025,439,3,-12,35,-176,134,-4044
3099559025,438,9,-11,33,-98,152,-4053
3099560025,437,11,-8,28,-55,-30,-4045
3099561025,435,11,-34,5,138,-301,-3933
3099562025,433,10,-46,-21,-119,-494,-3730
3099563025,431,-5,-46,-41,-551,-394,-4026
3099564025,429,3,-44,-46,-649,-40,-4301
3099565025,427,-7,-12,-52,-593,146,-4286
3099566025,425,-1,5,-47,-474,556,-4453
3099567025,422,18,25,-49,-245,682,-4587
3099568025,420,24,33,-46,-11,514,-4483
3099569025,418,24,45,-38,81,399,-4393
3099570025,416,21,50,-18,161,210,-4179
3099571025,414,20,62,-2,329,19,-4025
3099572025,412,11,54,7,606,-92,-3733
3099573025,410,-1,29,19,779,-203,-3553
3099574025,409,-9,15,27,705,-176,-3600
3099575025,407,7,-18,32,439,-100,-3711
3099576025,406,0,-29,40,249,-52,-3769
3099577025,404,2,-21,45,270,-12,-3860
3099578025,403,5,-27,42,276,-2,-3960
3099579025,401,15,-40,33,238,-20,-4211
3099580025,400,20,-51,32,95,-128,-4331
3099581025,399,21,-39,32,-171,-280,-4421
3099582025,397,17,-18,30,-208,-329,-4503
3099583025,396,16,-13,26,-147,-302,-4520
3099584025,395,5,0,33,32,-170,-4488
3099585025,394,11,-6,24,37,-80,-4313
3099586025,393,11,0,18,-20,-138,-4150
3099587025,392,3,2,17,-28,-138,-4138
3099588025,391,-4,14,21,7,-31,-4132
3099589025,389,0,18,22,138,209,-4122
3099590025,388,8,12,21,132,354,-4008
3099591025,387,17,1,18,50,348,-3799
3099592025,386,13,-4,25,38,256,-3707
3099593025,385,17,-14,34,-130,174,-3936
3099594025,384,4,-11,39,19,114,-4045
3099595025,383,2,-26,38,64,148,-3855
3099596025,382,7,-32,37,-201,138,-3926
3099597025,380,3,-42,47,-355,148,-3965
3099598025,379,8,-45,40,-484,110,-4063
3099599025,378,4,-34,28,-386,80,-4095
3099600025,376,2,-25,25,-284,142,-4215
3099601025,375,2,-16,13,-264,217,-4291
3099602025,373,3,-4,14,-228,299,-4411
3099603025,371,18,17,6,-147,256,-4325
3099604025,369,15,34,0,-59,153,-4154
3099605025,368,10,44,5,140,-32,-4028
3099606025,366,12,37,1,279,-114,-3969
3099607025,364,8,31,-6,395,-212,-3994
3099608025,362,3,17,-5,433,-172,-3889
3099609025,361,4,1,-4,258,-12,-3761
3099610025,359,2,-7,1,155,40,-3764
3099611025,357,2,-8,-1,54,148,-3870
3099612025,356,11,-10,-2,123,211,-4064
3099613025,354,9,-6,-3,239,257,-4208
3099614025,352,15,-16,-1,216,204,-4246
3099615025,351,23,-16,-2,176,129,-4216
3099616025,349,22,-15,4,71,-111,-4152
3099617025,348,12,-7,8,45,-294,-4206
3099618025,346,0,-4,9,91,-271,-4246
3099619025,345,-3,-5,10,34,-203,-4232
3099620025,343,-1,-13,17,42,10,-4148
3099621025,342,-5,-4,18,5,100,-4137
3099622025,341,-1,8,30,100,86,-4125
3099623025,339,3,13,25,246,69,-4141
3099624025,338,6,9,22,328,47,-4137
3099625025,337,9,-14,19,310,-7,-4055
3099626025,336,7,-13,21,160,-102,-4020
3099627025,334,6,-9,33,54,-110,-4000
3099628025,333,2,-2,27,106,-54,-4006
3099629025,332,-1,0,32,165,-31,-4030
3099630025,331,5,-8,35,219,51,-4080
3099631025,330,4,-12,28,216,51,-4058
3099632025,329,9,-20,27,116,49,-4025
3099633025,327,7,-15,30,82,51,-4016
3099634025,326,10,-13,26,-53,-41,-4062
3099635025,325,-1,-41,22,-330,-7,-4087
3099636025,324,23,-61,22,-638,30,-3688
3099637025,322,-3,-54,23,-1240,131,-3972
3099638025,321,2,-54,24,-1350,175,-4285
3099639025,319,3,-26,32,-792,171,-4286
3099640025,318,4,-9,35,-546,296,-4381
3099641025,317,11,1,35,-182,288,-4556
3099642025,315,13,18,27,-85,217,-4602
3099643025,313,12,45,24,226,25,-4465
3099644025,312,12,57,16,492,-63,-4115
3099645025,310,0,65,10,544,-58,-3912
3099646025,308,1,57,10,543,-21,-3647
3099647025,307,3,44,3,615,-36,-3465
3099648025,305,-9,36,-2,632,-85,-3425
3099649025,304,-9,3,7,545,-20,-3687
3099650025,302,6,-18,12,440,209,-3747
3099651025,301,10,-35,14,369,280,-3708
3099652025,299,9,-53,19,27,351,-3909
3099653025,298,14,-47,21,-67,187,-4192
3099654025,296,21,-45,24,-50,-58,-4402
3099655025,295,15,-36,26,71,-208,-4610
3099656025,293,11,-32,23,85,-238,-4587
3099657025,292,8,-26,18,-8,-203,-4481
3099658025,290,0,-6,10,-69,-187,-4324
3099659025,289,-7,12,8,-45,-98,-4286
3099660025,287,-15,21,4,104,-5,-4267
3099661025,286,-10,27,0,182,65,-4176
3099662025,284,0,17,-9,233,78,-3990
3099663025,283,4,14,-8,188,45,-3932
3099664025,281,8,7,-11,266,48,-3866
3099665025,280,3,10,-3,204,19,-3845
3099666025,278,-3,0,-2,329,77,-3952
3099667025,277,1,-11,-2,273,158,-4034
3099668025,276,10,-17,2,205,155,-3978
3099669025,274,3,-14,0,148,135,-4037
3099670025,273,0,-21,3,110,139,-4091
3099671025,272,1,-24,6,128,213,-4122
3099672025,271,4,-34,-14,97,52,-4075
3099673025,269,18,-44,-20,-209,-11,-3970
3099674025,268,15,-52,-27,-266,-178,-4017
3099675025,267,8,-48,-45,-617,-193,-4251
3099676025,265,9,-51,-38,-904,168,-4308
3099677025,264,9,-36,-32,-876,496,-3904
3099678025,263,4,-7,-18,-934,614,-4112
3099679025,261,13,6,-20,-864,541,-4397
3099680025,260,14,33,-2,-134,312,-4361
3099681025,259,5,36,11,270,110,-4301
3099682025,258,-2,39,21,453,-83,-4110
3099683025,257,-5,31,29,443,-175,-4050
3099684025,256,-6,25,34,384,-293,-3861
3099685025,255,-9,28,44,438,-319,-3668
3099686025,254,-11,16,36,502,-211,-3680
3099687025,254,-4,7,34,559,-117,-3759
3099688025,253,-1,2,27,558,-92,-3813
3099689025,252,13,-20,10,475,-68,-3830
3099690025,251,16,-38,4,241,-30,-3942
3099691025,249,14,-39,3,34,-101,-4160
3099692025,248,21,-44,5,-58,-239,-4365
3099693025,247,15,-33,0,-78,-266,-4454
3099694025,246,10,-33,6,-100,-226,-4501
3099695025,244,-1,-24,8,-73,-136,-4475
3099696025,243,1,-16,10,-81,-56,-4378
3099697025,242,-3,-12,17,-27,19,-4341
3099698025,240,-10,-8,12,-40,158,-4280
3099699025,239,2,3,5,27,229,-4212
3099700025,237,-1,9,-6,210,201,-4075
3099701025,235,1,10,-12,113,242,-4008
3099702025,234,9,1,-14,70,300,-3863
3099703025,232,2,12,-13,42,301,-3712
3099704025,230,2,12,-11,21,280,-3871
3099705025,228,8,8,-13,286,214,-3960
3099706025,227,-2,4,-9,282,207,-4074
3099707025,225,7,-13,-4,315,230,-4029
3099708025,223,5,-19,-1,179,196,-3963
3099709025,222,-2,-16,2,14,169,-4100
3099710025,220,-1,-10,9,148,176,-4056
3099711025,218,4,-2,9,108,111,-4042
3099712025,216,2,-28,-5,84,88,-4098
3099713025,215,10,-37,-21,-168,-81,-4055
3099714025,213,7,-35,-32,-522,-220,-4257
3099715025,211,8,-35,-24,-694,-61,-4282
3099716025,210,9,-25,-19,-558,89,-4066
3099717025,208,6,0,-9,-623,290,-4123
3099718025,206,8,-4,1,-323,180,-4298
3099719025,205,1,-2,13,-143,22,-4243
3099720025,203,-5,9,19,-52,-100,-4292
3099721025,202,-6,5,24,86,-270,-4242
3099722025,201,-5,14,28,86,-322,-4230
3099723025,200,-9,23,39,270,-261,-3950
3099724025,199,-8,24,31,395,-140,-3775
3099725025,198,-10,27,22,445,-6,-3769
3099726025,196,-2,4,10,475,-11,-3835
3099727025,195,9,-8,-6,418,-133,-3944
3099728025,194,16,-10,-9,215,-159,-3928
3099729025,193,13,-10,-8,140,-110,-3965
3099730025,192,12,-14,-16,109,-6,-4006
3099731025,191,8,-15,-19,198,27,-4090
3099732025,190,5,-25,-16,191,19,-4262
3099733025,190,7,-25,-11,97,80,-4379
3099734025,189,4,-25,-2,14,117,-4366
3099735025,188,3,-21,2,-105,224,-4229
3099736025,187,-3,-17,6,-59,333,-4040
3099737025,186,3,-14,12,28,313,-4089
3099738025,185,3,-7,11,10,266,-4185
3099739025,184,9,-17,-2,61,137,-4269
3099740025,183,8,-19,-6,-6,137,-4107
3099741025,182,2,-11,1,-76,185,-3939
3099742025,181,4,-8,-9,7,67,-3942
3099743025,180,0,1,-5,36,-7,-4063
3099744025,178,-2,1,-8,54,75,-4216
3099745025,177,7,-11,-12,173,135,-3990
3099746025,176,4,-11,-15,-38,135,-4028
3099747025,174,6,-4,-18,-107,109,-4057
3099748025,173,-3,1,-15,-3,51,-4081
3099749025,171,-8,8,-18,99,108,-4135
3099750025,170,12,-17,-37,-118,12,-4090
3099751025,168,18,-39,-32,-404,105,-4106
3099752025,166,24,-45,-50,-614,-31,-3926
3099753025,165,7,-45,-54,-830,-207,-4192
3099754025,163,17,-30,-50,-999,-41,-4392
3099755025,161,3,-12,-52,-643,218,-4087
3099756025,159,2,6,-39,-434,428,-4188
3099757025,158,-7,21,-33,-201,420,-4244
3099758025,156,-5,29,-26,131,268,-4298
3099759025,154,-11,43,-13,430,215,-4136
3099760025,153,-7,33,-3,487,146,-3865
3099761025,152,-3,29,2,463,61,-3773
3099762025,151,7,21,10,384,-144,-3684
3099763025,149,2,18,32,402,-253,-3762
3099764025,148,11,6,34,461,-186,-3741
3099765025,148,11,-11,30,495,-73,-3656
3099766025,147,16,-19,32,362,-61,-3721
3099767025,146,15,-50,15,108,-236,-3979
3099768025,145,14,-50,13,-199,-336,-4171
3099769025,144,11,-51,4,-331,-445,-4488
3099770025,143,12,-44,2,-440,-392,-4612
3099771025,142,9,-21,0,-269,-238,-4624
3099772025,141,2,3,1,-34,-69,-4434
3099773025,140,0,7,-10,113,73,-4431
3099774025,139,-1,8,-9,105,129,-4398
3099775025,139,1,4,-3,73,107,-4362
3099776025,138,6,8,2,33,75,-4238
3099777025,137,11,16,5,113,123,-4034
3099778025,136,8,17,4,324,223,-3804
3099779025,135,5,14,5,348,237,-3721
3099780025,134,15,-16,-6,320,219,-3715
3099781025,133,11,-12,-9,64,222,-3877
3099782025,132,7,-12,-9,8,214,-3968
3099783025,131,4,-2,-10,62,268,-4001
3099784025,129,-2,1,-4,86,270,-3997
3099785025,128,8,-19,-14,175,276,-3938
3099786025,127,-1,-19,-14,-19,225,-4107
3099787025,126,6,-18,-7,-250,223,-4261
3099788025,124,3,-13,1,-239,198,-4150
3099789025,123,2,-7,7,-218,204,-4111
3099790025,122,5,-2,10,-155,221,-4206
3099791025,120,8,4,9,57,140,-4089
3099792025,119,9,-3,-2,44,-133,-4154
3099793025,117,11,-11,-8,-27,-173,-4119
3099794025,115,11,-23,-21,-194,-308,-3999
3099795025,114,4,-26,-28,-568,-296,-4147
3099796025,112,11,-21,-32,-616,-115,-4204
3099797025,110,-3,-5,-31,-551,98,-4129
3099798025,108,-2,-1,-29,-539,160,-4195
3099799025,107,4,13,-22,-341,257,-4311
3099800025,105,11,23,-17,-104,201,-4351
3099801025,104,10,31,-6,143,137,-4187
3099802025,102,4,35,0,222,137,-4080
3099803025,101,7,24,6,319,62,-3897
3099804025,99,20,11,10,251,-131,-3832
3099805025,98,8,4,8,196,-325,-3800
3099806025,97,7,-7,2,157,-322,-3781
3099807025,96,-2,-8,2,173,-241,-3796
3099808025,95,2,-13,-4,198,-20,-3890
3099809025,94,12,-20,-16,142,130,-4038
3099810025,94,10,-9,-17,65,229,-4135
3099811025,93,4,-5,-15,50,218,-4224
3099812025,92,14,-8,-7,50,235,-4280
3099813025,91,9,4,1,76,73,-4229
3099814025,91,14,-8,5,-4,-96,-4310
3099815025,90,9,-3,14,96,-182,-4173
3099816025,90,0,-1,20,110,-174,-4085
3099817025,90,2,-10,21,128,-84,-4084
3099818025,89,8,-19,25,62,1,-4055
3099819025,89,4,-22,9,-32,26,-4019
3099820025,88,6,-26,11,-143,-9,-4037
3099821025,88,6,-27,-2,-201,31,-4128
3099822025,87,8,-16,-12,-148,50,-4204
3099823025,87,5,-4,-20,-26,113,-4200
3099824025,86,9,5,-19,-81,179,-4252
3099825025,85,9,1,-28,-47,192,-4259
3099826025,84,8,14,-27,-19,156,-4146
3099827025,83,7,8,-20,100,93,-4042
3099828025,83,-3,8,-18,119,31,-4087
3099829025,82,3,4,-17,104,101,-4026
3099830025,81,5,0,-15,66,151,-3940
3099831025,79,2,-7,-7,83,254,-3827
3099832025,78,3,-9,-11,47,275,-3857
3099833025,77,9,-11,-17,39,228,-3951
3099834025,76,3,-14,-15,20,167,-4032
3099835025,74,2,-19,-16,-121,121,-4138
3099836025,73,11,-12,-7,-262,112,-4134
3099837025,72,6,-9,2,-298,31,-4076
3099838025,70,8,-6,13,-291,13,-4200
3099839025,69,-1,1,16,-189,3,-4197
3099840025,67,2,-2,19,-33,-65,-4126
3099841025,66,4,-8,21,-28,-128,-4165
3099842025,64,3,-9,31,-145,-35,-4098
3099843025,63,7,-15,20,-378,-266,-4116
3099844025,61,5,-24,14,-309,-441,-3896
3099845025,60,-1,-33,-6,-373,-436,-3850
3099846025,58,-3,-28,-13,-664,-172,-4276
3099847025,56,1,-15,-23,-433,88,-4338
3099848025,55,-2,2,-22,-347,171,-4229
3099849025,53,12,8,-36,-174,316,-4281
3099850025,52,19,26,-36,53,274,-4288
3099851025,50,22,30,-32,149,109,-4305
3099852025,49,18,28,-30,104,122,-4164
3099853025,48,9,35,-16,85,152,-4129
3099854025,47,7,29,2,127,248,-3922
3099855025,46,6,22,18,203,194,-3719
3099856025,45,2,-1,27,260,62,-3712
3099857025,45,-5,-6,28,232,31,-3735
3099858025,44,-2,-23,30,170,32,-3802
3099859025,44,6,-32,24,150,63,-3881
3099860025,44,11,-25,26,167,71,-4040
3099861025,43,10,-28,20,168,45,-4182
3099862025,43,17,-24,18,119,23,-4259
3099863025,43,16,-18,11,26,-87,-4284
3099864025,43,10,-13,2,14,-308,-4280
3099865025,43,3,-13,-5,48,-463,-4250
3099866025,43,1,-15,-13,27,-453,-4260
3099867025,43,-3,-21,-23,-34,-354,-4192
3099868025,42,-4,-21,-34,-155,-107,-4164
3099869025,42,-7,-14,-41,-258,141,-4217
3099870025,42,2,1,-47,-151,412,-4280
3099871025,41,5,10,-52,-80,521,-4280
3099872025,41,11,17,-48,38,570,-4312
3099873025,41,27,15,-50,99,416,-4170
3099874025,40,18,13,-48,117,149,-3930
3099875025,40,13,16,-40,108,54,-3875
3099876025,39,3,6,-32,40,-23,-3932
3099877025,39,0,10,-15,111,28,-3964
3099878025,38,-2,-8,-3,177,171,-3838
3099879025,38,-4,-19,-8,73,244,-3832
3099880025,37,2,-17,-2,-5,237,-3879
3099881025,36,6,-26,-2,-40,121,-3963
3099882025,36,3,-16,2,-29,54,-4091
3099883025,35,11,-13,-8,-41,40,-4142
3099884025,34,6,-12,-6,-46,-26,-4153
3099885025,33,10,-14,-3,-91,-79,-4114
3099886025,31,10,-17,-5,-150,-212,-4148
3099887025,30,0,-3,-5,-164,-235,-4244
3099888025,29,2,2,1,-82,-200,-4254
3099889025,28,-1,4,-2,-59,-169,-4253
3099890025,26,0,2,1,-14,-106,-4228
3099891025,25,6,-5,0,-46,-72,-4157
3099892025,24,6,-10,10,-277,56,-4139
3099893025,22,1,-5,17,-348,70,-3965
3099894025,21,0,-3,22,-453,114,-4004
3099895025,19,9,7,34,-340,131,-4135
3099896025,18,13,5,37,-26,74,-3957
3099897025,16,7,-2,35,113,-102,-4070
3099898025,15,9,0,29,169,-137,-4095
3099899025,14,16,0,34,191,-164,-4089
3099900025,12,17,-9,20,25,-237,-4037
3099901025,11,10,-21,15,-15,-203,-3815
3099902025,10,0,-21,1,-160,-125,-3844
3099903025,8,-10,-20,-5,-358,-70,-4055
3099904025,7,6,-20,-4,-508,299,-4250
3099905025,6,4,-11,2,-412,423,-4021
3099906025,5,7,-8,11,-578,465,-4248
3099907025,3,8,-1,13,-495,441,-4281
3099908025,3,14,-4,23,-372,315,-4169
3099909025,2,12,-4,24,-238,37,-4174
3099910025,1,8,-5,20,-282,-2,-4163
3099911025,0,6,1,28,-255,4,-4081
3099912025,0,-1,10,31,-177,-14,-4026
3099913025,-1,1,17,20,20,14,-4008
3099914025,-1,3,22,20,232,130,-4032
3099915025,-1,2,18,12,336,171,-4013
3099916025,-2,5,18,3,319,65,-3957
3099917025,-2,12,10,-2,288,-10,-3889
3099918025,-2,16,-8,-7,119,-80,-3838
3099919025,-2,10,-19,-8,-97,-219,-3945
3099920025,-2,4,-31,-6,-251,-200,-3948
3099921025,-2,2,-41,-7,-301,-188,-3917
3099922025,-2,-5,-44,-7,-521,-65,-4078
3099923025,-2,3,-50,-6,-592,107,-4289
3099924025,-2,6,-42,-17,-572,191,-4346
3099925025,-2,10,-32,-20,-549,237,-4442
3099926025,-2,13,-24,-28,-547,253,-4442
3099927025,-2,20,-9,-33,-485,196,-4392
3099928025,-2,21,6,-41,-390,71,-4278
3099929025,-2,8,19,-43,-249,-15,-4168
3099930025,-2,6,27,-46,-161,-34,-4114
3099931025,-2,6,33,-48,44,-74,-3993
3099932025,-2,2,30,-51,209,-38,-3914
3099933025,-2,-7,21,-52,227,100,-3840
3099934025,-2,2,11,-48,201,248,-3765
3099935025,-2,-3,19,-44,168,310,-3761
3099936025,-2,-3,15,-38,156,321,-3882
3099937025,-2,10,3,-37,264,273,-3913
3099938025,-2,13,-5,-26,293,166,-3971
3099939025,-2,13,-11,-21,263,84,-4002
3099940025,-2,7,-21,-13,-60,-20,-4133
3099941025,-2,10,-24,4,-221,-28,-4115
3099942025,-2,5,-27,14,-294,-101,-4127
3099943025,-2,2,-26,27,-275,-122,-4297
3099944025,-2,4,-24,23,-157,-144,-4238
3099945025,-2,7,-30,25,-186,-230,-4237
3099946025,-2,13,-31,21,-281,-310,-4300
3099947025,-2,8,-18,17,-371,-274,-4322
3099948025,-3,4,-11,18,-322,-179,-4278
3099949025,-3,2,6,16,-282,-123,-4264
3099950025,-4,5,3,10,-221,-58,-4232
3099951025,-4,4,9,14,-206,-42,-4168
3099952025,-5,2,13,8,-162,-61,-4116
3099953025,-5,3,11,9,-122,-61,-4091
3099954025,-6,-1,16,11,-15,-9,-4007
3099955025,-7,-1,14,17,69,78,-3956
3099956025,-7,0,4,22,125,134,-3941
3099957025,-8,-1,-2,26,103,233,-3939
3099958025,-9,5,-6,31,82,251,-3922
3099959025,-9,1,-2,35,111,272,-3944
3099960025,-10,5,2,38,122,274,-3948
3099961025,-10,12,-5,38,159,185,-3970
3099962025,-11,7,-3,37,163,138,-3971
3099963025,-11,9,-9,34,132,69,-4015
3099964025,-12,8,-12,34,70,28,-4094
3099965025,-13,1,-7,28,54,25,-4105
3099966025,-13,6,-12,29,37,23,-4118
3099967025,-13,3,-9,27,37,23,-4142
3099968025,-14,5,-11,15,14,13,-4183
3099969025,-14,7,-17,14,1,-9,-4191
3099970025,-15,5,-10,9,-46,-3,-4217
3099971025,-15,3,-3,9,-65,15,-4210
3099972025,-15,6,-4,4,-76,33,-4185
3099973025,-16,0,4,-3,-92,49,-4153
3099974025,-16,7,-3,-9,-43,-51,-4116
3099975025,-16,3,-3,-15,-57,-20,-4001
3099976025,-16,-1,-3,-17,-20,-42,-4045
3099977025,-17,1,-2,-21,-61,83,-4180
3099978025,-17,3,4,-22,88,157,-4143
3099979025,-17,0,4,-19,154,154,-4043
3099980025,-17,3,4,-21,123,130,-4016
3099981025,-17,-1,-2,-23,104,117,-3988
3099982025,-17,4,-13,-20,39,53,-4033
3099983025,-16,1,-9,-22,46,-22,-3982
3099984025,-16,0,-13,-19,26,28,-3922
3099985025,-16,-1,-12,-20,24,26,-3966
3099986025,-16,4,-14,-19,-52,81,-4088
3099987025,-15,6,-13,-21,-54,126,-4099
3099988025,-15,7,-11,-19,-85,132,-4113
3099989025,-15,8,-11,-28,-93,103,-4150
3099990025,-14,10,-7,-19,-72,69,-4143
3099991025,-14,6,-10,-23,-65,-48,-4129
3099992025,-14,8,-7,-25,-115,-96,-4122
3099993025,-13,1,-14,-21,-203,-64,-4120
3099994025,-13,-3,-8,-17,-211,-26,-4097
3099995025,-13,0,-5,-13,-164,-8,-4059
3099996025,-13,1,-1,-14,-129,-2,-4111
3099997025,-13,-8,-1,-8,-54,17,-4078
3099998025,-13,7,-6,-15,-42,-28,-4127
3099999025,-12,8,0,-13,-25,-34,-4126
3100000025,-12,0,-1,-19,-78,-31,-4111
3100001025,-12,8,-7,-16,-80,-10,-4078
3100002025,-12,5,-1,-15,-82,26,-4064
3100003025,-12,7,3,-17,-83,26,-4059
3100004025,-12,6,-1,-13,-54,39,-4064
3100005025,-13,-1,4,-5,-16,40,-4067
3100006025,-13,8,0,-11,17,46,-4042
3100007025,-13,2,-8,-6,46,54,-4057
3100008025,-13,3,-7,-8,53,71,-4070
3100009025,-13,11,-3,-8,38,75,-4067
3100010025,-13,5,-3,-3,38,67,-4062
3100011025,-14,4,-2,-6,37,61,-4070
3100012025,-14,5,3,-5,53,49,-4079
3100013025,-14,4,-1,-6,57,59,-4079
3100014025,-14,10,-6,-5,60,34,-4095
3100015025,-15,0,-2,-4,83,28,-4087
3100016025,-15,5,-8,-3,54,46,-4099
3100017025,-15,4,-4,-2,42,45,-4078
3100018025,-15,3,-6,-7,10,61,-4093
3100019025,-16,9,-6,-5,24,72,-4103
3100020025,-16,4,3,-5,28,77,-4106
3100021025,-16,4,2,-7,35,64,-4103
3100022025,-16,8,-2,-4,20,67,-4118
3100023025,-16,8,-2,-9,34,61,-4114
3100024025,-16,2,-2,-12,39,65,-4118
3100025025,-16,9,-5,-5,33,51,-4077
3100026025,-16,4,4,-8,33,55,-4090
3100027025,-16,7,-1,-10,34,32,-4109
3100028025,-16,7,1,-8,53,57,-4088
3100029025,-16,3,2,-8,42,50,-4090
3100030025,-16,5,-3,-9,63,43,-4100
3100031025,-16,3,-4,-11,67,45,-4091
3100032025,-16,6,-4,-7,57,46,-4085
3100033025,-16,6,-9,-13,16,48,-4093
3100034025,-16,9,-6,-7,38,54,-4053
3100035025,-16,10,-8,-16,43,51,-4076
3100036025,-15,4,-5,-8,44,48,-4078
3100037025,-15,6,-1,-10,55,46,-4092
3100038025,-15,7,-6,-12,48,31,-4104
3100039025,-15,5,-2,-11,40,30,-4083
3100040025,-14,6,-6,-15,54,30,-4095
3100041025,-14,7,-7,-13,41,27,-4092
3100042025,-14,5,-5,-16,42,40,-4101
3100043025,-14,3,-6,-13,53,40,-4108
3100044025,-14,1,-3,-19,49,35,-4100
3100045026,-14,-1,1,-15,50,43,-4094
3100046025,-13,5,-4,-17,41,34,-4097
3100047026,-13,-1,3,-13,37,30,-4087
3100048027,-13,6,-3,-15,27,23,-4088
3100049025,-13,6,-3,-13,44,22,-4084
3100050025,-13,0,-4,-10,29,24,-4106
3100051025,-13,4,0,-8,18,42,-4085
3100052025,-13,0,-1,-11,37,33,-4079
3100053025,-13,6,-4,-12,30,39,-4091
3100054025,-13,7,-2,-14,37,46,-4095
3100055025,-13,6,2,-11,27,32,-4084
3100056025,-13,6,-2,-12,34,36,-4081
3100057025,-13,3,0,-10,49,31,-4078
3100058025,-13,7,3,-12,50,25,-4056
3100059025,-13,-2,0,-4,64,37,-4074
3100060025,-14,6,-4,-8,61,34,-4099
3100061025,-14,2,0,-4,68,19,-4092
3100062025,-14,3,-5,-10,54,50,-4087
3100063025,-14,-1,2,-4,40,35,-4077
3100064025,-14,4,-5,-8,34,45,-4082
3100065025,-14,6,-7,-5,25,37,-4084
3100066025,-14,4,-4,-5,16,50,-4102
3100067025,-15,3,-3,-3,13,39,-4087
3100068025,-15,9,-8,-6,22,47,-4099
3100069025,-15,1,-1,-7,-5,38,-4102
3100070025,-15,5,-3,-10,11,46,-4095
3100071025,-15,2,-1,-7,17,42,-4094
3100072025,-15,6,2,-13,36,35,-4109
3100073025,-15,8,1,-10,28,52,-4103
3100074025,-15,1,-3,-12,31,54,-4091
3100075025,-15,5,2,-8,38,33,-4103
3100076025,-15,3,0,-6,44,42,-4111
3100077025,-15,2,2,-3,41,47,-4079
3100078025,-15,9,-9,-9,57,42,-4079
3100079025,-15,8,-6,-11,47,57,-4082
3100080025,-15,12,-4,-10,41,46,-4078
3100081025,-15,5,-7,-13,43,40,-4076
3100082025,-15,5,0,-11,40,48,-4070
3100083025,-15,5,-9,-10,29,23,-4089
3100084025,-15,4,-1,-9,25,44,-4083
3100085025,-15,2,-3,-12,21,36,-4087
3100086025,-15,6,-7,-12,45,43,-4089
3100087025,-15,5,-5,-12,19,42,-4082
3100088025,-14,10,-6,-9,33,48,-4081
3100089025,-14,5,-5,-8,43,45,-4071
3100090025,-14,6,2,-10,38,51,-4091
3100091025,-14,4,-4,-10,49,33,-4075
3100092025,-14,4,-7,-10,32,53,-4087
3100093025,-14,6,0,-10,47,47,-4096
3100094025,-14,2,-4,-12,38,48,-4087
3100095025,-14,1,-3,-8,28,53,-4088
3100096025,-14,8,-8,-11,38,44,-4081
3100097025,-14,6,-6,-12,43,47,-4090
3100098025,-13,0,-2,-15,45,44,-4090
3100099025,-13,3,-6,-13,42,42,-4093
3100100025,-13,5,-7,-13,44,51,-4074
3100101025,-13,4,-4,-11,42,46,-4099
3100102025,-13,6,-8,-11,32,48,-4089
3100103025,-13,10,-7,-8,36,56,-4097
3100104025,-13,-2,-6,-12,37,53,-4112
3100105025,-13,9,-3,-8,24,52,-4096
3100106025,-13,3,-5,-9,42,54,-4082
3100107025,-13,4,-4,-8,29,44,-4060
3100108025,-14,3,3,-7,42,51,-4075
3100109025,-14,4,-6,-6,39,52,-4074
3100110025,-14,8,-8,-11,43,52,-4077
3100111025,-14,7,-3,-4,37,51,-4078
3100112025,-14,4,-1,-6,35,40,-4089
3100113025,-14,1,-7,-5,32,41,-4096
3100114025,-14,4,-5,-8,33,48,-4105
3100115025,-14,7,-8,-3,37,56,-4091
3100116025,-14,3,-2,-8,52,46,-4102
3100117025,-14,8,1,-9,32,53,-4097
3100118025,-14,4,-2,-4,28,48,-4095
3100119025,-14,8,-5,-7,46,48,-4087
3100120025,-14,4,-1,-9,33,43,-4082
3100121025,-14,7,-8,-6,28,37,-4103
3100122025,-14,6,-3,-2,40,42,-4100
3100123025,-15,6,-7,-5,41,53,-4116
3100124025,-15,8,-4,-7,38,52,-4097
3100125025,-15,3,-3,-9,15,38,-4110
3100126025,-15,2,-8,-13,36,59,-4093
3100127025,-15,3,-2,-4,29,59,-4088
3100128025,-15,3,-3,-3,38,38,-4102
3100129025,-15,8,-3,-6,30,51,-4094
3100130025,-15,4,-2,0,25,49,-4113
3100131025,-15,4,-4,-7,43,46,-4075
3100132025,-15,6,-9,-3,35,53,-4084
3100133025,-15,6,1,-7,52,34,-4093
3100134025,-14,5,-10,-6,42,38,-4097
3100135025,-14,5,-1,-10,50,43,-4085
3100136025,-14,1,1,-4,34,33,-4107
3100137025,-14,6,-2,-3,42,42,-4098
3100138025,-14,2,2,-1,49,43,-4098
3100139025,-14,6,-2,-8,48,37,-4086
3100140025,-14,9,0,-8,33,36,-4099
3100141025,-14,5,-3,-7,35,43,-4076
3100142025,-14,3,-8,-7,62,37,-4095
3100143025,-14,4,-6,-9,62,48,-4079
3100144025,-14,4,-2,-2,69,29,-4069
3100145025,-14,7,-5,-11,57,37,-4085
3100146025,-14,4,-5,0,86,24,-4110
3100147025,-14,8,-7,-11,72,56,-4110
3100148025,-14,4,-10,-6,56,33,-4066
3100149025,-14,2,-7,-5,59,23,-4075
3100150025,-14,4,-9,-10,38,11,-4103
3100151025,-14,6,-4,-9,84,8,-4089
3100152025,-14,3,-5,-7,96,24,-4086
3100153025,-14,2,-8,-11,108,42,-4090
3100154025,-14,-1,5,-11,103,36,-4083
3100155025,-14,-1,-7,-7,63,61,-4077
3100156025,-14,2,-9,-10,50,52,-4077
3100157025,-14,3,-7,-7,53,24,-4088
3100158025,-14,0,-6,-6,45,29,-4077
3100159025,-14,5,-4,-11,42,59,-4089
3100160025,-14,8,-11,-15,34,33,-4078
3100161025,-14,3,-9,-8,22,36,-4082
3100162025,-14,0,-6,-7,18,39,-4088
3100163025,-14,3,-5,-9,11,60,-4088
3100164025,-14,-2,-4,-9,22,32,-4104
3100165025,-14,4,2,-8,16,44,-4094
3100166025,-15,7,-5,-12,27,44,-4087
3100167025,-15,5,3,-13,26,45,-4099
3100168025,-15,0,3,-8,21,32,-4094
3100169025,-15,7,-6,-7,44,20,-4087
3100170025,-15,5,-3,-9,34,38,-4086
3100171025,-15,3,-3,-10,53,41,-4092
3100172025,-15,3,-6,-15,49,35,-4102
3100173025,-15,-1,0,-13,62,44,-4092
3100174025,-15,7,-2,-23,68,43,-4078
3100175025,-15,6,-5,-17,67,35,-4088
3100176025,-15,8,-3,-19,71,40,-4074
3100177025,-15,5,-4,-22,84,42,-4090
3100178025,-15,7,-2,-23,71,36,-4084
3100179025,-15,3,-3,-18,82,38,-4082
3100180025,-15,6,-3,-20,81,49,-4087
3100181025,-15,6,-5,-19,61,59,-4084
3100182025,-15,2,-1,-19,68,48,-4084
3100183025,-15,3,-4,-21,82,58,-4087
3100184025,-15,10,-5,-29,83,52,-4096
3100185025,-15,5,-2,-24,103,25,-4096
3100186025,-15,4,-5,-27,84,22,-4095
3100187025,-15,8,-7,-17,33,60,-4085
3100188025,-15,2,-3,-22,28,62,-4068
3100189025,-15,-1,-1,-15,53,62,-4090
3100190025,-15,7,-3,-21,96,47,-4104
3100191025,-15,-2,0,-18,89,41,-4124
3100192025,-14,10,-8,-21,82,3,-4093
3100193025,-14,10,-5,-19,11,20,-4097
3100194025,-14,8,0,-25,-2,21,-4107
3100195025,-14,4,-2,-19,26,29,-4101
3100196025,-14,-1,-3,-19,36,36,-4122
3100197025,-14,0,3,-25,216,91,-4092
3100198025,-14,1,6,-31,214,16,-4197
3100199025,-14,7,-2,-33,271,10,-4068
3100200025,-14,6,4,-37,339,-39,-3989
3100201025,-14,4,0,-42,136,-8,-4151
3100202025,-14,1,-2,-42,133,99,-4097
3100203025,-14,5,-9,-39,113,160,-3958
3100204025,-14,2,-6,-39,14,150,-4057
3100205025,-14,5,-5,-36,1,167,-4065
3100206025,-14,7,-10,-33,55,119,-4110
3100207025,-14,4,-8,-26,109,52,-4073
3100208025,-14,5,-17,-23,33,56,-4133
3100209025,-14,3,-12,-15,-17,77,-4132
3100210025,-14,4,-8,-16,-13,68,-4099
3100211025,-14,9,-9,-13,-1,39,-4073
3100212025,-14,1,-8,-16,-39,61,-4083
3100213025,-14,3,-3,-16,-35,44,-4104
3100214025,-14,3,-5,-20,-42,13,-4101
3100215025,-14,-1,-5,-14,-21,-28,-4098
3100216025,-14,3,-4,-15,2,-24,-4092
3100217025,-14,6,-4,-22,-6,-25,-4110
3100218025,-14,3,-1,-19,1,-31,-4093
3100219025,-14,2,-9,-18,-23,-31,-4083
3100220025,-14,1,-1,-15,-17,-18,-4088
3100221025,-15,5,0,-18,8,6,-4083
3100222025,-15,6,-4,-16,12,39,-4097
3100223025,-15,-3,1,-20,5,40,-4087
3100224025,-15,4,-5,-18,12,68,-4075
3100225025,-15,2,-5,-20,16,70,-4097
3100226025,-15,1,-2,-15,3,63,-4068
3100227025,-15,1,-5,-24,10,63,-4081
3100228025,-15,2,-3,-14,-3,65,-4081
3100229025,-16,0,-4,-12,-13,77,-4064
3100230025,-16,7,-6,-11,14,88,-4061
3100231025,-16,0,-2,-11,17,92,-4090
3100232025,-16,2,-7,-11,26,89,-4083
3100233025,-16,5,-1,-11,50,53,-4065
3100234025,-16,2,-5,-14,14,42,-4093
3100235025,-16,5,-10,-11,-7,69,-4076
3100236025,-16,1,0,-6,-25,73,-4087
3100237025,-16,1,-3,-11,-14,63,-4100
3100238025,-16,2,-5,-13,11,70,-4088
3100239025,-16,1,-3,-11,-3,70,-4096
3100240025,-16,12,-8,-13,8,36,-4103
3100241025,-16,3,-1,-11,-6,39,-4108
3100242025,-16,0,-4,-7,-10,32,-4104
3100243025,-16,6,-6,-4,16,20,-4098
3100244025,-16,4,-3,-11,26,34,-4107
3100245025,-16,6,-6,-7,22,26,-4097
3100246025,-16,2,-4,-5,5,29,-4089
3100247025,-16,1,0,-7,19,35,-4098
3100248025,-16,4,-6,-8,13,28,-4085
3100249025,-16,1,-6,-6,43,49,-4095
3100250025,-16,7,-1,-4,49,44,-4101
3100251025,-16,2,-1,-9,45,29,-4078
3100252025,-16,8,-3,-14,109,-4,-4094
3100253025,-16,9,0,-10,89,-28,-4129
3100254025,-16,9,-6,-7,51,47,-4086
3100255025,-16,6,0,-7,54,54,-4052
3100256025,-16,-3,-6,-7,36,62,-4073
3100257025,-16,2,0,-5,89,97,-4078
3100258025,-16,1,-7,-4,106,105,-4089
3100259025,-16,6,-1,-5,76,98,-4074
3100260025,-16,5,-5,-4,61,64,-4060
3100261025,-16,3,3,4,55,59,-4080
3100262025,-16,6,-5,6,93,52,-4085
3100263025,-16,9,5,11,122,65,-4093
3100264025,-16,8,3,5,116,92,-4094
3100265025,-16,2,3,11,143,73,-4099
3100266025,-16,4,3,12,171,60,-4074
3100267025,-17,3,-4,16,191,28,-4054
3100268025,-17,6,-5,13,209,-25,-4042
3100269025,-17,7,-7,20,186,-16,-4044
3100270025,-17,2,-12,17,137,-23,-4072
3100271025,-17,-2,-7,17,131,-11,-4069
3100272025,-17,2,-7,14,168,-21,-4113
3100273025,-17,4,-8,9,170,-36,-4144
3100274025,-18,2,-14,7,133,-17,-4166
3100275025,-18,4,-12,10,63,31,-4122
3100276025,-18,1,-3,12,83,41,-4160
3100277025,-18,1,-1,9,158,59,-4096
3100278025,-19,7,-3,0,162,49,-4080
3100279025,-19,3,-10,6,104,22,-4145
3100280025,-20,2,-8,7,56,82,-4086
3100281025,-20,4,-6,5,38,91,-4090
3100282025,-20,4,1,6,75,75,-4097
3100283025,-21,3,-2,10,128,87,-4080
3100284025,-21,6,-4,7,112,133,-4074
3100285025,-21,4,-7,6,62,150,-4063
3100286025,-22,5,0,6,120,133,-4071
3100287025,-22,4,12,9,167,125,-4071
3100288025,-23,6,-1,8,255,100,-4088
3100289025,-23,6,-2,8,217,78,-4004
3100290025,-23,2,-8,5,149,6,-4004
3100291025,-24,0,-6,3,150,-30,-4010
3100292025,-24,8,-5,4,136,-42,-4060
3100293025,-24,2,-10,9,105,37,-4103
3100294025,-25,11,-11,4,61,63,-4125
3100295025,-25,1,-9,1,65,72,-4134
3100296025,-25,4,-8,-4,73,84,-4146
3100297025,-26,5,-4,-5,55,82,-4163
3100298025,-26,4,-4,-5,75,19,-4177
3100299025,-26,11,-7,-9,77,12,-4152
3100300025,-26,6,-9,-6,35,30,-4109
3100301025,-27,6,-6,-4,11,34,-4120
3100302025,-27,7,-7,1,14,49,-4072
3100303025,-27,6,-3,4,1,62,-4067
3100304025,-27,8,-7,6,28,38,-4055
3100305025,-28,9,-5,7,30,30,-4052
3100306025,-28,4,-7,6,14,42,-4038
3100307025,-28,7,-8,9,-18,39,-4039
3100308025,-28,3,-6,7,-35,29,-4069
3100309025,-28,2,-10,7,-42,38,-4058
3100310025,-28,5,-5,6,-55,54,-4052
3100311025,-29,3,-4,9,-27,27,-4071
3100312025,-29,3,-6,9,-12,-10,-4087
3100313025,-29,4,-10,10,-33,6,-4090
3100314025,-29,2,-6,14,-37,15,-4059
3100315025,-29,4,-8,13,-56,-6,-4092
3100316025,-29,4,-3,18,11,0,-4091
3100317025,-30,9,-7,16,-9,-6,-4117
3100318025,-30,14,-10,12,-56,37,-4074
3100319025,-30,7,-1,9,-86,38,-4080
3100320025,-30,4,-6,7,-51,26,-4097
3100321025,-31,7,5,6,34,19,-4094
3100322025,-31,1,1,-3,71,-13,-4129
3100323025,-31,2,-6,-2,50,3,-4093
3100324025,-32,9,-5,-4,-6,65,-4048
3100325025,-32,8,-1,-5,-17,53,-4061
3100326025,-33,11,-2,-7,106,62,-4081
3100327025,-33,3,1,-9,175,46,-4100
3100328025,-33,9,0,-13,180,9,-4149
3100329025,-34,6,-6,-22,78,94,-4077
3100330025,-34,3,0,-15,25,96,-4026
3100331025,-34,3,2,-16,57,106,-4090
3100332025,-35,0,-7,-21,65,161,-4078
3100333025,-35,5,-1,-20,92,163,-4055
3100334025,-35,3,-1,-21,65,88,-4068
3100335025,-36,2,-5,-23,6,80,-4103
3100336025,-36,2,-5,-17,11,84,-4069
3100337025,-36,2,-3,-13,3,68,-4091
3100338025,-36,1,-1,-12,2,52,-4146
3100339025,-36,9,-17,-9,-116,157,-4131
3100340025,-36,4,-5,1,-157,169,-4016
3100341025,-36,9,-4,0,-179,106,-4113
3100342025,-36,6,0,4,-108,47,-4165
3100343025,-36,2,0,5,39,-34,-4077
3100344025,-36,-1,-12,3,48,-94,-4146
3100345025,-36,0,-8,7,-33,-85,-4124
3100346025,-36,6,-10,5,-71,-51,-4114
3100347025,-36,6,-12,4,-107,-14,-4077
3100348025,-36,-1,-6,4,-49,-19,-4075
3100349025,-36,1,-6,5,-30,-9,-4088
3100350025,-36,2,-10,8,-40,-20,-4092
3100351025,-36,4,-9,1,-67,-9,-4065
3100352025,-36,7,-12,6,-98,-36,-4099
3100353025,-36,5,-5,3,-71,2,-4087
3100354025,-37,4,-5,4,-72,24,-4074
3100355025,-37,6,-12,-3,-87,31,-4095
3100356025,-37,4,-13,-1,-172,56,-4092
3100357025,-37,7,-8,-4,-163,62,-4092
3100358025,-37,6,-9,-3,-132,59,-4070
3100359025,-37,1,-7,-1,-103,83,-4082
3100360025,-37,3,-3,-5,-68,60,-4080
3100361025,-37,3,-6,-5,-65,48,-4098
3100362025,-38,6,-10,-7,-118,69,-4120
3100363025,-38,2,-4,-1,-156,144,-4051
3100364025,-38,5,4,-9,-145,146,-4070
3100365025,-38,4,5,0,-105,138,-4072
3100366025,-38,11,-7,-9,-52,146,-4078
3100367025,-39,4,-2,-6,-43,113,-4094
3100368025,-39,3,2,-9,-55,73,-4072
3100369025,-39,10,4,-8,-62,55,-4074
3100370025,-39,8,4,-7,-2,39,-4081
3100371025,-39,4,0,-8,35,40,-4098
3100372025,-40,4,-4,-11,48,50,-4105
3100373025,-40,4,-3,-8,57,23,-4106
3100374025,-40,7,1,-9,70,21,-4116
3100375025,-40,2,3,-10,94,11,-4098
3100376025,-40,3,-6,-5,87,0,-4113
3100377025,-40,7,-4,-11,63,-5,-4111
3100378025,-40,1,-2,-7,68,-17,-4092
3100379025,-40,5,-7,-13,46,-23,-4091
3100380025,-40,3,-7,-8,41,-24,-4079
3100381025,-39,6,-5,-10,40,-34,-4068
3100382025,-39,0,-3,-1,46,-10,-4075
3100383025,-39,3,-1,-5,47,-6,-4078
3100384025,-39,3,-6,-7,23,-2,-4091
3100385025,-39,3,-10,-8,28,15,-4115
3100386025,-39,4,-5,-7,14,26,-4107
3100387025,-38,7,-5,-7,34,25,-4106
3100388025,-38,8,-6,-10,16,32,-4093
3100389025,-38,8,-3,-10,25,42,-4094
3100390025,-38,3,-6,-13,44,38,-4098
3100391025,-38,4,-9,-10,42,43,-4083
3100392025,-38,2,-2,-10,36,53,-4071
3100393025,-37,2,-6,-12,49,56,-4074
3100394025,-37,4,-8,-11,50,51,-4084
3100395025,-37,10,-9,-10,33,66,-4086
3100396025,-37,3,-3,-11,26,58,-4080
3100397025,-37,3,-1,-10,36,74,-4100
3100398025,-37,6,-9,-12,40,66,-4091
3100399025,-37,3,-3,-10,29,62,-4106
3100400025,-37,3,-3,-4,30,50,-4098
3100401025,-37,6,-7,-4,34,47,-4110
3100402025,-37,4,-2,-5,21,52,-4075
3100403025,-37,4,-6,-9,24,39,-4063
3100404025,-37,8,-4,-7,31,29,-4085
3100405025,-37,2,0,-9,39,24,-4082
3100406025,-37,4,-4,-8,38,39,-4076
3100407025,-37,0,-2,-10,50,26,-4073
3100408025,-37,1,-7,-7,41,45,-4091
3100409025,-37,3,-4,-6,40,20,-4082
3100410025,-37,-2,0,0,50,36,-4074
3100411025,-38,2,-8,1,41,45,-4078
3100412025,-38,4,-1,-6,52,27,-4085
3100413025,-38,6,-4,-5,49,35,-4081
3100414025,-38,2,-4,-6,55,38,-4076
3100415025,-38,4,-2,-3,60,27,-4084
3100416025,-38,7,-7,-6,32,46,-4073
3100417025,-38,5,-8,-4,26,54,-4073
3100418025,-38,0,-4,-3,35,33,-4094
3100419025,-39,4,-2,-1,29,53,-4089
3100420025,-39,3,-4,-6,35,49,-4098
3100421025,-39,7,-5,-4,43,47,-4092
3100422025,-39,3,-3,-2,28,53,-4095
3100423025,-39,3,-6,-3,36,41,-4095
3100424025,-39,8,-1,0,38,56,-4084
3100425025,-39,3,-5,1,27,58,-4088
3100426025,-39,2,-7,-6,31,48,-4094
3100427025,-39,6,-5,-3,46,46,-4084
3100428025,-39,2,-3,-5,39,39,-4083
3100429025,-39,9,-3,-10,46,40,-4073
3100430025,-39,4,-8,-14,35,54,-4084
3100431025,-39,6,-4,-6,39,34,-4077
3100432025,-39,11,-4,-8,37,38,-4100
3100433025,-39,3,0,-2,36,34,-4101
3100434025,-38,-2,-6,-12,40,37,-4101
3100435025,-38,0,-6,-10,42,31,-4093
3100436025,-38,4,-5,-9,36,39,-4094
3100437025,-38,4,-2,-6,42,33,-4100
3100438025,-38,4,-7,-14,23,45,-4079
3100439025,-38,0,-5,-11,32,37,-4078
3100440025,-38,6,1,-11,29,43,-4100
3100441025,-38,6,-4,-9,48,43,-4093
3100442025,-38,4,-6,-6,49,49,-4087
3100443025,-38,8,-7,-8,35,39,-4094
3100444025,-38,6,-2,-9,53,54,-4085
3100445025,-37,-2,-5,-1,41,49,-4094
3100446025,-37,6,-7,-5,22,52,-4096
3100447025,-37,-2,-1,-6,39,61,-4081
3100448025,-37,7,-5,-7,48,44,-4092
3100449025,-37,9,-9,-6,30,57,-4086
3100450025,-37,4,-3,-9,56,45,-4075
3100451025,-37,9,-8,-14,46,33,-4082
3100452025,-37,9,-2,-9,36,52,-4074
3100453025,-37,5,-6,-10,40,53,-4083
3100454025,-37,6,-7,-10,44,50,-4079
3100455025,-37,5,-6,-6,47,36,-4086
3100456025,-37,6,-3,-3,58,42,-4089
3100457025,-37,6,-5,-2,51,36,-4089
3100458025,-38,3,-6,-3,32,56,-4086
3100459025,-38,2,-7,-4,42,44,-4081
3100460025,-38,0,-2,0,42,42,-4081
3100461025,-38,-1,-4,-7,39,29,-4077
3100462025,-38,5,-7,-5,42,46,-4081
3100463025,-38,3,1,-7,29,26,-4086
3100464025,-38,4,-7,-2,41,29,-4088
3100465025,-38,7,-2,1,41,33,-4079
3100466025,-38,-1,0,-7,43,29,-4104
3100467025,-38,4,-5,-7,35,55,-4088
3100468025,-38,0,-4,-3,33,43,-4089
3100469025,-38,7,-5,-9,22,48,-4090
3100470025,-38,4,0,-4,36,39,-4091
3100471025,-39,2,-1,-4,26,43,-4101
3100472025,-39,2,0,-3,32,30,-4085
3100473025,-39,9,-8,-7,30,39,-4085
3100474025,-39,3,5,-8,41,39,-4085
3100475025,-39,0,-9,-9,29,35,-4077
3100476025,-39,1,-5,-7,36,23,-4086
3100477025,-39,7,2,-4,17,42,-4072
3100478025,-39,8,-4,-5,49,50,-4076
3100479025,-39,3,-1,-4,35,38,-4076
3100480025,-39,1,-2,-5,29,42,-4093
3100481025,-39,8,-4,-9,36,42,-4082
3100482025,-39,6,-6,-4,36,44,-4092
3100483025,-39,2,1,-7,40,42,-4095
3100484025,-39,3,0,-3,43,41,-4096
3100485025,-38,9,-6,-8,43,27,-4084
3100486025,-38,0,-2,-6,32,36,-4073
3100487025,-38,3,-6,-7,40,29,-4083
3100488025,-38,3,-1,-17,55,27,-4101
3100489025,-38,7,-3,-10,47,16,-4089
3100490025,-38,8,-6,-11,45,33,-4101
3100491025,-38,2,-11,-8,41,50,-4085
3100492025,-38,8,-1,-7,46,40,-4088
3100493025,-38,3,-2,-6,40,33,-4074
3100494025,-38,2,-4,-2,39,29,-4088
3100495025,-38,1,-7,-7,29,18,-4089
3100496025,-38,8,-5,-6,31,37,-4069
3100497025,-38,3,-6,-10,43,34,-4086
3100498025,-38,4,-2,-10,40,23,-4071
3100499025,-38,10,-4,-10,38,48,-4088
3100500025,-38,2,-2,-11,13,33,-4086
3100501025,-38,7,-3,-10,50,28,-4095
3100502025,-38,3,6,-11,38,34,-4085
3100503025,-38,4,-2,-9,38,46,-4106
3100504025,-38,7,-9,-6,56,47,-4110
3100505025,-38,4,-6,-9,39,35,-4100
3100506025,-38,1,-1,-9,40,36,-4078
3100507025,-38,6,-2,-14,50,36,-4089
3100508025,-38,3,-7,-8,27,39,-4086
3100509025,-38,5,-7,-12,41,35,-4069
3100510025,-38,2,-2,-9,44,42,-4075
3100511025,-38,7,0,-11,34,44,-4098
3100512025,-38,5,-5,-9,32,42,-4083
3100513025,-38,0,-2,-13,36,44,-4090
3100514025,-38,6,-1,-6,41,46,-4098
3100515025,-38,-1,-1,-10,28,39,-4111
3100516025,-38,2,0,-9,30,36,-4108
3100517025,-38,1,-5,-10,41,20,-4092
3100518025,-38,3,-5,-7,45,25,-4091
3100519025,-38,4,-9,-9,45,24,-4076
3100520025,-38,3,-5,-9,30,27,-4071
3100521025,-38,3,-1,-13,44,42,-4082
3100522025,-38,3,-2,-8,56,24,-4071
3100523025,-38,5,-7,-15,65,30,-4091
3100524025,-38,3,-5,-14,85,-8,-4094
3100525025,-38,-2,-6,-13,78,-40,-4150
3100526025,-38,5,-9,-13,31,47,-4089
3100527025,-38,3,1,-14,-37,78,-4060
3100528025,-38,5,-4,-10,-16,95,-4082
3100529025,-38,9,-5,-13,2,105,-4072
3100530025,-38,3,-1,-8,27,92,-4072
3100531025,-38,7,-8,-15,-2,66,-4078
3100532025,-38,4,0,-12,-2,43,-4088
3100533025,-38,10,-3,-3,20,41,-4092
3100534025,-38,5,-6,-10,42,42,-4108
3100535025,-38,1,-1,-8,31,57,-4103
3100536025,-38,5,-7,-11,48,68,-4119
3100537025,-38,2,-3,-7,39,70,-4107
3100538025,-38,-1,-2,-14,57,52,-4119
3100539025,-38,3,-7,-13,47,56,-4119
3100540025,-38,2,-6,-5,77,62,-4096
3100541025,-38,9,-2,-5,44,56,-4092
3100542025,-38,4,-9,-5,35,37,-4086
3100543025,-38,1,-4,-9,37,33,-4087
3100544025,-38,8,-12,-13,25,33,-4077
3100545025,-38,2,-6,-10,31,13,-4071
3100546025,-38,-1,-2,-9,37,36,-4084
3100547025,-38,4,-6,-15,47,42,-4088
3100548025,-38,0,0,-7,52,48,-4080
3100549025,-38,1,0,-8,52,45,-4096
3100550025,-38,3,-3,-7,37,57,-4085
3100551025,-38,3,-2,-5,44,41,-4093
3100552025,-38,2,0,-7,47,40,-4076
3100553025,-38,1,0,-6,46,50,-4076
3100554025,-38,6,-3,-8,26,48,-4080
3100555025,-38,6,-6,-9,48,45,-4095
3100556025,-38,5,-7,-5,43,48,-4086
3100557025,-38,1,-7,-5,44,53,-4083
3100558025,-38,5,-9,-6,38,46,-4099
3100559025,-38,6,-3,-8,43,47,-4100
3100560025,-38,7,0,-6,41,44,-4108
3100561025,-38,2,0,-10,41,27,-4110
3100562025,-38,7,-6,-6,39,20,-4088
3100563025,-38,7,-5,-12,83,11,-4082
3100564025,-38,-1,-4,-6,70,-10,-4136
3100565025,-38,0,-5,-8,19,56,-4067
3100566025,-38,4,-6,-10,-35,82,-4060
3100567025,-38,3,-1,-17,0,56,-4072
3100568025,-38,4,-2,-10,51,74,-4064
3100569025,-38,8,0,-9,32,77,-4083
3100570025,-38,5,-1,-9,24,66,-4083
3100571025,-38,7,-4,-7,5,58,-4086
3100572025,-38,6,-2,-8,16,53,-4074
3100573025,-38,3,0,-3,64,69,-4086
3100574025,-38,1,-5,-4,49,53,-4086
3100575025,-38,1,4,-3,50,60,-4096
3100576025,-38,6,-2,-3,37,54,-4089
3100577025,-38,5,-4,-6,38,33,-4105
3100578025,-38,8,-5,-7,59,53,-4108
3100579025,-38,-1,-5,-3,42,44,-4081
3100580025,-38,4,0,-6,56,39,-4074
3100581025,-38,3,-6,-7,52,26,-4077
3100582025,-38,2,-3,-10,30,32,-4085
3100583025,-38,5,0,-6,24,30,-4081
3100584025,-38,6,-2,-8,10,31,-4085
3100585025,-38,4,-9,-6,20,17,-4087
3100586025,-38,0,0,-6,21,34,-4093
3100587025,-38,2,-5,-10,29,52,-4094
3100588025,-38,2,-1,-9,28,43,-4092
3100589025,-38,1,-4,-14,29,29,-4089
3100590025,-38,4,-7,-9,47,52,-4091
3100591025,-38,-4,1,-7,38,32,-4105
3100592025,-38,1,-6,-10,53,54,-4087
3100593025,-38,7,-3,-9,56,30,-4091
3100594025,-38,4,-6,-15,34,21,-4090
3100595025,-38,4,-7,-7,53,30,-4095
3100596025,-38,1,-3,-4,40,36,-4075
3100597025,-38,-2,-5,-5,56,49,-4080
3100598025,-38,5,-8,-10,45,44,-4098
3100599025,-38,5,-3,-8,48,45,-4094
3100600025,-38,2,-9,-7,41,45,-4084
3100601025,-38,7,-3,-7,40,58,-4104
3100602025,-38,4,-3,-9,51,50,-4086
3100603025,-38,8,-7,-6,35,39,-4090
3100604025,-38,2,-4,-6,30,41,-4104
3100605025,-38,1,-6,-3,29,43,-4089
3100606025,-38,4,-4,-7,26,43,-4089
3100607025,-38,-1,-1,-5,29,43,-4096
3100608025,-38,8,-8,-7,27,46,-4081
3100609025,-38,3,-5,-6,26,50,-4082
3100610025,-38,2,-1,-2,38,57,-4076
3100611025,-38,3,-3,-6,26,50,-4088
3100612025,-38,4,-3,-5,42,46,-4101
3100613025,-38,3,-5,-6,35,36,-4082
3100614025,-38,8,-7,-6,37,44,-4099
3100615025,-38,4,-3,-11,38,41,-4098
3100616025,-38,1,-6,-8,57,56,-4092
3100617025,-38,8,-6,-4,40,33,-4076
3100618025,-38,0,0,-5,32,46,-4079
3100619025,-38,11,-4,-9,22,45,-4093
3100620025,-38,3,-4,-4,33,39,-4081
3100621025,-38,2,-5,-8,38,29,-4088
3100622025,-38,4,-8,-6,49,32,-4074
3100623025,-38,1,-6,-5,50,40,-4085
3100624025,-38,1,-6,-7,45,52,-4075
3100625025,-38,6,-1,-8,32,42,-4089
3100626025,-38,3,-2,-7,43,45,-4103
3100627025,-38,2,-9,-9,34,58,-4084
3100628025,-38,2,-5,-3,45,52,-4092
3100629025,-38,5,-5,-9,22,46,-4099
3100630025,-38,1,-6,-7,45,55,-4094
3100631025,-38,1,-3,-4,33,41,-4089
3100632025,-38,3,-3,-3,52,55,-4086
3100633025,-38,0,6,-12,37,47,-4080
3100634025,-38,3,-6,-8,42,51,-4088
3100635025,-38,7,-5,-4,52,68,-4091
3100636025,-38,10,-5,-9,34,45,-4094
3100637025,-38,4,-7,-10,46,52,-4081
3100638025,-38,2,-6,-2,38,61,-4084
3100639025,-38,1,-2,-4,41,60,-4085
3100640025,-38,9,-4,-4,43,51,-4081
3100641025,-38,12,-5,-7,36,56,-4106
3100642025,-38,6,-1,-5,30,40,-4086
3100643025,-38,6,-5,-10,35,44,-4081
3100644025,-38,2,-1,-2,41,44,-4091
3100645025,-38,4,-3,-4,47,43,-4099
3100646025,-38,3,-7,-8,43,62,-4096
3100647025,-38,1,-3,-3,36,48,-4099
3100648025,-38,3,-3,-7,44,52,-4102
3100649025,-38,5,-2,-8,31,47,-4106
3100650025,-38,4,0,-5,27,58,-4097
3100651025,-38,7,-6,-5,45,57,-4090
3100652025,-38,7,-4,-5,51,45,-4084
3100653025,-38,9,-2,-10,46,43,-4096
3100654025,-38,6,-7,-8,49,43,-4085
3100655025,-38,4,-4,-7,32,42,-4086
3100656025,-38,10,-8,-9,43,38,-4081
3100657025,-38,0,1,-6,41,45,-4101
3100658025,-38,8,-3,-7,38,43,-4086
3100659025,-38,7,-5,-8,37,45,-4078
3100660025,-38,6,-4,-6,38,52,-4090
3100661025,-38,1,-5,-9,27,45,-4091
3100662025,-38,4,-3,-6,48,48,-4102
3100663025,-38,6,-3,-1,37,62,-4079
3100664025,-38,7,-5,-10,36,53,-4079
3100665025,-38,5,-7,-7,41,38,-4085
3100666025,-38,4,0,0,25,45,-4088
3100667025,-38,9,-6,-7,29,40,-4071
3100668025,-38,5,-5,-7,31,40,-4104
3100669025,-38,9,2,-2,32,45,-4087
3100670025,-38,7,-6,-5,43,44,-4089
3100671025,-38,0,3,-5,48,39,-4088
3100672025,-38,4,-6,-5,39,31,-4086
3100673025,-38,8,-5,-7,37,41,-4078
3100674025,-38,3,-4,-2,36,32,-4086
3100675025,-38,4,-4,-6,38,40,-4093
3100676025,-38,4,0,-2,25,32,-4096
3100677025,-38,1,-8,-7,36,50,-4099
3100678025,-38,8,-2,-1,46,49,-4096
3100679025,-38,-3,2,-3,36,33,-4082
3100680025,-38,7,-5,-6,29,49,-4090
3100681025,-38,6,-3,-6,19,37,-4098
3100682025,-38,3,-2,-6,34,40,-4108
3100683025,-38,6,-3,-7,43,32,-4088
3100684025,-38,7,-1,-12,37,28,-4072
3100685025,-38,11,-1,-5,42,40,-4093
3100686025,-38,4,1,-2,27,33,-4099
3100687025,-38,3,3,-3,40,30,-4085
3100688025,-38,4,-2,-5,48,47,-4091
3100689025,-38,9,-3,-6,55,40,-4097
3100690025,-38,6,1,-8,44,38,-4085
3100691025,-38,10,-9,-4,37,36,-4092
3100692025,-38,-2,-5,-3,45,38,-4091
3100693025,-38,3,2,-3,26,37,-4068
3100694025,-38,7,-6,-10,32,47,-4076
3100695025,-38,2,-2,-10,13,17,-4115
3100696025,-38,3,-7,-5,43,35,-4086
3100697025,-38,1,-5,-2,46,47,-4085
3100698025,-38,8,-4,-9,37,47,-4085
3100699025,-38,10,-10,-12,36,45,-4093
3100700025,-38,8,2,-12,35,54,-4090
3100701025,-38,5,-9,-6,50,23,-4080
3100702025,-38,-2,-1,-8,37,30,-4078
3100703025,-38,2,1,-11,39,49,-4089
3100704025,-38,4,-4,-14,43,46,-4093
3100705025,-38,8,-7,-4,66,40,-4080
3100706025,-38,5,-7,-5,49,45,-4079
3100707025,-38,9,-6,-5,38,37,-4104
3100708025,-38,3,-5,-11,45,35,-4099
3100709025,-38,9,-7,-9,45,31,-4088
3100710025,-38,4,-7,-9,26,38,-4092
3100711025,-38,6,-2,-10,34,50,-4084
3100712025,-38,1,-1,-9,33,59,-4072
3100713025,-38,1,-6,-10,39,41,-4089
3100714025,-38,4,-6,-15,28,45,-4096
3100715025,-38,9,-3,-3,23,58,-4087
3100716025,-38,3,-2,-7,36,53,-4100
3100717025,-38,3,-3,-10,43,48,-4100
3100718025,-38,8,-5,-10,33,43,-4074
3100719025,-38,3,-5,-8,47,36,-4084
3100720025,-38,2,-5,-14,36,36,-4075
3100721025,-38,7,-4,-7,30,48,-4086
3100722025,-38,6,-7,-11,37,50,-4088
3100723025,-38,4,-9,-13,41,53,-4095
3100724025,-38,5,1,-11,36,47,-4081
3100725025,-38,-3,-5,-8,37,33,-4097
3100726025,-38,0,-2,-11,35,39,-4085
3100727025,-38,-1,1,-7,44,35,-4110
3100728025,-38,6,-6,-13,48,52,-4098
3100729025,-38,3,-2,-15,44,42,-4075
3100730025,-38,-1,-5,-11,38,49,-4083
3100731025,-38,6,-7,-12,26,49,-4083
3100732025,-38,1,3,-8,29,48,-4102
3100733025,-38,1,-5,-9,43,46,-4068
3100734025,-38,5,-4,-7,38,37,-4080
3100735025,-38,-3,-4,-7,30,44,-4095
3100736025,-38,7,-8,-11,44,51,-4069
3100737025,-38,8,-6,-4,40,31,-4085
3100738025,-38,9,0,-10,38,26,-4092
3100739025,-38,8,-5,-10,43,48,-4099
3100740025,-38,3,-1,-9,53,43,-4094
3100741025,-38,6,-4,-11,39,38,-4094
3100742025,-38,4,-5,-11,50,35,-4090
3100743025,-38,4,-8,-8,48,33,-4071
3100744025,-38,7,-7,-12,39,34,-4085
3100745025,-38,5,-3,-14,42,38,-4080
3100746025,-38,2,-5,-7,34,29,-4083
3100747025,-38,1,-2,-10,40,36,-4090
3100748025,-38,-3,-5,-8,46,37,-4077
3100749025,-38,5,-5,-11,28,34,-4079
3100750025,-38,10,-8,-12,41,44,-4093
3100751025,-38,8,-6,-12,47,30,-4100
3100752025,-38,4,-8,-13,41,49,-4085
3100753025,-38,1,1,-9,44,50,-4102
3100754025,-38,0,-1,-7,37,55,-4084
3100755025,-38,4,-4,-13,31,30,-4091
3100756025,-38,4,-2,-11,109,27,-4109
3100757025,-38,0,5,-12,125,11,-4075
3100758025,-38,6,-6,-10,145,27,-4109
3100759025,-38,2,-5,-12,78,58,-4107
3100760025,-38,6,-7,-11,5,64,-4076
3100761025,-38,3,-10,-16,-9,39,-4051
3100762025,-38,0,-4,-9,-29,41,-4062
3100763025,-38,2,-9,-8,11,72,-4071
3100764025,-38,5,-3,-8,-12,68,-4079
3100765025,-38,10,-5,0,-1,62,-4099
3100766025,-38,7,0,-5,-17,35,-4080
3100767025,-38,-5,-4,-8,-11,50,-4106
3100768025,-38,3,-7,-7,6,40,-4090
3100769025,-38,2,2,-6,35,46,-4083
3100770025,-38,5,-3,-9,27,55,-4098
3100771025,-38,1,0,-8,37,42,-4096
3100772025,-38,-4,5,-3,46,32,-4096
3100773025,-38,4,-5,-8,45,33,-4108
3100774025,-38,7,-2,-9,58,37,-4084
3100775025,-38,4,-3,-11,68,62,-4097
3100776025,-38,3,-7,-11,67,47,-4084
3100777025,-38,4,-10,-10,59,46,-4077
3100778025,-38,3,-6,-8,44,52,-4094
3100779025,-38,2,-11,-7,27,21,-4062
3100780025,-38,3,-5,-3,18,33,-4084
3100781025,-38,4,-3,-9,17,38,-4091
3100782025,-38,3,-5,-7,35,46,-4094
3100783025,-38,2,-5,-7,9,49,-4091
3100784025,-38,2,-3,-10,22,53,-4092
3100785025,-38,1,-4,-10,11,48,-4103
3100786025,-38,-4,-3,-10,23,54,-4091
3100787025,-38,7,-6,-14,25,62,-4083
3100788025,-38,6,-3,-11,45,51,-4090
3100789025,-38,4,-6,-8,45,55,-4086
3100790025,-38,3,-6,-10,41,50,-4087
3100791025,-38,6,-3,-4,41,53,-4089
3100792025,-38,3,-2,-5,55,43,-4086
3100793025,-38,-2,-6,-5,49,46,-4085
3100794025,-38,5,-3,-6,66,37,-4088
3100795025,-38,6,-8,-7,44,61,-4082
3100796025,-38,5,0,-10,58,50,-4100
3100797025,-38,3,-2,-4,34,58,-4082
3100798025,-38,4,-3,-7,51,52,-4090
3100799025,-38,-3,0,-10,34,43,-4093
3100800025,-38,0,-8,-10,29,34,-4103
3100801025,-38,3,-7,-8,33,28,-4077
3100802025,-38,-1,-2,-11,27,37,-4095
3100803025,-38,3,-8,-4,25,35,-4095
3100804025,-38,4,-1,-8,21,32,-4081
3100805025,-38,5,-4,-13,38,39,-4082
3100806025,-38,-1,-10,-10,24,26,-4102
3100807025,-38,2,-1,-8,47,41,-4095
3100808025,-38,5,-6,-14,55,29,-4095
3100809025,-38,-2,-4,-10,43,20,-4086
3100810025,-38,3,-2,-11,64,31,-4099
3100811025,-38,7,-3,-7,50,16,-4080
3100812025,-38,2,-5,-5,46,8,-4092
3100813025,-38,7,-4,-6,56,19,-4081
3100814025,-38,3,-8,-9,42,19,-4074
3100815025,-38,-2,-10,-4,42,27,-4076
3100816025,-38,3,-4,-10,91,15,-4060
3100817025,-38,1,0,-12,135,-4,-4073
3100818025,-38,-2,-7,-11,141,-59,-4136
3100819025,-38,7,-12,-16,69,10,-4088
3100820025,-38,1,-3,-14,20,44,-4088
3100821025,-38,3,-2,-13,77,79,-4088
3100822025,-38,7,-1,-11,117,93,-4084
3100823025,-38,4,0,-10,82,132,-4086
3100824025,-38,12,-12,-8,108,96,-4060
3100825025,-38,11,-7,-7,56,62,-4092
3100826025,-38,5,-8,-4,76,55,-4082
3100827025,-38,4,-11,-8,101,1,-4064
3100828025,-38,3,-8,-3,19,55,-4050
3100829025,-38,5,-14,-5,-42,72,-4071
3100830025,-38,1,-9,-5,-13,66,-4076
3100831025,-38,1,-7,-6,10,82,-4090
3100832025,-38,7,-11,-6,-1,105,-4092
3100833025,-38,1,-8,-6,-33,82,-4113
3100834025,-38,2,-6,-12,-42,34,-4085
3100835025,-38,1,-5,-3,-42,20,-4090
3100836025,-38,1,-1,-9,-52,31,-4096
3100837025,-38,6,-8,-9,-33,25,-4111
3100838025,-38,3,-4,-5,-31,21,-4075
3100839025,-38,4,1,-8,-8,26,-4090
3100840025,-38,-3,-1,-5,-18,26,-4084
3100841025,-38,3,0,-7,13,49,-4109
3100842025,-38,0,-4,-10,6,59,-4102
3100843025,-38,4,-7,-9,29,67,-4100
3100844025,-38,2,1,-7,36,39,-4108
3100845025,-38,4,2,-4,43,45,-4094
3100846025,-38,3,-6,-5,56,29,-4085
3100847025,-38,7,-5,-10,57,23,-4069
3100848025,-38,4,-2,-7,58,14,-4083
3100849025,-38,6,-6,-6,77,16,-4074
3100850025,-38,5,-3,-8,67,12,-4070
3100851025,-38,8,-12,-11,51,16,-4068
3100852025,-38,3,-8,-9,58,51,-4084
3100853025,-38,-1,-6,-7,44,48,-4083
3100854025,-38,5,-5,-8,40,45,-4098
3100855025,-38,3,-1,-8,39,32,-4078
3100856025,-38,9,-6,-10,19,39,-4110
3100857025,-38,6,-3,-8,11,43,-4102
3100858025,-38,2,-1,-9,20,26,-4107
3100859025,-38,8,-8,-7,24,45,-4109
3100860025,-38,7,-4,-9,21,55,-4104
3100861025,-38,5,-3,-8,41,47,-4100
3100862025,-38,2,-7,-11,43,54,-4102
3100863025,-38,2,1,-13,35,44,-4097
3100864025,-38,9,-6,-6,58,61,-4092
3100865025,-38,3,-1,-11,54,61,-4100
3100866025,-38,8,-4,-10,52,70,-4104
3100867025,-38,3,-4,-7,34,46,-4081
3100868025,-38,0,-3,-9,48,66,-4088
3100869025,-38,6,-7,-15,42,55,-4090
3100870025,-38,6,-7,-15,40,55,-4084
3100871025,-38,6,-6,-2,30,46,-4079
3100872025,-38,3,-6,-4,48,29,-4062
3100873025,-38,6,-2,-10,47,36,-4073
3100874025,-38,7,-2,-12,42,41,-4081
3100875025,-38,5,-4,-10,27,37,-4103
3100876025,-38,-1,-5,-8,25,38,-4102
3100877025,-38,3,-5,-10,19,49,-4086
3100878025,-38,4,-6,-7,30,39,-4090
3100879025,-38,5,-5,-3,47,47,-4102
3100880025,-38,5,-3,-8,44,49,-4110
3100881025,-38,6,0,-8,39,26,-4095
3100882025,-38,6,-4,-8,27,15,-4082
3100883025,-38,4,-6,-10,47,8,-4075
3100884025,-38,3,-4,-13,33,13,-4099
3100885025,-38,4,-1,-10,35,26,-4074
3100886025,-38,4,-1,-15,32,36,-4070
3100887025,-38,5,-5,-14,58,33,-4082
3100888025,-38,4,-5,-8,57,36,-4083
3100889025,-38,-1,1,-9,42,46,-4076
3100890025,-38,4,-6,-9,49,35,-4090
3100891025,-38,12,-12,-13,37,34,-4078
3100892025,-38,4,-1,-6,40,27,-4083
3100893025,-38,4,-4,-5,37,36,-4096
3100894025,-38,-1,0,-4,17,33,-4084
3100895025,-38,0,-5,-12,15,24,-4084
3100896025,-38,4,-10,-11,26,34,-4079
3100897025,-38,1,-6,-10,35,39,-4102
3100898025,-38,5,-2,-9,24,59,-4085
3100899025,-38,3,-4,-10,16,55,-4084
3100900025,-38,4,3,-8,39,49,-4079
3100901025,-38,7,-3,-7,38,61,-4091
3100902025,-38,2,-3,-7,36,43,-4074
3100903025,-38,2,-6,-9,44,41,-4072
3100904025,-38,-1,-3,-5,41,57,-4097
3100905025,-38,-6,0,-7,34,57,-4085
3100906025,-38,5,-4,-11,39,32,-4090
3100907025,-38,5,-4,-9,51,55,-4098
3100908025,-38,1,-7,-9,43,58,-4095
3100909025,-38,1,-2,-1,48,45,-4088
3100910025,-38,-3,-8,-5,27,51,-4118
3100911025,-38,6,3,-7,41,40,-4079
3100912025,-38,3,-2,-2,35,47,-4093
3100913025,-38,2,-4,-11,30,49,-4091
3100914025,-38,0,-7,-6,40,51,-4084
3100915025,-38,5,-2,-8,27,52,-4074
3100916025,-38,2,-4,-10,24,50,-4090
3100917025,-38,9,-5,-10,38,28,-4095
3100918025,-38,1,2,-6,54,54,-4068
3100919025,-38,2,-5,-6,41,50,-4085
3100920025,-38,3,-10,-6,36,54,-4112
3100921025,-38,7,-5,-7,20,35,-4094
3100922025,-38,6,0,-6,46,47,-4096
3100923025,-38,6,-7,-7,35,45,-4096
3100924025,-38,3,2,-5,39,37,-4095
3100925025,-38,7,1,-10,44,32,-4092
3100926025,-38,2,-1,-6,37,36,-4090
3100927025,-38,-1,4,-6,30,29,-4097
3100928025,-38,5,-8,-12,41,38,-4076
3100929025,-38,4,1,-6,26,39,-4084
3100930025,-38,3,-6,-9,47,47,-4096
3100931025,-38,1,-2,-7,41,49,-4081
3100932025,-38,4,2,-9,50,38,-4094
3100933025,-38,6,-4,-9,54,43,-4101
3100934025,-38,4,-2,-9,40,44,-4080
3100935025,-38,4,1,-10,39,57,-4076
3100936025,-38,5,-5,-11,43,51,-4085
3100937025,-38,5,-6,-10,48,37,-4093
3100938025,-38,6,-4,-5,42,40,-4087
3100939025,-38,2,-6,-8,44,43,-4089
3100940025,-38,1,-5,-11,47,52,-4093
3100941025,-38,-4,-2,-11,43,56,-4088
3100942025,-38,7,-1,-8,46,51,-4087
3100943025,-38,0,-4,-9,27,43,-4094
3100944025,-38,6,-2,-6,41,41,-4090
3100945025,-38,-2,-2,-9,43,52,-4096
3100946025,-38,3,-7,-9,39,35,-4101
3100947025,-38,4,-8,-4,35,52,-4091
3100948025,-38,1,-3,-7,50,44,-4098
3100949025,-38,1,-9,-10,20,45,-4096
3100950025,-38,6,-7,-5,48,60,-4101
3100951025,-38,5,0,-9,44,48,-4086
3100952025,-38,3,-8,-12,40,34,-4085
3100953025,-38,0,-5,-8,57,40,-4100
3100954025,-38,1,-4,-12,43,40,-4104
3100955025,-38,10,-7,-12,83,28,-4126
3100956025,-38,5,-5,-10,61,44,-4079
3100957025,-38,7,-10,-10,37,58,-4070
3100958025,-38,8,-6,-6,27,56,-4069
3100959025,-38,1,-2,-9,19,39,-4071
3100960025,-38,5,-13,-13,21,52,-4054
3100961025,-38,2,1,-9,10,59,-4074
3100962025,-38,5,-5,-9,14,52,-4094
3100963025,-38,6,-6,-6,21,42,-4100
3100964025,-38,3,-4,-12,21,39,-4114
3100965025,-38,5,-9,-10,-5,49,-4066
3100966025,-38,-2,0,-10,-2,11,-4098
3100967025,-38,2,2,-4,23,52,-4106
3100968025,-38,-2,-2,-2,35,51,-4096
3100969025,-38,2,2,-4,19,37,-4104
3100970025,-38,6,-4,-9,44,46,-4076
3100971025,-38,2,-7,-8,31,19,-4081
3100972025,-38,3,0,-7,58,34,-4074
3100973025,-38,3,-7,-11,53,44,-4081
3100974025,-38,9,-6,-8,51,51,-4083
3100975025,-38,2,-6,-8,46,39,-4094
3100976025,-38,6,-6,-4,39,30,-4093
3100977025,-38,1,-7,-10,31,45,-4079
3100978025,-38,3,-6,-9,47,32,-4089
3100979025,-38,9,-6,-8,28,43,-4093
3100980025,-38,2,-3,-6,34,31,-4090
3100981024,-38,9,-9,-9,34,43,-4092
3100982025,-38,1,2,-7,23,53,-4085
3100983026,-38,2,-2,-5,22,23,-4074
3100984027,-38,5,-2,-6,26,36,-4077
3100985025,-38,4,1,-9,41,45,-4085
3100986025,-38,5,-6,-11,38,54,-4086
3100987025,-38,1,-11,-11,31,42,-4083
3100988025,-38,5,3,-4,34,51,-4091
3100989025,-38,2,-3,-6,30,52,-4095
3100990025,-38,5,-6,-4,35,53,-4090
3100991025,-38,1,-4,-11,45,56,-4084
3100992025,-38,8,-2,-4,39,49,-4099
3100993025,-38,-1,2,-3,42,38,-4080
3100994025,-38,8,-5,-4,38,52,-4099
3100995025,-38,5,-6,-7,23,40,-4082
3100996025,-38,2,-3,-5,25,47,-4086
3100997025,-38,5,-4,-10,44,39,-4076
3100998025,-38,8,-6,-6,47,44,-4087
3100999025,-38,2,-3,-6,35,44,-4085
3101000025,-38,7,-5,-8,35,42,-4092
3101001025,-38,8,-6,-8,40,44,-4093
3101002025,-38,2,-3,-6,26,47,-4105
3101003025,-38,2,-5,-7,32,60,-4106
3101004025,-38,2,0,-8,42,34,-4098
3101005025,-38,1,-6,-4,50,34,-4075
3101006025,-38,5,-4,-10,36,34,-4088
3101007025,-38,5,-2,-10,54,47,-4086
3101008025,-38,6,-6,-8,54,50,-4095
3101009025,-38,3,-1,-8,56,35,-4083
3101010025,-38,11,-5,-7,46,54,-4098
3101011025,-38,3,-4,-9,54,53,-4092
3101012025,-38,2,-1,-4,43,37,-4096
3101013025,-38,5,-5,-5,30,48,-4092
3101014025,-38,9,0,-8,33,52,-4098
3101015025,-38,6,1,-7,29,46,-4080
3101016025,-38,2,-1,-7,31,41,-4072
3101017025,-38,5,-6,-9,30,45,-4084
3101018025,-38,3,3,-1,41,44,-4081
3101019025,-38,5,-3,-8,41,55,-4078
3101020025,-38,2,1,-9,47,35,-4074
3101021025,-38,11,-7,-9,44,42,-4095
3101022025,-38,4,-1,-2,32,31,-4103
3101023025,-38,1,-1,-7,34,60,-4108
3101024025,-38,6,-7,-7,45,44,-4105
3101025025,-38,-3,-3,-7,42,50,-4095
3101026025,-38,9,-8,-8,22,28,-4090
3101027025,-38,1,2,1,25,38,-4074
3101028025,-38,3,-7,-5,29,42,-4096
3101029025,-38,7,-6,-7,40,47,-4057
3101030025,-38,-1,-3,-5,38,38,-4079
3101031025,-38,1,-1,-6,44,32,-4082
3101032025,-38,2,-5,-7,52,44,-4080
3101033025,-38,2,-2,-4,56,41,-4084
3101034025,-38,8,-4,-11,31,30,-4072
3101035025,-38,0,1,-5,18,35,-4084
3101036025,-38,7,-6,-7,17,33,-4078
3101037025,-38,2,-3,-4,38,50,-4086
3101038025,-38,1,-1,-5,48,44,-4092
3101039025,-38,7,-3,-7,26,45,-4090
3101040025,-38,0,-4,-5,38,26,-4081
3101041025,-38,3,-3,-4,30,37,-4073
3101042025,-38,6,-4,-7,23,53,-4074
3101043025,-38,6,-5,-11,45,36,-4064
3101044025,-38,2,-3,-6,32,42,-4078
3101045025,-38,9,-8,-8,25,44,-4093
3101046025,-38,1,-5,-6,36,52,-4104
3101047025,-38,3,-1,-6,19,49,-4085
3101048025,-38,7,-8,-12,35,42,-4090
3101049025,-38,4,-5,-11,43,34,-4090
3101050025,-38,3,1,-5,29,38,-4088
3101051025,-38,7,-6,-6,44,30,-4087
3101052025,-38,3,-8,-9,42,30,-4083
3101053025,-38,7,-4,-5,45,28,-4084
3101054025,-38,4,-1,-2,39,27,-4079
3101055025,-38,6,-2,-11,29,47,-4069
3101056025,-38,2,-9,-12,45,36,-4081
3101057025,-38,2,-2,-15,31,30,-4089
3101058025,-38,3,-2,-1,29,50,-4096
3101059025,-38,4,-6,-8,37,40,-4097
3101060025,-38,6,-3,-3,30,45,-4096
3101061025,-38,4,-6,-5,40,36,-4090
3101062025,-38,2,-3,1,46,29,-4084
3101063025,-38,4,-2,-9,43,26,-4090
3101064025,-38,5,-3,-9,34,40,-4088
3101065025,-38,6,-2,-10,47,37,-4071
3101066025,-38,5,-2,-7,56,40,-4088
3101067025,-38,-1,-2,-9,40,31,-4109
3101068025,-38,4,-2,-10,44,34,-4093
3101069025,-38,10,-3,-5,52,53,-4104
3101070025,-38,11,-8,-6,43,40,-4099
3101071025,-38,2,-2,-9,89,12,-4084
3101072025,-38,6,-11,-10,96,-31,-4119
3101073025,-38,-2,-3,-7,66,-1,-4125
3101074025,-38,6,-9,-11,-8,58,-4038
3101075025,-38,7,-8,-6,-31,80,-4075
3101076025,-38,5,-3,-6,39,73,-4059
3101077025,-38,1,-8,-8,54,93,-4087
3101078025,-38,5,-1,-9,34,92,-4091
3101079025,-38,5,-2,-6,-9,71,-4107
3101080025,-38,6,-2,-7,-11,82,-4109
3101081025,-38,4,-1,-5,49,84,-4090
3101082025,-38,2,0,-1,71,88,-4113
3101083025,-38,1,-1,-4,56,98,-4108
3101084025,-38,8,-2,-11,49,83,-4093
3101085025,-38,0,-4,-9,44,68,-4087
3101086025,-38,-2,-1,-10,59,54,-4089
3101087025,-38,4,-2,-7,58,40,-4081
3101088025,-38,4,-15,-9,73,41,-4091
3101089025,-38,0,-4,-7,54,42,-4085
3101090025,-38,6,-4,-13,30,51,-4090
3101091025,-38,4,-4,-14,23,35,-4076
3101092025,-38,7,1,-8,34,36,-4069
3101093025,-38,5,-11,-9,27,24,-4084
3101094025,-38,7,-5,-11,37,33,-4108
3101095025,-38,0,-1,-8,33,33,-4093
3101096025,-38,5,-2,-9,47,46,-4098
3101097025,-38,3,-6,-9,43,25,-4104
3101098025,-38,9,-7,-7,28,21,-4069
3101099025,-38,5,-5,-4,45,35,-4094
3101100025,-38,6,-8,-3,64,18,-4074
3101101025,-38,5,-2,-2,41,21,-4077
3101102025,-38,3,-4,-2,41,21,-4084
3101103025,-38,4,-5,-6,42,19,-4104
3101104025,-38,4,-6,-2,30,38,-4105
3101105025,-38,3,-2,-8,42,37,-4098
3101106025,-38,8,-8,-9,46,48,-4089
3101107025,-38,15,-7,-6,40,25,-4108
3101108025,-38,5,-5,-6,36,40,-4087
3101109025,-38,10,-5,-4,72,28,-4079
3101110025,-38,4,0,-3,56,12,-4088
3101111025,-38,4,-5,-7,35,29,-4103
3101112025,-38,6,-10,-9,-9,55,-4072
3101113025,-38,4,-9,-10,-8,48,-4081
3101114025,-38,6,-3,-1,30,75,-4088
3101115025,-38,5,-7,-8,28,78,-4102
3101116025,-38,4,-2,-8,24,89,-4078
3101117025,-38,7,-6,-11,22,70,-4086
3101118025,-38,3,-1,-5,37,70,-4079
3101119025,-38,2,-6,-6,56,60,-4084
3101120025,-38,7,-4,-5,64,64,-4099
3101121025,-38,6,-5,-3,56,72,-4108
3101122025,-38,3,-3,-2,58,67,-4091
3101123025,-38,6,-6,-5,48,28,-4096
3101124025,-38,-5,5,-2,46,48,-4097
3101125025,-38,4,-6,-7,57,41,-4095
3101126025,-38,0,-4,-3,57,36,-4108
3101127025,-38,0,-4,-4,85,18,-4100
3101128025,-38,6,-7,-11,78,25,-4079
3101129025,-38,5,-8,-6,45,18,-4111
3101130025,-38,3,-7,-4,29,14,-4078
3101131025,-38,5,-11,-7,15,16,-4072
3101132025,-38,-2,-9,-4,-2,6,-4076
3101133025,-38,6,-8,-6,3,13,-4082
3101134025,-38,5,-7,-9,9,16,-4095
3101135025,-38,10,-8,-6,8,29,-4103
3101136025,-38,5,-6,-9,11,39,-4092
3101137025,-38,1,-1,-6,-2,38,-4096
3101138025,-38,11,-7,-13,16,20,-4112
3101139025,-38,3,-6,-12,27,20,-4111
3101140025,-38,7,-1,-10,22,20,-4090
3101141025,-38,2,0,-9,18,27,-4096
3101142025,-38,-2,0,-6,32,27,-4089
3101143025,-38,6,-4,-10,41,30,-4075
3101144025,-38,7,-6,-8,49,43,-4087
3101145025,-38,0,2,-7,73,26,-4093
3101146025,-38,8,-3,-13,107,47,-4083
3101147025,-38,3,-10,-8,79,49,-4090
3101148025,-38,-1,-6,-10,27,62,-4103
3101149025,-38,8,-14,-8,9,60,-4072
3101150025,-38,5,-9,-12,5,58,-4077
3101151025,-38,2,-6,-10,-15,50,-4080
3101152025,-38,8,-9,-6,-14,54,-4074
3101153025,-38,5,-1,-5,-3,35,-4072
3101154025,-38,8,-5,-6,10,25,-4087
3101155025,-38,7,-5,-6,-1,26,-4079
3101156025,-38,7,0,-4,10,14,-4087
3101157025,-38,6,-2,-3,23,33,-4098
3101158025,-38,5,-4,-6,29,48,-4097
3101159025,-38,6,-1,-8,45,33,-4088
3101160025,-38,3,-3,-9,35,22,-4073
3101161025,-38,7,-6,-11,48,29,-4087
3101162025,-38,13,-5,-12,61,35,-4098
3101163025,-38,2,-4,-10,60,34,-4081
3101164025,-38,12,-6,-10,54,50,-4094
3101165025,-38,2,-5,-3,48,42,-4078
3101166025,-38,3,-3,-9,43,30,-4088
3101167025,-38,6,-4,-8,44,32,-4087
3101168025,-38,6,-11,-7,39,52,-4081
3101169025,-38,1,-3,-6,25,30,-4099
3101170025,-38,7,-7,-10,30,46,-4106
3101171025,-38,9,-6,-12,27,51,-4105
3101172025,-38,4,-9,-10,20,63,-4092
3101173025,-38,11,-5,-11,9,70,-4094
3101174025,-38,4,-2,-8,25,45,-4097
3101175025,-38,4,-3,-6,40,65,-4062
3101176025,-38,11,-5,-6,55,48,-4079
3101177025,-38,3,-8,-9,54,44,-4080
3101178025,-38,1,-3,-3,54,50,-4080
3101179025,-38,3,-4,-7,50,44,-4086
3101180025,-38,0,-2,-5,50,46,-4071
3101181025,-38,4,-5,-12,49,52,-4105
3101182025,-38,1,-2,-7,28,41,-4083
3101183025,-38,4,-5,-9,40,52,-4104
3101184025,-38,9,-9,-10,55,47,-4105
3101185025,-38,6,-8,-5,42,65,-4098
3101186025,-38,5,-10,-7,40,49,-4091
3101187025,-38,7,-5,-4,29,54,-4082
3101188025,-38,11,-2,-2,29,41,-4080
3101189025,-38,6,-6,-4,38,48,-4066
3101190025,-38,6,-5,-6,18,58,-4076
3101191025,-38,5,-3,-4,33,47,-4097
3101192025,-38,3,-5,-11,40,49,-4095
3101193025,-38,4,3,-13,39,53,-4089
3101194025,-38,4,-4,-8,42,43,-4103
3101195025,-38,1,-2,-9,29,45,-4105
3101196025,-38,6,-5,-11,28,40,-4095
3101197025,-38,2,-2,-4,21,39,-4086
3101198025,-38,6,-5,-4,39,37,-4088
3101199025,-38,9,-2,-7,54,44,-4082
3101200025,-38,4,-5,-7,33,49,-4077
3101201025,-38,1,0,-7,36,39,-4071
3101202025,-38,0,-2,-9,38,39,-4079
3101203025,-38,4,-4,-7,34,47,-4083
3101204025,-38,4,-6,-4,37,44,-4085
3101205025,-38,2,-6,-8,40,51,-4086
3101206025,-38,5,-6,-7,40,46,-4094
3101207025,-38,2,-3,-5,30,44,-4096
3101208025,-38,5,0,-6,39,41,-4085
3101209025,-38,7,-10,-7,34,41,-4081
3101210025,-38,0,5,-2,38,46,-4076
3101211025,-38,5,-5,-7,30,29,-4075
3101212025,-38,3,1,-3,55,15,-4090
3101213025,-38,7,-7,-6,41,25,-4097
3101214025,-38,5,-7,-4,36,23,-4104
3101215025,-38,2,-2,-3,47,35,-4093
3101216025,-38,6,-1,0,39,39,-4089
3101217025,-38,3,-2,-7,23,44,-4092
3101218025,-38,2,-1,-8,23,41,-4083
3101219025,-38,4,-3,-6,36,43,-4084
3101220025,-38,1,-2,-11,38,37,-4082
3101221025,-38,9,-9,-10,33,26,-4070
3101222025,-38,3,-2,-5,28,36,-4075
3101223025,-38,3,-1,-4,46,38,-4080
3101224025,-38,3,-4,-8,41,40,-4090
3101225025,-38,4,-1,-10,24,37,-4101
3101226025,-38,-2,-6,-7,47,43,-4104
3101227025,-38,7,-4,-11,37,56,-4109
3101228025,-38,8,-6,-14,35,34,-4090
3101229025,-38,1,-3,-10,21,43,-4085
3101230025,-38,2,-3,-8,36,47,-4086
3101231025,-38,7,-4,-11,45,45,-4088
3101232025,-38,0,-2,-8,24,45,-4077
3101233025,-38,0,-5,-11,30,48,-4080
3101234025,-38,8,-4,-6,37,42,-4071
3101235025,-38,2,-4,-9,28,39,-4070
3101236025,-38,9,-1,-9,42,41,-4082
3101237025,-38,2,-3,-6,45,46,-4089
3101238025,-38,0,-6,-7,35,63,-4086
3101239025,-38,2,-5,-11,20,42,-4095
3101240025,-38,6,-9,-12,39,63,-4086
3101241025,-38,5,-8,-10,22,44,-4096
3101242025,-38,3,-2,-9,41,44,-4087
3101243025,-38,11,-4,-10,35,55,-4097
3101244025,-38,1,-7,-2,42,34,-4078
3101245025,-38,2,-8,-6,37,33,-4072
3101246025,-38,10,-5,-9,40,34,-4075
3101247025,-38,2,-1,-9,41,36,-4086
3101248025,-38,5,-4,-14,37,40,-4083
3101249025,-38,3,-5,-10,32,37,-4087
3101250025,-38,5,1,-9,35,49,-4092
3101251025,-38,2,-4,-12,47,46,-4092
3101252025,-38,4,-4,-14,43,48,-4074
3101253025,-38,5,-6,-10,33,42,-4084
3101254025,-38,6,-4,-10,34,55,-4072
3101255025,-38,7,-7,-13,48,54,-4078
3101256025,-38,7,-8,-10,38,53,-4093
3101257025,-38,2,1,-9,31,42,-4082
3101258025,-38,6,-7,-8,34,48,-4094
3101259025,-38,6,-2,-11,41,43,-4103
3101260025,-38,3,0,-8,48,62,-4084
3101261025,-38,4,-3,-10,49,64,-4083
3101262025,-38,6,-4,-7,48,56,-4099
3101263025,-38,5,-1,-13,21,55,-4092
3101264025,-38,5,-3,-7,32,69,-4104
3101265025,-38,4,-2,-9,36,48,-4090
3101266025,-38,9,0,-9,35,48,-4087
3101267025,-38,2,-4,-9,25,47,-4079
3101268025,-38,2,1,-9,41,48,-4084
3101269025,-38,9,-6,-13,51,39,-4080
3101270025,-38,1,-2,-8,40,44,-4084
3101271025,-38,0,-4,-9,47,33,-4077
3101272025,-38,3,-4,-9,26,36,-4093
3101273025,-38,1,-2,-2,42,50,-4090
3101274025,-38,2,1,-6,41,35,-4093
3101275025,-38,3,0,-10,39,42,-4106
3101276025,-38,2,-3,-12,49,25,-4104
3101277025,-38,4,-7,-11,37,29,-4082
3101278025,-38,6,-4,-3,25,39,-4079
3101279025,-38,2,-3,-8,38,33,-4087
3101280025,-38,2,-3,-7,38,33,-4083
3101281025,-38,5,-2,-8,40,23,-4090
3101282025,-38,6,-4,-15,32,40,-4096
3101283025,-38,0,2,-10,56,51,-4096
3101284025,-38,0,6,-10,42,61,-4098
3101285025,-38,7,-5,-14,29,42,-4108
3101286025,-38,5,-3,-6,34,48,-4093
3101287025,-38,7,-4,-6,19,42,-4087
3101288025,-38,6,-1,-10,33,44,-4100
3101289025,-38,5,1,-9,14,48,-4065
3101290025,-38,7,-5,-9,44,45,-4082
3101291025,-38,7,-6,-8,42,58,-4074
3101292025,-38,3,-1,-8,50,39,-4052
3101293025,-38,3,-4,-9,57,48,-4071
3101294025,-38,6,-6,-7,54,39,-4093
3101295025,-38,2,2,-7,45,47,-4086
3101296025,-38,1,-1,-11,33,55,-4082
3101297025,-38,9,-2,-10,44,47,-4090
3101298025,-38,7,-3,-12,35,49,-4090
3101299025,-38,3,-6,-12,40,62,-4083
3101300025,-38,6,-3,-5,22,33,-4076
3101301025,-38,6,-4,-8,36,31,-4088
3101302025,-38,0,1,-6,27,32,-4089
3101303025,-38,6,0,-8,33,24,-4077
3101304025,-38,6,0,-5,54,44,-4099
3101305025,-38,9,3,-6,47,28,-4096
3101306025,-38,2,-4,-7,58,40,-4082
3101307025,-38,8,-7,-8,38,25,-4092
3101308025,-38,4,-1,-12,26,40,-4102
3101309025,-38,2,-6,-4,42,56,-4091
3101310025,-38,1,-2,-6,46,50,-4083
3101311025,-38,4,1,-7,35,41,-4094
3101312025,-38,5,-8,-7,36,50,-4083
3101313025,-38,-1,-3,-6,32,41,-4073
3101314025,-38,3,-3,-10,48,45,-4082
3101315025,-38,3,-3,-10,39,36,-4097
3101316025,-38,0,-5,-7,47,47,-4089
3101317025,-38,9,-7,-7,46,45,-4089
3101318025,-38,1,-6,-6,39,59,-4085
3101319025,-38,7,-7,-14,36,68,-4092
3101320025,-38,1,-7,-13,40,54,-4099
3101321025,-38,2,-3,-6,37,64,-4107
3101322025,-38,5,-6,-14,46,42,-4089
3101323025,-38,10,-7,-16,28,56,-4092
3101324025,-38,6,0,-9,17,56,-4068
3101325025,-38,6,-7,-10,42,53,-4083
3101326025,-38,4,-1,-6,51,38,-4078
3101327025,-38,8,-4,-8,60,57,-4083
3101328025,-38,2,-6,-10,35,37,-4097
3101329025,-38,3,0,-6,33,45,-4108
3101330025,-38,8,-4,-8,48,51,-4118
3101331025,-38,4,-6,-8,61,51,-4107
3101332025,-38,1,0,-7,50,39,-4092
3101333025,-38,3,-1,-13,39,36,-4091
3101334025,-38,2,-5,-13,47,34,-4103
3101335025,-38,5,-6,-10,39,31,-4094
3101336025,-38,8,-9,-11,54,33,-4087
3101337025,-38,0,3,-11,49,37,-4083
3101338025,-38,8,-7,-11,60,36,-4084
3101339025,-38,4,-2,-5,56,30,-4080
3101340025,-38,5,-1,-9,42,39,-4083
3101341025,-38,5,-5,-11,60,72,-4096
3101342025,-38,2,-4,-8,41,45,-4080
3101343025,-38,3,-2,-7,35,58,-4078
3101344025,-38,3,-6,-8,19,55,-4101
3101345025,-38,5,-3,-12,32,48,-4082
3101346025,-38,7,-4,-10,23,46,-4089
3101347025,-38,0,4,-9,21,44,-4093
3101348025,-38,2,-2,-10,23,36,-4079
3101349025,-38,5,-3,-8,19,34,-4090
3101350025,-38,6,-2,-11,26,45,-4091
3101351025,-38,0,1,-8,11,48,-4087
3101352025,-38,1,1,-11,29,47,-4098
3101353025,-38,4,0,-6,32,52,-4097
3101354025,-38,-1,0,-8,29,41,-4083
3101355025,-38,9,0,-10,39,44,-4095
3101356025,-38,1,-4,-8,44,57,-4087
3101357025,-38,0,-2,-5,49,33,-4071
3101358025,-38,1,0,-8,96,58,-4080
3101359025,-38,9,0,-10,84,57,-4109
3101360025,-38,3,-6,-8,113,43,-4069
3101361025,-38,1,-4,-6,78,21,-4083
3101362025,-38,14,-13,-13,58,24,-4110
3101363025,-38,4,-5,-5,52,5,-4052
3101364025,-38,3,-7,-8,19,22,-4083
3101365025,-38,-1,-2,-6,25,41,-4118
3101366025,-38,2,-2,-8,43,50,-4104
3101367025,-38,3,-8,-4,55,35,-4092
3101368025,-38,-1,-4,-7,42,56,-4085
3101369025,-38,4,-1,-7,14,28,-4069
3101370025,-38,3,-10,-10,17,27,-4077
3101371025,-38,3,-6,-8,23,18,-4068
3101372025,-38,4,-2,-7,15,46,-4087
3101373025,-38,5,-2,-12,4,38,-4105
3101374025,-38,2,-5,-11,-4,37,-4080
3101375025,-38,4,-2,-12,-11,50,-4097
3101376025,-38,5,-1,-9,10,64,-4098
3101377025,-38,4,-3,-5,5,52,-4098
3101378025,-38,5,-6,-9,-9,47,-4099
3101379025,-38,6,-2,-8,12,50,-4091
3101380025,-38,-2,4,-9,9,33,-4076
3101381025,-38,3,-10,-8,20,36,-4085
3101382025,-38,0,-4,-6,19,44,-4082
3101383025,-38,4,-3,-7,34,22,-4069
3101384025,-38,3,0,-2,30,40,-4086
3101385025,-38,3,-1,-8,37,43,-4083
3101386025,-38,5,-3,-8,48,42,-4094
3101387025,-38,10,-5,-12,34,45,-4079
3101388025,-38,3,-2,-10,32,38,-4074
3101389025,-38,3,-6,-5,42,33,-4065
3101390025,-38,3,2,-10,42,42,-4082
3101391025,-38,3,-2,-7,36,41,-4080
3101392025,-38,3,-7,-10,37,40,-4082
3101393025,-38,0,0,-9,36,25,-4079
3101394025,-38,5,-3,-6,36,29,-4086
3101395025,-38,0,-3,-10,25,36,-4089
3101396025,-38,1,-4,-10,41,37,-4105
3101397025,-38,0,0,-10,26,43,-4105
3101398025,-38,-1,-5,-6,33,52,-4100
3101399025,-38,4,-7,-12,22,52,-4120
3101400025,-38,4,-12,-13,26,54,-4101
3101401025,-38,4,-2,-11,34,45,-4109
3101402025,-38,5,-5,-11,24,56,-4096
3101403025,-37,0,-6,-8,26,59,-4081
3101404025,-37,5,-4,-8,42,51,-4090
3101405025,-37,4,-1,-9,42,49,-4077
3101406025,-37,4,-2,-8,46,66,-4078
3101407025,-37,3,-1,-7,43,62,-4100
3101408025,-37,6,-2,-6,54,49,-4099
3101409025,-37,7,-5,-9,48,49,-4087
3101410025,-37,3,-7,-11,38,55,-4096
3101411025,-37,5,-1,-10,44,33,-4095
3101412025,-37,3,-4,-8,51,44,-4090
3101413025,-37,3,-6,-7,47,46,-4086
3101414025,-37,1,-5,-12,34,38,-4085
3101415025,-37,6,-4,-11,42,33,-4077
3101416025,-37,1,-1,-12,42,36,-4088
3101417025,-37,2,1,-9,30,29,-4076
3101418025,-37,2,-3,-6,37,28,-4081
3101419025,-37,8,-9,-10,37,16,-4090
3101420025,-37,0,-2,-3,25,35,-4081
3101421025,-37,7,-5,-10,36,26,-4088
3101422025,-37,3,-4,-7,48,48,-4083
3101423025,-38,3,0,-11,39,49,-4102
3101424025,-38,5,-1,-8,36,43,-4111
3101425025,-38,4,-3,-6,36,39,-4093
3101426025,-38,8,-2,-13,42,49,-4091
3101427025,-38,6,-2,-7,20,47,-4093
3101428025,-38,0,3,-7,29,48,-4083
3101429025,-38,4,-3,-9,40,50,-4078
3101430025,-38,-2,-6,-5,36,54,-4083
3101431025,-38,5,-2,-6,26,49,-4076
3101432025,-38,2,-5,-9,40,63,-4084
3101433025,-38,4,-3,-12,42,54,-4081
3101434025,-38,1,4,-11,56,44,-4088
3101435025,-38,3,-1,-6,47,44,-4074
3101436025,-38,4,-4,-11,42,48,-4080
3101437025,-38,7,-4,-10,39,40,-4096
3101438025,-37,2,-2,-13,38,42,-4087
3101439025,-37,-4,1,-8,47,48,-4088
3101440025,-37,4,-1,-11,34,23,-4081
3101441025,-37,6,3,-5,51,38,-4083
3101442025,-37,8,-2,-10,50,53,-4100
3101443025,-37,2,-5,-4,32,26,-4091
3101444025,-37,2,-2,-13,44,44,-4086
3101445025,-37,6,-10,-12,27,31,-4079
3101446025,-37,2,-1,-8,38,42,-4091
3101447025,-37,3,-6,-9,34,51,-4098
3101448025,-37,0,-4,-3,39,51,-4110
3101449025,-37,3,-3,-13,40,37,-4095
3101450025,-37,7,-3,-7,39,36,-4074
3101451025,-37,-1,-1,-6,38,44,-4090
3101452025,-37,0,-4,-6,29,45,-4082
3101453025,-37,7,-7,-12,31,43,-4091
3101454025,-37,-2,1,-4,47,61,-4102
3101455025,-37,4,0,-9,87,34,-4104
3101456025,-37,0,-10,-14,121,8,-4100
3101457025,-37,-7,5,-13,82,27,-4136
3101458025,-37,7,-10,-15,16,105,-4088
3101459025,-37,5,-5,-13,6,57,-4064
3101460025,-37,8,-2,-16,8,72,-4090
3101461025,-37,7,-1,-14,29,90,-4084
3101462025,-37,1,-2,-13,28,68,-4038
3101463025,-37,9,-1,-8,18,26,-4064
3101464025,-37,4,-6,-13,15,13,-4057
3101465025,-37,-1,2,-6,48,1,-4084
3101466025,-37,0,-1,-3,43,23,-4082
3101467025,-37,6,1,-1,59,34,-4084
3101468025,-37,3,5,-5,46,46,-4089
3101469025,-37,2,0,-8,29,43,-4102
3101470025,-37,4,-4,-6,32,37,-4093
3101471025,-37,3,-5,-7,43,43,-4104
3101472025,-37,8,-3,-4,42,29,-4098
3101473025,-37,5,-3,-9,35,33,-4094
3101474025,-37,3,-3,-12,27,34,-4115
3101475025,-37,2,-5,-9,16,33,-4106
3101476025,-37,2,-2,-11,22,27,-4113
3101477025,-37,1,-3,-9,19,32,-4100
3101478025,-37,1,0,-6,31,46,-4099
3101479025,-37,7,0,-7,40,64,-4099
3101480025,-37,5,4,-6,32,66,-4103
3101481025,-37,4,0,-8,44,58,-4089
3101482025,-37,2,-3,-3,49,78,-4073
3101483025,-37,5,-4,-9,29,68,-4075
3101484025,-37,-1,0,-5,39,74,-4086
3101485025,-37,6,-3,-6,31,54,-4076
3101486025,-37,0,-1,-7,46,58,-4071
3101487025,-37,2,0,-8,49,50,-4070
3101488025,-37,2,2,-4,48,62,-4091
3101489025,-37,3,-3,-10,73,57,-4106
3101490025,-37,2,-2,-12,68,41,-4106
3101491025,-37,10,-6,-9,71,29,-4112
3101492025,-37,5,-3,-11,61,37,-4071
3101493025,-37,4,1,-8,119,18,-4057
3101494025,-37,3,-2,-17,100,-7,-4074
3101495025,-37,4,-8,-16,49,4,-4115
3101496025,-37,2,-6,-12,10,83,-4049
3101497025,-37,5,-6,-17,-41,65,-4060
3101498025,-37,3,2,-13,-17,89,-4080
3101499025,-37,5,2,-13,25,116,-4069
3101500025,-37,8,-5,-15,35,77,-4084
3101501025,-37,9,-7,-11,-26,56,-4058
3101502025,-37,9,-1,-10,-53,20,-4094
3101503025,-37,3,-3,-8,-51,21,-4078
3101504025,-37,2,8,-5,15,24,-4077
3101505025,-37,-5,1,-3,29,37,-4078
3101506025,-37,-2,-1,-10,30,39,-4092
3101507025,-37,0,-2,-4,30,37,-4085
3101508025,-37,3,-1,-9,43,34,-4081
3101509025,-37,1,-6,-5,43,44,-4082
3101510025,-37,6,-4,-6,74,39,-4091
3101511025,-37,6,-2,-6,47,41,-4073
3101512025,-37,3,-4,-8,61,14,-4077
3101513025,-37,3,-4,-4,31,30,-4082
3101514025,-37,4,-5,-4,34,25,-4084
3101515025,-37,0,-2,-8,27,21,-4081
3101516025,-37,5,-1,-7,34,55,-4106
3101517025,-37,3,-7,-7,35,49,-4096
3101518025,-37,3,-2,-10,38,60,-4092
3101519025,-37,-1,-3,-5,29,54,-4080
3101520025,-37,3,-10,-12,21,61,-4081
3101521025,-37,-1,-3,-8,21,60,-4088
3101522025,-37,9,-4,-8,35,60,-4082
3101523025,-37,3,-3,-7,28,54,-4089
3101524025,-37,6,-2,-12,39,41,-4094
3101525025,-37,6,-2,-6,45,43,-4090
3101526025,-37,4,-3,-4,32,53,-4083
3101527025,-37,7,-13,-6,39,56,-4082
3101528025,-37,5,-7,-2,44,58,-4076
3101529025,-37,7,0,-4,38,46,-4073
3101530025,-37,5,-11,-1,40,57,-4091
3101531025,-37,4,-2,-5,59,45,-4094
3101532025,-37,7,-2,-6,45,47,-4107
3101533025,-37,2,-4,-8,35,37,-4094
3101534025,-37,2,-1,-10,34,53,-4101
3101535025,-37,4,1,-8,34,75,-4096
3101536025,-37,6,-3,-9,38,39,-4095
3101537025,-37,6,-2,-3,45,59,-4106
3101538025,-37,5,-3,-4,35,53,-4077
3101539025,-37,6,-6,-10,36,44,-4096
3101540025,-37,9,-3,-5,36,56,-4088
3101541025,-37,3,-6,-8,24,52,-4089
3101542025,-37,5,-10,-2,39,52,-4073
3101543025,-37,7,-9,-6,44,39,-4073
3101544025,-37,4,-2,-7,34,42,-4088
3101545025,-37,-1,0,-9,50,47,-4087
3101546025,-37,6,-4,-4,42,42,-4082
3101547025,-37,7,-3,-9,45,39,-4099
3101548025,-37,1,-1,-8,43,44,-4083
3101549025,-37,2,-10,-9,44,55,-4080
3101550025,-37,2,1,-3,42,57,-4080
3101551025,-37,11,-8,-7,25,46,-4086
3101552025,-37,6,-8,-3,47,30,-4085
3101553025,-37,1,2,-4,32,44,-4078
3101554025,-37,8,-9,-9,31,29,-4099
3101555025,-37,3,-7,-7,27,44,-4093
3101556025,-37,5,-8,-5,29,42,-4102
3101557025,-37,-4,-7,-4,27,36,-4080
3101558025,-37,2,-1,-10,30,46,-4089
3101559025,-37,3,-6,-4,26,39,-4096
3101560025,-37,7,-10,-4,30,41,-4099
3101561025,-37,3,-2,-4,35,40,-4071
3101562025,-37,1,-1,-3,46,36,-4072
3101563025,-37,5,0,-3,36,39,-4086
3101564025,-37,6,1,-10,47,38,-4060
3101565025,-37,7,-1,-9,36,31,-4088
3101566025,-37,2,1,-7,42,41,-4080
3101567025,-37,9,-6,-6,43,32,-4087
3101568025,-37,11,-6,-9,65,52,-4093
3101569025,-37,3,-5,-5,38,48,-4097
3101570025,-37,6,-3,-7,41,42,-4102
3101571025,-37,7,-4,-7,46,48,-4090
3101572025,-37,7,-5,-1,40,51,-4078
3101573025,-37,5,-5,-4,29,37,-4085
3101574025,-37,9,-5,-8,40,52,-4095
3101575025,-37,3,-6,-6,58,40,-4093
3101576025,-37,6,-1,-7,68,39,-4079
3101577025,-37,1,-2,-5,82,42,-4070
3101578025,-37,3,-9,-6,42,54,-4100
3101579025,-37,4,0,-8,40,30,-4080
3101580025,-37,2,-4,-5,25,31,-4072
3101581025,-37,7,-3,-2,13,40,-4084
3101582025,-37,8,-8,-4,7,41,-4084
3101583025,-37,8,-8,-4,18,25,-4094
3101584025,-37,8,-4,-7,22,41,-4078
3101585025,-37,0,-3,-2,20,59,-4078
3101586025,-37,9,-6,-7,32,45,-4095
3101587025,-37,3,1,-3,37,38,-4099
3101588025,-37,6,-6,-2,29,34,-4104
3101589025,-37,8,-2,-10,49,34,-4083
3101590025,-37,2,5,-8,57,31,-4091
3101591025,-37,11,-4,-9,35,35,-4082
3101592025,-37,2,-4,-6,53,28,-4082
3101593025,-37,0,-7,-5,80,19,-4096
3101594025,-37,-1,-3,-11,114,18,-4102
3101595025,-37,2,-7,-8,112,27,-4085
3101596025,-37,5,-7,-11,109,66,-4100
3101597025,-37,10,-11,-10,43,76,-4094
3101598025,-37,6,-9,-9,61,68,-4053
3101599025,-37,3,-2,-10,45,68,-4062
3101600025,-37,8,-11,-10,41,74,-4080
3101601025,-37,5,-6,-9,53,62,-4088
3101602025,-37,8,-9,-9,19,43,-4091
3101603025,-37,6,-6,-3,17,20,-4080
3101604025,-37,4,-8,-2,5,32,-4089
3101605025,-37,3,-5,-3,-2,41,-4089
3101606025,-37,6,-2,-4,-9,46,-4073
3101607025,-37,0,-6,-6,8,64,-4087
3101608025,-37,1,-4,-9,7,59,-4083
3101609025,-37,4,-6,-8,9,36,-4090
3101610025,-38,10,-2,-3,-1,20,-4082
3101611025,-38,2,-1,-6,30,25,-4081
3101612025,-38,-2,1,-5,20,42,-4104
3101613025,-38,8,-6,-6,14,31,-4086
3101614025,-38,3,-1,-8,8,38,-4095
3101615025,-38,5,-4,-11,20,48,-4118
3101616025,-38,9,-3,-9,27,42,-4100
3101617025,-38,7,1,-7,29,60,-4084
3101618025,-38,5,-9,-13,38,55,-4097
3101619025,-38,3,-2,-9,50,56,-4084
3101620025,-38,4,-3,-9,31,50,-4094
3101621025,-38,4,-2,-11,35,32,-4098
3101622025,-38,3,0,-9,45,31,-4090
3101623025,-38,2,-3,-12,35,43,-4103
3101624025,-38,9,-5,-13,50,44,-4083
3101625025,-38,4,2,-11,70,40,-4095
3101626025,-38,5,-8,-16,83,43,-4081
3101627025,-38,-3,-1,-15,85,46,-4089
3101628025,-38,5,-1,-11,92,36,-4063
3101629025,-38,10,0,-12,103,49,-4097
3101630025,-38,3,0,-11,79,44,-4095
3101631025,-38,2,1,-15,112,37,-4079
3101632025,-38,5,-4,-18,137,50,-4081
3101633025,-38,2,-1,-19,135,45,-4097
3101634025,-38,8,-1,-22,152,41,-4095
3101635025,-38,8,-2,-24,157,59,-4100
3101636025,-38,7,2,-20,160,44,-4077
3101637025,-38,10,0,-24,183,39,-4085
3101638025,-38,4,-3,-27,174,51,-4078
3101639025,-38,1,-6,-27,148,82,-4104
3101640025,-38,4,-2,-26,128,89,-4076
3101641025,-38,1,0,-22,94,92,-4080
3101642025,-38,8,-5,-33,120,64,-4099
3101643025,-38,4,4,-29,201,-2,-4142
3101644025,-38,4,-2,-29,210,-15,-4132
3101645025,-38,3,-8,-33,149,-15,-4133
3101646025,-38,5,0,-31,187,9,-4066
3101647025,-38,-6,-2,-32,136,-64,-4145
3101648025,-38,-6,-11,-37,102,24,-4241
3101649025,-38,3,-9,-34,171,140,-3979
3101650025,-38,-4,-4,-28,17,70,-4058
3101651025,-38,-7,-4,-32,77,111,-4190
3101652025,-38,11,-2,-32,157,139,-4123
3101653025,-38,10,-9,-27,123,27,-4112
3101654025,-38,5,-13,-25,72,1,-4089
3101655025,-38,12,-14,-27,-17,19,-4082
3101656025,-38,12,-8,-23,2,-25,-4046
3101657025,-38,0,-12,-24,29,10,-4024
3101658025,-38,0,-9,-24,-10,67,-4074
3101659025,-38,-1,-8,-21,-26,52,-4069
3101660025,-38,-1,1,-18,-28,4,-4062
3101661025,-38,0,1,-17,-24,44,-4065
3101662025,-38,-1,0,-12,-13,50,-4091
3101663025,-38,5,-4,-13,2,16,-4096
3101664025,-38,1,0,-12,5,24,-4098
3101665025,-38,5,-4,-18,-1,5,-4066
3101666025,-38,5,0,-18,-7,-6,-4087
3101667025,-39,9,3,-17,9,6,-4068
3101668025,-39,2,-1,-15,15,5,-4080
3101669025,-39,0,3,-16,32,19,-4112
3101670025,-39,6,-4,-13,45,70,-4119
3101671025,-39,4,-6,-13,79,77,-4119
3101672025,-39,6,-3,-17,71,80,-4082
3101673025,-40,-2,3,-11,53,32,-4099
3101674025,-40,7,-5,-13,114,61,-4109
3101675025,-40,6,-11,-15,115,30,-4068
3101676025,-40,8,-4,-11,87,29,-4033
3101677025,-40,0,-10,-9,73,43,-4042
3101678025,-40,6,-5,-16,77,41,-4058
3101679025,-41,4,-10,-14,94,34,-4069
3101680025,-41,4,-11,-14,78,53,-4078
3101681025,-41,1,-5,-16,63,59,-4071
3101682025,-41,8,-8,-20,52,68,-4108
3101683025,-41,13,-6,-15,48,50,-4102
3101684025,-41,10,-2,-22,70,35,-4108
3101685025,-42,4,-6,-32,101,38,-4114
3101686025,-42,5,5,-27,105,30,-4128
3101687025,-42,1,5,-31,154,40,-4103
3101688025,-42,1,3,-36,164,33,-4098
3101689025,-42,2,3,-42,223,38,-4101
3101690025,-42,1,7,-39,244,46,-4074
3101691025,-43,1,4,-47,234,56,-4083
3101692025,-43,3,2,-48,223,85,-4084
3101693025,-43,6,1,-56,171,123,-4049
3101694025,-43,2,-2,-46,103,164,-4058
3101695025,-43,7,0,-49,76,175,-4064
3101696025,-43,9,-7,-40,6,198,-4051
3101697025,-43,4,-8,-26,0,169,-4071
3101698025,-43,6,-8,-21,-31,137,-4106
3101699025,-43,4,-13,-9,-32,88,-4107
3101700025,-43,4,-13,-3,-36,78,-4128
3101701025,-43,9,-16,3,-18,29,-4149
3101702025,-43,-4,-4,10,29,38,-4143
3101703025,-43,4,-9,15,63,11,-4152
3101704025,-42,5,2,16,107,-13,-4157
3101705025,-42,7,2,18,112,-31,-4119
3101706025,-42,6,-4,15,149,-72,-4083
3101707025,-42,3,0,21,147,-120,-4048
3101708025,-42,4,-4,18,139,-157,-4025
3101709025,-42,6,-5,15,126,-168,-4039
3101710025,-43,6,-9,16,85,-190,-4015
3101711025,-43,4,-13,9,22,-187,-4033
3101712025,-43,5,-18,3,-22,-134,-4077
3101713025,-43,0,-12,4,-42,-120,-4100
3101714025,-44,4,-19,-9,-32,-3,-4139
3101715025,-44,0,-14,-20,-34,85,-4196
3101716025,-45,9,-10,-27,-2,126,-4218
3101717025,-46,3,1,-30,59,110,-4200
3101718025,-46,4,14,-42,114,106,-4176
3101719025,-47,6,16,-43,131,130,-4167
3101720025,-48,4,11,-46,131,215,-4075
3101721025,-49,4,12,-46,130,290,-3954
3101722025,-49,1,10,-43,96,304,-3959
3101723025,-50,0,14,-37,145,295,-3953
3101724025,-51,4,4,-39,192,289,-3947
3101725025,-51,8,1,-32,178,278,-3962
3101726025,-52,9,-6,-27,113,266,-3985
3101727025,-52,10,-2,-21,76,253,-4020
3101728025,-52,4,-4,-14,84,198,-4051
3101729025,-53,1,2,-2,109,139,-4076
3101730025,-53,-2,-5,2,19,77,-4166
3101731025,-53,2,-6,21,-13,204,-4111
3101732025,-53,7,0,29,2,188,-3999
3101733025,-53,3,2,44,-4,91,-4096
3101734025,-53,7,3,54,235,-151,-4098
3101735025,-53,6,-10,53,319,-333,-4025
3101736025,-53,-4,-8,61,264,-430,-4134
3101737025,-53,1,-24,59,148,-431,-4203
3101738025,-53,3,-23,57,113,-350,-4170
3101739025,-53,2,-12,47,28,-253,-4107
3101740025,-53,1,-26,29,60,-282,-4137
3101741025,-54,0,-27,29,-97,-236,-4052
3101742025,-54,8,-30,7,-153,-293,-4157
3101743025,-54,5,-28,4,-349,-191,-4276
3101744025,-55,7,-19,-8,-287,-8,-4197
3101745025,-55,4,-14,-13,-247,87,-4152
3101746025,-56,14,-5,-15,-205,195,-4220
3101747025,-56,6,5,-21,-131,259,-4230
3101748025,-57,7,6,-23,-36,223,-4164
3101749025,-57,3,15,-24,23,202,-4077
3101750025,-58,3,20,-21,67,217,-4021
3101751025,-58,6,18,-24,213,259,-3923
3101752025,-59,4,8,-24,243,340,-3900
3101753025,-60,5,9,-30,186,472,-3800
3101754025,-60,4,4,-28,100,485,-3803
3101755025,-61,5,4,-24,89,455,-3851
3101756025,-61,11,1,-22,156,379,-3920
3101757025,-62,12,-5,-9,219,295,-4000
3101758025,-62,6,-1,-3,220,227,-4069
3101759025,-63,9,-1,3,205,180,-4098
3101760025,-63,12,-4,8,194,96,-4138
3101761025,-63,6,-8,18,214,-33,-4154
3101762025,-63,4,-12,21,173,-99,-4138
3101763025,-64,4,-19,28,106,-148,-4149
3101764025,-64,4,-12,28,65,-180,-4136
3101765025,-64,7,-22,21,2,-275,-4193
3101766025,-64,2,-11,21,1,-283,-4209
3101767025,-64,9,-22,11,-47,-252,-4247
3101768025,-65,11,-24,12,-93,-262,-4279
3101769025,-65,5,-8,5,-60,-278,-4275
3101770025,-65,9,-9,-5,-86,-287,-4325
3101771025,-65,0,0,-8,5,-173,-4248
3101772025,-66,-1,10,-8,-10,2,-4152
3101773025,-66,6,8,-7,-20,78,-4148
3101774025,-66,2,10,1,44,178,-4038
3101775025,-67,-1,14,7,145,155,-4016
3101776025,-67,8,16,5,298,111,-3950
3101777025,-67,-2,8,17,300,137,-3896
3101778025,-68,-1,-8,21,230,122,-3889
3101779025,-68,0,-7,24,134,166,-3903
3101780025,-68,-3,-10,26,139,195,-3892
3101781025,-68,2,-9,32,143,253,-3965
3101782025,-69,1,-7,33,128,240,-4018
3101783025,-69,11,-14,32,92,202,-4084
3101784025,-70,5,-17,27,43,125,-4117
3101785025,-70,7,-10,28,-5,74,-4134
3101786025,-71,7,-8,25,15,17,-4165
3101787025,-71,7,-12,21,13,6,-4150
3101788025,-72,0,-11,20,24,-23,-4181
3101789025,-72,2,-9,19,-35,-33,-4221
3101790025,-73,7,-3,15,-36,8,-4206
3101791025,-74,2,-4,17,-18,0,-4163
3101792025,-75,2,-3,12,1,-10,-4109
3101793025,-75,6,-3,10,-7,16,-4122
3101794025,-76,4,-3,9,5,34,-4102
3101795025,-77,1,1,9,-4,25,-4104
3101796025,-78,6,-3,3,4,20,-4115
3101797025,-79,9,-5,1,-13,13,-4079
3101798025,-79,5,7,-2,-23,25,-4050
3101799025,-80,7,1,-1,0,35,-4055
3101800025,-81,1,4,1,11,30,-4034
3101801025,-82,2,1,8,59,49,-4046
3101802025,-82,4,-3,6,70,72,-4022
3101803025,-83,7,-6,11,49,92,-4037
3101804025,-84,8,-5,9,21,87,-4045
3101805025,-84,9,-3,9,11,103,-4048
3101806025,-85,6,-7,10,0,59,-4045
3101807025,-85,10,-7,12,-10,40,-4067
3101808025,-86,0,-2,12,-1,20,-4083
3101809025,-86,7,-8,9,6,28,-4075
3101810025,-86,7,-13,12,-51,37,-4098
3101811025,-87,7,-11,22,-71,51,-4061
3101812025,-87,7,-15,19,-126,28,-4079
3101813025,-87,10,-4,22,-120,-10,-4114
3101814025,-87,3,-9,19,-106,-18,-4124
3101815025,-87,5,-13,20,-106,-8,-4145
3101816025,-88,3,-12,17,-135,-30,-4125
3101817025,-88,2,-13,19,-207,-54,-4112
3101818025,-88,9,-16,16,-226,-38,-4067
3101819025,-88,3,-14,13,-231,-31,-4044
3101820025,-88,1,-12,10,-285,-28,-4130
3101821025,-88,7,-9,12,-294,53,-4170
3101822025,-88,7,-6,7,-212,71,-4060
3101823025,-88,8,-8,5,-232,94,-4059
3101824025,-89,8,-6,7,-213,56,-4107
3101825025,-89,3,-10,6,-239,20,-4116
3101826025,-89,9,-10,1,-238,-11,-4089
3101827025,-89,7,-3,-1,-317,34,-4061
3101828025,-89,4,-8,-3,-348,67,-4046
3101829025,-89,11,-13,-11,-295,107,-4052
3101830025,-89,6,-6,-9,-260,145,-4052
3101831025,-90,8,-2,-10,-262,161,-4075
3101832025,-90,7,-5,-16,-271,158,-4090
3101833025,-90,11,-4,-14,-256,141,-4092
3101834025,-90,8,0,-17,-230,91,-4079
3101835025,-90,5,2,-14,-168,68,-4098
3101836025,-90,8,0,-12,-85,63,-4102
3101837025,-91,-4,8,-13,-56,65,-4112
3101838025,-91,6,0,-15,31,63,-4152
3101839025,-91,0,2,-8,93,47,-4124
3101840025,-91,2,0,-9,152,10,-4114
3101841025,-91,-1,3,-6,166,12,-4100
3101842025,-91,2,-6,-9,190,-11,-4104
3101843025,-91,4,-3,-8,163,-40,-4067
3101844025,-90,6,-10,-12,141,-42,-4046
3101845025,-90,3,-8,-6,94,-54,-4075
3101846025,-90,4,-11,-10,79,-65,-4057
3101847025,-90,4,-15,-9,31,-56,-4051
3101848025,-90,5,-10,-9,17,-15,-4080
3101849025,-89,7,-12,-7,9,-14,-4091
3101850025,-89,9,-6,-8,-14,-7,-4119
3101851025,-89,4,-1,-6,-27,6,-4120
3101852025,-89,4,-2,-12,-40,14,-4116
3101853025,-89,5,-4,-10,-31,30,-4113
3101854025,-88,4,-2,-10,-24,40,-4128
3101855025,-88,2,1,-9,-13,56,-4138
3101856025,-88,0,-2,-9,11,45,-4105
3101857025,-88,3,1,-10,32,69,-4118
3101858025,-88,5,0,-9,48,101,-4109
3101859025,-87,-2,-3,-3,49,111,-4103
3101860025,-87,0,-4,-5,66,102,-4099
3101861025,-87,2,-1,-3,44,111,-4088
3101862025,-87,4,-5,-7,55,98,-4076
3101863025,-87,-1,-7,-9,56,91,-4072
3101864025,-87,-3,-2,-7,42,83,-4078
3101865025,-87,1,-1,-6,48,84,-4059
3101866025,-87,2,-7,-10,36,70,-4083
3101867025,-87,8,-7,-6,29,63,-4067
3101868025,-87,5,-5,-11,31,55,-4086
3101869025,-87,-2,-1,-8,37,50,-4096
3101870025,-87,1,-2,-7,18,26,-4077
3101871025,-87,3,-6,-7,41,40,-4101
3101872025,-87,1,-4,-2,42,23,-4093
3101873025,-87,4,-2,-2,46,17,-4088
3101874025,-88,0,-6,-4,42,26,-4064
3101875025,-88,4,0,-10,41,-5,-4081
3101876025,-88,1,-3,-3,43,10,-4085
3101877025,-88,2,-5,-3,50,3,-4078
3101878025,-88,-6,5,-2,55,9,-4075
3101879025,-88,3,-2,0,65,-13,-4066
3101880025,-88,3,-6,-3,61,-3,-4078
3101881025,-89,4,-9,-3,52,27,-4096
3101882025,-89,2,0,-3,48,27,-4099
3101883025,-89,2,-1,1,34,33,-4106
3101884025,-89,-1,-4,-4,53,33,-4093
3101885025,-89,-1,-4,-1,43,40,-4104
3101886025,-89,-2,-1,4,43,43,-4101
3101887025,-89,6,-5,1,32,47,-4102
3101888025,-89,3,-5,1,36,42,-4101
3101889025,-89,4,-7,-4,44,70,-4088
3101890025,-89,0,-9,5,25,70,-4098
3101891025,-89,0,-2,-4,39,76,-4078
3101892025,-89,-1,-6,-3,38,72,-4079
3101893025,-89,-3,-10,-9,28,81,-4074
3101894025,-89,1,-4,-5,30,70,-4079
3101895025,-89,4,-6,-6,56,66,-4087
3101896025,-89,-4,-3,-3,33,73,-4085
3101897025,-89,8,-4,-5,44,67,-4088
3101898025,-89,0,-4,-3,22,78,-4077
3101899025,-89,1,-3,0,26,69,-4078
3101900025,-89,5,-8,-8,43,50,-4087
3101901025,-89,7,-6,-10,28,50,-4078
3101902025,-89,5,-4,-10,32,53,-4084
3101903025,-88,2,-5,-10,38,63,-4106
3101904025,-88,2,-5,-9,28,48,-4097
3101905025,-88,3,-2,-10,18,54,-4106
3101906025,-88,10,-7,-11,23,54,-4090
3101907025,-88,4,-1,-11,36,30,-4094
3101908026,-88,-5,-4,0,29,33,-4095
3101909025,-88,7,-2,-11,30,39,-4098
3101910027,-88,-1,-3,-3,37,24,-4096
3101911025,-88,8,-5,-8,28,32,-4103
3101912025,-88,6,-4,-6,44,9,-4093
3101913025,-88,8,-2,-5,38,39,-4106
3101914025,-88,6,-6,-3,40,28,-4093
3101915025,-88,3,0,-6,31,34,-4076
3101916025,-87,3,-5,-4,46,35,-4092
3101917025,-87,-2,2,-2,38,32,-4097
3101918025,-87,2,-7,-3,39,28,-4093
3101919025,-87,4,-5,-2,39,48,-4093
3101920025,-87,0,-2,4,47,47,-4100
3101921025,-87,-1,-4,-3,38,41,-4089
3101922025,-88,1,-4,-4,44,38,-4095
3101923025,-88,3,-5,-7,42,36,-4088
3101924025,-88,5,2,-4,53,38,-4092
3101925025,-88,7,-9,-6,50,46,-4091
3101926025,-88,2,-3,-3,59,51,-4087
3101927025,-88,6,-5,-2,59,32,-4094
3101928025,-88,7,0,-7,46,37,-4091
3101929025,-88,4,-7,-3,37,53,-4099
3101930025,-88,4,-8,-5,30,45,-4103
3101931025,-88,1,-5,-9,22,53,-4084
3101932025,-88,6,-3,-3,35,44,-4077
3101933025,-88,1,-6,-3,41,44,-4088
3101934025,-88,0,-3,-5,38,58,-4101
3101935025,-88,7,-9,-9,33,55,-4082
3101936025,-88,7,-6,-6,42,36,-4088
3101937025,-89,4,5,-5,46,37,-4088
3101938025,-89,3,-9,-6,47,51,-4076
3101939025,-89,-2,-6,-9,35,40,-4075
3101940025,-89,3,-5,-4,33,47,-4094
3101941025,-89,5,-5,-6,41,37,-4096
3101942025,-89,3,-4,-8,45,42,-4086
3101943025,-89,11,-11,-7,43,36,-4085
3101944025,-89,4,-3,-6,49,32,-4089
3101945025,-89,1,-2,-2,33,34,-4095
3101946025,-89,5,-7,-4,40,24,-4081
3101947025,-89,-3,-1,-8,38,21,-4071
3101948025,-89,4,3,-5,38,32,-4080
3101949025,-89,5,-3,-8,32,33,-4086
3101950025,-89,0,-2,-3,50,36,-4089
3101951025,-88,1,-9,-10,39,56,-4088
3101952025,-88,0,-7,-1,33,44,-4100
3101953025,-88,-2,-1,-3,45,54,-4093
3101954025,-88,6,-4,-6,32,48,-4085
3101955025,-88,3,-3,-7,41,33,-4083
3101956025,-88,1,0,-9,29,49,-4094
3101957025,-88,8,-9,-9,44,39,-4083
3101958025,-88,1,-1,-9,51,50,-4075
3101959025,-88,0,-4,-5,47,51,-4075
3101960025,-88,5,-7,-11,36,55,-4078
3101961025,-88,5,-8,-13,46,56,-4081
3101962025,-88,3,-8,-11,27,41,-4078
3101963025,-88,3,-6,-9,32,42,-4089
3101964025,-88,5,-4,-6,43,56,-4087
3101965025,-88,-1,-1,0,48,58,-4096
3101966025,-88,1,-4,-6,38,34,-4078
3101967025,-88,6,-1,-7,25,62,-4088
3101968025,-88,7,-4,-7,39,50,-4080
3101969025,-88,5,0,-7,42,47,-4093
3101970025,-88,7,-10,-10,44,41,-4081
3101971025,-88,2,-2,-6,23,22,-4099
3101972025,-88,5,-2,-11,34,32,-4090
3101973025,-88,3,-4,-4,35,25,-4083
3101974025,-88,6,0,-4,32,44,-4086
3101975025,-88,8,-4,-7,41,37,-4095
3101976025,-88,1,2,-3,29,32,-4106
3101977025,-88,4,-3,-5,41,45,-4101
3101978025,-88,7,-7,-3,33,38,-4094
3101979025,-88,-2,-2,-1,20,52,-4089
3101980025,-88,3,-11,-4,30,43,-4092
3101981025,-88,1,-5,-5,31,52,-4069
3101982025,-88,1,-5,-5,38,25,-4078
3101983025,-88,0,-3,-4,28,30,-4088
3101984025,-88,1,1,-5,32,44,-4086
3101985025,-88,-4,-1,-8,38,41,-4078
3101986025,-88,4,-3,-3,35,48,-4070
3101987025,-88,1,1,-4,44,55,-4099
3101988025,-88,5,-3,-3,26,56,-4094
3101989025,-88,5,-5,-6,19,55,-4091
3101990025,-88,4,-1,-5,-13,47,-4078
3101991025,-88,8,-4,-4,-22,62,-4098
3101992025,-88,3,0,-5,-19,63,-4083
3101993025,-88,6,-3,-9,9,47,-4074
3101994025,-88,5,-1,-8,26,24,-4085
3101995025,-88,9,-1,-2,38,21,-4120
3101996025,-88,2,-2,-6,41,33,-4105
3101997025,-88,4,-3,-5,26,27,-4126
3101998025,-88,3,4,-7,35,23,-4109
3101999025,-88,5,-6,-9,38,39,-4081
3102000025,-88,5,-1,-9,21,61,-4094
3102001025,-88,0,-2,-7,25,56,-4095
3102002025,-88,2,2,-6,52,57,-4080
3102003025,-88,3,-3,-5,35,57,-4091
3102004025,-88,1,-2,-4,35,33,-4089
3102005025,-88,1,-3,-6,33,46,-4078
3102006025,-88,5,-3,-9,19,40,-4071
3102007025,-88,5,-9,-7,22,46,-4068
3102008025,-88,3,-5,-7,23,28,-4092
3102009025,-88,5,-2,-6,40,61,-4106
3102010025,-88,1,0,-6,41,42,-4101
3102011025,-88,4,2,-7,38,42,-4102
3102012025,-88,3,-4,-6,34,55,-4101
3102013025,-88,6,-3,-7,52,33,-4095
3102014025,-88,1,1,-5,46,38,-4107
3102015025,-88,5,-3,-6,41,35,-4088
3102016025,-88,-4,0,-6,65,23,-4077
3102017025,-88,2,-2,-7,47,31,-4093
3102018025,-88,5,-6,-6,53,16,-4096
3102019025,-88,-3,-1,-9,57,32,-4088
3102020025,-88,3,-5,-7,53,35,-4091
3102021025,-88,4,-9,-12,58,37,-4102
3102022025,-88,3,-2,-9,56,59,-4091
3102023025,-88,1,-1,-8,54,57,-4100
3102024025,-87,5,-4,-4,51,48,-4087
3102025025,-87,1,-4,-8,48,52,-4067
3102026025,-87,4,-1,-6,54,53,-4087
3102027025,-87,-1,-2,-5,53,54,-4079
3102028025,-87,4,-8,-6,55,61,-4060
3102029025,-87,5,-2,-3,49,44,-4076
3102030025,-87,7,1,-4,51,48,-4081
3102031025,-87,2,-8,-11,40,59,-4091
3102032025,-87,8,-1,-9,40,46,-4092
3102033025,-87,2,-3,-5,57,57,-4087
3102034025,-87,11,-9,-3,44,54,-4067
3102035025,-87,5,-2,-6,47,49,-4094
3102036025,-87,5,-4,-6,38,59,-4098
3102037025,-87,4,-5,-9,43,50,-4091
3102038025,-87,3,-1,-5,34,38,-4103
3102039025,-87,5,-8,-5,32,43,-4077
3102040025,-87,3,-1,-3,48,21,-4074
3102041025,-87,6,-3,-5,59,41,-4054
3102042025,-87,1,-5,-13,47,40,-4072
3102043025,-87,0,-1,-6,35,44,-4072
3102044025,-87,5,-5,-11,33,57,-4088
3102045025,-87,5,-2,-8,19,49,-4096
3102046025,-87,1,-1,-14,29,51,-4091
3102047025,-87,0,-4,-11,27,44,-4084
3102048025,-87,1,0,-7,15,36,-4094
3102049025,-88,7,-2,-6,31,53,-4083
3102050025,-88,4,-7,-3,37,45,-4077
3102051025,-88,4,-2,-5,45,43,-4071
3102052025,-88,7,-1,-8,35,39,-4096
3102053025,-88,4,-3,-8,42,48,-4083
3102054025,-88,3,0,-9,28,47,-4097
3102055025,-88,3,-5,-16,38,55,-4074
3102056025,-88,-1,2,-12,49,56,-4098
3102057025,-88,6,-11,-9,43,35,-4095
3102058025,-87,0,-5,-11,40,45,-4087
3102059025,-87,-1,-5,-11,31,35,-4097
3102060025,-87,1,-5,-1,29,44,-4086
3102061025,-87,3,-5,-4,40,36,-4095
3102062025,-87,0,-1,-1,41,46,-4079
3102063025,-87,5,-7,-8,49,33,-4096
3102064025,-87,3,-8,-11,33,52,-4103
3102065025,-87,5,1,-5,51,64,-4093
3102066025,-87,5,-3,-4,50,50,-4098
3102067025,-87,6,-5,-6,34,53,-4098
3102068025,-87,6,-2,-10,51,61,-4095
3102069025,-87,3,-8,-6,21,53,-4088
3102070025,-87,-1,5,-2,18,55,-4089
3102071025,-87,9,-9,-8,40,42,-4075
3102072025,-87,3,-1,-5,29,33,-4086
3102073025,-87,4,-2,-8,28,33,-4076
3102074025,-87,4,-4,-7,24,51,-4086
3102075025,-87,2,1,-6,26,50,-4080
3102076025,-87,1,-8,-5,15,46,-4070
3102077025,-87,6,-7,-11,6,47,-4080
3102078025,-87,7,-7,-11,0,43,-4082
3102079025,-87,6,-4,-9,-32,25,-4069
3102080025,-87,12,-3,-7,-45,52,-4091
3102081025,-87,4,-6,-5,-36,45,-4095
3102082025,-87,5,-3,-2,-10,44,-4103
3102083025,-87,1,1,-2,11,41,-4102
3102084025,-87,-1,2,-7,13,43,-4103
3102085025,-87,1,-2,-2,19,42,-4100
3102086025,-87,7,-2,-9,41,33,-4096
3102087025,-87,5,-1,-5,33,30,-4084
3102088025,-87,-2,5,-8,39,22,-4103
3102089025,-87,3,0,-7,50,25,-4090
3102090025,-87,5,-7,-12,49,26,-4101
3102091025,-87,4,0,-3,51,49,-4080
3102092025,-87,0,-6,-4,46,48,-4097
3102093025,-87,2,0,-3,57,47,-4083
3102094025,-87,1,-6,-7,54,50,-4071
3102095025,-87,2,-5,-11,51,42,-4076
3102096025,-87,6,-1,-4,48,37,-4073
3102097025,-87,1,-3,-8,55,33,-4063
3102098025,-87,1,-10,-6,47,64,-4071
3102099025,-87,7,3,-9,46,22,-4087
3102100025,-87,4,-4,-13,33,32,-4088
3102101025,-87,5,-3,-10,46,45,-4088
3102102025,-87,2,2,-4,39,37,-4089
3102103025,-87,4,-5,-5,41,50,-4072
3102104025,-87,2,-3,-6,38,45,-4099
3102105025,-87,4,-6,-4,48,55,-4100
3102106025,-87,4,-8,-7,28,62,-4096
3102107025,-86,3,2,-3,46,43,-4100
3102108025,-86,-1,-6,-4,39,51,-4084
3102109025,-86,5,-6,-3,33,32,-4073
3102110025,-86,3,-5,-10,33,37,-4077
3102111025,-86,5,-6,-9,32,44,-4078
3102112025,-86,7,-9,-7,32,35,-4078
3102113025,-86,5,-9,-4,49,43,-4101
3102114025,-86,4,-5,-10,41,44,-4088
3102115025,-86,-1,1,-5,22,39,-4088
3102116025,-86,5,-2,-4,38,50,-4097
3102117025,-86,1,-3,-6,37,48,-4092
3102118025,-86,4,-2,-6,28,45,-4074
3102119025,-86,4,-5,-1,36,36,-4083
3102120025,-86,2,-2,-4,39,33,-4068
3102121025,-86,-3,-1,-2,39,25,-4074
3102122025,-86,3,-4,-6,40,26,-4083
3102123025,-86,5,-2,-4,65,35,-4086
3102124025,-86,1,-9,-12,43,34,-4096
3102125025,-86,6,-2,-3,54,36,-4087
3102126025,-86,5,-7,-5,44,38,-4092
3102127025,-86,4,-2,-5,41,34,-4094
3102128025,-86,2,-4,-4,36,49,-4077
3102129025,-86,4,-5,-6,47,45,-4070
3102130025,-86,5,-8,-6,50,30,-4082
3102131025,-86,0,-3,-6,44,33,-4090
3102132025,-86,6,-6,-1,26,42,-4093
3102133025,-86,2,-4,-5,34,37,-4088
3102134025,-86,-1,5,-9,48,37,-4090
3102135025,-86,7,-2,-8,38,59,-4078
3102136025,-86,-4,2,-8,32,39,-4085
3102137025,-86,-1,-2,-11,37,40,-4084
3102138025,-86,2,-5,-6,32,37,-4079
3102139025,-86,5,-2,-9,33,55,-4094
3102140025,-86,4,-2,-10,23,38,-4083
3102141025,-86,3,-4,-10,27,38,-4087
3102142025,-86,7,-1,-6,28,42,-4085
3102143025,-86,-1,-1,-5,26,30,-4084
3102144025,-86,4,-3,-6,25,28,-4102
3102145025,-86,11,-4,-10,32,34,-4100
3102146025,-86,4,-5,-9,28,41,-4103
3102147025,-86,4,1,-7,19,48,-4091
3102148025,-86,3,1,-7,38,37,-4080
3102149025,-86,4,0,-13,20,27,-4092
3102150025,-86,1,0,-10,31,27,-4083
3102151025,-86,-2,-8,-12,20,34,-4078
3102152025,-86,-1,0,-11,23,42,-4080
3102153025,-86,-4,2,-5,42,43,-4086
3102154025,-86,12,-1,-11,10,51,-4077
3102155025,-86,2,4,-15,29,30,-4080
3102156025,-86,-1,-1,-11,33,45,-4091
3102157025,-86,6,-6,-12,40,40,-4104
3102158025,-86,5,-6,-14,35,44,-4085
3102159025,-85,5,-7,-13,35,34,-4081
3102160025,-85,2,-8,-9,42,51,-4088
3102161025,-85,3,0,-8,48,50,-4079
3102162025,-85,5,-5,-10,41,46,-4083
3102163025,-85,4,-5,-10,56,52,-4094
3102164025,-85,4,-4,-9,47,55,-4089
3102165025,-85,8,-4,-13,55,56,-4086
3102166025,-85,1,0,-8,57,40,-4092
3102167025,-85,9,-8,-15,51,50,-4090
3102168025,-85,4,-4,-9,43,47,-4082
3102169025,-85,2,-3,-9,50,68,-4081
3102170025,-85,3,-4,-11,41,48,-4093
3102171025,-85,-2,-4,-6,52,56,-4090
3102172025,-85,7,-4,-8,34,40,-4094
3102173025,-85,3,-4,-10,41,45,-4096
3102174025,-85,4,-4,-7,50,50,-4087
3102175025,-85,6,-6,-14,46,54,-4097
3102176025,-85,6,-8,-6,40,58,-4091
3102177025,-85,4,-10,-8,36,57,-4098
3102178025,-85,7,-6,-11,43,63,-4099
3102179025,-85,4,-2,-8,40,46,-4081
3102180025,-85,4,-3,-9,56,51,-4101
3102181025,-85,1,-4,-11,50,58,-4104
3102182025,-85,1,2,-12,39,49,-4098
3102183025,-84,3,-5,-8,58,62,-4074
3102184025,-84,-1,-5,-11,53,58,-4086
3102185025,-84,4,-7,-9,48,44,-4114
3102186025,-84,3,-5,-3,47,45,-4099
3102187025,-84,4,3,-1,54,46,-4086
3102188025,-84,1,-2,-3,69,43,-4088
3102189025,-84,0,-4,-7,49,43,-4070
3102190025,-84,0,3,-7,54,46,-4091
3102191025,-84,5,-3,-6,54,39,-4084
3102192025,-84,1,-8,-8,36,46,-4094
3102193025,-84,1,1,-11,58,47,-4080
3102194025,-84,6,-4,-11,58,59,-4094
3102195025,-84,0,-1,-8,48,58,-4076
3102196025,-84,-4,-3,-8,62,31,-4107
3102197025,-84,5,-6,-5,49,30,-4086
3102198025,-84,0,-2,-7,66,35,-4090
3102199025,-84,5,-8,-8,50,48,-4085
3102200025,-84,1,0,-3,57,42,-4075
3102201025,-84,9,-11,-8,54,53,-4086
3102202025,-84,3,1,-7,51,38,-4099
3102203025,-84,2,-2,-7,46,39,-4081
3102204025,-84,4,-2,-6,52,35,-4101
3102205025,-84,-1,-5,-9,49,57,-4081
3102206025,-84,7,-4,-6,64,49,-4106
3102207025,-84,-1,-7,-6,38,53,-4085
3102208025,-84,5,-1,-11,47,37,-4092
3102209025,-84,4,-3,-7,53,42,-4100
3102210025,-84,3,1,-9,46,42,-4091
3102211025,-84,4,-2,-5,63,38,-4079
3102212025,-84,6,-3,-6,46,48,-4099
3102213025,-84,3,-5,-1,65,34,-4086
3102214025,-84,3,1,-13,35,44,-4085
3102215025,-84,4,-5,-7,46,50,-4079
3102216025,-84,2,-2,-7,43,52,-4094
3102217025,-84,8,-5,-7,45,59,-4087
3102218025,-84,6,-6,-9,45,52,-4105
3102219025,-84,0,-2,-5,38,57,-4103
3102220025,-84,6,-6,-10,34,51,-4099
3102221025,-84,6,1,-2,54,58,-4079
3102222025,-84,5,-6,-4,36,48,-4079
3102223025,-84,8,-8,-4,39,48,-4089
3102224025,-84,1,-5,-7,41,45,-4089
3102225025,-84,1,-6,-6,33,50,-4109
3102226025,-84,3,-8,-10,51,42,-4102
3102227025,-84,4,-6,-9,39,34,-4088
3102228025,-84,4,-9,-10,30,51,-4101
3102229025,-84,3,-3,-7,43,31,-4097
3102230025,-84,5,-8,-6,33,41,-4078
3102231025,-84,10,-12,-6,33,38,-4082
3102232025,-84,4,-6,-10,42,40,-4078
3102233025,-84,7,-5,-9,35,40,-4091
3102234025,-84,0,-7,-5,40,54,-4081
3102235025,-84,4,-5,-4,32,43,-4082
3102236025,-84,5,-8,-10,25,42,-4108
3102237025,-84,8,-3,-6,46,41,-4091
3102238025,-84,3,-2,-3,38,36,-4097
3102239025,-84,6,-6,-11,47,43,-4104
3102240025,-84,3,-3,-5,38,45,-4097
3102241025,-84,8,-5,-5,25,48,-4098
3102242025,-84,6,0,-1,41,29,-4097
3102243025,-84,1,-1,-5,30,42,-4085
3102244025,-84,5,-2,-4,36,38,-4091
3102245025,-84,-1,-9,-5,33,33,-4089
3102246025,-84,6,-4,-9,30,43,-4096
3102247025,-84,9,-8,-10,28,37,-4097
3102248025,-84,7,1,-10,23,42,-4092
3102249025,-84,8,-3,-10,38,36,-4090
3102250025,-84,2,-6,-8,22,68,-4096
3102251025,-84,5,-2,-6,25,68,-4093
3102252025,-84,7,-4,-8,29,54,-4099
3102253025,-84,6,-5,-4,37,43,-4093
3102254025,-84,14,-3,0,25,56,-4088
3102255025,-84,8,-2,-5,24,50,-4083
3102256025,-84,5,0,-7,44,50,-4075
3102257025,-84,-1,2,-2,28,43,-4082
3102258025,-84,5,-2,-7,29,54,-4078
3102259025,-84,2,-3,-8,29,54,-4082
3102260025,-84,9,-13,-9,44,52,-4089
3102261025,-84,5,-7,-10,34,49,-4087
3102262025,-84,0,-5,-7,32,60,-4091
3102263025,-84,4,0,-7,48,30,-4084
3102264025,-84,9,0,-8,30,46,-4085
3102265025,-84,2,-11,-5,51,39,-4085
3102266025,-84,6,-5,-7,26,50,-4089
3102267025,-84,6,-8,-3,45,48,-4096
3102268025,-84,12,-12,-10,43,49,-4083
3102269025,-84,8,-8,-3,41,30,-4085
3102270025,-84,5,-1,-5,38,45,-4085
3102271025,-84,1,-9,-6,42,39,-4107
3102272025,-84,3,2,-10,38,42,-4082
3102273025,-84,4,-2,-7,41,52,-4102
3102274025,-84,1,-7,-9,31,55,-4082
3102275025,-84,3,-4,-7,51,40,-4089
3102276025,-84,0,-3,-6,40,29,-4085
3102277025,-84,0,-6,-8,54,36,-4107
3102278025,-84,8,-3,-11,29,48,-4069
3102279025,-84,0,-10,-5,37,51,-4094
3102280025,-84,-3,1,-3,38,53,-4092
3102281025,-84,9,-2,-6,39,32,-4088
3102282025,-84,11,-7,-2,26,46,-4093
3102283025,-84,2,-4,-7,53,44,-4092
3102284025,-84,7,-8,-8,37,33,-4086
3102285025,-84,-1,-1,-8,17,34,-4074
3102286025,-84,6,-3,-7,29,55,-4092
3102287025,-84,4,-9,-11,53,59,-4094
3102288025,-84,-1,-4,-1,47,38,-4084
3102289025,-84,4,1,-11,45,53,-4088
3102290025,-84,5,-8,-4,40,64,-4072
3102291025,-84,6,-2,-1,43,46,-4079
3102292025,-84,6,-1,-2,26,44,-4095
3102293025,-84,6,1,-3,35,61,-4091
3102294025,-84,3,1,-5,34,45,-4089
3102295025,-84,6,-4,-9,45,45,-4077
3102296025,-84,5,-3,-11,49,32,-4102
3102297025,-84,1,-4,-8,35,52,-4090
3102298025,-84,10,-6,-5,42,34,-4106
3102299025,-84,5,0,-4,38,38,-4091
3102300025,-84,10,-8,-4,46,32,-4107
3102301025,-84,4,-6,-7,35,44,-4096
3102302025,-84,-2,-5,-8,32,31,-4088
3102303025,-84,1,-4,-4,28,31,-4086
3102304025,-84,4,-4,-4,25,33,-4095
3102305025,-84,2,-7,-3,27,30,-4105
3102306025,-84,8,-4,-5,46,40,-4090
3102307025,-84,5,-6,-10,47,44,-4096
3102308025,-84,6,-3,-8,46,39,-4107
3102309025,-84,9,-5,-13,32,44,-4089
3102310025,-84,5,1,-11,34,37,-4065
3102311025,-84,5,-6,-6,38,56,-4082
3102312025,-84,6,-3,-8,36,63,-4100
3102313025,-84,7,-5,-8,14,31,-4092
3102314025,-84,7,-3,-6,33,44,-4092
3102315025,-84,4,-3,-6,30,42,-4086
3102316025,-84,3,-4,-5,37,48,-4090
3102317025,-84,1,1,-5,50,43,-4083
3102318025,-84,1,-1,-7,33,43,-4112
3102319025,-84,4,-8,-13,31,38,-4087
3102320025,-84,5,-1,-10,39,21,-4105
3102321025,-84,7,-6,-16,37,33,-4076
3102322025,-84,1,-4,-14,40,53,-4101
3102323025,-84,1,-3,-10,31,34,-4092
3102324025,-84,3,-5,-5,24,21,-4088
3102325025,-84,2,-4,-7,42,33,-4093
3102326025,-84,6,-3,-12,26,43,-4080
3102327025,-84,11,-11,-13,20,28,-4093
3102328025,-84,4,2,-6,26,50,-4062
3102329025,-84,2,-2,-9,32,36,-4088
3102330025,-84,3,-3,-12,51,41,-4093
3102331025,-84,5,7,-3,34,39,-4097
3102332025,-84,5,-4,-7,39,34,-4104
3102333025,-84,3,-4,-9,40,47,-4096
3102334025,-84,-1,-11,-7,38,49,-4099
3102335025,-84,5,-2,-9,48,49,-4087
3102336025,-84,6,-3,-6,28,44,-4096
3102337025,-84,6,-8,-11,28,56,-4093
3102338025,-84,1,-5,-8,35,51,-4087
3102339025,-84,3,1,-2,37,47,-4091
3102340025,-84,6,-10,-11,38,39,-4101
3102341025,-84,5,-5,-6,35,45,-4085
3102342025,-84,7,-1,-7,37,49,-4090
3102343025,-84,8,-5,-11,33,44,-4094
3102344025,-84,4,1,-6,28,32,-4095
3102345025,-84,7,-4,-9,40,48,-4093
3102346025,-84,9,-2,-11,39,38,-4090
3102347025,-84,5,-3,-8,36,53,-4085
3102348025,-84,5,-1,-5,29,52,-4074
3102349025,-84,6,0,-8,33,54,-4088
3102350025,-84,0,-4,-9,34,56,-4084
3102351025,-84,7,-3,-4,36,38,-4097
3102352025,-84,5,-2,-10,22,49,-4084
3102353025,-84,2,-1,-8,33,61,-4090
3102354025,-84,8,-8,-7,49,49,-4078
3102355025,-84,-2,1,-6,35,40,-4084
3102356025,-84,2,-1,-6,32,28,-4071
3102357025,-84,2,-5,-5,28,52,-4084
3102358025,-84,0,-2,-6,48,31,-4085
3102359025,-84,5,-7,-11,50,36,-4071
3102360025,-84,9,0,-11,41,22,-4089
3102361025,-84,6,-4,-10,20,44,-4088
3102362025,-84,2,-4,-5,38,46,-4086
3102363025,-84,3,-1,-6,40,35,-4080
3102364025,-84,2,-4,-5,29,26,-4100
3102365025,-84,1,-7,-6,45,37,-4094
3102366025,-84,7,-1,-10,36,38,-4088
3102367025,-84,5,0,-6,36,35,-4087
3102368025,-84,4,-4,-12,24,38,-4082
3102369025,-84,5,-7,-15,23,51,-4077
3102370025,-84,7,-6,-11,44,41,-4085
3102371025,-84,4,-7,-6,29,23,-4087
3102372025,-84,4,-7,-9,51,33,-4105
3102373025,-84,6,-2,-7,32,60,-4099
3102374025,-84,3,-1,-6,35,30,-4077
3102375025,-84,6,-5,-6,18,31,-4086
3102376025,-84,2,-1,-8,15,30,-4109
3102377025,-84,5,-6,-5,32,50,-4087
3102378025,-84,0,-3,-8,41,50,-4104
3102379025,-84,-3,-2,-7,48,39,-4074
3102380025,-84,8,-4,-10,31,45,-4089
3102381025,-84,5,-7,-8,45,51,-4074
3102382025,-84,8,-9,-11,39,50,-4070
3102383025,-84,5,-5,-5,35,58,-4090
3102384025,-84,5,-7,-9,38,50,-4085
3102385025,-84,4,-2,-1,35,56,-4073
3102386025,-84,6,-9,-6,22,48,-4083
3102387025,-84,4,-4,-6,27,50,-4081
3102388025,-84,4,-6,-6,24,51,-4078
3102389025,-84,6,-3,-6,29,50,-4089
3102390025,-84,-1,-2,-9,25,47,-4092
3102391025,-84,8,-4,-9,34,46,-4086
3102392025,-84,5,-4,-10,37,45,-4099
3102393025,-84,3,-2,-7,46,58,-4088
3102394025,-84,2,1,-4,23,44,-4093
3102395025,-84,3,0,-2,45,34,-4092
3102396025,-84,8,-6,-7,41,42,-4083
3102397025,-84,4,-2,2,28,51,-4085
3102398025,-84,6,-2,-3,29,60,-4083
3102399025,-84,7,-1,-7,40,58,-4075
3102400025,-84,4,-3,-2,37,66,-4080
3102401025,-84,1,-4,-7,33,45,-4090
3102402025,-84,7,-9,-1,14,45,-4079
3102403025,-84,4,-5,-6,4,39,-4100
3102404025,-84,7,-3,-8,-7,50,-4100
3102405025,-84,2,-2,-5,35,40,-4096
3102406025,-84,5,-2,-6,35,35,-4093
3102407025,-84,4,-5,-7,33,57,-4092
3102408025,-84,0,3,-6,54,51,-4092
3102409025,-84,7,-9,-7,16,54,-4090
3102410025,-84,7,-6,-1,1,50,-4102
3102411025,-84,4,-3,-4,-1,50,-4088
3102412025,-84,9,-6,-6,12,41,-4072
3102413025,-84,0,3,-3,25,44,-4083
3102414025,-84,6,-6,-9,15,35,-4087
3102415025,-84,-1,-12,-14,16,23,-4065
3102416025,-84,2,-10,-9,-117,61,-4085
3102417025,-84,2,-10,-6,-253,116,-4004
3102418025,-84,8,0,-3,-180,86,-4050
3102419025,-84,3,7,-8,-121,69,-4102
3102420025,-84,7,2,-7,28,39,-4105
3102421025,-84,4,-3,-6,-12,60,-4153
3102422025,-84,2,2,-8,15,56,-4174
3102423025,-84,6,-4,-12,30,15,-4122
3102424025,-84,3,4,-8,44,-19,-4119
3102425025,-84,1,5,-7,85,14,-4105
3102426025,-84,4,2,-13,71,61,-4105
3102427025,-84,3,3,-10,90,67,-4084
3102428025,-84,7,0,-7,119,47,-4096
3102429025,-84,4,-7,-12,105,19,-4089
3102430025,-83,9,-6,-10,114,40,-4092
3102431025,-83,5,-12,-16,104,35,-4074
3102432025,-83,7,-6,-11,82,50,-4066
3102433025,-83,5,-4,-10,68,53,-4072
3102434025,-83,11,-7,-7,50,42,-4065
3102435025,-83,2,-2,-4,54,21,-4085
3102436025,-83,2,-2,-10,57,29,-4083
3102437025,-83,1,-7,-6,62,43,-4087
3102438025,-83,2,-11,-9,67,46,-4100
3102439025,-82,6,-7,-10,66,47,-4091
3102440025,-82,5,3,-6,64,38,-4104
3102441025,-82,8,-12,-13,52,46,-4109
3102442025,-82,3,-5,-12,60,39,-4105
3102443025,-82,4,2,-13,52,31,-4096
3102444025,-82,4,-3,-10,73,28,-4118
3102445025,-82,5,-2,-12,63,32,-4105
3102446025,-82,5,-6,-11,60,42,-4109
3102447025,-81,0,-6,-14,58,23,-4116
3102448025,-81,-3,-3,-7,41,26,-4100
3102449025,-81,6,-2,-11,52,37,-4093
3102450025,-81,7,-2,-8,42,24,-4096
3102451025,-81,7,2,-14,39,27,-4098
3102452025,-81,3,-6,-13,36,48,-4091
3102453025,-81,2,-2,-13,23,47,-4089
3102454025,-81,2,-3,-10,31,48,-4079
3102455025,-81,9,-11,-13,21,56,-4091
3102456025,-81,9,-7,-10,19,53,-4063
3102457025,-81,8,-6,-11,13,56,-4091
3102458025,-81,6,3,-4,27,52,-4087
3102459025,-81,-1,1,-10,25,34,-4090
3102460025,-81,2,-2,-6,36,32,-4082
3102461025,-81,5,-1,-7,11,32,-4086
3102462025,-81,2,-2,-11,15,33,-4085
3102463025,-81,1,-1,-9,38,29,-4081
3102464025,-82,0,-2,-10,21,28,-4110
3102465025,-82,2,2,-12,28,28,-4100
3102466025,-82,2,-6,-8,29,22,-4099
3102467025,-82,1,-3,-8,36,41,-4096
3102468025,-82,1,-5,-9,35,38,-4080
3102469025,-82,4,-6,-14,31,48,-4082
3102470025,-82,0,-6,-6,45,36,-4090
3102471025,-82,6,-8,-8,55,39,-4092
3102472025,-82,2,1,-4,61,42,-4091
3102473025,-82,14,-13,-8,48,43,-4095
3102474025,-82,9,-11,-10,41,69,-4098
3102475025,-82,8,2,-7,31,53,-4092
3102476025,-82,7,-5,-11,36,65,-4087
3102477025,-82,-3,1,-9,32,51,-4099
3102478025,-82,11,-4,-9,26,49,-4089
3102479025,-81,9,-5,-13,30,38,-4084
3102480025,-81,4,-7,-16,17,51,-4073
3102481025,-81,3,0,-14,22,46,-4083
3102482025,-81,5,-5,-8,30,59,-4082
3102483025,-81,1,-1,-8,33,57,-4086
3102484025,-81,8,-5,-11,9,65,-4083
3102485025,-81,6,-4,-13,26,64,-4072
3102486025,-81,3,0,-13,28,52,-4104
3102487025,-81,9,-2,-13,33,54,-4081
3102488025,-81,4,-4,-9,28,50,-4101
3102489025,-80,0,-3,-12,31,51,-4109
3102490025,-80,4,-2,-12,17,57,-4092
3102491025,-80,1,2,-11,39,52,-4078
3102492025,-80,3,-6,-16,37,50,-4083
3102493025,-80,4,2,-10,28,52,-4079
3102494025,-80,3,0,-15,40,42,-4080
3102495025,-80,2,-3,-10,35,55,-4089
3102496025,-80,9,1,-12,34,44,-4090
3102497025,-80,6,-7,-7,32,60,-4103
3102498025,-80,7,-3,-15,38,53,-4094
3102499025,-79,1,-6,-11,41,61,-4090
3102500025,-79,7,-6,-11,41,62,-4096
3102501025,-79,4,-1,-12,48,56,-4086
3102502025,-79,3,-4,-11,48,54,-4088
3102503025,-79,4,-2,-8,67,42,-4079
3102504025,-79,0,2,-11,51,44,-4096
3102505025,-79,2,-1,-11,49,39,-4065
3102506025,-79,4,-3,-8,55,44,-4063
3102507025,-79,3,2,-8,47,42,-4083
3102508025,-79,10,-9,-13,56,48,-4093
3102509025,-79,10,1,-7,52,52,-4086
3102510025,-79,1,-5,-7,44,50,-4079
3102511025,-79,2,-3,-12,51,52,-4092
3102512025,-79,8,-2,-9,48,47,-4106
3102513025,-79,6,3,-9,38,39,-4097
3102514025,-79,-1,-1,-10,47,47,-4086
3102515025,-79,-1,-4,-9,60,38,-4084
3102516025,-79,5,-7,-10,46,46,-4071
3102517025,-79,0,-1,-12,67,42,-4072
3102518025,-79,4,-3,-9,56,43,-4082
3102519025,-79,4,-11,-8,69,45,-4087
3102520025,-79,7,-1,-6,65,52,-4095
3102521025,-79,7,-2,-4,64,48,-4099
3102522025,-79,0,-2,-8,51,44,-4091
3102523025,-79,-2,0,-2,69,53,-4103
3102524025,-79,6,-9,-10,61,52,-4086
3102525025,-79,6,-1,-16,54,30,-4088
3102526025,-79,4,-6,-15,50,54,-4067
3102527025,-79,-2,2,-7,63,44,-4076
3102528025,-79,1,-4,-7,79,28,-4086
3102529025,-79,4,-12,-8,63,44,-4098
3102530025,-79,1,-1,-6,60,56,-4086
3102531025,-79,6,-5,-6,67,53,-4086
3102532025,-79,8,-2,-6,47,48,-4085
3102533025,-78,0,-1,-4,55,59,-4093
3102534025,-78,8,-2,-5,51,44,-4088
3102535025,-78,11,-5,-10,45,44,-4089
3102536025,-78,6,-5,-8,48,39,-4090
3102537025,-78,4,-7,-7,58,51,-4102
3102538025,-78,4,-3,-8,28,32,-4084
3102539025,-78,4,3,-10,47,35,-4078
3102540025,-78,3,-6,-9,60,29,-4085
3102541025,-78,4,-4,-4,38,35,-4080
3102542025,-78,2,-9,-9,49,37,-4081
3102543025,-78,7,-4,-4,37,51,-4100
3102544025,-78,5,-2,-8,32,62,-4092
3102545025,-78,6,-4,-7,46,48,-4083
3102546025,-78,2,-4,-9,45,43,-4108
3102547025,-78,1,-3,-6,39,43,-4088
3102548025,-78,13,-10,-9,31,45,-4080
3102549025,-78,9,-4,-8,43,45,-4088
3102550025,-78,4,-3,-5,41,42,-4071
3102551025,-78,8,-9,-14,38,37,-4083
3102552025,-78,5,-7,-9,42,39,-4079
3102553025,-78,9,-6,-6,60,55,-4073
3102554025,-78,1,-6,-6,38,57,-4079
3102555025,-78,0,-1,-8,43,45,-4086
3102556025,-78,8,-7,-7,36,46,-4100
3102557025,-78,1,-1,-3,24,49,-4108
3102558025,-78,5,2,-2,31,56,-4101
3102559025,-78,12,-5,-6,26,62,-4111
3102560025,-78,9,-1,-6,31,55,-4094
3102561025,-78,7,-6,-6,33,48,-4081
3102562025,-78,7,-5,-7,34,34,-4094
3102563025,-78,0,-6,-7,62,50,-4087
3102564025,-78,9,-7,-7,38,50,-4098
3102565025,-78,-1,3,-8,41,65,-4092
3102566025,-78,0,-7,-7,39,59,-4083
3102567025,-78,9,-8,-6,26,51,-4107
3102568025,-78,3,-2,-9,44,56,-4091
3102569025,-78,4,-6,-8,28,54,-4095
3102570025,-78,3,-3,-7,19,54,-4094
3102571025,-78,5,-5,-9,36,47,-4091
3102572025,-78,9,-7,-7,17,46,-4066
3102573025,-78,3,-1,-3,30,43,-4071
3102574025,-78,5,-8,-5,49,41,-4087
3102575025,-78,4,-2,-5,29,52,-4083
3102576025,-78,1,-1,-3,40,54,-4091
3102577025,-78,3,-5,-6,39,33,-4095
3102578025,-78,7,-6,-8,32,51,-4109
3102579025,-78,0,2,-3,28,51,-4097
3102580025,-78,7,-6,-8,38,35,-4088
3102581025,-78,3,-5,-13,33,48,-4091
3102582025,-78,4,-5,-1,35,45,-4073
3102583025,-78,4,-8,-3,31,48,-4091
3102584025,-78,5,-4,-6,40,28,-4096
3102585025,-78,6,-7,-4,26,48,-4078
3102586025,-78,5,-2,-5,25,41,-4094
3102587025,-78,7,-1,-4,28,60,-4079
3102588025,-78,4,-2,-5,38,42,-4082
3102589025,-78,5,1,-7,42,53,-4080
3102590025,-78,2,1,-8,26,49,-4097
3102591025,-78,5,-4,-10,38,63,-4082
3102592025,-78,11,0,-5,50,64,-4084
3102593025,-78,5,-5,-11,33,40,-4081
3102594025,-78,1,-6,-7,44,48,-4086
3102595025,-78,4,-2,-2,45,36,-4092
3102596025,-78,3,-5,-3,39,29,-4081
3102597025,-78,7,-3,-5,38,39,-4078
3102598025,-78,9,-3,-6,27,50,-4070
3102599025,-78,2,-9,-4,31,59,-4090
3102600025,-78,2,-2,-4,31,30,-4090
3102601025,-78,8,-3,-9,38,52,-4094
3102602025,-78,11,-4,-5,23,52,-4091
3102603025,-78,3,-1,-5,27,30,-4094
3102604025,-78,4,-4,-4,14,38,-4083
3102605025,-78,8,-1,-2,35,58,-4093
3102606025,-78,10,-8,-9,55,36,-4085
3102607025,-78,9,-8,-4,50,42,-4080
3102608025,-78,3,-9,-4,49,40,-4087
3102609025,-78,2,-1,0,47,40,-4084
3102610025,-78,3,-6,-1,28,26,-4072
3102611025,-78,6,-2,2,54,61,-4079
3102612025,-79,5,-1,-1,41,41,-4088
3102613025,-79,3,-6,-4,47,49,-4100
3102614025,-79,9,-8,-6,46,44,-4086
3102615025,-79,4,-2,-9,56,58,-4079
3102616025,-79,2,-5,-3,33,47,-4081
3102617025,-79,6,-8,-4,40,49,-4091
3102618025,-79,9,-9,-6,39,47,-4078
3102619025,-79,10,3,-7,39,55,-4092
3102620025,-79,7,-9,-10,47,47,-4093
3102621025,-79,4,-2,1,48,42,-4077
3102622025,-79,0,-6,-9,32,43,-4097
3102623025,-79,3,1,-4,45,52,-4103
3102624025,-79,3,1,-4,47,34,-4109
3102625025,-79,-1,-3,-6,45,48,-4105
3102626025,-79,1,-4,-9,24,39,-4096
3102627025,-79,3,0,-11,15,43,-4096
3102628025,-79,4,-5,-4,32,33,-4088
3102629025,-79,0,-4,-9,16,46,-4090
3102630025,-79,6,-4,-5,36,35,-4074
3102631025,-79,11,-5,-8,43,28,-4076
3102632025,-79,1,0,-4,32,26,-4076
3102633025,-79,8,-2,-5,38,39,-4086
3102634025,-79,2,-2,-7,41,45,-4088
3102635025,-79,4,-4,-10,31,47,-4077
3102636025,-79,-2,-6,-1,46,39,-4106
3102637025,-79,4,0,-10,38,44,-4103
3102638025,-79,1,-2,-9,29,44,-4092
3102639025,-79,11,-3,-10,34,32,-4098
3102640025,-79,9,0,-11,17,40,-4072
3102641025,-79,9,-6,-7,28,33,-4078
3102642025,-79,4,1,-6,31,29,-4098
3102643025,-79,0,0,-4,40,38,-4080
3102644025,-79,5,-5,-3,31,31,-4087
3102645025,-79,1,-3,-1,29,40,-4090
3102646025,-79,6,-3,-5,44,56,-4080
3102647025,-79,2,-4,-4,30,36,-4092
3102648025,-79,3,-3,-3,18,51,-4086
3102649025,-79,5,-6,-7,34,55,-4089
3102650025,-79,7,-5,-6,40,47,-4076
3102651025,-79,4,1,-5,34,36,-4101
3102652025,-79,4,-5,-5,31,45,-4096
3102653025,-79,1,-6,-4,37,28,-4087
3102654025,-79,3,-4,-7,42,44,-4088
3102655025,-79,0,-3,-4,39,39,-4089
3102656025,-79,0,-7,-4,46,43,-4079
3102657025,-79,5,-9,-3,40,55,-4102
3102658025,-79,8,-5,-1,21,45,-4106
3102659025,-79,9,-5,-12,23,57,-4087
3102660025,-79,6,-4,-2,37,47,-4104
3102661025,-79,7,1,-5,19,58,-4100
3102662025,-79,8,-6,-7,31,43,-4094
3102663025,-79,7,-5,-9,32,39,-4090
3102664025,-79,4,3,-6,28,49,-4084
3102665025,-79,-2,0,-8,27,34,-4082
3102666025,-79,4,0,-5,27,47,-4092
3102667025,-79,-1,-4,-10,29,47,-4075
3102668025,-79,3,-1,-5,43,41,-4089
3102669025,-79,6,-4,-5,54,50,-4087
3102670025,-79,2,-5,-3,37,54,-4096
3102671025,-79,6,-4,-3,49,56,-4074
3102672025,-79,6,-5,-7,46,63,-4075
3102673025,-79,4,1,-2,43,49,-4076
3102674025,-79,10,-7,-5,42,53,-4090
3102675025,-79,6,-1,-10,32,39,-4083
3102676025,-79,6,-7,-7,34,46,-4084
3102677025,-79,-1,-8,-5,25,41,-4093
3102678025,-79,9,-4,-10,38,40,-4079
3102679025,-79,9,-3,-7,41,51,-4085
3102680025,-79,1,0,-5,36,38,-4085
3102681025,-79,8,-5,-2,37,49,-4101
3102682025,-79,2,-6,-5,42,44,-4092
3102683025,-79,2,-2,-5,38,48,-4083
3102684025,-79,6,-6,-5,51,51,-4087
3102685025,-79,7,-8,-1,44,45,-4089
3102686025,-79,4,-6,-1,26,45,-4079
3102687025,-79,5,-7,-10,45,45,-4074
3102688025,-79,2,-1,-4,43,47,-4073
3102689025,-79,3,-8,-9,55,51,-4085
3102690025,-79,5,-6,-7,42,49,-4088
3102691025,-79,8,-5,-5,46,39,-4092
3102692025,-79,8,-9,-11,40,43,-4090
3102693025,-79,8,-8,-9,44,44,-4096
3102694025,-79,7,-3,-7,39,44,-4098
3102695025,-79,5,-2,-5,36,33,-4105
3102696025,-79,2,1,-8,37,37,-4090
3102697025,-79,9,-11,-10,31,28,-4089
3102698025,-79,6,-4,-9,35,43,-4093
3102699025,-79,5,-4,-8,28,38,-4100
3102700025,-79,4,-7,-7,26,42,-4095
3102701025,-79,5,-2,-3,22,38,-4096
3102702025,-79,5,-2,-8,23,43,-4094
3102703025,-79,7,4,-7,38,40,-4091
3102704025,-79,7,-4,-8,32,43,-4082
3102705025,-79,6,-3,-4,40,46,-4105
3102706025,-79,5,-6,-6,31,36,-4078
3102707025,-79,-4,-2,-5,28,57,-4068
3102708025,-79,2,-3,-7,31,29,-4094
3102709025,-79,2,-3,-7,36,41,-4069
3102710025,-79,2,-10,-5,39,35,-4071
3102711025,-79,0,-8,-7,31,45,-4086
3102712025,-79,1,-3,-9,38,45,-4099
3102713025,-79,4,-5,-9,50,41,-4084
3102714025,-79,11,-3,-6,33,36,-4101
3102715025,-79,2,-2,-8,36,36,-4101
3102716025,-79,5,1,-5,33,38,-4081
3102717025,-79,4,1,-6,21,29,-4082
3102718025,-79,5,-3,-13,24,26,-4093
3102719025,-79,7,-4,-10,45,21,-4095
3102720025,-79,5,1,-6,47,39,-4079
3102721025,-79,3,-4,-1,31,34,-4080
3102722025,-79,6,-8,-9,39,36,-4083
3102723025,-79,5,-10,-9,48,43,-4081
3102724025,-79,7,-4,-11,49,30,-4076
3102725025,-79,2,-1,-10,42,39,-4089
3102726025,-79,3,-5,-11,40,37,-4096
3102727025,-79,5,-3,-9,37,38,-4097
3102728025,-79,7,-4,-12,36,42,-4101
3102729025,-79,7,-5,-7,31,33,-4088
3102730025,-79,4,-2,-8,37,31,-4086
3102731025,-79,-4,0,-6,46,37,-4092
3102732025,-79,1,-2,-6,44,40,-4080
3102733025,-79,2,-5,-7,36,34,-4078
3102734025,-79,7,-2,-3,42,33,-4091
3102735025,-79,4,-4,-4,35,24,-4071
3102736025,-79,2,-3,-8,38,52,-4092
3102737025,-79,5,-2,-6,38,42,-4101
3102738025,-79,8,-3,-12,21,60,-4099
3102739025,-79,2,-1,-6,31,45,-4098
3102740025,-79,7,-4,-7,39,40,-4100
3102741025,-79,7,-6,-10,27,45,-4090
3102742025,-79,6,-2,-12,13,32,-4092
3102743025,-79,5,-4,-9,23,23,-4092
3102744025,-79,1,0,-9,23,19,-4075
3102745025,-79,6,-8,-9,36,41,-4079
3102746025,-79,2,-8,-8,29,39,-4087
3102747025,-79,2,-2,-2,43,39,-4101
3102748025,-79,8,-6,-8,42,46,-4076
3102749025,-79,9,0,-10,48,52,-4093
3102750025,-79,5,-5,-6,44,45,-4091
3102751025,-79,4,-8,-12,35,51,-4093
3102752025,-79,1,0,-8,39,45,-4088
3102753025,-79,6,-5,-10,38,29,-4092
3102754025,-79,3,-4,-12,46,25,-4071
3102755025,-79,7,2,-11,41,24,-4084
3102756025,-79,4,-9,-10,50,41,-4072
3102757025,-79,1,-5,-11,45,41,-4075
3102758025,-79,4,-8,-12,37,47,-4073
3102759025,-79,4,-4,-6,40,38,-4082
3102760025,-79,-2,4,-7,42,46,-4100
3102761025,-79,2,-5,-7,30,43,-4089
3102762025,-79,4,-4,-5,35,43,-4089
3102763025,-79,7,-5,-15,37,59,-4093
3102764025,-79,7,-4,-8,39,36,-4101
3102765025,-79,5,-2,-9,35,45,-4096
3102766025,-79,7,-4,-10,40,45,-4085
3102767025,-79,6,-5,-8,41,41,-4083
3102768025,-79,7,-3,-10,42,48,-4096
3102769025,-79,8,-6,-12,35,60,-4095
3102770025,-79,4,-2,-13,39,56,-4098
3102771025,-79,7,0,-10,33,49,-4093
3102772025,-79,1,-7,-9,55,44,-4076
3102773025,-79,2,-7,-9,39,60,-4096
3102774025,-79,2,-1,-11,63,68,-4076
3102775025,-79,9,-3,-15,48,60,-4091
3102776025,-79,5,-7,-9,25,47,-4070
3102777025,-79,7,-6,-7,32,40,-4088
3102778025,-79,7,-2,-7,41,40,-4084
3102779025,-79,0,-2,-9,49,33,-4091
3102780025,-79,5,-8,-7,42,47,-4099
3102781025,-79,6,-2,-10,42,45,-4088
3102782025,-79,4,-1,-6,39,53,-4098
3102783025,-79,3,-4,-7,36,47,-4082
3102784025,-79,4,1,-9,39,39,-4096
3102785025,-79,5,-5,-11,43,39,-4092
3102786025,-79,-5,0,-11,40,28,-4088
3102787025,-79,4,-5,-12,48,22,-4084
3102788025,-79,7,-4,-12,43,27,-4086
3102789025,-79,9,-2,-14,39,29,-4070
3102790025,-79,4,-1,-9,41,51,-4090
3102791025,-79,9,-1,-10,56,34,-4080
3102792025,-79,1,2,-12,25,51,-4089
3102793025,-79,9,-7,-9,37,40,-4100
3102794025,-79,1,0,-8,32,35,-4099
3102795025,-79,13,1,-7,28,39,-4101
3102796025,-79,6,-5,-13,26,33,-4102
3102797025,-79,4,6,-8,22,36,-4077
3102798025,-79,7,-4,-10,34,43,-4088
3102799025,-79,3,0,-7,44,39,-4087
3102800025,-79,9,0,-6,40,50,-4078
3102801025,-79,1,-8,-8,38,51,-4089
3102802025,-79,1,-5,-9,28,37,-4082
3102803025,-79,1,-2,-7,25,53,-4094
3102804025,-79,4,0,-6,34,49,-4112
3102805025,-79,5,-1,-9,22,60,-4104
3102806025,-79,5,-6,-13,42,52,-4099
3102807025,-79,2,-3,-12,48,51,-4098
3102808025,-79,-3,0,-8,34,58,-4093
3102809025,-79,7,-7,-7,37,36,-4091
3102810025,-79,2,-5,-4,45,39,-4078
3102811025,-79,5,0,-5,25,46,-4074
3102812025,-79,12,-3,-7,35,31,-4092
3102813025,-79,3,-2,-9,48,50,-4108
3102814025,-79,2,-8,-7,41,37,-4090
3102815025,-79,4,0,-3,42,40,-4085
3102816025,-79,1,1,-6,18,28,-4104
3102817025,-79,2,-4,-5,29,34,-4080
3102818025,-79,7,-1,-8,31,54,-4086
3102819025,-79,6,-4,-11,32,39,-4072
3102820025,-79,7,3,-4,50,31,-4089
3102821025,-79,8,2,-8,40,37,-4090
3102822025,-79,2,-3,-10,25,49,-4067
3102823025,-79,8,-6,-5,60,46,-4078
3102824025,-79,1,2,-6,46,36,-4076
3102825025,-79,8,-6,-9,44,42,-4101
3102826025,-79,4,-1,-6,55,47,-4101
3102827026,-79,4,-4,-4,30,39,-4091
3102828027,-79,4,-3,-6,48,45,-4088
3102829025,-79,-1,0,-7,28,44,-4096
3102830025,-79,-2,-2,-9,41,54,-4114
3102831025,-79,1,-6,-2,42,57,-4095
3102832025,-79,4,-5,-3,30,49,-4107
3102833025,-79,5,-10,-2,32,55,-4096
3102834025,-79,4,-1,-8,27,48,-4090
3102835025,-79,10,0,-4,24,46,-4084
3102836025,-79,8,-4,-2,25,45,-4098
3102837025,-79,4,-5,-7,35,38,-4078
3102838025,-79,6,0,-5,36,59,-4067
3102839025,-79,5,-3,-8,16,66,-4057
3102840025,-79,4,-5,-4,41,70,-4084
3102841025,-79,6,-3,-7,26,60,-4091
3102842025,-79,3,1,-5,25,56,-4098
3102843025,-79,3,-3,-6,17,42,-4074
3102844025,-79,3,-4,-13,41,50,-4075
3102845025,-79,4,1,-1,27,39,-4098
3102846025,-79,2,-3,-1,20,55,-4103
3102847025,-79,5,5,2,38,56,-4089
3102848025,-79,3,4,-3,24,56,-4092
3102849025,-79,1,-2,-5,37,64,-4111
3102850025,-79,2,-1,-3,49,65,-4100
3102851025,-79,9,-3,2,44,48,-4110
3102852025,-79,3,-1,-5,25,58,-4101
3102853025,-79,4,-4,-10,33,33,-4087
3102854025,-79,5,-2,-5,15,36,-4100
3102855025,-79,7,-4,-1,41,27,-4077
3102856025,-79,2,1,-3,40,28,-4081
3102857025,-79,6,-5,2,50,55,-4088
3102858025,-79,5,4,-3,38,44,-4067
3102859025,-79,3,-2,0,49,44,-4092
3102860025,-79,6,-4,-2,40,34,-4081
3102861025,-79,6,1,0,31,51,-4087
3102862025,-79,14,-5,2,28,36,-4077
3102863025,-79,-1,-1,2,39,39,-4085
3102864025,-79,5,3,-2,58,54,-4079
3102865025,-79,9,2,-2,34,54,-4096
3102866025,-79,0,1,-4,18,33,-4106
3102867025,-80,4,2,-9,3,53,-4094
3102868025,-80,4,-1,-6,37,39,-4069
3102869025,-80,7,4,-10,57,29,-4087
3102870025,-80,-4,3,-5,77,29,-4082
3102871025,-80,6,-2,-6,32,41,-4103
3102872025,-80,8,4,-4,7,50,-4081
3102873025,-80,4,2,-3,3,52,-4060
3102874025,-80,3,0,4,-43,102,-4129
3102875025,-80,10,-2,3,-99,201,-4039
3102876025,-80,10,-1,-1,-11,92,-4112
3102877025,-80,4,7,-3,100,26,-4133
3102878025,-80,7,-9,-2,83,7,-4103
3102879025,-80,3,-2,-1,33,4,-4132
3102880025,-80,2,1,-5,34,-32,-4126
3102881025,-80,-1,3,-1,55,4,-4094
3102882025,-80,5,3,-6,120,37,-4128
3102883025,-80,5,1,-6,97,57,-4100
3102884025,-80,6,-4,-5,71,49,-4098
3102885025,-80,5,0,-4,34,33,-4077
3102886025,-80,7,2,-2,24,24,-4079
3102887025,-80,4,-1,-6,57,17,-4065
3102888025,-80,7,0,-7,55,45,-4067
3102889025,-80,11,0,-4,37,19,-4079
3102890025,-80,5,-4,-8,12,24,-4074
3102891025,-80,-1,2,-11,7,19,-4083
3102892025,-80,-3,-3,-7,19,28,-4087
3102893025,-80,1,1,-6,56,31,-4090
3102894025,-80,2,0,-8,59,51,-4116
3102895025,-80,3,1,0,48,75,-4113
3102896025,-80,1,6,-3,44,64,-4112
3102897025,-80,0,6,-2,42,56,-4093
3102898025,-80,0,4,0,56,34,-4097
3102899025,-80,5,1,-1,39,46,-4089
3102900025,-80,10,-3,-4,29,29,-4087
3102901025,-80,7,7,-8,51,40,-4096
3102902025,-80,2,-3,-6,36,46,-4077
3102903025,-80,5,0,-5,46,38,-4087
3102904025,-80,-4,-3,-6,37,39,-4092
3102905025,-80,4,-3,-6,24,32,-4093
3102906025,-80,3,-5,-8,7,40,-4081
3102907025,-80,-1,4,-8,23,38,-4079
3102908025,-80,2,0,-5,46,32,-4075
3102909025,-80,4,4,-6,39,57,-4100
3102910025,-80,2,2,-4,28,48,-4081
3102911025,-80,5,4,-7,38,50,-4080
3102912025,-80,0,2,-7,28,41,-4086
3102913025,-80,4,2,-9,31,54,-4097
3102914025,-80,-3,8,-12,38,41,-4092
3102915025,-80,-1,3,-13,57,57,-4089
3102916025,-80,0,3,-12,50,42,-4084
3102917025,-80,1,1,-9,46,28,-4117
3102918025,-80,1,-3,-12,44,28,-4079
3102919025,-80,-1,1,-9,44,17,-4088
3102920025,-80,-1,4,-5,49,22,-4083
3102921025,-80,5,-2,-8,31,25,-4078
3102922025,-80,1,2,-6,34,16,-4090
3102923025,-80,-4,2,-4,34,31,-4088
3102924025,-80,3,-1,-6,23,17,-4093
3102925025,-80,1,8,-6,30,41,-4082
3102926025,-80,6,-2,-8,34,38,-4078
3102927025,-80,-4,-1,-7,35,35,-4087
3102928025,-80,3,1,-11,37,28,-4097
3102929025,-80,3,3,-9,34,31,-4106
3102930025,-80,6,3,-11,42,34,-4094
3102931025,-80,7,-1,-12,42,46,-4105
3102932025,-80,7,1,-14,31,31,-4095
3102933025,-80,-1,4,-2,27,50,-4098
3102934025,-80,-3,0,-11,42,44,-4110
3102935025,-80,-3,8,-8,53,46,-4091
3102936025,-80,0,7,-6,65,38,-4077
3102937025,-80,2,1,-11,68,18,-4091
3102938025,-80,-4,1,-9,74,61,-4096
3102939025,-80,-2,0,-12,72,80,-4072
3102940025,-80,-5,1,-12,35,93,-4070
3102941025,-80,2,-1,-15,9,106,-4074
3102942025,-80,0,-2,-19,26,120,-4091
3102943025,-80,5,4,-13,35,111,-4099
3102944025,-80,0,4,-11,37,84,-4080
3102945025,-80,7,-1,-14,41,49,-4063
3102946025,-80,-1,8,-11,29,0,-4091
3102947025,-80,3,2,-8,49,12,-4069
3102948025,-80,-2,2,-12,59,20,-4056
3102949025,-80,1,8,-12,52,7,-4081
3102950025,-80,7,2,-11,67,6,-4088
3102951025,-80,1,5,-8,46,26,-4095
3102952025,-80,2,3,-12,47,30,-4102
3102953025,-80,9,-4,-13,43,11,-4089
3102954025,-80,4,4,-9,53,17,-4107
3102955025,-80,1,-1,-6,22,6,-4098
3102956025,-80,0,-2,-7,19,11,-4104
3102957025,-80,-1,1,-15,29,22,-4109
3102958025,-80,0,0,-13,22,6,-4115
3102959025,-80,0,0,-11,29,12,-4127
3102960025,-80,-5,-1,-11,33,48,-4106
3102961025,-80,-2,0,-9,30,73,-4114
3102962025,-80,2,2,-12,24,40,-4116
3102963025,-80,2,1,-7,22,61,-4133
3102964025,-80,3,9,-11,33,72,-4098
3102965025,-80,-3,9,-7,36,90,-4077
3102966025,-80,3,4,-8,36,88,-4059
3102967025,-80,2,2,-7,3,71,-4070
3102968025,-80,-4,3,-9,31,58,-4068
3102969025,-80,-3,4,-6,23,72,-4061
3102970025,-80,3,4,-8,59,67,-4060
3102971025,-80,-1,6,-7,59,74,-4068
3102972025,-80,-1,2,-10,34,68,-4074
3102973025,-80,-2,11,-9,22,74,-4094
3102974025,-80,0,10,-6,35,53,-4086
3102975025,-80,0,8,-6,69,77,-4084
3102976025,-80,-2,8,-1,44,81,-4107
3102977025,-80,1,3,-1,47,80,-4080
3102978025,-80,2,0,-4,45,76,-4062
3102979025,-80,3,2,-4,32,59,-4065
3102980025,-80,6,1,-6,24,62,-4076
3102981025,-80,2,8,-7,19,57,-4049
3102982025,-80,2,-1,-11,25,50,-4082
3102983025,-80,7,6,-5,0,51,-4096
3102984025,-80,2,8,-7,50,52,-4120
3102985025,-80,0,-1,-1,31,27,-4105
3102986025,-80,5,9,-3,-14,41,-4144
3102987025,-80,-5,4,-3,46,36,-4098
3102988025,-80,6,4,-7,50,23,-4099
3102989025,-80,-2,10,-5,34,47,-4120
3102990025,-80,6,5,-5,34,45,-4121
3102991025,-80,3,4,0,61,4,-4083
3102992025,-80,6,2,-10,64,-8,-4048
3102993025,-80,5,5,-4,89,-178,-3988
3102994025,-80,20,-10,-11,73,82,-3990
3102995025,-80,13,-8,-9,-87,-123,-4067
3102996025,-80,4,5,-9,-26,-150,-4064
3102997025,-80,-9,12,-8,83,67,-4057
3102998025,-80,2,12,-8,62,93,-4176
3102999025,-80,14,-1,-9,160,98,-4178
3103000025,-80,3,4,-4,60,31,-4133
3103001025,-80,4,2,0,7,39,-4138
3103002025,-80,8,9,-1,44,84,-4095
3103003025,-80,2,14,-2,89,130,-4071
3103004025,-80,4,2,-1,144,148,-4047
3103005025,-80,0,0,4,73,156,-4076
3103006025,-80,-2,1,1,18,176,-4054
3103007025,-80,4,1,3,20,161,-4051
3103008025,-80,2,6,6,66,183,-4056
3103009025,-80,2,-6,-2,71,169,-4059
3103010025,-80,6,-3,0,52,192,-4058
3103011025,-80,8,-2,-1,10,170,-4088
3103012025,-80,6,1,-5,16,135,-4081
3103013025,-80,2,7,-2,42,106,-4097
3103014025,-80,9,1,1,59,121,-4099
3103015025,-80,4,5,-2,87,101,-4103
3103016025,-80,1,-1,-3,76,90,-4084
3103017025,-80,6,-4,0,68,60,-4111
3103018025,-80,4,-2,-8,45,45,-4077
3103019025,-80,8,-4,-5,31,52,-4088
3103020025,-80,4,0,-7,44,78,-4065
3103021025,-80,0,8,-6,31,65,-4061
3103022025,-80,6,-5,-4,23,56,-4090
3103023025,-81,8,2,-4,23,40,-4102
3103024025,-81,2,5,-2,37,-4,-4102
3103025025,-81,-2,3,-4,28,-25,-4093
3103026025,-81,1,4,3,41,-30,-4112
3103027025,-81,0,-3,5,51,-30,-4117
3103028025,-81,7,1,3,58,-63,-4120
3103029025,-81,4,-1,3,58,-66,-4116
3103030025,-81,-1,-5,2,39,-74,-4100
3103031025,-81,2,1,3,51,-63,-4090
3103032025,-81,6,2,-4,60,-68,-4100
3103033025,-81,4,-6,-4,37,-49,-4105
3103034025,-81,6,-5,-6,30,-46,-4098
3103035025,-81,2,4,-2,11,-55,-4084
3103036025,-81,7,2,-5,3,-86,-4075
3103037025,-81,-1,-1,-13,24,-76,-4088
3103038025,-81,2,-7,-9,3,-102,-4065
3103039025,-81,5,-3,-17,-6,-113,-4048
3103040025,-81,3,-4,-20,-9,-223,-4071
3103041025,-81,8,-7,-26,-39,-229,-4041
3103042025,-82,-4,-6,-24,1,-43,-4140
3103043025,-82,-2,2,-21,47,157,-4162
3103044025,-82,9,8,-24,35,184,-4180
3103045025,-82,3,5,-24,138,209,-4079
3103046025,-82,7,-4,-27,113,188,-4103
3103047025,-82,14,6,-18,89,193,-4141
3103048025,-82,6,6,-13,96,172,-4127
3103049025,-81,3,-6,-11,109,137,-4062
3103050025,-81,5,2,-3,54,168,-4031
3103051025,-81,1,-2,2,69,173,-4004
3103052025,-81,2,-2,3,94,176,-3979
3103053025,-81,-3,-8,2,87,150,-3977
3103054025,-80,2,-10,-2,45,168,-4033
3103055025,-80,6,-16,-4,64,151,-4028
3103056025,-80,1,-14,-10,10,122,-4026
3103057025,-80,1,-15,-8,-3,91,-4085
3103058025,-80,-5,-7,-13,4,69,-4116
3103059025,-80,3,-7,-16,-6,76,-4131
3103060025,-80,4,-2,-13,23,50,-4162
3103061025,-80,5,0,-13,31,36,-4177
3103062025,-80,2,1,-13,40,18,-4171
3103063025,-80,7,0,-12,62,52,-4151
3103064025,-80,-1,4,-18,57,49,-4139
3103065025,-80,7,1,-12,50,57,-4118
3103066025,-80,5,1,-14,24,54,-4082
3103067025,-80,-1,-1,-9,17,31,-4068
3103068025,-80,9,-4,-15,34,37,-4064
3103069025,-80,0,-2,-10,30,16,-4046
3103070025,-80,-4,-3,-11,65,10,-4035
3103071025,-80,1,0,-6,63,20,-4047
3103072025,-80,1,-4,-7,75,10,-4058
3103073025,-80,0,-7,-3,53,1,-4073
3103074025,-80,2,-7,-1,68,-7,-4075
3103075025,-80,2,-10,0,67,2,-4079
3103076025,-80,4,-3,-2,80,-12,-4085
3103077025,-80,2,-4,-4,75,-1,-4091
3103078025,-80,4,-6,-2,77,-14,-4097
3103079025,-80,1,-5,-2,46,16,-4097
3103080025,-80,-1,-9,-7,49,25,-4105
3103081025,-80,2,-10,-4,32,4,-4094
3103082025,-80,4,-3,-7,18,12,-4100
3103083025,-80,2,-7,-7,8,19,-4096
3103084025,-80,1,-1,-5,34,32,-4085
3103085025,-80,-4,-3,-5,22,55,-4079
3103086025,-81,-2,0,-5,44,61,-4089
3103087025,-81,-1,-5,-7,29,64,-4084
3103088025,-81,1,-2,-10,29,76,-4093
3103089025,-81,2,1,-9,35,100,-4104
3103090025,-81,-1,-2,-6,34,88,-4094
3103091025,-81,-4,-5,-11,38,90,-4106
3103092025,-81,3,-2,-8,51,96,-4094
3103093025,-81,0,-3,-4,58,88,-4100
3103094025,-81,3,-5,-5,53,88,-4094
3103095025,-81,-2,-1,-3,53,76,-4084
3103096025,-81,2,-3,-4,48,68,-4079
3103097025,-81,-2,-10,-6,45,67,-4086
3103098025,-81,-2,1,-7,55,68,-4083
3103099025,-81,-1,-9,-11,52,67,-4074
3103100025,-81,1,-6,-10,45,40,-4082
3103101025,-81,-2,1,-6,26,41,-4072
3103102025,-80,2,-3,-8,48,40,-4088
3103103025,-80,-3,-8,-6,13,25,-4084
3103104025,-80,5,-4,-10,19,16,-4075
3103105025,-80,2,-5,-4,32,17,-4092
3103106025,-80,6,-6,-7,33,19,-4122
3103107025,-80,4,-8,-9,42,14,-4096
3103108025,-80,-1,1,-10,46,4,-4099
3103109025,-80,3,-3,-5,44,20,-4112
3103110025,-80,-2,-4,-8,43,5,-4086
3103111025,-80,-6,-3,-3,48,26,-4090
3103112025,-80,5,-2,-9,63,38,-4093
3103113025,-80,1,-7,-9,34,20,-4101
3103114025,-80,-1,-4,-9,50,46,-4088
3103115025,-80,-4,-6,-11,47,40,-4091
3103116025,-80,-1,-5,-5,45,44,-4065
3103117025,-80,-2,0,-6,39,33,-4072
3103118025,-80,1,-9,-8,44,41,-4081
3103119025,-80,1,-3,-4,37,40,-4077
3103120025,-80,-1,-2,-7,51,52,-4077
3103121025,-80,-1,-8,-6,37,61,-4086
3103122025,-80,-6,-2,-7,38,64,-4083
3103123025,-80,-1,-7,-1,50,62,-4083
3103124025,-80,-2,-7,-8,35,58,-4089
3103125025,-80,-1,-1,-4,47,49,-4093
3103126025,-80,-1,-5,-4,42,61,-4092
3103127025,-80,1,-3,-6,37,60,-4086
3103128025,-80,1,-3,-6,42,69,-4087
3103129025,-80,3,-7,-6,51,57,-4097
3103130025,-80,1,-4,-7,42,57,-4091
3103131025,-80,-2,1,-8,45,46,-4086
3103132025,-80,7,-9,-7,47,61,-4076
3103133025,-80,-2,-8,-9,44,52,-4083
3103134025,-80,2,-7,-8,46,42,-4097
3103135025,-80,-2,-1,-5,41,47,-4083
3103136025,-80,-4,-1,-9,46,48,-4083
3103137025,-80,0,-6,-1,24,48,-4103
3103138025,-80,-2,-6,-7,28,39,-4097
3103139025,-80,1,-3,-6,44,29,-4088
3103140025,-80,0,1,-10,34,38,-4092
3103141025,-80,-3,1,-4,44,32,-4079
3103142025,-80,5,-12,-5,45,38,-4097
3103143025,-80,-2,-2,-7,40,32,-4079
3103144025,-80,1,2,-11,48,34,-4092
3103145025,-80,-2,-7,-5,57,46,-4080
3103146025,-80,-2,-8,-7,51,39,-4084
3103147025,-80,-5,-5,-5,49,26,-4094
3103148025,-80,2,-7,-7,25,30,-4097
3103149025,-80,-4,1,-6,45,35,-4084
3103150025,-80,-1,-9,-5,34,29,-4081
3103151025,-80,5,-7,-9,47,24,-4091
3103152025,-80,-3,-4,-9,43,38,-4079
3103153025,-80,1,-2,-12,42,34,-4082
3103154025,-80,-4,0,-5,32,34,-4081
3103155025,-80,-3,-13,-8,46,58,-4081
3103156025,-80,3,-5,-13,35,37,-4098
3103157025,-80,-7,-9,-6,24,22,-4091
3103158025,-80,0,-5,-9,41,52,-4082
3103159025,-80,-1,-3,-1,42,53,-4071
3103160025,-80,-7,-5,-5,34,62,-4081
3103161025,-80,2,-9,-6,28,51,-4088
3103162025,-80,4,-5,-4,47,57,-4093
3103163025,-80,3,-2,-7,48,55,-4098
3103164025,-80,-3,-1,-1,35,58,-4084
3103165025,-80,-6,-4,-9,51,62,-4079
3103166025,-80,1,-1,-8,53,60,-4081
3103167025,-80,1,-4,-9,56,62,-4089
3103168025,-80,1,-6,-9,36,58,-4087
3103169025,-80,-1,-4,-8,40,49,-4096
3103170025,-80,3,-5,-7,41,55,-4091
3103171025,-80,-1,-7,-10,37,45,-4088
3103172025,-80,1,-5,-1,30,44,-4092
3103173025,-80,2,-2,-8,39,56,-4086
3103174025,-80,6,-9,-4,46,52,-4088
3103175025,-80,1,-1,-7,49,56,-4080
3103176025,-80,-3,-4,-2,38,54,-4085
3103177025,-80,2,-11,-11,50,31,-4101
3103178025,-80,11,-3,-5,32,51,-4081
3103179025,-80,7,-8,-8,37,48,-4093
3103180025,-80,0,-4,-9,49,41,-4087
3103181025,-80,-1,1,-8,40,48,-4092
3103182025,-80,0,-8,-9,47,29,-4084
3103183025,-80,0,-1,-7,47,46,-4096
3103184025,-80,3,-3,-6,49,44,-4101
3103185025,-80,2,-7,-4,46,34,-4088
3103186025,-80,-5,-3,-1,51,29,-4094
3103187025,-80,-4,-4,-6,43,30,-4096
3103188025,-80,-4,-2,-5,52,26,-4093
3103189025,-80,0,-4,-4,48,37,-4087
3103190025,-80,3,-7,-3,50,33,-4080
3103191025,-80,-2,-4,-5,35,38,-4105
3103192025,-80,-1,-5,-5,46,46,-4097
3103193025,-80,-4,-3,-3,47,26,-4085
3103194025,-80,0,-2,-5,31,34,-4087
3103195025,-80,-5,0,-4,33,45,-4084
3103196025,-80,2,-5,-12,47,42,-4082
3103197025,-80,1,2,-6,37,60,-4079
3103198025,-80,2,-6,-8,50,39,-4081
3103199025,-80,-5,-3,-5,45,46,-4081
3103200025,-80,1,-7,-10,49,50,-4099
3103201025,-80,0,-5,-6,37,53,-4090
3103202025,-80,1,-1,-6,44,56,-4079
3103203025,-80,-2,-6,-4,44,69,-4096
3103204025,-80,1,-4,-8,41,52,-4080
3103205025,-80,-3,-4,-8,38,53,-4096
3103206025,-80,0,-8,-6,38,41,-4091
3103207025,-80,4,-9,-10,47,44,-4106
3103208025,-80,-1,-1,-3,40,38,-4095
3103209025,-80,6,-10,-3,43,48,-4064
3103210025,-80,-1,-2,-8,33,33,-4089
3103211025,-80,3,-2,-10,56,56,-4082
3103212025,-80,-5,-11,-9,46,46,-4090
3103213025,-80,-7,3,1,49,60,-4090
3103214025,-80,0,-9,-10,40,39,-4089
3103215025,-80,-1,-1,-9,49,50,-4092
3103216025,-80,2,-6,-8,41,39,-4077
3103217025,-80,1,-4,-8,62,43,-4099
3103218025,-80,1,-4,-10,44,34,-4096
3103219025,-80,1,-8,-6,40,42,-4084
3103220025,-80,1,-5,-8,51,55,-4082
3103221025,-80,-1,0,-6,46,53,-4083
3103222025,-80,0,-6,-4,42,57,-4088
3103223025,-80,-2,-7,-7,51,41,-4094
3103224025,-80,2,-8,-14,38,35,-4093
3103225025,-80,-2,-5,-9,50,37,-4077
3103226025,-80,-1,-2,-8,43,47,-4092
3103227025,-80,0,-2,-10,37,37,-4065
3103228025,-80,0,-8,-6,48,47,-4079
3103229025,-80,-4,-4,-8,45,42,-4095
3103230025,-80,-4,-9,-12,55,51,-4073
3103231025,-80,-3,-4,-13,31,40,-4072
3103232025,-80,-6,-2,-6,60,52,-4080
3103233025,-80,-6,-4,-12,41,47,-4083
3103234025,-80,-5,-3,-6,39,59,-4100
3103235025,-80,0,-5,-11,55,58,-4071
3103236025,-80,2,2,-8,44,62,-4076
3103237025,-80,-2,5,-5,11,60,-4031
3103238025,-80,-1,-7,-8,55,66,-4050
3103239025,-80,-2,-5,-11,151,21,-4123
3103240025,-80,-3,-5,-9,103,23,-4132
3103241025,-80,3,-8,-8,11,93,-4115
3103242025,-80,-1,-7,-10,7,89,-4001
3103243025,-80,-2,-4,-15,48,-6,-4080
3103244025,-80,-5,-4,-14,79,56,-4119
3103245025,-80,-7,-2,-12,62,84,-4138
3103246025,-80,0,-4,-7,26,109,-4098
3103247025,-80,2,-7,-8,48,66,-4094
3103248025,-80,4,-7,-11,40,41,-4110
3103249025,-80,-4,-8,-3,40,44,-4094
3103250025,-80,-2,-3,-7,40,80,-4072
3103251025,-80,4,-5,-8,15,49,-4106
3103252025,-80,-1,-6,-10,14,34,-4090
3103253025,-80,2,-2,-14,-7,57,-4074
3103254025,-80,1,-1,-13,-5,36,-4057
3103255025,-80,-5,5,-10,81,14,-4101
3103256025,-80,-6,-3,-7,54,54,-4124
3103257025,-80,2,-3,-7,29,55,-4070
3103258025,-80,-4,0,-6,44,38,-4061
3103259025,-80,0,-4,-9,38,12,-4075
3103260025,-80,-3,-6,-7,43,25,-4096
3103261025,-80,-9,-5,-6,45,35,-4096
3103262025,-80,0,-10,-13,74,41,-4088
3103263025,-80,-4,-1,-5,58,63,-4097
3103264025,-80,-5,-6,-8,52,57,-4096
3103265025,-80,2,-13,-6,49,49,-4083
3103266025,-80,1,-7,-11,27,61,-4105
3103267025,-80,-1,-5,-9,24,58,-4113
3103268025,-80,0,-5,-14,36,64,-4115
3103269025,-80,-3,-4,-11,38,59,-4100
3103270025,-80,-4,-4,-7,25,65,-4094
3103271025,-80,-1,-3,-5,27,61,-4116
3103272025,-80,-4,-5,-4,30,56,-4105
3103273025,-80,0,-6,-5,38,58,-4083
3103274025,-80,-5,2,-9,22,61,-4082
3103275025,-80,-3,-7,-8,34,58,-4085
3103276025,-80,0,-5,-14,40,59,-4082
3103277025,-80,-9,5,-9,40,53,-4074
3103278025,-80,-5,-4,-11,44,65,-4077
3103279025,-80,-6,0,-7,47,52,-4081
3103280025,-80,-5,-4,-9,43,62,-4087
3103281025,-80,-3,-2,-8,45,51,-4077
3103282025,-80,-4,2,-7,50,46,-4074
3103283025,-80,-1,-2,-8,48,52,-4084
3103284025,-80,2,-7,-8,61,37,-4086
3103285025,-80,-4,-2,-9,55,35,-4089
3103286025,-80,-6,-3,-9,73,40,-4101
3103287025,-80,0,-5,-6,45,52,-4094
3103288025,-80,-3,-4,-13,54,43,-4082
3103289025,-80,-8,-9,-9,54,39,-4082
3103290025,-80,-8,0,-9,38,38,-4091
3103291025,-80,-3,-7,-11,54,34,-4091
3103292025,-80,-3,-8,-8,29,48,-4086
3103293025,-80,0,1,-3,31,41,-4086
3103294025,-80,2,-9,-9,29,34,-4084
3103295025,-80,0,-4,-13,41,36,-4081
3103296025,-80,-5,-4,-6,48,37,-4096
3103297025,-80,-1,-7,-11,36,37,-4088
3103298025,-80,-3,-1,-10,34,48,-4087
3103299025,-80,-1,-9,-13,46,53,-4085
3103300025,-80,-8,-3,-10,49,52,-4088
3103301025,-80,-4,-3,-10,62,53,-4095
3103302025,-80,-3,-6,-13,38,55,-4101
3103303025,-80,1,-3,-8,37,42,-4102
3103304025,-80,-7,1,-9,37,50,-4121
3103305025,-80,-1,-6,-8,35,45,-4095
3103306025,-80,-1,-6,-8,68,51,-4102
3103307025,-80,-3,-4,-7,48,49,-4082
3103308025,-79,-6,-3,-7,32,43,-4098
3103309025,-79,-3,-4,-5,27,18,-4083
3103310025,-79,-6,-6,-6,42,57,-4073
3103311025,-79,0,-8,-7,40,61,-4073
3103312025,-79,3,-3,-9,40,46,-4080
3103313025,-79,-5,-3,-11,47,48,-4088
3103314025,-79,-4,1,-10,57,42,-4090
3103315025,-79,-5,-3,-9,47,43,-4065
3103316025,-79,-1,-5,-8,60,45,-4073
3103317025,-79,0,0,-14,52,36,-4078
3103318025,-79,0,-4,-9,59,45,-4094
3103319025,-79,4,-2,-8,60,49,-4076
3103320025,-79,-4,-5,-8,66,44,-4065
3103321025,-79,-5,-7,-3,60,46,-4087
3103322025,-79,4,-6,-6,38,49,-4082
3103323025,-79,7,-2,-10,42,54,-4088
3103324025,-79,-1,-7,-11,40,64,-4101
3103325025,-79,-2,-3,-12,49,74,-4081
3103326025,-79,4,-9,-10,35,79,-4086
3103327025,-79,-3,-2,-9,38,65,-4102
3103328025,-79,3,-4,-8,40,57,-4075
3103329025,-79,1,-12,-10,33,65,-4087
3103330025,-79,3,-4,-10,48,57,-4077
3103331025,-79,-1,-6,-7,34,72,-4083
3103332025,-79,0,-5,-11,47,62,-4073
3103333025,-79,-2,-5,-7,25,52,-4092
3103334025,-79,3,-5,-4,45,56,-4079
3103335025,-79,-4,-6,-8,44,47,-4081
3103336025,-79,0,-5,-6,41,49,-4083
3103337025,-79,2,-11,-9,46,58,-4090
3103338025,-79,-2,3,-2,49,47,-4059
3103339025,-79,-1,-3,-8,51,56,-4091
3103340025,-79,3,-4,-9,41,53,-4087
3103341025,-79,-3,1,-6,58,49,-4079
3103342025,-79,4,-9,-10,58,41,-4076
3103343025,-79,1,-3,-7,68,52,-4076
3103344025,-79,3,-9,-10,111,59,-4077
3103345025,-79,1,-4,-9,80,42,-4058
3103346025,-79,-1,0,-11,75,35,-4066
3103347025,-79,0,-1,-10,48,38,-4074
3103348025,-79,-2,-6,-11,35,43,-4072
3103349025,-79,3,-5,-9,61,55,-4072
3103350025,-79,0,-5,-7,60,54,-4075
3103351025,-79,1,-7,-13,41,56,-4082
3103352025,-79,0,-6,-7,24,59,-4084
3103353025,-79,4,-1,-10,44,50,-4080
3103354025,-79,2,1,-13,45,46,-4102
3103355025,-79,5,-3,-14,128,44,-4125
3103356025,-79,4,-4,-14,104,47,-4114
3103357025,-79,0,-5,-12,87,65,-4108
3103358025,-79,-2,-4,-12,18,75,-4107
3103359025,-79,-1,-2,-8,16,48,-4070
3103360025,-79,-3,-7,-9,-6,49,-4045
3103361025,-79,9,-14,-9,18,61,-4071
3103362025,-79,-2,-3,-8,11,95,-4061
3103363025,-79,3,-8,-10,-11,70,-4063
3103364025,-79,-2,-3,-7,4,62,-4056
3103365025,-79,3,-7,-8,-12,39,-4057
3103366025,-79,0,-2,-10,-1,55,-4069
3103367025,-79,6,-2,-10,13,52,-4087
3103368025,-79,-1,-1,-7,16,60,-4093
3103369025,-79,0,-6,-11,28,69,-4091
3103370025,-79,2,0,-6,44,62,-4097
3103371025,-79,1,1,-8,47,46,-4110
3103372025,-79,7,0,-10,52,46,-4104
3103373025,-79,0,1,-3,63,54,-4116
3103374025,-79,5,2,-7,64,67,-4090
3103375025,-79,5,-2,-7,70,55,-4094
3103376025,-79,1,-2,-9,59,44,-4080
3103377025,-79,6,-4,-10,49,41,-4082
3103378025,-79,9,-3,-10,43,30,-4065
3103379025,-79,6,-1,-10,33,27,-4063
3103380025,-79,6,-5,-10,42,38,-4093
3103381025,-79,3,-6,-5,41,43,-4074
3103382025,-79,0,-5,-7,56,41,-4094
3103383025,-79,1,-2,-3,43,43,-4089
3103384025,-79,0,-6,-4,38,50,-4093
3103385025,-79,4,-2,-3,40,46,-4107
3103386025,-79,5,-1,-8,35,64,-4077
3103387025,-79,-2,-5,-9,38,62,-4088
3103388025,-79,5,-2,-7,37,52,-4082
3103389025,-79,0,1,-9,44,63,-4093
3103390025,-79,5,-6,-12,34,55,-4087
3103391025,-79,1,-2,-4,54,57,-4076
3103392025,-79,-1,-2,-1,32,69,-4094
3103393025,-79,3,-7,-8,35,60,-4099
3103394025,-79,-2,-2,-4,48,54,-4090
3103395025,-79,8,-7,-9,54,61,-4078
3103396025,-79,5,-3,-6,49,62,-4071
3103397025,-79,1,0,-8,58,66,-4079
3103398025,-79,4,-6,-10,38,75,-4085
3103399025,-79,1,-3,-11,52,58,-4078
3103400025,-79,6,-9,-11,54,66,-4096
3103401025,-79,6,-11,-12,59,72,-4087
3103402025,-79,3,2,-9,58,59,-4108
3103403025,-79,1,-2,-8,42,61,-4103
3103404025,-79,3,-3,-8,52,46,-4093
3103405025,-79,2,2,-4,41,47,-4095
3103406025,-79,-3,-4,-7,29,52,-4104
3103407025,-79,6,-5,-11,37,47,-4091
3103408025,-79,4,-7,-10,42,52,-4082
3103409025,-79,3,-6,-10,44,34,-4080
3103410025,-79,4,-2,-7,39,69,-4082
3103411025,-79,2,-7,-10,42,56,-4072
3103412025,-79,7,-7,-9,36,38,-4087
3103413025,-79,4,-7,-4,41,53,-4078
3103414025,-79,-4,-5,-8,38,54,-4071
3103415025,-79,-2,-2,-2,58,52,-4094
3103416025,-79,1,-2,-5,37,53,-4096
3103417025,-79,6,-3,-3,61,52,-4080
3103418025,-79,3,-3,-7,75,52,-4087
3103419025,-79,4,-3,-5,45,58,-4103
3103420025,-79,-1,1,-6,32,55,-4099
3103421025,-79,1,-1,-2,44,72,-4076
3103422025,-79,4,-4,-8,36,50,-4100
3103423025,-79,4,-3,-9,47,56,-4093
3103424025,-79,2,-7,-8,44,52,-4080
3103425025,-79,1,-5,-7,33,42,-4074
3103426025,-79,-1,-8,-6,29,44,-4089
3103427025,-79,4,-3,-6,35,43,-4092
3103428025,-79,0,-2,-2,32,44,-4087
3103429025,-79,7,-3,-6,36,53,-4103
3103430025,-79,10,-5,-6,48,58,-4093
3103431025,-79,7,-4,-5,51,60,-4094
3103432025,-79,2,-4,-9,40,55,-4081
3103433025,-79,4,-3,-7,34,62,-4073
3103434025,-79,2,3,-5,39,54,-4091
3103435025,-79,4,-3,-5,43,49,-4104
3103436025,-79,1,-1,-6,35,52,-4096
3103437025,-79,-3,0,-2,43,60,-4088
3103438025,-79,5,-4,-5,48,57,-4092
3103439025,-79,0,-2,-5,41,54,-4101
3103440025,-79,0,-8,-11,46,60,-4094
3103441025,-79,4,-3,-6,63,50,-4094
3103442025,-79,5,-4,-8,63,58,-4086
3103443025,-79,5,-10,-12,38,57,-4077
3103444025,-79,2,-4,-1,46,48,-4089
3103445025,-79,7,-7,-4,42,57,-4100
3103446025,-79,5,-11,-10,51,57,-4085
3103447025,-79,5,-4,-10,30,46,-4099
3103448025,-79,2,1,-6,29,51,-4091
3103449025,-79,6,-4,-10,39,49,-4095
3103450025,-79,4,-2,-6,46,59,-4079
3103451025,-79,6,-4,-9,40,51,-4101
3103452025,-79,-2,-1,-8,52,44,-4074
3103453025,-79,3,-1,-7,42,53,-4091
3103454025,-79,-2,-5,-9,54,43,-4091
3103455025,-79,6,-2,-8,53,54,-4071
3103456025,-79,6,-6,-3,41,54,-4077
3103457025,-79,4,-6,-2,45,48,-4089
3103458025,-79,5,-5,-2,46,51,-4093
3103459025,-79,0,-1,-3,45,56,-4079
3103460025,-79,2,1,-3,45,52,-4092
3103461025,-79,6,-5,-3,41,54,-4095
3103462025,-79,1,-6,-8,48,57,-4079
3103463025,-79,3,-5,-10,40,65,-4082
3103464025,-79,2,0,-6,46,51,-4079
3103465025,-79,8,-4,-11,38,50,-4085
3103466025,-79,2,2,-4,36,54,-4090
3103467025,-79,0,-4,-7,40,57,-4098
3103468025,-79,8,-2,-8,38,47,-4100
3103469025,-79,3,-6,-12,51,55,-4085
3103470025,-79,7,-6,-4,40,41,-4091
3103471025,-79,-4,1,-2,52,46,-4100
3103472025,-79,2,-4,-5,49,55,-4082
3103473025,-79,5,-4,-6,44,56,-4084
3103474025,-79,2,0,-6,35,44,-4096
3103475025,-79,7,-2,-4,16,55,-4097
3103476025,-79,-1,0,-6,58,70,-4093
3103477025,-79,5,-6,-3,33,56,-4096
3103478025,-79,4,-4,-6,33,58,-4089
3103479025,-79,1,-2,-10,44,46,-4078
3103480025,-79,9,-1,-11,46,55,-4080
3103481025,-79,8,-8,-6,51,66,-4092
3103482025,-79,-1,-3,-4,69,62,-4088
3103483025,-79,3,-3,-10,51,55,-4093
3103484025,-79,-4,-1,-9,38,51,-4081
3103485025,-79,3,-2,-3,39,42,-4082
3103486025,-79,-1,-5,-5,51,62,-4095
3103487025,-79,10,-5,-6,49,58,-4092
3103488025,-79,4,-6,-15,45,55,-4095
3103489025,-79,7,-4,-9,27,58,-4092
3103490025,-79,-1,-4,-8,55,41,-4093
3103491025,-79,2,-2,-9,46,44,-4082
3103492025,-79,5,-1,-8,47,45,-4076
3103493025,-79,3,-4,-10,37,54,-4090
3103494025,-79,0,-9,-5,38,46,-4095
3103495025,-79,-1,-4,-6,42,47,-4082
3103496025,-79,-1,-2,-7,39,51,-4084
3103497025,-79,9,-6,-7,36,45,-4083
3103498025,-79,-2,-2,-7,46,50,-4096
3103499025,-79,4,-6,-4,45,53,-4110
3103500025,-79,8,-6,-10,26,53,-4093
3103501025,-79,-5,-2,-5,39,49,-4093
3103502025,-79,1,-3,-2,41,54,-4086
3103503025,-79,2,-3,-8,39,62,-4099
3103504025,-79,6,4,-6,47,51,-4094
3103505025,-79,5,0,-9,60,64,-4105
3103506025,-79,2,2,-8,45,42,-4105
3103507025,-79,6,-5,-8,45,48,-4088
3103508025,-79,-1,-3,-5,41,43,-4104
3103509025,-79,4,-9,-7,47,44,-4083
3103510025,-79,5,-2,-5,39,61,-4077
3103511025,-79,10,2,-2,43,45,-4084
3103512025,-79,3,-4,-9,47,50,-4092
3103513025,-79,2,-2,-7,38,38,-4088
3103514025,-79,-3,-1,-6,48,61,-4082
3103515025,-79,-3,-8,-4,34,65,-4080
3103516025,-79,2,-3,-7,33,50,-4081
3103517025,-79,4,-6,-8,40,55,-4081
3103518025,-79,8,-4,-8,41,56,-4091
3103519025,-79,2,-3,-4,29,66,-4093
3103520025,-79,6,-8,-3,43,50,-4085
3103521025,-79,-1,-2,-2,54,70,-4092
3103522025,-79,8,-2,-6,40,45,-4080
3103523025,-79,6,-1,-8,42,45,-4103
3103524025,-79,1,-4,-11,45,54,-4091
3103525025,-79,-1,0,-10,52,40,-4102
3103526025,-79,1,-4,-6,48,39,-4088
3103527025,-79,0,-1,-6,43,56,-4089
3103528025,-79,5,-3,-12,26,39,-4088
3103529025,-79,1,-7,-8,41,43,-4083
3103530025,-79,4,-2,-10,29,58,-4090
3103531025,-79,1,-3,-9,24,52,-4084
3103532025,-79,3,-3,-7,46,44,-4070
3103533025,-79,5,-1,1,47,42,-4086
3103534025,-79,8,-9,-6,32,50,-4086
3103535025,-79,5,-1,-5,34,40,-4071
3103536025,-79,2,-7,-8,24,60,-4085
3103537025,-79,6,-4,-5,61,52,-4074
3103538025,-79,4,-3,-9,55,59,-4072
3103539025,-79,4,-6,-7,41,54,-4091
3103540025,-79,6,1,-9,47,35,-4093
3103541025,-79,5,-4,-6,48,50,-4084
3103542025,-79,4,-1,-4,43,52,-4083
3103543025,-79,0,0,-6,37,52,-4086
3103544025,-79,8,-5,-6,44,52,-4112
3103545025,-79,-1,-4,-3,48,66,-4095
3103546025,-79,4,0,-5,50,56,-4100
3103547025,-79,3,-3,-7,40,48,-4090
3103548025,-79,6,-2,-6,39,53,-4095
3103549025,-79,5,-7,-9,43,53,-4090
3103550025,-79,7,-8,-9,54,50,-4087
3103551025,-79,3,-2,-8,35,50,-4076
3103552025,-79,2,-4,-12,43,51,-4108
3103553025,-79,-2,-2,-10,45,38,-4072
3103554025,-79,2,-4,-7,37,54,-4087
3103555025,-79,1,-5,-8,52,51,-4098
3103556025,-79,-2,-5,-4,53,52,-4102
3103557025,-79,4,-3,-6,40,50,-4079
3103558025,-79,2,-4,-6,33,53,-4076
3103559025,-79,6,-2,-10,47,49,-4088
3103560025,-79,2,0,-5,53,48,-4088
3103561025,-79,2,-10,-3,49,46,-4092
3103562025,-79,-1,0,1,50,59,-4074
3103563025,-79,6,-11,-6,46,48,-4091
3103564025,-79,0,-4,-4,43,63,-4085
3103565025,-79,1,-5,-4,48,45,-4082
3103566025,-79,5,-7,-8,53,51,-4100
3103567025,-79,7,-7,-5,61,41,-4083
3103568025,-79,2,-6,-8,42,51,-4085
3103569025,-79,10,-7,-11,45,50,-4090
3103570025,-79,2,-6,-4,62,60,-4088
3103571025,-79,5,-9,-5,31,63,-4078
3103572025,-79,3,-1,-8,42,65,-4089
3103573025,-79,7,-3,-9,45,55,-4081
3103574025,-79,-1,-7,-7,51,52,-4088
3103575025,-79,7,-4,-16,35,61,-4088
3103576025,-79,0,-5,-7,39,53,-4095
3103577025,-79,5,-6,-8,28,56,-4096
3103578025,-79,2,1,-5,38,41,-4075
3103579025,-79,-1,-3,-5,41,47,-4080
3103580025,-79,5,0,-10,30,50,-4092
3103581025,-79,3,-4,-5,34,48,-4086
3103582025,-79,1,-4,-8,59,59,-4074
3103583025,-79,7,-2,-8,41,40,-4086
3103584025,-79,2,-4,-6,46,46,-4079
3103585025,-79,6,-4,-3,46,44,-4074
3103586025,-79,5,-1,-7,35,67,-4090
3103587025,-79,7,-6,-6,40,60,-4091
3103588025,-79,5,-2,-7,70,43,-4087
3103589025,-79,4,-2,-8,38,51,-4105
3103590025,-79,4,-3,-10,45,46,-4090
3103591025,-79,0,-3,-10,41,46,-4090
3103592025,-79,-1,-3,-6,37,54,-4084
3103593025,-79,1,-4,-9,34,51,-4090
3103594025,-79,8,-4,-5,26,61,-4084
3103595025,-79,5,-5,-8,30,54,-4088
3103596025,-79,1,-4,-4,44,61,-4084
3103597025,-79,0,-4,-9,32,65,-4075
3103598025,-79,10,-5,-10,42,55,-4092
3103599025,-79,6,-5,-5,37,62,-4071
3103600025,-79,6,-5,-10,45,41,-4083
3103601025,-79,3,2,-7,48,53,-4075
3103602025,-79,4,-4,-4,44,51,-4087
3103603025,-79,6,-5,-9,56,47,-4091
3103604025,-79,4,0,-9,45,55,-4090
3103605025,-79,5,-4,-11,52,48,-4092
3103606025,-79,7,-6,-10,54,48,-4102
3103607025,-79,3,-3,-4,41,44,-4100
3103608025,-79,1,-4,-10,48,42,-4100
3103609025,-79,8,-6,-5,38,49,-4090
3103610025,-79,-3,0,-1,41,42,-4089
3103611025,-79,5,2,-7,34,62,-4092
3103612025,-79,3,-6,-4,49,46,-4097
3103613025,-79,0,-5,-10,36,53,-4079
3103614025,-79,7,-6,-9,31,54,-4072
3103615025,-79,1,-3,-9,48,66,-4083
3103616025,-79,2,-8,-13,50,66,-4090
3103617025,-79,3,-4,-12,37,43,-4092
3103618025,-79,7,-6,-7,45,52,-4090
3103619025,-79,2,-8,-10,42,52,-4088
3103620025,-79,0,-3,-8,44,61,-4088
3103621025,-79,6,-4,-6,45,58,-4086
3103622025,-79,3,-3,-5,41,52,-4084
3103623025,-79,6,-4,-3,38,42,-4093
3103624025,-79,0,-2,-6,52,59,-4094
3103625025,-79,6,-5,-6,49,67,-4081
3103626025,-79,0,3,-3,44,60,-4090
3103627025,-79,2,-2,-4,56,54,-4088
3103628025,-79,5,-6,-9,30,53,-4093
3103629025,-79,4,-1,-8,42,59,-4088
3103630025,-79,4,-7,-11,43,51,-4075
3103631025,-79,3,-3,-5,43,57,-4094
3103632025,-79,5,-7,-5,43,54,-4086
3103633025,-79,-4,-1,-9,32,67,-4076
3103634025,-79,-3,-2,-9,36,51,-4079
3103635025,-79,1,-7,-7,38,57,-4083
3103636025,-79,5,-7,-7,41,42,-4093
3103637025,-79,7,0,-5,54,57,-4098
3103638025,-79,0,-4,-11,57,51,-4094
3103639025,-79,0,-4,-7,37,55,-4103
3103640025,-79,-1,-8,-11,48,54,-4099
3103641025,-79,3,-5,-5,50,60,-4098
3103642025,-79,2,-1,-11,48,50,-4098
3103643025,-79,4,-5,-12,34,60,-4099
3103644025,-79,8,-4,-8,45,54,-4091
3103645025,-79,-1,-4,-4,46,66,-4095
3103646025,-79,6,-4,-7,34,48,-4090
3103647025,-79,0,-2,1,52,43,-4088
3103648025,-79,0,-5,-6,36,50,-4084
3103649025,-79,1,-3,-7,58,47,-4090
3103650025,-79,2,-3,-1,28,62,-4085
3103651025,-79,0,-6,-5,29,52,-4081
3103652025,-79,2,-2,-9,42,54,-4082
3103653025,-79,3,-9,-11,29,41,-4074
3103654025,-79,6,1,-8,42,64,-4090
3103655025,-79,3,-3,-6,41,57,-4073
3103656025,-79,-2,1,-12,41,63,-4088
3103657025,-79,2,-6,-9,61,41,-4078
3103658025,-79,1,2,-3,43,65,-4091
3103659025,-79,7,-2,-8,45,58,-4085
3103660025,-79,2,0,-6,48,52,-4085
3103661025,-79,-1,-5,-7,55,53,-4087
3103662025,-79,4,-6,-10,30,46,-4097
3103663025,-79,-2,-3,-4,28,48,-4083
3103664025,-79,4,-3,-10,55,54,-4095
3103665025,-79,3,-6,-6,45,53,-4087
3103666025,-79,4,-6,-7,38,47,-4096
3103667025,-79,4,-12,-7,41,52,-4081
3103668025,-79,9,-8,-6,32,37,-4094
3103669025,-79,3,-3,-8,45,56,-4079
3103670025,-79,2,-5,-5,39,35,-4073
3103671025,-79,1,-3,-3,48,39,-4080
3103672025,-79,0,-3,-8,40,60,-4078
3103673025,-79,3,-8,-7,54,58,-4080
3103674025,-79,7,-2,-10,41,62,-4095
3103675025,-79,3,-6,-8,54,70,-4097
3103676025,-79,2,-4,-9,31,52,-4094
3103677025,-79,5,-7,-9,41,52,-4087
3103678025,-79,7,-5,-11,41,74,-4094
3103679025,-79,0,-1,-5,44,52,-4079
3103680025,-79,8,-8,-6,62,46,-4083
3103681025,-79,5,-5,-10,44,37,-4088
3103682025,-79,5,-3,-4,41,46,-4095
3103683025,-79,4,-10,-6,50,47,-4100
3103684025,-79,0,-3,-3,50,55,-4117
3103685025,-79,0,-6,-5,32,49,-4103
3103686025,-79,11,-8,-7,44,60,-4109
3103687025,-79,2,-1,-5,31,55,-4109
3103688025,-79,0,0,-6,36,61,-4086
3103689025,-79,6,-3,-8,34,49,-4084
3103690025,-79,2,-5,-10,39,57,-4073
3103691025,-79,4,-5,-10,40,47,-4096
3103692025,-79,8,-2,-2,42,49,-4069
3103693025,-79,-1,-4,-5,55,42,-4090
3103694025,-79,6,-10,-11,34,44,-4086
3103695025,-79,1,-4,-7,50,56,-4092
3103696025,-79,6,-5,-9,42,52,-4084
3103697025,-79,6,-3,-5,61,66,-4079
3103698025,-79,-3,-1,-8,60,63,-4073
3103699025,-79,5,-4,-9,43,63,-4094
3103700025,-79,8,-2,-7,40,60,-4080
3103701025,-79,4,-5,-8,36,60,-4085
3103702025,-79,5,-6,-9,38,50,-4090
3103703025,-79,0,-3,-8,31,46,-4086
3103704025,-79,5,-3,-10,51,57,-4081
3103705025,-79,3,-2,-8,39,42,-4097
3103706025,-79,6,-6,-9,37,36,-4098
3103707025,-79,1,-3,-6,33,49,-4076
3103708025,-79,7,0,-9,47,58,-4101
3103709025,-79,1,3,-8,41,55,-4101
3103710025,-79,5,-6,-7,38,61,-4086
3103711025,-79,4,-4,-3,32,38,-4089
3103712025,-79,3,-1,-5,36,67,-4096
3103713025,-79,9,-4,-9,28,43,-4091
3103714025,-79,3,-3,-8,50,27,-4101
3103715025,-79,5,-10,-7,43,40,-4086
3103716025,-79,3,0,-6,47,60,-4095
3103717025,-79,4,-5,-6,45,50,-4106
3103718025,-79,10,-4,-9,47,62,-4092
3103719025,-79,4,-5,-7,53,63,-4094
3103720025,-79,2,2,-8,66,52,-4089
3103721025,-79,6,-3,-10,38,62,-4089
3103722025,-79,-4,2,-4,46,54,-4088
3103723025,-79,6,-7,-6,39,57,-4083
3103724025,-79,0,0,-3,37,45,-4094
3103725025,-79,4,-9,-4,50,60,-4077
3103726025,-79,4,-1,-7,53,52,-4102
3103727025,-79,-1,1,-4,51,55,-4073
3103728025,-79,6,-5,-8,33,43,-4100
3103729025,-79,11,-4,-11,32,57,-4091
3103730025,-79,6,-2,-11,38,57,-4076
3103731025,-79,0,1,-4,19,58,-4087
3103732025,-79,3,-7,-2,41,59,-4087
3103733025,-79,6,-4,-7,59,46,-4085
3103734025,-79,8,-4,-5,45,56,-4093
3103735025,-79,7,-5,-10,39,44,-4094
3103736025,-79,4,-7,-4,39,51,-4071
3103737025,-79,6,-5,-3,47,48,-4080
3103738025,-79,9,-7,-8,45,47,-4086
3103739025,-79,1,-1,-5,40,49,-4101
3103740025,-79,2,-6,-6,53,58,-4102
3103741025,-79,2,-4,-11,42,62,-4105
3103742025,-79,6,-10,-7,56,52,-4088
3103743025,-79,5,1,-13,57,59,-4106
3103744025,-79,6,-8,-8,54,56,-4090
3103745025,-79,6,-7,-10,27,58,-4112
3103746025,-79,4,-1,-4,40,50,-4093
3103747025,-79,7,-12,-5,44,28,-4093
3103748025,-79,-5,3,-2,30,49,-4097
3103749025,-79,7,-3,-5,48,53,-4087
3103750025,-79,3,-4,-9,50,52,-4093
3103751025,-79,3,-5,-5,41,61,-4093
3103752025,-79,6,-4,-3,52,54,-4093
3103753025,-79,3,-6,-3,47,55,-4097
3103754024,-79,5,-2,-7,53,54,-4094
3103755026,-79,8,-4,-6,38,66,-4074
3103756027,-79,8,-5,-8,38,63,-4096
3103757025,-79,4,-1,-4,62,42,-4094
3103758025,-79,4,-6,-10,37,54,-4073
3103759025,-79,5,-6,-7,32,52,-4085
3103760025,-79,5,-1,-9,59,47,-4089
3103761025,-79,0,-2,-10,43,43,-4088
3103762025,-79,1,1,-8,43,63,-4086
3103763025,-79,7,-5,-5,51,48,-4103
3103764025,-79,1,-4,-6,34,64,-4108
3103765025,-79,4,-6,-6,47,63,-4086
3103766025,-79,5,-5,-4,26,56,-4097
3103767025,-79,4,-3,0,41,53,-4110
3103768025,-79,6,-4,-10,28,53,-4091
3103769025,-79,10,-4,-6,34,50,-4080
3103770025,-79,7,-4,-7,30,54,-4078
3103771025,-79,4,1,-7,31,30,-4085
3103772025,-79,3,0,-4,51,57,-4089
3103773025,-79,3,-5,-6,36,59,-4093
3103774025,-79,1,-2,-8,38,42,-4076
3103775025,-79,6,2,-6,51,46,-4079
3103776025,-79,5,-2,-9,57,55,-4099
3103777025,-79,2,-1,-5,44,55,-4102
3103778025,-79,4,-4,-5,50,40,-4090
3103779025,-79,6,-2,-6,43,61,-4096
3103780025,-79,4,2,-8,43,48,-4075
3103781025,-79,3,0,-8,41,50,-4085
3103782025,-79,3,-6,-8,34,40,-4068
3103783025,-79,5,-1,-5,43,55,-4074
3103784025,-79,6,-5,-15,46,51,-4077
3103785025,-79,6,-8,-12,54,51,-4091
3103786025,-79,0,-3,-9,53,43,-4100
3103787025,-79,3,-4,-6,35,70,-4103
3103788025,-79,7,-5,-9,50,65,-4101
3103789025,-79,-3,-1,-3,45,50,-4090
3103790025,-79,8,-7,-3,46,62,-4092
3103791025,-79,3,1,-6,33,56,-4099
3103792025,-79,12,-9,-7,41,46,-4090
3103793025,-79,5,0,-4,39,41,-4091
3103794025,-79,-1,1,-4,45,46,-4087
3103795025,-79,10,-9,-8,47,69,-4077
3103796025,-79,4,-4,-7,47,50,-4085
3103797025,-79,9,-9,-11,49,43,-4084
3103798025,-79,4,-3,-10,32,61,-4082
3103799025,-79,9,-7,-9,37,52,-4108
3103800025,-79,-3,-4,-12,38,72,-4085
3103801025,-79,4,-3,-9,28,59,-4090
3103802025,-79,6,-3,-6,40,60,-4083
3103803025,-79,1,-7,-10,45,55,-4085
3103804025,-79,4,-7,-5,29,57,-4085
3103805025,-79,2,-3,-5,37,50,-4079
3103806025,-79,3,-3,-4,35,65,-4083
3103807025,-79,7,-3,-9,35,50,-4080
3103808025,-79,5,-7,-11,37,64,-4082
3103809025,-79,2,-4,-9,44,42,-4086
3103810025,-79,6,-2,-11,44,59,-4096
3103811025,-79,6,-5,-10,40,49,-4105
3103812025,-79,3,-6,-8,28,63,-4089
3103813025,-79,8,-6,-9,37,50,-4092
3103814025,-79,7,-6,-12,52,48,-4081
3103815025,-79,6,-10,-10,50,54,-4078
3103816025,-79,4,-4,0,54,48,-4096
3103817025,-79,4,-5,-7,44,52,-4087
3103818025,-79,3,-1,-5,47,62,-4104
3103819025,-79,5,-8,-11,50,42,-4097
3103820025,-79,0,-7,-7,40,64,-4097
3103821025,-79,8,-5,-8,40,44,-4097
3103822025,-79,4,-5,-4,40,58,-4104
3103823025,-79,4,-3,-5,44,61,-4086
3103824025,-79,5,-5,-8,47,57,-4101
3103825025,-79,7,-4,-8,41,51,-4093
3103826025,-79,-1,0,-7,43,50,-4092
3103827025,-79,9,-10,-7,45,46,-4081
3103828025,-79,1,-6,-10,32,39,-4074
3103829025,-79,4,1,-7,46,50,-4083
3103830025,-79,1,-5,-10,44,57,-4086
3103831025,-79,1,-3,-8,44,56,-4091
3103832025,-79,7,-6,-10,55,58,-4087
3103833025,-79,1,-2,-4,49,46,-4092
3103834025,-79,3,-4,-10,35,61,-4095
3103835025,-79,6,-2,-7,38,45,-4099
3103836025,-79,3,2,-5,40,55,-4104
3103837025,-79,9,-8,-5,37,56,-4074
3103838025,-79,0,0,-8,46,44,-4095
3103839025,-79,-4,-2,-9,41,42,-4084
3103840025,-79,9,-4,-9,34,41,-4071
3103841025,-79,0,-3,-4,46,68,-4100
3103842025,-79,0,-3,-7,44,50,-4088
3103843025,-79,3,-4,0,48,54,-4100
3103844025,-79,3,-7,-8,42,47,-4104
3103845025,-79,7,-8,-4,47,41,-4093
3103846025,-79,5,-4,-9,47,60,-4083
3103847025,-79,7,0,-7,37,49,-4091
3103848025,-79,6,-9,-9,40,72,-4085
3103849025,-79,2,-8,-7,31,63,-4072
3103850025,-79,0,-5,-8,42,52,-4080
3103851025,-79,7,-7,-13,38,54,-4077
3103852025,-79,6,-4,-11,61,50,-4096
3103853025,-79,1,-5,-7,38,39,-4101
3103854025,-79,3,-6,-9,43,51,-4092
3103855025,-79,2,-4,-10,51,48,-4097
3103856025,-79,6,-9,-10,40,51,-4110
3103857025,-79,4,-5,-10,38,54,-4100
3103858025,-79,-3,-1,-13,42,46,-4095
3103859025,-79,8,-9,-11,31,68,-4112
3103860025,-79,7,-3,-5,44,49,-4072
3103861025,-79,7,-2,-8,27,40,-4085
3103862025,-79,6,-8,-6,51,45,-4081
3103863025,-79,6,-5,-3,59,50,-4091
3103864025,-79,6,-6,-9,48,51,-4077
3103865025,-79,5,-4,-6,39,53,-4101
3103866025,-79,-2,-4,-10,40,63,-4090
3103867025,-79,0,-6,-9,37,60,-4086
3103868025,-79,3,-6,-8,40,64,-4087
3103869025,-79,6,-6,-7,42,60,-4097
3103870025,-79,4,-1,-5,49,50,-4088
3103871025,-79,0,-5,-4,33,47,-4074
3103872025,-79,7,-5,-7,44,39,-4091
3103873025,-79,4,-4,-7,55,50,-4089
3103874025,-79,3,-1,-6,45,52,-4077
3103875025,-79,3,-7,-2,60,47,-4088
3103876025,-79,3,-2,-4,43,45,-4090
3103877025,-79,8,-4,-10,35,60,-4100
3103878025,-79,7,-7,-9,54,59,-4105
3103879025,-79,3,-6,-7,44,70,-4101
3103880025,-79,4,-4,-8,40,73,-4105
3103881025,-79,6,-9,-6,44,53,-4099
3103882025,-79,10,-3,-7,45,48,-4100
3103883025,-79,7,-9,-5,51,64,-4087
3103884025,-79,3,-3,-9,28,54,-4085
3103885025,-79,7,-2,-7,43,58,-4071
3103886025,-79,11,-12,-5,52,41,-4085
3103887025,-79,6,-2,-11,42,53,-4086
3103888025,-79,6,-6,-11,40,34,-4086
3103889025,-79,0,-5,-8,52,47,-4077
3103890025,-79,3,-8,-8,44,41,-4078
3103891025,-79,4,-2,-12,47,46,-4105
3103892025,-79,5,0,-9,54,75,-4081
3103893025,-79,4,2,-5,39,50,-4095
3103894025,-79,1,-9,-6,41,61,-4087
3103895025,-79,0,1,-8,39,50,-4080
3103896025,-79,2,-8,-6,53,57,-4089
3103897025,-79,7,2,-9,52,64,-4085
3103898025,-79,7,-5,-8,52,61,-4096
3103899025,-79,-1,-4,-7,43,63,-4093
3103900025,-79,8,-4,-7,32,53,-4099
3103901025,-79,5,-3,-8,34,58,-4086
3103902025,-79,5,-3,-13,51,59,-4089
3103903025,-79,4,4,-4,39,49,-4100
3103904025,-79,4,-12,-9,41,51,-4087
3103905025,-79,8,-4,-10,49,53,-4092
3103906025,-79,4,2,-5,47,51,-4077
3103907025,-79,8,-8,-5,48,57,-4072
3103908025,-79,1,1,-2,51,58,-4084
3103909025,-79,3,-7,-10,47,59,-4065
3103910025,-79,3,-9,-10,40,54,-4089
3103911025,-79,6,-7,-6,56,48,-4083
3103912025,-79,9,-5,-5,57,58,-4073
3103913025,-79,7,-6,-5,36,50,-4092
3103914025,-79,6,-3,-10,49,56,-4100
3103915025,-79,2,-11,-11,47,54,-4074
3103916025,-79,-2,5,-3,43,42,-4087
3103917025,-79,4,-2,-6,48,60,-4098
3103918025,-79,4,-3,-10,62,46,-4084
3103919025,-79,3,1,-7,58,56,-4080
3103920025,-79,2,-8,-4,46,51,-4094
3103921025,-79,1,-2,-10,47,52,-4101
3103922025,-79,2,-3,-11,36,50,-4091
3103923025,-79,10,-8,-7,32,45,-4107
3103924025,-79,2,-6,-7,35,67,-4103
3103925025,-79,3,-6,-7,31,54,-4083
3103926025,-79,0,0,-6,44,56,-4076
3103927025,-79,-2,-1,-7,44,61,-4079
3103928025,-79,7,-8,-12,24,54,-4085
3103929025,-79,-4,1,-7,53,49,-4077
3103930025,-79,3,-6,-4,54,52,-4080
3103931025,-79,9,-3,-4,55,56,-4093
3103932025,-79,4,-3,-8,44,62,-4076
3103933025,-79,4,-1,-12,51,51,-4095
3103934025,-79,5,-1,-11,48,59,-4096
3103935025,-79,3,-5,-4,58,61,-4105
3103936025,-79,7,-11,-11,53,54,-4112
3103937025,-79,5,0,-8,39,59,-4085
3103938025,-79,1,-1,-5,38,64,-4109
3103939025,-79,1,-6,-4,46,37,-4090
3103940025,-79,4,-4,-8,40,49,-4093
3103941025,-79,10,-11,-7,44,47,-4097
3103942025,-79,2,-4,-10,45,40,-4082
3103943025,-79,3,-5,-9,40,52,-4090
3103944025,-79,2,-7,-12,46,39,-4092
3103945025,-79,1,-8,-11,37,46,-4091
3103946025,-79,1,-7,-8,38,56,-4096
3103947025,-79,-2,-8,-12,51,42,-4093
3103948025,-79,4,-4,-6,36,40,-4099
3103949025,-79,2,-3,-6,43,50,-4103
3103950025,-79,7,-10,-9,30,56,-4085
3103951025,-79,6,-4,-8,48,62,-4082
3103952025,-79,1,-6,-4,42,51,-4072
3103953025,-79,4,-1,-2,37,43,-4070
3103954025,-79,3,-2,-8,38,56,-4073
3103955025,-79,6,-10,-9,68,49,-4066
3103956025,-79,1,4,-4,32,54,-4088
3103957025,-79,9,-4,-12,42,59,-4113
3103958025,-79,5,1,-8,33,68,-4097
3103959025,-79,7,-1,-9,36,56,-4101
3103960025,-79,8,-3,-1,34,43,-4095
3103961025,-79,9,-7,-9,51,69,-4092
3103962025,-79,4,-7,-4,37,45,-4092
3103963025,-79,6,-5,-6,26,46,-4090
3103964025,-79,0,-1,-5,26,51,-4077
3103965025,-79,7,-3,-6,41,46,-4086
3103966025,-79,5,-7,-4,38,41,-4085
3103967025,-79,3,-1,-7,48,44,-4078
3103968025,-79,4,-6,-2,48,53,-4083
3103969025,-79,-2,-5,-4,60,56,-4096
3103970025,-79,5,-3,-7,25,47,-4090
3103971025,-79,4,-2,-4,52,54,-4100
3103972025,-79,0,-3,-7,45,60,-4092
3103973025,-79,5,-8,-6,41,61,-4087
3103974025,-79,7,-5,-5,45,36,-4082
3103975025,-79,3,-4,-6,35,52,-4092
3103976025,-79,5,1,-8,46,29,-4086
3103977025,-79,2,-2,-7,49,59,-4089
3103978025,-79,9,-5,-9,38,67,-4088
3103979025,-79,6,-7,-10,46,56,-4116
3103980025,-79,3,-8,-8,62,47,-4085
3103981025,-79,5,0,-10,37,52,-4089
3103982025,-79,0,-1,-6,35,54,-4100
3103983025,-79,4,-2,-6,45,40,-4089
3103984025,-79,3,-7,-6,28,43,-4082
3103985025,-79,6,1,-6,24,48,-4085
3103986025,-79,2,-2,-5,39,51,-4096
3103987025,-79,7,-12,-9,51,61,-4087
3103988025,-79,9,-6,-4,46,34,-4077
3103989025,-79,4,-5,-7,36,52,-4075
3103990025,-79,3,-7,-9,40,65,-4080
3103991025,-79,0,-2,-5,44,46,-4084
3103992025,-79,-1,-1,-6,39,65,-4081
3103993025,-79,4,-8,-7,48,68,-4087
3103994025,-79,1,-4,-4,52,55,-4080
3103995025,-79,4,-6,-8,44,67,-4092
3103996025,-79,-3,0,-8,53,49,-4097
3103997025,-79,-1,-5,-4,37,64,-4093
3103998025,-79,7,-2,-8,45,50,-4088
3103999025,-79,-1,-4,-8,34,37,-4079
3104000025,-79,10,-6,-11,51,44,-4088
3104001025,-79,2,2,-9,30,54,-4089
3104002025,-79,-2,-2,-6,51,52,-4094
3104003025,-79,3,-3,-9,43,54,-4095
3104004025,-79,5,-1,-12,44,58,-4095
3104005025,-79,1,-4,-10,33,52,-4100
3104006025,-79,2,-9,-5,30,52,-4087
3104007025,-79,1,1,-9,43,54,-4094
3104008025,-79,11,-7,-7,51,58,-4093
3104009025,-79,2,-5,-8,46,52,-4079
3104010025,-79,7,-6,-9,25,60,-4097
3104011025,-79,3,-1,-7,48,49,-4109
3104012025,-79,4,-1,-7,53,61,-4099
3104013025,-79,5,-8,-6,36,48,-4096
3104014025,-79,9,-3,-8,43,64,-4086
3104015025,-79,2,-1,-4,34,74,-4089
3104016025,-79,2,-5,-3,43,48,-4084
3104017025,-79,4,-4,-7,35,58,-4085
3104018025,-79,2,-6,-5,47,68,-4083
3104019025,-79,7,-7,-6,53,56,-4082
3104020025,-79,3,-8,-3,36,49,-4077
3104021025,-79,4,-5,-6,44,61,-4092
3104022025,-79,4,0,-9,38,54,-4084
3104023025,-79,1,-2,-4,28,56,-4083
3104024025,-79,9,-6,-8,45,54,-4072
3104025025,-79,0,-4,-8,38,47,-4088
3104026025,-79,4,-4,-9,43,62,-4074
3104027025,-79,0,-5,-2,41,53,-4079
3104028025,-79,0,2,-3,47,57,-4078
3104029025,-79,5,-3,-9,32,60,-4107
3104030025,-79,8,-8,-4,42,54,-4087
3104031025,-79,5,-2,-6,53,54,-4100
3104032025,-79,7,-4,-7,30,58,-4095
3104033025,-79,3,-3,-6,44,43,-4102
3104034025,-79,7,-8,-6,59,58,-4098
3104035025,-79,10,-6,-8,49,64,-4088
3104036025,-79,2,1,-5,50,42,-4097
3104037025,-79,4,-5,-10,32,45,-4098
3104038025,-79,7,-4,-10,34,43,-4110
3104039025,-79,0,-5,-11,33,60,-4096
3104040025,-79,3,-6,-10,33,57,-4096
3104041025,-79,-1,-2,-5,31,57,-4089
3104042025,-79,5,-2,-3,29,45,-4081
3104043025,-79,6,-3,-4,36,57,-4082
3104044025,-79,-1,1,-4,32,44,-4085
3104045025,-79,1,-2,-10,40,36,-4095
3104046025,-79,7,-5,-9,45,40,-4081
3104047025,-79,4,-2,-9,58,53,-4085
3104048025,-79,8,-4,-4,62,46,-4084
3104049025,-79,3,0,-8,43,63,-4087
3104050025,-79,0,-2,-7,45,56,-4084
3104051025,-79,3,-8,-7,46,45,-4090
3104052025,-79,0,-6,-7,48,48,-4086
3104053025,-79,8,-11,-4,43,51,-4088
3104054025,-79,6,-5,-11,27,54,-4087
3104055025,-79,3,-6,-5,39,64,-4081
3104056025,-79,4,-8,-7,36,59,-4089
3104057025,-79,-3,-5,-9,44,48,-4085
3104058025,-79,3,-3,-6,29,58,-4103
3104059025,-79,2,-3,-7,50,37,-4091
3104060025,-79,4,-6,-11,35,56,-4089
3104061025,-79,9,-7,-11,29,53,-4085
3104062025,-79,5,-6,-6,43,51,-4093
3104063025,-79,7,-5,-4,44,56,-4092
3104064025,-79,6,-4,-7,39,52,-4093
3104065025,-79,4,-5,-8,39,63,-4083
3104066025,-79,-1,-1,-7,40,53,-4092
3104067025,-79,4,-2,-6,36,46,-4089
3104068025,-79,-2,-2,-8,36,48,-4082
3104069025,-79,8,-3,-6,25,56,-4077
3104070025,-79,3,-10,-6,51,48,-4089
3104071025,-79,1,-7,-9,37,51,-4094
3104072025,-79,2,-2,0,38,55,-4085
3104073025,-79,-2,0,-2,50,66,-4078
3104074025,-79,3,-7,-9,39,54,-4089
3104075025,-79,5,-6,-9,39,61,-4096
3104076025,-79,4,-2,-6,38,52,-4102
3104077025,-79,5,-1,-6,56,50,-4093
3104078025,-79,9,-9,-7,40,52,-4104
3104079025,-79,10,-2,-10,49,46,-4093
3104080025,-79,6,-4,-11,38,40,-4089
3104081025,-79,6,-6,-8,39,39,-4092
3104082025,-79,3,-2,-7,34,52,-4083
3104083025,-79,3,-3,-7,20,38,-4086
3104084025,-79,8,2,-9,37,52,-4095
3104085025,-79,2,0,-7,52,63,-4090
3104086025,-79,2,2,-1,43,64,-4082
3104087025,-79,3,-4,-7,30,54,-4083
3104088025,-79,5,-6,-7,38,56,-4085
3104089025,-79,-1,-9,-6,33,53,-4077
3104090025,-79,4,-4,-4,44,54,-4070
3104091025,-79,4,-10,-4,52,54,-4082
3104092025,-79,5,0,-5,38,61,-4093
3104093025,-79,5,-8,-13,45,67,-4101
3104094025,-79,5,-9,-11,42,63,-4097
3104095025,-79,1,-2,-10,44,51,-4093
3104096025,-79,5,-8,-7,46,60,-4090
3104097025,-79,5,-2,-3,39,56,-4106
3104098025,-79,5,-3,-11,35,57,-4094
3104099025,-79,5,-2,-6,40,48,-4086
3104100025,-79,3,-1,-4,29,50,-4081
3104101025,-79,4,-2,-7,53,53,-4087
3104102025,-79,0,-2,-5,48,45,-4082
3104103025,-79,4,-5,-10,42,53,-4089
3104104025,-79,3,1,-8,44,70,-4082
3104105025,-79,2,-3,-9,40,64,-4100
3104106025,-79,1,-5,-11,48,51,-4090
3104107025,-79,0,-2,-8,45,62,-4100
3104108025,-79,3,-4,-8,56,61,-4094
3104109025,-79,4,-2,-9,45,57,-4100
3104110025,-79,3,-5,-4,47,53,-4093
3104111025,-79,4,-1,-5,33,56,-4083
3104112025,-79,2,-3,-5,43,50,-4083
3104113025,-79,0,-6,-2,45,45,-4073
3104114025,-79,-3,1,-7,43,50,-4092
3104115025,-79,4,-6,-5,35,59,-4083
3104116025,-79,6,1,-8,37,46,-4082
3104117025,-79,3,-5,-4,57,43,-4090
3104118025,-79,2,-1,-7,40,54,-4086
3104119025,-79,-1,0,-6,50,56,-4080
3104120025,-79,5,-4,-8,34,56,-4081
3104121025,-79,5,-5,-7,46,50,-4090
3104122025,-79,3,-1,-10,54,44,-4079
3104123025,-79,1,-5,-6,31,52,-4077
3104124025,-79,5,-2,-3,39,52,-4081
3104125025,-79,10,-4,-9,37,43,-4080
3104126025,-79,4,-5,-8,43,53,-4081
3104127025,-79,-3,-4,-6,54,56,-4082
3104128025,-79,1,-10,-6,52,48,-4096
3104129025,-79,4,-4,-4,53,55,-4082
3104130025,-79,3,-4,-10,57,70,-4099
3104131025,-79,2,-3,-8,46,59,-4082
3104132025,-79,2,0,-8,53,69,-4097
3104133025,-79,1,-8,-2,57,51,-4075
3104134025,-79,4,-5,-3,45,45,-4088
3104135025,-79,2,-6,-6,45,43,-4084
3104136025,-79,6,-4,-8,26,62,-4080
3104137025,-79,2,-4,-3,27,51,-4075
3104138025,-79,0,-11,-4,44,50,-4089
3104139025,-79,2,-6,-11,43,57,-4089
3104140025,-79,0,-4,-8,33,51,-4090
3104141025,-79,0,-3,-8,36,69,-4092
3104142025,-79,3,-1,-9,39,45,-4086
3104143025,-79,7,-5,-10,50,49,-4070
3104144025,-79,5,-8,-7,49,53,-4065
3104145025,-79,4,2,-3,34,55,-4089
3104146025,-79,6,-5,-5,36,46,-4102
3104147025,-79,7,-8,-10,30,54,-4070
3104148025,-79,3,-1,-1,56,66,-4087
3104149025,-79,7,-4,-6,64,52,-4081
3104150025,-79,3,2,-3,61,32,-4088
3104151025,-79,3,-2,-6,46,56,-4099
3104152025,-79,9,-6,-6,51,46,-4105
3104153025,-79,3,3,-8,48,58,-4102
3104154025,-79,5,-3,-7,49,44,-4096
3104155025,-79,0,-6,-10,46,70,-4094
3104156025,-79,-3,0,-8,45,51,-4113
3104157025,-79,7,-5,-10,36,50,-4102
3104158025,-79,6,-5,-9,41,57,-4089
3104159025,-79,6,-2,-4,47,41,-4079
3104160025,-79,8,-4,-8,46,50,-4083
3104161025,-79,4,2,-6,43,39,-4070
3104162025,-79,5,-5,-5,41,44,-4092
3104163025,-79,7,-3,-11,52,54,-4077
3104164025,-79,4,-4,-4,53,52,-4089
3104165025,-79,8,-7,-5,49,49,-4100
3104166025,-79,2,-5,-8,50,42,-4078
3104167025,-79,4,-1,-8,58,68,-4086
3104168025,-79,7,-10,-7,43,53,-4090
3104169025,-79,6,-4,-7,48,60,-4084
3104170025,-79,6,-7,-8,42,60,-4063
3104171025,-79,-1,-4,-7,28,48,-4086
3104172025,-79,4,-3,-4,58,45,-4080
3104173025,-79,1,-4,-9,43,60,-4087
3104174025,-79,6,-9,-9,32,40,-4094
3104175025,-79,4,-2,-7,46,61,-4096
3104176025,-79,6,-8,-7,58,66,-4099
3104177025,-79,8,-3,-10,47,43,-4096
3104178025,-79,2,1,-6,34,50,-4089
3104179025,-79,6,-6,-7,45,58,-4078
3104180025,-79,6,-2,-6,43,53,-4083
3104181025,-79,1,-4,-6,46,63,-4078
3104182025,-79,7,-3,-4,47,37,-4084
3104183025,-79,1,-2,-4,43,53,-4084
3104184025,-79,8,-5,-10,63,62,-4087
3104185025,-79,9,-4,-10,53,43,-4098
3104186025,-79,3,-7,-4,43,65,-4093
3104187025,-79,9,-4,-9,46,68,-4082
3104188025,-79,3,-7,-8,48,53,-4100
3104189025,-79,9,-8,-8,54,61,-4085
3104190025,-79,3,-9,-9,44,59,-4095
3104191025,-79,0,-1,-7,47,52,-4096
3104192025,-79,6,-10,-13,54,61,-4081
3104193025,-79,4,-1,-7,51,51,-4091
3104194025,-79,6,-5,-11,45,47,-4104
3104195025,-79,5,-3,-11,47,47,-4079
3104196025,-79,1,-4,-9,40,46,-4076
3104197025,-79,8,-5,-4,48,49,-4096
3104198025,-79,8,-3,-9,49,57,-4099
3104199025,-79,4,-2,-6,41,45,-4099
3104200025,-79,5,-3,-9,49,50,-4085
3104201025,-79,7,0,-11,47,65,-4093
3104202025,-79,3,-6,-9,64,65,-4081
3104203025,-79,1,-4,-10,41,56,-4086
3104204025,-79,4,-1,-7,35,53,-4083
3104205025,-79,5,-5,-9,28,62,-4069
3104206025,-79,6,0,-4,41,63,-4090
3104207025,-79,7,-1,-7,34,57,-4088
3104208025,-79,3,-5,-6,40,61,-4080
3104209025,-79,1,2,-6,41,53,-4090
3104210025,-79,4,-4,-10,44,53,-4079
3104211025,-79,5,-6,-10,28,48,-4081
3104212025,-79,2,-6,-11,42,62,-4084
3104213025,-79,3,-10,-7,45,55,-4092
3104214025,-79,6,0,-5,35,41,-4081
3104215025,-79,5,1,-7,40,51,-4092
3104216025,-79,1,-3,-4,56,40,-4100
3104217025,-79,3,-6,-9,41,52,-4084
3104218025,-79,2,-6,-8,43,45,-4098
3104219025,-79,2,-4,-7,47,40,-4092
3104220025,-79,2,-5,-7,45,46,-4075
3104221025,-79,6,-7,-7,28,43,-4096
3104222025,-79,6,0,-5,33,40,-4078
3104223025,-79,6,-5,-10,36,49,-4097
3104224025,-79,9,-14,-11,40,57,-4074
3104225025,-79,5,-6,-6,42,46,-4071
3104226025,-79,2,-8,-9,60,53,-4081
3104227025,-79,10,-6,-8,47,48,-4094
3104228025,-79,3,-1,-7,50,49,-4087
3104229025,-79,16,-8,-5,52,48,-4070
3104230025,-79,2,-6,-11,58,61,-4093
3104231025,-79,5,-6,-6,44,68,-4099
3104232025,-79,2,-8,-5,42,56,-4094
3104233025,-79,6,-4,-6,51,53,-4096
3104234025,-79,6,-2,-7,33,48,-4085
3104235025,-79,4,-1,-8,46,52,-4087
3104236025,-79,-3,-2,-10,52,47,-4081
3104237025,-79,-1,2,-5,38,52,-4077
3104238025,-79,2,1,-4,49,59,-4083
3104239025,-79,2,-5,-6,51,51,-4105
3104240025,-79,1,-10,-8,37,55,-4085
3104241025,-79,0,-4,-5,52,57,-4085
3104242025,-79,5,-4,-12,37,59,-4094
3104243025,-79,3,-5,-5,44,57,-4090
3104244025,-79,1,-1,-6,37,44,-4077
3104245025,-79,6,-3,-7,36,51,-4071
3104246025,-79,3,-1,-3,52,57,-4085
3104247025,-79,3,-3,-6,56,52,-4090
3104248025,-79,2,-8,-7,40,50,-4100
3104249025,-79,4,4,-5,53,65,-4091
3104250025,-79,3,-5,-6,33,45,-4106
3104251025,-79,5,0,-4,54,62,-4096
3104252025,-79,3,0,-6,34,44,-4103
3104253025,-79,6,-4,-8,49,64,-4104
3104254025,-79,11,-5,-6,40,57,-4081
3104255025,-79,3,3,-11,33,43,-4101
3104256025,-79,5,-7,-8,47,66,-4097
3104257025,-79,1,0,-9,23,49,-4084
3104258025,-79,3,-7,-8,40,55,-4077
3104259025,-79,6,-9,-7,34,47,-4086
3104260025,-79,-2,-2,-3,28,44,-4089
3104261025,-79,7,-7,-4,30,49,-4086
3104262025,-79,5,-2,-9,41,48,-4080
3104263025,-79,0,-3,-7,27,56,-4074
3104264025,-79,4,-4,-3,52,56,-4085
3104265025,-79,5,3,-5,62,64,-4093
3104266025,-79,2,-6,-7,51,51,-4096
3104267025,-79,6,-5,-10,52,57,-4096
3104268025,-79,5,-6,-8,34,52,-4091
3104269025,-79,0,3,-4,49,45,-4092
3104270025,-79,8,-5,-10,41,56,-4088
3104271025,-79,4,-3,-5,53,50,-4101
3104272025,-79,4,-5,-8,40,69,-4104
3104273025,-79,5,-4,-11,46,51,-4092
3104274025,-79,-2,-2,-9,57,56,-4100
3104275025,-79,5,-4,-5,41,55,-4092
3104276025,-79,10,0,-9,35,52,-4076
3104277025,-79,5,-4,-5,42,50,-4083
3104278025,-79,7,0,-7,32,52,-4097
3104279025,-79,4,-2,-8,39,46,-4082
3104280025,-79,9,-8,-8,34,54,-4086
3104281025,-79,11,-7,-9,39,39,-4091
3104282025,-79,3,-4,-6,53,47,-4076
3104283025,-79,5,-4,-7,37,57,-4084
3104284025,-79,3,-6,-7,42,42,-4082
3104285025,-79,5,-8,-8,49,55,-4086
3104286025,-79,0,-4,-10,53,47,-4101
3104287025,-79,1,2,-7,47,40,-4088
3104288025,-79,4,-5,-6,48,50,-4101
3104289025,-79,8,1,-7,50,42,-4074
3104290025,-79,2,-5,-7,26,62,-4080
3104291025,-79,9,-3,-5,20,67,-4101
3104292025,-79,4,1,-7,53,74,-4087
3104293025,-79,1,-5,-5,46,45,-4085
3104294025,-79,2,-2,-9,33,47,-4090
3104295025,-79,4,-4,-7,44,69,-4086
3104296025,-79,5,-3,-9,37,46,-4101
3104297025,-79,4,-6,-9,58,49,-4092
3104298025,-79,6,-6,-10,30,55,-4081
3104299025,-79,-1,-4,-7,55,47,-4078
3104300025,-79,7,-7,-9,43,50,-4080
3104301025,-79,4,-6,-7,39,56,-4093
3104302025,-79,1,-5,-6,49,56,-4105
3104303025,-79,5,-3,-5,43,47,-4087
3104304025,-79,6,-9,-4,39,46,-4081
3104305025,-79,11,-1,-6,45,49,-4079
3104306025,-79,2,-7,-10,52,56,-4083
3104307025,-79,3,-4,-11,51,49,-4085
3104308025,-79,1,1,-6,39,40,-4101
3104309025,-79,6,-8,-10,36,55,-4080
3104310025,-79,3,-4,-9,51,52,-4091
3104311025,-79,1,-2,-10,53,50,-4085
3104312025,-79,7,-3,-10,48,49,-4088
3104313025,-79,2,2,-8,35,46,-4087
3104314025,-79,7,1,-9,48,58,-4081
3104315025,-79,6,-2,-8,53,41,-4093
3104316025,-79,5,-7,-10,32,58,-4087
3104317025,-79,10,-12,-7,60,38,-4080
3104318025,-79,0,-6,-7,38,46,-4099
3104319025,-79,3,-1,-8,35,60,-4089
3104320025,-79,4,-10,0,33,58,-4093
3104321025,-79,6,-6,-2,37,62,-4081
3104322025,-79,6,-8,-7,37,65,-4093
3104323025,-79,4,-4,-10,43,56,-4099
3104324025,-79,5,1,-6,48,79,-4102
3104325025,-79,0,-8,-7,38,52,-4101
3104326025,-79,-4,-2,-6,39,46,-4078
3104327025,-79,5,-6,-12,48,49,-4080
3104328025,-79,7,-6,-6,43,56,-4091
3104329025,-79,4,1,-6,49,54,-4088
3104330025,-79,6,0,-7,47,45,-4069
3104331025,-79,2,-4,-9,52,45,-4090
3104332025,-79,6,-2,-8,54,41,-4094
3104333025,-79,3,-1,-6,46,70,-4104
3104334025,-79,4,-3,-12,40,53,-4090
3104335025,-79,3,-7,-8,50,55,-4088
3104336025,-79,8,-9,-12,33,57,-4096
3104337025,-79,8,-8,-10,40,58,-4072
3104338025,-79,-2,-6,-8,33,55,-4078
3104339025,-79,5,-9,-11,35,44,-4084
3104340025,-79,5,-5,-13,45,47,-4081
3104341025,-79,5,-2,-7,46,62,-4085
3104342025,-79,2,-4,-7,52,53,-4095
3104343025,-79,5,-3,-6,55,47,-4064
3104344025,-79,5,-9,-7,50,52,-4090
3104345025,-79,6,-3,-5,46,40,-4090
3104346025,-79,3,2,-3,46,54,-4096
3104347025,-79,6,-2,-6,50,49,-4110
3104348025,-79,7,4,-7,48,46,-4086
3104349025,-79,9,-1,-8,49,59,-4092
3104350025,-79,5,-3,-10,50,52,-4079
3104351025,-79,2,-6,-12,44,53,-4083
3104352025,-79,0,-11,-9,37,46,-4089
3104353025,-79,1,-2,-3,40,54,-4090
3104354025,-79,5,-6,-5,60,57,-4091
3104355025,-79,5,-4,-7,25,62,-4090
3104356025,-79,3,3,-9,41,64,-4092
3104357025,-79,7,-6,-5,33,70,-4079
3104358025,-79,6,-2,-5,44,51,-4104
3104359025,-79,-5,-4,-7,25,52,-4100
3104360025,-79,5,-7,-5,48,44,-4085
3104361025,-79,3,1,-8,34,67,-4086
3104362025,-79,4,-8,-8,41,72,-4074
3104363025,-79,3,-4,-6,48,59,-4081
3104364025,-79,6,-5,-4,38,60,-4070
3104365025,-79,-1,-5,-6,55,46,-4079
3104366025,-79,12,-9,-6,41,49,-4085
3104367025,-79,8,0,-9,52,58,-4100
3104368025,-79,6,-7,-8,55,51,-4084
3104369025,-79,1,-3,-8,33,56,-4093
3104370025,-79,5,-7,-5,25,57,-4089
3104371025,-79,9,-10,-9,33,45,-4092
3104372025,-79,3,-2,-8,39,57,-4097
3104373025,-79,0,-6,-10,38,64,-4093
3104374025,-79,5,2,-9,43,51,-4093
3104375025,-79,7,-4,-9,22,63,-4076
3104376025,-79,4,-4,-7,34,59,-4085
3104377025,-79,3,-3,-7,41,60,-4084
3104378025,-79,4,-4,-6,56,52,-4090
3104379025,-79,4,-2,-9,41,46,-4094
3104380025,-79,1,-2,-2,44,46,-4084
3104381025,-79,2,0,-3,50,53,-4097
3104382025,-79,8,-2,-6,43,55,-4076
3104383025,-79,0,3,-2,30,57,-4080
3104384025,-79,4,-6,-6,34,52,-4086
3104385025,-79,4,-2,-7,47,40,-4087
3104386025,-79,1,-1,-4,38,48,-4098
3104387025,-79,8,-7,-7,35,50,-4084
3104388025,-79,3,-2,-11,56,45,-4065
3104389025,-79,4,-9,-9,47,42,-4104
3104390025,-79,2,-2,-7,41,58,-4085
3104391025,-79,5,-1,-4,30,60,-4084
3104392025,-79,9,-6,-7,41,60,-4092
3104393025,-79,8,-4,-8,32,69,-4093
3104394025,-79,1,-3,-5,39,50,-4089
3104395025,-79,5,-2,-9,28,63,-4087
3104396025,-79,4,-4,-5,42,50,-4093
3104397025,-79,0,-4,-8,42,54,-4074
3104398025,-79,3,-4,-11,31,50,-4089
3104399025,-79,1,-4,-7,57,69,-4080
3104400025,-79,7,-2,-14,57,54,-4085
3104401025,-79,0,-6,-12,54,64,-4092
3104402025,-79,4,-1,-4,39,53,-4079
3104403025,-79,2,-5,-2,53,60,-4091
3104404025,-79,3,3,-4,46,57,-4101
3104405025,-79,2,-4,-12,46,62,-4074
3104406025,-79,2,-7,-4,38,68,-4095
3104407025,-79,2,-7,-9,50,61,-4092
3104408025,-79,2,-5,-11,38,29,-4090
3104409025,-79,3,-6,-7,36,49,-4082
3104410025,-79,7,-10,-7,37,43,-4080
3104411025,-79,4,1,-11,25,48,-4088
3104412025,-79,1,2,-11,44,37,-4090
3104413025,-79,4,-5,-8,62,46,-4079
3104414025,-79,6,-2,-9,47,60,-4092
3104415025,-79,3,-4,-7,29,61,-4107
3104416025,-79,4,-8,-4,48,57,-4098
3104417025,-79,6,-1,-3,32,57,-4093
3104418025,-79,5,-7,-5,44,51,-4105
3104419025,-79,2,-7,-5,41,45,-4069
3104420025,-79,-1,0,-5,63,52,-4070
3104421025,-79,4,-7,-9,35,50,-4072
3104422025,-79,5,-7,-13,51,55,-4069
3104423025,-79,3,-4,-8,42,46,-4091
3104424025,-79,5,-5,-4,39,55,-4085
3104425025,-79,3,-4,-6,29,61,-4098
3104426025,-79,2,-11,-12,38,64,-4101
3104427025,-79,10,-5,-4,43,54,-4106
3104428025,-79,6,-6,-8,40,52,-4073
3104429025,-79,5,-5,-7,38,60,-4085
3104430025,-79,2,-8,-10,50,53,-4090
3104431025,-79,1,0,-6,41,62,-4083
3104432025,-79,3,-4,-9,51,48,-4079
3104433025,-79,2,-3,-12,42,46,-4078
3104434025,-79,3,-2,-11,37,46,-4090
3104435025,-79,3,-6,-12,39,62,-4095
3104436025,-79,2,0,-5,47,53,-4081
3104437025,-79,6,-7,-3,54,59,-4096
3104438025,-79,6,4,-3,42,64,-4096
3104439025,-79,4,-6,-5,43,51,-4094
3104440025,-79,5,-1,-5,36,47,-4097
3104441025,-79,6,1,-4,39,57,-4071
3104442025,-79,6,-5,-7,43,54,-4098
3104443025,-79,5,-5,-8,51,53,-4087
3104444025,-79,6,-2,-12,31,49,-4090
3104445025,-79,5,-3,-10,37,44,-4084
3104446025,-79,2,2,-6,37,44,-4076
3104447025,-79,8,-7,-13,45,47,-4089
3104448025,-79,5,-6,-13,55,47,-4088
3104449025,-79,-1,1,-1,38,54,-4084
3104450025,-79,-2,-5,-7,48,58,-4078
3104451025,-79,5,-8,-7,36,44,-4093
3104452025,-79,-2,-1,-7,40,71,-4097
3104453025,-79,5,-5,-4,41,67,-4106
3104454025,-79,2,-1,-7,45,61,-4088
3104455025,-79,-2,-4,-9,32,67,-4085
3104456025,-79,6,-3,-10,38,57,-4086
3104457025,-79,0,-9,-8,40,66,-4101
3104458025,-79,5,-7,-7,40,53,-4097
3104459025,-79,10,-4,-10,35,54,-4091
3104460025,-79,-1,-2,-9,36,57,-4095
3104461025,-79,1,-7,-9,44,62,-4078
3104462025,-79,10,-4,-9,43,46,-4093
3104463025,-79,7,-5,-9,43,49,-4093
3104464025,-79,5,-4,-9,37,45,-4079
3104465025,-79,11,-1,-7,54,59,-4103
3104466025,-79,7,-6,-2,27,65,-4094
3104467025,-79,6,-7,-3,61,47,-4076
3104468025,-79,7,-2,-5,48,55,-4102
3104469025,-79,4,-6,-4,38,43,-4086
3104470025,-79,4,5,-8,43,37,-4095
3104471025,-79,1,0,-9,44,55,-4098
3104472025,-79,0,-8,-2,51,40,-4094
3104473025,-79,3,0,-6,44,44,-4096
3104474025,-79,2,-6,-10,43,68,-4099
3104475025,-79,2,0,-8,35,55,-4082
3104476025,-79,1,-6,-5,38,58,-4081
3104477025,-79,9,-4,-2,38,53,-4092
3104478025,-79,0,-6,-5,39,48,-4088
3104479025,-79,3,-3,-3,38,41,-4087
3104480025,-79,9,-4,-8,33,42,-4093
3104481025,-79,3,0,-8,43,66,-4084
3104482025,-79,3,-4,-8,44,32,-4078
3104483025,-79,2,-1,-7,28,44,-4084
3104484025,-79,1,5,-8,34,54,-4074
3104485025,-79,3,-2,-6,42,66,-4079
3104486025,-79,6,-7,-7,57,52,-4108
3104487025,-79,6,-8,-5,48,62,-4102
3104488025,-79,2,-2,-2,44,66,-4087
3104489025,-79,7,-5,-9,43,67,-4099
3104490025,-79,8,-5,-8,43,48,-4088
3104491025,-79,7,-6,-8,23,45,-4097
3104492025,-79,2,-3,-5,31,47,-4095
3104493025,-79,5,-6,-13,37,50,-4095
3104494025,-79,7,-8,-3,39,47,-4092
3104495025,-79,1,-5,-4,44,54,-4104
3104496025,-79,6,-7,-11,38,45,-4094
3104497025,-79,5,-3,-1,53,48,-4080
3104498025,-79,5,-1,-5,46,64,-4086
3104499025,-79,11,-6,-3,51,62,-4089
3104500025,-79,1,-1,-8,48,64,-4074
3104501025,-79,4,0,-9,36,56,-4095
3104502025,-79,1,-1,-8,41,56,-4090
3104503025,-79,2,-1,-9,34,52,-4097
3104504025,-79,4,-6,-10,47,55,-4100
3104505025,-79,-3,-3,-8,46,47,-4103
3104506025,-79,2,-4,-10,60,50,-4084
3104507025,-79,2,-7,-3,41,38,-4091
3104508025,-79,5,-6,-11,43,50,-4098
3104509025,-79,4,-5,-7,54,53,-4090
3104510025,-79,1,-1,-5,24,53,-4101
3104511025,-79,3,-4,-5,37,47,-4089
3104512025,-79,5,-6,-9,42,65,-4098
3104513025,-79,4,-1,-2,27,51,-4097
3104514025,-79,3,-6,-3,43,52,-4088
3104515025,-79,3,-3,-6,39,57,-4071
3104516025,-79,2,-2,-6,35,47,-4085
3104517025,-79,4,-7,-6,50,37,-4086
3104518025,-79,4,-3,-10,38,60,-4084
3104519025,-79,5,-6,-10,44,47,-4089
3104520025,-79,4,-7,-7,39,59,-4092
3104521025,-79,-2,1,-6,37,73,-4103
3104522025,-79,8,-6,-7,30,63,-4097
3104523025,-79,5,-4,-6,47,66,-4101
3104524025,-79,-2,-6,-7,27,40,-4098
3104525025,-79,7,-2,-8,44,54,-4095
3104526025,-79,6,-4,-8,36,49,-4081
3104527025,-79,7,-5,-9,38,48,-4082
3104528025,-79,1,-3,-5,48,63,-4078
3104529025,-79,7,-2,-8,40,63,-4082
3104530025,-79,3,-5,-8,40,42,-4077
3104531025,-79,5,-4,-9,53,52,-4094
3104532025,-79,4,-8,-9,45,51,-4090
3104533025,-79,7,-3,-2,44,67,-4105
3104534025,-79,2,2,-8,43,55,-4116
3104535025,-79,1,0,-5,50,59,-4093
3104536025,-79,4,-6,-3,39,42,-4102
3104537025,-79,4,-3,-8,38,61,-4090
3104538025,-79,5,-5,-4,44,55,-4085
3104539025,-79,5,1,-11,37,52,-4084
3104540025,-79,5,-4,-7,58,47,-4078
3104541025,-79,7,-9,-10,59,51,-4087
3104542025,-79,7,-5,-10,68,70,-4092
3104543025,-79,2,-4,-9,44,72,-4097
3104544025,-79,6,-8,-8,55,42,-4092
3104545025,-79,2,-4,-10,41,55,-4092
3104546025,-79,7,-5,-9,36,62,-4101
3104547025,-79,2,-4,-5,37,52,-4092
3104548025,-79,-1,-4,-9,28,45,-4103
3104549025,-79,6,-6,-3,34,60,-4089
3104550025,-79,3,-1,-5,34,40,-4104
3104551025,-79,2,-6,-8,37,55,-4083
3104552025,-79,0,-2,-7,41,48,-4095
3104553025,-79,-1,1,-7,41,66,-4082
3104554025,-79,2,-5,-8,37,43,-4094
3104555025,-79,8,-5,-11,14,57,-4088
3104556025,-79,9,-3,-11,42,48,-4088
3104557025,-79,4,-2,-11,46,60,-4086
3104558025,-79,1,-4,-9,49,67,-4091
3104559025,-79,5,-6,-12,40,47,-4088
3104560025,-79,5,-3,-4,29,72,-4099
3104561025,-79,6,-4,-7,43,58,-4096
3104562025,-79,-2,-3,-7,40,41,-4087
3104563025,-79,6,-2,-4,44,61,-4068
3104564025,-79,5,-3,-3,43,44,-4085
3104565025,-79,1,-4,-10,49,58,-4092
3104566025,-79,1,-3,-10,34,50,-4086
3104567025,-79,1,-7,-8,46,57,-4108
3104568025,-79,13,-8,-11,42,51,-4096
3104569025,-79,3,3,-10,45,55,-4073
3104570025,-79,7,-11,-11,46,59,-4093
3104571025,-79,-2,-6,-3,34,63,-4087
3104572025,-79,6,-6,-6,45,49,-4096
3104573025,-79,7,-4,-5,33,48,-4089
3104574025,-79,7,-7,-3,48,58,-4086
3104575025,-79,-3,0,-6,46,53,-4086
3104576025,-79,9,-8,-6,47,54,-4093
3104577025,-79,3,-5,-6,50,39,-4104
3104578025,-79,4,-3,-9,48,58,-4102
3104579025,-79,7,-3,-3,33,54,-4106
3104580025,-79,1,-5,-11,40,54,-4101
3104581025,-79,7,-11,-10,41,50,-4094
3104582025,-79,3,-4,-9,37,59,-4082
3104583025,-79,5,-6,-6,35,61,-4064
3104584025,-79,2,-1,-2,55,38,-4078
3104585025,-79,2,-1,-1,43,44,-4083
3104586025,-79,0,-3,-5,49,37,-4088
3104587025,-79,9,-4,-3,40,56,-4096
3104588025,-79,2,-1,-7,42,60,-4103
3104589025,-79,-2,-2,-6,53,48,-4096
3104590025,-79,1,-1,-8,28,57,-4099
3104591025,-79,5,-6,-15,50,45,-4093
3104592025,-79,10,-4,-10,51,51,-4092
3104593025,-79,3,-4,-10,30,59,-4088
3104594025,-79,3,-7,-4,41,61,-4092
3104595025,-79,8,-3,-4,35,38,-4089
3104596025,-79,-2,-3,-1,41,49,-4078
3104597025,-79,2,0,-7,40,54,-4076
3104598025,-79,4,1,-10,46,54,-4086
3104599025,-79,7,-2,-10,47,44,-4102
3104600025,-79,8,-4,-7,62,59,-4086
3104601025,-79,-2,-7,-7,42,55,-4070
3104602025,-79,1,-4,-9,31,57,-4106
3104603025,-79,2,-1,-4,36,63,-4097
3104604025,-79,5,-3,-8,53,64,-4090
3104605025,-79,7,-8,-12,31,48,-4085
3104606025,-79,8,-8,-10,43,44,-4079
3104607025,-79,2,1,-4,49,41,-4088
3104608025,-79,4,-4,-5,55,29,-4086
3104609025,-79,-2,-1,-3,48,48,-4100
3104610025,-79,5,-3,-1,41,47,-4087
3104611025,-79,6,-2,1,53,44,-4095
3104612025,-79,1,4,-2,43,49,-4110
3104613025,-79,5,-9,-7,48,61,-4099
3104614025,-79,4,-1,-7,42,65,-4089
3104615025,-79,8,-7,-14,18,55,-4094
3104616025,-79,4,-3,-5,38,52,-4086
3104617025,-79,4,8,-3,50,49,-4076
3104618025,-79,1,0,-9,45,49,-4081
3104619025,-79,2,-6,-6,33,46,-4065
3104620025,-79,8,-3,-7,49,63,-4076
3104621025,-79,3,-2,-5,38,48,-4082
3104622025,-79,4,-7,-10,54,56,-4104
3104623025,-79,2,-8,-9,47,56,-4087
3104624025,-79,6,-6,-6,41,62,-4084
3104625025,-79,5,-3,-8,42,49,-4106
3104626025,-79,2,-1,-10,43,61,-4092
3104627025,-79,5,1,-11,46,72,-4094
3104628025,-79,10,-1,-6,48,58,-4095
3104629025,-79,6,-11,-6,43,54,-4086
3104630025,-79,8,-2,-6,31,56,-4103
3104631025,-79,5,-5,-9,44,45,-4096
3104632025,-79,7,-9,-10,59,58,-4085
3104633025,-79,3,-5,-11,39,51,-4091
3104634025,-79,9,-3,-5,49,56,-4107
3104635025,-79,7,0,-7,37,72,-4089
3104636025,-79,3,-1,-6,49,48,-4094
3104637025,-79,1,-3,-9,57,57,-4092
3104638025,-79,1,-2,-4,40,63,-4073
3104639025,-79,11,-5,-10,38,60,-4084
3104640025,-79,7,-4,-6,52,64,-4085
3104641025,-79,3,2,-7,58,68,-4073
3104642025,-79,8,-8,-9,49,53,-4086
3104643025,-79,4,-6,-8,58,55,-4089
3104644025,-79,6,-2,-5,54,61,-4081
3104645025,-79,4,-6,-6,38,59,-4091
3104646025,-79,0,-3,-5,48,61,-4092
3104647025,-79,2,4,-7,55,59,-4076
3104648025,-79,4,-5,-9,31,60,-4108
3104649025,-79,7,-6,-7,38,56,-4093
3104650025,-79,5,-5,-8,40,59,-4094
3104651025,-79,5,-11,-12,42,54,-4097
3104652025,-79,6,-1,-7,41,48,-4082
3104653025,-79,7,-2,-5,36,63,-4080
3104654025,-79,7,0,-5,44,59,-4069
3104655025,-79,0,-3,-7,62,63,-4096
3104656025,-79,1,-6,-5,36,58,-4091
3104657025,-79,1,-2,-3,68,57,-4092
3104658025,-79,6,-4,-12,42,40,-4089
3104659025,-79,3,-5,-3,37,59,-4104
3104660025,-79,2,-2,-7,41,57,-4074
3104661025,-79,7,-7,-7,38,64,-4093
3104662025,-79,2,-6,-10,57,46,-4084
3104663025,-79,7,-8,-6,44,44,-4073
3104664026,-79,3,-8,-8,42,53,-4084
3104665025,-79,3,4,-4,46,50,-4077
3104666026,-79,3,-4,-10,34,38,-4099
3104667027,-79,3,-3,-8,45,33,-4101
3104668025,-79,9,-5,-7,52,58,-4096
3104669025,-79,2,-3,-2,39,60,-4090
3104670025,-79,1,-4,-5,31,58,-4095
3104671025,-79,5,-1,-7,35,64,-4090
3104672025,-79,8,-4,-6,33,58,-4087
3104673025,-79,5,3,-9,34,46,-4088
3104674025,-79,8,-5,-10,37,49,-4079
3104675025,-79,6,-7,-11,46,59,-4082
3104676025,-79,3,-6,-10,44,27,-4088
3104677025,-79,11,-9,-5,49,59,-4093
3104678025,-79,8,-1,-7,54,55,-4082
3104679025,-79,0,-3,-3,54,53,-4073
3104680025,-79,7,-6,-9,52,42,-4084
3104681025,-79,3,-3,-6,42,50,-4086
3104682025,-79,9,-8,-6,46,49,-4092
3104683025,-79,7,-5,-6,41,47,-4102
3104684025,-79,4,-2,-8,44,55,-4090
3104685025,-79,3,-8,-10,50,46,-4082
3104686025,-79,5,3,-5,48,54,-4078
3104687025,-79,7,-4,-3,31,56,-4095
3104688025,-79,4,-6,-11,49,46,-4089
3104689025,-79,4,-4,-9,34,48,-4084
3104690025,-79,3,-4,-9,41,38,-4089
3104691025,-79,6,-4,-10,26,57,-4097
3104692025,-79,1,-7,-4,48,45,-4091
3104693025,-79,5,-5,-6,44,49,-4095
3104694025,-79,1,-2,-7,27,59,-4094
3104695025,-79,2,-8,-7,45,48,-4083
3104696025,-79,5,-9,-10,48,54,-4098
3104697025,-79,3,-4,-4,38,41,-4097
3104698025,-79,8,-2,-4,57,63,-4096
3104699025,-79,4,-4,-5,52,42,-4093
3104700025,-79,4,-2,-6,46,42,-4073
3104701025,-79,7,-2,-6,51,49,-4084
3104702025,-79,6,-1,-4,69,50,-4092
3104703025,-79,7,1,-4,36,54,-4091
3104704025,-79,4,-7,-9,43,55,-4098
3104705025,-79,-2,1,-8,33,56,-4093
3104706025,-79,3,-8,-11,46,39,-4114
3104707025,-79,7,0,-10,39,42,-4097
3104708025,-79,0,2,-5,34,57,-4104
3104709025,-79,9,-6,-8,27,50,-4103
3104710025,-79,8,-5,-8,30,51,-4093
3104711025,-79,0,-6,-8,27,55,-4084
3104712025,-79,8,-6,-7,27,43,-4091
3104713025,-79,8,-2,-10,45,46,-4099
3104714025,-79,4,-10,-10,48,63,-4083
3104715025,-79,1,-3,-11,37,56,-4093
3104716025,-79,5,-5,-8,51,76,-4076
3104717025,-79,0,-3,-6,57,61,-4080
3104718025,-79,8,-4,-8,44,55,-4080
3104719025,-79,8,-6,-6,55,63,-4087
3104720025,-79,7,-5,-1,50,60,-4070
3104721025,-79,0,-2,-9,42,44,-4100
3104722025,-79,-2,0,-6,44,52,-4087
3104723025,-79,8,-3,-4,46,45,-4078
3104724025,-79,12,-2,-8,41,49,-4072
3104725025,-79,5,-4,-8,50,36,-4078
3104726025,-79,7,-5,-10,52,43,-4088
3104727025,-79,7,-6,-11,46,47,-4077
3104728025,-79,2,-2,-3,45,36,-4105
3104729025,-79,3,-1,-5,45,61,-4100
3104730025,-79,7,-6,-4,31,54,-4088
3104731025,-79,1,-2,-5,60,48,-4087
3104732025,-79,1,-7,-1,17,55,-4081
3104733025,-79,5,-11,-8,37,48,-4082
3104734025,-79,-1,-5,-5,35,44,-4095
3104735025,-79,2,-4,-6,46,52,-4080
3104736025,-79,8,-9,-13,24,51,-4089
3104737025,-79,9,-2,-8,55,44,-4093
3104738025,-79,7,-2,-6,26,45,-4085
3104739025,-79,1,-6,-13,41,52,-4090
3104740025,-79,-1,0,-3,65,42,-4085
3104741025,-79,6,-5,-6,41,63,-4081
3104742025,-79,2,-6,-4,44,67,-4094
3104743025,-79,8,-1,-6,32,59,-4085
3104744025,-79,0,-4,-2,32,65,-4083
3104745025,-79,1,-1,-4,42,45,-4070
3104746025,-79,3,-4,-4,38,47,-4094
3104747025,-79,7,-2,-4,40,51,-4093
3104748025,-79,1,0,-5,47,47,-4081
3104749025,-79,6,-7,-7,33,52,-4101
3104750025,-79,7,-3,-4,39,56,-4094
3104751025,-79,6,-5,-7,39,66,-4094
3104752025,-79,3,-7,-11,37,63,-4086
3104753025,-79,-3,-3,-8,40,42,-4076
3104754025,-79,3,-2,-11,22,48,-4083
3104755025,-79,2,-5,-12,34,50,-4080
3104756025,-79,0,-2,-6,44,65,-4093
3104757025,-79,-1,-4,-6,47,55,-4102
3104758025,-79,3,-1,-11,45,61,-4080
3104759025,-79,0,-7,-13,42,38,-4077
3104760025,-79,4,-2,-9,33,40,-4086
3104761025,-79,4,-3,-6,43,47,-4083
3104762025,-79,12,-2,-8,59,50,-4086
3104763025,-79,6,2,-7,55,52,-4088
3104764025,-79,6,-4,-9,38,52,-4085
3104765025,-79,5,-7,-2,47,54,-4092
3104766025,-79,-2,-1,-4,48,55,-4095
3104767025,-79,0,-2,-6,55,55,-4093
3104768025,-79,6,-9,-8,45,40,-4081
3104769025,-79,8,-7,-8,44,54,-4090
3104770025,-79,11,-9,-9,43,36,-4096
3104771025,-79,4,-7,-8,35,54,-4079
3104772025,-79,1,0,-10,24,52,-4090
3104773025,-79,6,-7,-11,43,54,-4094
3104774025,-79,3,-2,-6,39,50,-4094
3104775025,-79,4,-6,-7,38,64,-4083
3104776025,-79,6,0,-3,30,44,-4088
3104777025,-79,-3,-1,-5,40,48,-4094
3104778025,-79,8,-11,-4,43,38,-4091
3104779025,-79,4,-3,-5,40,56,-4094
3104780025,-79,3,0,-1,44,57,-4090
3104781025,-79,11,-9,-4,52,64,-4097
3104782025,-79,5,-4,-8,35,52,-4095
3104783025,-79,5,0,-6,50,42,-4091
3104784025,-79,5,-9,-5,45,39,-4101
3104785025,-79,3,-4,-7,43,58,-4081
3104786025,-79,4,-9,-8,36,44,-4088
3104787025,-79,1,-2,-8,41,59,-4092
3104788025,-79,8,-5,-9,38,43,-4089
3104789025,-79,11,-5,-10,37,60,-4079
3104790025,-79,6,2,-4,31,54,-4091
3104791025,-79,7,-3,-10,47,55,-4101
3104792025,-79,3,-1,-8,35,50,-4087
3104793025,-79,5,-3,-10,54,45,-4095
3104794025,-79,4,-6,-10,41,50,-4092
3104795025,-79,6,-7,-12,49,52,-4080
3104796025,-79,6,-6,-9,28,63,-4081
3104797025,-79,-1,-10,-12,28,47,-4088
3104798025,-79,0,-3,-9,44,47,-4078
3104799025,-79,6,-5,-7,42,57,-4086
3104800025,-79,6,-6,-9,46,52,-4084
3104801025,-79,4,-2,-5,49,58,-4092
3104802025,-79,9,-2,-3,45,56,-4094
3104803025,-79,3,-3,-2,44,51,-4087
3104804025,-79,3,-3,-5,39,51,-4095
3104805025,-79,11,-6,-8,33,58,-4106
3104806025,-79,1,-3,-7,38,52,-4095
3104807025,-79,2,-3,-11,48,60,-4077
3104808025,-79,4,-3,-6,29,49,-4081
3104809025,-79,2,-1,-7,50,45,-4095
3104810025,-79,3,-10,-5,23,54,-4077
3104811025,-79,6,-4,-6,47,57,-4089
3104812025,-79,10,-5,-5,32,49,-4095
3104813025,-79,6,0,-3,36,47,-4096
3104814025,-79,1,-3,-7,61,47,-4082
3104815025,-79,11,-6,-7,43,65,-4073
3104816025,-79,2,-5,-4,49,69,-4079
3104817025,-79,6,-3,-9,46,51,-4088
3104818025,-79,7,-8,-9,52,40,-4094
3104819025,-79,10,-3,-7,50,59,-4092
3104820025,-79,4,0,-9,36,53,-4082
3104821025,-79,4,-8,-7,44,54,-4078
3104822025,-79,1,3,-10,46,52,-4078
3104823025,-79,6,-6,-7,42,60,-4079
3104824025,-79,3,-7,-7,49,52,-4090
3104825025,-79,3,-2,-9,38,57,-4081
3104826025,-79,4,-7,-12,32,51,-4082
3104827025,-79,-2,-1,-4,25,52,-4092
3104828025,-79,3,-5,-7,39,59,-4098
3104829025,-79,3,-5,-8,26,62,-4100
3104830025,-79,4,-5,-6,43,47,-4092
3104831025,-79,0,-2,-6,42,54,-4082
3104832025,-79,8,-6,-7,36,62,-4084
3104833025,-79,1,-6,-9,40,63,-4093
3104834025,-79,2,1,-5,34,40,-4090
3104835025,-79,4,-4,-7,53,63,-4097
3104836025,-79,-2,0,-5,46,35,-4086
3104837025,-79,7,-7,-5,39,46,-4076
3104838025,-79,4,-7,-8,51,49,-4085
3104839025,-79,9,-3,-9,43,50,-4088
3104840025,-79,-2,-2,-6,53,56,-4078
3104841025,-79,1,3,-7,32,56,-4084
3104842025,-79,5,-10,-10,52,26,-4072
3104843025,-79,3,-4,-6,48,61,-4091
3104844025,-79,1,-3,-8,50,55,-4103
3104845025,-79,4,-7,-9,48,50,-4103
3104846025,-79,5,-1,-11,49,73,-4098
3104847025,-79,4,-8,-13,41,55,-4107
3104848025,-79,11,-4,-8,42,65,-4088
3104849025,-79,1,-3,-8,48,45,-4090
3104850025,-79,1,-1,-7,34,57,-4104
3104851025,-79,0,-2,-1,40,45,-4090
3104852025,-79,0,-3,-5,42,44,-4077
3104853025,-79,2,-2,-6,41,57,-4076
3104854025,-79,4,-1,-9,39,60,-4098
3104855025,-79,7,-5,-12,32,56,-4078
3104856025,-79,-1,-2,-14,51,55,-4080
3104857025,-79,4,-6,-10,32,55,-4077
3104858025,-79,6,-6,-11,37,44,-4080
3104859025,-79,6,1,-10,58,55,-4093
3104860025,-79,6,-7,-6,51,63,-4101
3104861025,-79,6,-10,-8,46,61,-4104
3104862025,-79,-2,-4,-4,35,61,-4093
3104863025,-79,4,-5,-10,57,67,-4081
3104864025,-79,3,-10,-9,50,47,-4091
3104865025,-79,0,0,-5,48,69,-4099
3104866025,-79,9,-5,-7,44,51,-4098
3104867025,-79,5,-3,-7,62,59,-4088
3104868025,-79,3,0,-2,35,51,-4095
3104869025,-79,7,-5,-9,42,57,-4083
3104870025,-79,5,-2,-8,50,43,-4084
3104871025,-79,9,-7,-1,58,58,-4097
3104872025,-79,5,-3,-6,49,60,-4070
3104873025,-79,-2,2,-2,55,52,-4102
3104874025,-79,6,-6,-6,39,48,-4081
3104875025,-79,5,-5,-6,33,53,-4099
3104876025,-79,4,-1,-8,48,50,-4092
3104877025,-79,0,-5,-1,34,56,-4081
3104878025,-79,4,-1,-2,38,63,-4084
3104879025,-79,2,0,-7,32,55,-4084
3104880025,-79,3,-6,-9,51,44,-4080
3104881025,-79,2,2,-9,44,55,-4089
3104882025,-79,10,-5,-11,33,62,-4086
3104883025,-79,2,-7,-3,43,54,-4073
3104884025,-79,2,-10,-5,51,60,-4102
3104885025,-79,4,-3,-2,50,61,-4078
3104886025,-79,2,-3,-4,37,49,-4107
3104887025,-79,2,-2,-5,48,49,-4100
3104888025,-79,3,-2,-10,35,44,-4096
3104889025,-79,-1,-3,-7,35,49,-4086
3104890025,-79,-1,-10,-7,40,53,-4081
3104891025,-79,1,1,-6,40,50,-4090
3104892025,-79,4,-6,-7,43,50,-4085
3104893025,-79,8,-7,-14,39,60,-4099
3104894025,-79,1,-3,-6,51,62,-4105
3104895025,-79,1,-6,-6,41,45,-4096
3104896025,-79,11,-3,-7,35,50,-4107
3104897025,-79,-2,0,-2,47,63,-4089
3104898025,-79,8,-8,-11,58,48,-4088
3104899025,-79,1,-1,-4,50,38,-4091
3104900025,-79,1,-6,-10,51,55,-4092
3104901025,-79,10,-8,-7,37,40,-4093
3104902025,-79,4,2,-6,48,75,-4087
3104903025,-79,6,-8,-9,54,60,-4085
3104904025,-79,-3,-3,-6,25,56,-4107
3104905025,-79,3,-1,-6,41,52,-4101
3104906025,-79,1,-5,-7,41,55,-4089
3104907025,-79,7,-3,-9,52,67,-4095
3104908025,-79,3,-2,-3,44,60,-4093
3104909025,-79,5,-4,-7,45,48,-4085
3104910025,-79,-4,3,-7,54,53,-4083
3104911025,-79,5,-9,-8,31,58,-4075
3104912025,-79,6,0,-5,53,49,-4084
3104913025,-79,3,-4,-6,41,37,-4091
3104914025,-79,6,-3,-9,47,58,-4094
3104915025,-79,4,-5,-11,52,56,-4088
3104916025,-79,7,-4,-9,54,56,-4090
3104917025,-79,5,-6,-8,47,66,-4079
3104918025,-79,2,-1,-2,57,68,-4098
3104919025,-79,6,-7,-10,47,58,-4086
3104920025,-79,1,-2,-7,40,62,-4096
3104921025,-79,5,-5,-5,42,50,-4095
3104922025,-79,5,-3,-7,26,41,-4096
3104923025,-79,5,1,-7,44,54,-4070
3104924025,-79,0,-3,-8,43,57,-4089
3104925025,-79,-1,-7,1,44,41,-4074
3104926025,-79,4,-8,-6,38,53,-4086
3104927025,-79,0,0,-8,44,58,-4088
3104928025,-79,2,-8,-6,42,61,-4081
3104929025,-79,3,-3,-6,39,61,-4089
3104930025,-79,9,-4,-11,37,46,-4087
3104931025,-79,7,-6,-9,40,48,-4096
3104932025,-79,1,-8,-10,42,56,-4088
3104933025,-79,1,-6,-7,47,47,-4093
3104934025,-79,3,-1,-3,55,59,-4085
3104935025,-79,4,-4,-7,55,37,-4080
3104936025,-79,10,-5,-3,46,60,-4081
3104937025,-79,6,0,-10,33,63,-4084
3104938025,-79,8,-3,-12,38,46,-4079
3104939025,-79,2,-2,-9,37,60,-4078
3104940025,-79,5,-5,-6,52,50,-4080
3104941025,-79,9,-6,-6,42,51,-4104
3104942025,-79,1,3,-7,30,59,-4090
3104943025,-79,-3,-3,-4,30,39,-4092
3104944025,-79,2,-6,-10,49,56,-4098
3104945025,-79,3,-4,-8,47,40,-4087
3104946025,-79,2,-4,-11,31,58,-4094
3104947025,-79,7,-4,-6,45,46,-4088
3104948025,-79,3,-3,-4,45,40,-4096
3104949025,-79,11,-9,-9,33,59,-4098
3104950025,-79,3,-2,-7,42,43,-4098
3104951025,-79,3,-7,-8,61,52,-4096
3104952025,-79,1,-1,-9,41,36,-4101
3104953025,-79,3,-3,-11,42,46,-4082
3104954025,-79,4,-6,-10,40,56,-4104
3104955025,-79,1,2,-7,46,56,-4090
3104956025,-79,-1,-6,-5,28,64,-4099
3104957025,-79,7,-10,-6,31,56,-4081
3104958025,-79,3,-8,-8,42,46,-4070
3104959025,-79,0,-2,-11,49,41,-4074
3104960025,-79,5,-5,-9,42,50,-4087
3104961025,-79,3,-5,-9,39,50,-4084
3104962025,-79,3,-5,-6,34,56,-4076
3104963025,-79,2,-3,-8,48,56,-4102
3104964025,-79,6,-1,-7,39,69,-4113
3104965025,-79,6,-3,-15,46,57,-4102
3104966025,-79,-1,4,-9,26,57,-4101
3104967025,-79,5,-8,-6,44,51,-4086
3104968025,-79,2,-7,-11,43,48,-4096
3104969025,-79,1,-1,-9,25,58,-4082
3104970025,-79,10,-8,-11,42,54,-4092
3104971025,-79,9,-4,-10,38,44,-4090
3104972025,-79,1,-6,-6,15,36,-4082
3104973025,-79,3,-2,-2,37,51,-4090
3104974025,-79,1,-5,-3,55,49,-4080
3104975025,-79,-1,-4,-4,44,53,-4087
3104976025,-79,7,-8,-7,57,47,-4098
3104977025,-79,4,-5,-6,35,46,-4094
3104978025,-79,5,-3,-11,47,56,-4092
3104979025,-79,8,-1,-11,41,55,-4071
3104980025,-79,8,-5,-12,30,39,-4078
3104981025,-79,2,-2,-8,46,48,-4083
3104982025,-79,0,-3,-4,47,57,-4076
3104983025,-79,3,-6,-4,47,61,-4082
3104984025,-79,4,-1,-8,60,58,-4085
3104985025,-79,1,-2,-3,52,48,-4081
3104986025,-79,1,-3,-4,52,58,-4101
3104987025,-79,0,-2,-4,55,49,-4091
3104988025,-79,5,-11,-5,35,45,-4102
3104989025,-79,7,-8,-7,26,50,-4092
3104990025,-79,2,-5,-5,39,46,-4088
3104991025,-79,3,-6,-9,34,63,-4084
3104992025,-79,3,-2,-7,45,56,-4091
3104993025,-79,5,-2,-10,22,65,-4082
3104994025,-79,5,-2,-9,46,49,-4090
3104995025,-79,8,-3,-9,43,64,-4085
3104996025,-79,2,2,-7,46,44,-4084
3104997025,-79,7,-5,-4,43,56,-4094
3104998025,-79,2,0,-5,36,51,-4110
3104999025,-79,6,-2,-7,37,63,-4100
3105000025,-79,7,-2,-2,47,49,-4081
3105001025,-79,3,2,-5,43,42,-4075
3105002025,-79,6,-13,-9,51,54,-4099
3105003025,-79,-5,-2,-4,47,56,-4085
3105004025,-79,1,-5,-8,42,42,-4091
3105005025,-79,8,-6,-7,26,39,-4089
3105006025,-79,4,-5,-10,40,60,-4074
3105007025,-79,7,-7,-5,36,45,-4076
3105008025,-79,7,-8,-9,52,55,-4094
3105009025,-79,8,-4,-5,43,55,-4088
3105010025,-79,1,-3,-5,38,73,-4091
3105011025,-79,-3,-5,-4,33,52,-4100
3105012025,-79,7,-11,-9,42,59,-4096
3105013025,-79,5,-7,-7,26,62,-4073
3105014025,-79,3,-3,-1,36,45,-4086
3105015025,-79,3,-8,-10,36,67,-4080
3105016025,-79,2,-5,-7,51,52,-4069
3105017025,-79,5,-4,-8,37,41,-4087
3105018025,-79,5,-4,-10,61,52,-4099
3105019025,-79,8,1,-5,42,55,-4090
3105020025,-79,2,-6,-10,38,62,-4093
3105021025,-79,4,-1,-4,40,56,-4084
3105022025,-79,5,-5,-9,42,53,-4090
3105023025,-79,2,-5,-9,37,54,-4099
3105024025,-79,5,-1,-5,40,56,-4083
3105025025,-79,-1,1,-9,43,62,-4090
3105026025,-79,10,-10,-8,51,60,-4078
3105027025,-79,11,-6,-5,48,69,-4083
3105028025,-79,1,-2,-2,40,61,-4084
3105029025,-79,6,-7,-9,40,46,-4067
3105030025,-79,1,0,-9,31,45,-4082
3105031025,-79,4,-1,-9,44,51,-4093
3105032025,-79,0,-5,-7,49,48,-4093
3105033025,-79,6,-4,-9,56,45,-4087
3105034025,-79,4,-8,-9,59,64,-4072
3105035025,-79,4,-3,-8,32,55,-4080
3105036025,-79,7,-8,-8,44,43,-4080
3105037025,-79,1,-10,-7,50,52,-4095
3105038025,-79,4,0,-6,47,51,-4085
3105039025,-79,7,-8,-7,40,50,-4094
3105040025,-79,5,-2,-6,35,58,-4096
3105041025,-79,2,-6,-8,47,43,-4087
3105042025,-79,4,-1,-6,31,51,-4069
3105043025,-79,-1,3,-4,49,56,-4095
3105044025,-79,4,-1,-7,46,49,-4087
3105045025,-79,3,-10,-9,25,35,-4085
3105046025,-79,-1,-6,-8,30,64,-4107
3105047025,-79,5,-6,0,43,72,-4085
3105048025,-79,3,-11,-6,39,44,-4102
3105049025,-79,2,-2,-7,33,49,-4078
3105050025,-79,2,-5,-7,40,38,-4086
3105051025,-79,3,-2,-5,29,55,-4086
3105052025,-79,5,-5,-6,45,57,-4095
3105053025,-79,5,-8,-8,29,56,-4084
3105054025,-79,3,1,-5,44,64,-4079
3105055025,-79,9,-5,-4,34,55,-4084
3105056025,-79,1,-3,-7,39,61,-4089
3105057025,-79,5,0,-6,58,58,-4083
3105058025,-79,7,-10,-9,38,66,-4084
3105059025,-79,3,-3,-6,34,42,-4094
3105060025,-79,6,-1,-5,43,55,-4091
3105061025,-79,8,-4,-7,37,61,-4096
3105062025,-79,3,-2,-3,40,36,-4080
3105063025,-79,7,-11,-7,48,55,-4084
3105064025,-79,2,-6,-5,46,69,-4095
3105065025,-79,2,-2,-5,40,58,-4092
3105066025,-79,2,-5,-6,25,56,-4079
3105067025,-79,-1,0,-10,59,67,-4104
3105068025,-79,6,0,-1,41,62,-4095
3105069025,-79,7,-2,-3,48,43,-4099
3105070025,-79,1,-1,-4,38,49,-4084
3105071025,-79,6,-9,-4,48,55,-4079
3105072025,-79,1,-6,-5,39,57,-4097
3105073025,-79,7,-2,-11,54,48,-4087
3105074025,-79,9,-7,-8,47,57,-4079
3105075025,-79,7,-3,-11,49,51,-4095
3105076025,-79,-2,-4,-5,32,51,-4093
3105077025,-79,5,-2,-6,43,50,-4090
3105078025,-79,1,4,-5,45,41,-4095
3105079025,-79,6,-8,-10,45,45,-4100
3105080025,-79,4,-1,-5,41,60,-4090
3105081025,-79,5,-3,-8,40,60,-4086
3105082025,-79,5,-5,-4,44,68,-4080
3105083025,-79,3,-1,-11,55,48,-4081
3105084025,-79,7,-4,-9,35,56,-4082
3105085025,-79,2,-6,-11,44,59,-4103
3105086025,-79,4,1,-8,42,54,-4093
3105087025,-79,1,-6,-7,48,53,-4081
3105088025,-79,4,-12,-6,50,66,-4084
3105089025,-79,0,-3,-8,58,53,-4055
3105090025,-79,7,-12,-9,53,72,-4091
3105091025,-79,1,-4,-6,63,60,-4079
3105092025,-79,4,-4,-4,48,38,-4079
3105093025,-79,1,-9,-4,55,61,-4074
3105094025,-79,2,-2,-8,32,54,-4071
3105095025,-79,6,-3,-7,43,61,-4080
3105096025,-79,-1,-7,-5,47,59,-4077
3105097025,-79,1,-2,-10,40,59,-4074
3105098025,-79,9,-9,-8,25,47,-4087
3105099025,-79,7,-2,-11,40,57,-4087
3105100025,-79,5,-1,-9,32,56,-4094
3105101025,-79,4,0,-7,55,70,-4105
3105102025,-79,-1,2,-3,42,43,-4106
3105103025,-79,7,-3,-9,40,46,-4103
3105104025,-79,6,-10,-9,25,42,-4096
3105105025,-79,-1,-7,-12,29,46,-4089
3105106025,-79,5,-3,-7,54,38,-4090
3105107025,-79,7,-6,-5,44,50,-4094
3105108025,-79,5,-4,-8,41,60,-4097
3105109025,-79,8,-5,-7,52,58,-4088
3105110025,-79,1,-4,-5,58,55,-4100
3105111025,-79,-1,-8,-5,35,44,-4088
3105112025,-79,9,-4,-7,40,47,-4084
3105113025,-79,4,-7,-4,41,43,-4093
3105114025,-79,6,-10,-5,39,41,-4094
3105115025,-79,3,-1,-7,31,55,-4092
3105116025,-79,5,-2,-4,41,67,-4096
3105117025,-79,6,-7,-7,39,58,-4092
3105118025,-79,2,-5,-3,41,62,-4088
3105119025,-79,-1,-5,-6,48,61,-4085
3105120025,-79,4,-3,-3,32,50,-4072
3105121025,-79,4,-2,-5,45,69,-4082
3105122025,-79,8,-6,-4,43,44,-4090
3105123025,-79,6,-5,-8,49,44,-4087
3105124025,-79,-1,-5,-5,46,40,-4097
3105125025,-79,1,-4,-7,35,63,-4078
3105126025,-79,2,5,-8,26,58,-4086
3105127025,-79,6,-5,-9,32,58,-4082
3105128025,-79,3,-11,-7,25,46,-4065
3105129025,-79,-2,-2,-8,27,46,-4066
3105130025,-79,1,-3,-4,32,55,-4099
3105131025,-79,0,0,-4,27,64,-4085
3105132025,-79,2,-2,-8,34,60,-4083
3105133025,-79,3,2,-5,38,60,-4098
3105134025,-79,3,6,-8,33,48,-4100
3105135025,-79,3,2,-9,36,69,-4111
3105136025,-79,4,1,-9,31,62,-4090
3105137025,-79,4,-1,-11,46,62,-4064
3105138025,-79,3,2,-11,46,29,-4024
3105139025,-79,-5,5,-11,-9,24,-4062
3105140025,-79,0,7,-6,56,14,-4017
3105141025,-79,-4,7,-3,46,54,-4135
3105142025,-79,-3,1,-5,120,80,-4133
3105143025,-79,1,-2,-7,134,73,-4126
3105144025,-79,5,-6,-6,56,53,-4095
3105145025,-79,3,-3,-8,-4,38,-4071
3105146025,-79,7,2,-9,11,29,-4117
3105147025,-79,4,0,-5,37,32,-4102
3105148025,-79,1,-6,-5,47,50,-4100
3105149025,-79,5,-1,-8,30,56,-4124
3105150025,-79,3,4,-2,37,58,-4088
3105151025,-79,1,1,-3,51,43,-4087
3105152025,-79,-1,3,-4,31,36,-4094
3105153025,-79,2,-4,-4,53,51,-4098
3105154025,-79,3,-7,-7,45,48,-4119
3105155025,-79,2,-1,-4,33,60,-4104
3105156025,-79,2,-4,-12,40,62,-4101
3105157025,-79,3,-3,-11,26,42,-4091
3105158025,-79,1,0,-6,39,65,-4083
3105159025,-79,2,-1,-8,52,77,-4091
3105160025,-79,4,-1,-5,38,69,-4087
3105161025,-79,1,3,-2,63,68,-4070
3105162025,-79,3,-3,-7,56,58,-4066
3105163025,-79,4,-5,-7,44,58,-4078
3105164025,-79,6,-8,-11,42,64,-4101
3105165025,-79,2,-2,-6,39,48,-4091
3105166025,-79,-2,0,-7,60,55,-4082
3105167025,-79,5,-4,-7,55,66,-4080
3105168025,-79,4,0,-7,39,70,-4075
3105169025,-79,0,-3,-9,46,58,-4095
3105170025,-79,2,-2,-8,31,58,-4093
3105171025,-79,1,-3,-10,30,49,-4078
3105172025,-79,4,-2,-9,34,40,-4074
3105173025,-79,3,1,-11,28,42,-4082
3105174025,-79,5,4,-5,34,48,-4092
3105175025,-79,5,-5,-10,47,64,-4091
3105176025,-79,0,-2,-8,37,51,-4093
3105177025,-79,3,-4,-7,45,47,-4100
3105178025,-79,6,-3,-7,48,52,-4096
3105179025,-79,6,-1,-7,43,50,-4087
3105180025,-79,8,-6,-12,44,53,-4093
3105181025,-79,9,-4,-10,33,53,-4106
3105182025,-79,4,4,-9,46,47,-4084
3105183025,-79,6,-4,-5,51,43,-4076
3105184025,-79,-2,-1,-7,54,31,-4072
3105185025,-79,2,-3,-8,64,35,-4083
3105186025,-79,5,-8,-6,52,41,-4076
3105187025,-79,2,-1,-6,58,36,-4085
3105188025,-79,0,-2,-10,47,23,-4071
3105189025,-79,2,-1,-6,26,58,-4084
3105190025,-79,4,-1,-3,40,47,-4071
3105191025,-79,3,-2,-7,36,38,-4086
3105192025,-79,6,1,-6,41,55,-4081
3105193025,-79,5,1,-6,33,47,-4088
3105194025,-79,2,-5,-5,37,45,-4095
3105195025,-79,3,-6,-1,42,46,-4094
3105196025,-79,-2,-4,-5,31,54,-4084
3105197025,-79,4,-2,-9,30,48,-4092
3105198025,-79,-1,0,-4,34,66,-4096
3105199025,-79,4,-7,-3,24,62,-4098
3105200025,-79,0,-2,-7,44,70,-4074
3105201025,-79,1,-4,-7,49,52,-4098
3105202025,-79,4,-2,-7,35,52,-4080
3105203025,-79,1,1,-9,45,79,-4092
3105204025,-79,3,-2,-11,57,71,-4084
3105205025,-79,4,-1,-7,49,54,-4087
3105206025,-79,-1,1,-3,38,51,-4091
3105207025,-79,8,-3,-11,48,60,-4067
3105208025,-79,-3,0,-8,37,56,-4086
3105209025,-79,-3,-4,-9,34,63,-4080
3105210025,-79,1,-12,-11,41,59,-4089
3105211025,-79,-2,2,-8,37,62,-4088
3105212025,-79,6,-10,-10,50,64,-4088
3105213025,-79,1,-2,-9,56,50,-4073
3105214025,-79,0,-1,-7,43,47,-4072
3105215025,-79,2,-4,2,40,44,-4089
3105216025,-79,4,1,-5,31,55,-4081
3105217025,-79,1,-3,-6,54,60,-4100
3105218025,-79,6,-9,-9,39,63,-4082
3105219025,-79,2,-1,-4,46,50,-4094
3105220025,-79,1,0,-2,46,48,-4076
3105221025,-79,4,-8,-5,51,60,-4082
3105222025,-79,-1,-1,-11,49,50,-4090
3105223025,-79,3,1,-10,42,58,-4108
3105224025,-79,2,0,-9,52,49,-4085
3105225025,-79,-1,-3,-6,46,48,-4089
3105226025,-79,3,-5,-11,39,50,-4082
3105227025,-79,0,-2,-13,37,54,-4087
3105228025,-79,7,-8,-7,44,58,-4081
3105229025,-79,1,2,-8,23,52,-4083
3105230025,-79,3,-2,-6,41,49,-4080
3105231025,-79,2,-3,-5,39,44,-4084
3105232025,-79,1,-1,-10,45,68,-4095
3105233025,-79,1,-5,-3,47,63,-4100
3105234025,-79,1,-8,-7,50,56,-4100
3105235025,-79,1,-6,-5,43,57,-4087
3105236025,-79,2,0,-5,40,75,-4075
3105237025,-79,4,-8,-3,49,41,-4074
3105238025,-79,4,6,-8,40,41,-4082
3105239025,-79,6,-2,-6,37,61,-4075
3105240025,-79,1,-1,-3,47,60,-4079
3105241025,-79,5,-3,-9,33,61,-4096
3105242025,-79,0,0,-11,52,67,-4080
3105243025,-79,1,2,-7,52,60,-4074
3105244025,-79,5,1,-2,42,74,-4081
3105245025,-79,4,-3,-12,28,56,-4074
3105246025,-79,4,-1,-5,45,50,-4087
3105247025,-79,2,1,-6,35,71,-4093
3105248025,-79,4,-3,-7,47,49,-4089
3105249025,-79,0,3,-8,33,54,-4094
3105250025,-79,6,-4,-6,57,57,-4089
3105251025,-79,4,-6,-11,42,54,-4088
3105252025,-79,-1,-2,-7,46,61,-4089
3105253025,-79,8,-5,-2,54,54,-4088
3105254025,-79,1,2,-6,53,49,-4085
3105255025,-79,1,-2,-2,49,44,-4086
3105256025,-79,1,-5,-7,51,50,-4088
3105257025,-79,1,0,-10,44,48,-4081
3105258025,-79,1,-6,-6,36,48,-4086
3105259025,-79,4,0,-7,28,52,-4083
3105260025,-79,8,-6,-9,57,49,-4092
3105261025,-79,3,-1,-7,35,59,-4086
3105262025,-79,5,-3,-11,53,59,-4072
3105263025,-79,10,-7,-7,44,51,-4100
3105264025,-79,7,-8,-10,42,53,-4079
3105265025,-79,2,-1,-10,31,48,-4092
3105266025,-79,3,-5,-9,39,57,-4071
3105267025,-79,2,2,-5,58,52,-4083
3105268025,-79,-2,3,-3,56,48,-4096
3105269025,-79,9,-7,-9,50,65,-4091
3105270025,-79,5,-2,-10,47,47,-4092
3105271025,-79,6,-8,-8,46,61,-4080
3105272025,-79,7,-5,-8,41,53,-4089
3105273025,-79,5,-4,-10,47,51,-4086
3105274025,-79,4,-6,-13,32,57,-4088
3105275025,-79,3,3,-11,31,56,-4078
3105276025,-79,7,-8,-6,44,40,-4079
3105277025,-79,5,-8,-2,45,52,-4106
3105278025,-79,5,-4,-9,53,62,-4087
3105279025,-79,9,-3,-5,48,66,-4087
3105280025,-79,3,-4,-9,36,76,-4093
3105281025,-79,9,-8,-6,42,58,-4081
3105282025,-79,9,-3,-8,40,39,-4101
3105283025,-79,5,-4,-6,36,52,-4089
3105284025,-79,3,-1,-9,38,42,-4100
3105285025,-79,-1,-3,-10,55,50,-4081
3105286025,-79,5,-6,-11,43,57,-4084
3105287025,-79,7,-8,-9,54,56,-4079
3105288025,-79,9,-3,-12,34,47,-4090
3105289025,-79,10,-4,-11,48,54,-4085
3105290025,-79,7,-7,-10,50,65,-4092
3105291025,-79,5,-5,-8,44,43,-4079
3105292025,-79,8,-8,-6,26,56,-4082
3105293025,-79,6,-8,-9,43,52,-4087
3105294025,-79,4,-2,-3,38,47,-4092
3105295025,-79,5,-8,-5,37,55,-4106
3105296025,-79,4,-4,-2,44,45,-4084
3105297025,-79,5,-7,-6,32,58,-4080
3105298025,-79,3,-10,-7,18,50,-4090
3105299025,-79,6,-1,-9,47,55,-4087
3105300025,-79,6,-11,-13,55,43,-4088
3105301025,-79,10,-4,-7,42,50,-4082
3105302025,-79,7,0,-6,46,54,-4089
3105303025,-79,5,-10,-11,40,40,-4106
3105304025,-79,2,-1,-8,43,60,-4083
3105305025,-79,5,-4,-8,57,52,-4083
3105306025,-79,2,-6,-4,49,63,-4084
3105307025,-79,0,-3,-7,50,61,-4084
3105308025,-79,8,-6,-6,56,67,-4070
3105309025,-79,13,-8,-7,34,48,-4096
3105310025,-79,4,-2,0,33,52,-4085
3105311025,-79,6,-3,-4,43,48,-4105
3105312025,-79,7,-2,-8,52,56,-4085
3105313025,-79,13,-8,-5,52,48,-4085
3105314025,-79,4,-8,-5,35,59,-4088
3105315025,-79,7,-3,-7,33,60,-4093
3105316025,-79,11,-5,-13,26,67,-4080
3105317025,-79,4,-6,-8,45,41,-4088
3105318025,-79,4,-1,-10,33,53,-4085
3105319025,-79,5,-8,-9,35,37,-4090
3105320025,-79,4,-6,-4,29,61,-4090
3105321025,-79,11,-1,-7,49,52,-4087
3105322025,-79,9,-5,-2,44,50,-4092
3105323025,-79,5,-4,-2,43,69,-4099
3105324025,-79,8,-3,-8,34,41,-4096
3105325025,-79,10,-6,-4,29,42,-4080
3105326025,-79,2,-2,-2,46,42,-4086
3105327025,-79,12,-9,-5,32,48,-4106
3105328025,-79,11,-6,-11,37,46,-4075
3105329025,-79,4,-5,-11,22,41,-4070
3105330025,-79,3,-4,-8,29,47,-4069
3105331025,-79,-4,-1,-8,46,43,-4072
3105332025,-79,8,-7,-11,35,39,-4098
3105333025,-79,4,0,-8,21,53,-4081
3105334025,-79,2,-3,-4,29,46,-4100
3105335025,-79,7,-4,-10,53,58,-4100
3105336025,-79,3,-2,-7,41,65,-4100
3105337025,-79,8,-5,-9,49,53,-4092
3105338025,-79,12,-8,-9,50,41,-4113
3105339025,-79,8,-2,1,40,64,-4092
3105340025,-79,2,-6,-4,55,39,-4102
3105341025,-79,1,-2,-10,44,60,-4076
3105342025,-79,4,-2,-9,51,63,-4086
3105343025,-79,2,-5,-11,42,59,-4092
3105344025,-79,6,-4,-12,59,54,-4094
3105345025,-79,7,-3,-8,38,49,-4095
3105346025,-79,9,-5,-10,56,59,-4087
3105347025,-79,3,-1,-4,29,49,-4090
3105348025,-79,9,-4,-3,29,61,-4086
3105349025,-79,6,-4,-8,37,59,-4091
3105350025,-79,10,0,-2,43,59,-4090
3105351025,-79,10,0,-5,54,60,-4091
3105352025,-79,6,-2,-8,43,52,-4086
3105353025,-79,1,-2,-7,45,68,-4084
3105354025,-79,4,-1,-8,36,54,-4080
3105355025,-79,6,-3,-11,52,49,-4081
3105356025,-79,4,-1,-3,59,40,-4097
3105357025,-79,8,-2,-10,36,48,-4099
3105358025,-79,3,1,-7,41,47,-4103
3105359025,-79,7,-8,-8,44,58,-4088
3105360025,-79,6,-8,-9,35,49,-4106
3105361025,-79,9,-3,-8,42,54,-4097
3105362025,-79,6,-8,1,44,39,-4092
3105363025,-79,8,-4,-5,35,52,-4078
3105364025,-79,8,-6,-1,42,41,-4082
3105365025,-79,4,-5,-6,29,47,-4080
3105366025,-79,-2,2,-9,31,48,-4077
3105367025,-79,4,-5,-14,32,45,-4089
3105368025,-79,8,-5,-13,44,37,-4090
3105369025,-79,5,-13,-11,47,53,-4098
3105370025,-79,3,-7,-11,55,44,-4107
3105371025,-79,3,-4,-6,45,40,-4077
3105372025,-79,6,-8,-8,35,50,-4096
3105373025,-79,4,-5,-9,46,41,-4088
3105374025,-79,1,-6,-6,49,43,-4094
3105375025,-79,7,3,-7,56,65,-4090
3105376025,-79,3,-5,-9,42,73,-4080
3105377025,-79,0,1,-8,20,47,-4080
3105378025,-79,8,0,-9,41,44,-4088
3105379025,-79,5,-5,-5,34,65,-4078
3105380025,-79,3,-3,-7,41,57,-4075
3105381025,-79,10,1,-7,30,72,-4088
3105382025,-79,4,-6,-9,39,57,-4103
3105383025,-79,4,-3,-8,48,53,-4068
3105384025,-79,5,0,-6,58,63,-4069
3105385025,-79,3,1,-4,49,53,-4079
3105386025,-79,3,-7,-12,34,66,-4077
3105387025,-79,9,-3,-12,49,51,-4100
3105388025,-79,3,-2,-4,57,60,-4078
3105389025,-79,3,-9,-10,51,50,-4091
3105390025,-79,2,0,-9,44,59,-4097
3105391025,-79,7,-1,-5,46,57,-4114
3105392025,-79,10,2,-6,37,71,-4096
3105393025,-79,3,2,-8,59,50,-4100
3105394025,-79,0,-4,-6,56,58,-4096
3105395025,-79,0,-3,-4,44,62,-4083
3105396025,-79,2,-3,-8,40,57,-4073
3105397025,-79,5,-3,-9,60,57,-4091
3105398025,-79,6,-4,-9,48,48,-4094
3105399025,-79,6,-11,-8,32,47,-4083
3105400025,-79,7,-3,-7,31,49,-4097
3105401025,-79,6,-2,-9,52,40,-4085
3105402025,-79,9,-2,-8,50,59,-4087
3105403025,-79,2,-6,-10,49,58,-4097
3105404025,-79,1,-8,-5,50,53,-4088
3105405025,-79,5,-3,-7,41,65,-4086
3105406025,-79,2,-5,-8,41,53,-4086
3105407025,-79,9,-4,-8,48,52,-4085
3105408025,-79,4,-6,-6,53,47,-4088
3105409025,-79,3,1,-7,-17,43,-4050
3105410025,-79,5,-1,-5,33,19,-4069
3105411025,-79,7,3,-5,96,51,-4095
3105412025,-79,6,-2,-7,75,66,-4106
3105413025,-79,8,-9,-5,43,63,-4098
3105414025,-79,3,-1,-5,23,38,-4072
3105415025,-79,6,-1,-8,30,41,-4094
3105416025,-79,5,0,-10,62,28,-4103
3105417025,-79,2,-5,-7,49,46,-4109
3105418025,-79,-1,-5,-5,81,44,-4094
3105419025,-79,2,-4,-4,101,25,-4096
3105420025,-79,7,-10,-13,63,73,-4105
3105421025,-79,7,-8,-5,39,65,-4082
3105422025,-79,3,-11,-5,86,-76,-4054
3105423025,-79,1,-15,-4,66,10,-4144
3105424025,-79,0,-16,-9,-9,60,-4177
3105425025,-79,21,-12,-11,117,299,-4010
3105426025,-79,8,8,-8,-259,188,-3596
3105427025,-79,-13,37,3,-488,-210,-3994
3105428025,-79,-6,22,-7,357,-37,-4235
3105429025,-79,5,-8,-8,367,245,-4357
3105430025,-79,12,-19,-7,213,262,-4254
3105431025,-79,22,-22,-14,-150,94,-4016
3105432025,-79,3,3,-6,-140,-110,-3966
3105433025,-79,-2,6,-3,103,-88,-4082
3105434025,-79,-2,-4,-7,111,92,-4185
3105435025,-79,-6,4,0,91,146,-4184
3105436025,-79,5,0,-5,68,137,-4093
3105437025,-79,5,-1,-2,105,60,-4040
3105438025,-79,1,-1,-10,108,79,-4068
3105439025,-79,7,-4,-8,55,98,-4080
3105440025,-79,8,0,-7,17,71,-4074
3105441025,-79,6,-4,-12,21,56,-4053
3105442025,-79,7,-8,-8,21,64,-4082
3105443025,-79,6,-3,-11,29,23,-4077
3105444025,-79,9,-4,-9,23,14,-4077
3105445025,-79,-4,-3,-10,-7,20,-4069
3105446025,-79,0,2,-4,23,61,-4108
3105447025,-79,3,-1,-5,28,86,-4129
3105448025,-79,4,1,-6,55,86,-4106
3105449025,-79,9,-5,-8,50,86,-4095
3105450025,-79,6,-1,-10,31,41,-4086
3105451025,-79,1,0,-10,39,29,-4092
3105452025,-79,8,2,-6,75,35,-4093
3105453025,-79,3,4,-6,69,25,-4084
3105454025,-79,4,1,0,65,33,-4068
3105455025,-79,7,-4,-10,55,52,-4082
3105456025,-79,6,-2,-4,67,62,-4091
3105457025,-79,7,-3,-8,61,42,-4095
3105458025,-79,1,-1,-7,67,44,-4088
3105459025,-79,1,-6,-5,58,49,-4093
3105460025,-79,6,-12,-12,57,59,-4086
3105461025,-79,4,-10,-7,30,50,-4092
3105462025,-79,7,-3,-7,19,41,-4097
3105463025,-79,3,-9,-11,30,38,-4073
3105464025,-79,5,-4,-13,17,44,-4096
3105465025,-79,4,-2,-9,39,42,-4089
3105466025,-79,4,-4,-6,46,50,-4089
3105467025,-79,5,0,-5,47,48,-4087
3105468025,-79,9,-2,-7,29,63,-4079
3105469025,-79,9,-2,-8,37,59,-4066
3105470025,-79,7,0,-6,39,62,-4083
3105471025,-79,7,-4,-7,55,65,-4076
3105472025,-79,4,2,-8,58,58,-4099
3105473025,-79,9,-6,-12,56,58,-4083
3105474025,-79,7,-3,-5,64,57,-4083
3105475025,-79,8,-8,-5,57,37,-4095
3105476025,-79,4,-4,-2,62,44,-4097
3105477025,-79,1,-8,-7,54,46,-4084
3105478025,-79,3,-7,-8,53,50,-4085
3105479025,-79,7,-7,-6,49,54,-4074
3105480025,-79,3,-6,-5,44,63,-4086
3105481025,-79,4,-5,-5,46,49,-4093
3105482025,-79,6,-2,-10,26,64,-4087
3105483025,-79,-2,-5,-7,53,56,-4087
3105484025,-79,3,-7,-9,39,46,-4079
3105485025,-79,0,-1,-3,49,48,-4092
3105486025,-79,3,-5,-9,31,44,-4089
3105487025,-79,4,-3,-10,52,42,-4085
3105488025,-79,4,0,-6,50,36,-4065
3105489025,-79,0,-5,-7,41,46,-4071
3105490025,-79,0,-6,-9,55,55,-4086
3105491025,-79,4,0,-9,50,45,-4094
3105492025,-79,5,-5,-9,59,52,-4081
3105493025,-79,0,-2,-6,59,52,-4093
3105494025,-79,8,-6,-7,49,40,-4088
3105495025,-79,3,-7,-6,53,47,-4095
3105496025,-79,0,-7,-10,48,31,-4095
3105497025,-79,8,-8,-7,56,55,-4090
3105498025,-79,6,-4,-5,38,45,-4083
3105499025,-79,2,-4,-6,48,42,-4071
3105500025,-79,3,-9,-9,42,39,-4095
3105501025,-79,7,-10,-7,43,49,-4078
3105502025,-79,0,1,-10,31,57,-4084
3105503025,-79,1,-3,-3,29,55,-4084
3105504025,-79,0,-4,-3,28,58,-4083
3105505025,-79,5,-4,-4,21,52,-4089
3105506025,-79,5,-4,-11,10,63,-4102
3105507025,-79,4,-1,-3,33,43,-4102
3105508025,-79,3,1,-5,17,57,-4077
3105509025,-79,5,0,-6,26,58,-4097
3105510025,-79,3,3,-5,31,54,-4089
3105511025,-79,0,-1,-6,44,65,-4077
3105512025,-79,-2,0,-8,25,62,-4086
3105513025,-79,3,3,-7,42,52,-4088
3105514025,-79,5,-5,-10,74,73,-4081
3105515025,-79,7,5,-8,49,65,-4089
3105516025,-79,2,-4,-7,52,74,-4086
3105517025,-79,6,4,-6,47,61,-4085
3105518025,-79,4,1,-7,47,63,-4099
3105519025,-79,3,-2,-5,44,56,-4090
3105520025,-79,3,-3,-9,41,44,-4070
3105521025,-79,4,-3,-3,42,43,-4080
3105522025,-79,0,1,-6,50,50,-4086
3105523025,-79,3,1,-10,87,58,-4082
3105524025,-79,5,-5,-9,89,65,-4096
3105525025,-79,2,-8,-8,42,61,-4084
3105526025,-79,-1,-3,-8,24,34,-4058
3105527025,-79,4,-4,-10,2,20,-4056
3105528025,-79,0,1,-4,56,54,-4112
3105529025,-79,1,-6,-4,62,61,-4108
3105530025,-79,3,-5,-2,38,57,-4091
3105531025,-79,4,-2,-7,21,54,-4089
3105532025,-79,8,-4,-5,28,33,-4090
3105533025,-79,3,2,-5,45,36,-4073
3105534025,-79,3,1,-9,61,55,-4078
3105535025,-79,4,-4,-7,40,54,-4087
3105536025,-79,-1,2,-10,31,47,-4076
3105537025,-79,6,1,-7,41,42,-4070
3105538025,-79,2,-1,-10,62,68,-4088
3105539025,-79,0,-2,-3,58,50,-4125
3105540025,-79,7,-1,-6,52,62,-4098
3105541025,-79,7,-3,-10,36,61,-4108
3105542025,-79,1,-6,-2,38,56,-4076
3105543025,-79,5,-4,-8,41,49,-4090
3105544025,-79,5,2,-1,50,48,-4082
3105545025,-79,2,3,-3,48,45,-4086
3105546025,-79,4,-3,-8,57,53,-4084
3105547025,-79,-1,2,-8,44,55,-4092
3105548025,-79,3,-6,-8,35,65,-4092
3105549025,-79,0,-1,-5,51,87,-4091
3105550025,-79,5,0,-2,42,64,-4106
3105551025,-79,5,-7,-9,36,55,-4086
3105552025,-79,5,-5,-9,36,61,-4072
3105553025,-79,5,-6,-9,32,64,-4083
3105554025,-79,1,-3,-7,43,62,-4087
3105555025,-79,4,-3,-7,62,66,-4111
3105556025,-79,9,-9,-7,42,62,-4089
3105557025,-79,0,-4,-6,29,52,-4086
3105558025,-79,6,2,-7,34,60,-4093
3105559025,-79,10,-2,-9,74,72,-4088
3105560025,-79,6,-2,-11,61,49,-4083
3105561025,-79,1,0,-7,38,71,-4098
3105562025,-79,9,-2,-7,42,52,-4100
3105563025,-79,-3,-1,-8,35,56,-4099
3105564025,-79,4,-6,-3,50,44,-4097
3105565025,-79,7,2,-7,42,49,-4086
3105566025,-79,9,-2,-10,25,50,-4082
3105567025,-79,5,0,-6,53,36,-4081
3105568025,-79,4,0,-6,49,51,-4085
3105569025,-79,3,4,0,49,51,-4093
3105570025,-79,4,-6,-8,58,48,-4092
3105571025,-79,0,0,-6,51,59,-4106
3105572025,-79,2,-5,-7,38,58,-4088
3105573025,-79,6,-6,-8,53,52,-4120
3105574025,-79,7,-8,-11,55,47,-4109
3105575025,-79,10,-9,-11,54,50,-4091
3105576025,-79,3,-2,-6,50,42,-4087
3105577025,-79,3,-3,-10,61,43,-4085
3105578025,-79,7,-5,-3,49,68,-4086
3105579025,-79,3,-1,-4,44,37,-4073
3105580025,-79,10,-7,-9,53,50,-4081
3105581025,-79,3,-2,-7,61,48,-4080
3105582025,-79,-3,-5,-3,47,55,-4094
3105583025,-79,6,-8,-5,56,46,-4093
3105584025,-79,2,-4,-9,35,61,-4116
3105585025,-79,9,-5,-11,51,66,-4092
3105586025,-79,4,-2,-3,49,61,-4079
3105587025,-79,5,-4,-4,43,74,-4083
3105588025,-79,5,-6,-10,44,65,-4083
3105589025,-79,6,-9,-7,39,58,-4082
3105590025,-79,-4,-6,-9,49,70,-4090
3105591025,-79,6,-5,-3,50,66,-4089
3105592026,-79,-1,-4,-8,54,49,-4083
3105593025,-79,11,-10,-9,52,43,-4098
3105594026,-79,3,-7,-5,46,67,-4093
3105595027,-79,-1,-6,-5,45,66,-4104
3105596025,-79,3,-6,-6,33,58,-4099
3105597025,-79,4,-5,-4,29,52,-4096
3105598025,-79,1,-3,-9,36,72,-4089
3105599025,-79,1,0,-5,44,49,-4091
3105600025,-79,2,1,-4,31,50,-4072
3105601025,-79,7,-8,-4,38,65,-4089
3105602025,-79,9,-9,-7,41,54,-4086
3105603025,-79,4,-6,-7,22,42,-4099
3105604025,-79,4,-2,-11,41,44,-4090
3105605025,-79,-2,-2,-11,31,45,-4079
3105606025,-79,4,-2,-6,50,42,-4093
3105607025,-79,4,-7,-8,32,51,-4104
3105608025,-79,8,-2,-9,34,64,-4090
3105609025,-79,0,-4,-6,39,42,-4094
3105610025,-79,6,-9,-9,47,44,-4101
3105611025,-79,2,-3,-7,53,54,-4101
3105612025,-79,5,-2,-11,38,57,-4092
3105613025,-79,2,1,-5,43,30,-4087
3105614025,-79,3,0,-8,30,49,-4077
3105615025,-79,6,-5,-8,32,40,-4081
3105616025,-79,4,-5,-7,51,44,-4079
3105617025,-79,8,-7,-9,46,45,-4085
3105618025,-79,5,-1,-4,31,56,-4090
3105619025,-79,0,0,-9,51,57,-4083
3105620025,-79,3,-3,-9,51,63,-4097
3105621025,-79,10,1,-4,45,44,-4096
3105622025,-79,4,-2,-4,42,55,-4080
3105623025,-79,0,-6,-5,33,62,-4068
3105624025,-79,5,2,-4,44,48,-4086
3105625025,-79,6,-4,-3,21,62,-4071
3105626025,-79,2,-2,-3,25,51,-4079
3105627025,-79,2,1,-7,41,55,-4093
3105628025,-79,5,-2,-10,22,45,-4087
3105629025,-79,2,-1,-9,50,63,-4091
3105630025,-79,2,-1,-7,51,63,-4111
3105631025,-79,7,5,-6,45,61,-4098
3105632025,-79,1,1,-4,30,47,-4086
3105633025,-79,6,7,-11,30,63,-4081
3105634025,-79,2,2,-6,24,51,-4088
3105635025,-79,3,8,-9,40,49,-4078
3105636025,-79,1,1,-10,29,64,-4080
3105637025,-79,1,10,-10,46,44,-4075
3105638025,-79,-2,5,-9,52,53,-4090
3105639025,-79,4,-1,-9,58,66,-4086
3105640025,-79,10,1,-8,35,52,-4087
3105641025,-79,7,6,-9,55,50,-4083
3105642025,-79,0,3,-3,50,71,-4096
3105643025,-79,2,8,-6,47,52,-4083
3105644025,-79,3,8,-5,42,43,-4076
3105645025,-79,0,6,-9,50,47,-4087
3105646025,-79,5,3,-6,51,50,-4065
3105647025,-79,5,6,-7,34,52,-4075
3105648025,-79,5,7,-11,46,45,-4088
3105649025,-79,7,1,-10,45,37,-4079
3105650025,-79,3,5,-6,39,43,-4101
3105651025,-79,1,13,-5,28,48,-4060
3105652025,-79,-9,30,-5,-255,-43,-3916
3105653025,-79,-12,32,-10,100,55,-4175
3105654025,-79,-12,26,-8,234,119,-4150
3105655025,-79,3,5,-13,135,108,-4149
3105656025,-79,3,5,-12,15,60,-4098
3105657025,-79,-1,9,-6,-2,32,-4067
3105658025,-79,3,13,-6,40,15,-4072
3105659025,-79,0,19,-3,57,19,-4077
3105660025,-79,0,15,-11,61,45,-4083
3105661025,-79,-1,15,-6,58,64,-4090
3105662025,-79,1,18,-6,71,43,-4096
3105663025,-79,2,15,-9,76,51,-4104
3105664025,-79,-5,15,-8,77,51,-4103
3105665025,-79,-2,10,-14,58,55,-4082
3105666025,-79,-6,13,-8,47,64,-4075
3105667025,-79,-1,15,-10,33,63,-4073
3105668025,-79,-2,7,-13,36,53,-4101
3105669025,-79,-5,11,-8,29,49,-4074
3105670025,-79,-9,16,-7,46,38,-4063
3105671025,-79,-6,12,-10,17,61,-4080
3105672025,-79,-2,16,-8,29,66,-4086
3105673025,-79,-6,18,-6,33,66,-4092
3105674025,-79,-4,22,-7,33,81,-4089
3105675025,-79,-6,19,-12,25,60,-4083
3105676025,-79,0,19,-12,28,58,-4081
3105677025,-79,-8,18,-8,37,54,-4074
3105678025,-79,-4,23,-8,48,55,-4072
3105679025,-80,0,16,-12,54,49,-4071
3105680025,-80,-4,18,-12,61,63,-4070
3105681025,-80,-4,21,-10,52,63,-4086
3105682025,-80,-6,19,-4,58,66,-4076
3105683025,-80,-7,18,-7,65,73,-4089
3105684025,-80,0,15,-7,63,60,-4082
3105685025,-80,4,14,-13,73,50,-4084
3105686025,-80,-9,21,-3,71,55,-4083
3105687025,-80,0,19,-6,48,67,-4090
3105688025,-80,-4,15,-7,44,63,-4082
3105689025,-80,2,13,-8,57,67,-4086
3105690025,-80,1,11,-6,43,56,-4089
3105691025,-80,-3,24,-10,51,61,-4086
3105692025,-80,0,11,-14,67,54,-4099
3105693025,-80,-3,12,-8,51,56,-4072
3105694025,-80,-1,13,-10,61,63,-4091
3105695025,-80,-6,12,-5,34,60,-4091
3105696025,-80,-6,19,-5,50,56,-4107
3105697025,-80,-2,10,-5,29,68,-4098
3105698025,-80,-1,12,-6,40,58,-4103
3105699025,-80,-1,13,-7,60,58,-4084
3105700025,-80,-1,13,-9,62,48,-4094
3105701025,-80,-2,14,-10,47,51,-4078
3105702025,-80,-4,14,-4,59,69,-4077
3105703025,-80,3,8,-12,64,59,-4076
3105704025,-80,5,10,-5,71,67,-4080
3105705025,-80,0,14,-9,72,64,-4085
3105706025,-80,3,11,-11,80,56,-4099
3105707025,-80,3,13,-7,66,62,-4093
3105708025,-80,-4,8,-7,63,56,-4099
3105709025,-80,-3,12,-10,57,56,-4101
3105710025,-80,-2,7,-9,66,64,-4112
3105711025,-80,1,7,-6,35,59,-4100
3105712025,-80,-2,9,-6,51,68,-4080
3105713025,-80,4,8,-6,52,57,-4076
3105714025,-80,-1,10,-4,63,48,-4097
3105715025,-80,7,10,-5,47,48,-4096
3105716025,-80,1,8,-5,52,47,-4101
3105717025,-80,2,11,-7,30,66,-4088
3105718025,-80,-3,11,-11,35,62,-4086
3105719025,-80,2,3,-13,19,56,-4080
3105720025,-80,5,7,-11,18,82,-4094
3105721025,-80,2,8,-10,73,34,-4098
3105722025,-80,3,7,-11,107,44,-4116
3105723025,-80,-5,10,-6,70,74,-4107
3105724025,-80,5,4,-9,37,77,-4085
3105725025,-80,7,8,-11,62,36,-4066
3105726025,-80,1,12,-7,42,63,-4092
3105727025,-80,-2,7,-7,68,51,-4084
3105728025,-80,-6,13,-9,66,76,-4085
3105729025,-80,5,9,-8,49,64,-4072
3105730025,-80,3,16,-8,17,64,-4078
3105731025,-80,-2,15,-13,19,41,-4070
3105732025,-80,4,12,-10,42,46,-4091
3105733025,-80,1,14,-10,38,53,-4096
3105734025,-80,-3,15,-14,55,58,-4084
3105735025,-80,-1,20,-13,44,44,-4065
3105736025,-80,0,21,-7,33,40,-4064
3105737025,-80,-9,15,-8,35,48,-4081
3105738025,-80,-1,21,-8,46,27,-4079
3105739025,-80,-3,24,-6,47,63,-4063
3105740025,-80,-6,21,-2,53,51,-4080
3105741025,-80,-3,23,-9,58,67,-4079
3105742025,-80,-6,17,-10,60,60,-4078
3105743025,-80,2,25,-7,52,55,-4072
3105744025,-80,-6,26,-7,58,53,-4085
3105745025,-80,-5,21,-8,49,50,-4096
3105746025,-80,-7,26,-7,39,60,-4074
3105747025,-80,-2,26,-12,47,63,-4074
3105748025,-80,3,24,-8,33,37,-4075
3105749025,-80,-7,23,-6,43,48,-4088
3105750025,-80,-1,27,-10,42,46,-4091
3105751025,-80,-8,25,-10,54,46,-4084
3105752025,-80,-6,30,-9,54,61,-4099
3105753025,-80,-3,26,-10,41,71,-4111
3105754025,-80,-3,28,-11,46,50,-4098
3105755025,-80,-8,29,-10,46,47,-4092
3105756025,-80,-9,25,-4,40,55,-4080
3105757025,-80,-8,30,-12,52,57,-4089
3105758025,-80,-6,28,-9,58,60,-4067
3105759025,-80,-8,29,-7,54,41,-4065
3105760025,-80,-11,34,-4,60,51,-4071
3105761025,-80,-3,30,-10,68,53,-4086
3105762025,-80,-5,30,-10,63,55,-4078
3105763025,-80,-8,33,-5,68,58,-4072
3105764025,-80,-6,25,-8,56,57,-4086
3105765025,-80,-10,34,-7,55,72,-4084
3105766025,-81,-10,32,-8,52,67,-4084
3105767025,-81,-12,35,-10,36,40,-4092
3105768025,-81,-11,38,-15,12,19,-4078
3105769025,-81,-18,41,-13,-6,-2,-4055
3105770025,-81,-25,53,-12,-144,-225,-4157
3105771025,-81,-47,73,-16,-224,-114,-4295
3105772025,-81,-23,138,-19,-290,827,-3212
3105773025,-81,-41,142,-8,-748,85,-3405
3105774025,-81,-8,61,-9,1089,-81,-4534
3105775025,-81,8,-13,-18,940,239,-4364
3105776025,-81,32,-28,-21,-201,184,-4230
3105777025,-81,13,4,-14,-171,54,-3864
3105778025,-81,4,20,-10,-76,-38,-3756
3105779025,-81,1,27,-3,173,-163,-3927
3105780025,-81,-5,14,-7,272,8,-4115
3105781025,-81,-14,16,-5,94,212,-4274
3105782025,-81,0,15,-7,69,220,-4244
3105783025,-81,2,8,-6,130,97,-4041
3105784025,-81,-6,14,-7,121,86,-4017
3105785025,-81,-3,3,-11,17,187,-4043
3105786025,-81,4,5,-10,-82,93,-4133
3105787025,-81,5,15,-13,-110,57,-4141
3105788025,-81,-1,12,-14,-113,25,-4094
3105789025,-81,-3,24,-8,-54,7,-4094
3105790025,-81,-1,24,-10,13,2,-4016
3105791025,-81,-1,28,-6,114,-3,-4100
3105792025,-81,-4,31,-7,134,38,-4136
3105793025,-81,-3,17,-12,134,118,-4158
3105794025,-81,6,14,-12,130,102,-4128
3105795025,-81,-3,13,-14,110,40,-4052
3105796025,-81,-3,13,-13,96,45,-4002
3105797025,-81,-4,19,-12,83,17,-4035
3105798025,-81,-5,14,-11,111,13,-4090
3105799025,-81,2,14,-9,129,31,-4108
3105800025,-81,-3,13,-3,115,32,-4088
3105801025,-81,-7,10,-7,85,43,-4077
3105802025,-81,-2,9,-15,75,77,-4086
3105803025,-81,0,5,-13,26,64,-4080
3105804025,-81,4,3,-9,36,45,-4093
3105805025,-81,-4,9,-9,44,37,-4086
3105806025,-81,4,3,-15,46,58,-4070
3105807025,-81,3,5,-13,36,81,-4117
3105808025,-81,1,6,-14,51,85,-4108
3105809025,-81,3,5,-10,58,79,-4132
3105810025,-81,6,12,-12,72,80,-4142
3105811025,-81,4,13,-5,70,62,-4118
3105812025,-81,7,3,-8,77,79,-4114
3105813025,-81,5,4,-6,91,83,-4102
3105814025,-81,4,6,-11,95,73,-4080
3105815025,-81,9,1,-14,80,98,-4095
3105816025,-81,9,3,-11,83,114,-4078
3105817025,-81,9,-6,-12,101,103,-4062
3105818025,-81,7,-5,-14,90,97,-4079
3105819025,-81,13,-5,-16,88,99,-4082
3105820025,-81,15,-14,-18,82,102,-4072
3105821025,-81,9,-5,-6,86,75,-4073
3105822025,-81,10,-8,-9,64,83,-4074
3105823025,-81,10,-11,-9,75,83,-4095
3105824025,-81,9,-3,-13,60,89,-4091
3105825025,-81,16,-11,-9,60,97,-4106
3105826025,-81,16,-7,-10,63,72,-4075
3105827025,-81,6,-10,-12,89,80,-4110
3105828025,-81,10,-10,-9,76,88,-4110
3105829025,-81,11,-9,-12,87,79,-4113
3105830025,-81,14,-8,-13,77,71,-4135
3105831025,-81,21,-21,-13,146,168,-4204
3105832025,-81,29,-34,-16,300,144,-4123
3105833025,-81,32,-42,-12,112,68,-4075
3105834025,-81,34,-38,-11,133,10,-4114
3105835025,-81,26,-25,-7,-90,-34,-3983
3105836025,-81,1,1,-6,-266,-211,-3975
3105837025,-81,-1,10,-6,24,-61,-4046
3105838025,-81,1,-1,-10,246,129,-4118
3105839025,-81,19,-17,-12,131,119,-4182
3105840025,-81,8,-11,-11,-36,13,-4082
3105841025,-81,4,-4,-14,-81,2,-4063
3105842025,-81,2,2,-4,-47,-15,-4048
3105843025,-81,4,4,-11,16,18,-4104
3105844025,-81,7,3,-9,21,72,-4133
3105845025,-81,7,7,-11,27,44,-4143
3105846025,-81,5,9,-8,59,22,-4119
3105847025,-81,9,1,-12,64,-2,-4111
3105848025,-81,5,8,-10,97,15,-4112
3105849025,-81,9,5,-6,98,29,-4097
3105850025,-81,12,-1,-6,78,40,-4126
3105851025,-81,4,6,-8,85,47,-4115
3105852025,-81,11,-5,-9,66,35,-4120
3105853025,-81,1,0,-9,52,24,-4095
3105854025,-81,5,1,-7,56,33,-4095
3105855025,-81,6,0,-8,53,46,-4101
3105856025,-81,3,-1,-12,66,61,-4116
3105857025,-81,5,-1,-6,61,78,-4102
3105858025,-81,6,1,-10,64,65,-4100
3105859025,-81,3,3,-7,23,75,-4094
3105860025,-81,7,-2,-10,38,60,-4090
3105861025,-81,1,5,-6,32,82,-4072
3105862025,-81,4,3,-6,38,62,-4097
3105863025,-81,7,-1,-6,49,67,-4078
3105864025,-81,4,11,-3,69,61,-4087
3105865025,-81,-2,10,-9,78,67,-4095
3105866025,-81,2,10,-3,49,72,-4086
3105867025,-81,3,7,-5,68,72,-4097
3105868025,-81,2,10,-8,78,57,-4091
3105869025,-81,2,5,-7,70,64,-4086
3105870025,-81,4,7,-10,65,62,-4091
3105871025,-81,7,7,-6,66,62,-4072
3105872025,-81,0,9,-11,72,43,-4090
3105873025,-81,7,5,-11,58,57,-4080
3105874025,-81,0,2,-8,54,54,-4068
3105875025,-81,0,5,-5,51,53,-4077
3105876025,-81,-1,2,-7,45,58,-4082
3105877025,-81,-2,12,-10,62,46,-4084
3105878025,-81,5,11,-7,59,38,-4077
3105879025,-81,3,14,-6,63,50,-4090
3105880025,-81,2,9,-10,58,54,-4077
3105881025,-81,1,12,-5,51,52,-4085
3105882025,-81,0,15,-9,38,50,-4080
3105883025,-81,-3,11,-6,56,42,-4080
3105884025,-81,4,9,-10,55,43,-4085
3105885025,-81,0,14,-8,60,53,-4075
3105886025,-81,-6,13,-9,48,55,-4087
3105887025,-81,0,18,-13,57,61,-4073
3105888025,-81,-3,22,-4,51,65,-4088
3105889025,-81,0,12,-8,64,66,-4103
3105890025,-81,-1,17,-10,60,63,-4094
3105891025,-81,3,17,-4,66,60,-4100
3105892025,-81,-2,16,-10,72,68,-4097
3105893025,-81,-3,20,-9,68,76,-4083
3105894025,-81,-3,14,-9,74,70,-4097
3105895025,-81,6,17,-9,63,73,-4085
3105896025,-81,5,19,-4,71,69,-4080
3105897025,-82,4,14,-9,66,53,-4073
3105898025,-82,4,15,-3,71,68,-4072
3105899025,-82,3,17,-8,79,64,-4082
3105900025,-82,-2,13,-11,74,86,-4077
3105901025,-82,-6,15,-8,81,62,-4075
3105902025,-82,-4,15,-8,75,81,-4093
3105903025,-82,2,13,-8,80,75,-4087
3105904025,-82,0,11,-9,61,68,-4110
3105905025,-82,1,10,-12,82,69,-4094
3105906025,-82,3,15,-10,69,53,-4094
3105907025,-82,2,11,-8,66,59,-4094
3105908025,-82,0,8,-9,58,66,-4095
3105909025,-82,5,11,-9,75,51,-4084
3105910025,-82,6,13,-2,72,38,-4090
3105911025,-82,-1,6,-8,99,51,-4100
3105912025,-82,-1,14,-8,-36,38,-4055
3105913025,-82,4,8,-7,72,79,-4110
3105914025,-82,1,13,-11,76,56,-4091
3105915025,-82,1,11,-5,85,51,-4115
3105916025,-82,6,5,-12,75,50,-4097
3105917025,-82,-1,10,-7,71,43,-4104
3105918025,-82,-2,11,-11,57,27,-4069
3105919025,-82,4,12,-11,83,37,-4099
3105920025,-82,-2,9,-11,66,42,-4087
3105921025,-82,6,-1,-9,60,55,-4080
3105922025,-82,-5,8,-11,66,45,-4088
3105923025,-82,1,5,-5,68,36,-4102
3105924025,-82,4,10,-6,91,52,-4115
3105925025,-82,-4,8,-6,58,64,-4099
3105926025,-82,-2,7,-8,67,58,-4111
3105927025,-82,7,4,-11,72,77,-4093
3105928025,-82,-1,4,-11,62,55,-4089
3105929025,-82,0,6,-10,70,46,-4090
3105930025,-82,0,2,-7,53,67,-4085
3105931025,-82,-3,4,-7,56,50,-4086
3105932025,-82,3,5,-6,63,51,-4085
3105933025,-82,-2,11,-7,54,47,-4087
3105934025,-82,-1,7,-9,73,62,-4091
3105935025,-82,5,7,-6,60,61,-4080
3105936025,-82,-1,8,-6,58,55,-4113
3105937025,-82,3,5,-10,63,49,-4081
3105938025,-82,-4,12,-5,61,62,-4097
3105939025,-82,-2,10,-10,66,46,-4088
3105940025,-82,4,10,-8,60,53,-4090
3105941025,-82,1,8,-8,55,60,-4060
3105942025,-82,-3,6,-5,63,49,-4079
3105943025,-82,2,6,-6,52,44,-4075
3105944025,-82,-4,14,-2,64,52,-4076
3105945025,-82,-1,8,-10,65,41,-4070
3105946025,-82,-5,6,-7,69,60,-4094
3105947025,-82,-8,16,-5,70,61,-4106
3105948025,-82,1,5,-7,83,65,-4109
3105949025,-82,5,8,-6,82,66,-4099
3105950025,-82,-3,7,-11,73,58,-4100
3105951025,-82,3,10,-11,67,52,-4099
3105952025,-82,0,13,-15,70,49,-4089
3105953025,-82,2,5,-8,72,45,-4096
3105954025,-82,0,4,-7,80,61,-4090
3105955025,-82,0,8,-11,79,53,-4070
3105956025,-82,1,7,-5,90,60,-4093
3105957025,-82,4,4,-7,95,79,-4066
3105958025,-82,6,4,-6,71,65,-4071
3105959025,-82,-2,7,-8,71,78,-4072
3105960025,-82,-2,5,-5,68,69,-4088
3105961025,-82,-2,8,-5,66,61,-4086
3105962025,-82,0,6,-6,66,70,-4069
3105963025,-82,-1,6,-5,67,70,-4087
3105964025,-82,-1,11,-5,57,63,-4091
3105965025,-82,-1,7,-5,51,58,-4069
3105966025,-82,-4,10,-3,57,60,-4069
3105967025,-82,-2,13,-3,57,60,-4076
3105968025,-82,-10,11,-10,65,64,-4090
3105969025,-82,0,9,-8,67,68,-4089
3105970025,-82,-4,15,-6,72,69,-4083
3105971025,-82,-3,10,-11,79,55,-4091
3105972025,-82,-1,8,-11,75,63,-4092
3105973025,-82,-5,9,-2,71,60,-4082
3105974025,-83,-1,9,-8,84,59,-4077
3105975025,-83,0,6,-9,85,65,-4093
3105976025,-83,-6,14,-6,92,37,-4107
3105977025,-83,-5,4,-8,100,50,-4095
3105978025,-83,-2,6,-12,101,55,-4092
3105979025,-83,-3,11,-10,95,42,-4091
3105980025,-83,-3,2,-9,63,56,-4080
3105981025,-83,-2,9,-8,84,57,-4091
3105982025,-83,-4,7,-8,91,61,-4090
3105983025,-83,-7,4,-10,87,71,-4109
3105984025,-83,-6,6,-7,82,68,-4106
3105985025,-83,1,1,-8,71,72,-4097
3105986025,-83,0,3,-7,62,64,-4104
3105987025,-83,-1,2,-8,75,59,-4091
3105988025,-83,1,6,-9,69,58,-4089
3105989025,-83,0,2,-5,70,60,-4103
3105990025,-83,1,3,-8,73,56,-4074
3105991025,-83,0,-2,-9,80,73,-4094
3105992025,-83,2,0,-5,86,54,-4083
3105993025,-83,-2,1,-4,68,56,-4086
3105994025,-83,3,-1,-4,79,89,-4091
3105995025,-83,-1,-2,-2,80,77,-4081
3105996025,-83,5,4,-4,84,67,-4083
3105997025,-83,0,5,-9,65,68,-4092
3105998025,-83,1,-3,-11,63,83,-4105
3105999025,-83,1,-2,-8,76,67,-4094
3106000025,-83,3,-2,-17,79,60,-4106
3106001025,-83,10,-2,-15,80,75,-4112
3106002025,-83,0,-2,-7,74,64,-4113
3106003025,-83,4,-1,-10,86,64,-4123
3106004025,-83,12,-3,-12,66,75,-4119
3106005025,-83,8,-8,-11,80,66,-4129
3106006025,-83,5,-5,-12,71,71,-4125
3106007025,-83,8,-11,-9,74,65,-4115
3106008025,-83,4,-2,-10,73,66,-4121
3106009025,-83,6,-9,-4,68,66,-4099
3106010025,-83,6,-5,-7,60,51,-4104
3106011025,-83,3,-6,-3,72,49,-4114
3106012025,-83,8,-16,-6,76,55,-4089
3106013025,-83,4,-6,-4,59,42,-4087
3106014025,-83,6,-8,-10,77,49,-4067
3106015025,-83,2,-5,-11,58,48,-4095
3106016025,-83,1,-4,-11,63,49,-4091
3106017025,-83,12,-11,-6,69,57,-4092
3106018025,-83,5,-8,-9,69,63,-4079
3106019025,-83,3,-8,-9,63,47,-4092
3106020025,-83,5,-6,-11,57,44,-4085
3106021025,-83,6,-6,-6,78,33,-4077
3106022025,-83,-1,-6,-8,71,31,-4078
3106023025,-83,12,-2,-9,78,46,-4089
3106024025,-83,5,-2,-6,53,57,-4098
3106025025,-83,6,-8,-8,62,56,-4086
3106026025,-83,5,-8,-8,64,53,-4106
3106027025,-83,4,-6,-6,63,54,-4082
3106028025,-83,3,-5,-11,48,60,-4080
3106029025,-83,3,-2,-15,51,51,-4087
3106030025,-83,-1,-5,-11,46,55,-4086
3106031025,-83,2,2,-6,51,51,-4086
3106032025,-83,1,-1,-7,57,45,-4070
3106033025,-83,9,-3,-8,62,70,-4090
3106034025,-83,-4,5,-2,48,70,-4090
3106035025,-83,1,-1,-5,69,63,-4062
3106036025,-83,-2,-1,-4,69,62,-4080
3106037025,-83,-4,3,-8,77,54,-4068
3106038025,-83,1,8,-2,70,58,-4053
3106039025,-83,-3,4,-3,66,46,-4072
3106040025,-83,-3,5,-4,63,56,-4065
3106041025,-83,-3,-2,-5,68,56,-4087
3106042025,-83,-8,4,-8,57,50,-4068
3106043025,-83,-9,6,-9,71,44,-4068
3106044025,-83,-1,2,-9,72,41,-4073
3106045025,-83,-5,4,-9,66,43,-4079
3106046025,-83,-8,-3,-12,78,38,-4091
3106047025,-83,-10,0,-5,61,42,-4106
3106048025,-83,-10,9,-3,70,31,-4100
3106049025,-83,-4,2,-10,43,57,-4102
3106050025,-83,-9,8,-6,61,45,-4103
3106051025,-83,-5,9,-3,57,56,-4088
3106052025,-83,-2,5,-8,61,51,-4086
3106053025,-83,-8,3,-6,58,44,-4090
3106054025,-83,-8,3,-4,55,50,-4091
3106055025,-83,-2,4,-8,55,50,-4081
3106056025,-83,-6,5,-6,72,48,-4088
3106057025,-83,-9,6,-7,72,53,-4065
3106058025,-83,-10,9,-7,72,60,-4078
3106059025,-83,-8,13,-2,76,57,-4093
3106060025,-83,-10,6,-1,88,70,-4102
3106061025,-83,-7,11,-3,87,62,-4112
3106062025,-83,-3,9,-4,85,70,-4088
3106063025,-83,-6,4,-4,82,81,-4109
3106064025,-83,-3,13,-8,83,77,-4098
3106065025,-83,-7,8,-4,73,71,-4091
3106066025,-83,-8,9,-7,91,69,-4084
3106067025,-83,-6,5,-5,77,70,-4094
3106068025,-83,-7,-2,-11,86,73,-4090
3106069025,-83,-1,8,-6,87,79,-4093
3106070025,-83,-2,2,-11,81,90,-4085
3106071025,-83,-3,0,-7,70,86,-4096
3106072025,-83,-3,1,-7,73,80,-4101
3106073025,-83,0,1,-6,91,82,-4094
3106074025,-83,4,1,-7,82,80,-4084
3106075025,-83,-4,3,-6,79,77,-4084
3106076025,-83,-5,-1,-10,69,91,-4074
3106077025,-83,5,-4,-9,81,75,-4072
3106078025,-83,1,-2,-11,68,77,-4079
3106079025,-83,-1,2,-6,76,74,-4073
3106080025,-83,1,5,-7,88,65,-4071
3106081025,-83,4,-1,-2,89,78,-4067
3106082025,-83,2,-4,-7,84,83,-4089
3106083025,-83,1,-6,-7,76,92,-4090
3106084025,-83,0,0,-6,90,77,-4097
3106085025,-83,2,-6,-8,81,91,-4082
3106086025,-83,0,-5,-10,79,73,-4091
3106087025,-83,7,-10,-14,77,74,-4077
3106088025,-83,5,-5,-9,69,84,-4083
3106089025,-83,4,-6,-9,72,73,-4086
3106090025,-83,6,-10,-13,56,70,-4080
3106091025,-83,4,-6,-8,69,78,-4083
3106092025,-83,6,-12,-6,77,78,-4093
3106093025,-83,6,-6,-8,74,71,-4082
3106094025,-83,8,-10,-9,72,68,-4090
3106095025,-83,13,-8,-12,63,84,-4105
3106096025,-83,8,-8,-12,75,74,-4096
3106097025,-83,12,-8,-9,72,73,-4104
3106098025,-83,4,-8,-10,70,80,-4100
3106099025,-83,8,-2,-8,72,56,-4090
3106100025,-83,6,-9,-6,71,52,-4083
3106101025,-83,4,-7,-4,56,47,-4090
3106102025,-83,6,-6,-1,66,53,-4094
3106103025,-83,4,-8,-5,63,48,-4094
3106104025,-83,4,-3,-6,69,53,-4094
3106105025,-83,8,-9,-4,73,69,-4092
3106106025,-83,12,-5,-7,87,55,-4085
3106107025,-83,1,0,-6,75,58,-4092
3106108025,-83,11,-13,-11,55,63,-4094
3106109025,-83,9,-3,-10,75,58,-4085
3106110025,-83,8,-3,-7,71,41,-4084
3106111025,-83,8,-9,-7,84,34,-4091
3106112025,-83,6,-9,-5,88,40,-4084
3106113025,-83,8,-11,-4,75,67,-4083
3106114025,-83,5,-10,-5,88,38,-4065
3106115025,-83,3,-7,-7,91,38,-4080
3106116025,-83,4,-7,-6,81,61,-4080
3106117025,-83,7,-8,-15,102,59,-4084
3106118025,-83,5,-11,-10,87,62,-4090
3106119025,-83,7,-11,-10,81,60,-4097
3106120025,-83,0,-6,-7,66,60,-4084
3106121025,-83,3,-9,-10,73,51,-4082
3106122025,-83,3,-7,-9,83,43,-4074
3106123025,-83,1,-6,-6,62,60,-4078
3106124025,-83,4,-13,-6,66,35,-4095
3106125025,-83,-3,-8,-4,47,40,-4082
3106126025,-83,5,-12,-5,54,41,-4077
3106127025,-83,1,-6,-12,68,47,-4082
3106128025,-83,-4,-3,-11,59,60,-4078
3106129025,-83,3,-5,-8,73,62,-4088
3106130025,-83,0,0,-5,55,60,-4082
3106131025,-83,2,-7,-10,60,61,-4092
3106132025,-83,4,-7,-5,83,56,-4099
3106133025,-83,1,0,-9,75,46,-4087
3106134025,-83,0,-2,-7,73,37,-4103
3106135025,-83,2,-2,-8,71,47,-4087
3106136025,-83,1,-4,-5,70,49,-4085
3106137025,-83,3,-6,-4,88,58,-4075
3106138025,-83,-1,-7,-6,71,52,-4086
3106139025,-83,0,0,-7,68,40,-4090
3106140025,-83,2,-11,-8,61,59,-4094
3106141025,-83,1,-3,-9,69,60,-4105
3106142025,-83,-3,-1,-5,40,67,-4106
3106143025,-83,0,0,-5,57,58,-4092
3106144025,-83,-2,-3,-2,65,62,-4104
3106145025,-83,1,-4,-9,50,53,-4099
3106146025,-83,-1,-7,-3,61,59,-4088
3106147025,-83,-1,-6,-8,61,68,-4078
3106148025,-83,-2,0,-7,61,77,-4084
3106149025,-83,-3,-6,-3,65,62,-4092
3106150025,-83,-6,-6,-7,64,57,-4090
3106151025,-83,-1,-4,-9,76,73,-4085
3106152025,-83,0,-3,-7,85,61,-4086
3106153025,-83,0,-4,-8,75,66,-4088
3106154025,-83,5,-2,-7,85,64,-4087
3106155025,-83,7,-6,-11,75,77,-4083
3106156025,-83,4,-5,-10,75,80,-4074
3106157025,-83,-1,1,-11,61,68,-4073
3106158025,-83,0,-8,-5,72,62,-4072
3106159025,-83,0,-9,-6,79,52,-4087
3106160025,-83,-1,-3,-3,71,62,-4086
3106161025,-83,1,-8,-2,82,55,-4106
3106162025,-83,1,-4,-8,74,58,-4098
3106163025,-83,-1,-6,-7,71,71,-4110
3106164025,-83,6,-8,-7,63,68,-4101
3106165025,-83,-2,-6,-10,65,56,-4118
3106166025,-83,3,-6,-5,63,63,-4123
3106167025,-83,-1,-7,-8,61,55,-4087
3106168025,-83,-1,-5,-6,63,71,-4098
3106169025,-83,5,-13,-10,72,64,-4091
3106170025,-83,5,-7,-7,73,60,-4084
3106171025,-83,2,-6,-11,75,57,-4076
3106172025,-83,4,-12,-9,78,72,-4081
3106173025,-83,6,-4,-9,63,59,-4087
3106174025,-83,-2,-15,-11,61,56,-4105
3106175025,-83,0,-9,-8,81,76,-4093
3106176025,-83,1,-5,-4,83,64,-4087
3106177025,-83,7,-10,-11,65,59,-4093
3106178025,-83,8,-9,-7,72,61,-4082
3106179025,-83,5,-10,-6,65,69,-4091
3106180025,-83,3,-9,-3,80,70,-4098
3106181025,-83,3,-7,-8,63,73,-4110
3106182025,-83,5,-9,-12,82,77,-4097
3106183025,-83,4,-13,-12,67,72,-4106
3106184025,-83,8,-13,-7,59,75,-4118
3106185025,-83,7,-11,-9,78,71,-4135
3106186025,-83,0,-13,-7,57,62,-4118
3106187025,-83,6,-12,-7,73,60,-4089
3106188025,-83,8,-16,-6,53,57,-4096
3106189025,-83,3,-6,-5,61,61,-4089
3106190025,-83,6,-11,-8,68,47,-4092
3106191025,-83,5,-11,-13,63,45,-4092
3106192025,-83,0,-13,-11,61,48,-4076
3106193025,-83,5,-12,-9,62,36,-4070
3106194025,-83,-1,-4,-10,64,41,-4074
3106195025,-83,0,-7,-6,65,29,-4073
3106196025,-83,6,-11,-9,73,56,-4079
3106197025,-83,-2,-3,-7,78,59,-4085
3106198025,-83,2,-8,-5,66,45,-4079
3106199025,-83,7,-10,-8,76,51,-4082
3106200025,-83,0,-3,-7,84,49,-4071
3106201025,-83,3,-5,-5,82,44,-4060
3106202025,-83,0,-8,-5,90,58,-4062
3106203025,-83,1,-9,-5,77,47,-4080
3106204025,-83,-4,-5,-2,74,51,-4063
3106205025,-83,0,-4,-4,79,54,-4062
3106206025,-83,1,-7,-5,82,54,-4052
3106207025,-83,1,-5,-8,80,69,-4054
3106208025,-83,-2,1,-3,79,62,-4043
3106209025,-83,3,-6,-8,68,74,-4051
3106210025,-83,-3,-3,-12,55,78,-4056
3106211025,-83,-2,-8,-8,53,74,-4054
3106212025,-83,-7,-5,-6,71,79,-4038
3106213025,-83,-4,0,-4,71,92,-4054
3106214025,-83,-1,0,-11,82,81,-4059
3106215025,-83,-4,-1,-1,84,96,-4052
3106216025,-83,-3,6,-6,77,99,-4060
3106217025,-83,-4,-4,-5,87,97,-4071
3106218025,-83,-2,-1,-5,74,85,-4087
3106219025,-83,-4,0,-5,86,86,-4081
3106220025,-83,0,-1,-2,74,80,-4092
3106221025,-83,-1,-4,-7,60,70,-4102
3106222025,-83,-4,-4,-7,83,79,-4098
3106223025,-83,2,-2,-11,79,75,-4078
3106224025,-83,6,-4,-9,78,63,-4096
3106225025,-83,-4,-8,-3,53,58,-4102
3106226025,-83,-3,-2,-6,57,68,-4100
3106227025,-83,0,-12,-6,59,56,-4103
3106228025,-83,3,-9,-6,74,63,-4111
3106229025,-83,8,-10,-9,53,54,-4105
3106230025,-83,-5,-6,-3,53,53,-4114
3106231025,-83,-1,-6,-10,69,51,-4105
3106232025,-83,2,-5,-8,78,49,-4110
3106233025,-83,6,-6,-11,84,57,-4104
3106234025,-83,1,-6,-6,80,49,-4082
3106235025,-83,6,-7,-10,57,60,-4061
3106236025,-83,6,-12,-12,212,54,-4163
3106237025,-83,8,-12,-9,95,88,-4041
3106238025,-83,9,-15,0,26,53,-4109
3106239025,-83,8,-14,-5,83,53,-4056
3106240025,-83,-2,-5,-7,56,41,-4071
3106241025,-83,4,-12,-5,103,71,-4115
3106242025,-83,4,-10,-3,120,109,-4113
3106243025,-83,7,-17,-8,60,83,-4116
3106244025,-83,10,-17,-9,44,83,-4105
3106245025,-83,13,-17,-10,64,74,-4087
3106246025,-83,10,-14,-10,33,61,-4086
3106247025,-83,10,-15,-8,48,80,-4095
3106248025,-83,7,-18,-8,60,72,-4094
3106249025,-83,8,-17,-7,62,85,-4111
3106250025,-83,7,-15,-9,77,72,-4092
3106251025,-83,5,-10,-11,62,73,-4097
3106252025,-83,9,-15,-10,72,67,-4074
3106253025,-83,6,-13,-4,68,69,-4089
3106254025,-83,5,-21,-7,73,74,-4088
3106255025,-83,6,-17,-7,72,73,-4100
3106256025,-83,5,-15,-7,60,52,-4096
3106257025,-83,7,-15,-8,65,58,-4082
3106258025,-83,9,-15,-8,81,62,-4094
3106259025,-83,9,-14,-5,78,57,-4076
3106260025,-83,9,-17,-11,74,49,-4089
3106261025,-83,13,-14,-6,71,60,-4100
3106262025,-83,5,-10,-5,72,59,-4112
3106263025,-83,5,-11,-8,76,65,-4101
3106264025,-83,4,-17,-8,55,58,-4087
3106265025,-83,9,-18,-6,52,43,-4103
3106266025,-83,7,-11,-4,58,48,-4112
3106267025,-83,6,-15,-4,62,56,-4105
3106268025,-83,6,-22,-5,62,47,-4091
3106269025,-83,6,-16,-2,62,58,-4096
3106270025,-83,7,-15,-3,80,60,-4093
3106271025,-83,10,-16,-2,58,58,-4090
3106272025,-83,10,-13,-6,66,58,-4078
3106273025,-83,13,-18,-1,74,71,-4108
3106274025,-83,11,-16,-8,83,77,-4103
3106275025,-83,14,-16,-7,72,97,-4091
3106276025,-83,11,-19,-8,55,74,-4096
3106277025,-83,13,-20,-5,57,81,-4107
3106278025,-83,15,-21,-7,64,92,-4086
3106279025,-83,11,-16,-6,64,97,-4090
3106280025,-83,17,-19,-9,68,82,-4086
3106281025,-83,8,-19,-9,54,91,-4097
3106282025,-83,13,-15,2,48,85,-4081
3106283025,-83,16,-23,-5,56,97,-4062
3106284025,-83,15,-19,-11,57,84,-4078
3106285025,-83,8,-16,-4,60,81,-4075
3106286025,-83,14,-16,-6,38,104,-4079
3106287025,-83,17,-13,-4,47,85,-4092
3106288025,-83,11,-18,-6,62,73,-4093
3106289025,-83,10,-16,-8,55,90,-4106
3106290025,-83,11,-15,-5,63,75,-4095
3106291025,-83,15,-19,-9,76,65,-4088
3106292025,-83,16,-15,-6,77,63,-4084
3106293025,-83,19,-16,-10,62,56,-4064
3106294025,-83,10,-20,-10,64,41,-4072
3106295025,-83,16,-10,-7,69,59,-4086
3106296025,-83,14,-12,-8,52,49,-4094
3106297025,-83,14,-16,-6,54,55,-4098
3106298025,-83,14,-13,-6,65,40,-4099
3106299025,-83,14,-14,-3,72,56,-4108
3106300025,-83,10,-17,-8,53,52,-4107
3106301025,-83,11,-14,-7,49,61,-4094
3106302025,-83,14,-14,-8,72,41,-4089
3106303025,-83,17,-11,-11,59,36,-4095
3106304025,-83,10,-12,-4,42,49,-4099
3106305025,-83,18,-11,-6,41,57,-4075
3106306025,-83,10,-10,-5,53,60,-4083
3106307025,-83,13,-11,-9,58,51,-4086
3106308025,-83,13,-14,-1,56,53,-4087
3106309025,-83,5,-9,-4,66,63,-4082
3106310025,-83,11,-10,-4,56,66,-4094
3106311025,-83,9,-10,-5,64,74,-4066
3106312025,-83,9,-9,-4,70,73,-4091
3106313025,-83,11,-10,-5,55,72,-4075
3106314025,-83,10,-8,-11,72,65,-4070
3106315025,-83,13,-8,-12,59,72,-4061
3106316025,-83,11,-5,-9,65,72,-4057
3106317025,-83,12,-4,-10,67,57,-4069
3106318025,-83,12,-6,-7,74,71,-4049
3106319025,-83,6,0,-8,51,54,-4057
3106320025,-83,8,0,-10,37,71,-4068
3106321025,-83,2,4,-2,51,79,-4056
3106322025,-83,8,4,-7,77,68,-4060
3106323025,-83,9,-4,-11,71,63,-4079
3106324025,-83,9,0,-10,57,68,-4081
3106325025,-83,6,6,-6,50,63,-4072
3106326025,-83,3,2,-3,55,63,-4075
3106327025,-83,0,8,-5,68,56,-4070
3106328025,-83,2,5,-8,78,63,-4071
3106329025,-83,-5,0,-5,71,41,-4058
3106330025,-83,6,5,-7,63,49,-4092
3106331025,-83,-3,5,-5,60,59,-4073
3106332025,-83,5,6,-5,90,48,-4092
3106333025,-83,2,6,-1,67,55,-4087
3106334025,-83,4,6,-4,82,54,-4080
3106335025,-83,-1,6,-8,72,59,-4093
3106336025,-83,2,10,-6,71,37,-4087
3106337025,-83,6,3,-11,75,56,-4086
3106338025,-83,-2,11,-11,66,53,-4093
3106339025,-83,-1,4,-7,66,59,-4088
3106340025,-83,1,6,-5,76,59,-4099
3106341025,-83,1,5,-4,73,55,-4101
3106342025,-83,8,3,-8,70,54,-4096
3106343025,-83,7,2,-6,64,59,-4106
3106344025,-83,5,2,-9,58,74,-4103
3106345025,-83,5,5,-3,58,43,-4097
3106346025,-83,1,1,-5,68,60,-4098
3106347025,-83,7,-2,-7,63,79,-4096
3106348025,-83,9,-4,-4,67,75,-4098
3106349025,-83,0,-2,-11,81,79,-4096
3106350025,-83,1,-7,-7,86,67,-4094
3106351025,-83,0,1,-7,66,73,-4095
3106352025,-83,1,-3,-6,84,67,-4106
3106353025,-83,11,-6,-11,83,65,-4098
3106354025,-83,4,1,-7,72,63,-4109
3106355025,-83,6,-5,-10,79,64,-4096
3106356025,-83,7,-5,-6,74,65,-4094
3106357025,-83,1,-5,-5,82,71,-4106
3106358025,-83,4,-3,-6,89,56,-4094
3106359025,-83,11,-3,-7,51,60,-4099
3106360025,-83,4,-2,-5,63,55,-4107
3106361025,-83,-1,-7,-4,43,53,-4096
3106362025,-83,5,-5,-9,62,26,-4096
3106363025,-83,6,-2,-5,47,24,-4102
3106364025,-83,9,-6,-9,38,38,-4110
3106365025,-83,3,-1,-3,83,82,-4104
3106366025,-83,8,0,-9,69,45,-4096
3106367025,-83,5,-7,-12,78,59,-4089
3106368025,-83,8,-5,-7,55,65,-4100
3106369025,-83,12,-10,-11,60,61,-4098
3106370025,-83,6,-6,-11,81,54,-4101
3106371025,-83,5,-3,-7,67,46,-4100
3106372025,-83,4,-10,-5,77,65,-4098
3106373025,-83,6,-2,-8,107,54,-4097
3106374025,-83,12,-7,-12,82,70,-4099
3106375025,-83,6,-6,-8,85,65,-4086
3106376025,-83,8,-11,-6,72,75,-4092
3106377025,-83,5,-12,-10,77,66,-4095
3106378025,-83,9,-15,-8,67,69,-4090
3106379025,-83,9,-14,-6,73,62,-4080
3106380025,-83,10,-11,-8,50,6,-4051
3106381025,-83,1,-3,-11,23,22,-4064
3106382025,-83,17,-12,-4,91,126,-4087
3106383025,-83,7,-12,-12,82,41,-4089
3106384025,-83,11,-10,-15,103,70,-4066
3106385025,-83,4,-8,-7,40,63,-4068
3106386025,-83,10,-3,-11,56,37,-4067
3106387025,-83,0,-9,-14,58,37,-4064
3106388025,-83,4,-8,-10,76,60,-4056
3106389025,-83,4,-7,-9,93,50,-4070
3106390025,-83,3,-2,-8,82,38,-4073
3106391025,-83,4,-5,-11,60,64,-4078
3106392025,-83,3,-2,-5,65,40,-4041
3106393025,-83,3,-3,-2,69,57,-4070
3106394025,-83,4,-3,-8,77,68,-4086
3106395025,-83,8,-3,-6,68,69,-4076
3106396025,-83,10,-7,-4,72,64,-4080
3106397025,-83,4,0,-10,52,71,-4083
3106398025,-83,12,-9,-13,64,114,-4130
3106399025,-83,16,-14,-14,271,30,-4106
3106400025,-83,9,-16,-15,322,49,-4152
3106401025,-83,17,-25,-12,-17,123,-4070
3106402025,-83,10,-8,-10,-57,8,-4063
3106403025,-83,1,-6,-7,65,12,-4033
3106404025,-83,1,5,-3,64,12,-4055
3106405025,-83,-1,-1,-3,91,73,-4091
3106406025,-83,2,-6,-6,106,110,-4095
3106407025,-83,7,-10,-8,92,99,-4082
3106408025,-83,6,-8,-9,82,65,-4076
3106409025,-83,4,-10,-6,47,61,-4083
3106410025,-83,-1,-6,-8,27,86,-4062
3106411025,-83,4,-12,-6,66,69,-4111
3106412025,-83,3,-4,-9,53,71,-4093
3106413025,-83,4,-1,-5,49,62,-4091
3106414025,-83,5,-11,-8,93,62,-4094
3106415025,-83,6,-7,-8,98,63,-4087
3106416025,-83,4,-9,-13,80,39,-4099
3106417025,-83,6,-8,-8,68,64,-4082
3106418025,-83,3,-7,-11,57,45,-4094
3106419025,-83,7,-8,-7,64,47,-4080
3106420025,-83,6,-7,-7,63,65,-4079
3106421025,-83,3,-10,-11,32,53,-4097
3106422025,-83,6,-7,-8,60,46,-4107
3106423025,-83,8,-9,-5,67,59,-4097
3106424025,-83,-1,-7,-4,54,43,-4088
3106425025,-83,8,-14,-7,84,70,-4099
3106426025,-83,5,-6,-4,86,80,-4112
3106427025,-83,12,-7,-10,71,73,-4112
3106428025,-83,12,-18,-11,51,57,-4086
3106429025,-83,9,-8,-11,48,39,-4089
3106430025,-83,4,-4,-10,24,44,-4097
3106431025,-83,7,-5,-7,23,66,-4086
3106432025,-83,5,3,-11,21,57,-4093
3106433025,-83,7,-4,-6,24,39,-4108
3106434025,-83,0,1,-4,38,65,-4089
3106435025,-83,2,-1,-7,36,47,-4098
3106436025,-83,-1,2,-9,45,49,-4079
3106437025,-83,3,4,-11,36,62,-4095
3106438025,-83,3,2,-5,52,67,-4082
3106439025,-83,2,3,-11,64,56,-4082
3106440025,-83,4,3,-9,73,53,-4051
3106441025,-83,4,0,-4,87,48,-4066
3106442025,-83,3,2,-8,90,50,-4061
3106443025,-83,1,-6,-2,95,57,-4079
3106444025,-83,3,-6,-8,107,60,-4097
3106445025,-83,3,3,-7,94,68,-4100
3106446025,-83,10,-3,-8,89,88,-4104
3106447025,-83,8,-2,-5,73,74,-4086
3106448025,-83,7,-6,-7,75,66,-4084
3106449025,-83,9,-6,-4,74,57,-4110
3106450025,-83,6,-2,-5,69,57,-4099
3106451025,-83,11,-5,-5,77,81,-4101
3106452025,-83,12,-11,-8,69,67,-4122
3106453025,-83,6,-6,-8,51,49,-4107
3106454025,-83,12,-8,-3,52,58,-4093
3106455025,-83,9,2,-10,32,45,-4101
3106456025,-83,7,-5,-7,51,61,-4120
3106457025,-83,8,-11,-9,37,51,-4106
3106458025,-83,12,1,-8,41,57,-4101
3106459025,-83,6,-6,-10,57,58,-4111
3106460025,-83,12,-2,-5,58,48,-4110
3106461025,-83,11,-1,-5,55,45,-4099
3106462025,-83,5,-4,-8,82,61,-4100
3106463025,-83,9,-5,-6,82,44,-4067
3106464025,-83,3,4,-5,94,47,-4071
3106465025,-83,8,-8,-8,79,50,-4068
3106466025,-83,7,-3,-10,103,45,-4083
3106467025,-83,9,-12,-7,104,57,-4078
3106468025,-83,7,-8,-11,97,60,-4065
3106469025,-83,7,-6,-11,102,65,-4093
3106470025,-83,11,-10,-6,97,60,-4082
3106471025,-83,12,-13,-9,88,54,-4078
3106472025,-83,8,-10,-8,66,61,-4063
3106473025,-83,3,-13,-9,56,43,-4067
3106474025,-82,8,-7,-3,68,55,-4079
3106475025,-82,6,-8,-9,78,53,-4083
3106476025,-82,4,-11,-9,51,60,-4061
3106477025,-82,3,-7,-2,56,42,-4071
3106478025,-82,4,-8,-7,47,56,-4064
3106479025,-82,3,-6,-8,57,52,-4085
3106480025,-82,2,-7,-7,64,70,-4091
3106481025,-82,6,-4,-7,52,71,-4076
3106482025,-82,3,-3,-3,47,68,-4076
3106483025,-82,7,-5,-8,37,49,-4064
3106484025,-82,7,-4,-9,34,47,-4074
3106485025,-82,-1,1,-6,53,54,-4061
3106486025,-82,2,2,-8,56,66,-4063
3106487025,-82,-2,2,-6,60,55,-4056
3106488025,-82,-1,-2,-6,66,53,-4073
3106489025,-82,8,0,-4,70,70,-4073
3106490025,-82,5,2,-2,84,89,-4084
3106491025,-82,-2,1,-1,71,73,-4080
3106492025,-82,3,2,-6,79,71,-4079
3106493025,-82,4,1,-6,83,75,-4090
3106494025,-82,2,-4,-10,85,58,-4083
3106495025,-82,5,-2,-9,67,59,-4094
3106496025,-82,5,-3,-10,71,64,-4115
3106497025,-82,9,-8,-4,77,68,-4090
3106498025,-82,4,-4,-10,78,76,-4095
3106499025,-82,10,-5,-8,71,55,-4099
3106500025,-82,6,-6,-6,70,85,-4084
3106501025,-82,3,-3,-8,68,65,-4107
3106502025,-82,9,-5,-7,62,78,-4103
3106503025,-82,3,-2,-5,59,69,-4088
3106504025,-82,6,-6,-4,55,69,-4094
3106505025,-82,11,-2,-1,70,86,-4090
3106506025,-82,5,-2,-6,70,62,-4081
3106507025,-82,7,-8,-8,83,73,-4087
3106508025,-82,8,-12,-6,72,79,-4080
3106509025,-82,6,-3,-10,88,71,-4072
3106510025,-82,11,-13,-12,86,67,-4088
3106511025,-82,3,-6,-9,94,55,-4079
3106512025,-82,3,-9,-3,82,62,-4070
3106513025,-82,3,-11,-5,102,77,-4094
3106514025,-82,10,-9,-10,85,62,-4096
3106515025,-82,12,-12,-11,80,65,-4091
3106516025,-82,13,-13,-10,77,54,-4100
3106517025,-82,9,-8,-5,73,75,-4090
3106518025,-82,12,-15,-8,74,65,-4089
3106519025,-82,7,-10,-7,70,64,-4096
3106520025,-82,11,-11,-13,64,51,-4117
3106521025,-82,7,-12,-5,60,50,-4088
3106522025,-82,6,-16,-7,55,54,-4080
3106523025,-82,9,-12,-10,50,42,-4087
3106524025,-82,7,-13,-8,56,48,-4092
3106525025,-82,10,-12,-11,85,66,-4097
3106526025,-82,8,-12,-12,62,43,-4089
3106527025,-82,14,-10,-6,69,65,-4086
3106528025,-82,10,-15,-8,73,42,-4088
3106529025,-82,9,-16,-7,64,60,-4091
3106530025,-82,13,-10,-7,61,55,-4071
3106531025,-82,7,-9,-5,79,67,-4094
3106532025,-82,9,-10,-6,75,59,-4096
3106533025,-82,11,-10,-5,75,44,-4072
3106534025,-82,12,-20,-13,73,44,-4074
3106535025,-82,7,-19,-7,66,62,-4076
3106536025,-82,5,-11,-10,45,44,-4086
3106537025,-82,9,-13,-6,69,61,-4091
3106538026,-82,8,-16,-11,56,70,-4103
3106539025,-82,11,-11,-6,66,74,-4106
3106540026,-82,9,-17,-11,65,70,-4086
3106541027,-82,14,-13,-11,49,63,-4092
3106542025,-82,13,-17,-10,62,69,-4090
3106543025,-82,9,-17,-7,56,67,-4093
3106544025,-82,7,-17,-8,50,61,-4085
3106545025,-82,11,-10,-8,51,60,-4085
3106546025,-82,9,-17,-10,61,55,-4079
3106547025,-82,10,-20,-7,70,71,-4084
3106548025,-82,9,-15,-4,60,54,-4097
3106549025,-82,4,-16,-8,64,67,-4100
3106550025,-82,8,-18,-8,69,73,-4101
3106551025,-82,17,-18,-11,86,69,-4085
3106552025,-82,12,-20,-13,63,86,-4106
3106553025,-82,14,-22,-12,73,71,-4099
3106554025,-82,9,-16,-5,75,58,-4100
3106555025,-82,14,-19,-10,74,45,-4083
3106556025,-82,15,-22,-7,85,61,-4082
3106557025,-82,9,-20,-4,75,20,-4070
3106558025,-82,12,-22,-5,30,61,-4082
3106559025,-82,5,-14,-7,36,41,-4070
3106560025,-82,9,-13,-2,18,41,-4079
3106561025,-82,11,-15,-11,30,36,-4070
3106562025,-82,3,-10,-6,32,35,-4075
3106563025,-82,5,-11,-8,6,62,-4069
3106564025,-82,3,-7,-11,3,63,-4075
3106565025,-82,1,-4,-8,42,44,-4094
3106566025,-82,5,-10,-12,58,24,-4084
3106567025,-82,1,-2,-8,40,52,-4078
3106568025,-82,3,2,-5,13,44,-4084
3106569025,-82,2,0,-10,39,37,-4072
3106570025,-82,-3,4,-8,67,8,-4056
3106571025,-82,-1,3,-7,24,13,-4075
3106572025,-82,-6,2,-6,44,24,-4089
3106573025,-82,-5,8,-4,35,36,-4074
3106574025,-82,-2,7,-1,52,37,-4078
3106575025,-82,-2,11,-7,66,32,-4087
3106576025,-82,1,6,-2,42,32,-4085
3106577025,-82,-3,9,-3,30,32,-4090
3106578025,-82,-5,8,-6,32,30,-4114
3106579025,-82,-7,10,-7,34,32,-4105
3106580025,-82,-12,10,-3,36,30,-4098
3106581025,-82,-5,14,-13,44,22,-4101
3106582025,-82,-7,13,-7,45,39,-4116
3106583025,-82,-11,12,-7,70,40,-4101
3106584025,-82,-5,14,-1,43,31,-4089
3106585025,-82,-4,8,-9,76,38,-4091
3106586025,-82,-7,14,-3,98,32,-4070
3106587025,-82,-8,14,-9,56,26,-4032
3106588025,-82,-2,10,-5,14,65,-4102
3106589025,-82,4,6,-4,152,90,-4116
3106590025,-82,-3,9,-7,149,75,-4105
3106591025,-82,7,-3,-3,87,77,-4110
3106592025,-82,1,0,-4,87,76,-4091
3106593025,-82,4,-2,-9,89,71,-4095
3106594025,-82,2,0,-7,91,58,-4107
3106595025,-82,-1,-8,-12,96,67,-4110
3106596025,-82,-4,-1,-4,88,90,-4094
3106597025,-82,5,-2,-6,80,79,-4094
3106598025,-82,3,-7,-8,70,76,-4082
3106599025,-82,0,-3,-6,79,78,-4092
3106600025,-82,7,-3,-7,68,80,-4082
3106601025,-82,-8,-4,-2,41,88,-4108
3106602025,-82,-2,-7,-6,56,82,-4098
3106603025,-82,-1,-4,-6,52,73,-4086
3106604025,-82,5,-7,-6,63,64,-4087
3106605025,-82,0,-3,-6,66,62,-4085
3106606025,-82,0,-7,-8,58,56,-4082
3106607025,-82,1,-4,-3,76,48,-4090
3106608025,-82,2,-10,-10,86,77,-4086
3106609025,-82,3,-11,-10,76,57,-4086
3106610025,-82,3,-4,-12,76,41,-4082
3106611025,-82,6,-8,-6,84,65,-4099
3106612025,-82,1,-12,-5,80,53,-4084
3106613025,-82,7,-6,-6,73,48,-4097
3106614025,-82,6,-8,-3,62,37,-4092
3106615025,-82,-2,-5,-4,84,49,-4085
3106616025,-82,0,-6,1,74,44,-4090
3106617025,-82,1,-11,-6,54,40,-4099
3106618025,-82,9,-5,2,45,59,-4089
3106619025,-82,5,-8,-4,50,50,-4089
3106620025,-82,7,-7,-8,71,44,-4074
3106621025,-82,-2,-4,-8,68,45,-4084
3106622025,-82,6,-11,-8,66,53,-4073
3106623025,-82,5,-8,-4,76,57,-4082
3106624025,-82,0,-10,-11,70,56,-4066
3106625025,-82,5,-8,-7,67,49,-4069
3106626025,-82,0,-4,-3,50,48,-4079
3106627025,-82,1,-8,-6,48,54,-4105
3106628025,-82,-2,-7,-4,80,57,-4095
3106629025,-82,3,-5,-6,74,65,-4096
3106630025,-82,4,-6,-2,58,59,-4103
3106631025,-82,-4,-7,-4,57,58,-4089
3106632025,-82,5,-8,-4,70,61,-4090
3106633025,-82,3,-8,-2,73,68,-4095
3106634025,-82,2,-10,-7,65,68,-4084
3106635025,-82,5,-15,-5,63,57,-4083
3106636025,-82,-1,-17,-4,81,76,-4103
3106637025,-82,1,-5,-9,62,66,-4123
3106638025,-82,11,-11,-6,52,57,-4105
3106639025,-82,12,-12,-6,66,69,-4107
3106640025,-82,5,-11,-4,59,77,-4119
3106641025,-82,1,-11,-5,63,52,-4108
3106642025,-82,5,-10,-7,61,71,-4117
3106643025,-82,10,-13,-8,61,62,-4093
3106644025,-82,4,-17,1,57,61,-4103
3106645025,-82,2,-18,-2,59,60,-4103
3106646025,-82,11,-16,-5,57,61,-4104
3106647025,-82,1,-12,-7,71,50,-4096
3106648025,-82,7,-18,-8,51,59,-4116
3106649025,-82,8,-21,-7,64,57,-4084
3106650025,-82,8,-17,0,64,55,-4119
3106651025,-82,10,-16,-5,74,52,-4125
3106652025,-82,11,-19,-9,82,49,-4105
3106653025,-82,7,-18,-7,62,47,-4113
3106654025,-82,15,-25,-2,82,35,-4116
3106655025,-82,9,-17,-1,80,52,-4109
3106656025,-82,14,-21,-4,91,59,-4105
3106657025,-82,10,-25,-3,94,53,-4104
3106658025,-82,14,-29,0,90,66,-4109
3106659025,-82,14,-30,-4,101,57,-4095
3106660025,-82,8,-28,-1,94,68,-4098
3106661025,-82,14,-33,-1,94,58,-4107
3106662025,-82,20,-39,3,104,70,-4109
3106663025,-82,20,-37,2,79,73,-4108
3106664025,-82,19,-46,-3,73,69,-4099
3106665025,-82,19,-42,1,99,62,-4097
3106666025,-82,21,-44,-3,80,70,-4076
3106667025,-82,25,-53,-3,83,74,-4087
3106668025,-82,26,-56,-4,81,80,-4081
3106669025,-82,23,-51,2,73,92,-4085
3106670025,-82,26,-61,1,75,90,-4088
3106671025,-82,26,-56,5,104,84,-4089
3106672025,-82,21,-61,-1,91,69,-4096
3106673025,-82,22,-58,-1,59,88,-4086
3106674025,-82,27,-58,-3,85,69,-4084
3106675025,-82,25,-63,-3,68,80,-4103
3106676025,-82,26,-65,-5,82,80,-4096
3106677025,-82,25,-61,6,84,79,-4104
3106678025,-82,32,-67,-6,83,86,-4091
3106679025,-81,28,-67,-2,81,59,-4095
3106680025,-81,30,-74,-6,83,66,-4093
3106681025,-81,32,-69,-1,77,49,-4095
3106682025,-81,28,-70,-1,58,52,-4096
3106683025,-81,28,-71,-2,60,48,-4094
3106684025,-81,24,-75,-3,75,62,-4103
3106685025,-81,27,-75,-3,41,39,-4091
3106686025,-81,26,-76,-6,32,57,-4090
3106687025,-81,24,-68,-6,46,43,-4067
3106688025,-81,23,-65,-5,40,48,-4062
3106689025,-81,21,-67,-1,62,43,-4081
3106690025,-81,22,-69,-5,60,41,-4076
3106691025,-81,27,-66,-8,65,38,-4075
3106692025,-81,25,-68,-4,63,47,-4054
3106693025,-81,20,-59,-7,15,16,-4026
3106694025,-81,22,-59,-4,12,31,-4030
3106695025,-81,25,-58,-7,37,47,-4040
3106696025,-81,16,-53,-6,37,63,-4036
3106697025,-81,17,-48,-6,30,42,-4031
3106698025,-81,20,-45,-8,11,55,-4036
3106699025,-81,22,-44,-4,38,67,-4032
3106700025,-81,13,-42,-2,31,56,-4019
3106701025,-81,15,-38,-1,19,63,-4025
3106702025,-81,14,-40,-5,28,62,-4029
3106703025,-81,10,-35,-5,28,60,-4053
3106704025,-81,17,-41,-5,44,70,-4064
3106705025,-81,20,-40,-9,49,69,-4050
3106706025,-81,15,-39,-6,27,78,-4053
3106707025,-81,20,-39,-9,44,82,-4054
3106708025,-80,13,-34,-7,44,70,-4062
3106709025,-80,14,-33,-8,39,70,-4065
3106710025,-80,12,-27,-3,29,62,-4055
3106711025,-80,10,-24,-5,23,70,-4067
3106712025,-80,12,-24,-8,24,88,-4087
3106713025,-80,13,-24,-9,47,80,-4107
3106714025,-80,11,-24,-8,44,69,-4107
3106715025,-80,14,-25,-8,32,54,-4093
3106716025,-80,6,-26,-5,18,60,-4111
3106717025,-80,13,-26,-4,45,61,-4104
3106718025,-80,13,-29,-10,48,74,-4083
3106719025,-80,7,-21,-6,42,46,-4078
3106720025,-80,11,-23,-6,27,50,-4087
3106721025,-80,4,-21,-5,24,25,-4068
3106722025,-80,6,-21,-7,39,47,-4065
3106723025,-80,12,-19,-10,68,35,-4070
3106724025,-80,9,-20,-5,58,34,-4058
3106725025,-80,5,-18,-5,57,51,-4041
3106726025,-80,7,-21,-7,61,40,-4050
3106727025,-80,2,-13,-7,53,48,-4059
3106728025,-80,5,-13,-9,52,38,-4082
3106729025,-80,11,-19,-8,63,52,-4082
3106730025,-80,8,-16,-7,46,33,-4080
3106731025,-80,7,-18,-6,28,26,-4083
3106732025,-80,10,-12,-7,30,21,-4090
3106733025,-80,9,-12,-7,53,39,-4106
3106734025,-80,5,-19,-7,54,62,-4096
3106735025,-80,7,-16,-9,13,61,-4094
3106736025,-80,8,-16,-12,43,38,-4123
3106737025,-80,3,-19,-10,66,34,-4090
3106738025,-80,0,-9,-9,61,22,-4087
3106739025,-80,14,-26,-7,37,105,-4139
3106740025,-80,1,-16,-8,9,-14,-4003
3106741025,-80,3,-17,-10,70,21,-4149
3106742025,-80,4,-16,-8,62,111,-4109
3106743025,-80,6,-17,-13,62,89,-4095
3106744025,-80,7,-18,-7,32,48,-4031
3106745025,-80,-2,-13,-5,28,35,-4052
3106746025,-80,8,-13,-1,81,90,-4100
3106747025,-80,11,-20,-8,80,108,-4081
3106748025,-80,4,-14,-10,-36,79,-4040
3106749025,-80,11,-15,-17,65,-2,-4138
3106750025,-80,15,-25,-12,215,79,-4165
3106751025,-80,7,-27,-15,40,58,-4068
3106752025,-80,9,-26,-10,-53,26,-4081
3106753025,-80,12,-23,-6,-44,57,-4039
3106754025,-80,4,-9,-2,24,22,-4054
3106755025,-80,8,-7,-6,56,16,-4090
3106756025,-80,0,-3,0,65,61,-4088
3106757025,-80,3,-10,-5,7,96,-4089
3106758025,-80,5,-12,-6,27,53,-4056
3106759025,-80,4,-9,-3,34,58,-4063
3106760025,-80,4,-5,-7,43,72,-4098
3106761025,-80,4,-7,-6,41,53,-4109
3106762025,-80,5,-6,-9,32,37,-4096
3106763025,-80,0,-7,-7,31,38,-4084
3106764025,-80,-2,-5,-6,33,15,-4090
3106765025,-80,-1,-10,-8,32,28,-4090
3106766025,-80,-4,-8,-9,32,53,-4095
3106767025,-80,0,1,-8,31,85,-4085
3106768025,-80,-5,2,-5,33,60,-4085
3106769025,-80,-1,-6,-5,49,28,-4082
3106770025,-80,-2,5,-11,27,67,-4089
3106771025,-80,0,-3,-8,57,48,-4080
3106772025,-80,-1,0,-5,30,44,-4068
3106773025,-80,-4,5,-5,-1,115,-4042
3106774025,-80,1,8,-10,31,44,-4057
3106775025,-80,-3,11,-3,72,40,-4084
3106776025,-80,6,3,-2,91,107,-4119
3106777025,-80,5,-2,-5,61,118,-4121
3106778025,-80,3,-4,-9,23,53,-4076
3106779025,-80,10,-5,-10,29,70,-4096
3106780025,-80,6,-1,-6,79,32,-4097
3106781025,-80,1,-2,-9,42,22,-4095
3106782025,-80,1,-2,-12,29,42,-4100
3106783025,-80,0,4,-8,31,82,-4103
3106784025,-80,2,4,-9,33,55,-4096
3106785025,-80,0,4,-7,50,38,-4077
3106786025,-80,-3,0,-8,34,73,-4097
3106787025,-80,-1,4,-5,16,84,-4081
3106788025,-80,-1,5,-7,32,84,-4083
3106789025,-80,2,4,-10,9,63,-4087
3106790025,-80,5,2,-3,41,64,-4080
3106791025,-80,4,1,-4,29,19,-4072
3106792025,-80,4,3,-2,31,18,-4088
3106793025,-80,-1,2,-6,43,45,-4102
3106794025,-80,-1,5,-5,69,36,-4108
3106795025,-80,4,5,-8,62,56,-4113
3106796025,-80,0,2,-7,53,50,-4090
3106797025,-80,5,4,-9,56,32,-4094
3106798025,-80,2,1,-9,45,18,-4096
3106799025,-80,-4,3,-6,48,32,-4099
3106800025,-80,1,-1,-4,43,44,-4107
3106801025,-80,-2,2,-7,44,35,-4053
3106802025,-80,-3,8,-8,32,56,-4063
3106803025,-80,2,5,-3,42,58,-4091
3106804025,-80,3,7,-3,83,49,-4084
3106805025,-80,-1,4,-4,64,66,-4069
3106806025,-80,0,-2,-6,47,66,-4078
3106807025,-80,1,8,-7,42,76,-4085
3106808025,-80,4,5,-10,58,64,-4089
3106809025,-80,8,2,-4,66,49,-4099
3106810025,-80,4,3,-6,64,62,-4085
3106811025,-80,5,-1,-11,50,69,-4107
3106812025,-80,3,4,-10,58,79,-4108
3106813025,-80,1,4,-9,74,64,-4099
3106814025,-80,8,-4,-7,85,69,-4085
3106815025,-80,-2,2,-6,76,71,-4080
3106816025,-80,-3,1,-3,68,71,-4086
3106817025,-80,7,-5,-5,61,62,-4076
3106818025,-80,6,-3,-5,74,66,-4092
3106819025,-80,8,-1,-4,56,62,-4087
3106820025,-80,4,-8,-8,56,83,-4083
3106821025,-80,3,-7,-9,50,70,-4095
3106822025,-80,5,-9,-6,70,64,-4083
3106823025,-80,5,-3,-5,53,60,-4094
3106824025,-80,12,-8,-4,66,54,-4091
3106825025,-80,6,-2,-11,54,45,-4091
3106826025,-80,8,-1,-10,46,51,-4082
3106827025,-80,2,-8,-7,60,50,-4072
3106828025,-80,2,-3,-6,69,80,-4078
3106829025,-80,3,-11,-10,76,55,-4073
3106830025,-80,9,-9,-10,53,51,-4084
3106831025,-80,9,-1,-8,61,53,-4099
3106832025,-80,11,-11,-8,50,42,-4099
3106833025,-80,13,-15,-7,56,42,-4098
3106834025,-80,1,-4,-6,48,55,-4080
3106835025,-80,6,-8,-6,48,48,-4080
3106836025,-80,7,-11,-8,48,41,-4096
3106837025,-80,2,-5,-7,48,44,-4081
3106838025,-80,8,-12,-10,35,44,-4093
3106839025,-80,1,-4,-6,51,49,-4092
3106840025,-80,10,-8,-5,29,46,-4084
3106841025,-80,9,-12,-10,46,50,-4072
3106842025,-80,5,-6,-6,48,54,-4083
3106843025,-80,9,-12,-8,37,52,-4075
3106844025,-80,10,-5,-10,45,62,-4082
3106845025,-80,11,-2,-3,42,57,-4096
3106846025,-80,4,-3,-6,47,38,-4099
3106847025,-80,5,-1,-8,40,57,-4064
3106848025,-80,8,-7,-7,33,52,-4067
3106849025,-80,5,-8,-9,36,55,-4085
3106850025,-80,8,-4,-10,41,46,-4076
3106851025,-80,2,-6,-6,49,55,-4069
3106852025,-80,0,4,-9,43,48,-4073
3106853025,-80,4,-2,-9,27,48,-4059
3106854025,-80,7,0,-11,30,62,-4093
3106855025,-80,6,0,-6,23,60,-4091
3106856025,-80,1,-4,-9,14,57,-4074
3106857025,-80,4,3,-6,32,59,-4090
3106858025,-80,0,0,-8,33,44,-4072
3106859025,-80,2,3,-4,31,47,-4065
3106860025,-80,5,-1,-4,31,38,-4081
3106861025,-80,5,6,-11,49,61,-4078
3106862025,-80,2,3,-6,51,43,-4098
3106863025,-80,2,7,-4,43,60,-4086
3106864025,-80,4,10,-8,26,51,-4089
3106865025,-80,-1,6,-7,28,50,-4106
3106866025,-80,-3,15,-8,43,40,-4113
3106867025,-80,0,7,-7,52,13,-4087
3106868025,-80,-3,2,-9,42,39,-4090
3106869025,-80,5,-1,-8,42,58,-4102
3106870025,-80,1,6,-6,58,56,-4086
3106871025,-80,-2,9,-8,45,40,-4090
3106872025,-80,2,1,-9,73,55,-4104
3106873025,-80,1,4,-3,27,65,-4081
3106874025,-80,3,3,-12,28,37,-4079
3106875025,-80,4,5,-7,26,44,-4070
3106876025,-80,5,4,-8,77,85,-4094
3106877025,-80,1,9,-8,10,29,-4082
3106878025,-80,-3,8,-8,42,62,-4091
3106879025,-80,-2,12,-7,45,72,-4101
3106880025,-80,0,2,-4,70,47,-4123
3106881025,-80,1,3,-5,86,85,-4098
3106882025,-80,-5,5,-4,10,57,-4077
3106883025,-80,4,9,-1,48,63,-4075
3106884025,-80,0,6,-9,50,64,-4056
3106885025,-80,1,-2,-9,76,67,-4079
3106886025,-80,12,-5,-7,127,70,-4115
3106887025,-80,-1,-6,-7,113,106,-4098
3106888025,-80,2,-3,-9,-25,46,-4012
3106889025,-80,-2,4,-10,-42,12,-4037
3106890025,-80,5,3,-7,71,48,-4078
3106891025,-80,3,-4,-11,173,82,-4138
3106892025,-80,1,-1,-11,19,48,-4044
3106893025,-80,0,2,-10,-38,53,-4045
3106894025,-80,2,5,-11,-87,52,-3995
3106895025,-80,-1,10,-8,127,36,-4081
3106896025,-80,1,1,-8,180,97,-4127
3106897025,-80,6,-3,-9,58,93,-4107
3106898025,-80,7,0,-7,9,83,-4099
3106899025,-80,8,-2,-10,27,45,-4075
3106900025,-80,5,0,-5,93,32,-4094
3106901025,-80,4,1,-8,56,56,-4102
3106902025,-80,2,-4,-5,79,50,-4101
3106903025,-80,0,0,-6,71,65,-4083
3106904025,-80,6,0,-6,81,51,-4100
3106905025,-80,5,-5,-7,66,42,-4071
3106906025,-80,1,-7,-10,60,46,-4065
3106907025,-80,4,-6,-11,59,38,-4064
3106908025,-80,3,-5,-7,74,62,-4088
3106909025,-80,9,-12,-10,68,58,-4090
3106910025,-80,9,-12,-12,41,43,-4101
3106911025,-80,4,-5,-4,48,44,-4086
3106912025,-80,11,-11,-7,52,42,-4098
3106913025,-80,6,-13,-8,67,72,-4109
3106914025,-80,12,-13,-13,50,78,-4114
3106915025,-80,12,-8,-9,24,60,-4097
3106916025,-80,0,-8,-8,30,61,-4108
3106917025,-80,5,-9,-8,32,63,-4081
3106918025,-80,9,-10,-9,57,61,-4111
3106919025,-80,6,-11,-7,58,68,-4107
3106920025,-80,8,-4,-11,8,49,-4078
3106921025,-80,1,-7,-8,17,42,-4087
3106922025,-80,1,-4,-9,48,48,-4101
3106923025,-80,2,-12,-5,67,67,-4098
3106924025,-80,9,-6,-7,46,48,-4088
3106925025,-80,4,-9,-11,47,64,-4094
3106926025,-80,3,-5,-8,38,57,-4072
3106927025,-80,5,-7,-9,53,58,-4074
3106928025,-80,1,-7,-6,47,49,-4081
3106929025,-80,5,-9,-10,53,47,-4086
3106930025,-80,2,5,-7,51,46,-4079
3106931025,-80,4,-6,-7,45,53,-4084
3106932025,-80,1,-1,-7,40,51,-4086
3106933025,-80,1,0,-5,40,55,-4080
3106934025,-80,8,0,-6,29,42,-4091
3106935025,-80,1,0,-4,26,36,-4097
3106936025,-80,3,-2,-3,27,39,-4086
3106937025,-80,2,2,-5,30,27,-4085
3106938025,-80,9,2,-9,26,54,-4077
3106939025,-80,2,1,-6,33,54,-4071
3106940025,-80,2,0,-11,41,30,-4087
3106941025,-80,-1,3,-2,26,37,-4069
3106942025,-80,0,3,-8,47,46,-4087
3106943025,-80,-1,6,-7,38,60,-4097
3106944025,-80,1,4,-7,39,40,-4077
3106945025,-80,6,3,-6,35,47,-4097
3106946025,-80,0,9,-2,44,57,-4109
3106947025,-80,8,6,-9,43,46,-4090
3106948025,-80,3,4,-8,45,45,-4090
3106949025,-80,7,6,-9,25,42,-4094
3106950025,-80,-2,5,0,42,48,-4089
3106951025,-80,-5,12,-6,44,33,-4069
3106952025,-80,-3,11,-3,33,49,-4085
3106953025,-80,1,14,-3,38,46,-4068
3106954025,-80,-3,14,-9,54,50,-4078
3106955025,-80,-2,13,-5,53,58,-4077
3106956025,-80,-2,13,-10,46,56,-4081
3106957025,-80,-6,18,-6,57,45,-4069
3106958025,-80,0,10,-10,50,55,-4092
3106959025,-80,-3,13,-5,39,52,-4076
3106960025,-80,0,9,-10,60,52,-4059
3106961025,-80,-5,12,-6,64,60,-4080
3106962025,-80,-4,17,-9,77,62,-4076
3106963025,-80,-2,6,-11,68,68,-4087
3106964025,-80,-1,8,-9,57,49,-4085
3106965025,-80,-8,17,-9,51,61,-4087
3106966025,-80,-7,13,-8,31,40,-4084
3106967025,-80,-6,15,-11,47,52,-4077
3106968025,-80,-2,10,-9,54,67,-4097
3106969025,-80,0,10,-8,55,58,-4096
3106970025,-80,-11,20,-8,49,54,-4075
3106971025,-80,-5,7,-10,52,61,-4084
3106972025,-80,-10,13,-3,46,49,-4097
3106973025,-80,-5,16,-6,48,38,-4075
3106974025,-80,-3,16,-7,57,64,-4084
3106975025,-80,-6,15,-8,46,38,-4089
3106976025,-80,-1,14,-10,70,57,-4093
3106977025,-80,-13,12,-5,48,62,-4083
3106978025,-80,-8,16,-7,47,46,-4088
3106979025,-80,0,6,-9,66,67,-4094
3106980025,-80,-9,17,-6,61,58,-4107
3106981025,-80,-7,16,-5,45,62,-4101
3106982025,-80,-2,8,-9,45,45,-4071
3106983025,-80,-8,14,-7,52,56,-4090
3106984025,-80,-8,13,-8,38,46,-4074
3106985025,-80,-7,19,-13,29,37,-4075
3106986025,-80,-12,14,-14,47,42,-4078
3106987025,-80,-7,16,-10,51,57,-4070
3106988025,-80,-10,15,-14,40,62,-4077
3106989025,-80,-16,17,-12,45,51,-4082
3106990025,-80,-10,16,-8,26,44,-4083
3106991025,-80,-15,20,-8,53,43,-4077
3106992025,-80,-10,18,-4,54,59,-4091
3106993025,-80,-12,22,-5,34,57,-4084
3106994025,-80,-8,25,-7,49,58,-4096
3106995025,-80,-5,16,-13,36,54,-4076
3106996025,-80,-9,14,-7,66,43,-4083
3106997025,-81,-6,19,-8,53,54,-4092
3106998025,-81,-12,19,-7,58,52,-4099
3106999025,-81,-12,16,-9,68,60,-4096
3107000025,-81,-6,17,-9,71,55,-4091
3107001025,-81,-9,17,-3,72,70,-4083
3107002025,-81,-11,21,-5,70,76,-4090
3107003025,-81,-3,14,-9,83,75,-4097
3107004025,-81,-7,17,-2,61,65,-4113
3107005025,-81,-6,9,-9,71,58,-4105
3107006025,-81,-5,13,-9,76,67,-4094
3107007025,-81,-1,8,-10,54,79,-4081
3107008025,-81,-10,10,-10,38,69,-4092
3107009025,-81,-4,7,-9,63,69,-4105
3107010025,-81,-3,11,-6,67,86,-4086
3107011025,-81,-5,9,-11,68,65,-4102
3107012025,-81,-5,10,-9,73,73,-4094
3107013025,-81,-3,5,-7,53,76,-4091
3107014025,-81,-2,4,-11,65,77,-4121
3107015025,-81,0,10,-6,78,76,-4095
3107016025,-81,-4,2,-4,55,61,-4089
3107017025,-81,1,4,-6,33,58,-4080
3107018025,-81,-2,3,-6,38,66,-4068
3107019025,-81,0,4,-12,41,58,-4071
3107020025,-81,-4,6,-11,43,49,-4082
3107021025,-81,-3,13,-10,21,57,-4077
3107022025,-81,-7,4,-7,19,51,-4061
3107023025,-81,-10,16,-11,29,48,-4071
3107024025,-81,-1,11,-10,31,61,-4066
3107025025,-81,-3,10,-11,34,70,-4082
3107026025,-81,-6,19,-3,31,64,-4084
3107027025,-81,1,9,-14,46,51,-4089
3107028025,-81,-10,15,-4,39,44,-4076
3107029025,-81,-8,21,-9,44,48,-4088
3107030025,-81,-2,15,-7,64,46,-4083
3107031025,-81,-8,16,-5,73,55,-4100
3107032025,-81,1,12,-8,89,69,-4086
3107033025,-81,-1,8,-13,62,60,-4088
3107034025,-81,3,11,-11,72,43,-4119
3107035025,-81,0,5,-11,95,65,-4095
3107036025,-81,-3,7,-9,72,67,-4091
3107037025,-81,-1,7,-7,79,80,-4086
3107038025,-81,2,-1,-8,78,63,-4098
3107039025,-81,2,4,-10,84,62,-4094
3107040025,-81,-2,0,-2,67,72,-4096
3107041025,-81,6,2,-3,61,51,-4079
3107042025,-81,2,0,-8,64,73,-4088
3107043025,-81,2,-4,-1,49,83,-4087
3107044025,-81,-1,2,-6,64,76,-4078
3107045025,-81,3,-2,-9,56,68,-4094
3107046025,-81,7,-1,-8,63,73,-4107
3107047025,-81,2,2,-8,49,63,-4101
3107048025,-81,0,5,-7,45,58,-4092
3107049025,-81,7,5,-9,36,69,-4090
3107050025,-81,0,4,-5,66,64,-4095
3107051025,-81,5,-1,-8,62,66,-4073
3107052025,-81,1,-1,-13,25,98,-4111
3107053025,-81,9,3,-7,76,117,-4130
3107054025,-81,5,-1,-4,33,65,-4054
3107055025,-81,1,9,-3,-63,-24,-4035
3107056025,-81,-4,14,-8,-14,30,-4049
3107057025,-81,-2,10,-9,87,104,-4100
3107058025,-81,0,11,-9,105,93,-4099
3107059025,-81,1,3,-10,116,88,-4094
3107060025,-81,3,2,-16,89,75,-4100
3107061025,-81,6,-4,-9,91,68,-4086
3107062025,-81,3,3,-14,94,63,-4076
3107063025,-81,0,4,-5,92,51,-4061
3107064025,-81,11,-5,-10,88,68,-4081
3107065025,-81,5,2,-7,103,48,-4097
3107066025,-81,6,-3,-9,96,55,-4092
3107067025,-81,5,-6,-8,112,54,-4089
3107068025,-81,6,-9,-7,77,50,-4070
3107069025,-81,-1,-4,-4,51,32,-4067
3107070025,-81,-3,-7,-7,44,33,-4077
3107071025,-81,4,-7,-10,40,54,-4088
3107072025,-81,5,-5,-7,38,42,-4095
3107073025,-81,3,-3,0,26,66,-4089
3107074025,-81,5,-1,-9,8,39,-4086
3107075025,-81,6,-1,-6,3,49,-4101
3107076025,-81,3,3,-4,9,44,-4103
3107077025,-81,1,1,-7,31,39,-4096
3107078025,-81,2,-1,-9,36,54,-4100
3107079025,-81,3,6,-13,46,55,-4105
3107080025,-81,1,4,-11,35,61,-4102
3107081025,-81,2,8,-11,45,53,-4100
3107082025,-81,4,7,-11,56,61,-4107
3107083025,-81,-1,2,-13,66,62,-4081
3107084025,-81,-1,6,-9,86,65,-4100
3107085025,-81,1,9,-12,71,59,-4089
3107086025,-81,5,2,-6,58,70,-4083
3107087025,-81,0,3,-1,70,64,-4076
3107088025,-81,7,-1,-6,67,73,-4084
3107089025,-81,4,2,-9,66,56,-4080
3107090025,-81,9,9,-7,57,57,-4093
3107091025,-81,1,-4,-7,52,60,-4096
3107092025,-81,0,0,-10,41,73,-4107
3107093025,-81,1,1,-10,41,63,-4083
3107094025,-81,10,-1,-12,69,69,-4105
3107095025,-81,5,2,-6,56,68,-4084
3107096025,-81,7,-3,-10,46,70,-4102
3107097025,-81,4,3,-5,57,61,-4088
3107098025,-81,5,2,-7,48,77,-4072
3107099025,-81,4,5,-3,51,65,-4078
3107100025,-81,5,3,-7,58,57,-4074
3107101025,-81,-1,-2,-6,51,56,-4078
3107102025,-81,8,1,-5,59,60,-4102
3107103025,-81,2,2,-9,63,56,-4078
3107104025,-81,0,8,-6,56,68,-4083
3107105025,-81,-1,5,-10,56,62,-4077
3107106025,-81,0,5,-11,40,43,-4068
3107107025,-81,-2,-3,-10,48,50,-4075
3107108025,-81,-5,9,-8,55,60,-4079
3107109025,-81,1,1,-8,71,46,-4070
3107110025,-81,1,8,-5,79,43,-4061
3107111025,-81,8,0,-9,80,41,-4072
3107112025,-81,0,7,-5,86,50,-4056
3107113025,-81,-2,5,-6,81,55,-4085
3107114025,-81,2,4,-8,64,55,-4081
3107115025,-81,7,1,-6,63,35,-4078
3107116025,-81,3,3,-9,65,60,-4105
3107117025,-81,9,3,-11,68,47,-4089
3107118025,-81,4,3,-10,72,42,-4086
3107119025,-81,6,6,-11,75,74,-4105
3107120025,-81,6,-4,-10,83,79,-4170
3107121025,-81,73,-135,-22,1405,-350,-5792
3107122025,-81,114,-31,-30,612,1659,-4346
3107123025,-81,-49,-8,-13,-1482,-761,-2813
3107124025,-81,-18,68,-9,331,56,-4270
3107125025,-81,-10,40,-13,833,426,-4762
3107126025,-81,6,-3,-10,207,62,-4122
3107127025,-81,4,4,-23,-275,68,-3982
3107128025,-81,-3,9,5,106,286,-4242
3107129025,-81,11,7,-6,230,87,-4134
3107130025,-81,-9,-1,-16,137,24,-3910
3107131025,-81,-12,6,-6,4,87,-4127
3107132025,-81,4,6,-11,55,182,-4168
3107133025,-81,5,10,6,134,23,-4134
3107134025,-81,3,7,-15,126,72,-4065
3107135025,-81,0,6,-8,91,46,-4109
3107136025,-81,2,8,-13,95,29,-4094
3107137025,-81,-6,9,-6,101,50,-4078
3107138025,-81,-1,6,-4,74,116,-4113
3107139025,-81,-4,3,-11,9,47,-4104
3107140025,-81,-2,5,2,-8,8,-4094
3107141025,-81,0,9,-14,14,22,-4031
3107142025,-81,-2,12,-7,14,60,-4086
3107143025,-81,-1,9,-6,29,61,-4108
3107144025,-81,-2,9,-15,25,56,-4096
3107145025,-81,4,13,-4,41,60,-4093
3107146025,-81,2,13,-15,45,59,-4097
3107147025,-81,-6,13,1,28,42,-4087
3107148025,-81,-8,18,-8,69,55,-4091
3107149025,-81,-8,17,2,58,41,-4087
3107150025,-81,-1,9,-5,75,44,-4094
