# auto-battlebot velocity jig
# columns: t_us,count,gx,gy,gz,ax,ay,az  (raw int16 imu)
# encoder: quadrature x4 (constant column if unplugged)
# sample_rate_hz=1000 gyro_dps_per_lsb=0.070 accel_g_per_lsb=0.000244
3108445160,0,17,-26,-8,49,48,-4086
3108446154,0,20,-28,-8,49,56,-4099
3108447156,0,15,-25,-7,59,48,-4078
3108448154,0,18,-26,-9,61,50,-4080
3108449154,0,14,-20,-2,58,66,-4090
3108450154,0,12,-32,-7,38,61,-4100
3108451154,0,20,-30,-7,43,67,-4078
3108452154,0,16,-26,-5,60,64,-4103
3108453154,0,18,-21,-1,65,60,-4073
3108454154,0,20,-26,-6,64,59,-4075
3108455154,0,21,-28,-4,72,60,-4100
3108456154,0,23,-34,-5,76,68,-4099
3108457154,0,20,-36,-2,75,91,-4093
3108458154,0,22,-33,-5,63,77,-4116
3108459154,0,19,-34,-4,71,75,-4107
3108460154,0,19,-33,-1,71,80,-4121
3108461154,0,20,-38,-1,68,80,-4109
3108462154,0,21,-33,-2,91,89,-4121
3108463154,0,26,-40,-6,84,65,-4121
3108464154,0,28,-49,-11,55,52,-4104
3108465154,0,31,-47,-6,54,69,-4115
3108466154,0,28,-52,-6,69,61,-4100
3108467154,0,17,-41,-3,55,57,-4088
3108468154,0,24,-48,0,37,69,-4090
3108469154,0,25,-45,-6,14,49,-4095
3108470154,0,20,-44,-4,-18,41,-4062
3108471154,0,38,-57,-2,302,258,-4382
3108472154,0,34,-57,0,360,104,-4157
3108473154,0,33,-69,-3,8,-14,-4221
3108474154,0,40,-61,-4,-68,16,-4073
3108475154,0,23,-52,4,-94,12,-4018
3108476154,0,25,-48,3,40,40,-4104
3108477154,0,27,-58,-1,165,49,-4098
3108478154,0,-4,18,-3,-379,66,-2885
3108479154,0,-59,37,14,-1496,-565,-5472
3108480154,0,15,7,-2,2592,1146,-4097
3108481154,0,36,-80,-1,1898,399,-4210
3108482154,0,91,-169,-17,-4,27,-4555
3108483154,0,46,-102,3,-969,161,-3856
3108484154,0,24,-19,-6,-541,-205,-3949
3108485154,0,28,-18,0,23,-269,-4046
3108486154,0,26,-44,-4,794,208,-4209
3108487155,0,45,-81,-6,209,365,-4517
3108488156,0,77,-97,0,211,264,-4171
3108489154,0,51,-74,-9,80,-103,-3974
3108490154,0,40,-84,-6,128,-160,-3959
3108491154,0,40,-85,-10,28,150,-3988
3108492154,0,15,-59,-3,-247,-41,-3836
3108493154,0,5,-42,-7,-362,150,-3925
3108494154,1,6,-14,-3,-208,119,-3987
3108495154,1,12,-9,-8,-91,28,-4016
3108496154,1,5,-9,-3,-54,-50,-3905
3108497154,1,-2,-10,1,-46,177,-4029
3108498154,1,9,-2,-4,-68,201,-4088
3108499154,1,14,-1,-9,9,169,-4060
3108500154,1,10,-3,-7,0,64,-4078
3108501154,1,14,-3,-8,-77,36,-4039
3108502154,1,10,12,-8,-70,-50,-4010
3108503154,1,5,18,-14,58,-79,-4016
3108504154,1,-4,24,-6,118,-53,-4085
3108505154,1,-4,10,-13,201,-13,-4127
3108506154,1,5,4,-7,194,27,-4135
3108507154,1,6,-5,-8,98,45,-4090
3108508154,1,2,6,-10,107,32,-4079
3108509154,1,4,-8,-7,122,-9,-4069
3108510154,1,6,-4,-8,125,10,-4079
3108511154,1,7,-9,-6,87,-16,-4084
3108512154,1,11,-14,-6,68,-28,-4083
3108513154,1,4,-9,-5,61,-10,-4071
3108514154,1,2,-13,-5,62,34,-4072
3108515154,1,6,-14,-6,26,40,-4092
3108516154,1,6,-11,-8,24,34,-4083
3108517154,1,4,-11,-5,-14,37,-4073
3108518154,1,3,-6,-3,-7,36,-4096
3108519154,1,3,-4,-1,-11,34,-4098
3108520154,1,0,-6,0,-15,51,-4080
3108521154,1,-1,-3,-8,-5,62,-4057
3108522154,1,-2,5,-6,-8,86,-4068
3108523154,1,10,1,-6,8,78,-4074
3108524154,1,3,10,-2,55,82,-4070
3108525154,1,3,-5,-1,60,75,-4065
3108526154,1,1,1,1,80,86,-4064
3108527154,1,3,-3,-6,80,71,-4056
3108528154,1,6,-7,-5,91,82,-4057
3108529154,1,7,-6,-12,79,107,-4078
3108530154,1,6,-10,-8,84,92,-4096
3108531154,1,9,-5,-11,94,84,-4093
3108532154,1,5,-7,-9,70,89,-4089
3108533154,1,7,-11,-7,70,90,-4094
3108534154,1,3,-8,-7,37,82,-4107
3108535154,1,5,-5,-7,20,75,-4097
3108536154,1,4,-8,-11,4,79,-4106
3108537154,1,2,-4,-11,5,77,-4070
3108538154,1,4,-8,-6,9,51,-4090
3108539154,1,1,-3,-7,9,60,-4066
3108540154,1,-5,3,-9,31,47,-4084
3108541154,1,10,-4,-8,45,60,-4079
3108542154,1,12,2,-3,18,44,-4085
3108543154,1,6,1,-11,43,36,-4081
3108544154,1,5,-2,-4,57,30,-4076
3108545154,1,5,4,-6,53,40,-4077
3108546154,1,6,-4,-8,49,9,-4092
3108547154,1,6,-7,-5,69,10,-4075
3108548154,1,5,-3,-8,73,9,-4084
3108549154,1,1,-2,-9,91,-3,-4095
3108550154,1,2,-10,-15,71,21,-4088
3108551154,1,1,-2,-13,57,17,-4086
3108552154,1,0,-8,-5,48,40,-4077
3108553154,1,8,-2,-13,48,39,-4096
3108554154,1,-2,-2,-8,29,46,-4099
3108555154,1,9,-6,-8,29,34,-4092
3108556154,1,5,-5,-9,38,47,-4071
3108557154,1,4,-4,-4,21,48,-4086
3108558154,1,8,-2,-11,40,60,-4083
3108559154,1,5,2,-10,25,66,-4082
3108560154,1,5,-10,-13,29,64,-4101
3108561154,1,-1,-2,-9,46,57,-4090
3108562154,1,7,3,-9,44,74,-4102
3108563154,1,4,-2,-5,44,84,-4095
3108564154,1,4,4,-5,38,83,-4091
3108565154,1,8,-1,-9,45,92,-4095
3108566154,1,5,-6,-7,42,81,-4093
3108567154,1,1,-4,-8,42,79,-4094
3108568154,1,1,-8,-3,41,78,-4094
3108569154,1,11,-3,-7,45,74,-4073
3108570154,1,0,-6,-5,49,71,-4073
3108571154,1,10,-10,-9,63,71,-4078
3108572154,1,3,-2,-5,49,85,-4080
3108573154,1,0,-6,-9,49,59,-4091
3108574154,1,3,-6,-9,54,69,-4084
3108575154,1,-1,-3,-10,44,73,-4087
3108576154,1,3,-8,-1,37,53,-4094
3108577154,1,4,0,-4,50,42,-4083
3108578154,1,5,-8,-4,53,58,-4083
3108579154,1,1,-5,-12,45,38,-4075
3108580154,1,8,-4,-1,25,45,-4077
3108581154,1,13,-6,-10,35,50,-4085
3108582154,1,2,-3,-4,42,40,-4089
3108583154,1,2,-2,-6,33,25,-4097
3108584154,1,9,-5,-10,37,41,-4096
3108585154,1,6,-6,-8,46,25,-4102
3108586154,1,4,-5,-7,34,34,-4102
3108587154,1,10,-9,-8,44,55,-4101
3108588154,1,4,-1,-6,31,42,-4114
3108589154,1,4,-3,-6,45,46,-4076
3108590154,1,0,-7,-8,47,54,-4082
3108591154,1,-3,-2,-6,45,37,-4089
3108592154,1,2,-10,-9,41,48,-4079
3108593154,1,9,-11,-7,44,64,-4065
3108594154,1,7,-7,-11,42,51,-4081
3108595154,1,1,-5,-4,55,56,-4072
3108596154,1,5,2,-4,45,74,-4086
3108597154,1,7,-6,-5,54,64,-4078
3108598154,1,4,-4,-2,43,62,-4077
3108599154,1,7,-2,-10,44,67,-4093
3108600154,1,6,-7,-10,51,72,-4087
3108601154,1,3,0,-6,37,59,-4068
3108602154,1,4,-5,-6,45,46,-4078
3108603154,1,5,-7,-12,39,60,-4088
3108604154,1,-2,-3,-9,45,75,-4087
3108605154,1,4,-9,-8,26,58,-4080
3108606154,1,4,-3,-7,41,64,-4097
3108607154,1,6,-6,-6,39,72,-4084
3108608154,1,3,-1,-6,45,72,-4089
3108609154,1,1,2,-6,45,69,-4103
3108610154,1,11,-7,-4,27,66,-4091
3108611154,1,3,-5,-6,45,74,-4084
3108612154,1,3,-3,-7,33,49,-4089
3108613154,1,7,2,-5,44,72,-4083
3108614154,1,7,-3,-5,50,66,-4094
3108615154,1,4,-10,-8,31,59,-4093
3108616154,1,9,-2,-7,43,50,-4081
3108617154,1,5,-2,-8,32,36,-4101
3108618154,1,5,-3,-5,41,41,-4093
3108619154,1,1,-3,-9,47,43,-4095
3108620154,1,5,-2,-4,40,58,-4083
3108621154,1,1,-5,-4,33,51,-4076
3108622154,1,7,-6,-7,45,42,-4074
3108623154,1,0,-6,-6,50,45,-4080
3108624154,1,6,-5,-9,40,42,-4088
3108625154,1,0,-2,-6,45,46,-4085
3108626154,1,7,-12,-5,65,45,-4083
3108627154,1,1,0,-3,42,56,-4086
3108628154,1,4,0,-3,37,55,-4084
3108629154,1,4,-4,-5,56,46,-4083
3108630154,1,6,-3,-8,32,54,-4094
3108631154,1,6,-5,-5,30,46,-4092
3108632154,1,10,-2,-5,40,62,-4085
3108633154,1,1,-4,-8,41,44,-4083
3108634154,1,1,-3,-4,50,59,-4093
3108635154,1,4,-3,-8,36,54,-4079
3108636154,1,1,-4,-7,49,62,-4084
3108637154,1,8,-10,-7,38,55,-4087
3108638154,1,5,1,-10,35,73,-4103
3108639154,1,5,-3,-4,47,68,-4086
3108640154,1,10,-9,-7,43,62,-4082
3108641154,1,1,0,-9,49,54,-4083
3108642154,1,8,2,-9,33,61,-4086
3108643154,1,5,-2,-6,42,80,-4093
3108644154,1,2,1,-6,56,61,-4067
3108645154,1,3,-4,-5,51,57,-4066
3108646154,1,7,-4,-7,54,60,-4080
3108647154,1,5,-1,-4,52,68,-4095
3108648154,1,3,-2,-5,41,60,-4089
3108649154,1,-2,-4,-7,50,50,-4091
3108650154,1,4,2,-9,47,48,-4088
3108651154,1,5,-4,-7,38,57,-4090
3108652154,1,10,-10,-7,48,45,-4089
3108653154,1,3,-5,-6,43,45,-4076
3108654154,1,4,0,-9,44,49,-4082
3108655154,1,-4,-6,-9,38,48,-4088
3108656154,1,4,-4,-11,45,35,-4092
3108657154,1,3,-3,-7,39,47,-4086
3108658154,1,5,-9,-11,52,57,-4075
3108659154,1,0,0,-5,51,46,-4083
3108660154,1,-2,1,-10,44,53,-4103
3108661154,1,3,-3,-9,30,54,-4092
3108662154,1,7,-9,-8,58,56,-4084
3108663154,1,3,-5,-9,48,43,-4089
3108664154,1,8,-6,-9,49,44,-4097
3108665154,1,4,1,-6,37,52,-4093
3108666154,1,1,-7,-9,46,51,-4080
3108667154,1,10,-6,-8,47,44,-4092
3108668154,1,1,-2,-6,32,60,-4077
3108669154,1,9,-10,-9,39,52,-4089
3108670154,1,5,-2,-4,44,40,-4082
3108671154,1,8,-4,-7,30,35,-4094
3108672154,1,5,-4,-5,50,59,-4096
3108673154,1,5,1,-7,30,62,-4092
3108674154,1,5,-6,-7,41,60,-4087
3108675154,1,3,-8,-7,32,54,-4088
3108676154,1,6,-8,-4,44,52,-4090
3108677154,1,9,-6,-9,60,57,-4069
3108678154,1,2,-2,-5,50,59,-4088
3108679154,1,2,-5,-7,39,72,-4088
3108680154,1,4,0,-3,37,57,-4097
3108681154,1,2,-5,-10,47,66,-4083
3108682154,1,3,-1,-2,48,62,-4104
3108683154,1,1,-3,2,43,52,-4086
3108684154,1,1,-5,-3,55,76,-4101
3108685154,1,6,-9,-6,42,50,-4097
3108686154,1,3,-3,-9,49,59,-4108
3108687154,1,3,-7,-5,54,35,-4083
3108688154,1,4,-8,-11,21,63,-4069
3108689154,1,5,0,-12,37,40,-4083
3108690154,1,4,-8,-8,31,55,-4083
3108691154,1,1,-4,-5,30,57,-4080
3108692154,1,-1,-8,-3,42,44,-4071
3108693154,1,0,-2,-5,39,56,-4094
3108694154,1,0,-6,-6,56,70,-4106
3108695154,1,5,-4,-9,60,73,-4090
3108696154,1,11,-6,-12,32,53,-4100
3108697154,1,-1,1,-2,53,35,-4091
3108698154,1,8,-8,-11,43,56,-4093
3108699154,1,1,-4,-4,37,49,-4094
3108700154,1,1,-1,-10,58,47,-4093
3108701154,1,1,-9,-10,45,43,-4075
3108702154,1,6,0,-8,39,45,-4068
3108703154,1,7,-8,-10,39,40,-4092
3108704154,1,5,-9,-8,41,61,-4094
3108705154,1,6,1,-4,49,70,-4097
3108706154,1,2,-7,-2,41,66,-4077
3108707154,1,4,-4,-4,28,54,-4094
3108708154,1,5,-4,-9,38,52,-4084
3108709154,1,-2,-3,-7,42,49,-4086
3108710154,1,5,-6,-8,40,60,-4083
3108711154,1,3,-10,-9,44,42,-4090
3108712154,1,0,-4,-8,54,53,-4069
3108713154,1,3,-5,-7,52,67,-4077
3108714154,1,2,-4,-10,57,45,-4080
3108715154,1,9,-4,-6,45,51,-4088
3108716154,1,0,1,-6,46,59,-4101
3108717154,1,0,-2,-3,43,53,-4107
3108718154,1,9,-4,-3,40,68,-4093
3108719154,1,7,2,-6,43,76,-4107
3108720154,1,5,-1,-7,44,66,-4091
3108721154,1,6,0,-7,41,60,-4098
3108722154,1,7,-8,-9,19,43,-4080
3108723154,1,3,-3,-9,31,50,-4073
3108724154,1,2,0,-7,40,55,-4097
3108725154,1,2,-5,-7,45,62,-4076
3108726154,1,1,-3,-3,53,56,-4067
3108727154,1,1,-4,-2,51,49,-4102
3108728154,1,4,-8,-12,36,57,-4098
3108729154,1,3,-7,-7,47,58,-4086
3108730154,1,6,-7,-3,37,50,-4103
3108731154,1,4,-5,-6,46,39,-4109
3108732154,1,-1,3,-3,38,68,-4103
3108733154,1,6,-13,-12,40,42,-4085
3108734154,1,5,-3,-6,37,48,-4079
3108735154,1,3,-3,-6,45,42,-4083
3108736154,1,1,-9,-9,33,55,-4081
3108737154,1,-2,0,-6,53,58,-4085
3108738154,1,6,-5,-10,41,46,-4080
3108739154,1,8,-3,-10,29,63,-4082
3108740154,1,4,-7,-4,21,46,-4097
3108741154,1,3,-3,-7,47,62,-4087
3108742154,1,0,-1,-7,49,59,-4096
3108743154,1,8,-5,-9,35,48,-4108
3108744154,1,4,-4,-8,40,39,-4091
3108745154,1,1,-6,-3,47,62,-4074
3108746154,1,7,-3,-3,48,49,-4077
3108747154,1,6,-7,-10,60,49,-4076
3108748154,1,0,-4,-7,51,70,-4089
3108749154,1,8,-10,-6,42,68,-4102
3108750154,1,2,-6,-7,50,54,-4094
3108751154,1,4,-5,-8,44,54,-4096
3108752154,1,1,-7,-9,63,57,-4093
3108753154,1,1,3,-6,42,75,-4090
3108754154,1,3,-4,-7,25,37,-4107
3108755154,1,4,-2,-10,31,57,-4098
3108756154,1,2,-9,-9,52,50,-4094
3108757154,1,3,-6,-9,34,46,-4082
3108758154,1,3,-7,-9,37,52,-4069
3108759154,1,4,-3,-6,55,61,-4088
3108760154,1,11,1,-2,42,46,-4095
3108761154,1,-2,-1,-4,38,47,-4074
3108762154,1,3,-6,-8,45,59,-4090
3108763154,1,8,-8,-2,58,61,-4081
3108764154,1,7,-5,-8,40,73,-4092
3108765154,1,6,-3,-8,51,55,-4094
3108766154,1,5,-4,-1,43,44,-4078
3108767154,1,4,-2,-6,29,62,-4087
3108768154,1,9,-3,-5,42,46,-4081
3108769154,1,-1,-3,-4,43,30,-4074
3108770154,1,5,-7,-5,32,43,-4073
3108771154,1,6,-9,-6,50,65,-4082
3108772154,1,-1,-9,-4,42,44,-4092
3108773154,1,1,-8,-5,45,45,-4095
3108774154,1,4,-4,-7,25,62,-4105
3108775154,1,8,-4,-7,50,58,-4089
3108776154,1,7,-8,-8,44,59,-4084
3108777154,1,2,-6,-7,58,60,-4092
3108778154,1,9,-9,-9,52,65,-4085
3108779154,1,4,-6,-7,44,61,-4081
3108780154,1,5,-7,-12,48,55,-4078
3108781154,1,7,-2,-1,38,52,-4074
3108782154,1,4,-3,-2,51,55,-4084
3108783154,1,2,-3,-7,51,55,-4090
3108784154,1,9,-7,-8,37,50,-4084
3108785154,1,8,-5,-3,66,58,-4094
3108786154,1,10,-3,-7,59,51,-4091
3108787154,1,-2,-4,-3,52,53,-4087
3108788154,1,6,-7,-9,31,59,-4093
3108789154,1,3,-9,-10,30,53,-4087
3108790154,1,4,-8,-10,38,52,-4098
3108791154,1,6,-8,-6,47,65,-4069
3108792154,1,3,-4,-6,46,48,-4056
3108793154,1,0,-4,-9,33,45,-4085
3108794154,1,5,-6,-8,48,50,-4079
3108795154,1,5,-7,-7,46,50,-4084
3108796154,1,-1,-4,-8,42,56,-4087
3108797154,1,3,-1,-8,55,48,-4093
3108798154,1,5,-1,-12,52,61,-4102
3108799154,1,4,-3,-7,51,55,-4096
3108800154,1,5,-5,-9,49,57,-4112
3108801154,1,4,-5,-7,48,65,-4087
3108802154,1,6,-8,-7,34,52,-4079
3108803154,1,5,-3,-5,28,50,-4078
3108804154,1,7,0,-6,54,39,-4078
3108805154,1,3,-5,-10,61,42,-4087
3108806154,1,8,-2,-10,49,40,-4090
3108807154,1,3,-4,-11,46,46,-4077
3108808154,1,3,-6,-6,36,54,-4080
3108809154,1,1,-7,-6,40,38,-4075
3108810154,1,5,-2,-5,50,60,-4094
3108811154,1,8,-8,-6,49,64,-4086
3108812154,1,6,-5,-4,46,68,-4090
3108813154,1,5,-7,-5,36,54,-4094
3108814154,1,11,-7,-7,44,66,-4092
3108815154,1,-1,1,-4,58,49,-4087
3108816154,1,3,-1,-7,63,50,-4080
3108817154,1,2,0,-4,46,56,-4074
3108818154,1,10,-5,-13,59,58,-4099
3108819154,1,6,-2,-6,38,63,-4088
3108820154,1,-1,-4,-2,37,55,-4088
3108821154,1,9,-4,-10,44,51,-4101
3108822154,1,7,-4,-11,25,51,-4073
3108823154,1,2,0,-9,66,45,-4075
3108824154,1,4,-4,-6,49,48,-4089
3108825154,1,3,2,-9,37,68,-4087
3108826154,1,10,-4,-13,49,53,-4088
3108827154,1,0,-2,-3,43,58,-4089
3108828154,1,7,-2,-10,37,63,-4073
3108829154,1,5,-9,-11,55,46,-4070
3108830154,1,1,-2,-5,61,57,-4081
3108831154,1,5,-5,-12,48,36,-4097
3108832154,1,6,-7,-9,28,58,-4096
3108833154,1,1,-2,-4,49,56,-4092
3108834154,1,1,-5,-7,43,62,-4097
3108835154,1,3,0,-4,34,52,-4087
3108836154,1,7,-6,-4,47,46,-4081
3108837154,1,4,-3,-3,35,59,-4097
3108838154,1,8,-4,-7,31,46,-4068
3108839154,1,6,-8,-9,35,59,-4089
3108840154,1,6,-7,-10,51,48,-4089
3108841154,1,7,-7,-7,37,61,-4096
3108842154,1,1,-6,-4,33,51,-4079
3108843154,1,7,-6,-9,38,58,-4086
3108844154,1,3,-4,0,42,51,-4098
3108845154,1,6,-4,-7,41,55,-4108
3108846154,1,4,-12,-7,33,50,-4096
3108847154,1,-5,1,-8,47,49,-4091
3108848154,1,7,-7,-8,42,56,-4094
3108849154,1,1,-2,-5,42,49,-4078
3108850154,1,-1,-6,-10,42,50,-4104
3108851154,1,6,-2,-3,47,42,-4087
3108852154,1,4,2,-9,47,53,-4105
3108853154,1,7,-5,-7,47,59,-4092
3108854154,1,1,-3,-8,39,52,-4089
3108855154,1,3,-3,-10,41,63,-4098
3108856154,1,7,-3,-12,43,47,-4102
3108857154,1,3,-4,-10,32,54,-4083
3108858154,1,4,-6,-3,22,54,-4084
3108859154,1,-2,-4,-7,51,62,-4099
3108860154,1,4,0,-5,45,56,-4092
3108861154,1,5,-10,-6,34,45,-4073
3108862154,1,3,-5,-7,55,63,-4079
3108863154,1,1,-5,-7,36,42,-4084
3108864154,1,-1,-6,-8,43,66,-4076
3108865154,1,3,-7,-5,49,56,-4088
3108866154,1,10,-10,-11,54,47,-4088
3108867154,1,9,1,-2,54,51,-4100
3108868154,1,2,-3,-3,49,51,-4085
3108869154,1,9,-6,-11,49,53,-4091
3108870154,1,6,-1,-6,43,65,-4080
3108871154,1,2,-5,-8,17,48,-4083
3108872154,1,3,-9,-6,49,45,-4078
3108873154,1,11,-2,-9,54,45,-4095
3108874154,1,6,-2,-6,40,43,-4082
3108875154,1,3,-6,-4,40,47,-4085
3108876154,1,2,-4,-14,56,44,-4088
3108877154,1,-1,-4,-9,40,56,-4086
3108878154,1,-1,-4,-8,52,55,-4088
3108879154,1,4,-2,-6,48,52,-4081
3108880154,1,6,-6,-12,49,51,-4085
3108881154,1,5,-5,-7,47,59,-4098
3108882154,1,-1,-6,-5,49,58,-4090
3108883154,1,7,-2,-7,42,38,-4105
3108884154,1,1,-4,-7,41,59,-4097
3108885154,1,9,-9,-5,48,47,-4083
3108886154,1,7,-5,-7,39,36,-4078
3108887154,1,9,-4,-7,49,43,-4072
3108888154,1,3,-2,-7,42,62,-4087
3108889154,1,8,-3,-5,43,52,-4086
3108890154,1,7,-7,-5,43,47,-4082
3108891154,1,0,-5,-2,37,47,-4087
3108892154,1,7,-2,-5,48,61,-4089
3108893154,1,7,-5,-7,30,46,-4080
3108894154,1,3,-5,-6,47,50,-4080
3108895154,1,3,-3,-9,48,40,-4084
3108896154,1,2,-4,-9,38,59,-4078
3108897154,1,4,0,-4,43,57,-4074
3108898154,1,5,-4,-5,53,47,-4078
3108899154,1,2,-3,-9,40,48,-4108
3108900154,1,7,-2,-4,46,49,-4082
3108901154,1,4,-1,-11,56,57,-4093
3108902154,1,0,-2,-8,41,42,-4097
3108903154,1,2,-7,-4,44,54,-4090
3108904154,1,9,-7,-8,46,49,-4097
3108905154,1,7,-1,-9,42,64,-4083
3108906154,1,4,-4,-5,42,61,-4092
3108907154,1,6,-5,-8,53,39,-4101
3108908154,1,-2,2,-3,37,63,-4073
3108909154,1,9,-3,-5,33,52,-4088
3108910154,1,6,-5,-8,34,47,-4078
3108911154,1,2,-3,-9,34,52,-4079
3108912154,1,5,-4,-3,55,45,-4078
3108913154,1,5,2,-5,45,46,-4085
3108914154,1,2,-1,-9,51,52,-4093
3108915154,1,2,-2,-2,39,47,-4093
3108916154,1,4,-6,-10,54,58,-4089
3108917154,1,9,-10,-1,50,58,-4069
3108918154,1,4,-3,-2,49,43,-4096
3108919154,1,3,-1,-6,52,51,-4088
3108920154,1,6,-6,-7,62,43,-4080
3108921154,1,2,-6,-3,41,54,-4093
3108922154,1,7,-1,-13,46,54,-4086
3108923154,1,7,-5,-10,39,42,-4087
3108924154,1,4,-3,-5,31,52,-4097
3108925154,1,7,-7,-11,27,51,-4096
3108926154,1,4,-2,-7,39,52,-4083
3108927154,1,8,-4,-6,39,60,-4086
3108928154,1,3,1,-8,38,56,-4091
3108929154,1,2,3,-8,31,62,-4090
3108930154,1,3,-5,-5,39,51,-4096
3108931154,1,3,-5,-7,40,42,-4085
3108932154,1,5,-2,-7,44,47,-4083
3108933154,1,2,-7,-10,38,47,-4079
3108934154,1,-6,-2,-4,64,44,-4087
3108935154,1,1,-4,-5,51,62,-4082
3108936154,1,2,-3,-6,59,57,-4095
3108937154,1,0,-4,-8,47,48,-4097
3108938154,1,4,-3,-6,39,58,-4093
3108939154,1,5,-6,-10,34,49,-4091
3108940154,1,2,-2,-8,38,51,-4102
3108941154,1,7,-11,-7,43,48,-4085
3108942154,1,-1,-2,-9,26,50,-4084
3108943154,1,6,-1,-8,42,46,-4095
3108944154,1,5,-7,-7,35,52,-4094
3108945154,1,4,-4,-11,43,50,-4097
3108946154,1,3,-3,-2,33,40,-4077
3108947154,1,10,-2,-9,38,42,-4080
3108948154,1,3,-2,-4,47,41,-4099
3108949154,1,-1,-9,-6,42,52,-4083
3108950154,1,6,0,-3,42,57,-4086
3108951154,1,1,-3,-2,56,58,-4072
3108952154,1,8,-6,-7,34,72,-4090
3108953154,1,-3,0,-7,27,66,-4088
3108954154,1,0,-2,-7,62,60,-4088
3108955154,1,2,0,-7,56,54,-4086
3108956154,1,3,-1,-10,46,58,-4094
3108957154,1,7,-12,-8,28,52,-4087
3108958154,1,7,-1,-7,44,58,-4096
3108959154,1,2,-4,-8,34,40,-4105
3108960154,1,2,-9,-7,37,52,-4074
3108961154,1,6,1,-8,38,57,-4088
3108962154,1,9,-9,-3,37,48,-4073
3108963154,1,9,0,-9,43,43,-4085
3108964154,1,8,-2,-5,22,56,-4086
3108965154,1,5,-7,-11,48,46,-4072
3108966154,1,0,-8,-6,42,57,-4081
3108967154,1,3,-9,-8,42,45,-4097
3108968154,1,6,-6,-9,46,51,-4100
3108969154,1,5,-7,-9,48,50,-4088
3108970154,1,1,-3,-6,37,53,-4085
3108971154,1,4,-4,-5,24,51,-4083
3108972154,1,6,-1,-7,49,50,-4084
3108973154,1,9,-4,-6,53,39,-4068
3108974154,1,7,-7,-6,42,47,-4089
3108975154,1,5,-1,-5,60,51,-4067
3108976154,1,7,-4,-9,29,53,-4086
3108977154,1,4,-1,-6,44,48,-4085
3108978154,1,4,-3,-8,35,41,-4071
3108979154,1,0,2,-8,41,52,-4067
3108980154,1,6,-3,-9,50,58,-4087
3108981154,1,-3,-8,-6,48,62,-4086
3108982154,1,6,-2,-6,44,50,-4086
3108983154,1,5,-4,-9,44,58,-4094
3108984154,1,3,4,-6,34,48,-4100
3108985154,1,4,-3,-4,41,46,-4079
3108986154,1,3,-5,-8,52,49,-4076
3108987154,1,5,-3,-2,50,56,-4083
3108988154,1,3,-1,-6,30,50,-4073
3108989154,1,5,0,-7,41,44,-4090
3108990154,1,6,-3,-4,36,66,-4090
3108991154,1,6,-1,-2,42,50,-4071
3108992154,1,-2,-5,-6,45,44,-4090
3108993154,1,-2,1,-6,39,50,-4082
3108994154,1,7,-4,-6,32,70,-4091
3108995154,1,1,-2,-4,48,54,-4090
3108996154,1,3,-2,-5,44,52,-4090
3108997154,1,-1,-1,-3,44,45,-4096
3108998154,1,5,-5,-7,55,59,-4094
3108999154,1,4,-4,-7,49,52,-4097
3109000154,1,5,-5,-8,42,61,-4089
3109001154,1,-1,0,-5,47,40,-4080
3109002154,1,0,-3,-7,60,42,-4085
3109003154,1,9,-5,-7,64,48,-4105
3109004154,1,1,-5,-8,54,53,-4087
3109005154,1,7,-4,-5,28,58,-4106
3109006154,1,4,-4,-10,36,49,-4096
3109007154,1,-1,2,-6,32,63,-4100
3109008154,1,9,-4,-12,31,44,-4088
3109009154,1,-1,-3,-7,39,54,-4080
3109010154,1,8,-14,-9,41,43,-4079
3109011154,1,-1,0,-8,40,44,-4074
3109012154,1,1,-1,-12,21,59,-4081
3109013154,1,1,-5,-7,52,61,-4078
3109014154,1,3,-1,-6,59,55,-4086
3109015154,1,4,-8,-8,60,72,-4092
3109016154,1,7,1,-6,54,64,-4085
3109017154,1,2,-2,-4,38,57,-4088
3109018154,1,3,-6,-11,50,61,-4100
3109019154,1,3,-7,-13,46,56,-4093
3109020154,1,-1,2,-9,38,59,-4080
3109021154,1,8,-7,-9,55,47,-4090
3109022154,1,0,0,-7,51,56,-4087
3109023154,1,3,-5,-5,38,37,-4092
3109024154,1,1,-3,-7,53,52,-4087
3109025154,1,5,0,-3,41,51,-4088
3109026154,1,3,-4,-1,38,46,-4085
3109027154,1,5,-5,-9,34,57,-4087
3109028154,1,5,-7,-6,37,53,-4080
3109029154,1,4,-3,-4,33,53,-4089
3109030154,1,-6,1,-7,42,59,-4085
3109031154,1,6,-7,-8,39,52,-4079
3109032154,1,6,-8,-9,40,42,-4082
3109033154,1,8,-5,-9,37,59,-4068
3109034154,1,1,-4,-7,50,56,-4085
3109035154,1,3,-6,-7,55,60,-4092
3109036154,1,7,1,-7,51,66,-4088
3109037154,1,7,-4,-7,49,56,-4081
3109038154,1,7,-5,-9,51,43,-4087
3109039154,1,1,1,-8,29,56,-4084
3109040154,1,7,-2,-6,41,63,-4079
3109041154,1,2,0,-6,26,50,-4097
3109042154,1,15,-7,-11,30,46,-4092
3109043154,1,3,1,-7,38,45,-4088
3109044154,1,0,-5,-4,51,45,-4086
3109045154,1,9,-6,-10,44,44,-4084
3109046154,1,9,2,0,42,41,-4071
3109047154,1,4,-3,-7,47,48,-4078
3109048154,1,3,-8,-11,22,47,-4092
3109049154,1,1,-8,-7,34,51,-4075
3109050154,1,7,-3,-6,54,56,-4088
3109051154,1,2,-4,-7,39,68,-4081
3109052154,1,2,-2,-4,53,49,-4075
3109053154,1,6,-8,-11,50,59,-4083
3109054154,1,1,0,-10,47,53,-4085
3109055154,1,8,-3,-7,44,56,-4091
3109056154,1,1,-4,-8,49,52,-4088
3109057154,1,2,-1,-6,51,51,-4081
3109058154,1,3,-4,-8,50,54,-4095
3109059154,1,3,-7,-9,34,56,-4089
3109060154,1,2,-6,-4,56,55,-4086
3109061154,1,3,-4,-3,42,44,-4086
3109062154,1,-6,-2,-5,45,60,-4092
3109063154,1,6,-4,-4,38,73,-4088
3109064154,1,9,-7,-7,51,51,-4073
3109065154,1,5,-5,-6,42,50,-4068
3109066154,1,6,-3,-4,35,47,-4088
3109067154,1,8,-8,-8,47,59,-4076
3109068154,1,2,-3,-7,37,57,-4081
3109069154,1,8,-9,-4,66,56,-4096
3109070154,1,2,-1,-6,50,35,-4100
3109071154,1,-1,-3,-2,41,50,-4077
3109072154,1,7,-12,-8,42,59,-4090
3109073154,1,1,-4,-10,41,44,-4086
3109074154,1,9,-6,-4,51,40,-4095
3109075154,1,6,-2,-6,33,40,-4078
3109076154,1,5,0,-8,39,49,-4097
3109077154,1,5,-3,-6,45,52,-4084
3109078154,1,2,-4,-11,48,55,-4092
3109079154,1,11,-5,-4,34,55,-4091
3109080154,1,3,0,-6,46,49,-4088
3109081154,1,7,-3,-10,32,42,-4068
3109082154,1,5,-8,-13,33,64,-4092
3109083154,1,5,-7,-4,44,54,-4099
3109084154,1,10,-3,-10,43,55,-4090
3109085154,1,13,-11,-7,46,53,-4090
3109086154,1,5,-5,-7,37,49,-4081
3109087154,1,8,-5,-4,44,62,-4085
3109088154,1,4,-3,-6,47,33,-4074
3109089154,1,7,1,-3,51,51,-4072
3109090154,1,10,-8,-8,38,49,-4079
3109091154,1,4,-3,-9,41,39,-4094
3109092154,1,3,-3,-12,39,55,-4089
3109093154,1,5,-4,-8,35,50,-4090
3109094154,1,-2,-3,-8,36,43,-4087
3109095154,1,5,-4,-9,49,53,-4074
3109096154,1,8,-8,-5,35,53,-4084
3109097154,1,0,-5,-6,43,58,-4079
3109098154,1,4,-1,-5,28,56,-4083
3109099154,1,6,-1,-7,44,53,-4068
3109100154,1,3,-9,-10,43,62,-4079
3109101154,1,6,-5,-9,35,47,-4088
3109102154,1,3,-5,-9,60,35,-4104
3109103154,1,0,-2,-11,61,43,-4092
3109104154,1,4,-6,-13,45,23,-4093
3109105154,1,6,-10,-13,37,50,-4100
3109106154,1,3,-6,-7,41,34,-4106
3109107154,1,4,-1,-3,42,53,-4088
3109108154,1,11,-7,-6,44,51,-4092
3109109154,1,6,-5,-7,48,48,-4090
3109110154,1,2,-5,-2,40,49,-4087
3109111154,1,2,3,-8,29,47,-4086
3109112154,1,1,-4,-8,42,53,-4090
3109113154,1,4,-5,-9,49,53,-4084
3109114154,1,2,-11,-9,41,55,-4088
3109115154,1,4,-6,-5,28,51,-4091
3109116154,1,4,-4,-7,50,62,-4079
3109117154,1,2,-6,-12,43,48,-4096
3109118154,1,8,0,-6,57,51,-4082
3109119154,1,2,0,-8,52,70,-4091
3109120154,1,6,-1,-3,58,57,-4085
3109121154,1,-2,-1,-6,57,62,-4085
3109122154,1,1,-6,-4,49,40,-4094
3109123154,1,2,-3,-8,45,51,-4076
3109124154,1,1,-9,-3,34,50,-4093
3109125154,1,6,-1,-8,42,69,-4067
3109126154,1,1,3,-3,56,62,-4084
3109127154,1,9,-2,-1,49,49,-4074
3109128154,1,5,1,-6,38,43,-4084
3109129154,1,3,-5,-4,42,49,-4065
3109130154,1,2,2,0,31,52,-4072
3109131154,1,2,-4,-8,32,74,-4077
3109132154,1,4,-2,-8,28,50,-4088
3109133154,1,3,-4,-7,41,64,-4077
3109134154,1,4,-4,-10,34,42,-4074
3109135154,1,4,-1,-9,29,52,-4081
3109136154,1,8,-5,-12,46,46,-4087
3109137154,1,4,-2,-10,58,48,-4085
3109138154,1,1,-8,-8,45,59,-4082
3109139154,1,6,3,-7,45,63,-4083
3109140154,1,3,1,-4,47,50,-4095
3109141154,1,6,-7,-5,34,67,-4096
3109142154,1,-4,-3,-6,47,49,-4095
3109143154,1,5,-5,-9,44,55,-4074
3109144154,1,2,-4,-8,38,52,-4087
3109145154,1,7,-6,-8,50,43,-4088
3109146154,1,3,-10,-9,47,44,-4089
3109147154,1,3,-2,-6,44,52,-4074
3109148154,1,4,-3,-5,44,54,-4084
3109149154,1,9,-7,-2,44,53,-4081
3109150154,1,1,4,-4,43,49,-4101
3109151154,1,4,-3,-6,56,62,-4079
3109152154,1,8,-3,-11,56,48,-4092
3109153154,1,3,0,-10,42,68,-4093
3109154154,1,2,-3,-6,50,47,-4092
3109155154,1,4,-4,-7,50,59,-4104
3109156154,1,-1,2,-9,39,50,-4090
3109157154,1,3,-4,-8,45,39,-4096
3109158154,1,8,0,-8,47,41,-4091
3109159154,1,4,-5,1,31,59,-4092
3109160154,1,5,3,-3,37,45,-4101
3109161154,1,6,-1,-7,42,49,-4101
3109162154,1,3,-4,-3,36,58,-4080
3109163154,1,1,-3,-7,41,60,-4079
3109164154,1,0,0,-6,33,45,-4084
3109165154,1,5,-4,-9,34,46,-4090
3109166154,1,3,-4,-7,43,59,-4069
3109167154,1,3,-4,-5,44,53,-4081
3109168154,1,14,-1,-9,47,49,-4082
3109169154,1,2,-2,-7,49,58,-4080
3109170154,1,4,-1,-8,54,81,-4102
3109171154,1,1,-2,-9,41,49,-4098
3109172154,1,6,0,-6,36,63,-4090
3109173154,1,5,-5,-6,44,61,-4093
3109174154,1,3,0,-10,36,47,-4095
3109175154,1,5,-5,-6,43,48,-4092
3109176154,1,0,-2,-3,42,64,-4091
3109177154,1,1,-3,-9,40,58,-4091
3109178154,1,7,-8,-11,31,33,-4073
3109179154,1,4,-6,-6,2,45,-4060
3109180154,1,4,1,-5,16,59,-4069
3109181154,1,7,-5,-11,15,54,-4070
3109182154,1,1,2,-7,20,56,-4074
3109183154,1,5,-7,-12,39,78,-4048
3109184154,1,6,-4,-11,49,59,-4056
3109185154,1,1,-1,-8,47,73,-4063
3109186154,1,5,-2,-11,54,52,-4084
3109187154,1,2,-5,-10,77,76,-4100
3109188154,1,3,-4,-8,62,75,-4115
3109189154,1,6,-3,-7,71,42,-4111
3109190154,1,0,3,-4,72,65,-4096
3109191154,1,3,-4,-7,86,52,-4108
3109192154,1,2,-5,-3,47,52,-4129
3109193154,1,10,-3,-7,55,38,-4102
3109194154,1,8,-5,-11,47,28,-4107
3109195154,1,4,-5,-8,45,14,-4121
3109196154,1,9,-4,-2,21,14,-4100
3109197154,1,7,-4,-10,31,20,-4101
3109198154,1,2,-4,-2,23,37,-4095
3109199154,1,5,-4,-4,24,41,-4089
3109200154,1,-2,-6,-7,28,31,-4085
3109201154,1,6,-8,-12,12,31,-4074
3109202154,1,4,-7,-5,5,41,-4079
3109203154,1,8,-6,-5,14,54,-4072
3109204154,1,3,-2,-8,38,42,-4057
3109205154,1,3,-2,-3,34,33,-4062
3109206154,1,6,0,-7,62,49,-4064
3109207154,1,7,-4,-9,48,53,-4073
3109208154,1,7,-1,-7,56,50,-4080
3109209154,1,8,-2,-12,62,72,-4081
3109210154,1,11,-1,-4,35,80,-4084
3109211154,1,0,-6,-5,56,73,-4072
3109212154,1,3,-2,-8,53,44,-4054
3109213154,1,1,-7,-9,51,98,-4110
3109214154,1,7,-2,-6,55,80,-4096
3109215154,1,5,-5,-9,50,65,-4082
3109216154,1,9,-10,-5,37,73,-4068
3109217154,1,5,-5,-4,32,79,-4086
3109218154,1,8,-8,-2,39,88,-4112
3109219154,1,7,-6,-5,61,58,-4098
3109220154,1,3,-2,-4,30,52,-4102
3109221154,1,2,-6,-8,25,63,-4116
3109222154,1,0,1,-4,38,72,-4098
3109223154,1,9,-6,-7,27,67,-4099
3109224154,1,9,0,-7,38,57,-4082
3109225154,1,-1,-1,-7,54,47,-4073
3109226154,1,5,1,-5,24,63,-4077
3109227154,1,5,-3,-9,49,54,-4087
3109228154,1,3,0,-3,52,44,-4079
3109229154,1,6,-8,-5,34,46,-4090
3109230154,1,7,-8,-4,51,44,-4071
3109231154,1,4,-4,-6,39,52,-4085
3109232154,1,13,-5,-8,33,32,-4089
3109233154,1,1,-2,-6,37,8,-4074
3109234154,1,4,-4,-5,41,28,-4067
3109235154,1,0,0,-4,42,47,-4087
3109236154,1,4,-7,-7,56,52,-4080
3109237154,1,7,-8,-8,52,38,-4079
3109238154,1,3,-1,-8,55,54,-4095
3109239154,1,1,-6,-8,44,52,-4095
3109240154,1,1,-4,-10,45,57,-4101
3109241154,1,-1,-2,-7,41,74,-4116
3109242154,1,7,-2,-8,63,54,-4094
3109243154,1,6,-5,-11,22,37,-4071
3109244154,1,1,2,-7,24,65,-4084
3109245154,1,0,-2,-4,33,47,-4092
3109246154,1,-1,-2,-4,38,58,-4081
3109247154,1,-2,-4,-2,46,74,-4102
3109248154,1,8,-1,-3,39,62,-4095
3109249154,1,5,-5,-5,28,64,-4089
3109250154,1,9,-5,-11,25,66,-4084
3109251154,1,8,-4,-5,51,66,-4085
3109252154,1,3,-2,-6,50,71,-4083
3109253154,1,0,1,-6,62,71,-4090
3109254154,1,3,0,-4,39,69,-4090
3109255154,1,11,-5,-5,46,62,-4098
3109256154,1,2,-2,-4,61,45,-4073
3109257154,1,3,-4,-10,43,48,-4082
3109258154,1,0,-2,-2,51,50,-4095
3109259154,1,2,-4,-8,73,57,-4091
3109260154,1,2,-7,-7,64,48,-4084
3109261154,1,5,-3,-8,43,34,-4091
3109262154,1,3,-5,-11,39,34,-4081
3109263154,1,3,-3,-2,35,30,-4067
3109264154,1,5,-3,-8,34,37,-4094
3109265154,1,0,-1,-7,31,32,-4083
3109266154,1,7,-5,-7,24,26,-4081
3109267154,1,3,-2,-9,45,56,-4082
3109268154,1,0,-4,-6,29,45,-4093
3109269154,1,8,-6,-13,49,70,-4109
3109270154,1,8,-2,-7,41,60,-4104
3109271154,1,6,-2,-9,28,46,-4080
3109272154,1,6,-6,-4,29,38,-4067
3109273154,1,4,-2,-8,46,42,-4080
3109274154,1,9,-7,-2,51,56,-4097
3109275154,1,2,1,-5,36,60,-4096
3109276154,1,8,-2,-10,47,55,-4100
3109277154,1,3,-8,-7,47,60,-4101
3109278154,1,3,-8,-13,43,69,-4096
3109279154,1,2,-8,-7,54,65,-4089
3109280154,1,4,-8,-11,36,57,-4075
3109281154,1,6,-5,-7,57,61,-4092
3109282154,1,11,-6,-8,30,44,-4067
3109283154,1,4,-3,-6,40,59,-4060
3109284154,1,2,-7,-8,48,49,-4054
3109285154,1,7,-7,-7,34,45,-4055
3109286154,1,3,-3,-8,30,49,-4072
3109287154,1,5,-3,-8,43,50,-4074
3109288154,1,3,-9,-13,60,49,-4066
3109289154,1,8,-6,-8,43,48,-4088
3109290154,1,3,-10,-8,61,72,-4099
3109291154,1,4,-9,-6,64,51,-4095
3109292154,1,5,-6,-6,56,60,-4096
3109293154,1,6,-6,-5,45,19,-4127
3109294154,1,7,-6,-2,35,38,-4087
3109295154,1,10,-5,-2,20,15,-4084
3109296154,1,4,-2,-8,20,35,-4081
3109297154,1,6,-6,-5,67,47,-4073
3109298154,1,7,-6,-10,25,44,-4109
3109299154,1,-1,-2,-7,29,30,-4104
3109300154,1,-3,-6,-10,6,65,-4065
3109301154,1,4,-5,-13,26,74,-4068
3109302154,1,2,-5,-4,26,54,-4055
3109303154,1,5,-5,-10,-4,59,-4095
3109304154,1,2,-5,-3,35,43,-4116
3109305154,1,5,-4,-5,45,70,-4110
3109306154,1,5,-8,-8,54,61,-4119
3109307154,1,8,-7,-6,74,65,-4101
3109308154,1,11,-3,-14,57,70,-4116
3109309154,1,6,-8,-5,25,45,-4126
3109310154,1,3,-2,-5,39,60,-4106
3109311154,1,10,-2,-5,49,97,-4072
3109312154,1,6,0,-5,44,88,-4059
3109313154,1,7,-3,-11,5,80,-4026
3109314154,1,13,-5,-9,-27,58,-4026
3109315154,1,6,-2,-6,53,33,-3999
3109316154,1,7,-4,-5,63,72,-3987
3109317154,1,12,-6,-9,70,52,-3965
3109318154,1,-2,-5,-5,59,32,-3961
3109319154,1,6,-12,-10,77,-11,-3959
3109320154,1,1,-9,-5,62,-2,-3991
3109321154,1,1,-9,-8,78,44,-4053
3109322154,1,4,-11,-11,88,36,-4058
3109323154,1,6,-11,-7,55,16,-4123
3109324154,1,5,-7,-7,19,-4,-4136
3109325154,1,9,-8,-9,-18,10,-4188
3109326154,1,15,-9,-15,34,-45,-4186
3109327154,1,14,-2,-14,-43,-74,-4165
3109328154,1,16,-5,-16,-70,-51,-4175
3109329154,1,16,-2,-25,-32,-66,-4201
3109330154,1,10,-1,-28,11,-68,-4182
3109331154,1,4,2,-24,15,-42,-4179
3109332154,1,10,-2,-26,19,11,-4148
3109333154,1,6,-3,-28,77,5,-4147
3109334154,1,4,-3,-19,19,36,-4152
3109335154,1,0,-8,-23,-15,107,-4155
3109336154,1,0,-1,-19,-21,123,-4151
3109337154,1,-4,-2,-13,19,149,-4118
3109338154,1,4,-5,-11,76,221,-4087
3109339154,1,4,-7,-10,91,231,-4086
3109340154,2,1,-9,-6,78,220,-4085
3109341154,2,8,-16,-5,73,214,-4050
3109342154,2,7,-6,-2,62,168,-4033
3109343154,2,7,-8,5,78,124,-4013
3109344154,2,10,-7,5,110,97,-4041
3109345154,2,7,-5,1,106,82,-4035
3109346154,3,11,-1,1,105,66,-4031
3109347154,3,2,-3,-1,99,36,-4058
3109348154,3,7,-1,-2,88,50,-4046
3109349154,3,1,4,-3,96,51,-4068
3109350154,3,1,-1,-4,105,50,-4057
3109351154,3,5,-9,-15,101,70,-4076
3109352154,3,5,-1,-12,90,70,-4100
3109353154,3,6,-1,-10,65,65,-4100
3109354154,3,13,-5,-19,66,51,-4084
3109355154,3,9,0,-13,44,59,-4097
3109356154,3,7,1,-15,55,61,-4123
3109357154,3,12,-5,-17,74,63,-4130
3109358154,3,8,2,-15,23,60,-4130
3109359154,3,4,-5,-13,28,45,-4125
3109360154,3,9,-2,-12,20,77,-4130
3109361154,3,1,-6,-8,34,81,-4130
3109362154,2,-1,0,-4,45,86,-4115
3109363154,2,3,1,-6,44,104,-4105
3109364154,2,12,-3,-4,40,87,-4112
3109365154,2,4,-1,-1,30,81,-4083
3109366154,2,3,1,-1,22,69,-4082
3109367154,2,3,-8,3,35,56,-4071
3109368154,2,3,-2,0,43,57,-4062
3109369154,2,9,-4,-4,46,32,-4047
3109370154,2,6,-12,-7,39,17,-4059
3109371154,2,4,-6,-4,58,21,-4051
3109372154,2,6,0,-5,56,18,-4057
3109373154,2,3,-5,-9,76,19,-4048
3109374154,1,5,-5,-1,62,23,-4066
3109375154,1,10,-13,-10,63,26,-4089
3109376154,1,5,-5,-13,44,38,-4092
3109377154,1,2,2,-9,49,15,-4091
3109378154,1,6,-7,-5,42,32,-4097
3109379154,1,7,-6,-10,35,17,-4096
3109380154,1,3,-1,-6,27,43,-4090
3109381154,1,4,1,-4,21,53,-4092
3109382154,1,3,-2,-3,6,32,-4082
3109383154,1,5,-4,-2,15,59,-4088
3109384154,1,2,-5,-3,15,59,-4107
3109385154,1,5,-3,-7,9,63,-4107
3109386154,1,7,0,-1,23,76,-4098
3109387154,2,3,-2,-4,10,65,-4102
3109388154,2,7,-6,-3,19,67,-4074
3109389154,2,5,-3,2,24,66,-4077
3109390154,2,2,-2,-4,26,50,-4073
3109391154,2,4,-2,-3,29,67,-4081
3109392154,2,6,-9,-6,37,38,-4075
3109393155,2,5,-5,-5,47,48,-4079
3109394154,2,7,-7,-9,68,51,-4071
3109395155,2,4,-2,-13,46,44,-4086
3109396156,2,1,-4,-10,58,37,-4081
3109397154,2,7,-3,-9,47,44,-4076
3109398154,2,4,-1,-5,50,48,-4084
3109399154,2,4,-4,-11,43,44,-4076
3109400154,2,6,-2,-11,42,44,-4074
3109401154,2,10,1,-7,39,44,-4076
3109402154,2,10,-1,-10,31,47,-4091
3109403154,2,4,-3,-4,38,50,-4093
3109404154,2,3,-3,-8,24,54,-4069
3109405154,2,7,0,-6,19,50,-4073
3109406154,2,5,2,-7,33,62,-4095
3109407154,2,11,-3,-11,22,69,-4101
3109408154,2,2,-3,-6,19,52,-4109
3109409154,2,6,1,-3,32,52,-4104
3109410154,2,4,-2,-5,46,51,-4111
3109411154,2,9,0,-1,46,74,-4102
3109412154,2,4,-3,-3,34,56,-4122
3109413154,2,5,0,-1,35,63,-4097
3109414154,2,2,5,0,24,41,-4076
3109415154,2,12,-5,-1,32,36,-4092
3109416154,2,8,-4,-4,42,55,-4103
3109417154,2,5,-1,-8,35,64,-4082
3109418154,2,4,1,0,40,50,-4086
3109419154,2,1,1,-2,42,46,-4075
3109420154,2,8,1,-7,38,37,-4067
3109421154,2,5,0,-9,56,55,-4079
3109422154,2,7,-3,-10,62,47,-4097
3109423154,2,6,2,-9,77,49,-4091
3109424154,2,4,-1,-5,53,54,-4087
3109425154,2,0,2,-5,51,44,-4082
3109426154,2,6,-3,-7,49,51,-4078
3109427154,2,7,4,-3,55,43,-4091
3109428154,2,3,2,-5,47,60,-4070
3109429154,2,6,-4,-5,47,66,-4078
3109430154,2,4,-2,-6,48,50,-4071
3109431154,2,12,-2,-9,48,50,-4082
3109432154,2,7,2,-5,45,27,-4080
3109433154,2,7,-4,-5,15,51,-4099
3109434154,2,3,3,-4,25,29,-4089
3109435154,2,4,1,-12,47,26,-4085
3109436154,2,-4,4,-13,50,35,-4092
3109437154,2,3,-2,-14,84,48,-4122
3109438154,2,3,-3,-11,57,70,-4089
3109439154,2,-3,-9,-9,99,16,-4200
3109440154,2,13,-16,-13,-64,103,-4076
3109441154,2,2,2,-10,-10,31,-4035
3109442154,2,1,-3,-11,21,-6,-3996
3109443154,2,-1,-1,-9,117,10,-4164
3109444154,2,5,-14,-12,76,79,-4148
3109445154,2,0,-9,-13,37,51,-4086
3109446154,2,5,-4,-13,21,22,-4048
3109447154,2,3,-6,-15,36,7,-4068
3109448154,2,-4,-4,-11,54,28,-4103
3109449154,2,5,-1,-15,40,63,-4139
3109450154,2,6,-1,-11,-102,132,-4003
3109451154,2,1,8,-11,81,-88,-4148
3109452154,2,5,-1,-9,53,50,-3992
3109453154,2,-2,-1,-10,110,4,-4121
3109454154,2,8,-6,-7,34,63,-4080
3109455154,2,6,-3,-7,59,30,-4102
3109456154,2,4,-4,-11,17,54,-4031
3109457154,2,5,0,-7,19,18,-4074
3109458154,3,6,2,-9,-16,45,-4029
3109459154,3,5,1,-7,-3,44,-4032
3109460154,3,0,2,-7,92,6,-4084
3109461154,3,6,2,-10,56,97,-4067
3109462154,3,0,1,-10,75,39,-4116
3109463154,3,-4,-3,-9,53,44,-4085
3109464154,3,6,-2,-10,36,30,-4118
3109465154,3,2,-3,-9,44,55,-4061
3109466154,3,2,-1,-9,39,46,-4091
3109467154,3,8,-5,-9,58,52,-4083
3109468154,3,7,-1,-9,32,60,-4085
3109469154,3,8,-10,-13,18,46,-4082
3109470154,3,6,2,-6,23,54,-4090
3109471154,3,3,-12,-13,53,79,-4107
3109472154,3,2,-3,-15,39,69,-4092
3109473154,3,0,0,-13,17,68,-4099
3109474154,3,8,-9,-15,7,52,-4081
3109475154,3,5,1,-15,13,37,-4115
3109476154,3,6,0,-9,31,68,-4093
3109477154,3,7,0,-9,43,62,-4081
3109478154,3,2,5,-12,21,61,-4094
3109479154,3,8,-2,-11,20,71,-4097
3109480154,3,11,-12,-8,-181,82,-3962
3109481154,3,7,-6,-12,-350,60,-4072
3109482154,3,9,-8,-8,-320,46,-4089
3109483154,3,8,1,-2,-161,-16,-3937
3109484154,3,0,2,-9,-192,43,-4127
3109485154,3,6,6,-6,-98,111,-4166
3109486154,3,10,5,-11,-73,86,-4106
3109487154,3,5,6,-8,-105,38,-4138
3109488154,3,1,12,-11,-96,42,-4150
3109489154,3,5,10,-11,-56,21,-4157
3109490154,3,10,12,-14,12,18,-4137
3109491154,3,2,15,-14,26,36,-4138
3109492154,3,8,9,-13,28,43,-4133
3109493154,3,10,2,-16,54,25,-4124
3109494154,3,8,3,-22,21,1,-4051
3109495154,3,7,-6,-23,-1,23,-4088
3109496154,3,4,8,-22,-2,55,-4103
3109497154,4,5,-2,-30,10,63,-4108
3109498154,4,9,-7,-36,9,109,-4037
3109499154,4,5,1,-27,-12,70,-4054
3109500154,4,5,-2,-35,-55,54,-4078
3109501154,4,12,-4,-38,-46,-18,-4091
3109502154,4,14,-6,-41,-78,-16,-4074
3109503154,5,9,-10,-47,-116,47,-4113
3109504154,5,9,-6,-43,-103,69,-4086
3109505154,5,10,-7,-47,-103,72,-4070
3109506154,6,9,-6,-50,-137,101,-4089
3109507154,6,7,0,-51,-158,124,-4119
3109508154,6,7,0,-45,-176,108,-4111
3109509154,7,10,1,-50,-279,-56,-4038
3109510154,7,-9,9,-49,-140,-73,-4068
3109511154,7,-10,3,-51,-87,-19,-3801
3109512154,8,-16,12,-49,-110,30,-3986
3109513154,8,-17,0,-56,-63,92,-4089
3109514154,9,-11,5,-49,-152,179,-4200
3109515154,9,6,12,-53,-237,307,-4158
3109516154,10,13,16,-46,-117,277,-3980
3109517154,11,13,20,-44,-4,157,-4134
3109518154,11,21,13,-44,169,67,-4235
3109519154,12,20,10,-47,160,32,-4231
3109520154,13,14,1,-42,90,-59,-4180
3109521154,13,9,2,-43,10,-74,-4046
3109522154,14,1,6,-39,45,-126,-4031
3109523154,15,-3,8,-36,105,-103,-4076
3109524154,15,-6,2,-34,144,-29,-4131
3109525154,16,-4,-5,-35,149,75,-4141
3109526154,17,-6,-1,-35,138,115,-4111
3109527154,18,13,-4,-33,138,97,-4108
3109528154,18,8,-3,-30,135,68,-4084
3109529154,19,7,-2,-35,150,22,-4080
3109530154,20,13,-1,-31,140,-12,-4086
3109531154,20,5,3,-27,152,-42,-4047
3109532154,21,8,3,-30,150,-98,-4045
3109533154,22,9,-3,-24,128,-74,-4056
3109534154,22,2,0,-22,96,-44,-3993
3109535154,23,-2,-4,-22,59,-49,-4067
3109536154,23,1,-5,-21,44,29,-4037
3109537154,24,-5,0,-25,47,57,-4033
3109538154,24,0,-18,-26,-41,86,-4089
3109539154,24,4,-14,-27,-107,78,-4050
3109540154,25,7,-13,-27,-160,64,-4087
3109541154,25,13,-11,-27,-161,47,-4129
3109542154,25,10,-7,-28,-155,63,-4145
3109543154,25,8,-12,-36,-177,97,-4158
3109544154,25,-1,-2,-31,-151,128,-4229
3109545154,25,4,10,-20,-89,163,-4223
3109546154,25,5,10,-24,-52,191,-4199
3109547154,25,3,23,-13,30,195,-4179
3109548154,25,2,23,-6,105,164,-4138
3109549154,25,8,21,-4,209,153,-4101
3109550154,25,1,26,3,268,77,-4068
3109551154,25,1,25,6,306,45,-4061
3109552154,26,-2,21,13,390,39,-3987
3109553154,26,1,12,14,374,55,-3941
3109554154,26,6,9,8,370,68,-3949
3109555154,26,3,6,9,353,57,-3933
3109556154,26,7,3,11,356,23,-3957
3109557154,26,9,2,12,371,18,-3996
3109558154,26,4,-5,11,365,-16,-4041
3109559154,26,11,-10,8,324,-35,-4102
3109560154,27,1,-6,3,316,-43,-4118
3109561154,27,10,-3,5,308,-65,-4135
3109562154,27,10,-10,2,300,-48,-4181
3109563154,27,5,-2,-2,290,-23,-4185
3109564154,27,9,1,-1,271,1,-4173
3109565154,27,8,0,2,280,27,-4147
3109566154,27,2,7,-7,241,42,-4135
3109567154,27,7,0,-10,238,65,-4114
3109568154,27,6,3,-9,208,61,-4108
3109569154,28,5,10,-13,235,71,-4098
3109570154,28,11,1,-14,213,77,-4082
3109571154,28,7,4,-16,201,71,-4074
3109572154,28,9,1,-17,183,75,-4074
3109573154,28,5,1,-10,161,101,-4077
3109574154,28,0,1,-16,162,111,-4069
3109575154,28,8,-5,-8,122,116,-4084
3109576154,28,2,-10,-10,97,137,-4073
3109577154,28,0,-9,-7,46,141,-4051
3109578154,28,6,-7,-10,41,153,-4071
3109579154,28,3,-6,-7,0,135,-4074
3109580154,28,8,-8,-13,-15,125,-4096
3109581154,28,3,-6,-9,-27,106,-4106
3109582154,28,1,1,-5,-28,93,-4107
3109583154,28,4,-4,-10,-42,78,-4117
3109584154,28,2,-1,-3,-20,56,-4139
3109585154,28,4,-2,-6,-12,62,-4131
3109586154,28,5,2,-9,1,42,-4141
3109587154,28,5,5,0,20,46,-4119
3109588154,27,6,6,-4,41,45,-4096
3109589154,27,7,4,-11,58,31,-4082
3109590154,27,4,1,-13,82,22,-4069
3109591154,27,10,1,-11,72,9,-4057
3109592154,27,3,5,-2,79,20,-4050
3109593154,27,3,-2,-6,82,8,-4055
3109594154,27,7,0,-7,91,2,-4057
3109595154,27,6,-2,-8,70,1,-4050
3109596154,27,3,-8,-7,73,13,-4079
3109597154,27,4,-6,-8,64,17,-4066
3109598154,27,5,-4,-1,53,2,-4081
3109599154,27,5,-4,-1,40,23,-4076
3109600154,26,5,-3,-2,40,24,-4071
3109601154,26,4,-4,-4,27,30,-4083
3109602154,26,4,-8,0,25,22,-4084
3109603154,26,7,0,-4,25,34,-4093
3109604154,26,5,-3,-9,27,41,-4080
3109605154,26,2,3,0,32,40,-4090
3109606154,26,1,3,-2,34,42,-4089
3109607154,26,13,-4,-8,39,54,-4092
3109608154,27,1,1,-3,37,54,-4110
3109609154,27,5,-3,-11,36,59,-4105
3109610154,27,6,-5,-11,43,62,-4104
3109611154,27,3,-4,-5,59,76,-4098
3109612154,27,8,-3,-7,53,71,-4089
3109613154,27,8,-10,-2,61,76,-4100
3109614154,27,3,-3,-6,66,74,-4091
3109615154,27,-2,-8,-6,44,77,-4096
3109616154,27,5,-8,-8,48,83,-4096
3109617154,27,2,-8,1,38,76,-4078
3109618154,27,6,-5,-8,30,77,-4083
3109619154,27,3,-4,3,50,71,-4076
3109620154,27,-2,-5,-8,44,79,-4078
3109621154,27,-3,-6,-5,47,76,-4082
3109622154,27,2,-1,-7,46,68,-4078
3109623154,27,2,-5,-4,63,67,-4061
3109624154,27,2,-6,-1,56,68,-4057
3109625154,28,2,-7,-2,49,58,-4088
3109626154,28,6,-2,-1,37,56,-4086
3109627154,28,1,-2,-3,41,56,-4082
3109628154,28,7,-2,1,41,48,-4079
3109629154,28,6,-7,-5,61,42,-4091
3109630154,28,0,-5,-7,47,40,-4097
3109631154,28,3,-8,-4,43,35,-4081
3109632154,28,5,-7,-5,47,41,-4111
3109633154,28,6,-7,-3,34,41,-4104
3109634154,27,5,-9,-5,31,42,-4101
3109635154,27,3,-5,-4,32,26,-4096
3109636154,27,0,-4,2,31,53,-4093
3109637154,27,0,-2,-5,29,36,-4100
3109638154,27,7,-4,0,19,39,-4070
3109639154,27,4,-8,1,20,51,-4092
3109640154,27,7,-4,-3,21,44,-4078
3109641154,27,3,-6,-4,28,48,-4087
3109642154,27,4,-6,-2,36,63,-4095
3109643154,27,5,-1,5,34,48,-4093
3109644154,27,7,-6,2,56,55,-4081
3109645154,27,8,-6,5,47,89,-4083
3109646154,27,-2,-5,2,-45,95,-4061
3109647154,27,11,-10,-3,-34,84,-4079
3109648154,27,9,-5,1,-29,70,-4077
3109649154,27,10,-4,5,33,72,-4062
3109650154,27,6,-1,8,19,70,-4112
3109651154,26,8,-2,4,48,76,-4125
3109652154,26,3,-5,2,51,85,-4104
3109653154,26,3,-4,7,8,57,-4087
3109654154,26,1,-7,5,14,45,-4094
3109655154,26,3,-8,3,0,76,-4081
3109656154,26,2,-2,9,9,73,-4072
3109657154,26,6,-9,10,-25,92,-4088
3109658154,26,9,-12,12,-58,58,-4071
3109659154,26,1,-14,10,-141,45,-4025
3109660154,26,4,-15,15,-140,32,-4069
3109661154,26,7,-13,18,-235,32,-4109
3109662154,26,7,-1,15,-165,4,-4004
3109663154,26,8,-6,17,-178,2,-4163
3109664154,26,5,0,19,-100,45,-4194
3109665154,26,14,-2,18,-63,60,-4154
3109666154,26,10,-3,14,-98,70,-4143
3109667154,26,9,2,14,-108,74,-4139
3109668154,26,5,3,15,-57,50,-4123
3109669154,26,9,3,11,-6,52,-4107
3109670154,26,4,2,16,0,55,-4082
3109671154,26,9,0,22,-24,55,-4078
3109672154,27,6,4,21,46,-2,-4058
3109673154,27,3,3,20,73,-45,-4069
3109674154,27,-2,5,20,83,-36,-4153
3109675154,27,3,4,21,170,0,-4096
3109676154,27,2,-4,20,97,53,-4044
3109677154,27,9,-5,16,14,101,-4052
3109678154,27,3,1,18,16,95,-4002
3109679154,27,13,0,14,38,75,-4011
3109680154,27,2,2,15,120,16,-4074
3109681154,27,15,1,8,150,-22,-4121
3109682154,27,5,-2,11,146,-27,-4147
3109683154,27,2,0,9,156,-26,-4115
3109684154,27,8,-1,11,148,-2,-4107
3109685154,27,10,6,-1,162,19,-4097
3109686154,27,4,4,-4,171,77,-4087
3109687154,27,10,-4,-7,156,85,-4074
3109688154,27,4,5,-7,178,92,-4064
3109689154,28,9,2,-10,168,93,-4062
3109690154,28,10,-1,-12,175,53,-4065
3109691154,28,6,2,-10,166,32,-4070
3109692154,28,8,-4,-12,156,40,-4072
3109693154,28,7,-4,-15,129,34,-4075
3109694154,28,8,-5,-14,118,63,-4088
3109695154,28,2,-7,-19,74,59,-4092
3109696154,28,9,-8,-20,58,60,-4087
3109697154,28,8,-10,-18,46,67,-4099
3109698154,29,11,-18,-24,15,67,-4107
3109699154,29,1,-12,-25,-20,60,-4113
3109700154,29,9,-18,-27,-58,44,-4071
3109701154,29,9,-18,-32,-95,25,-4077
3109702154,29,3,-12,-32,-122,-14,-4084
3109703154,29,10,-16,-36,-201,-75,-4069
3109704154,29,0,-12,-41,-223,-93,-3986
3109705154,30,-7,-13,-49,-236,-34,-4022
3109706154,30,-10,-15,-48,-259,-35,-4092
3109707154,30,-3,-11,-54,-308,108,-4177
3109708154,30,2,-7,-59,-356,206,-4195
3109709154,30,7,7,-59,-305,272,-4124
3109710154,30,12,21,-62,-163,248,-4216
3109711154,31,19,20,-53,-87,207,-4246
3109712154,31,11,26,-47,54,145,-4233
3109713154,31,15,26,-47,103,81,-4155
3109714154,32,7,15,-34,122,15,-4050
3109715154,32,5,24,-29,141,-25,-4025
3109716154,33,4,17,-23,227,-36,-3998
3109717154,33,-5,10,-19,264,13,-3991
3109718154,34,2,5,-15,290,68,-3981
3109719154,34,2,0,-15,280,125,-3969
3109720154,35,0,0,-10,274,106,-3988
3109721154,36,7,-7,-12,243,75,-4023
3109722154,36,6,-17,-9,243,6,-4051
3109723154,37,9,-13,-11,208,-64,-4055
3109724154,38,8,-9,-10,192,-101,-4067
3109725154,38,7,-11,-5,156,-119,-4082
3109726154,39,3,-7,-5,148,-127,-4120
3109727154,39,5,-4,-4,130,-93,-4150
3109728154,40,6,-9,-5,114,-55,-4167
3109729154,40,1,-1,-10,107,-49,-4170
3109730154,40,-2,-5,-8,94,-10,-4153
3109731154,41,1,-5,-8,62,24,-4150
3109732154,41,5,1,-9,50,42,-4147
3109733154,41,2,0,-12,56,50,-4114
3109734154,41,2,6,-7,60,50,-4113
3109735154,41,7,-3,-9,75,42,-4115
3109736154,41,3,5,-6,89,70,-4098
3109737154,41,5,4,-7,114,72,-4080
3109738154,41,5,0,-1,123,90,-4078
3109739154,40,-1,-1,-4,112,119,-4063
3109740154,40,0,-5,0,121,134,-4054
3109741154,40,-1,-8,1,117,136,-4035
3109742154,39,4,-6,0,95,149,-4027
3109743154,39,3,-10,-1,99,149,-4049
3109744154,39,7,-10,5,87,165,-4051
3109745154,38,2,-6,2,76,147,-4068
3109746154,38,1,-6,10,58,140,-4052
3109747154,38,1,-6,10,56,132,-4064
3109748154,37,1,-10,9,53,127,-4069
3109749154,37,4,-5,14,39,110,-4083
3109750154,37,2,-8,15,22,91,-4079
3109751154,36,7,-6,13,-17,84,-4069
3109752154,36,7,-2,18,-14,91,-4075
3109753154,36,10,-13,17,-39,91,-4073
3109754154,36,6,-16,23,-83,69,-4065
3109755154,35,12,-11,27,-117,69,-4070
3109756154,35,7,-12,34,-148,39,-4089
3109757154,35,1,-14,32,-160,11,-4086
3109758154,35,0,-17,36,-180,-35,-4107
3109759154,35,6,-14,39,-160,-64,-4146
3109760154,35,3,-6,35,-140,-96,-4161
3109761154,35,-2,-6,37,-111,-102,-4154
3109762154,35,6,-8,32,-77,-121,-4184
3109763154,35,-1,4,30,-34,-104,-4159
3109764154,36,5,2,19,6,-100,-4123
3109765154,36,3,10,8,43,-53,-4095
3109766154,36,1,13,12,55,-41,-4091
3109767154,36,7,12,-1,85,-7,-4048
3109768154,36,9,6,-8,108,21,-4042
3109769154,36,8,8,-10,110,48,-4032
3109770154,36,9,2,-12,128,55,-4037
3109771154,37,11,-1,-12,132,77,-4026
3109772154,37,13,-6,-19,110,94,-4040
3109773154,37,9,-8,-15,95,104,-4044
3109774154,37,5,-8,-21,73,139,-4035
3109775154,38,9,-13,-23,60,121,-4033
3109776154,38,6,-14,-26,12,128,-4028
3109777154,38,6,-20,-31,-52,113,-4039
3109778154,38,8,-19,-31,-117,86,-4035
3109779154,39,9,-18,-38,-190,38,-4031
3109780154,39,0,-29,-46,-243,5,-4023
3109781154,39,-1,-22,-52,-313,59,-4007
3109782154,39,-8,-21,-64,-349,52,-4123
3109783154,40,-2,-17,-70,-448,168,-4229
3109784154,40,2,-11,-79,-506,240,-4265
3109785154,40,6,-3,-73,-474,287,-4149
3109786154,40,12,8,-78,-424,258,-4207
3109787154,41,15,15,-77,-290,210,-4249
3109788154,41,18,17,-67,-222,186,-4236
3109789154,42,13,20,-68,-149,129,-4186
3109790154,42,6,13,-62,-141,91,-4090
3109791154,43,7,11,-57,-124,29,-4002
3109792154,43,0,7,-53,-65,-3,-3935
3109793154,44,-2,8,-45,-71,-6,-3925
3109794154,45,-4,-10,-46,-111,34,-3936
3109795154,46,3,-13,-41,-222,86,-3944
3109796154,47,8,-21,-32,-303,115,-4004
3109797154,47,6,-17,-26,-353,142,-4056
3109798154,48,10,-18,-21,-377,137,-4058
3109799154,49,15,-32,-19,-393,76,-4068
3109800154,50,13,-15,-4,-455,-23,-4192
3109801154,51,15,-3,3,-287,-53,-4435
3109802154,52,7,6,15,-287,-91,-4375
3109803154,53,-1,23,20,18,-156,-4256
3109804154,54,4,28,23,107,-158,-4284
3109805154,55,3,37,20,322,-261,-4183
3109806154,56,-2,36,13,385,-270,-4134
3109807154,57,2,35,8,436,-254,-4048
3109808154,58,0,32,1,426,-148,-3855
3109809154,59,0,22,-8,394,-81,-3814
3109810154,60,6,7,-20,411,-62,-3754
3109811154,60,11,5,-19,385,-43,-3776
3109812154,61,15,-21,-27,242,-3,-3835
3109813154,62,13,-42,-24,40,31,-3848
3109814154,62,13,-60,-26,-240,1,-3934
3109815154,63,12,-73,-29,-490,-11,-4062
3109816154,63,11,-65,-21,-561,37,-4137
3109817154,63,8,-57,-25,-666,77,-4429
3109818154,64,1,-42,-25,-644,262,-4628
3109819154,64,6,-26,-26,-585,378,-4394
3109820154,64,4,-13,-19,-665,409,-4334
3109821154,64,0,3,-19,-734,327,-4353
3109822154,64,6,28,-15,-625,189,-4347
3109823154,64,5,40,-24,-326,182,-4234
3109824154,64,-2,37,-15,-176,228,-4020
3109825154,65,-1,41,-15,-142,289,-3911
3109826154,65,8,31,-12,-102,214,-3832
3109827154,65,5,36,-5,-10,92,-3836
3109828154,65,2,30,-7,132,80,-3894
3109829154,66,4,11,-4,177,117,-3913
3109830154,66,7,6,-2,188,97,-3905
3109831154,67,10,-12,-7,158,32,-3865
3109832154,68,3,-13,-9,70,-25,-3879
3109833154,68,4,-19,-12,-18,-57,-3992
3109834154,69,2,-16,-9,-160,-98,-4049
3109835154,70,10,-7,-3,165,70,-4242
3109836154,71,0,-6,-12,-14,-61,-4440
3109837154,72,12,13,7,-114,118,-4390
3109838154,73,10,21,8,224,28,-4149
3109839154,74,9,13,5,88,-32,-4086
3109840154,75,5,8,11,151,-248,-4182
3109841154,77,-6,12,8,84,-336,-4190
3109842154,78,5,1,14,151,-244,-3981
3109843154,80,-3,3,9,138,-178,-3927
3109844154,81,1,-6,11,45,-20,-4028
3109845154,82,0,2,6,130,10,-3968
3109846154,84,3,-3,7,106,-26,-4054
3109847154,85,15,-2,-4,241,-36,-4109
3109848154,87,4,1,-8,268,-103,-4088
3109849154,88,11,-6,-23,217,-205,-4206
3109850154,89,6,-11,-32,274,-224,-3950
3109851154,91,-3,-11,-29,-64,-133,-4034
3109852154,92,2,-13,-36,-129,-42,-4165
3109853154,93,-1,-5,-35,-63,119,-4142
3109854154,94,-4,2,-44,37,213,-4130
3109855154,95,2,-1,-51,172,303,-4151
3109856154,96,9,5,-56,218,268,-4139
3109857154,97,5,6,-62,199,227,-4141
3109858154,98,8,-2,-64,185,114,-4066
3109859154,99,2,-6,-66,95,101,-3958
3109860154,99,6,-23,-73,-28,121,-3920
3109861154,100,3,-27,-73,-222,159,-3976
3109862154,101,0,-24,-70,-318,221,-3991
3109863154,102,-4,-23,-62,-428,382,-4043
3109864154,102,1,-18,-57,-402,476,-4109
3109865154,103,1,-12,-50,-270,450,-4167
3109866154,104,12,-6,-52,-204,368,-4195
3109867154,104,5,-5,-56,-58,179,-4217
3109868154,105,5,-2,-60,-12,13,-4235
3109869154,106,4,10,-71,1,-83,-4168
3109870154,106,5,20,-71,49,-88,-4085
3109871154,107,-3,25,-75,59,-57,-4024
3109872154,108,-6,24,-78,128,-19,-3995
3109873154,108,-1,19,-90,135,57,-3981
3109874154,109,-3,15,-85,121,85,-4045
3109875154,110,-1,10,-83,78,89,-4066
3109876154,111,5,1,-76,-16,127,-4057
3109877154,112,5,-11,-65,-168,102,-3954
3109878154,113,4,-17,-48,-313,54,-4007
3109879154,114,2,-25,-32,-350,-22,-4108
3109880154,116,-6,-25,-25,-368,-46,-4167
3109881154,117,-7,-23,-9,-275,-24,-4228
3109882154,118,-3,-25,2,-271,-15,-4187
3109883154,120,-8,-25,10,-318,-70,-4166
3109884154,121,0,-23,16,-348,-74,-4175
3109885154,123,6,-9,22,-394,-86,-4188
3109886154,124,-4,-2,20,-355,-69,-4162
3109887154,126,8,-4,18,-252,-90,-4164
3109888154,127,9,13,18,-117,-122,-4124
3109889154,129,4,13,18,-60,-184,-4104
3109890154,130,7,16,8,66,-266,-4080
3109891154,131,4,16,7,79,-290,-4022
3109892154,133,0,10,-2,311,-129,-4035
3109893154,134,2,8,4,-54,7,-4078
3109894154,135,1,17,8,75,264,-4277
3109895154,136,12,20,21,-54,360,-4145
3109896154,137,7,29,30,214,407,-4122
3109897154,139,22,23,48,386,218,-4084
3109898154,140,19,16,51,392,89,-4149
3109899154,141,14,10,62,450,-99,-4064
3109900154,142,15,-3,64,407,-192,-3865
3109901154,143,-2,-12,72,221,-80,-3866
3109902154,144,-3,-24,68,212,-57,-3771
3109903154,144,-4,-37,61,185,-56,-3714
3109904154,145,-9,-43,52,20,-60,-3776
3109905154,146,-9,-51,30,-202,18,-4034
3109906154,146,-1,-39,17,-322,79,-4214
3109907154,146,-1,-42,14,-319,143,-4240
3109908154,147,3,-29,7,-290,255,-4248
3109909154,147,10,-16,-6,-340,246,-4301
3109910154,147,20,7,-29,-48,133,-4350
3109911154,147,9,25,-44,42,5,-4452
3109912154,147,10,40,-51,187,81,-4473
3109913154,147,15,43,-65,560,14,-4170
3109914154,147,6,49,-75,421,74,-4172
3109915154,147,8,44,-81,378,276,-4062
3109916154,147,8,48,-82,449,361,-3889
3109917154,148,1,45,-80,505,375,-3864
3109918154,148,9,17,-80,490,324,-3790
3109919154,149,-2,-21,-72,281,216,-3780
3109920154,150,3,-33,-62,-62,149,-3841
3109921154,151,-5,-38,-46,-82,116,-3953
3109922154,152,-6,-40,-35,-73,188,-4028
3109923154,154,-5,-51,-33,-9,234,-4024
3109924154,155,0,-64,-31,-208,204,-4109
3109925154,157,3,-55,-31,-467,92,-4281
3109926154,158,3,-43,-24,-569,23,-4386
3109927154,160,3,-21,-19,-497,-34,-4412
3109928154,162,-7,8,-21,-320,-52,-4290
3109929154,164,-2,3,-29,-153,-157,-4238
3109930154,166,-1,12,-28,-87,-188,-4213
3109931154,168,-1,20,-36,-6,-312,-4197
3109932154,171,0,30,-46,143,-345,-4113
3109933154,173,0,34,-50,279,-305,-3997
3109934154,175,-1,27,-63,381,-238,-3856
3109935154,177,1,18,-72,362,-224,-3844
3109936154,179,3,5,-74,235,-151,-3869
3109937154,181,2,-4,-74,76,-75,-3910
3109938154,183,-2,-20,-74,-32,-20,-3981
3109939154,185,-4,-23,-67,-104,9,-4021
3109940154,187,-3,-41,-66,-394,50,-4060
3109941154,189,9,-24,-46,-234,301,-4212
3109942154,191,-11,-23,-36,-165,244,-4452
3109943154,193,11,-1,-14,-374,399,-4428
3109944154,195,12,-2,-13,52,499,-4364
3109945154,196,10,19,12,-26,403,-4198
3109946154,198,9,22,32,82,209,-4310
3109947154,200,11,22,40,118,-15,-4064
3109948154,201,10,17,43,138,-192,-3698
3109949154,202,-2,-4,49,122,-273,-3618
3109950154,203,-9,-17,37,-3,-261,-3700
3109951154,204,-8,-27,35,-41,-208,-3834
3109952154,205,-16,-33,31,-96,-84,-3918
3109953154,205,-10,-41,27,-164,20,-3999
3109954154,206,-7,-34,12,-248,161,-4068
3109955154,206,0,-25,8,-266,131,-4154
3109956154,206,6,-20,-6,-321,32,-4297
3109957154,206,5,-5,-10,-296,-46,-4429
3109958154,206,10,4,-14,-278,-34,-4399
3109959154,206,10,6,-15,-285,-17,-4340
3109960154,206,11,31,-20,18,117,-4169
3109961154,205,-8,54,-28,317,60,-4276
3109962154,205,4,54,-27,473,125,-4313
3109963154,205,2,54,-45,956,27,-3976
3109964154,205,7,28,-61,691,148,-3928
3109965154,205,8,35,-72,549,245,-3908
3109966154,205,7,29,-74,641,226,-3785
3109967154,205,11,29,-75,598,231,-3776
3109968154,205,10,-5,-74,549,321,-3742
3109969154,206,13,-28,-62,221,354,-3771
3109970154,207,9,-45,-54,-68,247,-3922
3109971154,208,2,-40,-37,-207,194,-4028
3109972154,209,-5,-41,-21,-212,168,-4337
3109973154,210,-11,-43,-5,-191,281,-4383
3109974154,212,-6,-46,6,-245,325,-4232
3109975154,214,-1,-42,8,-439,252,-4234
3109976154,215,-3,-22,12,-516,182,-4299
3109977154,217,-7,-1,16,-409,38,-4430
3109978154,219,-2,14,10,-171,-39,-4404
3109979154,222,-1,20,2,38,-132,-4162
3109980154,224,2,19,6,64,-197,-4064
3109981154,226,4,21,-5,44,-298,-4055
3109982154,229,5,24,-6,114,-317,-4010
3109983154,231,1,17,-11,180,-212,-3930
3109984154,233,3,7,-18,180,-115,-3915
3109985154,236,8,1,-16,155,-134,-3907
3109986154,238,3,-9,-22,80,-218,-3928
3109987154,240,0,-19,-21,785,-89,-4125
3109988154,242,-9,-18,-21,180,-249,-4180
3109989154,245,-4,10,5,22,183,-4303
3109990154,247,7,7,6,287,355,-4045
3109991154,249,2,13,11,278,331,-3890
3109992154,250,12,2,13,285,4,-4244
3109993154,252,5,-6,17,279,-293,-4204
3109994154,254,7,-13,19,214,-372,-4066
3109995154,255,-3,-21,20,157,-192,-3834
3109996154,257,-4,-22,23,-68,-24,-3892
3109997154,258,-6,-28,8,-66,72,-3910
3109998154,258,-6,-29,-8,-149,138,-4036
3109999154,259,6,-34,-12,-165,154,-4190
3110000154,259,0,-25,-22,-262,192,-4310
3110001154,260,9,-14,-32,-261,163,-4189
3110002154,260,11,-5,-35,-271,119,-4105
3110003154,260,3,1,-41,-299,136,-4140
3110004154,260,1,14,-53,-49,92,-4225
3110005154,259,-4,23,-54,13,94,-4375
3110006154,259,2,23,-60,165,203,-4187
3110007154,259,1,30,-50,48,400,-3951
3110008154,259,5,37,-47,38,491,-3938
3110009154,258,5,38,-40,173,516,-3834
3110010154,258,4,36,-38,327,411,-3877
3110011154,258,9,17,-35,382,270,-4019
3110012154,258,15,5,-35,332,196,-4009
3110013154,259,15,0,-33,245,11,-4008
3110014154,259,8,-11,-27,88,-102,-4006
3110015154,259,0,-9,-24,54,-69,-3961
3110016154,260,-8,-9,-18,68,46,-4030
3110017154,261,-1,-15,-17,45,87,-4114
3110018154,262,2,-11,-15,27,85,-4241
3110019154,263,0,-2,-16,20,23,-4254
3110020154,264,2,4,-20,84,-62,-4204
3110021154,265,0,6,-25,155,-180,-4175
3110022154,267,2,3,-30,158,-213,-4186
3110023154,268,5,5,-36,182,-238,-4193
3110024154,270,3,8,-39,156,-176,-4179
3110025154,272,6,1,-41,127,-96,-4051
3110026154,274,8,-1,-34,76,-65,-3981
3110027154,276,7,-6,-32,-55,-48,-3944
3110028154,278,8,-11,-30,-87,-84,-3999
3110029154,280,0,-7,-25,-29,-104,-4123
3110030154,282,8,-17,-21,57,-94,-4184
3110031154,285,-3,-19,-24,35,-82,-4166
3110032154,287,-3,-26,-18,-88,-76,-4125
3110033154,289,0,-24,-18,-220,-32,-4108
3110034154,292,-7,-11,-15,89,29,-4209
3110035154,294,10,9,1,-394,212,-4215
3110036154,296,-10,12,-5,271,203,-4325
3110037154,298,-4,25,2,239,324,-4042
3110038154,300,-2,35,2,443,285,-3973
3110039154,302,12,16,2,416,156,-4053
3110040154,304,9,19,8,387,4,-4052
3110041154,306,9,7,16,272,-71,-3890
3110042154,307,10,-9,12,216,-72,-3745
3110043154,309,1,-19,10,64,-57,-3780
3110044154,310,-1,-26,5,-7,-90,-3968
3110045154,311,0,-36,-7,-52,-78,-4040
3110046154,312,-5,-35,-10,-107,-40,-4214
3110047154,312,1,-30,-21,-220,143,-4294
3110048154,313,2,-10,-27,-201,299,-4220
3110049154,313,2,1,-29,-203,353,-4192
3110050154,313,-2,9,-31,-110,352,-4242
3110051154,313,7,18,-29,-63,243,-4296
3110052154,313,5,18,-23,17,114,-4244
3110053154,313,4,16,-24,11,-6,-4140
3110054154,313,0,20,-22,39,-10,-4052
3110055154,313,3,14,-18,50,12,-3983
3110056154,313,-2,12,-20,19,134,-3896
3110057154,313,6,-5,-23,-60,239,-3856
3110058154,312,3,-10,-26,-132,263,-3911
3110059154,312,7,2,-31,-132,176,-4068
3110060154,312,4,10,-39,-5,63,-4199
3110061154,312,3,21,-39,170,-19,-4180
3110062154,312,1,14,-50,269,-86,-4154
3110063154,312,-2,27,-54,293,-96,-4159
3110064154,313,0,33,-63,365,-119,-4192
3110065154,313,-4,37,-61,424,-40,-4132
3110066154,314,-5,34,-67,451,96,-4020
3110067154,315,-1,27,-74,444,187,-3963
3110068154,315,9,11,-69,371,232,-3844
3110069154,317,17,-5,-64,252,226,-3799
3110070154,318,17,-19,-56,74,198,-3862
3110071154,320,20,-32,-41,-64,153,-3993
3110072154,321,11,-30,-29,-149,106,-4036
3110073154,323,10,-39,-13,-205,15,-4162
3110074154,326,2,-42,-1,-238,-67,-4211
3110075154,328,0,-41,9,-332,-117,-4296
3110076154,330,-9,-30,18,-360,-103,-4322
3110077154,333,-16,-20,27,-394,-74,-4307
3110078154,335,-12,-18,33,-418,3,-4260
3110079154,338,-5,-8,25,-380,-13,-4206
3110080154,341,2,8,15,-225,-172,-4141
3110081154,343,-9,19,16,-133,-221,-4129
3110082154,345,-2,20,0,-146,-136,-4177
3110083154,348,12,25,-1,158,-55,-4186
3110084154,350,3,28,-4,299,12,-4099
3110085154,352,11,31,10,67,194,-3909
3110086154,354,13,31,15,323,261,-3891
3110087154,356,13,33,18,354,141,-3846
3110088154,358,18,20,22,473,-101,-4072
3110089154,359,12,4,28,510,-214,-3985
3110090154,361,11,-11,33,427,-172,-3924
3110091154,362,5,-22,32,258,-100,-3868
3110092154,363,2,-33,37,124,-44,-3921
3110093154,364,-7,-35,25,35,31,-3955
3110094154,365,-7,-43,15,-97,91,-4009
3110095154,365,-2,-53,4,-200,110,-4070
3110096154,366,-1,-43,-6,-378,124,-4165
3110097154,366,10,-50,-17,-498,118,-4167
3110098154,366,7,-29,-26,-560,122,-4180
3110099154,365,3,-22,-32,-568,146,-4252
3110100154,365,9,-11,-37,-540,207,-4399
3110101154,364,8,8,-36,-466,274,-4383
3110102154,364,5,26,-30,-370,372,-4266
3110103154,363,10,43,-28,-175,360,-4179
3110104154,363,-2,60,-31,-20,218,-4225
3110105154,362,4,70,-26,228,235,-4349
3110106154,362,1,65,-34,663,209,-3990
3110107154,362,-4,52,-30,559,289,-3786
3110108154,362,7,43,-29,529,217,-3695
3110109154,362,0,31,-23,449,164,-3568
3110110154,362,4,6,-25,380,43,-3577
3110111154,362,4,-17,-27,340,73,-3663
3110112154,363,8,-29,-23,260,21,-3900
3110113154,364,8,-40,-25,219,8,-3997
3110114154,365,3,-43,-17,107,-11,-4207
3110115154,366,8,-41,-19,-57,85,-4260
3110116154,367,9,-41,-15,-240,89,-4245
3110117154,369,13,-26,-19,-359,-39,-4295
3110118154,371,7,-17,-15,-315,-145,-4378
3110119154,373,1,0,-19,-218,-270,-4510
3110120154,375,2,13,-18,-11,-223,-4415
3110121154,377,-6,17,-24,38,-166,-4253
3110122154,379,-3,20,-30,42,-144,-4184
3110123154,382,-2,26,-33,68,-106,-4075
3110124154,384,5,9,-37,44,-2,-4006
3110125154,387,11,4,-31,3,101,-3884
3110126154,390,7,-8,-28,-45,72,-3820
3110127154,392,13,-15,-28,-58,22,-3841
3110128154,395,4,-25,-30,91,77,-4015
3110129154,398,24,-22,-4,-73,-66,-4252
3110130154,401,2,-1,10,49,113,-4466
3110131154,404,5,16,18,-19,272,-4404
3110132154,406,18,14,31,313,355,-4171
3110133154,409,15,10,36,128,26,-4087
3110134154,411,11,3,39,187,-352,-3930
3110135154,414,-8,3,43,111,-338,-3734
3110136154,416,-16,3,43,162,-294,-3701
3110137154,418,-16,-25,28,175,-126,-3691
3110138154,419,-8,-48,18,15,-95,-3748
3110139154,421,-16,-57,0,-253,23,-3845
3110140154,422,-8,-57,-5,-468,109,-4073
3110141154,422,-2,-49,-17,-494,178,-4184
3110142154,423,7,-39,-30,-543,271,-4288
3110143154,423,12,-25,-37,-516,269,-4354
3110144154,423,22,-8,-44,-546,198,-4489
3110145154,423,21,5,-43,-503,173,-4528
3110146154,423,18,13,-47,-378,116,-4402
3110147154,423,7,29,-40,-330,129,-4241
3110148154,423,-1,39,-40,-234,180,-4054
3110149154,423,-2,38,-38,-125,182,-4016
3110150154,422,-7,48,-29,-67,183,-4004
3110151154,422,-5,39,-38,177,181,-3978
3110152154,422,-7,41,-35,263,232,-4089
3110153154,422,2,34,-42,501,250,-3996
3110154154,421,1,40,-45,549,211,-3917
3110155154,421,8,28,-53,594,131,-3884
3110156154,421,15,22,-64,611,0,-3883
3110157154,422,4,11,-76,538,-51,-3925
3110158154,422,2,-3,-76,436,62,-3861
3110159154,423,4,-8,-75,357,149,-3841
3110160154,424,7,-22,-69,105,256,-3903
3110161154,425,17,-29,-54,-35,233,-3927
3110162154,426,7,-30,-41,-131,152,-4068
3110163154,428,7,-33,-33,-181,107,-4194
3110164154,430,8,-43,-21,-247,43,-4299
3110165154,432,8,-43,-2,-363,-3,-4345
3110166154,435,5,-36,16,-472,-77,-4312
3110167154,437,-8,-15,30,-456,-143,-4370
3110168154,440,-9,-7,30,-359,-140,-4373
3110169154,443,-5,-4,21,-238,-158,-4343
3110170154,445,3,17,23,-90,-156,-4379
3110171154,448,-3,23,16,159,-44,-4296
3110172154,451,-2,40,21,66,97,-4216
3110173154,454,14,41,30,151,109,-4135
3110174154,457,20,39,31,282,-98,-3824
3110175154,460,28,22,32,301,-338,-3864
3110176154,463,19,8,37,342,-416,-3850
3110177154,467,15,-4,43,390,-408,-3823
3110178154,469,4,-26,41,379,-476,-3837
3110179154,472,-5,-35,41,232,-322,-3922
3110180154,475,-14,-53,35,69,-146,-3881
3110181154,477,-8,-64,18,-128,-65,-3840
3110182154,479,-12,-68,13,-260,-79,-3874
3110183154,481,-12,-63,-6,-412,10,-4064
3110184154,482,-12,-51,-18,-474,139,-4243
3110185154,483,-4,-46,-34,-521,260,-4278
3110186154,485,3,-38,-42,-589,325,-4276
3110187154,485,9,-19,-52,-694,337,-4271
3110188154,486,19,-2,-55,-662,297,-4304
3110189154,486,11,18,-61,-508,298,-4357
3110190154,487,13,26,-70,-340,371,-4225
3110191154,487,7,21,-61,-460,385,-4141
3110192154,487,6,38,-73,-201,419,-3959
3110193154,487,-5,49,-77,79,248,-4168
3110194154,487,5,48,-93,537,247,-4014
3110195154,487,-2,45,-98,635,226,-3876
3110196154,487,-1,17,-111,369,401,-3804
3110197154,487,4,15,-113,85,526,-3795
3110198154,487,7,18,-103,56,503,-3757
3110199154,487,11,12,-87,152,477,-3874
3110200154,488,1,6,-83,214,448,-3947
3110201154,489,15,-19,-69,188,362,-4058
3110202154,490,18,-28,-53,65,181,-4093
3110203154,491,4,-25,-28,-97,68,-4216
3110204154,492,-3,-15,-17,-138,89,-4401
3110205154,494,1,-5,1,-64,64,-4390
3110206154,496,-3,-4,21,62,-9,-4260
3110207154,498,0,-11,29,51,-161,-4156
3110208154,500,2,-16,37,-6,-374,-4088
3110209154,503,-2,-13,33,-49,-497,-4099
3110210154,505,-8,-10,42,-23,-575,-4124
3110211154,508,-18,-7,46,42,-496,-4117
3110212154,511,-3,-19,35,165,-447,-4048
3110213154,513,0,-30,27,82,-485,-4020
3110214154,516,3,-28,23,-42,-502,-4102
3110215154,519,8,-25,16,-183,-443,-4246
3110216154,522,4,-7,22,-195,-325,-4256
3110217154,525,9,-17,13,-118,-299,-4151
3110218154,528,9,-17,2,-48,-290,-4097
3110219154,531,3,-24,-10,-47,-372,-4077
3110220154,534,-3,-23,-21,-156,-306,-4208
3110221154,536,-7,-15,-23,-195,-66,-4185
3110222154,539,-5,-11,-36,-187,144,-4039
3110223154,541,-4,-10,-32,-195,223,-4011
3110224154,543,-4,-2,-37,-147,256,-3991
3110225154,545,-1,-2,-45,-90,294,-4052
3110226154,547,2,-14,-54,-110,339,-4017
3110227154,549,6,-10,-56,-21,347,-3999
3110228154,551,4,-2,-73,19,433,-3967
3110229154,553,4,6,-81,133,433,-4105
3110230154,554,10,2,-97,275,343,-3956
3110231154,555,8,-6,-99,9,440,-3967
3110232154,557,6,-2,-105,-130,525,-4013
3110233154,558,6,10,-104,-237,605,-4036
3110234154,559,-5,30,-97,14,683,-4138
3110235154,560,-3,28,-84,168,745,-4183
3110236154,561,7,19,-77,87,679,-4119
3110237154,562,4,11,-58,-24,549,-4104
3110238154,564,9,15,-43,-57,271,-4077
3110239154,565,3,17,-26,124,79,-4073
3110240154,566,-7,11,-18,362,5,-4039
3110241154,567,-9,2,-14,412,-28,-4020
3110242154,569,-1,-22,-16,215,-96,-3966
3110243154,570,-2,-32,-21,-10,-210,-3946
3110244154,571,-12,-22,-17,-147,-311,-4098
3110245154,573,-10,-18,-17,-50,-304,-4201
3110246154,574,-6,-23,-27,-16,-242,-4212
3110247154,576,-1,-35,-26,-199,-200,-4202
3110248154,577,0,-20,-30,-364,-272,-4257
3110249154,579,-3,-2,-24,-354,-335,-4418
3110250154,581,-3,10,-19,-252,-351,-4441
3110251154,582,1,2,-15,-20,-300,-4251
3110252154,584,2,-5,-19,-56,-301,-4121
3110253154,586,-7,7,-14,-155,-360,-4207
3110254154,588,0,14,-11,-141,-326,-4189
3110255154,590,-2,11,-12,-54,-245,-4142
3110256154,592,-8,5,-13,24,-109,-3924
3110257154,594,0,6,-18,0,11,-3925
3110258154,596,3,2,-18,8,13,-4078
3110259154,599,4,16,-21,-3,-80,-4053
3110260154,601,-6,21,-32,313,7,-4001
3110261154,603,7,12,-40,432,141,-4086
3110262154,605,13,8,-42,432,95,-3941
3110263154,607,6,12,-41,224,264,-4132
3110264154,609,10,21,-40,199,320,-4180
3110265154,611,14,29,-28,418,507,-4066
3110266154,613,17,34,-20,525,565,-4055
3110267154,615,28,16,-12,489,490,-4037
3110268154,617,33,2,-12,415,227,-3987
3110269154,619,17,-1,6,348,141,-4007
3110270154,621,8,-13,12,279,119,-4037
3110271154,623,2,-31,15,230,121,-3937
3110272154,625,7,-52,15,1,114,-3841
3110273154,626,1,-58,20,-98,100,-3876
3110274154,628,-4,-54,9,-346,21,-4093
3110275154,630,-7,-34,6,-293,82,-4302
3110276154,631,-1,-32,-3,-194,138,-4334
3110277154,632,4,-31,-20,-238,167,-4309
3110278154,634,3,-24,-23,-349,159,-4310
3110279154,635,9,-3,-29,-409,92,-4378
3110280154,636,5,16,-28,-313,70,-4330
3110281154,637,14,18,-31,-214,20,-4178
3110282154,638,12,15,-26,-197,27,-4122
3110283154,639,10,17,-30,-149,-60,-4067
3110284154,640,9,20,-31,-19,-58,-4073
3110285154,642,-2,22,-30,104,10,-4017
3110286154,643,13,11,-34,203,43,-3892
3110287154,644,4,11,-33,216,43,-3916
3110288154,645,7,8,-36,108,2,-4023
3110289154,647,8,1,-46,225,-10,-3948
3110290154,648,3,13,-47,229,15,-3935
3110291154,650,1,12,-50,185,79,-3981
3110292154,651,17,9,-50,247,78,-4091
3110293154,653,10,14,-46,314,28,-4119
3110294154,655,6,19,-40,316,156,-4076
3110295154,657,13,27,-31,437,232,-4038
3110296154,659,5,27,-20,496,230,-4043
3110297154,661,17,11,-15,531,91,-4089
3110298154,664,10,-6,-13,485,-63,-3997
3110299154,666,11,-18,-7,257,-93,-4002
3110300154,669,10,-17,-2,127,-90,-4075
3110301154,671,0,-16,8,64,-61,-4108
3110302154,674,6,-26,8,131,15,-4078
3110303154,676,1,-37,4,45,66,-4007
3110304154,679,6,-42,2,-134,-43,-4132
3110305154,682,2,-38,8,-178,-118,-4253
3110306154,684,1,-25,3,-210,-192,-4354
3110307154,687,1,-33,-3,-220,-152,-4223
3110308154,689,-3,-37,-7,-309,-70,-4105
3110309154,692,-1,-27,-18,-396,-97,-4180
3110310154,694,-3,-15,-19,-391,-108,-4247
3110311154,696,-1,-2,-27,-260,12,-4282
3110312154,698,1,8,-35,-114,154,-4139
3110313154,700,2,0,-39,-135,139,-4055
3110314155,702,8,3,-52,-132,119,-4046
3110315156,704,5,6,-52,-139,70,-4071
3110316154,706,6,11,-59,-50,136,-4032
3110317154,707,7,12,-55,21,208,-3966
3110318154,709,3,4,-57,22,231,-3885
3110319154,711,7,2,-59,-49,245,-3902
3110320154,712,2,2,-58,-75,223,-3945
3110321154,714,0,5,-59,23,192,-4042
3110322154,715,-5,12,-57,103,167,-4093
3110323154,717,-9,6,-65,213,239,-4100
3110324154,718,5,12,-54,138,254,-4131
3110325154,719,0,24,-50,359,474,-4207
3110326154,721,6,28,-38,272,629,-4037
3110327154,722,5,42,-25,380,532,-3988
3110328154,724,10,46,-18,440,369,-4009
3110329154,726,19,26,-4,554,36,-3970
3110330154,728,12,7,13,469,-184,-3881
3110331154,729,-2,-19,28,350,-336,-3891
3110332154,731,-4,-29,36,242,-432,-3926
3110333154,733,-13,-38,33,207,-435,-3905
3110334154,735,-20,-56,39,29,-287,-3899
3110335154,737,-13,-67,30,-228,-219,-4031
3110336154,739,-22,-58,18,-359,-190,-4288
3110337154,740,-13,-50,15,-414,-147,-4394
3110338154,742,-7,-28,4,-329,-41,-4478
3110339154,744,3,-22,-6,-302,-2,-4403
3110340154,745,8,-13,-15,-372,-114,-4379
3110341154,747,9,6,-11,-364,-214,-4363
3110342154,748,7,9,-19,-358,-239,-4314
3110343154,750,5,19,-9,-240,-186,-4199
3110344154,751,0,22,-7,-115,-155,-4028
3110345154,753,-7,18,-12,-70,-86,-3992
3110346154,755,-8,20,-9,-1,-47,-3995
3110347154,756,-10,18,-17,150,116,-3943
3110348154,757,-3,10,-19,213,141,-4029
3110349154,759,-5,4,-36,265,230,-3962
3110350154,760,3,3,-47,154,309,-3844
3110351154,762,3,6,-40,118,307,-3883
3110352154,763,1,14,-48,229,259,-3980
3110353154,764,10,9,-52,368,227,-4020
3110354154,766,7,0,-56,159,345,-3926
3110355154,767,6,0,-53,507,383,-4032
3110356154,769,12,-8,-41,109,311,-4057
3110357154,770,0,22,-31,246,527,-4225
3110358154,772,19,8,-22,377,515,-4198
3110359154,774,16,2,-13,357,348,-4033
3110360154,775,20,3,-8,310,207,-3945
3110361154,777,10,-8,6,261,48,-3950
3110362154,779,-6,-11,21,94,64,-4029
3110363154,781,-3,-24,33,105,108,-3943
3110364154,783,-4,-25,38,32,35,-3869
3110365154,785,-2,-35,41,-45,-26,-3897
3110366154,787,-2,-44,39,-129,-207,-4113
3110367154,789,-2,-49,29,-154,-331,-4247
3110368154,791,-5,-47,24,-241,-292,-4167
3110369154,793,-8,-49,24,-347,-262,-4178
3110370154,795,-4,-41,12,-464,-257,-4281
3110371154,797,-5,-9,8,-417,-233,-4422
3110372154,798,1,-2,-6,-290,-111,-4358
3110373154,800,3,-2,-11,-229,-109,-4211
3110374154,802,5,5,-21,-217,-174,-4187
3110375154,803,7,12,-22,-136,-276,-4207
3110376154,805,1,21,-33,3,-239,-4193
3110377154,807,5,17,-34,132,-90,-4030
3110378154,808,3,18,-40,118,-50,-3962
3110379154,810,2,13,-42,109,16,-3884
3110380154,811,2,8,-46,109,28,-3896
3110381154,813,-3,18,-52,248,66,-3965
3110382154,814,-6,13,-65,436,133,-4021
3110383154,816,-2,10,-73,480,174,-4006
3110384154,817,2,6,-80,440,277,-3951
3110385154,819,5,-8,-86,288,344,-3856
3110386154,821,1,-13,-93,-11,484,-3826
3110387154,822,5,-1,-85,389,415,-3991
3110388154,824,6,-3,-78,168,510,-4131
3110389154,826,16,7,-43,80,723,-4271
3110390154,828,27,2,-17,272,728,-4216
3110391154,830,17,13,13,178,391,-4151
3110392154,833,17,11,22,281,221,-4160
3110393154,835,8,0,40,401,-77,-4086
3110394154,838,-2,-26,49,371,-274,-3942
3110395154,840,-18,-44,52,84,-363,-3755
3110396154,843,-21,-47,48,-141,-357,-3878
3110397154,845,-32,-53,44,-304,-332,-3938
3110398154,847,-21,-60,36,-296,-138,-4036
3110399154,849,-13,-62,16,-360,-29,-4097
3110400154,851,-5,-45,10,-498,-51,-4381
3110401154,853,3,-40,5,-492,-69,-4528
3110402154,855,14,-26,0,-495,-161,-4574
3110403154,857,16,-13,-6,-401,-328,-4436
3110404154,859,10,3,-12,-343,-437,-4413
3110405154,860,2,16,-20,-284,-413,-4353
3110406154,862,4,18,-25,-277,-311,-4230
3110407154,863,-1,15,-30,-114,-176,-4057
3110408154,865,-3,28,-34,-49,-12,-3995
3110409154,866,-8,29,-47,130,65,-3944
3110410154,867,-8,34,-50,233,96,-3960
3110411154,868,-4,29,-66,420,132,-3925
3110412154,870,1,13,-82,547,152,-3879
3110413154,871,3,8,-81,455,260,-3815
3110414154,872,11,0,-85,275,323,-3761
3110415154,873,13,-4,-82,214,350,-3764
3110416154,875,9,-2,-82,164,346,-3849
3110417154,876,7,-2,-73,510,451,-4080
3110418154,878,0,-5,-58,235,476,-4210
3110419154,880,6,4,-48,356,780,-4366
3110420154,881,18,9,-17,101,826,-4324
3110421154,883,22,31,6,332,707,-4302
3110422154,885,22,23,25,407,301,-4067
3110423154,888,6,8,37,386,-81,-3875
3110424154,890,2,-12,49,317,-238,-3813
3110425154,892,-7,-36,58,292,-461,-3716
3110426154,895,-37,-40,57,78,-436,-3855
3110427154,897,-34,-66,51,32,-254,-3935
3110428154,899,-22,-69,52,-168,-178,-3882
3110429154,901,-21,-72,39,-254,-171,-4012
3110430154,903,-20,-61,18,-470,-101,-4416
3110431154,906,2,-36,14,-557,25,-4699
3110432154,907,17,-21,2,-412,-60,-4491
3110433154,909,15,-18,0,-407,-189,-4405
3110434154,911,14,-8,-19,-425,-451,-4434
3110435154,913,8,10,-19,-382,-514,-4498
3110436154,915,4,24,-26,-193,-383,-4285
3110437154,916,-4,27,-33,-79,-200,-4034
3110438154,918,-11,30,-31,-77,-68,-3987
3110439154,919,-7,29,-38,40,98,-3966
3110440154,921,-6,35,-51,296,157,-3929
3110441154,922,2,18,-60,458,233,-3890
3110442154,924,0,21,-67,546,244,-3808
3110443154,925,9,0,-79,447,246,-3760
3110444154,927,11,-8,-86,230,252,-3804
3110445154,928,4,3,-89,-93,305,-3826
3110446154,929,10,14,-74,29,546,-4037
3110447154,931,1,9,-77,257,409,-4044
3110448154,933,-1,20,-56,306,797,-4263
3110449154,934,18,16,-33,425,979,-4274
3110450154,936,10,34,-5,392,676,-4113
3110451154,938,14,41,3,445,462,-4120
3110452154,940,9,25,25,593,144,-4000
3110453154,942,0,-4,33,616,-164,-3774
3110454154,945,-11,-45,32,383,-475,-3687
3110455154,947,-28,-63,29,-112,-449,-3898
3110456154,949,-34,-60,30,-151,-323,-4050
3110457154,951,-32,-55,23,-291,-106,-4099
3110458154,953,-17,-54,16,-352,34,-4221
3110459154,955,-11,-54,6,-412,52,-4456
3110460154,957,-7,-44,2,-499,7,-4636
3110461154,959,1,-21,-11,-514,-62,-4720
3110462154,960,15,-12,-16,-361,-260,-4618
3110463154,962,12,-4,-20,-338,-458,-4475
3110464154,964,0,15,-19,-328,-486,-4283
3110465154,966,-8,12,-19,-332,-443,-4208
3110466154,967,-10,31,-25,-242,-209,-4078
3110467154,969,-10,26,-27,-34,-40,-3932
3110468154,971,-10,20,-31,75,44,-3856
3110469154,972,-4,16,-31,102,41,-3858
3110470154,974,-2,17,-41,201,128,-3833
3110471154,975,-4,17,-42,322,162,-3829
3110472154,977,2,19,-52,552,112,-3841
3110473154,979,4,-3,-62,583,-8,-3740
3110474154,980,-4,-9,-74,321,107,-3770
3110475154,982,12,6,-62,-91,244,-4014
3110476154,983,1,12,-51,451,508,-4170
3110477154,985,0,34,-35,458,755,-4040
3110478154,987,6,28,-20,683,699,-3939
3110479154,989,8,17,-11,694,606,-3964
3110480154,991,14,-3,2,533,192,-4032
3110481154,993,7,-22,14,228,-14,-4006
3110482154,995,-3,-27,19,88,-108,-3960
3110483154,997,-4,-33,24,-26,-104,-3987
3110484154,999,-3,-47,28,-264,-51,-4098
3110485154,1001,-11,-51,26,-286,-28,-4159
3110486154,1003,-16,-43,19,-425,4,-4347
3110487154,1005,-14,-15,10,-400,93,-4473
3110488154,1007,-10,-11,1,-238,101,-4498
3110489154,1008,-1,-17,-5,-188,13,-4426
3110490154,1010,8,-6,-12,-221,-103,-4333
3110491154,1012,-1,4,-17,-325,-172,-4378
3110492154,1013,5,8,-14,-222,-145,-4269
3110493154,1015,0,21,-11,-134,-135,-4114
3110494154,1016,-2,13,-8,-93,-59,-3910
3110495154,1017,-3,4,-9,-109,2,-3913
3110496154,1019,-4,8,-7,-16,10,-4023
3110497154,1020,-3,5,-10,51,41,-4015
3110498154,1022,2,-3,-14,180,72,-3933
3110499154,1023,1,-11,-14,108,98,-3877
3110500154,1024,5,-10,-24,-11,71,-3900
3110501154,1026,0,3,-22,-3,81,-4002
3110502154,1027,6,6,-22,60,93,-4039
3110503154,1028,3,4,-28,115,125,-3995
3110504154,1030,15,13,-17,167,162,-4074
3110505154,1031,7,14,-18,352,142,-4167
3110506154,1033,-3,23,-10,229,284,-4058
3110507154,1034,10,25,-6,456,441,-4027
3110508154,1036,6,21,2,526,314,-4030
3110509154,1038,13,13,6,508,125,-4069
3110510154,1039,10,3,19,345,81,-3966
3110511154,1041,5,4,24,258,65,-3946
3110512154,1043,0,-5,31,202,18,-3954
3110513154,1045,2,-14,37,190,20,-4022
3110514154,1047,5,-32,43,208,-19,-4100
3110515154,1049,7,-38,42,58,-64,-4133
3110516154,1051,6,-57,30,-176,-171,-4266
3110517154,1053,-4,-49,26,-403,-166,-4314
3110518154,1055,4,-40,20,-467,-91,-4336
3110519154,1056,3,-33,16,-426,-78,-4333
3110520154,1058,-4,-25,12,-419,-71,-4361
3110521154,1060,-2,-13,2,-422,26,-4392
3110522154,1061,2,2,-1,-289,41,-4298
3110523154,1063,7,5,-4,-190,-52,-4207
3110524154,1065,-1,10,-13,-145,-133,-4115
3110525154,1066,5,12,-19,-135,-120,-4085
3110526154,1068,-2,8,-17,-86,-28,-3963
3110527154,1069,0,15,-26,-7,103,-3865
3110528154,1071,2,8,-32,114,163,-3772
3110529154,1072,9,-2,-31,35,161,-3781
3110530154,1074,7,-3,-35,15,170,-3857
3110531154,1075,3,7,-37,13,160,-3965
3110532154,1077,3,13,-39,159,191,-3998
3110533154,1078,3,7,-44,343,171,-3935
3110534154,1080,5,6,-50,308,188,-3942
3110535154,1082,2,-1,-57,92,242,-4031
3110536154,1083,16,13,-39,4,321,-4131
3110537154,1085,-4,19,-30,400,438,-4128
3110538154,1087,-4,35,-30,293,597,-4083
3110539154,1089,19,11,-17,579,623,-3986
3110540154,1091,17,3,2,370,340,-3931
3110541154,1093,12,-9,16,351,-33,-4027
3110542154,1095,5,-21,33,144,-130,-4011
3110543154,1098,7,-39,34,113,-192,-3980
3110544154,1100,1,-53,38,-78,-285,-3961
3110545154,1102,-6,-67,38,-310,-289,-4120
3110546154,1104,-10,-59,30,-423,-182,-4308
3110547154,1107,-13,-48,35,-432,-105,-4316
3110548154,1109,4,-46,15,-438,-3,-4343
3110549154,1111,-6,-35,0,-492,-50,-4423
3110550154,1113,0,-26,-10,-490,-121,-4482
3110551154,1114,6,-3,-18,-386,-191,-4418
3110552154,1116,3,8,-14,-327,-219,-4322
3110553154,1118,14,1,-22,-306,-229,-4154
3110554154,1120,0,16,-19,-233,-239,-4040
3110555154,1122,2,13,-22,-88,-186,-4024
3110556154,1123,1,19,-21,123,-99,-3942
3110557154,1125,-6,14,-28,177,-15,-3939
3110558154,1127,-4,6,-42,205,108,-3894
3110559154,1128,0,2,-48,137,190,-3862
3110560154,1130,0,-1,-57,133,243,-3889
3110561154,1131,2,6,-58,108,253,-3876
3110562154,1133,2,1,-68,227,332,-3935
3110563154,1134,13,-4,-61,215,370,-4026
3110564154,1136,18,6,-50,158,380,-3983
3110565154,1138,9,25,-34,97,512,-4160
3110566154,1140,21,19,-26,247,506,-4135
3110567154,1142,7,20,-11,514,357,-4098
3110568154,1144,11,6,-2,480,238,-4125
3110569154,1146,11,-13,13,353,181,-3935
3110570154,1148,4,-21,20,222,144,-3825
3110571154,1150,-2,-30,21,156,27,-3796
3110572154,1152,-7,-46,25,0,-24,-3901
3110573154,1155,-6,-52,30,-97,-70,-3950
3110574154,1157,-8,-68,18,-296,-55,-4108
3110575154,1159,-14,-64,18,-428,-48,-4241
3110576154,1161,4,-55,17,-521,-12,-4401
3110577154,1163,0,-44,13,-523,-22,-4381
3110578154,1165,10,-32,15,-551,-34,-4431
3110579154,1167,10,-23,8,-471,-92,-4456
3110580154,1169,14,-20,3,-429,-249,-4427
3110581154,1171,5,0,1,-394,-275,-4322
3110582154,1173,5,5,-1,-306,-215,-4204
3110583154,1174,1,10,-1,-226,-124,-4100
3110584154,1176,-5,17,-1,-164,-99,-4034
3110585154,1178,2,11,-6,-54,-88,-3909
3110586154,1179,-2,14,-15,72,-111,-3904
3110587154,1181,-2,18,-26,161,-124,-4071
3110588154,1183,-2,23,-29,350,-86,-4021
3110589154,1184,-7,15,-56,324,-21,-3928
3110590154,1186,6,19,-54,183,173,-3888
3110591154,1187,3,22,-59,568,524,-4065
3110592154,1189,22,25,-48,509,635,-3936
3110593154,1191,28,26,-47,602,625,-3952
3110594154,1192,30,23,-37,618,513,-3913
3110595154,1194,42,-4,-14,601,287,-3873
3110596154,1196,33,-27,1,409,103,-3791
3110597154,1198,16,-43,14,220,-104,-3781
3110598154,1201,4,-53,24,115,-150,-3830
3110599154,1203,-3,-72,34,-22,-149,-3930
3110600154,1205,-28,-87,35,-183,-48,-4036
3110601154,1207,-25,-90,34,-483,119,-4191
3110602154,1209,-24,-79,36,-630,148,-4287
3110603154,1211,-18,-57,29,-730,287,-4428
3110604154,1214,-4,-40,22,-725,279,-4533
3110605154,1216,7,-16,20,-591,137,-4543
3110606154,1218,15,-7,14,-482,-35,-4518
3110607154,1220,16,-2,10,-451,-106,-4448
3110608154,1222,20,8,7,-406,-267,-4282
3110609154,1224,9,15,7,-333,-365,-4165
3110610154,1226,2,25,12,-152,-264,-4099
3110611154,1228,-4,22,5,-58,-212,-4031
3110612154,1230,-7,19,-1,69,-156,-3946
3110613154,1232,-5,15,-8,183,-98,-3903
3110614154,1234,3,9,-26,277,-49,-3958
3110615154,1235,-1,3,-40,363,14,-3853
3110616154,1237,4,3,-50,342,100,-3800
3110617154,1239,13,-17,-62,30,110,-3763
3110618154,1241,19,4,-60,-45,260,-3957
3110619154,1243,11,16,-58,444,380,-4338
3110620154,1245,8,30,-47,390,582,-4257
3110621154,1247,25,22,-33,570,673,-4249
3110622154,1249,30,13,-25,492,394,-3998
3110623154,1252,33,3,-8,383,28,-3871
3110624154,1254,11,-11,9,254,-99,-3876
3110625154,1256,14,-22,12,237,-165,-3828
3110626154,1259,-3,-50,15,180,-196,-3690
3110627154,1261,-22,-68,15,-137,-45,-3791
3110628154,1264,-19,-78,14,-369,85,-3928
3110629154,1266,-14,-68,12,-463,128,-4116
3110630154,1268,-18,-66,9,-502,175,-4255
3110631154,1271,-11,-50,8,-599,345,-4525
3110632154,1273,6,-35,8,-554,307,-4596
3110633154,1275,20,-24,7,-540,73,-4493
3110634154,1277,15,-12,5,-502,-46,-4475
3110635154,1279,10,5,4,-450,-205,-4515
3110636154,1281,13,10,-2,-319,-220,-4415
3110637154,1283,6,21,-1,-278,-199,-4128
3110638154,1286,-2,30,-5,-155,-144,-3962
3110639154,1287,-10,36,-11,-52,-137,-3955
3110640154,1289,1,34,-23,177,-86,-4008
3110641154,1291,-3,23,-41,369,-21,-3920
3110642154,1293,0,13,-59,206,3,-3777
3110643154,1295,0,0,-71,496,173,-3837
3110644154,1297,11,17,-65,67,161,-3839
3110645154,1299,2,44,-43,498,622,-4148
3110646154,1301,35,29,-39,693,643,-4110
3110647154,1303,31,14,-28,583,323,-3798
3110648154,1305,33,11,-18,566,123,-3839
3110649154,1307,15,-7,-8,429,-244,-3918
3110650154,1310,1,-31,-1,273,-416,-3905
3110651154,1312,-9,-53,5,202,-284,-3797
3110652154,1314,-24,-60,4,-194,-39,-3845
3110653154,1317,-33,-63,-3,-186,53,-3969
3110654154,1319,-25,-66,-8,-470,238,-4176
3110655154,1321,-16,-51,-12,-493,350,-4286
3110656154,1323,-18,-33,-19,-422,316,-4492
3110657154,1326,-6,-24,-16,-422,291,-4588
3110658154,1328,12,-18,-20,-348,200,-4643
3110659154,1330,21,-15,-16,-344,-39,-4451
3110660154,1332,14,0,-8,-370,-188,-4316
3110661154,1335,3,23,-1,-361,-199,-4318
3110662154,1337,8,24,-4,-249,-149,-4298
3110663154,1339,0,25,-7,-13,-55,-4011
3110664154,1342,2,22,-15,100,-45,-3899
3110665154,1344,-6,18,-15,210,-1,-3964
3110666154,1346,0,16,-19,238,18,-3947
3110667154,1348,-2,8,-35,375,7,-3835
3110668154,1350,-3,-11,-53,303,-12,-3776
3110669154,1352,3,-2,-49,113,-28,-3881
3110670154,1355,-10,6,-50,332,194,-4127
3110671154,1357,-4,18,-45,236,210,-4012
3110672154,1359,8,12,-38,530,335,-3970
3110673154,1361,16,0,-25,390,235,-4058
3110674154,1364,9,2,-13,379,128,-4068
3110675154,1366,-2,-3,-10,266,158,-4068
3110676154,1369,17,-25,1,200,144,-3946
3110677154,1371,0,-29,9,82,-46,-3903
3110678154,1374,-8,-42,4,-122,-74,-4097
3110679154,1376,-2,-50,4,-230,-27,-4052
3110680154,1379,-11,-49,6,-263,-46,-4028
3110681154,1381,-12,-47,4,-368,-17,-4150
3110682154,1383,-10,-33,-2,-399,94,-4397
3110683154,1385,-1,-34,1,-401,153,-4453
3110684154,1387,-2,-21,-1,-320,152,-4257
3110685154,1390,-4,-10,-8,-360,143,-4259
3110686154,1392,4,-6,-10,-369,26,-4440
3110687154,1394,15,1,-6,-201,-120,-4337
3110688154,1396,15,5,-9,-111,-156,-4062
3110689154,1398,8,12,-10,-59,-113,-4012
3110690154,1400,2,14,-16,-17,-19,-4055
3110691154,1402,9,12,-23,43,23,-3940
3110692154,1404,15,8,-32,217,129,-3879
3110693154,1406,-3,9,-36,285,64,-3976
3110694154,1407,0,15,-31,273,234,-4077
3110695154,1409,12,14,-27,447,374,-3973
3110696154,1411,15,5,-17,430,348,-3859
3110697154,1413,14,-11,-10,345,185,-3901
3110698154,1415,18,-15,-4,238,102,-3955
3110699154,1417,19,-18,11,118,27,-4006
3110700154,1419,14,-26,17,98,15,-3953
3110701154,1422,5,-30,14,13,100,-3977
3110702154,1424,8,-41,26,-163,115,-4041
3110703154,1426,9,-48,19,-273,82,-4070
3110704154,1428,5,-48,18,-320,-7,-4228
3110705154,1430,-1,-27,17,-376,-1,-4418
3110706154,1432,3,-22,11,-345,44,-4401
3110707154,1435,8,-19,10,-245,95,-4318
3110708154,1437,8,-6,8,-276,79,-4165
3110709154,1439,5,6,6,-276,-63,-4244
3110710154,1441,15,3,-2,-166,-98,-4311
3110711154,1443,15,8,1,-13,-121,-4119
3110712154,1446,11,15,-5,6,-114,-4029
3110713154,1448,11,11,-9,23,-99,-3985
3110714154,1450,11,14,-13,319,-5,-4011
3110715154,1452,8,4,-31,304,-29,-3945
3110716154,1455,6,6,-24,181,147,-3916
3110717154,1457,10,8,-33,254,233,-3876
3110718154,1459,15,1,-32,216,267,-3959
3110719154,1462,20,3,-20,314,257,-3952
3110720154,1464,18,-4,-10,308,160,-3963
3110721154,1467,20,-13,-3,226,150,-3946
3110722154,1470,13,-25,19,112,153,-3959
3110723154,1472,9,-35,23,58,-22,-3984
3110724154,1475,-1,-49,22,-38,-152,-4055
3110725154,1478,-4,-48,29,-181,-39,-4088
3110726154,1481,1,-58,24,-287,-30,-4131
3110727154,1483,-2,-59,15,-365,-12,-4189
3110728154,1486,2,-46,7,-505,21,-4258
3110729154,1488,5,-34,-4,-509,121,-4346
3110730154,1491,10,-17,-6,-453,140,-4373
3110731154,1493,10,-1,-16,-351,136,-4335
3110732154,1495,17,3,-22,-243,-30,-4337
3110733154,1498,20,7,-28,-112,-160,-4191
3110734154,1500,10,15,-36,-82,-184,-4124
3110735154,1502,9,18,-39,-38,-184,-4122
3110736154,1504,6,14,-54,186,-89,-4022
3110737154,1507,12,13,-44,96,131,-3830
3110738154,1509,5,23,-46,414,375,-3915
3110739154,1511,5,20,-44,201,390,-3831
3110740154,1513,12,16,-53,445,422,-3924
3110741154,1516,17,7,-42,486,297,-3876
3110742154,1518,16,-14,-35,367,96,-3869
3110743154,1520,17,-27,-23,196,77,-3863
3110744154,1523,14,-26,-18,184,50,-3844
3110745154,1526,3,-42,-5,38,-45,-3908
3110746154,1528,7,-48,1,-108,67,-4013
3110747154,1531,5,-58,7,-228,127,-3993
3110748154,1534,0,-66,1,-340,50,-4066
3110749154,1536,-2,-63,3,-506,35,-4205
3110750154,1539,0,-47,-1,-496,-9,-4414
3110751154,1542,-2,-35,2,-520,-24,-4494
3110752154,1544,6,-17,3,-500,136,-4413
3110753154,1547,8,-14,-4,-481,123,-4282
3110754154,1549,6,0,-10,-412,-39,-4229
3110755154,1552,6,11,-6,-323,-182,-4331
3110756154,1555,6,22,-9,-41,-266,-4297
3110757154,1557,5,29,-19,116,-371,-4236
3110758154,1560,-1,31,-28,152,-320,-4166
3110759154,1562,0,37,-41,413,-199,-3986
3110760154,1565,-12,31,-55,523,106,-4028
3110761154,1567,7,29,-59,530,288,-3927
3110762154,1570,10,23,-63,621,340,-3841
3110763154,1572,18,14,-68,518,484,-3643
3110764154,1575,26,2,-57,465,348,-3679
3110765154,1577,36,-16,-42,401,90,-3840
3110766154,1580,29,-53,-25,301,54,-3765
3110767154,1582,19,-54,-20,123,6,-3760
3110768154,1585,13,-74,-4,-140,-115,-3998
3110769154,1588,-3,-79,-6,-287,-243,-4116
3110770154,1590,-14,-72,11,-486,-13,-4170
3110771154,1593,-13,-66,10,-516,175,-4254
3110772154,1595,-13,-60,10,-608,336,-4334
3110773154,1597,-8,-39,2,-714,423,-4393
3110774154,1600,10,-12,-4,-611,444,-4386
3110775154,1602,12,4,-8,-389,166,-4314
3110776154,1604,13,11,-8,-343,67,-4320
3110777154,1606,20,28,-19,14,-189,-4299
3110778154,1609,7,43,-23,82,-364,-4367
3110779154,1611,10,42,-28,395,-343,-4181
3110780154,1613,7,42,-36,553,-206,-3885
3110781154,1615,-8,39,-48,525,-177,-3932
3110782154,1618,10,18,-62,499,94,-3831
3110783154,1620,12,6,-69,645,249,-3825
3110784154,1622,7,-8,-70,421,302,-3751
3110785154,1625,14,-19,-71,373,347,-3777
3110786154,1627,20,-31,-58,132,337,-3845
3110787154,1630,19,-45,-34,51,184,-3906
3110788154,1633,11,-49,-19,-39,13,-4021
3110789154,1636,-4,-55,-9,-3,-222,-4156
3110790154,1639,-8,-63,-3,-133,-255,-4196
3110791154,1642,-10,-71,6,-315,-154,-4211
3110792154,1645,-26,-62,13,-447,-47,-4238
3110793154,1648,-24,-44,14,-650,223,-4413
3110794154,1651,-17,-23,12,-566,342,-4381
3110795154,1654,-6,-12,5,-372,311,-4176
3110796154,1657,5,-5,-3,-367,148,-4196
3110797154,1659,8,12,-15,-223,-59,-4291
3110798154,1662,13,23,-13,-118,-164,-4297
3110799154,1665,9,29,-13,-22,-220,-4304
3110800154,1668,9,34,-4,181,-217,-4153
3110801154,1671,5,45,-8,629,-368,-4012
3110802154,1674,4,37,-32,948,-302,-4002
3110803154,1677,-4,27,-36,1059,-350,-3966
3110804154,1680,6,-6,-51,819,-154,-3832
3110805154,1683,8,-10,-70,539,-40,-3789
3110806154,1685,3,-19,-74,285,124,-3699
3110807154,1688,10,-38,-84,242,202,-3734
3110808154,1690,8,-47,-90,266,146,-3729
3110809154,1693,5,-73,-88,-117,85,-3984
3110810154,1696,-2,-71,-76,-597,188,-4318
3110811154,1698,-3,-61,-66,-521,216,-4364
3110812154,1701,-10,-52,-59,-442,301,-4359
3110813154,1703,-11,-39,-46,-395,346,-4427
3110814154,1706,-6,-42,-46,-390,386,-4496
3110815154,1708,-3,-30,-38,-569,337,-4371
3110816154,1711,-9,-2,-24,-540,340,-4293
3110817154,1714,-7,10,-24,-579,400,-4228
3110818154,1716,-5,34,-10,-250,450,-4222
3110819154,1719,7,40,-9,45,323,-3980
3110820154,1721,0,36,3,124,175,-3893
3110821154,1724,1,37,17,194,63,-3978
3110822154,1727,3,38,16,323,-71,-3979
3110823154,1729,-5,37,16,620,-248,-3943
3110824154,1732,11,8,5,744,-238,-3848
3110825154,1735,1,-9,-5,707,-329,-3738
3110826154,1737,-3,-14,-11,530,-378,-3813
3110827154,1740,5,-21,-26,215,-270,-4119
3110828154,1742,11,-26,-39,308,-162,-3903
3110829154,1745,-11,-40,-63,84,-95,-4028
3110830154,1747,9,-44,-58,-200,29,-4292
3110831154,1749,11,-45,-63,-280,-16,-4320
3110832154,1752,-3,-36,-59,-341,-51,-4210
3110833154,1754,-6,-29,-50,-386,62,-4287
3110834154,1757,-5,-12,-47,-241,49,-4419
3110835154,1759,-8,-15,-45,-162,57,-4419
3110836154,1762,-1,-17,-37,-185,117,-4333
3110837154,1764,-1,-8,-25,-211,250,-4212
3110838154,1767,-7,10,-14,-145,268,-4169
3110839154,1769,-1,28,0,0,366,-4091
3110840154,1772,5,27,-1,169,389,-3961
3110841154,1775,5,29,8,509,269,-3746
3110842154,1777,4,24,4,556,44,-3949
3110843154,1780,6,16,-3,728,-194,-4042
3110844154,1783,9,10,-5,647,-294,-3942
3110845154,1785,15,-8,-13,587,-325,-3851
3110846154,1788,9,-20,-24,409,-208,-3734
3110847154,1791,-3,-28,-43,150,-16,-3917
3110848154,1793,8,-43,-49,85,93,-3991
3110849154,1796,15,-49,-51,128,92,-3936
3110850154,1799,-3,-51,-55,-225,207,-4057
3110851154,1801,12,-56,-54,-422,220,-4258
3110852154,1804,-2,-43,-53,-339,114,-4200
3110853154,1806,-1,-34,-46,-347,167,-4424
3110854154,1809,-2,-31,-42,-298,105,-4549
3110855154,1811,2,-34,-33,-286,118,-4480
3110856154,1814,10,-27,-29,-430,216,-4239
3110857154,1816,3,-3,-24,-359,251,-4105
3110858154,1819,10,14,-25,-504,257,-4146
3110859154,1821,8,25,-13,-54,314,-4110
3110860154,1824,2,18,-11,179,323,-4015
3110861154,1826,17,14,-2,146,271,-3840
3110862154,1829,17,18,5,159,15,-3880
3110863154,1832,11,28,6,158,-27,-3936
3110864154,1834,3,35,6,694,-272,-4007
3110865154,1837,5,16,-12,792,-235,-4078
3110866154,1839,10,-4,-21,840,-277,-3789
3110867154,1842,3,-15,-26,647,-190,-3751
3110868154,1845,13,-24,-38,259,-99,-3955
3110869154,1847,14,-28,-50,192,10,-3946
3110870154,1849,17,-50,-61,86,34,-3928
3110871154,1852,21,-51,-68,-169,134,-4006
3110872154,1854,24,-49,-68,-299,104,-4170
3110873154,1857,24,-47,-59,-426,78,-4280
3110874154,1859,12,-42,-55,-345,38,-4221
3110875154,1862,7,-37,-44,-385,-38,-4453
3110876154,1864,-1,-38,-40,-355,-64,-4490
3110877154,1867,-8,-27,-35,-400,5,-4429
3110878154,1870,-4,-25,-29,-401,241,-4248
3110879154,1872,-3,-4,-22,-401,280,-4100
3110880154,1875,-4,25,-14,-159,424,-4101
3110881154,1878,-5,26,-13,-35,377,-4053
3110882154,1880,15,34,-13,276,253,-4008
3110883154,1883,10,29,-16,462,93,-4029
3110884154,1886,9,32,-22,572,-123,-3893
3110885154,1889,13,17,-23,614,-187,-3825
3110886156,1892,13,12,-21,603,-168,-3789
3110887154,1894,11,-8,-27,590,-130,-3639
3110888154,1897,10,-35,-32,331,4,-3651
3110889154,1900,16,-61,-32,83,88,-3689
3110890154,1903,8,-66,-32,9,127,-3712
3110891154,1906,13,-74,-33,-222,106,-4012
3110892154,1908,15,-80,-37,-288,54,-4377
3110893154,1911,10,-71,-33,-344,121,-4498
3110894154,1914,4,-54,-31,-511,62,-4480
3110895154,1916,4,-45,-33,-601,78,-4521
3110896154,1919,0,-31,-30,-653,40,-4438
3110897154,1922,3,-17,-32,-528,58,-4363
3110898154,1924,-2,7,-29,-486,146,-4288
3110899154,1927,8,7,-24,-363,216,-4273
3110900154,1929,12,12,-27,-272,210,-4104
3110901154,1932,12,28,-20,-39,179,-4069
3110902154,1934,16,41,-29,279,13,-4208
3110903154,1937,11,52,-29,586,-95,-4274
3110904154,1939,13,52,-37,780,-133,-4160
3110905154,1942,5,34,-47,828,-65,-3824
3110906154,1944,11,27,-51,696,-17,-3696
3110907154,1947,10,3,-62,709,-68,-3569
3110908154,1950,8,-4,-65,574,56,-3563
3110909154,1952,12,-42,-64,492,59,-3491
3110910154,1955,6,-68,-70,281,70,-3609
3110911154,1957,13,-87,-61,-125,152,-3919
3110912154,1960,8,-103,-55,-175,99,-3994
3110913154,1963,-3,-97,-49,-352,109,-4094
3110914154,1965,1,-80,-41,-578,170,-4529
3110915154,1968,-2,-64,-36,-608,184,-4678
3110916154,1971,1,-43,-29,-606,258,-4550
3110917154,1974,-4,-23,-25,-608,176,-4385
3110918154,1976,-8,-13,-30,-692,147,-4428
3110919154,1979,-6,11,-20,-611,169,-4471
3110920154,1982,4,37,-13,-285,184,-4296
3110921154,1985,3,53,-10,-109,190,-4187
3110922154,1987,7,52,-4,55,202,-4147
3110923154,1990,15,43,-3,248,99,-3943
3110924154,1993,24,29,2,281,-165,-3864
3110925154,1996,17,20,4,444,-367,-3926
3110926154,1999,-1,28,-8,756,-475,-4031
3110927154,2001,1,29,-11,786,-591,-4148
3110928154,2004,1,0,-40,1042,-468,-4010
3110929154,2007,-8,-24,-63,873,-305,-3704
3110930154,2009,2,-37,-85,404,50,-3791
3110931154,2012,-4,-33,-92,193,94,-3799
3110932154,2014,5,-39,-99,33,332,-3799
3110933154,2016,24,-55,-101,-187,541,-3869
3110934154,2019,24,-53,-88,-301,478,-4036
3110935154,2022,32,-43,-77,-408,270,-4341
3110936154,2024,20,-33,-63,-344,140,-4456
3110937154,2027,9,-28,-42,-246,20,-4585
3110938154,2030,0,-19,-16,-225,133,-4525
3110939154,2032,-9,-10,-3,-280,218,-4345
3110940154,2035,-10,-5,6,-375,308,-4168
3110941154,2038,-12,20,12,-299,307,-4084
3110942154,2041,-11,23,15,-46,221,-3959
3110943154,2043,-5,14,10,107,247,-3956
3110944154,2046,10,4,14,188,117,-3946
3110945154,2049,6,2,11,168,-1,-3881
3110946154,2051,6,-9,7,93,-134,-3926
3110947154,2054,11,-12,13,193,-258,-3981
3110948154,2057,-3,-16,-7,410,-347,-4087
3110949154,2059,5,-18,-9,307,-374,-4334
3110950154,2062,13,-18,-18,474,-279,-4299
3110951154,2064,7,-19,-41,425,-284,-4095
3110952154,2067,6,-20,-57,174,-62,-4212
3110953154,2069,7,-14,-70,52,32,-4098
3110954154,2071,15,-11,-79,4,66,-4036
3110955154,2073,10,-13,-93,42,130,-4059
3110956154,2075,9,-9,-79,-185,199,-4185
3110957154,2078,13,-2,-72,-212,291,-4188
3110958154,2080,13,8,-52,-30,252,-4113
3110959154,2082,0,23,-45,38,234,-4190
3110960154,2085,5,10,-25,240,195,-4200
3110961154,2087,7,-3,-18,332,155,-4036
3110962154,2090,2,-17,-4,80,121,-4024
3110963154,2093,2,-14,4,13,92,-4030
3110964154,2095,0,-15,1,-36,93,-3857
3110965154,2098,-2,-15,9,104,89,-3770
3110966154,2101,-8,-33,6,88,15,-3890
3110967154,2103,-6,-35,-2,72,-16,-4027
3110968154,2106,-8,-31,-4,0,-135,-4029
3110969154,2108,-12,-23,-18,112,-186,-4227
3110970154,2111,6,-18,-39,374,-207,-4317
3110971154,2114,4,-24,-54,339,-148,-4273
3110972154,2116,5,-21,-54,162,-68,-4287
3110973154,2119,7,-18,-70,99,-25,-4175
3110974154,2121,2,-4,-76,-80,65,-4127
3110975154,2124,9,-4,-74,-77,173,-4153
3110976154,2126,18,-15,-79,20,132,-4137
3110977154,2129,6,-22,-72,-102,107,-4162
3110978154,2131,6,-22,-71,-32,127,-4236
3110979154,2134,2,-18,-56,-160,52,-4086
3110980154,2137,-16,2,-42,-101,302,-4139
3110981154,2139,-2,2,-25,11,433,-4271
3110982154,2142,8,3,-26,168,343,-4213
3110983154,2145,4,0,-12,85,166,-4113
3110984154,2148,2,-9,5,37,164,-4037
3110985154,2151,7,-10,12,20,92,-3993
3110986154,2153,9,-10,12,63,-12,-3958
3110987154,2156,1,-21,10,180,-145,-3869
3110988154,2159,-6,-20,4,203,-91,-3871
3110989154,2162,0,-27,-6,168,-165,-4047
3110990154,2164,-3,-29,-20,220,-269,-4091
3110991154,2167,-4,-19,-31,220,-317,-4044
3110992154,2169,-2,-8,-43,96,-100,-4159
3110993154,2171,6,-11,-61,118,130,-4128
3110994154,2174,15,-10,-67,118,145,-4026
3110995154,2176,11,-13,-71,47,85,-4019
3110996154,2178,11,-11,-76,-106,71,-4189
3110997154,2181,22,-16,-64,-217,131,-4246
3110998154,2183,9,-19,-59,-143,154,-4001
3110999154,2185,16,-18,-42,-387,158,-4107
3111000154,2188,12,-9,-39,-221,150,-4206
3111001154,2190,7,-3,-22,-124,172,-4200
3111002154,2192,0,6,-12,35,274,-4179
3111003154,2195,2,4,0,42,351,-4203
3111004154,2197,8,2,3,78,206,-4095
3111005154,2200,6,0,17,74,156,-3997
3111006154,2202,6,3,20,103,56,-3965
3111007154,2205,2,0,18,188,-171,-4051
3111008154,2207,11,-10,16,302,-235,-4012
3111009154,2210,6,-13,11,314,-259,-3968
3111010154,2212,-9,-21,-4,279,-286,-4004
3111011154,2215,4,-22,-16,174,-214,-4086
3111012154,2217,7,-21,-39,224,-99,-4019
3111013154,2220,3,-18,-50,110,61,-4068
3111014154,2222,4,-17,-54,70,153,-4081
3111015154,2224,18,-19,-65,-33,217,-4059
3111016154,2226,12,-25,-70,-14,76,-4036
3111017154,2229,9,-24,-64,-196,29,-4125
3111018154,2231,10,-16,-60,-294,47,-4197
3111019154,2234,5,-25,-52,-277,57,-4128
3111020154,2236,-5,-27,-44,-102,150,-4103
3111021154,2239,6,-15,-26,-293,161,-4190
3111022154,2241,-8,-3,-16,-79,363,-4244
3111023154,2244,-9,1,-12,-134,404,-4194
3111024155,2247,10,3,1,-7,415,-4064
3111025154,2249,9,6,9,6,234,-3964
3111026154,2252,4,5,14,26,159,-3994
3111027154,2255,1,11,22,49,113,-3954
3111028154,2257,14,-6,24,210,-115,-4016
3111029154,2260,7,-7,17,226,-291,-3977
3111030154,2263,6,-10,11,205,-334,-4009
3111031154,2265,-2,-12,-10,316,-287,-4053
3111032154,2268,-3,-7,-16,407,-289,-4106
3111033154,2270,9,-21,-34,254,-166,-4103
3111034154,2273,-2,-18,-59,171,-22,-4136
3111035154,2275,13,-17,-73,67,113,-4135
3111036154,2277,17,-11,-77,57,185,-4018
3111037154,2280,17,-19,-85,71,161,-3989
3111038154,2282,19,-30,-88,-133,126,-4000
3111039154,2284,24,-27,-70,-343,136,-4118
3111040154,2287,18,-21,-56,-262,180,-4224
3111041154,2289,8,-19,-47,-257,210,-4178
3111042154,2292,15,-13,-25,-166,301,-4169
3111043154,2294,9,-7,-12,-34,317,-4127
3111044154,2297,1,-8,1,-32,185,-4141
3111045154,2299,0,-5,12,-91,240,-4115
3111046154,2302,-1,-2,15,-60,234,-4043
3111047154,2305,-1,2,17,-25,180,-3860
3111048154,2307,8,-4,23,11,102,-3826
3111049154,2310,-2,-11,28,27,-41,-3874
3111050154,2312,4,-20,24,-95,-130,-3928
3111051154,2315,11,-16,18,-31,-251,-4015
3111052154,2318,-9,-4,2,154,-412,-4305
3111053154,2320,1,-2,-14,213,-297,-4431
3111054154,2322,7,-7,-33,324,-194,-4258
3111055154,2325,6,0,-45,289,-111,-4189
3111056154,2327,8,3,-68,100,41,-4164
3111057154,2329,15,9,-84,136,97,-4060
3111058154,2331,23,-1,-94,196,128,-3868
3111059154,2334,22,-5,-95,173,196,-3767
3111060154,2336,21,-20,-95,-119,208,-3894
3111061154,2338,29,-16,-74,-195,314,-4041
3111062154,2341,19,-28,-58,8,309,-4104
3111063154,2343,15,-21,-31,-187,392,-4158
3111064154,2346,20,-17,-18,-14,392,-4229
3111065154,2348,8,-15,2,89,211,-4235
3111066154,2351,-1,-16,16,12,175,-4253
3111067154,2354,6,-23,19,-75,170,-3989
3111068154,2357,-1,-24,25,-71,35,-3801
3111069154,2360,-9,-17,28,-115,-38,-3851
3111070154,2362,-3,-24,25,-114,21,-4060
3111071154,2365,8,-32,20,-58,22,-3980
3111072154,2368,2,-32,6,-238,-28,-3972
3111073154,2370,5,-34,9,-368,-136,-4144
3111074154,2373,6,-17,3,-220,-220,-4268
3111075154,2376,12,0,-14,-40,-356,-4498
3111076154,2378,7,8,-32,359,-342,-4437
3111077154,2381,2,12,-52,342,-332,-4340
3111078154,2383,5,9,-69,341,-228,-4309
3111079154,2385,6,17,-85,285,-76,-4082
3111080154,2387,9,17,-98,205,78,-3828
3111081154,2390,10,9,-108,158,276,-3716
3111082154,2392,10,5,-108,68,336,-3741
3111083154,2394,23,-21,-107,162,419,-3829
3111084154,2396,27,-26,-89,-55,341,-3991
3111085154,2399,17,-14,-63,-57,425,-4353
3111086156,2402,19,-15,-33,121,417,-4260
3111087154,2404,18,-18,-22,225,316,-4129
3111088154,2407,18,-26,-3,109,167,-4148
3111089154,2410,7,-36,7,72,-66,-4064
3111090154,2413,-8,-38,14,-166,-27,-3944
3111091154,2416,-7,-41,17,-178,-11,-3867
3111092154,2418,-15,-43,11,-87,-33,-3742
3111093154,2421,-25,-47,8,-222,41,-3879
3111094154,2424,-12,-48,9,-280,128,-4113
3111095154,2427,-2,-35,-8,-312,130,-4228
3111096154,2429,6,-41,0,-566,68,-4293
3111097154,2432,14,-7,-8,-217,-72,-4236
3111098154,2435,7,9,-24,83,-416,-4481
3111099154,2437,14,6,-45,399,-506,-4417
3111100154,2440,5,4,-64,276,-408,-4208
3111101156,2443,6,9,-69,165,-269,-4131
3111102154,2445,10,9,-80,69,-101,-3981
3111103154,2447,-1,14,-89,72,50,-3875
3111104154,2450,4,4,-94,206,291,-3849
3111105154,2452,12,-6,-105,189,300,-3828
3111106154,2455,17,-16,-93,79,356,-4035
3111107154,2457,22,-24,-73,-65,347,-4109
3111108154,2460,19,-12,-48,-73,268,-4087
3111109154,2462,4,-14,-31,156,252,-4107
3111110154,2465,8,-22,-16,132,205,-4161
3111111154,2468,13,-48,-11,130,37,-4144
3111112154,2471,-6,-53,2,-184,-47,-3988
3111113154,2474,-4,-56,3,-471,37,-3988
3111114154,2476,-7,-40,6,-458,94,-4004
3111115154,2479,-8,-34,4,-330,98,-4075
3111116154,2482,-8,-25,0,-159,154,-4191
3111117154,2485,-3,-11,-9,-181,169,-4178
3111118154,2487,10,-4,-28,-41,18,-4158
3111119154,2490,3,8,-31,120,-95,-4115
3111120154,2492,4,18,-48,193,-195,-4239
3111121154,2495,10,18,-56,330,-222,-4396
3111122154,2497,13,23,-59,391,-59,-3988
3111123154,2500,8,18,-59,373,19,-3936
3111124154,2502,8,21,-53,275,177,-3941
3111125154,2505,15,18,-45,361,170,-3872
3111126154,2508,12,-7,-43,310,78,-3914
3111127154,2510,11,-23,-38,83,117,-3977
3111128154,2513,9,-21,-33,-12,112,-4018
3111129154,2515,3,-41,-26,29,41,-3981
3111130154,2518,-3,-53,-22,-83,14,-4040
3111131154,2520,3,-56,-18,-204,67,-4259
3111132154,2523,2,-55,-21,-346,83,-4353
3111133154,2526,-1,-42,-15,-413,101,-4415
3111134154,2528,-2,-32,-19,-427,198,-4382
3111135154,2531,5,-12,-17,-312,140,-4261
3111136154,2533,3,3,-20,-230,33,-4332
3111137154,2536,3,7,-23,-172,-29,-4398
3111138154,2538,6,20,-31,98,-114,-4335
3111139154,2540,3,19,-40,203,-32,-4096
3111140154,2543,10,26,-45,268,-49,-4001
3111141154,2545,0,46,-47,363,-27,-3944
3111142154,2548,-6,42,-41,481,91,-3970
3111143154,2550,9,30,-42,648,252,-3794
3111144154,2553,13,18,-40,689,160,-3758
3111145154,2555,7,5,-35,561,-10,-3944
3111146154,2558,8,0,-31,445,-41,-4008
3111147154,2560,18,-18,-25,390,74,-3860
3111148154,2563,11,-30,-26,249,5,-3818
3111149154,2566,4,-45,-23,-51,9,-4095
3111150154,2569,7,-56,-23,-188,-36,-4184
3111151154,2571,-1,-49,-23,-254,-69,-4191
3111152154,2574,0,-40,-19,-447,5,-4435
3111153154,2576,5,-30,-25,-372,141,-4482
3111154154,2579,-3,-11,-26,-304,145,-4293
3111155154,2582,-4,-3,-35,-238,192,-4273
3111156154,2584,2,0,-34,-253,127,-4361
3111157154,2586,12,10,-37,-277,-24,-4397
3111158154,2589,8,18,-40,-98,-129,-4142
3111159154,2591,1,37,-42,80,-77,-4054
3111160154,2594,3,37,-40,200,-32,-4055
3111161154,2596,14,27,-57,465,-13,-3909
3111162154,2598,0,15,-63,398,42,-3896
3111163154,2601,17,14,-64,398,105,-3951
3111164154,2603,0,25,-58,438,248,-3976
3111165154,2605,7,26,-58,420,348,-3952
3111166154,2608,21,6,-49,626,364,-3643
3111167154,2610,7,-5,-47,418,151,-3754
3111168154,2613,16,-20,-38,211,-19,-4086
3111169154,2615,14,-20,-29,203,-73,-4086
3111170154,2618,-3,-34,-19,139,-78,-3908
3111171154,2620,-3,-43,-10,-217,47,-3994
3111172154,2623,-5,-55,-13,-290,58,-4104
3111173154,2625,-3,-53,-16,-406,30,-4281
3111174154,2628,-3,-38,-12,-502,78,-4393
3111175154,2630,1,-17,-12,-532,164,-4540
3111176154,2632,7,-11,-12,-419,185,-4355
3111177154,2635,6,6,-20,-297,2,-4198
3111178154,2637,1,20,-16,-273,-89,-4251
3111179154,2639,10,19,-26,-153,-208,-4412
3111180154,2642,3,31,-31,2,-226,-4243
3111181154,2644,-3,29,-34,118,-176,-4028
3111182154,2646,2,32,-35,242,-128,-3909
3111183154,2649,-1,30,-39,272,-91,-3887
3111184154,2651,4,17,-48,360,60,-3859
3111185154,2654,10,6,-53,330,96,-3984
3111186154,2656,3,22,-51,428,143,-3963
3111187154,2659,-2,29,-46,512,254,-4015
3111188154,2661,14,17,-45,561,402,-3911
3111189154,2664,17,9,-43,664,135,-3750
3111190154,2667,12,-14,-34,435,-76,-3919
3111191154,2669,6,-34,-22,224,-42,-3969
3111192154,2672,5,-43,-27,131,-59,-3885
3111193154,2675,-1,-59,-16,7,-95,-3814
3111194154,2677,-16,-63,-12,-362,103,-4053
3111195154,2680,-2,-63,-7,-439,257,-4275
3111196154,2683,-9,-52,-12,-474,324,-4402
3111197154,2685,-4,-43,-5,-543,342,-4455
3111198154,2688,8,-30,-15,-463,244,-4451
3111199154,2690,12,-11,-19,-415,43,-4350
3111200154,2693,8,-2,-25,-448,-26,-4318
3111201154,2695,11,8,-20,-467,-48,-4309
3111202154,2697,2,20,-19,-354,-73,-4203
3111203154,2700,5,23,-18,-181,-104,-4115
3111204154,2702,-5,35,-20,61,-140,-3988
3111205154,2704,-1,41,-36,292,-145,-4260
3111206154,2707,5,42,-31,412,-56,-4239
3111207154,2709,1,44,-41,624,57,-4082
3111208154,2711,-3,43,-50,581,296,-3963
3111209154,2713,14,39,-63,795,290,-3674
3111210154,2715,12,35,-61,784,177,-3635
3111211154,2717,25,9,-67,722,14,-3709
3111212154,2719,12,-16,-64,635,-14,-3650
3111213154,2722,13,-45,-60,354,-42,-3649
3111214154,2724,8,-60,-52,177,-27,-3717
3111215154,2726,4,-72,-51,26,-7,-3806
3111216154,2728,7,-77,-43,-151,127,-4137
3111217154,2730,1,-78,-34,-425,353,-4439
3111218154,2733,9,-68,-30,-529,434,-4484
3111219154,2735,10,-55,-27,-525,376,-4401
3111220155,2737,1,-34,-23,-621,239,-4430
3111221156,2739,8,-15,-20,-592,95,-4507
3111222154,2742,6,3,-15,-518,17,-4455
3111223154,2744,4,21,-11,-382,57,-4307
3111224154,2746,6,20,-13,-308,38,-4195
3111225154,2749,3,28,-8,-101,-24,-3996
3111226154,2751,1,27,-4,5,-72,-3964
3111227154,2754,6,9,-3,6,-100,-4015
3111228154,2756,0,16,-6,144,-120,-3957
3111229154,2759,2,25,-1,310,-142,-4040
3111230155,2762,4,25,-7,450,-171,-4109
3111231154,2764,13,30,-17,685,-156,-4074
3111232154,2767,13,20,-29,846,-206,-4020
3111233154,2769,6,19,-38,801,-218,-4001
3111234154,2772,3,0,-50,727,-217,-3853
3111235154,2775,14,-15,-63,522,-143,-3615
3111236154,2777,0,-26,-73,480,-126,-3621
3111237154,2780,3,-47,-79,233,18,-3784
3111238154,2783,14,-60,-73,116,133,-3823
3111239154,2785,10,-70,-78,-70,245,-3883
3111240154,2788,11,-65,-65,-389,328,-4210
3111241154,2791,12,-62,-56,-405,339,-4395
3111242154,2793,15,-55,-51,-409,288,-4324
3111243154,2796,3,-53,-48,-485,229,-4382
3111244154,2799,1,-30,-34,-541,170,-4565
3111245154,2802,-14,-1,-26,-460,279,-4509
3111246154,2805,-2,11,-11,-321,401,-4404
3111247154,2807,-3,17,-8,-200,440,-4253
3111248154,2810,4,22,-10,-152,235,-4047
3111249154,2813,-1,18,-2,-54,66,-3986
3111250154,2815,0,20,1,43,14,-3949
3111251154,2818,5,12,1,120,2,-3907
3111252154,2820,11,-9,4,217,-104,-3848
3111253154,2823,-1,-7,-2,233,-218,-3732
3111254154,2825,10,-15,-13,261,-313,-4140
3111255154,2827,10,-16,-41,519,-309,-4110
3111256154,2829,4,-19,-47,491,-278,-4034
3111257154,2831,9,-28,-69,282,-145,-4099
3111258154,2833,14,-19,-87,63,-27,-4060
3111259154,2835,12,-14,-96,71,70,-3972
3111260154,2836,9,-6,-103,91,135,-4124
3111261154,2838,10,-5,-111,49,190,-4223
3111262154,2840,23,-22,-102,23,258,-4181
3111263154,2842,23,-15,-89,-35,261,-4095
3111264154,2844,13,-12,-71,-199,281,-4240
3111265154,2846,13,-10,-57,-193,335,-4256
3111266154,2848,14,-10,-36,-51,307,-4112
3111267154,2850,6,-11,-24,7,235,-4169
3111268154,2852,1,-12,-4,19,172,-4266
3111269154,2854,-6,-10,11,77,163,-4029
3111270154,2857,-2,-18,15,44,139,-3931
3111271154,2859,-4,-8,23,-54,78,-3863
3111272154,2862,-5,-21,28,-47,-48,-3982
3111273154,2864,-3,-24,26,-13,-140,-3995
3111274154,2867,-9,-28,28,-30,-183,-3989
3111275154,2869,6,-35,22,-14,-225,-4086
3111276154,2872,0,-26,9,-48,-300,-4173
3111277154,2874,11,-18,-3,23,-253,-4282
3111278154,2877,9,-4,-24,283,-269,-4129
3111279154,2879,6,-2,-29,256,-264,-4123
3111280156,2882,19,-9,-55,212,-232,-4348
3111281154,2884,18,-6,-68,141,-189,-4248
3111282154,2886,18,-5,-81,32,-101,-4038
3111283154,2888,13,0,-83,-37,-43,-4004
3111284154,2891,2,7,-80,-43,75,-4071
3111285154,2893,10,-3,-88,-3,222,-4078
3111286154,2895,14,-15,-80,7,243,-4024
3111287154,2898,5,-18,-70,-177,295,-4083
3111288154,2900,0,-21,-66,-57,381,-4158
3111289154,2903,15,-8,-41,-76,349,-4206
3111290154,2905,0,9,-28,123,406,-4162
3111291154,2908,2,10,-20,79,581,-4159
3111292154,2910,9,10,-9,228,536,-3951
3111293154,2913,16,8,-5,225,371,-3901
3111294154,2916,12,-7,7,243,-62,-3962
3111295154,2919,-5,3,9,222,-205,-3971
3111296154,2921,2,-8,4,220,-90,-3917
3111297154,2924,6,-16,4,290,-49,-3846
3111298154,2926,5,-30,-7,121,-100,-3797
3111299154,2929,5,-34,-24,-24,-189,-4130
3111300154,2931,5,-21,-38,-49,-134,-4349
3111301156,2934,5,-15,-56,-30,-73,-4282
3111302154,2936,10,-17,-63,-23,-27,-4263
3111303154,2938,14,-10,-71,-93,-58,-4231
3111304154,2940,11,0,-89,-118,-129,-4342
3111305154,2942,10,6,-85,-79,-97,-4363
3111306154,2944,9,9,-93,-113,-68,-4281
3111307154,2946,6,10,-89,-116,10,-4128
3111308154,2948,-2,18,-85,-85,90,-4109
3111309154,2950,11,11,-79,-82,192,-4072
3111310154,2952,11,-3,-71,-44,257,-3959
3111311154,2954,3,8,-68,-112,249,-3984
3111312154,2956,3,-4,-60,-12,295,-4198
3111313154,2958,18,6,-43,-39,204,-4203
3111314154,2960,-1,21,-25,119,318,-4024
3111315154,2962,-4,29,-19,98,459,-4065
3111316154,2965,1,34,3,264,374,-3975
3111317154,2967,4,28,7,402,99,-3962
3111318154,2969,11,12,19,462,-213,-4057
3111319154,2972,-3,4,21,472,-314,-3816
3111320154,2974,0,-10,19,425,-258,-3738
3111321154,2977,6,-26,13,228,-233,-3818
3111322154,2979,0,-27,7,68,-197,-3983
3111323154,2982,2,-33,-7,-27,-144,-4107
3111324154,2984,3,-25,-22,-27,-77,-4207
3111325154,2986,-2,-22,-34,-43,-68,-4377
3111326154,2988,18,-17,-47,-17,-62,-4402
3111327154,2991,17,-5,-53,-42,-136,-4258
3111328154,2993,8,0,-64,-187,-170,-4299
3111329154,2995,5,7,-68,-136,-142,-4321
3111330154,2997,7,18,-60,-101,-53,-4275
3111331154,2999,7,4,-67,-38,39,-4075
3111332154,3001,-1,13,-61,-57,193,-3955
3111333154,3003,6,9,-54,-55,308,-4028
3111334154,3005,10,3,-53,-5,256,-3975
3111335154,3008,5,-7,-49,-10,261,-3889
3111336154,3010,3,-12,-49,-103,285,-3939
3111337154,3012,8,-5,-42,-128,340,-4056
3111338154,3014,11,-9,-40,-84,265,-4081
3111339154,3016,6,-17,-39,-75,300,-4010
3111340154,3019,8,0,-26,-188,218,-4168
3111341154,3021,-1,23,-9,64,302,-4327
3111342154,3023,8,31,4,208,413,-4206
3111343154,3026,9,35,12,357,351,-4066
3111344154,3028,11,27,17,503,81,-3964
3111345154,3031,3,17,18,556,-292,-4062
3111346154,3033,-3,-10,12,459,-446,-3899
3111347154,3036,-3,-19,11,438,-359,-3716
3111348154,3038,-7,-33,-4,159,-383,-3725
3111349154,3040,-13,-33,-19,-33,-266,-4011
3111350154,3043,3,-31,-34,-7,-72,-4156
3111351154,3045,6,-25,-49,-95,115,-4169
3111352154,3047,7,-27,-59,-91,152,-4260
3111353154,3049,18,-18,-69,-251,93,-4328
3111354154,3051,17,-2,-73,-169,-92,-4321
3111355154,3053,13,-4,-79,-94,-99,-4249
3111356154,3055,14,-2,-73,-191,-19,-4178
3111357154,3057,3,5,-70,-269,61,-4183
3111358154,3059,2,-1,-59,-350,173,-4062
3111359154,3061,-4,3,-53,-187,274,-3954
3111360154,3063,-2,-2,-45,-128,326,-3981
3111361154,3065,-1,3,-41,-68,320,-4084
3111362154,3068,-3,-11,-40,-120,376,-4081
3111363154,3070,12,-6,-23,-247,374,-4064
3111364154,3072,3,12,-6,-44,473,-4177
3111365154,3074,11,24,7,109,486,-4166
3111366154,3076,19,20,11,203,348,-4045
3111367154,3079,11,19,19,242,44,-3881
3111368154,3081,10,11,23,310,-333,-3944
3111369154,3083,-8,5,25,334,-419,-3969
3111370154,3086,-13,-4,28,360,-376,-3966
3111371154,3088,-4,-26,16,361,-232,-3809
3111372154,3090,-14,-32,2,141,-190,-3869
3111373154,3092,-5,-23,-17,24,-184,-4169
3111374154,3094,3,-11,-30,99,-21,-4341
3111375154,3096,5,-4,-37,112,64,-4337
3111376154,3098,16,-10,-61,100,133,-4182
3111377154,3100,26,-5,-77,24,10,-4050
3111378154,3102,16,0,-83,-23,-97,-4156
3111379154,3104,18,4,-88,-45,-55,-4207
3111380154,3106,12,2,-85,-32,-6,-4111
3111381154,3108,15,-4,-81,-53,123,-3981
3111382154,3110,1,-12,-75,-191,247,-4041
3111383154,3112,15,-2,-54,-244,328,-4160
3111384154,3115,10,-9,-49,-24,308,-4185
3111385154,3117,1,10,-21,-51,526,-4264
3111386154,3119,13,11,-11,115,459,-4226
3111387154,3122,8,0,6,179,164,-3929
3111388154,3124,4,2,18,171,-103,-3995
3111389154,3127,-1,-8,23,129,-133,-3955
3111390154,3129,-3,-21,31,88,-111,-3892
3111391154,3132,-12,-21,38,81,-81,-3830
3111392154,3134,-17,-22,39,41,-94,-3874
3111393154,3137,-13,-30,40,-5,-72,-3913
3111394154,3139,-1,-47,30,-69,-60,-3922
3111395154,3142,3,-53,18,-173,-152,-4061
3111396154,3144,1,-36,3,-141,-231,-4299
3111397154,3146,-1,-11,-8,-137,-254,-4502
3111398154,3148,7,0,-18,-78,-182,-4546
3111399154,3150,7,2,-43,144,-197,-4283
3111400154,3152,9,17,-62,-68,-114,-4169
3111401154,3154,9,34,-75,-8,-71,-4188
3111402154,3156,10,32,-85,145,-74,-4149
3111403154,3158,9,26,-97,249,87,-4033
3111404154,3159,15,14,-95,280,324,-3818
3111405154,3161,14,-9,-103,209,405,-3772
3111406154,3163,23,-8,-82,-27,384,-3959
3111407154,3165,24,-5,-68,118,444,-4118
3111408154,3167,19,-6,-52,50,676,-4142
3111409154,3169,33,-6,-21,177,554,-4028
3111410154,3171,22,-12,-9,141,180,-4039
3111411154,3174,21,-22,-1,127,-75,-4038
3111412154,3176,-1,-29,18,153,-90,-3967
3111413154,3178,-17,-41,28,-32,-14,-4041
3111414154,3181,-18,-52,36,-148,98,-3960
3111415154,3183,-17,-46,35,-263,136,-3800
3111416154,3186,-16,-53,30,-391,105,-3828
3111417154,3188,-9,-44,32,-474,94,-4182
3111418154,3190,3,-33,24,-327,79,-4297
3111419154,3192,10,-27,10,-358,-26,-4304
3111420154,3195,13,-3,-1,-216,-198,-4387
3111421154,3197,22,4,-3,-109,-318,-4385
3111422154,3199,22,8,-22,35,-464,-4352
3111423154,3201,15,19,-33,51,-427,-4318
3111424154,3203,8,16,-48,43,-303,-4103
3111425154,3205,7,20,-61,61,-236,-4002
3111426154,3207,0,30,-67,150,-64,-3925
3111427154,3209,11,10,-72,246,75,-3875
3111428154,3211,11,-8,-77,204,166,-3845
3111429154,3213,7,-25,-89,-138,254,-3898
3111430154,3215,9,-16,-79,237,247,-4090
3111431154,3217,23,-11,-60,61,211,-4119
3111432154,3219,15,-1,-39,77,520,-4252
3111433154,3221,28,7,-13,119,597,-4306
3111434154,3224,27,12,-3,277,541,-4180
3111435154,3226,25,5,20,229,197,-4050
3111436154,3229,13,-2,43,363,-81,-3887
3111437154,3232,-7,-14,48,236,-139,-3873
3111438154,3234,-6,-48,48,142,-183,-3840
3111439154,3237,-11,-56,47,42,-135,-3713
3111440154,3239,-9,-72,32,-277,-120,-3674
3111441154,3242,-10,-60,28,-489,-4,-4090
3111442154,3244,8,-54,15,-350,82,-4326
3111443155,3247,9,-41,11,-347,62,-4301
3111444154,3249,14,-33,-5,-335,35,-4283
3111445154,3251,15,-16,-29,-257,-112,-4435
3111446154,3253,19,-2,-36,-164,-314,-4555
3111447154,3255,19,0,-47,-60,-366,-4305
3111448154,3257,15,11,-56,-146,-269,-4228
3111449154,3259,7,15,-62,-163,-123,-4180
3111450154,3260,6,29,-69,41,54,-4081
3111451154,3262,9,23,-75,158,205,-4007
3111452154,3264,21,7,-84,260,270,-3899
3111453154,3266,12,1,-84,168,265,-3848
3111454154,3268,10,-14,-83,12,294,-3962
3111455154,3270,17,-13,-73,37,330,-3963
3111456154,3272,16,-22,-65,12,303,-3915
3111457154,3274,14,-23,-62,-51,313,-3957
3111458154,3276,15,-29,-57,-125,293,-4062
3111459154,3278,11,-33,-49,-145,254,-4106
3111460154,3280,1,-26,-40,-29,249,-4188
3111461154,3283,9,-9,-19,-191,195,-4292
3111462154,3285,4,4,-13,-45,308,-4345
3111463154,3287,5,10,4,-65,404,-4153
3111464154,3290,14,15,6,77,240,-3930
3111465154,3293,4,23,13,26,-19,-4069
3111466154,3295,8,19,19,110,-185,-4187
3111467154,3298,12,9,20,244,-377,-4053
3111468154,3301,5,-5,18,224,-381,-3936
3111469154,3304,8,-15,4,51,-376,-3924
3111470154,3307,10,-11,-9,-40,-402,-4142
3111471154,3309,13,-8,-12,-20,-390,-4185
3111472154,3312,18,-14,-22,75,-285,-4152
3111473154,3314,7,0,-37,78,-168,-4200
3111474154,3317,14,-5,-60,12,-100,-4199
3111475154,3319,19,-4,-62,14,-123,-4199
3111476154,3322,12,-1,-62,-138,-171,-4248
3111477154,3324,12,11,-63,-75,-152,-4397
3111478154,3327,9,26,-55,3,106,-4333
3111479154,3329,3,34,-44,211,326,-4058
3111480154,3331,12,23,-42,257,384,-3953
3111481154,3334,7,17,-33,219,292,-4011
3111482154,3336,6,18,-19,194,165,-4134
3111483154,3339,8,2,-11,184,130,-3991
3111484154,3341,2,-5,0,97,171,-3821
3111485154,3344,2,-8,0,24,190,-3847
3111486154,3346,3,-16,-12,34,112,-3985
3111487154,3348,1,-26,-19,3,141,-4015
3111488154,3351,2,-32,-31,-129,115,-3988
3111489154,3353,0,-17,-27,-179,88,-4084
3111490154,3355,-3,-2,-27,-292,123,-4282
3111491154,3357,7,6,-32,-91,170,-4253
3111492154,3359,5,10,-39,-21,124,-4193
3111493154,3361,2,16,-41,-80,110,-4242
3111494154,3362,9,21,-47,-37,79,-4252
3111495154,3364,9,29,-53,74,2,-4181
3111496154,3366,13,23,-56,153,10,-4034
3111497154,3368,14,26,-63,172,38,-3927
3111498154,3370,3,34,-63,176,43,-3925
3111499154,3372,6,23,-66,152,82,-4016
3111500154,3373,0,14,-66,417,199,-4055
3111501154,3375,6,13,-57,221,47,-4021
3111502154,3377,0,19,-45,128,282,-4113
3111503154,3379,1,19,-29,165,319,-4108
3111504154,3381,12,12,-17,305,210,-3984
3111505154,3384,5,15,-2,282,-13,-4096
3111506154,3386,-1,12,14,306,-124,-4270
3111507154,3389,-3,2,20,290,-41,-4121
3111508154,3391,-4,-7,32,236,-64,-3972
3111509154,3394,3,-21,34,142,-183,-3833
3111510154,3396,-1,-24,26,-17,-327,-3942
3111511154,3399,-1,-28,25,-118,-246,-4066
3111512154,3401,-1,-34,14,-125,-237,-4063
3111513154,3403,-2,-34,2,-230,-283,-4181
3111514154,3406,-7,-9,-5,-331,-202,-4383
3111515154,3408,-1,13,-15,-110,-87,-4318
3111516154,3410,2,19,-34,23,-66,-4170
3111517154,3412,3,14,-39,19,-103,-4219
3111518154,3414,7,16,-46,63,-216,-4294
3111519154,3416,-3,26,-58,107,-152,-4276
3111520154,3419,0,23,-60,215,54,-4015
3111521154,3421,4,15,-68,231,129,-3892
3111522154,3423,3,9,-65,137,228,-3797
3111523154,3425,-3,1,-79,80,247,-3937
3111524154,3427,2,12,-80,115,294,-3998
3111525154,3429,4,-1,-71,381,450,-4059
3111526154,3431,13,1,-66,16,527,-3987
3111527154,3433,8,0,-64,136,573,-4128
3111528154,3435,9,13,-39,36,626,-4159
3111529154,3437,4,23,-22,194,545,-4056
3111530154,3440,6,18,-15,226,477,-4047
3111531154,3442,9,6,2,318,183,-4060
3111532154,3445,-7,0,16,282,32,-3967
3111533154,3447,-6,-21,30,202,-52,-3848
3111534154,3450,-2,-35,33,0,-140,-3790
3111535154,3452,-16,-37,35,24,-103,-3874
3111536154,3454,-15,-45,29,-279,-112,-4043
3111537154,3457,-3,-39,24,-328,-42,-4122
3111538154,3459,-4,-40,9,-338,18,-4186
3111539154,3461,-6,-28,6,-471,-79,-4368
3111540154,3463,7,-12,-3,-427,-134,-4523
3111541154,3465,9,5,-13,-254,-253,-4468
3111542154,3466,9,12,-17,-118,-290,-4287
3111543154,3468,5,24,-31,-17,-391,-4231
3111544154,3470,1,29,-35,15,-425,-4289
3111545154,3472,1,29,-47,150,-362,-4311
3111546154,3473,-3,26,-58,348,-169,-4000
3111547154,3475,-5,24,-66,281,34,-3868
3111548154,3476,-4,17,-80,122,112,-3802
3111549154,3478,-2,10,-87,381,277,-3818
3111550154,3480,8,11,-79,162,319,-3837
3111551154,3481,5,15,-71,269,657,-4043
3111552154,3483,28,6,-59,214,653,-3858
3111553154,3485,25,13,-49,196,468,-3770
3111554154,3487,17,8,-35,224,185,-3855
3111555154,3489,9,-3,-19,236,2,-4149
3111556154,3491,-1,-24,-3,200,67,-3981
3111557154,3493,-7,-40,17,71,146,-3893
3111558154,3495,-12,-38,17,-85,156,-3923
3111559154,3498,-16,-42,30,-258,123,-4064
3111560154,3500,-10,-44,22,-241,154,-4113
3111561154,3502,-9,-49,22,-368,113,-4228
3111562154,3505,-9,-42,18,-362,123,-4347
3111563154,3507,0,-34,15,-463,106,-4450
3111564154,3509,10,-12,16,-464,66,-4288
3111565154,3511,14,6,14,-319,-104,-4210
3111566154,3514,7,12,7,-234,-313,-4343
3111567154,3516,10,18,0,-138,-329,-4383
3111568154,3518,9,15,0,24,-354,-4203
3111569154,3520,4,21,-11,82,-300,-4121
3111570154,3523,-1,20,-16,177,-259,-4002
3111571154,3525,-2,17,-20,277,-197,-3904
3111572154,3527,-3,8,-36,250,-125,-3895
3111573154,3529,-3,-3,-63,89,50,-3850
3111574154,3531,11,10,-57,37,160,-3973
3111575154,3533,2,13,-62,364,385,-4174
3111576154,3535,11,25,-55,274,385,-4128
3111577154,3537,31,14,-56,457,382,-3998
3111578154,3540,14,8,-54,343,204,-3831
3111579154,3542,17,10,-35,354,-14,-3974
3111580154,3544,7,-5,-25,329,46,-3946
3111581154,3546,2,-6,-17,335,156,-3922
3111582154,3549,4,-36,-6,225,216,-3727
3111583154,3551,-8,-50,-1,-65,124,-3697
3111584154,3553,-8,-67,-4,-286,32,-3936
3111585154,3556,-18,-64,-2,-211,58,-4109
3111586154,3558,-10,-72,-4,-359,87,-4216
3111587154,3560,-13,-66,-8,-507,233,-4374
3111588154,3562,0,-43,-3,-604,333,-4508
3111589154,3564,14,-24,-7,-519,180,-4407
3111590154,3566,11,-14,-11,-496,109,-4392
3111591154,3568,12,-1,-11,-450,-47,-4444
3111592154,3570,12,9,-8,-377,-124,-4370
3111593154,3572,8,14,-9,-276,-197,-4198
3111594154,3574,7,21,-7,-266,-181,-4122
3111595154,3576,3,12,-9,-173,-204,-4084
3111596154,3578,-14,26,-21,33,-218,-3927
3111597154,3580,-5,25,-27,213,-177,-4087
3111598154,3582,-5,18,-46,430,-126,-3968
3111599154,3583,-6,9,-52,444,-41,-3842
3111600154,3585,3,8,-72,322,80,-3848
3111601154,3587,4,-1,-77,186,182,-3823
3111602154,3589,22,-1,-72,212,307,-3877
3111603154,3590,18,-12,-70,318,335,-4058
3111604154,3592,15,-4,-55,165,363,-4093
3111605154,3594,29,-11,-39,186,345,-4099
3111606154,3597,17,-16,-26,198,199,-3890
3111607154,3599,20,-21,-2,82,-68,-4028
3111608154,3601,9,-32,1,76,-104,-4033
3111609154,3604,-3,-47,10,-111,-89,-4101
3111610154,3606,-4,-48,18,-227,58,-3959
3111611154,3609,-10,-61,15,-404,105,-3911
3111612154,3611,-10,-46,15,-538,58,-4290
3111613154,3614,-4,-33,16,-502,53,-4404
3111614154,3616,3,-23,14,-369,112,-4337
3111615154,3618,2,-14,3,-371,129,-4232
3111616154,3621,14,-8,-1,-321,-11,-4338
3111617154,3623,12,-8,4,-280,-149,-4394
3111618154,3626,15,4,-1,-197,-308,-4338
3111619154,3628,9,-2,-4,-137,-277,-4179
3111620154,3631,6,16,-6,-61,-166,-4126
3111621154,3633,5,6,-17,52,-122,-4045
3111622154,3636,2,12,-18,166,-80,-3961
3111623154,3638,0,1,-41,82,10,-3876
3111624154,3640,6,2,-42,60,98,-3990
3111625154,3643,-2,6,-49,208,173,-4162
3111626154,3645,2,6,-51,206,257,-4063
3111627154,3647,18,0,-46,386,308,-3848
3111628154,3650,5,12,-41,260,267,-4002
3111629154,3652,11,5,-21,210,178,-4108
3111630154,3654,15,-2,-11,255,166,-3903
3111631154,3657,6,-8,-4,232,168,-3845
3111632154,3659,7,-23,3,141,30,-3952
3111633154,3662,2,-39,1,-4,-34,-4113
3111634154,3664,14,-55,0,-252,30,-3995
3111635154,3667,4,-56,0,-431,33,-4047
3111636154,3669,-2,-44,-11,-536,23,-4231
3111637154,3671,12,-27,-10,-571,128,-4382
3111638154,3673,3,-12,-18,-424,230,-4227
3111639154,3675,2,0,-21,-433,173,-4230
3111640154,3677,2,7,-33,-345,95,-4365
3111641154,3679,6,17,-30,-243,-125,-4508
3111642154,3681,10,15,-35,-63,-191,-4242
3111643154,3683,5,23,-35,-99,-99,-4063
3111644154,3685,4,31,-35,-36,-55,-4060
3111645154,3687,3,35,-40,17,-13,-4036
3111646154,3689,13,21,-38,169,51,-3948
3111647154,3691,9,10,-54,400,86,-4004
3111648154,3693,12,15,-49,88,-7,-3968
3111649154,3695,4,28,-46,301,81,-4163
3111650154,3698,9,35,-38,333,236,-3930
3111651154,3700,5,14,-36,555,279,-3823
3111652154,3702,1,10,-27,362,161,-4023
3111653154,3704,4,1,-15,180,74,-4211
3111654154,3707,5,-2,-14,119,1,-4157
3111655154,3709,6,-6,0,132,-99,-4073
3111656154,3712,2,-24,1,-53,-115,-4079
3111657154,3715,8,-23,14,-162,15,-4088
3111658154,3717,13,-34,6,-234,50,-4060
3111659154,3720,5,-26,1,-315,9,-4182
3111660154,3722,12,-14,-8,-363,-33,-4493
3111661154,3725,13,-5,-15,-338,2,-4330
3111662154,3727,3,0,-20,-275,-51,-4127
3111663154,3729,1,12,-28,-255,-63,-4093
3111664154,3732,-3,15,-30,-296,-164,-4237
3111665154,3734,3,27,-29,-180,-108,-4313
3111666154,3736,6,28,-31,30,-64,-4157
3111667154,3739,2,30,-28,113,-16,-4013
3111668154,3741,-3,29,-35,119,61,-4020
3111669154,3744,12,11,-51,119,130,-3875
3111670154,3746,23,19,-43,175,147,-3816
3111671154,3748,6,16,-56,305,187,-4109
3111672154,3751,2,18,-54,166,237,-4058
3111673154,3753,12,21,-48,336,378,-3951
3111674154,3755,8,19,-39,313,328,-3880
3111675154,3758,11,7,-40,347,115,-3969
3111676154,3760,3,12,-23,249,68,-3984
3111677154,3763,6,-1,-17,231,28,-3983
3111678154,3765,-5,-22,-4,83,-39,-3980
3111679154,3768,-5,-34,-7,-238,-72,-4060
3111680154,3770,9,-45,-11,-377,-72,-4160
3111681154,3773,0,-36,-2,-445,-68,-4188
3111682154,3775,-1,-29,-11,-516,55,-4318
3111683154,3778,-1,-15,-14,-462,109,-4292
3111684154,3780,-1,3,-22,-428,132,-4281
3111685154,3782,5,10,-20,-489,24,-4335
3111686154,3784,4,18,-27,-414,-123,-4350
3111687154,3787,-8,37,-29,-274,-234,-4315
3111688154,3789,1,30,-29,-51,-198,-4249
3111689154,3791,-5,34,-36,116,-85,-3963
3111690154,3794,-4,34,-31,86,-68,-3911
3111691154,3796,0,31,-46,197,-35,-3913
3111692154,3798,1,28,-47,308,-7,-3951
3111693154,3801,-2,3,-67,340,111,-3865
3111694154,3803,5,8,-59,60,192,-3835
3111695154,3805,-3,11,-57,199,203,-4073
3111696154,3807,8,33,-44,139,420,-4058
3111697154,3810,13,38,-37,509,392,-3902
3111698154,3812,11,19,-26,548,162,-3856
3111699154,3815,17,7,-19,361,-163,-3951
3111700154,3817,2,-11,-8,197,-207,-3975
3111701154,3820,3,-41,-7,4,-192,-3941
3111702154,3823,-10,-54,-2,-267,-18,-3820
3111703154,3825,0,-51,6,-534,202,-4119
3111704154,3828,-2,-49,7,-575,192,-4284
3111705154,3830,3,-28,9,-524,217,-4489
3111706154,3833,4,-11,1,-447,206,-4454
3111707154,3835,8,-8,-4,-408,119,-4377
3111708154,3837,4,3,0,-471,-97,-4423
3111709154,3840,8,12,0,-487,-152,-4428
3111710154,3842,13,20,5,-402,-209,-4304
3111711154,3844,-2,29,2,-384,-99,-4115
3111712154,3847,-1,36,4,-81,-4,-3957
3111713154,3849,-9,42,-1,-20,-135,-3900
3111714154,3851,-1,42,-13,273,-203,-4092
3111715154,3853,-1,29,-35,498,-108,-4032
3111716154,3856,-6,16,-51,337,106,-3863
3111717154,3858,14,23,-51,155,247,-3867
3111718154,3860,9,21,-56,376,168,-3886
3111719154,3862,3,31,-48,178,381,-3875
3111720154,3864,25,24,-45,474,479,-3815
3111721154,3867,13,14,-39,443,234,-3857
3111722154,3869,20,-3,-29,261,67,-3907
3111723154,3872,15,-31,-18,226,-145,-3779
3111724154,3874,-7,-47,-6,-88,-232,-3727
3111725154,3877,-16,-63,5,-399,-62,-4029
3111726154,3880,-17,-66,8,-465,170,-4193
3111727154,3882,-15,-55,6,-546,276,-4198
3111728154,3885,-8,-42,10,-673,368,-4406
3111729154,3887,-6,-20,2,-553,330,-4406
3111730154,3890,0,-11,-6,-510,320,-4295
3111731154,3892,11,2,2,-540,65,-4376
3111732154,3895,12,12,-4,-384,-106,-4375
3111733154,3897,8,16,0,-458,-168,-4245
3111734154,3899,10,32,-1,-217,-68,-4189
3111735154,3902,7,43,5,-42,-136,-4223
3111736154,3905,3,50,11,162,-216,-4304
3111737154,3907,0,60,-4,599,-272,-4276
3111738154,3910,-5,60,-10,746,-100,-4121
3111739154,3912,3,46,-25,899,21,-3914
3111740154,3915,12,21,-41,800,21,-3560
3111741154,3917,15,6,-42,691,-18,-3440
3111742154,3920,6,-22,-48,451,-22,-3438
3111743154,3922,11,-46,-54,99,124,-3547
3111744154,3925,8,-75,-44,-108,150,-3529
3111745154,3928,7,-78,-40,-281,167,-3656
3111746154,3931,17,-89,-29,-601,164,-4052
3111747154,3933,7,-76,-19,-606,29,-4345
3111748154,3936,4,-50,-5,-649,122,-4547
3111749154,3939,-5,-41,-8,-538,200,-4437
3111750154,3942,-8,-28,-12,-657,262,-4411
3111751154,3944,1,-25,-11,-882,281,-4443
3111752154,3947,-1,14,-12,-789,194,-4306
3111753154,3950,-7,43,-7,-597,229,-4341
3111754154,3952,-1,56,1,-422,286,-4336
3111755154,3955,7,62,8,-86,306,-4249
3111756154,3958,18,65,15,308,286,-4201
3111757154,3961,15,67,20,671,-68,-4031
3111758154,3964,12,59,16,921,-484,-4043
3111759154,3967,10,38,8,978,-527,-3952
3111760154,3969,9,-7,-5,884,-425,-3717
3111761154,3972,0,-29,-18,608,-230,-3542
3111762154,3975,1,-34,-33,263,-51,-3650
3111763154,3977,7,-42,-42,207,104,-3685
3111764154,3980,14,-63,-62,204,130,-3606
3111765154,3982,17,-80,-73,-316,180,-3960
3111766154,3985,30,-74,-65,-705,309,-4289
3111767154,3987,27,-58,-56,-873,195,-4100
3111768154,3989,26,-51,-47,-908,132,-4131
3111769154,3992,19,-24,-35,-972,16,-4437
3111770154,3995,14,-1,-20,-711,-71,-4568
3111771154,3997,4,14,-11,-582,82,-4496
3111772154,4000,-9,26,-6,-478,279,-4329
3111773154,4002,0,37,0,-618,375,-4228
3111774154,4005,4,58,11,-293,476,-4131
3111775154,4007,4,67,19,132,391,-4075
3111776154,4010,15,56,29,400,214,-4119
3111777154,4013,21,65,26,772,257,-4039
3111778154,4015,11,44,32,762,62,-4157
3111779154,4018,40,7,21,1052,-275,-3972
3111780154,4021,25,-31,13,914,-545,-3629
3111781154,4024,16,-58,13,230,-407,-4108
3111782154,4027,24,-65,13,-26,-321,-4249
3111783154,4030,26,-69,-2,-2,-327,-3849
3111784154,4032,9,-64,-16,-474,-238,-4022
3111785154,4035,5,-49,-23,-486,60,-4124
3111786154,4038,-2,-40,-35,-612,145,-4209
3111787154,4040,10,-25,-37,-815,175,-4243
3111788154,4043,8,1,-38,-765,119,-4275
3111789154,4045,5,25,-30,-727,135,-4446
3111790154,4048,11,44,-20,-409,266,-4419
3111791154,4051,10,49,-19,-197,194,-4427
3111792154,4054,22,53,-2,23,152,-4338
3111793154,4056,16,66,2,210,240,-4245
3111794154,4059,29,47,12,599,183,-4119
3111795154,4062,26,44,9,854,17,-3927
3111796154,4065,-1,28,0,762,-42,-3911
3111797154,4068,13,-9,-9,562,-179,-4008
3111798154,4071,17,-14,-18,402,-267,-3744
3111799154,4074,1,-16,-28,158,-252,-3748
3111800154,4077,-6,-18,-30,-35,-130,-3809
3111801154,4080,5,-26,-43,-79,96,-3848
3111802154,4083,-5,-28,-47,-247,59,-3962
3111803154,4086,0,-27,-52,-492,95,-4329
3111804154,4089,-7,-10,-46,-573,189,-4332
3111805154,4092,-4,-5,-44,-589,256,-4286
3111806154,4095,3,10,-40,-523,290,-4229
3111807154,4097,2,25,-35,-413,62,-4406
3111808154,4100,8,25,-31,-267,96,-4302
3111809154,4103,3,28,-27,-322,68,-4303
3111810154,4106,-1,28,-26,-252,32,-4181
3111811154,4109,-6,29,-24,-375,131,-4036
3111812154,4112,1,48,-17,-26,197,-4011
3111813154,4115,-2,58,-18,390,156,-4278
3111814154,4118,4,56,-16,490,140,-4395
3111815154,4120,20,39,-24,867,100,-3954
3111816154,4123,13,24,-22,593,170,-3800
3111817154,4126,22,15,-25,436,-111,-3929
3111818154,4129,17,5,-20,578,-300,-3830
3111819154,4132,3,-14,-23,354,-342,-3758
3111820154,4135,3,-38,-23,-56,-60,-3963
3111821154,4138,13,-47,-35,-316,-141,-3878
3111822154,4141,0,-43,-29,-481,-109,-3930
3111823154,4144,-6,-28,-32,-583,-37,-4098
3111824154,4147,-8,-17,-31,-616,150,-4342
3111825154,4150,-8,-7,-25,-602,300,-4285
3111826154,4153,-8,4,-27,-555,136,-4223
3111827154,4156,-6,12,-22,-550,38,-4355
3111828154,4159,-5,30,-16,-466,-20,-4381
3111829154,4161,-6,32,-14,-111,-84,-4236
3111830154,4164,-10,39,-14,6,108,-4221
3111831154,4167,13,31,-13,55,110,-4138
3111832154,4170,13,28,-13,253,-41,-4095
3111833154,4173,-6,36,-20,409,-76,-4028
3111834154,4176,9,26,-25,400,57,-4179
3111835154,4179,9,12,-31,570,63,-3807
3111836154,4182,-2,-4,-33,255,18,-3708
3111837154,4185,-2,-10,-26,88,18,-3723
3111838154,4188,-6,-13,-21,-9,25,-3761
3111839154,4191,-5,-38,-22,-113,-39,-3863
3111840154,4194,-6,-42,-15,-326,57,-4036
3111841154,4197,-8,-36,-20,-336,135,-4090
3111842154,4200,-4,-40,-8,-580,177,-4151
3111843154,4203,8,-23,-8,-615,207,-4114
3111844154,4206,-4,0,-3,-583,170,-4333
3111845154,4208,7,22,-3,-468,262,-4461
3111846154,4211,2,35,3,-324,218,-4424
3111847154,4214,4,45,1,-111,111,-4230
3111848154,4217,6,52,-1,60,-46,-4210
3111849154,4220,5,44,-5,371,-191,-4064
3111850154,4223,4,52,-5,436,-206,-4038
3111851154,4226,6,35,-18,465,-288,-4034
3111852154,4229,1,13,-34,598,-301,-3811
3111853154,4232,0,-16,-52,605,-305,-3900
3111854154,4235,-10,-43,-72,472,-231,-3908
3111855154,4238,-23,-56,-74,247,-58,-3909
3111856154,4241,2,-68,-72,-494,279,-3974
3111857154,4244,-2,-47,-70,-692,273,-3686
3111858154,4247,-13,-25,-59,-814,155,-3758
3111859154,4250,-9,-15,-53,-637,224,-4146
3111860154,4253,-21,-2,-41,-520,416,-4145
3111861154,4257,-5,16,-29,-568,600,-4468
3111862154,4260,7,35,-16,-292,337,-4487
3111863154,4263,4,41,0,74,178,-4128
3111864154,4267,2,41,9,133,175,-4172
3111865154,4270,13,31,21,77,125,-4355
3111866154,4274,-6,11,16,454,-25,-3857
3111867154,4277,5,-11,32,-54,-30,-4154
3111868154,4281,5,-16,22,355,-265,-3918
3111869154,4284,-11,-28,11,567,-645,-3962
3111870154,4288,-12,-29,2,297,-566,-4252
3111871154,4291,-20,-38,-23,532,-554,-4071
3111872154,4295,-20,-51,-44,39,-29,-3903
3111873154,4298,-11,-41,-50,-209,91,-4052
3111874154,4301,-1,-33,-69,-256,159,-3841
3111875154,4304,1,-27,-72,-381,289,-3753
3111876154,4307,9,-23,-69,-390,351,-3843
3111877154,4310,14,-20,-50,-461,326,-4146
3111878154,4313,21,-17,-42,-460,212,-4259
3111879154,4316,9,3,-24,-233,82,-4270
3111880154,4320,3,12,-1,-194,186,-4310
3111881154,4323,-1,8,15,-2,245,-4268
3111882154,4326,2,10,13,8,291,-4138
3111883154,4329,7,-7,19,-5,222,-4029
3111884154,4333,2,-12,18,-9,76,-3941
3111885154,4336,-5,-12,8,103,-42,-4074
3111886154,4339,6,-29,-5,122,-80,-4054
3111887154,4342,7,-33,-10,223,-163,-4046
3111888154,4345,2,-30,-23,-5,-110,-3973
3111889154,4348,4,-29,-31,-257,8,-4150
3111890154,4351,6,-16,-42,-115,71,-3870
3111891154,4354,5,-10,-36,-314,59,-4017
3111892154,4357,6,-9,-37,-262,34,-4058
3111893154,4360,8,-20,-33,-357,-25,-4072
3111894154,4363,8,-11,-13,-268,167,-4019
3111895154,4366,7,-10,-13,-292,148,-4268
3111896154,4369,9,-5,-3,-245,232,-4190
3111897154,4372,6,-2,8,-124,172,-4081
3111898154,4375,-1,6,17,-11,311,-4169
3111899154,4379,11,3,18,142,308,-4446
3111900154,4382,12,8,19,259,13,-4142
3111901154,4386,9,8,16,325,4,-4062
3111902154,4389,10,3,12,198,46,-4129
3111903154,4392,24,-13,-4,263,-143,-4169
3111904154,4395,33,-27,-20,-20,-244,-4084
3111905154,4399,31,-27,-20,-168,-232,-4032
3111906154,4402,25,-14,-27,-204,-77,-3981
3111907154,4405,23,-8,-31,-232,177,-3999
3111908154,4408,29,-12,-34,-228,123,-4231
3111909154,4412,26,-22,-30,-349,50,-3920
3111910154,4415,16,-14,-29,-471,19,-4015
3111911154,4418,4,-4,-24,-634,39,-4371
3111912154,4422,15,5,-12,-201,89,-4230
3111913154,4425,0,7,-9,-187,179,-4235
3111914154,4429,5,14,-2,-244,272,-4260
3111915154,4432,14,12,-1,-63,341,-3972
3111916154,4436,6,30,6,-52,274,-4180
3111917154,4439,11,37,7,291,171,-4230
3111918154,4443,26,27,0,460,15,-4188
3111919154,4446,25,18,-8,570,-133,-4016
3111920154,4450,17,1,-23,245,-174,-3925
3111921154,4453,32,-4,-31,78,-311,-4087
3111922154,4457,19,-2,-38,-63,-363,-4042
3111923154,4460,13,-10,-44,-114,-252,-4036
3111924154,4464,7,-7,-43,-142,-141,-3990
3111925154,4467,4,-6,-44,-264,8,-4057
3111926154,4471,1,5,-45,-215,66,-4137
3111927154,4474,-4,4,-39,-173,122,-4121
3111928154,4478,-3,16,-40,-124,204,-4096
3111929154,4481,-3,22,-31,-30,190,-4268
3111930154,4485,5,28,-33,44,161,-4311
3111931154,4488,21,26,-28,289,110,-4035
3111932154,4492,6,37,-26,212,172,-4038
3111933154,4495,17,26,-30,143,138,-4169
3111934154,4499,23,18,-35,385,-34,-4080
3111935154,4502,12,17,-41,304,-39,-4144
3111936154,4506,24,-4,-40,195,97,-4154
3111937154,4509,21,-6,-42,232,67,-4166
3111938154,4513,19,-19,-39,27,67,-4093
3111939154,4516,18,-29,-42,-135,-118,-4188
3111940154,4520,0,-30,-32,-230,-150,-3866
3111941154,4523,-24,-15,-21,-400,-24,-4056
3111942154,4527,-24,-5,-26,-136,54,-4136
3111943154,4530,-29,24,5,-63,419,-4303
3111944154,4534,8,15,2,226,376,-4409
3111945154,4537,14,-9,-2,503,141,-3695
3111946154,4541,9,-12,0,353,8,-3663
3111947154,4544,2,-12,-10,123,-312,-4096
3111948154,4548,-4,-1,-19,241,-396,-3958
3111949154,4551,-12,1,-24,3,-303,-3852
3111950154,4554,-2,4,-41,-63,-173,-3611
3111951154,4558,0,4,-39,-131,-144,-3585
3111952154,4561,-2,13,-42,-146,38,-3882
3111953154,4564,0,13,-45,2,203,-4281
3111954154,4567,20,-11,-50,106,289,-4210
3111955154,4570,15,-24,-48,-3,67,-4223
3111956154,4574,12,-25,-35,-72,-8,-4212
3111957154,4577,4,-19,-22,-241,-161,-4420
3111958154,4580,-10,-10,-15,-226,-48,-4341
3111959154,4584,-13,3,-2,-221,110,-4096
3111960154,4587,-20,-1,2,-222,132,-4068
3111961154,4590,-20,12,-3,-127,215,-4060
3111962154,4594,-10,31,9,101,134,-4096
3111963154,4597,-14,27,-10,354,113,-4081
3111964154,4600,1,21,-17,382,205,-3874
3111965154,4604,7,8,-25,387,99,-3847
3111966154,4607,1,8,-35,249,-3,-4051
3111967154,4610,9,2,-44,169,-37,-3942
3111968154,4613,12,-13,-44,150,-24,-3824
3111969154,4617,3,-13,-47,5,-20,-3875
3111970154,4620,5,-21,-44,-215,-6,-4014
3111971154,4623,4,-31,-45,-229,-115,-3948
3111972154,4627,-13,-23,-32,-421,-16,-3980
3111973154,4630,-30,-9,-20,-253,89,-4317
3111974154,4634,-20,-4,-17,-362,131,-4386
3111975154,4637,-19,4,-11,-161,253,-4282
3111976154,4641,-15,11,-8,-343,385,-4081
3111977154,4644,3,24,8,-74,274,-4146
3111978154,4648,-6,34,1,37,110,-4092
3111979154,4651,-4,44,-3,260,-112,-4472
3111980154,4655,15,28,-21,569,-204,-4294
3111981154,4658,8,0,-34,578,-216,-3941
3111982154,4662,14,-16,-47,67,-182,-3909
3111983154,4665,12,-10,-54,56,-133,-3879
3111984154,4669,-2,-5,-57,-32,-107,-3880
3111985154,4672,2,-8,-58,-13,38,-3815
3111986154,4676,2,-35,-63,-125,80,-3755
3111987154,4679,-5,-35,-55,-474,173,-3819
3111988154,4683,-14,-26,-45,-559,60,-4011
3111989154,4686,-18,-3,-27,-406,156,-4261
3111990154,4690,-15,9,-7,-62,306,-4290
3111991154,4693,-14,4,0,20,368,-4257
3111992154,4697,-4,-1,7,58,415,-4159
3111993154,4701,3,4,19,-126,293,-4225
3111994154,4704,5,6,19,-93,121,-4170
3111995154,4708,6,11,11,74,-71,-4161
3111996154,4711,8,2,-11,335,-299,-4391
3111997154,4714,7,1,-14,341,-320,-4326
3111998154,4718,7,0,-35,150,-67,-4178
3111999154,4721,10,5,-51,-25,173,-4065
3112000154,4724,26,7,-50,-64,197,-3882
3112001154,4727,30,7,-62,-13,158,-3802
3112002154,4730,21,-12,-60,-23,138,-3787
3112003154,4733,26,-10,-50,-291,-8,-3966
3112004154,4736,8,-9,-29,-174,122,-3967
3112005154,4739,21,4,-9,-186,151,-4162
3112006154,4743,14,4,-5,-37,126,-4098
3112007154,4746,-4,9,15,-44,218,-4150
3112008154,4749,16,6,23,33,226,-4167
3112009154,4752,-2,5,15,179,232,-4014
3112010154,4756,-12,16,19,75,195,-4238
3112011154,4759,19,11,6,161,-11,-4367
3112012154,4763,13,9,-6,339,-47,-4036
3112013154,4766,20,-17,-18,107,-94,-4121
3112014154,4769,24,-6,-30,-40,-155,-4092
3112015154,4772,11,2,-29,-105,-88,-4051
3112016154,4776,14,6,-37,-25,39,-4031
3112017154,4779,15,2,-35,-86,98,-3977
3112018154,4783,18,-9,-23,-64,-9,-4005
3112019154,4787,11,-11,-29,-124,-187,-4167
3112020154,4790,-10,3,-21,-154,-40,-4211
3112021154,4794,-7,1,-9,-120,74,-4205
3112022154,4798,-16,5,-12,56,94,-4088
3112023154,4802,0,11,-5,72,23,-4056
3112024154,4806,1,16,-8,133,-51,-4046
3112025154,4810,-13,27,-20,197,-85,-4034
3112026154,4814,-4,37,-23,217,18,-4153
3112027154,4818,5,24,-44,523,-81,-4132
3112028154,4821,12,13,-52,188,-104,-3984
3112029154,4825,14,5,-53,115,-159,-4097
3112030154,4829,10,0,-61,65,-156,-3971
3112031154,4833,9,-3,-65,-210,-130,-4221
3112032154,4837,-6,-2,-62,-178,-191,-4250
3112033154,4841,-9,1,-61,-151,-137,-4155
3112034154,4845,-25,-3,-55,-239,-1,-4157
3112035154,4849,-20,-3,-54,-5,159,-4063
3112036154,4853,-21,7,-47,-122,34,-4344
3112037154,4857,-26,7,-40,-16,279,-4234
3112038154,4861,-21,14,-47,103,606,-4165
3112039154,4865,0,15,-53,140,515,-4247
3112040154,4868,21,15,-57,192,136,-4249
3112041154,4872,17,21,-52,356,-108,-3860
3112042154,4876,6,26,-55,170,-99,-3953
3112043154,4879,20,25,-60,214,-59,-4238
3112044154,4882,15,18,-68,372,-124,-3940
3112045154,4886,3,4,-71,53,34,-4048
3112046154,4889,6,-6,-82,83,-35,-3930
3112047154,4892,-11,-2,-80,28,23,-3870
3112048154,4895,-4,-3,-72,-273,62,-4054
3112049154,4898,-16,5,-66,-156,130,-4054
3112050154,4901,-18,5,-52,-201,174,-3984
3112051154,4904,-18,12,-53,-61,187,-4043
3112052154,4907,-20,15,-43,-145,257,-4078
3112053154,4911,-1,15,-33,81,234,-4146
3112054154,4914,-17,32,-28,243,282,-4265
3112055154,4917,11,28,-24,278,236,-4397
3112056154,4920,15,27,-23,512,117,-4198
3112057154,4923,12,10,-36,579,-128,-3838
3112058154,4927,7,5,-50,255,-287,-4030
3112059154,4930,8,9,-51,149,-237,-4245
3112060154,4933,5,12,-58,243,-185,-3931
3112061154,4936,-4,9,-61,3,-213,-3901
3112062154,4939,-8,4,-59,166,-75,-3753
3112063154,4943,-18,10,-53,-75,44,-4064
3112064154,4946,-5,-6,-38,72,152,-4168
3112065154,4950,-5,-6,-35,92,97,-4043
3112066154,4953,-10,-14,-18,-80,99,-4102
3112067154,4957,-15,-5,-16,161,64,-4117
3112068154,4961,-13,-7,-2,79,67,-4253
3112069154,4964,-7,-19,1,113,141,-4189
3112070154,4968,-6,-16,6,-80,136,-4114
3112071154,4972,2,-3,5,-51,66,-4014
3112072154,4976,-9,12,-3,42,-56,-4187
3112073154,4979,-6,14,-23,402,-192,-4173
3112074154,4983,-9,17,-32,472,-145,-4199
3112075154,4986,10,5,-49,292,-27,-4237
3112076154,4990,7,12,-63,178,-26,-4060
3112077154,4993,6,16,-64,149,-20,-3938
3112078154,4996,3,15,-72,253,52,-3866
3112079154,5000,-2,1,-79,265,51,-3903
3112080154,5003,11,-22,-72,85,108,-3895
3112081154,5007,4,-15,-59,-142,46,-3970
3112082154,5010,-2,-14,-52,-64,169,-3980
3112083154,5014,-12,-9,-38,106,91,-4134
3112084154,5017,-10,-15,-39,120,21,-4046
3112085154,5020,-17,-34,-31,-1,183,-4111
3112086154,5024,-16,-24,-24,-120,354,-4129
3112087154,5027,-9,-20,-27,-227,311,-4120
3112088154,5030,-7,-19,-30,-180,261,-4078
3112089154,5034,-5,-13,-18,-249,69,-4140
3112090154,5037,-8,3,-32,-104,19,-4276
3112091154,5040,-7,13,-39,117,16,-4418
3112092154,5043,-3,24,-49,321,75,-4421
3112093154,5047,3,30,-49,388,65,-4344
3112094154,5050,16,27,-53,372,100,-4164
3112095154,5053,12,19,-58,334,130,-3989
3112096154,5056,15,12,-62,276,123,-3787
3112097154,5059,14,12,-60,188,124,-3768
3112098154,5063,14,-4,-51,73,27,-3886
3112099154,5066,12,-25,-48,170,-61,-3764
3112100154,5069,-6,-23,-32,-116,-36,-3898
3112101154,5073,-4,-32,-24,-81,-96,-3990
3112102154,5076,-10,-31,-17,-137,-108,-3923
3112103154,5080,-32,-35,-17,-35,95,-3996
3112104154,5083,-9,-51,-9,-356,159,-4369
3112105154,5086,-13,-33,-10,-117,195,-4039
3112106154,5090,-21,-16,-15,-306,112,-4164
3112107154,5093,-4,4,-20,-205,158,-4566
3112108156,5097,1,21,-28,133,95,-4418
3112109154,5100,9,21,-33,215,203,-4305
3112110154,5103,15,28,-38,240,162,-4186
3112111154,5107,9,30,-41,114,9,-4080
3112112154,5110,13,33,-42,275,58,-3979
3112113154,5113,7,29,-39,213,110,-3917
3112114154,5116,20,0,-29,292,-86,-3827
3112115154,5120,8,5,-30,59,7,-3692
3112116154,5123,11,-4,-13,-21,200,-3623
3112117154,5127,9,-25,-10,-68,297,-3836
3112118154,5130,18,-36,8,42,46,-3912
3112119154,5133,-3,-48,9,-45,-211,-3948
3112120154,5137,-12,-47,8,-180,-192,-4061
3112121154,5140,-11,-41,11,-381,65,-4080
3112122154,5143,-5,-25,9,-438,172,-4220
3112123154,5146,1,0,1,-203,120,-4428
3112124154,5149,8,14,-7,-138,126,-4797
3112125154,5152,30,1,-19,81,60,-4486
3112126154,5155,22,6,-30,312,162,-4009
3112127154,5158,15,9,-41,-68,35,-4533
3112128154,5161,39,12,-37,50,20,-4102
3112129154,5164,23,25,-31,43,4,-3859
3112130155,5167,20,21,-28,-89,-10,-3780
3112131156,5170,14,19,-16,29,1,-3855
3112132154,5173,8,9,-8,101,91,-3984
3112133154,5176,7,-6,-2,198,200,-4053
3112134154,5179,5,-10,-3,180,245,-4011
3112135154,5182,19,-29,0,62,228,-4005
3112136154,5185,16,-37,2,0,58,-4093
3112137154,5188,15,-31,-4,-13,-106,-4086
3112138154,5191,3,-25,-10,-90,-123,-4211
3112139154,5195,12,-15,-17,-43,-10,-4304
3112140154,5198,7,2,-30,142,36,-4202
3112141154,5201,18,5,-37,123,84,-4275
3112142154,5204,15,8,-46,186,80,-4177
3112143154,5207,10,15,-45,142,107,-4133
3112144154,5210,17,18,-47,79,188,-4211
3112145154,5213,17,16,-40,130,189,-4205
3112146154,5217,13,9,-27,0,227,-4354
3112147154,5220,26,7,-17,-65,36,-4284
3112148154,5224,27,4,-14,94,-68,-3993
3112149154,5227,9,-4,-11,27,-114,-3820
3112150154,5231,-2,-8,-6,-26,-163,-4150
3112151154,5235,4,-20,-11,-61,-168,-4132
3112152154,5238,5,-21,-12,-188,-192,-4065
3112153154,5242,-8,-14,-23,-313,-53,-3907
3112154154,5245,-4,16,-27,-330,161,-3962
3112155154,5249,5,32,-35,62,108,-4085
3112156154,5252,14,26,-56,354,7,-4152
3112157154,5256,15,23,-57,424,-4,-4138
3112158154,5259,25,26,-67,168,-8,-4229
3112159154,5262,24,30,-71,138,-66,-4256
3112160154,5266,18,35,-69,252,-31,-3982
3112161154,5269,14,42,-64,240,-8,-3998
3112162154,5273,14,24,-64,220,9,-4088
3112163154,5276,6,18,-62,194,48,-3949
3112164154,5280,5,13,-51,-7,28,-4026
3112165154,5283,-7,0,-37,135,67,-4032
3112166154,5287,-4,-3,-34,64,95,-3962
3112167154,5290,-4,-19,-35,44,36,-4042
3112168154,5294,-9,-20,-26,-57,53,-4033
3112169154,5298,-10,-14,-32,-116,16,-4148
3112170154,5301,-9,-19,-35,-99,14,-4204
3112171154,5305,-5,-18,-39,-46,-124,-4084
3112172154,5308,-18,-2,-47,-22,-13,-4038
3112173154,5311,2,-1,-49,71,113,-4170
3112174154,5315,3,12,-60,68,-17,-4205
3112175154,5318,2,9,-63,105,-3,-4209
3112176154,5321,6,-2,-68,37,227,-3910
3112177154,5324,3,13,-63,-104,217,-3969
3112178154,5328,15,13,-58,-47,-9,-4119
3112179154,5331,10,16,-52,117,-36,-3943
3112180154,5334,2,14,-41,93,17,-3913
3112181154,5338,0,-4,-31,-12,79,-4028
3112182154,5341,-2,-5,-23,-88,62,-3933
3112183154,5344,-8,-9,-19,-140,16,-4058
3112184154,5347,-1,-4,-15,-119,18,-4129
3112185154,5351,-5,-8,-13,-126,75,-4080
3112186154,5354,-2,-13,-17,-131,54,-4141
3112187154,5357,-7,-1,-22,-37,27,-4210
3112188154,5360,0,14,-22,26,-6,-4409
3112189154,5363,2,17,-24,168,48,-4338
3112190154,5366,7,29,-32,366,44,-4083
3112191154,5370,5,24,-45,265,-32,-4152
3112192154,5373,13,27,-47,212,-29,-4109
3112193154,5376,12,31,-45,247,-42,-3994
3112194154,5379,4,25,-51,321,-46,-3859
3112195154,5382,10,16,-44,253,76,-3946
3112196154,5385,10,-2,-44,213,43,-3832
3112197154,5389,6,-19,-38,31,113,-3759
3112198154,5392,2,-24,-30,-147,139,-3849
3112199154,5395,1,-34,-18,-186,149,-3968
3112200154,5399,-7,-30,-10,-188,-40,-4105
3112201154,5402,-17,-36,-6,-114,25,-4176
3112202154,5406,-17,-37,-9,-117,66,-4272
3112203154,5409,-9,-43,-6,-195,283,-4256
3112204154,5412,-7,-33,3,-339,295,-4297
3112205154,5416,5,-20,5,-281,216,-4213
3112206154,5419,1,2,4,-190,189,-4299
3112207154,5422,3,-1,7,-196,45,-4346
3112208154,5426,1,15,1,220,-188,-4263
3112209154,5429,-2,25,-13,300,-166,-4317
3112210154,5432,4,21,-24,451,-101,-4086
3112211154,5435,3,25,-22,303,-26,-3801
3112212154,5438,-1,20,-40,322,-22,-3784
3112213154,5441,6,1,-48,247,89,-3668
3112214154,5444,15,-13,-53,122,161,-3686
3112215154,5447,18,-27,-49,59,124,-3705
3112216154,5451,23,-36,-50,-33,54,-3753
3112217154,5454,7,-47,-44,-120,-23,-4013
3112218154,5457,20,-58,-36,-113,-121,-4209
3112219154,5460,-5,-49,-33,-115,-50,-4292
3112220154,5463,-12,-52,-22,-207,84,-4464
3112221154,5467,-2,-44,-16,-133,141,-4437
3112222154,5470,-14,-28,-25,-123,80,-4367
3112223154,5473,-17,-8,-21,-90,205,-4403
3112224154,5476,-1,3,-23,57,313,-4285
3112225154,5480,3,12,-25,115,271,-4202
3112226154,5483,6,13,-30,87,202,-4165
3112227154,5486,20,5,-26,26,143,-3985
3112228154,5490,19,6,-19,42,132,-3707
3112229154,5493,24,-12,-21,-229,73,-3734
3112230154,5496,22,-17,-19,-152,-25,-3815
3112231154,5500,13,-25,-17,-159,-177,-3903
3112232154,5503,5,-28,-13,-159,-174,-4176
3112233154,5507,-5,-24,-9,-113,-127,-4182
3112234154,5510,-5,-30,-9,-119,-7,-4076
3112235154,5514,-12,-31,-13,-169,96,-4119
3112236154,5517,-11,-22,-17,-191,74,-4165
3112237154,5520,-6,-9,-27,-152,105,-4279
3112238154,5524,-2,4,-30,85,108,-4303
3112239154,5527,-3,13,-33,141,164,-4204
3112240154,5531,10,24,-32,94,312,-4137
3112241154,5534,16,19,-37,210,238,-3990
3112242154,5537,22,15,-38,197,137,-3978
3112243154,5540,27,19,-39,96,109,-4035
3112244154,5544,27,6,-32,148,89,-4040
3112245154,5547,28,-5,-23,39,64,-3877
3112246154,5551,22,-12,-29,40,-34,-3867
3112247154,5554,14,-20,-19,-106,-18,-3988
3112248154,5558,15,-29,-20,-190,25,-4072
3112249154,5561,2,-22,-8,-219,12,-4154
3112250154,5564,-2,-28,-11,-318,178,-4141
3112251154,5568,0,-23,-9,-289,247,-4208
3112252154,5571,6,-12,-1,-281,309,-4176
3112253154,5574,14,-9,-6,-293,216,-4260
3112254154,5577,7,-5,-4,-145,116,-4280
3112255154,5581,16,12,-6,-136,88,-4280
3112256154,5584,19,21,-6,1,-66,-4288
3112257154,5587,20,34,-5,132,-107,-4226
3112258154,5591,20,35,-8,200,-140,-4103
3112259154,5594,22,32,-20,198,-21,-3977
3112260154,5597,27,29,-28,130,-24,-3870
3112261154,5600,27,14,-29,-34,-167,-3916
3112262154,5603,18,27,-32,-34,-78,-3904
3112263154,5606,12,17,-39,-131,42,-3911
3112264154,5610,19,9,-39,-146,103,-3918
3112265154,5613,14,6,-41,-118,-20,-4048
3112266154,5616,8,5,-31,-116,-73,-4055
3112267154,5620,6,5,-29,-109,7,-4169
3112268154,5623,8,14,-28,10,84,-4187
3112269154,5626,7,9,-26,96,47,-4262
3112270154,5630,8,24,-30,276,15,-4200
3112271154,5634,7,27,-37,288,11,-4109
3112272154,5637,13,20,-50,240,-79,-4150
3112273154,5641,9,27,-55,233,36,-4029
3112274154,5644,8,29,-59,206,119,-3964
3112275154,5648,10,22,-62,70,-51,-4089
3112276154,5651,19,11,-58,55,-191,-4009
3112277154,5655,-2,-2,-54,-80,22,-3760
3112278154,5659,10,-6,-43,-326,234,-4116
3112279154,5662,16,-8,-33,-172,-80,-4207
3112280154,5666,7,-13,-36,-55,-157,-4164
3112281154,5670,-6,-9,-27,-52,53,-4219
3112282154,5673,11,-23,-28,-129,277,-4376
3112283154,5677,21,-19,-32,-385,178,-4372
3112284154,5680,13,0,-34,-290,167,-4148
3112285154,5684,0,18,-27,-354,-18,-4085
3112286154,5688,16,47,-31,6,16,-4234
3112287154,5691,9,37,-55,589,-56,-4227
3112288154,5694,20,25,-61,482,-80,-4144
3112289154,5698,17,20,-63,458,-98,-4072
3112290154,5701,10,16,-71,208,86,-3785
3112291154,5704,24,23,-71,113,75,-3747
3112292154,5708,11,18,-75,181,79,-3840
3112293154,5711,18,-9,-63,148,211,-3806
3112294154,5715,8,-13,-58,-77,326,-3910
3112295154,5718,20,-17,-55,-79,280,-3982
3112296154,5722,11,-18,-37,-389,148,-4141
3112297154,5725,8,-14,-26,81,149,-4076
3112298154,5728,3,-10,-12,-77,178,-4168
3112299154,5732,4,-17,-13,-47,155,-4326
3112300154,5736,-4,-6,-4,-186,129,-4145
3112301154,5739,-1,12,-1,-134,17,-4231
3112302154,5743,-1,21,-3,144,-43,-4121
3112303154,5746,9,22,-12,279,-139,-4070
3112304154,5750,3,12,-18,167,-71,-4037
3112305154,5754,15,4,-27,145,-67,-3925
3112306154,5757,6,1,-33,132,-11,-3941
3112307154,5760,14,-4,-42,-30,-91,-4377
3112308154,5764,25,-14,-46,178,-189,-4098
3112309154,5767,17,-24,-46,55,-145,-3851
3112310154,5771,15,-26,-45,-187,-182,-4164
3112311154,5774,0,-15,-36,-378,-123,-4186
3112312154,5778,1,-18,-33,-124,-31,-4088
3112313154,5781,-4,-10,-30,-94,-21,-4012
3112314154,5784,-1,-11,-24,-150,183,-4229
3112315154,5788,6,5,-27,-55,260,-4287
3112316154,5791,5,11,-16,165,225,-4033
3112317154,5795,4,16,-16,41,66,-4061
3112318154,5798,4,22,-27,408,-86,-4077
3112319154,5802,6,16,-30,361,-128,-4180
3112320154,5805,1,13,-37,376,-29,-4111
3112321154,5808,17,11,-52,228,-127,-4149
3112322154,5812,11,-2,-60,483,56,-3547
3112323154,5815,8,-5,-64,59,-34,-4055
3112324154,5819,11,-26,-70,241,-2,-3838
3112325154,5822,10,-40,-67,33,233,-3760
3112326154,5826,2,-41,-65,-121,397,-3937
3112327154,5829,29,-54,-60,-455,167,-4155
3112328154,5833,10,-48,-40,-205,-24,-3806
3112329154,5836,-17,-32,-36,-324,-19,-4555
3112330154,5840,-15,-24,-28,-290,29,-4650
3112331154,5844,-7,-18,-15,-143,265,-4312
3112332154,5848,-17,-12,-10,-196,236,-4183
3112333154,5852,-12,3,-3,-272,249,-4160
3112334154,5856,-9,7,-3,-156,141,-4042
3112335154,5860,3,8,-7,-10,48,-4034
3112336154,5864,1,13,-17,144,-180,-4102
3112337154,5868,-6,25,-27,137,-523,-4355
3112338154,5872,-9,21,-42,410,-292,-4047
3112339154,5875,-8,11,-56,234,90,-3803
3112340154,5879,4,6,-62,223,-16,-3998
3112341154,5883,9,-6,-71,190,102,-3891
3112342154,5886,18,-6,-77,1,376,-3832
3112343154,5890,36,-4,-73,-97,355,-3945
3112344154,5894,40,-8,-68,-4,271,-3959
3112345154,5897,28,-5,-49,93,-15,-4058
3112346154,5901,20,-21,-31,174,-93,-4242
3112347154,5904,5,-36,-19,65,-20,-4270
3112348154,5908,-2,-39,-9,-51,52,-4240
3112349154,5911,-4,-33,-13,-100,101,-4182
3112350154,5915,-6,-24,-11,-149,96,-4286
3112351154,5918,-3,-24,-12,-146,148,-4192
3112352154,5921,-3,-13,-21,-121,205,-4079
3112353154,5925,8,-10,-32,-284,227,-4068
3112354154,5928,18,-5,-44,-169,183,-4130
3112355154,5931,17,11,-42,-140,138,-4205
3112356154,5934,24,16,-49,-37,93,-4127
3112357154,5937,17,16,-50,8,109,-3995
3112358154,5940,23,19,-40,-214,154,-4072
3112359154,5943,18,26,-34,-81,-18,-4192
3112360154,5946,17,19,-25,56,-1,-3994
3112361154,5949,13,13,-15,112,115,-3914
3112362154,5952,-6,10,-5,281,-113,-4008
3112363154,5955,-2,12,-5,151,-62,-4133
3112364154,5958,-7,9,-6,325,120,-4114
3112365154,5962,2,9,-20,301,-86,-4114
3112366154,5965,9,6,-22,292,67,-4046
3112367154,5968,6,11,-26,115,-3,-4218
3112368154,5971,18,2,-35,132,-42,-4099
3112369154,5975,11,8,-44,55,11,-3996
3112370154,5978,15,6,-50,-9,15,-4195
3112371154,5981,25,-1,-46,-75,9,-4191
3112372154,5985,16,2,-49,-72,-65,-4199
3112373154,5988,13,-1,-41,-187,0,-4136
3112374154,5992,4,8,-33,-93,81,-4168
3112375154,5995,0,9,-27,-11,39,-4107
3112376154,5999,-2,4,-19,50,32,-4149
3112377154,6003,-4,5,-15,84,108,-4196
3112378154,6006,1,-1,-12,52,90,-4170
3112379154,6010,1,14,-12,118,58,-4085
3112380154,6014,-1,19,-18,240,-58,-4089
3112381154,6018,-7,23,-21,247,-84,-4115
3112382154,6021,13,19,-33,302,-50,-4024
3112383154,6025,7,17,-43,237,-85,-3934
3112384154,6029,9,8,-49,-32,3,-4019
3112385154,6032,14,13,-55,-21,-15,-4056
3112386154,6036,6,14,-60,-52,-56,-4014
3112387154,6040,8,11,-62,-138,83,-4128
3112388154,6043,-2,8,-56,-146,92,-4119
3112389154,6047,8,11,-52,-163,128,-4140
3112390154,6051,-4,20,-47,-38,85,-4182
3112391154,6054,-6,20,-34,-15,127,-4189
3112392154,6058,3,13,-28,116,155,-4203
3112393154,6062,0,14,-33,200,129,-4065
3112394154,6065,0,16,-34,161,77,-4127
3112395154,6069,4,13,-49,240,26,-4077
3112396154,6072,-2,25,-53,287,-98,-3890
3112397154,6076,-1,22,-56,238,39,-4038
3112398154,6079,8,18,-65,251,127,-4067
3112399154,6082,14,8,-75,135,71,-4085
3112400154,6086,21,-4,-72,100,21,-3902
3112401154,6089,2,2,-67,-145,56,-4013
3112402154,6092,11,4,-64,-204,192,-4232
3112403154,6095,6,8,-52,-201,123,-4150
3112404154,6099,-1,12,-45,-191,82,-4161
3112405154,6102,-1,19,-30,-171,291,-4167
3112406154,6105,-5,33,-16,-43,214,-4241
3112407154,6108,1,27,-7,110,180,-4206
3112408154,6112,4,27,-8,165,157,-4129
3112409154,6115,11,21,11,64,80,-4060
3112410154,6118,11,29,7,194,-35,-4011
3112411154,6121,3,31,1,266,-259,-4004
3112412154,6125,8,24,-14,539,-340,-4060
3112413154,6128,7,18,-15,446,-316,-3970
3112414154,6131,4,16,-25,260,-214,-4025
3112415154,6134,1,21,-41,271,-54,-4018
3112416154,6137,14,16,-52,207,49,-4101
3112417154,6140,12,18,-54,252,54,-4068
3112418154,6143,13,-2,-58,223,144,-3894
3112419154,6146,20,-9,-55,-110,160,-4106
3112420154,6149,29,-1,-36,-80,158,-4236
3112421154,6152,17,1,-19,0,178,-4246
3112422154,6156,5,9,-11,55,228,-4284
3112423154,6159,14,-1,7,180,209,-4139
3112424154,6162,1,-4,11,136,18,-4157
3112425154,6166,5,-6,18,48,1,-4174
3112426154,6169,-7,-8,26,98,4,-4082
3112427154,6172,-2,-10,24,58,10,-3894
3112428154,6176,-10,-5,12,186,-57,-3946
3112429154,6179,-2,-5,4,259,-190,-3992
3112430154,6182,-5,-1,-18,361,-135,-4171
3112431154,6186,-6,0,-25,242,-70,-4164
3112432154,6189,6,-6,-36,165,97,-4113
3112433154,6192,8,6,-50,292,28,-3976
3112434154,6195,18,-1,-59,23,92,-4127
3112435154,6198,28,-9,-54,172,163,-4030
3112436154,6201,17,-5,-49,140,168,-3932
3112437154,6204,17,-10,-38,-83,240,-4134
3112438155,6208,23,-4,-28,28,152,-4181
3112439154,6211,15,-10,-16,88,1,-4094
3112440154,6214,2,-10,-13,176,-40,-4162
3112441154,6217,1,-23,-2,63,-17,-4138
3112442154,6221,-5,-21,-4,138,-47,-3914
3112443154,6224,-17,-14,-7,72,-198,-4041
3112444154,6227,-18,-18,-16,171,-103,-4103
3112445154,6231,-10,-19,-24,118,-52,-4029
3112446154,6234,-9,-19,-38,158,59,-4002
3112447154,6237,-1,-8,-49,63,97,-4111
3112448154,6240,7,-7,-61,118,162,-4066
3112449154,6243,7,-2,-60,174,207,-3987
3112450154,6246,16,-12,-66,17,272,-3999
3112451154,6250,22,-12,-57,2,99,-4119
3112452154,6253,10,-10,-45,-75,59,-4073
3112453154,6256,11,-9,-24,-121,213,-4137
3112454154,6259,11,-6,-18,22,276,-4023
3112455154,6263,12,-14,1,128,158,-3904
3112456154,6266,7,-24,3,93,-93,-4247
3112457154,6270,2,-31,15,34,-74,-4133
3112458154,6273,-4,-34,15,17,-28,-3977
3112459154,6277,-8,-30,10,-130,-79,-4004
3112460154,6280,-10,-17,1,-7,-168,-4115
3112461154,6284,-6,-17,-7,118,-154,-4229
3112462154,6287,-4,14,-13,770,187,-4422
3112463154,6290,-18,38,-20,636,275,-4598
3112464154,6293,30,20,-39,921,438,-4053
3112465154,6297,20,3,-47,1068,116,-4161
3112466154,6300,52,-81,-52,728,227,-3817
3112467154,6303,9,-80,-48,-712,-628,-4581
3112468154,6307,23,-53,-50,-974,-215,-3997
3112469154,6310,27,-47,-15,-486,-277,-3102
3112470154,6313,-38,-17,-8,-612,-149,-3994
3112471154,6317,-2,-15,13,23,234,-4533
3112472154,6320,-20,-15,9,92,374,-4348
3112473154,6323,-10,-29,1,-23,570,-4396
3112474154,6326,13,-24,-3,-233,569,-4175
3112475154,6329,8,6,-4,-333,231,-4148
3112476154,6332,22,22,-5,-24,-147,-4410
3112477154,6335,28,31,-1,126,-230,-4436
3112478154,6338,31,24,2,104,-119,-4301
3112479154,6340,25,13,-6,109,-46,-3966
3112480154,6343,23,22,-5,-130,-54,-3917
3112481154,6346,19,22,-13,-55,-60,-3974
3112482154,6348,12,20,-16,138,110,-3962
3112483154,6351,23,1,-18,2,332,-4058
3112484154,6354,26,-6,-28,90,310,-4017
3112485154,6356,22,-16,-20,-191,144,-4015
3112486154,6359,18,-6,-14,-176,51,-4152
3112487154,6362,17,-3,-5,-51,-21,-4130
3112488154,6364,11,6,7,-30,199,-4072
3112489154,6367,12,14,17,93,235,-4239
3112490154,6370,15,10,17,135,143,-4254
3112491154,6373,11,13,16,246,-17,-4297
3112492154,6376,31,9,11,249,-81,-4134
3112493154,6379,24,-1,-1,257,-229,-3924
3112494154,6382,17,14,-5,-90,-72,-3977
3112495154,6384,30,11,-19,-125,15,-4047
3112496154,6387,29,20,-32,4,-16,-4050
3112497154,6390,30,20,-37,-21,9,-4057
3112498154,6393,26,13,-42,-210,-18,-3884
3112499154,6396,19,22,-32,-201,96,-4045
3112500154,6399,15,21,-28,-255,64,-4196
3112501154,6402,22,19,-17,-35,54,-4325
3112502154,6405,16,26,-6,96,51,-4182
3112503154,6408,11,23,0,231,22,-4244
3112504154,6412,19,18,3,148,46,-4149
3112505154,6415,15,7,8,172,13,-4180
3112506154,6419,15,5,12,20,-29,-4112
3112507154,6422,8,22,11,166,-72,-3994
3112508154,6425,16,19,7,212,-143,-4039
3112509154,6429,17,13,-13,398,-199,-4029
3112510154,6432,2,14,-32,541,-305,-3899
3112511154,6436,1,-1,-44,297,-216,-4225
3112512154,6439,15,4,-66,168,-81,-4036
3112513154,6442,12,9,-64,136,-48,-3945
3112514154,6446,6,8,-70,-15,-29,-4054
3112515154,6449,6,6,-85,36,126,-4092
3112516154,6452,5,10,-71,-131,199,-4102
3112517154,6456,7,4,-62,-124,279,-4201
3112518154,6459,0,11,-56,-221,241,-4212
3112519154,6463,9,5,-42,-128,328,-4111
3112520154,6466,3,23,-33,65,144,-4159
3112521154,6470,-4,14,-21,114,82,-4124
3112522154,6473,3,8,-14,43,111,-4072
3112523154,6477,0,7,-7,-80,45,-3984
3112524154,6480,-12,13,5,-100,-36,-3968
3112525154,6484,-3,28,-7,-40,-56,-4025
3112526154,6487,-10,30,-18,292,-49,-4047
3112527154,6490,0,29,-27,264,-97,-4066
3112528154,6494,3,20,-41,369,-133,-4105
3112529154,6497,7,22,-52,121,-95,-4189
3112530154,6500,11,22,-67,137,-20,-4104
3112531154,6503,7,37,-72,168,58,-4065
3112532154,6505,9,30,-76,33,93,-4025
3112533154,6508,15,27,-68,208,156,-4036
3112534154,6511,8,16,-59,58,119,-4214
3112535154,6514,13,21,-41,-57,240,-4213
3112536154,6517,9,19,-31,-5,299,-4095
3112537154,6520,4,20,-9,67,289,-3987
3112538154,6523,3,7,7,196,44,-4170
3112539154,6526,-2,-4,19,154,3,-4118
3112540154,6529,-12,-14,20,35,-87,-4035
3112541154,6532,-6,-21,23,-74,-73,-3982
3112542154,6535,-4,-16,34,-253,-29,-3944
3112543154,6538,-18,-9,34,-106,-136,-4023
3112544154,6541,-12,5,24,51,-105,-4246
3112545154,6544,-13,14,15,189,-46,-4330
3112546154,6546,-1,6,-4,240,55,-4270
3112547154,6549,8,12,-13,232,-59,-4170
3112548154,6552,6,20,-27,137,-141,-4071
3112549154,6554,11,23,-26,66,-45,-4028
3112550154,6557,13,25,-35,202,8,-4007
3112551154,6560,15,18,-33,154,62,-3867
3112552154,6562,11,4,-24,29,251,-4011
3112553154,6565,13,6,-12,105,258,-3979
3112554154,6568,10,7,-3,6,233,-4002
3112555154,6571,8,0,14,-1,298,-4047
3112556154,6574,10,0,32,107,189,-4057
3112557154,6577,-1,-10,42,224,22,-4088
3112558154,6580,-1,-23,46,143,-65,-4007
3112559154,6583,-2,-37,45,83,-56,-3950
3112560154,6586,-9,-53,39,-339,-89,-3969
3112561154,6589,-9,-31,41,-325,-82,-3963
3112562154,6592,-15,-19,27,-48,-155,-4210
3112563154,6595,-10,-17,18,89,-45,-4375
3112564154,6598,-9,-8,7,178,12,-4408
3112565154,6601,1,-10,-11,40,37,-4318
3112566154,6603,13,0,-25,8,3,-4196
3112567154,6606,14,3,-38,66,-102,-4063
3112568154,6609,6,8,-42,76,-139,-4041
3112569154,6612,10,5,-45,95,22,-4042
3112570154,6615,16,-2,-40,37,166,-3893
3112571154,6618,8,0,-31,-32,269,-3968
3112572154,6620,17,-12,-25,56,219,-3914
3112573154,6624,17,-15,-19,72,152,-3864
3112574154,6627,4,-11,-6,14,149,-3998
3112575154,6630,-2,-26,5,53,102,-4168
3112576154,6633,0,-30,16,-49,99,-3965
3112577154,6636,3,-33,15,-46,56,-3979
3112578154,6639,-4,-37,7,-80,-53,-4016
3112579154,6643,-7,-33,2,-123,-106,-4205
3112580154,6646,-3,-23,-2,-152,-48,-4247
3112581154,6649,-2,-13,-15,-115,106,-4141
3112582154,6652,-10,-1,-15,-59,113,-4128
3112583154,6655,12,-5,-24,-43,199,-4094
3112584154,6659,10,0,-29,328,94,-4090
3112585154,6662,6,-8,-39,5,-37,-4118
3112586154,6665,9,-10,-30,104,74,-4195
3112587154,6668,20,-6,-16,23,84,-4011
3112588154,6672,13,-2,-1,118,90,-3886
3112589154,6675,13,-15,6,231,89,-3953
3112590154,6678,5,-32,22,0,16,-3941
3112591154,6682,5,-34,24,-34,67,-4052
3112592154,6685,11,-42,26,-37,-52,-4048
3112593154,6689,9,-39,33,-164,-213,-4044
3112594154,6692,1,-36,20,-160,-141,-4217
3112595154,6695,4,-34,10,-48,-40,-4197
3112596154,6699,3,-24,7,-72,-10,-4168
3112597154,6702,19,-23,-3,-207,170,-4228
3112598154,6705,21,-9,-17,-129,120,-4218
3112599154,6708,32,-7,-33,-160,7,-4204
3112600154,6710,25,0,-30,-81,2,-4228
3112601154,6713,24,4,-23,-98,-20,-4112
3112602154,6716,19,3,-7,-204,12,-4168
3112603154,6719,15,19,2,-24,164,-3933
3112604154,6722,7,23,14,131,246,-3902
3112605154,6725,3,16,26,29,244,-4042
3112606154,6727,16,1,27,194,296,-4115
3112607154,6730,23,-6,33,-13,114,-3892
3112608154,6733,7,5,38,20,-102,-4011
3112609154,6736,3,12,41,-37,-43,-4015
3112610154,6739,20,-1,34,34,21,-4032
3112611154,6742,16,8,27,17,54,-4018
3112612154,6744,17,2,18,8,-142,-4096
3112613154,6747,16,3,11,-161,-152,-4281
3112614154,6750,11,18,13,-16,-50,-4289
3112615154,6753,3,18,5,67,125,-4065
3112616154,6756,18,4,-3,-120,125,-4173
3112617154,6759,16,5,-6,-26,30,-4186
3112618155,6762,14,4,-1,-271,-1,-4342
3112619154,6764,12,16,12,-180,124,-4315
3112620154,6767,10,25,21,28,178,-4187
3112621154,6771,19,21,30,-16,200,-3965
3112622154,6774,8,23,36,47,147,-4084
3112623154,6777,18,34,35,113,106,-4138
3112624154,6780,21,28,42,181,25,-4211
3112625154,6783,15,12,30,368,-60,-3973
3112626154,6786,22,6,28,51,-67,-3865
3112627154,6789,21,12,16,79,-232,-3972
3112628154,6792,13,14,9,161,-331,-3984
3112629154,6795,5,18,-5,225,-253,-4144
3112630154,6798,10,10,-15,53,22,-4187
3112631154,6801,11,14,-29,78,174,-4089
3112632154,6804,4,13,-29,-64,111,-4042
3112633154,6807,22,18,-25,-153,146,-4292
3112634154,6811,12,32,-23,-3,122,-4249
3112635154,6814,10,33,-14,-130,287,-4362
3112636154,6817,17,36,-1,127,294,-4163
3112637154,6820,13,30,5,19,185,-3997
3112638154,6823,2,36,12,-10,31,-4112
3112639154,6827,2,35,26,39,32,-4095
3112640154,6830,-3,26,24,115,-2,-3945
3112641154,6833,-5,25,29,157,-39,-3981
3112642154,6837,0,13,19,130,-133,-3966
3112643154,6840,-7,14,16,98,-154,-3983
3112644154,6843,2,3,6,106,-136,-4081
3112645154,6846,-5,12,-7,105,-82,-4044
3112646154,6849,-7,24,-12,20,-37,-4115
3112647154,6853,8,15,-23,75,13,-4138
3112648154,6856,3,20,-29,105,-13,-4026
3112649154,6859,8,19,-34,41,-29,-4107
3112650154,6862,5,18,-34,56,13,-4099
3112651154,6865,4,10,-31,65,87,-4072
3112652154,6868,11,8,-14,-118,125,-4125
3112653154,6871,8,12,-8,-46,173,-4132
3112654154,6874,8,16,9,-52,281,-4092
3112655154,6878,4,21,14,98,231,-4070
3112656154,6881,8,14,23,187,37,-4047
3112657154,6884,-2,1,37,139,-122,-4060
3112658154,6887,-1,-2,35,-21,-117,-3930
3112659154,6890,-9,1,31,88,-199,-3949
3112660154,6894,-17,4,28,71,-246,-3992
3112661154,6897,-6,0,18,315,-189,-4133
3112662154,6900,-10,7,5,279,-50,-4117
3112663154,6903,-3,11,-8,253,38,-4183
3112664154,6906,-8,17,-17,256,79,-4120
3112665154,6908,5,15,-27,157,178,-4024
3112666154,6911,18,14,-23,190,118,-4061
3112667154,6914,10,8,-22,261,207,-4056
3112668154,6917,21,-4,-14,20,353,-4132
3112669154,6920,15,-5,-4,29,293,-4083
3112670154,6923,14,-2,15,-44,195,-4028
3112671154,6926,13,-6,37,21,27,-4137
3112672154,6929,2,-10,43,143,-109,-4162
3112673154,6932,-15,-9,52,231,-159,-4143
3112674154,6935,-1,-38,57,93,-7,-3958
3112675154,6938,-15,-41,55,-95,-52,-3919
3112676154,6941,-15,-36,60,-379,29,-4016
3112677154,6944,-5,-26,47,-232,128,-4076
3112678154,6947,-19,-12,49,-174,0,-4115
3112679154,6949,-5,-9,36,-58,-74,-4320
3112680154,6952,-10,16,20,134,-212,-4369
3112681154,6955,1,24,7,250,-186,-4427
3112682154,6958,-2,19,-1,320,-119,-4072
3112683154,6960,-5,14,-12,278,-48,-3960
3112684154,6963,4,27,-13,53,152,-4060
3112685154,6966,11,34,-11,284,396,-3904
3112686154,6969,27,30,1,228,435,-3845
3112687154,6971,29,17,-2,352,324,-3815
3112688154,6974,21,8,5,320,139,-3791
3112689154,6977,19,-4,22,235,-117,-3940
3112690154,6980,-2,-19,30,288,-183,-4064
3112691154,6983,-3,-30,40,207,-67,-4057
3112692154,6986,-10,-37,37,180,-12,-3950
3112693154,6989,-22,-46,36,-1,-18,-4043
3112694154,6992,-13,-45,28,-142,32,-4250
3112695154,6995,-15,-38,16,-152,177,-4236
3112696154,6998,-18,-24,21,-256,247,-4299
3112697154,7001,5,-15,16,-238,309,-4322
3112698154,7004,16,-11,13,-187,254,-4187
3112699154,7007,15,10,11,-107,34,-4239
3112700154,7010,10,1,8,39,-157,-4331
3112701154,7013,12,6,14,-49,-138,-4319
3112702154,7016,1,3,21,-60,-56,-4218
3112703154,7020,-1,10,26,41,-30,-4040
3112704154,7023,-12,24,32,167,61,-3916
3112705154,7026,-8,15,30,212,95,-3954
3112706154,7029,-3,9,35,366,99,-3912
3112707154,7032,-3,2,30,261,74,-3903
3112708154,7035,-1,-1,25,278,-28,-3975
3112709154,7038,0,-4,15,298,-10,-3815
3112710154,7041,-8,0,18,181,16,-3872
3112711154,7044,12,-15,9,232,130,-4010
3112712154,7047,21,-26,1,164,61,-3974
3112713154,7050,24,-23,-6,-120,83,-4174
3112714154,7053,28,-17,-6,-31,55,-4217
3112715154,7055,16,-5,-4,-66,101,-4133
3112716154,7058,33,-17,3,-87,218,-4186
3112717154,7061,29,-10,1,-45,157,-4258
3112718154,7063,23,-4,20,-232,208,-4394
3112719154,7066,22,-8,24,-181,256,-4344
3112720154,7068,15,5,42,-141,300,-4142
3112721154,7071,9,22,53,-46,134,-4221
3112722154,7074,19,14,59,65,94,-4166
3112723154,7076,22,16,70,91,0,-4007
3112724154,7079,14,14,70,184,-71,-4000
3112725154,7082,8,24,63,224,-182,-4067
3112726154,7084,17,20,54,304,-177,-3951
3112727154,7087,18,6,37,370,-136,-3826
3112728154,7089,22,2,24,198,-128,-3863
3112729154,7092,21,7,19,58,-51,-3995
3112730154,7094,29,6,18,14,6,-4025
3112731154,7096,21,13,10,142,115,-3848
3112732154,7099,24,-3,8,-67,133,-4037
3112733154,7101,26,-5,8,-101,73,-4190
3112734154,7104,29,-5,17,-181,2,-4214
3112735154,7107,18,-1,27,-245,-37,-4253
3112736154,7109,16,8,40,-81,44,-4259
3112737154,7112,14,11,48,-106,61,-4224
3112738154,7115,13,14,48,131,156,-4245
3112739154,7118,8,28,51,235,218,-4216
3112740154,7120,16,37,46,382,182,-4178
3112741154,7123,20,43,39,561,-11,-4016
3112742154,7126,18,47,36,685,-86,-3928
3112743154,7129,12,30,25,564,-113,-3917
3112744154,7132,25,18,23,502,-120,-3836
3112745154,7135,17,12,13,324,-160,-3792
3112746154,7138,15,5,17,31,-14,-3966
3112747154,7141,16,-7,15,68,11,-3984
3112748154,7144,15,-17,18,-91,60,-4070
3112749154,7147,9,-17,22,-166,80,-4337
3112750154,7150,7,1,20,-104,107,-4403
3112751154,7153,9,-2,19,-145,114,-4414
3112752154,7156,10,-2,22,-47,-4,-4368
3112753154,7159,6,3,18,-166,-14,-4408
3112754154,7162,4,19,23,-318,-37,-4448
3112755154,7164,4,41,28,-102,130,-4346
3112756154,7167,5,46,33,17,177,-4220
3112757154,7170,6,43,34,298,95,-3993
3112758154,7173,2,40,36,324,-44,-4059
3112759154,7176,-3,55,32,685,-154,-3992
3112760154,7179,-2,52,24,711,-210,-4005
3112761154,7182,5,33,15,935,-207,-3784
3112762154,7184,-1,8,-1,727,-177,-3626
3112763154,7187,-1,3,0,423,-141,-3871
3112764154,7190,-2,-3,-14,281,12,-3857
3112765154,7192,-3,2,-13,97,84,-3843
3112766154,7195,-4,-4,-19,177,213,-3862
3112767154,7197,-3,-17,-22,-87,234,-4218
3112768154,7200,8,-19,-11,-239,223,-4414
3112769154,7202,5,-8,3,-247,245,-4331
3112770154,7205,-9,0,8,-323,228,-4300
3112771154,7207,-5,13,15,-105,108,-4440
3112772154,7210,-8,15,32,-2,237,-4490
3112773154,7212,-4,20,42,97,225,-4379
3112774154,7215,-5,30,55,31,260,-4304
3112775154,7217,-1,44,66,59,376,-4158
3112776154,7220,9,53,76,308,256,-4009
3112777154,7222,10,40,83,505,-130,-3978
3112778154,7225,12,34,84,653,-394,-3787
3112779154,7227,-5,35,80,721,-372,-3798
3112780154,7230,-4,20,75,676,-443,-3859
3112781154,7232,-14,7,60,832,-474,-3695
3112782154,7234,-17,-6,46,529,-258,-3747
3112783154,7236,-9,-17,31,370,-129,-3824
3112784154,7238,0,-23,17,238,17,-3857
3112785154,7240,-4,-19,13,-33,173,-4124
3112786154,7242,14,-21,5,-79,298,-4234
3112787154,7244,13,-24,8,-144,201,-4194
3112788154,7246,12,-15,20,-285,163,-4226
3112789154,7248,12,-9,24,-264,-53,-4412
3112790154,7250,-3,8,33,-160,-76,-4495
3112791154,7252,1,8,34,-9,78,-4420
3112792154,7255,2,7,39,37,132,-4277
3112793154,7257,-7,6,35,-235,175,-4048
3112794154,7259,-3,19,49,-129,352,-4089
3112795154,7261,-9,31,50,74,261,-4141
3112796154,7263,0,34,56,170,354,-4076
3112797154,7265,4,38,54,482,250,-4008
3112798154,7267,-2,37,50,542,-20,-4068
3112799154,7270,13,37,50,739,-104,-4146
3112800154,7272,-8,38,48,810,-143,-3942
3112801154,7274,-5,39,49,772,-144,-3911
3112802154,7276,4,14,44,855,-134,-3691
3112803154,7279,-5,-7,34,633,-136,-3513
3112804154,7281,-8,-32,25,420,-16,-3631
3112805154,7283,9,-51,23,143,30,-3704
3112806154,7286,-7,-53,19,98,-11,-3770
3112807154,7288,-7,-63,25,-205,61,-4075
3112808154,7291,1,-56,24,-250,163,-4384
3112809154,7293,-10,-46,25,-274,135,-4516
3112810154,7295,-3,-38,27,-312,202,-4587
3112811154,7298,-2,-19,28,-318,148,-4578
3112812154,7300,-4,-12,27,-331,68,-4511
3112813154,7302,4,-4,21,-381,36,-4399
3112814154,7305,-2,19,35,-265,18,-4258
3112815154,7307,-2,21,28,-194,7,-4193
3112816154,7309,-2,28,31,-18,-65,-4089
3112817154,7312,-20,40,16,510,-85,-4028
3112818154,7314,-10,43,16,304,-108,-4213
3112819154,7316,-10,49,8,561,158,-4154
3112820154,7319,3,53,12,654,230,-3909
3112821154,7321,2,46,11,714,182,-3767
3112822154,7323,7,38,12,721,56,-3753
3112823154,7325,11,1,12,717,6,-3558
3112824154,7328,7,-1,8,696,-37,-3524
3112825154,7330,2,-25,14,505,-65,-3653
3112826154,7332,-1,-47,20,233,-59,-3896
3112827154,7335,-5,-64,24,110,71,-3793
3112828154,7337,-2,-77,27,-158,92,-3968
3112829154,7339,-5,-75,22,-348,142,-4156
3112830154,7341,-6,-56,27,-388,175,-4545
3112831154,7343,3,-43,26,-386,276,-4638
3112832154,7345,4,-23,24,-308,263,-4458
3112833154,7347,8,-21,20,-350,190,-4410
3112834154,7349,9,0,24,-349,35,-4376
3112835154,7351,-1,28,28,-249,-141,-4401
3112836154,7353,-2,37,24,3,-195,-4319
3112837154,7355,-5,44,18,271,-142,-4000
3112838154,7357,-9,47,19,317,-90,-3947
3112839154,7359,1,40,10,420,-62,-3944
3112840154,7361,-2,26,-1,422,39,-3784
3112841154,7363,10,16,0,496,176,-3729
3112842154,7365,9,12,-2,449,183,-3807
3112843154,7367,7,5,-1,392,364,-3888
3112844154,7369,21,-3,9,429,435,-3908
3112845154,7371,22,-10,21,420,235,-3928
3112846154,7373,21,-15,45,279,108,-4194
3112847154,7375,20,-15,59,208,72,-4249
3112848154,7377,14,-16,73,271,-30,-4120
3112849154,7379,4,-20,85,249,-100,-4091
3112850154,7382,3,-28,93,165,-84,-4200
3112851154,7384,3,-38,86,104,-85,-4114
3112852154,7386,-1,-41,86,-10,-136,-4080
3112853154,7388,2,-37,71,-158,-210,-4127
3112854154,7390,2,-23,63,-224,-178,-4262
3112855154,7392,9,-5,58,-104,-32,-4253
3112856154,7394,8,10,49,-31,25,-4188
3112857154,7396,11,21,31,144,8,-4206
3112858154,7397,15,18,16,287,-113,-4233
3112859154,7399,20,19,3,242,-215,-4234
3112860154,7401,15,12,-1,211,-211,-4115
3112861154,7402,8,16,-1,180,-132,-4048
3112862154,7404,7,10,2,119,115,-3947
3112863154,7405,10,3,-5,175,255,-3858
3112864154,7407,8,0,-3,138,304,-3959
3112865154,7409,3,-8,4,100,342,-4067
3112866154,7410,15,-16,6,6,387,-4100
3112867154,7412,11,-18,15,-53,329,-4027
3112868154,7414,5,-13,17,-83,275,-4137
3112869154,7416,15,-8,26,-148,245,-4208
3112870154,7417,6,-5,22,184,278,-4224
3112871154,7419,16,5,46,-40,179,-4177
3112872154,7421,1,32,60,237,350,-4314
3112873154,7423,20,32,77,492,444,-4136
3112874154,7425,19,43,83,644,246,-3847
3112875154,7427,11,27,91,677,49,-3853
3112876154,7430,15,15,93,633,-308,-4004
3112877154,7432,11,-5,85,586,-536,-3930
3112878154,7434,8,-21,78,410,-632,-3845
3112879154,7436,2,-26,64,278,-564,-3841
3112880154,7438,2,-18,49,140,-404,-3895
3112881154,7440,-3,-11,39,125,-194,-4074
3112882154,7442,8,-12,18,108,7,-4241
3112883154,7443,13,-7,3,43,65,-4318
3112884154,7445,16,-4,-5,97,-13,-4337
3112885154,7447,13,4,-14,10,-79,-4472
3112886154,7448,18,3,-23,49,-78,-4372
3112887154,7450,13,3,-13,-28,-71,-4172
3112888154,7452,9,9,-13,-61,-37,-4189
3112889154,7453,11,8,-7,-131,69,-4190
3112890154,7455,5,9,0,-139,259,-4083
3112891154,7457,-3,12,3,-99,346,-4014
3112892154,7459,-7,10,10,-2,309,-4043
3112893154,7460,-5,12,16,1,299,-4041
3112894154,7462,1,12,22,12,337,-4040
3112895154,7464,5,3,26,379,362,-4010
3112896154,7466,6,10,35,16,102,-4096
3112897154,7467,-2,30,46,186,300,-4264
3112898154,7469,8,34,61,263,374,-4058
3112899154,7471,2,42,76,536,250,-3849
3112900154,7473,8,26,84,574,-16,-3890
3112901154,7475,0,20,92,622,-272,-3928
3112902154,7477,-10,13,87,611,-372,-3984
3112903154,7479,4,-11,82,590,-356,-3948
3112904154,7481,-5,-27,76,317,-240,-3888
3112905154,7482,1,-24,62,166,-213,-3850
3112906154,7484,9,-15,55,78,-193,-4125
3112907154,7486,-2,-8,34,136,-167,-4270
3112908154,7487,11,-10,14,218,-99,-4286
3112909154,7488,21,-9,-2,125,-144,-4310
3112910154,7489,14,7,-10,-3,-230,-4406
3112911154,7491,18,9,-18,-28,-207,-4382
3112912154,7492,10,17,-23,36,-61,-4273
3112913154,7493,-1,19,-29,103,89,-4165
3112914154,7494,8,8,-29,12,155,-4158
3112915154,7495,6,11,-26,-122,184,-4085
3112916154,7496,-4,15,-17,-130,226,-4079
3112917154,7497,-2,16,-10,-91,343,-4080
3112918154,7499,0,17,-2,51,434,-4036
3112919154,7500,2,-1,10,30,418,-3970
3112920154,7501,1,1,13,-47,353,-3989
3112921154,7502,1,1,25,-218,322,-4069
3112922154,7504,-10,5,35,88,263,-4160
3112923154,7506,-5,28,61,68,204,-4137
3112924154,7507,-12,43,77,267,298,-4269
3112925154,7509,-7,43,89,349,393,-4188
3112926154,7511,11,40,105,610,238,-3929
3112927154,7513,7,23,114,429,-101,-3868
3112928154,7515,1,9,116,458,-419,-3910
3112929154,7517,-6,9,121,441,-523,-3864
3112930154,7519,-3,-13,117,440,-557,-3835
3112931154,7520,-7,-32,105,161,-496,-3845
3112932154,7522,-6,-41,85,1,-517,-3943
3112933154,7524,-11,-19,68,-52,-449,-4302
3112934154,7525,-5,-8,57,52,-372,-4441
3112935154,7527,-1,0,34,192,-148,-4390
3112936154,7528,16,-3,5,182,-119,-4249
3112937154,7530,15,2,-13,39,-200,-4228
3112938154,7531,14,7,-20,-99,-134,-4288
3112939154,7532,8,24,-22,-64,-86,-4269
3112940154,7533,6,26,-30,112,63,-4144
3112941154,7534,0,25,-31,225,246,-3996
3112942154,7535,1,17,-24,194,427,-3965
3112943154,7537,9,17,-25,151,457,-3942
3112944154,7538,8,12,-19,156,449,-3931
3112945154,7539,0,12,-6,99,500,-4016
3112946154,7541,-2,-2,4,105,507,-3958
3112947154,7542,0,-22,12,5,449,-3830
3112948154,7543,-4,-24,15,-139,393,-3850
3112949154,7545,-6,-15,32,-332,267,-4041
3112950154,7546,-16,6,38,-286,263,-4290
3112951154,7548,-10,8,45,-56,369,-4228
3112952154,7549,-8,9,45,31,380,-4100
3112953154,7551,-2,-4,54,-8,334,-4000
3112954154,7553,1,8,57,-115,114,-4207
3112955154,7554,-2,31,70,34,33,-4362
3112956154,7556,9,33,79,223,68,-4207
3112957154,7558,9,30,77,320,28,-4044
3112958154,7559,11,27,84,331,-195,-3916
3112959154,7561,10,21,85,318,-473,-3969
3112960154,7563,-3,21,86,336,-574,-3999
3112961154,7564,2,8,81,326,-535,-3991
3112962154,7566,0,-2,77,322,-440,-3961
3112963154,7568,-3,3,72,264,-345,-4120
3112964154,7569,5,10,57,358,-214,-4185
3112965154,7570,13,12,44,503,-168,-4104
3112966154,7572,6,23,42,531,-174,-4102
3112967154,7573,13,4,24,450,-219,-4116
3112968154,7574,15,4,21,288,-273,-4071
3112969154,7575,9,1,15,242,-269,-3991
3112970154,7576,5,2,8,195,-119,-4046
3112971154,7577,1,-3,3,181,-49,-4019
3112972154,7578,8,-26,-6,24,90,-3961
3112973154,7579,3,-27,-3,-220,252,-4040
3112974154,7580,-1,-17,-5,-344,378,-4273
3112975154,7581,-1,-13,-5,-342,439,-4311
3112976154,7582,7,-7,-3,-172,504,-4256
3112977154,7583,11,-6,1,-166,532,-4201
3112978154,7583,7,-1,7,-235,455,-4176
3112979154,7584,-2,11,13,-268,349,-4190
3112980154,7585,-1,16,15,-208,356,-4204
3112981154,7587,-3,23,27,-66,382,-4083
3112982154,7588,2,21,34,59,367,-3903
3112983154,7589,2,9,45,-43,301,-3919
3112984154,7590,0,9,50,-53,271,-3927
3112985154,7592,0,10,53,-6,151,-3930
3112986154,7593,-2,6,53,113,103,-4008
3112987154,7595,0,7,56,183,62,-4048
3112988154,7596,7,-9,53,88,-56,-3987
3112989154,7598,2,-6,55,67,-83,-4019
3112990154,7599,-2,4,53,-37,-175,-4114
3112991154,7601,4,4,45,161,-89,-4175
3112992154,7603,0,20,60,245,-18,-4287
3112993154,7604,8,32,60,109,54,-4323
3112994154,7606,11,49,67,346,152,-4508
3112995154,7608,21,67,80,701,8,-4260
3112996154,7610,12,66,80,943,-324,-4023
3112997154,7611,22,39,78,1089,-558,-3866
3112998154,7613,11,25,76,1047,-666,-3712
3112999154,7615,11,-14,66,762,-691,-3521
3113000154,7617,-2,-37,63,539,-571,-3436
3113001154,7618,-14,-60,39,202,-359,-3653
3113002154,7620,-5,-69,36,46,-278,-3841
3113003154,7621,-13,-74,15,-42,-187,-3965
3113004154,7622,-2,-77,2,-387,77,-4270
3113005154,7623,6,-56,-8,-589,250,-4563
3113006154,7624,12,-30,-18,-677,345,-4707
3113007154,7625,16,-22,-21,-635,337,-4700
3113008154,7626,20,-6,-24,-542,263,-4509
3113009154,7627,14,3,-17,-588,199,-4395
3113010154,7627,8,26,-11,-598,200,-4352
3113011154,7628,-3,45,-3,-382,205,-4196
3113012154,7629,-10,48,9,-191,286,-4106
3113013154,7630,-11,42,15,31,402,-3922
3113014154,7631,-11,29,20,126,424,-3803
3113015154,7631,-13,15,25,156,432,-3726
3113016154,7632,-8,14,30,104,415,-3724
3113017154,7633,-5,9,33,131,406,-3789
3113018154,7634,2,-3,37,139,357,-3899
3113019154,7635,9,-19,46,108,306,-3847
3113020154,7636,12,-24,51,-27,217,-3889
3113021154,7638,14,-22,54,-114,149,-4016
3113022154,7639,6,-14,60,-87,22,-4245
3113023154,7640,9,-1,57,52,-96,-4318
3113024154,7641,4,-8,58,87,-86,-4234
3113025154,7643,5,-3,55,42,-67,-4198
3113026154,7644,4,-5,48,-76,-94,-4128
3113027154,7646,6,7,44,-119,-182,-4165
3113028154,7647,1,14,41,84,-143,-4193
3113029154,7649,12,26,43,222,-7,-4221
3113030154,7650,1,39,44,186,109,-4214
3113031154,7652,16,43,55,232,218,-4300
3113032154,7654,26,54,70,478,45,-4148
3113033154,7655,20,52,78,712,-184,-4014
3113034154,7657,20,39,77,870,-340,-3964
3113035154,7659,14,19,85,881,-433,-3866
3113036154,7661,11,-31,77,654,-551,-3610
3113037154,7663,-1,-56,72,263,-562,-3552
3113038154,7665,-10,-66,67,-48,-415,-3764
3113039154,7667,-15,-71,58,-119,-332,-3900
3113040154,7668,-18,-72,49,-228,-38,-4142
3113041154,7670,-4,-81,36,-434,206,-4262
3113042154,7671,3,-59,25,-672,312,-4419
3113043154,7672,10,-27,14,-761,235,-4625
3113044154,7674,17,-16,17,-693,173,-4638
3113045154,7675,18,-1,13,-501,74,-4467
3113046154,7676,14,15,10,-499,62,-4403
3113047154,7677,12,20,17,-487,35,-4355
3113048154,7678,3,39,17,-392,36,-4243
3113049154,7679,-7,42,22,-150,95,-3998
3113050155,7680,1,42,29,18,297,-3878
3113051156,7681,-5,46,34,207,372,-3888
3113052154,7682,-8,38,43,338,363,-3815
3113053154,7683,2,36,39,482,337,-3729
3113054154,7684,-4,17,38,526,205,-3622
3113055154,7685,6,-14,36,366,30,-3717
3113056154,7687,-4,-32,33,166,-65,-3775
3113057154,7688,-1,-35,32,40,-102,-3815
3113058154,7689,-2,-28,36,-25,-20,-4015
3113059154,7690,0,-13,31,99,21,-4228
3113060154,7691,-2,-11,24,243,43,-4266
3113061154,7692,6,-25,9,128,85,-4189
3113062154,7693,5,-14,11,-13,61,-4188
3113063154,7694,8,-11,1,-205,29,-4238
3113064154,7696,1,3,5,-180,0,-4238
3113065154,7697,5,13,3,-53,27,-4161
3113066154,7698,11,3,3,-97,59,-4075
3113067154,7700,11,-4,10,-144,56,-4078
3113068154,7701,3,-3,22,-249,42,-4139
3113069154,7703,3,7,34,-149,86,-4279
3113070154,7704,0,20,50,81,205,-4327
3113071154,7706,3,12,58,138,232,-4350
3113072154,7708,13,25,77,218,294,-4238
3113073154,7710,15,27,86,374,106,-4132
3113074154,7712,11,23,95,500,-111,-4076
3113075154,7714,7,8,103,575,-260,-3856
3113076154,7716,10,-8,99,510,-322,-3740
3113077154,7718,5,-34,94,326,-484,-3620
3113078154,7720,0,-50,85,67,-512,-3724
3113079154,7722,-5,-66,69,-94,-455,-3974
3113080154,7724,-11,-60,70,-155,-384,-4085
3113081154,7726,-5,-59,59,-273,-153,-4234
3113082154,7727,0,-40,41,-330,41,-4307
3113083154,7729,1,-18,28,-279,68,-4328
3113084154,7730,3,-9,6,-173,-22,-4369
3113085154,7732,3,-4,1,-154,-58,-4391
3113086154,7733,6,2,-14,-229,-67,-4363
3113087154,7734,13,19,-14,-212,17,-4236
3113088154,7735,6,34,-18,-29,148,-4074
3113089154,7737,-1,41,-20,79,183,-4014
3113090154,7738,1,25,-29,288,323,-3908
3113091154,7739,2,10,-25,237,388,-3862
3113092154,7740,3,1,-24,81,434,-3898
3113093154,7741,4,4,-20,55,447,-3983
3113094154,7742,3,6,-16,141,446,-3991
3113095154,7744,4,-9,-13,318,458,-3973
3113096154,7745,3,-23,-18,251,440,-3991
3113097154,7746,2,-27,-14,-15,382,-4095
3113098154,7748,4,-20,-5,-181,360,-4180
3113099154,7749,-7,-3,8,-250,355,-4213
3113100154,7751,1,2,19,-155,403,-4336
3113101154,7752,11,14,38,68,345,-4313
3113102154,7754,3,31,56,175,401,-4264
3113103154,7756,6,33,72,236,371,-4226
3113104154,7758,-4,41,89,540,176,-4054
3113105154,7760,8,18,99,543,-144,-4068
3113106154,7762,9,-8,106,551,-514,-3814
3113107154,7764,-2,-28,106,221,-720,-3823
3113108154,7766,5,-46,101,86,-769,-3915
3113109154,7767,2,-47,88,-86,-739,-4066
3113110154,7769,-1,-48,76,-159,-634,-4134
3113111154,7771,-2,-42,61,-179,-499,-4206
3113112154,7772,-6,-34,49,-281,-372,-4296
3113113154,7774,3,-22,24,-312,-193,-4434
3113114154,7775,7,-6,6,-219,-224,-4341
3113115154,7776,5,4,-1,-239,-244,-4393
3113116154,7777,6,19,-8,-168,-206,-4336
3113117154,7778,4,31,-8,-115,-181,-4267
3113118154,7779,0,46,-9,86,-32,-4154
3113119154,7780,6,46,-12,461,102,-3985
3113120154,7782,0,45,-16,740,264,-3811
3113121154,7783,-2,44,-18,801,346,-3741
3113122154,7784,8,21,-26,767,446,-3699
3113123154,7785,11,1,-25,526,475,-3704
3113124154,7786,7,-14,-21,222,440,-3779
3113125154,7787,5,-24,-24,64,454,-3921
3113126154,7788,2,-22,-18,-19,502,-4002
3113127154,7789,9,-32,-5,-134,564,-4164
3113128154,7790,-1,-27,7,-264,571,-4281
3113129154,7792,-2,-24,21,-309,498,-4325
3113130154,7793,-6,-14,25,-346,440,-4358
3113131154,7795,-11,2,35,-278,431,-4428
3113132154,7796,-7,0,48,-96,289,-4447
3113133154,7798,2,-2,49,-38,113,-4293
3113134154,7799,4,8,51,-145,-7,-4125
3113135154,7801,-8,8,53,-168,-59,-4072
3113136154,7803,-8,20,55,-152,-132,-4042
3113137154,7805,-4,25,57,60,-162,-4056
3113138154,7806,-2,20,55,251,-225,-4022
3113139154,7808,-7,15,62,270,-247,-4032
3113140154,7810,-6,20,63,270,-220,-4046
3113141154,7812,-5,17,63,382,-248,-3964
3113142154,7813,5,4,64,353,-329,-4040
3113143154,7815,-4,-1,66,322,-424,-4035
3113144154,7817,-6,2,63,283,-416,-4029
3113145154,7819,-1,6,70,254,-356,-4036
3113146154,7820,0,4,66,319,-300,-3986
3113147154,7822,-5,-5,55,345,-289,-3900
3113148154,7823,4,-27,44,165,-295,-4042
3113149154,7825,6,-21,31,67,-321,-4123
3113150154,7826,2,-14,22,-24,-326,-4231
3113151154,7827,8,-15,3,-2,-196,-4244
3113152154,7828,6,-10,-14,56,9,-4153
3113153154,7829,8,1,-16,32,75,-4126
3113154154,7830,11,-7,-30,-57,163,-4222
3113155154,7831,4,9,-36,-89,245,-4257
3113156154,7832,6,20,-30,-15,320,-4214
3113157154,7833,-2,35,-28,139,390,-4123
3113158154,7834,0,28,-29,209,393,-4085
3113159154,7835,6,12,-30,293,370,-3922
3113160154,7836,0,6,-24,148,362,-3956
3113161154,7837,-3,3,-12,65,416,-4054
3113162154,7838,-1,5,-14,38,525,-3954
3113163154,7839,-5,4,0,40,556,-3870
3113164154,7840,-4,-2,6,22,599,-3875
3113165154,7841,-1,-7,16,-55,476,-4045
3113166154,7842,4,-14,30,-127,325,-4125
3113167154,7844,0,-13,39,-184,251,-4155
3113168154,7845,-2,-3,50,-161,168,-4190
3113169154,7847,-7,-3,55,-79,96,-4185
3113170154,7848,-4,-8,57,-40,-9,-4162
3113171154,7850,-13,-1,54,-36,-70,-4174
3113172154,7851,-9,10,67,-118,-78,-4218
3113173154,7853,-1,26,74,-29,-88,-4241
3113174154,7855,-5,40,81,218,-43,-4179
3113175154,7856,6,43,87,526,-59,-3994
3113176154,7858,-2,45,87,586,-73,-3973
3113177154,7860,2,43,100,611,-209,-4055
3113178154,7861,14,37,109,722,-372,-4005
3113179154,7863,10,22,116,755,-491,-3884
3113180154,7865,9,-4,117,751,-618,-3789
3113181154,7867,3,-8,114,663,-634,-3793
3113182154,7868,2,-35,98,389,-663,-3900
3113183154,7870,-3,-53,78,313,-620,-3999
3113184154,7871,-8,-48,60,144,-629,-4190
3113185154,7872,-6,-56,33,42,-564,-4313
3113186154,7873,4,-56,-2,-11,-390,-4338
3113187154,7874,2,-41,-25,-256,-100,-4370
3113188154,7875,4,-11,-41,-455,293,-4423
3113189154,7875,9,9,-49,-395,459,-4243
3113190154,7876,6,23,-55,-342,460,-4219
3113191154,7876,16,21,-50,-196,425,-4218
3113192154,7877,11,24,-44,-224,356,-4259
3113193154,7877,8,15,-30,-223,361,-4085
3113194154,7878,5,12,-14,-169,414,-3882
3113195154,7879,-14,19,1,-142,485,-3861
3113196154,7879,-17,12,8,15,604,-3902
3113197154,7880,-20,11,14,191,579,-3938
3113198154,7881,-16,7,11,243,528,-3922
3113199154,7882,-17,0,10,210,524,-3903
3113200154,7883,-21,0,16,43,532,-3813
3113201154,7884,-13,2,23,-35,474,-3820
3113202154,7886,-11,8,23,19,372,-3928
3113203154,7887,-11,8,33,69,260,-4086
3113204154,7888,-2,6,39,86,243,-4113
3113205154,7890,0,-7,44,67,145,-4091
3113206154,7891,4,-4,51,-20,-35,-4125
3113207154,7893,0,1,57,5,-129,-4212
3113208154,7895,1,-2,54,19,-166,-4283
3113209154,7897,-1,-11,55,138,-274,-4265
3113210154,7898,-2,-11,49,44,-291,-4158
3113211154,7900,0,-15,38,-134,-297,-4189
3113212154,7902,-5,-3,29,-61,-180,-4204
3113213154,7904,-1,13,31,-129,-182,-4266
3113214154,7905,6,21,27,82,-239,-4324
3113215154,7907,4,36,34,143,-98,-4254
3113216154,7909,19,38,43,425,-73,-4167
3113217154,7910,11,38,42,473,-132,-4079
3113218154,7912,16,35,48,643,-337,-4018
3113219154,7914,11,22,44,750,-616,-3942
3113220154,7916,-1,1,30,717,-578,-3882
3113221154,7917,-5,-32,16,630,-393,-3623
3113222154,7919,-10,-31,17,376,-278,-3640
3113223154,7920,0,-43,0,33,-79,-3878
3113224154,7921,-12,-30,-2,-52,167,-3962
3113225154,7922,0,-35,-16,-83,364,-4081
3113226154,7923,0,-26,-23,-75,455,-4199
3113227154,7924,2,-31,-26,-147,415,-4278
3113228154,7925,12,-28,-21,-304,337,-4438
3113229154,7926,12,-14,-10,-366,264,-4425
3113230154,7927,6,-2,-4,-324,227,-4385
3113231154,7928,5,-6,8,-264,260,-4326
3113232154,7929,1,-2,12,-212,289,-4143
3113233154,7930,3,-5,16,-228,267,-4084
3113234154,7931,-4,9,23,-222,291,-4092
3113235154,7932,-11,22,32,-13,331,-4036
3113236154,7933,-9,22,26,75,340,-3997
3113237154,7934,-1,32,24,246,339,-3924
3113238154,7935,-3,11,10,331,186,-3857
3113239154,7936,2,3,9,229,64,-3882
3113240154,7936,2,3,8,139,77,-3877
3113241154,7937,6,-4,10,21,70,-3923
3113242154,7938,4,-4,20,-17,126,-3912
3113243154,7939,8,-7,22,38,113,-3930
3113244154,7940,12,-16,26,-2,86,-4105
3113245154,7942,6,-17,26,-14,20,-4146
3113246154,7943,-1,-15,29,-70,-105,-4277
3113247154,7944,5,-9,26,-57,-102,-4278
3113248154,7945,6,-12,22,-26,-72,-4168
3113249154,7946,3,-11,25,-45,-40,-4143
3113250154,7948,0,-8,19,-137,-93,-4160
3113251154,7949,-2,9,24,-124,-174,-4200
3113252154,7950,0,10,11,74,-148,-4230
3113253154,7952,1,26,15,111,-167,-4285
3113254154,7953,0,32,13,286,-87,-4374
3113255154,7955,12,38,11,443,24,-4297
3113256154,7956,16,53,21,648,101,-4149
3113257154,7958,20,45,29,656,93,-3958
3113258154,7959,25,43,30,743,-16,-3813
3113259154,7961,14,36,44,752,-82,-3779
3113260154,7963,13,14,50,813,-222,-3732
3113261154,7965,-1,-17,51,829,-335,-3645
3113262154,7967,-9,-55,52,620,-391,-3668
3113263154,7968,-10,-71,51,389,-366,-3717
3113264154,7970,-15,-91,52,-27,-299,-3815
3113265154,7972,-11,-100,41,-377,-223,-4026
3113266154,7974,-18,-91,33,-573,-33,-4273
3113267154,7975,-8,-70,22,-612,101,-4455
3113268154,7976,-13,-67,16,-677,124,-4529
3113269154,7978,2,-41,12,-816,232,-4641
3113270154,7979,9,-7,5,-771,222,-4578
3113271154,7980,9,18,5,-544,100,-4441
3113272154,7981,13,30,7,-422,75,-4351
3113273154,7982,14,28,6,-279,41,-4261
3113274154,7982,7,25,11,-216,16,-4074
3113275154,7983,-4,34,17,-98,12,-3880
3113276154,7984,-6,22,20,99,63,-3816
3113277154,7985,-14,22,21,187,67,-3790
3113278154,7986,-10,2,21,261,135,-3750
3113279154,7987,-9,-16,18,159,254,-3764
3113280154,7987,-7,-18,15,14,321,-3778
3113281154,7988,-6,-25,16,-2,322,-3825
3113282154,7989,-5,-21,18,-21,330,-3911
3113283154,7990,-7,-18,23,20,296,-3948
3113284154,7991,7,-31,22,-106,268,-4032
3113285154,7992,15,-22,31,-173,172,-4080
3113286154,7993,1,-5,41,-157,102,-4138
3113287154,7994,0,6,35,-26,3,-4293
3113288154,7995,-4,9,36,278,-32,-4242
3113289154,7996,-6,6,22,346,-4,-4128
3113290154,7998,0,2,20,208,51,-4076
3113291154,7999,-2,0,7,106,73,-4062
3113292154,8000,4,4,12,63,201,-4060
3113293154,8002,-2,10,12,83,280,-4104
3113294154,8003,10,18,25,151,393,-4222
3113295154,8005,17,13,33,220,400,-4266
3113296154,8007,25,13,53,250,299,-4238
3113297154,8008,25,2,69,273,80,-4166
3113298154,8010,21,1,82,377,-189,-4138
3113299154,8012,18,-15,88,443,-412,-4075
3113300154,8014,8,-34,98,444,-498,-3966
3113301154,8016,-3,-61,89,204,-518,-3775
3113302154,8019,-17,-69,77,-153,-468,-3895
3113303154,8020,-23,-62,65,-324,-375,-4060
3113304154,8022,-20,-52,63,-303,-313,-4098
3113305154,8024,-20,-50,43,-286,-174,-4079
3113306154,8025,-9,-45,33,-395,8,-4160
3113307154,8027,3,-26,20,-494,-68,-4307
3113308154,8028,3,-9,10,-456,-122,-4380
3113309154,8030,5,3,9,-404,-66,-4378
3113310154,8031,11,8,10,-297,-18,-4251
3113311154,8032,18,5,8,-264,-47,-4192
3113312154,8033,10,17,7,-228,-63,-4192
3113313154,8034,8,26,5,-159,7,-4206
3113314154,8035,5,34,4,126,168,-4167
3113315154,8036,-1,34,5,349,244,-4054
3113316154,8037,13,13,0,426,267,-3830
3113317154,8038,7,8,-4,331,224,-3749
3113318154,8039,3,-1,-8,278,197,-3753
3113319154,8040,1,-7,-12,263,194,-3728
3113320154,8041,-6,-16,-10,283,192,-3803
3113321154,8042,-2,-28,-2,166,260,-3883
3113322154,8043,3,-30,-2,-49,322,-3984
3113323154,8044,2,-27,-1,-129,344,-4029
3113324154,8045,-2,-24,4,-153,314,-4186
3113325154,8046,-6,-14,7,-122,363,-4274
3113326154,8047,4,-15,5,-89,336,-4243
3113327154,8049,1,-22,5,-159,335,-4243
3113328154,8050,6,-12,8,-311,271,-4262
3113329154,8051,1,1,25,-323,219,-4300
3113330154,8053,7,1,31,-365,203,-4198
3113331154,8055,8,9,48,-275,221,-4203
3113332154,8056,6,9,49,-104,70,-4234
3113333154,8058,-2,28,63,-5,68,-4379
3113334154,8060,17,27,77,251,108,-4244
3113335154,8062,15,16,77,409,-66,-4010
3113336154,8064,11,16,87,377,-196,-3941
3113337154,8066,12,-5,87,416,-366,-3956
3113338154,8068,10,-13,94,318,-459,-4019
3113339154,8070,11,-27,91,354,-486,-3840
3113340154,8072,7,-42,79,181,-529,-3788
3113341154,8074,-1,-40,73,76,-556,-3845
3113342154,8076,-2,-47,58,-60,-598,-3983
3113343154,8078,-3,-48,46,-179,-553,-4130
3113344154,8079,-4,-40,31,-222,-366,-4241
3113345154,8081,-8,-34,24,-268,-271,-4248
3113346154,8082,-1,-22,12,-260,-149,-4255
3113347154,8084,7,2,-4,-136,-72,-4242
3113348154,8085,7,15,-19,-11,-33,-4356
3113349154,8086,12,23,-31,208,27,-4258
3113350154,8088,14,27,-36,256,53,-4118
3113351154,8089,15,17,-44,297,91,-3946
3113352154,8090,12,9,-45,178,189,-3899
3113353154,8091,16,5,-44,50,289,-3943
3113354154,8092,5,0,-38,-23,480,-3971
3113355154,8093,1,-4,-31,24,564,-3944
3113356154,8095,6,-23,-19,-76,669,-3899
3113357154,8096,2,-33,-1,-199,624,-3923
3113358154,8097,-1,-30,20,-302,546,-4130
3113359154,8099,-3,-29,27,-330,504,-4250
3113360154,8100,-14,-9,51,-172,483,-4279
3113361154,8102,-6,-17,49,-62,442,-4194
3113362154,8103,-2,-18,56,-110,335,-4123
3113363154,8105,-3,-11,63,-224,170,-4219
3113364154,8107,-5,0,67,-252,132,-4250
3113365154,8108,-4,23,75,-101,144,-4229
3113366154,8110,4,19,83,111,171,-4091
3113367154,8112,7,19,91,299,42,-4031
3113368154,8114,16,25,96,305,-51,-4052
3113369154,8115,15,10,95,333,-253,-4084
3113370154,8117,13,-6,91,395,-453,-3942
3113371154,8119,3,-8,92,297,-569,-3980
3113372154,8121,2,-19,84,147,-499,-4125
3113373154,8122,9,-27,80,114,-449,-4121
3113374154,8124,4,-27,71,79,-346,-4075
3113375154,8125,4,-32,54,-19,-283,-4135
3113376154,8127,5,-16,38,-10,-224,-4333
3113377154,8128,7,-3,34,30,-213,-4377
3113378154,8129,17,2,19,196,-125,-4341
3113379154,8130,14,-5,3,204,-81,-4155
3113380154,8131,19,-8,-7,56,-38,-4076
3113381154,8133,11,8,-14,-86,-33,-4095
3113382154,8134,7,17,-12,-14,-19,-4141
3113383154,8135,4,17,-16,172,94,-4149
3113384154,8136,7,10,-22,332,302,-4027
3113385154,8137,11,-10,-24,247,429,-3862
3113386154,8138,13,-16,-27,-15,414,-3875
3113387154,8139,3,-14,-24,-87,417,-3941
3113388154,8141,-4,-10,-12,-162,434,-4140
3113389154,8142,1,-14,-12,-113,517,-4110
3113390154,8143,-5,-21,-1,-247,547,-4045
3113391154,8145,2,-21,2,-348,512,-4063
3113392154,8146,-7,-10,18,-351,395,-4159
3113393154,8148,-9,1,27,-205,324,-4182
3113394154,8150,-10,1,35,-10,277,-4152
3113395154,8151,-7,-8,39,-16,199,-4104
3113396154,8153,-2,-7,39,-64,145,-4106
3113397154,8155,-6,-4,41,-118,70,-4072
3113398154,8157,-4,-7,39,-54,65,-4064
3113399154,8159,4,8,43,-10,-25,-4008
3113400154,8161,0,14,43,179,-112,-4085
3113401154,8163,5,15,45,144,-55,-4046
3113402154,8165,11,14,44,274,-95,-3999
3113403154,8167,-2,15,38,357,-237,-3959
3113404154,8169,9,11,37,381,-406,-4098
3113405154,8171,8,10,34,450,-418,-4098
3113406154,8173,5,9,29,451,-474,-4026
3113407154,8175,3,3,13,528,-341,-3969
3113408154,8177,2,-5,0,526,-206,-3952
3113409154,8179,7,-15,-8,500,-217,-3971
3113410154,8181,13,-24,-21,307,-234,-4064
3113411154,8183,8,-28,-38,89,-207,-4186
3113412154,8184,11,-28,-43,-85,-54,-4196
3113413154,8186,6,-30,-57,-146,119,-4108
3113414154,8187,9,-23,-58,-164,154,-4144
3113415154,8189,12,-25,-56,-273,218,-4296
3113416154,8190,11,-19,-57,-356,265,-4283
3113417154,8192,5,-8,-47,-382,372,-4205
3113418154,8193,0,-1,-45,-276,387,-4182
3113419154,8195,0,0,-37,-218,374,-4179
3113420154,8196,5,-7,-24,-196,317,-4103
3113421154,8198,0,-5,-19,-243,361,-3992
3113422154,8199,-3,1,-4,-238,391,-3953
3113423154,8201,-4,2,-2,-160,354,-3957
3113424154,8202,-6,-3,5,-130,301,-3908
3113425154,8204,1,-4,12,-113,205,-3955
3113426154,8205,-12,1,18,-156,148,-4014
3113427154,8207,-9,2,33,-53,91,-4031
3113428154,8209,-5,-3,31,5,52,-4010
3113429154,8210,-7,-4,28,308,-24,-4066
3113430154,8212,-3,6,41,46,-109,-4163
3113431154,8214,-5,20,45,201,70,-4186
3113432154,8215,-4,29,53,245,154,-4088
3113433154,8217,12,30,57,411,35,-4097
3113434154,8219,17,20,61,583,-222,-3960
3113435154,8221,12,21,58,675,-491,-4040
3113436154,8223,10,5,54,662,-530,-4025
3113437154,8224,5,3,51,688,-534,-3997
3113438154,8226,-1,-24,34,597,-515,-3836
3113439154,8228,7,-47,15,258,-404,-3905
3113440154,8230,9,-43,7,17,-329,-4025
3113441154,8231,-3,-45,-5,-73,-276,-4091
3113442154,8233,1,-40,-19,-143,-66,-4273
3113443154,8234,9,-43,-33,-198,110,-4332
3113444154,8235,15,-40,-32,-308,176,-4329
3113445154,8237,8,-18,-31,-488,186,-4413
3113446154,8238,11,-12,-34,-508,210,-4417
3113447154,8240,5,-15,-30,-442,215,-4246
3113448154,8241,0,3,-12,-413,220,-4149
3113449154,8243,-8,9,-5,-368,275,-4139
3113450154,8244,-7,14,-2,-122,266,-4013
3113451154,8246,-8,16,6,-67,279,-3988
3113452154,8248,-5,7,7,56,325,-3921
3113453154,8249,-8,0,6,98,295,-3888
3113454154,8251,-6,-4,4,87,313,-3892
3113455154,8253,-16,0,9,83,294,-3880
3113456154,8254,-6,-9,8,51,288,-3841
3113457154,8256,0,-25,9,-10,212,-3902
3113458154,8258,1,-20,11,-64,77,-4004
3113459154,8260,-9,-15,9,43,113,-4153
3113460154,8262,-2,-3,23,-20,143,-4257
3113461154,8264,4,-3,19,201,58,-4324
3113462154,8266,2,5,23,177,174,-4175
3113463154,8268,5,9,26,235,73,-4172
3113464154,8270,1,10,22,308,75,-4066
3113465154,8272,11,16,23,368,-90,-4067
3113466154,8274,13,3,20,496,-104,-4063
3113467154,8276,9,-3,17,400,-81,-4038
3113468154,8278,13,-11,15,390,-234,-3987
3113469154,8280,14,-17,11,343,-284,-3976
3113470154,8282,13,-24,10,256,-255,-3889
3113471154,8283,7,-39,1,157,-210,-3940
3113472154,8285,10,-51,-3,-66,-184,-4132
3113473154,8287,9,-53,-5,-147,-130,-4170
3113474154,8288,16,-51,-14,-300,-58,-4130
3113475154,8290,3,-40,-22,-399,6,-4197
3113476154,8291,8,-38,-29,-422,36,-4342
3113477154,8293,6,-31,-31,-459,116,-4399
3113478154,8294,8,-23,-31,-502,152,-4353
3113479154,8296,6,-7,-31,-500,226,-4254
3113480154,8297,3,8,-28,-417,198,-4127
3113481154,8299,1,17,-20,-281,162,-4052
3113482154,8300,-6,13,-21,-111,139,-4078
3113483154,8302,-2,17,-21,-60,134,-4065
3113484154,8303,1,3,-19,39,189,-3947
3113485154,8305,-2,3,-20,35,213,-3887
3113486154,8307,-4,-1,-13,61,167,-3920
3113487154,8308,3,-3,-18,62,167,-3950
3113488154,8310,4,-5,-19,138,172,-3934
3113489154,8312,1,-16,-20,354,229,-4000
3113490154,8314,8,-5,-11,106,162,-4094
3113491154,8316,7,24,0,159,332,-4314
3113492154,8318,12,23,8,241,344,-4291
3113493154,8320,17,31,8,599,189,-4176
3113494154,8322,24,26,14,691,-52,-3961
3113495154,8324,19,4,16,674,-266,-3810
3113496154,8327,10,-2,10,624,-318,-3760
3113497154,8329,9,-28,11,493,-381,-3662
3113498155,8332,-6,-51,8,302,-354,-3672
3113499154,8334,-7,-69,-1,8,-187,-3964
3113500154,8336,-4,-73,-6,-183,-113,-4104
3113501154,8339,-6,-69,-7,-322,-34,-4196
3113502154,8341,0,-71,-12,-546,59,-4390
3113503154,8343,-2,-55,-20,-619,52,-4529
3113504154,8345,6,-34,-18,-631,-20,-4622
3113505154,8347,11,-25,-16,-616,11,-4622
3113506154,8349,9,-1,-12,-582,26,-4609
3113507154,8351,15,7,-15,-420,-34,-4392
3113508154,8353,-1,16,-14,-363,-126,-4146
3113509154,8355,-6,18,-12,-296,-60,-4072
3113510154,8357,-7,24,-19,-227,19,-4059
3113511154,8359,-10,13,-16,-11,48,-3912
3113512154,8361,-14,11,-11,117,46,-3825
3113513154,8363,-7,0,-9,100,110,-3891
3113514154,8365,-2,5,-11,257,130,-3916
3113515154,8366,-6,-2,-18,253,90,-3937
3113516154,8368,8,-14,-22,415,169,-4092
3113517154,8370,-4,-10,-14,317,177,-4155
3113518154,8372,11,10,-18,116,353,-4202
3113519154,8374,16,14,-15,291,434,-4187
3113520154,8375,13,26,-10,440,320,-4041
3113521154,8377,24,19,3,505,254,-3967
3113522154,8379,20,18,3,473,214,-3882
3113523154,8381,21,8,19,433,38,-3840
3113524154,8383,15,1,17,486,-81,-3773
3113525154,8385,2,-17,20,479,-244,-3681
3113526154,8387,-8,-41,21,343,-327,-3757
3113527154,8389,-15,-70,13,95,-309,-3868
3113528154,8391,-21,-72,11,-99,-246,-3960
3113529154,8393,-23,-75,8,-442,-100,-4210
3113530154,8395,-22,-59,6,-542,124,-4436
3113531154,8396,-16,-39,5,-497,287,-4587
3113532154,8398,-8,-24,-6,-542,255,-4688
3113533154,8400,1,-14,-7,-464,180,-4660
3113534154,8402,9,-7,-4,-412,8,-4531
3113535154,8403,5,10,-7,-319,-179,-4448
3113536154,8405,1,18,-4,-222,-159,-4337
3113537154,8407,1,15,-2,-171,-114,-4223
3113538154,8408,1,21,-3,-11,-85,-3940
3113539154,8410,-2,10,-8,34,-120,-3847
3113540154,8412,-9,-1,-7,30,-98,-3836
3113541154,8414,-10,2,-12,132,99,-3805
3113542154,8416,-14,2,-16,178,129,-3804
3113543154,8417,-1,-6,-16,228,80,-3939
3113544154,8419,-8,-8,-20,238,45,-3869
3113545154,8421,-8,-9,-33,549,157,-4156
3113546154,8423,0,12,-33,282,170,-4253
3113547154,8425,-6,31,-30,629,449,-4417
3113548154,8427,20,37,-21,632,484,-4264
3113549154,8429,24,42,-11,782,351,-4010
3113550154,8431,18,33,-5,784,6,-3708
3113551154,8434,22,21,-3,795,-130,-3755
3113552154,8436,0,1,0,684,-278,-3713
3113553154,8438,0,-46,4,575,-322,-3572
3113554154,8441,-21,-81,6,92,-208,-3771
3113555154,8443,-19,-81,6,-446,-48,-4034
3113556154,8446,-22,-84,3,-321,-25,-4073
3113557154,8448,-30,-78,-2,-472,71,-4269
3113558154,8450,-18,-59,-11,-626,231,-4734
3113559154,8452,-8,-47,-17,-704,307,-4751
3113560154,8454,-9,-28,-14,-650,324,-4668
3113561154,8456,6,-5,-18,-688,180,-4566
3113562154,8458,8,9,-20,-546,-94,-4489
3113563154,8460,-2,16,-24,-371,-233,-4363
3113564154,8462,-3,35,-18,-253,-155,-4198
3113565154,8464,-10,42,-18,-173,-116,-4098
3113566154,8466,-12,34,-23,18,-70,-3831
3113567154,8468,-15,20,-24,179,-61,-3736
3113568154,8470,-23,5,-25,188,51,-3781
3113569154,8471,-15,-5,-25,111,92,-3841
3113570154,8473,-14,-10,-33,208,170,-3861
3113571154,8475,-8,-16,-31,161,211,-3866
3113572154,8477,0,-23,-40,184,137,-3907
3113573154,8479,-1,-17,-47,120,101,-4037
3113574154,8481,-5,-10,-44,98,101,-4090
3113575154,8483,0,-16,-64,-82,236,-4079
3113576154,8484,10,21,-40,-61,260,-4083
3113577154,8486,-8,25,-42,442,400,-4230
3113578154,8488,6,36,-32,360,545,-4123
3113579154,8490,6,41,-22,422,421,-4138
3113580154,8493,9,30,-18,622,263,-3870
3113581154,8495,9,8,-13,682,-66,-3876
3113582154,8497,6,-18,-16,487,-197,-3883
3113583154,8500,-5,-32,-14,345,-250,-3911
3113584154,8502,-3,-41,-4,81,-197,-3936
3113585154,8504,-5,-59,-6,-314,-136,-4027
3113586154,8507,-3,-55,-11,-381,-83,-4082
3113587154,8509,-13,-42,-18,-477,-21,-4506
3113588154,8511,-16,-34,-16,-590,75,-4632
3113589154,8513,-4,-18,-20,-495,239,-4533
3113590154,8515,2,-8,-20,-443,174,-4319
3113591154,8518,-5,-1,-26,-390,-98,-4373
3113592154,8520,-5,12,-23,-399,-165,-4422
3113593154,8522,-1,15,-19,-262,-149,-4327
3113594154,8524,-7,26,-21,-93,-71,-4081
3113595154,8526,-3,23,-14,13,-28,-3956
3113596154,8528,2,9,-19,95,-36,-3821
3113597154,8530,1,5,-23,101,9,-3793
3113598154,8532,2,-1,-22,94,-1,-3827
3113599154,8534,0,-14,-26,27,31,-3955
3113600154,8536,-5,-6,-24,301,62,-4022
3113601154,8538,4,7,-22,70,116,-4017
3113602154,8540,-6,19,-30,344,80,-4181
3113603154,8542,4,27,-34,572,375,-4000
3113604154,8544,13,13,-34,589,256,-4021
3113605154,8546,16,11,-34,599,80,-3982
3113606154,8548,18,14,-35,590,-25,-3946
3113607154,8550,11,9,-33,530,-34,-3930
3113608154,8552,13,-9,-32,525,123,-3804
3113609154,8555,14,-37,-33,327,155,-3792
3113610154,8557,14,-50,-31,-42,20,-3999
3113611154,8559,12,-50,-33,-211,-14,-4071
3113612154,8561,8,-53,-30,-347,29,-4195
3113613154,8563,3,-44,-33,-333,106,-4336
3113614154,8565,-2,-40,-30,-418,188,-4400
3113615154,8567,2,-30,-30,-525,236,-4432
3113616154,8569,-4,-10,-23,-523,264,-4386
3113617154,8571,-3,3,-25,-409,79,-4300
3113618154,8573,-5,10,-17,-295,-42,-4358
3113619154,8575,-3,10,-15,-179,-46,-4218
3113620154,8577,-5,10,-22,-109,-59,-4128
3113621154,8579,-4,14,-13,-158,-85,-3976
3113622154,8581,0,12,-3,127,2,-4036
3113623154,8583,-4,14,-8,236,-77,-4085
3113624154,8586,-9,28,-3,323,154,-4061
3113625154,8588,3,8,-6,368,271,-3896
3113626154,8590,5,3,-3,355,52,-3853
3113627154,8592,2,9,0,396,-155,-3936
3113628154,8594,8,5,2,503,-264,-4074
3113629154,8597,-2,0,-6,524,-258,-3990
3113630154,8599,5,-15,-6,535,-204,-3822
3113631154,8601,2,-25,-14,282,-127,-3843
3113632154,8603,-6,-26,-25,134,-108,-4007
3113633154,8605,-2,-24,-28,107,-104,-4092
3113634154,8607,3,-33,-38,118,-8,-4133
3113635154,8609,1,-45,-44,-17,38,-4116
3113636154,8611,7,-46,-49,-289,96,-4271
3113637154,8613,10,-31,-43,-377,194,-4331
3113638154,8615,13,-23,-40,-392,212,-4288
3113639154,8617,4,-19,-40,-344,221,-4210
3113640154,8619,1,-10,-32,-374,167,-4246
3113641154,8622,4,-7,-30,-324,88,-4250
3113642154,8624,-8,3,-18,-225,118,-4141
3113643154,8626,-5,-3,-18,-178,122,-4069
3113644154,8628,-7,-6,-16,-165,177,-4026
3113645154,8630,-10,1,-4,-172,198,-3991
3113646154,8632,-14,-2,0,150,172,-4089
3113647154,8634,7,3,7,-302,289,-4029
3113648154,8636,-7,14,11,131,384,-4146
3113649154,8639,6,20,27,164,450,-4186
3113650154,8641,14,35,36,490,233,-4135
3113651154,8643,12,20,45,626,-79,-3951
3113652154,8645,15,11,44,692,-267,-3925
3113653154,8648,7,1,52,609,-423,-3854
3113654154,8650,0,-23,45,608,-538,-3773
3113655154,8652,-14,-43,34,430,-522,-3725
3113656154,8655,-15,-50,32,347,-454,-3737
3113657154,8657,-7,-66,13,84,-322,-3807
3113658154,8659,-22,-63,-5,-76,-228,-4071
3113659154,8661,-9,-61,-23,-350,-58,-4206
3113660154,8662,-4,-52,-30,-437,111,-4330
3113661154,8664,-8,-42,-38,-511,208,-4423
3113662154,8666,7,-27,-37,-575,308,-4518
3113663154,8668,16,-14,-38,-499,249,-4426
3113664154,8669,14,-9,-35,-407,107,-4300
3113665154,8671,12,-3,-30,-401,46,-4301
3113666154,8673,3,4,-17,-380,42,-4274
3113667154,8675,2,3,-18,-253,127,-4055
3113668154,8677,-3,-2,-12,-195,198,-3864
3113669154,8679,-13,-1,-13,-162,195,-3893
3113670154,8681,-16,-1,-5,-132,256,-3902
3113671154,8683,-14,-6,-4,-17,390,-3925
3113672154,8685,-2,-9,-8,78,351,-3914
3113673154,8687,1,-16,-7,53,251,-3991
3113674154,8689,-6,-24,-16,194,185,-4095
3113675154,8691,11,-8,0,-7,265,-4116
3113676154,8693,13,-9,1,166,194,-4217
3113677154,8696,10,17,17,187,365,-4297
3113678154,8698,19,21,23,493,199,-4228
3113679154,8700,22,24,15,580,163,-4106
3113680154,8703,20,9,17,719,-163,-3881
3113681154,8706,17,-5,18,707,-318,-3765
3113682154,8708,8,-35,13,537,-379,-3738
3113683154,8711,-3,-63,4,310,-309,-3690
3113684154,8713,1,-77,4,102,-267,-3656
3113685154,8716,-11,-94,-11,-132,-322,-3778
3113686154,8719,-9,-85,-10,-501,-206,-4098
3113687154,8721,-11,-69,-10,-601,42,-4453
3113688154,8723,-10,-54,-17,-634,151,-4508
3113689154,8726,1,-40,-15,-640,267,-4613
3113690154,8728,18,-21,-17,-541,161,-4560
3113691154,8731,9,-12,-15,-390,-2,-4437
3113692154,8733,6,-2,-20,-419,-39,-4421
3113693154,8735,10,4,-19,-417,-39,-4387
3113694154,8738,7,9,-16,-309,-34,-4154
3113695154,8740,2,19,-15,-179,-27,-3898
3113696154,8742,-3,17,-12,-36,20,-3833
3113697154,8745,-2,12,-11,-11,63,-3878
3113698154,8747,-8,6,-12,203,131,-3875
3113699154,8749,-7,-6,-26,252,147,-3973
3113700154,8751,16,-7,-33,318,112,-3953
3113701154,8754,-1,-9,-34,437,290,-4102
3113702154,8756,8,-6,-33,328,326,-4103
3113703154,8758,25,-5,-33,412,296,-4041
3113704154,8760,20,-2,-31,326,205,-3873
3113705154,8763,15,-4,-25,244,120,-3941
3113706154,8765,16,-18,-22,257,82,-3869
3113707154,8767,16,-22,-22,252,12,-3806
3113708154,8770,5,-49,-19,116,-50,-3892
3113709154,8772,2,-67,-9,-222,-16,-4006
3113710154,8775,0,-64,-11,-391,25,-4087
3113711154,8777,-6,-60,-9,-478,83,-4195
3113712154,8780,-9,-37,-1,-515,188,-4363
3113713154,8782,2,-29,-6,-399,225,-4385
3113714154,8785,4,-18,-5,-356,125,-4364
3113715154,8787,11,-8,-13,-332,-52,-4374
3113716154,8789,10,-2,-13,-217,-134,-4383
3113717154,8792,-1,9,-20,-86,-171,-4340
3113718154,8794,7,14,-15,-124,-140,-4159
3113719154,8796,0,20,-12,197,-12,-4128
3113720154,8799,-8,32,-6,205,120,-3973
3113721154,8801,20,20,-9,316,175,-4140
3113722154,8803,28,6,-9,636,121,-3991
3113723154,8806,31,-3,-14,478,27,-4024
3113724154,8808,31,-7,-12,534,-22,-3823
3113725154,8811,43,-16,-17,506,-186,-3726
3113726154,8813,19,-35,-19,450,-352,-3777
3113727154,8815,14,-44,-25,150,-262,-3914
3113728154,8818,14,-51,-35,-72,-109,-3912
3113729154,8820,1,-54,-33,-135,-35,-4087
3113730154,8822,-4,-46,-34,-310,110,-4137
3113731154,8824,5,-36,-37,-351,291,-4241
3113732154,8827,4,-36,-28,-387,450,-4291
3113733154,8829,7,-24,-21,-325,320,-4260
3113734154,8831,11,-22,-26,-318,220,-4313
3113735154,8834,9,-8,-15,-361,149,-4436
3113736154,8836,23,2,-8,-241,94,-4249
3113737154,8838,11,0,-5,-95,55,-4090
3113738154,8841,11,0,-4,-126,29,-4128
3113739154,8843,10,1,-6,126,57,-4152
3113740154,8846,11,-2,0,73,42,-4058
3113741154,8848,6,9,10,309,107,-4073
3113742154,8851,7,6,14,325,188,-4008
3113743154,8853,7,14,14,425,124,-4059
3113744154,8856,9,13,15,566,28,-3920
3113745154,8859,16,-6,9,627,-228,-3942
3113746154,8861,16,-20,6,517,-312,-3935
3113747154,8864,8,-29,1,398,-401,-4062
3113748154,8867,11,-39,-10,303,-423,-4053
3113749154,8869,5,-47,-24,173,-333,-4021
3113750154,8872,-4,-45,-33,-15,-188,-4054
3113751154,8874,8,-36,-45,-114,27,-4211
3113752154,8877,1,-29,-50,-130,95,-4179
3113753154,8879,1,-26,-58,-141,113,-4147
3113754154,8882,-2,-17,-69,-270,158,-4220
3113755154,8884,6,-14,-71,-339,178,-4269
3113756154,8887,4,-8,-63,-299,115,-4190
3113757156,8890,-9,0,-55,-280,108,-4170
3113758154,8892,-9,-3,-44,-313,290,-4156
3113759154,8895,-8,-9,-34,-177,344,-4062
3113760154,8898,-17,-13,-26,-277,282,-4001
3113761154,8900,-2,-2,1,93,265,-4048
3113762154,8903,-12,6,5,25,193,-4168
3113763154,8906,-16,12,21,24,354,-4033
3113764154,8909,6,-1,30,328,353,-3946
3113765154,8911,0,-9,32,341,92,-3942
3113766154,8914,0,-13,42,257,-49,-4055
3113767154,8917,3,-21,43,165,-252,-4079
3113768154,8920,2,-22,48,106,-289,-3895
3113769154,8923,-3,-34,45,5,-378,-4029
3113770154,8925,-6,-25,27,92,-429,-4131
3113771154,8928,-9,-24,14,133,-421,-4174
3113772154,8930,0,-20,-9,263,-329,-4261
3113773154,8933,3,-14,-36,332,-195,-4286
3113774154,8935,13,-14,-60,204,-84,-4189
3113775154,8937,14,-11,-59,106,1,-4102
3113776154,8939,10,-2,-82,-64,27,-4019
3113777154,8941,13,-2,-79,-129,80,-4146
3113778154,8943,2,1,-64,-72,110,-4078
3113779154,8945,-1,-12,-62,-86,229,-3963
3113780154,8947,5,-24,-59,-285,277,-3948
3113781154,8949,14,-20,-23,-361,474,-4012
3113782154,8951,0,-14,-9,-87,299,-4148
3113783154,8953,-5,2,22,-98,542,-4107
3113784154,8955,-4,-1,27,131,736,-4077
3113785154,8958,-2,-7,36,180,590,-3924
3113786154,8960,7,-14,48,55,219,-4001
3113787154,8962,4,-17,62,-29,-35,-3982
3113788154,8965,-1,-18,60,-34,-196,-4057
3113789154,8967,-3,-14,62,9,-246,-4079
3113790154,8969,-4,-23,59,68,-332,-4086
3113791154,8972,1,-26,39,125,-351,-4185
3113792154,8974,1,-18,23,183,-306,-4233
3113793154,8976,2,-7,11,151,-214,-4215
3113794154,8978,8,-1,-6,167,32,-4259
3113795154,8980,23,-5,-22,238,79,-4115
3113796154,8982,27,-14,-38,180,-89,-4030
3113797154,8984,30,-25,-41,-63,-46,-4098
3113798154,8986,25,-19,-34,-180,11,-4094
3113799154,8988,27,-27,-31,-200,110,-3909
3113800154,8991,10,-23,-14,-309,76,-3932
3113801154,8993,11,-30,-6,-218,74,-4030
3113802154,8995,3,-20,-4,-165,88,-4138
3113803154,8998,1,-30,-4,-292,191,-4161
3113804154,9000,1,-19,13,-151,427,-4138
3113805154,9002,3,-3,24,-29,446,-4126
3113806154,9005,1,12,36,-54,609,-4058
3113807154,9007,8,15,48,160,648,-4029
3113808154,9010,13,16,52,357,365,-3791
3113809154,9013,23,1,59,330,-108,-3943
3113810154,9016,5,-5,58,486,-539,-4093
3113811154,9019,7,-24,48,493,-586,-4116
3113812154,9022,8,-36,35,481,-599,-4008
3113813154,9024,1,-45,17,318,-410,-3908
3113814154,9027,5,-47,-6,-11,-168,-4072
3113815154,9029,5,-38,-29,-22,176,-4066
3113816154,9032,3,-33,-34,-75,277,-4099
3113817154,9034,20,-35,-53,-95,350,-4187
3113818154,9037,22,-35,-65,-203,177,-4174
3113819154,9039,25,-39,-58,-360,51,-4260
3113820154,9042,22,-33,-48,-406,-31,-4218
3113821154,9044,10,-26,-37,-430,-33,-4203
3113822154,9047,4,-29,-29,-393,74,-4164
3113823154,9049,-5,-21,-21,-297,181,-4162
3113824154,9052,7,-27,-10,-225,230,-4114
3113825154,9054,1,-28,-13,-270,323,-3983
3113826154,9057,0,-22,-12,-165,326,-4031
3113827154,9059,7,-12,-4,-179,410,-4057
3113828154,9062,7,-4,-3,-61,375,-4079
3113829154,9064,19,15,5,114,327,-4137
3113830154,9067,18,21,3,261,257,-4048
3113831154,9070,11,24,5,468,44,-4059
3113832154,9072,16,18,14,622,-206,-4010
3113833154,9075,8,-7,7,674,-418,-3773
3113834154,9078,1,-37,4,559,-427,-3635
3113835154,9080,-10,-49,4,341,-322,-3659
3113836154,9083,7,-75,-2,139,-138,-3800
3113837154,9085,0,-80,-13,6,-68,-3946
3113838154,9088,5,-78,-18,-204,33,-4262
3113839154,9091,2,-73,-27,-260,117,-4370
3113840154,9093,12,-63,-26,-472,270,-4346
3113841154,9095,20,-53,-32,-454,56,-4326
3113842154,9098,11,-39,-33,-535,-112,-4436
3113843154,9100,15,-24,-26,-515,-128,-4439
3113844154,9103,4,-16,-20,-405,-80,-4335
3113845154,9105,4,-11,-17,-333,67,-4207
3113846154,9107,10,-12,-15,-308,162,-4115
3113847154,9110,6,2,-4,-234,117,-4029
3113848154,9112,3,13,-1,-32,73,-4038
3113849154,9115,1,29,13,123,175,-4245
3113850154,9117,10,33,13,424,239,-4152
3113851154,9120,12,15,6,710,7,-3730
3113852154,9122,0,4,3,596,-277,-3852
3113853154,9125,9,-3,3,536,-336,-3885
3113854154,9127,-9,-18,-5,529,-320,-3717
3113855154,9130,-9,-39,-5,442,-269,-3650
3113856154,9133,-16,-53,-14,253,-145,-3786
3113857154,9135,-9,-75,-17,161,-41,-3985
3113858154,9138,-14,-78,-15,-37,26,-4052
3113859154,9141,-13,-72,-17,-340,325,-4252
3113860154,9143,5,-60,-5,-462,427,-4385
3113861154,9146,9,-53,-3,-456,261,-4292
3113862154,9149,6,-48,-2,-508,158,-4334
3113863154,9151,13,-33,1,-528,-63,-4510
3113864154,9154,0,-15,5,-396,11,-4459
3113865154,9157,4,-16,14,-275,185,-4317
3113866154,9160,6,-4,21,-271,88,-4209
3113867154,9163,13,7,25,-232,92,-4232
3113868154,9165,3,17,37,-171,133,-4185
3113869154,9168,11,28,51,169,238,-4054
3113870154,9171,5,21,51,455,160,-4034
3113871154,9174,9,10,47,462,84,-4019
3113872154,9176,18,-5,46,527,-126,-3895
3113873154,9179,-2,-16,31,728,-395,-3818
3113874154,9182,7,-36,17,725,-461,-4059
3113875154,9184,7,-61,-7,741,-475,-3841
3113876154,9187,6,-68,-18,619,-301,-3778
3113877154,9189,-3,-67,-34,-41,23,-3973
3113878154,9192,14,-60,-44,-250,296,-3989
3113879154,9194,8,-49,-50,-322,395,-4050
3113880154,9196,13,-40,-50,-369,529,-4136
3113881154,9198,23,-52,-43,-435,409,-4391
3113882154,9200,14,-48,-34,-478,210,-4356
3113883154,9203,6,-28,-24,-597,174,-4379
3113884154,9205,-1,2,-4,-457,183,-4446
3113885154,9207,1,8,7,-384,274,-4422
3113886154,9210,6,8,24,-105,380,-4048
3113887154,9212,-6,6,30,-76,350,-3962
3113888154,9214,7,10,44,-62,277,-3992
3113889154,9217,6,6,43,70,147,-3862
3113890154,9219,-1,-2,46,193,78,-3799
3113891154,9222,7,-15,45,172,-26,-3826
3113892154,9224,12,-39,45,144,-145,-3913
3113893154,9227,-1,-36,39,67,-293,-4046
3113894154,9230,2,-35,30,244,-351,-4068
3113895154,9232,-5,-32,13,366,-381,-4195
3113896154,9235,-1,-30,-8,490,-308,-4278
3113897154,9237,6,-44,-24,326,-198,-4133
3113898154,9240,7,-34,-43,-46,-118,-4143
3113899154,9242,0,-27,-46,-148,22,-4109
3113900154,9244,16,-20,-52,-278,178,-4100
3113901154,9247,10,-21,-54,-196,190,-3996
3113902154,9250,7,-25,-49,-359,282,-4132
3113903154,9252,12,-17,-37,-524,298,-4194
3113904154,9255,17,-6,-18,-292,205,-4149
3113905154,9258,2,10,4,-127,231,-4144
3113906154,9261,5,6,18,137,344,-4142
3113907154,9264,13,-7,32,187,235,-4041
3113908154,9267,16,-18,35,76,161,-4069
3113909154,9270,9,-23,43,-25,67,-4022
3113910154,9273,9,-25,47,-119,-18,-3977
3113911154,9276,6,-30,50,-97,-60,-3865
3113912154,9279,2,-23,52,-15,-103,-3857
3113913154,9282,7,-39,47,-92,-133,-4047
3113914154,9285,7,-26,24,120,-230,-4222
3113915154,9288,17,-28,-2,267,-315,-4405
3113916154,9291,12,-24,-21,293,-271,-4292
3113917154,9294,9,-30,-23,169,-142,-4153
3113918154,9296,18,-22,-45,-89,11,-4085
3113919154,9299,18,-11,-52,-160,39,-4073
3113920154,9302,14,-7,-53,-96,87,-4016
3113921154,9304,11,-11,-54,-23,254,-3912
3113922154,9307,21,-32,-49,-293,297,-3921
3113923154,9310,28,-39,-41,-373,302,-3871
3113924154,9312,18,-35,-23,-466,250,-3937
3113925154,9315,16,-24,-18,-305,132,-4144
3113926154,9318,10,-31,-17,-98,179,-4164
3113927154,9320,16,-35,-2,-257,215,-4172
3113928154,9323,8,-25,12,-240,354,-4075
3113929154,9326,18,-6,22,-361,442,-4131
3113930154,9329,17,7,33,-27,402,-4003
3113931154,9331,14,6,30,180,266,-3989
3113932154,9334,18,-13,39,272,-2,-4099
3113933154,9337,15,-18,23,389,-274,-4104
3113934154,9340,13,-15,21,329,-386,-4169
3113935154,9343,21,-10,11,379,-434,-4140
3113936154,9346,4,-25,0,490,-337,-4008
3113937154,9348,16,-32,-16,179,-12,-4065
3113938154,9351,24,-33,-33,26,189,-3986
3113939154,9354,25,-35,-40,-47,168,-3905
3113940154,9356,25,-34,-37,-121,235,-3975
3113941154,9359,33,-25,-30,-75,162,-4206
3113942154,9362,34,-33,-24,-31,57,-4206
3113943154,9364,35,-33,-9,-131,57,-4040
3113944154,9367,22,-30,-3,-119,7,-4048
3113945154,9370,11,-35,16,-148,-202,-4170
3113946154,9373,3,-30,25,-33,-112,-4129
3113947154,9376,5,-42,24,-37,-30,-4003
3113948154,9379,3,-45,11,-83,-9,-4057
3113949154,9382,6,-43,17,-255,24,-4094
3113950154,9385,17,-41,-1,-102,-39,-4119
3113951154,9388,12,-19,-6,-35,22,-4178
3113952154,9391,20,-22,-24,21,84,-4262
3113953154,9393,16,-19,-30,72,39,-4133
3113954154,9396,16,-14,-46,-21,36,-4035
3113955154,9399,26,-14,-40,-100,12,-4028
3113956154,9402,13,-10,-39,-68,-31,-4070
3113957154,9405,14,-27,-31,-174,122,-3974
3113958154,9408,12,-30,-32,147,230,-3974
3113959154,9411,14,-35,-20,-53,233,-3949
3113960154,9414,13,-32,-1,-38,437,-4209
3113961154,9417,24,-29,7,150,416,-4176
3113962154,9420,18,-24,18,154,237,-4094
3113963154,9423,24,-24,22,75,153,-4164
3113964154,9426,17,-20,24,87,22,-4196
3113965154,9430,17,-7,24,190,-162,-4083
3113966154,9433,5,-8,20,363,-294,-4035
3113967154,9436,1,-17,10,370,-314,-4037
3113968154,9439,0,-24,-9,338,-229,-3970
3113969154,9442,7,-42,-25,265,-162,-3892
3113970154,9445,9,-50,-39,-80,-1,-3917
3113971154,9448,12,-50,-51,-148,119,-3947
3113972155,9451,13,-51,-46,-297,176,-4028
3113973154,9454,29,-44,-41,-316,216,-4188
3113974156,9457,24,-45,-43,-306,144,-4219
3113975154,9460,27,-42,-36,-400,98,-4255
3113976154,9463,18,-32,-37,-273,53,-4310
3113977154,9466,7,-35,-28,-317,-45,-4375
3113978154,9469,7,-33,-20,-302,87,-4292
3113979154,9472,-2,-20,-11,-353,139,-4187
3113980154,9475,-4,-9,-4,-179,308,-4209
3113981154,9478,-3,5,-3,-179,322,-4149
3113982156,9481,13,4,10,67,253,-4048
3113983154,9483,6,14,-2,326,-7,-3995
3113984154,9487,12,14,-1,479,-202,-4143
3113985154,9490,17,12,0,678,-285,-3882
3113986154,9493,8,-1,-13,641,-261,-3758
3113987154,9495,8,-23,-25,487,-205,-3755
3113988154,9498,5,-44,-43,240,-137,-3779
3113989154,9501,9,-46,-46,34,12,-3708
3113990154,9504,4,-55,-44,-119,141,-3725
3113991154,9507,13,-54,-44,-428,354,-3935
3113992154,9510,13,-47,-39,-271,327,-4113
3113993154,9513,23,-39,-16,-328,231,-4306
3113994154,9516,9,-21,-5,-196,138,-4555
3113995154,9519,13,-24,-4,-215,135,-4576
3113996154,9522,22,-20,16,-96,98,-4374
3113997154,9526,14,-6,28,-61,-55,-4224
3113998154,9529,4,-8,41,-116,-80,-4198
3113999154,9532,8,-9,34,-97,-10,-4100
3114000154,9535,9,-8,46,140,-106,-3968
3114001154,9538,-2,-12,30,344,-245,-3879
3114002154,9541,2,-25,15,383,-372,-4017
3114003154,9544,-1,-39,-9,609,-429,-4021
3114004154,9547,-3,-38,-16,389,-316,-4008
3114005154,9550,6,-34,-28,184,7,-4132
3114006154,9553,5,-39,-44,27,134,-4012
3114007154,9555,12,-36,-51,-27,199,-3924
3114008154,9558,17,-33,-50,-87,170,-3980
3114009154,9561,17,-53,-55,-151,-3,-4135
3114010154,9564,5,-57,-42,-464,44,-4107
3114011154,9567,1,-42,-31,-582,191,-4111
3114012154,9570,-6,-20,-12,-510,194,-4176
3114013156,9573,-7,-7,-2,-290,208,-4262
3114014154,9575,-4,-1,15,-54,310,-4229
3114015154,9578,-3,-4,18,-60,432,-4177
3114016154,9581,6,-1,18,0,393,-4054
3114017154,9584,10,-2,26,67,133,-4008
3114018154,9587,14,-2,26,134,13,-4056
3114019154,9590,6,-15,33,157,-163,-4060
3114020154,9593,11,-26,26,221,-233,-3958
3114021154,9596,-8,-15,8,387,-299,-4148
3114022154,9599,7,-17,3,314,-340,-4232
3114023154,9602,9,-32,-25,721,-359,-4178
3114024154,9605,5,-42,-43,370,-202,-4088
3114025154,9608,11,-41,-60,28,108,-4220
3114026154,9611,13,-31,-67,-150,238,-3985
3114027154,9613,15,-25,-72,-292,204,-3967
3114028154,9616,22,-17,-64,-274,255,-4063
3114029154,9619,11,-23,-56,-240,207,-4306
3114030154,9622,19,-20,-39,-356,271,-4119
3114031154,9625,12,-15,-31,-242,239,-4100
3114032154,9628,-3,0,-21,-59,68,-4126
3114033154,9631,3,-11,-2,96,102,-4222
3114034154,9635,6,-21,8,99,97,-4034
3114035154,9638,-3,-25,10,-122,134,-4035
3114036154,9641,-5,-28,12,-231,136,-4069
3114037154,9645,1,-19,14,-144,88,-3976
3114038154,9648,-5,-27,9,-35,-66,-4092
3114039154,9651,7,-30,-3,65,-221,-4134
3114040154,9654,-6,-14,-7,136,-215,-4218
3114041154,9658,6,-6,-15,141,-206,-4366
3114042154,9661,2,12,-34,427,-232,-4247
3114043154,9664,9,-4,-52,329,-75,-4127
3114044154,9667,9,-9,-67,335,19,-4006
3114045154,9670,14,4,-63,166,67,-4027
3114046154,9673,14,-3,-67,77,128,-4170
3114047154,9676,14,-4,-48,180,290,-3924
3114048154,9679,17,-11,-41,115,322,-3891
3114049154,9682,23,-20,-29,42,143,-3971
3114050154,9686,17,-28,-13,35,104,-4050
3114051154,9689,8,-27,0,-41,88,-4068
3114052154,9692,3,-38,7,12,-3,-4103
3114053154,9695,1,-43,13,-250,61,-4077
3114054154,9699,12,-51,13,-409,25,-4060
3114055154,9702,-2,-37,10,-320,-79,-3955
3114056154,9705,-6,-17,3,-300,-57,-4218
3114057154,9708,8,-9,-11,52,11,-4288
3114058154,9711,1,-1,-25,185,-12,-4137
3114059154,9714,5,-9,-33,155,42,-4152
3114060154,9716,12,-8,-45,-47,117,-4064
3114061154,9719,16,-3,-46,-55,41,-3962
3114062154,9722,14,6,-32,5,57,-4059
3114063154,9725,18,7,-33,104,83,-4041
3114064154,9727,9,-2,-28,330,202,-4026
3114065154,9730,27,-23,-9,116,371,-3828
3114066154,9733,10,-27,-2,139,196,-3786
3114067154,9736,9,-32,15,13,80,-4118
3114068154,9739,5,-35,17,-19,26,-4192
3114069154,9742,6,-43,27,149,-44,-4046
3114070154,9745,2,-48,27,-59,-9,-4021
3114071154,9748,13,-48,19,-221,37,-4239
3114072154,9751,10,-39,18,-112,-114,-4238
3114073154,9754,6,-35,1,-44,-287,-4238
3114074154,9757,8,-23,-5,-103,-69,-4244
3114075154,9759,6,-12,-15,-136,111,-4241
3114076154,9762,22,-11,-28,-2,139,-4147
3114077154,9764,21,-10,-27,-2,177,-4044
3114078154,9767,33,-12,-44,-28,75,-4023
3114079154,9770,33,-17,-41,-115,-47,-3993
3114080154,9772,26,-14,-31,-121,19,-3982
3114081154,9775,17,-8,-25,-59,110,-3975
3114082154,9778,6,-6,-9,-122,285,-4076
3114083154,9781,18,-9,5,158,301,-4074
3114084154,9783,3,-10,15,196,221,-3980
3114085154,9787,12,-20,28,92,187,-4123
3114086154,9790,14,-25,29,184,124,-4081
3114087154,9793,5,-20,32,136,-39,-4042
3114088154,9796,16,-30,30,119,-174,-4115
3114089154,9799,7,-33,16,255,-327,-3937
3114090154,9802,-1,-40,-3,-35,-215,-4019
3114091154,9805,7,-37,-3,-109,-83,-4053
3114092154,9808,4,-22,-13,61,-28,-4049
3114093154,9811,9,-27,-19,21,130,-4188
3114094154,9814,18,-31,-26,-19,222,-4055
3114095154,9817,21,-24,-36,70,246,-4014
3114096154,9820,30,-43,-38,-187,10,-4086
3114097154,9823,29,-44,-35,-231,-125,-4167
3114098154,9827,11,-40,-19,-289,-148,-4171
3114099154,9830,3,-35,-18,-318,-42,-4162
3114100154,9833,0,-24,-13,-226,70,-4149
3114101154,9837,-4,-13,-2,-224,117,-4191
3114102154,9840,-4,-10,0,-158,214,-4164
3114103154,9843,-6,3,-3,99,168,-4175
3114104154,9847,-7,11,-4,48,161,-4251
3114105154,9850,19,4,-13,332,104,-4148
3114106154,9853,7,-2,-23,380,-137,-3950
3114107154,9856,7,-6,-39,228,-145,-3950
3114108154,9860,11,-9,-45,258,-33,-3916
3114109154,9863,4,-9,-46,189,17,-3874
3114110154,9866,16,-29,-51,135,216,-3863
3114111154,9869,19,-31,-49,-14,314,-3958
3114112154,9872,21,-37,-43,-78,233,-4091
3114113154,9876,21,-42,-33,-175,260,-4177
3114114154,9879,20,-40,-16,-149,188,-4175
3114115154,9882,14,-45,-11,-236,78,-4224
3114116154,9886,14,-37,3,-270,-73,-4271
3114117154,9889,0,-24,7,-258,-158,-4222
3114118154,9892,-6,-25,14,-261,-108,-4167
3114119154,9896,-12,-25,19,-206,-22,-3972
3114120154,9899,-21,-28,14,-324,0,-3999
3114121154,9902,5,-26,8,-51,67,-4099
3114122154,9905,-16,-12,0,127,-110,-4148
3114123154,9908,-5,-6,-8,49,-162,-4316
3114124154,9911,5,-8,-32,333,-143,-4313
3114125154,9914,7,-11,-45,199,12,-4123
3114126154,9917,26,-14,-58,68,86,-4065
3114127154,9920,17,-4,-50,21,57,-3979
3114128154,9923,20,-6,-58,-73,159,-4016
3114129154,9925,32,-5,-48,-13,327,-3994
3114130154,9928,24,-15,-33,-90,332,-4049
3114131154,9931,33,-19,-19,-293,338,-4142
3114132154,9934,34,-14,-4,-130,252,-4015
3114133154,9937,16,-4,11,-64,102,-4009
3114134154,9940,12,-13,27,106,-13,-4223
3114135154,9943,10,-33,25,91,-55,-4037
3114136154,9947,-3,-35,40,60,-106,-3964
3114137154,9950,-10,-43,46,-240,-82,-3961
3114138154,9953,-7,-38,40,-263,-61,-4002
3114139154,9956,-9,-35,27,-63,-256,-3957
3114140154,9959,-5,-25,15,121,-205,-4229
3114141154,9962,-9,-26,4,225,-143,-4284
3114142154,9965,11,-35,-20,141,-103,-4317
3114143154,9967,21,-30,-38,35,-149,-4144
3114144154,9970,9,-11,-46,-191,-116,-4076
3114145154,9973,21,-12,-56,-74,-122,-4093
3114146154,9976,11,-7,-61,18,-134,-4113
3114147154,9979,18,-20,-59,-103,52,-4252
3114148154,9982,15,-19,-53,-147,96,-4190
3114149154,9985,10,-13,-35,-209,159,-4064
3114150154,9988,3,-7,-34,-89,168,-4074
3114151154,9991,-3,2,-21,112,134,-4099
3114152154,9994,2,-15,-16,236,140,-4105
3114153154,9998,3,-34,-13,18,88,-4026
3114154154,10001,13,-34,-9,-156,107,-3953
3114155154,10005,3,-30,-10,-272,119,-3948
3114156154,10008,7,-22,-7,-72,60,-4032
3114157154,10012,1,-11,-19,175,-44,-4099
3114158154,10015,9,-26,-37,220,-82,-4158
3114159154,10019,11,-25,-50,233,-188,-4144
3114160154,10023,-5,-19,-56,81,-47,-4075
3114161154,10026,12,-2,-60,28,94,-4244
3114162154,10030,5,10,-65,442,82,-4074
3114163154,10033,-3,-7,-71,314,313,-4070
3114164154,10037,11,-13,-66,194,425,-4199
3114165154,10040,28,-20,-61,142,145,-4095
3114166154,10044,8,-27,-51,-109,-14,-3926
3114167154,10048,6,-35,-41,-251,100,-4029
3114168154,10052,0,-26,-34,-236,77,-3978
3114169154,10055,5,-40,-24,-245,47,-4027
3114170154,10059,1,-37,-28,-158,102,-4281
3114171154,10063,11,-40,-25,-311,176,-4283
3114172154,10066,19,-43,-30,-362,-36,-4244
3114173154,10070,14,-30,-28,-390,-57,-4122
3114174154,10073,0,-13,-36,-459,-115,-4278
3114175154,10077,11,8,-45,-157,-12,-4338
3114176154,10080,2,12,-54,80,-39,-4110
3114177154,10083,4,8,-59,56,7,-4238
3114178154,10087,20,18,-58,-106,17,-4232
3114179154,10090,16,28,-63,206,36,-4058
3114180154,10093,23,21,-61,167,80,-3999
3114181154,10096,18,14,-55,470,119,-3805
3114182154,10099,18,6,-55,446,86,-3752
3114183154,10103,20,-17,-43,157,53,-3864
3114184154,10106,13,-23,-41,130,105,-3872
3114185154,10109,10,-38,-33,49,66,-3966
3114186154,10112,19,-51,-26,51,7,-3976
3114187154,10115,11,-46,-29,81,-67,-3913
3114188154,10118,8,-57,-28,-267,-136,-4052
3114189154,10121,3,-44,-26,-274,47,-4150
3114190154,10124,-4,-33,-32,-223,134,-4281
3114191154,10127,-1,-29,-33,-258,144,-4360
3114192154,10130,15,-19,-35,-126,170,-4202
3114193154,10133,16,-8,-38,-74,83,-4161
3114194154,10136,13,5,-36,-46,108,-4248
3114195154,10139,20,6,-39,80,100,-4172
3114196154,10142,22,8,-39,143,79,-4104
3114197154,10146,21,3,-29,55,135,-3936
3114198154,10149,20,1,-28,129,45,-3936
3114199154,10152,25,-10,-10,60,20,-3934
3114200154,10155,18,-15,-10,105,-1,-3866
3114201154,10159,12,-30,-8,93,-86,-3845
3114202154,10162,13,-37,-1,-133,-71,-4048
3114203154,10165,9,-34,-6,-63,-72,-4023
3114204154,10169,4,-35,-8,-120,-46,-4153
3114205154,10172,0,-26,-11,-106,-12,-4282
3114206154,10176,14,-28,-29,0,68,-4280
3114207154,10179,8,-17,-34,-59,23,-4291
3114208154,10182,20,-9,-37,-11,181,-4212
3114209154,10186,21,2,-36,19,149,-4189
3114210154,10189,19,9,-38,94,120,-4277
3114211154,10192,30,5,-32,229,66,-4130
3114212154,10196,26,2,-27,264,85,-3903
3114213154,10199,29,-18,-22,181,95,-3935
3114214154,10203,28,-32,-18,196,27,-3910
3114215154,10207,18,-35,-5,-19,-137,-3858
3114216154,10210,8,-43,-5,46,-56,-3868
3114217154,10214,2,-51,-1,-209,-18,-3915
3114218154,10217,11,-53,-4,-67,-48,-4064
3114219154,10221,1,-50,-9,-40,-71,-3972
3114220154,10224,-4,-55,-21,-313,-111,-4127
3114221154,10227,1,-37,-25,-285,33,-4245
3114222154,10231,5,-24,-38,-158,6,-4214
3114223154,10234,8,-19,-41,-126,-3,-4277
3114224154,10237,15,-14,-54,-82,182,-4255
3114225154,10240,23,-2,-61,32,200,-4157
3114226154,10243,21,6,-57,-85,135,-4146
3114227154,10246,32,10,-48,-28,206,-4114
3114228154,10249,33,4,-48,48,201,-3967
3114229154,10252,25,1,-33,129,152,-3861
3114230154,10256,24,-9,-28,185,115,-3955
3114231154,10259,26,-27,-11,80,93,-3852
3114232154,10262,20,-36,-11,80,67,-3842
3114233154,10266,14,-44,1,-30,-79,-3867
3114234154,10269,5,-47,0,-38,-32,-3978
3114235154,10272,7,-55,-2,-37,-2,-3994
3114236154,10276,-1,-53,-9,24,30,-4159
3114237154,10279,7,-46,-15,-83,43,-4229
3114238154,10282,17,-45,-21,53,13,-4250
3114239154,10286,16,-28,-34,-68,45,-4248
3114240154,10289,25,-27,-44,-68,150,-4258
3114241154,10292,30,-14,-44,21,98,-4163
3114242154,10295,21,-3,-46,31,74,-4245
3114243154,10298,39,6,-48,87,107,-4314
3114244154,10302,37,1,-40,175,164,-4224
3114245154,10305,34,-8,-33,207,118,-3936
3114246154,10309,34,-20,-28,110,-64,-3965
3114247154,10312,23,-26,-13,150,-86,-3813
3114248154,10316,16,-35,-5,-74,18,-4255
3114249154,10319,21,-66,-6,108,-166,-3934
3114250154,10323,1,-73,-4,-35,-260,-3605
3114251154,10326,-11,-68,-3,-240,-192,-3910
3114252154,10330,1,-62,1,-471,12,-4268
3114253154,10333,8,-48,-11,-191,50,-4112
3114254154,10337,-3,-32,-23,-104,-8,-4134
3114255154,10340,-3,-21,-28,-117,16,-4289
3114256154,10344,16,-6,-47,166,46,-4317
3114257154,10347,14,-7,-64,232,-133,-4338
3114258154,10350,18,8,-71,123,-18,-4335
3114259154,10354,29,27,-65,14,197,-4146
3114260154,10357,41,22,-75,191,160,-3982
3114261154,10360,21,20,-69,320,15,-3927
3114262154,10364,27,-5,-68,351,16,-4032
3114263154,10367,13,-26,-60,193,4,-3892
3114264154,10371,17,-33,-57,66,89,-3929
3114265154,10374,16,-46,-50,12,-42,-4136
3114266154,10378,6,-50,-46,46,-133,-3958
3114267154,10381,0,-61,-50,-15,-16,-4053
3114268154,10384,7,-67,-51,-351,151,-4231
3114269154,10388,8,-58,-45,-355,191,-4239
3114270154,10391,6,-33,-50,-296,95,-4293
3114271154,10395,2,-12,-61,-100,60,-4334
3114272154,10398,10,-1,-68,207,26,-4120
3114273154,10402,5,0,-73,311,58,-4157
3114274154,10405,7,9,-74,298,125,-4218
3114275154,10408,28,15,-79,230,32,-4433
3114276154,10412,23,6,-77,659,-72,-3763
3114277154,10415,14,-2,-81,266,-24,-4184
3114278154,10419,19,-17,-81,132,-57,-4204
3114279154,10422,19,-39,-80,139,-154,-3772
3114280154,10426,-15,-31,-69,-253,-80,-3828
3114281154,10430,-2,-34,-65,-368,188,-4208
3114282154,10433,0,-36,-59,-67,115,-4010
3114283154,10437,1,-38,-58,-107,92,-3988
3114284154,10440,-7,-41,-58,-245,155,-4231
3114285154,10444,-4,-34,-57,-341,201,-4235
3114286154,10447,7,-23,-46,-275,154,-4212
3114287154,10451,8,-14,-49,-194,154,-4115
3114288154,10454,1,7,-44,5,-129,-4170
3114289154,10458,1,10,-52,228,-16,-4178
3114290154,10461,11,7,-59,371,-54,-4029
3114291154,10465,7,9,-68,282,-205,-3908
3114292154,10468,-2,12,-67,270,-114,-3962
3114293154,10472,10,13,-61,226,126,-4018
3114294154,10475,23,12,-71,379,88,-4238
3114295154,10478,29,-17,-72,485,-13,-3891
3114296154,10482,23,-26,-74,333,-60,-3889
3114297154,10485,15,-43,-80,186,-101,-3911
3114298154,10488,14,-49,-73,-247,-84,-4264
3114299154,10492,8,-49,-74,-126,-115,-4024
3114300154,10495,-7,-43,-61,-412,99,-4071
3114301154,10498,1,-36,-55,-420,179,-4192
3114302154,10501,0,-34,-59,-247,129,-4132
3114303154,10505,2,-24,-47,-342,188,-4244
3114304154,10508,0,-2,-45,-183,242,-4262
3114305154,10511,-3,6,-46,-28,176,-4242
3114306154,10515,8,17,-45,25,146,-4289
3114307154,10518,18,21,-47,214,-9,-4162
3114308154,10521,2,19,-50,258,86,-4010
3114309154,10524,22,18,-42,218,153,-4025
3114310154,10528,26,7,-51,323,39,-3965
3114311154,10531,17,-8,-50,383,-130,-3766
3114312154,10534,18,-24,-47,209,-93,-3909
3114313154,10537,12,-34,-47,262,-31,-3900
3114314154,10541,11,-49,-44,-87,16,-4087
3114315154,10544,13,-56,-43,-167,71,-4233
3114316154,10547,10,-52,-45,-7,62,-3885
3114317154,10550,6,-50,-43,-337,255,-4350
3114318154,10553,23,-47,-45,-170,232,-4323
3114319154,10556,20,-40,-45,-114,23,-4218
3114320154,10560,6,-19,-44,-202,-29,-4169
3114321154,10563,8,2,-47,-179,36,-4398
3114322154,10566,14,10,-41,133,-39,-4130
3114323154,10569,11,16,-41,176,77,-3971
3114324154,10572,19,16,-47,207,148,-3956
3114325154,10575,23,16,-48,287,64,-4053
3114326154,10578,30,-6,-46,395,30,-3876
3114327154,10581,26,-24,-52,334,-65,-3739
3114328154,10585,18,-41,-53,243,-152,-3622
3114329154,10588,10,-57,-50,-109,-110,-3806
3114330154,10591,8,-58,-46,-184,-102,-3976
3114331154,10594,-2,-56,-38,-373,63,-3972
3114332154,10598,-3,-53,-33,-366,210,-4126
3114333154,10601,-5,-36,-29,-318,215,-4113
3114334154,10604,4,-37,-33,-361,249,-4298
3114335154,10608,8,-19,-23,-235,97,-4400
3114336154,10611,-3,1,-19,-129,116,-4412
3114337154,10614,4,10,-16,111,250,-4425
3114338154,10618,20,33,-15,273,143,-4505
3114339154,10621,30,24,-26,581,-174,-4391
3114340154,10625,29,4,-37,779,-161,-4015
3114341154,10628,23,-15,-42,548,-245,-3993
3114342154,10631,22,-33,-54,484,-277,-3903
3114343154,10635,5,-41,-53,347,-88,-3550
3114344154,10638,7,-45,-53,107,-32,-3647
3114345154,10641,10,-70,-51,-94,-20,-3765
3114346154,10645,7,-79,-52,-146,-54,-3719
3114347154,10648,1,-84,-54,-88,-9,-3760
3114348154,10652,0,-80,-55,-456,131,-4108
3114349154,10655,-2,-61,-47,-504,158,-4290
3114350154,10658,6,-43,-40,-480,222,-4265
3114351154,10661,7,-36,-39,-528,233,-4302
3114352154,10665,4,-15,-33,-517,256,-4344
3114353154,10668,17,11,-36,-327,325,-4390
3114354154,10671,13,37,-37,-38,113,-4423
3114355154,10674,11,45,-55,384,-99,-4295
3114356154,10678,8,49,-49,504,-56,-4223
3114357154,10681,27,45,-55,550,-21,-4280
3114358154,10684,26,29,-66,624,-15,-4095
3114359154,10687,22,12,-60,669,115,-3658
3114360154,10690,25,-4,-67,478,85,-3826
3114361154,10693,35,-51,-77,501,-70,-3655
3114362154,10696,13,-72,-69,84,-147,-3730
3114363154,10700,8,-73,-65,-412,-129,-4086
3114364154,10703,4,-73,-49,-289,-194,-3780
3114365154,10706,-12,-62,-47,-287,-109,-3680
3114366154,10709,-20,-54,-49,-556,47,-4142
3114367154,10713,-18,-40,-29,-358,155,-4054
3114368154,10716,-25,1,-29,-622,478,-4359
3114369154,10719,-9,1,-28,-254,696,-4327
3114370154,10722,15,26,-23,-216,604,-4339
3114371154,10725,37,11,-18,143,192,-4267
3114372154,10728,38,17,-21,429,-156,-4240
3114373154,10732,33,12,-30,476,-389,-4401
3114374154,10735,35,21,-40,728,-411,-4363
3114375154,10738,21,6,-48,577,-349,-4407
3114376154,10741,41,-26,-66,801,-538,-3784
3114377154,10744,-4,-25,-73,174,-182,-3833
3114378154,10747,19,-36,-82,-172,84,-4158
3114379154,10750,25,-44,-83,51,168,-3654
3114380154,10753,1,-31,-75,-178,348,-3841
3114381154,10756,26,-36,-76,-413,415,-4385
3114382154,10759,28,-34,-63,-349,244,-4002
3114383154,10762,22,-18,-55,-423,110,-4199
3114384154,10765,16,-6,-40,-368,106,-4240
3114385154,10768,16,18,-23,-306,167,-4406
3114386154,10771,26,21,-8,-20,164,-4209
3114387154,10774,25,19,2,-3,-13,-4159
3114388154,10778,17,21,4,-80,-12,-4158
3114389154,10781,22,25,12,35,58,-4108
3114390154,10784,26,22,20,155,-92,-3979
3114391154,10787,19,18,6,359,-206,-4048
3114392154,10791,11,22,2,555,-120,-4134
3114393154,10794,26,-8,-15,392,-249,-4252
3114394154,10797,23,-13,-37,482,-385,-4088
3114395154,10800,17,-11,-56,189,-351,-4158
3114396154,10803,19,6,-67,-34,-230,-4315
3114397154,10806,20,8,-68,50,-90,-4167
3114398154,10809,13,7,-77,139,122,-3913
3114399154,10812,16,2,-85,-344,363,-4174
3114400154,10815,37,0,-78,-139,331,-3998
3114401154,10818,22,3,-71,-248,178,-4305
3114402154,10821,10,15,-62,-214,194,-4375
3114403154,10824,16,14,-42,79,286,-4086
3114404154,10827,15,15,-33,78,312,-3934
3114405154,10830,11,4,-23,175,190,-4068
3114406154,10833,12,1,-24,136,172,-4063
3114407154,10836,11,8,-8,-7,222,-4078
3114408154,10839,15,-1,-8,34,39,-3915
3114409154,10842,16,1,-6,74,-85,-3880
3114410154,10845,0,5,-24,293,-230,-4002
3114411154,10848,-3,0,-27,327,-263,-4114
3114412154,10850,11,-6,-50,378,-250,-4163
3114413154,10853,5,-12,-63,206,-110,-4125
3114414154,10856,12,-4,-75,8,-7,-4176
3114415154,10859,14,12,-73,-7,51,-4130
3114416154,10861,13,13,-81,83,20,-4003
3114417154,10864,11,5,-83,135,42,-4161
3114418154,10867,15,0,-70,35,-77,-4201
3114419154,10870,10,1,-71,-88,55,-4122
3114420154,10872,9,1,-51,-165,97,-4151
3114421154,10875,9,4,-38,83,25,-4118
3114422154,10878,1,4,-27,75,53,-4184
3114423154,10881,6,0,-25,100,92,-4208
3114424154,10884,7,-4,-18,183,94,-4063
3114425154,10887,9,-3,-14,-10,4,-3958
3114426154,10891,4,1,-10,-19,-32,-3983
3114427154,10894,7,8,-17,151,-203,-4038
3114428154,10897,-8,3,-28,379,-284,-4148
3114429154,10900,1,6,-35,384,-242,-4178
3114430154,10903,7,-12,-44,234,-207,-4121
3114431154,10906,6,-7,-54,25,-76,-4050
3114432154,10908,6,12,-57,0,-7,-4076
3114433154,10911,2,9,-59,86,125,-4083
3114434154,10914,11,9,-64,113,189,-4055
3114435154,10917,16,-6,-70,107,158,-3982
3114436154,10920,16,-15,-68,-147,98,-4092
3114437154,10923,14,-7,-56,-230,109,-4133
3114438154,10926,3,-2,-42,-95,63,-4102
3114439154,10928,4,6,-31,-162,275,-4146
3114440154,10931,9,9,-21,110,311,-4152
3114441154,10934,12,-3,-12,55,229,-4101
3114442154,10937,12,-2,0,-39,71,-4123
3114443154,10940,8,4,1,36,-34,-4073
3114444154,10943,3,10,3,117,-129,-4004
3114445154,10946,-3,12,-2,180,-62,-4014
3114446154,10949,4,3,-10,291,-112,-3900
3114447154,10951,-10,3,-19,313,-184,-3867
3114448154,10954,-6,-6,-29,130,-145,-4013
3114449154,10957,0,-9,-46,108,-74,-4070
3114450154,10959,6,-3,-51,79,8,-4036
3114451154,10962,6,-4,-54,28,124,-4061
3114452154,10964,10,-1,-58,-17,192,-4096
3114453154,10967,21,-10,-58,-22,232,-4061
3114454154,10969,19,-20,-61,-189,130,-3992
3114455154,10972,13,-9,-43,-320,61,-4226
3114456154,10974,12,-10,-48,-145,-47,-4282
3114457154,10977,11,-2,-34,-200,132,-4275
3114458154,10980,10,7,-20,-30,130,-4197
3114459154,10982,-1,10,-16,30,98,-4175
3114460154,10985,7,17,-6,81,155,-4189
3114461154,10988,7,15,-1,128,140,-4087
3114462154,10991,12,5,-3,174,-39,-3966
3114463154,10993,-5,13,-8,251,-222,-4015
3114464154,10996,3,20,-19,379,-308,-4081
3114465154,10999,-2,12,-22,435,-305,-4002
3114466154,11002,-8,6,-32,403,-191,-3978
3114467154,11004,8,-2,-46,245,-71,-3948
3114468154,11007,2,7,-61,210,-28,-4016
3114469154,11010,9,-1,-73,243,93,-4051
3114470154,11012,15,-3,-76,260,153,-3997
3114471154,11015,14,-13,-80,85,183,-3986
3114472154,11018,26,-20,-80,-111,213,-3986
3114473154,11021,23,-18,-65,-150,104,-4062
3114474154,11024,15,-17,-50,-195,153,-4284
3114475154,11027,19,-13,-38,-180,151,-4354
3114476154,11030,15,-9,-20,-33,46,-4239
3114477154,11033,2,-4,-12,-53,120,-4210
3114478154,11036,1,0,6,-45,92,-4293
3114479154,11039,0,-5,5,32,85,-4220
3114480154,11042,12,-13,15,-55,123,-4007
3114481154,11045,5,-2,19,-50,-49,-3939
3114482154,11048,-5,2,23,-154,34,-4058
3114483154,11051,18,1,19,77,-25,-4047
3114484154,11054,9,1,9,237,-214,-3936
3114485154,11056,7,0,-5,140,-422,-4160
3114486154,11059,7,3,-25,331,-408,-4200
3114487154,11062,2,1,-48,297,-169,-4175
3114488154,11064,9,7,-50,264,-23,-4202
3114489154,11066,17,7,-66,183,189,-4015
3114490154,11068,24,0,-80,139,247,-3796
3114491154,11071,22,-7,-83,27,171,-3861
3114492154,11073,30,-19,-83,-185,154,-4014
3114493154,11075,17,-22,-77,76,203,-4007
3114494154,11077,26,-29,-59,-242,175,-4016
3114495154,11079,11,-16,-41,-148,272,-4250
3114496154,11082,10,-2,-14,34,263,-4228
3114497154,11084,3,1,-6,114,263,-4217
3114498154,11087,-1,-4,9,110,207,-4254
3114499154,11089,-10,-10,18,58,135,-4181
3114500154,11091,4,-5,27,-127,114,-4028
3114501154,11094,-2,0,26,28,-45,-3935
3114502154,11096,-3,-8,22,22,-69,-3903
3114503154,11099,-3,-15,22,-58,-70,-3971
3114504154,11101,-2,-18,14,-80,-196,-4090
3114505154,11104,2,2,4,-25,-314,-4280
3114506154,11106,1,19,-13,239,-311,-4445
3114507154,11108,3,26,-24,468,-310,-4402
3114508154,11111,1,20,-48,676,-263,-4236
3114509154,11113,12,11,-70,525,-213,-4186
3114510154,11115,9,10,-84,263,-158,-4053
3114511154,11118,9,16,-88,173,-35,-3978
3114512154,11120,12,4,-92,59,139,-3792
3114513154,11122,20,-1,-87,321,266,-3893
3114514154,11125,14,-3,-78,130,140,-4017
3114515154,11127,8,-4,-57,-10,352,-4208
3114516154,11130,14,-4,-45,84,361,-4215
3114517154,11133,2,-3,-31,244,287,-4011
3114518154,11136,4,-15,-14,227,134,-4212
3114519154,11139,-2,-19,-2,192,77,-4198
3114520154,11142,-2,-36,-4,70,44,-4101
3114521154,11145,-1,-42,4,-230,73,-3970
3114522154,11148,-5,-21,1,-332,14,-4064
3114523154,11151,2,-11,6,-301,-91,-4183
3114524154,11153,1,-3,3,-150,-120,-4258
3114525154,11156,0,-4,-9,-141,-57,-4283
3114526154,11159,12,-7,-17,-213,61,-4247
3114527154,11162,3,4,-20,-186,-112,-4177
3114528154,11164,10,22,-36,-11,-257,-4336
3114529154,11167,1,32,-36,236,-320,-4433
3114530154,11170,-5,38,-52,232,-318,-4387
3114531154,11172,12,22,-76,629,-239,-4003
3114532154,11174,5,22,-84,359,-6,-3803
3114533154,11176,9,21,-92,124,202,-4013
3114534154,11179,16,28,-88,104,175,-4039
3114535154,11181,16,26,-99,170,268,-3954
3114536154,11183,24,17,-102,304,356,-3962
3114537154,11185,24,14,-88,245,235,-3955
3114538154,11187,8,24,-69,44,304,-4143
3114539154,11189,18,21,-49,-46,355,-4146
3114540154,11191,8,15,-31,211,354,-3940
3114541154,11194,-5,6,-11,52,171,-4118
3114542154,11196,2,-7,6,58,141,-4242
3114543154,11198,-1,-9,12,-52,107,-4166
3114544154,11201,4,-29,16,-87,-35,-4050
3114545154,11203,0,-28,23,-458,-4,-4103
3114546154,11205,13,-13,26,-426,-34,-4175
3114547154,11207,-2,8,26,-272,-12,-4264
3114548154,11209,3,13,21,-291,39,-4318
3114549154,11211,9,30,2,386,-206,-4118
3114550154,11214,-20,-15,-2,457,-614,-4504
3114551154,11216,-25,-44,-6,-209,-501,-4331
3114552154,11218,-16,-28,-3,-343,-303,-4136
3114553154,11220,-51,13,-1,-97,-517,-4100
3114554154,11222,-44,17,2,434,-67,-4120
3114555154,11224,-1,-11,4,433,529,-4066
3114556154,11226,23,-36,-14,106,295,-4005
3114557154,11228,30,-32,-10,-78,169,-3880
3114558154,11230,40,-28,-10,-410,-2,-3763
3114559154,11232,26,-4,-8,-273,-54,-3742
3114560154,11235,20,-5,-12,-216,-12,-3911
3114561154,11237,9,0,-6,-219,79,-4133
3114562154,11239,10,19,13,-139,25,-3926
3114563154,11241,-13,41,26,-83,184,-3954
3114564154,11244,-4,54,37,227,308,-3852
3114565154,11246,-17,49,49,436,156,-3803
3114566154,11248,-11,40,52,432,-1,-3931
3114567154,11251,-4,18,52,467,-55,-4040
3114568154,11254,-1,-9,48,176,-75,-3951
3114569154,11256,9,-19,43,-39,-65,-3912
3114570154,11258,10,-5,30,9,-106,-4041
3114571155,11261,9,-8,16,39,-119,-4216
3114572154,11263,6,5,3,148,112,-4433
3114573154,11265,10,-1,-29,195,182,-4315
3114574154,11267,17,11,-47,127,20,-4329
3114575155,11269,14,14,-61,145,-42,-4350
3114576154,11270,9,5,-76,90,-121,-4388
3114577154,11272,12,3,-76,94,23,-4142
3114578154,11274,7,9,-83,-22,213,-3967
3114579154,11276,11,8,-79,-121,288,-4031
3114580154,11278,7,11,-78,-66,313,-4015
3114581154,11280,14,0,-73,19,312,-3873
3114582154,11282,5,-13,-74,93,338,-3957
3114583154,11284,14,1,-59,-222,358,-4118
3114584154,11286,10,11,-46,-60,425,-4232
3114585154,11288,10,30,-30,-45,504,-4118
3114586154,11290,6,39,-16,242,347,-3934
3114587154,11292,1,37,-14,260,7,-3994
3114588154,11295,8,27,2,363,-317,-4023
3114589154,11297,-4,28,8,311,-429,-3986
3114590154,11300,-7,9,3,302,-465,-3967
3114591154,11303,-13,-2,3,197,-303,-3963
3114592154,11305,-3,-18,-1,118,-187,-4010
3114593154,11308,-6,-18,-6,84,-114,-4122
3114594154,11310,-3,-6,-17,20,-71,-4258
3114595154,11312,9,-2,-28,37,-70,-4464
3114596154,11315,8,11,-44,178,-199,-4397
3114597154,11317,13,9,-55,237,-356,-4260
3114598154,11320,10,3,-57,211,-397,-4246
3114599154,11322,8,8,-64,66,-336,-4227
3114600154,11324,-2,14,-67,30,-192,-4143
3114601154,11327,8,14,-67,120,13,-3967
3114602154,11329,4,8,-60,105,111,-3855
3114603154,11332,5,-1,-64,81,157,-3827
3114604154,11334,4,-7,-52,-7,122,-3894
3114605154,11337,-7,-3,-49,83,154,-4067
3114606154,11339,5,-2,-33,-25,258,-4057
3114607154,11341,-2,11,-29,56,427,-4103
3114608154,11344,8,19,-11,-38,408,-4208
3114609154,11346,8,29,1,268,299,-4059
3114610154,11349,0,29,10,207,127,-4014
3114611154,11351,-4,20,24,316,8,-3939
3114612154,11354,-5,21,26,288,-60,-3885
3114613154,11356,-11,7,36,380,-134,-3858
3114614154,11358,-11,-24,28,274,-154,-3846
3114615154,11360,-11,-34,26,54,-96,-3934
3114616154,11362,-9,-36,23,-34,-48,-4047
3114617154,11364,-1,-25,8,-131,34,-4304
3114618154,11366,14,-10,6,-23,58,-4412
3114619154,11367,6,-9,-10,27,36,-4251
3114620154,11369,6,-1,-25,-31,-131,-4258
3114621154,11370,4,8,-29,-23,-179,-4371
3114622154,11372,10,12,-40,19,-178,-4370
3114623154,11373,16,21,-48,98,-84,-4115
3114624154,11374,11,14,-46,3,50,-3974
3114625154,11375,3,20,-49,60,79,-3935
3114626154,11376,4,28,-47,130,55,-3927
3114627154,11377,4,19,-48,228,99,-3887
3114628154,11378,3,12,-50,482,248,-3941
3114629154,11380,8,4,-42,75,349,-4020
3114630154,11381,10,20,-35,201,557,-4152
3114631154,11382,17,30,-13,153,560,-4098
3114632154,11384,22,36,11,346,455,-3966
3114633154,11385,22,22,23,436,141,-3971
3114634154,11387,8,10,46,454,-222,-3935
3114635154,11389,1,1,50,416,-355,-3931
3114636154,11391,-10,-20,63,380,-415,-3909
3114637154,11393,-18,-43,66,194,-256,-3881
3114638154,11395,-17,-54,63,-77,-153,-3958
3114639154,11396,-18,-51,65,-42,-117,-4053
3114640154,11398,-11,-51,53,-219,-48,-4352
3114641154,11400,5,-46,45,-293,85,-4527
3114642154,11402,15,-25,31,-212,44,-4399
3114643154,11404,15,-18,26,-270,-169,-4404
3114644154,11406,15,-7,25,-246,-275,-4456
3114645154,11408,17,-6,18,-215,-364,-4442
3114646154,11410,11,4,13,-177,-332,-4266
3114647154,11412,-2,27,3,-118,-292,-4160
3114648154,11414,-7,35,0,-30,-208,-4142
3114649154,11415,-4,30,-18,210,-87,-3985
3114650154,11417,-7,29,-27,308,40,-3817
3114651154,11419,3,17,-40,279,188,-3811
3114652154,11421,1,16,-54,255,285,-3795
3114653154,11422,7,14,-62,216,324,-3748
3114654154,11424,11,1,-62,234,370,-3744
3114655154,11426,13,-15,-73,136,336,-3771
3114656154,11428,16,-13,-60,-107,333,-3880
3114657154,11430,15,-16,-54,95,434,-4223
3114658154,11432,0,8,-30,-115,385,-4278
3114659154,11434,17,13,-4,326,514,-4323
3114660154,11436,7,4,15,408,448,-4236
3114661154,11438,16,-4,32,304,225,-4194
3114662154,11441,8,-3,37,292,154,-4136
3114663154,11443,-1,-12,41,186,-94,-3950
3114664154,11445,-5,-25,50,115,-221,-3817
3114665156,11448,-16,-39,46,72,-269,-3856
3114666154,11450,-21,-47,38,-112,-266,-4136
3114667154,11452,-14,-49,37,-208,-171,-4195
3114668154,11454,10,-51,23,-290,-111,-4169
3114669154,11456,0,-38,19,-355,-130,-4250
3114670154,11457,15,-29,10,-309,-169,-4469
3114671154,11459,10,-20,5,-310,-214,-4479
3114672154,11461,21,-15,1,-272,-253,-4390
3114673154,11462,11,-7,-9,-270,-311,-4264
3114674154,11464,10,7,-13,-283,-335,-4188
3114675154,11465,0,26,-20,-171,-270,-4111
3114676154,11466,-9,33,-19,-89,-237,-4095
3114677154,11468,-1,44,-33,193,-77,-4042
3114678154,11469,-4,32,-51,368,29,-3925
3114679154,11470,4,29,-60,372,150,-3860
3114680154,11471,9,22,-62,285,193,-3856
3114681154,11472,11,22,-62,202,266,-3816
3114682154,11473,17,20,-62,235,312,-3807
3114683154,11475,15,18,-63,318,330,-3866
3114684154,11476,6,1,-69,644,231,-3989
3114685154,11477,19,6,-50,350,374,-4037
3114686154,11479,4,-6,-47,495,293,-4267
3114687154,11480,8,5,-18,145,410,-4200
3114688154,11482,-4,17,5,431,514,-4063
3114689154,11483,-4,14,14,478,388,-4151
3114690154,11485,7,3,26,487,250,-4180
3114691154,11487,9,-25,39,338,40,-4116
3114692154,11489,3,-32,47,111,-88,-3977
3114693154,11491,-1,-35,52,-108,-161,-4010
3114694154,11493,4,-34,54,-108,-246,-4113
3114695154,11495,0,-34,54,-4,-276,-4250
3114696154,11497,8,-44,39,-88,-210,-4269
3114697154,11499,18,-36,27,-289,-180,-4277
3114698154,11501,7,-15,23,-469,-212,-4352
3114699154,11503,3,-5,19,-395,-253,-4396
3114700154,11505,5,9,16,-197,-294,-4304
3114701154,11507,8,5,6,-87,-345,-4223
3114702154,11508,2,2,-4,-174,-304,-4184
3114703154,11510,-3,13,0,-205,-246,-4152
3114704154,11512,-3,16,0,-127,-98,-4023
3114705154,11513,0,20,-11,-24,17,-3869
3114706154,11515,1,21,-12,27,134,-3889
3114707154,11516,15,19,-18,34,192,-3964
3114708154,11518,8,14,-19,-87,183,-4013
3114709154,11519,12,23,-26,197,200,-3924
3114710154,11520,10,21,-32,341,167,-4014
3114711154,11522,11,18,-46,516,114,-4002
3114712154,11523,11,16,-53,531,88,-3955
3114713154,11524,10,6,-55,277,155,-4024
3114714154,11526,10,13,-55,158,283,-4062
3114715154,11527,3,3,-66,492,322,-4015
3114716154,11528,7,16,-60,342,352,-3996
3114717154,11530,3,13,-54,546,419,-4184
3114718154,11531,12,4,-36,383,496,-4079
3114719154,11533,10,4,-24,325,462,-3984
3114720154,11534,12,-2,-4,159,267,-4097
3114721154,11536,9,0,0,170,53,-4235
3114722154,11538,5,1,17,197,5,-4261
3114723154,11539,3,-10,23,306,-94,-4223
3114724154,11541,8,-11,33,204,-130,-4143
3114725154,11543,14,-13,37,86,-196,-4089
3114726154,11545,8,-8,40,45,-204,-4043
3114727154,11546,3,-7,35,49,-221,-4116
3114728154,11548,4,-10,27,22,-256,-4248
3114729154,11550,6,-18,19,-29,-347,-4249
3114730154,11551,11,-15,17,-287,-440,-4163
3114731154,11553,14,-24,10,-395,-409,-4108
3114732154,11554,7,-2,9,-440,-367,-4138
3114733154,11555,1,15,8,-273,-317,-4313
3114734154,11556,10,17,5,8,-200,-4317
3114735154,11558,4,9,1,51,-119,-4217
3114736154,11559,7,-2,-1,-112,-46,-4017
3114737154,11560,4,10,-5,-283,-11,-3997
3114738154,11561,-2,28,-4,-193,1,-4081
3114739154,11562,4,24,-6,52,121,-4043
3114740154,11563,5,27,-11,94,183,-4005
3114741154,11564,9,7,-15,63,272,-3902
3114742154,11565,10,9,-9,-87,255,-3871
3114743154,11566,7,17,-10,-86,208,-3951
3114744154,11567,5,22,-8,14,236,-4000
3114745154,11568,7,16,-6,233,225,-4078
3114746154,11569,5,18,-11,360,178,-3984
3114747154,11570,9,12,-22,384,208,-4143
3114748154,11572,5,15,-33,582,92,-4029
3114749154,11573,7,17,-36,529,56,-3935
3114750154,11574,11,7,-49,360,100,-4083
3114751154,11575,9,11,-54,58,195,-3963
3114752154,11576,19,18,-31,341,419,-4047
3114753154,11578,14,16,-42,220,166,-4184
3114754154,11579,-8,32,-17,407,453,-4382
3114755154,11581,14,22,1,508,495,-4244
3114756154,11582,3,30,28,638,389,-3976
3114757154,11584,8,13,43,631,65,-4143
3114758154,11586,7,1,57,526,-185,-4197
3114759154,11588,7,-8,74,363,-445,-4134
3114760154,11590,2,-20,80,310,-496,-3984
3114761154,11592,0,-29,77,207,-399,-3904
3114762154,11594,3,-40,64,58,-393,-3942
3114763154,11596,5,-48,60,-39,-470,-4022
3114764154,11597,5,-49,43,-281,-487,-4275
3114765154,11599,3,-37,22,-470,-379,-4421
3114766154,11600,10,-20,11,-416,-334,-4421
3114767154,11601,13,-8,-2,-309,-368,-4392
3114768154,11602,12,-2,-20,-247,-363,-4380
3114769154,11603,2,11,-32,-209,-234,-4357
3114770154,11604,-3,18,-41,-275,-124,-4147
3114771154,11604,3,28,-31,-279,15,-3981
3114772154,11605,-11,33,-32,-176,75,-4030
3114773154,11606,0,42,-26,-31,380,-4018
3114774154,11606,3,38,-19,299,574,-3806
3114775154,11607,8,21,-11,230,609,-3743
3114776154,11608,11,13,-8,216,542,-3773
3114777154,11608,8,5,0,116,386,-3852
3114778154,11609,3,9,10,172,287,-3944
3114779154,11610,10,-5,16,200,321,-3921
3114780154,11610,5,-15,23,46,286,-3932
3114781154,11611,4,-16,22,-81,257,-3955
3114782154,11612,3,-9,18,-79,109,-4056
3114783154,11612,-3,2,10,-8,5,-4418
3114784154,11613,-1,2,9,172,82,-4378
3114785154,11614,-5,2,6,135,176,-4079
3114786154,11615,1,5,-7,30,167,-4040
3114787154,11615,7,9,-13,-61,88,-4143
3114788154,11616,5,20,-15,61,-90,-4262
3114789154,11617,5,19,-16,259,-162,-4172
3114790154,11618,9,14,-19,257,-127,-4091
3114791154,11619,7,6,-23,105,-91,-4015
3114792154,11620,12,5,-24,31,-136,-3964
3114793154,11621,3,10,-18,58,-186,-4025
3114794154,11622,3,5,-17,97,-106,-4100
3114795154,11623,6,0,-17,108,-86,-4109
3114796154,11624,11,4,-23,148,-127,-4097
3114797154,11626,-2,-2,-29,638,-224,-4121
3114798154,11627,1,9,-29,168,-216,-4098
3114799154,11629,-7,29,-22,467,22,-4394
3114800154,11630,8,28,-2,361,218,-4112
3114801154,11631,3,28,7,546,286,-3902
3114802154,11633,12,22,24,384,111,-3951
3114803154,11635,11,14,39,402,-109,-4067
3114804154,11637,11,5,47,422,-215,-4009
3114805154,11639,5,-12,56,558,-354,-3914
3114806154,11640,-3,-34,57,339,-249,-3942
3114807154,11642,1,-41,58,142,-175,-3971
3114808154,11644,-1,-51,52,48,-176,-3991
3114809154,11645,-1,-58,42,-186,-187,-4106
3114810154,11646,-4,-42,34,-385,-106,-4353
3114811154,11647,4,-32,16,-394,0,-4465
3114812154,11648,2,-10,4,-275,12,-4362
3114813154,11649,6,0,0,-211,1,-4289
3114814154,11650,6,7,-4,-186,38,-4270
3114815154,11651,-2,22,-2,-160,90,-4270
3114816154,11651,5,32,5,-72,112,-4120
3114817154,11652,-4,30,6,10,127,-3967
3114818154,11652,-4,35,7,52,140,-3920
3114819154,11653,2,21,10,148,125,-3826
3114820154,11653,4,11,6,225,132,-3755
3114821154,11653,2,1,2,162,150,-3849
3114822154,11654,-1,1,-3,150,190,-3926
3114823154,11654,6,4,-6,127,251,-4032
3114824154,11654,13,-5,-15,137,270,-3935
3114825154,11654,7,-12,-21,-85,207,-4026
3114826154,11654,12,-6,-25,-245,144,-4195
3114827154,11654,10,1,-23,-226,119,-4252
3114828154,11654,6,11,-18,-127,87,-4301
3114829154,11654,4,16,-15,100,122,-4267
3114830154,11655,0,11,-15,166,130,-4187
3114831154,11655,3,16,-11,188,121,-4194
3114832154,11655,3,16,-4,177,107,-4171
3114833154,11656,-2,23,-3,201,95,-4073
3114834154,11657,2,14,0,198,34,-3985
3114835154,11657,5,-2,2,156,-66,-3895
3114836154,11658,-2,4,2,115,-116,-3893
3114837154,11659,4,-7,0,91,-256,-4009
3114838154,11660,-1,0,3,150,-289,-4151
3114839154,11661,1,5,-7,286,-267,-4226
3114840154,11663,5,7,-12,279,-198,-4223
3114841154,11664,6,5,-25,330,-169,-4162
3114842154,11665,0,21,-41,345,-147,-4138
3114843154,11666,5,14,-51,351,-127,-4126
3114844154,11668,5,14,-63,367,-92,-4056
3114845154,11669,9,9,-64,360,-52,-4000
3114846154,11670,6,0,-68,236,60,-3895
3114847154,11672,5,2,-67,100,127,-3870
3114848154,11674,7,-15,-59,-52,165,-3954
3114849154,11675,10,-25,-36,-137,166,-4055
3114850154,11677,9,-35,-36,-197,167,-4114
3114851154,11679,-1,-32,-24,-231,156,-4204
3114852154,11680,-4,-32,-7,-248,114,-4271
3114853154,11682,-3,-25,2,-262,87,-4314
3114854154,11684,-3,-28,-5,-555,107,-4238
3114855154,11686,3,1,19,-412,299,-4249
3114856154,11687,-14,2,20,-121,307,-4503
3114857154,11689,1,26,34,-125,314,-4225
3114858154,11690,4,35,41,223,147,-3951
3114859154,11691,5,33,43,208,34,-3943
3114860154,11693,6,30,48,292,-272,-4072
3114861154,11694,-2,24,42,384,-385,-3992
3114862154,11695,0,6,35,537,-325,-3821
3114863154,11696,-15,22,39,479,-249,-3802
3114864154,11696,-3,-1,28,406,-18,-3897
3114865154,11697,7,-4,20,366,114,-3856
3114866154,11697,14,-12,10,249,167,-3904
3114867154,11698,15,-22,19,29,198,-4021
3114868154,11698,16,-20,15,-19,155,-4072
3114869154,11698,19,-22,27,1,-71,-4107
3114870154,11698,14,-15,32,12,-240,-4240
3114871154,11698,-5,-22,36,-14,-283,-4299
3114872154,11697,4,-29,32,-76,-229,-4252
3114873154,11697,-6,-24,39,-258,-84,-4177
3114874154,11697,-8,-6,38,-378,83,-4228
3114875154,11696,-6,6,34,-210,247,-4218
3114876155,11696,-3,14,34,5,320,-4163
3114877154,11695,7,14,33,44,336,-4152
3114878155,11695,14,15,34,43,263,-4139
3114879156,11694,16,22,39,58,92,-4056
3114880154,11694,10,28,43,93,-44,-3988
3114881154,11693,4,16,50,197,-97,-3934
3114882154,11693,0,13,53,200,-128,-3911
3114883154,11693,0,-10,48,145,-134,-3898
3114884154,11693,-8,-16,44,43,-119,-3943
3114885154,11692,-11,-22,41,-56,-34,-4015
3114886154,11692,-8,-23,37,-78,-4,-4084
3114887154,11692,0,-22,29,-120,140,-4145
3114888154,11693,4,-19,20,-143,262,-4183
3114889154,11693,6,-3,16,-114,238,-4278
3114890154,11693,5,31,4,196,-11,-4405
3114891154,11694,7,41,0,222,-134,-4537
3114892154,11694,13,46,-8,587,-107,-4413
3114893154,11695,9,36,-14,586,5,-4070
3114894154,11696,8,40,-14,515,60,-3892
3114895154,11697,5,34,-12,487,59,-3774
3114896154,11698,17,10,-17,491,50,-3562
3114897154,11699,8,-13,-21,390,80,-3540
3114898154,11701,5,-39,-20,181,75,-3668
3114899154,11702,14,-64,-18,-125,51,-3810
3114900154,11704,5,-64,-16,-248,26,-3897
3114901154,11705,2,-69,-11,-449,-23,-4170
3114902154,11707,-1,-59,-10,-520,15,-4455
3114903154,11708,-4,-41,-12,-506,-24,-4598
3114904154,11710,-5,-38,-21,-503,-82,-4645
3114905154,11711,-6,-18,-25,-486,-68,-4680
3114906154,11713,-12,16,-37,-347,-62,-4523
3114907154,11714,-5,28,-46,-175,-43,-4343
3114908154,11716,-3,40,-62,-52,-13,-4105
3114909154,11717,0,34,-59,-10,49,-3979
3114910154,11718,7,29,-68,-3,98,-3744
3114911154,11720,5,21,-70,-8,125,-3658
3114912154,11721,9,5,-64,-46,103,-3701
3114913154,11722,8,-4,-55,-52,66,-3762
3114914154,11723,6,-12,-49,-60,43,-3838
3114915154,11724,1,-31,-40,-90,-8,-3996
3114916154,11726,-4,-28,-34,-93,-65,-4158
3114917154,11727,-4,-24,-39,-82,-93,-4268
3114918154,11728,-13,-20,-30,-73,-74,-4294
3114919154,11729,-11,-5,-40,-37,14,-4343
3114920154,11729,-9,5,-56,-3,99,-4304
3114921154,11730,-4,23,-62,38,152,-4161
3114922154,11731,-2,33,-68,140,203,-4042
3114923154,11731,0,30,-68,170,176,-3973
3114924154,11732,9,29,-71,221,143,-3886
3114925154,11732,13,20,-70,256,86,-3873
3114926154,11733,13,0,-68,-5,20,-3834
3114927154,11733,10,-1,-41,637,108,-3958
3114928154,11734,2,-21,-26,-3,93,-3979
3114929154,11735,11,-8,11,-198,351,-4199
3114930154,11735,16,-20,32,100,244,-4063
3114931154,11736,8,-27,49,-126,-108,-4051
3114932154,11737,-1,-20,55,-35,-267,-4196
3114933154,11738,-16,-28,68,-122,-317,-4321
3114934154,11739,-14,-30,82,-153,-141,-4194
3114935154,11739,-17,-18,86,-408,46,-4192
3114936154,11740,-18,-7,85,-401,132,-4254
3114937154,11740,-4,12,94,-216,135,-4289
3114938154,11741,9,26,99,27,54,-4336
3114939154,11741,12,23,101,137,-103,-4324
3114940154,11742,25,20,102,168,-273,-4180
3114941154,11742,21,16,104,204,-343,-4072
3114942154,11742,8,15,109,212,-468,-3919
3114943154,11743,4,9,110,231,-446,-3908
3114944154,11743,-1,0,105,253,-353,-3888
3114945154,11743,-8,-16,89,158,-235,-3838
3114946154,11743,-8,-23,82,104,-172,-3809
3114947154,11743,-6,-38,66,-14,-68,-3842
3114948154,11743,-2,-34,54,-149,11,-3977
3114949154,11743,8,-38,37,-253,92,-4134
3114950154,11742,3,-30,33,-270,136,-4208
3114951154,11742,13,-18,26,-320,257,-4311
3114952154,11742,14,-2,15,-327,340,-4370
3114953154,11741,19,16,20,-216,374,-4349
3114954154,11741,18,27,21,-113,338,-4288
3114955154,11741,13,35,27,-20,324,-4228
3114956154,11741,11,43,31,146,272,-4127
3114957154,11741,10,33,38,257,211,-3987
3114958154,11741,0,21,44,292,194,-3829
3114959154,11741,-1,19,39,285,171,-3754
3114960154,11742,-4,5,33,220,148,-3707
3114961154,11742,0,-13,33,130,124,-3706
3114962154,11742,-4,-26,28,17,102,-3802
3114963154,11743,-2,-35,24,-84,73,-4009
3114964154,11743,-1,-34,19,-103,117,-4125
3114965154,11744,2,-31,1,19,12,-4284
3114966154,11745,6,-14,-14,18,-99,-4584
3114967154,11746,5,4,-31,172,-97,-4481
3114968154,11746,7,1,-33,121,-35,-4291
3114969154,11747,9,9,-46,24,-2,-4241
3114970154,11748,8,22,-58,-30,-87,-4059
3114971154,11749,9,21,-67,76,-146,-3930
3114972154,11751,5,9,-70,134,-216,-3862
3114973154,11752,5,4,-78,152,-238,-3927
3114974154,11753,8,-13,-76,67,-154,-3963
3114975154,11754,-3,-16,-76,-87,-44,-3973
3114976154,11756,-3,-13,-67,-91,143,-3997
3114977154,11757,4,-20,-66,-145,243,-4042
3114978154,11759,2,-14,-60,-140,234,-4126
3114979154,11761,15,-21,-54,-192,262,-4186
3114980154,11762,11,-18,-44,-224,151,-4190
3114981154,11764,13,-19,-34,-233,-19,-4185
3114982154,11766,3,-10,-25,-202,-135,-4179
3114983154,11768,-6,-11,-25,-154,-277,-4126
3114984154,11769,-5,-14,-25,-100,-252,-4128
3114985154,11771,-19,-12,-18,-124,-73,-4142
3114986154,11773,-17,-5,-24,-127,107,-4146
3114987154,11774,-5,-2,-25,-111,161,-4109
3114988154,11776,4,-4,-26,-107,235,-3977
3114989154,11777,14,-10,-29,-231,199,-3984
3114990154,11778,20,-12,-18,-298,63,-4028
3114991154,11780,16,-7,-14,-323,-10,-4022
3114992154,11781,18,-16,-10,-265,-139,-4076
3114993154,11782,7,-12,-2,-164,-229,-4125
3114994154,11783,-1,-7,1,-70,-239,-4156
3114995154,11784,-9,-5,-1,-51,-223,-4136
3114996154,11784,-18,-1,-5,-52,-170,-4140
3114997154,11785,-13,-1,-4,-75,24,-4097
3114998154,11785,-15,3,4,-99,208,-3994
3114999154,11786,4,3,-2,-159,298,-3879
3115000154,11786,5,1,0,-168,276,-3925
3115001154,11786,9,-13,-2,-382,171,-3928
3115002154,11786,14,16,24,-270,128,-4098
3115003154,11786,8,19,31,225,250,-4509
3115004154,11786,18,24,56,128,196,-4308
3115005154,11786,15,15,55,390,207,-4236
3115006154,11787,13,15,73,193,-18,-4086
3115007154,11787,7,8,87,247,-200,-4106
3115008154,11787,-1,0,91,231,-131,-3962
3115009154,11787,-9,-10,96,318,-44,-3827
3115010154,11787,-5,-14,91,182,-29,-3814
3115011154,11787,3,-26,91,63,-22,-3883
3115012154,11787,5,-31,91,-1,-87,-3929
3115013154,11787,7,-32,78,-52,-169,-4096
3115014154,11787,3,-31,69,-86,-100,-4183
3115015154,11788,5,-33,58,-177,-45,-4294
3115016154,11788,19,-26,57,-213,-17,-4346
3115017154,11788,12,-10,58,-246,47,-4418
3115018154,11788,14,12,63,-184,112,-4457
3115019154,11788,15,27,68,-72,137,-4440
3115020154,11788,14,38,65,149,121,-4273
3115021154,11789,13,39,74,238,119,-4096
3115022154,11789,15,41,73,330,82,-3966
3115023154,11790,7,40,74,318,-9,-3917
3115024154,11790,8,31,67,528,-156,-3792
3115025154,11791,-5,33,58,704,-286,-3848
3115026154,11792,-5,20,37,911,-194,-3888
3115027154,11792,4,-25,8,757,-99,-3690
3115028154,11793,1,-33,8,545,-43,-3650
3115029154,11794,5,-43,-17,127,28,-3733
3115030154,11795,6,-47,-40,1,55,-3897
3115031154,11795,7,-53,-52,-142,154,-4053
3115032154,11796,6,-60,-47,-224,249,-4286
3115033154,11797,11,-58,-50,-537,318,-4339
3115034154,11798,13,-45,-46,-760,271,-4346
3115035154,11799,7,-27,-41,-735,121,-4423
3115036154,11800,-1,-7,-28,-519,39,-4579
3115037154,11801,-9,-1,-30,-405,54,-4601
3115038154,11802,-10,15,-34,-202,134,-4533
3115039154,11804,-8,32,-40,-49,189,-4328
3115040154,11805,1,45,-48,87,197,-4141
3115041154,11806,2,55,-57,255,241,-4012
3115042154,11807,5,58,-60,367,256,-3923
3115043154,11809,19,44,-62,535,200,-3793
3115044154,11810,17,34,-62,539,132,-3675
3115045154,11812,21,11,-50,463,-11,-3611
3115046154,11813,19,-6,-54,420,-146,-3575
3115047154,11815,10,-37,-44,191,-295,-3595
3115048154,11817,-5,-72,-31,-100,-348,-3758
3115049154,11818,-16,-79,-25,-377,-203,-4068
3115050154,11820,-21,-70,-9,-540,20,-4373
3115051154,11822,-19,-66,-10,-545,131,-4412
3115052154,11823,-10,-61,-7,-505,188,-4369
3115053154,11825,-2,-46,-7,-621,119,-4457
3115054154,11826,-1,-25,-1,-760,-14,-4582
3115055154,11827,-2,-11,3,-771,-11,-4569
3115056154,11829,16,18,4,-575,-48,-4418
3115057154,11830,12,27,1,-347,-133,-4158
3115058154,11831,12,34,1,-242,-194,-4027
3115059154,11832,11,36,6,-106,-285,-3988
3115060154,11833,5,40,0,45,-326,-3945
3115061154,11834,-4,42,-5,230,-335,-3997
3115062154,11834,1,31,-11,536,-213,-3874
3115063154,11835,8,17,-21,580,-52,-3743
3115064154,11836,0,2,-36,440,72,-3766
3115065154,11836,5,-13,-40,-14,100,-3739
3115066154,11836,24,1,-9,1,491,-3920
3115067154,11837,16,-7,-8,182,472,-4215
3115068154,11837,13,11,17,-164,542,-4114
3115069154,11838,22,0,22,371,610,-4244
3115070154,11838,22,-3,38,224,153,-4132
3115071154,11839,10,-26,50,200,-271,-4232
3115072154,11840,-3,-29,64,-69,-233,-4178
3115073154,11840,-12,-17,78,-105,10,-4144
3115074154,11841,-4,-14,75,-95,188,-4081
3115075154,11841,-2,-15,76,7,340,-3957
3115076154,11841,6,-8,78,46,297,-4029
3115077154,11842,14,-11,69,-21,77,-4223
3115078154,11842,11,-9,67,-76,-18,-4248
3115079154,11843,11,-3,67,-40,-208,-4211
3115080154,11843,11,-4,62,-6,-271,-4056
3115081154,11843,11,-15,60,-76,-335,-4062
3115082154,11844,2,-16,52,-170,-307,-4130
3115083154,11844,4,-14,49,-251,-303,-4189
3115084154,11844,-9,11,31,47,-186,-4148
3115085154,11844,-3,26,14,299,-69,-4330
3115086154,11845,12,23,-10,758,70,-4167
3115087154,11845,15,26,-18,768,19,-3985
3115088154,11845,25,2,-31,332,87,-3974
3115089154,11845,15,13,-43,39,150,-3902
3115090154,11845,19,7,-51,37,149,-3783
3115091154,11846,14,-4,-52,6,150,-3800
3115092154,11846,14,-13,-42,-46,193,-3874
3115093154,11847,13,-32,-27,-272,196,-4130
3115094154,11848,0,-20,-11,-319,266,-4217
3115095154,11849,-16,-7,12,-189,376,-4259
3115096154,11850,-4,-8,13,-91,413,-4296
3115097154,11851,-2,-12,25,118,364,-4307
3115098154,11852,0,-16,26,99,201,-4255
3115099154,11854,3,-11,11,-64,63,-4147
3115100154,11855,3,-4,10,-184,-37,-4005
3115101154,11856,2,-2,6,-165,-83,-3973
3115102154,11858,7,2,0,-154,-139,-3980
3115103154,11859,8,-1,3,-206,-53,-4062
3115104154,11860,5,-11,-2,-211,21,-4051
3115105154,11862,4,1,1,-186,-21,-4056
3115106154,11863,0,2,1,-157,-93,-4119
3115107154,11865,7,-5,3,-37,-274,-4240
3115108157,11867,-4,-2,-7,21,-355,-4274
3115109154,11868,1,-4,-20,14,-302,-4195
3115110154,11869,-1,1,-14,-21,-234,-4099
3115111154,11871,-5,8,-28,-87,-72,-4003
3115112154,11872,0,4,-34,-114,14,-3959
3115113154,11873,8,-4,-41,-187,72,-3967
3115114154,11874,5,-5,-38,-250,103,-3992
3115115154,11876,6,-4,-36,-255,96,-4020
3115116154,11877,7,3,-27,-189,40,-4036
3115117154,11878,1,-9,-17,-117,-15,-4084
3115118154,11879,5,-10,-11,-117,5,-4148
3115119154,11880,-1,-8,-10,-163,41,-4166
3115120154,11882,2,-15,-12,-252,89,-4137
3115121154,11883,0,1,-1,-283,123,-4102
3115122154,11883,-7,4,-4,-127,202,-4110
3115123154,11884,3,15,7,-105,159,-4157
3115124154,11885,-1,19,6,111,127,-4227
3115125154,11886,-2,22,12,176,227,-4136
3115126154,11887,12,19,20,309,280,-4025
3115127154,11888,8,21,32,280,119,-3977
3115128154,11888,7,18,37,273,-139,-4003
3115129154,11889,6,17,49,318,-172,-3974
3115130154,11890,14,-1,49,324,-199,-3944
3115131154,11891,5,-18,51,252,-170,-3942
3115132154,11891,1,-18,50,144,-130,-3998
3115133154,11892,4,-23,49,123,-89,-4036
3115134154,11892,9,-24,45,54,-59,-4069
3115135154,11892,11,-24,29,-62,-9,-4154
3115136154,11892,13,-21,19,-154,-54,-4251
3115137154,11893,6,-8,10,-213,-84,-4283
3115138154,11893,4,-4,11,-210,-118,-4296
3115139154,11893,7,14,6,-47,-106,-4329
3115140154,11893,1,32,9,168,-79,-4287
3115141154,11893,6,40,-1,476,58,-4191
3115142154,11893,5,44,-5,626,102,-4117
3115143154,11893,12,50,-14,703,201,-4027
3115144154,11893,18,45,-12,685,237,-4027
3115145154,11894,19,43,-14,722,202,-3953
3115146154,11894,22,37,-6,758,158,-3869
3115147154,11894,25,30,-4,755,142,-3838
3115148154,11895,14,12,8,658,149,-3825
3115149154,11895,16,-9,17,452,119,-3838
3115150154,11896,7,-21,40,241,54,-3916
3115151154,11897,-3,-28,49,169,39,-3970
3115152154,11898,-6,-51,54,116,34,-4122
3115153154,11899,-15,-58,56,88,3,-4139
3115154154,11900,-15,-71,54,-70,-61,-4173
3115155154,11901,-7,-74,38,-353,-146,-4274
3115156154,11902,-8,-59,35,-379,-188,-4361
3115157154,11903,0,-48,18,-485,-206,-4425
3115158154,11903,0,-20,5,-519,-32,-4396
3115159154,11904,13,0,0,-526,128,-4300
3115160154,11905,6,7,-6,-505,87,-4181
3115161154,11905,10,18,-21,-421,22,-4171
3115162154,11906,9,37,-27,-252,-141,-4221
3115163154,11907,6,36,-28,-78,-218,-4167
3115164154,11908,10,27,-30,47,-185,-3952
3115165154,11908,4,25,-32,47,-137,-3862
3115166154,11909,-3,15,-33,65,4,-3818
3115167154,11910,-2,12,-33,79,116,-3850
3115168154,11910,3,0,-37,27,222,-3887
3115169154,11911,5,-7,-42,-50,288,-3931
3115170154,11912,-2,-4,-30,-86,273,-3955
3115171154,11913,7,-12,-30,-98,223,-4016
3115172154,11914,4,-5,-30,-30,161,-4086
3115173154,11915,7,-4,-33,74,103,-4161
3115174154,11915,3,5,-26,92,70,-4194
3115175154,11916,8,2,-33,139,29,-4214
3115176154,11917,11,3,-41,208,5,-4135
3115177154,11918,12,9,-51,197,-13,-4045
3115178154,11919,4,15,-60,246,43,-3999
3115179154,11920,7,11,-53,255,47,-3978
3115180154,11921,9,8,-62,254,80,-3991
3115181154,11922,12,-5,-61,148,103,-3976
3115182157,11924,11,-12,-53,-45,85,-3962
3115183154,11925,16,-19,-47,-170,52,-4015
3115184154,11926,11,-18,-38,-288,12,-4094
3115185154,11927,2,-9,-22,-223,-46,-4201
3115186154,11928,1,-12,-16,-68,-37,-4307
3115187154,11930,8,-21,-8,0,-14,-4295
3115188154,11931,-1,-18,-6,-80,-28,-4216
3115189154,11932,5,-20,-1,-277,-58,-4212
3115190154,11934,0,-5,5,-324,-24,-4233
3115191154,11935,1,8,2,-129,79,-4130
3115192154,11936,4,17,10,-87,-42,-4118
3115193154,11937,9,17,15,186,-117,-4193
3115194154,11939,11,22,21,117,-52,-4088
3115195154,11940,12,20,19,244,-24,-3925
3115196154,11941,8,15,25,213,-192,-3928
3115197154,11942,8,16,29,240,-267,-3978
3115198154,11943,-2,1,28,293,-254,-3991
3115199154,11944,-1,-5,29,245,-122,-3981
3115200154,11945,0,-2,36,208,53,-3975
3115201154,11946,4,2,36,202,136,-4025
3115202154,11946,4,12,38,228,157,-4068
3115203154,11947,14,4,40,307,115,-4197
3115204154,11947,16,8,37,287,81,-4259
3115205154,11948,17,10,41,257,7,-4213
3115206154,11948,23,14,35,305,-22,-4139
3115207154,11948,7,25,41,485,-143,-4053
3115208154,11949,8,22,33,640,-163,-4097
3115209154,11949,1,12,25,732,-128,-3969
3115210154,11949,6,-5,14,553,-61,-3959
3115211154,11949,9,-6,9,438,0,-3951
3115212154,11949,1,-14,-2,298,89,-3845
3115213154,11949,3,-28,-4,233,130,-3865
3115214154,11948,4,-34,-12,125,166,-3906
3115215154,11948,2,-36,-14,7,155,-3994
3115216154,11948,2,-47,-18,-267,186,-4139
3115217154,11947,1,-41,-15,-464,175,-4211
3115218154,11947,0,-32,-11,-616,178,-4293
3115219154,11947,-6,-25,-6,-598,198,-4405
3115220154,11947,-7,-13,-10,-609,199,-4450
3115221154,11947,1,-9,-6,-499,180,-4512
3115222154,11946,-4,13,-9,-306,172,-4413
3115223154,11946,2,24,-17,-160,138,-4319
3115224154,11946,0,33,-21,94,93,-4084
3115225154,11946,6,39,-36,57,53,-3958
3115226154,11946,11,49,-31,121,66,-4014
3115227154,11947,7,51,-37,435,103,-4027
3115228154,11947,13,56,-29,477,212,-3847
3115229154,11948,15,51,-30,627,256,-3800
3115230154,11948,18,43,-25,702,150,-3746
3115231154,11949,16,24,-14,669,-98,-3898
3115232154,11950,15,-1,-11,600,-193,-3926
3115233154,11951,11,-16,2,492,-207,-3890
3115234154,11953,1,-24,9,362,-173,-3896
3115235154,11954,-2,-35,18,151,-64,-3958
3115236154,11955,3,-41,29,-47,38,-4066
3115237154,11957,-5,-43,45,-152,49,-4205
3115238154,11958,-8,-35,49,-153,24,-4268
3115239154,11960,1,-23,50,-107,-65,-4406
3115240154,11961,6,-23,45,18,-165,-4363
3115241154,11963,2,-21,45,-42,-246,-4263
3115242154,11964,1,-15,47,-185,-308,-4226
3115243154,11966,-1,-9,44,-178,-307,-4177
3115244154,11967,-8,4,35,-2,-346,-4069
3115245154,11968,-3,3,12,164,-336,-4002
3115246154,11969,-8,-12,-11,205,-319,-3888
3115247154,11969,-13,-15,-26,85,-288,-3922
3115248154,11970,1,-20,-47,-119,-165,-4034
3115249154,11970,-3,-17,-67,-209,11,-4025
3115250154,11970,4,-14,-75,-198,225,-4040
3115251154,11971,9,-11,-83,-241,411,-4018
3115252154,11971,11,-16,-84,-302,428,-4038
3115253154,11971,15,-17,-85,-419,327,-4102
3115254154,11971,1,-1,-75,-422,199,-4243
3115255154,11970,-4,5,-71,-245,224,-4319
3115256154,11970,1,9,-66,-88,384,-4089
3115257154,11970,0,4,-58,-109,415,-4013
3115258154,11970,-3,0,-54,-206,474,-4037
3115259154,11970,1,5,-50,-183,498,-3994
3115260154,11970,4,21,-41,-96,440,-3967
3115261154,11970,5,11,-39,-29,360,-3997
3115262154,11970,-3,11,-35,40,243,-4045
3115263154,11970,7,11,-23,28,105,-4031
3115264154,11970,9,11,-19,79,-12,-4007
3115265154,11970,1,3,-8,125,-110,-4035
3115266154,11971,-6,7,-3,137,-138,-4095
3115267154,11971,-2,2,-3,176,-163,-4181
3115268154,11972,-5,0,3,144,-169,-4144
3115269154,11972,2,-1,7,138,-175,-4110
3115270154,11973,1,-1,5,169,-189,-4114
3115271154,11974,6,-1,1,184,-223,-4104
3115272154,11975,8,-9,-1,188,-250,-4104
3115273154,11975,11,-6,-5,152,-266,-4109
3115274154,11976,11,-12,-7,94,-279,-4151
3115275154,11977,11,-5,-7,99,-285,-4162
3115276154,11978,7,3,-12,198,-311,-4154
3115277154,11979,3,4,-20,284,-359,-4168
3115278154,11980,6,3,-26,345,-238,-4252
3115279154,11981,1,12,-25,420,-194,-4141
3115280154,11982,4,-11,-36,279,-59,-4004
3115281154,11983,4,-4,-43,71,73,-4025
3115282154,11984,7,-3,-45,-10,179,-3962
3115283154,11985,4,-1,-44,74,201,-3990
3115284154,11986,6,4,-49,92,240,-3975
3115285154,11987,10,-4,-37,111,260,-4059
3115286154,11987,7,-8,-34,34,222,-4088
3115287154,11988,-3,-10,-20,-81,184,-4125
3115288154,11989,1,-18,-19,-166,245,-4150
3115289154,11990,-5,-8,-7,-154,280,-4156
3115290154,11991,-4,-5,8,-95,306,-4168
3115291154,11991,-6,-3,16,-43,338,-4194
3115292154,11992,-3,3,19,-18,333,-4181
3115293154,11993,3,4,26,12,281,-4158
3115294154,11993,4,8,27,22,195,-4103
3115295154,11994,0,12,35,74,120,-4055
3115296154,11994,9,9,40,134,7,-4034
3115297154,11994,7,3,41,188,-89,-4008
3115298154,11994,4,13,43,166,-119,-4007
3115299154,11994,9,7,46,205,-172,-4022
3115300154,11994,0,13,35,275,-229,-4047
3115301154,11994,3,13,33,356,-226,-4119
3115302154,11994,2,11,29,433,-199,-4092
3115303154,11994,5,4,22,373,-99,-4056
3115304154,11994,4,-1,15,246,-48,-4099
3115305154,11993,17,10,6,147,8,-4010
3115306154,11993,19,2,11,107,21,-4017
3115307154,11992,18,-1,9,79,-8,-4018
3115308154,11992,12,-5,17,10,-19,-4067
3115309154,11991,16,-7,19,-37,-66,-4134
3115310154,11991,5,0,30,-10,-95,-4223
3115311154,11990,3,4,36,30,-80,-4251
3115312154,11990,0,-7,38,93,31,-4197
3115313154,11990,7,-6,41,29,102,-4142
3115314154,11989,5,-8,45,-56,102,-4139
3115315154,11989,-3,9,44,52,66,-4076
3115316154,11989,-5,22,39,170,42,-4115
3115317154,11988,3,10,26,345,16,-4152
3115318154,11988,1,7,26,404,17,-3993
3115319154,11988,3,10,22,236,42,-4006
3115320154,11988,12,0,15,94,60,-3962
3115321154,11988,8,4,14,123,99,-3926
3115322154,11988,5,-1,13,206,43,-3949
3115323154,11988,5,-7,9,267,21,-4030
3115324154,11988,4,-16,9,227,-3,-4096
3115325154,11988,6,-19,2,191,2,-4108
3115326154,11988,0,-18,-6,133,-14,-4083
3115327154,11989,-5,-17,-9,57,12,-4061
3115328154,11989,1,-20,-23,-10,66,-4056
3115329154,11989,-3,-23,-42,-119,76,-4038
3115330154,11990,-1,-26,-45,-184,53,-4065
3115331154,11990,4,-26,-60,-311,53,-4144
3115332154,11990,6,-8,-63,-324,58,-4240
3115333154,11991,5,-6,-71,-358,128,-4230
3115334154,11991,0,2,-72,-208,205,-4265
3115335154,11992,4,7,-70,-243,217,-4224
3115336154,11992,11,20,-65,-94,206,-4272
3115337154,11993,15,29,-62,42,186,-4228
3115338154,11994,9,23,-48,153,125,-4020
3115339156,11995,2,25,-50,180,70,-3984
3115340154,11995,2,22,-38,214,15,-3943
3115341154,11996,-2,9,-31,246,-43,-3895
3115342154,11997,-2,0,-29,292,-61,-3908
3115343154,11998,-7,4,-24,298,-48,-3907
3115344154,11999,-5,-7,-26,256,21,-3985
3115345154,12000,2,-14,-26,235,24,-4040
3115346154,12001,8,-13,-26,239,-21,-4101
3115347154,12002,10,-14,-27,196,-87,-4174
3115348154,12003,7,-12,-24,197,-95,-4186
3115349154,12003,7,-12,-23,188,-161,-4173
3115350154,12004,7,-8,-19,167,-174,-4137
3115351154,12005,-1,-6,-15,129,-162,-4070
3115352154,12006,3,-7,-19,122,-128,-4077
3115353154,12006,4,-2,-13,107,-113,-4063
3115354154,12007,5,-7,-9,120,-64,-4062
3115355154,12007,1,-11,-7,93,-31,-4077
3115356154,12007,6,-5,-3,77,20,-4091
3115357154,12007,5,-13,-8,50,34,-4092
3115358154,12007,6,-10,5,39,55,-4102
3115359154,12007,1,-6,0,24,54,-4109
3115360154,12007,9,-6,1,7,47,-4098
3115361154,12007,4,0,7,-2,69,-4109
3115362154,12007,7,-10,5,3,72,-4085
3115363154,12006,4,-6,10,9,113,-4071
3115364154,12006,1,-8,17,-4,147,-4072
3115365154,12005,4,-8,19,-39,162,-4062
3115366154,12005,1,-7,29,-57,160,-4078
3115367154,12004,6,-12,29,-93,150,-4091
3115368154,12004,8,-13,37,-117,129,-4113
3115369154,12003,3,-10,41,-101,73,-4120
3115370154,12002,6,-1,43,-68,44,-4128
3115371154,12002,-2,-2,48,-28,35,-4148
3115372154,12001,-3,1,44,-14,14,-4123
3115373154,12000,7,-5,47,-77,33,-4088
3115374154,11999,6,5,40,-76,77,-4076
3115375154,11999,7,12,45,-82,64,-4016
3115376154,11998,6,12,35,110,-33,-4073
3115377154,11997,9,6,30,222,-41,-4065
3115378154,11996,14,4,20,174,-60,-4043
3115379154,11996,8,2,19,104,-82,-4011
3115380154,11995,6,9,17,98,-59,-4011
3115381154,11995,5,5,7,140,-17,-4021
3115382154,11994,7,3,4,190,27,-4076
3115383154,11994,4,-4,9,167,44,-4109
3115384154,11994,9,-6,1,102,35,-4138
3115385154,11994,5,-2,-2,90,32,-4123
3115386154,11994,8,-2,-7,86,22,-4149
3115387154,11994,7,-3,-6,115,51,-4143
3115388154,11994,8,-9,-6,91,57,-4131
3115389154,11994,9,-9,-11,69,56,-4124
3115390154,11994,7,-7,-13,33,66,-4105
3115391154,11995,5,0,-12,10,62,-4088
3115392154,11995,6,-4,-9,42,41,-4076
3115393154,11995,1,-4,-8,40,36,-4087
3115394154,11996,3,-7,-5,58,24,-4095
3115395154,11997,5,-7,-11,26,15,-4099
3115396154,11997,0,-6,-7,26,3,-4119
3115397154,11998,-1,-11,-15,6,2,-4083
3115398154,11999,-4,-6,-13,8,-10,-4066
3115399154,12000,8,-9,-20,-2,-4,-4083
3115400154,12000,5,-7,-24,0,7,-4093
3115401154,12001,0,-3,-22,-20,11,-4092
3115402154,12002,-2,-11,-25,-16,-6,-4093
3115403154,12002,4,-4,-28,-28,3,-4080
3115404154,12003,5,-8,-24,-34,-12,-4083
3115405154,12003,2,-11,-20,-55,14,-4085
3115406154,12004,2,-7,-17,-49,12,-4099
3115407154,12004,4,-6,-15,-52,13,-4088
3115408154,12005,10,-8,-15,-41,14,-4077
3115409154,12005,8,-1,-19,-37,25,-4081
3115410154,12005,2,-5,-20,-42,33,-4074
3115411154,12006,7,-2,-15,-40,34,-4091
3115412154,12006,2,-1,-12,-48,34,-4072
3115413154,12006,5,-8,-20,-52,23,-4078
3115414154,12006,8,-2,-12,-21,42,-4076
3115415154,12006,4,2,-11,8,34,-4083
3115416154,12005,-4,0,-7,5,18,-4077
3115417154,12005,1,-1,-12,-16,19,-4094
3115418154,12005,2,-2,-7,-6,27,-4080
3115419154,12004,11,-6,-9,39,24,-4077
3115420154,12004,3,-3,-9,24,12,-4080
3115421154,12004,1,-6,-6,32,15,-4075
3115422154,12003,4,-2,-8,25,5,-4062
3115423154,12003,2,-7,-7,15,1,-4066
3115424154,12002,9,-10,-6,20,-2,-4063
3115425154,12002,2,-7,-11,12,-22,-4069
3115426154,12001,0,-3,-2,2,-14,-4081
3115427154,12001,1,-9,-8,-51,-5,-4070
3115428154,12000,2,-6,-14,-63,-16,-4072
3115429154,12000,3,-13,-16,-107,2,-4076
3115430154,12000,2,-11,-18,-126,-28,-4085
3115431154,11999,0,-15,-22,-217,-67,-4098
3115432154,11999,0,-15,-28,-246,-46,-4076
3115433154,11999,0,-9,-33,-252,-15,-4144
3115434154,11999,-2,-3,-31,-275,79,-4206
3115435154,11998,4,-3,-36,-278,134,-4204
3115436154,11998,4,4,-45,-230,171,-4154
3115437154,11998,7,7,-38,-190,153,-4150
3115438154,11998,4,18,-35,-90,136,-4186
3115439154,11998,4,21,-31,-38,117,-4195
3115440154,11999,9,14,-29,50,105,-4129
3115441154,11999,9,16,-22,78,57,-4026
3115442154,12000,5,11,-16,108,39,-3983
3115443154,12000,-2,7,-14,161,-5,-3965
3115444154,12001,-3,7,-19,165,11,-3949
3115445154,12002,6,-9,-13,153,56,-3959
3115446154,12003,6,-7,-12,116,56,-3973
3115447154,12003,0,-14,-12,86,32,-4027
3115448154,12004,6,-17,-8,32,-9,-4074
3115449154,12005,6,-27,-13,-82,37,-4067
3115450154,12006,15,-29,-14,-171,103,-4104
3115451154,12007,11,-18,-10,-185,54,-4062
3115452154,12008,2,-14,-7,-135,-96,-4225
3115453154,12009,5,-15,-11,-135,-73,-4227
3115454154,12009,8,-19,-4,-238,-58,-4157
3115455154,12010,2,-15,6,-371,-61,-4119
3115456154,12011,-4,-13,6,-367,-37,-4105
3115457154,12012,-4,-12,8,-345,4,-4115
3115458154,12012,1,-13,10,-344,11,-4112
3115459154,12013,2,-13,7,-377,-41,-4114
3115460154,12013,0,-13,1,-402,-69,-4165
3115461154,12014,4,-13,3,-367,-85,-4150
3115462154,12014,-7,-6,3,-351,-90,-4130
3115463154,12014,-5,1,-7,-356,-32,-4117
3115464154,12014,0,0,-8,-342,41,-4147
3115465154,12014,1,7,-8,-295,52,-4090
3115466154,12014,10,12,-19,-156,4,-4026
3115467154,12014,5,23,-17,-84,-21,-4067
3115468154,12014,5,21,-28,31,-46,-4159
3115469154,12013,7,17,-34,102,-2,-3999
3115470154,12013,1,17,-39,207,149,-4005
3115471154,12013,9,24,-30,-100,242,-3993
3115472154,12013,9,22,-34,178,339,-4086
3115473154,12012,9,36,-21,257,357,-3985
3115474154,12012,15,22,-23,377,272,-3905
3115475154,12012,15,9,-17,282,57,-4063
3115476154,12012,12,4,-14,298,-50,-4082
3115477154,12012,6,-7,-7,251,-124,-3966
3115478154,12013,-3,-9,-2,222,-77,-3957
3115479154,12013,-10,-9,5,167,63,-4068
3115480154,12013,-3,-13,5,114,151,-4090
3115481154,12013,8,-12,9,85,163,-4104
3115482154,12014,8,-14,21,-21,156,-4150
3115483154,12014,14,-21,20,-84,87,-4190
3115484154,12015,17,-26,29,-165,-24,-4178
3115485154,12015,10,-21,37,-222,-67,-4168
3115486154,12016,9,-18,45,-240,-215,-4207
3115487154,12017,1,-17,41,-281,-342,-4278
3115488154,12017,-3,-17,39,-268,-394,-4211
3115489154,12018,-5,-24,34,-353,-296,-4109
3115490154,12019,-4,-28,31,-414,-264,-4106
3115491154,12019,-12,-14,21,-469,-156,-4161
3115492154,12020,-10,3,15,-365,3,-4185
3115493154,12020,1,1,3,-226,72,-4102
3115494154,12021,1,5,-4,-215,142,-4088
3115495154,12021,11,-2,-12,-196,17,-4094
3115496154,12022,10,3,-13,-247,-109,-4117
3115497154,12022,3,16,-16,-209,-129,-4079
3115498154,12023,7,14,-14,-119,-43,-4009
3115499154,12023,0,16,-13,-60,40,-3999
3115500154,12023,1,6,-22,-14,143,-3976
3115501154,12024,4,-3,-25,-23,228,-3932
3115502154,12024,1,-7,-26,-81,247,-3935
3115503154,12025,2,-8,-23,-123,288,-3935
3115504154,12025,9,-6,-29,-185,281,-3980
3115505154,12026,6,-7,-26,-156,236,-4018
3115506154,12026,2,-10,-29,-147,170,-4072
3115507154,12027,7,-6,-28,-189,179,-4122
3115508154,12027,0,-1,-20,-208,166,-4155
3115509154,12028,1,-1,-22,-176,138,-4133
3115510154,12029,5,-3,-21,-177,90,-4139
3115511154,12029,4,2,-10,-128,62,-4148
3115512154,12030,5,-3,-17,-105,30,-4138
3115513154,12031,0,-4,-11,-78,17,-4091
3115514154,12032,1,-4,-9,-105,-12,-4069
3115515154,12032,6,-4,-12,-171,-32,-4049
3115516154,12033,1,-1,-10,-16,-48,-4113
3115517154,12034,4,3,-9,-229,-55,-4139
3115518154,12035,4,13,-14,78,-14,-4247
3115519154,12036,-6,28,-16,151,-165,-4273
3115520154,12037,4,27,-20,271,-234,-4223
3115521154,12038,1,13,-31,332,-222,-4037
3115522154,12039,2,10,-32,211,-65,-4000
3115523154,12040,2,11,-27,75,81,-3957
3115524154,12041,7,14,-23,50,94,-3920
3115525154,12042,12,11,-24,177,85,-3963
3115526154,12043,11,14,-14,204,61,-3991
3115527154,12044,17,9,-10,270,-23,-4173
3115528154,12045,16,-2,-12,258,-92,-4221
3115529154,12046,4,10,3,196,-117,-4170
3115530154,12047,8,1,10,167,-27,-4090
3115531154,12048,2,7,14,146,12,-4059
3115532154,12049,7,-3,24,100,78,-4018
3115533154,12050,5,-9,31,49,75,-3983
3115534154,12051,-2,-11,35,23,11,-4000
3115535154,12051,3,-4,32,38,-41,-4010
3115536154,12052,0,-13,37,87,-165,-4073
3115537154,12053,-9,-21,30,128,-220,-4066
3115538154,12054,-12,-21,18,50,-199,-4123
3115539154,12054,-10,-23,10,-42,-115,-4147
3115540154,12054,-12,-13,4,-61,-46,-4170
3115541154,12055,-10,-6,-12,-65,115,-4169
3115542154,12055,-3,5,-23,-55,259,-4157
3115543154,12055,16,5,-25,-48,308,-4112
3115544154,12055,18,8,-32,-109,284,-4072
3115545154,12055,17,7,-23,-129,258,-4046
3115546154,12055,20,3,-13,-149,146,-4032
3115547154,12055,14,0,-8,-167,-20,-4007
3115548154,12055,-5,-4,3,-145,-132,-4013
3115549154,12055,-4,-14,5,-133,-157,-4040
3115550154,12055,-18,-11,2,-92,-200,-4106
3115551154,12055,-28,-9,-7,-27,-131,-4204
3115552154,12055,-18,2,-23,-10,120,-4286
3115553154,12055,-8,13,-35,37,398,-4259
3115554154,12055,-1,22,-43,74,494,-4209
3115555154,12054,13,39,-53,147,529,-4126
3115556154,12054,23,49,-53,295,373,-4120
3115557154,12055,34,42,-49,438,160,-4037
3115558154,12055,28,43,-45,455,58,-3983
3115559154,12055,25,29,-32,464,-132,-3884
3115560154,12056,16,14,-20,425,-239,-3809
3115561154,12057,1,-9,-4,361,-231,-3756
3115562154,12058,-11,-39,9,187,-97,-3721
3115563154,12059,-13,-48,18,25,10,-3749
3115564154,12060,-16,-64,22,-173,77,-3861
3115565154,12061,-13,-70,25,-303,-39,-4113
3115566154,12062,-17,-63,26,-330,-70,-4380
3115567154,12063,-21,-60,26,-382,-31,-4430
3115568154,12064,0,-55,21,-531,74,-4485
3115569154,12065,-1,-32,18,-644,45,-4490
3115570154,12066,6,0,22,-587,-60,-4434
3115571154,12067,8,17,13,-411,-192,-4389
3115572154,12068,6,36,14,-308,-234,-4350
3115573154,12069,5,23,9,-103,-252,-4245
3115574154,12070,-2,30,4,54,-222,-4042
3115575154,12071,3,23,3,79,-174,-3845
3115576154,12072,-1,21,-2,127,-86,-3795
3115577154,12073,1,14,-5,126,-62,-3792
3115578154,12073,0,9,-18,170,24,-3863
3115579154,12074,-3,5,-26,250,38,-4004
3115580154,12075,-1,0,-41,317,50,-4052
3115581154,12075,0,1,-44,359,98,-4003
3115582154,12076,2,-10,-50,248,216,-3975
3115583154,12076,10,-16,-59,98,308,-3954
3115584154,12077,13,-16,-57,-54,402,-3914
3115585154,12077,16,-25,-47,-193,396,-3957
3115586154,12077,14,-19,-40,-180,323,-3991
3115587154,12078,9,-14,-36,-164,120,-4217
3115588154,12079,-1,-3,-29,-40,74,-4329
3115589154,12079,-4,-15,-20,-23,169,-4200
3115590154,12080,-3,-9,-21,-30,198,-4123
3115591154,12080,-9,-15,-15,-158,222,-4114
3115592154,12081,-5,-4,-10,-161,176,-4133
3115593154,12081,-2,7,-5,-59,137,-4112
3115594154,12082,3,6,-5,14,127,-4139
3115595154,12083,0,10,-8,-29,78,-4123
3115596154,12083,12,9,-1,72,45,-4175
3115597154,12084,7,10,4,169,-130,-4235
3115598154,12085,12,12,11,118,-147,-4177
3115599154,12086,10,15,18,261,-132,-4132
3115600154,12086,12,3,13,281,-258,-3985
3115601154,12087,1,-1,10,188,-385,-4015
3115602154,12088,-1,-7,16,161,-306,-4002
3115603154,12089,-4,-10,20,167,-168,-4028
3115604154,12090,-8,1,14,169,-109,-4061
3115605154,12090,3,0,15,208,39,-4131
3115606154,12091,12,2,11,240,76,-4154
3115607154,12092,13,11,16,274,24,-4215
3115608154,12093,19,7,18,301,-56,-4194
3115609154,12094,18,13,19,281,-80,-4165
3115610154,12094,15,15,33,362,-178,-4121
3115611154,12095,6,17,26,486,-290,-4061
3115612154,12096,-3,16,29,520,-267,-4175
3115613154,12096,-6,16,26,587,-161,-4127
3115614154,12097,-7,-3,24,512,52,-3898
3115615154,12098,-2,-7,20,293,223,-3829
3115616154,12098,0,-9,17,200,211,-3835
3115617154,12098,6,-6,7,260,146,-3948
3115618154,12099,4,-12,4,300,96,-3997
3115619154,12099,7,-16,3,362,14,-4137
3115620154,12099,7,-15,-4,338,-59,-4187
3115621154,12099,6,-18,-11,295,-69,-4093
3115622154,12099,-4,-10,-14,244,-67,-4050
3115623154,12099,-14,-14,-24,143,-7,-4008
3115624154,12099,-9,-18,-37,70,103,-3980
3115625154,12099,-12,-24,-55,-24,175,-3994
3115626154,12099,-5,-17,-65,-119,263,-4105
3115627154,12099,-7,-19,-66,-148,291,-4138
3115628154,12099,-2,-10,-76,-178,361,-4231
3115629154,12098,9,5,-76,-149,386,-4324
3115630154,12098,19,19,-68,-71,311,-4381
3115631154,12098,10,27,-64,-10,279,-4385
3115632154,12098,16,31,-59,98,195,-4370
3115633154,12098,9,35,-43,259,97,-4260
3115634154,12098,5,37,-33,373,22,-4095
3115635154,12098,5,24,-23,438,-19,-3934
3115636154,12098,-7,25,-15,442,-24,-3896
3115637154,12099,-4,8,-14,464,-26,-3811
3115638154,12099,-4,3,-10,495,-20,-3793
3115639154,12100,-4,-9,-7,480,-67,-3815
3115640154,12100,-5,-15,-10,409,-117,-3863
3115641154,12101,1,-27,-12,346,-145,-3875
3115642154,12102,-4,-42,-16,233,-205,-4004
3115643154,12102,-1,-45,-18,77,-242,-4099
3115644154,12103,1,-46,-17,-60,-207,-4200
3115645154,12104,2,-47,-25,-121,-135,-4262
3115646154,12104,5,-36,-20,-222,-49,-4317
3115647154,12105,10,-23,-17,-299,44,-4331
3115648154,12106,7,-12,-16,-303,84,-4347
3115649154,12107,6,0,-6,-218,91,-4312
3115650154,12107,12,0,-3,-184,82,-4285
3115651154,12108,11,6,8,-95,-5,-4200
3115652154,12108,6,10,8,-6,-71,-4121
3115653154,12109,1,6,14,86,-103,-4042
3115654154,12110,-2,11,13,113,-93,-4005
3115655154,12110,-3,9,16,204,-50,-3975
3115656154,12111,-10,5,14,222,76,-3967
3115657154,12111,1,5,9,236,204,-3951
3115658154,12111,6,1,5,300,227,-3950
3115659154,12111,8,7,-2,288,178,-4008
3115660154,12112,14,-4,-7,325,166,-4011
3115661154,12112,11,-8,-13,290,108,-4005
3115662154,12112,9,-7,-14,222,28,-4037
3115663154,12111,12,-6,-18,233,8,-4034
3115664154,12111,7,-6,-15,210,49,-4044
3115665154,12111,1,-8,-14,229,80,-4080
3115666154,12111,7,-6,-12,199,150,-4095
3115667154,12110,3,-7,-11,174,164,-4120
3115668154,12110,-1,-9,-11,162,179,-4121
3115669154,12110,8,-11,-11,135,177,-4099
3115670154,12109,4,-7,-6,106,152,-4091
3115671154,12109,11,-5,-11,41,71,-4086
3115672154,12108,9,-5,-4,4,-1,-4087
3115673154,12108,5,-8,-4,-4,-42,-4100
3115674154,12107,8,-8,-2,-38,-61,-4099
3115675154,12107,0,-1,2,-48,-89,-4122
3115676154,12106,-1,-1,6,-12,-85,-4125
3115677154,12106,6,-1,2,-18,-78,-4142
3115678154,12105,-1,-3,3,-6,-56,-4143
3115679154,12105,2,-3,5,-7,-41,-4131
3115680154,12105,5,-7,5,16,-18,-4143
3115681154,12104,6,-3,-1,32,-22,-4143
3115682154,12104,7,2,-3,2,-35,-4130
3115683154,12104,-3,-2,0,15,-50,-4119
3115684154,12103,2,3,-1,21,-36,-4113
3115685154,12103,2,-5,-5,30,-34,-4099
3115686154,12103,0,1,0,33,-25,-4091
3115687154,12103,7,-8,-6,23,-8,-4084
3115688154,12103,6,-11,-4,13,18,-4078
3115689154,12103,1,-10,-4,8,27,-4050
3115690154,12103,6,-13,-4,-15,59,-4060
3115691154,12103,0,-7,-5,-21,73,-4049
3115692154,12103,1,-10,-7,-17,88,-4054
3115693154,12103,7,-5,-3,-6,98,-4055
3115694154,12103,-1,-10,0,-10,97,-4087
3115695154,12104,5,-9,-9,3,99,-4098
3115696154,12104,5,-12,-7,4,89,-4092
3115697154,12104,4,-2,-5,10,81,-4104
3115698154,12105,5,-9,-8,27,77,-4102
3115699154,12105,1,-5,-8,6,68,-4121
3115700154,12105,7,-5,-8,0,56,-4113
3115701154,12106,4,-7,-11,2,42,-4100
3115702154,12106,8,-4,-12,1,46,-4110
3115703154,12107,1,-7,-4,9,18,-4090
3115704154,12107,6,-11,-10,2,30,-4077
3115705154,12107,2,-5,-9,-4,17,-4066
3115706154,12108,7,-14,-12,6,16,-4085
3115707154,12108,4,-4,-9,15,4,-4096
3115708154,12108,3,-11,-9,18,1,-4093
3115709154,12109,3,-10,-9,22,5,-4087
3115710154,12109,1,-6,-10,26,-17,-4096
3115711154,12109,1,-7,-8,30,0,-4098
3115712154,12109,2,-6,-7,26,-25,-4091
3115713154,12109,6,-5,-10,29,-14,-4080
3115714154,12109,2,-5,-4,35,-13,-4076
3115715154,12110,5,-3,-3,13,-24,-4073
3115716154,12110,6,-10,-5,14,-9,-4065
3115717154,12110,5,-5,-7,29,-14,-4071
3115718154,12109,6,-4,-5,20,3,-4063
3115719154,12109,2,-6,-5,29,-5,-4082
3115720154,12109,2,-11,-5,27,-2,-4082
3115721154,12109,7,-4,0,22,8,-4099
3115722154,12109,6,-10,-2,7,19,-4098
3115723154,12108,-1,-4,-2,18,15,-4086
3115724154,12108,0,-3,5,26,22,-4112
3115725154,12108,5,-8,0,-8,16,-4109
3115726154,12107,5,-5,0,-11,19,-4098
3115727154,12107,-1,-3,3,-4,26,-4088
3115728154,12107,6,-8,1,-5,31,-4071
3115729154,12106,0,0,6,13,33,-4086
3115730154,12106,4,-5,-1,8,40,-4100
3115731154,12106,2,-2,2,13,38,-4100
3115732154,12105,0,4,3,7,45,-4105
3115733154,12105,6,-3,1,18,45,-4102
3115734154,12105,2,-1,1,4,39,-4105
3115735154,12104,2,-4,-2,28,32,-4098
3115736154,12104,4,-2,-1,23,42,-4083
3115737154,12104,3,4,6,20,26,-4085
3115738154,12104,7,-4,-4,22,40,-4076
3115739154,12104,7,-7,-7,16,36,-4093
3115740154,12103,4,-2,-4,15,27,-4074
3115741154,12103,3,0,-8,12,30,-4078
3115742154,12103,0,1,-1,17,15,-4085
3115743154,12103,5,-1,-1,-2,19,-4068
3115744154,12103,1,-4,-11,11,29,-4083
3115745154,12103,6,-4,-12,25,20,-4072
3115746154,12103,4,-3,-6,29,30,-4083
3115747154,12104,0,-4,-9,16,6,-4080
3115748154,12104,6,-6,-5,25,12,-4075
3115749154,12104,4,-6,-8,5,12,-4079
3115750154,12104,-1,-1,-8,-4,9,-4059
3115751154,12104,-2,-7,-11,15,9,-4090
3115752154,12105,5,-9,-15,11,25,-4084
3115753154,12105,2,-1,-13,17,2,-4083
3115754154,12105,1,-3,-13,13,20,-4112
3115755154,12106,9,-4,-14,13,14,-4106
3115756154,12106,5,-4,-14,8,19,-4096
3115757154,12106,2,-6,-8,11,18,-4123
3115758154,12106,0,-3,-15,15,11,-4111
3115759154,12107,5,-3,-12,15,8,-4105
3115760154,12107,5,-9,-12,-4,-6,-4116
3115761154,12107,1,-3,-7,-1,13,-4112
3115762154,12107,5,-5,-9,-5,12,-4095
3115763154,12108,1,-5,-10,8,25,-4094
3115764154,12108,4,-2,-8,-4,22,-4104
3115765154,12108,8,-7,-7,8,33,-4102
3115766154,12108,4,-5,-10,14,12,-4103
3115767154,12108,6,-7,-12,2,21,-4104
3115768154,12108,1,-6,-10,13,15,-4096
3115769154,12108,5,1,-8,25,9,-4096
3115770154,12108,8,-2,-8,-6,27,-4089
3115771154,12108,0,1,-6,8,19,-4067
3115772154,12108,6,-7,-5,7,19,-4056
3115773154,12108,3,-4,-11,17,26,-4061
3115774154,12108,2,-3,-3,34,34,-4042
3115775154,12108,4,-3,-3,29,28,-4045
3115776154,12108,6,-1,0,17,24,-4053
3115777154,12108,7,-4,-3,27,34,-4062
3115778154,12107,-2,0,0,24,14,-4064
3115779154,12107,7,0,-2,29,27,-4064
3115780154,12107,7,3,-3,18,13,-4062
3115781154,12107,5,4,-4,17,19,-4069
3115782154,12107,5,0,-4,20,26,-4084
3115783154,12106,8,-7,0,19,24,-4065
3115784154,12106,4,-4,-6,-5,19,-4086
3115785154,12106,2,-1,-5,13,30,-4097
3115786154,12106,8,-11,-1,4,30,-4105
3115787154,12105,-4,5,-2,12,7,-4112
3115788154,12105,6,3,-2,17,26,-4127
3115789154,12105,6,-4,-2,20,28,-4150
3115790154,12105,1,-2,-1,-1,20,-4142
3115791154,12105,3,-8,1,6,8,-4137
3115792154,12104,8,-3,-3,2,18,-4130
3115793154,12104,1,-3,-4,-1,9,-4117
3115794154,12104,8,-3,-4,-6,1,-4104
3115795154,12104,0,-4,-4,-11,7,-4104
3115796154,12104,8,-2,-5,-5,23,-4088
3115797154,12104,9,-10,-11,7,4,-4092
3115798154,12104,7,-2,-7,-2,35,-4076
3115799154,12104,5,-4,-6,19,31,-4076
3115800155,12104,1,-1,-5,27,43,-4080
3115801154,12104,1,-3,-12,17,37,-4095
3115802155,12104,4,-3,-5,35,33,-4078
3115803156,12104,1,-5,-4,18,37,-4078
3115804154,12105,-4,-2,-4,30,32,-4070
3115805154,12105,10,-4,-8,14,18,-4066
3115806154,12105,6,4,-1,25,36,-4077
3115807154,12105,4,-9,-9,18,35,-4072
3115808154,12105,7,-2,-9,35,23,-4048
3115809154,12106,5,0,-9,15,39,-4084
3115810154,12106,2,-3,-3,16,42,-4073
3115811154,12106,7,-1,-3,28,45,-4075
3115812154,12106,6,-6,-12,5,36,-4086
3115813154,12106,8,-9,-12,19,42,-4087
3115814154,12107,0,0,-6,7,27,-4094
3115815154,12107,6,-10,-5,1,29,-4097
3115816154,12107,1,-11,-9,-47,36,-4064
3115817154,12107,-1,-7,-9,-65,42,-4082
3115818154,12107,9,-4,-8,-62,27,-4084
3115819154,12107,3,0,-2,-38,15,-4094
3115820154,12107,2,4,-3,14,12,-4099
3115821154,12107,2,-5,-8,58,21,-4127
3115822154,12108,3,-3,-10,60,36,-4110
3115823154,12108,4,-3,-6,50,13,-4083
3115824154,12108,8,-5,-7,50,7,-4084
3115825154,12108,2,3,-7,58,12,-4083
3115826154,12107,8,-9,-6,78,4,-4064
3115827154,12107,8,-4,-1,73,5,-4064
3115828154,12107,4,2,-4,49,-5,-4066
3115829154,12107,10,-8,-7,42,4,-4042
3115830154,12107,3,-4,-8,28,3,-4055
3115831154,12107,9,-15,-11,39,1,-4044
3115832154,12107,2,-4,-7,34,18,-4076
3115833154,12107,-3,-6,-4,18,16,-4092
3115834154,12107,5,-4,-4,4,24,-4083
3115835154,12106,6,-7,-5,25,4,-4109
3115836154,12106,4,-3,-4,-11,41,-4103
3115837154,12106,7,-3,-2,7,18,-4114
3115838154,12106,11,-5,-3,4,25,-4115
3115839154,12106,4,-1,-5,12,22,-4104
3115840154,12106,2,-2,-8,1,36,-4100
3115841154,12106,1,-4,-6,-2,28,-4096
3115842154,12105,7,-10,-8,4,41,-4083
3115843154,12105,6,-3,-2,2,31,-4093
3115844154,12105,5,-6,-6,15,31,-4094
3115845154,12105,3,-4,-4,24,34,-4095
3115846154,12105,-9,-3,-1,11,39,-4098
3115847154,12105,5,-8,-5,27,34,-4098
3115848154,12105,6,-9,-7,19,36,-4087
3115849154,12105,0,-2,-8,14,48,-4080
3115850154,12105,4,-5,-7,24,37,-4088
3115851154,12105,-1,1,-4,31,37,-4079
3115852154,12105,3,0,-5,14,26,-4087
3115853154,12105,7,-4,-5,20,25,-4076
3115854154,12105,-1,-8,-7,11,28,-4076
3115855154,12105,6,-1,-7,11,33,-4082
3115856154,12105,7,-3,-6,11,30,-4092
3115857154,12105,1,-8,-4,15,15,-4080
3115858154,12105,5,-8,-8,3,12,-4106
3115859154,12105,2,-1,-3,13,12,-4094
3115860154,12105,-2,2,-8,18,19,-4107
3115861154,12106,4,-13,-5,-1,27,-4104
3115862154,12106,-2,0,-9,9,29,-4088
3115863154,12106,1,-1,-3,9,14,-4087
3115864154,12106,4,-6,-14,15,33,-4087
3115865154,12106,0,0,-5,8,23,-4097
3115866154,12106,8,-11,-17,7,16,-4091
3115867154,12106,0,-1,-9,17,23,-4087
3115868154,12106,-2,0,-10,5,17,-4089
3115869154,12107,2,-1,-10,10,25,-4088
3115870154,12107,2,-3,-5,18,17,-4096
3115871154,12107,1,-3,-10,27,21,-4084
3115872154,12107,3,-7,-1,16,7,-4086
3115873154,12107,1,-5,-3,14,20,-4093
3115874154,12107,5,-5,-5,11,20,-4092
3115875154,12107,5,-9,-11,17,22,-4079
3115876154,12107,3,-1,-7,7,17,-4072
3115877154,12107,9,-8,-4,20,9,-4054
3115878154,12107,3,0,-4,27,13,-4059
3115879154,12107,11,-10,-11,4,19,-4084
3115880154,12107,2,-6,-11,36,18,-4073
3115881154,12107,4,-4,-12,36,33,-4081
3115882154,12107,6,-2,-4,7,30,-4094
3115883154,12107,3,-1,-9,18,18,-4092
3115884154,12107,5,-4,-2,11,28,-4095
3115885154,12107,7,-7,-8,7,27,-4095
3115886154,12106,4,-5,-4,9,21,-4094
3115887154,12106,-1,-6,-11,8,21,-4089
3115888154,12106,3,-11,-10,16,24,-4087
3115889154,12106,7,-9,-9,4,30,-4094
3115890154,12106,6,-3,-8,14,21,-4088
3115891154,12106,3,-2,-5,2,13,-4103
3115892154,12106,3,-9,-7,14,25,-4105
3115893154,12106,10,-4,-2,24,17,-4095
3115894154,12106,0,-3,-2,15,23,-4116
3115895154,12106,2,-2,-7,-3,24,-4107
3115896154,12105,4,-5,-6,27,29,-4097
3115897154,12105,5,-7,-8,8,11,-4097
3115898154,12105,6,-6,-8,6,18,-4094
3115899154,12105,9,-4,-6,16,12,-4082
3115900154,12105,1,-7,-6,6,7,-4072
3115901154,12105,3,0,-10,14,21,-4084
3115902154,12105,2,-5,-4,22,25,-4090
3115903154,12105,6,-9,-10,3,26,-4103
3115904154,12105,2,-5,-8,19,13,-4089
3115905154,12105,4,-6,-8,-11,29,-4084
3115906154,12105,5,-2,-8,27,23,-4081
3115907154,12105,5,-5,-7,12,19,-4077
3115908154,12105,-2,-6,-8,18,23,-4086
3115909154,12105,8,-6,-4,14,25,-4084
3115910154,12105,3,-6,-8,28,19,-4084
3115911154,12105,3,-3,-9,22,27,-4079
3115912154,12105,8,-3,-11,13,20,-4076
3115913154,12106,7,-3,-5,10,13,-4083
3115914154,12106,3,-6,-9,21,45,-4084
3115915154,12106,1,-1,-6,26,40,-4080
3115916154,12106,0,-3,-6,13,26,-4103
3115917154,12106,4,-7,-8,16,20,-4092
3115918154,12106,5,-1,-7,14,28,-4097
3115919154,12106,1,-2,-10,4,29,-4090
3115920154,12106,1,-6,-4,9,20,-4093
3115921154,12106,3,-4,-4,14,31,-4074
3115922154,12106,4,-3,-9,11,33,-4087
3115923154,12106,-2,1,-10,3,31,-4093
3115924154,12106,4,0,-12,6,24,-4104
3115925154,12106,6,-10,-10,6,28,-4099
3115926154,12106,2,-3,-3,13,32,-4095
3115927154,12106,4,-3,-2,5,5,-4100
3115928154,12106,2,-1,-5,-1,34,-4078
3115929154,12106,4,-5,-2,17,19,-4080
3115930154,12106,4,-8,-4,20,18,-4088
3115931154,12106,6,-4,-8,30,29,-4092
3115932154,12106,5,-5,-9,0,38,-4079
3115933154,12106,-1,-4,-5,5,24,-4075
3115934154,12106,1,1,-2,4,46,-4082
3115935154,12106,8,-4,-10,18,29,-4088
3115936154,12106,0,-3,-8,0,30,-4078
3115937154,12106,2,-5,-5,27,25,-4098
3115938154,12106,8,-6,-7,24,29,-4090
3115939154,12106,4,-1,-9,18,18,-4095
3115940154,12106,7,-2,-7,6,32,-4093
3115941154,12106,5,-5,-7,9,28,-4092
3115942154,12106,1,1,-10,9,20,-4116
3115943154,12106,4,-7,-4,11,28,-4096
3115944154,12106,5,0,-4,7,10,-4082
3115945154,12106,-2,-4,2,-5,28,-4086
3115946154,12106,3,-4,-5,5,20,-4079
3115947154,12106,0,1,-4,12,25,-4101
3115948154,12106,12,-4,-5,11,30,-4088
3115949154,12106,4,-5,-8,11,32,-4102
3115950154,12105,5,-5,1,23,43,-4106
3115951154,12105,0,0,-3,7,41,-4087
3115952154,12105,4,-4,-7,17,14,-4098
3115953154,12105,10,-1,-1,9,27,-4092
3115954154,12105,8,-1,-5,7,19,-4081
3115955154,12105,7,-4,-3,21,29,-4098
3115956154,12105,5,-1,-6,-7,25,-4086
3115957154,12105,5,-1,-6,10,15,-4090
3115958154,12105,3,0,-3,27,23,-4096
3115959154,12105,6,0,-7,17,27,-4096
3115960154,12105,-2,-3,-2,16,9,-4087
3115961154,12105,5,1,-8,22,14,-4091
3115962154,12105,9,-10,-8,14,25,-4103
3115963154,12105,6,-8,-6,15,22,-4090
3115964154,12105,7,-7,-8,20,18,-4086
3115965154,12105,3,-3,-7,15,11,-4085
3115966154,12105,3,-9,-6,15,30,-4089
3115967154,12105,4,-5,-7,6,20,-4063
3115968154,12106,4,-2,1,3,13,-4092
3115969154,12106,5,-4,-1,22,19,-4081
3115970154,12106,2,-4,-1,24,24,-4083
3115971154,12106,3,-7,-9,20,23,-4091
3115972154,12106,3,-5,-2,12,21,-4089
3115973154,12106,6,-5,-4,10,19,-4095
3115974154,12106,1,-3,-11,5,16,-4092
3115975154,12106,3,-4,-6,14,13,-4089
3115976154,12106,8,-5,-9,10,4,-4070
3115977154,12106,3,-2,-4,5,15,-4071
3115978154,12106,8,-7,-5,7,23,-4067
3115979154,12106,6,1,-5,5,26,-4071
3115980154,12106,7,-7,-7,11,16,-4078
3115981154,12106,0,-10,-6,25,19,-4086
3115982154,12106,3,-4,-6,15,21,-4080
3115983154,12106,5,-3,-6,17,26,-4075
3115984154,12106,7,-6,-3,6,31,-4085
3115985154,12106,3,-7,-4,22,22,-4101
3115986154,12106,8,-10,-4,1,8,-4091
3115987154,12106,3,-1,0,5,13,-4085
3115988154,12106,3,-2,2,11,34,-4090
3115989154,12106,9,-12,-1,-25,44,-4066
3115990154,12106,8,-10,1,-73,46,-4046
3115991154,12106,6,-7,1,-93,28,-4068
3115992154,12106,4,-1,2,-30,7,-4095
3115993154,12106,-1,2,-1,13,27,-4078
3115994154,12106,2,-5,-1,47,22,-4136
3115995154,12106,6,-3,-6,66,25,-4148
3115996154,12106,-1,2,-8,54,20,-4122
3115997154,12106,2,6,-2,41,9,-4092
3115998154,12105,5,0,-5,44,14,-4101
3115999154,12105,5,-1,-1,60,29,-4094
3116000154,12105,8,-11,-5,53,30,-4058
3116001154,12105,5,-3,-9,41,12,-4065
3116002154,12105,3,-3,-6,53,8,-4064
3116003154,12105,4,-7,-2,26,16,-4082
3116004154,12105,5,-5,-3,20,19,-4078
3116005154,12105,2,-6,-7,26,20,-4074
3116006154,12105,-3,-5,-4,13,37,-4082
3116007154,12105,9,-9,-12,18,34,-4099
3116008154,12105,9,-3,-7,0,12,-4108
3116009154,12105,2,-4,-6,-21,17,-4087
3116010154,12105,8,-5,-7,-14,27,-4078
3116011154,12105,2,5,-6,-4,38,-4082
3116012154,12105,3,-5,-5,9,36,-4081
3116013154,12105,2,-4,-3,13,31,-4087
3116014154,12105,5,-2,-2,25,44,-4097
3116015154,12105,9,-5,-6,24,31,-4109
3116016154,12105,4,-10,-8,13,20,-4102
3116017154,12105,8,-8,-7,26,17,-4091
3116018154,12105,4,-1,-4,29,15,-4090
3116019154,12105,7,-1,-4,20,19,-4092
3116020154,12105,4,0,-5,17,25,-4104
3116021154,12105,3,-4,-2,11,12,-4102
3116022154,12105,1,0,-8,-3,15,-4104
3116023154,12105,4,-7,-7,17,11,-4083
3116024154,12105,3,-5,-7,7,10,-4080
3116025154,12105,3,3,-5,3,18,-4089
3116026154,12105,11,-6,-10,-14,13,-4081
3116027154,12105,3,-5,-11,-11,12,-4085
3116028154,12105,-1,-11,-9,-23,2,-4088
3116029154,12105,2,-1,-10,-48,11,-4080
3116030154,12105,2,1,-9,-14,9,-4078
3116031154,12105,4,0,-6,-29,10,-4094
3116032154,12105,8,-1,-6,-4,9,-4072
3116033154,12105,1,-2,-3,-150,-1,-4128
3116034154,12105,12,-4,-2,-108,26,-4093
3116035154,12105,2,4,-2,-31,13,-4034
3116036154,12105,7,1,-5,-52,20,-4118
3116037154,12105,6,1,-4,29,55,-4155
3116038154,12105,0,0,-11,27,37,-4112
3116039154,12105,3,-3,-8,3,48,-4103
3116040154,12105,4,-7,-11,-6,57,-4120
3116041154,12105,3,-1,-8,26,18,-4108
3116042154,12105,5,0,-7,51,16,-4077
3116043154,12105,2,2,-6,46,20,-4085
3116044154,12106,1,-2,-8,42,42,-4091
3116045154,12106,11,-4,-8,53,40,-4047
3116046154,12106,11,-2,-4,49,29,-4058
3116047154,12106,1,-3,-3,43,30,-4053
3116048154,12106,6,0,-2,71,36,-4073
3116049154,12106,10,-6,-5,58,32,-4073
3116050154,12106,2,-8,-6,41,32,-4073
3116051154,12106,9,-5,-6,33,26,-4069
3116052154,12106,1,-10,-9,23,27,-4082
3116053154,12106,6,-8,-8,25,19,-4100
3116054154,12106,9,-3,-6,32,11,-4103
3116055154,12106,1,-2,-1,27,24,-4097
3116056154,12106,6,-2,-3,21,9,-4100
3116057154,12106,3,-1,-1,32,14,-4098
3116058154,12106,5,-6,-7,22,9,-4103
3116059154,12106,0,-5,-3,35,30,-4094
3116060154,12106,9,-10,-3,9,18,-4109
3116061154,12106,5,-2,-4,19,21,-4112
3116062154,12106,5,0,-1,21,12,-4106
3116063154,12106,6,-6,-6,25,16,-4109
3116064154,12106,2,-3,-6,16,9,-4100
3116065154,12106,5,-4,-13,2,21,-4095
3116066154,12106,8,-6,-5,15,26,-4093
3116067154,12106,-1,1,-6,0,29,-4099
3116068154,12106,10,-5,-3,18,31,-4081
3116069154,12106,3,-9,-10,32,25,-4076
3116070154,12106,-1,0,-6,6,31,-4075
3116071154,12106,9,-6,-3,29,38,-4087
3116072154,12106,5,2,-9,22,47,-4100
3116073154,12106,2,2,-4,18,29,-4085
3116074154,12106,8,-4,-3,16,39,-4071
3116075154,12106,-2,0,-6,30,25,-4084
3116076154,12106,3,-4,-2,22,26,-4091
3116077154,12106,7,-7,-7,17,39,-4087
3116078154,12106,4,-3,-5,24,30,-4090
3116079154,12106,5,0,-2,30,21,-4074
3116080154,12106,10,-2,-8,30,29,-4083
3116081154,12106,4,0,-9,19,36,-4080
3116082154,12106,8,-2,-4,17,36,-4098
3116083154,12106,1,-6,1,13,34,-4087
3116084154,12106,6,-2,-3,21,37,-4095
3116085154,12106,8,-9,-5,18,36,-4096
3116086154,12106,-1,-2,-3,9,28,-4103
3116087154,12106,4,-3,-3,-2,26,-4097
3116088154,12106,7,-4,-5,25,29,-4104
3116089154,12106,2,-3,-4,7,34,-4104
3116090154,12106,11,-7,-1,10,20,-4086
3116091154,12106,7,-1,-5,21,15,-4073
3116092154,12106,5,-2,-10,12,5,-4099
3116093154,12106,1,-6,-5,15,7,-4084
3116094154,12106,4,-5,-7,5,41,-4105
3116095154,12106,2,-6,-4,2,29,-4092
3116096154,12106,11,-7,-3,25,23,-4092
3116097154,12106,3,-1,-7,13,14,-4087
3116098154,12106,5,-10,-7,23,9,-4082
3116099154,12106,-2,-1,-3,8,30,-4093
3116100154,12106,12,-12,-9,3,21,-4087
3116101154,12106,4,0,-2,-1,19,-4081
3116102154,12106,5,-7,-6,4,32,-4080
3116103154,12106,3,-6,-4,-2,20,-4075
3116104154,12106,4,-9,-4,0,23,-4084
3116105154,12106,5,0,-3,14,31,-4101
3116106154,12106,3,-3,-7,6,29,-4098
3116107154,12106,2,-3,-3,11,36,-4098
3116108154,12106,5,-8,-7,7,41,-4095
3116109154,12106,10,-9,-4,9,36,-4100
3116110154,12106,1,-6,-1,-1,36,-4100
3116111154,12106,9,-7,-2,-19,30,-4096
3116112154,12106,6,-8,1,-19,22,-4086
3116113154,12106,7,-6,0,-33,35,-4086
3116114154,12106,3,-7,-1,-62,26,-4072
3116115154,12106,9,-8,5,-64,26,-4076
3116116154,12106,7,-6,1,-71,28,-4078
3116117154,12106,8,-8,6,-66,36,-4091
3116118154,12106,2,-7,5,-104,21,-4077
3116119154,12106,-1,-6,7,-122,16,-4071
3116120154,12106,-2,-4,8,-212,6,-4102
3116121154,12106,1,-7,4,-205,28,-4087
3116122154,12106,10,-5,11,-134,18,-4066
3116123154,12106,1,0,9,-136,30,-4149
3116124154,12106,4,-1,9,-88,7,-4158
3116125154,12106,7,-3,9,-71,12,-4166
3116126154,12106,6,0,7,-80,0,-4137
3116127154,12106,1,-5,7,-102,0,-4115
3116128154,12106,4,2,12,-91,3,-4093
3116129154,12106,3,-3,13,-63,35,-4060
3116130154,12106,5,-4,15,-62,51,-4044
3116131154,12106,10,0,20,-86,59,-4057
3116132154,12106,11,-3,22,-79,49,-4043
3116133154,12106,8,-8,27,-70,16,-4055
3116134154,12106,7,-2,24,-74,15,-4062
3116135154,12106,1,-10,25,-48,9,-4076
3116136154,12106,0,-2,24,2,-31,-4092
3116137154,12106,1,1,18,12,-43,-4187
3116138154,12106,0,-4,16,86,7,-4097
3116139154,12106,3,1,14,32,60,-4053
3116140154,12106,6,2,10,-12,98,-4052
3116141154,12106,5,0,7,-33,82,-4038
3116142154,12106,12,8,11,19,35,-4060
3116143154,12106,8,-3,3,50,13,-4090
3116144154,12106,8,0,7,103,-40,-4118
3116145154,12106,0,-3,3,98,-51,-4123
3116146154,12106,2,0,-2,103,-30,-4098
3116147154,12106,4,6,0,109,2,-4064
3116148154,12106,4,0,-7,107,38,-4050
3116149154,12106,10,-1,-9,113,57,-4060
3116150154,12106,8,2,-14,109,83,-4041
3116151154,12106,12,-5,-19,87,84,-4034
3116152154,12107,8,-4,-17,58,31,-4060
3116153154,12107,9,-4,-18,69,32,-4073
3116154154,12107,11,-7,-20,54,8,-4082
3116155154,12107,5,-5,-14,38,-24,-4106
3116156154,12107,7,-9,-17,15,2,-4119
3116157154,12107,4,-4,-14,25,9,-4127
3116158154,12108,2,-4,-18,6,24,-4116
3116159154,12108,1,-10,-17,0,23,-4086
3116160154,12108,-1,-1,-17,-4,24,-4094
3116161154,12108,8,-11,-23,-8,29,-4075
3116162154,12108,1,-4,-21,-20,7,-4085
3116163154,12109,2,-11,-24,-45,-72,-4047
3116164154,12109,-4,-14,-32,-71,-93,-3998
3116165154,12109,-3,-12,-38,-83,-125,-3988
3116166154,12109,-13,-12,-39,-125,-128,-4006
3116167154,12110,-4,-28,-48,-218,-45,-4079
3116168154,12110,-2,-23,-53,-305,-9,-4074
3116169154,12110,-4,-12,-57,-373,94,-4186
3116170154,12110,5,-7,-59,-328,197,-4309
3116171154,12111,4,3,-59,-295,196,-4269
3116172154,12111,13,2,-65,-216,124,-4236
3116173154,12111,11,-1,-67,-214,53,-4200
3116174154,12111,7,14,-62,-196,-6,-4173
3116175154,12112,3,16,-60,-166,-10,-4148
3116176154,12112,1,10,-66,52,45,-4080
3116177154,12112,-4,20,-50,-75,87,-4067
3116178154,12113,2,25,-42,74,274,-4202
3116179154,12114,11,18,-35,241,268,-4066
3116180154,12114,10,22,-29,296,159,-3938
3116181154,12115,11,11,-19,288,11,-3923
3116182154,12116,11,6,-16,294,-83,-3944
3116183154,12116,6,-8,-16,296,-148,-3841
3116184154,12117,-5,-14,-9,214,-127,-3866
3116185154,12118,-8,-16,-10,159,-82,-3928
3116186154,12119,0,-25,-4,91,16,-4008
3116187154,12119,-5,-16,-1,45,57,-4088
3116188154,12120,3,-24,-1,-14,72,-4175
3116189154,12121,5,-20,1,-38,89,-4207
3116190154,12121,4,-15,7,-82,80,-4216
3116191154,12122,13,-21,11,-159,26,-4206
3116192154,12123,14,-27,18,-259,-45,-4165
3116193154,12123,12,-14,31,-288,-125,-4147
3116194154,12124,10,-13,31,-282,-156,-4154
3116195154,12124,-1,-5,38,-226,-204,-4241
3116196154,12124,-6,-8,36,-131,-154,-4150
3116197154,12125,-9,-16,31,-152,-89,-4089
3116198154,12125,-5,-7,30,-168,-66,-4079
3116199154,12125,-6,-12,24,-204,-61,-4048
3116200154,12125,-6,-12,15,-230,-32,-3993
3116201154,12125,0,-9,4,-273,-41,-4012
3116202154,12124,3,-11,-4,-270,12,-4108
3116203154,12124,4,-7,-10,-282,36,-4157
3116204154,12124,9,-10,-17,-262,84,-4167
3116205154,12123,7,5,-18,-179,73,-4110
3116206154,12123,3,11,-21,-111,82,-4134
3116207154,12122,5,10,-25,-75,93,-4146
3116208154,12122,5,5,-32,-30,120,-4072
3116209154,12121,-2,8,-31,10,152,-4032
3116210154,12121,-2,4,-31,10,177,-3997
3116211154,12121,-2,6,-31,2,175,-4010
3116212154,12120,2,6,-33,16,215,-4004
3116213154,12120,1,0,-34,89,264,-4005
3116214154,12120,6,0,-27,10,322,-4071
3116215154,12120,11,-9,-19,-9,246,-3907
3116216154,12120,7,1,-14,-36,61,-4092
3116217154,12121,6,7,-14,34,1,-4245
3116218154,12121,5,-2,-14,210,-39,-4170
3116219154,12122,4,-3,-15,210,-95,-4164
3116220154,12122,3,-7,-19,28,-84,-4104
3116221154,12123,-9,-12,-23,-28,22,-4047
3116222154,12124,5,13,-10,-140,37,-4140
3116223154,12125,0,14,-9,336,170,-4268
3116224154,12126,10,9,-4,335,55,-4099
3116225154,12127,8,0,-9,336,-152,-3910
3116226154,12128,13,-8,-12,227,-323,-3951
3116227154,12129,-3,-19,-17,124,-495,-3985
3116228154,12130,-6,-21,-13,82,-368,-3923
3116229154,12132,-10,-21,-22,41,-120,-4082
3116230154,12133,-12,-16,-21,-15,36,-4173
3116231154,12134,2,-9,-26,-41,230,-4268
3116232154,12135,14,3,-21,13,209,-4270
3116233154,12136,14,11,-23,74,110,-4261
3116234154,12137,18,18,-18,147,36,-4229
3116235154,12139,20,19,-22,160,-23,-4173
3116236154,12139,12,8,-21,190,-150,-4068
3116237154,12140,8,7,-17,169,-156,-3959
3116238154,12141,-1,2,-11,167,-69,-3926
3116239154,12142,-7,5,-14,184,-3,-3937
3116240154,12143,-7,-4,-8,148,107,-3963
3116241154,12143,-6,-7,-8,162,176,-4020
3116242154,12144,3,-13,-10,158,217,-4066
3116243154,12144,6,-12,-9,154,198,-4113
3116244154,12144,9,-12,-8,110,179,-4130
3116245154,12144,12,-8,-12,37,131,-4145
3116246154,12145,9,-7,-10,14,38,-4131
3116247154,12144,7,-5,-4,20,19,-4120
3116248154,12144,0,0,0,69,31,-4084
3116249154,12144,-2,-1,-5,72,12,-4075
3116250154,12144,-3,-2,2,101,16,-4048
3116251154,12143,-3,1,6,108,15,-4027
3116252154,12143,-4,-5,-6,149,3,-4035
3116253154,12142,-4,-6,-3,139,-5,-4047
3116254154,12142,-5,-12,-10,132,0,-3995
3116255154,12141,1,-18,-17,-16,20,-3967
3116256154,12140,-2,-25,-30,-140,-20,-3979
3116257154,12139,1,-12,-32,-171,-44,-4023
3116258154,12139,2,-13,-39,-195,-22,-4103
3116259154,12138,1,-2,-40,-193,62,-4230
3116260154,12137,4,2,-40,-135,169,-4340
3116261154,12137,12,9,-37,-80,201,-4356
3116262154,12136,11,24,-35,-37,236,-4364
3116263154,12136,17,28,-34,43,201,-4354
3116264154,12136,15,36,-27,236,126,-4205
3116265154,12136,17,39,-18,342,32,-4071
3116266154,12136,11,23,-16,400,-13,-3960
3116267154,12136,3,26,-17,400,-37,-3898
3116268154,12136,1,14,-3,444,-59,-3830
3116269154,12137,1,5,2,429,-16,-3830
3116270154,12137,-3,-3,1,396,37,-3885
3116271154,12138,0,-12,3,377,43,-3990
3116272154,12139,1,-18,2,320,39,-4024
3116273154,12139,2,-22,9,255,13,-4088
3116274154,12140,12,-27,6,191,-32,-4161
3116275154,12141,6,-16,5,127,-69,-4198
3116276154,12142,3,-16,3,107,-88,-4195
3116277154,12143,10,-17,-1,46,-86,-4178
3116278154,12144,5,-6,-4,20,-75,-4158
3116279154,12145,9,-14,-10,0,-43,-4139
3116280154,12146,9,-10,-10,-2,21,-4141
3116281154,12146,-1,1,-7,-20,37,-4135
3116282154,12147,5,-12,-9,-15,55,-4102
3116283154,12148,0,-5,-12,-49,61,-4122
3116284154,12148,7,-2,-10,-54,68,-4103
3116285154,12149,7,-9,-16,-50,55,-4112
3116286154,12150,7,-5,-19,-49,46,-4097
3116287154,12150,3,0,-12,-57,59,-4089
3116288154,12150,2,0,-15,-46,46,-4077
3116289154,12150,0,0,-13,-8,75,-4089
3116290154,12150,4,-2,-12,-7,84,-4092
3116291154,12150,3,-3,-16,17,101,-4081
3116292154,12150,-4,-2,-12,38,106,-4037
3116293154,12150,1,-1,-13,65,111,-4057
3116294154,12150,0,0,-14,75,117,-4046
3116295154,12149,3,-5,-9,85,101,-4053
3116296154,12149,6,-1,-6,100,72,-4074
3116297154,12148,5,-3,2,113,40,-4075
3116298154,12148,7,-1,-2,123,28,-4068
3116299154,12147,7,0,-7,121,11,-4077
3116300154,12146,6,-7,-4,130,-1,-4076
3116301154,12146,6,-8,-1,142,-13,-4066
3116302154,12145,9,-5,1,136,-11,-4072
3116303154,12145,2,1,2,115,-36,-4065
3116304154,12144,4,2,3,111,-17,-4064
3116305154,12143,2,-7,4,112,-29,-4038
3116306154,12143,7,-8,2,73,-28,-4067
3116307154,12142,1,-9,1,60,-26,-4072
3116308154,12142,6,-5,0,46,-12,-4104
3116309154,12142,3,-4,0,30,-12,-4110
3116310154,12141,2,-6,0,1,-22,-4126
3116311154,12141,8,-11,-3,-15,1,-4152
3116312154,12141,5,-5,-2,-34,-11,-4153
3116313154,12140,1,0,6,-44,-7,-4144
3116314154,12140,5,-8,0,-40,-2,-4138
3116315154,12140,6,-4,4,-53,10,-4120
3116316154,12140,5,-6,-4,-38,13,-4112
3116317154,12140,2,-5,-4,-19,32,-4115
3116318154,12141,2,-1,-10,-13,45,-4108
3116319154,12141,7,-7,-11,-11,60,-4105
3116320154,12141,0,-5,-2,31,64,-4083
3116321154,12141,4,-8,-8,42,76,-4089
3116322154,12142,7,-5,-10,41,62,-4086
3116323154,12142,2,-10,-11,49,57,-4095
3116324154,12143,11,-9,-11,33,58,-4077
3116325154,12143,4,-5,-12,38,51,-4075
3116326154,12143,4,-12,-9,23,49,-4076
3116327154,12144,6,-14,-10,29,61,-4071
3116328154,12144,7,-5,-13,10,52,-4071
3116329154,12145,3,-12,-14,-9,38,-4070
3116330154,12145,-2,-7,-10,-2,39,-4076
3116331154,12146,5,-1,-17,2,24,-4073
3116332154,12146,4,-11,-17,0,30,-4080
3116333154,12147,3,-8,-7,-5,36,-4085
3116334154,12147,-1,-2,-11,2,8,-4087
3116335154,12147,4,-9,-15,-4,26,-4095
3116336154,12148,7,-4,-15,23,9,-4094
3116337154,12148,9,-1,-13,5,11,-4095
3116338154,12148,9,-7,-11,14,-5,-4092
3116339154,12148,4,-5,-7,37,-2,-4094
3116340154,12148,3,0,-6,22,-15,-4080
3116341154,12148,8,-8,-10,27,-19,-4100
3116342154,12148,4,-2,-3,31,-2,-4085
3116343154,12148,8,-7,-3,4,-4,-4076
3116344154,12148,5,-5,1,11,-8,-4084
3116345154,12148,2,-7,2,14,2,-4094
3116346154,12147,6,-5,-2,15,11,-4082
3116347154,12147,3,-1,0,-3,29,-4081
3116348154,12147,5,-8,-1,21,31,-4080
3116349154,12146,2,-6,2,28,41,-4082
3116350154,12146,3,-6,-1,8,35,-4082
3116351154,12146,7,-6,0,9,16,-4096
3116352154,12145,8,-6,0,0,23,-4103
3116353154,12145,3,-2,-2,24,31,-4069
3116354154,12144,9,-4,0,27,37,-4076
3116355154,12144,0,0,-1,22,20,-4095
3116356154,12144,5,0,1,25,23,-4083
3116357154,12143,4,-1,1,16,17,-4091
3116358154,12143,7,-7,1,17,41,-4095
3116359154,12143,7,-6,1,19,28,-4087
3116360154,12143,5,-5,4,8,34,-4087
3116361154,12142,4,0,2,-5,25,-4095
3116362154,12142,2,-4,-1,8,33,-4091
3116363154,12142,0,-1,-2,4,42,-4104
3116364154,12142,7,-4,-5,13,38,-4110
3116365154,12142,4,-6,-7,7,17,-4103
3116366154,12142,-1,-4,-1,-12,44,-4104
3116367154,12142,7,-4,-6,-27,29,-4103
3116368154,12142,6,-2,-9,6,47,-4105
3116369154,12142,4,-1,-6,-12,22,-4106
3116370154,12142,8,4,-7,13,27,-4097
3116371154,12142,5,-3,-13,15,9,-4090
3116372154,12143,4,0,-3,25,15,-4083
3116373154,12143,3,-7,-7,12,18,-4080
3116374154,12143,-1,2,-5,17,12,-4076
3116375154,12143,7,-5,-6,23,31,-4079
3116376154,12144,2,-4,-5,-22,28,-4092
3116377154,12144,9,-8,-10,-15,38,-4095
3116378154,12144,4,-10,-10,-33,30,-4087
3116379154,12145,4,-4,-8,11,4,-4093
3116380154,12145,5,-3,-9,30,4,-4110
3116381154,12145,3,-3,-8,26,14,-4106
3116382154,12146,3,-2,-7,59,27,-4110
3116383154,12146,3,-2,-10,26,-13,-4098
3116384154,12146,1,8,-5,26,-3,-4072
3116385154,12146,5,0,-12,23,8,-4063
3116386154,12146,6,-4,-6,30,19,-4062
3116387154,12147,5,-4,-10,19,14,-4069
3116388154,12147,10,-9,-8,13,18,-4067
3116389154,12147,5,-6,-6,-3,5,-4081
3116390154,12147,1,-2,-11,-17,7,-4066
3116391154,12147,5,-12,-12,-14,10,-4069
3116392154,12147,6,-6,0,-28,24,-4094
3116393154,12147,0,-6,-4,-50,30,-4092
3116394154,12147,3,-2,-1,-79,18,-4052
3116395154,12146,6,4,-9,-121,-18,-4076
3116396154,12146,3,-2,-9,-137,17,-4101
3116397154,12146,6,4,-7,-55,25,-4073
3116398154,12146,2,5,-7,-46,34,-4129
3116399154,12146,1,4,-6,-36,76,-4134
3116400154,12145,5,5,-9,1,59,-4125
3116401154,12145,0,6,-5,5,45,-4093
3116402154,12145,8,-3,-1,-7,44,-4084
3116403154,12145,0,1,1,-2,20,-4101
3116404154,12145,2,-2,0,19,10,-4115
3116405154,12144,-3,-2,1,20,22,-4088
3116406154,12144,5,-6,0,9,26,-4087
3116407154,12144,6,-6,4,21,20,-4059
3116408154,12144,4,-2,2,6,2,-4066
3116409154,12144,-1,-5,-2,18,5,-4069
3116410154,12144,7,-6,-7,6,3,-4078
3116411154,12144,11,2,-6,10,8,-4076
3116412154,12144,6,-5,-9,-2,22,-4086
3116413154,12144,4,-1,-9,-5,16,-4082
3116414154,12144,7,2,-11,-6,13,-4096
3116415154,12144,8,-1,-14,3,28,-4097
3116416154,12144,6,2,-10,-4,24,-4095
3116417154,12144,5,0,-14,2,28,-4088
3116418154,12144,8,-4,-13,17,19,-4086
3116419154,12144,4,4,-12,38,25,-4081
3116420154,12145,8,-8,-12,31,30,-4082
3116421154,12145,6,-1,-13,50,30,-4070
3116422154,12145,1,1,-7,36,36,-4068
3116423154,12145,6,-4,-13,33,31,-4079
3116424154,12146,2,0,-12,39,26,-4088
3116425154,12146,-1,-1,-14,24,34,-4092
3116426154,12146,1,-5,-16,23,24,-4098
3116427154,12146,2,2,-15,17,21,-4105
3116428154,12147,6,-10,-16,23,4,-4082
3116429154,12147,1,-5,-14,-8,20,-4103
3116430154,12147,5,-6,-17,3,17,-4102
3116431154,12147,4,1,-13,-16,5,-4096
3116432154,12148,5,-3,-13,-2,25,-4082
3116433154,12148,9,-3,-14,-3,21,-4098
3116434154,12148,2,-3,-16,-8,16,-4078
3116435154,12148,1,1,-12,19,13,-4108
3116436154,12148,-1,-1,-12,18,22,-4097
3116437154,12149,9,0,-14,12,18,-4090
3116438154,12149,4,6,-17,34,15,-4092
3116439154,12149,2,1,-12,26,24,-4081
3116440154,12149,4,2,-11,39,33,-4090
3116441154,12149,5,1,-11,37,29,-4084
3116442154,12149,1,-5,-9,44,19,-4081
3116443154,12149,4,3,-8,61,28,-4088
3116444154,12149,3,1,-10,59,32,-4085
3116445154,12149,4,3,-11,65,47,-4081
3116446154,12149,1,1,-8,80,10,-4082
3116447154,12149,6,-6,-10,75,35,-4086
3116448154,12149,8,2,-7,77,36,-4094
3116449154,12148,2,3,-8,83,34,-4082
3116450154,12148,8,-2,-2,70,20,-4090
3116451154,12148,1,1,-2,75,37,-4076
3116452154,12148,6,-4,-9,78,21,-4071
3116453154,12148,5,-3,-5,76,36,-4075
3116454154,12148,1,-1,-6,85,38,-4066
3116455154,12148,7,-3,-5,74,22,-4063
3116456154,12148,7,-4,-5,76,16,-4079
3116457154,12148,9,-5,-9,61,27,-4085
3116458154,12148,4,-4,-10,66,20,-4093
3116459154,12148,0,-1,-5,61,10,-4088
3116460154,12148,5,-2,-4,57,29,-4101
3116461154,12148,8,-8,-6,50,34,-4095
3116462154,12148,3,-9,-4,46,22,-4089
3116463154,12148,4,-3,-6,34,26,-4093
3116464154,12148,5,-6,-5,36,22,-4079
3116465154,12148,9,-7,-6,26,42,-4092
3116466154,12148,8,-9,-8,30,28,-4098
3116467154,12148,3,-2,-7,15,35,-4110
3116468154,12148,10,-8,-6,8,22,-4103
3116469154,12148,2,-8,-5,10,36,-4096
3116470154,12148,-3,-4,-8,10,30,-4092
3116471154,12148,2,-7,-6,14,28,-4109
3116472154,12148,-1,-3,-4,12,34,-4077
3116473154,12148,5,-2,-6,2,40,-4099
3116474154,12148,5,-5,-10,-4,39,-4099
3116475154,12148,6,-5,0,7,16,-4083
3116476154,12148,5,-9,-8,9,24,-4079
3116477154,12148,5,-4,-5,5,40,-4073
3116478154,12149,7,-7,-7,17,29,-4085
3116479154,12149,10,-9,-7,27,32,-4082
3116480154,12149,1,-7,-1,18,22,-4074
3116481154,12149,5,-9,-3,26,16,-4092
3116482154,12149,6,0,-5,11,35,-4102
3116483154,12149,4,1,-9,14,26,-4096
3116484154,12149,2,-8,-8,16,30,-4101
3116485154,12149,2,-3,-6,9,20,-4086
3116486154,12149,6,1,-6,0,37,-4077
3116487154,12149,9,-4,-8,7,25,-4087
3116488154,12149,4,-2,-12,0,22,-4094
3116489154,12149,6,-5,-9,7,22,-4089
3116490154,12149,9,-11,-4,19,35,-4090
3116491154,12149,2,3,-10,20,39,-4099
3116492154,12149,2,-9,-8,32,43,-4107
3116493154,12149,5,-6,-10,14,35,-4089
3116494154,12149,7,-3,-10,21,38,-4104
3116495154,12149,-4,-1,2,20,29,-4094
3116496154,12149,4,4,-1,14,35,-4094
3116497154,12149,1,-6,1,15,30,-4076
3116498154,12149,11,-6,-1,17,17,-4098
3116499154,12149,1,-3,-7,8,31,-4089
3116500154,12148,7,-2,-5,7,27,-4094
3116501154,12148,-1,-5,-5,29,20,-4089
3116502154,12148,9,0,-10,19,32,-4101
3116503154,12148,9,-12,-6,13,19,-4096
3116504154,12148,5,-3,-7,10,24,-4103
3116505154,12148,2,2,-4,14,17,-4093
3116506154,12148,5,-7,-10,13,12,-4104
3116507154,12148,6,-6,-5,8,21,-4093
3116508154,12148,9,-6,-8,-3,4,-4080
3116509154,12148,6,-2,-6,4,17,-4078
3116510154,12148,5,-9,-9,22,19,-4086
3116511154,12148,2,-6,-3,9,11,-4105
3116512154,12148,4,-2,-5,25,12,-4093
3116513154,12148,2,-2,-9,13,6,-4086
3116514154,12148,3,-5,-9,19,10,-4095
3116515154,12148,4,0,-8,17,10,-4091
3116516154,12148,0,-4,-8,4,6,-4105
3116517154,12148,5,-1,-9,11,3,-4102
3116518154,12148,6,0,-10,9,9,-4091
3116519154,12149,9,-4,-15,19,17,-4087
3116520154,12149,4,-7,-5,9,20,-4095
3116521154,12149,8,-7,-13,25,16,-4075
3116522154,12149,3,-4,-7,8,18,-4092
3116523154,12149,5,-3,-8,9,19,-4097
3116524154,12149,8,-11,-10,14,22,-4085
3116525154,12149,4,-6,-11,25,13,-4092
3116526154,12149,4,-3,-10,20,16,-4099
3116527154,12149,6,-4,-7,26,-1,-4084
3116528154,12149,2,-1,-9,19,8,-4087
3116529154,12149,13,-5,-9,15,19,-4078
3116530154,12149,5,0,-5,18,33,-4080
3116531154,12149,1,-5,-6,12,18,-4091
3116532154,12149,4,0,-7,11,6,-4067
3116533154,12149,5,-4,-9,27,15,-4119
3116534154,12149,4,-6,-9,13,24,-4095
3116535154,12149,3,-5,-4,7,28,-4095
3116536154,12149,0,0,-7,16,26,-4098
3116537154,12149,0,-4,-5,25,19,-4091
3116538154,12149,1,-9,-4,-9,16,-4084
3116539154,12149,7,-5,-8,-5,22,-4104
3116540154,12149,4,-5,-8,12,21,-4098
3116541154,12149,3,-2,-9,17,17,-4089
3116542154,12149,8,-9,-9,6,21,-4080
3116543154,12149,7,-6,-6,-2,13,-4091
3116544154,12149,-2,-7,-4,9,18,-4091
3116545154,12149,3,-5,-10,1,4,-4074
3116546154,12149,2,-6,-4,-5,7,-4071
3116547154,12149,1,-2,-6,16,16,-4078
3116548154,12149,4,-8,-8,-26,5,-4058
3116549154,12149,7,-2,-3,-68,14,-4087
3116550154,12149,-2,-8,-8,-70,26,-4091
3116551154,12149,5,-5,-6,-47,16,-4070
3116552154,12149,0,-6,-12,-39,29,-4107
3116553154,12149,5,0,-4,-4,39,-4109
3116554154,12149,4,-2,-8,11,48,-4099
3116555154,12149,4,-1,-4,16,37,-4083
3116556154,12149,6,-7,-9,6,23,-4074
3116557154,12149,5,1,-4,6,24,-4088
3116558154,12149,6,1,-9,24,16,-4065
3116559154,12149,6,-6,-7,31,30,-4082
3116560154,12149,4,0,-6,32,41,-4085
3116561154,12149,2,1,-9,35,33,-4085
3116562154,12149,6,-6,-8,23,36,-4070
3116563154,12149,4,-7,-8,27,38,-4063
3116564154,12149,1,-2,-10,33,19,-4085
3116565154,12149,5,0,-13,31,15,-4095
3116566154,12149,2,-1,-11,22,10,-4083
3116567154,12149,9,-8,-10,27,14,-4073
3116568154,12149,5,-4,-9,8,11,-4073
3116569154,12149,0,-2,-11,25,13,-4076
3116570154,12149,11,-8,-13,15,30,-4096
3116571154,12149,9,-1,-8,33,5,-4089
3116572154,12149,7,-5,-11,31,10,-4098
3116573154,12149,-2,-1,-11,29,25,-4092
3116574154,12149,3,-1,-9,21,2,-4088
3116575154,12149,7,-3,-8,12,4,-4104
3116576154,12149,4,-2,-7,16,3,-4102
3116577154,12150,10,-3,-5,16,13,-4106
3116578154,12150,7,-4,-4,19,9,-4095
3116579154,12150,4,-1,-6,20,21,-4091
3116580154,12150,1,3,-6,31,9,-4083
3116581154,12150,8,-7,-11,19,14,-4107
3116582154,12150,1,-2,-8,28,16,-4108
3116583154,12150,10,-7,-10,21,18,-4091
3116584154,12150,8,-3,-9,24,19,-4101
3116585154,12150,6,-6,-11,23,32,-4102
3116586154,12150,2,-4,-9,9,30,-4085
3116587154,12150,4,4,-4,-7,23,-4090
3116588154,12150,3,-7,-6,24,33,-4075
3116589154,12150,5,-1,-5,21,17,-4080
3116590154,12150,1,-8,-10,26,19,-4066
3116591154,12150,5,-1,-4,30,33,-4072
3116592154,12150,3,1,-6,18,23,-4076
3116593154,12150,3,-7,-8,33,25,-4082
3116594154,12150,8,-7,-6,21,14,-4083
3116595154,12150,4,-3,-3,32,36,-4101
3116596154,12149,12,-3,-8,32,35,-4092
3116597154,12149,8,-5,-9,43,25,-4102
3116598154,12149,5,-6,-6,11,23,-4096
3116599154,12149,4,-4,-4,14,30,-4094
3116600154,12149,5,-7,-8,14,21,-4083
3116601154,12149,2,-4,-9,16,18,-4081
3116602154,12149,6,-4,-6,-1,22,-4093
3116603154,12149,5,2,-9,39,19,-4083
3116604154,12149,4,-2,-10,22,49,-4089
3116605154,12149,-3,-3,-10,25,31,-4090
3116606154,12149,5,0,-3,20,25,-4083
3116607154,12149,7,-10,-14,23,36,-4090
3116608154,12149,6,-5,-5,28,16,-4102
3116609154,12149,6,2,-5,16,10,-4100
3116610154,12150,8,-8,-5,25,30,-4090
3116611154,12150,8,-2,-8,12,21,-4085
3116612154,12150,3,-3,-8,16,4,-4079
3116613154,12150,3,1,-8,31,24,-4086
3116614154,12150,0,0,-7,35,34,-4101
3116615154,12150,5,-4,-7,46,29,-4104
3116616154,12150,10,-1,-8,30,5,-4094
3116617154,12150,7,-1,-12,18,25,-4115
3116618154,12150,7,-5,-9,22,23,-4085
3116619154,12150,2,-2,-12,13,19,-4097
3116620154,12150,0,-7,-7,24,20,-4094
3116621154,12150,1,-6,-4,0,25,-4075
3116622154,12150,8,-1,-8,10,20,-4084
3116623154,12150,7,-4,-7,0,21,-4078
3116624154,12150,0,-2,-11,13,20,-4079
3116625154,12150,12,-8,-11,10,28,-4083
3116626154,12150,7,-5,-9,26,31,-4090
3116627154,12150,3,-4,-7,6,32,-4101
3116628154,12150,9,-6,-9,23,39,-4106
3116629154,12150,6,-6,-15,25,36,-4112
3116630154,12150,5,0,-9,18,5,-4102
3116631154,12150,9,-6,-10,7,27,-4083
3116632154,12150,-4,-7,-7,20,35,-4090
3116633154,12150,6,-3,-7,11,36,-4079
3116634154,12150,6,-3,-8,15,11,-4090
3116635154,12150,6,-2,-2,0,42,-4096
3116636154,12150,8,-4,-8,16,24,-4094
3116637154,12150,2,1,-5,9,20,-4090
3116638154,12150,7,-10,-11,7,36,-4088
3116639154,12150,3,-9,-4,16,37,-4090
3116640154,12150,5,4,-7,17,40,-4093
3116641154,12150,6,-2,-6,-1,38,-4085
3116642154,12150,7,4,-6,1,28,-4104
3116643154,12150,9,-2,-6,4,30,-4096
3116644154,12150,5,-6,-7,8,31,-4093
3116645154,12150,10,-6,-15,13,38,-4076
3116646154,12150,3,1,-4,-1,33,-4088
3116647154,12150,15,-9,-16,26,39,-4060
3116648154,12150,-2,1,-8,20,38,-4072
3116649154,12150,5,-2,-3,22,40,-4068
3116650154,12150,8,-6,-3,14,34,-4080
3116651154,12150,8,-6,-5,21,39,-4092
3116652154,12150,8,-13,-6,15,24,-4077
3116653154,12150,7,-3,-4,23,24,-4084
3116654154,12150,6,-6,-5,10,24,-4081
3116655154,12150,3,-4,-7,2,26,-4075
3116656154,12150,12,-4,-6,9,18,-4076
3116657154,12150,9,-3,-5,4,15,-4081
3116658154,12150,1,0,-3,0,13,-4083
3116659154,12150,6,0,-8,24,2,-4089
3116660154,12150,4,-6,-3,21,10,-4089
3116661154,12150,11,-5,-7,21,5,-4076
3116662154,12150,7,-1,-4,30,20,-4111
3116663154,12150,3,-5,-8,20,14,-4093
3116664154,12150,5,-8,-6,20,26,-4119
3116665154,12150,4,-3,-5,29,25,-4101
3116666154,12150,9,-8,-5,12,10,-4089
3116667154,12150,11,-6,-6,-11,3,-4078
3116668154,12150,4,-4,-5,6,17,-4073
3116669154,12150,5,1,-5,-7,12,-4076
3116670154,12150,4,-6,-3,14,27,-4088
3116671154,12150,9,-8,-9,13,21,-4091
3116672154,12150,7,-1,-8,22,25,-4098
3116673154,12150,8,-3,-10,2,51,-4100
3116674154,12150,4,0,-8,0,36,-4099
3116675154,12150,3,0,-8,33,37,-4100
3116676154,12150,9,-4,-6,22,36,-4099
3116677154,12150,7,-1,-7,12,26,-4106
3116678154,12150,5,1,-5,27,32,-4091
3116679154,12150,10,-11,-5,15,37,-4083
3116680154,12150,1,-1,-5,16,22,-4079
3116681154,12150,6,-8,-8,33,37,-4084
3116682154,12150,8,-5,-7,16,20,-4097
3116683154,12150,8,0,-10,17,38,-4099
3116684154,12150,5,-3,-4,16,39,-4099
3116685154,12150,1,-5,-9,21,28,-4113
3116686154,12150,5,2,-13,24,34,-4093
3116687154,12150,5,-5,-7,18,35,-4091
3116688154,12150,4,-1,-7,18,26,-4084
3116689154,12150,7,-7,-8,-3,21,-4079
3116690154,12150,11,-5,-4,2,23,-4086
3116691154,12150,2,-4,-2,13,27,-4095
3116692154,12150,7,-5,-2,20,26,-4080
3116693154,12150,3,-7,-6,11,20,-4090
3116694154,12150,8,-2,-4,27,18,-4081
3116695154,12150,2,-7,-6,45,27,-4090
3116696154,12150,6,-11,-4,19,32,-4111
3116697154,12150,7,-3,-4,24,20,-4095
3116698154,12150,5,-6,-6,18,10,-4089
3116699154,12150,5,-2,-6,29,22,-4071
3116700154,12150,6,-10,-7,11,10,-4095
3116701154,12150,6,-5,-8,7,15,-4091
3116702154,12150,5,-6,-11,-6,0,-4081
3116703154,12150,5,-5,-6,-1,25,-4070
3116704154,12150,1,-7,-6,28,29,-4072
3116705154,12150,5,-7,-3,29,37,-4092
3116706154,12150,4,-4,-8,20,32,-4106
3116707154,12150,3,-5,-6,25,10,-4101
3116708154,12150,2,-6,-6,11,6,-4103
3116709154,12150,4,-7,-4,22,11,-4101
3116710154,12150,3,-2,-7,7,22,-4093
3116711154,12150,4,-7,-12,15,7,-4083
3116712154,12150,2,-3,-4,20,13,-4092
3116713154,12150,4,-6,-4,22,21,-4062
3116714154,12150,6,-9,-5,12,21,-4069
3116715154,12150,2,-1,-6,9,19,-4089
3116716154,12150,9,-7,-7,20,25,-4099
3116717154,12150,8,-5,-8,26,23,-4100
3116718154,12150,2,-10,-3,20,25,-4090
3116719154,12150,2,-5,-2,25,36,-4105
3116720154,12150,0,-2,-3,42,15,-4097
3116721154,12150,4,-4,-3,4,8,-4102
3116722154,12150,4,-5,-3,10,6,-4078
3116723154,12150,3,-3,-4,13,21,-4102
3116724154,12150,4,1,-4,6,14,-4076
3116725154,12150,6,0,-6,-2,21,-4089
3116726154,12150,6,-6,-6,4,16,-4082
3116727154,12150,9,-5,-12,8,15,-4092
3116728154,12150,6,-2,-6,16,34,-4093
3116729154,12150,12,-7,-11,12,35,-4103
3116730154,12150,5,-9,-7,26,6,-4099
3116731154,12150,-2,-2,-5,11,23,-4105
3116732154,12150,9,-3,-8,26,11,-4096
3116733154,12150,1,-3,-5,2,31,-4112
3116734154,12150,2,-5,-2,14,18,-4083
3116735154,12150,6,-8,-5,1,26,-4085
3116736154,12150,3,-2,0,-1,25,-4094
3116737155,12150,3,-9,-1,10,25,-4082
3116738154,12150,6,-6,-6,-4,36,-4083
3116739155,12150,6,-4,-6,14,34,-4098
3116740156,12150,6,-8,-4,6,26,-4096
3116741154,12150,2,-4,-8,11,8,-4089
3116742154,12150,4,-4,-5,24,12,-4080
3116743154,12150,6,-5,-2,6,23,-4099
3116744154,12150,3,2,-6,8,25,-4096
3116745154,12150,2,-2,-5,15,22,-4091
3116746154,12150,5,-4,-5,12,33,-4099
3116747154,12150,0,2,-3,8,24,-4073
3116748154,12150,5,-8,-10,0,38,-4084
3116749154,12150,6,-7,-6,16,25,-4086
3116750154,12150,5,-1,-5,26,28,-4074
3116751154,12150,7,-7,-2,14,16,-4085
3116752154,12150,6,-10,-6,13,26,-4088
3116753154,12150,2,-8,-1,14,21,-4097
3116754154,12150,7,-8,-3,11,30,-4100
3116755154,12150,-2,1,1,8,20,-4089
3116756154,12150,5,-6,-4,15,5,-4096
3116757154,12150,9,-7,1,7,13,-4085
3116758154,12150,4,-3,-5,18,20,-4095
3116759154,12150,1,-7,-4,17,9,-4073
3116760154,12150,1,-5,-6,10,18,-4090
3116761154,12150,2,-2,-2,26,32,-4081
3116762154,12150,2,-7,-3,19,20,-4091
3116763154,12150,5,-3,-3,33,22,-4082
3116764154,12150,9,0,-5,31,22,-4094
3116765154,12150,5,-1,-8,22,18,-4096
3116766154,12150,5,-7,-14,12,9,-4110
3116767154,12150,5,-10,-10,-1,17,-4098
3116768154,12150,7,-7,-10,6,23,-4102
3116769154,12150,6,-7,-11,3,24,-4094
3116770154,12150,6,-3,-8,-2,32,-4076
3116771154,12150,8,-5,-6,6,6,-4080
3116772154,12150,8,-4,-4,21,16,-4079
3116773154,12150,2,-5,-7,9,19,-4077
3116774154,12150,8,-2,-5,22,37,-4084
3116775154,12150,3,-7,-12,21,28,-4093
3116776154,12150,7,0,-6,40,20,-4098
3116777154,12150,7,-4,-6,15,39,-4111
3116778154,12150,5,-9,-5,5,49,-4086
3116779154,12150,0,1,-3,6,36,-4083
3116780154,12150,7,-7,-3,-12,56,-4093
3116781154,12150,7,-2,-6,-7,27,-4072
3116782154,12150,6,-4,-10,9,19,-4080
3116783154,12150,5,-7,-5,7,24,-4080
3116784154,12150,1,1,-4,8,11,-4073
3116785154,12150,8,-2,-5,9,6,-4103
3116786154,12150,6,-2,-10,37,23,-4099
3116787154,12150,2,-1,-6,47,25,-4097
3116788154,12150,5,-6,-8,35,5,-4098
3116789154,12150,8,-7,-8,22,7,-4088
3116790154,12150,6,-5,-9,22,22,-4091
3116791154,12150,7,-4,-6,22,21,-4096
3116792154,12150,7,-5,-5,30,18,-4086
3116793154,12150,2,-5,-8,17,11,-4079
3116794154,12150,3,-6,-11,10,18,-4078
3116795154,12150,4,0,-4,-3,32,-4086
3116796154,12150,8,-9,-6,3,15,-4084
3116797154,12150,0,2,-5,12,31,-4094
3116798154,12150,4,-2,-5,20,14,-4093
3116799154,12150,4,-7,-6,19,22,-4110
3116800154,12150,4,-6,-8,19,30,-4104
3116801154,12150,9,-4,-8,12,30,-4106
3116802154,12150,5,-3,-7,15,24,-4089
3116803154,12150,6,-5,-8,20,34,-4076
3116804154,12150,9,-7,-8,22,32,-4104
3116805154,12150,0,-1,-2,1,41,-4086
3116806154,12150,3,-2,-8,13,24,-4090
3116807154,12150,8,-6,-7,18,32,-4075
3116808154,12150,0,-4,-9,21,36,-4082
3116809154,12150,11,-9,-10,5,27,-4078
3116810154,12150,9,-8,-9,15,32,-4082
3116811154,12150,2,0,-9,16,17,-4111
3116812154,12150,8,-3,-7,4,14,-4096
3116813154,12150,2,-6,-7,7,16,-4102
3116814154,12150,6,-5,-9,13,31,-4092
3116815154,12150,5,-3,-6,17,21,-4098
3116816154,12150,2,0,-7,10,27,-4084
3116817154,12150,0,-5,0,4,14,-4074
3116818154,12150,4,-7,-5,5,26,-4082
3116819154,12150,5,0,-11,13,16,-4088
3116820154,12150,11,-2,-5,17,23,-4096
3116821154,12150,1,-4,-9,28,36,-4080
3116822154,12150,11,-4,-2,22,31,-4089
3116823154,12150,5,-4,-2,12,30,-4093
3116824154,12150,4,-2,-8,12,34,-4098
3116825154,12150,-1,-6,-3,12,29,-4099
3116826154,12150,4,-2,-3,6,32,-4094
3116827154,12150,7,-5,-8,21,36,-4093
3116828154,12150,4,-2,-7,14,37,-4072
3116829154,12150,5,-7,-8,8,38,-4091
3116830154,12150,1,-5,-4,3,34,-4092
3116831154,12150,1,-5,-7,-8,37,-4083
3116832154,12150,3,-3,-9,15,26,-4092
3116833154,12150,5,-4,-6,11,16,-4093
3116834154,12150,7,-5,-11,20,26,-4096
3116835154,12150,-3,-1,-6,25,31,-4093
3116836154,12150,5,-4,-4,16,26,-4079
3116837154,12150,6,-2,-8,18,22,-4086
3116838154,12150,7,0,-2,12,31,-4086
3116839154,12150,4,-7,-7,22,22,-4097
3116840154,12150,3,-3,-7,32,24,-4082
3116841154,12150,5,-2,-5,17,21,-4089
3116842154,12150,4,-3,-1,21,21,-4090
3116843154,12150,0,-8,-6,19,-4,-4084
3116844154,12150,7,-10,-11,17,25,-4090
3116845154,12150,3,-5,-7,22,16,-4098
3116846154,12149,4,-2,-3,27,4,-4094
3116847154,12149,5,-5,-10,14,20,-4088
3116848154,12149,1,0,-7,14,21,-4069
3116849154,12149,4,-8,-11,-16,6,-4107
3116850154,12149,2,-5,-8,16,19,-4067
3116851154,12149,1,-10,-8,18,5,-4073
3116852154,12149,2,0,-7,30,8,-4064
3116853154,12149,2,-8,-8,33,10,-4085
3116854154,12149,8,-4,-8,32,13,-4099
3116855154,12149,5,-5,-10,16,7,-4096
3116856154,12149,1,-3,-7,21,22,-4093
3116857154,12149,3,-4,-11,32,27,-4096
3116858154,12149,5,-8,-6,26,38,-4078
3116859154,12149,2,-8,-6,-14,32,-4091
3116860154,12149,5,-1,-1,-2,18,-4083
3116861154,12149,2,-1,-3,6,28,-4082
3116862154,12149,0,0,-10,2,24,-4071
3116863154,12149,3,-9,-8,5,21,-4074
3116864154,12149,-1,0,-2,4,13,-4075
3116865154,12149,6,-6,-7,16,29,-4091
3116866154,12149,7,-2,-10,50,28,-4102
3116867154,12149,3,-3,-8,21,34,-4104
3116868154,12149,5,-6,-14,26,21,-4098
3116869154,12149,1,0,-6,23,20,-4091
3116870154,12149,2,-9,-3,10,11,-4078
3116871154,12149,6,-6,-6,15,17,-4080
3116872154,12149,0,-2,-4,12,22,-4082
3116873154,12149,6,-6,-9,9,34,-4080
3116874154,12149,6,-9,-7,4,23,-4091
3116875154,12149,-2,2,-1,3,43,-4080
3116876154,12149,11,-10,-6,21,25,-4103
3116877154,12149,0,0,-5,4,28,-4082
3116878154,12149,8,-8,-5,8,26,-4108
3116879154,12149,0,-7,-2,10,31,-4103
3116880154,12149,6,-2,-4,7,22,-4107
3116881154,12149,7,-9,-8,14,41,-4114
3116882154,12149,7,-4,-6,-2,21,-4084
3116883154,12149,7,-7,-9,0,42,-4074
3116884154,12149,3,-3,-7,-2,19,-4093
3116885154,12149,2,-4,-2,-20,23,-4093
3116886154,12149,5,1,-5,16,27,-4092
3116887154,12149,0,-4,-8,12,22,-4100
3116888154,12149,5,-1,-6,12,25,-4082
3116889154,12149,2,3,-1,23,34,-4096
3116890154,12149,7,-2,-3,5,27,-4103
3116891154,12149,5,0,-5,11,22,-4092
3116892154,12149,6,-8,-1,12,21,-4094
3116893154,12149,2,0,-5,15,15,-4090
3116894154,12149,1,-2,-5,3,35,-4087
3116895154,12149,7,-2,-1,16,26,-4077
3116896154,12149,3,0,-4,18,31,-4100
3116897154,12149,3,-1,-7,17,42,-4082
3116898154,12149,6,-1,-4,15,38,-4111
3116899154,12149,2,1,-9,12,31,-4079
3116900154,12149,4,-1,-2,5,38,-4090
3116901154,12149,1,-4,-4,11,14,-4104
3116902154,12149,4,1,-7,20,19,-4096
3116903154,12149,6,-3,-6,13,35,-4108
3116904154,12149,2,-1,-4,4,20,-4086
3116905154,12149,5,-3,-3,18,27,-4092
3116906154,12149,4,-3,-8,8,13,-4078
3116907154,12149,1,3,-4,21,15,-4074
3116908154,12149,10,-5,-9,19,13,-4077
3116909154,12149,5,-5,-8,32,22,-4072
3116910154,12149,3,-4,-8,37,20,-4092
3116911154,12149,5,-4,-6,34,26,-4081
3116912154,12149,3,3,-3,37,29,-4080
3116913154,12149,9,-8,-5,34,22,-4084
3116914154,12149,8,-3,-6,22,15,-4080
3116915154,12149,2,-2,-4,19,15,-4068
3116916154,12149,4,-4,-7,23,-4,-4084
3116917154,12149,6,-4,-7,16,10,-4087
3116918154,12149,2,-3,-2,32,6,-4069
3116919154,12149,2,-5,-4,24,9,-4070
3116920154,12149,4,-7,-7,27,10,-4095
3116921154,12149,5,-2,-8,36,6,-4090
3116922154,12149,4,-3,-6,34,5,-4082
3116923154,12149,9,-6,-4,15,16,-4089
3116924154,12149,9,-8,-13,13,10,-4103
3116925154,12149,3,6,-5,13,8,-4099
3116926154,12149,3,-2,-4,27,9,-4083
3116927154,12149,6,-10,-9,10,0,-4081
3116928154,12149,4,-4,-6,10,17,-4080
3116929154,12149,2,-2,-10,20,19,-4084
3116930154,12149,1,-5,-4,21,9,-4079
3116931154,12149,6,4,-5,11,7,-4100
3116932154,12149,3,-8,-10,21,32,-4092
3116933154,12149,2,-5,-11,18,35,-4098
3116934154,12149,5,-5,-6,11,10,-4102
3116935154,12149,3,-5,-8,15,26,-4095
3116936154,12149,5,-3,-11,1,2,-4093
3116937154,12149,5,-2,-5,6,22,-4105
3116938154,12149,4,-4,-12,16,19,-4083
3116939154,12149,6,-3,-7,17,31,-4081
3116940154,12149,8,-10,-12,0,28,-4085
3116941154,12149,7,-7,-8,20,40,-4090
3116942154,12149,4,-12,-8,11,38,-4089
3116943154,12149,-2,-4,-8,30,28,-4090
3116944154,12149,3,-2,-4,14,24,-4099
3116945154,12149,5,-6,-5,21,24,-4089
3116946154,12149,5,-9,-9,17,18,-4105
3116947154,12149,4,-6,-13,23,26,-4099
3116948154,12149,8,-5,-3,18,29,-4099
3116949154,12149,4,-3,-6,10,12,-4108
3116950154,12149,2,-6,-4,9,46,-4077
3116951154,12149,3,-9,-11,-9,24,-4083
3116952154,12149,3,-6,-12,19,23,-4082
3116953154,12149,1,-4,-8,24,16,-4086
3116954154,12149,7,-9,-9,6,24,-4086
3116955154,12149,8,-12,-10,11,36,-4091
3116956154,12149,5,-12,-5,4,19,-4107
3116957154,12149,5,-5,-2,16,28,-4104
3116958154,12149,6,-7,-4,18,38,-4114
3116959154,12149,4,-12,-9,22,30,-4095
3116960154,12149,7,2,-7,-1,32,-4082
3116961154,12149,5,-7,-6,4,15,-4083
3116962154,12149,-5,-5,-4,17,20,-4072
3116963154,12149,3,-1,-8,-5,25,-4080
3116964154,12149,5,-5,-5,3,21,-4062
3116965154,12149,2,-5,-8,4,47,-4081
3116966154,12149,-3,-5,-7,10,38,-4087
3116967154,12149,3,-1,-5,9,28,-4081
3116968154,12149,-1,-2,-3,22,26,-4077
3116969154,12149,2,-2,-8,15,34,-4094
3116970154,12149,6,-7,-4,26,33,-4077
3116971154,12149,0,3,-8,22,21,-4092
3116972154,12149,4,-5,-3,11,37,-4084
3116973154,12149,-1,3,-2,5,23,-4087
3116974154,12149,2,-3,0,1,40,-4081
3116975154,12149,2,-5,-5,4,20,-4079
3116976154,12149,-5,-2,-3,4,26,-4066
3116977154,12149,2,-10,-7,5,26,-4069
3116978154,12149,1,0,-11,19,26,-4083
3116979154,12149,3,-2,-9,16,15,-4098
3116980154,12149,7,-1,-5,22,12,-4084
3116981154,12149,3,0,-8,16,15,-4104
3116982154,12149,3,-7,-11,4,0,-4099
3116983154,12149,2,-5,-9,9,12,-4092
3116984154,12149,5,-8,-6,9,14,-4093
3116985154,12149,1,2,-2,0,12,-4070
3116986154,12149,2,-5,-5,-2,23,-4076
3116987154,12149,5,-5,-7,15,17,-4074
3116988154,12149,3,-3,-7,16,20,-4095
3116989154,12149,-1,2,-4,22,23,-4094
3116990154,12149,3,-3,-9,30,8,-4099
3116991154,12149,7,0,-7,23,28,-4096
3116992154,12149,5,-1,-9,13,33,-4109
3116993154,12149,2,-3,-11,12,10,-4107
3116994154,12149,4,-1,-8,16,19,-4092
3116995154,12149,1,-3,-9,7,11,-4088
3116996154,12149,2,-6,-10,4,33,-4090
3116997154,12149,6,1,-3,-3,13,-4096
3116998154,12149,5,1,-2,12,17,-4079
3116999154,12149,2,2,-6,6,20,-4084
3117000154,12149,3,-1,-3,17,27,-4098
3117001154,12149,6,-3,-10,27,32,-4090
3117002154,12149,10,-6,-10,28,37,-4096
3117003154,12149,0,2,-5,33,33,-4101
3117004154,12149,0,-5,-4,40,12,-4096
3117005154,12149,2,1,-7,27,15,-4102
3117006154,12149,7,3,-9,23,15,-4079
3117007154,12149,10,-4,-7,20,21,-4069
3117008154,12149,1,-1,-10,23,9,-4075
3117009154,12149,9,-6,-10,22,14,-4072
3117010154,12149,4,-1,-12,38,22,-4068
3117011154,12149,-3,1,-12,26,17,-4078
3117012154,12149,3,-7,-12,30,19,-4080
3117013154,12149,-2,2,-8,19,22,-4088
3117014154,12149,1,-2,-9,25,21,-4092
3117015154,12149,0,-1,-11,33,12,-4097
3117016154,12149,2,-3,-7,14,20,-4095
3117017154,12149,-2,-4,-3,17,13,-4087
3117018154,12149,4,-2,-7,12,10,-4085
3117019154,12149,7,-2,-10,-5,5,-4083
3117020154,12149,-3,-6,-9,-3,26,-4072
3117021154,12149,-1,-2,-12,11,32,-4077
3117022154,12149,1,-8,-8,12,35,-4092
3117023154,12149,11,-8,-11,11,34,-4089
3117024154,12149,2,-6,-5,22,24,-4112
3117025154,12149,6,-3,-8,24,17,-4112
3117026154,12149,8,-6,-6,19,22,-4101
3117027154,12149,3,-5,-8,13,24,-4097
3117028154,12149,4,-5,-8,14,35,-4100
3117029154,12149,1,-2,-6,16,10,-4089
3117030154,12149,4,-1,-5,3,42,-4078
3117031154,12149,10,-7,-13,33,21,-4074
3117032154,12149,-3,-3,-8,13,31,-4079
3117033154,12149,8,-8,-7,7,35,-4089
3117034154,12149,4,-2,-11,31,52,-4098
3117035154,12149,9,0,-14,33,56,-4107
3117036154,12149,8,-3,-12,15,23,-4111
3117037154,12149,7,-3,-13,25,24,-4103
3117038154,12149,2,-5,-12,15,35,-4118
3117039154,12149,5,-1,-12,22,28,-4099
3117040154,12149,7,-5,-11,6,19,-4108
3117041154,12149,6,-2,-3,14,27,-4083
3117042154,12149,0,-3,-6,22,30,-4074
3117043154,12149,-1,-1,-5,15,20,-4079
3117044154,12149,8,-3,-5,-13,31,-4077
3117045154,12149,5,3,-6,9,36,-4072
3117046154,12149,6,-3,-8,8,23,-4090
3117047154,12149,7,-1,-12,8,33,-4103
3117048154,12149,3,0,-13,25,24,-4105
3117049154,12149,7,-3,-9,28,11,-4116
3117050154,12149,4,-1,-9,19,5,-4105
3117051154,12149,-1,-4,-9,5,-2,-4111
3117052154,12149,4,-7,-10,5,12,-4088
3117053154,12149,6,-3,-9,4,14,-4078
3117054154,12149,2,-4,-6,-8,16,-4080
3117055154,12149,9,-5,-5,-6,38,-4078
3117056154,12149,2,1,-5,-22,22,-4089
3117057154,12149,7,-6,-4,10,17,-4109
3117058154,12149,5,1,-3,10,25,-4095
3117059154,12149,2,-1,-4,12,9,-4100
3117060154,12149,6,-3,-6,-8,19,-4104
3117061154,12149,6,-1,-10,9,29,-4096
3117062154,12149,2,-2,-6,4,27,-4083
3117063154,12149,5,-8,-9,-11,40,-4077
3117064154,12149,5,-1,-9,-6,63,-4078
3117065154,12149,1,-4,-4,-40,63,-4057
3117066154,12149,6,-10,5,-85,102,-4088
3117067154,12149,10,-4,-1,-98,137,-4017
3117068154,12149,5,-7,0,-54,42,-4045
3117069154,12149,8,6,1,64,-38,-4147
3117070154,12149,4,-7,2,143,-63,-4129
3117071154,12149,0,0,1,94,-89,-4121
3117072154,12149,-1,1,2,70,-88,-4113
3117073154,12149,1,-5,0,50,-21,-4075
3117074154,12149,4,-3,-4,63,38,-4068
3117075154,12149,2,-1,-5,45,79,-4037
3117076154,12149,0,-10,-5,30,75,-4043
3117077154,12149,6,-7,-8,-100,88,-4082
3117078154,12149,12,-9,-11,-114,109,-3977
3117079154,12149,8,1,-11,-65,15,-4063
3117080154,12149,11,9,-7,38,-31,-4159
3117081154,12149,8,2,-1,93,-37,-4146
3117082154,12149,7,-4,-2,66,-51,-4144
3117083154,12149,-4,-3,-6,16,-40,-4147
3117084154,12149,-2,2,-5,21,28,-4093
3117085154,12149,-9,3,-5,38,48,-4095
3117086154,12149,-1,-1,-8,44,104,-4061
3117087154,12149,14,-9,-6,-21,144,-4052
3117088154,12149,3,0,0,-48,102,-4024
3117089154,12149,6,-2,2,-6,-27,-4095
3117090154,12149,9,-1,-1,35,-44,-4093
3117091154,12149,8,-8,0,88,-73,-4102
3117092154,12149,4,-4,-4,56,-92,-4121
3117093154,12149,-1,-4,-6,40,-43,-4105
3117094154,12149,-2,2,-8,14,-16,-4098
3117095154,12149,-1,2,-4,22,51,-4093
3117096154,12149,-3,0,-4,-5,84,-4084
3117097154,12149,3,-8,-4,-30,131,-4024
3117098154,12149,7,2,-8,-19,35,-4105
3117099154,12149,12,2,-3,22,0,-4104
3117100154,12149,9,-4,-7,72,-25,-4088
3117101154,12149,7,-6,-5,54,-47,-4093
3117102154,12149,3,-3,-4,27,-37,-4074
3117103154,12149,-4,-6,-10,12,34,-4092
3117104154,12149,3,2,-6,26,47,-4082
3117105154,12149,2,-10,-7,-8,94,-4097
3117106154,12149,3,-6,-8,-6,118,-4022
3117107154,12149,6,-5,-7,9,51,-4125
3117108154,12149,2,1,-8,40,18,-4125
3117109154,12149,6,-8,-8,76,-16,-4081
3117110154,12149,5,-16,-10,15,-34,-4096
3117111154,12149,0,-12,-8,12,-21,-4097
3117112154,12149,-4,0,-7,29,10,-4082
3117113154,12149,-4,-7,-5,13,27,-4085
3117114154,12149,3,-8,-11,-14,86,-4082
3117115154,12149,7,-9,-10,-20,108,-4071
3117116154,12149,8,-6,-8,-11,63,-4065
3117117154,12149,-1,4,-6,-16,36,-4106
3117118154,12149,7,-5,-7,55,14,-4110
3117119154,12149,5,-6,-9,53,-19,-4105
3117120154,12149,2,2,-8,39,-35,-4096
3117121154,12149,3,-4,-9,21,-14,-4076
3117122154,12149,-2,3,-8,13,7,-4073
3117123154,12149,2,2,-9,48,26,-4066
3117124154,12149,7,-1,-11,47,40,-4064
3117125154,12149,3,-2,-11,37,34,-4080
3117126154,12149,5,-5,-7,39,37,-4071
3117127154,12149,3,-10,-12,30,20,-4084
3117128154,12149,8,-4,-9,29,1,-4084
3117129154,12149,2,-8,-7,31,-7,-4096
3117130154,12149,-2,-4,-6,23,-17,-4086
3117131154,12149,1,-2,-14,8,-22,-4093
3117132154,12149,3,-5,-10,16,-2,-4076
3117133154,12149,1,-4,-14,19,7,-4083
3117134154,12149,1,-5,-14,19,6,-4109
3117135154,12149,1,-7,-14,40,34,-4104
3117136154,12149,3,-9,-17,50,24,-4093
3117137154,12149,13,-16,-15,14,15,-4097
3117138154,12149,1,-5,-12,26,5,-4108
3117139154,12149,2,-2,-14,18,19,-4111
3117140154,12149,1,-9,-13,19,2,-4109
3117141154,12149,-1,-3,-10,18,10,-4101
3117142154,12149,1,-3,-12,17,22,-4097
3117143154,12149,-3,-5,-13,7,24,-4098
3117144154,12150,5,1,-12,0,23,-4083
3117145154,12150,5,-7,-11,-4,33,-4086
3117146154,12150,-1,-4,-9,-1,39,-4087
3117147154,12150,1,-2,-13,-4,33,-4091
3117148154,12150,7,-5,-17,2,56,-4094
3117149154,12150,8,-3,-16,1,66,-4091
3117150154,12150,3,-1,-16,-1,45,-4097
3117151154,12150,3,-3,-14,0,52,-4097
3117152154,12150,6,-4,-8,-6,46,-4076
3117153154,12150,3,-4,-11,-12,40,-4075
3117154154,12150,6,-3,-16,-5,50,-4065
3117155154,12150,3,-4,-9,7,40,-4090
3117156154,12150,10,-8,-15,-6,25,-4084
3117157154,12150,4,1,-15,3,28,-4081
3117158154,12150,6,-1,-11,19,26,-4085
3117159154,12150,3,-7,-15,20,30,-4112
3117160154,12150,8,-2,-16,29,15,-4091
3117161154,12150,7,-9,-14,15,11,-4100
3117162154,12150,1,-1,-11,7,17,-4119
3117163154,12150,4,-3,-11,11,0,-4097
3117164154,12150,8,-3,-10,-1,16,-4104
3117165154,12150,2,-1,-8,7,-5,-4108
3117166154,12150,0,-4,-4,13,11,-4099
3117167154,12150,1,0,-11,14,-6,-4086
3117168154,12150,4,-5,-11,7,4,-4086
3117169154,12150,6,-4,-8,6,3,-4076
3117170154,12150,2,-4,-7,6,-25,-4094
3117171154,12150,-2,-6,-14,-1,2,-4092
3117172154,12150,1,0,-11,-2,12,-4093
3117173154,12150,5,1,-16,9,12,-4107
3117174154,12150,5,-3,-12,12,16,-4097
3117175154,12150,-3,-6,-10,23,10,-4097
3117176154,12150,1,-4,-14,16,14,-4087
3117177154,12150,-1,-6,-12,14,19,-4076
3117178154,12150,0,-4,-11,16,10,-4084
3117179154,12150,3,0,-10,-4,21,-4063
3117180154,12150,2,-8,-15,11,35,-4075
3117181154,12150,-7,-5,-11,12,26,-4069
3117182154,12150,2,-7,-11,17,44,-4084
3117183154,12150,7,-7,-12,15,24,-4102
3117184154,12150,0,-3,-11,20,19,-4093
3117185154,12150,1,-7,-12,22,36,-4094
3117186154,12150,-1,0,-10,18,11,-4101
3117187154,12150,4,-5,-11,9,35,-4097
3117188154,12150,2,-2,-8,-4,18,-4085
3117189154,12150,-1,-3,-7,-16,36,-4097
3117190154,12150,3,-8,-12,-18,53,-4100
3117191154,12150,-3,-3,-13,-3,38,-4099
3117192154,12150,-3,-5,-16,12,33,-4096
3117193154,12150,-1,-10,-15,-14,47,-4097
3117194154,12150,-2,-2,-20,-14,43,-4106
3117195154,12150,2,-3,-18,-7,31,-4112
3117196154,12150,2,-8,-15,17,33,-4103
3117197154,12150,1,-4,-20,20,62,-4099
3117198154,12150,6,-5,-15,-6,35,-4090
3117199154,12150,0,-2,-13,20,32,-4077
3117200154,12150,2,2,-15,-19,21,-4071
3117201154,12150,1,-5,-14,-29,22,-4073
3117202154,12151,0,-7,-12,11,28,-4072
3117203154,12151,4,-8,-13,18,16,-4045
3117204154,12151,-3,-6,-17,-108,-2,-4069
3117205154,12151,1,1,-16,-116,44,-4120
3117206154,12151,3,0,-18,9,12,-4034
3117207154,12151,0,9,-20,-6,35,-4155
3117208154,12151,5,-1,-17,94,62,-4190
3117209154,12151,3,3,-19,100,43,-4140
3117210154,12151,5,0,-20,81,38,-4098
3117211154,12151,2,1,-19,49,28,-4099
3117212154,12151,5,1,-18,53,5,-4102
3117213154,12151,-3,4,-18,92,-2,-4090
3117214154,12151,3,-2,-21,88,-4,-4057
3117215154,12151,6,-7,-16,44,34,-4076
3117216154,12151,9,-7,-15,54,39,-4056
3117217154,12151,10,-9,-11,45,37,-4049
3117218154,12151,7,-7,-13,34,31,-4040
3117219154,12152,4,-4,-10,12,30,-4082
3117220154,12152,6,-11,-13,20,27,-4073
3117221154,12152,3,-5,-18,-5,28,-4091
3117222154,12152,1,-3,-11,19,41,-4072
3117223154,12152,5,-4,-13,19,23,-4075
3117224154,12152,4,-7,-10,31,15,-4072
3117225154,12152,8,-7,-13,18,13,-4080
3117226154,12152,6,-1,-8,47,35,-4079
3117227154,12152,3,3,-11,34,34,-4072
3117228154,12152,4,-2,-9,49,33,-4087
3117229154,12152,1,0,-3,30,22,-4080
3117230154,12152,3,-2,-5,18,22,-4073
3117231154,12152,8,-10,-9,13,15,-4079
3117232154,12152,5,-5,-10,10,9,-4082
3117233154,12152,8,-4,-11,1,9,-4086
3117234154,12152,4,-6,-3,-5,27,-4079
3117235154,12152,10,-6,-7,-16,25,-4080
3117236154,12152,3,-9,-9,-10,30,-4084
3117237154,12152,1,-6,-6,6,37,-4088
3117238154,12152,3,-5,-3,9,44,-4090
3117239154,12152,7,-7,-6,15,50,-4084
3117240154,12152,3,-9,-10,-16,55,-4086
3117241154,12152,5,-6,-7,-133,81,-4043
3117242154,12152,10,-2,-4,-152,78,-4088
3117243154,12152,5,2,-1,-93,51,-4091
3117244154,12152,4,-1,0,-22,1,-4067
3117245154,12152,3,4,1,-27,19,-4100
3117246154,12152,2,-7,-7,-33,25,-4137
3117247154,12152,5,-4,-9,-45,41,-4114
3117248154,12152,3,2,-2,-23,12,-4103
3117249154,12152,3,4,-8,34,35,-4125
3117250154,12152,-2,2,-6,25,40,-4132
3117251154,12152,5,-2,-8,66,56,-4108
3117252154,12152,12,-3,-8,35,24,-4098
3117253154,12152,4,-1,-9,18,18,-4093
3117254154,12152,5,-3,-16,42,-13,-4121
3117255154,12152,4,0,-14,44,-1,-4087
3117256154,12152,-1,-5,-8,43,5,-4071
3117257154,12152,6,-5,-12,19,24,-4100
3117258154,12152,-5,-8,-12,36,19,-4085
3117259154,12152,0,-6,-10,25,-8,-4075
3117260154,12152,12,-8,-12,21,7,-4073
3117261154,12152,6,-2,-13,17,4,-4082
3117262154,12152,7,0,-16,42,15,-4094
3117263154,12152,3,-3,-12,7,24,-4090
3117264154,12152,2,3,-7,28,29,-4084
3117265154,12152,8,-5,-15,1,4,-4103
3117266154,12153,-2,-1,-14,-5,7,-4099
3117267154,12153,-1,-6,-14,-9,12,-4098
3117268154,12153,6,-1,-14,0,-2,-4105
3117269154,12153,6,3,-7,2,-2,-4092
3117270154,12153,6,-1,-13,18,11,-4089
3117271154,12153,0,-4,-13,13,3,-4096
3117272154,12153,5,-5,-14,19,18,-4099
3117273154,12153,-4,0,-12,-1,17,-4096
3117274154,12153,-3,-1,-11,12,3,-4102
3117275154,12153,2,-2,-12,5,-12,-4093
3117276154,12153,-1,-3,-10,9,11,-4094
3117277154,12153,1,4,-13,9,26,-4099
3117278154,12153,3,-6,-18,17,18,-4092
3117279154,12153,-1,-1,-12,19,16,-4109
3117280154,12153,-2,0,-15,6,38,-4094
3117281154,12153,-2,-1,-16,6,31,-4073
3117282154,12153,3,4,-16,10,28,-4075
3117283154,12153,-2,4,-15,17,16,-4066
3117284154,12153,-1,3,-11,12,27,-4086
3117285154,12153,4,2,-12,17,40,-4064
3117286154,12153,-1,4,-17,14,20,-4062
3117287154,12153,0,0,-16,20,38,-4071
3117288154,12153,1,3,-15,24,9,-4097
3117289154,12153,7,-3,-11,17,20,-4094
3117290154,12153,5,-1,-13,-2,29,-4103
3117291154,12153,-1,-1,-12,10,15,-4090
3117292154,12153,3,0,-13,6,12,-4085
3117293154,12154,-2,2,-14,4,18,-4076
3117294154,12154,-3,1,-13,-4,7,-4095
3117295154,12154,-4,4,-11,-4,21,-4065
3117296154,12154,-3,2,-16,1,26,-4071
3117297154,12154,0,4,-13,-1,35,-4083
3117298154,12154,4,1,-16,5,5,-4086
3117299154,12154,2,-1,-15,-25,7,-4094
3117300154,12154,2,-1,-17,-26,8,-4072
3117301154,12154,6,0,-15,-11,9,-4070
3117302154,12154,6,-5,-13,-32,5,-4099
3117303154,12154,3,-1,-15,-26,-4,-4090
3117304154,12154,-3,-3,-14,-41,9,-4106
3117305154,12154,3,0,-14,-50,16,-4095
3117306154,12154,-1,0,-12,-34,20,-4101
3117307154,12154,0,-3,-20,-40,26,-4095
3117308154,12154,-1,-3,-21,-47,14,-4110
3117309154,12155,-4,5,-17,-29,28,-4115
3117310154,12155,7,-1,-20,-39,23,-4107
3117311154,12155,3,-4,-15,-34,22,-4113
3117312154,12155,-6,7,-19,-41,39,-4109
3117313154,12155,5,-1,-22,-21,29,-4086
3117314154,12155,4,6,-20,-24,35,-4091
3117315154,12155,2,-1,-24,-27,29,-4080
3117316154,12155,4,-8,-22,-20,13,-4077
3117317154,12155,0,-4,-24,-19,41,-4059
3117318154,12155,3,-3,-28,-13,25,-4055
3117319154,12155,1,-6,-27,-41,20,-4054
3117320154,12156,3,-10,-30,-42,4,-4011
3117321154,12156,1,-16,-36,-61,0,-4002
3117322154,12156,-5,-17,-37,-145,-11,-3959
3117323154,12156,-5,-19,-44,-156,-10,-3956
3117324154,12156,-5,-32,-51,-278,-38,-3987
3117325154,12156,-10,-25,-52,-390,-6,-4075
3117326154,12156,-3,-25,-62,-422,118,-4231
3117327154,12156,-2,-14,-60,-402,255,-4328
3117328154,12156,7,1,-60,-364,280,-4270
3117329154,12157,15,1,-65,-297,205,-4208
3117330154,12157,7,8,-72,-316,56,-4227
3117331154,12157,10,17,-63,-229,28,-4330
3117332154,12157,8,26,-62,-124,-11,-4309
3117333154,12158,7,33,-52,-13,82,-4249
3117334154,12158,9,29,-48,160,132,-4089
3117335154,12159,2,29,-39,281,55,-3939
3117336154,12159,9,21,-27,326,-71,-3950
3117337154,12160,5,21,-32,347,-87,-3928
3117338154,12161,5,6,-28,376,-119,-3861
3117339154,12162,3,-4,-26,360,-87,-3845
3117340154,12162,4,-22,-28,328,-46,-3873
3117341154,12163,-1,-14,-22,272,-42,-3898
3117342154,12164,5,-32,-25,160,-57,-3989
3117343154,12165,11,-31,-25,65,-27,-4041
3117344154,12166,3,-34,-23,-80,-28,-4116
3117345154,12166,6,-40,-22,-238,-6,-4111
3117346154,12167,3,-33,-24,-326,-12,-4120
3117347154,12168,3,-36,-15,-490,43,-4133
3117348154,12168,2,-37,-9,-562,83,-4242
3117349154,12169,4,-22,1,-541,101,-4345
3117350154,12170,9,-25,-1,-518,94,-4312
3117351154,12170,6,-15,7,-441,72,-4244
3117352154,12171,-3,2,15,-454,26,-4306
3117353154,12171,3,14,19,-292,-6,-4386
3117354154,12171,1,28,19,-4,-49,-4274
3117355154,12172,3,33,15,136,-60,-4200
3117356154,12172,6,34,10,294,-94,-4130
3117357154,12172,6,30,-1,365,-108,-4018
3117358154,12172,9,31,-11,409,-72,-3903
3117359154,12172,2,27,-14,434,-13,-3826
3117360154,12172,0,24,-22,454,40,-3825
3117361154,12172,17,5,-23,504,98,-3824
3117362154,12172,14,0,-30,490,85,-3901
3117363154,12172,12,-7,-23,407,79,-3983
3117364154,12172,10,-5,-22,368,64,-4033
3117365154,12171,9,-11,-27,298,56,-4096
3117366154,12171,11,-15,-24,260,60,-4134
3117367154,12171,-5,-9,-22,207,83,-4156
3117368154,12171,1,-6,-19,158,104,-4143
3117369154,12171,3,-10,-21,133,124,-4139
3117370154,12171,0,-6,-11,123,149,-4118
3117371154,12171,3,-2,-16,125,154,-4078
3117372154,12170,-4,-2,-18,115,109,-4038
3117373154,12170,1,-4,-17,94,71,-4028
3117374154,12170,4,-15,-20,6,4,-3995
3117375154,12170,5,-16,-18,-73,-31,-4051
3117376154,12170,1,-12,-23,-73,-31,-4159
3117377154,12170,0,-15,-26,-149,52,-4248
3117378154,12170,3,-2,-23,-161,96,-4240
3117379154,12171,8,-2,-24,-90,114,-4196
3117380154,12171,7,-6,-23,-92,20,-4211
3117381154,12171,8,7,-26,-92,-14,-4220
3117382154,12171,10,4,-23,-72,25,-4159
3117383154,12171,0,9,-24,-42,8,-4110
3117384154,12172,2,6,-17,13,32,-4053
3117385154,12172,2,5,-19,45,8,-4025
3117386154,12172,6,0,-15,58,-2,-4049
3117387154,12173,4,-4,-14,58,17,-4044
3117388154,12173,5,-7,-11,69,39,-4013
3117389154,12174,15,-11,-14,68,37,-4028
3117390154,12174,8,-9,-8,69,33,-4030
3117391154,12175,7,-7,-6,27,29,-4040
3117392154,12175,8,-16,-11,-5,24,-4036
3117393154,12176,11,-16,-7,-21,28,-4041
3117394154,12176,1,-14,-8,-107,36,-4080
3117395154,12177,7,-18,-2,-108,46,-4061
3117396154,12177,4,-16,-6,-118,53,-4043
3117397154,12178,-2,-12,1,-158,79,-4080
3117398154,12178,8,-17,4,-195,96,-4089
3117399154,12178,6,-20,8,-257,88,-4088
3117400154,12179,4,-22,19,-284,89,-4086
3117401154,12179,5,-19,19,-324,70,-4109
3117402154,12180,9,-17,25,-339,25,-4126
3117403154,12180,3,-16,31,-273,6,-4160
3117404154,12180,2,-5,36,-242,-24,-4215
3117405154,12180,3,-5,36,-202,-33,-4212
3117406154,12181,5,-7,30,-92,-84,-4156
3117407154,12181,-3,6,29,12,-123,-4184
3117408154,12181,5,5,22,110,-93,-4158
3117409154,12181,13,10,13,184,-77,-4085
3117410154,12181,4,12,11,222,-59,-4063
3117411154,12180,8,8,-6,226,-25,-4006
3117412154,12180,15,7,-15,238,18,-3982
3117413154,12180,15,7,-10,249,31,-3954
3117414154,12180,13,6,-15,221,57,-3945
3117415154,12180,9,-2,-20,207,66,-3975
3117416154,12179,9,-13,-24,160,79,-3983
3117417154,12179,13,-16,-24,105,83,-4010
3117418154,12179,6,-18,-15,30,96,-4056
3117419154,12179,-1,-20,-12,1,113,-4078
3117420154,12179,7,-23,-8,-51,149,-4120
3117421154,12179,6,-16,0,-64,154,-4136
3117422154,12179,-2,-14,-3,-79,134,-4184
3117423154,12179,-3,-11,3,-59,87,-4232
3117424154,12179,3,-5,10,-37,76,-4220
3117425154,12179,3,0,5,-11,19,-4205
3117426154,12179,7,-2,8,-8,-12,-4173
3117427154,12180,6,4,14,9,-40,-4118
3117428154,12180,-1,6,13,17,-51,-4113
3117429154,12180,5,6,15,70,-64,-4079
3117430154,12181,7,-10,21,-121,17,-4131
3117431154,12181,13,6,24,-147,187,-3740
3117432154,12181,3,11,17,101,-157,-4173
3117433154,12182,14,5,18,185,-213,-4220
3117434154,12182,12,-6,14,275,-214,-4109
3117435154,12183,1,-12,-2,139,-320,-4182
3117436154,12183,-12,1,-8,230,-272,-4142
3117437154,12184,-7,8,-7,275,-160,-4012
3117438154,12184,-4,-7,-14,233,39,-4057
3117439154,12184,2,-1,-14,134,172,-4012
3117440154,12185,11,-4,-22,61,164,-4041
3117441154,12185,15,-4,-23,128,28,-4080
3117442154,12186,13,3,-24,171,-1,-4077
3117443154,12186,14,-12,-24,207,-26,-4143
3117444154,12186,11,-8,-31,167,-31,-4147
3117445154,12187,0,-8,-27,80,-32,-4108
3117446154,12187,2,-8,-29,35,12,-4059
3117447154,12187,-2,-5,-28,27,107,-4041
3117448154,12187,-1,-4,-37,46,196,-4065
3117449154,12188,1,-3,-34,76,199,-4068
3117450154,12188,-1,-1,-36,85,161,-4054
3117451154,12188,8,0,-34,71,158,-4064
3117452154,12188,7,-2,-27,87,114,-4092
3117453154,12188,3,-3,-23,82,70,-4060
3117454154,12189,5,-3,-25,72,31,-4077
3117455154,12189,4,-3,-23,80,57,-4087
3117456154,12189,6,-3,-20,73,36,-4119
3117457154,12189,0,-8,-21,104,39,-4128
3117458154,12189,1,-4,-13,119,8,-4104
3117459154,12189,-2,-3,-17,119,14,-4111
3117460154,12190,-2,-4,-17,121,14,-4113
3117461154,12190,3,-6,-15,102,20,-4108
3117462154,12190,-3,-5,-19,87,-11,-4098
3117463154,12190,3,-5,-17,89,-24,-4110
3117464154,12190,7,-1,-15,82,-46,-4097
3117465154,12190,3,-3,-8,102,-52,-4087
3117466154,12190,3,-1,-8,108,-37,-4103
3117467154,12190,-1,-6,-6,105,-34,-4104
3117468154,12190,10,-9,-7,89,-28,-4082
3117469154,12190,9,0,-6,100,-8,-4084
3117470154,12190,6,-8,-7,93,13,-4081
3117471154,12190,5,-1,-4,80,8,-4066
3117472154,12190,3,-3,1,82,13,-4070
3117473154,12190,8,-9,-5,87,18,-4076
3117474154,12190,5,1,-1,87,32,-4082
3117475154,12190,2,-6,-3,79,31,-4082
3117476154,12190,6,-10,2,68,42,-4085
3117477154,12190,-2,-2,-5,70,55,-4092
3117478154,12190,3,-10,0,51,58,-4094
3117479154,12190,5,-9,0,57,59,-4094
3117480154,12190,4,-6,-1,39,57,-4101
3117481154,12190,0,-9,-3,20,65,-4098
3117482154,12189,5,-12,1,4,66,-4097
3117483154,12189,3,-10,-2,-1,60,-4093
3117484154,12189,4,-12,1,-11,49,-4078
3117485154,12189,4,-3,2,-23,44,-4109
3117486154,12189,3,-9,-4,-15,43,-4095
3117487154,12189,6,-4,-2,-3,48,-4105
3117488154,12189,4,-6,-4,5,49,-4102
3117489154,12189,6,-8,-1,6,70,-4101
3117490154,12189,9,-2,0,13,61,-4105
3117491154,12189,3,-2,1,24,58,-4106
3117492154,12188,4,-3,-6,23,53,-4091
3117493154,12188,6,-2,-2,17,48,-4093
3117494154,12188,5,-4,-3,27,40,-4073
3117495154,12188,8,-10,-2,26,37,-4064
3117496154,12188,8,-3,-3,26,13,-4065
3117497154,12188,6,-9,-3,25,7,-4074
3117498154,12188,8,-10,0,31,25,-4067
3117499154,12188,5,-8,0,38,30,-4083
3117500154,12188,5,-9,-4,21,14,-4088
3117501154,12188,2,1,-2,13,31,-4088
3117502154,12188,10,-9,0,12,18,-4080
3117503154,12188,7,-10,-1,10,9,-4094
3117504154,12188,10,-7,2,8,19,-4114
3117505154,12188,0,-3,4,-5,22,-4098
3117506154,12188,5,-1,-1,4,33,-4117
3117507154,12188,6,-8,-7,6,30,-4093
3117508154,12188,7,-4,-1,-2,20,-4102
3117509154,12189,10,-3,-2,11,25,-4111
3117510154,12189,3,3,5,3,41,-4089
3117511154,12189,11,-7,-4,4,39,-4099
3117512154,12189,8,-4,0,21,25,-4088
3117513154,12189,6,-8,-4,19,53,-4096
3117514154,12189,6,-9,-5,15,35,-4085
3117515154,12189,4,-4,-3,15,46,-4092
3117516154,12189,10,-10,-1,14,38,-4090
3117517154,12189,9,-7,-3,18,43,-4099
3117518154,12189,7,-1,-5,19,43,-4085
3117519154,12189,5,-2,-7,20,41,-4094
3117520154,12189,-2,-2,-3,8,29,-4087
3117521154,12189,9,-8,-9,30,62,-4096
3117522154,12189,7,0,-2,23,36,-4082
3117523154,12189,7,-3,-6,10,34,-4079
3117524154,12189,8,-5,-4,13,37,-4082
3117525154,12189,6,-2,2,20,23,-4098
3117526154,12189,4,-5,3,24,16,-4090
3117527154,12189,8,-6,0,31,11,-4079
3117528154,12189,6,-4,-3,9,10,-4100
3117529154,12189,3,-3,0,21,-2,-4090
3117530154,12188,5,-7,-1,17,-6,-4092
3117531154,12188,1,-3,-1,8,12,-4087
3117532154,12188,9,-7,-3,17,9,-4104
3117533154,12188,6,-3,-1,25,6,-4096
3117534154,12188,6,-7,0,18,0,-4110
3117535154,12188,8,0,-1,3,4,-4113
3117536154,12188,-6,-3,2,23,16,-4100
3117537154,12188,4,-4,-2,14,3,-4093
3117538154,12188,6,-4,0,32,-5,-4090
3117539154,12188,4,-7,-4,24,12,-4084
3117540154,12188,6,-6,-6,11,-7,-4076
3117541154,12188,8,-6,2,15,-4,-4083
3117542154,12188,3,-8,-1,9,2,-4072
3117543154,12188,8,-8,3,16,2,-4091
3117544154,12188,3,-8,0,10,7,-4075
3117545154,12188,5,-6,0,-8,8,-4079
3117546154,12188,4,-4,1,6,0,-4079
3117547154,12188,7,-5,4,5,1,-4088
3117548154,12188,7,-9,2,-3,-1,-4104
3117549154,12188,5,-7,1,-1,8,-4104
3117550154,12188,6,-6,1,-14,23,-4090
3117551154,12188,3,-9,3,-12,2,-4088
3117552154,12188,3,-9,4,-23,0,-4113
3117553154,12188,9,-11,2,-14,8,-4126
3117554154,12188,-2,-8,2,6,1,-4106
3117555154,12188,6,-4,1,15,12,-4097
3117556154,12188,1,-5,-1,-4,18,-4106
3117557154,12188,0,-4,-2,22,15,-4090
3117558154,12188,5,-4,-2,17,18,-4095
3117559154,12188,3,-4,-6,39,25,-4090
3117560154,12188,3,-2,-4,44,34,-4070
3117561154,12188,4,-3,-1,52,32,-4072
3117562154,12188,0,0,-1,33,33,-4077
3117563154,12188,6,-8,-2,36,33,-4058
3117564154,12188,1,-4,0,72,10,-4077
3117565154,12188,2,-4,-2,-40,73,-4090
3117566154,12188,6,-14,-1,-114,133,-4077
3117567154,12188,3,-14,4,-168,141,-4043
3117568154,12188,-4,-6,16,-173,116,-4093
3117569154,12188,2,-3,17,-65,76,-4133
3117570154,12188,4,3,13,43,47,-4161
3117571154,12188,4,-11,17,119,-62,-4155
3117572154,12188,7,-10,14,93,-56,-4165
3117573154,12188,4,-7,16,-18,-25,-4080
3117574154,12188,7,-4,8,-84,-40,-4069
3117575154,12188,9,-5,8,-5,-26,-4036
3117576154,12188,-1,1,1,-29,16,-4019
3117577154,12188,10,-6,-6,17,7,-4004
3117578154,12187,6,2,-4,-5,10,-4081
3117579154,12187,6,6,-4,-16,34,-4107
3117580154,12187,6,1,-8,62,55,-4083
3117581154,12187,2,-4,-1,93,59,-4090
3117582154,12187,8,-9,-6,42,51,-4081
3117583154,12187,0,-3,-3,10,43,-4109
3117584154,12187,3,-4,-4,-3,41,-4112
3117585154,12187,6,-4,-6,18,51,-4085
3117586154,12187,-2,-6,3,20,75,-4079
3117587154,12187,-1,-17,17,-355,276,-4118
3117588154,12187,7,-19,20,-154,150,-4183
3117589154,12187,18,-7,33,-292,335,-3781
3117590154,12187,8,5,36,-151,-60,-4308
3117591154,12187,15,-11,35,96,-103,-4270
3117592154,12187,9,-21,33,-22,-201,-4161
3117593154,12187,7,-21,35,-166,-273,-4076
3117594154,12187,-3,-10,34,-215,-237,-4051
3117595154,12187,-18,4,31,-86,-52,-4084
3117596154,12187,-5,-4,33,80,66,-4088
3117597154,12187,-9,-9,25,96,98,-4057
3117598154,12187,2,-13,19,-41,82,-4097
3117599154,12187,14,-8,15,-68,-2,-4116
3117600154,12187,12,-11,13,-30,-50,-4047
3117601154,12187,13,-18,23,-221,-12,-4157
3117602154,12187,21,-10,19,-201,186,-4031
3117603154,12187,23,-5,26,-144,88,-3901
3117604154,12187,9,-3,33,-27,-148,-4230
3117605154,12187,14,-5,33,74,-72,-4122
3117606154,12186,5,-10,35,28,-104,-4100
3117607154,12186,-5,-7,35,-43,-142,-4079
3117608154,12186,-13,-1,34,1,-18,-4031
3117609154,12186,0,1,26,98,115,-4075
3117610154,12186,2,-4,27,153,189,-4042
3117611154,12186,9,-5,25,114,191,-4044
3117612154,12186,9,-19,29,-262,243,-4136
3117613154,12186,25,-8,34,-238,344,-3822
3117614154,12186,17,6,38,-17,46,-4050
3117615154,12186,17,-8,42,217,-98,-4251
3117616154,12186,29,-11,40,239,-132,-4250
3117617154,12186,20,-20,40,103,-218,-4143
3117618154,12186,-5,-15,39,-73,-216,-4116
3117619154,12186,-11,-4,30,-38,-24,-4042
3117620154,12186,-11,4,32,29,40,-4081
3117621154,12186,-9,-5,24,162,143,-4082
3117622154,12186,-6,-24,26,-205,306,-4140
3117623154,12186,21,-11,31,-277,428,-3903
3117624154,12186,14,0,33,-45,62,-4068
3117625154,12186,16,1,34,44,-106,-4273
3117626154,12186,21,-12,32,197,-121,-4205
3117627154,12186,14,-18,29,52,-220,-4180
3117628154,12186,4,-7,28,-68,-284,-4146
3117629154,12186,-6,1,31,-51,-187,-4076
3117630154,12186,-6,6,23,56,18,-4068
3117631154,12186,-8,3,20,223,119,-4066
3117632154,12186,-5,-3,12,161,180,-4060
3117633154,12186,10,-4,3,82,147,-4106
3117634154,12186,12,0,10,84,85,-4095
3117635154,12186,9,-4,4,62,64,-4033
3117636154,12186,16,-9,7,25,136,-4114
3117637154,12186,24,7,19,-19,170,-3835
3117638154,12186,17,6,11,39,-165,-4281
3117639154,12186,12,-2,16,207,-109,-4223
3117640154,12186,10,-7,17,176,-92,-4089
3117641154,12186,-1,-10,12,56,-162,-4065
3117642154,12187,-9,0,12,91,-61,-4033
3117643154,12187,-10,8,11,116,26,-4041
3117644154,12187,-10,-1,5,225,114,-4112
3117645154,12187,2,-5,-3,229,153,-4040
3117646154,12187,3,-3,-3,124,70,-4083
3117647154,12187,13,-2,-7,138,-17,-4096
3117648154,12187,14,-3,-7,152,-49,-4083
3117649154,12187,13,-11,-10,181,-28,-4100
3117650154,12187,9,-7,-10,157,-54,-4124
3117651154,12187,8,-11,-10,125,-80,-4107
3117652154,12187,8,-8,-15,101,-60,-4098
3117653154,12187,4,-6,-14,36,16,-4034
3117654154,12187,-1,-5,-12,48,65,-4058
3117655154,12187,-6,-6,-15,65,84,-4066
3117656154,12187,3,-9,-16,81,71,-4065
3117657154,12187,3,-5,-10,72,86,-4076
3117658154,12187,3,-4,-11,31,75,-4100
3117659154,12187,2,-7,-14,45,37,-4086
3117660155,12188,8,-6,-10,41,24,-4110
3117661154,12188,1,-4,-9,32,11,-4107
3117662155,12188,4,-9,-6,51,7,-4101
3117663156,12188,6,-7,-8,58,17,-4110
3117664154,12188,-7,-11,-3,53,25,-4091
3117665154,12188,3,-5,-7,32,46,-4066
3117666154,12188,2,-8,-9,35,48,-4076
3117667154,12188,2,-10,-10,24,44,-4063
3117668154,12188,2,-11,-15,1,21,-4093
3117669154,12188,1,-9,-13,4,31,-4094
3117670154,12188,7,-5,-12,0,0,-4116
3117671154,12188,4,-3,-7,-8,9,-4114
3117672154,12188,2,-7,-12,11,2,-4123
3117673154,12188,-1,-6,-7,22,12,-4100
3117674154,12188,2,-7,-6,11,46,-4097
3117675154,12188,2,-1,-10,9,35,-4100
3117676154,12188,-1,0,-8,15,35,-4081
3117677154,12188,1,-1,-11,10,18,-4097
3117678154,12188,5,-8,-8,20,34,-4079
3117679154,12188,4,-5,-13,27,26,-4093
3117680154,12188,4,-10,-13,36,17,-4078
3117681154,12188,3,-8,-10,29,21,-4091
3117682154,12188,5,-2,-11,26,3,-4096
3117683154,12188,2,-6,-12,25,14,-4096
3117684154,12188,2,-7,-9,26,11,-4101
3117685154,12188,4,-3,-9,12,14,-4093
3117686154,12187,3,-5,-8,20,7,-4090
3117687154,12187,2,-4,-6,8,31,-4097
3117688154,12187,4,-3,-7,-6,15,-4081
3117689154,12187,5,-2,-10,20,18,-4094
3117690154,12187,-1,-6,-10,0,8,-4091
3117691154,12187,1,-9,-5,7,6,-4099
3117692154,12187,-1,-6,-10,-2,16,-4102
3117693154,12187,1,-2,-12,-7,12,-4101
3117694154,12187,7,-5,-9,-2,14,-4112
3117695154,12187,7,-4,-12,7,15,-4083
3117696154,12187,7,-9,-9,10,11,-4082
3117697154,12187,7,-6,-7,26,29,-4088
3117698154,12187,0,-3,-7,20,35,-4073
3117699154,12187,4,-9,-11,15,18,-4070
3117700154,12187,6,-10,-9,8,18,-4070
3117701154,12187,7,-6,-8,13,30,-4073
3117702154,12187,1,-2,-7,19,9,-4076
3117703154,12188,-3,-1,-6,24,21,-4086
3117704154,12188,7,-9,-6,31,28,-4085
3117705154,12188,7,-7,-5,8,11,-4106
3117706154,12188,3,-6,-1,5,13,-4089
3117707154,12188,5,-6,-6,10,31,-4076
3117708154,12188,6,-6,-6,23,21,-4088
3117709154,12188,11,-6,-7,3,15,-4082
3117710154,12188,9,-10,-12,8,30,-4083
3117711154,12188,11,-4,-8,22,10,-4094
3117712154,12188,3,-8,-5,3,24,-4091
3117713154,12188,8,-10,-11,-4,19,-4081
3117714154,12188,4,-5,-8,26,15,-4097
3117715154,12188,0,-2,-1,25,21,-4094
3117716154,12188,5,-11,-7,0,32,-4110
3117717154,12188,8,-6,-5,0,25,-4095
3117718154,12188,9,-9,-5,7,12,-4099
3117719154,12188,9,-5,-2,4,26,-4110
3117720154,12188,11,-4,-3,11,21,-4071
3117721154,12188,10,-8,-6,12,19,-4082
3117722154,12188,6,-6,-5,14,37,-4084
3117723154,12188,5,-7,-3,18,43,-4089
3117724154,12188,6,-3,-4,-3,37,-4086
3117725154,12188,0,0,-2,16,43,-4102
3117726154,12188,5,-8,-4,9,33,-4103
3117727154,12188,6,-1,-9,10,28,-4089
3117728154,12188,6,-8,-6,14,35,-4099
3117729154,12188,10,-7,-8,-1,28,-4095
3117730154,12188,3,-3,-7,16,32,-4081
3117731154,12188,8,-6,-7,30,31,-4104
3117732154,12188,6,-8,-8,27,28,-4096
3117733154,12188,4,-6,-8,20,26,-4085
3117734154,12188,2,1,-6,7,28,-4087
3117735154,12187,3,0,-2,10,28,-4087
3117736154,12187,14,-7,1,13,30,-4085
3117737154,12187,8,-6,-3,7,28,-4088
3117738154,12187,4,-2,1,22,37,-4084
3117739154,12187,-1,-8,-6,14,34,-4083
3117740154,12187,6,-6,-5,14,19,-4079
3117741154,12187,9,-9,-9,2,18,-4093
3117742154,12187,12,-12,-9,10,10,-4093
3117743154,12187,1,-1,-5,10,10,-4097
3117744154,12187,6,0,-9,21,15,-4087
3117745154,12187,7,-4,-6,26,20,-4101
3117746154,12187,6,0,-4,5,9,-4081
3117747154,12187,10,-6,-6,14,2,-4093
3117748154,12187,7,-8,-8,17,12,-4082
3117749154,12187,3,-2,-4,27,10,-4098
3117750154,12187,8,-5,-2,14,2,-4082
3117751154,12187,6,-3,-12,17,10,-4083
3117752154,12187,6,-6,-11,20,23,-4099
3117753154,12187,10,-7,-7,25,11,-4099
3117754154,12187,2,-5,-7,9,16,-4079
3117755154,12187,3,-9,-8,21,24,-4074
3117756154,12187,7,-5,-7,10,12,-4072
3117757154,12187,5,-2,-4,20,5,-4065
3117758154,12187,2,-15,-9,26,6,-4075
3117759154,12187,3,-11,-9,17,16,-4079
3117760154,12188,2,-7,-3,22,36,-4083
3117761154,12188,3,-7,-6,18,22,-4078
3117762154,12188,-3,1,-5,33,32,-4084
3117763154,12188,7,-7,-7,13,33,-4103
3117764154,12188,11,-7,-11,10,30,-4099
3117765154,12188,1,-7,-10,14,29,-4091
3117766154,12188,7,-6,-9,21,31,-4095
3117767154,12188,2,-4,-6,12,31,-4101
3117768154,12188,2,-5,-12,6,26,-4098
3117769154,12188,7,-9,-10,-2,22,-4095
3117770154,12188,-1,-8,-10,2,29,-4077
3117771154,12188,3,0,-13,10,10,-4084
3117772154,12188,5,-10,-11,8,31,-4106
3117773154,12188,5,-5,-11,8,24,-4096
3117774154,12188,5,-8,-14,11,27,-4117
3117775154,12188,1,-5,-10,16,28,-4104
3117776154,12188,-1,-4,-5,26,33,-4091
3117777154,12188,2,-7,-5,14,33,-4091
3117778154,12188,1,-4,-8,8,14,-4106
3117779154,12188,3,-3,-8,17,29,-4102
3117780154,12188,-1,-2,-7,14,14,-4095
3117781154,12188,2,-5,-10,18,25,-4114
3117782154,12188,0,-6,-14,6,5,-4079
3117783154,12188,3,-12,-12,12,13,-4096
3117784154,12188,1,-3,-6,22,10,-4092
3117785154,12187,1,-6,-10,8,21,-4106
3117786154,12187,5,-4,-11,9,3,-4086
3117787154,12187,4,-4,-13,15,17,-4102
3117788154,12187,1,0,-10,-6,10,-4096
3117789154,12187,4,4,-11,-11,6,-4103
3117790154,12187,4,-6,-11,10,11,-4087
3117791154,12187,0,-1,-8,7,21,-4073
3117792154,12187,5,0,-8,6,17,-4074
3117793154,12187,4,-2,-9,7,32,-4080
3117794154,12188,-2,-1,-8,14,28,-4096
3117795154,12188,0,-11,-11,8,17,-4074
3117796154,12188,0,2,-14,25,11,-4093
3117797154,12188,2,1,-6,31,19,-4086
3117798154,12188,2,-8,-7,19,15,-4093
3117799154,12188,-3,-1,-12,23,10,-4083
3117800154,12188,-2,-3,-11,12,29,-4093
3117801154,12188,5,-9,-10,11,13,-4101
3117802154,12188,5,-7,-12,14,16,-4097
3117803154,12188,3,0,-8,16,23,-4090
3117804154,12188,6,-5,-13,15,11,-4081
3117805154,12188,3,0,-8,18,16,-4091
3117806154,12188,2,-9,-11,10,21,-4075
3117807154,12188,-1,-1,-12,16,18,-4083
3117808154,12188,3,1,-12,18,17,-4078
3117809154,12188,0,-4,-3,18,24,-4076
3117810154,12188,6,-4,-10,16,21,-4082
3117811154,12188,5,-7,-12,2,21,-4071
3117812154,12188,-5,-1,-7,24,18,-4075
3117813154,12188,2,-3,-8,15,32,-4098
3117814154,12188,6,-9,-11,12,30,-4082
3117815154,12188,1,-8,-10,3,12,-4087
3117816154,12188,1,-5,-9,21,17,-4082
3117817154,12188,9,-7,-17,25,12,-4079
3117818154,12188,1,4,-9,1,34,-4092
3117819154,12188,2,-7,-14,23,27,-4087
3117820154,12188,6,-6,-12,15,36,-4079
3117821154,12188,-2,0,-6,9,24,-4098
3117822154,12188,3,-8,-8,14,22,-4094
3117823154,12188,0,-6,-9,11,18,-4114
3117824154,12188,7,-7,-9,-6,11,-4123
3117825154,12188,0,-3,0,-1,37,-4086
3117826154,12188,1,-1,-8,7,42,-4085
3117827154,12188,6,-8,-9,2,26,-4085
3117828154,12188,1,-2,-2,9,33,-4078
3117829154,12188,1,-3,-6,6,33,-4098
3117830154,12188,6,-7,-7,18,33,-4085
3117831154,12188,9,1,-9,6,43,-4096
3117832154,12188,12,-8,-10,7,27,-4098
3117833154,12188,10,-4,-10,12,26,-4100
3117834154,12188,3,2,-6,17,39,-4092
3117835154,12188,2,-9,-9,13,18,-4079
3117836154,12188,4,-11,-11,10,31,-4085
3117837154,12188,4,-5,-7,3,19,-4092
3117838154,12188,1,-5,-8,1,23,-4087
3117839154,12188,11,-7,-8,25,23,-4073
3117840154,12188,-1,-7,-1,21,17,-4074
3117841154,12188,6,-6,-11,25,21,-4092
3117842154,12188,0,-1,-7,17,19,-4096
3117843154,12188,7,-8,-13,10,11,-4078
3117844154,12188,-3,-3,-6,21,9,-4096
3117845154,12188,5,-8,-13,13,25,-4104
3117846154,12188,4,-6,-9,17,31,-4087
3117847154,12188,0,-8,-7,14,18,-4078
3117848154,12188,1,-9,-11,26,31,-4073
3117849154,12188,8,-4,-7,8,26,-4092
3117850154,12188,4,-8,-8,18,5,-4086
3117851154,12188,9,-9,-5,19,31,-4093
3117852154,12188,10,-10,-10,8,25,-4090
3117853154,12188,4,5,-8,31,26,-4088
3117854154,12188,6,-4,-11,23,31,-4100
3117855154,12188,-3,-5,-4,22,34,-4107
3117856154,12188,7,-7,-7,24,34,-4090
3117857154,12188,3,0,-7,16,20,-4100
3117858154,12188,0,-9,-6,7,27,-4081
3117859154,12188,7,-8,-11,7,42,-4087
3117860154,12188,7,0,-6,10,28,-4095
3117861154,12188,2,-3,-2,19,28,-4071
3117862154,12188,10,-5,-7,10,34,-4073
3117863154,12188,5,-2,-5,11,22,-4070
3117864154,12188,4,-6,-2,11,46,-4094
3117865154,12188,5,-6,-9,20,30,-4093
3117866154,12188,4,-6,-8,20,32,-4092
3117867154,12188,6,-6,-10,27,34,-4094
3117868154,12188,3,-3,-10,13,30,-4089
3117869154,12188,3,-1,-6,17,41,-4084
3117870154,12188,12,-4,-7,4,38,-4093
3117871154,12188,6,-6,-7,20,22,-4088
3117872154,12188,4,-2,-7,23,29,-4096
3117873154,12188,3,-4,-7,6,26,-4098
3117874154,12188,1,-4,-8,24,17,-4098
3117875154,12188,8,-11,-13,25,34,-4092
3117876154,12188,-2,0,-3,28,14,-4097
3117877154,12188,3,-5,-7,16,14,-4106
3117878154,12188,6,-10,-7,8,14,-4110
3117879154,12188,2,0,-6,19,19,-4071
3117880154,12188,1,-4,-10,12,7,-4076
3117881154,12188,1,-4,-2,17,9,-4074
3117882154,12188,2,-6,-10,19,12,-4083
3117883154,12188,5,-14,-13,29,10,-4080
3117884154,12188,7,-4,-11,0,4,-4077
3117885154,12188,7,-7,-9,8,26,-4086
3117886154,12188,6,-11,-7,25,23,-4091
3117887154,12188,4,-5,-14,25,23,-4080
3117888154,12188,12,-5,-8,15,32,-4081
3117889154,12188,6,-6,-8,11,20,-4102
3117890154,12188,4,-2,-8,22,27,-4106
3117891154,12188,9,-5,-6,5,17,-4100
3117892154,12188,3,-6,-7,5,19,-4097
3117893154,12188,1,-6,-8,-7,13,-4083
3117894154,12188,4,-2,-8,11,21,-4083
3117895154,12188,2,0,-9,7,18,-4095
3117896154,12188,6,-7,-9,10,25,-4096
3117897154,12188,6,-9,-13,19,26,-4089
3117898154,12188,5,-3,-8,-3,39,-4104
3117899154,12188,1,-6,-5,7,30,-4114
3117900154,12188,2,-1,-10,16,37,-4099
3117901154,12188,-1,-4,-7,16,27,-4090
3117902154,12188,0,-7,-10,7,20,-4081
3117903154,12188,2,-3,-5,14,10,-4086
3117904154,12188,8,-3,-8,1,4,-4070
3117905154,12188,3,-4,-8,11,18,-4064
3117906154,12188,5,-4,-8,15,31,-4086
3117907154,12188,6,-3,-10,12,30,-4080
3117908154,12188,6,-7,-13,18,23,-4081
3117909154,12188,11,-8,-13,22,18,-4086
3117910154,12188,6,-7,-14,7,19,-4098
3117911154,12188,5,2,-10,6,-2,-4090
3117912154,12188,5,-4,-13,18,12,-4088
3117913154,12188,4,-3,-10,24,14,-4086
3117914154,12188,0,0,-10,9,9,-4092
3117915154,12188,4,-5,-9,8,7,-4075
3117916154,12188,6,-1,-7,8,14,-4072
3117917154,12188,0,-2,-8,-3,16,-4076
3117918154,12188,5,-10,-11,5,33,-4077
3117919154,12188,5,1,-8,7,28,-4096
3117920154,12188,-1,-4,-9,10,17,-4096
3117921154,12188,4,-4,-11,13,16,-4100
3117922154,12188,2,-4,-9,12,2,-4089
3117923154,12188,5,-1,-9,28,26,-4091
3117924154,12188,3,-3,-8,11,18,-4087
3117925154,12188,5,-4,-9,17,38,-4085
3117926154,12188,3,-1,-6,24,30,-4090
3117927154,12188,7,3,-7,2,37,-4094
3117928154,12188,6,-8,-15,11,23,-4088
3117929154,12188,6,-6,-11,13,30,-4080
3117930154,12188,5,-9,-10,-3,24,-4093
3117931154,12188,6,-5,-11,-8,22,-4080
3117932154,12188,3,-7,-6,9,42,-4092
3117933154,12188,0,-5,-10,3,12,-4088
3117934154,12188,6,-7,-10,2,23,-4086
3117935154,12188,4,-6,-9,11,20,-4087
3117936154,12188,1,-4,-2,8,30,-4088
3117937154,12188,8,-6,-10,19,20,-4101
3117938154,12188,6,-3,-6,-7,27,-4096
3117939154,12188,3,-10,-9,15,35,-4086
3117940154,12188,4,-1,-9,9,29,-4091
3117941154,12188,0,-6,-9,27,18,-4107
3117942154,12188,10,-9,-9,21,14,-4102
3117943154,12188,-2,-2,-6,13,21,-4100
3117944154,12188,3,-2,-7,8,14,-4098
3117945154,12188,8,-6,-7,3,20,-4087
3117946154,12188,2,-7,-5,4,33,-4098
3117947154,12188,11,-6,-7,3,31,-4086
3117948154,12188,2,-5,-13,19,17,-4083
3117949154,12188,6,-2,-7,10,22,-4079
3117950154,12188,8,-1,-4,15,34,-4087
3117951154,12188,4,0,-3,9,24,-4100
3117952154,12188,5,-6,-5,-10,29,-4096
3117953154,12188,2,-5,-6,13,19,-4085
3117954154,12188,1,-1,-10,28,23,-4085
3117955154,12188,4,-5,-6,6,27,-4089
3117956154,12188,0,-1,-9,18,34,-4080
3117957154,12188,1,1,-6,8,23,-4091
3117958154,12188,7,-7,-8,13,37,-4076
3117959154,12188,0,-3,-2,24,31,-4090
3117960154,12188,3,-6,-7,22,28,-4106
3117961154,12188,5,-7,-7,16,20,-4088
3117962154,12188,6,1,-7,21,33,-4091
3117963154,12188,7,-6,-12,30,21,-4089
3117964154,12188,8,-5,-8,15,25,-4099
3117965154,12188,9,-4,-3,23,26,-4070
3117966154,12188,5,-9,-10,4,6,-4094
3117967154,12188,5,-6,-8,12,27,-4085
3117968154,12188,5,-10,-6,19,37,-4081
3117969154,12188,8,-9,-5,6,29,-4078
3117970154,12188,1,-3,-5,11,28,-4083
3117971154,12188,8,2,-8,19,21,-4084
3117972154,12188,3,-2,-5,30,30,-4075
3117973154,12188,6,-4,-5,12,28,-4091
3117974154,12188,8,-4,-10,11,25,-4085
3117975154,12188,3,-6,-6,6,29,-4092
3117976154,12188,4,-6,-7,21,38,-4094
3117977154,12188,4,-1,-9,20,33,-4099
3117978154,12188,4,1,-11,24,22,-4075
3117979154,12188,10,-5,-6,6,34,-4094
3117980154,12188,5,-5,-11,-5,34,-4108
3117981154,12188,5,-3,-6,17,37,-4098
3117982154,12188,6,-6,-6,1,27,-4100
3117983154,12188,4,-2,-10,27,38,-4096
3117984154,12188,7,-5,-7,6,22,-4086
3117985154,12188,10,-2,-7,7,3,-4072
3117986154,12188,2,1,-6,12,5,-4083
3117987154,12188,7,-2,-8,21,25,-4077
3117988154,12188,3,-2,-7,20,10,-4089
3117989154,12188,-1,-5,-11,19,28,-4092
3117990154,12188,5,-7,-13,16,15,-4100
3117991154,12188,5,-3,-9,24,15,-4106
3117992154,12188,5,-6,-7,24,16,-4098
3117993154,12188,5,-6,-5,21,16,-4097
3117994154,12188,6,-3,-3,3,2,-4103
3117995154,12188,8,-6,-9,12,-1,-4084
3117996154,12188,1,-4,0,14,10,-4097
3117997154,12188,5,-4,-7,23,25,-4084
3117998154,12188,10,-5,-10,0,27,-4101
3117999154,12188,5,-6,-11,16,32,-4088
3118000154,12188,10,-8,-7,18,25,-4094
3118001154,12188,4,-10,-14,17,28,-4090
3118002154,12188,5,-5,-9,17,21,-4100
3118003154,12188,9,-6,-10,29,17,-4090
3118004154,12188,5,-1,-8,10,13,-4086
3118005154,12188,10,-9,-8,11,23,-4098
3118006154,12188,4,-7,-7,8,30,-4075
3118007154,12188,7,-6,-9,14,10,-4088
3118008154,12188,1,-6,-8,10,10,-4087
3118009154,12188,3,-3,-11,20,25,-4095
3118010154,12188,2,0,-6,5,19,-4084
3118011154,12188,6,-1,-7,13,16,-4090
3118012154,12188,4,0,-4,26,22,-4091
3118013154,12188,5,-4,-7,3,19,-4088
3118014154,12188,4,-9,-9,4,20,-4097
3118015154,12188,6,-4,-6,17,19,-4067
3118016154,12188,7,-6,-8,25,19,-4092
3118017154,12188,2,-2,-7,5,17,-4074
3118018154,12188,-2,-3,-7,1,13,-4077
3118019154,12188,5,-8,-6,4,14,-4067
3118020154,12188,3,-7,-6,12,26,-4082
3118021154,12188,3,-5,-6,13,16,-4089
3118022154,12188,1,-7,-4,15,10,-4090
3118023154,12188,-2,1,-1,26,14,-4088
3118024154,12188,7,-3,-4,14,8,-4108
3118025154,12188,5,-2,-10,15,4,-4090
3118026154,12188,2,2,-7,9,-5,-4096
3118027154,12188,6,-3,-6,33,12,-4092
3118028154,12188,4,-2,-12,-1,21,-4101
3118029154,12188,3,-3,-8,17,19,-4096
3118030154,12188,1,-8,-9,14,32,-4090
3118031154,12188,5,-3,-12,16,16,-4093
3118032154,12188,0,-4,-12,6,8,-4092
3118033154,12188,3,-6,-9,16,20,-4088
3118034154,12188,5,-5,-8,14,42,-4102
3118035154,12188,1,0,-13,20,19,-4097
3118036154,12188,7,-2,-8,21,32,-4097
3118037154,12188,6,-5,-7,18,12,-4086
3118038154,12188,12,-6,-7,25,17,-4099
3118039154,12188,-6,-5,-7,15,22,-4082
3118040154,12188,4,-4,-7,13,20,-4092
3118041154,12188,-1,-5,-6,18,19,-4081
3118042154,12188,-1,-8,-9,2,26,-4088
3118043154,12188,5,-6,-8,3,22,-4092
3118044154,12188,3,-1,-10,8,29,-4087
3118045154,12188,1,-2,-11,21,18,-4107
3118046154,12188,7,-10,-15,4,21,-4080
3118047154,12188,1,-2,-18,18,31,-4106
3118048154,12188,5,-1,-10,19,17,-4102
3118049154,12188,-3,-1,-11,11,31,-4098
3118050154,12188,5,0,-8,20,27,-4083
3118051154,12188,10,-9,-9,7,3,-4098
3118052154,12188,3,-5,-8,19,27,-4097
3118053154,12188,7,-6,-8,17,39,-4076
3118054154,12188,8,-3,-6,6,14,-4090
3118055154,12188,1,-5,-4,7,14,-4092
3118056154,12188,5,-6,-5,6,33,-4078
3118057154,12188,2,-6,-4,17,28,-4094
3118058154,12188,1,-4,-3,28,12,-4098
3118059154,12188,2,-6,-7,23,21,-4105
3118060154,12188,0,-9,-8,10,22,-4088
3118061154,12188,3,-7,-8,9,26,-4098
3118062154,12188,7,-6,-6,-6,29,-4084
3118063154,12188,5,-1,-4,17,17,-4089
3118064154,12188,8,-3,-10,10,20,-4082
3118065154,12188,4,-14,-8,0,17,-4060
3118066154,12188,1,-1,-8,-3,40,-4073
3118067154,12188,4,-9,-14,5,42,-4094
3118068154,12188,-2,-9,-6,13,37,-4106
3118069154,12188,-3,-4,-7,17,38,-4082
3118070154,12188,-1,-7,-6,15,30,-4085
3118071154,12188,4,-5,-4,26,30,-4081
3118072154,12188,2,-1,-5,28,38,-4077
3118073154,12188,1,-5,-8,13,24,-4066
3118074154,12188,1,-5,-7,18,22,-4084
3118075154,12188,8,-7,-14,5,13,-4069
3118076154,12188,5,-2,-7,10,14,-4073
3118077154,12188,7,-2,-13,11,29,-4074
3118078154,12189,7,-4,-3,17,15,-4085
3118079154,12189,5,-4,-7,19,36,-4096
3118080154,12189,3,-10,-5,16,34,-4110
3118081154,12189,9,-7,-7,23,22,-4093
3118082154,12189,5,-3,-6,20,25,-4093
3118083154,12189,4,-3,-11,25,19,-4094
3118084154,12189,6,-7,-5,8,21,-4084
3118085154,12189,4,-9,-2,9,20,-4076
3118086154,12189,2,-7,-5,3,12,-4087
3118087154,12189,-3,0,0,9,21,-4077
3118088154,12189,7,-9,-7,7,26,-4069
3118089154,12189,7,-7,-12,12,24,-4089
3118090154,12189,4,-3,-13,29,26,-4078
3118091154,12189,2,-2,-9,13,13,-4093
3118092154,12189,3,-8,-10,17,14,-4103
3118093154,12189,4,-3,-9,27,15,-4109
3118094154,12189,9,-5,-8,18,7,-4112
3118095154,12189,8,-7,-9,16,21,-4078
3118096154,12189,8,-8,-6,3,17,-4103
3118097154,12189,5,-7,-5,10,18,-4092
3118098154,12189,-1,-1,-8,5,16,-4089
3118099154,12189,9,-7,-9,4,27,-4093
3118100154,12189,5,-1,-6,12,26,-4078
3118101154,12189,12,0,-13,10,26,-4096
3118102154,12189,5,-9,-11,0,27,-4095
3118103154,12189,1,-1,-9,-3,14,-4103
3118104154,12189,3,-6,-9,11,20,-4087
3118105154,12189,6,-2,-9,6,40,-4088
3118106154,12189,-1,-2,1,8,32,-4104
3118107154,12189,0,-7,-6,11,23,-4093
3118108154,12189,4,0,-4,19,27,-4062
3118109154,12189,3,0,-4,11,17,-4080
3118110154,12189,5,-11,-11,19,14,-4064
3118111154,12189,6,-4,-6,24,9,-4067
3118112154,12189,5,-4,-5,13,18,-4083
3118113154,12189,1,-4,-9,21,20,-4078
3118114154,12189,4,-2,-9,25,31,-4093
3118115154,12189,7,-7,-8,32,25,-4079
3118116154,12189,2,-2,-7,22,23,-4105
3118117154,12189,6,-2,-10,20,25,-4091
3118118154,12189,1,-7,-10,7,26,-4103
3118119154,12189,2,0,-11,5,28,-4087
3118120154,12189,6,-3,-10,18,16,-4079
3118121154,12189,4,-5,-7,-4,22,-4069
3118122154,12189,4,1,-9,15,15,-4093
3118123154,12189,2,-3,-4,13,24,-4063
3118124154,12189,1,-1,-8,25,19,-4099
3118125154,12189,3,-6,-9,18,18,-4099
3118126154,12189,9,-13,-13,14,29,-4091
3118127154,12189,6,-2,-7,12,19,-4101
3118128154,12189,1,-3,-8,11,20,-4084
3118129154,12189,3,-3,-7,14,20,-4086
3118130154,12189,2,-3,-4,5,15,-4083
3118131154,12189,3,-1,-4,7,17,-4089
3118132154,12189,5,-4,-6,19,19,-4077
3118133154,12189,4,-6,-9,25,30,-4080
3118134154,12189,5,-7,-9,12,30,-4068
3118135154,12189,1,0,-8,21,27,-4082
3118136154,12189,4,-5,-9,12,22,-4083
3118137154,12189,7,1,-6,16,25,-4095
3118138154,12189,6,-1,-11,14,21,-4115
3118139154,12189,4,-4,-8,19,25,-4114
3118140154,12189,6,-6,-7,11,27,-4101
3118141154,12189,-1,-4,-7,23,19,-4100
3118142154,12189,4,-5,-7,21,19,-4088
3118143154,12189,3,-1,-13,7,16,-4084
3118144154,12189,3,-3,-7,-2,4,-4086
3118145154,12189,-1,-5,-7,11,31,-4072
3118146154,12189,10,3,-9,6,25,-4091
3118147154,12189,4,-7,-14,7,32,-4101
3118148154,12189,5,-1,-9,4,34,-4092
3118149154,12189,5,-3,-9,-1,16,-4107
3118150154,12189,5,-3,-11,5,31,-4100
3118151154,12189,-3,0,-5,10,21,-4086
3118152154,12189,0,-4,-2,12,19,-4072
3118153154,12189,6,-6,-8,4,19,-4083
3118154154,12189,2,-5,-8,1,16,-4095
3118155154,12189,0,-7,-8,3,13,-4086
3118156154,12189,6,-4,-9,19,28,-4081
3118157154,12189,7,-6,-8,15,28,-4078
3118158154,12189,3,-4,-13,18,29,-4077
3118159154,12189,3,-4,-5,15,25,-4095
3118160154,12189,5,-2,-8,20,19,-4087
3118161154,12189,3,-4,-7,20,15,-4088
3118162154,12189,8,-8,-9,6,9,-4069
3118163154,12189,3,-3,-11,23,17,-4090
3118164154,12189,8,-4,-11,22,22,-4083
3118165154,12189,1,-7,-13,0,11,-4090
3118166154,12189,4,-10,-13,6,10,-4077
3118167154,12189,7,-1,-9,18,25,-4092
3118168154,12189,3,-3,-10,16,13,-4079
3118169154,12189,0,-1,-5,17,19,-4080
3118170154,12189,5,-5,-9,-5,32,-4067
3118171154,12189,3,-1,-5,24,27,-4083
3118172154,12189,6,-2,-4,16,13,-4080
3118173154,12189,6,-5,-12,22,7,-4087
3118174154,12189,3,-5,-12,15,19,-4098
3118175154,12189,1,2,-8,-5,18,-4107
3118176154,12189,2,-6,-1,19,23,-4096
3118177154,12189,7,-6,-10,15,26,-4096
3118178154,12189,2,-2,-5,10,21,-4080
3118179154,12189,4,-5,-10,24,17,-4089
3118180154,12189,3,-3,-6,18,18,-4091
3118181154,12189,7,-5,-5,13,22,-4095
3118182154,12189,3,0,-7,17,22,-4091
3118183154,12189,9,-3,-8,13,20,-4092
3118184154,12189,9,-3,-7,27,31,-4088
3118185154,12189,4,-8,-11,25,15,-4099
3118186154,12189,7,-4,-9,12,18,-4098
3118187154,12189,3,-4,-8,25,26,-4089
3118188154,12189,7,3,-10,19,19,-4098
3118189154,12189,5,-8,-14,5,5,-4075
3118190154,12189,2,-5,-12,4,17,-4094
3118191154,12189,2,-1,-9,20,18,-4076
3118192154,12189,5,-5,-14,7,6,-4080
3118193154,12189,1,-2,-6,4,6,-4090
3118194154,12189,-2,0,-6,10,10,-4093
3118195154,12189,6,-9,-11,13,37,-4109
3118196154,12189,11,-2,-13,20,28,-4098
3118197154,12189,8,-6,-8,23,12,-4087
3118198154,12189,10,-7,-13,4,20,-4095
3118199154,12189,4,0,-13,24,20,-4116
3118200154,12189,8,-8,-11,17,13,-4081
3118201154,12189,3,1,-6,4,24,-4092
3118202154,12189,4,-2,-12,16,19,-4101
3118203154,12189,7,-7,-9,4,32,-4087
3118204154,12189,4,-7,-10,7,32,-4096
3118205154,12189,4,-3,-9,28,16,-4095
3118206154,12189,4,0,-7,13,11,-4091
3118207154,12189,6,-3,-9,17,15,-4087
3118208154,12189,5,-7,-10,33,32,-4091
3118209154,12189,8,0,-5,11,10,-4105
3118210154,12189,1,0,-12,16,28,-4082
3118211154,12189,14,-12,-14,10,41,-4090
3118212154,12189,7,-7,-11,18,17,-4090
3118213154,12189,4,-3,-11,12,31,-4090
3118214154,12189,5,-1,-13,7,21,-4089
3118215154,12189,0,-7,-12,8,34,-4096
3118216154,12189,10,-1,-8,4,5,-4085
3118217154,12189,4,-3,-14,12,24,-4097
3118218154,12189,3,0,-13,4,32,-4088
3118219154,12189,2,-6,-13,10,20,-4081
3118220154,12189,3,1,-8,3,33,-4081
3118221154,12189,1,-2,-8,19,10,-4084
3118222154,12189,3,-8,-14,12,25,-4084
3118223154,12189,1,-4,-10,12,28,-4070
3118224154,12189,-1,-3,-12,12,28,-4090
3118225154,12189,6,2,-9,9,20,-4078
3118226154,12189,8,-2,-11,10,16,-4099
3118227154,12189,9,-5,-10,5,26,-4094
3118228154,12189,5,-1,-8,11,19,-4085
3118229154,12189,3,-8,-7,20,21,-4080
3118230154,12189,4,-4,-9,27,15,-4091
3118231154,12189,0,-1,-6,7,30,-4095
3118232154,12189,4,0,-5,5,22,-4103
3118233154,12189,1,-1,-7,8,11,-4081
3118234154,12189,3,-7,-10,16,25,-4082
3118235154,12189,1,-6,-8,22,24,-4083
3118236154,12189,5,-5,-9,1,9,-4067
3118237154,12189,6,-3,-6,11,12,-4074
3118238154,12189,6,-3,-11,17,14,-4072
3118239154,12189,0,0,-10,1,25,-4090
3118240154,12189,9,-1,-9,16,23,-4088
3118241154,12189,5,-5,-9,22,36,-4092
3118242154,12189,9,0,-10,15,17,-4110
3118243154,12189,6,-3,-11,20,36,-4092
3118244154,12189,0,-3,-9,-1,7,-4106
3118245154,12189,3,0,-13,4,39,-4087
3118246154,12189,5,-4,-16,14,32,-4094
3118247154,12189,6,-6,-12,27,26,-4083
3118248154,12189,9,-4,-9,14,38,-4077
3118249154,12189,-1,-5,-10,11,34,-4082
3118250154,12189,-4,0,-12,3,29,-4078
3118251154,12189,-2,0,-10,16,36,-4091
3118252154,12189,8,0,-13,11,18,-4091
3118253154,12189,5,-4,-10,8,22,-4078
3118254154,12189,2,-5,-14,17,26,-4082
3118255154,12189,3,-6,-10,3,16,-4097
3118256154,12189,5,-6,-11,20,22,-4081
3118257154,12189,1,0,-6,24,0,-4093
3118258154,12189,8,-5,-13,21,30,-4092
3118259154,12189,6,-4,-11,25,18,-4082
3118260154,12189,2,-3,-12,27,10,-4094
3118261154,12189,4,-5,-8,2,12,-4096
3118262154,12189,0,-7,-10,20,32,-4086
3118263154,12189,2,-3,-6,11,16,-4097
3118264154,12189,1,-3,-10,10,20,-4087
3118265154,12189,0,-4,-5,16,22,-4080
3118266154,12189,4,-2,-9,-7,9,-4083
3118267154,12189,7,-1,-15,-9,20,-4081
3118268154,12189,10,-4,-11,19,29,-4086
3118269154,12189,1,-5,-9,21,42,-4097
3118270154,12189,8,-7,-12,22,23,-4095
3118271154,12189,6,-2,-9,13,25,-4082
3118272154,12189,4,-2,-11,26,38,-4091
3118273154,12189,7,-1,-14,29,27,-4102
3118274154,12189,8,-3,-12,6,30,-4094
3118275154,12189,9,-10,-13,12,35,-4087
3118276154,12189,4,1,-7,10,26,-4085
3118277154,12189,-2,4,-8,20,11,-4085
3118278154,12189,0,-4,-10,39,10,-4091
3118279154,12189,-2,6,-7,33,13,-4063
3118280154,12189,0,-5,-11,37,16,-4073
3118281154,12189,3,-1,-14,33,19,-4078
3118282154,12189,3,-1,-9,15,26,-4091
3118283154,12189,6,-6,-7,31,28,-4087
3118284154,12189,4,-2,-12,17,27,-4085
3118285154,12190,3,-6,-5,19,31,-4088
3118286154,12190,5,-8,-15,21,-2,-4091
3118287154,12190,1,-2,-12,11,16,-4089
3118288154,12190,4,-5,-15,-1,9,-4093
3118289154,12190,2,-4,-9,0,7,-4100
3118290154,12190,3,-2,-11,-3,18,-4081
3118291154,12190,-1,-2,-12,19,20,-4073
3118292154,12190,5,-2,-6,28,15,-4074
3118293154,12190,3,-6,-10,6,14,-4100
3118294154,12190,9,-2,-12,8,36,-4091
3118295154,12190,4,-2,-13,9,28,-4090
3118296154,12190,7,-6,-12,12,20,-4102
3118297154,12190,1,4,-14,5,19,-4112
3118298154,12190,6,0,-16,10,24,-4096
3118299154,12190,8,-7,-13,8,7,-4097
3118300154,12190,3,-1,-14,0,20,-4096
3118301154,12190,1,-6,-15,17,6,-4099
3118302154,12190,5,0,-16,0,15,-4094
3118303154,12190,6,0,-10,1,21,-4088
3118304154,12190,2,-8,-16,8,14,-4094
3118305154,12190,-1,-7,-15,13,32,-4081
3118306154,12190,8,6,-11,25,40,-4096
3118307154,12190,6,-6,-14,24,25,-4102
3118308154,12190,5,3,-14,7,26,-4099
3118309154,12190,4,-6,-11,31,11,-4083
3118310154,12190,-1,-4,-11,16,24,-4103
3118311154,12190,1,-3,-13,4,17,-4089
3118312154,12190,5,-9,-20,7,13,-4088
3118313154,12190,5,-5,-17,10,34,-4083
3118314154,12190,3,-6,-17,-3,25,-4095
3118315154,12190,4,-4,-15,18,24,-4087
3118316154,12190,1,0,-12,0,19,-4092
3118317154,12190,-4,-2,-10,9,23,-4072
3118318154,12190,6,-7,-12,9,13,-4094
3118319154,12190,2,0,-9,10,22,-4089
3118320154,12190,6,-3,-12,2,24,-4085
3118321154,12190,-1,-2,-14,14,29,-4097
3118322154,12190,4,0,-14,1,16,-4091
3118323154,12190,9,-7,-10,12,10,-4085
3118324154,12190,1,0,-11,20,29,-4079
3118325154,12190,4,-7,-13,13,27,-4068
3118326154,12190,5,-8,-17,15,42,-4066
3118327154,12190,3,-1,-14,10,31,-4081
3118328154,12190,9,-2,-12,10,31,-4079
3118329154,12190,2,-6,-13,25,43,-4087
3118330154,12190,10,-1,-9,27,49,-4082
3118331154,12190,9,-11,-6,20,25,-4093
3118332154,12190,-1,-2,-8,5,35,-4103
3118333154,12190,2,-3,-9,9,28,-4098
3118334154,12190,4,-6,-11,11,22,-4104
3118335154,12190,6,-1,-9,-8,28,-4097
3118336154,12190,7,0,-10,7,28,-4070
3118337154,12190,4,-8,-9,10,26,-4083
3118338154,12190,0,-3,-13,8,19,-4080
3118339154,12190,4,-5,-12,8,34,-4073
3118340154,12190,2,-2,-9,28,31,-4097
3118341154,12190,9,-6,-13,24,40,-4084
3118342154,12190,7,-2,-18,26,27,-4102
3118343154,12190,5,-3,-13,33,29,-4090
3118344154,12190,6,-6,-16,24,14,-4096
3118345154,12190,5,-1,-12,20,7,-4090
3118346154,12190,6,0,-11,6,22,-4081
3118347154,12190,6,-8,-14,13,7,-4093
3118348154,12190,1,-4,-9,19,6,-4068
3118349154,12190,4,-3,-6,14,15,-4078
3118350154,12190,9,-9,-12,28,22,-4089
3118351154,12190,6,-5,-9,44,42,-4090
3118352154,12190,1,-4,-16,13,26,-4101
3118353154,12190,6,-2,-5,31,38,-4115
3118354154,12190,4,-5,-7,17,16,-4121
3118355154,12190,5,-5,-14,21,14,-4093
3118356154,12190,6,-3,-16,11,20,-4097
3118357154,12190,5,-4,-15,21,17,-4104
3118358154,12190,8,-11,-14,8,11,-4084
3118359154,12190,4,-6,-13,15,17,-4068
3118360154,12190,4,-8,-10,-8,20,-4071
3118361154,12190,0,-2,-12,12,34,-4074
3118362154,12190,4,-5,-6,28,51,-4093
3118363154,12190,11,-9,-10,15,38,-4092
3118364154,12190,6,-4,-13,23,40,-4085
3118365154,12190,6,-1,-7,17,32,-4104
3118366154,12190,8,-7,-6,30,26,-4102
3118367154,12190,1,0,-8,24,6,-4097
3118368154,12190,4,0,-8,26,-7,-4092
3118369154,12190,3,-3,-11,7,25,-4062
3118370154,12190,0,-2,-15,21,9,-4077
3118371154,12190,5,-1,-11,8,10,-4067
3118372154,12190,7,-2,-12,10,23,-4081
3118373154,12190,7,-5,-14,21,31,-4076
3118374154,12190,4,-2,-15,20,33,-4087
3118375154,12190,1,0,-9,26,33,-4094
3118376154,12190,10,-9,-8,60,32,-4109
3118377154,12190,3,-4,-9,41,38,-4099
3118378154,12190,2,-3,-8,41,15,-4099
3118379154,12190,7,-4,-11,40,6,-4101
3118380154,12190,1,-5,-9,26,9,-4062
3118381154,12190,-2,-5,-12,23,19,-4049
3118382154,12190,3,-3,-5,-2,32,-4053
3118383154,12190,2,-7,-6,18,26,-4062
3118384154,12190,7,-2,-8,35,34,-4083
3118385154,12190,5,-9,-5,24,44,-4082
3118386154,12190,6,-5,-16,11,38,-4086
3118387154,12190,16,-11,-15,1,16,-4100
3118388154,12190,6,-4,-10,-3,-4,-4108
3118389154,12190,6,-8,-13,-1,0,-4088
3118390154,12190,2,-6,-9,-2,5,-4100
3118391154,12190,3,-8,-15,7,11,-4092
3118392154,12190,5,-7,-15,-8,26,-4090
3118393154,12190,2,-3,-12,14,24,-4080
3118394154,12190,9,-7,-13,6,35,-4081
3118395154,12190,6,-12,-11,8,32,-4079
3118396154,12190,2,-1,-7,5,38,-4091
3118397154,12190,3,-5,-7,10,32,-4087
3118398154,12190,13,-8,-8,10,23,-4105
3118399154,12190,11,-4,-11,17,14,-4114
3118400154,12190,7,-8,-11,-5,11,-4096
3118401154,12190,8,-6,-11,-3,14,-4094
3118402154,12190,5,-4,-7,10,14,-4085
3118403154,12190,10,-10,-8,16,24,-4079
3118404154,12190,3,-6,-10,17,39,-4098
3118405154,12190,8,-13,-9,10,22,-4068
3118406154,12190,7,-4,-12,-10,31,-4094
3118407154,12190,3,-1,-15,3,29,-4089
3118408154,12190,7,-8,-9,0,23,-4076
3118409154,12190,7,-7,-6,14,15,-4118
3118410154,12190,6,-6,-14,4,17,-4102
3118411154,12190,5,-2,-14,10,8,-4108
3118412154,12190,4,-5,-11,-3,20,-4106
3118413154,12190,7,-3,-11,-7,3,-4090
3118414154,12190,6,-5,-11,-21,9,-4085
3118415154,12190,7,-1,-10,-14,31,-4077
3118416154,12190,7,-9,-11,1,21,-4074
3118417154,12190,4,-5,-7,-10,21,-4085
3118418154,12190,6,-4,-8,-7,25,-4083
3118419154,12190,9,-4,-13,-3,40,-4088
3118420154,12190,0,-1,-7,-1,23,-4102
3118421154,12190,12,-6,-15,-2,27,-4099
3118422154,12190,8,-4,-4,-20,23,-4104
3118423154,12190,4,0,-6,-1,14,-4084
3118424154,12190,4,-5,-12,-13,13,-4097
3118425154,12190,1,-3,-11,-26,29,-4082
3118426154,12190,0,-7,-14,-5,22,-4087
3118427154,12190,6,-6,-10,-5,26,-4083
3118428154,12190,0,-6,-6,2,34,-4054
3118429154,12190,2,0,-10,21,24,-4089
3118430154,12190,5,-3,-7,24,27,-4080
3118431154,12190,5,-2,-11,15,24,-4111
3118432154,12190,5,-7,-16,17,31,-4092
3118433154,12190,6,-7,-8,7,10,-4093
3118434154,12190,1,-7,-6,-1,9,-4094
3118435154,12190,1,-10,-9,-5,7,-4094
3118436154,12190,3,0,-7,1,27,-4070
3118437154,12190,6,-4,-7,-6,1,-4070
3118438154,12190,3,3,-7,-1,30,-4071
3118439154,12190,0,0,-7,-2,29,-4077
3118440154,12190,5,-10,-11,5,23,-4066
3118441154,12190,5,-3,-9,10,35,-4088
3118442154,12190,0,4,-9,20,36,-4105
3118443154,12190,9,-10,-10,30,25,-4092
3118444154,12190,5,-5,-9,27,13,-4123
3118445154,12190,7,-8,-7,11,18,-4112
3118446154,12190,5,-7,-10,7,19,-4092
3118447154,12190,7,-7,-12,-5,34,-4095
3118448154,12190,9,-8,-8,9,43,-4069
3118449154,12190,8,-6,-8,-9,15,-4074
3118450154,12190,4,1,-7,21,21,-4063
3118451154,12190,8,-5,-10,15,42,-4087
3118452154,12190,4,0,-12,15,27,-4095
3118453154,12190,5,-2,-11,19,22,-4101
3118454154,12190,7,-10,-9,25,12,-4115
3118455154,12190,5,-7,-2,32,22,-4091
3118456154,12190,5,-10,-9,30,18,-4118
3118457154,12190,6,-3,-11,26,24,-4113
3118458154,12190,4,-8,-10,8,2,-4103
3118459154,12190,5,-6,-10,-10,22,-4087
3118460154,12190,0,-9,-10,26,25,-4079
3118461154,12190,4,-1,-8,9,25,-4077
3118462154,12190,7,-7,-9,3,48,-4078
3118463154,12190,-4,-2,-5,16,32,-4091
3118464154,12190,7,-4,-7,23,20,-4095
3118465154,12190,7,-4,-3,20,34,-4098
3118466154,12190,7,-5,-5,22,25,-4108
3118467154,12190,3,-5,-4,38,15,-4099
3118468154,12190,4,1,-5,32,20,-4111
3118469154,12190,6,-1,-7,19,11,-4091
3118470154,12190,3,-5,-8,36,25,-4088
3118471154,12190,7,3,-9,19,20,-4080
3118472154,12190,4,-4,-16,34,39,-4078
3118473154,12190,5,0,-7,68,44,-4080
3118474154,12190,8,0,-7,72,30,-4087
3118475154,12190,3,-2,-11,92,35,-4093
3118476154,12190,11,1,-12,106,34,-4084
3118477154,12190,5,-10,-16,78,21,-4070
3118478154,12190,4,-6,-12,43,8,-4083
3118479154,12190,6,-6,-11,54,30,-4067
3118480154,12190,5,-10,-10,45,22,-4063
3118481154,12190,4,-7,-9,45,32,-4078
3118482154,12190,1,-6,-11,41,23,-4056
3118483154,12190,1,-10,-13,31,36,-4087
3118484154,12190,3,-6,-14,31,24,-4068
3118485154,12190,3,-7,-16,4,37,-4061
3118486154,12190,6,-5,-9,4,9,-4094
3118487154,12190,6,-7,-9,3,17,-4099
3118488154,12190,8,-6,-9,9,13,-4106
3118489154,12190,3,-3,-7,5,24,-4107
3118490154,12190,9,-4,-10,5,12,-4095
3118491154,12190,4,-6,-11,6,17,-4124
3118492154,12190,8,-7,-8,-3,16,-4081
3118493154,12190,1,-2,-7,-6,17,-4093
3118494154,12189,2,-5,-4,-15,33,-4088
3118495154,12189,7,0,-7,-16,12,-4082
3118496154,12189,4,-8,-7,-8,36,-4077
3118497154,12189,3,-7,-14,-4,31,-4080
3118498154,12189,3,1,-7,5,33,-4091
3118499154,12189,4,-7,-9,-7,40,-4087
3118500154,12189,6,-8,-12,-6,38,-4084
3118501154,12189,5,-12,-8,2,22,-4094
3118502154,12189,5,-7,-9,0,17,-4091
3118503154,12189,9,1,-9,-5,-7,-4072
3118504154,12189,9,-9,-7,-10,17,-4088
3118505154,12189,0,-6,-6,7,17,-4075
3118506154,12189,7,-7,-4,-9,25,-4067
3118507154,12189,4,-4,-4,-12,30,-4065
3118508154,12189,0,-1,-2,-7,41,-4087
3118509154,12189,3,-9,-7,-3,45,-4088
3118510154,12189,8,-8,0,6,29,-4081
3118511154,12189,4,-5,-6,-3,9,-4100
3118512154,12189,8,-4,-4,-11,28,-4098
3118513154,12189,7,-9,-6,-19,3,-4094
3118514154,12189,9,-7,0,-27,11,-4098
3118515154,12189,5,-6,-4,-23,18,-4093
3118516154,12189,4,-2,-5,-10,6,-4081
3118517154,12188,2,-6,-9,-19,12,-4090
3118518154,12188,7,-4,-7,-14,8,-4073
3118519154,12188,3,-10,-6,-20,24,-4090
3118520154,12188,6,-10,-8,-13,35,-4077
3118521154,12188,6,0,-10,-25,26,-4078
3118522154,12188,7,-6,-8,-2,28,-4095
3118523154,12188,7,-4,-7,-15,24,-4090
3118524154,12188,3,-7,-5,-2,22,-4090
3118525154,12188,5,-7,-5,-28,19,-4102
3118526154,12188,8,-11,-2,-9,8,-4089
3118527154,12188,6,-4,-2,-2,16,-4072
3118528154,12188,9,-8,-8,4,16,-4074
3118529154,12188,9,-4,0,1,21,-4080
3118530154,12188,2,-2,0,12,25,-4067
3118531154,12189,7,-4,-2,30,29,-4099
3118532154,12189,1,-5,0,16,30,-4093
3118533154,12189,7,-8,-4,44,28,-4081
3118534154,12189,4,-9,-8,17,13,-4090
3118535154,12189,3,0,-8,11,15,-4094
3118536154,12189,5,-10,-10,-1,18,-4087
3118537154,12189,3,-4,-4,2,29,-4079
3118538154,12189,6,-8,-5,-10,28,-4060
3118539154,12189,7,-9,-4,16,19,-4078
3118540154,12189,-3,-3,-1,-4,6,-4074
3118541154,12189,6,-10,-6,7,29,-4070
3118542154,12189,6,0,-3,9,28,-4083
3118543154,12189,2,-5,-4,7,31,-4077
3118544154,12189,5,-9,-2,18,29,-4087
3118545154,12189,1,0,-11,20,34,-4118
3118546154,12189,2,-3,-5,11,43,-4106
3118547154,12189,7,0,-3,28,7,-4102
3118548154,12189,7,-3,-2,19,6,-4111
3118549154,12188,2,-7,-4,2,4,-4117
3118550154,12188,3,-5,-7,-7,23,-4104
3118551154,12188,1,1,-4,-6,14,-4105
3118552154,12188,9,-7,-12,0,9,-4086
3118553154,12188,2,3,-6,10,23,-4093
3118554154,12188,3,-3,-9,21,19,-4082
3118555154,12188,2,-6,-9,16,12,-4082
3118556154,12188,3,-3,-6,15,18,-4106
3118557154,12188,1,-7,-3,25,10,-4113
3118558154,12188,4,-2,3,26,-6,-4083
3118559154,12188,3,1,0,7,5,-4089
3118560154,12188,5,-5,-5,-8,8,-4082
3118561154,12188,0,-5,-4,12,13,-4081
3118562154,12188,-1,-4,-2,20,9,-4075
3118563154,12188,5,-5,-8,15,22,-4066
3118564154,12188,2,2,-7,17,11,-4064
3118565154,12188,7,-3,-9,23,22,-4093
3118566154,12188,2,-3,-6,39,30,-4104
3118567154,12188,5,-2,-11,17,25,-4117
3118568154,12188,5,-7,-11,13,11,-4114
3118569154,12188,5,-10,-8,13,-3,-4105
3118570154,12188,8,-11,-13,-3,-18,-4097
3118571154,12188,1,-2,-10,-3,2,-4107
3118572154,12188,5,-1,-8,-1,21,-4075
3118573154,12188,-1,-2,-12,-4,21,-4079
3118574154,12188,6,2,-7,5,23,-4053
3118575154,12188,1,-1,-11,4,28,-4084
3118576154,12188,5,1,-10,22,17,-4073
3118577154,12188,2,-1,-9,28,8,-4076
3118578154,12188,1,-4,-5,21,5,-4091
3118579154,12188,3,-3,-5,16,6,-4110
3118580154,12188,2,3,-2,28,9,-4092
3118581154,12188,3,-3,-8,17,17,-4099
3118582154,12188,2,-5,-12,4,13,-4098
3118583154,12188,3,0,-10,2,28,-4082
3118584154,12188,9,-3,-8,-4,22,-4087
3118585154,12188,-1,5,-4,19,26,-4081
3118586154,12188,7,-9,-10,10,37,-4059
3118587154,12188,11,-10,-13,13,38,-4087
3118588154,12188,4,-5,-13,18,18,-4087
3118589154,12188,9,-1,-5,9,15,-4071
3118590154,12188,5,-5,-13,9,28,-4097
3118591154,12188,7,-1,-6,21,16,-4104
3118592154,12188,7,-1,-8,9,17,-4090
3118593155,12188,-1,0,-3,8,15,-4085
3118594156,12188,1,-10,-7,7,19,-4085
3118595154,12188,7,-6,-6,-3,21,-4073
3118596154,12188,-2,-4,-4,-2,18,-4083
3118597154,12188,2,-8,-8,12,35,-4071
3118598154,12188,0,-5,-8,5,23,-4084
3118599154,12188,-1,-4,-11,31,18,-4086
3118600154,12188,4,-11,-8,17,29,-4087
3118601154,12188,6,-4,-11,13,26,-4097
3118602154,12188,4,-10,-9,16,20,-4104
3118603154,12188,-2,-1,-10,6,27,-4110
3118604154,12188,4,-8,-6,25,27,-4112
3118605154,12188,11,-4,-6,11,30,-4084
3118606154,12188,5,-1,-6,-3,36,-4075
3118607154,12188,5,-4,-3,-5,36,-4085
3118608154,12188,0,-5,-10,-4,34,-4074
3118609154,12188,1,-6,-5,0,34,-4070
3118610154,12188,8,-5,-9,3,32,-4078
3118611154,12188,5,-3,-8,30,46,-4082
3118612154,12188,2,0,-2,19,33,-4094
3118613154,12188,6,-9,-6,1,38,-4098
3118614154,12188,6,-5,-6,26,27,-4106
3118615154,12188,3,-1,-2,23,14,-4109
3118616154,12188,9,-11,-7,18,18,-4095
3118617154,12188,5,1,-1,14,35,-4092
3118618154,12188,-5,-2,-4,18,15,-4083
3118619154,12188,8,-8,-7,-1,17,-4077
3118620154,12188,7,-6,-9,9,51,-4089
3118621154,12188,-2,-7,-3,13,28,-4083
3118622154,12188,2,-6,-4,16,24,-4080
3118623154,12188,4,-4,-5,4,30,-4076
3118624154,12188,3,-11,-7,12,16,-4093
3118625154,12188,6,-6,-1,6,29,-4093
3118626154,12188,-1,1,-8,29,18,-4094
3118627154,12188,7,-11,-10,18,13,-4104
3118628154,12188,-2,-3,-2,7,12,-4089
3118629154,12188,3,-7,-9,11,15,-4078
3118630154,12188,5,-6,-6,16,11,-4064
3118631154,12188,7,0,-9,6,22,-4072
3118632154,12188,2,-4,-7,6,35,-4081
3118633154,12188,2,-6,-5,29,21,-4091
3118634154,12188,4,-4,-7,9,25,-4078
3118635154,12188,1,-1,-6,27,25,-4092
3118636154,12188,5,0,-8,15,30,-4087
3118637154,12188,8,-4,-6,9,8,-4081
3118638154,12188,5,-3,0,15,18,-4091
3118639154,12188,5,-5,-7,11,12,-4083
3118640154,12188,5,-3,-8,8,12,-4075
3118641154,12188,3,-4,-5,-3,22,-4090
3118642154,12188,7,-5,-6,9,22,-4092
3118643154,12188,4,-6,-5,-4,11,-4076
3118644154,12188,-1,-4,-8,5,14,-4062
3118645154,12188,8,-4,-12,12,30,-4083
3118646154,12188,2,-4,-11,19,12,-4092
3118647154,12188,0,-5,-5,10,26,-4095
3118648154,12188,7,-2,-5,27,33,-4088
3118649154,12188,3,-2,-4,24,14,-4089
3118650154,12188,1,-8,-6,26,31,-4106
3118651154,12188,8,-6,-8,21,9,-4087
3118652154,12188,3,-2,-10,2,12,-4081
3118653154,12188,2,-4,-5,7,26,-4082
3118654154,12188,7,-7,-7,15,19,-4097
3118655154,12188,6,-4,-8,-10,17,-4077
3118656154,12188,8,-8,-5,14,20,-4082
3118657154,12188,5,0,-6,8,25,-4103
3118658154,12188,1,-5,-7,16,39,-4097
3118659154,12188,3,-1,-10,11,15,-4086
3118660154,12188,2,0,-8,11,14,-4107
3118661154,12188,2,-5,-4,6,20,-4089
3118662154,12188,10,-8,-6,8,27,-4104
3118663154,12188,3,0,-6,17,26,-4096
3118664154,12188,0,-5,-7,13,19,-4085
3118665154,12188,0,-2,-4,6,25,-4087
3118666154,12188,4,-4,-3,16,40,-4080
3118667154,12188,4,-5,-5,-7,28,-4092
3118668154,12188,2,-3,-3,10,21,-4079
3118669154,12188,4,-10,-8,18,20,-4090
3118670154,12188,7,-2,-6,26,27,-4092
3118671154,12188,8,-2,-6,5,29,-4120
3118672154,12188,4,-7,-9,7,11,-4113
3118673154,12188,4,-2,-7,11,19,-4095
3118674154,12188,5,-10,-10,13,28,-4099
3118675154,12188,1,-6,-8,11,27,-4080
3118676154,12188,4,-4,-7,10,27,-4077
3118677154,12188,5,-3,-11,8,30,-4084
3118678154,12188,0,-5,-12,-4,31,-4111
3118679154,12188,8,-4,-5,8,4,-4081
3118680154,12188,5,-3,-8,4,19,-4087
3118681154,12188,5,-3,-8,12,25,-4090
3118682154,12188,-4,-3,-6,17,18,-4112
3118683154,12188,4,-1,-5,16,34,-4088
3118684154,12188,2,1,-6,8,17,-4113
3118685154,12188,5,-3,-9,-2,25,-4098
3118686154,12188,6,-3,-5,11,20,-4092
3118687154,12188,7,-4,-10,14,19,-4087
3118688154,12188,2,0,-9,0,10,-4094
3118689154,12188,0,-4,-5,12,15,-4064
3118690154,12188,3,-1,-6,9,22,-4061
3118691154,12188,4,-8,-7,28,23,-4081
3118692154,12188,1,-3,-6,6,25,-4104
3118693154,12188,5,-6,-7,2,27,-4089
3118694154,12188,5,-4,-5,1,27,-4096
3118695154,12188,0,1,-2,12,34,-4086
3118696154,12188,5,-4,-5,19,23,-4079
3118697154,12188,3,-1,-8,14,21,-4081
3118698154,12188,1,-4,-12,-3,28,-4073
3118699154,12188,2,-5,-4,12,19,-4075
3118700154,12188,0,-3,-7,22,28,-4085
3118701154,12188,4,-4,-6,37,29,-4097
3118702154,12188,-1,0,-9,-1,28,-4078
3118703154,12188,1,-1,-11,10,2,-4086
3118704154,12188,3,-3,-5,16,26,-4089
3118705154,12188,6,0,-5,5,29,-4100
3118706154,12188,2,-3,-9,16,19,-4085
3118707154,12188,5,-9,-9,22,15,-4086
3118708154,12188,1,0,-6,21,16,-4090
3118709154,12188,0,-6,-6,21,22,-4097
3118710154,12188,5,0,-5,20,8,-4082
3118711154,12188,0,-3,-2,10,30,-4078
3118712154,12188,8,-8,-4,6,28,-4092
3118713154,12188,1,-4,-9,11,24,-4082
3118714154,12188,5,-5,-8,6,27,-4092
3118715154,12188,1,-1,-7,16,23,-4092
3118716154,12188,9,-1,-7,4,36,-4087
3118717154,12188,7,-4,-7,2,22,-4092
3118718154,12188,10,-5,-10,20,24,-4100
3118719154,12188,4,-6,-6,13,20,-4081
3118720154,12188,1,-7,-7,16,27,-4091
3118721154,12188,2,-1,-10,7,19,-4110
3118722154,12188,2,0,-9,7,17,-4078
3118723154,12188,6,-4,-5,14,7,-4090
3118724154,12188,-3,-3,-6,19,25,-4106
3118725154,12188,3,-3,-3,4,29,-4097
3118726154,12188,3,-4,-5,3,24,-4079
3118727154,12188,7,-5,-5,3,18,-4079
3118728154,12188,9,-6,-10,6,31,-4086
3118729154,12188,-2,-5,-6,18,11,-4076
3118730154,12188,8,-2,-5,4,14,-4092
3118731154,12188,7,-4,-8,12,18,-4086
3118732154,12188,-2,-4,-8,10,14,-4077
3118733154,12188,8,-7,-12,-3,16,-4088
3118734154,12188,5,1,-5,5,25,-4072
3118735154,12188,0,1,-4,23,16,-4090
3118736154,12188,2,-4,-10,5,7,-4087
3118737154,12188,10,1,-10,36,9,-4082
3118738154,12188,5,-2,-6,11,27,-4082
3118739154,12188,6,-5,-5,18,17,-4087
3118740154,12188,-1,2,-3,17,24,-4090
3118741154,12188,4,-6,-10,33,19,-4094
3118742154,12188,7,-9,-5,4,21,-4096
3118743154,12188,2,-5,-8,16,28,-4073
3118744154,12188,5,-8,-6,11,12,-4096
3118745154,12188,2,-1,-9,3,19,-4094
3118746154,12188,4,-1,-8,4,28,-4085
3118747154,12188,7,-5,-7,-2,36,-4078
3118748154,12188,-1,5,-9,16,12,-4099
3118749154,12188,3,-1,-8,1,24,-4102
3118750154,12188,2,1,-7,14,24,-4101
3118751154,12188,3,-2,-8,11,22,-4095
3118752154,12188,8,-6,-4,11,14,-4091
3118753154,12188,0,-2,-3,6,3,-4070
3118754154,12188,9,-6,-6,3,7,-4082
3118755154,12188,4,-2,-1,-5,24,-4074
3118756154,12188,5,-1,-5,3,32,-4067
3118757154,12188,5,-2,-9,17,23,-4088
3118758154,12188,0,-2,-7,25,34,-4086
3118759154,12188,1,1,-9,22,33,-4101
3118760154,12188,5,-8,-11,17,26,-4096
3118761154,12188,9,-8,-7,21,25,-4086
3118762154,12188,7,-5,-10,28,33,-4094
3118763154,12188,3,-8,-9,10,13,-4104
3118764154,12188,3,-4,-11,4,4,-4091
3118765154,12188,8,-7,-3,12,13,-4077
3118766154,12188,9,-3,-6,-4,30,-4092
3118767154,12188,4,-5,-1,10,24,-4074
3118768154,12188,2,1,-5,20,7,-4080
3118769154,12188,4,-3,-8,14,38,-4082
3118770154,12188,6,-1,-7,16,21,-4096
3118771154,12188,6,-5,-4,23,10,-4104
3118772154,12188,6,-1,-6,22,23,-4103
3118773154,12188,9,-6,-12,14,26,-4102
3118774154,12188,3,-5,-9,14,12,-4091
3118775154,12188,2,-2,-4,11,8,-4090
3118776154,12188,8,-3,-8,23,28,-4087
3118777154,12188,-2,2,-7,28,10,-4086
3118778154,12188,10,-3,-14,22,16,-4089
3118779154,12188,2,-1,-10,2,26,-4070
3118780154,12188,7,-7,-9,28,13,-4090
3118781154,12188,10,-5,-11,19,28,-4090
3118782154,12188,6,-5,-11,16,24,-4096
3118783154,12188,3,-4,-6,8,29,-4096
3118784154,12188,7,-2,-8,11,13,-4108
3118785154,12188,0,-2,-8,12,9,-4124
3118786154,12188,4,-3,-9,1,9,-4094
3118787154,12188,9,-12,-6,10,14,-4094
3118788154,12188,2,-6,-8,3,1,-4075
3118789154,12188,5,-9,-6,-2,28,-4083
3118790154,12188,2,-5,-6,7,34,-4090
3118791154,12188,3,0,-11,19,27,-4073
3118792154,12188,-1,-5,-11,25,34,-4075
3118793154,12188,6,-3,-10,16,13,-4094
3118794154,12188,8,-12,-8,18,16,-4100
3118795154,12188,1,-9,-12,22,12,-4087
3118796154,12188,1,2,-7,30,22,-4097
3118797154,12188,8,-7,-12,21,2,-4096
3118798154,12188,6,-6,-8,11,21,-4065
3118799154,12188,3,-5,-5,16,28,-4082
3118800154,12188,4,-6,-12,-14,29,-4087
3118801154,12188,2,-4,-6,8,19,-4078
3118802154,12188,7,-6,-10,16,20,-4068
3118803154,12188,9,-8,-10,12,31,-4093
3118804154,12188,-1,-1,-8,3,22,-4092
3118805154,12188,3,-5,-4,16,23,-4097
3118806154,12188,7,-8,-9,31,40,-4093
3118807154,12188,4,-5,-7,29,16,-4097
3118808154,12188,5,-10,-7,11,25,-4092
3118809154,12188,1,2,-5,14,21,-4087
3118810154,12188,2,-7,-7,18,26,-4083
3118811154,12188,1,-6,-7,17,36,-4072
3118812154,12188,6,-1,-8,16,22,-4073
3118813154,12188,5,-3,-11,9,39,-4072
3118814154,12188,-2,-6,-7,10,27,-4073
3118815154,12188,0,0,-5,2,22,-4083
3118816154,12188,3,-4,-2,3,26,-4093
3118817154,12188,6,-5,-4,18,34,-4098
3118818154,12188,9,-6,-9,15,19,-4106
3118819154,12188,6,-5,-4,6,30,-4094
3118820154,12188,5,-2,-8,13,28,-4105
3118821154,12188,2,-5,-7,11,23,-4114
3118822154,12188,2,-6,-5,10,20,-4094
3118823154,12188,5,-2,-3,14,26,-4079
3118824154,12188,3,-7,-5,2,21,-4098
3118825154,12188,2,-1,-6,6,16,-4076
3118826154,12188,5,-4,-5,4,22,-4085
3118827154,12188,7,-1,-7,14,37,-4102
3118828154,12188,5,-3,-9,27,34,-4075
3118829154,12188,7,-6,-7,16,24,-4099
3118830154,12188,4,-5,-8,19,20,-4100
3118831154,12188,3,-6,-1,0,28,-4102
3118832154,12188,6,-9,-7,3,28,-4096
3118833154,12188,1,-5,-3,15,34,-4088
3118834154,12188,7,-10,-3,12,24,-4090
3118835154,12188,8,-6,4,10,23,-4085
3118836154,12188,0,-1,-2,5,21,-4078
3118837154,12188,7,-6,-7,5,15,-4073
3118838154,12188,6,-3,-6,13,24,-4100
3118839154,12188,-1,-3,-8,31,26,-4096
3118840154,12188,8,-6,-10,20,27,-4096
3118841154,12188,4,-4,-4,17,18,-4108
3118842154,12188,5,-8,-10,7,14,-4108
3118843154,12188,6,-12,-10,5,20,-4088
3118844154,12188,0,-1,-4,15,11,-4085
3118845154,12188,8,0,-10,6,12,-4073
3118846154,12188,4,-3,-5,6,20,-4074
3118847154,12188,8,-11,-10,21,20,-4069
3118848154,12188,4,-7,-6,19,24,-4074
3118849154,12188,4,-4,-6,11,28,-4080
3118850154,12188,6,-6,-3,22,27,-4093
3118851154,12188,10,-4,-3,20,8,-4095
3118852154,12188,5,1,-8,27,19,-4087
3118853154,12188,11,-2,-3,13,39,-4092
3118854154,12188,4,0,-9,2,13,-4089
3118855154,12188,1,-3,-3,10,18,-4096
3118856154,12188,-2,-5,-4,-11,15,-4090
3118857154,12188,-1,-2,-6,-1,22,-4106
3118858154,12188,4,-2,-8,-2,25,-4084
3118859154,12188,3,-4,-10,-5,24,-4072
3118860154,12188,-1,5,-4,12,30,-4090
3118861154,12188,0,-1,-7,18,30,-4085
3118862154,12188,4,-4,-8,24,20,-4082
3118863154,12188,7,-5,-9,26,25,-4092
3118864154,12188,7,-2,-6,25,28,-4092
3118865154,12188,9,-3,-8,20,6,-4088
3118866154,12188,6,-6,-6,8,18,-4107
3118867154,12188,-1,-2,-7,2,10,-4085
3118868154,12188,3,0,-13,10,17,-4085
3118869154,12188,5,-8,-9,11,10,-4083
3118870154,12188,3,1,-7,2,29,-4097
3118871154,12188,5,-2,-11,-2,23,-4088
3118872154,12188,6,-6,-9,14,19,-4100
3118873154,12188,1,-2,-4,14,28,-4103
3118874154,12188,6,-3,-8,4,28,-4111
3118875154,12188,5,-6,-10,13,32,-4093
3118876154,12188,1,-7,-13,16,28,-4098
3118877154,12188,7,-2,-5,10,17,-4090
3118878154,12188,6,-8,-9,23,27,-4111
3118879154,12188,6,-4,-9,6,19,-4095
3118880154,12188,7,-3,-9,7,26,-4079
3118881154,12188,3,0,-5,7,40,-4077
3118882154,12188,-1,-1,-9,5,27,-4078
3118883154,12188,8,-3,-6,14,24,-4092
3118884154,12188,-1,-5,-7,6,33,-4097
3118885154,12188,3,-6,-6,24,35,-4095
3118886154,12188,2,-2,-7,9,23,-4101
3118887154,12188,2,-4,-7,29,35,-4120
3118888154,12188,2,-4,-6,14,14,-4125
3118889154,12188,0,-3,-6,-6,13,-4089
3118890154,12188,2,-5,-6,-1,13,-4073
3118891154,12188,5,-3,-4,5,14,-4095
3118892154,12188,8,-4,-7,-10,28,-4087
3118893154,12188,5,-5,-8,-1,23,-4073
3118894154,12188,1,-4,-11,-10,39,-4086
3118895154,12188,4,-2,-7,-7,25,-4087
3118896154,12188,7,-4,-8,-9,31,-4087
3118897154,12188,6,-2,-5,16,34,-4075
3118898154,12188,4,-4,-7,22,36,-4104
3118899154,12188,6,-7,-5,33,7,-4110
3118900154,12188,1,0,-5,29,13,-4104
3118901154,12188,7,-6,-4,21,8,-4098
3118902154,12188,8,0,-9,3,12,-4088
3118903154,12188,1,-9,-4,3,1,-4061
3118904154,12188,1,-6,-7,1,26,-4075
3118905154,12188,2,5,-3,-3,35,-4081
3118906154,12188,2,-2,0,-10,58,-4085
3118907154,12188,9,-3,-7,-20,55,-4071
3118908154,12188,4,-3,-3,7,32,-4113
3118909154,12188,4,-3,-7,18,62,-4107
3118910154,12188,7,-7,-5,-36,52,-4107
3118911154,12188,2,-12,4,-336,220,-4126
3118912154,12188,14,1,1,-221,319,-3918
3118913154,12188,5,12,1,36,66,-4122
3118914154,12188,-1,6,4,111,-52,-4278
3118915154,12188,16,-3,2,216,-16,-4157
3118916154,12188,6,-11,-6,84,-104,-4137
3118917154,12188,-4,-2,-4,53,-148,-4098
3118918154,12188,-5,6,-9,122,-65,-4067
3118919154,12188,2,3,-4,163,-31,-4099
3118920154,12188,3,-7,-7,197,-11,-4072
3118921154,12188,1,-12,-13,66,-17,-4107
3118922154,12188,9,-11,-13,-37,-51,-4072
3118923154,12188,8,-9,-6,-140,-33,-4025
3118924154,12188,10,-7,-9,-97,95,-4002
3118925154,12188,3,-2,-4,-58,88,-3971
3118926154,12188,0,2,-7,75,-67,-4180
3118927154,12188,4,-5,-7,54,-8,-4098
3118928154,12188,0,-7,-5,8,12,-4114
3118929154,12188,-3,-1,-7,-36,-44,-4110
3118930154,12188,-2,4,-5,53,-20,-4080
3118931154,12188,2,1,-5,145,40,-4118
3118932154,12188,3,-1,-6,159,49,-4153
3118933154,12188,9,-6,-10,64,82,-4130
3118934154,12188,12,-5,-7,-27,26,-4098
3118935154,12188,4,-5,-7,-20,-16,-4074
3118936154,12188,6,-9,-8,-24,2,-4048
3118937154,12188,3,3,-6,-36,7,-4051
3118938154,12188,8,-7,-4,-32,42,-4051
3118939154,12188,9,-11,-5,-90,106,-4066
3118940154,12188,4,4,-5,-110,136,-3967
3118941154,12188,2,4,-7,24,10,-4165
3118942154,12188,5,7,-3,110,15,-4129
3118943154,12188,7,-3,-5,118,32,-4113
3118944154,12188,9,1,-3,24,-18,-4157
3118945154,12188,5,-3,-2,53,-19,-4127
3118946154,12188,3,2,-5,82,-16,-4114
3118947154,12188,8,-7,-7,97,0,-4114
3118948154,12188,4,-9,-4,52,-8,-4069
3118949154,12188,7,-8,-15,-20,1,-4084
3118950154,12188,4,-7,-9,-36,-21,-4028
3118951154,12188,3,-6,-13,-20,-8,-4032
3118952154,12188,4,-10,-7,-119,64,-4045
3118953154,12188,4,0,-7,-70,150,-4006
3118954154,12188,3,-1,-5,-5,62,-4065
3118955154,12188,4,1,-5,8,1,-4134
3118956154,12188,4,2,-5,64,37,-4147
3118957154,12188,1,-1,-7,47,-11,-4142
3118958154,12188,2,1,2,35,-39,-4129
3118959154,12188,0,0,-4,54,2,-4085
3118960154,12188,1,1,-3,56,25,-4093
3118961154,12188,6,-6,-6,57,14,-4093
3118962154,12188,4,-13,-9,8,7,-4078
3118963154,12188,8,-11,-8,-27,7,-4065
3118964154,12188,4,-1,-12,-10,-4,-4054
3118965154,12188,6,-5,-6,-9,16,-4067
3118966154,12188,5,-6,-9,19,30,-4080
3118967154,12188,2,-6,-8,12,21,-4094
3118968154,12188,-2,-4,-8,-100,68,-4112
3118969154,12188,2,-2,-3,-89,89,-4107
3118970154,12188,1,7,-2,-72,108,-4022
3118971154,12188,3,0,-4,28,0,-4149
3118972154,12188,6,-1,-5,94,12,-4113
3118973154,12188,6,-3,-2,71,7,-4099
3118974154,12188,3,-4,-3,27,-4,-4099
3118975154,12188,3,-6,-13,27,3,-4090
3118976154,12188,4,-6,-11,45,13,-4078
3118977154,12188,1,-3,-9,70,20,-4099
3118978154,12188,2,-1,-9,49,35,-4101
3118979154,12188,4,-7,-8,27,24,-4095
3118980154,12188,8,-10,-11,8,-10,-4080
3118981154,12188,7,-6,-14,2,-1,-4083
3118982154,12188,6,-2,-4,-17,29,-4098
3118983154,12188,2,-4,-3,-44,41,-4071
3118984154,12188,9,-10,-1,-76,99,-4062
3118985154,12188,1,4,-1,-48,66,-4030
3118986154,12188,4,1,-3,24,16,-4127
3118987154,12188,6,4,-3,74,14,-4113
3118988154,12188,6,-3,-9,90,27,-4102
3118989154,12188,-1,-11,-9,38,9,-4119
3118990154,12188,0,-7,-9,33,17,-4134
3118991154,12188,4,-5,-5,63,28,-4118
3118992154,12188,0,-5,-10,58,16,-4114
3118993154,12188,7,-11,-9,34,8,-4096
3118994154,12188,6,-14,-13,-8,7,-4085
3118995154,12188,-1,-11,0,-84,21,-4066
3118996154,12188,4,-4,-6,-56,67,-4029
3118997154,12188,3,-2,-2,-13,68,-4035
3118998154,12188,-3,0,-3,50,10,-4100
3118999154,12188,2,-6,-6,46,14,-4104
3119000154,12188,3,-7,-7,3,16,-4124
3119001154,12188,0,-2,-5,17,6,-4121
3119002154,12188,5,-4,-9,38,-2,-4097
3119003154,12188,0,-3,-4,53,10,-4097
3119004154,12188,2,-3,-5,52,23,-4093
3119005154,12188,4,-8,-7,-58,52,-4111
3119006154,12188,5,-2,-10,-31,58,-4098
3119007154,12188,4,1,-6,-25,49,-4027
3119008154,12188,4,-2,-9,23,13,-4106
3119009154,12188,3,-1,-7,69,14,-4097
3119010154,12188,3,-10,-6,37,-6,-4083
3119011154,12188,-4,-7,-7,9,-8,-4088
3119012154,12188,3,-2,-8,14,14,-4091
3119013154,12188,4,-2,-5,33,11,-4113
3119014154,12188,2,-10,-9,38,16,-4091
3119015154,12188,-4,-2,-8,13,30,-4090
3119016154,12188,7,-6,-6,-29,60,-4085
3119017154,12188,1,-2,-8,-12,31,-4058
3119018154,12188,2,-4,-5,28,-9,-4094
3119019154,12188,4,-3,-6,36,-1,-4098
3119020154,12188,8,-3,-5,37,10,-4077
3119021154,12188,3,-8,-11,18,7,-4087
3119022154,12188,0,-4,-9,2,26,-4077
3119023154,12188,3,-3,-7,26,16,-4111
3119024154,12188,-3,0,-6,32,19,-4102
3119025154,12188,2,0,-9,37,24,-4099
3119026154,12188,6,-6,-12,-23,45,-4114
3119027154,12188,3,-2,-5,-38,57,-4086
3119028154,12188,3,-5,-10,-41,61,-4077
3119029154,12188,7,-3,-5,-11,22,-4092
3119030154,12188,1,-8,-5,35,23,-4098
3119031154,12188,4,-8,-10,22,13,-4096
3119032154,12188,1,-3,-1,6,14,-4088
3119033154,12188,-2,2,-13,10,18,-4079
3119034154,12188,3,-4,-10,20,8,-4085
3119035154,12188,5,1,-9,60,30,-4099
3119036154,12188,-1,-4,-13,27,23,-4115
3119037154,12188,12,-6,-8,9,18,-4108
3119038154,12188,3,2,-5,1,12,-4094
3119039154,12188,2,-3,-7,-7,2,-4075
3119040154,12188,0,-5,-4,-22,34,-4078
3119041154,12188,-2,-2,-7,-31,68,-4064
3119042154,12188,8,-6,-8,-14,49,-4053
3119043154,12188,7,-2,-9,21,19,-4089
3119044154,12188,7,-2,-8,31,10,-4095
3119045154,12188,6,-5,-6,37,7,-4092
3119046154,12188,0,0,-8,41,15,-4105
3119047154,12188,4,0,-7,40,16,-4110
3119048154,12188,-1,-6,-8,36,19,-4110
3119049154,12188,0,-1,-5,40,21,-4104
3119050154,12188,6,-4,-6,20,8,-4095
3119051154,12188,4,-2,-7,0,9,-4079
3119052154,12188,9,-6,-6,-1,7,-4066
3119053154,12188,5,-7,-8,-20,18,-4077
3119054154,12188,-3,-2,-8,-22,49,-4066
3119055154,12188,0,-3,-6,-3,51,-4040
3119056154,12188,2,-1,-6,20,49,-4066
3119057154,12188,-1,0,-7,33,29,-4110
3119058154,12188,-2,-4,-8,26,34,-4099
3119059154,12188,6,-4,-8,22,14,-4123
3119060154,12188,3,-2,-9,23,8,-4135
3119061154,12188,6,-6,-6,48,0,-4096
3119062154,12188,0,-6,-10,39,27,-4104
3119063154,12188,2,-3,-10,29,26,-4082
3119064154,12188,4,-5,-9,-15,26,-4066
3119065154,12188,2,-3,-7,-24,39,-4072
3119066154,12188,2,-4,-9,-27,47,-4054
3119067154,12188,5,5,-4,22,29,-4063
3119068154,12188,4,-7,-6,34,28,-4089
3119069154,12188,1,-4,-12,44,11,-4114
3119070154,12188,0,0,-3,5,15,-4105
3119071154,12188,2,-2,0,28,1,-4115
3119072154,12188,5,-3,-8,7,18,-4111
3119073154,12188,0,5,0,38,17,-4101
3119074154,12188,1,-2,-5,18,25,-4102
3119075154,12188,0,-5,-5,-9,46,-4079
3119076154,12188,4,-8,-9,-17,47,-4068
3119077154,12188,-1,-1,-7,-24,46,-4058
3119078154,12188,3,0,-7,21,26,-4072
3119079154,12188,4,1,-6,34,30,-4084
3119080154,12188,-1,-6,-10,18,18,-4111
3119081154,12188,0,-1,-8,8,13,-4102
3119082154,12188,5,-2,-11,10,13,-4098
3119083154,12188,6,0,-9,16,20,-4105
3119084154,12188,4,2,-7,18,28,-4110
3119085154,12188,9,-3,-9,-3,48,-4083
3119086154,12188,2,2,-10,-12,36,-4077
3119087154,12188,6,-8,-9,5,16,-4080
3119088154,12188,5,1,-5,-4,29,-4077
3119089154,12188,2,0,-9,22,25,-4066
3119090154,12188,5,-5,-11,35,27,-4088
3119091154,12188,4,-4,-4,11,38,-4081
3119092154,12188,1,0,-7,2,45,-4095
3119093154,12188,9,-5,-5,10,31,-4090
3119094154,12188,0,-2,-6,24,27,-4108
3119095154,12188,2,-3,-5,32,12,-4123
3119096154,12188,0,-4,-4,27,16,-4102
3119097154,12188,3,-2,-8,4,15,-4105
3119098154,12188,4,-4,-5,-7,12,-4090
3119099154,12188,3,2,-4,-1,13,-4063
3119100154,12188,1,-2,-7,3,14,-4070
3119101154,12188,7,-4,-10,16,19,-4079
3119102154,12188,4,-1,-13,4,9,-4076
3119103154,12188,3,-3,-7,9,18,-4083
3119104154,12188,2,-4,-12,13,3,-4102
3119105154,12188,2,0,-4,30,13,-4110
3119106154,12188,5,0,-7,28,29,-4109
3119107154,12188,0,-4,-4,28,7,-4110
3119108154,12188,4,-1,-3,7,17,-4093
3119109154,12188,3,-4,-7,1,0,-4073
3119110154,12188,5,-4,-4,4,4,-4078
3119111154,12188,0,-5,-6,3,12,-4062
3119112154,12188,5,-5,-8,13,29,-4067
3119113154,12188,9,-2,0,8,23,-4070
3119114154,12188,3,-8,-2,11,31,-4094
3119115154,12188,4,-1,-7,21,26,-4081
3119116154,12188,1,-2,-8,15,12,-4092
3119117154,12188,1,-5,-9,10,20,-4096
3119118154,12188,0,-4,-9,26,18,-4098
3119119154,12188,2,-3,-5,29,4,-4091
3119120154,12188,0,-4,-8,21,21,-4096
3119121154,12188,8,-4,-9,14,26,-4076
3119122154,12188,6,-3,-4,13,24,-4070
3119123154,12188,5,-4,-6,13,35,-4085
3119124154,12188,5,4,-3,17,24,-4087
3119125154,12188,5,-1,-7,6,37,-4096
3119126154,12188,8,1,-4,6,25,-4095
3119127154,12188,2,-1,-3,0,28,-4097
3119128154,12188,-1,-4,-6,7,20,-4097
3119129154,12188,2,1,-4,18,31,-4090
3119130154,12188,4,-12,-12,17,29,-4096
3119131154,12188,4,3,-11,17,33,-4094
3119132154,12188,3,-1,-9,8,16,-4091
3119133154,12188,-4,-2,-5,14,15,-4089
3119134154,12188,4,0,-7,12,27,-4084
3119135154,12188,9,-3,-8,14,29,-4076
3119136154,12188,3,-7,-10,23,22,-4089
3119137154,12188,4,-5,-10,20,17,-4103
3119138154,12188,0,4,-6,19,23,-4095
3119139154,12188,4,-3,-5,22,35,-4103
3119140154,12188,7,-10,-7,12,7,-4108
3119141154,12188,7,-6,-6,8,19,-4103
3119142154,12188,6,-2,-8,7,30,-4094
3119143154,12188,4,-2,0,17,25,-4091
3119144154,12188,5,-8,-6,15,11,-4072
3119145154,12188,4,-1,-7,22,25,-4082
3119146154,12188,6,-2,-4,16,24,-4078
3119147154,12188,1,-6,-7,-2,21,-4067
3119148154,12188,6,-5,-2,16,37,-4068
3119149154,12188,5,-4,-7,7,23,-4090
3119150154,12188,5,2,-12,25,28,-4094
3119151154,12188,2,-4,-9,-1,23,-4108
3119152154,12188,6,-1,-9,12,25,-4094
3119153154,12188,7,-5,-11,10,26,-4091
3119154154,12188,9,-6,-11,-7,29,-4078
3119155154,12188,9,-2,-8,14,24,-4081
3119156154,12188,5,-3,-10,15,12,-4079
3119157154,12188,10,-4,-8,11,20,-4090
3119158154,12188,7,-1,-5,14,23,-4071
3119159154,12188,5,-4,-6,20,36,-4079
3119160154,12188,5,1,-5,29,26,-4090
3119161154,12188,4,-5,-7,14,16,-4086
3119162154,12188,11,-7,-10,19,21,-4109
3119163154,12188,6,-5,-15,22,22,-4100
3119164154,12188,4,-4,-14,3,10,-4092
3119165154,12188,7,-5,-13,17,34,-4088
3119166154,12188,6,-1,-8,9,21,-4082
3119167154,12188,6,-8,-8,11,22,-4073
3119168154,12188,7,-3,-7,0,7,-4071
3119169154,12188,4,-5,-8,12,14,-4079
3119170154,12188,2,0,-5,26,25,-4100
3119171154,12188,7,-3,-10,21,27,-4090
3119172154,12188,6,-6,-8,19,8,-4087
3119173154,12188,5,-4,-8,24,24,-4092
3119174154,12188,5,-2,-5,25,21,-4116
3119175154,12188,6,1,-5,18,26,-4104
3119176154,12188,4,-4,-9,24,3,-4095
3119177154,12188,3,-1,-11,8,9,-4077
3119178154,12188,9,-4,-12,-9,16,-4071
3119179154,12188,5,-1,-10,-10,19,-4066
3119180154,12188,2,-3,-13,15,25,-4087
3119181154,12188,7,-8,-7,12,37,-4084
3119182154,12188,4,3,-9,12,23,-4102
3119183154,12188,7,-5,-7,26,32,-4096
3119184154,12188,9,-2,-5,30,29,-4098
3119185154,12188,3,-2,-6,9,19,-4106
3119186154,12188,6,-8,-6,15,17,-4104
3119187154,12188,9,-1,-12,26,17,-4084
3119188154,12188,11,-2,-3,20,4,-4082
3119189154,12188,1,-4,-4,13,23,-4080
3119190154,12188,0,-1,-8,14,26,-4086
3119191154,12188,11,-7,-12,27,43,-4095
3119192154,12188,4,-13,-11,21,43,-4086
3119193154,12188,6,2,-13,11,37,-4086
3119194154,12188,6,-7,-11,19,24,-4105
3119195154,12188,2,-2,-11,12,38,-4112
3119196154,12188,4,0,-14,12,8,-4103
3119197154,12188,2,-4,-8,0,27,-4097
3119198154,12188,4,0,-8,-3,-11,-4104
3119199154,12188,7,-7,-9,11,20,-4095
3119200154,12188,8,-4,-10,5,12,-4092
3119201154,12188,7,-5,-7,5,19,-4086
3119202154,12188,6,-3,-6,9,41,-4081
3119203154,12188,7,-3,-6,8,29,-4080
3119204154,12188,3,-6,-8,19,24,-4078
3119205154,12188,5,2,-9,24,30,-4086
3119206154,12188,9,1,-8,23,16,-4090
3119207154,12188,-1,-3,-11,19,25,-4106
3119208154,12188,6,-5,-11,38,13,-4108
3119209154,12188,2,-2,-10,13,15,-4091
3119210154,12188,9,-8,-6,11,28,-4090
3119211154,12188,0,2,-6,11,13,-4078
3119212154,12188,7,-4,-3,-3,20,-4078
3119213154,12188,4,-8,-6,1,28,-4071
3119214154,12188,1,-2,-9,2,20,-4082
3119215154,12188,7,-2,-5,-7,25,-4100
3119216154,12188,3,-2,-8,3,22,-4085
3119217154,12188,6,-1,-8,10,13,-4091
3119218154,12188,0,-5,-9,14,27,-4108
3119219154,12188,3,-4,-10,1,29,-4102
3119220154,12188,2,0,-4,11,15,-4081
3119221154,12188,7,-5,-8,11,19,-4095
3119222154,12188,3,-3,-4,2,25,-4088
3119223154,12188,0,-3,-6,8,17,-4079
3119224154,12188,6,-6,-12,14,11,-4083
3119225154,12188,-2,1,-3,13,16,-4064
3119226154,12188,1,-5,-4,3,21,-4077
3119227154,12188,6,-3,-3,21,31,-4089
3119228154,12188,6,-2,-5,25,47,-4089
3119229154,12188,4,-6,-11,35,29,-4104
3119230154,12188,0,2,-4,29,30,-4101
3119231154,12188,4,-4,-9,17,29,-4101
3119232154,12188,8,-11,-10,4,8,-4097
3119233154,12188,8,-7,-11,-7,9,-4089
3119234154,12188,2,-6,-4,6,20,-4085
3119235154,12188,5,0,-4,1,18,-4074
3119236154,12188,5,0,-2,-8,31,-4068
3119237154,12188,7,-3,-6,10,46,-4079
3119238154,12188,6,4,-7,30,36,-4092
3119239154,12188,5,0,-4,23,37,-4083
3119240154,12188,6,-3,-7,14,25,-4089
3119241154,12188,3,-1,-5,14,22,-4096
3119242154,12188,7,-4,-5,18,24,-4097
3119243154,12188,6,0,-11,10,23,-4102
3119244154,12188,8,-4,-5,23,28,-4085
3119245154,12188,4,-11,-9,21,26,-4084
3119246154,12188,5,-4,-9,0,29,-4072
3119247154,12188,15,-7,-8,5,20,-4090
3119248154,12188,-1,-2,-7,8,35,-4079
3119249154,12188,3,-4,-8,14,27,-4087
3119250154,12188,9,-6,-8,12,26,-4070
3119251154,12188,9,-6,-8,16,27,-4090
3119252154,12188,10,5,0,14,42,-4091
3119253154,12188,4,-3,-6,24,14,-4093
3119254154,12188,7,-3,-6,21,25,-4087
3119255154,12188,7,-4,-14,8,30,-4087
3119256154,12188,13,-7,-12,2,16,-4064
3119257154,12188,1,0,-6,12,21,-4077
3119258154,12188,4,-4,-9,14,22,-4078
3119259154,12188,5,-4,-13,14,37,-4094
3119260154,12188,4,-7,-9,18,33,-4083
3119261154,12188,3,1,-8,21,8,-4106
3119262154,12188,5,1,-12,28,19,-4098
3119263154,12188,3,-4,-12,30,24,-4089
3119264154,12188,8,-11,-9,9,10,-4105
3119265154,12188,10,0,-8,17,20,-4096
3119266154,12188,3,-4,-2,21,19,-4066
3119267154,12188,8,-8,-7,12,10,-4083
3119268154,12188,5,3,-7,21,8,-4071
3119269154,12188,6,-4,-11,6,20,-4062
3119270154,12188,4,-4,-9,17,23,-4077
3119271154,12188,0,2,-4,8,31,-4051
3119272154,12188,9,-6,-7,7,18,-4082
3119273154,12188,4,3,-3,31,35,-4095
3119274154,12188,2,-7,-11,11,14,-4102
3119275154,12188,7,-2,-7,20,15,-4089
3119276154,12188,3,-2,-7,15,7,-4098
3119277154,12188,5,-9,-6,22,0,-4104
3119278154,12188,5,-4,-5,10,27,-4093
3119279154,12188,-6,2,-8,15,30,-4075
3119280154,12188,9,-6,-12,9,23,-4078
3119281154,12188,3,-1,-7,13,21,-4078
3119282154,12188,8,-2,-6,15,41,-4073
3119283154,12188,1,-1,-7,10,31,-4092
3119284154,12188,5,-1,-8,2,29,-4081
3119285154,12188,4,-6,-9,1,31,-4103
3119286154,12188,4,1,-10,2,39,-4104
3119287154,12188,12,-9,-11,17,12,-4096
3119288154,12188,2,1,-11,1,23,-4088
3119289154,12188,4,4,-5,6,8,-4088
3119290154,12188,5,-8,-7,13,11,-4089
3119291154,12188,3,0,-7,3,27,-4077
3119292154,12188,-1,-1,-9,26,39,-4082
3119293154,12188,2,-6,-9,24,24,-4076
3119294154,12188,3,0,-7,20,32,-4075
3119295154,12188,10,-5,-13,27,31,-4090
3119296154,12188,9,-5,-11,27,32,-4091
3119297154,12188,7,0,-9,14,26,-4108
3119298154,12188,5,-9,-12,2,30,-4111
3119299154,12188,8,-4,-15,8,20,-4100
3119300154,12188,5,-3,-13,11,28,-4091
3119301154,12188,3,-7,-10,3,23,-4078
3119302154,12188,5,-7,-10,2,23,-4066
3119303154,12188,5,-2,-6,-3,27,-4091
3119304154,12188,9,-4,-11,-17,24,-4072
3119305154,12188,5,1,-9,30,37,-4083
3119306154,12188,6,-6,-6,6,10,-4087
3119307154,12188,6,-1,-3,6,20,-4090
3119308154,12188,3,-6,-5,32,17,-4093
3119309154,12188,5,-6,-7,32,27,-4108
3119310154,12188,2,1,-5,16,21,-4100
3119311154,12188,5,-5,-7,15,12,-4063
3119312154,12188,-1,0,-4,19,4,-4081
3119313154,12188,-2,1,-3,4,12,-4068
3119314154,12188,8,-4,-8,21,13,-4073
3119315154,12188,5,-4,-7,-6,26,-4092
3119316154,12188,5,-4,-8,2,21,-4089
3119317154,12188,7,-3,-9,8,26,-4076
3119318154,12188,1,0,-9,23,29,-4110
3119319154,12188,7,-4,-4,20,26,-4103
3119320154,12188,8,0,-7,11,23,-4094
3119321154,12188,6,-3,-8,15,37,-4088
3119322154,12188,5,-9,-6,16,16,-4108
3119323154,12188,5,-2,-7,13,13,-4090
3119324154,12188,2,-4,-8,7,24,-4076
3119325154,12188,10,-4,-6,6,31,-4073
3119326154,12188,2,-3,-5,-7,34,-4077
3119327154,12188,6,-2,-5,1,20,-4069
3119328154,12188,4,-6,-12,24,36,-4082
3119329154,12188,8,-3,-10,10,20,-4108
3119330154,12188,6,1,-7,33,28,-4093
3119331154,12188,4,-5,-8,22,22,-4106
3119332154,12188,6,-3,-6,26,38,-4109
3119333154,12188,7,-6,-8,6,14,-4089
3119334154,12188,5,-6,-8,21,28,-4068
3119335154,12188,8,-4,-10,9,10,-4092
3119336154,12188,3,-8,-11,-11,23,-4078
3119337154,12188,4,-5,-9,0,10,-4093
3119338154,12188,5,-1,-5,8,34,-4086
3119339154,12188,9,-1,-5,8,22,-4079
3119340154,12188,4,-2,-5,18,23,-4093
3119341154,12188,9,-2,-3,16,30,-4090
3119342154,12188,6,-4,-8,8,10,-4104
3119343154,12188,6,-8,-6,21,8,-4092
3119344154,12188,3,-2,-6,12,16,-4090
3119345154,12188,6,-2,-2,16,12,-4100
3119346154,12188,11,-5,-9,7,19,-4089
3119347154,12188,10,-7,-8,3,18,-4083
3119348154,12188,1,-1,-7,5,17,-4092
3119349154,12188,3,-4,-10,23,42,-4085
3119350154,12188,3,-5,-12,13,25,-4100
3119351154,12188,6,-9,-8,9,30,-4085
3119352154,12188,6,-10,-9,34,39,-4096
3119353154,12188,0,-2,-4,30,17,-4102
3119354154,12188,8,-8,-6,12,14,-4102
3119355154,12188,10,-4,-2,6,12,-4097
3119356154,12188,2,-5,-7,7,10,-4093
3119357154,12188,4,-7,-3,1,11,-4092
3119358154,12188,9,-4,-4,7,16,-4091
3119359154,12188,6,-7,-5,33,20,-4080
3119360154,12188,7,-1,-5,23,30,-4080
3119361154,12188,8,-4,-9,11,22,-4092
3119362154,12188,7,-2,-4,19,21,-4089
3119363154,12188,7,-3,-4,12,21,-4095
3119364154,12188,2,-2,-4,21,21,-4097
3119365154,12188,4,-8,-8,30,20,-4087
3119366154,12188,4,-1,-7,8,16,-4102
3119367154,12188,4,-5,-8,24,13,-4081
3119368154,12188,4,-2,-9,16,21,-4080
3119369154,12188,8,-4,-13,21,11,-4087
3119370154,12188,5,-8,-14,10,25,-4076
3119371154,12188,2,-2,-10,4,21,-4092
3119372154,12188,3,-3,-10,12,28,-4080
3119373154,12188,10,-8,-12,5,32,-4075
3119374154,12188,5,-7,-8,18,12,-4078
3119375154,12188,4,0,-9,26,14,-4097
3119376154,12188,0,-6,-13,33,22,-4099
3119377154,12188,9,-1,-8,20,7,-4089
3119378154,12188,5,-1,-5,3,17,-4095
3119379154,12188,10,-4,-4,12,3,-4075
3119380154,12188,1,-5,-4,9,14,-4084
3119381154,12188,7,-8,-2,17,24,-4092
3119382154,12188,5,0,-7,8,17,-4064
3119383154,12188,7,-7,-7,15,27,-4075
3119384154,12188,7,-12,-5,17,30,-4075
3119385154,12188,5,-2,-8,25,46,-4089
3119386154,12188,4,-7,-5,22,46,-4101
3119387154,12188,3,-2,-7,14,41,-4101
3119388154,12188,2,-9,-11,2,33,-4106
3119389154,12188,7,-8,-6,17,27,-4099
3119390154,12188,3,0,-3,14,33,-4106
3119391154,12188,5,-6,-7,6,30,-4100
3119392154,12188,6,-4,-6,0,27,-4093
3119393154,12188,-1,-2,1,-7,39,-4087
3119394154,12188,9,-2,-4,-6,35,-4087
3119395154,12188,1,-6,-9,3,37,-4101
3119396154,12188,3,-7,-7,7,35,-4090
3119397154,12188,1,1,1,12,24,-4089
3119398154,12188,7,-2,-4,6,28,-4089
3119399154,12188,6,-4,-9,10,14,-4095
3119400154,12188,2,3,-6,21,32,-4091
3119401154,12188,6,-8,-6,6,10,-4075
3119402154,12188,7,-3,-6,8,20,-4082
3119403154,12188,1,-2,-6,14,30,-4085
3119404154,12188,15,-1,-7,12,36,-4081
3119405154,12188,2,-3,-7,7,8,-4078
3119406154,12188,4,-6,-8,8,18,-4070
3119407154,12188,0,-8,-4,19,24,-4088
3119408154,12188,5,-3,-7,3,13,-4087
3119409154,12188,2,-1,-3,11,19,-4087
3119410154,12188,5,-4,-5,15,22,-4080
3119411154,12188,-2,-1,-5,0,6,-4094
3119412154,12188,3,-8,-6,16,12,-4091
3119413154,12188,6,-9,-10,-5,14,-4089
3119414154,12188,9,-10,-6,7,15,-4101
3119415154,12188,11,-6,-5,-10,23,-4103
3119416154,12188,8,-2,-7,1,32,-4079
3119417154,12188,4,-4,-2,-35,38,-4087
3119418154,12188,4,-6,-2,-31,51,-4058
3119419154,12188,3,-4,-5,-26,15,-4090
3119420154,12188,5,-2,-1,39,16,-4099
3119421154,12188,5,-2,-5,32,11,-4094
3119422154,12188,0,4,0,22,1,-4105
3119423154,12188,0,-5,-1,24,-1,-4104
3119424154,12188,4,-6,-3,18,5,-4098
3119425154,12188,4,-6,-3,35,-3,-4086
3119426154,12188,2,-3,0,47,5,-4079
3119427154,12188,6,-5,-8,29,19,-4076
3119428154,12188,2,-6,-4,20,28,-4080
3119429154,12188,9,-9,-5,22,10,-4064
3119430154,12188,3,-2,-7,12,23,-4067
3119431154,12188,3,-2,-6,26,12,-4083
3119432154,12188,5,-3,-5,22,29,-4093
3119433154,12188,1,-2,-8,8,27,-4082
3119434154,12188,3,-7,-10,17,25,-4106
3119435154,12188,1,-3,-10,4,27,-4107
3119436154,12188,6,-7,-9,22,24,-4099
3119437154,12188,-2,-4,-4,21,38,-4095
3119438154,12188,0,-2,-5,4,47,-4091
3119439154,12188,4,-2,-3,0,45,-4074
3119440154,12188,5,-4,-5,13,29,-4075
3119441154,12188,4,-2,-2,11,29,-4066
3119442154,12188,0,-5,-1,14,30,-4097
3119443154,12188,4,-5,-2,12,10,-4092
3119444154,12188,4,0,-3,20,30,-4081
3119445154,12188,2,-3,-4,14,24,-4096
3119446154,12188,6,0,-5,19,30,-4100
3119447154,12188,7,-5,-6,34,19,-4096
3119448154,12188,4,-10,-6,16,15,-4098
3119449154,12188,1,-3,-7,20,28,-4105
3119450154,12188,5,-7,-10,10,6,-4091
3119451154,12188,1,-1,-7,13,21,-4079
3119452154,12188,5,-5,-8,17,20,-4071
3119453154,12188,0,-3,-12,30,20,-4085
3119454154,12188,-1,2,-9,20,22,-4077
3119455154,12188,5,-8,-13,23,26,-4106
3119456154,12188,4,-5,-9,18,37,-4099
3119457154,12188,2,-5,-11,14,19,-4103
3119458154,12188,5,-6,-10,10,29,-4099
3119459154,12188,11,-5,-11,-1,20,-4093
3119460154,12188,4,-3,-8,14,26,-4080
3119461154,12188,5,-6,-6,21,18,-4076
3119462154,12188,6,-8,-9,9,11,-4070
3119463154,12188,6,-4,-10,6,19,-4080
3119464154,12188,4,-8,-6,15,11,-4097
3119465154,12188,1,-6,-9,9,5,-4074
3119466154,12188,4,-5,-7,23,23,-4098
3119467154,12188,2,-1,-9,30,24,-4106
3119468154,12188,3,-2,-3,19,17,-4098
3119469154,12188,11,-8,-8,32,8,-4089
3119470154,12188,-2,-3,-8,6,16,-4104
3119471154,12188,3,-3,-6,8,10,-4081
3119472154,12188,2,-4,-9,12,8,-4099
3119473154,12188,1,-3,-4,4,20,-4081
3119474154,12188,7,-8,-10,19,30,-4089
3119475154,12188,0,-3,-11,-4,27,-4075
3119476154,12188,2,0,-10,11,20,-4064
3119477154,12188,6,-9,-7,14,30,-4086
3119478154,12188,-1,-2,-9,17,16,-4091
3119479154,12188,2,-2,-3,14,17,-4093
3119480154,12188,1,-3,-5,9,18,-4096
3119481154,12188,3,-7,-6,29,10,-4086
3119482154,12188,10,-8,-9,15,17,-4098
3119483154,12188,2,-5,-9,-2,22,-4088
3119484154,12188,10,-7,-8,14,17,-4080
3119485154,12188,3,-6,-6,6,18,-4069
3119486154,12188,0,2,-7,4,24,-4083
3119487154,12188,0,-10,-9,5,30,-4077
3119488154,12188,4,-14,-3,14,31,-4071
3119489154,12188,3,-8,-6,15,27,-4100
3119490154,12188,-4,-4,-8,8,23,-4099
3119491154,12188,6,-4,-6,13,34,-4084
3119492154,12188,2,-6,-7,15,13,-4117
3119493154,12188,2,0,-5,-19,17,-4091
3119494154,12188,2,-3,-5,-5,10,-4099
3119495154,12188,4,-6,-4,7,26,-4087
3119496154,12188,13,-12,-8,8,17,-4079
3119497154,12188,1,-7,-3,10,22,-4097
3119498154,12188,8,-3,-6,16,36,-4095
3119499154,12188,-1,1,-3,0,32,-4092
3119500154,12188,5,-4,-3,8,34,-4099
3119501154,12188,3,-1,0,10,18,-4089
3119502154,12188,3,-7,-2,20,31,-4094
3119503154,12188,3,-5,-5,25,24,-4094
3119504154,12188,4,-3,-3,4,35,-4095
3119505154,12188,2,-3,-5,21,22,-4081
3119506154,12188,8,-7,-6,18,29,-4080
3119507154,12188,4,-9,-7,18,28,-4079
3119508154,12188,4,-2,-7,5,16,-4078
3119509154,12188,3,-4,-11,8,24,-4060
3119510154,12188,4,-3,-7,12,20,-4078
3119511154,12188,8,-6,-6,24,28,-4101
3119512154,12188,1,-6,-7,16,21,-4098
3119513154,12188,-2,-2,-2,16,21,-4093
3119514154,12188,3,-10,-7,25,15,-4102
3119515154,12188,4,-4,-3,25,10,-4105
3119516154,12188,2,-6,-5,5,30,-4104
3119517154,12188,3,1,0,11,23,-4095
3119518154,12188,3,1,-1,10,31,-4081
3119519154,12188,8,-7,-7,10,22,-4081
3119520154,12188,0,-6,-7,12,14,-4078
3119521154,12188,4,-8,-3,12,19,-4055
3119522154,12188,-3,-2,-8,13,16,-4072
3119523154,12188,1,-4,-10,27,20,-4080
3119524154,12188,-2,-1,-6,10,15,-4104
3119525154,12188,0,-3,-7,28,22,-4083
3119526154,12188,3,-6,-8,25,16,-4088
3119527154,12188,7,-4,-3,20,32,-4083
3119528154,12188,0,-4,-9,10,16,-4073
3119529154,12188,3,-7,-5,20,12,-4074
3119530154,12188,6,-9,-4,14,19,-4073
3119531154,12188,4,-2,-7,13,16,-4069
3119532154,12188,6,-2,-4,18,21,-4081
3119533154,12188,9,-9,-9,26,25,-4084
3119534154,12188,0,-1,-9,20,17,-4080
3119535154,12188,2,-5,-8,31,21,-4092
3119536154,12188,0,-4,-9,24,14,-4089
3119537154,12188,8,-2,-7,21,28,-4074
3119538155,12188,6,-6,-4,15,35,-4092
3119539154,12188,6,-2,-7,10,27,-4097
3119540155,12188,-2,-1,-6,8,24,-4089
3119541156,12188,4,-4,-9,4,24,-4089
3119542154,12188,1,-3,-4,-10,24,-4087
3119543154,12188,1,-5,-7,2,17,-4074
3119544154,12188,4,-2,-7,2,25,-4093
3119545154,12188,6,-2,-6,16,26,-4084
3119546154,12188,6,-9,-6,13,17,-4091
3119547154,12188,3,-1,-6,11,34,-4088
3119548154,12188,9,-1,-9,13,18,-4081
3119549154,12188,3,-3,-11,11,23,-4081
3119550154,12188,1,4,-9,16,25,-4108
3119551154,12188,4,0,-15,17,38,-4087
3119552154,12188,9,-1,-7,13,27,-4100
3119553154,12188,8,-3,-14,6,22,-4073
3119554154,12188,8,-6,-11,14,21,-4090
3119555154,12188,1,-7,-9,11,0,-4075
3119556154,12188,3,-5,-10,12,16,-4083
3119557154,12188,10,-9,-4,11,15,-4101
3119558154,12188,4,-2,-3,-1,20,-4099
3119559154,12188,6,-9,-8,3,24,-4099
3119560154,12188,4,-1,-5,19,25,-4097
3119561154,12188,6,2,-7,16,21,-4108
3119562154,12188,11,-6,-4,-1,7,-4093
3119563154,12188,5,3,-4,2,14,-4100
3119564154,12188,0,-5,-8,5,26,-4076
3119565154,12188,2,-5,-5,12,18,-4082
3119566154,12188,6,-7,-11,20,16,-4094
3119567154,12188,8,-5,-11,13,27,-4087
3119568154,12188,0,-5,-8,22,36,-4088
3119569154,12188,7,-6,-13,11,43,-4097
3119570154,12188,5,-10,-10,4,28,-4104
3119571154,12188,4,0,-10,11,33,-4098
3119572154,12188,1,-2,-9,16,27,-4080
3119573154,12188,1,-3,-7,6,31,-4095
3119574154,12188,1,4,-4,-16,28,-4092
3119575154,12188,6,-6,-4,2,20,-4069
3119576154,12188,9,-3,-6,-3,33,-4067
3119577154,12188,6,-1,-1,5,35,-4079
3119578154,12188,7,-3,-3,-13,42,-4067
3119579154,12188,5,-2,-1,-4,33,-4086
3119580154,12188,6,1,0,-146,111,-4083
3119581154,12188,4,-3,-4,-86,160,-4046
3119582154,12188,13,18,-4,-129,152,-3966
3119583154,12188,15,14,-13,169,-16,-4177
3119584154,12188,13,1,-11,159,40,-4139
3119585154,12188,11,1,-10,-23,9,-4069
3119586154,12188,9,-4,-15,-47,-73,-4043
3119587154,12188,-7,9,-9,1,-126,-4055
3119588154,12188,-4,4,-10,88,6,-4099
3119589154,12188,-5,-7,-8,146,64,-4131
3119590154,12188,-3,-11,-7,55,78,-4127
3119591154,12188,3,-11,-5,-7,47,-4135
3119592154,12188,-1,-4,-2,-31,3,-4098
3119593154,12188,6,-8,1,34,-5,-4108
3119594154,12188,6,-12,-2,6,27,-4110
3119595154,12188,7,-12,-4,-11,22,-4116
3119596154,12188,8,-14,-11,-31,-48,-4092
3119597154,12188,1,-6,-7,-65,-43,-4049
3119598154,12188,2,4,-5,-46,-33,-4063
3119599154,12188,2,6,-10,5,-32,-4066
3119600154,12188,-2,7,-11,35,-17,-4075
3119601154,12188,-2,3,-11,35,35,-4070
3119602154,12188,3,0,-13,30,57,-4089
3119603154,12188,6,-1,-12,43,43,-4079
3119604154,12188,6,-2,-13,32,41,-4082
3119605154,12188,5,-3,-8,45,43,-4081
3119606154,12188,0,-2,-10,50,52,-4106
3119607154,12188,7,-2,-8,60,64,-4086
3119608154,12188,7,-3,-9,34,64,-4099
3119609154,12188,4,-4,-2,4,36,-4099
3119610154,12188,5,-7,-5,6,33,-4108
3119611154,12188,1,-3,-11,3,52,-4085
3119612154,12188,4,-7,-6,-21,31,-4097
3119613154,12188,1,-8,-7,-9,38,-4109
3119614154,12188,-7,2,-5,-20,31,-4113
3119615154,12188,4,-7,-5,-6,24,-4108
3119616154,12188,5,-1,-8,-15,26,-4102
3119617154,12188,7,-3,-2,-9,17,-4090
3119618154,12188,6,-1,-5,-5,12,-4090
3119619154,12188,3,0,-5,6,2,-4075
3119620154,12188,6,-6,-7,16,17,-4082
3119621154,12188,4,2,-6,27,1,-4062
3119622154,12188,0,8,-8,29,12,-4060
3119623154,12188,1,-1,-7,27,14,-4062
3119624154,12188,3,1,-9,37,8,-4083
3119625154,12188,4,-1,-10,44,20,-4082
3119626154,12188,8,-5,-11,29,22,-4090
3119627154,12188,3,-4,-9,36,26,-4090
3119628154,12188,3,-5,-5,26,24,-4082
3119629154,12188,3,-6,-9,11,27,-4074
3119630154,12188,0,-2,-4,17,15,-4090
3119631154,12188,7,-3,-4,-1,7,-4090
3119632154,12188,1,-3,1,-7,26,-4090
3119633154,12188,3,-3,-10,-9,11,-4103
3119634154,12188,7,-9,-6,-8,12,-4090
3119635154,12188,-1,-1,-5,7,13,-4085
3119636154,12188,1,-4,-9,19,8,-4094
3119637154,12188,5,-2,-10,19,26,-4115
3119638154,12188,2,-2,-4,23,32,-4099
3119639154,12188,7,-2,-9,7,25,-4110
3119640154,12188,2,-2,-7,7,22,-4086
3119641154,12188,3,-3,-8,5,19,-4093
3119642154,12188,5,-7,-6,24,6,-4064
3119643154,12188,0,-5,-9,7,13,-4068
3119644154,12188,-4,-1,-8,3,16,-4078
3119645154,12188,8,-2,-6,13,28,-4090
3119646154,12188,-1,2,-10,18,19,-4093
3119647154,12188,3,-7,-6,17,34,-4090
3119648154,12188,1,-1,-9,28,41,-4096
3119649154,12188,3,-4,-8,20,14,-4090
3119650154,12188,6,-4,-3,27,36,-4080
3119651154,12188,2,-2,-10,9,15,-4098
3119652154,12188,2,-4,-8,10,21,-4081
3119653154,12188,2,-4,-3,2,32,-4082
3119654154,12188,5,-1,-6,2,19,-4092
3119655154,12188,4,-6,-7,7,22,-4098
3119656154,12188,7,-3,-8,12,23,-4096
3119657154,12188,3,-1,-3,-2,31,-4118
3119658154,12188,5,-3,-8,17,38,-4096
3119659154,12188,4,3,-4,0,29,-4101
3119660154,12188,7,-3,-12,8,26,-4097
3119661154,12188,3,-7,-3,30,19,-4108
3119662154,12188,-3,-5,-6,20,13,-4112
3119663154,12188,-5,-5,-6,15,10,-4097
3119664154,12188,-6,2,-6,-3,19,-4093
3119665154,12188,4,-1,-8,3,18,-4088
3119666154,12188,1,-3,-7,22,31,-4071
3119667154,12188,-1,1,-10,19,23,-4086
3119668154,12188,-2,-1,-6,8,8,-4074
3119669154,12188,3,-6,-8,27,42,-4087
3119670154,12188,3,-2,-8,18,27,-4104
3119671154,12188,0,-4,-7,25,11,-4100
3119672154,12188,1,-1,-8,17,23,-4110
3119673154,12188,-2,-1,0,21,4,-4107
3119674154,12188,5,-7,-6,5,31,-4091
3119675154,12188,-1,-2,-9,0,23,-4094
3119676154,12188,7,-4,-6,11,20,-4094
3119677154,12188,3,-2,-5,17,34,-4085
3119678154,12188,0,3,-7,18,38,-4085
3119679154,12188,0,-9,-8,4,31,-4084
3119680154,12188,2,-6,-8,10,32,-4091
3119681154,12188,-3,2,-4,27,24,-4085
3119682154,12188,4,1,-13,7,33,-4096
3119683154,12188,3,1,-8,21,10,-4096
3119684154,12188,0,-7,-11,12,30,-4118
3119685154,12188,-2,-1,-4,5,20,-4088
3119686154,12188,7,-2,-3,28,28,-4089
3119687154,12188,-2,3,-2,15,25,-4069
3119688154,12188,1,1,-1,20,18,-4072
3119689154,12188,5,-3,-7,24,23,-4090
3119690154,12188,0,-3,-4,28,28,-4080
3119691154,12188,2,4,-8,22,28,-4092
3119692154,12188,6,0,-5,18,24,-4102
3119693154,12188,2,0,-5,8,36,-4090
3119694154,12188,3,3,-6,21,19,-4098
3119695154,12188,-5,-3,-9,24,6,-4112
3119696154,12188,-2,2,-7,5,12,-4107
3119697154,12188,-2,-1,-11,5,11,-4084
3119698154,12188,2,3,-9,11,26,-4090
3119699154,12188,1,1,-4,20,30,-4076
3119700154,12188,-1,-1,-8,4,25,-4082
3119701154,12188,2,-1,-6,-1,23,-4084
3119702154,12188,-3,8,-5,4,21,-4090
3119703154,12188,3,0,-1,2,22,-4095
3119704154,12188,-4,-2,-7,28,27,-4102
3119705154,12188,-3,4,-2,14,10,-4090
3119706154,12188,-4,7,-1,35,21,-4100
3119707154,12188,-3,3,-2,9,32,-4099
3119708154,12188,-4,0,-5,19,20,-4096
3119709154,12188,-3,-3,-8,15,39,-4089
3119710154,12188,-3,-1,-5,18,25,-4101
3119711154,12188,-1,-6,-13,-1,33,-4084
3119712154,12188,4,-3,-6,-1,21,-4064
3119713154,12188,4,-4,-7,20,19,-4077
3119714154,12188,-1,3,-3,17,15,-4069
3119715154,12188,-1,-2,-4,13,22,-4093
3119716154,12188,-1,-1,-9,16,9,-4109
3119717154,12188,-5,-1,-3,30,30,-4107
3119718154,12188,0,-1,-3,36,42,-4097
3119719154,12188,1,1,-3,13,25,-4089
3119720154,12188,2,0,-4,24,16,-4090
3119721154,12188,2,2,-2,16,23,-4092
3119722154,12188,0,-5,-5,9,26,-4075
3119723154,12188,4,1,-6,11,19,-4087
3119724154,12188,2,3,-4,19,32,-4076
3119725154,12188,-3,-1,-6,15,30,-4079
3119726154,12188,1,2,-5,20,30,-4082
3119727154,12188,6,1,-8,30,39,-4086
3119728154,12188,-1,4,-5,43,15,-4096
3119729154,12188,0,0,-8,28,35,-4098
3119730154,12188,7,-2,-8,22,28,-4100
3119731154,12188,2,-1,-8,0,32,-4101
3119732154,12188,-1,2,-8,12,20,-4085
3119733154,12188,-1,2,0,5,25,-4085
3119734154,12188,-3,-7,-4,8,21,-4082
3119735154,12188,-2,0,-9,6,46,-4086
3119736154,12188,-3,3,-10,18,38,-4082
3119737154,12188,-1,5,-2,21,31,-4080
3119738154,12188,3,-3,-5,1,39,-4101
3119739154,12188,4,0,-7,12,36,-4095
3119740154,12188,2,-2,-5,37,37,-4114
3119741154,12188,-2,-3,-7,32,23,-4111
3119742154,12188,-3,4,-8,0,20,-4092
3119743154,12188,1,0,-6,6,21,-4094
3119744154,12188,4,0,-6,2,25,-4089
3119745154,12188,-2,-1,-7,4,25,-4066
3119746154,12188,-1,-1,-5,2,27,-4079
3119747154,12188,-3,0,-3,14,16,-4061
3119748154,12188,-6,0,-7,16,31,-4061
3119749154,12188,3,1,-9,20,16,-4084
3119750154,12188,-5,0,-5,18,16,-4091
3119751154,12188,1,-4,-7,27,17,-4083
3119752154,12188,-2,-3,-5,21,11,-4106
3119753154,12188,-6,-4,-11,28,16,-4102
3119754154,12188,1,-6,-6,7,15,-4110
3119755154,12188,-5,2,-10,6,26,-4105
3119756154,12188,2,-4,-11,4,26,-4084
3119757154,12188,0,-4,-5,16,9,-4093
3119758154,12188,3,-6,-4,8,33,-4082
3119759154,12188,-2,-2,-7,11,28,-4084
3119760154,12188,-6,5,2,9,35,-4093
3119761154,12188,-2,-6,-8,4,20,-4097
3119762154,12188,-3,0,-4,20,11,-4112
3119763154,12188,-1,2,-7,10,23,-4097
3119764154,12188,-4,-2,-4,24,14,-4075
3119765154,12188,0,1,-6,19,33,-4090
3119766154,12188,0,-2,-10,14,10,-4071
3119767154,12188,2,-4,-3,8,15,-4079
3119768154,12188,0,-1,-7,5,17,-4076
3119769154,12188,-6,1,-14,17,25,-4072
3119770154,12188,2,-5,-9,8,37,-4084
3119771154,12188,-2,-3,-9,14,30,-4087
3119772154,12188,3,2,-10,6,34,-4089
3119773154,12188,2,2,-6,7,24,-4086
3119774154,12188,-1,5,-8,19,18,-4098
3119775154,12188,0,-5,0,3,19,-4118
3119776154,12188,-5,2,3,15,7,-4101
3119777154,12188,8,-2,2,26,16,-4078
3119778154,12188,5,-4,-4,8,26,-4059
3119779154,12188,3,-2,-2,-7,-8,-4080
3119780154,12188,4,0,-2,2,32,-4081
3119781154,12187,-6,-1,-4,23,26,-4081
3119782154,12187,1,-2,-3,24,21,-4085
3119783154,12187,-1,-2,-5,28,31,-4092
3119784154,12187,4,0,1,17,21,-4087
3119785154,12187,-2,-5,-2,22,19,-4093
3119786154,12187,2,-7,-5,104,-6,-4063
3119787154,12187,7,-3,-9,103,-27,-4065
3119788154,12187,10,-11,-11,41,-48,-4104
3119789154,12187,3,-4,-7,-22,-53,-4055
3119790154,12187,1,4,-11,-37,-16,-4079
3119791154,12187,1,1,-12,14,58,-4072
3119792154,12187,0,-2,-8,51,57,-4106
3119793154,12187,0,-6,-2,6,62,-4103
3119794154,12187,0,-5,-6,-32,43,-4088
3119795154,12187,2,-7,-10,-22,70,-4085
3119796154,12187,-5,2,-1,-14,65,-4097
3119797154,12187,5,-4,-3,30,60,-4100
3119798154,12187,1,2,1,28,69,-4098
3119799154,12187,3,-3,-1,13,85,-4077
3119800154,12187,-5,3,3,12,65,-4091
3119801154,12187,-3,-3,-1,-2,48,-4081
3119802154,12187,4,-3,-2,54,70,-4090
3119803154,12187,-4,4,1,84,77,-4067
3119804154,12187,7,-14,-6,96,133,-4027
3119805154,12187,10,-7,-5,10,59,-4060
3119806154,12187,1,-1,-4,0,2,-4050
3119807154,12187,5,-4,-10,-14,-33,-4082
3119808154,12187,0,-1,-9,34,1,-4087
3119809154,12187,3,-5,-8,69,32,-4122
3119810154,12187,4,-5,-7,33,47,-4098
3119811154,12187,-1,-2,-9,7,37,-4102
3119812154,12187,1,-5,-12,-21,40,-4118
3119813154,12187,3,-6,-11,-13,38,-4126
3119814154,12187,3,-1,-6,-4,53,-4104
3119815154,12187,3,-2,-12,-18,38,-4107
3119816154,12187,8,-7,-11,-22,32,-4114
3119817154,12187,5,1,-7,-33,29,-4104
3119818154,12187,0,-1,-6,-5,7,-4100
3119819154,12187,2,4,-6,13,3,-4098
3119820154,12187,-1,-2,-6,28,30,-4106
3119821154,12187,0,-1,-5,32,16,-4107
3119822154,12187,0,5,-5,38,9,-4092
3119823154,12187,8,0,-6,29,19,-4097
3119824154,12187,-2,2,-5,44,18,-4093
3119825154,12187,4,-5,-3,38,9,-4082
3119826154,12187,7,-3,-5,35,21,-4072
3119827154,12187,5,4,2,31,30,-4076
3119828154,12187,6,-1,-4,23,23,-4081
3119829154,12187,5,2,-8,9,28,-4095
3119830154,12187,-2,2,-10,60,-49,-4074
3119831154,12187,-2,-4,-1,24,23,-4092
3119832154,12187,1,2,-8,20,59,-4106
3119833154,12187,3,-3,-1,-22,49,-4100
3119834154,12187,3,3,-3,6,1,-4073
3119835154,12187,3,4,-5,29,12,-4085
3119836154,12187,3,6,-11,33,44,-4091
3119837154,12187,-1,6,-6,47,56,-4077
3119838154,12187,7,5,-2,42,37,-4059
3119839154,12187,6,-2,-10,36,34,-4054
3119840154,12187,-1,2,-8,26,33,-4092
3119841154,12187,7,-3,-4,39,22,-4086
3119842154,12187,0,0,-2,24,37,-4077
3119843154,12187,0,-1,-3,18,19,-4093
3119844154,12187,0,-6,-6,10,20,-4082
3119845154,12187,-1,1,-3,17,32,-4091
3119846154,12187,-1,-2,-6,0,-6,-4090
3119847154,12187,2,3,-2,6,16,-4088
3119848154,12187,2,-2,2,10,4,-4090
3119849154,12187,8,-5,-7,1,3,-4083
3119850154,12187,6,-3,-4,4,0,-4075
3119851154,12187,-1,-1,-9,6,6,-4073
3119852154,12187,2,-3,-6,24,10,-4078
3119853154,12187,4,3,-12,27,22,-4086
3119854154,12187,-1,0,-6,32,4,-4079
3119855154,12187,6,-3,-4,32,13,-4082
3119856154,12187,-1,0,-5,41,5,-4072
3119857154,12187,7,-3,-1,29,13,-4060
3119858154,12187,11,-2,-4,32,24,-4057
3119859154,12187,8,0,-4,17,20,-4064
3119860154,12187,3,-2,-3,13,13,-4070
3119861154,12187,2,0,-7,7,29,-4078
3119862154,12187,5,3,-4,33,17,-4078
3119863154,12187,10,-8,-7,11,32,-4081
3119864154,12187,-1,-4,0,12,27,-4092
3119865154,12187,6,2,-7,10,18,-4099
3119866154,12187,6,-9,-4,21,23,-4097
3119867154,12187,4,-1,-3,-1,28,-4105
3119868154,12187,6,-1,-4,7,18,-4090
3119869154,12187,3,-6,-6,6,29,-4104
3119870154,12187,5,0,-6,8,24,-4102
3119871154,12187,9,-2,-9,1,25,-4094
3119872154,12187,2,4,-3,-4,34,-4087
3119873154,12187,1,3,-3,23,44,-4086
3119874154,12187,-1,3,-7,12,39,-4072
3119875154,12187,6,3,-8,16,28,-4086
3119876154,12187,2,-2,-5,24,32,-4089
3119877154,12187,1,3,-4,8,28,-4073
3119878154,12187,3,1,-5,13,47,-4082
3119879154,12187,5,0,-4,11,35,-4084
3119880154,12187,1,-4,-11,8,21,-4063
3119881154,12187,4,-7,-6,-28,50,-4063
3119882154,12187,1,-5,-16,35,65,-4074
3119883154,12187,-2,5,-6,8,42,-4085
3119884154,12187,0,-7,-9,11,49,-4107
3119885154,12187,3,-3,-5,33,58,-4091
3119886154,12187,4,-2,-7,7,33,-4134
3119887154,12187,8,-7,-7,22,20,-4127
3119888154,12187,3,2,-2,19,19,-4130
3119889154,12187,3,1,-7,31,19,-4125
3119890154,12187,10,2,-5,1,12,-4110
3119891154,12187,-4,2,-4,7,-1,-4099
3119892154,12187,2,2,-6,5,-1,-4093
3119893154,12187,-5,1,-6,21,17,-4102
3119894154,12187,-2,-3,-5,8,2,-4083
3119895154,12187,2,-1,-1,11,8,-4085
3119896154,12187,0,-2,0,12,2,-4065
3119897154,12187,7,-2,-6,43,-10,-4078
3119898154,12187,0,-2,-7,26,18,-4066
3119899154,12187,-2,0,-11,20,6,-4076
3119900154,12187,2,-4,-10,26,-2,-4074
3119901154,12187,2,0,-9,27,6,-4061
3119902154,12187,-1,2,-8,16,-1,-4054
3119903154,12187,6,-4,-11,25,17,-4083
3119904154,12187,-2,-8,-12,27,4,-4076
3119905154,12187,6,-6,-7,20,6,-4077
3119906154,12187,-2,-3,-9,16,8,-4085
3119907154,12187,0,0,-2,20,9,-4091
3119908154,12187,-2,-8,-1,22,10,-4113
3119909154,12187,1,-5,-5,17,16,-4079
3119910154,12187,4,-4,-3,15,27,-4101
3119911154,12187,1,-5,-7,6,22,-4106
3119912154,12187,-2,3,-8,4,21,-4106
3119913154,12187,-2,-8,-15,-30,-16,-4092
3119914154,12187,2,-6,-11,-66,-24,-4067
3119915154,12186,-3,-4,-13,-24,-24,-4079
3119916154,12186,-3,-1,-10,-53,11,-4130
3119917154,12186,0,-3,-16,8,60,-4118
3119918154,12186,3,-2,-19,44,91,-4075
3119919154,12186,5,-5,-14,28,94,-4125
3119920154,12186,4,4,-12,56,102,-4141
3119921154,12186,1,-2,-9,53,87,-4123
3119922154,12186,5,-2,-8,59,71,-4091
3119923154,12186,4,0,-7,38,56,-4066
3119924154,12187,0,-3,-4,33,49,-4081
3119925154,12187,0,-4,-1,36,58,-4057
3119926154,12187,2,-2,-2,36,54,-4049
3119927154,12187,-2,-6,-2,27,67,-4038
3119928154,12187,1,-2,1,10,57,-4045
3119929154,12187,7,-6,-7,9,54,-4040
3119930154,12187,2,-4,-5,27,27,-4055
3119931154,12187,-1,-2,-9,5,29,-4065
3119932154,12187,2,-8,-11,7,31,-4094
3119933154,12187,8,-2,-15,21,19,-4100
3119934154,12187,-2,-4,-9,13,14,-4100
3119935154,12187,2,-8,-9,6,5,-4108
3119936154,12187,8,-3,-7,17,16,-4112
3119937154,12187,-2,-6,-8,20,2,-4118
3119938154,12187,1,-6,-10,10,10,-4102
3119939154,12187,1,4,-11,11,23,-4111
3119940154,12187,2,-2,-9,3,13,-4099
3119941154,12187,2,-2,-6,10,1,-4076
3119942154,12187,2,2,-8,3,6,-4091
3119943154,12187,7,1,-13,2,10,-4096
3119944154,12187,6,-4,-8,6,7,-4085
3119945154,12187,6,-5,-8,28,21,-4072
3119946154,12187,-1,-5,-9,37,28,-4081
3119947154,12187,1,-3,-8,30,19,-4084
3119948154,12187,5,-3,-10,30,30,-4061
3119949154,12187,-4,-3,-15,33,19,-4072
3119950154,12187,5,-4,-10,32,21,-4088
3119951154,12187,6,-5,-10,26,22,-4065
3119952154,12187,-2,-3,-5,25,19,-4087
3119953154,12187,-1,0,2,12,24,-4093
3119954154,12187,0,-4,-3,12,22,-4084
3119955154,12187,7,-5,-4,31,10,-4083
3119956154,12187,-2,-4,-8,19,30,-4095
3119957154,12187,3,-3,-7,11,34,-4085
3119958154,12187,5,-3,-7,7,21,-4118
3119959154,12187,5,-6,-9,-5,35,-4090
3119960154,12187,7,-1,-5,21,40,-4102
3119961154,12187,3,-4,-9,10,37,-4102
3119962154,12187,6,-11,-6,-3,21,-4097
3119963154,12187,0,-1,-7,5,43,-4102
3119964154,12187,5,-6,-10,10,50,-4097
3119965154,12187,6,0,-7,32,39,-4094
3119966154,12187,4,0,-10,21,33,-4097
3119967154,12187,1,-3,-10,15,37,-4096
3119968154,12187,0,4,-9,27,44,-4093
3119969154,12187,4,-1,-5,30,54,-4080
3119970154,12187,9,-8,-9,17,33,-4081
3119971154,12187,-1,2,-4,16,18,-4082
3119972154,12187,1,-1,-3,25,33,-4093
3119973154,12187,4,-4,-8,26,35,-4070
3119974154,12187,2,-3,-6,16,21,-4082
3119975154,12187,9,-5,-7,23,19,-4086
3119976154,12187,-2,-2,-5,16,8,-4083
3119977154,12187,-1,-1,-7,21,23,-4085
3119978154,12187,2,-6,-4,25,17,-4106
3119979154,12187,-2,-2,-6,23,2,-4106
3119980154,12187,2,-7,-10,28,13,-4079
3119981154,12187,3,-6,-9,20,16,-4097
3119982154,12187,5,-3,-8,13,3,-4097
3119983154,12187,2,-5,-3,21,11,-4094
3119984154,12187,3,-4,-9,25,13,-4111
3119985154,12187,3,-2,-6,13,20,-4089
3119986154,12187,1,-8,-5,14,18,-4089
3119987154,12187,1,-3,-11,13,30,-4099
3119988154,12187,0,-5,-5,16,27,-4096
3119989154,12187,8,-10,-12,11,33,-4076
3119990154,12187,0,-4,-9,19,40,-4088
3119991154,12187,3,-5,-6,12,40,-4102
3119992154,12187,2,-4,-10,14,29,-4088
3119993154,12187,0,-2,-8,13,40,-4084
3119994154,12187,2,-2,-10,25,35,-4091
3119995154,12187,0,-1,-2,-2,36,-4087
3119996154,12187,0,-5,-4,14,44,-4084
3119997154,12187,3,-3,-11,22,44,-4078
3119998154,12187,-1,-5,-6,28,42,-4072
3119999154,12187,8,-7,-3,18,41,-4081
3120000154,12187,1,-2,-5,23,40,-4072
3120001154,12187,0,-7,-5,31,47,-4085
3120002154,12187,-2,1,-5,19,39,-4103
3120003154,12187,0,-3,-3,-1,41,-4087
3120004154,12187,-1,-3,-3,19,27,-4102
3120005154,12187,-2,-1,-4,13,41,-4095
3120006154,12187,5,-6,-9,13,19,-4082
3120007154,12187,8,-5,-1,-4,25,-4087
3120008154,12187,1,-8,-5,29,30,-4080
3120009154,12187,8,-7,-7,13,21,-4084
3120010154,12187,-3,-5,-14,16,28,-4085
3120011154,12187,-4,4,-9,0,29,-4092
3120012154,12187,0,-5,-9,9,35,-4114
3120013154,12187,2,-5,-7,30,30,-4099
3120014154,12187,1,0,-9,17,12,-4100
3120015154,12187,2,-3,-8,10,23,-4096
3120016154,12187,0,-1,-8,3,20,-4101
3120017154,12187,4,-2,-8,-4,21,-4102
3120018154,12187,6,-6,-7,13,21,-4086
3120019154,12187,3,-2,-9,18,13,-4086
3120020154,12187,-3,-2,-6,19,6,-4091
3120021154,12187,3,-7,-8,30,19,-4094
3120022154,12187,-1,-1,-4,16,35,-4089
3120023154,12187,-1,-10,-4,16,10,-4104
3120024154,12187,2,-3,-4,14,21,-4090
3120025154,12187,0,-4,-5,14,23,-4088
3120026154,12187,3,-2,-7,38,23,-4090
3120027154,12187,0,-7,-10,24,36,-4102
3120028154,12187,2,-7,-7,34,30,-4098
3120029154,12187,4,-6,-8,19,19,-4101
3120030154,12187,5,1,-6,16,36,-4091
3120031154,12187,5,-7,-11,24,21,-4088
3120032154,12187,-2,1,-10,7,32,-4087
3120033154,12187,0,0,-5,24,23,-4106
3120034154,12187,1,-7,-3,27,38,-4089
3120035154,12187,2,-6,-4,-6,31,-4099
3120036154,12187,-2,-1,-4,14,29,-4096
3120037154,12187,-1,1,-10,17,47,-4102
3120038154,12187,-3,-4,-5,17,31,-4096
3120039154,12187,0,-2,-4,23,45,-4094
3120040154,12187,1,1,-6,10,36,-4094
3120041154,12187,-1,-6,-6,22,22,-4084
3120042154,12187,0,-3,-9,23,25,-4101
3120043154,12187,0,1,-3,14,20,-4098
3120044154,12187,7,-5,-9,7,48,-4086
3120045154,12187,3,-3,-9,35,20,-4083
3120046154,12187,4,-4,-6,12,28,-4081
3120047154,12187,0,-5,-4,22,31,-4077
3120048154,12187,0,-2,-7,31,44,-4089
3120049154,12187,1,-3,-9,43,38,-4102
3120050154,12187,-1,-5,-5,26,39,-4087
3120051154,12187,-3,-1,-3,12,18,-4084
3120052154,12187,3,-2,-8,17,21,-4072
3120053154,12187,-4,1,-5,7,5,-4087
3120054154,12187,-3,0,-7,-3,20,-4091
3120055154,12187,-6,-3,-8,8,17,-4081
3120056154,12187,-4,2,-3,24,10,-4087
3120057154,12187,0,-4,-8,23,19,-4091
3120058154,12187,-1,-5,-3,9,37,-4103
3120059154,12187,-4,-3,-14,27,41,-4095
3120060154,12187,0,-2,-10,20,27,-4098
3120061154,12187,-3,-4,-8,11,41,-4078
3120062154,12187,1,-3,-10,28,28,-4085
3120063154,12187,2,-10,-6,30,13,-4093
3120064154,12187,-5,-5,-3,9,16,-4080
3120065154,12187,-7,-6,-5,24,17,-4083
3120066154,12187,1,-4,-8,6,17,-4097
3120067154,12187,-1,-5,-5,10,24,-4087
3120068154,12187,4,-8,-9,22,27,-4101
3120069154,12187,3,-7,-5,29,37,-4091
3120070154,12187,4,3,-6,18,32,-4092
3120071154,12187,-4,-3,-12,13,30,-4091
3120072154,12187,-3,-2,-5,21,30,-4090
3120073154,12187,-2,-7,-5,21,35,-4117
3120074154,12187,1,-6,-4,27,36,-4104
3120075154,12187,-1,-2,-4,11,34,-4080
3120076154,12187,8,-10,-3,20,50,-4089
3120077154,12187,1,-5,-8,21,38,-4082
3120078154,12187,-2,-3,-5,25,40,-4077
3120079154,12187,0,-6,-10,15,27,-4078
3120080154,12187,-3,4,-8,23,38,-4076
3120081154,12187,5,-6,1,28,43,-4084
3120082154,12187,-1,-6,-7,33,42,-4076
3120083154,12187,-6,-2,-5,28,48,-4091
3120084154,12187,-3,0,-10,31,32,-4086
3120085154,12187,3,-2,-5,33,26,-4098
3120086154,12187,0,-7,-5,20,19,-4076
3120087154,12187,2,-5,-7,13,30,-4082
3120088154,12187,2,-3,-10,33,18,-4086
3120089154,12187,-5,-5,-4,6,23,-4073
3120090154,12187,1,-1,-2,9,19,-4082
3120091154,12187,-1,1,-5,11,18,-4084
3120092154,12187,0,-5,-13,20,11,-4060
3120093154,12187,-3,-1,-6,7,12,-4098
3120094154,12187,-1,5,-10,16,19,-4093
3120095154,12187,0,-7,-2,-1,19,-4087
3120096154,12187,-4,-2,-4,26,15,-4081
3120097154,12187,-1,-4,-3,20,-13,-4085
3120098154,12187,4,-3,-6,18,5,-4100
3120099154,12187,2,-7,-4,17,23,-4093
3120100154,12187,3,-13,-1,23,18,-4084
3120101154,12187,1,-6,-5,10,34,-4085
3120102154,12187,3,-2,0,19,22,-4086
3120103154,12187,0,-4,-6,14,25,-4090
3120104154,12187,1,-5,-7,30,28,-4083
3120105154,12187,1,-6,-4,7,27,-4088
3120106154,12187,-2,-2,-8,14,31,-4091
3120107154,12187,-2,-2,-2,11,39,-4088
3120108154,12187,3,-9,-5,37,31,-4069
3120109154,12187,2,-4,-5,29,47,-4087
3120110154,12187,1,-4,-2,8,51,-4070
3120111154,12187,4,-5,-6,30,59,-4081
3120112154,12187,2,2,-9,12,46,-4083
3120113154,12187,0,-1,-7,22,62,-4075
3120114154,12187,2,-5,-3,12,63,-4079
3120115154,12187,6,-4,-7,14,63,-4086
3120116154,12187,4,-4,-5,27,70,-4092
3120117154,12187,6,0,-9,12,60,-4091
3120118154,12187,2,-2,-3,11,61,-4088
3120119154,12187,3,-4,-8,19,44,-4092
3120120154,12187,4,-4,-9,12,55,-4087
3120121154,12187,7,-6,-7,13,48,-4082
3120122154,12187,2,-4,-4,17,44,-4083
3120123154,12187,3,4,-7,6,45,-4092
3120124154,12187,3,-2,-8,6,25,-4097
3120125154,12187,8,-7,-11,13,29,-4099
3120126154,12187,-2,1,-3,18,34,-4110
3120127154,12187,3,-4,-8,14,15,-4086
3120128154,12187,2,2,-5,17,24,-4100
3120129154,12187,2,-1,-4,27,9,-4089
3120130154,12187,-1,-6,-9,16,25,-4091
3120131154,12187,2,-1,-2,19,12,-4086
3120132154,12187,2,-8,-7,29,11,-4085
3120133154,12187,7,-2,-6,5,12,-4081
3120134154,12187,6,-4,-11,17,16,-4076
3120135154,12187,-1,-1,-13,7,10,-4085
3120136154,12187,3,-1,-9,16,18,-4106
3120137154,12187,0,-3,-7,25,24,-4103
3120138154,12187,6,-4,-11,10,11,-4070
3120139154,12187,4,0,-11,12,11,-4090
3120140154,12187,8,-8,-8,24,16,-4093
3120141154,12187,-1,-2,-10,19,20,-4087
3120142154,12187,0,-6,-11,16,10,-4109
3120143154,12187,2,-6,-7,8,11,-4088
3120144154,12187,-4,3,-6,22,20,-4081
3120145154,12187,5,-10,-4,17,16,-4094
3120146154,12187,7,-4,-3,14,37,-4096
3120147154,12187,2,1,-7,30,29,-4079
3120148154,12187,5,-8,-8,14,28,-4094
3120149154,12187,-2,2,-3,17,31,-4084
3120150154,12187,4,-5,-6,19,43,-4093
3120151154,12187,6,-6,-7,25,35,-4116
3120152154,12187,3,5,-3,33,34,-4089
3120153154,12187,7,-2,-5,19,41,-4083
3120154154,12187,5,-1,-6,-5,30,-4085
3120155154,12187,3,-4,-9,11,24,-4072
3120156154,12187,3,-13,-5,24,50,-4077
3120157154,12187,-1,-8,-8,2,34,-4083
3120158154,12187,5,1,-9,20,36,-4064
3120159154,12187,4,-4,-10,20,46,-4069
3120160154,12187,4,-4,-10,10,47,-4096
3120161154,12187,6,-4,-6,28,37,-4087
3120162154,12187,3,-6,-8,28,35,-4079
3120163154,12187,3,-3,-3,32,34,-4082
3120164154,12187,-3,-2,-11,24,29,-4090
3120165154,12187,0,-1,-6,7,21,-4083
3120166154,12187,1,-5,-6,9,27,-4091
3120167154,12187,0,-2,-7,12,37,-4080
3120168154,12187,3,0,-7,9,36,-4089
3120169154,12187,8,-1,-1,20,28,-4075
3120170154,12187,9,-5,-5,13,5,-4086
3120171154,12187,2,2,-9,24,44,-4090
3120172154,12187,7,0,-9,12,37,-4103
3120173154,12187,1,0,-6,-1,19,-4089
3120174154,12187,-1,-3,-6,14,24,-4091
3120175154,12187,7,-6,-6,25,15,-4093
3120176154,12187,0,3,-4,26,14,-4093
3120177154,12187,6,0,-4,9,20,-4083
3120178154,12187,7,-3,-3,6,22,-4078
3120179154,12187,9,-7,-10,6,22,-4081
3120180154,12187,8,-4,-3,6,35,-4087
3120181154,12187,-3,-2,-5,22,31,-4084
3120182154,12187,5,-5,-6,31,22,-4088
3120183154,12187,3,-7,-10,18,36,-4103
3120184154,12187,1,-5,-7,24,26,-4095
3120185154,12187,2,-6,-9,25,30,-4108
3120186154,12187,7,-5,-12,12,21,-4092
3120187154,12187,3,-2,-11,9,26,-4113
3120188154,12187,-1,-5,-7,14,29,-4075
3120189154,12187,4,0,-7,26,32,-4088
3120190154,12187,2,-1,-5,18,45,-4092
3120191154,12187,3,-9,-4,2,19,-4074
3120192154,12187,5,-3,-8,19,43,-4086
3120193154,12187,4,-6,-9,6,46,-4086
3120194154,12187,4,1,-5,25,43,-4088
3120195154,12187,5,-4,-10,16,37,-4082
3120196154,12187,2,-8,-9,42,41,-4093
3120197154,12187,8,-2,-5,17,32,-4112
3120198154,12187,4,-5,-4,14,14,-4097
3120199154,12187,7,-2,-11,18,31,-4108
3120200154,12187,6,-1,-6,18,22,-4074
3120201154,12187,7,-7,-8,16,45,-4071
3120202154,12187,0,-9,-3,14,49,-4069
3120203154,12187,5,-4,-12,22,29,-4077
3120204154,12187,7,-6,-10,18,59,-4086
3120205154,12187,3,0,-12,20,30,-4082
3120206154,12187,6,-2,-8,27,34,-4086
3120207154,12187,1,-6,-10,18,34,-4086
3120208154,12187,3,4,-6,22,37,-4077
3120209154,12187,5,-6,-9,28,19,-4086
3120210154,12187,2,-8,-6,24,27,-4087
3120211154,12187,5,-4,-7,2,39,-4091
3120212154,12187,7,-4,-5,14,27,-4064
3120213154,12187,4,0,-7,25,25,-4086
3120214154,12187,5,-7,-10,8,37,-4082
3120215154,12187,2,-2,-6,17,45,-4082
3120216154,12187,3,0,-6,23,31,-4079
3120217154,12187,0,-3,-4,18,44,-4082
3120218154,12187,6,-4,-6,27,25,-4091
3120219154,12187,1,-6,-10,7,26,-4085
3120220154,12187,4,-4,-5,31,12,-4094
3120221154,12187,-2,-1,-7,28,23,-4088
3120222154,12187,3,0,-7,19,23,-4068
3120223154,12187,2,-8,-7,18,29,-4084
3120224154,12187,4,0,-10,19,12,-4087
3120225154,12187,2,-2,-11,10,32,-4098
3120226154,12187,0,-3,-6,8,37,-4092
3120227154,12187,2,1,-8,27,29,-4099
3120228154,12187,6,-3,-8,1,28,-4100
3120229154,12187,4,-1,-4,27,38,-4093
3120230154,12187,5,-5,-7,28,34,-4104
3120231154,12187,1,-4,-6,19,48,-4113
3120232154,12187,4,-6,-6,18,13,-4102
3120233154,12187,4,-3,-2,28,30,-4103
3120234154,12187,6,-1,-5,17,37,-4114
3120235154,12187,8,2,-2,7,33,-4096
3120236154,12187,1,-6,-5,13,24,-4090
3120237154,12187,1,-7,-2,4,33,-4096
3120238154,12187,9,-7,-5,3,30,-4084
3120239154,12187,3,-5,-5,16,27,-4076
3120240154,12187,1,0,-4,9,32,-4092
3120241154,12187,6,-4,-7,23,40,-4108
3120242154,12187,-2,-1,-7,7,44,-4097
3120243154,12187,0,-2,-5,12,38,-4093
3120244154,12187,3,-2,-11,16,39,-4098
3120245154,12187,3,-2,-6,19,38,-4089
3120246154,12187,5,-1,-7,30,32,-4077
3120247154,12187,2,0,-4,29,26,-4089
3120248154,12187,1,-4,-8,27,16,-4071
3120249154,12187,3,-1,-7,22,39,-4084
3120250154,12187,7,-6,-4,24,31,-4091
3120251154,12187,7,-5,-6,13,45,-4090
3120252154,12187,7,-3,-8,17,40,-4079
3120253154,12187,2,3,-4,18,40,-4092
3120254154,12187,1,-2,-7,19,18,-4095
3120255154,12187,7,-6,-5,24,18,-4078
3120256154,12187,3,0,-4,9,30,-4062
3120257154,12187,6,-7,-9,21,21,-4089
3120258154,12187,1,-1,-6,-6,30,-4069
3120259154,12187,3,-3,-4,21,30,-4079
3120260154,12187,3,-5,-7,17,31,-4093
3120261154,12187,5,-5,-6,-1,25,-4089
3120262154,12187,-2,-7,-5,14,34,-4082
3120263154,12187,2,3,-7,21,24,-4092
3120264154,12187,-1,-7,-10,36,32,-4100
3120265154,12187,4,-9,-12,9,28,-4092
3120266154,12187,2,-6,-11,23,20,-4103
3120267154,12187,2,-8,-6,28,29,-4098
3120268154,12187,5,-6,-8,17,24,-4086
3120269154,12187,-1,-2,-11,16,26,-4077
3120270154,12187,5,-7,-11,21,15,-4075
3120271154,12187,3,-2,-4,10,36,-4079
3120272154,12187,-1,-3,-10,9,24,-4088
3120273154,12187,4,-7,-9,17,37,-4076
3120274154,12187,7,-4,-3,11,27,-4101
3120275154,12187,7,-4,-5,32,25,-4097
3120276154,12187,2,-4,-8,23,39,-4091
3120277154,12187,3,-4,-6,26,45,-4080
3120278154,12187,6,-3,-3,28,35,-4090
3120279154,12187,7,-3,-4,33,18,-4101
3120280154,12187,5,-2,-6,26,29,-4084
3120281154,12187,2,-2,-5,14,37,-4081
3120282154,12187,0,-2,-10,6,40,-4085
3120283154,12187,2,-4,-5,14,46,-4091
3120284154,12187,4,-6,-8,18,27,-4116
3120285154,12187,5,-6,-10,33,42,-4094
3120286154,12187,-1,4,-8,23,29,-4094
3120287154,12187,2,-4,-9,19,42,-4099
3120288154,12187,1,-7,-7,20,33,-4091
3120289154,12187,3,-6,-5,18,16,-4085
3120290154,12187,2,-5,-8,26,31,-4097
3120291154,12187,-1,4,-3,16,27,-4092
3120292154,12187,7,-7,-6,12,25,-4086
3120293154,12187,9,0,-7,-5,33,-4079
3120294154,12187,2,-2,-8,22,23,-4077
3120295154,12187,0,-3,-7,6,19,-4073
3120296154,12187,3,4,-2,12,41,-4080
3120297154,12187,5,-3,-10,7,30,-4088
3120298154,12187,7,-6,-5,26,26,-4096
3120299154,12187,3,1,-8,18,36,-4088
3120300154,12187,4,-9,-11,23,36,-4089
3120301154,12187,4,-4,-12,24,30,-4093
3120302154,12187,10,-8,-8,12,39,-4088
3120303154,12187,7,-2,-9,15,24,-4096
3120304154,12187,2,-5,-5,20,25,-4093
3120305154,12187,7,-8,-12,6,31,-4081
3120306154,12187,9,-2,-6,8,28,-4078
3120307154,12187,1,-2,-11,17,22,-4084
3120308154,12187,4,-3,-8,14,45,-4072
3120309154,12187,-2,-3,-10,28,41,-4094
3120310154,12187,5,-2,-7,21,25,-4102
3120311154,12187,4,2,-4,2,15,-4095
3120312154,12187,2,-3,-10,27,28,-4078
3120313154,12187,0,-6,-4,15,37,-4080
3120314154,12187,8,-9,-5,24,28,-4088
3120315154,12187,5,-8,-4,31,47,-4070
3120316154,12187,8,-11,-3,14,29,-4078
3120317154,12187,1,-3,-6,22,26,-4064
3120318154,12187,3,-2,-4,1,25,-4079
3120319154,12187,2,-6,-4,13,46,-4078
3120320154,12187,4,-4,-11,25,45,-4081
3120321154,12187,5,-8,-9,21,40,-4094
3120322154,12187,6,-2,-9,22,24,-4097
3120323154,12187,4,-4,-7,17,25,-4092
3120324154,12187,2,-2,-6,15,30,-4086
3120325154,12187,2,-3,-8,25,33,-4084
3120326154,12187,7,-2,-9,24,30,-4090
3120327154,12187,3,1,-4,16,32,-4092
3120328154,12187,-1,-2,-11,20,37,-4079
3120329154,12187,8,-6,-7,16,32,-4079
3120330154,12187,5,0,-7,19,45,-4086
3120331154,12187,-1,-1,-5,12,32,-4078
3120332154,12187,5,-3,-8,15,19,-4098
3120333154,12187,4,-7,-12,14,33,-4091
3120334154,12187,5,-8,-6,20,15,-4085
3120335154,12187,8,-1,-8,13,19,-4079
3120336154,12187,-1,4,-6,17,40,-4092
3120337154,12187,6,-1,-6,16,30,-4082
3120338154,12187,5,-8,-8,10,31,-4090
3120339154,12187,1,-3,-7,15,25,-4076
3120340154,12187,12,-2,-11,25,37,-4091
3120341154,12187,6,-4,-8,10,31,-4091
3120342154,12187,7,-6,-8,31,49,-4093
3120343154,12187,6,-7,-8,27,34,-4102
3120344154,12187,4,-3,-8,23,22,-4091
3120345154,12187,9,-4,-8,33,18,-4095
3120346154,12187,1,4,-9,2,12,-4087
3120347154,12187,0,1,-6,15,24,-4094
3120348154,12187,6,-5,-7,16,28,-4085
3120349154,12187,3,-4,-7,9,25,-4078
3120350154,12187,6,-1,-9,19,42,-4095
3120351154,12187,8,-10,-12,16,44,-4089
3120352154,12187,3,-2,-5,10,36,-4079
3120353154,12187,5,-8,-5,16,27,-4086
3120354154,12187,1,-1,-5,27,33,-4096
3120355154,12187,3,-2,-3,23,23,-4091
3120356154,12187,6,-2,-9,11,24,-4086
3120357154,12187,4,-2,-1,18,32,-4095
3120358154,12187,3,-5,-5,10,30,-4088
3120359154,12187,3,-2,-8,12,22,-4088
3120360154,12187,1,3,-9,20,34,-4077
3120361154,12187,6,-7,-12,23,16,-4084
3120362154,12187,6,-2,-6,25,25,-4077
3120363154,12187,5,1,-9,11,39,-4087
3120364154,12187,4,-5,-10,18,33,-4085
3120365154,12187,6,-5,-8,12,17,-4097
3120366154,12187,4,-1,-6,16,38,-4086
3120367154,12187,3,0,-4,9,25,-4094
3120368154,12187,2,-3,-8,16,32,-4090
3120369154,12187,2,-5,-11,10,39,-4088
3120370154,12187,1,3,-1,18,27,-4088
3120371154,12187,1,-2,-9,17,12,-4078
3120372154,12187,6,-4,-11,19,33,-4076
3120373154,12187,2,-3,-9,10,26,-4079
3120374154,12187,1,-2,-6,15,30,-4079
3120375154,12187,7,-3,-12,2,33,-4065
3120376154,12187,3,-6,-14,24,36,-4094
3120377154,12187,2,-3,-8,20,42,-4094
3120378154,12187,3,-6,-6,27,26,-4091
3120379154,12187,4,-3,-10,29,34,-4098
3120380154,12187,5,-4,0,28,21,-4096
3120381154,12187,8,-5,5,23,21,-4089
3120382154,12187,8,-8,-6,9,37,-4084
3120383154,12187,4,-8,-6,21,27,-4093
3120384154,12187,3,-4,-5,21,27,-4082
3120385154,12187,10,-3,-4,16,33,-4081
3120386154,12187,4,-4,-5,26,22,-4089
3120387154,12187,1,-2,-5,21,25,-4099
3120388154,12187,7,-8,-6,33,36,-4094
3120389154,12187,7,-6,-10,34,26,-4108
3120390154,12187,5,-2,-10,17,28,-4096
3120391154,12187,5,-2,-9,30,27,-4090
3120392154,12187,7,1,-11,6,14,-4105
3120393154,12187,6,-1,-5,27,35,-4069
3120394154,12187,5,-5,-12,9,31,-4087
3120395154,12187,-2,-2,-10,7,26,-4086
3120396154,12187,7,-9,-9,15,37,-4087
3120397154,12187,0,-6,-10,25,28,-4076
3120398154,12187,5,-4,-11,27,26,-4090
3120399154,12187,2,-1,-8,7,56,-4085
3120400154,12187,3,-3,-6,28,27,-4096
3120401154,12187,4,-14,-9,19,22,-4082
3120402154,12187,8,-5,-6,19,36,-4103
3120403154,12187,0,-6,-5,11,22,-4097
3120404154,12187,2,-1,-5,18,27,-4079
3120405154,12187,7,0,-5,17,7,-4080
3120406154,12187,5,-3,-4,11,32,-4087
3120407154,12187,6,-6,-11,14,23,-4074
3120408154,12187,-3,-1,-11,21,39,-4086
3120409154,12187,6,1,-5,20,25,-4079
3120410154,12187,7,-4,-4,20,28,-4099
3120411154,12187,4,-8,-14,11,20,-4104
3120412154,12187,4,-8,-8,11,21,-4082
3120413154,12187,3,-4,-9,14,38,-4101
3120414154,12187,5,-3,-9,26,28,-4100
3120415154,12187,5,-12,-5,17,31,-4082
3120416154,12187,3,-5,-10,29,24,-4073
3120417154,12187,8,-5,-8,24,28,-4079
3120418154,12187,4,-2,0,18,23,-4084
3120419154,12187,0,-1,-5,20,47,-4078
3120420154,12187,5,-5,-9,32,38,-4094
3120421154,12187,3,-5,-7,28,34,-4089
3120422154,12187,3,-5,-6,28,38,-4086
3120423154,12187,-2,0,-4,12,35,-4089
3120424154,12187,2,0,-1,6,14,-4090
3120425154,12187,6,1,-2,22,16,-4072
3120426154,12187,0,0,-4,8,26,-4072
3120427154,12187,7,-4,-6,16,17,-4081
3120428154,12187,8,-7,-11,14,22,-4078
3120429154,12187,3,-4,-4,17,38,-4077
3120430154,12187,3,-4,-6,23,29,-4083
3120431154,12187,4,-2,-4,19,26,-4093
3120432154,12187,4,0,-10,18,41,-4096
3120433154,12187,11,-9,-8,21,35,-4084
3120434154,12187,6,-7,-9,21,23,-4092
3120435154,12187,8,-6,-2,16,30,-4103
3120436154,12187,2,-2,-6,31,26,-4108
3120437154,12187,2,-4,-6,19,19,-4082
3120438154,12187,1,-1,-5,14,14,-4078
3120439154,12187,3,-4,-10,34,47,-4097
3120440154,12187,4,-2,-7,18,29,-4084
3120441154,12187,6,-5,-7,18,48,-4087
3120442154,12187,1,-2,-4,23,26,-4092
3120443154,12187,-1,-8,-11,24,29,-4098
3120444154,12187,6,-8,-10,22,30,-4109
3120445154,12187,5,-8,-11,16,32,-4103
3120446154,12187,6,-3,-7,10,36,-4101
3120447154,12187,2,-5,-6,22,33,-4081
3120448154,12187,4,1,-11,9,28,-4073
3120449154,12187,3,-5,-9,22,31,-4079
3120450154,12187,-1,-1,-4,5,23,-4084
3120451154,12187,2,-5,-9,16,37,-4098
3120452154,12187,4,-5,-3,22,34,-4082
3120453154,12187,1,-2,-3,13,38,-4094
3120454154,12187,1,-11,-4,14,39,-4097
3120455154,12187,5,-3,-6,33,34,-4085
3120456154,12187,0,-2,-9,30,33,-4086
3120457154,12187,3,-5,-8,24,32,-4092
3120458154,12187,1,0,-12,32,24,-4095
3120459154,12187,6,-6,-9,16,17,-4095
3120460154,12187,7,-9,-4,15,28,-4071
3120461154,12187,0,-3,-7,22,27,-4071
3120462154,12187,4,-6,-5,14,30,-4084
3120463154,12187,3,-4,-6,4,37,-4065
3120464154,12187,0,-3,-6,0,32,-4073
3120465154,12187,9,-6,-9,15,41,-4084
3120466154,12187,5,-5,-12,32,38,-4106
3120467154,12187,7,-5,-6,25,39,-4100
3120468154,12187,0,-1,-2,23,39,-4081
3120469154,12187,4,1,-4,4,37,-4103
3120470154,12187,12,-9,-4,17,24,-4096
3120471154,12187,4,-3,-3,2,23,-4098
3120472154,12187,3,2,-5,29,6,-4082
3120473154,12187,1,3,-5,31,21,-4096
3120474154,12187,2,-1,-4,15,40,-4072
3120475154,12187,7,-4,-6,32,23,-4083
3120476154,12187,3,-7,-15,35,20,-4082
3120477154,12187,4,-6,-9,22,46,-4088
3120478154,12187,3,1,-6,36,36,-4098
3120479154,12187,5,-9,-6,6,15,-4101
3120480154,12187,4,0,-6,10,31,-4086
3120481154,12187,2,-4,-7,6,30,-4075
3120482154,12187,-1,0,-8,7,33,-4094
3120483154,12187,4,-6,-6,19,31,-4094
3120484154,12187,5,-9,-8,6,30,-4081
3120485154,12187,6,-6,-1,35,43,-4082
3120486154,12187,6,-2,-7,3,38,-4073
3120487154,12187,1,0,-5,13,25,-4077
3120488154,12187,2,0,-9,20,25,-4099
3120489155,12187,2,0,-9,32,26,-4087
3120490154,12187,5,-5,-11,11,41,-4111
3120491155,12187,1,-7,-12,8,32,-4102
3120492156,12187,2,-6,-10,16,18,-4093
3120493154,12187,3,-4,-3,7,22,-4091
3120494154,12187,2,-4,-7,10,19,-4076
3120495154,12187,1,-2,-9,18,27,-4088
3120496154,12187,4,-1,-5,24,38,-4078
3120497154,12187,3,-8,-6,20,43,-4087
3120498154,12187,1,-2,-4,25,41,-4092
3120499154,12187,6,-9,-9,18,33,-4087
3120500154,12186,3,0,-6,17,40,-4083
3120501154,12186,11,-4,-5,19,38,-4098
3120502154,12186,2,-1,-8,12,23,-4101
3120503154,12186,2,0,-7,30,17,-4118
3120504154,12186,6,-6,-4,21,23,-4088
3120505154,12186,1,-5,-8,5,40,-4085
3120506154,12186,6,0,-6,18,28,-4097
3120507154,12186,3,-4,-7,7,23,-4085
3120508154,12186,2,-7,-10,4,35,-4098
3120509154,12186,2,-6,-10,17,32,-4087
3120510154,12186,0,-4,-9,7,36,-4086
3120511154,12186,8,-1,-7,19,32,-4087
3120512154,12186,6,-5,-10,9,27,-4092
3120513154,12186,2,-5,-7,-2,18,-4097
3120514154,12186,2,-4,-11,16,32,-4076
3120515154,12186,4,-3,-9,34,20,-4082
3120516154,12186,4,-6,-4,24,21,-4092
3120517154,12186,6,0,-6,18,35,-4083
3120518154,12186,0,-3,-9,13,28,-4098
3120519154,12186,4,-5,-5,16,32,-4084
3120520154,12186,5,-4,-8,12,35,-4082
3120521154,12186,3,-6,-9,13,28,-4079
3120522154,12186,4,0,-7,19,39,-4076
3120523154,12186,4,0,-3,26,34,-4084
3120524154,12186,2,-8,-6,23,32,-4089
3120525154,12186,2,-2,-12,20,37,-4097
3120526154,12186,6,-4,-3,7,26,-4080
3120527154,12186,5,-3,-6,6,35,-4086
3120528154,12186,3,-2,-5,25,26,-4074
3120529154,12186,6,-7,-11,12,34,-4088
3120530154,12186,1,0,-6,-2,30,-4072
3120531154,12186,3,-6,-3,2,23,-4082
3120532154,12186,0,0,-1,9,51,-4082
3120533154,12186,2,-3,-3,24,46,-4091
3120534154,12186,2,-7,-8,10,33,-4081
3120535154,12186,7,-5,-10,15,48,-4095
3120536154,12186,5,0,-10,23,33,-4104
3120537154,12186,5,-2,-4,23,29,-4087
3120538154,12186,5,-3,-12,13,28,-4089
3120539154,12186,2,-6,-10,27,17,-4099
3120540154,12186,4,-10,-9,11,25,-4092
3120541154,12186,10,-4,-5,15,25,-4089
3120542154,12186,2,-4,-5,20,28,-4087
3120543154,12186,6,-5,-2,19,20,-4091
3120544154,12186,0,1,-5,7,37,-4085
3120545154,12186,3,-2,-3,4,25,-4081
3120546154,12186,4,-2,-8,17,29,-4085
3120547154,12186,6,-1,-6,2,32,-4087
3120548154,12186,4,-6,-7,3,29,-4091
3120549154,12186,9,-6,-6,15,37,-4111
3120550154,12186,5,-6,-7,24,34,-4093
3120551154,12186,2,-3,-5,26,24,-4104
3120552154,12186,-1,-6,-2,7,32,-4093
3120553154,12186,6,-1,-3,15,36,-4095
3120554154,12186,5,-7,-9,13,30,-4093
3120555154,12186,4,-8,-11,11,33,-4098
3120556154,12186,6,-7,-7,19,32,-4093
3120557154,12186,2,-2,-5,5,20,-4079
3120558154,12186,2,-2,-10,28,33,-4091
3120559154,12186,-2,-5,-7,42,24,-4079
3120560154,12186,2,-6,-13,20,35,-4073
3120561154,12186,3,-9,-8,8,22,-4097
3120562154,12186,2,-4,-5,12,32,-4089
3120563154,12186,5,-3,-11,20,10,-4096
3120564154,12186,0,1,-8,-8,26,-4088
3120565154,12186,8,-2,-9,8,33,-4077
3120566154,12186,0,-7,-4,20,40,-4104
3120567154,12186,3,-11,-6,19,33,-4097
3120568154,12186,3,-5,-2,28,34,-4093
3120569154,12186,8,0,-8,25,41,-4083
3120570154,12186,1,-3,-3,21,37,-4107
3120571154,12186,8,-7,-11,22,34,-4100
3120572154,12186,0,-8,-5,31,22,-4087
3120573154,12186,7,-4,-12,33,24,-4095
3120574154,12186,5,-8,-11,24,26,-4091
3120575154,12186,4,-8,-9,6,23,-4085
3120576154,12186,6,-4,-6,13,37,-4083
3120577154,12186,4,-1,-6,7,11,-4074
3120578154,12186,3,-5,-8,22,14,-4087
3120579154,12186,5,4,-3,19,36,-4079
3120580154,12186,3,-5,-8,25,31,-4078
3120581154,12186,1,-8,-9,29,34,-4091
3120582154,12186,3,-9,-10,20,31,-4097
3120583154,12186,2,-4,-9,30,26,-4102
3120584154,12186,6,-1,-13,25,38,-4076
3120585154,12186,7,0,-10,24,25,-4101
3120586154,12186,-1,-2,-8,4,17,-4092
3120587154,12186,1,-1,-11,6,5,-4090
3120588154,12186,9,-7,-11,-5,19,-4070
3120589154,12186,3,-2,-5,8,35,-4072
3120590154,12186,4,-7,-11,28,40,-4075
3120591154,12186,4,-5,-6,32,23,-4098
3120592154,12186,12,-6,-13,25,19,-4079
3120593154,12186,8,-7,-10,26,21,-4102
3120594154,12186,1,-5,-6,23,22,-4094
3120595154,12186,3,-5,-4,30,3,-4097
3120596154,12186,3,-4,-4,15,35,-4096
3120597154,12186,3,0,-6,14,27,-4094
3120598154,12186,4,-6,-5,27,25,-4090
3120599154,12186,5,-1,-8,8,37,-4083
3120600154,12186,4,-4,-11,16,11,-4074
3120601154,12186,-1,-9,-7,1,18,-4076
3120602154,12186,3,-4,-10,9,44,-4082
3120603154,12186,3,-5,-10,15,52,-4090
3120604154,12186,-1,-8,-8,17,35,-4090
3120605154,12186,1,-4,-8,27,33,-4087
3120606154,12186,4,-2,-11,27,29,-4095
3120607154,12186,8,-6,-5,19,20,-4098
3120608154,12186,3,-1,-5,22,40,-4109
3120609154,12186,6,-5,1,10,28,-4085
3120610154,12186,3,-3,-8,0,22,-4073
3120611154,12186,5,-12,-11,12,32,-4075
3120612154,12186,4,-5,-8,5,18,-4065
3120613154,12186,4,-1,-7,22,37,-4088
3120614154,12186,5,-4,-10,11,23,-4090
3120615154,12186,6,-3,-7,5,32,-4078
3120616154,12186,3,-4,-8,20,30,-4111
3120617154,12186,4,-4,-11,10,36,-4103
3120618154,12186,3,0,-5,18,24,-4089
3120619154,12186,8,-8,-6,18,27,-4095
3120620154,12186,2,-10,-11,26,18,-4090
3120621154,12186,3,-5,-9,10,35,-4097
3120622154,12186,7,-8,-7,15,31,-4091
3120623154,12186,5,-5,-8,14,21,-4078
3120624154,12186,2,-5,-9,19,30,-4078
3120625154,12186,6,-9,-11,9,37,-4079
3120626154,12186,5,0,-3,24,20,-4084
3120627154,12186,4,0,-4,25,27,-4099
3120628154,12186,2,0,-5,28,41,-4095
3120629154,12186,0,-3,-7,31,33,-4107
3120630154,12186,3,-7,-1,18,37,-4096
3120631154,12186,8,-3,-1,10,27,-4100
3120632154,12186,3,-3,-7,23,22,-4073
3120633154,12186,2,-3,-7,8,18,-4092
3120634154,12186,4,-4,-6,1,19,-4080
3120635154,12186,3,-1,-7,6,46,-4073
3120636154,12186,5,-6,-11,23,32,-4080
3120637154,12186,5,-2,-4,14,44,-4072
3120638154,12186,5,-1,-4,25,49,-4086
3120639154,12186,5,-5,-7,40,41,-4112
3120640154,12186,1,0,-5,20,25,-4097
3120641154,12186,5,-9,-7,28,29,-4112
3120642154,12186,-1,0,-5,25,35,-4108
3120643154,12186,4,-1,-6,13,18,-4092
3120644154,12186,1,-6,-7,18,19,-4076
3120645154,12186,3,0,-6,14,12,-4086
3120646154,12186,8,-10,-2,7,30,-4084
3120647154,12186,3,-1,-6,17,23,-4070
3120648154,12186,5,-3,-5,6,39,-4079
3120649154,12186,4,-3,-8,39,41,-4076
3120650154,12186,7,-9,-8,32,33,-4081
3120651154,12186,8,-2,-12,12,32,-4086
3120652154,12186,5,-3,-7,31,27,-4094
3120653154,12186,1,-8,-7,17,32,-4115
3120654154,12186,6,-7,-6,17,40,-4097
3120655154,12186,4,-10,-10,4,22,-4101
3120656154,12186,0,0,-9,3,32,-4096
3120657154,12186,5,-9,-11,16,21,-4099
3120658154,12186,-1,-3,-11,7,37,-4078
3120659154,12186,5,-4,-8,8,31,-4080
3120660154,12186,6,-5,-7,11,34,-4083
3120661154,12186,3,1,-6,8,29,-4088
3120662154,12186,2,-5,-8,13,26,-4105
3120663154,12186,6,-2,-7,9,39,-4109
3120664154,12186,4,1,-5,21,23,-4090
3120665154,12186,4,-4,-6,29,18,-4098
3120666154,12186,0,-5,-8,7,26,-4068
3120667154,12186,3,-3,-7,11,17,-4078
3120668154,12186,2,-5,-5,21,28,-4088
3120669154,12186,-2,0,-5,17,30,-4074
3120670154,12186,1,-2,-6,15,38,-4087
3120671154,12186,6,-4,-5,9,46,-4075
3120672154,12186,4,-5,-7,15,47,-4088
3120673154,12186,7,-4,-7,21,42,-4095
3120674154,12186,3,2,-6,42,22,-4093
3120675154,12186,-1,-5,-8,25,31,-4093
3120676154,12186,2,-2,-6,7,20,-4093
3120677154,12186,3,-4,-7,9,23,-4101
3120678154,12186,6,-9,-3,13,28,-4085
3120679154,12186,6,-2,-5,4,32,-4083
3120680154,12186,2,-2,-7,-3,25,-4076
3120681154,12186,5,-5,-7,18,36,-4078
3120682154,12186,5,-5,-4,10,21,-4082
3120683154,12186,5,-6,-9,20,33,-4080
3120684154,12186,8,-9,-10,22,47,-4086
3120685154,12186,0,-5,-9,18,29,-4099
3120686154,12186,5,1,-5,31,16,-4102
3120687154,12186,1,-7,-8,18,31,-4107
3120688154,12186,5,2,-9,4,23,-4102
3120689154,12186,7,-6,-11,19,31,-4096
3120690154,12186,8,-4,-9,13,30,-4089
3120691154,12186,7,-2,-10,15,39,-4082
3120692154,12186,13,-2,-3,14,23,-4095
3120693154,12186,5,-2,-11,21,22,-4078
3120694154,12186,6,-12,-12,16,34,-4095
3120695154,12186,7,-4,-7,31,32,-4096
3120696154,12186,9,0,-6,19,39,-4093
3120697154,12186,11,-5,-7,23,31,-4106
3120698154,12186,2,-1,-8,28,31,-4100
3120699154,12186,5,-3,-6,25,37,-4091
3120700154,12186,4,-2,-3,10,36,-4093
3120701154,12186,2,-6,-5,16,34,-4092
3120702154,12186,8,-8,-7,14,24,-4082
3120703154,12186,8,-4,-15,10,37,-4093
3120704154,12186,5,0,-9,17,39,-4069
3120705154,12186,1,-10,-10,13,32,-4084
3120706154,12186,3,-3,-9,18,44,-4101
3120707154,12186,0,-5,-8,15,43,-4095
3120708154,12186,6,1,-8,15,41,-4094
3120709154,12186,8,-9,-11,15,32,-4108
3120710154,12186,1,-9,-6,9,26,-4104
3120711154,12186,-1,-2,-6,28,33,-4102
3120712154,12186,3,-1,-9,23,25,-4088
3120713154,12186,2,-7,-8,5,39,-4092
3120714154,12186,8,-6,-10,8,33,-4088
3120715154,12186,0,0,-2,6,26,-4087
3120716154,12186,-2,-8,-6,30,37,-4080
3120717154,12186,0,2,-7,5,30,-4074
3120718154,12186,6,-9,-12,18,26,-4087
3120719154,12186,7,-4,-15,12,37,-4106
3120720154,12186,5,-1,-10,21,35,-4095
3120721154,12186,11,-5,-8,24,26,-4101
3120722154,12186,9,-3,-6,24,31,-4094
3120723154,12186,4,-4,-4,28,34,-4088
3120724154,12186,-1,-3,-7,16,31,-4086
3120725154,12186,1,-1,-4,15,19,-4087
3120726154,12186,8,-11,-5,2,39,-4076
3120727154,12186,4,-2,-6,17,40,-4075
3120728154,12186,7,-2,-7,25,33,-4071
3120729154,12186,6,-9,-12,11,31,-4072
3120730154,12186,6,-5,-6,14,30,-4088
3120731154,12186,4,-6,-8,20,25,-4090
3120732154,12186,2,0,-5,27,21,-4086
3120733154,12186,5,2,-5,18,23,-4096
3120734154,12186,9,-10,-15,13,32,-4109
3120735154,12186,1,-7,-7,11,25,-4080
3120736154,12186,3,0,-7,21,20,-4075
3120737154,12186,2,-7,-8,7,34,-4087
3120738154,12186,3,-6,-8,10,30,-4078
3120739154,12186,1,-3,-5,14,32,-4072
3120740154,12186,3,-6,-5,19,43,-4096
3120741154,12186,1,-4,-4,18,33,-4077
3120742154,12186,3,-6,-7,41,15,-4098
3120743154,12186,3,0,-5,18,26,-4092
3120744154,12186,9,-6,-10,25,30,-4092
3120745154,12186,6,-8,-8,4,30,-4097
3120746154,12186,3,2,-9,11,37,-4086
3120747154,12186,0,-5,-12,18,41,-4082
3120748154,12186,4,-4,-9,4,10,-4083
3120749154,12186,0,-4,-11,4,30,-4081
3120750154,12186,3,-6,-3,17,36,-4087
3120751154,12186,2,-6,-8,13,44,-4078
3120752154,12186,1,-2,-11,30,41,-4090
3120753154,12186,3,-5,-5,25,35,-4090
3120754154,12186,4,-7,-7,34,31,-4113
3120755154,12186,5,-5,-7,18,36,-4113
3120756154,12186,10,-3,-8,23,47,-4092
3120757154,12186,7,0,-4,18,37,-4105
3120758154,12186,6,-4,-10,18,29,-4102
3120759154,12186,5,-2,-7,20,21,-4081
3120760154,12186,5,-8,-7,21,35,-4097
3120761154,12186,3,-1,-2,10,29,-4092
3120762154,12186,8,-1,-7,20,36,-4081
3120763154,12186,4,-2,-5,20,39,-4086
3120764154,12186,3,-5,-6,19,38,-4096
3120765154,12186,-1,-4,-7,39,22,-4091
3120766154,12186,0,-7,-11,11,31,-4080
3120767154,12186,4,-2,-8,7,31,-4094
3120768154,12186,7,-4,-10,18,21,-4089
3120769154,12186,6,-2,-6,6,19,-4102
3120770154,12186,6,-1,-7,18,39,-4091
3120771154,12186,7,-7,-8,23,23,-4072
3120772154,12186,6,-4,-8,31,33,-4082
3120773154,12186,4,-1,-5,3,38,-4084
3120774154,12186,0,-3,-7,12,19,-4074
3120775154,12186,8,-7,-7,16,37,-4086
3120776154,12186,5,-6,0,27,24,-4091
3120777154,12186,3,-8,-7,15,31,-4095
3120778154,12186,2,-6,-6,19,21,-4101
3120779154,12186,0,3,-1,20,44,-4084
3120780154,12186,8,-2,-7,13,28,-4096
3120781154,12186,1,-5,-7,20,23,-4071
3120782154,12186,3,-9,-10,24,37,-4091
3120783154,12186,6,-7,-6,6,36,-4088
3120784154,12186,3,1,-7,32,50,-4092
3120785154,12186,8,-9,-8,25,33,-4091
3120786154,12186,11,-5,-10,24,35,-4080
3120787154,12186,4,-7,-7,25,32,-4090
3120788154,12186,7,-3,-9,28,30,-4096
3120789154,12186,2,-1,-2,20,26,-4092
3120790154,12186,4,-4,-4,20,32,-4086
3120791154,12186,1,-3,-1,20,23,-4098
3120792154,12186,7,0,-6,28,3,-4093
3120793154,12186,11,-4,-6,13,17,-4085
3120794154,12186,11,-4,-7,8,27,-4088
3120795154,12186,9,-3,-4,10,26,-4091
3120796154,12186,6,-1,-2,19,43,-4074
3120797154,12186,1,-3,-7,17,30,-4082
3120798154,12186,5,-3,-7,15,22,-4079
3120799154,12186,4,-6,-5,12,27,-4078
3120800154,12186,0,-5,-1,23,24,-4103
3120801154,12186,7,-4,-8,16,37,-4079
3120802154,12186,0,-6,-5,17,38,-4091
3120803154,12186,7,-6,-3,-1,31,-4101
3120804154,12186,4,-6,-5,26,29,-4089
3120805154,12186,2,-3,-5,22,25,-4084
3120806154,12186,0,1,-6,23,26,-4086
3120807154,12186,1,-5,-6,21,30,-4088
3120808154,12186,1,-2,-2,14,37,-4087
3120809154,12186,11,-4,-9,14,37,-4088
3120810154,12186,5,-2,-9,16,50,-4107
3120811154,12186,-2,-3,-3,15,39,-4095
3120812154,12186,6,-6,-8,21,35,-4091
3120813154,12186,3,-4,-4,10,24,-4105
3120814154,12186,5,-4,-10,6,30,-4089
3120815154,12186,7,-2,-8,11,51,-4078
3120816154,12186,8,-5,-11,-9,41,-4073
3120817154,12186,5,-4,-10,4,39,-4069
3120818154,12186,5,-2,-10,14,42,-4068
3120819154,12186,2,-2,-6,28,29,-4072
3120820154,12186,8,-6,-6,14,24,-4075
3120821154,12186,2,0,-3,17,27,-4103
3120822154,12186,4,-4,-8,23,27,-4103
3120823154,12186,9,-2,-4,26,17,-4107
3120824154,12186,3,-6,-8,23,27,-4104
3120825154,12186,-1,-1,-9,29,41,-4102
3120826154,12186,5,-4,-6,13,45,-4104
3120827154,12186,0,-7,-6,9,38,-4104
3120828154,12186,4,-8,-8,18,36,-4109
3120829154,12186,-1,-6,-10,6,34,-4084
3120830154,12186,-1,-3,-14,2,30,-4089
3120831154,12186,4,-6,-11,1,40,-4096
3120832154,12186,1,-9,-6,14,36,-4090
3120833154,12186,3,-10,-9,15,33,-4090
3120834154,12186,3,2,-5,3,35,-4093
3120835154,12186,-2,-1,-10,13,29,-4099
3120836154,12186,1,-8,-8,1,14,-4090
3120837154,12186,1,-5,-2,-1,24,-4059
3120838154,12186,-2,-10,-5,13,16,-4074
3120839154,12186,8,2,-6,24,31,-4057
3120840154,12186,8,-5,1,41,24,-4068
3120841154,12186,11,-2,-11,28,31,-4053
3120842154,12186,4,-6,-7,26,32,-4058
3120843154,12186,3,-2,-6,36,29,-4071
3120844154,12186,6,-6,-10,39,33,-4073
3120845154,12186,2,-2,-9,42,46,-4078
3120846154,12186,3,-8,-9,46,30,-4096
3120847154,12186,4,-5,-7,28,30,-4094
3120848154,12186,6,-2,-4,26,35,-4102
3120849154,12186,11,-10,-8,0,35,-4101
3120850154,12186,-1,1,-9,20,22,-4083
3120851154,12186,2,-11,-6,9,38,-4100
3120852154,12186,5,-7,-8,3,29,-4091
3120853154,12186,4,-1,-6,5,36,-4092
3120854154,12186,8,-4,-4,0,53,-4091
3120855154,12186,7,-5,-3,7,43,-4120
3120856154,12186,4,-4,-6,6,41,-4108
3120857154,12186,9,-6,-6,16,38,-4102
3120858154,12186,6,-1,-9,16,43,-4094
3120859154,12186,4,-3,-9,14,28,-4098
3120860154,12186,2,-3,-5,25,33,-4092
3120861154,12186,7,2,-2,26,29,-4086
3120862154,12186,7,-5,-9,24,18,-4082
3120863154,12186,5,-3,-7,27,25,-4072
3120864154,12186,5,-3,-10,12,25,-4070
3120865154,12186,3,-4,-6,25,29,-4086
3120866154,12186,2,-1,-9,19,24,-4080
3120867154,12186,3,-2,-9,24,26,-4077
3120868154,12186,4,-2,-7,18,24,-4070
3120869154,12186,5,-2,-12,24,21,-4087
3120870154,12186,11,-6,-11,23,28,-4097
3120871154,12186,0,-2,-5,18,32,-4082
3120872154,12186,2,-6,-7,30,22,-4102
3120873154,12186,3,-6,-6,-13,22,-4090
3120874154,12186,10,-5,-8,10,34,-4086
3120875154,12186,8,-2,-4,3,34,-4081
3120876154,12186,3,-5,-9,20,39,-4097
3120877154,12186,3,-5,-7,22,37,-4100
3120878154,12186,1,-4,-7,13,42,-4103
3120879154,12186,3,-7,-5,7,22,-4111
3120880154,12186,-7,-5,-3,19,40,-4111
3120881154,12186,3,-6,-8,4,34,-4091
3120882154,12186,5,-3,-8,5,34,-4080
3120883154,12186,5,-4,-9,15,38,-4099
3120884154,12186,3,-1,-7,12,22,-4085
3120885154,12186,2,2,-11,4,20,-4070
3120886154,12186,3,-3,-6,19,36,-4085
3120887154,12186,6,-7,-6,14,42,-4082
3120888154,12186,2,-4,-5,11,48,-4075
3120889154,12186,1,-5,-6,33,36,-4087
3120890154,12186,3,-5,-9,19,37,-4094
3120891154,12186,3,-6,-6,36,36,-4083
3120892154,12186,0,-4,-4,27,29,-4112
3120893154,12186,3,0,-5,12,20,-4093
3120894154,12186,6,-12,-11,10,35,-4089
3120895154,12186,1,-2,-6,14,23,-4079
3120896154,12186,2,-7,-6,10,44,-4080
3120897154,12186,5,-8,-14,13,30,-4086
3120898154,12186,3,-6,-6,11,39,-4080
3120899154,12186,3,-4,-5,3,37,-4085
3120900154,12186,5,-2,-6,10,33,-4075
3120901154,12186,-3,1,-8,14,28,-4082
3120902154,12186,12,-7,-11,11,40,-4102
3120903154,12186,-1,1,-6,8,35,-4073
3120904154,12186,3,-3,-6,22,17,-4100
3120905154,12186,4,-9,-7,11,37,-4104
3120906154,12186,2,-6,-4,10,34,-4095
3120907154,12186,1,-4,-8,11,28,-4085
3120908154,12186,5,-7,-6,8,42,-4074
3120909154,12186,4,-6,-7,24,59,-4074
3120910154,12186,5,-8,-6,45,45,-4068
3120911154,12186,9,-8,-7,26,36,-4114
3120912154,12186,-3,-4,-5,22,35,-4100
3120913154,12186,10,-13,-6,36,37,-4090
3120914154,12186,6,-6,-6,23,16,-4078
3120915154,12186,10,-9,-11,22,23,-4098
3120916154,12186,5,-5,-7,-1,21,-4096
3120917154,12186,4,-3,-9,0,20,-4087
3120918154,12186,10,-2,-9,2,34,-4076
3120919154,12186,6,-12,-11,1,41,-4079
3120920154,12186,3,-4,-8,-11,18,-4099
3120921154,12186,2,-5,-5,-8,38,-4085
3120922154,12186,-1,-4,-6,-10,41,-4094
3120923154,12186,4,3,-4,6,32,-4101
3120924154,12186,0,0,-5,14,36,-4110
3120925154,12186,4,-1,-10,12,40,-4105
3120926154,12186,3,-1,-4,3,39,-4100
3120927154,12186,3,-2,-4,15,36,-4103
3120928154,12186,1,-6,-8,23,22,-4107
3120929154,12186,3,-11,-8,37,22,-4105
3120930154,12186,0,4,2,10,18,-4089
3120931154,12186,2,-5,-9,28,40,-4081
3120932154,12186,3,-7,-5,17,31,-4080
3120933154,12186,5,-2,-1,18,33,-4073
3120934154,12186,5,-10,-2,23,22,-4082
3120935154,12186,4,-4,-10,13,22,-4073
3120936154,12186,6,-4,-5,23,24,-4083
3120937154,12186,6,0,-8,15,32,-4086
3120938154,12186,4,0,-9,25,23,-4083
3120939154,12186,-1,-5,-6,21,27,-4080
3120940154,12186,4,-5,-4,26,18,-4068
3120941154,12186,4,-3,-9,19,32,-4086
3120942154,12186,5,-8,-7,12,27,-4078
3120943154,12186,4,-6,-7,33,21,-4080
3120944154,12186,5,-3,-9,35,36,-4085
3120945154,12186,3,-7,-9,27,40,-4085
3120946154,12186,5,3,-9,9,44,-4083
3120947154,12186,0,-4,-8,14,40,-4090
3120948154,12186,0,-4,-2,23,29,-4083
3120949154,12186,1,-2,-4,29,34,-4100
3120950154,12186,4,-2,-4,21,26,-4093
3120951154,12186,6,-3,-8,22,21,-4079
3120952154,12186,5,-1,-9,6,41,-4102
3120953154,12186,2,-1,-6,-3,20,-4085
3120954154,12186,0,-2,-7,21,34,-4076
3120955154,12186,3,-9,0,21,47,-4111
3120956154,12186,6,-4,-5,14,34,-4082
3120957154,12186,1,-5,-8,24,28,-4095
3120958154,12186,5,-8,-6,10,44,-4100
3120959154,12186,2,-3,-11,20,34,-4085
3120960154,12186,6,-1,-10,19,31,-4114
3120961154,12186,3,-6,-9,29,19,-4086
3120962154,12186,2,2,-8,8,33,-4075
3120963154,12186,3,-8,-14,33,25,-4079
3120964154,12186,4,-9,-7,20,24,-4095
3120965154,12186,3,-1,-5,13,22,-4084
3120966154,12186,3,-6,-4,19,22,-4092
3120967154,12186,-1,-6,-9,15,20,-4090
3120968154,12186,6,-1,-11,19,31,-4095
3120969154,12186,6,-2,-5,22,30,-4087
3120970154,12186,3,-8,-9,14,39,-4091
3120971154,12186,3,-4,-4,11,36,-4094
3120972154,12186,0,-3,-6,13,16,-4109
3120973154,12186,3,-5,-12,-1,25,-4101
3120974154,12186,-1,-4,-11,4,35,-4105
3120975154,12186,6,-3,-15,23,30,-4075
3120976154,12186,4,3,-8,27,37,-4094
3120977154,12186,9,-9,-6,15,41,-4103
3120978154,12186,2,-6,-7,6,24,-4089
3120979154,12186,3,-5,-7,26,32,-4082
3120980154,12186,2,-6,-4,21,40,-4085
3120981154,12186,4,0,-6,20,45,-4096
3120982154,12186,4,-7,-12,3,46,-4089
3120983154,12186,8,-6,-8,15,29,-4083
3120984154,12186,5,-4,-8,22,26,-4081
3120985154,12186,4,-1,-6,15,30,-4088
3120986154,12186,8,-3,-7,-7,39,-4092
3120987154,12186,6,-3,-6,4,47,-4081
3120988154,12186,1,-5,-6,13,43,-4068
3120989154,12186,2,0,-5,5,34,-4090
3120990154,12186,2,3,-8,24,34,-4094
3120991154,12186,0,0,-4,28,30,-4091
3120992154,12186,4,-6,-7,24,33,-4080
3120993154,12186,2,-6,-10,20,24,-4090
3120994154,12186,1,3,-8,33,15,-4086
3120995154,12186,1,-3,-6,40,13,-4094
3120996154,12186,7,-4,-8,21,23,-4078
3120997154,12186,8,-3,-4,17,25,-4084
3120998154,12186,7,-3,-8,31,36,-4084
3120999154,12186,2,-2,-10,30,22,-4078
3121000154,12186,0,-4,-8,26,21,-4097
3121001154,12186,4,-4,-6,6,36,-4083
3121002154,12186,2,-2,-4,14,12,-4082
3121003154,12186,6,-4,-5,11,17,-4077
3121004154,12186,4,-6,-3,13,30,-4089
3121005154,12186,-2,0,-9,3,11,-4098
3121006154,12186,1,-13,-9,33,25,-4081
3121007154,12186,6,-8,-11,18,31,-4081
3121008154,12186,-2,1,-10,30,27,-4093
3121009154,12186,7,-1,-8,0,20,-4105
3121010154,12186,7,-3,-7,29,22,-4086
3121011154,12186,5,-3,-3,16,19,-4075
3121012154,12186,5,-4,-8,0,28,-4087
3121013154,12186,5,3,-4,23,28,-4086
3121014154,12186,7,-8,-8,23,35,-4087
3121015154,12186,4,-5,-11,17,30,-4088
3121016154,12186,6,-11,-6,35,24,-4096
3121017154,12186,5,-7,-7,14,33,-4090
3121018154,12186,1,-5,-5,13,35,-4079
3121019154,12186,3,-4,-5,12,38,-4085
3121020154,12186,6,-6,-7,7,40,-4084
3121021154,12186,0,-7,-7,16,32,-4087
3121022154,12186,3,-4,-4,26,49,-4095
3121023154,12186,1,-1,-6,1,42,-4089
3121024154,12186,-1,-3,-4,20,32,-4111
3121025154,12186,1,-4,-6,34,52,-4105
3121026154,12186,8,-3,-4,29,21,-4095
3121027154,12186,10,-10,-2,24,28,-4098
3121028154,12186,10,-9,-9,16,29,-4094
3121029154,12186,4,0,-5,19,31,-4086
3121030154,12186,3,-6,-2,25,27,-4081
3121031154,12186,3,-4,-6,26,16,-4080
3121032154,12186,0,-8,-5,22,25,-4090
3121033154,12186,4,-6,-10,25,30,-4078
3121034154,12186,13,-5,-9,21,50,-4083
3121035154,12186,0,0,-6,38,19,-4071
3121036154,12186,4,-5,-16,20,25,-4089
3121037154,12186,6,-8,-10,8,45,-4081
3121038154,12186,4,-1,-6,15,24,-4079
3121039154,12186,0,-4,-7,27,32,-4087
3121040154,12186,-5,-9,-8,32,22,-4079
3121041154,12186,3,-5,-8,18,17,-4094
3121042154,12186,4,-1,-4,19,26,-4091
3121043154,12186,11,-9,-9,11,26,-4093
3121044154,12186,5,-5,-5,23,30,-4085
3121045154,12186,0,-3,-7,6,35,-4080
3121046154,12186,9,-5,-5,6,15,-4108
3121047154,12186,1,-2,-5,5,28,-4102
3121048154,12186,2,-3,-2,20,39,-4076
3121049154,12186,4,-7,-9,17,31,-4075
3121050154,12186,6,0,-2,20,26,-4104
3121051154,12186,7,-6,-3,22,29,-4097
3121052154,12186,3,-11,-7,22,30,-4094
3121053154,12186,13,-7,-13,15,31,-4078
3121054154,12186,7,-3,-7,29,34,-4077
3121055154,12186,4,-1,-5,13,24,-4081
3121056154,12186,4,-6,-8,18,23,-4069
3121057154,12186,4,-3,-8,16,36,-4082
3121058154,12186,2,-1,-9,11,23,-4084
3121059154,12186,3,-1,-6,38,37,-4092
3121060154,12186,7,-4,-8,24,20,-4076
3121061154,12186,8,-5,-5,24,23,-4098
3121062154,12186,1,-10,-4,26,33,-4097
3121063154,12186,7,-3,-4,30,29,-4111
3121064154,12186,4,-6,-6,16,25,-4087
3121065154,12186,5,-5,-9,23,26,-4088
3121066154,12186,5,-3,-3,11,38,-4092
3121067154,12186,4,-4,-7,17,36,-4081
3121068154,12186,10,-8,-10,3,35,-4106
3121069154,12186,2,-5,-5,1,33,-4090
3121070154,12186,5,-9,-8,15,31,-4079
3121071154,12186,4,-5,-10,17,42,-4096
3121072154,12186,4,-3,-7,5,27,-4079
3121073154,12186,7,-11,-7,25,11,-4099
3121074154,12186,1,-2,-4,10,31,-4102
3121075154,12186,3,1,-2,19,35,-4111
3121076154,12186,4,-2,-6,14,28,-4113
3121077154,12186,2,1,-5,19,27,-4101
3121078154,12186,5,-7,-10,5,19,-4099
3121079154,12186,1,-7,-3,16,21,-4093
3121080154,12186,3,-4,-8,18,38,-4087
3121081154,12186,4,-3,-5,9,24,-4090
3121082154,12186,4,-3,-6,12,27,-4090
3121083154,12186,8,-4,-9,12,33,-4091
3121084154,12186,6,-3,-7,10,34,-4086
3121085154,12186,2,-4,-7,29,27,-4085
3121086154,12186,10,-8,-8,25,12,-4099
3121087154,12186,2,-3,-8,14,19,-4089
3121088154,12186,4,-1,-6,19,42,-4085
3121089154,12186,0,-3,-7,6,22,-4091
3121090154,12186,4,-4,-10,6,29,-4075
3121091154,12186,4,-3,-9,27,31,-4091
3121092154,12186,3,-7,-6,33,43,-4088
3121093154,12186,0,-5,-8,16,37,-4084
3121094154,12186,7,-2,-7,17,28,-4093
3121095154,12186,2,3,-4,15,35,-4090
3121096154,12186,8,0,-9,17,26,-4098
3121097154,12186,0,-2,-6,6,15,-4113
3121098154,12186,1,1,-6,18,22,-4101
3121099154,12186,-5,4,-2,3,25,-4087
3121100154,12186,7,-3,-8,4,25,-4077
3121101154,12186,4,-7,-7,5,25,-4087
3121102154,12186,4,-7,-4,2,31,-4074
3121103154,12186,3,-5,-8,6,27,-4087
3121104154,12186,2,0,-8,11,37,-4083
3121105154,12186,6,-9,-9,20,42,-4074
3121106154,12186,4,-4,-7,20,38,-4082
3121107154,12186,5,-7,-7,23,29,-4081
3121108154,12186,3,-6,-5,24,33,-4097
3121109154,12186,3,-4,-1,25,21,-4086
3121110154,12186,2,-2,-8,24,28,-4076
3121111154,12186,1,-6,-5,11,22,-4090
3121112154,12186,4,0,-5,7,42,-4081
3121113154,12186,8,-4,-5,21,42,-4079
3121114154,12186,0,2,-9,6,42,-4085
3121115154,12186,-1,-1,-6,4,37,-4083
3121116154,12186,12,-5,-3,15,24,-4099
3121117154,12186,3,-6,-9,16,24,-4085
3121118154,12186,4,-5,-11,8,37,-4099
3121119154,12186,6,-8,-8,6,42,-4084
3121120154,12186,2,-4,-8,19,28,-4089
3121121154,12186,2,-7,-7,16,9,-4096
3121122154,12186,2,-2,-11,10,22,-4108
3121123154,12186,7,-8,-10,9,33,-4085
3121124154,12186,3,-1,-7,6,32,-4066
3121125154,12186,-2,-3,-11,7,39,-4085
3121126154,12186,7,-6,-9,35,30,-4104
3121127154,12186,4,-6,-13,26,36,-4083
3121128154,12186,4,-7,-11,23,25,-4083
3121129154,12186,4,-3,-6,28,32,-4097
3121130154,12186,1,0,-5,25,33,-4080
3121131154,12186,2,-3,-8,34,43,-4082
3121132154,12186,3,-7,-8,19,21,-4099
3121133154,12186,6,-3,-8,1,36,-4089
3121134154,12186,3,1,-5,14,30,-4080
3121135154,12186,6,-6,-6,7,31,-4100
3121136154,12186,3,-6,-12,-3,18,-4089
3121137154,12186,8,-9,-9,23,37,-4093
3121138154,12186,6,-5,-9,3,33,-4087
3121139154,12186,3,-8,-10,22,30,-4097
3121140154,12186,2,-5,-9,23,26,-4087
3121141154,12186,1,1,-10,19,31,-4109
3121142154,12186,2,-3,-4,10,40,-4091
3121143154,12186,5,-2,-8,31,23,-4067
3121144154,12186,3,0,-5,14,12,-4087
3121145154,12186,7,-3,-15,22,13,-4069
3121146154,12186,2,2,-5,11,7,-4091
3121147154,12186,8,-5,-7,23,24,-4078
3121148154,12186,4,-7,-5,15,40,-4085
3121149154,12186,-1,-4,-3,23,30,-4081
3121150154,12186,7,-4,-10,15,44,-4093
3121151154,12186,2,-4,-9,20,26,-4091
3121152154,12186,3,-9,-9,11,31,-4082
3121153154,12186,1,-4,-8,20,29,-4075
3121154154,12186,6,0,-9,19,44,-4084
3121155154,12186,1,-7,-5,15,24,-4081
3121156154,12186,3,-6,-5,4,25,-4083
3121157154,12186,3,-6,-11,22,33,-4094
3121158154,12186,3,-7,-7,24,23,-4077
3121159154,12186,1,-1,-6,26,40,-4091
3121160154,12186,4,-3,-11,27,31,-4078
3121161154,12186,4,-8,-7,25,32,-4071
3121162154,12186,3,-4,-9,14,50,-4095
3121163154,12186,4,-5,-5,10,40,-4086
3121164154,12186,8,-3,-7,21,24,-4077
3121165154,12186,3,-4,-7,12,26,-4087
3121166154,12186,6,-6,-7,9,28,-4086
3121167154,12186,1,-1,-3,14,25,-4098
3121168154,12186,3,-2,-7,21,27,-4089
3121169154,12186,6,-5,-10,26,24,-4104
3121170154,12186,5,-7,-9,22,11,-4100
3121171154,12186,6,-10,-5,19,20,-4100
3121172154,12186,0,-5,-6,14,33,-4082
3121173154,12186,3,-1,-8,12,38,-4080
3121174154,12186,2,-5,-7,14,36,-4086
3121175154,12186,4,-4,-8,0,30,-4090
3121176154,12186,6,-7,-10,13,37,-4083
3121177154,12186,0,-4,-5,21,20,-4087
3121178154,12186,8,-1,-8,3,35,-4086
3121179154,12186,5,-7,-8,21,25,-4095
3121180154,12186,2,-5,-9,35,27,-4104
3121181154,12186,0,-3,-7,28,12,-4104
3121182154,12186,2,-4,-4,23,34,-4091
3121183154,12186,4,-3,-6,20,33,-4093
3121184154,12186,3,-1,-6,5,32,-4095
3121185154,12186,5,-6,-7,28,24,-4090
3121186154,12186,2,2,-4,11,25,-4098
3121187154,12186,1,-7,-10,24,36,-4086
3121188154,12186,8,-4,-8,15,28,-4080
3121189154,12186,8,-3,-8,15,18,-4083
3121190154,12186,6,-7,-12,19,31,-4089
3121191154,12186,3,1,-5,14,27,-4085
3121192154,12186,5,-13,-14,12,30,-4092
3121193154,12186,5,-5,-11,27,38,-4104
3121194154,12186,0,1,-9,14,23,-4100
3121195154,12186,2,-9,-6,20,25,-4092
3121196154,12186,3,-4,-9,5,27,-4083
3121197154,12186,9,-4,-7,29,26,-4089
3121198154,12186,6,-8,-8,12,36,-4089
3121199154,12186,2,1,-5,2,45,-4079
3121200154,12186,2,-2,-6,21,49,-4091
3121201154,12186,8,-2,-5,28,29,-4084
3121202154,12186,3,-1,-8,16,20,-4084
3121203154,12186,4,-6,-3,16,31,-4092
3121204154,12186,4,-2,-7,12,25,-4091
3121205154,12186,10,-3,-11,13,27,-4090
3121206154,12186,9,-7,-13,10,24,-4089
3121207154,12186,3,-1,-7,16,20,-4079
3121208154,12186,1,-2,-3,23,43,-4088
3121209154,12186,7,-2,-6,11,40,-4081
3121210154,12186,-1,-2,-6,10,35,-4091
3121211154,12186,5,-8,-12,21,30,-4080
3121212154,12186,1,-4,-3,17,36,-4079
3121213154,12186,3,-2,-8,24,42,-4093
3121214154,12186,5,-3,-8,16,41,-4082
3121215154,12186,5,-2,-5,26,42,-4095
3121216154,12186,8,-3,-11,20,17,-4087
3121217154,12186,4,-4,-8,30,43,-4094
3121218154,12186,0,-3,-12,22,21,-4093
3121219154,12186,7,-3,-12,23,43,-4084
3121220154,12186,5,0,-6,14,28,-4086
3121221154,12186,1,-4,-4,9,39,-4077
3121222154,12186,6,-8,-11,23,43,-4094
3121223154,12186,0,3,-6,20,33,-4097
3121224154,12186,6,-2,-3,19,30,-4094
3121225154,12186,4,-9,-7,8,35,-4100
3121226154,12186,-1,-9,-6,21,26,-4079
3121227154,12186,4,-7,-6,17,36,-4091
3121228154,12186,3,-3,-2,24,34,-4088
3121229154,12186,7,0,-4,16,37,-4086
3121230154,12186,3,-8,-4,11,31,-4073
3121231154,12186,2,-1,-4,5,30,-4086
3121232154,12186,3,-5,-6,12,21,-4073
3121233154,12186,1,-10,-10,26,30,-4089
3121234154,12186,3,-5,-9,11,19,-4090
3121235154,12186,7,-4,-6,25,22,-4087
3121236154,12186,5,-7,-5,27,32,-4085
3121237154,12186,-2,1,-7,19,41,-4088
3121238154,12186,9,-3,-6,13,23,-4079
3121239154,12186,6,-2,-9,23,22,-4083
3121240154,12186,3,-3,-5,13,20,-4074
3121241154,12186,7,-4,-8,5,20,-4084
3121242154,12186,2,-4,-5,6,22,-4091
3121243154,12186,5,-4,-5,19,30,-4083
3121244154,12186,8,-6,-6,16,24,-4091
3121245154,12186,6,-2,-4,9,24,-4078
3121246154,12186,11,-9,-10,6,25,-4108
3121247154,12186,4,-9,-9,13,33,-4097
3121248154,12186,3,-4,-10,21,31,-4094
3121249154,12186,6,-6,-9,26,23,-4081
3121250154,12186,-1,1,-4,14,25,-4089
3121251154,12186,7,-9,-11,5,22,-4092
3121252154,12186,4,-7,-3,23,43,-4105
3121253154,12186,3,-4,-7,4,29,-4088
3121254154,12186,6,-6,-9,25,38,-4085
3121255154,12186,2,3,-8,7,27,-4081
3121256154,12186,3,-5,-7,12,15,-4091
3121257154,12186,7,-6,-9,16,22,-4102
3121258154,12186,1,-4,-9,17,29,-4078
3121259154,12186,0,-5,-6,2,36,-4086
3121260154,12186,1,-8,-10,6,47,-4084
3121261154,12186,1,-8,-7,24,28,-4084
3121262154,12186,4,-7,-5,14,23,-4076
3121263154,12186,-2,-2,-6,28,35,-4102
3121264154,12186,6,-3,-6,20,37,-4091
3121265154,12186,8,-2,-8,20,30,-4096
3121266154,12186,7,-6,-5,19,37,-4097
3121267154,12186,4,-8,-8,24,33,-4083
3121268154,12186,1,-7,-5,22,36,-4065
3121269154,12186,4,-2,-9,14,36,-4091
3121270154,12186,6,-4,-6,10,49,-4085
3121271154,12186,6,1,-8,5,23,-4098
3121272154,12186,8,0,-4,16,30,-4097
3121273154,12186,6,0,-3,32,30,-4074
3121274154,12186,3,-4,-6,23,29,-4089
3121275154,12186,7,-3,-2,12,35,-4086
3121276154,12186,8,1,-7,6,32,-4075
3121277154,12186,6,-3,-8,18,40,-4085
3121278154,12186,3,-5,-5,14,31,-4091
3121279154,12186,0,-2,-4,25,34,-4094
3121280154,12186,1,2,-3,12,22,-4094
3121281154,12186,0,-3,-7,14,31,-4086
3121282154,12186,2,3,-8,28,29,-4092
3121283154,12186,11,-11,-10,15,40,-4096
3121284154,12186,4,-6,-10,18,28,-4096
3121285154,12186,3,-8,-11,15,43,-4077
3121286154,12186,5,-3,-4,9,24,-4095
3121287154,12186,-1,-5,-5,11,26,-4094
3121288154,12186,7,-7,-10,4,37,-4095
3121289154,12186,8,-4,-8,6,29,-4083
3121290154,12186,0,-3,-8,34,27,-4095
3121291154,12186,3,-3,-4,19,37,-4102
3121292154,12186,4,-4,-13,9,31,-4090
3121293154,12186,3,-1,-7,7,23,-4103
3121294154,12186,6,-2,-9,9,37,-4102
3121295154,12186,6,-2,-6,20,24,-4083
3121296154,12186,4,-2,-5,15,38,-4081
3121297154,12186,2,-3,-6,20,26,-4085
3121298154,12186,1,-1,-14,8,19,-4077
3121299154,12186,8,-4,-8,28,25,-4081
3121300154,12186,4,1,-3,15,25,-4090
3121301154,12186,3,-4,-10,15,31,-4082
3121302154,12186,6,-11,-9,15,18,-4094
3121303154,12186,1,-4,-8,16,30,-4094
3121304154,12186,4,-8,-7,18,33,-4097
3121305154,12186,6,-5,-7,26,19,-4076
3121306154,12186,6,-1,-6,4,31,-4076
3121307154,12186,-1,-4,-1,19,32,-4080
3121308154,12186,3,3,-5,20,37,-4086
3121309154,12186,3,-2,-6,15,23,-4098
3121310154,12186,5,-4,-9,-10,31,-4095
3121311154,12186,3,-1,-8,14,31,-4093
3121312154,12186,8,-8,-8,13,33,-4077
3121313154,12186,10,0,-2,10,35,-4086
3121314154,12186,-1,-2,-7,32,34,-4082
3121315154,12186,5,-1,-11,17,40,-4078
3121316154,12186,4,-6,-4,23,33,-4072
3121317154,12186,7,-8,-9,20,36,-4090
3121318154,12186,2,-5,-3,19,31,-4094
3121319154,12186,-1,0,-5,8,39,-4081
3121320154,12186,4,-3,-13,23,41,-4078
3121321154,12186,5,-6,-12,18,18,-4061
3121322154,12186,8,-4,-14,26,41,-4083
3121323154,12186,5,-5,-10,39,41,-4079
3121324154,12186,-4,0,-12,15,32,-4081
3121325154,12186,3,0,-5,23,35,-4085
3121326154,12186,5,-6,-6,24,33,-4096
3121327154,12186,7,0,-8,16,20,-4110
3121328154,12186,1,1,-4,4,21,-4107
3121329154,12186,4,-9,-10,19,35,-4087
3121330154,12186,0,-7,-7,20,31,-4098
3121331154,12186,5,-7,-4,9,23,-4090
3121332154,12186,3,-5,-5,29,31,-4098
3121333154,12186,3,-5,-3,30,36,-4102
3121334154,12186,9,-9,-4,18,28,-4100
3121335154,12186,1,-8,-8,19,39,-4101
3121336154,12186,3,-1,-7,8,22,-4103
3121337154,12186,1,-3,-9,7,26,-4096
3121338154,12186,0,-1,-8,12,22,-4087
3121339154,12186,4,-5,-4,4,22,-4095
3121340154,12186,4,-2,-8,21,22,-4091
3121341154,12186,2,-3,-2,11,22,-4070
3121342154,12186,1,-2,-4,24,31,-4092
3121343154,12186,7,-3,-10,10,37,-4098
3121344154,12186,0,0,-10,15,26,-4099
3121345154,12186,5,-2,-9,16,38,-4083
3121346154,12186,0,-5,-4,28,47,-4085
3121347154,12186,0,1,-6,24,42,-4095
3121348154,12186,6,-6,-9,11,30,-4088
3121349154,12186,4,-1,-8,11,36,-4092
3121350154,12186,7,-5,-4,26,23,-4084
3121351154,12186,0,2,-4,22,33,-4093
3121352154,12186,8,-3,-3,7,36,-4078
3121353154,12186,4,-8,-5,24,24,-4042
3121354154,12186,7,-7,-6,22,25,-4060
3121355154,12186,1,-1,-6,13,24,-4081
3121356154,12186,3,-2,-6,33,13,-4078
3121357154,12186,-1,-3,-3,30,12,-4035
3121358154,12186,7,-6,-10,17,23,-4058
3121359154,12186,2,-5,-6,42,-5,-4066
3121360154,12186,4,-3,-11,48,30,-4077
3121361154,12186,11,-1,-9,19,20,-4080
3121362154,12186,4,-2,-8,46,24,-4069
3121363154,12186,8,-9,-8,43,19,-4076
3121364154,12186,5,-5,-10,13,11,-4090
3121365154,12186,0,-5,-8,34,4,-4087
3121366154,12186,4,-13,-5,15,17,-4115
3121367154,12186,5,-6,-7,14,28,-4118
3121368154,12186,2,-7,-9,18,41,-4123
3121369154,12186,0,-1,-7,18,46,-4118
3121370154,12186,7,-1,-9,-14,46,-4120
3121371154,12186,4,-7,-8,-8,29,-4115
3121372154,12186,4,-7,-6,-15,35,-4110
3121373154,12186,1,-3,-7,-21,27,-4103
3121374154,12186,3,-6,-3,-4,50,-4096
3121375154,12186,7,-2,-3,-1,41,-4075
3121376154,12186,4,-6,-3,-7,33,-4071
3121377154,12186,6,-2,-3,10,23,-4082
3121378154,12186,1,0,-6,10,25,-4080
3121379154,12186,7,-3,-4,13,29,-4094
3121380154,12186,6,0,-6,43,29,-4078
3121381154,12186,8,-5,-4,41,34,-4068
3121382154,12186,9,-6,-6,29,26,-4075
3121383154,12186,4,0,-5,26,31,-4085
3121384154,12186,3,-2,-8,42,35,-4075
3121385154,12186,7,-7,-4,45,21,-4068
3121386154,12186,9,-2,-8,37,12,-4087
3121387154,12186,1,-7,-11,31,13,-4090
3121388154,12186,4,-7,-13,20,34,-4088
3121389154,12186,-1,-6,-8,30,30,-4097
3121390154,12186,4,-2,-15,12,22,-4110
3121391154,12186,3,-2,-10,15,47,-4101
3121392154,12186,0,-6,-5,12,40,-4106
3121393154,12186,1,-5,-8,-8,40,-4112
3121394154,12186,3,1,-5,-13,28,-4119
3121395154,12186,5,-3,-6,4,32,-4097
3121396154,12186,7,-3,-8,-9,37,-4085
3121397154,12186,3,-5,-8,0,45,-4107
3121398154,12186,7,-4,-4,16,43,-4088
3121399154,12186,4,-6,-5,10,48,-4098
3121400154,12186,7,-5,-7,12,31,-4082
3121401154,12186,3,6,-2,7,26,-4089
3121402154,12186,4,-3,-3,6,31,-4106
3121403154,12186,4,-4,-6,14,23,-4091
3121404154,12186,2,-6,-1,24,24,-4079
3121405154,12186,-1,-3,-1,25,15,-4076
3121406154,12186,5,-6,-9,31,27,-4079
3121407154,12186,4,-8,-6,29,15,-4088
3121408154,12186,3,-7,-4,28,25,-4063
3121409154,12186,6,-6,-8,28,35,-4075
3121410154,12186,3,-3,-8,24,31,-4080
3121411154,12186,1,-9,-7,27,33,-4089
3121412154,12186,5,-3,-11,29,26,-4090
3121413154,12186,7,0,-11,21,0,-4073
3121414154,12186,9,-4,-7,15,21,-4074
3121415154,12186,0,-2,-8,3,26,-4084
3121416154,12186,10,-2,-4,12,30,-4082
3121417154,12186,6,-2,-12,13,19,-4088
3121418154,12186,3,-3,-4,15,37,-4090
3121419154,12186,2,-4,-6,16,36,-4117
3121420154,12186,2,-1,-5,0,27,-4110
3121421154,12186,6,-5,-5,-12,25,-4092
3121422154,12186,7,-10,-7,11,29,-4095
3121423154,12186,-1,-2,-5,1,34,-4103
3121424154,12186,3,-2,-7,11,35,-4105
3121425154,12186,4,-5,-9,3,45,-4098
3121426154,12186,4,3,-5,12,55,-4085
3121427154,12186,7,-3,-8,18,42,-4087
3121428154,12186,2,-4,-7,14,57,-4113
3121429154,12186,4,4,-1,21,53,-4088
3121430154,12186,5,-4,-9,14,46,-4100
3121431154,12186,3,-5,-8,19,33,-4077
3121432154,12186,6,-7,-6,35,52,-4079
3121433154,12186,1,-2,-2,18,51,-4086
3121434154,12186,2,-3,-5,31,22,-4096
3121435156,12186,4,-8,-7,11,45,-4076
3121436154,12186,7,-2,-4,18,38,-4089
3121437154,12186,4,-4,-5,15,39,-4089
3121438154,12186,5,-1,-7,24,48,-4095
3121439154,12186,7,1,-9,9,39,-4077
3121440154,12186,2,-3,-11,15,26,-4100
3121441154,12186,4,-2,-8,15,46,-4089
3121442154,12186,6,0,-10,6,32,-4081
3121443154,12186,11,-9,-13,29,19,-4103
3121444154,12186,4,-2,-7,16,38,-4088
3121445154,12186,0,-2,-13,-8,19,-4089
3121446154,12186,1,-7,-6,17,12,-4072
3121447154,12186,1,0,-10,4,18,-4093
3121448154,12186,3,-1,-5,17,15,-4104
3121449154,12186,4,-4,-8,8,19,-4101
3121450154,12186,7,1,-6,15,35,-4098
3121451154,12186,12,-1,-7,8,20,-4092
3121452154,12186,4,-1,-7,10,18,-4091
3121453154,12186,0,0,-9,15,27,-4095
3121454154,12186,10,-8,-4,25,38,-4100
3121455154,12186,5,-3,-4,6,21,-4085
3121456154,12186,3,-6,-8,3,23,-4084
3121457154,12186,3,-6,-9,21,27,-4074
3121458154,12186,1,-1,-7,27,23,-4074
3121459154,12186,4,-5,-12,30,28,-4076
3121460154,12186,6,-1,-10,16,35,-4068
3121461154,12186,0,1,-1,24,29,-4078
3121462154,12186,14,-3,-10,11,34,-4078
3121463154,12186,4,3,-6,16,29,-4070
3121464154,12186,8,-9,-6,34,21,-4073
3121465154,12186,5,-6,4,14,38,-4072
3121466154,12186,6,0,-3,38,27,-4082
3121467154,12186,4,0,-7,26,35,-4079
3121468154,12186,4,-6,-8,21,34,-4078
3121469154,12186,6,-5,-8,2,24,-4085
3121470154,12186,4,0,-5,7,27,-4092
3121471154,12186,4,-2,-11,6,35,-4087
3121472154,12186,1,-3,-10,30,53,-4094
3121473154,12186,6,-4,-7,32,32,-4085
3121474154,12186,2,-3,-11,25,32,-4084
3121475154,12186,5,-7,-7,19,33,-4077
3121476154,12186,5,-1,-6,19,38,-4078
3121477154,12186,2,0,-7,5,38,-4077
3121478154,12186,-1,-5,-5,23,38,-4079
3121479154,12186,4,0,-9,30,32,-4075
3121480154,12186,5,-7,-6,17,38,-4076
3121481154,12186,1,-1,-3,28,33,-4064
3121482154,12186,5,-3,-3,16,43,-4077
3121483154,12186,2,0,-4,29,34,-4086
3121484154,12186,3,1,-4,27,26,-4082
3121485154,12186,6,-3,-5,13,34,-4083
3121486154,12186,-1,-6,-7,12,34,-4099
3121487154,12186,1,3,-5,33,26,-4089
3121488154,12186,4,-2,-4,15,28,-4093
3121489154,12186,6,-2,-9,12,26,-4097
3121490154,12186,2,-5,-10,11,18,-4092
3121491154,12186,6,-7,-9,2,32,-4112
3121492154,12186,3,-3,-11,5,23,-4093
3121493154,12186,2,2,-12,20,14,-4090
3121494154,12186,3,-6,-12,16,36,-4085
3121495154,12186,7,3,-9,47,21,-4105
3121496154,12186,7,-7,-7,26,23,-4099
3121497154,12186,2,-3,-8,34,16,-4113
3121498154,12186,4,-5,-8,23,14,-4117
3121499154,12186,6,-6,-8,7,25,-4106
3121500154,12186,3,-3,-4,2,18,-4098
3121501154,12186,4,-5,-3,14,37,-4096
3121502154,12186,1,-6,-4,30,23,-4098
3121503154,12186,3,-8,-6,16,45,-4089
3121504154,12186,4,-4,-4,9,42,-4097
3121505154,12186,5,-3,-2,-2,30,-4080
3121506154,12186,6,-1,-10,13,24,-4074
3121507154,12186,8,-4,-4,24,44,-4080
3121508154,12186,5,-2,-12,16,29,-4089
3121509154,12186,3,-4,-4,10,42,-4081
3121510154,12186,5,-6,-6,5,10,-4099
3121511154,12186,0,-1,-6,31,14,-4068
3121512154,12186,3,-7,-14,32,22,-4082
3121513154,12186,2,-2,-9,13,45,-4073
3121514154,12186,2,-1,-7,28,58,-4073
3121515154,12186,4,-2,-12,26,44,-4092
3121516154,12186,2,-2,-10,32,41,-4093
3121517154,12186,7,-2,-10,44,33,-4093
3121518154,12186,2,-4,-8,30,52,-4096
3121519154,12186,3,-3,-4,28,48,-4098
3121520154,12186,5,-1,-7,21,42,-4110
3121521154,12186,1,-3,-9,22,37,-4104
3121522154,12186,4,-8,-3,15,46,-4048
3121523154,12186,8,-9,-9,9,22,-3998
3121524154,12186,4,-4,-8,-35,-20,-4073
3121525154,12186,6,-3,-4,-19,5,-4094
3121526154,12186,4,-6,-3,19,20,-4118
3121527154,12186,-2,0,-5,36,45,-4116
3121528154,12186,5,-5,-7,31,52,-4091
3121529154,12186,3,-2,-8,16,35,-4126
3121530154,12186,4,-5,-2,0,32,-4155
3121531154,12186,1,-7,-4,-2,49,-4117
3121532154,12186,3,-5,-4,12,67,-4119
3121533154,12186,7,-2,-6,35,57,-4071
3121534154,12186,10,-10,-6,25,46,-4070
3121535154,12186,9,-2,-5,-16,19,-4062
3121536154,12186,11,-3,-10,-4,-10,-4066
3121537154,12186,1,-4,-8,-7,33,-4071
3121538154,12186,4,1,-4,29,48,-4042
3121539154,12186,6,-8,-10,42,18,-4059
3121540154,12186,-1,-2,-6,16,39,-4097
3121541154,12186,1,-6,-2,47,15,-4078
3121542154,12186,4,0,-8,39,12,-4076
3121543154,12186,0,0,-7,36,44,-4080
3121544154,12186,8,-7,-6,36,89,-4027
3121545154,12186,15,-9,-6,74,-20,-4025
3121546154,12186,6,-9,-8,-52,-41,-4121
3121547154,12186,4,-3,-8,-4,46,-4087
3121548154,12186,1,-1,-5,33,25,-4060
3121549154,12186,4,-7,-9,36,36,-4073
3121550154,12186,8,-10,-16,23,76,-4131
3121551154,12186,2,-5,-10,15,18,-4149
3121552154,12186,3,-3,-7,28,14,-4155
3121553154,12186,2,-9,-7,-24,102,-4165
3121554154,12186,7,-6,-9,-9,80,-4139
3121555154,12186,4,-4,-7,12,36,-4108
3121556154,12186,4,-1,-6,-16,48,-4094
3121557154,12186,4,-5,-7,-25,54,-4085
3121558154,12186,9,-12,-8,-3,28,-4062
3121559154,12186,3,-1,-9,28,44,-4037
3121560154,12186,4,-5,-9,-2,55,-4078
3121561154,12186,2,-3,-5,17,68,-4070
3121562154,12186,2,-2,-2,49,27,-4071
3121563154,12186,-3,-3,-8,33,45,-4061
3121564154,12186,7,0,-5,47,51,-4090
3121565154,12186,2,-5,-4,75,30,-4077
3121566154,12186,6,1,-1,34,26,-4065
3121567154,12186,3,-2,0,33,41,-4068
3121568154,12186,8,-7,-5,28,26,-4073
3121569154,12186,2,-5,-7,28,9,-4061
3121570154,12186,5,-1,-11,18,10,-4061
3121571154,12186,3,-7,-10,15,30,-4079
3121572154,12186,4,-6,-10,17,17,-4087
3121573154,12186,9,-12,-9,29,28,-4107
3121574154,12186,0,-8,-9,13,23,-4124
3121575154,12186,5,-2,-6,7,23,-4121
3121576154,12186,5,-7,-13,6,29,-4125
3121577154,12186,2,-4,-6,-2,19,-4115
3121578154,12186,-1,-1,-3,-3,30,-4123
3121579154,12186,3,-6,-10,0,19,-4084
3121580154,12186,1,1,-2,7,22,-4092
3121581154,12186,3,-8,-1,-9,25,-4065
3121582154,12186,5,-3,-7,-7,30,-4075
3121583154,12186,3,2,-7,7,20,-4083
3121584154,12186,8,-4,-7,16,34,-4092
3121585154,12186,2,-3,-7,28,36,-4083
3121586154,12186,6,1,0,38,25,-4086
3121587154,12186,3,-6,-7,15,34,-4079
3121588154,12186,2,-6,-6,30,22,-4088
3121589154,12186,3,-3,-6,27,20,-4078
3121590154,12186,3,0,-8,23,30,-4076
3121591154,12186,2,0,-10,18,24,-4069
3121592154,12186,2,1,-5,22,29,-4065
3121593154,12186,8,-4,-9,21,35,-4066
3121594154,12186,3,-8,-8,13,44,-4059
3121595154,12186,1,-5,-7,30,47,-4091
3121596154,12186,0,-1,-5,14,44,-4085
3121597154,12186,3,-2,-7,19,59,-4095
3121598154,12186,7,0,-8,16,48,-4120
3121599154,12186,8,0,-9,18,35,-4092
3121600154,12186,4,-3,-11,1,22,-4112
3121601154,12186,6,-6,-7,2,43,-4106
3121602154,12186,4,-5,-9,5,22,-4104
3121603154,12186,16,-11,-11,7,46,-4086
3121604154,12186,6,-4,-7,-13,30,-4082
3121605154,12186,6,-5,-10,15,32,-4073
3121606154,12186,0,-5,-11,16,34,-4086
3121607154,12186,4,4,-8,27,50,-4095
3121608154,12186,7,-4,-8,11,16,-4077
3121609154,12186,3,2,-3,31,26,-4105
3121610154,12186,10,-1,-2,23,16,-4090
3121611154,12186,9,-5,-6,23,20,-4095
3121612154,12186,1,-1,-8,27,17,-4087
3121613154,12186,10,-4,-6,31,12,-4073
3121614154,12186,3,-4,-7,10,32,-4064
3121615154,12186,4,-2,-5,22,31,-4072
3121616154,12186,1,-1,-6,36,22,-4081
3121617154,12186,5,-7,-6,25,11,-4089
3121618154,12186,5,-1,-3,23,26,-4073
3121619154,12186,-1,-2,-3,14,27,-4085
3121620154,12186,2,0,-8,9,28,-4103
3121621154,12186,5,-8,-8,17,19,-4099
3121622154,12186,8,-5,-4,22,17,-4084
3121623154,12186,2,-7,-9,14,11,-4089
3121624154,12186,3,-3,-12,17,29,-4078
3121625154,12186,0,-4,-8,16,20,-4083
3121626154,12186,8,-5,-7,16,38,-4085
3121627154,12186,7,-10,-10,7,39,-4088
3121628154,12186,6,-4,-9,28,35,-4085
3121629154,12186,5,-7,-7,14,42,-4104
3121630154,12186,3,-7,-12,12,7,-4097
3121631154,12186,3,-1,-7,11,29,-4101
3121632154,12186,3,-6,-4,30,34,-4096
3121633154,12186,0,2,-5,16,25,-4102
3121634154,12186,1,-3,-4,39,36,-4084
3121635154,12186,1,-8,-3,-2,43,-4090
3121636154,12186,2,-1,-8,24,45,-4070
3121637154,12186,6,-4,-7,13,42,-4088
3121638154,12186,4,-5,-9,20,39,-4089
3121639154,12186,0,-2,-5,27,44,-4092
3121640154,12186,0,-3,-5,9,31,-4085
3121641154,12186,4,-3,-9,28,25,-4097
3121642154,12186,1,-5,-6,37,46,-4101
3121643154,12186,7,-4,-12,22,28,-4092
3121644154,12186,7,-4,-8,8,31,-4098
3121645154,12186,6,-4,-7,16,37,-4099
3121646154,12186,4,-4,-5,4,16,-4103
3121647154,12186,6,-5,-9,11,35,-4096
3121648154,12186,3,2,-7,18,27,-4091
3121649154,12186,4,-4,-9,26,43,-4083
3121650154,12186,3,-1,-3,21,22,-4090
3121651154,12186,6,-5,-4,13,37,-4102
3121652154,12186,2,-4,-6,9,34,-4104
3121653154,12186,5,-4,-13,14,29,-4093
3121654154,12186,8,-2,-7,9,24,-4085
3121655154,12186,5,5,-2,-6,25,-4091
3121656154,12186,2,0,-7,10,18,-4098
3121657154,12186,7,0,-8,20,35,-4088
3121658154,12186,0,-2,-6,8,20,-4092
3121659154,12186,4,-7,-7,20,42,-4079
3121660154,12186,3,2,-6,24,27,-4070
3121661154,12186,4,-5,-7,31,26,-4103
3121662154,12186,4,-5,-4,21,25,-4085
3121663154,12186,5,1,-6,0,24,-4091
3121664154,12186,10,-7,-4,25,26,-4091
3121665154,12186,6,-11,-11,7,22,-4072
3121666154,12186,-1,-4,-3,19,25,-4069
3121667154,12186,3,-6,-6,27,18,-4098
3121668154,12186,6,-5,-8,12,21,-4089
3121669154,12186,5,-3,-4,35,48,-4082
3121670154,12186,2,-7,-8,19,33,-4090
3121671154,12186,3,0,-4,18,25,-4095
3121672154,12186,2,-14,-8,15,43,-4094
3121673154,12186,5,-2,-11,1,26,-4069
3121674154,12186,2,-3,-8,8,49,-4101
3121675154,12186,5,-8,-7,25,42,-4087
3121676154,12186,6,-1,-8,12,39,-4076
3121677154,12186,4,-3,-12,22,39,-4085
3121678154,12186,0,-6,-8,28,32,-4091
3121679154,12186,-1,-1,-4,29,29,-4090
3121680154,12186,3,-9,-5,13,29,-4072
3121681154,12186,5,-7,-4,17,35,-4083
3121682154,12186,7,-2,-4,6,50,-4083
3121683154,12186,7,-5,-4,20,26,-4094
3121684154,12186,0,-2,-6,22,36,-4082
3121685154,12186,-1,-5,-6,16,40,-4093
3121686154,12186,1,-7,-5,18,34,-4083
3121687154,12186,0,-2,-3,14,40,-4093
3121688154,12186,6,-4,-3,18,27,-4088
3121689154,12186,3,3,-10,20,41,-4098
3121690154,12186,5,-1,-10,23,21,-4095
3121691154,12186,12,-7,-8,16,28,-4090
3121692154,12186,3,-4,-10,0,23,-4091
3121693154,12186,1,-8,-8,14,18,-4103
3121694154,12186,4,-6,-8,14,27,-4089
3121695154,12186,2,-4,-7,8,28,-4100
3121696154,12186,1,-9,-4,9,35,-4088
3121697154,12186,9,-3,-8,18,25,-4084
3121698154,12186,4,2,-7,15,34,-4104
3121699154,12186,7,-3,-9,11,33,-4090
3121700154,12186,2,-5,-10,38,20,-4094
3121701154,12186,5,-6,-7,31,45,-4091
3121702154,12186,7,-6,-6,28,25,-4093
3121703154,12186,7,-4,-5,13,24,-4095
3121704154,12186,4,-13,-8,7,32,-4101
3121705154,12186,9,-4,0,20,19,-4075
3121706154,12186,5,-4,-10,18,29,-4099
3121707154,12186,5,-6,-6,16,31,-4074
3121708154,12186,0,0,-6,30,33,-4083
3121709154,12186,3,-4,-7,21,33,-4077
3121710154,12186,7,-10,-5,22,22,-4095
3121711154,12186,2,-4,-5,3,26,-4096
3121712154,12186,3,-2,-3,28,20,-4094
3121713154,12186,6,-3,-6,11,40,-4091
3121714154,12186,5,-3,-3,15,27,-4076
3121715154,12186,5,-6,-6,-6,24,-4065
3121716154,12186,3,0,-8,30,37,-4048
3121717154,12186,4,-11,-10,33,29,-4062
3121718154,12186,9,-4,-7,19,37,-4058
3121719154,12186,-1,-4,-7,30,36,-4068
3121720154,12186,1,-4,-7,27,28,-4076
3121721154,12186,7,1,-9,24,35,-4080
3121722154,12186,2,-4,-5,20,24,-4098
3121723154,12186,7,-8,-6,28,31,-4098
3121724154,12186,2,-3,-9,22,22,-4107
3121725154,12186,3,0,-2,39,25,-4104
3121726154,12186,5,-8,-10,28,22,-4108
3121727154,12186,-2,-3,-12,11,35,-4109
3121728154,12186,4,-11,-11,11,23,-4093
3121729154,12186,4,-9,-8,4,28,-4102
3121730154,12186,-2,2,-3,3,37,-4105
3121731154,12186,3,-10,-7,2,39,-4099
3121732154,12186,2,-3,-7,-12,37,-4103
3121733154,12186,4,-5,-9,-6,45,-4090
3121734154,12186,5,-8,-13,-8,30,-4084
3121735154,12186,7,-6,-4,6,19,-4083
3121736154,12186,7,-6,-8,11,28,-4087
3121737154,12186,8,-3,-5,20,26,-4086
3121738154,12186,2,-4,-5,13,22,-4056
3121739154,12186,3,2,-4,27,31,-4070
3121740154,12186,6,0,-8,36,20,-4057
3121741154,12186,7,-8,-8,27,31,-4072
3121742154,12186,0,-5,-8,48,43,-4089
3121743154,12186,2,-2,1,34,28,-4085
3121744154,12186,5,-4,-10,46,21,-4099
3121745154,12186,4,-9,-10,30,29,-4093
3121746154,12186,5,-6,-7,20,31,-4093
3121747154,12186,8,-9,-11,6,23,-4091
3121748154,12186,6,-4,-13,13,30,-4092
3121749154,12186,4,-3,-6,15,27,-4086
3121750154,12186,-1,-2,-11,15,46,-4098
3121751154,12186,3,-2,-9,-12,29,-4097
3121752154,12186,3,-2,-8,7,46,-4095
3121753154,12186,0,-4,-9,6,50,-4095
3121754154,12186,4,-12,-10,10,50,-4105
3121755154,12186,3,-8,-5,13,42,-4107
3121756154,12186,4,-5,-3,13,42,-4114
3121757154,12186,4,-4,-4,15,37,-4110
3121758154,12186,2,-6,-8,8,48,-4111
3121759154,12186,7,0,-6,16,35,-4106
3121760154,12186,9,-6,-10,22,36,-4103
3121761154,12186,7,-2,-7,21,36,-4083
3121762154,12186,2,-2,-8,10,36,-4100
3121763154,12186,12,-12,-9,14,23,-4059
3121764154,12186,8,-3,-13,14,27,-4084
3121765154,12186,2,-2,-7,42,30,-4056
3121766154,12186,4,-8,-6,35,21,-4066
3121767154,12186,0,-1,-5,32,21,-4071
3121768154,12186,2,-8,-7,33,20,-4078
3121769154,12186,2,-5,-5,35,17,-4085
3121770154,12186,7,-8,-11,36,26,-4084
3121771154,12186,-1,-3,-11,17,24,-4091
3121772154,12186,3,-2,-6,8,14,-4084
3121773154,12186,3,-7,-9,20,10,-4112
3121774154,12186,10,-12,-6,9,31,-4089
3121775154,12186,2,-7,-2,12,50,-4092
3121776154,12186,5,-5,-7,15,44,-4100
3121777154,12186,4,-6,-13,13,42,-4081
3121778154,12186,1,-8,-9,11,33,-4100
3121779154,12186,6,-9,-9,-3,34,-4088
3121780154,12186,2,-4,-7,4,14,-4099
3121781154,12186,6,-6,-10,20,21,-4089
3121782154,12186,5,-1,-9,15,43,-4066
3121783154,12186,4,0,-4,11,21,-4086
3121784154,12186,6,-2,-9,23,14,-4084
3121785154,12186,-1,0,-4,14,24,-4080
3121786154,12186,2,-7,-1,28,37,-4077
3121787154,12186,7,-7,-7,34,28,-4073
3121788154,12186,2,0,-5,36,48,-4084
3121789154,12186,8,-3,-3,26,40,-4112
3121790154,12186,8,-3,-11,31,32,-4096
3121791154,12186,3,-1,-3,26,40,-4090
3121792154,12186,7,-10,-9,32,25,-4098
3121793154,12186,7,-7,-7,18,27,-4089
3121794154,12186,3,2,-6,20,24,-4092
3121795154,12186,2,-7,-9,35,17,-4093
3121796154,12186,5,-2,-4,-6,37,-4074
3121797154,12186,9,-7,-7,30,30,-4090
3121798154,12186,6,-11,-11,12,43,-4083
3121799154,12186,1,-1,-6,9,36,-4091
3121800154,12186,7,-9,-5,13,52,-4105
3121801154,12186,-1,-5,-10,16,29,-4086
3121802154,12186,5,-4,-4,8,42,-4099
3121803154,12186,6,-6,-9,26,37,-4100
3121804154,12186,4,3,-4,6,37,-4098
3121805154,12186,3,-2,-9,24,36,-4097
3121806154,12186,4,-4,-11,13,37,-4090
3121807154,12186,9,-6,-9,19,24,-4104
3121808154,12186,-1,-6,-8,10,41,-4098
3121809154,12186,-3,-2,-8,18,42,-4097
3121810154,12186,4,-7,-1,19,41,-4090
3121811154,12186,6,-7,-3,18,56,-4092
3121812154,12186,4,-7,-4,30,37,-4093
3121813154,12186,12,-5,-6,23,27,-4096
3121814154,12186,8,-4,-7,8,20,-4093
3121815154,12186,4,-1,-9,30,18,-4094
3121816154,12186,5,-2,-8,27,19,-4086
3121817154,12186,3,-6,-9,13,32,-4086
3121818154,12186,8,-3,-4,25,40,-4078
3121819154,12186,6,-3,-7,18,27,-4082
3121820154,12186,7,-6,-6,10,40,-4082
3121821154,12186,6,-2,-5,9,33,-4090
3121822154,12186,8,-8,-8,12,34,-4084
3121823154,12186,6,-9,-7,35,47,-4096
3121824154,12186,7,-8,-7,22,36,-4093
3121825154,12186,9,2,-7,24,28,-4085
3121826154,12186,1,-3,-4,24,41,-4078
3121827154,12186,3,-9,-6,32,16,-4095
3121828154,12186,5,0,-4,9,30,-4088
3121829154,12186,8,-5,-7,16,31,-4090
3121830154,12186,3,-6,-8,13,40,-4081
3121831154,12186,2,0,-8,22,41,-4086
3121832154,12186,2,-14,-4,23,37,-4081
3121833154,12186,7,-2,-8,31,37,-4095
3121834154,12186,-2,-4,-4,23,39,-4079
3121835154,12186,4,0,-2,11,41,-4086
3121836154,12186,4,-1,-5,5,41,-4101
3121837154,12186,7,-7,-5,1,53,-4070
3121838154,12186,2,1,-10,10,46,-4056
3121839154,12186,7,0,-9,49,52,-4044
3121840154,12186,8,-1,-10,33,50,-4055
3121841154,12186,6,2,-4,39,37,-4073
3121842154,12186,8,-5,-6,27,23,-4081
3121843154,12186,11,-6,-9,39,21,-4073
3121844154,12186,5,-6,-12,40,-4,-4081
3121845154,12186,1,-3,-12,35,7,-4085
3121846154,12186,10,-7,-9,24,13,-4088
3121847154,12186,8,-1,-5,32,26,-4093
3121848154,12186,11,-7,-8,3,21,-4113
3121849154,12186,4,-1,-8,12,32,-4101
3121850154,12186,3,-2,-10,29,43,-4111
3121851154,12186,11,-3,-6,16,46,-4100
3121852154,12186,4,-10,-8,-2,37,-4106
3121853154,12186,6,-8,-8,-9,36,-4111
3121854154,12186,2,-9,-5,-12,30,-4103
3121855154,12186,4,-2,-9,1,28,-4095
3121856154,12186,9,-8,-10,10,35,-4095
3121857154,12186,6,-10,-9,10,36,-4092
3121858154,12186,5,-3,-4,11,24,-4094
3121859154,12186,7,-9,-8,-2,23,-4104
3121860154,12186,4,-2,-11,6,37,-4104
3121861154,12186,3,1,-1,12,24,-4078
3121862154,12186,5,0,-4,25,21,-4057
3121863154,12186,3,1,-11,17,36,-4053
3121864154,12186,11,-6,-11,25,34,-4085
3121865154,12186,10,2,-8,43,26,-4069
3121866154,12186,6,-3,-4,40,35,-4044
3121867154,12186,6,-5,-7,50,37,-4054
3121868154,12186,5,-3,-4,59,30,-4051
3121869154,12186,7,-4,-7,42,27,-4073
3121870154,12186,6,-12,-8,27,20,-4089
3121871154,12186,4,-9,-4,33,9,-4071
3121872154,12186,6,-7,-14,21,33,-4080
3121873154,12186,7,-4,-5,14,18,-4107
3121874154,12186,9,-7,-9,0,48,-4104
3121875154,12186,1,-7,-7,-8,33,-4123
3121876154,12186,5,-6,-10,4,66,-4122
3121877154,12186,9,-10,-4,-7,43,-4110
3121878154,12186,8,-5,-3,-21,56,-4125
3121879154,12186,6,-2,-5,5,40,-4124
3121880154,12186,6,-6,-5,5,38,-4127
3121881154,12186,4,0,-3,-14,40,-4112
3121882154,12186,6,-6,-8,12,34,-4094
3121883154,12186,11,-10,-14,24,21,-4075
3121884154,12186,5,-7,-6,13,10,-4065
3121885154,12186,8,-8,-5,16,-5,-4057
3121886154,12186,5,-9,-12,7,5,-4055
3121887154,12186,6,-6,-10,33,17,-4058
3121888154,12186,5,-12,-12,32,8,-4067
3121889154,12186,5,-9,-11,28,19,-4066
3121890154,12186,-5,1,-2,29,21,-4071
3121891154,12186,8,-7,-9,11,58,-4085
3121892154,12186,1,-2,-10,21,43,-4085
3121893154,12186,5,-5,-10,7,47,-4088
3121894154,12186,10,-4,-13,32,34,-4105
3121895154,12186,5,0,-6,16,45,-4084
3121896154,12186,5,-6,-3,-4,35,-4104
3121897154,12186,7,-1,-4,22,27,-4082
3121898154,12186,10,2,-7,12,35,-4070
3121899154,12186,5,2,-11,26,43,-4069
3121900154,12186,3,4,-7,50,50,-4075
3121901154,12186,12,-1,-8,31,52,-4082
3121902154,12186,14,-5,-12,42,47,-4079
3121903154,12186,9,-3,-6,39,30,-4088
3121904154,12186,12,-3,-3,30,23,-4092
3121905154,12186,8,0,-4,32,27,-4068
3121906154,12186,9,-8,-10,32,6,-4101
3121907154,12186,8,-3,-4,-3,-5,-4096
3121908154,12186,6,-9,-8,-1,15,-4094
3121909154,12186,8,-7,-4,17,21,-4090
3121910154,12186,8,-5,-10,-19,26,-4092
3121911154,12186,6,-7,-8,-21,42,-4126
3121912154,12186,4,-4,-7,-15,69,-4111
3121913154,12186,5,-6,-8,-15,61,-4126
3121914154,12186,7,-9,-6,-24,28,-4130
3121915154,12186,9,-6,-8,-5,13,-4108
3121916154,12186,4,-1,-2,-2,34,-4095
3121917154,12186,6,0,0,22,29,-4084
3121918154,12186,11,-3,-8,23,10,-4081
3121919154,12186,13,-7,-6,35,6,-4071
3121920154,12186,14,-8,-11,49,4,-4039
3121921154,12186,8,0,-6,52,2,-4070
3121922154,12186,9,-2,-7,53,-22,-4073
3121923154,12186,6,-11,-8,63,-16,-4073
3121924154,12186,-2,3,-9,56,-34,-4088
3121925154,12186,2,-4,-11,51,-22,-4099
3121926154,12186,6,-2,-11,51,0,-4084
3121927154,12186,4,-1,-10,48,4,-4092
3121928154,12186,6,-7,-13,15,14,-4088
3121929154,12186,6,-5,-11,12,39,-4087
3121930154,12186,7,-6,-16,-12,43,-4104
3121931154,12186,5,-12,-5,-24,50,-4098
3121932154,12186,10,-1,-8,-27,72,-4093
3121933154,12186,6,-7,-8,-35,49,-4090
3121934154,12186,10,-10,-4,-33,44,-4088
3121935154,12186,11,-7,-3,-5,34,-4097
3121936154,12186,9,-7,2,-21,44,-4092
3121937154,12186,8,-3,-3,-14,22,-4102
3121938154,12186,5,0,0,-4,22,-4091
3121939154,12186,8,-3,-6,0,18,-4070
3121940154,12186,4,-2,-7,33,4,-4069
3121941154,12186,7,3,-12,24,-1,-4081
3121942154,12186,4,-1,-9,52,12,-4053
3121943154,12186,8,-3,-13,53,16,-4057
3121944154,12186,6,-3,-7,49,22,-4074
3121945154,12186,2,-5,-7,47,29,-4078
3121946154,12186,-1,-6,-8,57,48,-4087
3121947154,12186,10,-4,-10,47,58,-4070
3121948154,12186,4,-3,-9,29,54,-4071
3121949154,12186,4,-9,-8,5,53,-4094
3121950154,12186,6,-4,-6,23,57,-4090
3121951154,12186,3,-6,-7,-5,54,-4104
3121952154,12186,6,-7,-5,-15,52,-4094
3121953154,12186,6,-8,-15,-12,55,-4073
3121954154,12186,1,-8,-4,4,50,-4086
3121955154,12186,10,-2,-9,4,63,-4120
3121956154,12186,3,-1,-8,37,48,-4088
3121957154,12186,10,-5,-9,28,51,-4110
3121958154,12186,11,0,-7,25,57,-4102
3121959154,12186,5,0,-5,9,32,-4093
3121960154,12186,7,-1,-11,2,13,-4082
3121961154,12186,4,3,-3,-32,24,-4102
3121962154,12186,4,-2,-1,16,36,-4084
3121963154,12186,6,1,-7,17,39,-4084
3121964154,12186,7,-4,-11,13,44,-4073
3121965154,12186,10,-7,-8,-11,41,-4088
3121966154,12186,8,-5,-8,27,36,-4077
3121967154,12186,8,-2,-7,10,37,-4089
3121968154,12186,7,-3,-12,8,31,-4100
3121969154,12186,1,-5,-6,25,22,-4078
3121970154,12186,4,-3,-12,29,39,-4092
3121971154,12186,9,-3,-6,25,13,-4097
3121972154,12186,6,-1,-4,36,29,-4105
3121973154,12186,10,-4,-10,33,31,-4104
3121974154,12186,5,-6,-5,42,32,-4099
3121975154,12186,7,-3,-11,12,31,-4100
3121976154,12186,7,-9,-10,17,32,-4084
3121977154,12186,6,-5,-6,-3,25,-4065
3121978154,12186,8,-3,-11,28,38,-4087
3121979154,12186,9,-8,-11,19,17,-4050
3121980154,12186,3,-2,-5,30,36,-4084
3121981154,12186,3,-1,-13,19,34,-4107
3121982154,12186,-1,-1,-8,45,27,-4097
3121983154,12186,0,4,-2,22,39,-4100
3121984154,12186,9,-5,-9,23,13,-4104
3121985154,12186,7,-5,-6,23,19,-4111
3121986154,12186,4,-2,-9,17,29,-4093
3121987154,12186,13,-10,-7,23,27,-4079
3121988154,12186,8,1,-7,34,33,-4076
3121989154,12186,1,-5,-7,40,32,-4077
3121990154,12186,7,1,-6,34,22,-4067
3121991154,12186,7,2,-9,45,29,-4086
3121992154,12186,11,-8,-6,43,27,-4104
3121993154,12186,4,3,-4,69,33,-4085
3121994154,12186,10,-5,-9,62,33,-4107
3121995154,12186,13,-5,-12,71,40,-4104
3121996154,12186,6,-2,-7,79,39,-4096
3121997154,12186,9,-2,-5,84,22,-4094
3121998154,12186,7,-1,-8,158,7,-4117
3121999154,12186,5,-4,-13,162,-8,-4089
3122000154,12186,10,-4,-9,169,32,-4076
3122001154,12186,8,-6,-12,122,53,-4117
3122002154,12186,9,-9,-9,111,42,-4071
3122003154,12186,9,-9,-9,110,27,-4039
3122004154,12186,5,-8,-10,114,37,-4086
3122005154,12186,8,-9,-13,112,73,-4071
3122006154,12186,12,-7,-5,95,49,-4082
3122007154,12186,10,-12,-10,76,23,-4075
3122008154,12186,13,-15,-11,63,16,-4080
3122009154,12186,9,-4,-8,44,22,-4077
3122010154,12186,7,-9,-9,46,34,-4081
3122011154,12186,7,-10,-13,24,36,-4068
3122012154,12186,7,-10,-9,29,44,-4086
3122013154,12185,3,-9,-8,4,27,-4090
3122014154,12185,5,-6,-12,7,10,-4094
3122015154,12185,13,-8,-12,13,21,-4094
3122016154,12185,10,-9,-7,-12,30,-4104
3122017154,12185,8,-8,-11,11,26,-4096
3122018154,12185,9,-1,-6,9,25,-4106
3122019154,12185,15,-7,-11,-1,17,-4105
3122020154,12185,6,-5,-7,-9,19,-4107
3122021154,12185,7,0,-15,-25,14,-4090
3122022154,12185,8,-8,-13,-2,20,-4080
3122023154,12184,7,0,-13,-1,21,-4086
3122024154,12184,11,-7,-10,-2,18,-4086
3122025154,12184,8,2,-11,3,28,-4105
3122026154,12184,5,-2,-8,4,11,-4082
3122027154,12184,8,-6,-13,12,14,-4090
3122028154,12184,4,2,-9,20,28,-4091
3122029154,12184,9,-12,-8,9,51,-4087
3122030154,12184,6,-4,-11,12,31,-4089
3122031154,12184,7,-13,-16,18,35,-4089
3122032154,12183,10,-5,-15,16,46,-4082
3122033154,12183,8,-3,-16,27,46,-4077
3122034154,12183,8,-1,-12,16,32,-4076
3122035154,12183,9,-3,-17,9,31,-4077
3122036154,12183,10,-2,-13,43,25,-4082
3122037154,12183,13,-11,-14,33,38,-4076
3122038154,12183,9,-9,-17,38,42,-4084
3122039154,12183,12,-10,-12,36,57,-4081
3122040154,12183,6,-10,-17,34,56,-4087
3122041154,12183,2,-7,-9,29,58,-4095
3122042154,12183,10,-9,-17,51,36,-4102
3122043154,12183,8,-5,-15,67,36,-4100
3122044154,12183,6,-6,-13,59,6,-4100
3122045154,12183,8,-8,-21,78,4,-4080
3122046154,12183,3,-3,-19,86,-1,-4114
3122047154,12183,10,0,-23,84,41,-4089
3122048154,12183,9,-8,-22,72,26,-4049
3122049154,12183,14,-2,-21,53,35,-4078
3122050154,12183,4,-8,-22,55,40,-4098
3122051154,12183,13,-17,-24,57,46,-4093
3122052154,12183,5,-3,-20,91,23,-4086
3122053154,12183,11,-8,-20,70,33,-4083
3122054154,12183,8,-7,-22,47,48,-4112
3122055154,12183,7,-9,-22,31,54,-4098
3122056154,12183,6,-18,-20,40,46,-4079
3122057154,12183,7,-8,-16,35,33,-4079
3122058154,12183,4,-9,-18,25,41,-4104
3122059154,12183,8,-10,-16,32,42,-4097
3122060154,12183,1,-7,-19,21,27,-4090
3122061154,12183,8,-8,-18,18,41,-4106
3122062154,12183,7,-14,-20,-3,25,-4111
3122063154,12183,3,-8,-20,26,37,-4117
3122064154,12183,9,-10,-18,4,39,-4112
3122065154,12183,8,-7,-11,29,42,-4100
3122066154,12183,4,-9,-15,3,21,-4090
3122067154,12183,3,-8,-10,5,35,-4075
3122068154,12183,9,-3,-11,9,17,-4091
3122069154,12183,8,-12,-14,13,14,-4108
3122070154,12183,10,-9,-13,-9,33,-4091
3122071154,12182,0,-4,-6,1,38,-4105
3122072154,12182,4,-1,-8,6,31,-4087
3122073154,12182,1,-3,-15,16,28,-4096
3122074154,12182,6,-10,-11,16,41,-4113
3122075154,12182,4,-6,-12,-1,36,-4116
3122076154,12182,4,-9,-13,19,26,-4094
3122077154,12182,9,-9,-8,2,25,-4092
3122078154,12181,6,-3,-9,10,37,-4089
3122079154,12181,0,-9,-7,26,31,-4075
3122080154,12181,4,-1,-9,34,22,-4084
3122081154,12181,5,-3,-12,25,33,-4086
3122082154,12181,-2,-4,-6,41,33,-4082
3122083154,12181,3,-10,-12,64,25,-4089
3122084154,12180,0,-6,-11,66,32,-4089
3122085154,12180,3,-8,-13,49,31,-4100
3122086154,12180,1,-6,-4,48,24,-4099
3122087154,12180,5,-2,-11,49,4,-4095
3122088154,12180,3,-6,-14,88,2,-4110
3122089154,12180,5,-2,-10,134,-7,-4113
3122090154,12180,5,-2,-19,183,-25,-4094
3122091154,12179,0,3,-15,182,-26,-4082
3122092154,12179,5,0,-30,164,-24,-4078
3122093154,12179,5,-2,-27,160,1,-4052
3122094154,12179,4,-4,-32,156,21,-4072
3122095154,12179,0,1,-34,187,34,-4081
3122096154,12179,3,-4,-41,192,51,-4066
3122097154,12179,-2,-6,-42,208,36,-4065
3122098154,12179,0,-14,-39,129,32,-4096
3122099154,12178,2,-13,-35,114,78,-4060
3122100154,12178,-1,-8,-35,42,104,-4063
3122101154,12178,2,-12,-37,42,100,-4065
3122102154,12178,-2,-12,-32,69,83,-4094
3122103154,12178,8,-19,-28,67,69,-4093
3122104154,12178,2,-19,-31,12,59,-4094
3122105154,12178,0,-15,-25,-19,56,-4091
3122106154,12178,4,-12,-27,-62,68,-4116
3122107154,12178,1,-17,-26,-68,61,-4087
3122108154,12178,5,-9,-17,-85,47,-4085
3122109154,12178,7,-15,-13,-108,72,-4108
3122110154,12178,4,-7,-9,-103,58,-4104
3122111154,12178,-3,-8,-1,-102,17,-4082
3122112154,12178,4,-14,-3,-110,13,-4081
3122113154,12178,0,-4,0,-92,-12,-4088
3122114154,12178,9,-12,-3,-75,-35,-4088
3122115154,12178,1,-9,2,-68,-19,-4093
3122116154,12178,3,-9,1,-94,-41,-4083
3122117154,12178,11,-17,-2,-111,-29,-4097
3122118154,12178,5,-10,1,-79,-33,-4092
3122119154,12178,4,-2,0,-79,-32,-4105
3122120154,12177,5,-10,1,-61,-17,-4113
3122121154,12177,7,-7,2,-37,18,-4137
3122122154,12177,9,-3,7,-19,17,-4125
3122123154,12177,2,-4,9,5,-9,-4068
3122124154,12176,2,-2,10,37,-23,-4075
3122125154,12176,9,-9,11,15,-28,-4104
3122126154,12176,1,-7,11,14,-14,-4091
3122127154,12175,0,-8,13,8,11,-4066
3122128154,12175,5,-11,16,-6,20,-4052
3122129154,12175,6,-6,15,2,42,-4065
3122130154,12174,9,-13,10,18,45,-4072
3122131154,12174,3,-12,7,-9,64,-4090
3122132154,12173,2,-4,4,-23,72,-4074
3122133154,12173,-1,-9,2,-13,51,-4079
3122134154,12173,6,-6,6,-27,36,-4087
3122135154,12172,6,-13,6,-12,33,-4092
3122136154,12172,5,-15,1,-4,58,-4089
3122137154,12171,2,-7,8,6,49,-4102
3122138154,12171,5,-8,3,-3,62,-4111
3122139154,12171,3,-5,-2,-4,63,-4105
3122140154,12170,3,-8,3,-7,61,-4095
3122141154,12170,7,-16,-1,-5,58,-4104
3122142154,12170,-2,-6,-1,-3,54,-4092
3122143154,12170,-1,-3,1,14,58,-4086
3122144154,12169,6,-9,-3,-6,43,-4080
3122145154,12169,4,-4,-3,14,32,-4083
3122146154,12169,1,-8,-6,18,31,-4087
3122147154,12169,4,-10,-3,14,18,-4072
3122148154,12169,2,-7,-8,30,22,-4086
3122149154,12169,6,-9,-8,40,23,-4081
3122150154,12169,4,-7,-15,44,19,-4079
3122151154,12169,5,-2,-19,42,9,-4087
3122152154,12169,6,-10,-22,45,20,-4099
3122153154,12169,1,-4,-27,61,-10,-4099
3122154154,12169,2,-5,-29,73,-5,-4110
3122155154,12169,3,-1,-28,93,-15,-4089
3122156154,12169,3,-3,-39,99,-1,-4112
3122157154,12169,11,-7,-35,111,1,-4080
3122158154,12169,3,0,-43,131,-3,-4091
3122159154,12169,1,0,-41,133,-3,-4094
3122160154,12169,1,-7,-47,126,17,-4087
3122161154,12169,8,-10,-53,105,30,-4078
3122162154,12170,6,-7,-46,88,64,-4073
3122163154,12170,1,-10,-42,56,72,-4081
3122164154,12170,3,-12,-42,27,97,-4079
3122165154,12170,3,-15,-47,7,103,-4081
3122166154,12170,9,-13,-41,-7,96,-4107
3122167154,12171,5,-20,-35,-32,83,-4103
3122168154,12171,7,-20,-33,-63,74,-4111
3122169154,12171,5,-10,-25,-66,83,-4110
3122170154,12171,3,-20,-23,-100,73,-4104
3122171154,12171,3,-17,-20,-104,19,-4086
3122172154,12171,2,-15,-19,-118,32,-4086
3122173154,12172,4,-17,-15,-108,23,-4083
3122174154,12172,5,-14,-10,-119,8,-4082
3122175154,12172,4,-10,-14,-140,1,-4106
3122176154,12172,5,-14,-7,-150,-20,-4096
3122177154,12172,5,-7,-6,-122,-29,-4082
3122178154,12172,6,-2,-5,-138,-43,-4081
3122179154,12171,13,-11,-5,-123,-58,-4076
3122180154,12171,3,-4,0,-114,-40,-4083
3122181154,12171,10,-12,3,-90,-47,-4068
3122182154,12171,5,-9,2,-74,-49,-4077
3122183154,12171,2,-6,5,-58,-33,-4085
3122184154,12170,8,-7,2,-75,-40,-4087
3122185154,12170,8,-4,6,-35,-9,-4078
3122186154,12170,10,-8,3,-31,-1,-4087
3122187154,12169,4,2,2,-24,5,-4089
3122188154,12169,2,0,6,-32,24,-4103
3122189154,12169,7,-4,6,-15,28,-4101
3122190154,12168,8,-5,5,-3,42,-4097
3122191154,12168,3,-3,6,20,52,-4082
3122192154,12168,8,-10,7,12,30,-4088
3122193154,12167,6,-4,8,35,50,-4085
3122194154,12167,9,-8,10,36,68,-4082
3122195154,12167,8,-6,11,51,62,-4067
3122196154,12166,7,-4,8,56,77,-4074
3122197154,12166,7,-5,10,53,96,-4076
3122198154,12166,9,-6,12,72,85,-4086
3122199154,12166,8,-6,18,58,84,-4096
3122200154,12166,8,-3,10,69,81,-4082
3122201154,12165,4,-2,15,63,76,-4078
3122202154,12165,6,0,14,83,75,-4085
3122203154,12165,9,2,12,77,68,-4089
3122204154,12165,2,-2,15,105,77,-4092
3122205154,12165,7,-3,17,138,74,-4098
3122206154,12165,1,-1,14,138,60,-4100
3122207154,12165,6,-2,16,152,53,-4109
3122208154,12165,12,1,15,178,68,-4103
3122209154,12165,7,-2,13,189,36,-4085
3122210154,12165,6,-1,22,191,36,-4083
3122211154,12165,9,-6,19,196,0,-4077
3122212154,12165,1,-4,21,201,-24,-4049
3122213154,12165,-2,-13,18,191,-54,-4057
3122214154,12165,1,-11,21,153,-73,-4030
3122215154,12165,3,-15,17,134,-78,-4046
3122216154,12165,9,-22,9,89,-75,-4061
3122217154,12165,5,-23,7,49,-58,-4090
3122218154,12165,6,-20,5,10,-31,-4108
3122219154,12165,3,-21,5,-19,-5,-4147
3122220154,12165,5,-19,2,-27,-9,-4174
3122221154,12165,6,-21,-11,-27,-6,-4189
3122222154,12164,7,-11,-11,-10,8,-4173
3122223154,12164,1,-10,-16,29,5,-4155
3122224154,12164,7,4,-14,38,2,-4142
3122225154,12163,1,1,-24,92,-6,-4108
3122226154,12163,3,2,-31,166,-11,-4097
3122227154,12163,-2,7,-43,239,9,-4067
3122228154,12162,0,15,-55,323,14,-4076
3122229154,12162,-1,14,-54,387,10,-4065
3122230154,12161,0,14,-64,406,11,-4044
3122231154,12161,5,8,-73,368,124,-3983
3122232154,12160,3,5,-77,312,186,-3932
3122233154,12160,2,0,-80,286,185,-3966
3122234154,12160,4,-1,-78,327,171,-4032
3122235154,12159,5,-3,-85,372,149,-4036
3122236154,12159,3,-8,-84,367,137,-4069
3122237154,12159,6,-28,-75,71,292,-4116
3122238154,12159,16,-23,-70,-7,350,-4042
3122239154,12159,3,-28,-52,-203,326,-3940
3122240154,12159,4,-25,-44,-213,260,-4122
3122241154,12159,2,-22,-27,-104,202,-4128
3122242154,12159,5,-27,-32,-67,112,-4172
3122243154,12159,8,-32,-25,-94,-2,-4202
3122244154,12160,7,-17,-16,-173,-78,-4243
3122245154,12160,0,-6,-14,-140,-100,-4209
3122246154,12160,2,5,-15,-15,-140,-4156
3122247154,12160,-2,11,-19,33,-148,-4150
3122248154,12161,6,13,-24,152,-140,-4173
3122249154,12161,7,25,-31,231,-152,-4140
3122250154,12161,7,24,-31,268,-144,-4065
3122251154,12161,2,30,-29,338,-85,-4022
3122252154,12161,1,36,-20,383,-76,-4014
3122253154,12161,8,26,-19,515,-102,-4050
3122254154,12161,8,23,-12,605,-85,-4037
3122255154,12161,11,14,-11,612,-116,-3996
3122256154,12161,10,4,-8,583,-132,-3970
3122257154,12161,4,-9,-11,536,-218,-3920
3122258154,12161,1,-25,-5,348,-223,-3928
3122259154,12160,1,-45,-6,206,-138,-3876
3122260154,12160,-3,-55,-10,-29,-18,-3995
3122261154,12159,0,-57,-18,-144,41,-4086
3122262154,12159,9,-51,-16,-241,142,-4198
3122263154,12158,9,-35,-23,-225,159,-4268
3122264154,12157,15,-22,-33,-133,118,-4409
3122265154,12156,10,-12,-35,-100,106,-4462
3122266154,12155,12,-5,-42,-122,95,-4456
3122267154,12154,12,5,-42,-127,119,-4223
3122268154,12153,4,20,-45,-179,130,-4121
3122269154,12152,5,32,-48,-84,163,-4115
3122270154,12151,0,36,-46,43,161,-4076
3122271154,12150,3,35,-48,210,229,-3992
3122272154,12149,4,34,-38,285,363,-3975
3122273154,12148,8,39,-31,354,452,-3983
3122274154,12147,5,40,-25,407,477,-3969
3122275154,12146,14,36,-13,531,428,-3941
3122276154,12145,14,31,1,619,302,-3922
3122277154,12145,19,11,11,625,137,-3950
3122278154,12144,20,1,20,611,-67,-3901
3122279154,12143,8,-2,32,587,-135,-3937
3122280154,12143,11,-14,41,524,-153,-4031
3122281154,12142,4,-19,43,503,-62,-4064
3122282154,12142,4,-30,46,456,-45,-4088
3122283154,12141,1,-28,42,379,-84,-4114
3122284154,12141,5,-28,42,337,-97,-4185
3122285154,12140,13,-34,34,256,-196,-4246
3122286154,12139,11,-34,26,274,-287,-4246
3122287154,12139,9,-35,16,178,-384,-4230
3122288154,12138,14,-38,11,174,-405,-4242
3122289154,12137,11,-34,-4,81,-431,-4213
3122290154,12136,6,-36,-19,79,-380,-4253
3122291154,12136,3,-39,-23,-198,-164,-4326
3122292154,12135,7,-29,-29,-271,171,-4077
3122293154,12134,8,-29,-28,-327,291,-4046
3122294154,12132,12,3,-15,-296,351,-4249
3122295154,12131,11,26,-5,102,280,-4313
3122296154,12130,15,24,0,308,211,-4218
3122297154,12129,10,19,1,371,151,-4175
3122298154,12128,11,12,11,230,20,-3883
3122299154,12127,3,12,19,208,-31,-3760
3122300154,12126,-5,17,30,260,106,-3763
3122301154,12125,-3,11,33,356,316,-3786
3122302154,12124,-6,6,41,482,338,-3788
3122303154,12123,1,-4,29,519,264,-3821
3122304154,12122,13,-7,23,519,120,-3949
3122305154,12120,10,-12,19,480,31,-4104
3122306154,12119,13,-18,16,438,94,-4102
3122307154,12118,13,-26,16,284,141,-4068
3122308154,12116,10,-22,13,81,127,-4063
3122309154,12115,10,-19,24,16,71,-4108
3122310154,12114,9,-11,29,26,7,-4248
3122311154,12112,4,-11,32,72,-20,-4329
3122312154,12111,11,-20,32,124,-102,-4348
3122313154,12109,6,-20,25,103,-297,-4208
3122314154,12108,0,-37,8,101,-305,-4104
3122315154,12106,5,-47,-2,43,-478,-3896
3122316154,12105,-12,-47,-31,-176,-432,-4048
3122317154,12103,-8,-42,-46,-459,-150,-4340
3122318154,12101,-5,-20,-70,-281,156,-4210
3122319154,12099,3,7,-90,-93,319,-4239
3122320154,12097,-3,26,-95,51,357,-4295
3122321154,12095,16,33,-107,143,308,-4441
3122322154,12094,24,38,-96,296,243,-4323
3122323154,12092,17,52,-94,342,251,-4118
3122324154,12091,10,59,-75,399,250,-4046
3122325154,12089,10,57,-67,549,231,-3971
3122326154,12088,-1,52,-51,827,113,-3756
3122327154,12087,-10,28,-39,847,104,-3704
3122328154,12087,-6,10,-27,774,200,-3717
3122329154,12086,-13,11,-24,742,241,-3700
3122330154,12086,-4,-5,-14,749,277,-3670
3122331154,12085,-3,-27,-18,687,190,-3689
3122332154,12085,14,-56,-23,453,69,-3831
3122333154,12084,12,-70,-27,230,-147,-4017
3122334154,12084,10,-61,-29,93,-237,-4169
3122335154,12083,7,-60,-32,-49,-238,-4400
3122336154,12083,12,-45,-34,-71,-110,-4524
3122337154,12083,10,-33,-36,-88,-22,-4629
3122338154,12082,13,-21,-30,-76,-23,-4653
3122339154,12082,9,0,-31,-68,-65,-4588
3122340154,12081,1,16,-25,28,-62,-4471
3122341154,12081,9,6,-13,-74,105,-4222
3122342154,12080,6,4,-7,-81,-3,-3758
3122343154,12079,7,8,8,-208,7,-3719
3122344154,12079,5,4,15,-10,-226,-3837
3122345154,12078,-8,7,32,229,-243,-3825
3122346154,12077,5,-15,30,299,-184,-3994
3122347154,12076,1,-14,35,224,-105,-3912
3122348154,12075,2,-22,36,141,-102,-3897
3122349154,12073,7,-25,31,43,-70,-3916
3122350154,12072,5,-8,21,137,-142,-4119
3122351154,12070,9,-8,5,271,-106,-4264
3122352154,12068,14,-9,6,269,-49,-4228
3122353154,12066,16,-9,-10,152,-8,-4099
3122354154,12064,19,-4,-5,65,55,-4093
3122355154,12062,7,0,-18,60,-73,-4173
3122356154,12059,9,-14,-33,-8,-200,-3935
3122357154,12057,8,-25,-33,113,-142,-3901
3122358155,12054,-3,-46,-47,-241,-105,-4100
3122359156,12052,4,-42,-57,-418,114,-4214
3122360154,12049,4,-23,-57,-334,400,-4191
3122361154,12046,1,-4,-60,-254,486,-4186
3122362154,12043,6,13,-59,50,644,-4388
3122363154,12041,16,19,-66,220,638,-4390
3122364154,12038,18,28,-62,286,451,-4094
3122365154,12036,15,39,-55,223,258,-4037
3122366154,12034,0,45,-44,242,192,-4050
3122367154,12031,3,40,-31,457,129,-3888
3122368154,12030,0,19,-24,620,74,-3669
3122369154,12028,-7,7,-15,499,60,-3726
3122370154,12026,-8,-3,-18,414,93,-3778
3122371154,12025,1,-8,-7,381,148,-3899
3122372154,12023,-2,-14,0,409,194,-3927
3122373154,12022,13,-36,-2,237,223,-3984
3122374154,12021,17,-44,9,18,113,-4044
3122375154,12020,19,-47,9,-108,17,-4138
3122376154,12019,11,-36,27,-191,-177,-4356
3122377154,12018,7,-23,38,-72,-287,-4440
3122378154,12018,6,-20,45,0,-294,-4429
3122379154,12017,11,-18,52,6,-344,-4272
3122380154,12016,1,-14,60,-30,-403,-4252
3122381154,12016,-2,-16,59,-29,-421,-4262
3122382154,12015,-2,-3,53,148,-364,-4252
3122383154,12014,5,0,48,285,-315,-4144
3122384154,12014,5,-9,40,287,-268,-4092
3122385154,12013,8,-8,29,223,-247,-3946
3122386154,12012,9,-12,16,108,-316,-3905
3122387154,12010,10,-6,4,183,-305,-3989
3122388154,12009,10,-13,-15,155,-320,-4004
3122389154,12008,7,-29,-28,321,-300,-4010
3122390154,12006,7,-47,-38,-49,-228,-3797
3122391154,12004,1,-54,-61,-267,-222,-4033
3122392154,12003,4,-43,-70,-469,0,-4273
3122393154,12000,-4,-26,-75,-359,139,-4270
3122394154,11998,1,-22,-85,-297,541,-4054
3122395154,11996,14,-20,-96,-289,684,-4155
3122396154,11994,6,-7,-95,-279,662,-4234
3122397154,11991,7,22,-91,4,526,-4259
3122398154,11989,1,35,-88,106,560,-4217
3122399154,11986,3,40,-75,276,607,-4118
3122400154,11984,2,32,-59,341,572,-3805
3122401154,11982,-1,27,-43,355,443,-3706
3122402154,11980,-5,21,-38,350,438,-3779
3122403154,11978,-3,12,-24,304,414,-3895
3122404154,11976,1,-18,-13,262,378,-3818
3122405154,11974,7,-31,-1,118,306,-3710
3122406154,11972,7,-21,9,-28,194,-3957
3122407154,11970,10,-26,12,2,144,-4086
3122408154,11969,13,-29,14,105,-13,-4216
3122409154,11967,15,-31,15,53,-155,-4260
3122410154,11965,14,-31,17,-164,-260,-4298
3122411154,11964,7,-19,27,-168,-391,-4346
3122412154,11962,1,1,33,-123,-451,-4415
3122413154,11961,6,9,36,113,-464,-4437
3122414154,11959,4,-4,37,238,-437,-4287
3122415154,11958,0,-4,35,143,-426,-4137
3122416154,11956,4,-9,31,114,-437,-4087
3122417154,11955,1,-1,31,170,-463,-4122
3122418156,11953,10,-12,16,259,-438,-4023
3122419154,11952,10,-32,8,136,-380,-3882
3122420154,11950,11,-40,-10,-110,-444,-3940
3122421154,11949,8,-33,-17,-225,-455,-4045
3122422154,11947,5,-19,-25,-201,-358,-4215
3122423154,11945,3,-12,-31,41,-123,-4136
3122424154,11943,3,-19,-45,65,95,-4002
3122425154,11941,0,-21,-51,-12,153,-4042
3122426154,11939,-2,-13,-53,-132,237,-4176
3122427154,11937,-8,1,-49,-90,328,-4254
3122428154,11935,-4,3,-40,-47,425,-4121
3122429154,11933,-2,3,-35,-20,484,-4003
3122430154,11931,0,8,-37,20,519,-3931
3122431154,11930,-5,5,-27,67,538,-3903
3122432154,11928,3,0,-22,106,492,-3975
3122433154,11926,0,-3,-7,122,472,-3973
3122434154,11924,-3,-6,2,106,451,-3923
3122435154,11922,-3,-9,12,-15,489,-3912
3122436154,11920,-7,-6,19,53,383,-3957
3122437154,11919,0,-17,30,143,194,-4069
3122438154,11917,0,-30,40,66,72,-4167
3122439154,11915,-3,-26,40,2,38,-4146
3122440154,11913,0,-20,48,-47,-28,-4122
3122441154,11911,-8,-5,56,46,-88,-4165
3122442154,11910,1,-13,45,240,-170,-4182
3122443154,11908,9,-23,35,191,-269,-4167
3122444154,11906,-2,-20,33,68,-309,-4177
3122445154,11904,-5,-19,27,-79,-358,-4302
3122446154,11902,-1,3,28,63,-317,-4279
3122447154,11900,5,-3,11,124,-351,-4132
3122448154,11898,1,-11,9,225,-344,-4113
3122449154,11896,4,-26,-6,-20,-383,-4078
3122450154,11894,3,-20,-14,-226,-430,-4280
3122451154,11892,-2,-9,-21,-171,-356,-4246
3122452154,11889,10,-12,-33,16,-226,-4116
3122453154,11887,4,-17,-38,-33,-123,-4013
3122454154,11885,8,-23,-54,-85,-19,-3920
3122455154,11883,-1,-14,-67,-192,85,-4148
3122456154,11881,6,-4,-64,9,155,-4268
3122457154,11879,6,2,-61,106,170,-4178
3122458154,11877,4,-8,-63,136,248,-3972
3122459154,11875,-6,-7,-44,-76,389,-3917
3122460154,11873,-8,10,-28,-87,458,-3972
3122461154,11872,-7,8,-13,64,428,-4011
3122462154,11871,-11,0,1,102,440,-4004
3122463154,11869,-1,-25,16,41,422,-3944
3122464154,11868,2,-33,27,-198,401,-3925
3122465154,11867,2,-17,46,-112,270,-3975
3122466154,11866,-1,-9,50,3,219,-4002
3122467154,11865,3,-15,52,213,203,-4021
3122468154,11864,7,-34,51,178,69,-3974
3122469154,11863,8,-39,43,-60,-137,-4110
3122470154,11861,-5,-19,37,-174,-281,-4294
3122471154,11860,0,-7,38,-64,-294,-4317
3122472154,11859,-1,-10,35,121,-256,-4196
3122473154,11858,-8,-10,28,109,-241,-4180
3122474154,11856,1,-17,16,57,-279,-4267
3122475154,11855,4,-7,5,108,-281,-4276
3122476154,11853,-3,-6,0,126,-261,-4227
3122477154,11851,5,-13,-5,157,-235,-4145
3122478154,11849,6,-26,-27,29,-309,-4067
3122479154,11847,11,-26,-45,-194,-317,-4048
3122480154,11845,8,-19,-53,-136,-309,-4110
3122481154,11843,-4,-9,-63,-276,-178,-4225
3122482154,11840,13,-15,-80,-76,23,-4072
3122483154,11838,-6,-1,-84,-118,191,-3915
3122484154,11836,-1,6,-85,-63,259,-4169
3122485154,11833,-6,2,-88,-53,296,-4249
3122486154,11831,3,8,-77,37,336,-4189
3122487154,11829,1,8,-65,-58,417,-3977
3122488154,11826,-5,9,-52,-151,444,-3898
3122489154,11824,-1,18,-46,-125,415,-3933
3122490154,11822,0,14,-29,66,340,-3994
3122491154,11820,1,6,-17,142,318,-3987
3122492154,11818,7,-8,1,12,359,-3893
3122493154,11816,11,-16,12,-181,344,-3866
3122494154,11815,-2,-11,15,-183,255,-3918
3122495154,11813,0,-10,23,-52,116,-4034
3122496154,11811,9,-12,31,-53,74,-4152
3122497154,11810,5,-21,41,-148,50,-4180
3122498154,11808,10,-19,37,-189,23,-4168
3122499154,11807,5,1,46,-146,-129,-4177
3122500154,11805,3,16,51,98,-235,-4331
3122501154,11804,8,7,42,310,-299,-4402
3122502154,11802,16,-4,39,279,-308,-4175
3122503154,11801,10,-4,39,200,-335,-4093
3122504154,11799,10,-2,35,-28,-373,-4167
3122505154,11798,-2,11,26,131,-340,-4195
3122506154,11796,3,8,17,282,-284,-4061
3122507154,11794,3,-18,-3,170,-310,-3979
3122508154,11793,13,-30,-5,4,-248,-3892
3122509154,11791,4,-28,-19,-68,-311,-3954
3122510154,11789,-5,-10,-23,-98,-257,-4198
3122511154,11787,-3,-18,-41,115,-33,-4156
3122512154,11785,-2,-14,-50,122,63,-4073
3122513154,11783,6,-21,-64,-20,191,-4041
3122514154,11782,12,-15,-69,-187,174,-4153
3122515154,11780,6,1,-78,-138,220,-4245
3122516154,11778,6,14,-72,15,393,-4147
3122517154,11776,6,15,-76,29,467,-4129
3122518154,11774,7,15,-71,67,520,-4088
3122519154,11772,6,15,-58,56,451,-3975
3122520154,11771,3,10,-42,40,437,-4008
3122521154,11769,0,15,-31,5,459,-3977
3122522154,11768,10,0,-17,-37,477,-3800
3122523154,11766,4,-12,3,-59,391,-3746
3122524154,11765,8,-16,12,-18,254,-3891
3122525154,11764,6,-22,20,22,172,-4107
3122526154,11762,5,-21,26,20,163,-4135
3122527154,11761,11,-26,28,-50,107,-4054
3122528154,11760,12,-29,24,-113,-28,-4073
3122529154,11758,9,-8,29,-55,-179,-4283
3122530154,11757,14,-4,22,-17,-222,-4347
3122531154,11756,13,-9,19,62,-235,-4275
3122532154,11754,19,-14,8,-48,-294,-4202
3122533154,11753,17,-8,1,-44,-395,-4211
3122534154,11751,9,7,-1,133,-443,-4262
3122535154,11749,-1,14,-6,202,-427,-4316
3122536154,11748,15,-3,-19,240,-324,-4192
3122537154,11746,14,-10,-33,123,-285,-3938
3122538154,11744,10,-15,-41,-14,-366,-3938
3122539154,11742,8,-12,-57,29,-360,-4083
3122540154,11740,3,-11,-61,30,-277,-4089
3122541154,11738,15,-28,-76,24,-56,-4036
3122542154,11736,7,-24,-84,-98,99,-4007
3122543154,11734,16,-11,-92,-132,117,-4142
3122544154,11732,17,-7,-90,-71,161,-4174
3122545154,11729,11,1,-94,75,278,-4127
3122546154,11727,16,1,-90,93,464,-4153
3122547154,11725,12,11,-81,93,490,-4165
3122548154,11723,15,14,-60,97,462,-4018
3122549154,11722,17,8,-56,133,442,-3859
3122550154,11720,4,1,-36,93,378,-3791
3122551154,11718,11,-6,-16,22,355,-3980
3122552154,11717,4,-6,6,106,308,-3974
3122553154,11715,-3,-6,11,121,299,-3924
3122554154,11714,8,-25,14,92,287,-3896
3122555154,11712,10,-27,32,-4,216,-4026
3122556154,11711,22,-27,38,-60,104,-4118
3122557154,11710,16,-18,36,2,-34,-4163
3122558154,11708,13,-20,47,43,-79,-4182
3122559154,11707,18,-20,44,102,-163,-4245
3122560154,11706,23,-16,42,109,-265,-4312
3122561154,11704,16,-5,42,58,-310,-4273
3122562154,11703,14,-3,43,82,-310,-4211
3122563154,11701,17,-1,30,170,-357,-4183
3122564154,11700,19,-7,31,183,-367,-4136
3122565154,11698,13,-24,14,122,-410,-4101
3122566154,11696,18,-20,0,23,-415,-4026
3122567154,11694,14,-22,-13,29,-414,-4034
3122568154,11692,14,-26,-32,56,-343,-4054
3122569154,11690,10,-18,-37,112,-224,-4108
3122570154,11688,7,-16,-56,89,-28,-4123
3122571154,11686,9,-8,-67,32,154,-4139
3122572154,11683,13,-3,-71,84,192,-4050
3122573154,11681,14,-7,-77,120,197,-3958
3122574154,11679,6,-1,-76,149,142,-4082
3122575154,11676,14,-11,-73,164,210,-4108
3122576154,11674,9,-5,-65,139,295,-4060
3122577154,11672,8,-11,-60,52,466,-3886
3122578154,11670,7,-8,-46,-50,561,-3884
3122579154,11667,7,2,-25,-68,549,-4005
3122580154,11665,11,-3,-12,69,532,-4072
3122581154,11663,3,-10,-1,98,508,-4024
3122582154,11662,10,-18,10,85,376,-3967
3122583154,11660,6,-23,25,-56,163,-4073
3122584154,11658,11,-10,38,-52,7,-4187
3122585154,11656,6,-1,40,32,-16,-4197
3122586154,11655,13,-10,47,160,-13,-4155
3122587154,11653,12,-12,48,182,-63,-4088
3122588154,11651,10,-18,44,106,-205,-4161
3122589154,11650,9,-9,39,128,-320,-4205
3122590154,11648,7,3,38,185,-318,-4196
3122591154,11646,13,-9,30,234,-332,-4142
3122592154,11644,10,-18,25,223,-350,-4084
3122593154,11642,9,-23,8,104,-429,-4123
3122594154,11640,14,-25,0,47,-424,-4198
3122595154,11639,11,-30,-9,-64,-370,-4155
3122596154,11637,9,-36,-24,-154,-328,-4129
3122597154,11634,4,-36,-34,-192,-269,-4196
3122598154,11632,8,-24,-50,-164,-175,-4267
3122599154,11630,6,-17,-49,-116,-74,-4210
3122600154,11628,9,-17,-62,-81,104,-4143
3122601154,11626,3,-7,-68,-71,191,-4080
3122602154,11623,3,3,-64,-48,242,-4208
3122603154,11621,-1,16,-54,36,396,-4090
3122604154,11619,1,14,-49,98,469,-3968
3122605154,11617,3,2,-39,152,414,-3766
3122606154,11615,1,0,-25,138,322,-3907
3122607154,11614,-4,3,-7,216,255,-4009
3122608154,11612,1,-7,-5,280,281,-3934
3122609154,11610,-1,-10,11,219,355,-3807
3122610154,11608,2,-14,20,183,316,-3872
3122611154,11607,-3,-15,18,174,260,-4022
3122612154,11605,3,-17,25,264,173,-4047
3122613154,11604,14,-31,22,230,104,-4036
3122614154,11602,7,-24,25,157,-14,-4207
3122615154,11600,10,-24,19,131,-108,-4270
3122616154,11599,4,-22,19,152,-161,-4176
3122617154,11597,3,-19,15,177,-166,-4143
3122618154,11595,7,-28,16,136,-201,-4211
3122619154,11594,-2,-24,13,117,-255,-4315
3122620154,11592,2,-19,6,152,-241,-4318
3122621154,11590,2,-33,-15,158,-320,-4120
3122622154,11588,5,-34,-18,91,-240,-4061
3122623154,11586,16,-38,-32,-21,-376,-4063
3122624154,11584,1,-33,-39,-250,-299,-4283
3122625154,11582,7,-30,-45,-210,-106,-4105
3122626154,11579,11,-32,-60,-162,-36,-3866
3122627154,11577,4,-25,-64,-235,57,-3998
3122628154,11575,1,-6,-70,-155,52,-4244
3122629154,11572,0,-9,-66,-14,119,-4131
3122630154,11570,-1,-9,-58,30,251,-3876
3122631154,11568,-1,0,-50,5,295,-3859
3122632154,11565,-6,9,-30,25,344,-4024
3122633154,11563,-10,11,-12,203,385,-4028
3122634154,11561,-1,-6,3,327,385,-3752
3122635154,11559,-4,-18,10,198,263,-3845
3122636154,11557,-1,-13,16,107,204,-4016
3122637154,11555,9,-13,29,198,87,-4099
3122638154,11553,6,-12,36,376,95,-3896
3122639156,11550,4,-19,29,414,97,-3845
3122640154,11548,-5,-24,27,354,58,-3970
3122641154,11546,3,-34,26,214,-41,-4277
3122642154,11544,8,-39,24,199,-175,-4333
3122643154,11542,-4,-23,29,189,-230,-4271
3122644154,11540,1,-19,20,171,-165,-4316
3122645154,11538,-2,-20,22,248,-145,-4281
3122646154,11536,9,-28,19,180,-197,-4204
3122647154,11534,3,-32,2,102,-235,-4284
3122648154,11532,11,-35,-8,-88,-277,-4356
3122649154,11529,9,-37,-16,-178,-303,-4378
3122650154,11527,15,-46,-31,-392,-258,-4177
3122651154,11525,4,-33,-38,-453,-241,-4082
3122652154,11522,-3,-18,-42,-466,-54,-4175
3122653154,11520,-11,-9,-41,-261,190,-4132
3122654154,11517,-12,-5,-38,-215,268,-4031
3122655154,11515,-9,-5,-33,-104,341,-3888
3122656154,11512,-13,11,-18,0,380,-3915
3122657154,11510,-15,13,-1,135,405,-4049
3122658154,11508,-8,9,10,220,377,-3880
3122659154,11506,-1,1,20,407,232,-3750
3122660154,11504,4,-8,31,251,145,-3829
3122661154,11502,10,-16,38,155,152,-3977
3122662154,11500,13,-8,36,321,96,-3889
3122663154,11498,11,-5,37,386,53,-3803
3122664154,11496,0,-11,27,385,30,-3996
3122665154,11494,9,-16,15,348,-6,-4190
3122666154,11492,5,-20,11,271,-140,-4211
3122667156,11489,-7,-19,8,154,-208,-4259
3122668154,11487,-9,-9,10,159,-183,-4333
3122669154,11485,-2,-6,7,190,-74,-4409
3122670154,11483,0,-13,5,298,-64,-4303
3122671154,11481,1,-17,-1,290,-46,-4268
3122672154,11478,1,-12,-5,131,-179,-4354
3122673154,11476,4,-42,-24,-2,-232,-4310
3122674154,11474,17,-52,-34,-328,-331,-4008
3122675154,11471,0,-41,-38,-491,-281,-4269
3122676154,11469,8,-34,-42,-524,4,-4362
3122677154,11466,9,-26,-49,-376,130,-4141
3122678154,11464,-3,-16,-53,-353,321,-3779
3122679154,11461,-5,-2,-47,-300,322,-4048
3122680154,11458,-11,17,-34,-192,296,-4293
3122681154,11456,-8,19,-20,-96,369,-4232
3122682154,11454,9,16,-5,119,420,-3806
3122683154,11451,-6,17,1,199,183,-3787
3122684154,11449,8,18,25,244,39,-3995
3122685154,11447,6,9,33,407,-7,-3878
3122686154,11445,7,8,31,439,36,-3803
3122687154,11443,7,4,31,344,93,-3826
3122688154,11441,6,-1,26,328,117,-3926
3122689154,11439,3,7,16,510,-26,-3936
3122690154,11437,1,0,3,508,-75,-4136
3122691154,11434,7,-13,-2,391,-73,-4289
3122692154,11432,11,-12,-10,401,-94,-4218
3122693154,11430,5,-16,-11,277,-123,-4253
3122694154,11428,4,-14,-10,256,-83,-4333
3122695154,11426,11,-15,-14,189,-254,-4354
3122696154,11423,11,-46,-37,222,-448,-4264
3122697154,11421,11,-57,-50,-22,-456,-4143
3122698154,11419,-7,-62,-61,-357,-308,-4345
3122699154,11416,4,-52,-66,-668,265,-4426
3122700154,11414,7,-39,-59,-571,423,-4156
3122701154,11411,2,-16,-59,-507,643,-3842
3122702154,11408,8,6,-47,-434,634,-4266
3122703154,11406,14,9,-32,-114,422,-4301
3122704154,11404,12,13,-22,-59,296,-4158
3122705154,11401,8,16,-5,76,4,-4016
3122706154,11399,-3,13,17,25,-101,-4016
3122707154,11397,-3,18,33,282,-138,-3858
3122708154,11395,-15,16,35,420,-55,-3768
3122709154,11392,-16,17,33,389,56,-3870
3122710154,11390,2,13,34,387,208,-3846
3122711154,11388,5,11,15,453,150,-3650
3122712154,11386,9,6,6,362,83,-3848
3122713154,11383,10,1,4,397,29,-3984
3122714154,11381,19,-8,-10,458,-82,-4067
3122715154,11378,14,-16,-13,396,-117,-4147
3122716154,11376,21,-19,-15,297,-308,-4241
3122717154,11373,11,-43,-27,268,-583,-4265
3122718154,11371,4,-43,-27,89,-403,-4166
3122719154,11368,-1,-55,-38,84,-458,-4217
3122720154,11366,-13,-59,-44,-311,-180,-4541
3122721154,11363,10,-60,-50,-351,297,-4356
3122722154,11360,3,-51,-49,-340,484,-4037
3122723154,11357,11,-45,-50,-572,556,-4098
3122724154,11355,15,-28,-46,-545,481,-4258
3122725154,11352,16,-6,-30,-380,383,-4249
3122726154,11349,14,9,-9,-153,241,-4194
3122727154,11347,5,19,-1,-35,121,-4120
3122728154,11345,7,18,15,88,-49,-3981
3122729154,11342,-3,18,32,319,-155,-3797
3122730154,11340,-4,10,41,297,-136,-3944
3122731154,11338,0,5,38,430,-23,-3871
3122732154,11336,-6,9,38,478,22,-3721
3122733154,11333,1,0,22,399,138,-3702
3122734154,11331,10,-4,13,411,122,-3719
3122735154,11329,16,-9,8,319,44,-3842
3122736154,11326,20,-9,-2,302,0,-3962
3122737154,11324,16,-12,-11,327,-131,-4155
3122738154,11321,21,-21,-10,358,-219,-4235
3122739154,11319,11,-25,-15,274,-143,-4264
3122740154,11316,10,-44,-25,179,-359,-4284
3122741154,11314,11,-46,-27,134,-298,-4262
3122742154,11312,-3,-54,-33,-194,-342,-4353
3122743154,11309,6,-66,-38,-487,5,-4411
3122744154,11306,6,-56,-33,-582,244,-4224
3122745154,11304,9,-53,-37,-639,345,-4142
3122746154,11301,9,-26,-33,-635,460,-4177
3122747154,11298,10,-13,-27,-408,332,-4182
3122748154,11295,5,-4,-21,-149,264,-4089
3122749154,11293,-7,11,-8,55,92,-4101
3122750154,11290,-5,16,0,-20,52,-4180
3122751154,11287,5,14,10,286,84,-3986
3122752154,11285,-10,12,12,460,-30,-3606
3122753154,11282,-7,8,19,279,-18,-3902
3122754154,11280,3,6,13,341,-5,-3919
3122755154,11277,3,11,16,506,9,-3778
3122756154,11275,14,1,2,390,172,-3697
3122757154,11272,12,-9,-6,373,99,-3790
3122758154,11269,13,-6,-11,237,-9,-4009
3122759154,11267,15,-8,-14,247,-90,-4137
3122760154,11264,7,-8,-20,322,-206,-4293
3122761154,11261,5,-7,-19,308,-13,-4338
3122762154,11259,7,-33,-23,130,-144,-4382
3122763154,11256,12,-49,-19,-137,-29,-4182
3122764154,11253,11,-52,-21,-298,-125,-4222
3122765154,11251,2,-42,-14,-538,-51,-4521
3122766154,11248,12,-33,-15,-460,50,-4555
3122767154,11246,7,-37,-17,-213,117,-4086
3122768154,11243,9,-25,-12,-209,130,-3993
3122769154,11240,4,-15,-11,-215,78,-4167
3122770154,11238,11,-9,-16,-45,18,-4143
3122771154,11235,-6,0,-10,327,40,-3752
3122772154,11233,-9,2,-6,315,40,-3907
3122773154,11230,-11,1,0,347,30,-3991
3122774154,11228,-3,-8,-1,516,-93,-3729
3122775154,11225,-6,-14,4,269,-52,-3695
3122776154,11223,0,-13,13,267,-6,-3896
3122777154,11221,-2,-8,14,298,1,-3914
3122778154,11218,1,-21,19,232,123,-3990
3122779154,11216,14,-37,15,64,166,-3943
3122780154,11213,8,-44,8,-202,151,-3906
3122781154,11211,11,-46,0,-521,-33,-4370
3122782154,11208,9,-37,8,-581,-148,-4533
3122783154,11205,10,-37,10,-540,-122,-4444
3122784154,11203,-4,-18,14,-259,-58,-4205
3122785154,11200,-3,-18,11,-200,8,-4318
3122786154,11197,-4,-20,12,-154,-40,-4215
3122787154,11194,-4,-15,4,169,-44,-4035
3122788154,11191,-7,-10,8,163,29,-4012
3122789154,11189,-7,-7,8,346,139,-4097
3122790154,11186,-6,-5,8,575,116,-3849
3122791154,11183,-11,-17,11,614,72,-3816
3122792154,11180,2,-28,3,547,117,-3687
3122793154,11177,-4,-30,3,396,63,-3806
3122794154,11174,4,-33,-1,353,1,-4024
3122795154,11171,0,-30,0,448,-101,-4025
3122796154,11168,-5,-32,-1,403,-80,-4041
3122797154,11165,-7,-41,2,149,216,-4074
3122798154,11162,1,-43,5,-24,317,-4075
3122799154,11159,-8,-33,6,-199,246,-4367
3122800154,11156,-4,-35,9,-224,249,-4503
3122801154,11153,16,-47,12,-293,198,-4519
3122802154,11150,24,-54,9,-441,5,-4396
3122803154,11147,28,-40,16,-654,-102,-4340
3122804154,11144,12,-19,13,-618,-97,-4333
3122805154,11141,17,-11,14,-505,-57,-4283
3122806154,11138,4,6,4,-42,-98,-4121
3122807154,11135,-8,8,1,167,-105,-4090
3122808154,11133,-8,5,-2,362,-28,-3963
3122809154,11130,-16,12,-5,411,-11,-3834
3122810154,11127,-21,13,-6,322,100,-3936
3122811154,11124,-15,9,3,332,126,-3922
3122812154,11121,-5,6,9,277,164,-3886
3122813154,11119,2,6,6,258,79,-3993
3122814154,11116,3,1,12,215,69,-4056
3122815154,11114,16,-6,12,187,95,-4123
3122816154,11111,10,-4,21,249,28,-4027
3122817154,11108,9,-11,15,166,42,-4104
3122818154,11106,-3,-15,17,-107,152,-4328
3122819154,11103,17,-28,28,-268,200,-4262
3122820154,11101,3,-36,33,-599,12,-4128
3122821154,11098,11,-30,46,-667,53,-4228
3122822154,11096,-2,-19,54,-458,-206,-4337
3122823154,11093,2,-24,49,-375,-241,-4385
3122824154,11090,12,-30,56,-92,-291,-4274
3122825154,11088,-2,-18,50,-168,-297,-4267
3122826154,11085,2,-9,46,-169,-140,-4409
3122827154,11082,-3,21,32,153,-78,-4063
3122828154,11079,-7,28,32,186,-59,-4002
3122829154,11076,-1,26,20,92,151,-4046
3122830154,11073,-1,27,15,302,15,-3809
3122831154,11069,-5,30,10,177,-126,-3804
3122832154,11066,-3,24,10,180,-156,-3938
3122833154,11063,-14,26,11,417,-130,-3975
3122834154,11060,-4,8,6,362,-38,-3926
3122835154,11057,2,-9,-1,385,24,-3754
3122836154,11053,-15,-19,-1,1,-20,-3971
3122837154,11050,-8,-23,-7,-165,97,-4166
3122838154,11047,-2,-32,1,-152,279,-4044
3122839154,11044,-3,-36,5,-320,410,-3964
3122840154,11040,6,-35,9,-442,425,-4124
3122841154,11037,2,-30,14,-395,388,-4164
3122842154,11034,6,-30,31,-368,267,-4269
3122843154,11031,-5,-17,42,-283,176,-4411
3122844154,11028,-9,-2,56,-144,159,-4427
3122845154,11025,-3,8,56,107,45,-4393
3122846154,11022,-4,15,65,174,-8,-4381
3122847154,11019,2,13,54,318,-149,-4212
3122848154,11016,-7,22,48,267,-114,-4093
3122849154,11013,-8,33,38,287,-131,-4023
3122850154,11010,-6,31,37,268,-4,-3907
3122851154,11007,-2,36,24,291,56,-3829
3122852154,11005,1,33,14,382,-22,-3751
3122853154,11002,6,14,1,385,-244,-3875
3122854154,10999,4,-2,-14,423,-275,-3950
3122855154,10996,0,-13,-19,355,-273,-4066
3122856154,10993,6,-26,-33,106,-143,-4161
3122857154,10990,4,-34,-37,65,-70,-3986
3122858154,10987,-2,-30,-44,-108,52,-4180
3122859154,10985,10,-38,-40,-285,325,-4330
3122860154,10982,14,-32,-35,-195,385,-4107
3122861154,10979,0,-36,-28,-530,447,-4020
3122862154,10976,6,-17,-5,-494,367,-4256
3122863154,10974,0,-8,6,-272,240,-4131
3122864154,10971,-7,1,14,-224,173,-4299
3122865154,10968,-2,6,18,-42,19,-4288
3122866154,10966,-8,10,26,23,-156,-4223
3122867154,10963,-11,17,31,46,-60,-4176
3122868154,10961,-15,30,31,231,-155,-4045
3122869154,10958,-12,34,26,208,23,-4020
3122870154,10956,-6,24,15,149,95,-3927
3122871154,10953,7,12,4,115,134,-3635
3122872154,10950,13,11,-11,51,-105,-3848
3122873154,10947,8,13,-17,51,-227,-3971
3122874154,10944,12,-4,-27,54,-328,-4181
3122875154,10942,6,-10,-34,73,-202,-4053
3122876154,10939,8,-21,-26,-223,69,-3989
3122877154,10936,-3,-21,-21,-321,97,-4020
3122878154,10933,3,-17,-19,-302,140,-4031
3122879154,10930,1,-20,-4,-225,152,-4214
3122880154,10927,-13,-17,5,-67,177,-4228
3122881154,10924,-8,-9,21,-46,237,-4331
3122882154,10921,3,-4,19,140,160,-4223
3122883154,10918,-6,-2,31,112,113,-4120
3122884154,10915,-5,5,30,121,102,-4110
3122885154,10912,-1,6,26,217,-63,-4082
3122886154,10910,2,16,25,297,-15,-4043
3122887154,10907,7,19,24,197,80,-3971
3122888154,10904,12,14,9,241,73,-3897
3122889154,10901,7,5,0,93,31,-3767
3122890154,10898,12,7,-2,112,-182,-4137
3122891154,10895,2,-13,-13,51,-197,-4230
3122892154,10892,7,-4,-9,-44,-75,-4241
3122893154,10888,14,-26,-12,-124,148,-3875
3122894154,10885,3,-22,-11,-420,224,-3953
3122895154,10882,3,-18,-2,-419,91,-4221
3122896154,10879,-1,-8,4,-306,79,-4238
3122897154,10876,-7,-7,9,-211,109,-4245
3122898154,10873,-9,-6,16,-43,136,-4134
3122899154,10871,-11,4,27,-33,206,-4104
3122900154,10868,2,3,34,136,129,-4155
3122901154,10865,-2,11,39,297,87,-4089
3122902154,10862,-7,9,39,276,124,-4058
3122903154,10859,4,9,43,282,68,-4034
3122904154,10856,4,6,39,295,-101,-3867
3122905154,10854,6,4,35,189,-173,-4003
3122906154,10851,7,2,34,334,-208,-4070
3122907154,10848,3,0,29,170,-124,-4049
3122908154,10845,3,-8,21,206,-121,-4047
3122909154,10842,3,-31,9,-29,-259,-4072
3122910154,10839,-1,-20,10,-216,-212,-4194
3122911154,10836,-1,-27,12,-380,-116,-4227
3122912154,10833,-8,-19,13,-452,-52,-4239
3122913154,10830,-8,-6,16,-259,33,-4143
3122914154,10827,-4,-14,17,-197,89,-4164
3122915154,10824,-6,-8,17,-142,28,-4178
3122916154,10821,-6,-11,24,-15,-74,-4166
3122917154,10818,-11,-3,30,-22,-5,-4241
3122918154,10815,-14,13,28,286,99,-4045
3122919154,10812,-10,10,34,321,193,-3912
3122920154,10809,-7,1,28,318,202,-4036
3122921154,10806,5,-6,27,267,-17,-3941
3122922154,10803,-3,-5,32,67,-14,-3905
3122923154,10800,-10,3,28,-87,-16,-4008
3122924154,10797,-8,3,24,63,2,-4056
3122925154,10794,-13,-7,30,25,23,-3941
3122926154,10791,-10,-28,26,-220,22,-4148
3122927154,10788,-16,-26,27,-371,0,-4158
3122928154,10785,-18,-24,33,-470,72,-4176
3122929154,10782,-16,-26,38,-459,161,-4225
3122930154,10779,-9,-36,39,-279,93,-4096
3122931154,10776,-13,-29,39,-239,19,-4158
3122932154,10773,-19,-27,47,-284,-11,-4268
3122933154,10770,-23,-10,44,-233,16,-4262
3122934154,10767,-17,6,49,62,72,-4011
3122935154,10764,-21,14,45,349,45,-4078
3122936154,10761,-13,3,39,456,26,-4142
3122937154,10758,-19,4,38,372,-11,-4105
3122938154,10755,-9,-7,32,125,-28,-4014
3122939154,10752,-12,9,25,26,-80,-4027
3122940154,10749,-8,21,25,80,-26,-4195
3122941154,10746,-6,17,24,361,-41,-4052
3122942155,10742,-12,17,19,411,-44,-4009
3122943154,10739,-13,0,9,122,79,-4077
3122944154,10736,-8,-3,2,98,15,-4147
3122945154,10733,-20,-7,2,-12,-79,-4119
3122946154,10730,-17,-11,4,-482,137,-4366
3122947154,10727,-2,-25,9,-420,199,-4234
3122948154,10724,-6,-34,18,-644,278,-3994
3122949154,10721,-5,-16,28,-660,247,-4144
3122950154,10718,-12,-4,31,-318,160,-4206
3122951154,10715,-13,6,38,-262,95,-4318
3122952156,10712,-2,1,32,-8,28,-4306
3122953154,10710,-8,6,33,-38,-43,-4179
3122954154,10707,-1,24,28,-73,-43,-4195
3122955154,10704,-9,46,21,159,-104,-4045
3122956154,10701,-7,44,24,144,-49,-4051
3122957154,10698,-1,38,17,236,-11,-4010
3122958154,10695,-6,44,8,160,-38,-3886
3122959154,10692,-4,32,-1,225,-103,-3865
3122960154,10690,-2,38,-6,307,-57,-3803
3122961154,10687,-4,21,-12,301,-76,-3959
3122962154,10684,-2,0,-15,269,-74,-4003
3122963154,10681,-6,-2,-22,141,10,-4035
3122964154,10678,-4,-10,-26,-88,125,-4103
3122965154,10675,-4,-21,-15,-221,241,-4155
3122966154,10673,6,-23,-7,-211,350,-3957
3122967154,10670,-1,-25,5,-465,304,-4102
3122968154,10667,-3,-19,18,-440,232,-4330
3122969154,10665,-3,-21,30,-347,211,-4260
3122970154,10662,3,-16,41,-209,72,-4217
3122971154,10660,-4,-7,43,-123,-148,-4333
3122972154,10657,-4,-1,41,-133,-208,-4387
3122973154,10655,-5,16,28,-8,-229,-4222
3122974154,10652,-13,29,24,65,-198,-4159
3122975154,10649,-13,31,13,-18,-100,-4118
3122976154,10646,-4,31,-8,31,-16,-3963
3122977154,10643,-6,36,-20,-82,35,-3856
3122978154,10640,-4,38,-25,10,-91,-3967
3122979154,10638,-4,43,-27,85,-112,-3988
3122980154,10635,11,28,-37,155,-68,-4047
3122981154,10632,4,17,-46,203,-70,-3994
3122982154,10629,-3,9,-44,84,26,-3956
3122983154,10626,-13,10,-48,53,35,-4029
3122984154,10623,-12,0,-41,-64,110,-4160
3122985154,10620,3,-16,-26,-279,556,-3990
3122986154,10617,-5,-15,-12,-352,537,-3787
3122987154,10614,5,-11,10,-492,513,-4214
3122988154,10611,12,-6,14,-391,361,-4236
3122989154,10609,12,-3,29,-132,188,-4150
3122990154,10606,-1,2,41,-125,60,-4382
3122991154,10603,0,7,55,-48,-69,-4337
3122992154,10601,1,17,55,80,-203,-4246
3122993154,10598,-10,26,45,92,-281,-4212
3122994154,10596,-3,28,46,194,-191,-4294
3122995154,10593,-12,25,30,217,-61,-4004
3122996154,10590,0,23,17,70,-28,-3876
3122997154,10587,1,16,9,99,-74,-3788
3122998154,10584,-1,26,-2,35,-131,-3943
3122999154,10582,3,12,-15,180,-191,-4099
3123000154,10579,0,5,-27,184,-177,-4070
3123001154,10576,1,8,-29,139,-130,-4078
3123002154,10573,7,1,-35,66,-101,-4041
3123003154,10570,-13,0,-30,-94,-19,-4058
3123004154,10567,11,-11,-18,-127,188,-3989
3123005154,10564,-13,-1,-10,-237,315,-3924
3123006154,10561,-12,-4,-5,-361,414,-4105
3123007154,10558,9,-8,10,-181,372,-4027
3123008154,10556,-10,3,24,-125,200,-3953
3123009154,10553,-6,11,36,-70,172,-4201
3123010154,10550,0,8,41,151,75,-4196
3123011154,10547,-11,10,42,195,-48,-4118
3123012154,10545,-6,20,45,120,-12,-4096
3123013154,10542,-3,23,36,204,-57,-4136
3123014154,10539,-2,21,24,230,-82,-3953
3123015154,10536,-1,26,22,182,-38,-3967
3123016154,10533,-3,20,16,148,-49,-4008
3123017154,10531,-1,20,4,40,-1,-4099
3123018154,10528,3,16,-4,216,-38,-4080
3123019154,10525,3,8,-11,148,58,-4048
3123020154,10522,4,-3,-3,71,147,-4136
3123021154,10519,12,-21,-9,-55,48,-4167
3123022154,10516,5,-16,8,-327,36,-4140
3123023154,10513,-8,-7,16,-312,130,-4029
3123024154,10510,-9,-2,18,-319,201,-4059
3123025154,10508,0,-6,33,-150,216,-4165
3123026154,10505,-1,-10,37,115,147,-4103
3123027154,10502,-5,0,48,43,217,-4193
3123028154,10499,8,-4,46,100,201,-4161
3123029154,10497,3,-4,43,239,107,-4022
3123030154,10494,8,-1,40,157,-72,-4010
3123031154,10491,12,4,29,186,-171,-4095
3123032154,10488,2,4,18,96,-181,-3961
3123033154,10486,1,6,14,-28,-111,-3984
3123034154,10483,6,9,4,4,-101,-3988
3123035154,10480,-5,19,-7,-20,-125,-4099
3123036154,10477,-2,11,-20,87,-77,-4145
3123037154,10474,2,-4,-18,-38,40,-4073
3123038154,10471,0,-5,-18,-187,68,-4135
3123039154,10468,-1,-13,-19,-312,145,-4069
3123040154,10465,0,-5,-8,-408,187,-4152
3123041154,10462,-2,-2,0,-213,165,-4021
3123042154,10459,-8,1,5,-120,172,-4121
3123043154,10456,-6,8,18,-67,210,-4256
3123044154,10453,-1,7,26,90,206,-4131
3123045154,10450,5,11,28,127,138,-4013
3123046154,10447,7,16,34,80,141,-4073
3123047154,10444,7,20,32,214,35,-4085
3123048154,10442,1,17,30,327,-42,-3975
3123049154,10439,10,13,20,196,-49,-4125
3123050154,10436,7,16,27,144,-126,-4058
3123051154,10433,4,11,20,99,-140,-4027
3123052154,10430,3,16,19,127,-109,-3938
3123053154,10427,-4,11,14,165,-98,-4047
3123054154,10425,-1,13,4,88,-107,-4354
3123055154,10422,4,-12,1,0,-92,-4212
3123056154,10419,4,-10,1,-192,36,-4167
3123057154,10416,1,-7,4,-343,79,-4079
3123058154,10413,-2,-4,11,-497,114,-4310
3123059154,10410,6,-10,24,-263,28,-4228
3123060154,10408,-3,-4,25,-305,86,-4100
3123061154,10405,-1,2,32,-358,140,-4227
3123062154,10402,0,13,37,-155,164,-4091
3123063154,10399,-1,10,38,122,9,-3956
3123064154,10396,-9,19,48,252,25,-4046
3123065154,10394,-8,21,39,304,34,-4113
3123066154,10391,-3,12,34,390,-12,-3998
3123067154,10388,0,9,40,273,-26,-3932
3123068154,10385,1,13,35,82,-32,-3961
3123069154,10383,1,16,36,78,-40,-4029
3123070154,10380,-4,23,31,99,-7,-4066
3123071154,10377,-1,11,20,203,-64,-4098
3123072154,10374,-2,1,13,160,-73,-4108
3123073154,10371,0,-7,6,42,-35,-4120
3123074154,10368,0,-2,9,-70,-65,-4215
3123075154,10365,-12,-2,7,-203,-60,-4316
3123076154,10362,0,-16,7,-353,163,-4216
3123077154,10359,-9,-15,16,-514,223,-4055
3123078154,10356,-10,-8,34,-676,301,-4313
3123079154,10353,0,0,38,-466,255,-4269
3123080154,10350,-10,7,55,-269,222,-4136
3123081154,10347,-8,17,68,-41,178,-4253
3123082154,10344,4,5,78,27,101,-4069
3123083154,10341,-1,14,74,110,-71,-4005
3123084154,10338,4,19,74,10,-141,-3984
3123085154,10335,0,29,66,147,-276,-4177
3123086154,10332,-2,32,55,271,-336,-4011
3123087154,10329,-3,19,36,117,-237,-3941
3123088154,10325,-9,18,33,70,-203,-3891
3123089154,10322,-10,18,23,-21,-136,-3863
3123090154,10319,-13,21,5,-14,-145,-4205
3123091154,10316,-10,17,-1,241,-91,-4140
3123092154,10312,-5,4,-18,115,75,-4129
3123093154,10309,-11,6,-15,40,116,-4149
3123094154,10306,-7,9,-20,-17,112,-4225
3123095154,10303,-4,19,-16,-28,179,-4239
3123096154,10300,-6,30,-21,183,202,-4306
3123097154,10297,-23,24,-8,61,250,-4347
3123098154,10294,4,-1,5,-170,515,-4146
3123099154,10291,-11,9,28,-345,525,-3787
3123100154,10288,-6,19,50,-487,442,-4098
3123101154,10286,-2,11,69,-29,152,-4009
3123102154,10283,-5,9,73,12,107,-3962
3123103154,10281,-7,-3,83,63,6,-4091
3123104154,10278,-15,5,89,92,-56,-4117
3123105154,10276,-3,16,82,-7,-254,-4136
3123106154,10273,-6,17,71,357,-304,-3990
3123107154,10271,-14,19,59,152,-281,-3985
3123108154,10268,-3,5,33,67,-168,-4139
3123109154,10265,3,-1,19,-62,-100,-3883
3123110154,10262,-2,21,3,-164,-153,-3939
3123111154,10260,-6,22,-5,-59,-178,-4039
3123112154,10257,-5,28,-19,86,-182,-4228
3123113154,10254,-4,20,-20,195,-51,-4228
3123114154,10251,-6,15,-35,145,-26,-4232
3123115154,10248,-3,28,-29,62,104,-4301
3123116154,10245,2,29,-29,95,119,-4228
3123117154,10242,-18,26,-29,134,126,-4152
3123118154,10240,3,13,-16,-63,442,-4039
3123119154,10237,-8,2,-6,-67,366,-3678
3123120154,10234,-8,1,2,-296,373,-3680
3123121154,10231,4,-4,18,-243,218,-3993
3123122154,10229,-9,-2,33,-41,125,-3899
3123123154,10226,-5,0,44,-140,83,-4122
3123124154,10223,-7,-11,47,-1,59,-4135
3123125154,10221,-4,-7,43,-8,-71,-4013
3123126154,10218,-11,0,28,36,-304,-4104
3123127154,10215,-18,9,17,-2,-242,-4352
3123128154,10212,-13,6,-1,48,-46,-4202
3123129154,10210,-10,9,0,-23,90,-4045
3123130157,10206,0,8,-10,-198,171,-3978
3123131154,10203,-2,35,-19,-155,75,-4076
3123132154,10200,0,40,-29,87,100,-4152
3123133154,10198,2,39,-33,340,82,-4253
3123134154,10195,-4,36,-29,383,71,-4257
3123135154,10192,1,32,-28,406,64,-4099
3123136154,10189,-3,25,-17,180,114,-3978
3123137154,10186,2,5,0,30,293,-3840
3123138154,10183,1,-3,6,48,185,-3695
3123139154,10181,-11,-3,22,-140,215,-3836
3123140154,10178,5,-19,35,-61,147,-4067
3123141154,10175,-9,-18,50,-118,205,-3948
3123142154,10173,-9,-16,56,-168,176,-3965
3123143154,10170,-9,-19,53,-50,22,-4089
3123144154,10168,-3,-16,54,-142,-155,-4278
3123145154,10165,2,-13,44,-82,-304,-4358
3123146154,10162,-10,-5,33,-162,-178,-4405
3123147154,10159,8,7,15,-49,-138,-4222
3123148154,10157,-3,16,11,96,-192,-4114
3123149154,10154,-3,20,-9,-47,-164,-4255
3123150154,10151,5,26,-17,74,-125,-4147
3123151154,10148,-1,33,-19,84,-23,-3980
3123152154,10145,-2,41,-22,95,56,-4062
3123153154,10142,4,40,-22,359,71,-4017
3123154154,10139,-9,33,-26,481,80,-3980
3123155154,10136,2,16,-22,294,195,-3942
3123156154,10134,6,-1,-6,154,212,-3840
3123157154,10131,-4,-6,-3,-40,191,-3824
3123158154,10128,-4,-7,16,-136,175,-3926
3123159154,10125,-10,-11,26,-10,189,-4015
3123160154,10123,-5,-16,29,39,238,-4075
3123161154,10120,-7,-10,37,92,253,-4050
3123162154,10117,-4,-18,36,-201,97,-4176
3123163154,10114,4,-6,36,-109,36,-4135
3123164154,10112,4,-8,22,-83,-213,-4205
3123165154,10109,-2,-1,8,-273,-197,-4398
3123166154,10106,6,8,-1,-128,-141,-4379
3123167154,10103,4,14,-11,-89,-132,-4152
3123168155,10099,7,17,-21,-146,-48,-4134
3123169154,10096,1,32,-31,76,68,-3939
3123170154,10093,-4,38,-31,85,156,-4116
3123171154,10090,1,30,-24,100,168,-4195
3123172154,10087,2,24,-12,226,152,-3972
3123173154,10084,-10,22,1,64,155,-3831
3123174154,10082,-8,16,23,16,267,-3880
3123175154,10079,-1,4,21,138,241,-3832
3123176154,10076,-6,-5,35,139,166,-3890
3123177154,10074,4,-19,43,100,44,-4213
3123178154,10071,6,-23,52,73,53,-4121
3123179154,10068,4,-10,51,198,16,-3914
3123180154,10066,-3,-6,53,167,-1,-3932
3123181154,10063,7,-4,40,158,19,-4252
3123182154,10060,10,-13,29,178,-235,-4273
3123183154,10058,16,-14,12,-123,-273,-4208
3123184154,10055,9,-9,4,-218,-319,-4252
3123185154,10052,4,0,-6,-269,-392,-4300
3123186154,10049,4,10,-19,-164,-256,-4257
3123187154,10046,-3,21,-29,92,-140,-4085
3123188154,10043,-10,17,-36,-3,71,-4137
3123189154,10040,-7,7,-33,-21,163,-4170
3123190154,10037,-5,5,-25,-29,275,-3929
3123191154,10034,-11,14,-11,-192,378,-3989
3123192154,10031,-10,18,8,-90,405,-4064
3123193154,10029,-10,12,14,-17,374,-4037
3123194154,10026,2,-2,28,38,206,-3958
3123195154,10023,5,-6,42,-11,111,-3983
3123196154,10020,-2,1,54,-188,163,-4177
3123197154,10018,7,9,55,19,186,-4066
3123198154,10015,3,19,50,152,84,-3967
3123199154,10012,5,1,42,139,-53,-4085
3123200154,10009,13,-1,26,53,-212,-4148
3123201154,10007,-1,5,13,-99,-195,-4169
3123202154,10004,9,5,10,-224,-180,-4333
3123203154,10001,3,25,0,-61,-210,-4244
3123204154,9998,-4,21,-7,-4,-136,-4054
3123205154,9995,3,15,-14,113,38,-4045
3123206154,9991,-7,15,-17,140,-33,-4154
3123207154,9988,-8,16,-11,34,-14,-4201
3123208154,9986,-2,10,0,-2,182,-4109
3123209154,9983,-10,14,16,-100,292,-4011
3123210154,9980,1,7,26,-144,290,-3971
3123211154,9977,2,0,42,-132,178,-3997
3123212154,9974,-3,-5,45,-167,126,-4047
3123213154,9971,3,-10,60,-163,45,-4190
3123214154,9968,-3,10,66,-173,93,-4148
3123215154,9966,6,4,57,-23,-130,-4108
3123216154,9963,3,10,55,125,-216,-4019
3123217154,9960,-1,6,42,70,-392,-4044
3123218154,9957,2,6,17,-119,-347,-4379
3123219154,9954,-1,17,11,-67,-193,-4214
3123220154,9951,-13,30,0,-51,52,-3996
3123221154,9947,-7,29,-15,-74,61,-4013
3123222154,9944,-4,33,-19,138,38,-4096
3123223154,9941,-5,30,-24,169,48,-4153
3123224154,9938,-5,37,-15,226,43,-4208
3123225154,9935,-9,35,-13,193,109,-4176
3123226154,9932,-4,35,-8,229,164,-4083
3123227154,9929,-5,35,-1,290,163,-3933
3123228154,9926,-12,15,7,230,196,-4056
3123229154,9924,5,-12,12,34,356,-4021
3123230154,9921,-3,-6,23,-73,375,-3841
3123231154,9918,-4,-15,39,-418,464,-3978
3123232154,9916,4,-8,50,-296,307,-4034
3123233154,9913,4,-5,66,-131,156,-4034
3123234154,9911,5,-14,65,-108,75,-4331
3123235154,9908,3,-9,75,-176,-8,-4380
3123236154,9906,3,-13,63,-54,-319,-4211
3123237154,9903,-1,-5,57,-157,-367,-4017
3123238154,9900,-10,4,36,-137,-511,-4260
3123239154,9898,-8,12,25,-42,-426,-4256
3123240154,9895,-12,22,9,-84,-182,-4262
3123241154,9892,-11,26,-12,-39,115,-4011
3123242154,9889,-7,47,-21,-68,201,-4057
3123243154,9886,5,52,-32,175,119,-4142
3123244154,9883,5,49,-33,266,42,-4159
3123245154,9880,6,48,-33,365,42,-4135
3123246154,9877,3,40,-38,344,107,-4000
3123247154,9874,0,30,-28,329,-32,-3912
3123248154,9872,2,21,-32,315,-89,-3887
3123249154,9869,0,3,-27,377,-57,-3957
3123250154,9866,-7,-24,-9,-140,332,-4049
3123251154,9863,7,-33,4,-192,529,-3660
3123252154,9860,-6,-27,20,-526,545,-3862
3123253154,9858,-2,-18,25,-457,257,-4178
3123254154,9855,3,-28,26,-201,32,-4146
3123255154,9853,-1,-34,25,-183,-196,-4241
3123256154,9850,-5,-17,30,-466,-195,-4532
3123257154,9847,-7,-8,26,-435,-208,-4569
3123258154,9844,-8,13,13,-249,-170,-4346
3123259154,9842,-11,35,5,-173,-30,-4301
3123260154,9839,-3,35,-5,5,112,-4277
3123261154,9836,4,51,-4,-26,204,-4179
3123262154,9833,6,53,-11,-62,224,-4119
3123263154,9830,2,57,-13,225,65,-3980
3123264154,9828,4,56,-12,353,49,-3948
3123265154,9825,6,33,-13,495,-18,-3859
3123266154,9822,4,26,-13,424,-139,-3856
3123267154,9820,-3,5,-8,295,-129,-3938
3123268154,9817,-2,-18,9,-27,185,-3936
3123269154,9814,1,-28,16,-174,330,-3660
3123270154,9812,3,-36,27,-435,243,-3753
3123271154,9809,2,-41,28,-454,114,-3905
3123272154,9807,1,-45,31,-434,-188,-4142
3123273154,9804,-3,-41,32,-643,-145,-4434
3123274154,9802,-3,-20,25,-508,-122,-4467
3123275154,9799,-12,1,17,-421,-98,-4352
3123276154,9796,-12,4,10,-370,-138,-4384
3123277154,9793,-20,36,-5,-138,-167,-4433
3123278155,9790,-21,59,-10,-104,12,-4387
3123279154,9787,-16,71,-13,153,190,-4174
3123280155,9785,-13,71,-17,238,246,-4003
3123281156,9782,-2,66,-16,260,238,-3832
3123282154,9779,-3,60,-19,538,21,-3721
3123283154,9776,-5,46,-12,541,-43,-3696
3123284154,9774,-6,22,-4,496,-54,-3820
3123285154,9771,-4,10,-10,487,-29,-3834
3123286156,9768,-9,-1,-3,370,-1,-3836
3123287154,9766,-15,-17,2,105,186,-3881
3123288154,9763,-7,-26,-2,82,295,-3833
3123289154,9761,-14,-36,12,-17,343,-3854
3123290154,9758,-1,-47,17,-360,306,-4199
3123291154,9756,-3,-32,36,-405,248,-4282
3123292154,9753,2,-27,38,-535,21,-4419
3123293154,9751,8,-26,38,-507,-158,-4249
3123294154,9748,-2,-16,32,-390,-359,-4316
3123295154,9746,-14,1,26,-597,-396,-4568
3123296154,9743,-2,17,28,-400,-194,-4647
3123297154,9740,-10,34,5,1,-29,-4125
3123298154,9738,-15,38,2,-45,157,-4011
3123299154,9735,-8,49,-19,-34,201,-4056
3123300154,9732,-4,55,-29,292,190,-3960
3123301154,9729,-2,51,-28,323,120,-3904
3123302154,9727,1,46,-23,379,78,-3830
3123303154,9724,-3,42,-17,331,97,-3655
3123304154,9722,-1,28,-5,352,121,-3621
3123305154,9719,-2,3,-2,341,98,-3830
3123306154,9717,-2,-15,11,295,80,-3928
3123307154,9714,-4,-23,16,35,179,-4035
3123308154,9712,-9,-26,24,-77,231,-4036
3123309154,9709,-1,-28,25,-69,270,-3959
3123310154,9707,-4,-14,23,-45,203,-4126
3123311154,9704,-2,-12,12,-49,-7,-4410
3123312154,9702,1,-13,11,-113,-55,-4445
3123313154,9699,6,-18,1,-212,-65,-4224
3123314154,9697,-10,2,-3,-410,-121,-4255
3123315154,9694,2,18,-10,-412,-165,-4449
3123316154,9692,9,18,-18,-71,-119,-4130
3123317154,9689,-1,16,-24,-50,-125,-3987
3123318154,9686,0,31,-28,-18,-12,-4158
3123319154,9684,9,26,-37,188,-5,-4104
3123320154,9681,-5,34,-32,372,74,-3729
3123321154,9678,-11,33,-29,332,127,-3738
3123322154,9676,-7,14,-33,320,186,-3930
3123323154,9673,3,12,-25,330,118,-3837
3123324154,9671,-9,-7,-22,129,79,-3886
3123325154,9668,-2,-13,-9,-34,129,-4032
3123326154,9666,3,-4,1,-54,175,-4020
3123327154,9663,-2,-7,10,-62,214,-3936
3123328154,9661,-9,-7,22,-88,201,-4133
3123329154,9658,5,-8,26,-148,256,-4153
3123330154,9656,-4,-17,26,-167,228,-4179
3123331154,9654,0,-9,29,-214,68,-4250
3123332154,9651,10,-14,17,-356,-115,-4436
3123333154,9648,15,-2,7,-282,-154,-4255
3123334154,9646,9,9,4,-157,-178,-4214
3123335154,9643,12,15,-5,-176,-226,-4326
3123336154,9641,14,17,-14,2,-293,-4289
3123337154,9638,5,24,-25,27,-213,-4082
3123338154,9635,4,27,-35,15,-31,-4074
3123339154,9632,-11,38,-45,174,-5,-4034
3123340154,9630,-3,39,-43,226,73,-4084
3123341154,9627,-4,34,-46,363,141,-4041
3123342154,9624,-4,30,-36,415,205,-3897
3123343154,9622,-2,16,-31,306,291,-3837
3123344154,9619,-3,11,-31,246,266,-3853
3123345154,9617,2,8,-24,204,148,-3951
3123346154,9615,9,2,-20,192,139,-4085
3123347154,9612,2,-15,-4,-122,316,-4074
3123348154,9610,20,-30,6,-308,476,-3887
3123349154,9607,10,-27,20,-424,421,-3825
3123350154,9605,6,-14,33,-691,257,-4255
3123351154,9603,5,-10,47,-355,118,-4312
3123352154,9600,0,1,56,-107,-20,-4254
3123353154,9598,0,2,55,-21,-80,-4315
3123354154,9596,7,-5,51,-120,-249,-4327
3123355154,9593,5,10,42,62,-402,-4198
3123356154,9591,-1,14,27,-68,-456,-4216
3123357154,9588,0,14,5,-58,-398,-4185
3123358154,9586,5,12,-4,-79,-325,-4143
3123359154,9583,13,8,-18,-168,-156,-4079
3123360154,9580,-1,34,-25,-162,-17,-4037
3123361154,9577,10,45,-34,-10,151,-4131
3123362154,9575,12,48,-33,302,93,-4042
3123363154,9572,1,48,-39,414,59,-4066
3123364154,9569,4,33,-37,277,35,-4151
3123365154,9566,7,28,-30,308,7,-3976
3123366154,9564,-6,20,-28,224,40,-3886
3123367154,9561,-5,2,-20,-22,71,-3991
3123368154,9558,2,-3,1,82,328,-3914
3123369154,9556,-5,-12,7,-291,339,-3979
3123370154,9553,9,-35,17,-252,286,-3928
3123371154,9551,5,-38,18,-418,183,-3961
3123372154,9548,6,-33,11,-403,70,-4073
3123373154,9546,4,-21,21,-413,-67,-4423
3123374154,9543,5,-14,17,-414,61,-4381
3123375154,9541,3,8,10,-225,13,-4193
3123376154,9538,-2,21,4,-268,-51,-4237
3123377154,9536,3,33,-5,-208,-145,-4432
3123378154,9533,-3,50,-8,81,-75,-4255
3123379154,9531,-6,64,-9,113,68,-4168
3123380154,9528,-2,69,-12,217,125,-4075
3123381154,9526,0,78,-9,301,158,-3972
3123382154,9524,-1,66,-4,446,67,-3892
3123383154,9521,8,46,-5,576,-41,-3881
3123384154,9519,0,29,-13,580,-89,-3814
3123385154,9517,-1,16,-6,463,-98,-3828
3123386154,9515,-2,1,-9,358,-1,-3877
3123387154,9513,2,5,-1,361,88,-3956
3123388154,9510,4,-15,-3,161,88,-4041
3123389154,9508,20,-34,1,-40,199,-4034
3123390154,9506,-3,-34,2,-132,180,-3930
3123391154,9504,9,-44,7,-460,83,-4105
3123392154,9502,7,-47,11,-643,-115,-4150
3123393154,9499,-1,-53,9,-544,-259,-4004
3123394154,9497,-24,-42,12,-676,-252,-4520
3123395154,9495,-13,-33,10,-650,-229,-4515
3123396154,9492,-12,-17,0,-459,-100,-4500
3123397154,9490,-12,10,-8,-357,124,-4450
3123398154,9487,-12,39,-16,-369,297,-4510
3123399154,9485,-6,56,-20,-301,386,-4491
3123400154,9482,3,84,-21,96,327,-4100
3123401154,9479,10,96,-21,344,146,-4056
3123402154,9477,20,84,-20,547,86,-3976
3123403154,9474,12,69,-25,716,-90,-3488
3123404154,9472,11,57,-21,688,-75,-3470
3123405154,9469,7,35,-16,543,-53,-3691
3123406154,9467,1,20,-13,688,31,-3697
3123407154,9464,-3,1,-9,551,163,-3755
3123408154,9462,1,-12,-10,480,197,-3846
3123409154,9459,1,-25,-10,330,175,-3894
3123410154,9457,-7,-21,-4,154,131,-4073
3123411154,9455,-4,-23,-6,-104,215,-4306
3123412154,9452,6,-30,6,-225,302,-4197
3123413154,9450,5,-26,17,-377,336,-4095
3123414154,9447,-4,-14,24,-764,175,-4188
3123415154,9445,6,-16,34,-548,-46,-4179
3123416154,9443,-8,-6,31,-352,-445,-4307
3123417154,9440,-14,-10,30,-418,-535,-4496
3123418154,9438,-11,-10,26,-359,-397,-4544
3123419154,9435,-18,14,12,-208,-241,-4358
3123420154,9432,-15,29,9,-190,-58,-4435
3123421154,9430,-9,45,-3,-25,109,-4314
3123422154,9427,-12,56,-11,77,158,-4159
3123423154,9424,-11,75,-17,130,195,-4105
3123424154,9422,-1,81,-15,374,79,-4019
3123425154,9419,4,71,-15,577,31,-3707
3123426154,9416,3,61,-13,613,-185,-3748
3123427154,9414,-2,34,-11,718,-253,-3797
3123428154,9411,-9,14,4,573,-177,-3804
3123429154,9409,-19,-7,12,393,55,-3786
3123430154,9406,-14,-17,16,203,236,-3846
3123431154,9404,-8,-28,18,153,286,-3882
3123432154,9402,-10,-26,25,35,279,-3973
3123433154,9399,-9,-24,25,-33,206,-4137
3123434154,9397,-12,-14,25,-120,135,-4441
3123435154,9394,-4,-7,33,-104,142,-4368
3123436154,9392,0,-3,34,-78,125,-4296
3123437154,9389,-9,6,28,-194,-100,-4234
3123438154,9387,-3,10,26,-240,-142,-4304
3123439154,9384,-10,11,20,-114,-265,-4190
3123440154,9382,-20,19,16,-178,-243,-4178
3123441154,9379,-12,24,6,-82,-84,-4211
3123442154,9376,-14,21,2,-16,-7,-4110
3123443154,9374,-13,32,-7,94,117,-3987
3123444154,9371,-10,36,-10,88,177,-4117
3123445154,9368,-8,47,-13,230,194,-4158
3123446156,9365,-15,47,-14,357,260,-3983
3123447154,9363,-4,36,-11,424,199,-3849
3123448154,9360,-5,29,-13,349,55,-4029
3123449154,9358,-5,18,-8,273,-8,-4062
3123450154,9355,-4,14,-1,380,0,-3849
3123451154,9352,-17,12,3,224,111,-3987
3123452154,9350,-11,1,11,208,217,-4051
3123453154,9347,-6,-11,10,144,250,-3858
3123454154,9345,-12,-11,8,44,241,-3837
3123455154,9342,-15,-15,9,-166,178,-4071
3123456154,9339,-9,-20,8,-192,20,-4176
3123457154,9337,-4,-18,1,-284,-50,-4134
3123458154,9334,-7,-10,1,-320,-149,-4262
3123459154,9332,-16,-2,1,-344,-100,-4325
3123460154,9329,-6,3,-1,-268,-3,-4319
3123461154,9326,-16,22,-7,-78,108,-4159
3123462154,9324,-16,44,-2,43,140,-4302
3123463154,9321,-18,48,-4,117,188,-4324
3123464154,9319,-14,47,0,396,175,-3984
3123465154,9316,-7,38,-12,439,93,-3858
3123466154,9314,5,41,-9,391,-13,-4029
3123467154,9311,-4,22,-8,536,-171,-3871
3123468154,9308,-5,24,-10,420,-94,-3794
3123469154,9306,-6,17,-10,310,68,-3922
3123470154,9304,7,10,-13,407,195,-3862
3123471154,9301,3,-9,-9,266,166,-3951
3123472154,9299,4,-10,-8,147,180,-4088
3123473154,9296,9,-19,-12,-102,55,-4146
3123474154,9294,6,-19,-13,-231,47,-4122
3123475154,9291,8,-23,-8,-313,-154,-4232
3123476154,9289,-1,-26,-15,-442,-148,-4319
3123477154,9286,1,-20,-14,-459,-77,-4247
3123478154,9284,-6,-3,-19,-394,0,-4169
3123479154,9281,-12,6,-21,-406,130,-4399
3123480154,9278,-3,24,-24,-40,217,-4168
3123481154,9276,-6,30,-21,127,226,-4023
3123482154,9273,-8,43,-31,189,197,-4133
3123483154,9271,-2,50,-22,300,161,-4154
3123484154,9268,-7,48,-26,536,58,-3816
3123485154,9265,-1,42,-24,358,59,-3828
3123486154,9263,2,35,-21,429,32,-3847
3123487154,9260,7,24,-21,433,-3,-3841
3123488154,9258,7,20,-15,406,123,-3858
3123489154,9255,-2,10,-21,472,165,-3870
3123490154,9253,3,6,-19,306,208,-3942
3123491154,9251,4,-12,-16,230,193,-4014
3123492154,9248,10,-21,-21,4,147,-4123
3123493154,9245,9,-17,-8,-217,112,-4270
3123494154,9243,10,-7,6,-356,82,-4314
3123495154,9240,5,-16,4,-371,57,-4277
3123496154,9238,13,-19,6,-426,38,-4170
3123497154,9235,11,-26,-2,-384,-247,-4317
3123498154,9233,8,-11,6,-513,-279,-4525
3123499154,9230,1,7,8,-285,-57,-4291
3123500154,9228,-1,9,2,-165,74,-4135
3123501154,9225,4,25,-6,-10,171,-4145
3123502154,9222,2,42,-9,110,127,-4258
3123503154,9219,14,51,-20,444,69,-4058
3123504154,9217,0,71,-16,503,15,-3883
3123505154,9214,6,51,-25,460,-39,-3941
3123506154,9211,14,46,-21,552,-175,-3805
3123507154,9208,0,41,-15,472,-145,-3701
3123508154,9206,-4,32,-19,476,-30,-3883
3123509154,9203,-1,29,-13,586,51,-3855
3123510154,9200,0,15,-13,572,154,-3732
3123511154,9198,8,-4,-24,404,95,-3879
3123512154,9195,-5,-16,-28,231,-2,-4072
3123513154,9192,7,-23,-23,-7,11,-4058
3123514154,9189,13,-34,-25,-193,37,-4066
3123515154,9187,-6,-38,-21,-648,238,-4243
3123516154,9184,6,-28,-9,-582,214,-4386
3123517154,9181,-4,-12,-2,-532,215,-4394
3123518154,9178,2,-7,2,-491,191,-4530
3123519154,9176,1,11,14,-334,149,-4582
3123520154,9173,2,40,17,-64,114,-4450
3123521156,9170,3,60,30,90,70,-4404
3123522154,9168,5,69,23,382,-28,-4137
3123523154,9165,4,68,19,520,-79,-3969
3123524154,9163,7,61,11,551,-111,-3896
3123525154,9160,15,45,2,533,-153,-3882
3123526154,9157,4,35,-7,491,-13,-3700
3123527154,9155,5,36,-4,432,65,-3726
3123528154,9152,11,24,-8,496,27,-3846
3123529154,9149,17,1,-9,391,-9,-3930
3123530154,9147,19,-10,-17,177,12,-4011
3123531154,9144,16,-14,-21,240,-173,-4113
3123532154,9141,6,-20,-25,80,-206,-4124
3123533154,9139,12,-50,-23,-240,-70,-4267
3123534154,9136,5,-54,-28,-546,81,-4104
3123535154,9133,-3,-39,-15,-812,189,-4385
3123536154,9130,-7,-21,-10,-790,239,-4490
3123537154,9127,-3,4,-7,-504,329,-4501
3123538154,9124,-2,22,-5,-298,368,-4449
3123539154,9121,-2,48,3,-97,274,-4396
3123540154,9119,9,62,12,-60,145,-4337
3123541154,9116,6,67,17,55,58,-4211
3123542154,9113,5,76,12,466,-146,-3837
3123543154,9110,-2,71,9,590,-236,-3804
3123544154,9107,-1,51,4,660,-226,-3815
3123545154,9104,-1,41,-1,597,-100,-3694
3123546154,9101,-2,24,-1,448,75,-3579
3123547154,9098,-6,19,-15,444,5,-3743
3123548154,9095,-1,1,-18,453,50,-3854
3123549154,9092,5,-6,-16,406,69,-4046
3123550154,9090,1,-7,-17,319,30,-4152
3123551154,9087,7,-11,-26,185,6,-4316
3123552154,9084,8,-12,-10,-182,102,-4324
3123553154,9081,12,-30,2,-250,124,-4066
3123554154,9078,3,-16,-2,-526,-31,-4013
3123555154,9075,-3,-13,1,-550,-161,-4291
3123556154,9072,-2,-7,3,-527,-61,-4392
3123557154,9069,-4,2,6,-402,178,-4364
3123558154,9066,3,19,5,-331,286,-4475
3123559154,9063,4,27,8,-261,236,-4507
3123560154,9061,6,48,16,-176,198,-4256
3123561154,9058,-1,69,16,139,81,-4079
3123562154,9055,-3,71,20,265,48,-4132
3123563154,9052,5,62,16,600,-164,-3904
3123564154,9049,-1,57,10,701,-230,-3736
3123565154,9047,-13,48,9,559,-205,-3787
3123566154,9044,2,23,12,638,-100,-3790
3123567154,9041,-13,10,6,493,41,-3607
3123568154,9038,1,10,3,458,100,-3797
3123569154,9035,5,-15,-10,331,-69,-3794
3123570154,9033,2,-23,-25,204,-163,-3935
3123571154,9030,-1,-39,-30,-134,-133,-4159
3123572154,9027,2,-33,-23,-326,139,-4092
3123573154,9024,-5,-25,-28,-384,294,-4100
3123574154,9021,-2,-1,-18,-405,405,-4415
3123575154,9018,7,5,-3,-268,324,-4471
3123576154,9015,7,11,1,-142,184,-4310
3123577154,9013,-4,22,4,-168,119,-4319
3123578154,9010,-7,34,22,-166,83,-4414
3123579154,9007,-8,44,30,85,54,-4201
3123580154,9004,-8,42,29,363,-5,-3801
3123581154,9002,-15,43,29,368,-27,-3939
3123582154,8999,-12,40,24,371,-18,-3980
3123583154,8996,-6,23,21,603,-26,-3773
3123584154,8993,-13,19,14,308,130,-3754
3123585154,8990,0,-2,2,271,49,-3825
3123586154,8987,3,-6,-3,275,-155,-3722
3123587154,8984,-3,-11,-14,120,-278,-3928
3123588154,8981,9,-28,-21,-69,-160,-4214
3123589154,8978,-4,-25,-19,-115,-9,-4141
3123590154,8975,-5,-21,-19,-386,164,-4227
3123591154,8972,3,-24,-15,-402,191,-4280
3123592154,8969,1,-12,-16,-288,114,-4246
3123593154,8966,-13,13,-8,-258,112,-4360
3123594154,8963,-4,24,-2,-87,194,-4412
3123595154,8959,-6,33,9,179,371,-4066
3123596154,8956,-5,36,7,229,353,-4036
3123597154,8953,1,36,16,258,267,-4070
3123598154,8950,9,34,11,524,-23,-3848
3123599154,8948,0,27,12,425,-61,-3831
3123600154,8945,-2,31,14,388,39,-3900
3123601154,8942,17,17,8,615,105,-3810
3123602154,8939,21,1,6,548,163,-3851
3123603154,8936,23,-12,3,430,95,-3909
3123604154,8933,18,-22,-9,245,-33,-3943
3123605154,8931,16,-26,-6,13,-20,-4054
3123606154,8928,15,-34,-9,-197,-105,-4128
3123607154,8925,8,-31,-13,-376,-107,-4180
3123608154,8922,12,-18,-16,-506,17,-4365
3123609154,8919,7,-20,-12,-451,74,-4349
3123610154,8916,2,-6,-9,-267,241,-4238
3123611154,8914,-1,12,-8,-300,320,-4312
3123612154,8911,10,16,1,-220,287,-4383
3123613154,8908,12,32,10,42,168,-4186
3123614154,8905,6,43,12,151,112,-4139
3123615154,8902,11,38,13,239,173,-4058
3123616154,8900,25,24,16,429,60,-3835
3123617154,8897,12,23,15,414,-104,-3771
3123618154,8894,21,26,15,436,-188,-3998
3123619154,8891,13,24,13,492,-162,-3969
3123620154,8888,16,2,-1,484,3,-3712
3123621154,8885,10,-4,-5,328,4,-3844
3123622154,8882,14,-2,-9,222,-122,-4048
3123623154,8879,15,-6,-13,143,-72,-4046
3123624154,8876,3,-9,-18,28,-13,-4044
3123625154,8873,8,-28,-17,-211,-76,-4125
3123626154,8870,-1,-26,-11,-527,-99,-4326
3123627154,8867,0,-21,-1,-635,83,-4329
3123628154,8864,-2,-8,1,-523,142,-4239
3123629154,8860,-7,14,10,-385,264,-4319
3123630154,8857,-2,18,16,-237,318,-4481
3123631154,8854,10,24,19,50,232,-4197
3123632154,8851,1,31,21,75,164,-4116
3123633154,8847,10,34,24,-42,104,-4253
3123634154,8844,14,47,25,383,-101,-4022
3123635154,8841,1,35,18,473,-222,-3906
3123636154,8838,-2,13,18,384,-178,-4012
3123637154,8834,-1,14,16,338,-154,-3956
3123638154,8831,-6,14,22,177,-10,-3827
3123639154,8828,-9,6,15,206,-83,-3967
3123640154,8825,-16,-8,9,155,-140,-3999
3123641154,8821,-8,-17,-1,98,-73,-4014
3123642154,8818,-9,-22,-4,-67,-29,-4060
3123643154,8815,-19,-17,-8,-265,19,-4344
3123644154,8811,-8,-14,5,-420,330,-4425
3123645154,8808,-14,-2,13,-448,378,-4250
3123646154,8805,-12,11,24,-496,360,-4270
3123647154,8802,-7,22,42,-466,304,-4419
3123648154,8799,-11,30,64,-192,142,-4254
3123649154,8796,-16,18,74,-48,-25,-4084
3123650154,8793,-9,18,80,7,-339,-4105
3123651154,8790,-17,17,92,58,-492,-4103
3123652154,8788,-30,23,94,277,-134,-3872
3123653154,8785,-19,27,76,555,263,-3901
3123654154,8782,20,-9,54,614,8,-4183
3123655154,8779,31,-25,36,507,-263,-4075
3123656154,8776,19,-34,26,96,-662,-3561
3123657154,8773,5,-17,13,-427,-563,-3685
3123658154,8770,-5,13,-2,-225,-335,-4115
3123659154,8767,-2,23,-11,68,-26,-4235
3123660154,8764,10,18,-16,73,77,-4274
3123661154,8761,8,21,-25,71,233,-4277
3123662154,8758,10,43,-25,2,486,-4328
3123663154,8755,18,58,-26,385,388,-4311
3123664154,8752,19,55,-25,376,359,-4226
3123665154,8750,27,20,-16,-40,413,-4221
3123666154,8747,25,14,3,-143,363,-3616
3123667154,8744,2,39,25,-410,301,-3772
3123668154,8741,7,27,47,-137,213,-4051
3123669154,8739,11,25,55,177,276,-3868
3123670154,8736,-7,11,62,216,301,-3882
3123671154,8734,5,-4,59,-85,337,-4333
3123672154,8731,18,-2,64,88,140,-4173
3123673154,8728,12,5,62,165,5,-4020
3123674154,8725,4,14,58,54,-130,-4316
3123675154,8723,6,11,41,181,-121,-4217
3123676154,8720,5,-3,16,76,-247,-3951
3123677154,8717,11,-6,-3,-208,-494,-4033
3123678154,8714,-3,0,-15,-177,-502,-4135
3123679154,8710,-12,11,-21,-231,-147,-4219
3123680154,8707,5,19,-38,-58,197,-4302
3123681154,8704,12,19,-43,-20,321,-4372
3123682154,8701,7,28,-40,18,422,-4425
3123683154,8697,19,50,-43,-96,441,-4334
3123684154,8694,26,41,-29,17,446,-4175
3123685154,8691,26,42,-16,53,317,-3847
3123686154,8688,17,32,-3,63,79,-3815
3123687154,8685,8,24,-1,-15,-23,-3916
3123688154,8682,12,12,24,93,-43,-3824
3123689154,8679,-9,13,38,67,55,-3829
3123690154,8676,-8,7,39,108,170,-4100
3123691154,8673,0,3,41,316,62,-4016
3123692154,8670,-3,1,41,319,4,-3949
3123693154,8667,1,-11,27,68,-78,-4113
3123694154,8664,13,-10,10,23,-216,-3968
3123695154,8662,-5,1,-5,-86,-304,-4193
3123696154,8659,5,-5,-11,-241,-185,-4288
3123697154,8656,12,13,-23,-115,5,-4283
3123698154,8653,13,27,-33,-69,207,-4195
3123699154,8650,20,43,-30,34,172,-4325
3123700154,8647,26,46,-26,118,221,-4279
3123701154,8644,19,47,-10,189,266,-4238
3123702154,8641,16,33,-12,318,230,-4066
3123703154,8639,27,10,-4,162,145,-3975
3123704154,8636,23,-3,17,227,-53,-3847
3123705154,8634,16,-3,20,48,-150,-3840
3123706154,8631,5,-7,33,-127,29,-3990
3123707154,8629,10,-9,42,-27,142,-3948
3123708154,8626,3,-9,40,26,89,-3954
3123709154,8624,7,-2,50,14,-43,-4275
3123710154,8621,9,-5,47,55,-54,-4239
3123711154,8618,-2,-1,36,122,-89,-4077
3123712154,8616,6,-9,19,-116,-231,-4161
3123713154,8613,10,-9,0,15,-467,-4133
3123714154,8610,-1,-5,-15,-116,-379,-4089
3123715154,8607,-2,4,-21,-167,-315,-4190
3123716154,8604,-1,12,-30,-112,19,-4141
3123717154,8601,-2,32,-39,61,281,-4076
3123718154,8598,0,41,-37,113,489,-4186
3123719154,8595,6,41,-36,196,551,-4204
3123720154,8592,20,30,-26,305,506,-3963
3123721154,8589,17,19,-15,87,457,-3876
3123722154,8586,23,8,3,-10,210,-4026
3123723154,8583,21,4,23,40,99,-3854
3123724154,8580,14,4,32,50,71,-3899
3123725154,8578,15,2,41,9,63,-4056
3123726154,8575,12,-2,49,44,163,-3945
3123727154,8572,9,5,47,108,148,-3901
3123728154,8569,-3,8,46,9,130,-4045
3123729154,8566,6,6,45,59,61,-4173
3123730154,8563,1,13,38,224,-40,-4044
3123731154,8560,-3,22,30,168,-19,-4196
3123732154,8557,13,10,24,172,-148,-4169
3123733154,8554,3,7,15,207,-208,-4040
3123734154,8551,7,9,15,43,-270,-4024
3123735154,8548,4,-6,4,-57,-505,-4252
3123736154,8544,5,1,-2,-86,-263,-4103
3123737154,8541,-4,7,-6,-125,-93,-4106
3123738154,8538,-1,7,-2,-161,248,-4149
3123739154,8535,22,0,-3,20,366,-4121
3123740154,8532,17,-2,3,-8,277,-3992
3123741154,8528,14,-1,7,-145,66,-4179
3123742154,8525,14,2,23,-162,87,-4188
3123743154,8522,12,9,39,-45,31,-4013
3123744154,8520,4,10,47,-75,-120,-4186
3123745154,8517,17,-3,59,40,-79,-4010
3123746154,8514,9,4,53,93,-3,-3853
3123747154,8511,5,11,57,12,-35,-4037
3123748154,8508,22,-2,44,122,-83,-4221
3123749154,8505,13,10,28,341,-152,-3908
3123750154,8502,10,8,13,88,-23,-4051
3123751154,8499,15,10,5,138,-17,-4130
3123752154,8496,8,23,0,280,59,-3969
3123753154,8494,7,22,-3,316,39,-4091
3123754154,8491,12,27,2,390,152,-4179
3123755154,8488,21,13,1,437,220,-4070
3123756154,8485,22,3,1,377,138,-4040
3123757154,8482,17,-5,3,278,69,-4053
3123758154,8480,15,-10,12,162,110,-4105
3123759154,8477,20,-17,20,-76,213,-4062
3123760154,8474,30,-30,30,-205,357,-4081
3123761154,8472,25,-39,32,-345,301,-3839
3123762154,8469,18,-19,40,-789,290,-4229
3123763154,8467,37,-20,37,-384,36,-4280
3123764154,8464,30,-23,37,-255,-91,-4112
3123765154,8461,18,-19,33,-304,-140,-4310
3123766154,8458,20,-11,33,-389,-38,-4371
3123767154,8455,22,3,22,-208,-88,-4159
3123768154,8452,9,33,12,149,-133,-4043
3123769154,8450,1,35,6,194,-60,-4149
3123770154,8447,20,32,-1,430,74,-4152
3123771154,8444,11,38,-3,452,118,-3887
3123772154,8441,24,32,-4,266,170,-3866
3123773154,8438,10,39,-4,498,54,-3785
3123774154,8435,6,39,1,486,96,-3798
3123775154,8432,16,3,-2,423,115,-3896
3123776154,8429,14,-15,0,275,128,-3908
3123777154,8426,17,-15,17,-157,245,-3988
3123778154,8423,13,-17,28,-139,293,-4037
3123779154,8420,19,-12,33,-78,294,-4046
3123780154,8417,21,-20,35,-28,223,-4279
3123781154,8414,30,-21,43,-106,231,-4397
3123782154,8411,37,-25,32,-64,-106,-4363
3123783154,8408,32,-19,27,-60,-190,-4186
3123784154,8406,23,-15,13,-196,-444,-4390
3123785154,8403,20,-20,2,-170,-453,-4437
3123786154,8399,10,-1,-6,-235,-387,-4236
3123787154,8396,7,17,-16,-375,-46,-4425
3123788154,8393,14,23,-24,-246,53,-4303
3123789154,8390,2,47,-26,61,73,-4031
3123790154,8387,-4,51,-30,193,196,-4169
3123791154,8384,9,47,-23,260,343,-4155
3123792154,8381,8,46,-19,357,362,-4071
3123793154,8378,16,35,-12,299,204,-3885
3123794154,8375,14,6,1,243,83,-3735
3123795154,8372,4,3,15,150,84,-3673
3123796154,8370,-3,-7,34,-96,205,-3988
3123797154,8367,12,-7,45,-80,240,-4066
3123798154,8365,11,-20,61,-24,270,-3776
3123799154,8362,-1,-9,69,-209,212,-4001
3123800154,8360,11,-6,77,-239,73,-4369
3123801154,8357,14,-6,75,-56,-67,-4360
3123802154,8355,13,-3,65,68,-175,-4145
3123803154,8352,9,-19,51,-144,-318,-4267
3123804154,8349,24,-16,40,-286,-472,-4229
3123805154,8347,5,1,24,-253,-561,-4226
3123806154,8344,-4,13,22,-236,-487,-4321
3123807154,8341,5,25,15,58,-264,-4345
3123808154,8338,-6,34,-3,220,-22,-4239
3123809154,8335,12,41,-7,186,190,-4257
3123810154,8332,13,49,-15,359,189,-4073
3123811154,8329,10,50,-14,426,228,-4073
3123812154,8326,24,35,-13,460,202,-4019
3123813154,8323,21,21,-13,583,-42,-3846
3123814154,8320,19,3,-10,425,-28,-3922
3123815154,8317,17,1,0,203,21,-3941
3123816154,8314,8,-5,10,125,165,-3944
3123817154,8311,21,-30,21,-111,444,-3861
3123818154,8309,11,-16,46,-182,544,-3754
3123819154,8306,11,-27,48,-346,298,-4296
3123820154,8303,24,-26,54,-242,231,-4219
3123821154,8300,17,-29,51,-202,21,-4005
3123822154,8297,8,-24,49,-386,-198,-4371
3123823154,8294,12,-11,46,-428,-220,-4509
3123824154,8291,10,3,42,-396,-197,-4470
3123825154,8288,-3,21,33,-179,-120,-4221
3123826154,8285,-6,45,28,-138,-26,-4267
3123827154,8282,-6,57,17,161,18,-4236
3123828154,8279,-7,67,10,458,88,-4022
3123829154,8276,-10,70,7,499,141,-4050
3123830154,8273,9,50,7,556,204,-3968
3123831154,8270,5,35,7,712,23,-3676
3123832154,8267,9,8,10,390,-38,-3881
3123833154,8264,16,-9,19,274,20,-3933
3123834154,8262,19,-27,29,246,103,-3816
3123835154,8259,13,-35,36,26,259,-3929
3123836154,8256,26,-37,47,-67,164,-4112
3123837154,8253,20,-29,54,-23,103,-4210
3123838154,8251,15,-26,59,-30,102,-4283
3123839154,8248,27,-22,54,-287,-20,-4492
3123840154,8245,26,-12,46,-68,-175,-4345
3123841154,8242,15,-6,33,-132,-429,-4195
3123842154,8240,4,7,24,-326,-474,-4353
3123843154,8237,3,14,16,-237,-419,-4395
3123844154,8234,-1,26,5,89,-288,-4011
3123845154,8231,-9,45,0,67,-92,-4066
3123846154,8228,-4,37,-10,381,136,-4060
3123847154,8225,-3,36,-17,479,174,-3838
3123848154,8222,-7,32,-18,474,256,-3849
3123849154,8219,11,8,-6,330,327,-3913
3123850154,8216,4,-2,6,352,284,-3737
3123851154,8213,7,-9,13,140,240,-3853
3123852154,8210,8,-10,23,158,184,-3945
3123853154,8208,14,-24,39,154,170,-3965
3123854154,8205,5,-28,43,-48,180,-4002
3123855154,8202,17,-30,50,-206,210,-4110
3123856154,8199,15,-30,48,-146,213,-4114
3123857154,8196,9,-26,43,-238,23,-4225
3123858154,8194,4,-20,40,-205,-117,-4294
3123859154,8191,7,-10,31,-204,-166,-4336
3123860154,8188,-3,1,24,-104,-172,-4166
3123861154,8185,-9,14,17,-75,-129,-4175
3123862154,8182,-3,17,14,26,-71,-4154
3123863154,8179,-13,29,6,278,-73,-4046
3123864154,8176,-15,32,14,379,114,-3997
3123865154,8173,-10,26,12,333,168,-4028
3123866154,8170,-2,23,16,581,156,-3921
3123867154,8167,3,6,8,558,69,-3786
3123868154,8164,6,-13,14,455,81,-3921
3123869154,8161,13,-19,19,400,40,-4018
3123870154,8158,18,-26,14,358,35,-4044
3123871154,8155,14,-31,21,96,129,-3991
3123872154,8152,12,-27,24,5,233,-3899
3123873154,8149,7,-30,15,-125,202,-4076
3123874154,8147,17,-32,17,-111,35,-4240
3123875154,8144,13,-31,13,-123,-134,-4327
3123876154,8141,15,-38,14,-354,-138,-4358
3123877154,8138,16,-20,25,-393,-59,-4281
3123878154,8135,7,-2,16,-346,80,-4188
3123879154,8132,5,11,20,-185,135,-4147
3123880154,8129,6,22,19,147,77,-4058
3123881154,8126,9,17,8,254,33,-4183
3123882154,8123,1,23,10,395,44,-3944
3123883154,8120,-4,25,8,387,77,-3880
3123884154,8117,-3,25,9,393,75,-3828
3123885154,8114,-8,20,11,553,60,-3690
3123886154,8111,-4,8,9,376,165,-3879
3123887154,8108,13,-10,14,384,122,-3996
3123888154,8105,12,-9,13,446,8,-3916
3123889154,8103,9,-19,17,201,43,-3988
3123890154,8100,14,-40,18,-96,130,-4101
3123891154,8097,18,-39,25,-322,121,-4089
3123892154,8094,12,-41,30,-603,114,-4432
3123893154,8091,12,-30,37,-638,142,-4493
3123894154,8088,15,-32,42,-489,188,-4335
3123895154,8085,13,-20,37,-326,19,-4271
3123896154,8082,6,-2,46,-318,-101,-4499
3123897154,8079,15,10,44,-187,-39,-4327
3123898154,8076,14,20,46,165,-31,-4166
3123899154,8073,7,29,41,390,26,-4200
3123900154,8070,16,26,26,533,-44,-4191
3123901154,8067,18,10,28,478,-160,-3930
3123902154,8064,16,12,24,427,-140,-3905
3123903154,8061,9,12,20,292,-157,-3843
3123904154,8058,3,17,24,246,-45,-3924
3123905154,8055,9,7,20,474,1,-3944
3123906154,8052,3,-14,19,434,23,-4055
3123907154,8049,5,-19,13,312,4,-4117
3123908154,8046,18,-19,20,211,18,-4099
3123909154,8043,1,-18,3,32,-42,-4141
3123910154,8040,14,-25,3,-98,-40,-3987
3123911154,8037,3,-28,-8,78,-181,-4034
3123912154,8034,-15,-34,-6,-565,-149,-4418
3123913154,8031,17,-42,6,-860,206,-4430
3123914154,8028,-16,-11,28,-1029,442,-4078
3123915154,8025,-9,24,50,-905,503,-4487
3123916154,8022,5,31,54,-460,371,-4382
3123917154,8019,-3,41,63,176,280,-4169
3123918154,8016,6,30,67,309,150,-4386
3123919154,8013,21,31,64,465,-116,-4209
3123920154,8010,12,36,59,498,-190,-4001
3123921154,8007,15,29,55,528,-252,-3772
3123922154,8004,7,20,54,528,-234,-3838
3123923154,8001,5,8,53,416,-115,-3785
3123924154,7998,-4,10,45,463,-76,-3792
3123925154,7996,-2,8,41,472,-106,-3821
3123926154,7993,-1,-3,38,498,-40,-3967
3123927154,7990,4,-21,27,527,-51,-4050
3123928154,7987,4,-35,18,337,-80,-4114
3123929154,7983,10,-36,17,182,17,-4066
3123930154,7980,13,-40,8,91,-143,-4066
3123931154,7977,-1,-32,-2,-202,-79,-4305
3123932154,7974,3,-28,3,-482,203,-4441
3123933154,7971,17,-10,13,-451,401,-4156
3123934154,7968,-3,-1,20,-629,456,-4167
3123935154,7965,15,14,39,-664,567,-4433
3123936154,7962,17,32,52,-11,398,-4147
3123937154,7959,14,28,58,97,179,-4295
3123938154,7956,19,22,65,281,56,-4113
3123939154,7953,22,23,64,391,-116,-3990
3123940154,7950,10,27,57,439,-360,-3911
3123941154,7947,-1,13,48,501,-393,-3872
3123942154,7943,-5,-4,39,342,-189,-3699
3123943154,7940,-1,-9,35,188,-56,-3665
3123944154,7937,-11,-9,17,112,-4,-3773
3123945154,7934,-3,-11,1,129,-5,-3945
3123946154,7931,0,-6,-9,249,70,-3997
3123947154,7927,-4,-2,-16,195,245,-4134
3123948154,7924,4,1,-17,86,276,-4325
3123949154,7921,7,2,-11,-10,124,-4405
3123950154,7917,16,5,-1,85,188,-4094
3123951154,7914,-1,18,17,-110,425,-4191
3123952154,7911,3,19,24,-139,516,-4266
3123953154,7908,26,2,45,68,289,-4107
3123954154,7905,4,4,63,59,54,-3886
3123955154,7903,-9,8,76,42,63,-4047
3123956154,7900,9,2,80,292,17,-4237
3123957154,7897,8,-5,76,490,-171,-4130
3123958154,7894,3,-16,67,641,-143,-3967
3123959154,7891,7,-16,52,369,0,-4158
3123960154,7888,18,-19,37,262,-209,-4020
3123961154,7886,10,-26,26,236,-291,-3814
3123962156,7882,14,-19,16,93,-320,-3790
3123963154,7879,3,-6,1,-34,-283,-4066
3123964154,7876,18,-9,-12,65,-276,-4248
3123965154,7873,3,-8,-20,301,-218,-4070
3123966154,7870,1,-12,-28,162,-41,-4107
3123967154,7867,6,-12,-28,164,210,-4218
3123968154,7863,11,-15,-24,-116,423,-4219
3123969154,7860,12,-21,-14,-4,468,-3873
3123970154,7857,4,-5,13,-165,552,-3891
3123971154,7854,4,0,24,-181,493,-4180
3123972154,7851,15,0,36,231,297,-4103
3123973154,7848,3,-6,51,354,83,-4057
3123974154,7845,5,-16,63,404,-17,-4096
3123975154,7842,-4,-15,63,347,-40,-4141
3123976154,7839,-3,-10,64,280,-57,-4065
3123977154,7835,-9,-8,58,427,-35,-3908
3123978154,7832,-8,-4,51,287,34,-3915
3123979154,7829,4,-19,37,319,2,-3940
3123980154,7826,6,-22,30,319,-70,-3831
3123981154,7822,-4,-24,20,167,-207,-4041
3123982154,7819,7,-24,20,19,-167,-4196
3123983154,7815,5,-33,14,112,31,-4047
3123984154,7812,0,-30,14,44,39,-4039
3123985154,7808,10,-35,27,-69,208,-4234
3123986154,7805,12,-27,43,-82,70,-4290
3123987154,7802,5,-17,55,94,134,-4053
3123988154,7798,3,-17,60,163,216,-4264
3123989154,7795,6,-13,62,191,172,-4296
3123990154,7791,16,-30,60,231,-125,-4350
3123991154,7788,18,-29,54,17,-259,-4170
3123992154,7784,8,-18,38,54,-186,-3956
3123993154,7781,13,-14,35,62,-74,-3990
3123994154,7777,15,-8,15,76,-102,-4136
3123995154,7773,11,-8,-2,257,-65,-4022
3123996154,7770,14,-9,-11,102,58,-3966
3123997154,7766,-4,3,-15,179,163,-3933
3123998154,7762,2,7,-12,233,243,-3979
3123999154,7759,3,5,-2,367,434,-4023
3124000154,7755,12,-14,9,275,443,-3992
3124001154,7752,8,-21,22,103,298,-3865
3124002154,7749,2,-24,42,-103,288,-4033
3124003154,7745,12,-23,53,-82,210,-4137
3124004154,7742,10,-26,68,102,166,-4048
3124005154,7739,7,-23,75,94,148,-4063
3124006154,7736,9,-21,73,215,197,-4056
3124007154,7733,1,-16,71,226,198,-4097
3124008154,7730,19,-12,66,259,134,-4207
3124009154,7726,15,-21,46,304,-119,-4125
3124010154,7723,17,-18,24,81,-269,-4113
3124011154,7720,21,-8,18,67,-306,-4014
3124012154,7716,20,-9,11,137,-281,-4111
3124013154,7713,20,-10,0,-13,-147,-4405
3124014154,7710,27,-11,-9,279,-181,-4158
3124015154,7706,10,-6,-13,46,23,-4110
3124016154,7703,17,-7,-8,-4,214,-4151
3124017154,7699,17,-11,-5,108,286,-4054
3124018154,7696,7,-12,17,-215,398,-4172
3124019154,7693,24,-15,30,-16,399,-4067
3124020154,7690,24,-21,38,2,210,-4025
3124021154,7686,27,-17,43,13,97,-4167
3124022154,7683,31,-23,47,169,102,-4130
3124023154,7680,25,-24,46,257,-25,-3986
3124024154,7677,30,-26,36,179,-66,-3971
3124025154,7673,26,-23,31,296,-271,-4015
3124026154,7670,19,-22,21,134,-165,-4049
3124027154,7666,20,-16,12,176,-107,-4068
3124028154,7663,12,-9,3,82,100,-3984
3124029154,7659,15,8,-3,278,134,-4094
3124030154,7656,12,11,-3,296,126,-4044
3124031154,7652,18,12,1,396,216,-4123
3124032154,7649,12,0,0,428,4,-4057
3124033154,7645,16,-15,24,45,34,-4113
3124034154,7642,10,-21,40,-115,49,-4039
3124035154,7638,7,-14,54,-194,103,-4038
3124036154,7635,13,-18,71,-49,210,-4134
3124037154,7631,14,-33,77,15,104,-4055
3124038154,7628,16,-52,72,127,-88,-3902
3124039154,7625,15,-55,70,21,-180,-3895
3124040154,7621,21,-51,65,-188,-194,-4290
3124041154,7617,24,-31,53,-40,-224,-4384
3124042154,7613,16,-16,39,108,-162,-4112
3124043154,7610,4,-11,26,137,-108,-4213
3124044154,7606,12,-6,25,-83,-96,-4361
3124045154,7602,6,15,23,158,-239,-4384
3124046154,7598,-17,35,30,251,-42,-4074
3124047154,7594,-14,51,38,532,229,-4057
3124048154,7590,-13,42,37,550,341,-3998
3124049154,7587,11,8,40,750,359,-4077
3124050154,7583,19,-21,36,686,79,-3993
3124051154,7579,14,-36,48,162,32,-3951
3124052154,7576,15,-44,64,-81,350,-3792
3124053154,7572,14,-39,76,-196,423,-3687
3124054154,7568,13,-36,87,-189,356,-4015
3124055154,7565,22,-39,95,-172,-19,-4242
3124056154,7561,14,-45,92,92,-120,-4008
3124057154,7558,3,-44,94,136,-420,-4231
3124058154,7554,-6,-45,80,75,-385,-4428
3124059154,7550,1,-43,69,100,-250,-4452
3124060154,7547,-14,-26,49,121,-116,-4185
3124061154,7543,-5,-8,38,-46,98,-4308
3124062154,7539,8,1,38,0,104,-4188
3124063154,7535,-7,29,33,100,56,-4027
3124064154,7531,-3,37,30,457,42,-3970
3124065154,7527,1,19,36,398,200,-4033
3124066154,7523,4,-12,42,490,107,-3796
3124067154,7519,-3,-22,41,376,53,-3704
3124068154,7516,4,-43,49,-24,72,-3893
3124069154,7512,-4,-44,57,98,43,-3782
3124070154,7508,-7,-45,59,32,59,-3941
3124071154,7504,4,-51,63,35,6,-4086
3124072154,7501,-8,-45,54,195,-28,-4159
3124073154,7497,-4,-37,53,152,139,-4310
3124074154,7493,-10,-20,37,321,66,-4367
3124075154,7489,-1,-11,33,323,258,-4197
3124076154,7485,-4,-7,32,347,215,-4151
3124077154,7481,-2,-10,21,264,199,-3965
3124078154,7477,0,3,21,170,88,-4128
3124079154,7474,11,-7,30,278,-21,-4118
3124080154,7470,6,-11,37,259,-122,-4036
3124081154,7466,-3,-35,39,172,70,-3885
3124082154,7462,7,-51,51,-30,182,-3927
3124083154,7459,9,-67,51,-111,54,-4055
3124084154,7455,15,-70,52,-197,40,-4255
3124085154,7451,4,-60,53,-91,7,-4269
3124086154,7448,7,-60,52,-260,40,-4320
3124087154,7444,11,-46,49,-124,90,-4281
3124088154,7440,-3,-18,49,-6,34,-4246
3124089154,7436,-4,-13,43,60,-5,-4325
3124090154,7432,-7,7,39,422,5,-4208
3124091154,7428,-5,3,35,434,59,-4064
3124092154,7425,-10,-1,29,478,-3,-3837
3124093154,7421,-12,-4,37,371,50,-3825
3124094154,7417,-8,-11,38,430,37,-3820
3124095154,7413,-3,-27,42,361,129,-3788
3124096154,7410,10,-30,55,212,250,-3901
3124097154,7406,7,-50,55,277,124,-3793
3124098154,7402,6,-54,56,-3,179,-3929
3124099154,7398,10,-62,52,14,64,-4035
3124100154,7394,10,-64,50,-72,-108,-4240
3124101154,7390,12,-44,48,-177,-159,-4360
3124102154,7387,-2,-32,47,-14,-139,-4167
3124103154,7382,-2,-22,44,-54,-56,-4132
3124104154,7378,-7,-13,35,147,-35,-4207
3124105154,7374,-6,-13,31,136,105,-4218
3124106154,7370,-2,-6,22,157,115,-4301
3124107154,7366,9,-15,20,56,90,-4098
3124108154,7362,15,-16,21,48,55,-4100
3124109154,7358,11,-10,23,50,9,-4045
3124110154,7354,12,-15,24,-131,-2,-4138
3124111154,7350,9,-21,30,35,157,-3925
3124112154,7345,5,-15,29,30,222,-3838
3124113154,7341,12,-26,29,-39,215,-4106
3124114154,7337,8,-16,29,200,223,-4088
3124115154,7333,16,-22,29,223,257,-4066
3124116154,7329,2,-11,33,440,251,-3935
3124117154,7325,1,-7,32,361,276,-4006
3124118154,7321,15,-15,25,425,129,-4142
3124119154,7317,15,-14,31,384,35,-4053
3124120154,7313,19,-10,25,300,-79,-4142
3124121154,7309,15,-13,29,294,48,-4025
3124122154,7306,10,-7,37,142,125,-3977
3124123154,7302,11,-18,32,129,180,-3971
3124124154,7298,21,-42,25,19,158,-4008
3124125154,7294,14,-46,26,-209,-3,-4298
3124126154,7290,28,-51,22,-388,-24,-4398
3124127154,7287,31,-50,21,-311,-25,-4125
3124128154,7283,19,-28,32,-270,28,-3938
3124129154,7279,15,-8,35,-186,44,-4326
3124130154,7275,13,6,31,261,54,-4339
3124131154,7272,13,8,36,412,57,-4185
3124132154,7268,16,1,28,580,-34,-4042
3124133154,7264,9,8,28,450,-138,-4026
3124134154,7260,12,-4,23,498,-184,-3938
3124135154,7256,13,-10,27,436,-215,-3911
3124136154,7253,13,-12,25,356,-266,-3972
3124137154,7249,4,-22,24,137,-107,-4031
3124138154,7245,14,-35,31,65,101,-3999
3124139154,7241,-4,-37,29,-2,148,-4019
3124140154,7237,6,-37,41,-197,221,-4179
3124141154,7233,13,-33,39,-36,144,-4378
3124142154,7229,14,-34,47,-149,258,-4272
3124143154,7225,17,-30,50,169,36,-4249
3124144154,7221,2,-15,60,188,13,-4177
3124145154,7217,22,-24,58,162,-154,-4354
3124146154,7213,6,-14,59,387,-115,-4061
3124147154,7209,10,-20,53,288,-143,-4150
3124148154,7204,9,-31,52,178,-185,-4128
3124149154,7200,10,-32,51,89,-221,-4110
3124150154,7196,-7,-34,37,87,24,-4015
3124151154,7192,15,-41,38,-158,214,-4217
3124152154,7187,13,-35,34,-110,109,-4189
3124153154,7183,6,-44,30,-286,107,-4162
3124154154,7178,6,-27,41,-268,94,-4088
3124155154,7174,-7,-12,50,-140,139,-4037
3124156154,7169,2,-6,62,57,177,-4279
3124157154,7165,-9,1,75,411,203,-4080
3124158154,7160,-9,4,75,448,193,-4042
3124159154,7156,4,-14,71,600,17,-3944
3124160154,7152,-7,-15,70,539,-92,-3883
3124161154,7147,4,-29,66,552,-32,-4047
3124162154,7143,11,-27,69,410,32,-3935
3124163154,7138,6,-24,63,301,59,-3976
3124164154,7134,5,-35,55,269,72,-3801
3124165154,7129,7,-32,57,90,118,-3852
3124166154,7125,5,-40,49,55,13,-4102
3124167154,7120,1,-47,53,-56,-49,-4241
3124168154,7116,5,-53,53,-45,-25,-4178
3124169154,7111,-5,-39,57,-48,54,-4078
3124170154,7107,0,-37,64,-8,-45,-4304
3124171154,7102,-1,-36,66,213,19,-4139
3124172154,7098,-14,-27,56,106,7,-4134
3124173154,7094,-6,-22,48,243,-9,-4287
3124174154,7089,2,-25,39,175,-110,-4200
3124175154,7085,-10,-21,34,251,-71,-3940
3124176154,7080,-5,-18,36,181,79,-3838
3124177154,7076,5,-22,22,239,72,-4008
3124178154,7071,-1,-22,25,146,329,-3875
3124179154,7067,8,-24,26,280,195,-3942
3124180154,7062,1,-18,30,285,118,-3931
3124181154,7058,-7,-14,35,236,113,-4024
3124182154,7054,1,-30,44,380,158,-3824
3124183154,7050,-1,-34,39,282,96,-3973
3124184154,7046,0,-38,44,205,-36,-4192
3124185154,7041,1,-44,46,258,-69,-4245
3124186154,7037,2,-41,40,232,-1,-4040
3124187155,7033,3,-45,24,77,-78,-4138
3124188156,7029,4,-40,15,-74,-224,-4194
3124189154,7025,-5,-29,8,-8,-167,-4066
3124190154,7020,-14,-24,6,-66,252,-3867
3124191154,7016,-1,-11,0,-128,688,-4166
3124192154,7012,24,-26,-6,225,402,-4366
3124193154,7008,35,-47,-1,174,52,-4164
3124194154,7004,15,-34,9,-122,-75,-3940
3124195154,7000,5,-26,25,-194,46,-3997
3124196154,6996,1,-14,31,87,-8,-4146
3124197154,6992,-3,-11,38,276,-34,-4064
3124198154,6988,-10,-8,39,415,0,-4099
3124199154,6984,-10,-15,40,325,78,-4087
3124200154,6980,-2,-15,38,338,242,-4093
3124201154,6976,5,-27,26,224,317,-3971
3124202154,6972,9,-24,21,94,194,-4012
3124203154,6968,25,-20,18,-126,13,-4048
3124204154,6963,20,-15,22,-15,2,-3922
3124205154,6959,9,-11,23,-145,-16,-4016
3124206154,6955,12,-6,25,94,-144,-4151
3124207154,6950,17,-13,24,125,-225,-4212
3124208154,6946,7,-12,23,188,-158,-4189
3124209154,6942,7,-24,13,35,-20,-4302
3124210154,6937,16,-31,7,119,-89,-4252
3124211154,6932,17,-34,0,-62,-82,-4098
3124212154,6927,5,-25,-10,-187,58,-4124
3124213154,6923,5,-13,-4,-186,131,-4135
3124214154,6918,15,-6,1,-78,251,-4027
3124215154,6913,7,-1,13,-73,286,-4066
3124216154,6908,5,0,29,136,288,-4055
3124217154,6903,8,0,32,185,70,-4080
3124218154,6899,6,-3,41,404,109,-4019
3124219154,6894,5,-17,51,253,52,-4129
3124220154,6889,17,-21,61,467,-69,-4193
3124221154,6884,16,-16,61,495,7,-3973
3124222154,6880,10,-16,51,335,28,-3928
3124223154,6875,25,-25,45,359,-33,-3866
3124224154,6870,17,-34,30,194,-199,-3832
3124225154,6865,20,-30,29,0,-110,-4072
3124226154,6860,12,-27,27,-157,109,-4263
3124227154,6856,19,-24,20,-55,168,-4341
3124228154,6851,23,-33,22,-29,87,-4190
3124229154,6846,14,-29,36,-135,82,-4266
3124230154,6841,11,-26,44,-134,95,-4397
3124231154,6837,9,-24,49,-187,89,-4450
3124232154,6832,6,-17,57,104,-31,-4328
3124233154,6828,-1,-16,57,114,-131,-4282
3124234154,6823,-7,-13,65,242,-15,-4200
3124235154,6819,1,-24,57,336,0,-4156
3124236154,6814,-1,-23,55,320,-26,-4107
3124237154,6810,0,-24,52,219,-77,-4026
3124238154,6805,-5,-19,55,12,36,-4013
3124239154,6801,-5,-17,55,130,56,-4005
3124240154,6796,-1,-18,59,62,57,-4016
3124241154,6792,-2,-29,62,166,-51,-4008
3124242154,6787,-7,-31,69,-9,-90,-3991
3124243154,6783,-9,-35,67,177,-299,-4115
3124244154,6778,-20,-43,64,41,-248,-4110
3124245154,6774,-16,-40,63,79,-190,-4164
3124246154,6769,-18,-47,53,-19,-235,-4063
3124247154,6765,-26,-39,38,21,-52,-4084
3124248154,6760,-20,-31,28,-26,267,-4144
3124249154,6755,-11,-36,28,36,278,-4207
3124250154,6751,-6,-31,29,68,289,-4122
3124251154,6746,-6,-28,28,45,408,-4076
3124252154,6741,10,-24,43,-16,458,-4107
3124253154,6737,5,-22,49,142,133,-4031
3124254154,6732,3,-28,58,182,-8,-3925
3124255154,6728,0,-19,69,239,-235,-4009
3124256154,6723,-16,-27,70,455,-200,-4010
3124257154,6719,-12,-31,63,475,-131,-4041
3124258154,6714,-21,-44,42,470,-105,-4058
3124259154,6709,-12,-44,36,377,-71,-3964
3124260154,6704,-17,-54,14,178,82,-3884
3124261154,6700,-22,-26,15,-120,352,-3916
3124262154,6695,-4,-29,5,-37,349,-4075
3124263154,6690,2,-34,4,34,281,-3978
3124264154,6685,-3,-32,5,47,362,-3887
3124265154,6680,16,-51,12,27,244,-4156
3124266154,6675,9,-45,27,-33,173,-4236
3124267154,6670,11,-49,33,159,-40,-4270
3124268154,6666,3,-50,33,32,-51,-4217
3124269154,6661,3,-41,36,-78,-33,-4220
3124270154,6656,-11,-39,46,-70,3,-4010
3124271154,6652,-6,-30,42,110,34,-4080
3124272154,6647,-16,-26,37,47,158,-4042
3124273154,6642,-2,-27,32,102,234,-4021
3124274154,6637,-7,-14,24,69,148,-3956
3124275154,6633,-4,-11,27,6,38,-4046
3124276154,6628,3,-12,21,72,-56,-4055
3124277154,6623,-2,-2,23,70,-101,-3990
3124278154,6619,2,-2,24,-97,-172,-4181
3124279154,6614,5,2,20,-60,-215,-4281
3124280154,6609,3,3,16,76,-159,-4094
3124281154,6605,-9,6,15,-23,43,-4156
3124282154,6600,-2,5,9,12,90,-4190
3124283154,6595,5,5,8,-17,249,-4106
3124284154,6591,7,6,8,46,182,-4051
3124285154,6586,-1,16,16,-128,321,-4037
3124286154,6581,5,11,19,-146,310,-4070
3124287154,6577,14,8,32,-6,198,-4022
3124288154,6572,9,10,39,-59,-68,-4200
3124289154,6568,14,-2,45,56,-46,-4212
3124290154,6563,16,-2,45,181,0,-4031
3124291154,6559,6,-3,47,284,-66,-4102
3124292154,6554,15,-14,41,158,-111,-4185
3124293154,6550,13,1,32,256,-32,-4039
3124294154,6545,3,-2,17,261,11,-4023
3124295154,6540,-4,9,22,157,63,-4087
3124296154,6536,7,4,16,180,155,-4062
3124297154,6531,4,2,23,142,106,-3966
3124298154,6526,6,-4,18,-4,63,-4027
3124299154,6522,15,-9,26,27,-52,-4017
3124300154,6517,12,-13,28,16,-63,-3967
3124301154,6512,5,-18,27,18,-191,-4144
3124302154,6508,9,-33,26,18,-77,-4075
3124303154,6503,11,-38,13,62,35,-3980
3124304154,6498,0,-32,16,106,75,-4051
3124305154,6493,5,-35,1,30,211,-4229
3124306154,6488,14,-24,5,-62,274,-4202
3124307154,6483,7,-16,8,153,354,-4031
3124308154,6478,11,-12,20,52,178,-4055
3124309154,6474,0,-3,22,174,248,-4116
3124310154,6469,12,-20,29,158,11,-4106
3124311154,6464,6,-23,39,298,-108,-4045
3124312154,6459,0,-34,46,339,-12,-4075
3124313154,6455,6,-41,47,343,-27,-3941
3124314154,6450,8,-52,42,400,-139,-4030
3124315154,6445,13,-57,32,287,-186,-4030
3124316154,6440,5,-60,21,177,4,-4093
3124317154,6435,10,-57,13,-36,-36,-4196
3124318154,6430,5,-54,13,-40,-12,-4246
3124319154,6426,12,-54,10,-273,7,-4153
3124320154,6421,-10,-52,12,-243,37,-4251
3124321154,6416,2,-59,19,-341,8,-4403
3124322154,6411,-6,-49,34,-356,66,-4281
3124323154,6406,-10,-44,33,-449,79,-4301
3124324154,6402,-1,-35,45,-108,-9,-4295
3124325154,6397,-1,-36,55,94,31,-4290
3124326154,6392,-10,-32,49,144,-95,-4215
3124327154,6387,-12,-23,56,304,-14,-4235
3124328154,6383,-5,-24,51,201,-90,-4116
3124329154,6378,-13,-17,48,254,-62,-3895
3124330154,6373,-15,-17,50,156,-11,-3952
3124331154,6368,-15,-15,48,206,7,-3873
3124332154,6364,-16,-21,48,98,22,-3920
3124333154,6359,-8,-22,49,96,-198,-3907
3124334154,6354,-21,-34,56,-50,-36,-3720
3124335154,6350,-26,-31,52,48,158,-3869
3124336154,6345,-22,-33,52,27,280,-4065
3124337154,6340,6,-56,45,155,-41,-4378
3124338154,6336,-7,-50,36,99,-89,-4070
3124339154,6331,-15,-47,31,-162,34,-4074
3124340154,6326,-18,-28,32,-200,178,-4008
3124341154,6321,-17,-23,32,-76,69,-4101
3124342154,6316,-23,-21,30,-62,-11,-4025
3124343154,6311,-32,-13,38,-49,14,-4116
3124344154,6307,-33,-11,48,23,109,-3989
3124345154,6302,-31,-5,57,255,589,-3973
3124346154,6297,-18,-13,62,155,694,-4028
3124347156,6292,19,-41,55,459,200,-4277
3124348154,6288,1,-46,51,67,-82,-3942
3124349154,6283,-10,-25,50,-268,9,-3944
3124350154,6278,-10,-13,49,-222,62,-4003
3124351154,6274,0,3,48,-79,-69,-4150
3124352154,6269,-6,0,31,63,-116,-4108
3124353154,6264,-5,-12,20,-126,-11,-4070
3124354154,6259,-11,-4,7,-203,-20,-4239
3124355154,6254,-7,-5,8,-227,-39,-4180
3124356154,6249,-8,-9,5,-133,115,-4075
3124357154,6244,-14,0,-2,-176,178,-4048
3124358154,6239,2,3,-3,-203,67,-4105
3124359154,6234,-8,9,5,-117,54,-4080
3124360154,6229,-11,21,11,-24,110,-4055
3124361154,6224,-12,19,19,174,161,-4113
3124362154,6219,-3,3,23,171,140,-4113
3124363154,6214,-3,2,24,94,87,-3953
3124364154,6209,-5,-1,22,-53,163,-4006
3124365154,6204,9,3,31,-246,138,-4133
3124366154,6199,8,-4,25,-96,119,-3924
3124367154,6194,14,-8,22,-103,-19,-4006
3124368154,6190,2,9,26,-105,-163,-4118
3124369154,6185,9,-6,24,-125,-240,-4237
3124370154,6180,-4,13,15,28,-188,-4081
3124371154,6175,-7,18,7,166,-95,-4127
3124372154,6170,-5,15,1,288,88,-4175
3124373154,6165,5,16,-9,320,112,-4120
3124374154,6161,7,-1,-13,304,197,-3953
3124375154,6156,10,1,-12,31,270,-3968
3124376154,6151,16,-6,-4,-113,114,-4034
3124377154,6147,15,-4,0,-91,109,-3984
3124378154,6142,17,2,9,-140,118,-3988
3124379154,6138,12,3,19,-76,136,-4052
3124380154,6133,14,2,25,-26,68,-4166
3124381154,6129,0,6,25,149,18,-4171
3124382154,6125,2,1,27,77,84,-4122
3124383154,6120,3,4,18,275,28,-4122
3124384154,6116,-3,3,17,192,21,-4004
3124385154,6111,2,-3,9,-22,-58,-4004
3124386154,6107,2,1,7,-95,-49,-3944
3124387154,6103,4,0,0,-205,-5,-3948
3124388154,6098,3,2,5,-127,51,-4030
3124389154,6094,4,-3,-7,-61,2,-4156
3124390154,6089,14,-5,-9,-88,-35,-4095
3124391154,6085,10,-5,-3,-27,53,-4142
3124392154,6080,18,3,-11,-54,28,-4184
3124393154,6075,10,6,-16,129,41,-4278
3124394154,6071,3,14,-14,240,136,-4189
3124395154,6066,13,3,-10,341,49,-4036
3124396154,6062,2,-3,-15,279,1,-3929
3124397154,6057,-2,-14,-8,87,-59,-4036
3124398154,6052,1,-19,6,-8,-77,-4122
3124399154,6048,-15,-29,12,158,105,-4021
3124400154,6043,-10,-34,19,-74,249,-3967
3124401154,6039,3,-55,17,81,184,-4129
3124402154,6034,10,-63,20,-30,7,-4076
3124403154,6030,-3,-58,19,-45,-61,-4213
3124404154,6025,14,-67,14,45,-116,-4337
3124405154,6020,9,-47,12,149,-147,-4291
3124406154,6016,3,-49,-5,182,-249,-4321
3124407154,6011,-8,-42,-8,178,-212,-4330
3124408154,6006,-3,-44,-21,135,-216,-4186
3124409154,6001,-12,-45,-20,-77,-147,-4084
3124410154,5996,-27,-31,-18,-175,-75,-4133
3124411154,5992,-12,-35,-16,-238,28,-4176
3124412154,5987,-13,-33,-12,-20,103,-3984
3124413154,5982,-9,-37,-3,-194,106,-4068
3124414154,5978,-8,-42,-6,-86,125,-4100
3124415154,5973,-7,-39,12,-176,165,-4048
3124416154,5968,-3,-33,3,52,-2,-4124
3124417154,5964,-8,-34,9,-114,51,-4089
3124418154,5959,-12,-29,7,51,39,-4086
3124419154,5954,-9,-19,9,-43,42,-3979
3124420154,5950,-9,-21,5,0,-89,-4141
3124421154,5945,-9,-20,-1,-111,132,-4062
3124422154,5941,-4,-18,2,-102,164,-4053
3124423154,5936,-9,-19,4,-58,124,-4069
3124424154,5932,-4,-11,3,3,-54,-4136
3124425154,5927,-6,-3,-2,86,-12,-4070
3124426154,5923,-15,2,2,80,75,-4067
3124427154,5918,-6,-5,-5,197,-53,-4098
3124428154,5914,-12,-1,-4,177,2,-3992
3124429154,5909,-22,-4,-2,67,29,-4073
3124430154,5905,-8,-14,-2,37,150,-3969
3124431154,5900,-15,-20,1,-12,119,-3865
3124432154,5896,-14,-10,11,-92,144,-3864
3124433154,5892,-11,-30,5,-201,-3,-4055
3124434154,5887,-6,-27,5,-325,90,-4000
3124435154,5883,-3,-27,13,-285,-16,-4156
3124436154,5878,-3,-16,12,-298,-53,-4152
3124437154,5874,-9,-11,9,-228,-123,-4270
3124438154,5869,-10,2,7,-144,-8,-4256
3124439154,5865,-16,18,1,65,-126,-4352
3124440154,5860,-16,19,-6,309,350,-4179
3124441154,5856,-13,20,-11,138,509,-4276
3124442154,5852,18,8,-13,269,306,-4347
3124443154,5847,20,-1,-25,45,-129,-4075
3124444154,5843,8,1,-21,-325,-76,-3764
3124445154,5838,4,25,-17,-424,67,-3696
3124446154,5834,4,27,-9,-361,108,-3840
3124447154,5830,6,26,-10,-47,-96,-4100
3124448154,5825,1,11,-8,120,24,-3955
3124449154,5821,-8,5,-11,84,158,-4005
3124450154,5816,-10,12,-18,87,122,-4138
3124451154,5811,-10,2,-20,70,87,-4165
3124452154,5807,1,-6,-27,110,80,-3961
3124453154,5802,-13,-8,-23,-258,28,-3935
3124454154,5798,-8,2,-18,-383,101,-4043
3124455154,5793,-5,7,-14,-420,156,-4014
3124456154,5788,6,4,-18,-229,75,-4066
3124457154,5784,0,1,-11,-230,167,-4146
3124458154,5779,15,-13,-12,-32,30,-4166
3124459154,5774,5,-15,-15,-300,-22,-4132
3124460154,5769,4,-7,-17,-164,-83,-4296
3124461154,5765,-7,17,-24,-161,26,-4259
3124462154,5760,11,20,-23,207,44,-4230
3124463154,5755,0,23,-30,221,-27,-4062
3124464154,5750,2,18,-28,135,-51,-4021
3124465154,5746,4,14,-33,94,-32,-3995
3124466154,5741,-7,16,-27,-28,-15,-4000
3124467154,5736,3,-4,-28,-137,79,-4009
3124468154,5732,-4,-15,-23,-163,167,-3818
3124469154,5727,-3,-16,-17,-432,240,-3931
3124470154,5723,10,-24,-6,-293,152,-4153
3124471154,5719,15,-23,0,-365,129,-4132
3124472154,5714,15,-14,3,-45,88,-4175
3124473154,5710,6,-16,1,46,-8,-4244
3124474154,5706,4,-6,-1,126,-23,-4362
3124475154,5702,6,-12,-3,97,50,-4271
3124476154,5697,13,-8,-12,128,-54,-3982
3124477154,5693,-2,5,-12,78,-101,-4067
3124478154,5689,0,1,-11,-29,-103,-4085
3124479154,5685,-3,-2,-14,61,-40,-4000
3124480154,5681,-2,-12,-17,18,-54,-3877
3124481154,5677,1,-26,-16,-136,-93,-3949
3124482154,5672,1,-27,-23,-226,24,-3974
3124483154,5668,-1,-23,-16,-326,104,-4060
3124484154,5664,3,-25,-21,-38,97,-4058
3124485154,5660,-4,-22,-25,-135,65,-4238
3124486154,5656,5,-18,-32,71,-8,-4130
3124487154,5652,0,-13,-33,61,30,-4034
3124488154,5648,6,-8,-38,34,164,-4206
3124489154,5644,20,-24,-40,35,-88,-4335
3124490154,5640,4,-15,-38,-12,25,-3962
3124491154,5636,7,-15,-31,-325,194,-4146
3124492154,5632,11,-24,-30,-163,226,-4188
3124493154,5628,9,-32,-22,-252,86,-4089
3124494154,5625,9,-41,-19,-169,-25,-4033
3124495154,5621,7,-38,-21,-377,-6,-4098
3124496154,5617,4,-29,-17,-249,39,-4168
3124497154,5613,4,-18,-22,-128,-12,-4147
3124498154,5609,0,-9,-23,221,-36,-4257
3124499155,5605,3,-24,-40,224,-65,-4213
3124500154,5602,2,-21,-48,97,-2,-4048
3124501154,5598,-4,-16,-50,17,-33,-3991
3124502154,5594,-8,-20,-60,-66,-103,-4024
3124503154,5590,-11,-21,-60,-132,-121,-4063
3124504154,5586,-7,-33,-55,-226,-57,-3928
3124505154,5582,-17,-37,-50,-377,106,-4035
3124506156,5577,-11,-30,-51,-357,90,-4045
3124507154,5573,-10,-39,-43,-299,163,-4047
3124508154,5569,-7,-28,-42,-120,126,-4152
3124509154,5565,-4,-25,-37,-159,58,-4285
3124510154,5561,-14,-24,-37,-94,44,-4388
3124511154,5557,-5,-13,-32,17,118,-4197
3124512154,5553,-19,-6,-29,107,33,-4108
3124513154,5549,-14,-11,-28,-114,-41,-4069
3124514154,5545,-15,-8,-18,-41,-94,-4035
3124515154,5541,-20,-4,-16,-59,-36,-3974
3124516154,5537,-14,-3,-9,-27,5,-4110
3124517154,5533,-24,-6,-9,-21,97,-3907
3124518155,5528,-5,-19,-12,-55,-4,-3850
3124519154,5524,-4,-12,-15,-68,-98,-3835
3124520154,5520,-12,-14,-16,-212,-196,-4241
3124521154,5516,0,-14,-22,-181,-128,-4289
3124522154,5512,-8,4,-29,6,-46,-4105
3124523154,5508,-7,11,-33,-26,46,-4068
3124524154,5504,-4,6,-40,29,39,-4198
3124525154,5500,-2,8,-40,-9,86,-4139
3124526154,5496,-7,4,-41,-62,94,-3991
3124527154,5492,-9,13,-24,-148,113,-4031
3124528154,5488,-6,10,-23,-192,84,-4110
3124529154,5484,-1,-5,-17,-135,57,-4085
3124530154,5480,-6,0,-3,-137,117,-3906
3124531154,5476,-7,-3,2,-205,65,-4194
3124532154,5472,-5,1,6,-184,65,-4219
3124533154,5468,-2,1,4,-184,63,-4193
3124534154,5464,-11,9,2,-6,89,-4062
3124535154,5460,-12,26,-7,-30,64,-4358
3124536154,5456,-7,28,-15,81,64,-4248
3124537154,5452,-8,26,-13,204,120,-3925
3124538154,5448,-14,31,-22,88,107,-3861
3124539154,5444,1,22,-28,-141,47,-4091
3124540154,5440,1,16,-34,-161,-2,-3921
3124541154,5436,2,11,-36,-214,-29,-3923
3124542154,5432,-3,9,-32,-218,5,-3948
3124543154,5428,-1,4,-34,-270,59,-4101
3124544154,5425,-1,-9,-34,-175,106,-3961
3124545154,5421,-1,-5,-36,-183,34,-4162
3124546154,5417,-9,4,-50,-71,64,-4239
3124547154,5412,-8,13,-47,-66,157,-4295
3124548154,5408,-8,18,-53,61,155,-4261
3124549154,5404,-5,29,-52,-27,189,-4139
3124550154,5400,-6,33,-49,44,148,-4079
3124551154,5397,-11,29,-44,-88,152,-3996
3124552154,5393,-6,31,-42,130,376,-3943
3124553154,5389,8,17,-35,3,388,-4174
3124554154,5385,17,-7,-24,124,126,-4091
3124555154,5382,11,-13,-16,-101,46,-3859
3124556154,5378,12,-6,-16,-169,43,-3912
3124557154,5374,15,3,-8,-175,-21,-3951
3124558154,5371,13,-7,-13,-11,-192,-4092
3124559154,5367,2,-12,-29,174,-313,-4014
3124560154,5364,-5,-13,-35,110,-294,-4115
3124561154,5360,-5,-16,-53,100,-125,-4246
3124562154,5356,0,-9,-62,72,56,-4186
3124563154,5352,5,-9,-74,80,63,-4143
3124564154,5349,9,-3,-72,-66,163,-4147
3124565154,5345,3,3,-71,-88,204,-4146
3124566154,5341,13,-2,-66,-181,157,-4110
3124567154,5338,15,-14,-57,-46,12,-3980
3124568154,5334,5,-18,-49,-241,-68,-4071
3124569154,5331,3,-24,-37,-113,53,-3957
3124570154,5327,0,-26,-28,-195,94,-3964
3124571154,5324,-5,-36,-23,-105,144,-4093
3124572154,5320,0,-28,-27,-107,170,-4011
3124573154,5317,3,-22,-30,16,135,-4101
3124574154,5313,7,-17,-29,104,151,-4039
3124575154,5309,4,-1,-33,161,19,-4214
3124576154,5306,12,-5,-33,185,60,-4246
3124577154,5302,9,-4,-35,314,61,-4043
3124578154,5298,4,-13,-29,138,-66,-4174
3124579154,5295,7,-14,-26,168,-136,-4240
3124580154,5291,3,-22,-18,77,-32,-4092
3124581154,5288,-9,-29,-20,-6,-47,-4083
3124582154,5284,1,-42,-8,-160,-8,-3920
3124583154,5280,-1,-49,-12,-241,-65,-3928
3124584154,5277,-5,-42,-8,-127,-201,-4004
3124585154,5273,-6,-52,-17,-293,-16,-4212
3124586154,5269,-5,-39,-25,58,57,-4294
3124587154,5265,12,-40,-35,-102,126,-4280
3124588154,5261,10,-33,-36,-22,69,-4309
3124589154,5257,0,-24,-37,-123,22,-4085
3124590154,5253,7,-9,-35,-72,-25,-4285
3124591154,5249,-7,6,-22,-69,38,-4182
3124592156,5245,-6,2,-10,-74,76,-4164
3124593154,5242,-16,-3,1,96,-8,-3810
3124594154,5238,-20,-7,16,-45,-9,-3834
3124595154,5234,-20,-12,18,80,-123,-3996
3124596154,5230,-22,-16,26,123,279,-3884
3124597154,5226,-11,-16,19,129,332,-3919
3124598154,5222,0,-34,10,298,317,-3901
3124599154,5218,18,-29,-3,120,76,-4063
3124600154,5214,19,-22,-16,80,-130,-3935
3124601154,5210,3,-14,-12,6,-134,-4119
3124602154,5206,-7,4,-23,58,-102,-4151
3124603154,5202,-4,6,-27,79,56,-4171
3124604154,5198,-6,6,-23,234,40,-4010
3124605154,5194,-11,2,-12,47,159,-4055
3124606154,5190,-13,-2,-9,85,141,-4096
3124607154,5186,-13,-9,-5,-33,111,-4081
3124608154,5182,-12,-27,-5,11,71,-4063
3124609154,5178,-13,-32,-9,-107,36,-3926
3124610154,5174,-4,-24,-14,-253,34,-4224
3124611154,5170,-1,-26,-14,-157,-60,-4213
3124612154,5166,-2,-12,-20,-181,63,-4064
3124613154,5162,0,5,-32,-59,44,-4136
3124614154,5158,-6,15,-40,-58,126,-4196
3124615154,5154,-4,23,-37,76,85,-4236
3124616154,5150,-9,22,-39,116,148,-4057
3124617154,5146,-8,31,-33,141,112,-4120
3124618154,5142,-7,24,-27,73,156,-3983
3124619154,5139,-1,19,-12,96,31,-3918
3124620154,5135,-4,18,-9,92,-40,-3864
3124621154,5131,-1,11,-6,-34,59,-4039
3124622154,5128,-2,8,1,101,-17,-3964
3124623154,5124,-1,6,-7,26,35,-3920
3124624154,5121,1,-1,-16,10,-12,-4011
3124625154,5117,7,-1,-30,-52,-156,-4130
3124626154,5113,-1,12,-39,-123,-255,-4385
3124627154,5109,-3,18,-49,-222,218,-4371
3124628154,5106,21,25,-63,-29,296,-4444
3124629154,5102,12,29,-65,42,161,-4360
3124630154,5098,28,13,-62,47,111,-4231
3124631154,5094,9,15,-53,-53,47,-4089
3124632154,5091,6,11,-44,-108,29,-3929
3124633154,5087,-2,13,-41,-79,25,-3889
3124634154,5084,-19,13,-25,-219,-36,-4033
3124635154,5080,-7,-10,-24,-147,-78,-3938
3124636154,5077,-20,-9,-17,-229,13,-3608
3124637154,5073,-19,0,-26,-243,192,-3982
3124638154,5070,-17,5,-34,-121,246,-4061
3124639154,5066,5,6,-51,106,331,-4003
3124640154,5062,4,10,-65,187,251,-3961
3124641154,5059,19,19,-73,103,121,-4328
3124642154,5055,17,35,-74,166,88,-4220
3124643154,5051,13,41,-69,317,67,-4178
3124644154,5047,3,41,-67,297,43,-3970
3124645154,5044,8,28,-61,182,-63,-4079
3124646154,5040,9,18,-43,131,-232,-3974
3124647154,5037,-11,20,-36,160,-99,-3940
3124648154,5033,-8,9,-26,119,317,-4029
3124649154,5030,4,-5,-22,263,549,-4028
3124650154,5026,20,-24,-19,277,325,-4073
3124651154,5023,26,-32,-18,144,52,-3945
3124652154,5019,25,-28,-21,3,-16,-4165
3124653154,5015,29,-20,-29,40,-61,-4316
3124654154,5012,27,-30,-36,175,-176,-4208
3124655154,5008,26,-41,-44,102,-237,-4106
3124656154,5004,17,-48,-43,-129,-484,-4375
3124657154,5000,20,-38,-48,-110,-326,-4323
3124658154,4996,1,-30,-49,-210,-183,-4486
3124659154,4992,6,-27,-46,-188,195,-4228
3124660154,4989,3,-14,-44,-142,221,-4017
3124661154,4985,7,-8,-45,-265,272,-3946
3124662154,4981,20,-12,-42,-305,81,-4071
3124663154,4977,6,7,-34,-168,84,-3852
3124664154,4973,4,6,-29,75,158,-3945
3124665154,4969,8,9,-31,227,158,-3968
3124666154,4965,17,6,-28,292,77,-3915
3124667154,4961,16,-5,-38,296,28,-3907
3124668154,4958,25,-2,-41,260,193,-3979
3124669154,4954,24,-3,-42,282,117,-4204
3124670154,4950,20,-8,-34,153,128,-4250
3124671154,4946,31,-18,-28,68,38,-4122
3124672154,4942,6,-16,-22,17,131,-4117
3124673154,4939,12,-27,-5,-98,170,-4273
3124674154,4935,13,-21,-3,-131,-55,-4244
3124675154,4931,8,-31,-5,-120,-59,-4210
3124676154,4927,8,-35,-1,-228,-79,-4049
3124677154,4924,-9,-29,-6,-272,-94,-4053
3124678154,4920,3,-34,-13,-332,-8,-4161
3124679154,4916,5,-16,-16,-201,-154,-4259
3124680154,4912,2,-13,-26,-195,-14,-4125
3124681154,4909,6,-7,-40,-155,-101,-4368
3124682154,4905,4,13,-45,-183,2,-4254
3124683154,4901,-4,27,-48,27,-97,-4257
3124684154,4897,2,36,-42,49,195,-4134
3124685154,4893,10,37,-35,37,197,-4407
3124686154,4889,9,28,-27,173,2,-4016
3124687154,4886,4,20,-19,3,-12,-3961
3124688154,4882,-1,13,-14,59,-104,-4038
3124689154,4878,-5,0,-6,139,158,-3889
3124690154,4875,6,-2,1,32,113,-4057
3124691154,4871,-1,-19,-1,235,89,-3708
3124692154,4867,6,-19,1,92,118,-4029
3124693154,4864,10,-19,-2,125,-23,-4091
3124694154,4860,8,-26,-9,208,-59,-3735
3124695154,4856,-11,-16,-11,-106,-201,-4115
3124696154,4853,-3,-15,-14,-287,-41,-4133
3124697154,4849,-9,-11,-21,-164,-10,-4065
3124698154,4845,-10,0,-21,-113,98,-3997
3124699154,4842,14,-14,-28,-342,64,-4285
3124700154,4838,4,-1,-22,-185,305,-4038
3124701154,4834,21,1,-23,-363,294,-4368
3124702154,4831,27,-10,-30,-250,204,-4499
3124703154,4827,24,-8,-28,-51,1,-3871
3124704154,4824,4,1,-29,-254,-44,-4060
3124705154,4820,12,23,-33,-172,-42,-4260
3124706154,4816,2,23,-35,86,22,-4200
3124707154,4813,1,33,-34,116,20,-4191
3124708154,4809,3,28,-36,302,116,-4013
3124709154,4806,4,20,-38,262,221,-4108
3124710154,4802,12,5,-40,286,349,-4034
3124711154,4799,16,4,-39,151,268,-4032
3124712154,4795,21,-15,-42,191,63,-3697
3124713154,4792,4,-18,-36,-102,75,-3767
3124714154,4788,-2,-11,-27,-178,86,-4015
3124715154,4785,11,-18,-22,-219,34,-3907
3124716154,4781,4,-9,-15,-169,3,-3917
3124717154,4778,-7,-12,-18,-226,-14,-3936
3124718154,4774,-1,-14,-23,-272,-47,-4230
3124719154,4770,-3,-13,-34,-140,-146,-4184
3124720154,4767,-3,-14,-39,-301,-80,-4228
3124721154,4763,3,-2,-56,-281,-70,-4283
3124722154,4759,3,8,-67,-339,-6,-4165
3124723154,4755,0,25,-63,-117,-101,-3948
3124724154,4751,-6,39,-61,-184,123,-4106
3124725154,4747,-1,36,-60,-32,162,-4140
3124726154,4743,-10,30,-52,114,245,-3971
3124727154,4739,2,20,-44,146,252,-4004
3124728154,4735,3,0,-28,174,34,-3984
3124729154,4731,12,-7,-24,170,-120,-3970
3124730154,4728,-9,-18,-7,98,-166,-4033
3124731154,4724,-6,-22,-6,94,-82,-3973
3124732154,4720,-14,-14,-2,2,72,-4140
3124733154,4717,-10,-18,-7,223,33,-4024
3124734154,4713,-2,-18,-13,200,31,-3979
3124735154,4709,0,-17,-19,88,-51,-4076
3124736154,4705,2,-17,-27,-103,-66,-4182
3124737154,4701,8,-15,-40,-15,-89,-4293
3124738154,4697,6,-24,-38,-103,146,-4086
3124739154,4694,13,-23,-46,-144,142,-4418
3124740154,4690,23,-42,-38,-182,172,-4358
3124741154,4686,33,-39,-34,-480,71,-4286
3124742154,4683,16,-23,-23,-530,180,-3839
3124743154,4679,12,-19,-12,-658,201,-3892
3124744154,4676,13,-11,-7,-415,184,-4062
3124745154,4673,2,-1,4,-212,47,-4019
3124746154,4670,1,-4,5,-239,144,-4033
3124747154,4667,4,-1,-2,-122,153,-3984
3124748154,4663,11,-7,-5,-151,157,-3929
3124749154,4660,12,-6,-25,86,-2,-3846
3124750154,4657,16,-7,-34,108,32,-3994
3124751154,4654,24,-10,-46,127,32,-4237
3124752154,4651,27,-8,-48,160,86,-4014
3124753154,4648,30,-16,-58,-93,54,-4055
3124754154,4645,24,-7,-58,58,-7,-4020
3124755154,4642,8,-6,-54,21,-107,-4239
3124756154,4639,11,-16,-53,99,26,-4251
3124757154,4636,17,-32,-53,28,-7,-4164
3124758154,4633,10,-48,-49,-283,87,-4019
3124759154,4630,9,-34,-35,-422,145,-4082
3124760154,4627,10,-26,-22,-429,208,-4104
3124761154,4624,10,-32,-22,-33,250,-3958
3124762154,4621,0,-25,-23,-145,202,-4075
3124763154,4618,25,-37,-23,-147,179,-4180
3124764154,4615,17,-28,-34,-67,10,-4036
3124765154,4612,34,-34,-50,-258,-229,-4004
3124766154,4609,34,-28,-56,-161,-288,-3984
3124767154,4606,16,-25,-67,-307,-249,-3991
3124768154,4603,20,-32,-74,-478,-87,-4254
3124769154,4599,11,-13,-78,-490,146,-4152
3124770154,4596,24,4,-72,-495,222,-4431
3124771154,4593,23,5,-69,-347,270,-4412
3124772154,4590,16,17,-56,-323,246,-4109
3124773154,4586,7,17,-46,-199,223,-4170
3124774154,4583,9,3,-44,-70,117,-4039
3124775154,4580,0,10,-27,-34,103,-4235
3124776154,4577,14,-10,-24,151,23,-4054
3124777154,4574,13,-15,-15,112,146,-3799
3124778154,4571,27,-21,-19,143,75,-4240
3124779154,4567,28,-34,-32,233,-143,-3946
3124780154,4564,17,-31,-35,153,-225,-3998
3124781154,4561,22,-48,-44,-28,-343,-3871
3124782154,4558,5,-44,-50,-458,-224,-4141
3124783154,4555,16,-32,-58,-442,-125,-4287
3124784154,4551,13,-22,-58,-322,-161,-4156
3124785154,4548,7,-16,-56,-392,29,-4113
3124786154,4545,10,-8,-54,-505,170,-4230
3124787154,4542,-1,4,-40,-456,189,-4253
3124788154,4539,-1,19,-25,-424,251,-4314
3124789154,4536,8,27,-16,-288,280,-4321
3124790154,4533,11,24,-10,16,121,-4144
3124791154,4530,17,11,-2,124,7,-3920
3124792154,4527,10,6,-4,65,-159,-4025
3124793154,4524,11,-6,-9,-14,-89,-4071
3124794154,4522,18,-4,2,88,-110,-4090
3124795154,4519,4,-10,-9,231,-91,-4046
3124796154,4516,21,-27,-20,104,-67,-3897
3124797154,4513,10,-37,-38,23,-323,-3827
3124798154,4510,3,-40,-41,-55,-375,-3746
3124799154,4507,-15,-30,-51,-366,-291,-4220
3124800154,4504,-3,-33,-54,-296,-116,-4105
3124801154,4501,-5,-21,-55,-507,58,-4083
3124802154,4498,-1,-8,-44,-495,283,-4044
3124803154,4495,-2,-2,-48,-366,363,-3945
3124804154,4492,-5,14,-39,-289,338,-4165
3124805154,4490,7,21,-25,-176,254,-4423
3124806154,4487,13,25,-21,133,141,-4062
3124807154,4484,1,24,-18,166,69,-3977
3124808154,4482,9,19,-19,136,83,-4143
3124809154,4479,6,11,-20,488,-83,-4069
3124810154,4476,2,-3,-23,303,33,-4065
3124811154,4474,3,-16,-27,276,82,-3926
3124812154,4471,-6,-14,-30,179,130,-3855
3124813154,4468,3,-20,-33,65,122,-3918
3124814154,4465,-4,-21,-35,188,-61,-3926
3124815154,4463,-6,-31,-39,-74,-40,-4015
3124816154,4460,-3,-34,-39,-191,15,-3983
3124817154,4457,-2,-40,-37,-428,41,-3869
3124818154,4454,-7,-24,-36,-532,-14,-3937
3124819154,4451,-9,-16,-36,-483,133,-4180
3124820154,4449,7,-17,-20,-470,300,-4304
3124821154,4446,11,-15,-27,-363,304,-4104
3124822154,4443,12,-18,-22,-511,221,-4144
3124823154,4440,11,2,-10,-386,165,-4296
3124824154,4437,2,19,-5,-120,-47,-4335
3124825154,4435,-2,17,-11,82,-119,-4286
3124826154,4432,-4,27,-11,117,-162,-4278
3124827154,4429,-11,15,-19,198,-367,-4086
3124828154,4426,-22,29,-25,247,-187,-3757
3124829154,4423,-29,44,-17,136,69,-4169
3124830154,4420,-14,41,-23,218,158,-4055
3124831154,4417,13,22,-32,443,107,-3670
3124832154,4414,1,-3,-40,263,146,-3768
3124833154,4411,30,-28,-58,49,-89,-4153
3124834154,4408,8,-38,-69,176,-367,-3899
3124835154,4405,-5,-41,-73,-268,-338,-4129
3124836154,4402,11,-42,-67,-585,-62,-4266
3124837154,4399,-13,-25,-59,-544,135,-3881
3124838154,4396,-8,-4,-49,-787,315,-4181
3124839154,4393,-20,6,-44,-481,389,-4147
3124840154,4390,-18,21,-31,-304,427,-4256
3124841154,4388,-9,23,-23,-26,511,-4372
3124842154,4385,0,22,-12,73,446,-4271
3124843154,4382,15,8,-3,112,165,-4213
3124844154,4379,18,8,-2,128,-3,-4170
3124845154,4377,16,4,-5,185,-206,-4175
3124846154,4374,23,-1,-9,164,-133,-4035
3124847154,4372,15,-2,-14,171,-107,-3875
3124848154,4369,7,-8,-23,57,-56,-3874
3124849154,4367,1,-9,-27,46,-89,-3955
3124850154,4364,-1,-1,-32,49,-176,-4144
3124851154,4362,3,-10,-39,65,-140,-4094
3124852154,4359,-4,-25,-53,-29,-114,-4037
3124853154,4356,3,-27,-54,-247,47,-3926
3124854154,4354,13,-40,-61,-552,-15,-4158
3124855154,4351,15,-37,-57,-884,33,-4157
3124856154,4349,11,-26,-43,-817,41,-4057
3124857154,4347,-2,-14,-43,-744,178,-4050
3124858154,4344,-2,6,-27,-662,196,-4199
3124859154,4342,-7,20,-15,-314,281,-4172
3124860154,4339,-13,33,-16,-115,227,-4234
3124861154,4337,1,34,-14,52,245,-4187
3124862154,4334,10,35,-20,102,154,-4103
3124863154,4332,7,28,-25,409,-27,-3953
3124864154,4330,17,20,-34,255,-8,-4287
3124865154,4327,23,7,-41,367,32,-3888
3124866154,4325,20,0,-43,172,110,-3795
3124867154,4322,20,-9,-47,91,1,-3969
3124868154,4320,13,-9,-48,183,-158,-4068
3124869154,4317,4,-15,-55,166,-132,-4118
3124870154,4315,4,-25,-58,5,-116,-4089
3124871154,4312,6,-22,-58,-85,-20,-4038
3124872154,4310,7,-10,-61,-191,120,-4112
3124873154,4307,4,-19,-77,-138,-17,-4108
3124874154,4305,13,-26,-88,-61,-63,-3965
3124875154,4303,4,-44,-88,-459,-107,-4350
3124876154,4300,20,-45,-84,-924,195,-4376
3124877154,4298,23,-30,-74,-871,254,-4109
3124878154,4295,2,0,-48,-1088,573,-4143
3124879154,4293,2,24,-29,-550,521,-4231
3124880154,4291,4,38,-24,-281,557,-4198
3124881154,4288,11,28,-15,-69,259,-4351
3124882154,4286,8,26,-3,92,88,-4111
3124883154,4284,13,26,-2,103,-32,-4018
3124884154,4282,23,22,-3,432,-89,-3819
3124885154,4280,18,24,3,571,-84,-3828
3124886154,4278,26,3,-15,402,-23,-4060
3124887154,4276,37,-14,-24,389,-34,-3896
3124888154,4274,17,-19,-30,85,-82,-3973
3124889154,4272,21,-13,-33,161,-256,-4069
3124890154,4270,14,-14,-45,242,-283,-4016
3124891154,4267,14,-26,-46,159,-269,-4059
3124892154,4265,7,-39,-66,-46,-485,-4084
3124893154,4263,11,-37,-71,-276,-431,-3945
3124894154,4261,2,-33,-74,-292,-382,-3990
3124895154,4258,-7,-20,-85,-472,-92,-4186
3124896154,4256,-1,-19,-88,-417,257,-4262
3124897154,4254,14,-20,-82,-879,438,-4337
3124898154,4251,16,3,-76,-599,361,-4154
3124899154,4249,-6,20,-65,-734,394,-4251
3124900154,4247,14,34,-49,-625,522,-4646
3124901154,4244,19,42,-35,60,434,-4053
3124902154,4242,7,33,-22,36,213,-4125
3124903154,4240,13,31,-18,43,195,-4170
3124904154,4238,18,29,-11,275,-12,-3912
3124905154,4236,1,24,-4,516,-128,-3815
3124906154,4234,5,0,-4,354,22,-4067
3124907154,4232,11,-18,-2,336,112,-3930
3124908154,4230,7,-24,-8,231,99,-3851
3124909154,4228,7,-32,-11,87,28,-3923
3124910154,4226,9,-24,-13,118,-81,-4035
3124911154,4224,5,-22,-15,64,-172,-4201
3124912154,4222,5,-25,-19,79,-144,-4192
3124913154,4220,5,-20,-19,-52,-114,-4207
3124914154,4217,-2,-14,-13,-208,-59,-4178
3124915154,4215,9,-13,-10,-406,52,-4201
3124916154,4213,-1,3,-1,-351,119,-4167
3124917154,4211,6,10,8,-626,103,-4254
3124918154,4209,18,-18,-5,-382,-140,-4054
3124919154,4207,7,-26,-9,-348,-362,-3606
3124920154,4204,-9,-28,-20,-596,-372,-4106
3124921154,4202,-8,-20,-19,-479,-66,-4354
3124922154,4200,1,-4,-32,-371,59,-4350
3124923154,4197,6,15,-47,-136,242,-4208
3124924154,4195,7,37,-57,-84,235,-4284
3124925154,4192,8,51,-53,86,182,-4286
3124926154,4190,11,51,-53,208,106,-4208
3124927154,4187,2,62,-54,255,154,-4071
3124928154,4185,8,52,-41,376,-7,-4085
3124929154,4182,0,24,-36,743,-203,-3670
3124930154,4180,-8,8,-23,488,28,-4041
3124931154,4178,0,-8,-24,341,209,-4237
3124932154,4176,10,-27,-19,405,238,-3927
3124933154,4174,2,-35,-19,264,158,-3709
3124934154,4172,-3,-26,-18,11,139,-4023
3124935154,4170,-4,-32,-15,-124,110,-4088
3124936154,4168,2,-41,-8,-296,263,-4123
3124937154,4166,-6,-30,6,-425,349,-3935
3124938154,4163,0,-14,25,-591,263,-4228
3124939154,4162,-1,2,30,-308,95,-4158
3124940154,4160,-1,4,45,-119,6,-4153
3124941154,4158,3,6,38,82,-88,-4315
3124942154,4156,11,-7,25,-10,-370,-4230
3124943154,4154,16,-12,9,30,-387,-3971
3124944154,4152,5,-6,9,-7,-616,-3953
3124945154,4149,-3,-6,-17,-111,-413,-4261
3124946154,4147,9,-11,-31,-73,-109,-4260
3124947154,4145,0,-4,-51,-40,31,-3988
3124948154,4142,2,20,-54,1,73,-4098
3124949154,4140,-1,27,-66,2,56,-4235
3124950154,4138,6,32,-56,146,81,-4168
3124951154,4135,-3,33,-50,345,49,-3974
3124952154,4133,-3,17,-46,182,76,-3997
3124953154,4131,2,8,-44,255,121,-3946
3124954154,4129,-1,-2,-24,208,161,-3941
3124955154,4127,5,-21,-12,165,225,-4020
3124956154,4125,-2,-32,-5,138,329,-3904
3124957154,4123,0,-44,-1,-49,353,-3834
3124958154,4121,0,-43,7,-121,325,-3931
3124959154,4119,-4,-32,9,-229,182,-4103
3124960154,4116,-1,-28,14,-260,107,-4192
3124961154,4114,6,-26,20,-254,45,-4193
3124962154,4112,-6,-31,-3,-238,-140,-4092
3124963154,4110,-3,-21,-3,-263,-80,-4097
3124964154,4108,-4,-19,-18,-174,-223,-4302
3124965154,4106,9,-11,-23,-391,-115,-4303
3124966154,4104,4,6,-31,-167,-140,-4260
3124967154,4102,-2,17,-37,-216,-116,-4096
3124968154,4099,6,17,-45,-17,5,-4030
3124969154,4097,4,26,-55,-53,202,-3966
3124970154,4095,-9,32,-59,171,44,-4128
3124971154,4093,-11,25,-54,420,7,-4116
3124972154,4091,-21,22,-55,590,27,-4098
3124973154,4088,-8,8,-48,554,153,-3892
3124974154,4086,2,-7,-45,441,127,-3954
3124975154,4084,19,-14,-37,222,109,-4069
3124976154,4083,19,-23,-28,166,65,-3946
3124977154,4081,11,-19,-22,181,113,-3805
3124978154,4079,-2,-16,-17,-58,315,-3957
3124979154,4077,15,-25,-21,94,309,-3888
3124980154,4075,8,-37,-12,-48,10,-4005
3124981154,4074,4,-36,-9,-116,-52,-4061
3124982154,4072,-6,-35,0,-165,-8,-4091
3124983154,4070,-14,-27,6,-252,165,-4168
3124984154,4068,-12,-19,17,-196,205,-4124
3124985154,4066,-10,-10,20,-213,26,-4316
3124986154,4064,2,-6,28,-103,-106,-4298
3124987154,4063,9,2,29,-134,-230,-4359
3124988154,4061,6,-17,10,-81,-210,-4284
3124989154,4059,23,-24,-8,-157,-435,-3961
3124990154,4056,10,-26,-29,-156,-477,-4135
3124991154,4054,18,-17,-45,-428,-378,-4433
3124992154,4052,9,-3,-68,-97,-152,-3972
3124993154,4049,-6,27,-90,-19,59,-3897
3124994154,4047,-15,37,-98,287,93,-4084
3124995154,4044,-13,41,-92,404,184,-3954
3124996154,4042,-12,40,-89,429,368,-3959
3124997154,4039,-5,26,-79,410,319,-4107
3124998154,4037,9,6,-64,644,263,-3970
3124999154,4035,-4,11,-57,559,262,-4024
3125000154,4032,19,-26,-47,568,251,-3971
3125001154,4030,20,-40,-37,379,339,-3996
3125002154,4028,22,-58,-24,3,426,-3896
3125003154,4026,10,-61,-12,-186,337,-3872
3125004154,4024,-1,-44,0,-357,300,-4049
3125005154,4022,7,-37,7,-331,134,-4132
3125006154,4020,-9,-25,18,-308,140,-4072
3125007154,4018,-6,-13,22,-241,114,-4120
3125008154,4016,-7,-1,29,-240,72,-4143
3125009154,4014,-3,7,36,-219,108,-4238
3125010154,4013,7,-7,25,-153,-96,-4328
3125011154,4011,23,-16,6,-58,-219,-4215
3125012154,4009,25,-23,-10,-30,-613,-4375
3125013154,4006,10,-21,-17,-230,-656,-4462
3125014154,4004,19,-15,-31,-42,-488,-4274
3125015154,4002,3,6,-48,149,-188,-3798
3125016154,3999,-4,9,-64,137,-12,-3965
3125017154,3997,-7,24,-74,283,23,-4133
3125018154,3995,-14,24,-73,296,45,-4112
3125019154,3992,0,20,-74,334,154,-3999
3125020154,3990,1,22,-68,318,253,-3901
3125021154,3988,9,16,-59,497,158,-3882
3125022154,3986,13,7,-56,420,88,-3963
3125023154,3984,17,-20,-46,321,133,-4134
3125024154,3982,23,-41,-38,97,259,-4015
3125025154,3980,6,-35,-27,45,233,-3955
3125026154,3978,7,-40,-16,-127,390,-4026
3125027154,3976,3,-41,-19,-213,355,-4151
3125028154,3974,4,-32,-6,-316,309,-4084
3125029154,3972,2,-14,8,-421,249,-4103
3125030154,3970,-1,12,12,-293,241,-4120
3125031154,3968,2,19,19,-196,201,-4187
3125032154,3966,16,14,24,105,161,-4231
3125033154,3964,18,-7,6,466,-76,-4107
3125034154,3962,18,-21,-3,-158,-369,-4187
3125035154,3960,22,-35,-28,-193,-383,-4170
3125036154,3958,24,-32,-38,-241,-618,-4001
3125037154,3955,9,-37,-58,-203,-711,-4238
3125038154,3953,9,-27,-77,-283,-383,-4414
3125039154,3951,-7,-3,-91,-124,26,-3984
3125040154,3948,-3,5,-102,-263,261,-3925
3125041154,3946,-3,34,-102,-66,474,-4084
3125042154,3943,-4,64,-97,239,386,-4244
3125043154,3941,10,51,-94,461,418,-4058
3125044154,3939,7,34,-85,666,303,-3794
3125045154,3937,8,26,-76,597,225,-3874
3125046154,3935,23,-2,-62,347,120,-4132
3125047154,3933,23,-14,-37,255,241,-4004
3125048154,3931,22,-26,-10,128,396,-3803
3125049154,3930,23,-37,-4,61,332,-3974
3125050154,3928,17,-41,-1,33,221,-3958
3125051154,3927,6,-52,15,-194,171,-4159
3125052154,3925,12,-42,18,-192,86,-4114
3125053154,3923,3,-16,21,-247,81,-4177
3125054154,3921,11,-19,23,-251,49,-4230
3125055154,3920,17,-7,21,54,-102,-4049
3125056154,3918,1,5,12,21,-121,-4257
3125057154,3916,21,7,13,55,-113,-4380
3125058154,3914,26,8,3,260,-310,-4082
3125059154,3912,20,1,-3,250,-387,-4063
3125060154,3910,19,-3,-1,140,-425,-4197
3125061154,3907,18,0,-7,305,-352,-4212
3125062154,3905,8,-8,-19,341,-266,-4114
3125063154,3903,2,-5,-20,417,-199,-4077
3125064154,3900,19,-24,-39,4,-228,-4091
3125065154,3897,18,-32,-55,-139,-294,-3855
3125066154,3895,3,-34,-64,-294,-473,-3736
3125067154,3892,-19,-29,-65,-669,-73,-4225
3125068154,3889,-10,-18,-62,-630,247,-4338
3125069154,3886,-1,5,-62,-435,705,-4178
3125070154,3883,14,16,-51,-337,792,-4218
3125071154,3880,15,41,-33,-111,598,-4262
3125072154,3877,17,36,-36,-44,507,-4222
3125073154,3875,17,28,-21,142,268,-4105
3125074154,3872,12,16,-6,-14,136,-3992
3125075154,3870,12,12,17,-88,133,-4015
3125076154,3867,9,13,33,220,130,-3884
3125077154,3865,-2,16,36,447,67,-3867
3125078154,3862,-5,-7,32,577,102,-4030
3125079154,3860,3,-28,20,457,183,-4207
3125080154,3858,9,-37,14,325,110,-4060
3125081154,3855,11,-26,10,42,-193,-4214
3125082154,3853,5,-28,5,73,-286,-4170
3125083154,3851,22,-39,-5,-27,-287,-3888
3125084154,3849,5,-36,-17,-246,-325,-4087
3125085154,3846,1,-30,-20,-388,-305,-4280
3125086154,3844,1,-19,-35,-384,-319,-4242
3125087154,3842,-8,-8,-32,-362,-40,-4214
3125088154,3840,0,-4,-38,-228,130,-4330
3125089154,3838,-2,5,-29,-139,205,-4362
3125090154,3836,8,12,-24,61,193,-4199
3125091154,3834,8,15,-15,52,153,-4115
3125092154,3832,6,6,-17,-65,127,-4125
3125093154,3830,17,5,1,-62,1,-4044
3125094154,3828,2,7,12,12,-104,-3908
3125095154,3827,-7,2,22,57,-79,-3907
3125096154,3825,4,-6,23,146,1,-3830
3125097154,3823,-4,-7,23,185,15,-3968
3125098154,3821,0,-28,18,189,83,-4029
3125099154,3820,9,-26,11,163,47,-3932
3125100154,3818,3,-20,4,126,28,-3995
3125101154,3816,0,-21,-6,-66,5,-4189
3125102155,3814,11,-21,-11,52,-7,-4097
3125103156,3812,3,-10,-14,134,-76,-4072
3125104154,3810,-3,-2,-16,33,84,-4145
3125105154,3808,-3,-13,-37,88,-142,-4220
3125106154,3806,6,-34,-56,-39,-212,-3970
3125107154,3803,-9,-38,-67,-252,-259,-4109
3125108154,3801,-3,-27,-76,-492,41,-4345
3125109154,3799,1,-17,-76,-432,157,-4370
3125110154,3796,5,-10,-80,-305,423,-4061
3125111154,3794,6,1,-86,-231,489,-4060
3125112154,3791,2,7,-80,-279,363,-4297
3125113154,3789,5,6,-66,-68,375,-4156
3125114154,3787,0,20,-46,-38,352,-3988
3125115154,3784,-3,11,-36,-57,289,-3923
3125116154,3782,-5,15,-13,76,166,-3990
3125117154,3780,-5,7,9,267,43,-3958
3125118154,3778,-6,-5,16,245,86,-3956
3125119154,3776,1,-14,26,130,167,-3969
3125120154,3774,0,-18,29,45,144,-3943
3125121154,3772,3,-15,32,95,19,-3916
3125122154,3770,4,-13,23,206,-36,-3960
3125123154,3768,5,-17,20,205,-103,-3976
3125124154,3766,-2,-10,7,214,-263,-4150
3125125154,3764,-1,-11,-2,97,-316,-4225
3125126154,3762,-1,-3,-5,227,-287,-4119
3125127154,3760,-8,1,-10,124,-282,-4118
3125128154,3758,0,-25,-25,94,-407,-4148
3125129154,3755,4,-35,-36,-126,-412,-4065
3125130154,3753,-1,-30,-54,-262,-516,-4250
3125131154,3751,4,-21,-65,-300,-225,-4337
3125132154,3748,-1,-14,-68,-265,-117,-4282
3125133154,3746,-1,-15,-78,-255,301,-4075
3125134154,3744,10,-4,-75,-224,433,-3901
3125135154,3741,-4,16,-74,-142,320,-4058
3125136154,3739,-10,23,-61,-93,222,-4178
3125137154,3737,-7,27,-48,93,364,-4153
3125138154,3735,-6,16,-30,151,435,-3906
3125139154,3733,-7,-1,-5,106,353,-3803
3125140154,3731,-14,-2,15,76,224,-4009
3125141154,3729,-3,-10,18,94,233,-4018
3125142154,3727,3,-22,35,111,324,-3984
3125143154,3726,5,-21,45,60,373,-3902
3125144154,3724,10,-27,41,159,188,-3962
3125145154,3723,4,-21,36,136,1,-4149
3125146154,3721,5,-25,38,147,-46,-4166
3125147154,3719,11,-28,21,122,-188,-4146
3125148154,3717,-2,-6,15,82,-175,-4228
3125149154,3715,2,-4,9,147,-225,-4227
3125150154,3713,5,0,-1,263,-253,-4152
3125151154,3711,1,-8,-12,50,-272,-4126
3125152154,3709,11,-22,-32,-53,-255,-4264
3125153154,3707,22,-32,-53,-104,-448,-4122
3125154154,3705,6,-36,-72,-312,-466,-4267
3125155154,3703,10,-29,-78,-369,-323,-4319
3125156154,3700,11,-21,-91,-285,-129,-4197
3125157154,3698,-1,-11,-109,-263,158,-4024
3125158154,3695,-3,8,-120,-104,272,-4020
3125159154,3693,-14,15,-121,-75,254,-4033
3125160154,3690,-14,13,-113,-60,498,-4019
3125161154,3688,-9,15,-90,-94,727,-3854
3125162154,3686,-9,15,-64,-135,657,-3802
3125163154,3683,-7,11,-28,-101,416,-3914
3125164154,3682,-1,6,-17,72,353,-4039
3125165154,3680,2,-9,13,42,259,-4027
3125166154,3678,3,-23,29,94,303,-3970
3125167154,3676,4,-27,42,46,275,-3945
3125168154,3674,4,-21,43,20,147,-4028
3125169154,3673,10,-27,37,93,24,-4094
3125170154,3671,2,-21,36,98,-117,-4192
3125171154,3669,-2,-16,25,126,-254,-4203
3125172154,3667,-1,-4,11,151,-331,-4310
3125173154,3665,2,-3,6,243,-361,-4226
3125174154,3663,1,-1,-6,252,-456,-4209
3125175154,3661,2,-2,-5,172,-375,-4279
3125176154,3659,6,-10,-15,278,-287,-4220
3125177154,3657,8,-14,-36,57,-230,-4156
3125178154,3655,14,-15,-46,189,-220,-4178
3125179154,3653,29,-33,-55,-1,-291,-4068
3125180154,3651,15,-25,-76,-166,-366,-4160
3125181154,3649,20,-26,-81,-226,-110,-4112
3125182154,3646,16,-12,-92,-181,6,-3987
3125183154,3644,7,-6,-107,-185,283,-3874
3125184154,3642,11,-11,-97,-284,401,-4079
3125185154,3639,-1,-9,-84,-257,388,-4002
3125186154,3637,-7,1,-60,-349,518,-4069
3125187154,3635,-4,10,-49,-308,567,-4110
3125188154,3633,-7,17,-23,-113,626,-3961
3125189154,3631,-1,-3,-2,67,514,-3962
3125190154,3629,-1,-8,12,73,412,-4043
3125191154,3627,2,-7,17,-8,347,-4132
3125192154,3625,15,-7,21,80,267,-4151
3125193154,3624,13,2,23,210,115,-3967
3125194154,3622,10,-3,15,261,18,-3857
3125195154,3620,12,-8,1,152,-26,-4090
3125196154,3618,5,0,-1,204,-66,-4096
3125197154,3616,10,-2,-11,187,-250,-4163
3125198154,3614,-1,5,-12,197,-329,-4344
3125199154,3612,2,4,-16,315,-296,-4280
3125200154,3610,11,-8,-18,90,-229,-4079
3125201154,3608,6,-26,-39,130,-244,-4098
3125202154,3606,16,-30,-54,-214,-351,-4211
3125203154,3604,13,-36,-70,-342,-470,-4379
3125204154,3601,25,-31,-76,-374,-274,-4266
3125205154,3599,17,-29,-82,-363,-205,-4204
3125206154,3597,15,-16,-96,-386,100,-4133
3125207154,3594,10,4,-98,-372,309,-4058
3125208154,3592,2,22,-95,-195,355,-4066
3125209154,3590,-7,31,-82,-97,400,-4212
3125210154,3588,-4,38,-68,-125,443,-4160
3125211154,3586,2,28,-44,16,502,-3899
3125212154,3584,4,22,-25,202,244,-3728
3125213154,3582,3,12,-8,224,119,-4013
3125214154,3581,-1,7,9,184,135,-4057
3125215154,3579,7,3,24,281,259,-3889
3125216154,3577,7,-14,31,322,233,-3695
3125217154,3576,17,-20,26,217,158,-3912
3125218154,3574,18,-20,22,192,19,-4066
3125219154,3573,15,-22,18,158,-60,-4138
3125220154,3571,12,-19,12,112,-162,-4192
3125221154,3569,10,-14,4,94,-183,-4262
3125222154,3567,13,-7,6,103,-254,-4286
3125223154,3566,5,-5,4,177,-307,-4250
3125224154,3564,2,-7,-4,159,-312,-4286
3125225154,3562,5,-7,1,232,-125,-4329
3125226154,3560,12,-22,-18,-32,-242,-4184
3125227154,3558,21,-30,-38,-226,-257,-3898
3125228154,3556,18,-39,-45,-265,-369,-3958
3125229154,3553,9,-51,-61,-591,-342,-4222
3125230154,3551,8,-40,-63,-775,77,-4330
3125231154,3548,0,-16,-69,-652,336,-4149
3125232154,3546,9,-4,-67,-740,467,-4078
3125233154,3543,6,19,-65,-403,390,-4162
3125234154,3541,-1,31,-56,-178,297,-4234
3125235154,3538,1,38,-43,-12,273,-4155
3125236154,3536,-9,49,-24,51,293,-3994
3125237154,3534,-14,58,-19,115,315,-4008
3125238154,3531,-3,54,-2,332,263,-3930
3125239154,3529,-2,32,7,608,146,-3709
3125240154,3527,-5,9,10,446,143,-3797
3125241154,3525,5,-2,13,316,166,-3947
3125242154,3523,4,-4,15,310,162,-3859
3125243154,3521,9,-14,10,270,101,-3841
3125244154,3519,2,-15,12,264,56,-4003
3125245154,3517,12,-27,7,152,-2,-4167
3125246154,3515,13,-27,2,196,-66,-4265
3125247154,3513,8,-32,9,80,-181,-4239
3125248154,3511,9,-22,3,0,-211,-4401
3125249154,3509,9,-23,1,-13,-131,-4392
3125250154,3507,8,-17,10,13,-132,-4277
3125251154,3505,14,-16,10,-46,-98,-4216
3125252154,3503,3,-13,-2,-133,-253,-4281
3125253154,3501,12,-19,-15,-248,-267,-4008
3125254154,3499,1,-22,-22,-236,-308,-4014
3125255154,3497,-3,-29,-29,-412,-223,-4047
3125256154,3495,10,-24,-39,-575,-32,-4123
3125257154,3493,4,-11,-45,-528,126,-4042
3125258154,3491,3,6,-44,-384,223,-4098
3125259154,3488,1,17,-43,-227,210,-4219
3125260154,3486,4,25,-45,-101,213,-4236
3125261154,3484,4,29,-44,135,216,-4187
3125262154,3482,-1,41,-34,215,260,-4068
3125263154,3480,-5,38,-29,409,166,-4002
3125264154,3478,-2,37,-23,374,136,-3948
3125265154,3476,-7,22,-23,468,142,-3905
3125266154,3475,-5,4,-22,445,223,-3816
3125267154,3473,0,-8,-22,392,228,-3798
3125268154,3471,5,-4,-25,352,217,-3948
3125269154,3469,2,-10,-24,302,255,-3986
3125270154,3467,10,-25,-32,326,200,-3930
3125271154,3466,11,-28,-22,215,102,-4095
3125272154,3464,15,-34,-28,103,6,-4229
3125273154,3462,10,-31,-22,-1,7,-4268
3125274154,3460,16,-38,-22,-29,-22,-4219
3125275154,3458,8,-26,-15,-323,70,-4177
3125276154,3457,11,-34,-20,-236,-98,-4245
3125277154,3455,11,-45,-23,-397,-263,-4013
3125278154,3453,6,-48,-25,-509,-322,-4113
3125279154,3451,-4,-47,-34,-777,-303,-4230
3125280154,3449,3,-29,-36,-759,-144,-4298
3125281154,3447,-6,-6,-46,-560,37,-4263
3125282154,3445,1,11,-55,-399,191,-4196
3125283154,3442,2,21,-53,-221,216,-4175
3125284154,3440,-6,43,-49,-65,153,-4183
3125285154,3438,-3,56,-46,160,150,-4298
3125286154,3436,-3,60,-34,406,160,-3964
3125287154,3434,-2,65,-29,540,94,-3908
3125288154,3432,-3,48,-30,694,-77,-3729
3125289154,3430,-4,25,-18,651,-141,-3824
3125290154,3428,-6,2,-9,631,35,-3700
3125291154,3426,-5,-9,-12,466,196,-3766
3125292154,3425,-1,-10,-6,411,252,-3837
3125293154,3423,13,-31,-11,463,249,-3876
3125294154,3421,11,-39,-16,400,183,-3954
3125295154,3419,16,-43,-18,212,55,-4134
3125296154,3417,17,-47,-23,118,-41,-4300
3125297154,3415,13,-43,-17,34,-68,-4316
3125298154,3413,8,-38,-13,-73,-41,-4286
3125299154,3411,8,-27,-11,-103,-41,-4306
3125300154,3409,0,-11,5,-193,42,-4357
3125301154,3407,4,-19,9,-212,60,-4294
3125302154,3405,3,-17,19,-218,110,-4171
3125303154,3403,3,-8,31,-125,213,-4098
3125304154,3401,2,-17,22,-246,58,-4113
3125305154,3398,15,-28,23,-299,-85,-3918
3125306154,3396,7,-30,22,-354,-186,-3875
3125307154,3394,10,-36,6,-560,-453,-4121
3125308154,3391,3,-14,-3,-449,-419,-4288
3125309154,3389,-5,-2,-16,-270,-219,-4255
3125310154,3386,-12,14,-19,-144,-32,-4169
3125311154,3384,-8,25,-32,95,131,-4041
3125312154,3381,-12,38,-45,287,183,-4059
3125313154,3378,-8,48,-44,465,243,-4188
3125314154,3376,-8,44,-42,611,294,-3940
3125315154,3373,-5,37,-43,638,280,-3872
3125316154,3371,0,24,-38,564,224,-3814
3125317154,3368,7,7,-31,590,104,-3791
3125318154,3366,-1,-6,-25,524,115,-3849
3125319154,3363,2,-10,-23,473,185,-3928
3125320154,3361,12,-22,-20,450,325,-3965
3125321154,3359,13,-34,-19,397,323,-3981
3125322154,3357,19,-39,-23,255,216,-4148
3125323154,3355,8,-47,-23,25,150,-4207
3125324154,3353,11,-41,-19,-106,207,-4206
3125325154,3351,18,-41,-9,-315,159,-4146
3125326154,3349,14,-28,2,-439,96,-4171
3125327154,3347,4,-20,19,-316,-46,-4268
3125328154,3346,-2,-10,25,-248,-69,-4344
3125329154,3344,-1,-8,41,-232,-58,-4352
3125330154,3342,8,-21,31,-122,-116,-4278
3125331154,3340,7,-13,30,-246,-284,-4068
3125332154,3339,0,-1,22,-246,-418,-4266
3125333154,3337,6,-12,11,-173,-364,-4238
3125334154,3335,10,-6,-6,-13,-329,-4060
3125335154,3333,3,12,-30,57,-205,-4013
3125336154,3330,-2,21,-40,139,-140,-4075
3125337154,3328,-4,27,-54,453,-85,-3896
3125338154,3326,-9,28,-58,490,-16,-3872
3125339154,3324,-3,25,-65,495,141,-4018
3125340154,3321,-2,19,-63,610,180,-3901
3125341154,3319,4,4,-66,521,113,-3856
3125342154,3317,10,-1,-69,516,120,-3938
3125343154,3315,6,-12,-61,413,151,-4031
3125344154,3312,20,-22,-57,320,289,-3928
3125345154,3310,11,-27,-53,247,402,-3896
3125346154,3308,16,-36,-48,84,537,-4016
3125347154,3306,16,-43,-40,-127,566,-4005
3125348154,3303,5,-41,-43,-317,421,-4156
3125349154,3301,21,-40,-41,-564,205,-4254
3125350154,3299,13,-33,-39,-652,0,-4356
3125351154,3296,12,-31,-31,-596,-16,-4336
3125352154,3294,9,-17,-19,-541,-74,-4340
3125353154,3292,3,1,-16,-381,22,-4253
3125354154,3289,-2,14,-25,-167,74,-4206
3125355154,3287,-7,19,-24,46,-85,-4162
3125356154,3285,-10,27,-28,104,-109,-4144
3125357154,3282,-3,29,-30,203,-11,-4083
3125358154,3280,-9,46,-29,453,61,-3857
3125359154,3278,-8,44,-31,556,109,-3807
3125360154,3275,-7,41,-24,556,45,-3833
3125361154,3273,0,25,-29,775,20,-3787
3125362154,3271,4,-1,-27,552,-123,-3904
3125363154,3268,15,-8,-22,410,-155,-4095
3125364154,3266,9,-10,-18,444,-134,-3961
3125365154,3264,8,-18,-17,427,-81,-3953
3125366154,3262,8,-27,-21,394,39,-4077
3125367154,3260,15,-38,-14,179,23,-4256
3125368154,3257,14,-38,-13,-92,11,-4323
3125369154,3255,7,-29,-9,-303,43,-4313
3125370154,3253,-2,-23,-4,-334,64,-4320
3125371154,3251,8,-16,9,-455,123,-4216
3125372154,3248,7,-10,6,-208,25,-4283
3125373154,3246,13,-15,-4,-344,-194,-4216
3125374154,3244,17,-21,-6,-333,-268,-4411
3125375154,3241,11,-23,-17,-417,-239,-4289
3125376154,3239,16,-14,-29,-328,-194,-4111
3125377154,3236,14,8,-35,-143,130,-4026
3125378154,3234,8,22,-52,65,238,-4006
3125379154,3231,4,32,-57,196,277,-3940
3125380154,3228,-7,45,-53,313,304,-3976
3125381154,3226,-5,42,-49,375,354,-4016
3125382154,3223,0,45,-42,422,271,-3891
3125383154,3221,-6,36,-39,494,207,-3919
3125384154,3219,2,20,-31,620,70,-3897
3125385154,3216,2,8,-22,533,164,-3970
3125386154,3214,3,-10,-14,406,284,-4028
3125387154,3212,12,-26,-9,187,357,-3973
3125388154,3210,10,-30,1,73,336,-3921
3125389154,3207,1,-27,6,-58,215,-4050
3125390154,3205,3,-22,10,-142,102,-4365
3125391154,3203,7,-27,18,-117,96,-4261
3125392154,3201,13,-29,13,-142,-66,-4209
3125393154,3198,-5,-10,23,-204,-119,-4260
3125394154,3196,0,-4,31,-96,-161,-4428
3125395154,3194,-3,-4,18,-106,-302,-4238
3125396154,3191,5,-7,18,23,-424,-4082
3125397154,3189,9,-13,8,-103,-520,-4008
3125398154,3186,9,-20,-16,-205,-644,-4165
3125399154,3184,-1,-8,-31,-111,-458,-4144
3125400154,3181,-7,3,-48,-157,-176,-4200
3125401154,3178,-4,13,-57,20,144,-4024
3125402154,3175,-7,23,-63,119,220,-3988
3125403154,3172,-7,35,-64,196,224,-4211
3125404154,3169,-5,41,-54,188,249,-4202
3125405154,3166,1,44,-56,266,228,-3944
3125406154,3163,-12,39,-45,278,168,-3834
3125407154,3161,-11,33,-27,293,56,-4019
3125408154,3158,-9,0,-8,328,167,-3976
3125409154,3156,-10,-7,11,205,392,-3823
3125410154,3153,-10,-10,25,29,482,-4014
3125411154,3151,3,-13,21,3,483,-4041
3125412154,3148,8,-18,31,138,293,-3945
3125413154,3146,0,-21,29,112,109,-4102
3125414154,3143,1,-6,34,189,110,-4280
3125415154,3141,15,-6,29,30,65,-4214
3125416154,3138,9,-14,13,191,-165,-4096
3125417154,3136,5,-19,1,-49,-411,-4022
3125418154,3133,-3,-19,-19,-196,-432,-4170
3125419154,3131,-12,-11,-23,-175,-299,-4169
3125420154,3128,-18,-4,-29,-131,-199,-4251
3125421154,3125,-11,-2,-41,-159,53,-4331
3125422154,3123,-4,8,-43,3,242,-4117
3125423154,3120,-4,19,-50,-10,224,-4258
3125424154,3117,0,21,-49,60,265,-4428
3125425154,3114,6,25,-43,149,232,-4260
3125426154,3112,1,26,-40,204,203,-3989
3125427154,3109,8,22,-27,69,127,-3912
3125428154,3107,0,8,-12,180,-17,-3831
3125429154,3104,-4,6,-8,164,-98,-3835
3125430154,3102,-16,5,11,215,-25,-4010
3125431154,3100,-9,-9,12,283,143,-4042
3125432154,3097,-4,-24,17,281,204,-3846
3125433154,3095,-1,-26,15,90,125,-3965
3125434154,3093,-3,-18,8,41,65,-4118
3125435154,3090,4,-16,10,78,32,-4157
3125436154,3088,-4,2,2,245,-79,-4131
3125437154,3085,7,6,1,102,-100,-4211
3125438154,3083,3,-1,-14,181,-190,-4183
3125439154,3080,3,-1,-16,204,-245,-3979
3125440154,3078,-2,-6,-31,12,-254,-4195
3125441154,3075,1,-7,-43,48,-161,-4168
3125442154,3072,3,-1,-54,32,7,-4161
3125443154,3069,-1,-2,-53,-44,65,-4176
3125444154,3067,-7,6,-65,11,184,-4174
3125445154,3064,7,2,-62,-52,375,-4040
3125446154,3061,-6,10,-62,-38,391,-4043
3125447154,3058,-6,16,-44,-83,503,-4121
3125448154,3055,12,5,-30,-29,391,-4106
3125449154,3053,2,8,-20,35,249,-3865
3125450154,3050,2,-1,-7,-29,158,-4016
3125451154,3048,-2,-6,19,10,106,-4022
3125452154,3045,-7,-3,29,143,83,-4025
3125453154,3043,-3,-11,21,105,6,-4079
3125454154,3040,-2,-17,24,73,-43,-4017
3125455154,3038,0,-14,13,167,-133,-4030
3125456154,3035,-6,-13,7,-87,-137,-4217
3125457154,3032,0,-9,-6,-56,-167,-4253
3125458154,3029,-5,5,-28,92,-194,-4012
3125459154,3026,-10,17,-38,-31,-66,-4154
3125460154,3023,-2,19,-50,185,-93,-4209
3125461154,3021,1,22,-52,259,-76,-4076
3125462154,3018,-5,18,-50,181,-2,-4096
3125463154,3015,-7,27,-50,354,14,-4130
3125464154,3012,-7,22,-46,424,56,-4051
3125465154,3009,-5,13,-41,457,88,-3959
3125466154,3006,-2,-4,-37,358,129,-3990
3125467154,3004,9,-27,-23,45,251,-3925
3125468154,3001,-7,-20,-11,-142,311,-3809
3125469154,2998,12,-28,0,-292,340,-4044
3125470154,2996,11,-17,14,-150,287,-4038
3125471154,2993,3,-15,19,-42,217,-4097
3125472154,2991,2,-27,18,-239,7,-4323
3125473154,2988,5,-27,18,-265,-102,-4191
3125474154,2985,3,-14,15,-196,-394,-4238
3125475154,2983,-2,-6,6,-326,-465,-4329
3125476154,2980,-1,4,-9,-137,-382,-4467
3125477154,2977,-10,5,-30,37,-205,-4155
3125478154,2974,-8,20,-42,-10,56,-4090
3125479154,2971,-2,30,-53,-8,152,-4077
3125480154,2968,2,24,-65,122,295,-3985
3125481154,2965,-1,35,-63,305,175,-3936
3125482154,2962,-9,41,-60,400,152,-4029
3125483154,2960,4,28,-54,474,214,-3950
3125484154,2957,-4,28,-55,564,183,-3824
3125485154,2954,-2,4,-45,473,148,-3806
3125486154,2951,3,-18,-29,125,243,-3978
3125487154,2949,3,-30,-6,-68,292,-3918
3125488154,2946,0,-27,1,-242,407,-3928
3125489154,2944,2,-23,16,-193,409,-3981
3125490154,2941,7,-25,15,-92,383,-4095
3125491154,2939,10,-30,21,2,162,-4222
3125492154,2936,-3,-21,19,-89,-32,-4260
3125493154,2934,7,-15,26,-237,-105,-4364
3125494154,2931,6,-13,10,-139,-190,-4257
3125495154,2929,6,0,-1,-43,-364,-4059
3125496154,2926,9,-6,-25,-148,-477,-4382
3125497154,2924,14,3,-44,-13,-457,-4319
3125498154,2921,5,6,-45,-52,-406,-4143
3125499154,2918,-1,18,-58,-96,-54,-3978
3125500154,2915,-4,39,-64,123,115,-4048
3125501154,2912,-9,38,-68,368,224,-4072
3125502154,2909,-5,40,-70,500,242,-4016
3125503154,2906,-9,22,-74,572,232,-3944
3125504154,2903,5,-1,-67,123,253,-4084
3125505154,2901,12,-7,-50,-49,160,-4031
3125506154,2898,6,0,-23,-146,160,-3950
3125507154,2895,6,-1,-15,-224,259,-3986
3125508154,2893,8,-5,1,-64,426,-4064
3125509154,2890,15,-24,5,41,371,-3971
3125510154,2888,8,-20,13,-44,128,-4162
3125511154,2885,5,-15,14,-77,70,-4269
3125512154,2883,4,-13,20,-31,-2,-4265
3125513154,2880,1,-10,6,-56,-134,-4047
3125514154,2877,5,-10,-3,-32,-120,-4102
3125515154,2874,15,-9,-22,82,-408,-4183
3125516154,2871,3,1,-32,-87,-413,-4245
3125517154,2868,15,-4,-43,-217,-244,-4287
3125518154,2866,1,14,-44,-66,-97,-3963
3125519154,2863,-4,27,-49,-32,9,-4155
3125520154,2860,-7,32,-49,263,85,-4238
3125521154,2857,-2,34,-49,265,159,-4209
3125522154,2854,-2,15,-51,212,332,-4061
3125523154,2851,9,1,-32,-50,293,-3988
3125524154,2848,-3,7,-21,-130,108,-4010
3125525154,2845,2,11,-12,-166,86,-4063
3125526154,2843,14,6,3,47,117,-4120
3125527154,2840,8,4,15,215,177,-3933
3125528154,2837,8,-9,18,148,186,-3990
3125529154,2835,12,-9,16,167,2,-4123
3125530154,2832,10,-4,12,228,-98,-4118
3125531154,2829,8,2,7,163,-100,-4159
3125532154,2826,3,-7,-5,156,-243,-4126
3125533154,2824,10,-20,-20,33,-204,-3890
3125534154,2821,0,-15,-28,-100,-348,-3963
3125535154,2818,-12,-14,-33,-194,-309,-4250
3125536154,2815,-4,-3,-40,-152,-110,-4338
3125537154,2812,-16,6,-36,-119,259,-4254
3125538154,2809,-4,7,-28,-142,413,-4199
3125539154,2806,2,8,-26,-178,442,-4156
3125540154,2803,-2,27,-13,-173,290,-4247
3125541154,2800,13,24,-4,-107,229,-4269
3125542154,2797,2,15,3,232,34,-3957
3125543154,2795,-5,18,12,133,-5,-3933
3125544154,2792,4,6,18,104,-3,-4017
3125545154,2789,-1,17,19,180,-124,-3881
3125546154,2786,-1,7,14,127,-136,-3920
3125547154,2783,2,-1,1,287,-198,-3877
3125548154,2780,-7,2,-4,277,-204,-3866
3125549154,2777,-5,-10,-26,57,-106,-4159
3125550154,2774,4,-10,-37,153,-95,-4040
3125551154,2771,-10,-3,-38,-32,37,-4044
3125552154,2768,-5,-5,-48,12,232,-4289
3125553154,2765,-6,8,-52,164,323,-4294
3125554154,2762,8,2,-49,177,233,-4414
3125555154,2759,17,-8,-42,-88,265,-4254
3125556154,2757,5,10,-25,-275,241,-3968
3125557154,2754,2,15,-16,-290,231,-3982
3125558154,2751,4,25,-3,-77,184,-4142
3125559154,2749,2,8,8,212,79,-4007
3125560154,2746,-4,-14,13,102,100,-4027
3125561154,2744,-4,-9,16,-49,145,-4107
3125562154,2741,-4,-2,17,30,112,-4070
3125563154,2738,-5,0,13,224,-24,-3950
3125564154,2736,-3,-9,-8,91,-202,-4045
3125565154,2733,10,-21,-22,74,-227,-3890
3125566154,2730,0,-18,-31,59,-373,-3844
3125567155,2727,-17,-8,-46,-263,-296,-4176
3125568154,2725,-3,-5,-50,-123,-106,-4171
3125569154,2722,-9,11,-61,-8,101,-4068
3125570154,2719,3,3,-76,8,101,-4257
3125571154,2716,-2,6,-71,-8,177,-4255
3125572154,2713,-5,16,-66,-28,228,-4231
3125573154,2710,-4,15,-58,-117,295,-4153
3125574154,2707,8,17,-41,-114,396,-3993
3125575154,2704,0,20,-30,-33,378,-3894
3125576154,2702,1,9,-9,-92,337,-3918
3125577154,2699,5,4,6,73,137,-3928
3125578154,2696,-7,-2,20,56,29,-3962
3125579154,2694,-5,3,32,93,11,-4082
3125580154,2691,-4,3,29,198,-18,-4030
3125581154,2689,-7,-2,27,269,-102,-4010
3125582154,2686,-10,8,20,229,-55,-4175
3125583154,2683,-1,5,3,247,-220,-4107
3125584154,2680,-1,2,-4,78,-160,-3977
3125585154,2677,5,-2,-28,24,-261,-3967
3125586154,2674,1,-9,-39,-103,-274,-4028
3125587154,2671,-2,1,-43,-167,-243,-4258
3125588154,2668,-5,8,-45,13,-147,-4271
3125589154,2665,-3,0,-52,24,-3,-4229
3125590154,2662,3,6,-58,131,152,-4227
3125591154,2659,3,11,-58,116,180,-4289
3125592154,2656,10,17,-51,242,214,-4190
3125593154,2653,-4,7,-42,32,344,-4041
3125594154,2650,1,-2,-30,-291,609,-3936
3125595154,2648,11,-12,-14,-168,430,-3621
3125596154,2645,4,0,6,-523,395,-3859
3125597154,2642,13,-6,25,-183,131,-4087
3125598154,2640,3,2,33,-14,134,-4016
3125599154,2637,-3,-4,38,15,-36,-4220
3125600154,2634,-2,-24,33,0,-97,-4257
3125601154,2632,-7,-16,13,-4,-389,-4177
3125602154,2629,-12,-11,4,-230,-317,-4310
3125603154,2626,-10,-6,-8,-220,-211,-4321
3125604154,2623,-9,15,-22,-85,-28,-4037
3125605154,2620,-2,20,-41,-37,91,-3978
3125606154,2616,-7,28,-48,139,107,-3974
3125607154,2613,0,37,-50,179,161,-4041
3125608154,2610,-3,38,-55,383,116,-4131
3125609154,2607,-4,38,-47,412,112,-4126
3125610154,2604,-3,6,-38,295,150,-3967
3125611154,2601,7,-17,-25,155,161,-3758
3125612154,2598,-3,-19,-8,24,150,-3826
3125613154,2596,4,-16,2,-208,201,-4122
3125614154,2593,5,-24,14,15,172,-3996
3125615154,2590,2,-24,19,68,107,-3955
3125616154,2587,-5,-27,16,-50,118,-4228
3125617154,2585,4,-9,20,-47,83,-4305
3125618154,2582,3,3,7,72,-120,-4316
3125619154,2579,-3,18,3,160,-122,-4200
3125620154,2576,-5,16,-11,61,-72,-4049
3125621154,2573,-6,10,-16,100,-5,-4005
3125622154,2571,6,2,-27,-152,-87,-3978
3125623154,2568,3,9,-42,-156,-333,-4167
3125624154,2565,7,10,-42,-166,-239,-4252
3125625154,2562,5,2,-40,-47,-32,-4024
3125626154,2559,4,2,-49,-64,69,-3919
3125627154,2556,0,-8,-48,-175,291,-3994
3125628154,2553,-2,7,-34,-186,429,-4059
3125629154,2551,-4,3,-18,-138,428,-4090
3125630154,2548,-8,4,-17,-115,432,-4089
3125631154,2545,1,0,-1,-108,335,-4158
3125632154,2543,5,-13,10,-30,97,-4148
3125633154,2540,1,3,18,80,-49,-4184
3125634154,2538,4,4,32,168,45,-4192
3125635154,2535,11,7,27,316,46,-4075
3125636154,2533,4,6,17,330,64,-3947
3125637154,2530,6,4,6,295,-46,-4073
3125638154,2527,5,5,-8,129,-203,-4052
3125639156,2524,8,7,-16,67,-154,-4102
3125640154,2522,10,-2,-30,104,-180,-3954
3125641154,2519,-4,4,-45,-38,-181,-4055
3125642154,2516,12,-2,-48,-35,-114,-4144
3125643154,2513,-7,0,-59,59,-139,-4116
3125644154,2510,-7,8,-64,89,-77,-4147
3125645154,2507,-7,-7,-58,-30,100,-4206
3125646154,2504,2,-7,-42,-326,317,-4121
3125647154,2501,-4,-2,-26,-402,396,-4068
3125648154,2498,-1,0,-20,-424,444,-4209
3125649154,2495,0,6,-11,-303,345,-4217
3125650154,2493,7,2,-2,-56,231,-4125
3125651154,2490,10,-7,10,-63,94,-4294
3125652154,2487,13,-4,12,-63,21,-4069
3125653154,2484,15,0,5,-30,-56,-3952
3125654154,2481,11,-3,2,-137,-145,-4035
3125655154,2479,14,0,-12,1,-303,-4144
3125656154,2476,8,-4,-23,-82,-200,-4131
3125657154,2473,3,1,-37,-80,-132,-4111
3125658154,2470,3,10,-41,-78,-30,-3954
3125659154,2467,-1,11,-47,-68,7,-4016
3125660154,2464,-13,20,-45,15,23,-4167
3125661154,2461,-2,16,-35,99,224,-4235
3125662154,2458,-4,19,-25,86,277,-4177
3125663154,2455,4,13,-13,-63,337,-4065
3125664154,2453,-2,14,-3,-43,200,-3954
3125665154,2450,-1,13,9,55,64,-3943
3125666154,2448,2,0,28,164,1,-4152
3125667154,2445,0,-1,29,125,-7,-4117
3125668154,2443,6,1,38,99,-2,-4047
3125669154,2440,6,-6,34,99,21,-4006
3125670154,2438,0,3,20,209,-94,-4026
3125671154,2435,1,4,20,194,-114,-4151
3125672154,2433,11,-7,8,88,-129,-4236
3125673154,2430,6,6,1,27,-112,-4113
3125674154,2427,-4,8,0,-203,-74,-4096
3125675154,2425,4,6,-9,107,-234,-4097
3125676154,2422,3,7,-11,92,-388,-4027
3125677154,2419,-3,-21,-22,-2,-351,-4182
3125678154,2417,-8,-35,-28,-451,-50,-4237
3125679154,2414,-8,-24,-18,-671,261,-4080
3125680154,2411,-10,-13,-15,-620,338,-4118
3125681154,2408,-11,5,-19,-479,372,-4200
3125682154,2405,2,7,-5,-350,484,-4295
3125683154,2402,4,16,7,-199,428,-4276
3125684154,2399,1,31,14,-251,271,-4215
3125685154,2396,5,37,24,-228,185,-4205
3125686154,2394,-1,43,20,161,-49,-3966
3125687154,2391,-11,36,27,351,-200,-3951
3125688154,2388,-9,37,26,435,-136,-4091
3125689154,2385,-14,29,13,374,-95,-3908
3125690154,2382,-7,20,12,311,18,-3805
3125691154,2379,0,8,-1,201,103,-3673
3125692154,2376,-8,1,-15,172,48,-3859
3125693154,2373,3,-6,-33,116,97,-4133
3125694154,2370,8,-11,-40,171,73,-4115
3125695154,2367,6,-17,-46,96,47,-4086
3125696154,2364,11,-11,-49,-113,93,-4268
3125697154,2361,11,-5,-47,-69,-66,-4313
3125698154,2358,-14,-1,-40,-118,-11,-4359
3125699154,2355,-8,-3,-33,-194,180,-4439
3125700154,2352,1,-6,-9,-344,499,-4244
3125701154,2350,-4,-6,16,-539,471,-3963
3125702154,2347,-2,1,27,-409,246,-4098
3125703154,2345,-3,14,39,-252,138,-4128
3125704154,2342,-2,8,43,34,-96,-4298
3125705154,2340,-4,-1,48,108,-110,-4196
3125706154,2338,-5,5,46,-86,-135,-3949
3125707154,2335,-5,9,34,-49,-153,-3916
3125708154,2333,-7,12,29,16,-353,-3876
3125709154,2330,-11,4,3,129,-400,-3926
3125710154,2328,-4,-9,-21,-48,-286,-4095
3125711154,2325,-5,-6,-34,-57,-167,-4004
3125712154,2322,-3,0,-34,-273,-41,-4108
3125713154,2320,1,12,-44,-150,5,-4148
3125714154,2317,0,19,-53,56,38,-4130
3125715154,2314,4,17,-58,115,65,-4268
3125716154,2312,5,13,-61,192,67,-4210
3125717154,2309,-5,23,-52,98,180,-4125
3125718154,2307,-3,15,-47,-21,356,-4131
3125719154,2304,4,6,-35,-30,425,-3873
3125720154,2302,-6,-13,-10,-194,454,-3767
3125721154,2300,-4,-14,10,-309,381,-3952
3125722154,2297,-4,-12,19,-236,356,-3980
3125723154,2295,8,-19,29,-233,236,-4149
3125724154,2293,2,-16,39,-202,234,-4102
3125725154,2291,4,-12,48,-107,39,-4125
3125726154,2288,3,-2,51,-37,-103,-4193
3125727154,2286,-6,6,38,27,-250,-4312
3125728154,2284,-5,13,22,208,-280,-4224
3125729154,2281,-12,25,20,196,-106,-4107
3125730154,2279,-2,14,-5,-17,-101,-4058
3125731154,2276,-4,15,-12,106,-138,-3937
3125732154,2274,2,13,-19,-40,-235,-3790
3125733154,2271,3,6,-42,-65,-428,-4119
3125734154,2268,3,2,-57,-82,-312,-4218
3125735154,2265,8,3,-58,-39,-237,-4187
3125736154,2262,9,-3,-69,-71,5,-3995
3125737154,2259,-5,8,-68,-57,198,-4064
3125738154,2256,-6,16,-75,122,243,-4160
3125739154,2254,-16,15,-64,-12,270,-4248
3125740154,2251,-2,8,-51,-84,569,-4175
3125741154,2248,5,-7,-32,-287,642,-3813
3125742154,2246,0,-3,-4,-533,536,-3770
3125743154,2243,-2,11,11,-280,266,-4081
3125744154,2241,0,14,24,-44,91,-4156
3125745154,2238,1,3,39,122,56,-4199
3125746154,2236,-2,-10,48,111,68,-4071
3125747154,2234,-13,2,54,-120,80,-4157
3125748154,2232,1,7,51,136,44,-4049
3125749154,2229,-10,17,52,266,9,-4002
3125750154,2227,-1,13,29,195,-87,-4167
3125751154,2225,10,10,14,131,-103,-4032
3125752154,2222,12,4,-4,-18,-280,-4024
3125753154,2220,8,11,-19,-145,-314,-4044
3125754154,2217,8,11,-24,-120,-317,-4101
3125755154,2215,5,16,-37,48,-312,-4159
3125756154,2212,6,5,-53,154,-218,-4203
3125757154,2210,7,-2,-61,111,-145,-4152
3125758154,2207,0,-2,-57,92,-45,-4065
3125759154,2205,-9,3,-66,28,97,-3980
3125760154,2202,-11,0,-51,-11,342,-4044
3125761154,2200,5,-5,-48,19,544,-3846
3125762154,2198,-13,-13,-25,-243,517,-3831
3125763154,2195,-8,-8,-16,-307,470,-4005
3125764154,2193,3,-3,-3,-142,231,-4146
3125765154,2191,6,-12,14,-78,112,-4070
3125766154,2189,0,-3,33,-63,97,-4090
3125767154,2187,1,4,33,-57,90,-4102
3125768154,2184,-3,9,30,40,77,-4167
3125769154,2182,1,13,27,216,14,-4122
3125770154,2180,1,13,20,288,9,-4113
3125771154,2178,4,9,-6,34,-129,-4183
3125772154,2175,2,14,0,93,-32,-4188
3125773154,2173,12,-2,-25,-61,-203,-3945
3125774154,2170,2,3,-42,-366,-319,-4211
3125775154,2168,15,-3,-48,-199,-305,-4355
3125776154,2165,9,3,-58,-65,-124,-4183
3125777154,2163,-1,20,-55,-67,-77,-4185
3125778154,2160,-3,5,-63,-50,178,-4156
3125779154,2157,10,2,-57,-67,438,-3997
3125780154,2155,-8,12,-42,-124,363,-3989
3125781154,2152,-7,10,-39,-193,368,-4137
3125782154,2150,2,12,-15,-45,285,-4158
3125783154,2147,3,7,-4,90,202,-3851
3125784154,2145,-1,0,12,28,152,-3873
3125785154,2143,4,4,19,12,103,-4126
3125786154,2141,10,6,25,23,72,-4096
3125787154,2138,10,4,23,224,65,-3925
3125788154,2136,-1,8,20,125,156,-4018
3125789154,2134,16,4,14,142,55,-4084
3125790154,2132,18,6,10,193,-74,-4028
3125791154,2129,5,8,1,191,-172,-4123
3125792154,2127,7,7,-9,-20,-214,-4320
3125793154,2125,16,6,-14,96,-207,-4082
3125794154,2122,16,-9,-24,-46,-340,-4135
3125795154,2120,7,-7,-22,-197,-426,-4228
3125796154,2117,5,-18,-33,-324,-268,-4218
3125797154,2115,7,-16,-45,-298,-167,-4139
3125798154,2112,-1,-6,-49,-362,56,-4212
3125799154,2110,-4,-6,-48,-385,172,-4290
3125800154,2107,11,-10,-49,-275,350,-4130
3125801154,2105,5,14,-35,-267,374,-4078
3125802154,2102,-6,33,-23,-270,488,-4275
3125803154,2100,5,40,-11,-21,446,-4099
3125804154,2098,18,31,-8,187,284,-3877
3125805154,2096,7,23,-2,281,-24,-3869
3125806154,2094,2,25,9,180,-40,-4125
3125807154,2091,12,23,11,297,-7,-3985
3125808154,2089,6,16,12,408,75,-3709
3125809154,2087,0,17,12,317,171,-3762
3125810154,2085,9,7,10,203,161,-3910
3125811154,2083,12,1,-1,243,5,-3987
3125812154,2081,2,2,-4,150,-24,-4139
3125813154,2079,5,-1,-7,99,20,-4186
3125814154,2077,20,-1,1,-22,64,-4141
3125815154,2075,13,-17,-8,-18,-203,-4198
3125816154,2072,6,-28,-21,-125,-319,-4142
3125817154,2070,7,-25,-25,-306,-329,-4371
3125818154,2068,10,-33,-37,-332,-275,-4299
3125819154,2066,4,-33,-38,-501,-118,-4230
3125820154,2063,-3,-9,-40,-579,112,-4260
3125821154,2061,-1,2,-42,-496,298,-4357
3125822154,2059,2,6,-37,-471,337,-4316
3125823154,2056,7,18,-39,-240,342,-4157
3125824154,2054,8,26,-30,-179,253,-4210
3125825154,2051,6,49,-20,-39,157,-4240
3125826154,2049,6,50,-11,138,40,-3963
3125827154,2047,3,48,-7,191,23,-3882
3125828154,2045,-1,45,3,235,56,-3900
3125829154,2042,0,31,6,454,29,-3842
3125830154,2040,-3,21,6,541,-22,-3829
3125831154,2038,-11,14,11,526,57,-3887
3125832154,2036,5,-2,-3,386,148,-3945
3125833154,2034,9,-3,-2,350,146,-3834
3125834154,2031,11,-10,-11,194,82,-4010
3125835154,2029,11,-10,-20,195,22,-4132
3125836154,2027,11,-5,-18,205,-23,-4176
3125837154,2025,12,-9,-13,262,-69,-4245
3125838154,2023,11,-17,-27,110,-173,-4314
3125839154,2020,12,-17,-22,-67,-268,-4084
3125840154,2018,8,-24,-30,-129,-363,-4194
3125841154,2016,-4,-22,-29,-298,-282,-4243
3125842154,2013,-6,-27,-34,-353,-1,-4271
3125843154,2011,-6,-15,-36,-517,352,-4208
3125844154,2009,-4,-7,-29,-518,442,-4215
3125845154,2006,2,-3,-24,-525,426,-4186
3125846154,2004,5,16,-16,-396,328,-4234
3125847154,2002,1,26,-3,-209,144,-4342
3125848154,1999,3,31,13,-57,78,-4304
3125849154,1997,-5,41,24,191,-40,-4054
3125850154,1995,-11,45,22,247,-90,-4013
3125851154,1993,0,35,22,336,-121,-4013
3125852154,1991,-6,29,23,447,-81,-3891
3125853154,1989,-14,25,22,374,-8,-3887
3125854154,1987,-6,25,16,338,45,-3947
3125855154,1984,4,3,8,377,100,-3865
3125856154,1982,2,9,-1,517,97,-3806
3125857154,1980,2,-5,-15,298,-40,-4064
3125858154,1978,9,-16,-19,196,-213,-4033
3125859154,1975,9,-25,-30,145,-263,-3943
3125860154,1973,1,-28,-39,-147,-311,-4162
3125861154,1971,-1,-26,-39,-188,-188,-4353
3125862154,1968,-1,-16,-43,-181,-13,-4266
3125863154,1966,-2,-10,-47,-208,82,-4206
3125864154,1963,-6,-13,-50,-308,367,-4223
3125865154,1961,4,3,-42,-366,426,-4247
3125866154,1959,10,-2,-36,-457,398,-4297
3125867154,1956,4,20,-18,-362,399,-4069
3125868154,1954,-3,30,-10,-296,379,-4006
3125869154,1952,-1,36,9,-213,264,-4147
3125870154,1950,1,34,21,31,119,-4096
3125871154,1948,-5,33,33,160,16,-3872
3125872154,1946,-5,29,39,173,-67,-3943
3125873154,1943,-12,24,45,166,-64,-3996
3125874154,1941,-6,10,44,261,-65,-3941
3125875154,1939,-3,15,38,275,-3,-3894
3125876154,1937,-5,10,29,259,-53,-4003
3125877154,1935,0,9,25,297,-63,-4034
3125878154,1933,3,4,18,262,-116,-4048
3125879154,1930,4,3,4,180,-163,-4106
3125880154,1928,5,3,-1,-54,-125,-4200
3125881154,1926,9,-3,-12,63,-254,-4197
3125882154,1923,14,-12,-19,-56,-315,-4012
3125883154,1921,1,-13,-26,-71,-359,-4138
3125884154,1918,-4,-16,-41,-237,-343,-4383
3125885154,1916,1,-21,-54,-300,-128,-4273
3125886154,1913,-6,-16,-59,-360,30,-4119
3125887154,1910,-1,-11,-66,-404,272,-3985
3125888154,1908,-3,9,-68,-491,449,-4179
3125889154,1905,-1,27,-66,-317,566,-4145
3125890154,1902,13,32,-49,-143,564,-3996
3125891154,1900,7,37,-43,-53,489,-4013
3125892154,1897,7,48,-29,-65,326,-4112
3125893154,1895,9,42,-5,72,228,-3972
3125894154,1893,-5,35,20,218,177,-3822
3125895154,1891,-6,27,17,254,196,-3868
3125896154,1889,-9,23,32,237,148,-4009
3125897154,1887,1,13,41,245,184,-3972
3125898154,1885,5,6,39,331,170,-3787
3125899154,1883,-2,2,29,189,167,-3982
3125900154,1882,3,6,25,179,97,-4069
3125901154,1880,16,-3,21,265,-63,-4122
3125902154,1878,7,3,7,251,-288,-4203
3125903154,1876,7,13,5,402,-241,-4331
3125904154,1874,4,10,-1,254,-361,-4255
3125905154,1872,4,2,-14,186,-257,-4157
3125906154,1870,6,-22,-36,9,-378,-4005
3125907154,1868,6,-10,-42,-224,-406,-4334
3125908154,1866,2,-4,-58,-52,-242,-4334
3125909154,1864,2,0,-63,-80,-135,-4182
3125910154,1861,3,1,-76,-2,148,-3935
3125911154,1859,-1,5,-84,-254,320,-4040
3125912154,1857,7,7,-86,-278,307,-4086
3125913154,1854,-6,18,-75,-266,309,-3977
3125914154,1852,-4,22,-61,-191,327,-4014
3125915154,1850,-3,31,-42,-106,381,-4074
3125916154,1848,-2,22,-23,87,357,-3958
3125917154,1846,-1,18,-8,277,254,-3853
3125918154,1844,-13,20,-4,220,202,-3950
3125919154,1842,-4,9,10,224,166,-4125
3125920154,1840,2,3,14,312,130,-3990
3125921154,1838,-3,11,20,273,125,-3921
3125922154,1836,-1,4,10,215,174,-3929
3125923154,1833,-5,12,6,269,201,-3921
3125924154,1831,-1,14,-2,307,43,-4003
3125925154,1829,0,14,-3,234,-103,-4221
3125926154,1827,6,14,-9,176,-78,-4248
3125927154,1824,3,8,-14,250,-178,-4215
3125928154,1822,11,0,-18,185,-244,-4050
3125929154,1820,4,-10,-31,69,-314,-4213
3125930154,1818,16,-34,-52,-206,-393,-4327
3125931154,1815,10,-23,-56,-356,-295,-4332
3125932154,1813,10,-19,-60,-401,-159,-4307
3125933154,1810,5,-15,-67,-409,115,-4171
3125934154,1807,0,-1,-68,-383,294,-4040
3125935154,1805,-6,16,-70,-177,279,-4066
3125936154,1802,-5,34,-62,-69,263,-4263
3125937154,1800,-10,43,-50,169,335,-4251
3125938154,1798,1,39,-33,302,312,-3917
3125939154,1795,-9,41,-20,333,220,-3884
3125940154,1793,-9,31,-5,376,122,-3996
3125941154,1791,-1,27,-1,471,122,-3972
3125942154,1789,2,18,9,587,90,-3889
3125943154,1787,10,5,12,458,188,-3832
3125944154,1785,14,-3,15,397,168,-3784
3125945154,1783,7,-4,5,409,72,-3791
3125946154,1781,5,2,4,396,30,-3932
3125947154,1779,9,-2,-3,329,-63,-4276
3125948154,1777,13,-11,-6,304,-100,-4247
3125949154,1775,5,-8,-10,245,-211,-4154
3125950154,1773,-5,-5,-6,120,-247,-4243
3125951154,1771,0,-6,2,44,-132,-4386
3125952154,1769,-2,-5,6,159,-96,-4255
3125953154,1767,-6,-6,-2,65,-33,-4233
3125954154,1764,-1,-15,-12,-11,50,-4207
3125955154,1762,11,-28,-9,-169,-17,-4135
3125956154,1760,15,-44,-23,-275,-228,-3987
3125957154,1757,4,-35,-33,-635,-272,-4266
3125958154,1755,6,-21,-47,-553,-30,-4344
3125959154,1752,9,-9,-42,-473,138,-4205
3125960154,1749,10,7,-56,-208,276,-4037
3125961154,1747,1,32,-53,2,313,-4155
3125962154,1744,3,44,-46,234,314,-4266
3125963154,1741,11,41,-37,449,210,-3958
3125964154,1739,2,47,-31,476,147,-3914
3125965154,1736,1,36,-20,394,93,-3971
3125966154,1734,2,33,-17,649,8,-3811
3125967154,1731,-5,22,-13,626,81,-3842
3125968154,1729,-7,12,-16,579,274,-3793
3125969154,1726,0,7,-19,563,319,-3723
3125970154,1724,5,-5,-17,401,267,-3772
3125971154,1721,4,-14,-24,369,148,-4028
3125972154,1719,6,-15,-22,353,113,-4137
3125973154,1716,6,-24,-26,262,57,-4204
3125974154,1714,15,-29,-16,83,73,-4259
3125975154,1711,6,-26,2,-17,98,-4304
3125976154,1709,6,-26,-1,-264,-139,-4415
3125977154,1707,7,-13,10,-344,-277,-4197
3125978154,1704,6,-19,9,-229,-258,-4201
3125979154,1702,-5,-22,10,-312,-308,-4329
3125980154,1699,5,-24,5,-295,-179,-4279
3125981154,1697,2,-6,0,-280,-34,-4113
3125982154,1694,1,8,-4,-296,-32,-4178
3125983154,1691,0,27,-16,-34,84,-4271
3125984154,1689,7,42,-24,217,53,-4185
3125985154,1686,7,60,-30,398,28,-4200
3125986154,1683,12,49,-32,402,5,-4077
3125987154,1681,17,49,-32,403,-72,-3921
3125988154,1678,8,49,-30,468,-176,-3770
3125989154,1676,2,33,-29,548,-157,-3901
3125990154,1673,-7,21,-21,603,54,-3975
3125991154,1670,-6,14,-18,602,185,-3953
3125992154,1668,3,-6,-19,479,274,-3837
3125993154,1665,6,-29,-17,162,284,-3854
3125994154,1663,6,-25,-14,-142,259,-3920
3125995154,1660,3,-33,-13,-102,275,-4122
3125996154,1658,9,-34,-7,-128,165,-4076
3125997154,1655,7,-49,-10,-156,143,-4067
3125998154,1653,4,-46,-4,-545,50,-4330
3125999154,1650,8,-35,1,-585,135,-4356
3126000154,1647,2,-17,-2,-477,167,-4374
3126001154,1645,-1,12,4,-319,196,-4388
3126002154,1642,2,29,4,-186,136,-4560
3126003154,1640,10,40,0,22,110,-4462
3126004155,1637,3,59,-3,202,68,-4180
3126005154,1634,5,65,-7,160,17,-4189
3126006155,1632,7,58,-9,326,-76,-4020
3126007156,1629,5,55,-14,453,-183,-3805
3126008154,1626,-3,46,-16,450,-158,-3771
3126009154,1623,-9,32,-14,530,-50,-3775
3126010154,1621,-2,27,-14,392,-30,-3757
3126011154,1618,1,5,-21,371,-86,-3802
3126012154,1615,7,-23,-28,394,-126,-3717
3126013154,1613,-5,-39,-41,159,-152,-3954
3126014154,1610,-4,-36,-40,-43,-63,-4062
3126015154,1607,-1,-43,-47,-92,16,-4186
3126016154,1604,-8,-35,-50,-441,218,-4304
3126017154,1601,6,-26,-50,-510,480,-4241
3126018154,1598,3,-6,-33,-658,416,-4255
3126019154,1596,0,6,-29,-672,426,-4413
3126020154,1593,8,26,-10,-404,342,-4379
3126021154,1590,11,31,10,-288,225,-4387
3126022154,1588,4,46,25,-59,70,-4292
3126023154,1585,-2,56,36,29,28,-4185
3126024154,1583,-3,53,43,245,-144,-4038
3126025154,1580,-11,52,47,432,-182,-3954
3126026154,1578,-7,39,43,508,-175,-3970
3126027154,1575,-6,31,30,577,-113,-3807
3126028154,1573,-5,34,30,442,-4,-3801
3126029154,1571,11,13,20,436,70,-3741
3126030154,1568,8,2,7,364,-59,-3770
3126031154,1565,20,-20,-7,286,-262,-3937
3126032154,1563,12,-23,-13,213,-482,-4021
3126033154,1560,0,-34,-26,-20,-448,-4109
3126034154,1558,5,-43,-36,-159,-263,-4217
3126035154,1555,-2,-29,-46,-215,-153,-4305
3126036154,1552,-7,-16,-52,-251,93,-4381
3126037156,1549,-7,-11,-57,-240,264,-4382
3126038154,1547,-2,7,-65,-143,405,-4372
3126039154,1544,4,7,-60,-446,696,-4333
3126040154,1541,23,19,-39,-415,676,-3937
3126041154,1539,3,40,-11,-533,534,-3910
3126042154,1536,19,37,-9,-476,413,-4130
3126043154,1534,12,41,8,16,97,-3995
3126044154,1531,4,25,29,143,-67,-3942
3126045154,1529,-6,19,43,177,-116,-3982
3126046154,1527,-11,19,43,141,-88,-4041
3126047154,1525,-13,21,44,278,-28,-3990
3126048154,1522,-11,21,31,464,4,-3900
3126049154,1520,-12,19,18,317,104,-4050
3126050154,1517,6,0,2,245,92,-3949
3126051154,1515,5,1,-4,207,11,-3909
3126052154,1512,3,9,-15,68,-131,-3963
3126053154,1509,-2,0,-28,86,-295,-4127
3126054154,1506,11,-4,-40,160,-446,-4136
3126055154,1504,1,-15,-45,187,-419,-4135
3126056154,1501,-6,-26,-54,-155,-296,-4203
3126057154,1498,-16,-9,-56,-334,2,-4248
3126058154,1495,1,-12,-57,-359,265,-4258
3126059154,1492,-6,-5,-49,-354,433,-4093
3126060154,1489,-4,-3,-40,-422,532,-4101
3126061154,1486,0,11,-29,-359,522,-4199
3126062156,1483,-5,27,-13,-224,423,-4099
3126063154,1481,7,21,-6,-40,206,-4027
3126064154,1478,2,20,5,121,-72,-3966
3126065154,1476,-9,24,20,67,-139,-4058
3126066154,1473,-6,23,26,167,-112,-4082
3126067154,1471,-12,22,24,427,-40,-3834
3126068154,1468,-3,18,17,394,84,-3888
3126069156,1465,0,13,12,409,59,-3927
3126070154,1463,4,2,-2,358,98,-3893
3126071154,1460,11,-4,1,127,59,-3973
3126072154,1458,4,-9,-20,157,-177,-4020
3126073154,1455,13,-13,-29,1,-241,-4044
3126074154,1453,16,-20,-36,-11,-326,-4137
3126075154,1450,3,-19,-47,-201,-327,-4270
3126076154,1447,7,-20,-54,-188,-235,-4278
3126077154,1445,-8,-8,-52,-287,50,-4218
3126078154,1442,-4,1,-47,-295,229,-4235
3126079154,1440,-8,-3,-44,-186,417,-4108
3126080154,1437,-6,4,-24,-284,533,-4079
3126081154,1435,-8,13,-9,-175,398,-4145
3126082154,1432,1,13,1,-132,281,-4185
3126083154,1430,-7,7,9,-21,197,-4130
3126084154,1428,1,9,19,120,20,-3917
3126085154,1426,-4,5,29,40,-10,-4067
3126086156,1423,0,10,34,213,25,-3925
3126087154,1421,0,6,22,322,21,-3805
3126088154,1419,-5,8,17,308,24,-3947
3126089154,1417,0,-3,8,289,-8,-4104
3126090154,1414,5,-12,-2,178,-124,-4010
3126091154,1412,5,-7,-11,-24,-111,-4080
3126092154,1410,-5,3,-7,38,-66,-4174
3126093154,1407,1,2,-13,118,-66,-4205
3126094154,1405,4,-10,-33,219,-118,-4132
3126095154,1402,4,-37,-45,-128,-139,-4103
3126096154,1400,9,-40,-49,-643,-215,-4375
3126097154,1397,13,-33,-48,-733,-204,-4345
3126098154,1394,1,-18,-48,-739,30,-4276
3126099154,1392,5,-6,-35,-575,383,-4216
3126100154,1389,0,6,-33,-237,501,-4040
3126101154,1386,-1,17,-32,-166,433,-4125
3126102154,1384,-3,32,-29,-2,417,-4223
3126103154,1381,6,21,-20,158,289,-3995
3126104154,1379,-2,25,-12,206,74,-3902
3126105154,1376,8,24,-6,246,-74,-4040
3126106154,1374,8,31,1,352,-91,-4040
3126107154,1372,5,14,-1,452,-13,-3887
3126108154,1369,11,5,4,270,174,-3783
3126109154,1367,8,-3,2,145,185,-3822
3126110154,1365,4,6,-1,129,121,-3892
3126111154,1363,5,3,-4,200,-5,-4106
3126112154,1360,14,-7,-6,257,-45,-4133
3126113154,1358,6,-15,-14,137,-18,-4151
3126114154,1356,5,-14,-9,-21,-75,-4234
3126115154,1353,11,-17,-14,-140,-229,-4260
3126116154,1351,13,-37,-18,-473,-197,-4256
3126117154,1349,9,-43,-13,-637,-332,-4167
3126118154,1347,0,-19,-11,-930,-153,-4441
3126119154,1344,-5,-8,-8,-849,-46,-4609
3126120154,1342,-1,3,-6,-372,235,-4224
3126121154,1339,4,4,-3,-216,319,-4047
3126122154,1337,-2,16,-2,-226,310,-4261
3126123154,1335,11,33,4,-155,202,-4391
3126124154,1332,19,43,-1,7,111,-4255
3126125154,1330,13,43,0,319,-45,-3894
3126126154,1327,8,39,5,363,-149,-3816
3126127154,1325,7,31,7,353,-209,-3913
3126128154,1323,7,31,8,382,-126,-3810
3126129154,1320,-5,27,16,325,-13,-3821
3126130154,1318,1,13,11,288,203,-3914
3126131154,1316,4,4,1,361,221,-3919
3126132154,1313,5,-18,-4,380,175,-3946
3126133154,1311,7,-19,-4,152,224,-3971
3126134154,1308,16,-32,-20,-88,12,-4115
3126135154,1306,17,-31,-34,-233,-69,-4013
3126136154,1303,7,-26,-35,-209,-216,-4247
3126137154,1301,7,-27,-48,-291,-50,-4376
3126138154,1298,4,-24,-50,-326,78,-4369
3126139154,1296,8,-20,-44,-567,391,-4349
3126140154,1293,7,-5,-27,-617,489,-4286
3126141154,1291,5,12,-13,-743,566,-4360
3126142154,1288,7,24,-4,-573,535,-4387
3126143154,1286,4,27,15,-161,391,-4052
3126144154,1284,4,33,30,-151,229,-4204
3126145154,1281,4,33,45,159,-36,-4019
3126146154,1279,3,30,44,260,-214,-3877
3126147154,1277,2,33,42,316,-209,-3863
3126148154,1275,-4,26,41,417,-204,-3840
3126149154,1273,-10,19,32,315,-127,-3963
3126150154,1270,8,8,16,380,16,-3807
3126151154,1268,6,3,14,347,24,-3774
3126152154,1266,13,-2,0,268,-16,-3960
3126153154,1264,16,-6,-10,314,-110,-4118
3126154154,1261,15,-15,-18,170,-308,-4238
3126155154,1259,21,-31,-28,62,-369,-4126
3126156154,1257,21,-37,-30,-106,-315,-4010
3126157154,1254,5,-39,-45,-255,-440,-4177
3126158154,1252,-2,-22,-54,-347,-194,-4351
3126159154,1250,4,-18,-66,-334,147,-4454
3126160154,1247,2,-12,-67,-186,341,-4228
3126161154,1245,3,4,-72,-402,384,-4260
3126162154,1243,20,4,-67,-552,568,-4250
3126163154,1240,9,25,-54,-453,533,-4122
3126164154,1238,14,39,-26,-412,547,-4132
3126165154,1236,9,37,-21,-307,429,-4129
3126166154,1234,10,32,8,-86,295,-3887
3126167154,1232,4,20,32,-19,97,-3898
3126168154,1230,-4,20,45,85,-28,-3902
3126169154,1229,-8,15,51,67,42,-4070
3126170154,1227,-8,7,59,182,86,-4005
3126171154,1225,1,4,53,315,47,-3821
3126172154,1223,-3,1,35,296,-10,-3966
3126173154,1222,8,1,28,230,-77,-4103
3126174154,1220,11,4,22,228,-103,-4070
3126175154,1218,8,6,13,111,-139,-4006
3126176154,1216,11,11,1,89,-172,-4130
3126177154,1213,9,15,-8,231,-305,-4200
3126178154,1211,12,3,-15,119,-376,-4167
3126179154,1209,6,-6,-19,121,-375,-4192
3126180154,1207,15,-21,-35,-175,-322,-4088
3126181154,1205,11,-33,-50,-168,-418,-4049
3126182154,1202,-8,-22,-58,-378,-165,-4210
3126183154,1200,-1,-18,-65,-408,-46,-4293
3126184154,1197,-2,-14,-86,-365,264,-4143
3126185154,1195,4,9,-87,-296,468,-4071
3126186154,1192,9,22,-85,-476,645,-4300
3126187154,1190,15,35,-63,-242,681,-4038
3126188154,1187,12,41,-54,-225,646,-3918
3126189154,1185,18,34,-30,-341,526,-3958
3126190154,1183,13,28,0,-129,218,-3991
3126191154,1181,4,18,37,-19,81,-3957
3126192154,1179,1,13,43,26,107,-3945
3126193154,1177,-9,18,70,30,194,-4002
3126194154,1176,-1,4,69,91,235,-4062
3126195154,1174,1,2,69,279,107,-3922
3126196154,1172,1,0,56,191,-9,-4097
3126197154,1170,6,-3,45,134,-26,-4195
3126198154,1168,8,3,37,165,-75,-4131
3126199154,1166,10,8,25,197,-158,-4042
3126200154,1164,9,18,13,169,-262,-4212
3126201154,1162,18,14,13,341,-250,-4149
3126202154,1160,15,3,3,76,-326,-4170
3126203154,1158,14,-13,-12,120,-513,-4160
3126204154,1156,15,-24,-22,-90,-568,-4027
3126205154,1154,13,-28,-41,-245,-554,-4238
3126206154,1152,6,-29,-47,-288,-373,-4252
3126207154,1150,9,-27,-59,-296,-69,-4209
3126208154,1148,7,-8,-74,-301,298,-4085
3126209154,1146,6,10,-87,-314,467,-4107
3126210154,1143,7,22,-74,-201,603,-4095
3126211154,1141,13,26,-74,-163,574,-4009
3126212154,1139,6,28,-54,-226,457,-3998
3126213154,1137,11,31,-33,-234,352,-4016
3126214154,1136,4,24,-4,23,232,-3852
3126215154,1134,1,16,6,64,200,-3877
3126216154,1132,5,2,29,49,279,-4001
3126217154,1131,3,-3,41,35,302,-3906
3126218154,1130,6,-12,43,1,287,-3983
3126219154,1128,6,-2,42,111,267,-4020
3126220154,1127,12,-4,42,121,196,-4008
3126221154,1125,14,-10,36,106,65,-4016
3126222154,1123,6,0,26,40,-110,-4201
3126223154,1122,7,1,18,72,-182,-4256
3126224154,1120,7,11,14,132,-193,-4191
3126225154,1118,9,5,14,105,-250,-4182
3126226154,1117,14,-4,10,97,-324,-4245
3126227154,1115,5,1,4,116,-296,-4251
3126228154,1113,6,-8,6,207,-162,-4111
3126229154,1111,10,-6,10,-8,14,-4047
3126230154,1109,15,-30,-18,-99,-104,-4093
3126231154,1107,21,-42,-39,-317,-240,-3934
3126232154,1105,13,-48,-65,-488,-453,-4228
3126233154,1103,13,-42,-84,-671,-250,-4222
3126234154,1101,24,-38,-91,-728,-199,-4186
3126235154,1098,4,-2,-103,-701,116,-4032
3126236154,1096,6,20,-108,-494,407,-4098
3126237154,1094,-1,30,-104,-242,535,-4162
3126238154,1091,-8,35,-95,-136,563,-4080
3126239154,1089,-3,36,-72,17,599,-3898
3126240154,1087,-11,55,-46,0,551,-4040
3126241154,1085,-1,44,-20,298,505,-3849
3126242154,1084,-2,17,2,501,391,-3638
3126243154,1082,-2,3,10,379,350,-3663
3126244154,1081,15,-19,24,129,283,-3975
3126245154,1079,14,-11,41,104,226,-3967
3126246154,1078,10,-14,49,222,223,-3818
3126247154,1077,12,-12,46,253,203,-3813
3126248154,1076,10,-25,37,198,37,-4049
3126249154,1074,13,-23,35,122,-243,-4316
3126250154,1073,7,-24,36,98,-385,-4443
3126251154,1072,9,-14,32,22,-393,-4390
3126252154,1071,10,-16,28,30,-374,-4326
3126253154,1069,8,-7,28,-50,-362,-4268
3126254154,1068,8,4,23,-13,-359,-4356
3126255154,1067,9,-3,18,118,-317,-4268
3126256154,1065,9,-4,7,154,-262,-4158
3126257154,1063,12,-8,1,96,-220,-4086
3126258154,1062,10,-21,-10,-284,-169,-4053
3126259154,1060,22,-26,-33,-143,-233,-4043
3126260154,1058,17,-43,-57,-416,-249,-3999
3126261154,1056,23,-39,-59,-565,-318,-4190
3126262154,1054,22,-43,-83,-792,-251,-4277
3126263154,1052,20,-34,-88,-895,-145,-4180
3126264154,1050,8,-4,-98,-768,245,-4000
3126265154,1048,4,15,-100,-380,472,-4089
3126266154,1046,-3,20,-95,-222,495,-4159
3126267154,1044,-6,19,-91,-39,565,-4093
3126268154,1042,-14,33,-65,24,792,-3878
3126269154,1040,-15,46,-46,-5,888,-3843
3126270154,1038,-19,55,-31,112,842,-3841
3126271154,1037,0,34,-9,419,611,-3753
3126272154,1035,3,5,10,479,380,-3736
3126273154,1034,13,-7,30,252,291,-3875
3126274154,1033,11,-13,48,208,220,-3939
3126275154,1032,13,-10,47,278,166,-3914
3126276154,1031,19,-18,47,440,109,-3861
3126277154,1030,16,-35,45,348,-50,-4093
3126278154,1028,18,-39,37,84,-218,-4328
3126279154,1027,13,-37,32,-41,-313,-4386
3126280154,1026,17,-21,27,-107,-456,-4439
3126281154,1025,4,-10,27,-41,-462,-4404
3126282154,1024,8,-15,25,59,-455,-4346
3126283154,1023,8,-18,18,-47,-433,-4361
3126284154,1021,7,-17,11,-105,-415,-4327
3126285154,1020,8,-12,11,-151,-366,-4328
3126286154,1019,6,1,4,-13,-315,-4198
3126287154,1017,13,-5,-7,141,-263,-4031
3126288154,1016,12,-15,-18,29,-182,-3988
3126289154,1014,15,-15,-16,-24,-183,-3965
3126290154,1013,16,-17,-33,-111,-151,-3982
3126291154,1011,12,-10,-43,-255,-124,-3990
3126292154,1009,11,-18,-58,-163,-148,-4065
3126293154,1007,11,-23,-61,-157,-49,-4029
3126294154,1005,9,-24,-66,-317,101,-4069
3126295154,1004,11,-19,-66,-502,352,-4063
3126296154,1002,-2,0,-63,-388,486,-4079
3126297154,1000,-2,0,-59,-216,595,-4141
3126298154,998,-4,-1,-50,-167,645,-4196
3126299154,996,0,-3,-38,-203,684,-4122
3126300154,994,8,7,-17,-331,677,-4046
3126301154,993,4,15,-2,-281,599,-3989
3126302154,991,-3,24,9,-139,541,-3961
3126303154,990,-2,18,27,226,366,-4002
3126304154,989,3,6,33,369,260,-4024
3126305154,987,8,-9,35,283,155,-3932
3126306154,986,15,-16,39,72,29,-3856
3126307154,985,12,-10,43,-4,-53,-3890
3126308154,984,6,-11,34,0,-167,-4088
3126309154,983,4,-13,36,131,-241,-4224
3126310154,981,12,-18,17,162,-233,-4213
3126311154,980,16,-17,21,111,-274,-4182
3126312154,979,4,-20,12,-66,-339,-4167
3126313154,978,5,-9,15,-156,-377,-4258
3126314154,976,3,-1,8,-3,-356,-4374
3126315154,975,4,-1,1,211,-279,-4285
3126316154,974,8,3,-4,260,-257,-4208
3126317154,973,14,-16,-12,192,-269,-4124
3126318154,971,14,-6,-22,-1,-301,-4098
3126319154,970,13,-3,-25,-60,-232,-4086
3126320154,969,8,3,-34,-31,-62,-4088
3126321154,967,1,9,-29,35,32,-4088
3126322154,966,6,-6,-35,113,109,-4066
3126323154,965,8,-10,-40,32,117,-4027
3126324154,963,7,-10,-36,-115,142,-3983
3126325154,962,8,-13,-45,-237,124,-4030
3126326154,960,8,-11,-47,-219,88,-4024
3126327154,959,3,-20,-54,-133,89,-3991
3126328154,958,7,-22,-57,-126,214,-4131
3126329154,956,0,-19,-54,-309,462,-4217
3126330154,955,5,-17,-54,-384,573,-4211
3126331154,953,13,-2,-44,-389,669,-4005
3126332154,952,10,7,-40,-344,535,-4180
3126333154,951,16,8,-30,-96,306,-4181
3126334154,950,3,12,-31,22,201,-4131
3126335154,948,1,-9,-28,-100,114,-4117
3126336154,947,7,-11,-21,-180,92,-4016
3126337154,946,1,1,-3,-325,163,-4032
3126338154,945,-1,11,6,-232,307,-4084
3126339154,944,-1,14,6,-99,351,-4044
3126340154,943,1,12,19,15,303,-4090
3126341154,942,8,7,30,131,95,-4080
3126342154,941,8,0,28,121,-142,-4038
3126343154,940,15,4,29,60,-225,-4065
3126344154,939,17,-1,40,36,-292,-4004
3126345154,938,8,-10,46,-30,-326,-3950
3126346154,937,11,-16,41,-128,-281,-4109
3126347154,936,5,-11,44,-53,-291,-4102
3126348154,935,6,-7,45,16,-313,-4073
3126349154,934,0,-11,34,85,-397,-4115
3126350154,933,4,-7,20,143,-350,-4243
3126351154,931,13,-4,14,161,-247,-4164
3126352154,930,16,-4,4,47,-168,-4142
3126353154,928,13,3,-3,4,-152,-4095
3126354154,927,12,0,-9,-16,-152,-4127
3126355154,925,1,13,-12,39,-87,-4212
3126356154,924,0,7,-16,88,-9,-4127
3126357154,922,7,11,-18,103,36,-4092
3126358154,921,0,7,-20,54,151,-4020
3126359154,919,3,0,-18,16,213,-4045
3126360154,917,2,5,-20,28,314,-4094
3126361154,916,5,0,-22,123,374,-4092
3126362154,914,12,3,-26,134,367,-4098
3126363154,913,13,-10,-28,84,416,-4022
3126364154,911,13,-6,-23,-28,383,-3897
3126365154,910,5,-1,-21,-105,323,-4012
3126366154,908,4,8,-16,-29,345,-4094
3126367154,907,4,3,-18,-40,300,-4170
3126368154,905,14,-18,-20,121,128,-4042
3126369154,904,9,-44,-32,-86,-153,-3783
3126370154,903,-3,-49,-44,-550,-235,-3980
3126371154,902,-7,-44,-49,-598,-176,-4082
3126372154,900,-12,-33,-58,-580,13,-4242
3126373154,899,-6,-25,-73,-506,352,-4283
3126374154,898,2,-5,-78,-477,525,-4408
3126375154,897,11,2,-81,-456,518,-4461
3126376154,896,18,31,-82,-284,321,-4454
3126377154,895,14,60,-68,27,136,-4335
3126378154,894,0,50,-60,-134,-7,-4274
3126379154,893,13,47,-29,5,79,-3834
3126380154,893,1,44,-18,82,31,-3658
3126381154,893,-7,26,18,-155,95,-3759
3126382154,893,-10,20,45,118,29,-3781
3126383154,893,-2,-11,66,171,-31,-3700
3126384154,893,0,-26,75,153,-129,-3788
3126385154,893,4,-36,80,102,-262,-3875
3126386154,893,12,-46,76,-11,-463,-4021
3126387154,893,16,-48,56,62,-651,-3990
3126388154,893,8,-47,32,-38,-698,-4185
3126389154,892,6,-42,16,-60,-657,-4306
3126390154,892,3,-24,-2,-152,-462,-4376
3126391154,891,6,2,-16,-176,-177,-4391
3126392154,890,13,31,-27,-211,33,-4432
3126393154,889,18,34,-29,-58,69,-4324
3126394154,889,19,35,-31,31,13,-4205
3126395154,888,15,23,-26,38,-55,-4109
3126396154,887,9,17,-15,79,-55,-4044
3126397154,886,3,7,-7,35,82,-3944
3126398154,885,1,4,-8,99,145,-3933
3126399154,884,2,-6,1,74,299,-3885
3126400154,882,3,-10,1,52,400,-3915
3126401154,881,5,-13,-1,10,445,-3956
3126402154,880,14,-17,-3,-49,473,-3995
3126403154,878,9,-7,-10,-97,454,-4055
3126404154,877,13,-4,-10,-20,386,-4079
3126405154,875,16,3,-15,131,231,-4160
3126406154,873,7,5,-21,148,151,-4218
3126407154,872,9,4,-17,100,170,-4191
3126408154,870,7,5,-15,-28,211,-4050
3126409154,869,1,5,-9,-63,199,-4058
3126410154,867,3,18,-11,72,172,-4129
3126411154,866,1,11,-10,206,185,-4111
3126412154,864,-1,6,-13,221,195,-4120
3126413154,863,8,-2,-14,125,153,-4125
3126414154,861,10,-2,-8,-2,89,-4078
3126415154,860,10,-4,-9,-33,-56,-4055
3126416154,858,13,-3,-17,-148,-178,-3997
3126417154,857,-7,-15,-28,111,-399,-3988
3126418154,856,13,-37,-38,-160,-436,-3858
3126419154,855,-4,-25,-43,-198,-358,-4128
3126420154,854,-1,-23,-41,-299,-101,-4411
3126421154,853,-1,-7,-40,-230,65,-4361
3126422154,852,1,6,-50,-119,252,-4201
3126423154,851,11,2,-55,-134,133,-4232
3126424154,850,9,11,-51,-144,-29,-4243
3126425154,850,9,21,-52,-64,-111,-4191
3126426154,849,7,26,-46,0,-80,-4155
3126427154,849,1,31,-34,86,12,-4093
3126428154,849,-2,27,-24,214,73,-3968
3126429154,849,-1,18,-13,280,76,-3866
3126430154,848,2,13,-9,288,99,-3870
3126431154,848,2,-1,-10,261,51,-3851
3126432154,849,1,-11,-16,181,-19,-3763
3126433154,849,5,-49,-10,-53,38,-3827
3126434154,849,7,-67,-8,-359,26,-3679
3126435154,849,-1,-71,1,-592,57,-3809
3126436154,849,12,-68,-2,-830,63,-4112
3126437154,849,8,-61,-3,-798,31,-4236
3126438154,849,9,-45,-8,-842,36,-4482
3126439154,849,8,-40,-6,-821,78,-4582
3126440154,848,5,-13,-5,-795,126,-4630
3126441154,848,3,19,-10,-634,183,-4570
3126442154,848,5,45,-2,-364,161,-4422
3126443154,847,3,67,-3,-15,110,-4296
3126444154,847,2,76,-3,158,68,-4207
3126445154,846,2,79,-1,433,-33,-3963
3126446154,846,-6,66,-5,574,-95,-3723
3126447154,845,0,46,-6,603,-85,-3552
3126448154,844,3,19,-7,550,23,-3510
3126449154,843,-2,9,1,448,88,-3520
3126450154,843,11,-27,0,258,264,-3624
3126451154,842,14,-43,5,65,290,-3768
3126452154,841,16,-56,11,-118,217,-4011
3126453154,840,20,-61,16,-185,148,-4123
3126454154,839,17,-54,32,-305,29,-4345
3126455154,838,15,-47,35,-421,-14,-4466
3126456154,837,14,-35,38,-466,-40,-4512
3126457154,836,5,-13,43,-441,-45,-4489
3126458154,834,2,-4,38,-406,-52,-4463
3126459154,833,-4,24,37,-265,-66,-4392
3126460154,832,-2,39,29,-46,-83,-4298
3126461154,831,6,52,14,201,-129,-4150
3126462154,829,-3,58,11,329,-150,-4075
3126463154,828,5,49,-3,431,-140,-3950
3126464154,826,6,32,-17,473,-44,-3812
3126465154,825,8,21,-17,402,5,-3747
3126466154,824,8,10,-21,279,48,-3816
3126467154,822,10,3,-21,296,88,-3840
3126468154,821,8,-13,-15,225,134,-3862
3126469154,820,8,-28,-9,89,206,-4006
3126470154,819,6,-37,1,-14,189,-4094
3126471154,819,0,-35,4,-96,202,-4234
3126472154,818,3,-34,6,-120,195,-4270
3126473154,817,2,-24,8,-113,202,-4339
3126474154,816,10,-22,3,-88,178,-4365
3126475154,816,3,-4,1,-26,124,-4269
3126476154,816,2,11,-2,-13,100,-4235
3126477154,815,1,23,-10,69,53,-4174
3126478154,815,0,30,-14,196,48,-4067
3126479154,815,4,21,-15,212,62,-3989
3126480154,814,2,12,-14,194,38,-3896
3126481154,814,1,9,-15,121,38,-3896
3126482154,814,8,-1,-14,115,-37,-3896
3126483154,814,4,-1,-15,127,-109,-3937
3126484154,814,3,-22,-29,150,-192,-3990
3126485154,814,5,-27,-30,124,-166,-3962
3126486154,814,-8,-30,-47,107,-264,-4083
3126487154,814,-5,-37,-59,-158,-87,-4282
3126488154,814,-4,-25,-65,-207,182,-4167
3126489154,814,1,-13,-82,-294,332,-4177
3126490154,813,8,-2,-77,-276,318,-4257
3126491154,813,10,24,-74,-119,263,-4357
3126492154,813,17,25,-75,100,169,-4264
3126493154,813,7,23,-68,186,100,-4084
3126494154,813,4,27,-69,177,40,-4021
3126495154,813,-1,8,-57,154,-74,-3909
3126496154,813,-7,0,-55,84,-116,-3841
3126497154,813,-6,-17,-47,28,30,-3824
3126498154,812,-2,-26,-56,10,65,-3800
3126499154,812,-7,-25,-68,-145,83,-3892
3126500154,812,4,-34,-70,-276,149,-4055
3126501154,812,3,-32,-75,-282,199,-4076
3126502154,811,6,-20,-80,-320,215,-4198
3126503154,811,6,-18,-82,-332,224,-4287
3126504154,810,12,-7,-88,-305,98,-4304
3126505154,810,11,6,-80,-256,-24,-4270
3126506154,809,11,11,-77,-247,-60,-4255
3126507154,809,-6,16,-67,-198,-51,-4180
3126508154,808,-8,19,-64,-164,-59,-4106
3126509154,808,-3,18,-55,-97,-7,-4039
3126510154,807,-5,19,-57,107,50,-3980
3126511154,807,3,-6,-51,-154,227,-4090
3126512154,806,10,-9,-43,-231,329,-3783
3126513154,806,1,-4,-33,-331,313,-3820
3126514154,806,18,2,-26,-319,170,-4065
3126515154,805,4,12,-21,8,-81,-4100
3126516154,805,5,6,-6,125,-141,-4238
3126517154,805,6,2,-7,168,-127,-4256
3126518154,804,-1,9,3,169,-134,-4203
3126519154,804,4,9,11,106,-26,-4130
3126520154,804,4,5,27,133,41,-3950
3126521154,804,3,2,29,106,16,-3954
3126522154,804,5,-3,31,80,-4,-3937
3126523154,803,7,-15,37,21,-91,-3953
3126524154,803,4,-24,38,-73,-160,-3976
3126525154,803,12,-26,32,-156,-201,-4078
3126526154,803,5,-23,40,-179,-203,-4139
3126527154,802,9,-34,32,-237,-184,-4212
3126528154,802,14,-21,29,-268,-146,-4277
3126529154,801,5,-13,25,-296,-62,-4326
3126530154,801,2,4,22,-238,27,-4309
3126531154,800,0,10,19,-185,64,-4298
3126532154,800,11,24,23,-40,144,-4260
3126533154,799,-1,35,21,124,201,-4178
3126534154,799,6,39,23,290,247,-4056
3126535154,798,4,34,29,377,214,-3910
3126536154,797,2,24,27,448,138,-3845
3126537154,797,2,18,26,488,13,-3823
3126538154,796,1,12,26,477,3,-3922
3126539154,795,0,2,15,548,74,-3938
3126540154,795,5,-2,21,498,137,-3906
3126541154,794,6,-14,4,384,189,-3927
3126542154,793,14,-28,-12,252,195,-3970
3126543154,792,14,-45,-36,102,65,-4041
3126544154,792,12,-38,-45,-245,119,-4211
3126545154,791,13,-34,-46,-277,154,-4261
3126546154,790,12,-29,-44,-335,234,-4222
3126547154,789,4,-15,-43,-358,273,-4323
3126548154,788,7,-14,-42,-341,270,-4348
3126549154,788,6,-5,-43,-350,231,-4326
3126550154,787,7,1,-35,-287,172,-4292
3126551154,786,-1,12,-22,-223,152,-4245
3126552154,786,-5,19,-22,-72,135,-4139
3126553154,786,3,24,-20,63,161,-4062
3126554154,785,-2,24,-15,131,144,-4048
3126555154,785,2,30,-9,259,114,-3990
3126556154,785,-1,33,-5,438,62,-3942
3126557154,785,3,33,-11,601,-50,-3915
3126558154,785,-7,30,-19,685,-110,-3896
3126559154,784,3,22,-21,708,-227,-3934
3126560154,784,3,0,-27,657,-246,-3889
3126561154,785,3,-22,-33,493,-253,-3879
3126562154,785,-4,-28,-35,273,-236,-3984
3126563154,785,-3,-35,-44,196,-191,-4080
3126564154,785,4,-41,-44,50,-67,-4116
3126565154,785,5,-43,-42,-205,49,-4207
3126566154,785,6,-34,-36,-325,128,-4333
3126567154,785,16,-35,-42,-360,146,-4354
3126568154,785,5,-24,-30,-354,125,-4376
3126569154,785,3,-3,-19,-265,141,-4364
3126570154,785,6,2,-2,-200,135,-4331
3126571154,785,4,13,10,-112,93,-4195
3126572154,785,1,17,12,-48,65,-4102
3126573154,785,2,17,17,79,-59,-3985
3126574154,785,-5,22,26,164,-93,-3954
3126575154,785,-2,15,23,315,-82,-3940
3126576154,785,-4,20,10,454,-6,-3888
3126577154,785,-1,24,0,558,-1,-3873
3126578154,784,2,6,-13,548,25,-3920
3126579154,783,11,0,-21,464,51,-3919
3126580154,783,6,-9,-28,330,52,-3926
3126581154,782,7,-8,-31,250,55,-3978
3126582154,781,7,4,-35,263,79,-4093
3126583154,780,14,-6,-42,328,40,-4190
3126584154,779,7,-9,-40,315,55,-4248
3126585154,778,5,-10,-39,194,132,-4266
3126586154,777,4,-17,-37,126,163,-4239
3126587154,776,4,-6,-30,51,240,-4156
3126588154,775,8,-2,-31,80,264,-4111
3126589154,774,5,2,-30,102,266,-4118
3126590154,773,4,-4,-29,125,280,-4114
3126591154,771,3,-3,-29,90,228,-4071
3126592154,770,3,3,-19,30,201,-4045
3126593154,769,4,8,-9,27,155,-4031
3126594154,768,7,6,-4,86,92,-4075
3126595154,767,-1,7,-2,68,64,-4068
3126596154,766,3,4,7,145,28,-4060
3126597154,765,-1,10,10,232,-29,-4102
3126598154,764,-7,12,5,381,-116,-4094
3126599154,763,-2,8,5,364,-98,-4065
3126600154,763,0,1,-2,324,-78,-3972
3126601154,762,10,-13,-3,142,-18,-3906
3126602154,761,2,-12,-11,111,-120,-4051
3126603154,760,5,-3,-8,42,-118,-4192
3126604154,760,9,-9,-21,181,-111,-4180
3126605154,759,10,-10,-24,218,-21,-4080
3126606154,759,9,-17,-25,125,-84,-4181
3126607154,758,9,-13,-38,3,-117,-4215
3126608154,758,10,-18,-40,-10,-183,-4207
3126609154,758,8,-15,-47,-24,-172,-4155
3126610154,757,6,-15,-56,-89,-33,-4129
3126611154,757,8,-15,-67,-54,57,-4110
3126612154,756,1,-20,-73,-226,119,-4119
3126613154,756,5,-14,-82,-280,211,-4082
3126614154,756,-4,-11,-75,-337,285,-4015
3126615154,756,5,-4,-70,-368,368,-4100
3126616154,756,3,8,-57,-221,397,-4093
3126617154,756,0,16,-43,-94,383,-4089
3126618154,756,-2,17,-36,-11,392,-4082
3126619154,756,-3,19,-11,124,365,-4026
3126620154,756,4,20,5,212,273,-3969
3126621154,756,6,9,14,313,146,-3890
3126622154,756,-1,5,19,362,44,-3893
3126623154,756,7,-5,9,419,-140,-3934
3126624154,757,8,-11,-4,396,-271,-3977
3126625154,757,5,-29,-20,231,-270,-3997
3126626154,756,13,-35,-40,28,-202,-4016
3126627154,756,8,-23,-43,-81,-136,-4021
3126628154,756,6,-20,-62,-152,-58,-4199
3126629154,755,18,-16,-65,-119,75,-4400
3126630154,755,13,-13,-63,-97,37,-4305
3126631154,754,11,-11,-60,-243,130,-4347
3126632154,753,4,1,-43,-307,145,-4449
3126633154,752,-1,17,-17,-147,176,-4239
3126634154,752,-4,26,2,108,124,-4179
3126635154,751,6,15,5,248,85,-4109
3126636154,750,7,12,16,264,38,-4088
3126637154,750,5,11,13,340,-20,-3976
3126638154,749,7,16,21,474,-39,-3870
3126639154,748,1,19,8,551,27,-3800
3126640154,747,6,7,-2,607,69,-3780
3126641154,745,13,0,-6,569,78,-3791
3126642154,744,13,-11,-11,356,31,-3937
3126643154,743,12,-4,-8,278,-12,-4082
3126644154,742,6,-6,-6,369,-51,-4134
3126645154,740,10,5,-1,402,-55,-4148
3126646154,739,11,-13,-3,402,-28,-4190
3126647154,738,13,-27,-10,247,-9,-4212
3126648154,736,16,-26,-12,77,57,-4237
3126649154,735,13,-37,-9,-44,35,-4209
3126650154,734,7,-30,-12,-167,47,-4225
3126651154,732,12,-22,-8,-238,200,-4237
3126652154,731,9,-6,-1,-187,350,-4118
3126653154,729,11,-2,7,-154,405,-4138
3126654154,728,6,9,9,-101,388,-4146
3126655154,727,12,13,18,38,251,-4157
3126656154,725,10,18,27,202,71,-4125
3126657154,724,8,21,29,396,-60,-4077
3126658154,723,7,23,27,624,-176,-3971
3126659154,722,-2,17,26,644,-175,-3924
3126660154,721,8,-3,21,568,-101,-3872
3126661154,720,4,-8,15,377,18,-3790
3126662154,719,1,-2,16,267,79,-3884
3126663154,718,4,1,10,326,78,-4031
3126664154,717,8,-2,7,490,33,-4049
3126665154,716,12,-21,-6,505,-40,-4075
3126666154,715,10,-23,-8,293,-89,-4153
3126667154,714,8,-19,-7,101,-105,-4292
3126668154,713,9,-15,-13,100,-80,-4314
3126669154,712,8,-12,-10,214,-52,-4298
3126670154,711,8,-16,-15,346,36,-4250
3126671154,710,4,-39,-36,122,-116,-4160
3126672154,710,19,-39,-41,-362,-126,-4058
3126673154,709,21,-39,-52,-271,-170,-4096
3126674154,708,9,-28,-58,-529,-192,-4190
3126675154,707,12,-17,-68,-441,61,-4257
3126676154,705,10,-10,-72,-370,348,-3969
3126677154,704,1,-6,-69,-394,429,-3972
3126678154,703,3,2,-57,-432,422,-4181
3126679154,702,-4,13,-35,-314,389,-4223
3126680154,702,-4,24,-15,-215,415,-4040
3126681154,701,-2,23,6,-113,380,-3924
3126682154,700,-2,18,16,-12,317,-3916
3126683154,699,3,3,31,164,135,-3933
3126684154,699,10,3,41,257,19,-3954
3126685154,698,11,1,41,354,-14,-3903
3126686154,698,10,8,39,417,-21,-3848
3126687154,697,14,-3,32,440,-50,-3763
3126688154,696,10,-7,17,441,-153,-3867
3126689154,695,12,-9,-3,395,-263,-4098
3126690154,695,12,-19,-9,353,-337,-4264
3126691154,694,13,-13,-20,342,-387,-4227
3126692154,693,13,-25,-27,179,-422,-4260
3126693154,691,6,-12,-17,64,-285,-4300
3126694154,690,3,-4,-34,201,-153,-4258
3126695154,689,2,-1,-35,193,-23,-4299
3126696154,688,1,-12,-33,195,90,-4300
3126697154,687,2,-16,-31,22,160,-4156
3126698154,686,5,-14,-24,-182,252,-4192
3126699154,684,4,5,-21,26,193,-4085
3126700154,683,4,6,-13,134,159,-3987
3126701154,682,5,1,-14,261,188,-3987
3126702154,681,5,-7,-8,167,203,-3978
3126703154,679,13,-11,6,29,116,-3999
3126704154,678,7,1,12,106,77,-4000
3126705154,677,4,7,13,228,107,-4001
3126706154,676,10,2,11,409,156,-3998
3126707154,674,6,-10,11,340,185,-3987
3126708154,673,11,-21,11,130,97,-3976
3126709154,671,5,-13,12,23,74,-4027
3126710154,670,2,1,12,34,71,-4129
3126711154,669,3,4,16,225,85,-4130
3126712154,667,6,-4,13,363,93,-4091
3126713154,666,6,-14,12,235,50,-4089
3126714154,664,7,-18,10,162,42,-4096
3126715154,663,5,-8,16,102,-18,-4141
3126716154,661,5,-7,21,155,-31,-4201
3126717154,660,7,-12,9,163,77,-4159
3126718154,658,5,-15,14,121,-33,-4188
3126719154,657,19,-53,-5,-190,-54,-4215
3126720154,655,13,-48,-9,-717,-346,-4059
3126721154,654,13,-36,-23,-962,-404,-4489
3126722154,652,12,-25,-31,-545,-204,-4310
3126723154,650,3,-12,-33,-432,-16,-4075
3126724154,649,-3,-18,-47,-407,290,-4036
3126725154,647,3,1,-46,-315,343,-4154
3126726154,645,-6,30,-35,-174,265,-4228
3126727154,644,-7,35,-25,61,319,-4080
3126728154,643,-19,57,-10,177,424,-4018
3126729154,641,-9,54,0,482,415,-3838
3126730154,640,-1,42,13,733,156,-3717
3126731154,639,6,20,20,815,-55,-3759
3126732154,639,5,5,22,680,-70,-3838
3126733154,638,7,-10,43,451,35,-3838
3126734154,637,2,-22,48,195,156,-3757
3126735154,636,9,-23,48,112,126,-3914
3126736154,636,4,-25,57,99,33,-4142
3126737154,635,5,-33,47,92,17,-4214
3126738154,634,7,-36,52,73,-106,-4297
3126739154,634,6,-26,50,91,-261,-4344
3126740154,633,7,-30,44,57,-322,-4360
3126741154,632,7,-19,46,79,-348,-4361
3126742154,631,5,-32,28,8,-372,-4339
3126743154,630,13,-31,14,-208,-363,-4260
3126744154,629,2,-19,-8,-266,-355,-4316
3126745154,628,3,-9,-17,-211,-200,-4288
3126746154,627,3,3,-23,-152,-74,-4180
3126747154,626,-5,17,-30,29,191,-4041
3126748154,624,3,11,-35,98,299,-4079
3126749154,623,-3,16,-38,84,219,-4100
3126750154,621,2,20,-37,74,266,-4103
3126751154,620,1,12,-35,5,197,-4017
3126752154,619,-4,18,-25,87,187,-3990
3126753154,617,-6,14,-9,197,271,-3913
3126754154,616,-13,5,1,323,359,-3856
3126755154,614,-6,-1,2,340,397,-3913
3126756154,613,3,-12,3,267,360,-3980
3126757154,611,3,-17,7,117,301,-4017
3126758154,610,0,-15,5,64,282,-4044
3126759154,609,-4,-12,8,57,246,-4038
3126760154,607,-1,-5,9,80,223,-4055
3126761154,606,1,-7,4,87,181,-4109
3126762154,605,3,-12,7,83,58,-4253
3126763154,603,1,-8,14,10,-39,-4255
3126764154,602,4,-6,20,-12,-44,-4264
3126765154,601,4,-9,20,-127,-30,-4215
3126766154,600,5,0,32,-189,-93,-4083
3126767154,599,11,-14,28,-210,-147,-4146
3126768154,597,6,-18,18,-62,-312,-4030
3126769154,596,0,-23,7,-77,-284,-4074
3126770154,595,3,-36,4,-320,-188,-4235
3126771154,594,9,-27,-5,-371,-72,-4058
3126772154,593,1,-22,-10,-544,4,-4056
3126773154,591,3,-11,-13,-588,-7,-4141
3126774154,590,3,-1,-13,-508,-3,-4237
3126775154,589,8,4,-7,-328,-2,-4246
3126776154,588,5,16,-5,-154,57,-4195
3126777154,587,3,30,2,19,133,-4169
3126778154,587,1,35,0,109,154,-4121
3126779154,586,5,34,8,244,134,-3972
3126780154,585,5,19,14,265,85,-3874
3126781154,584,4,19,17,213,21,-3870
3126782154,583,2,13,25,202,-3,-3893
3126783154,583,6,7,26,265,48,-3860
3126784154,582,0,7,17,420,99,-3803
3126785154,581,3,-6,11,410,79,-3916
3126786154,581,8,-23,6,245,50,-4025
3126787154,580,6,-24,1,110,63,-4082
3126788154,579,15,-35,-8,-182,42,-4161
3126789154,578,8,-31,-4,-267,101,-4134
3126790154,577,11,-25,-4,-277,101,-4192
3126791154,576,3,-17,-3,-324,155,-4371
3126792154,576,8,-6,-3,-256,177,-4409
3126793154,575,9,0,2,-98,129,-4287
3126794154,574,10,0,-1,-42,25,-4235
3126795154,573,5,6,-11,-54,-39,-4230
3126796154,572,2,5,-13,-79,-65,-4205
3126797154,570,0,11,-12,-95,-38,-4144
3126798154,569,4,24,-21,-79,56,-4041
3126799154,568,6,18,-24,18,90,-3943
3126800154,567,2,13,-25,55,55,-3942
3126801154,566,4,13,-27,104,35,-3958
3126802154,564,3,2,-27,86,23,-3992
3126803154,563,6,0,-31,43,10,-3976
3126804154,562,4,-8,-30,26,13,-3962
3126805154,560,2,-11,-29,17,11,-3971
3126806154,559,-5,-12,-28,-20,74,-4076
3126807154,558,5,-12,-25,-61,169,-4150
3126808154,557,1,-1,-19,-76,195,-4158
3126809154,555,8,3,-22,-19,176,-4140
3126810154,554,7,3,-24,41,126,-4098
3126811154,553,5,0,-18,39,-13,-4101
3126812154,552,7,-19,-25,-36,-162,-4084
3126813154,551,7,-26,-30,-198,-245,-3905
3126814154,550,-3,-37,-34,-192,-211,-3865
3126815154,549,-3,-37,-44,-429,-164,-4036
3126816154,548,-2,-34,-50,-462,-38,-4153
3126817154,547,2,-29,-58,-441,53,-4170
3126818154,546,0,-24,-63,-623,154,-4326
3126819154,545,3,-19,-62,-905,362,-4345
3126820154,544,10,-15,-49,-785,418,-4099
3126821154,543,4,7,-30,-883,426,-4179
3126822154,543,7,27,-18,-406,228,-4351
3126823154,543,-1,38,-4,-126,170,-4191
3126824154,542,7,40,15,-18,42,-4273
3126825154,542,-1,30,23,117,-56,-4057
3126826154,542,-2,31,41,70,-56,-3964
3126827154,542,-8,31,44,250,-56,-3808
3126828154,542,-10,25,43,360,-85,-3804
3126829154,542,-1,20,37,450,-43,-3840
3126830154,542,3,9,34,468,-12,-3887
3126831154,542,11,-11,30,328,-25,-3867
3126832154,542,13,-15,24,238,-138,-3859
3126833154,542,12,-17,25,175,-189,-3879
3126834154,541,13,-32,24,-59,-212,-4094
3126835154,541,17,-50,14,-179,-294,-4104
3126836154,541,15,-68,17,-495,-297,-4036
3126837154,541,6,-67,17,-601,-247,-4136
3126838154,540,3,-67,10,-852,-158,-4320
3126839154,540,0,-59,3,-837,-79,-4399
3126840154,539,-3,-38,-3,-829,94,-4443
3126841154,538,0,-22,-5,-847,267,-4499
3126842154,538,8,-13,-17,-817,312,-4491
3126843154,537,10,19,-12,-681,312,-4430
3126844154,536,0,51,-18,-434,330,-4349
3126845154,535,8,68,-14,-129,313,-4216
3126846154,534,7,84,-7,1,261,-4158
3126847154,533,7,77,-11,301,99,-3885
3126848154,532,-2,70,-7,546,-39,-3613
3126849154,531,-7,44,-4,551,-4,-3631
3126850154,530,-9,17,-7,455,211,-3662
3126851154,529,-10,15,-1,413,292,-3637
3126852154,528,6,-19,2,284,447,-3629
3126853154,527,9,-27,7,100,450,-3748
3126854154,527,20,-43,13,-70,368,-3914
3126855154,526,15,-45,19,-183,237,-4132
3126856154,525,17,-48,24,-248,153,-4211
3126857154,525,16,-48,32,-327,9,-4376
3126858154,524,14,-38,39,-358,-116,-4470
3126859154,524,3,-18,48,-378,-165,-4501
3126860154,523,3,-15,48,-375,-212,-4489
3126861154,523,4,-1,48,-341,-228,-4387
3126862154,522,-1,15,42,-230,-207,-4310
3126863154,522,-4,23,37,-102,-180,-4215
3126864154,522,-1,31,27,56,-163,-4094
3126865154,521,1,35,20,114,-167,-4048
3126866154,521,4,29,6,210,-216,-3960
3126867154,521,13,23,-9,234,-216,-3894
3126868154,520,9,10,-10,232,-182,-3830
3126869154,520,11,5,-25,205,-190,-3797
3126870154,520,6,-3,-24,181,-144,-3874
3126871154,519,6,-13,-26,154,-80,-3964
3126872154,519,6,-18,-32,129,46,-4040
3126873154,519,4,-25,-36,64,140,-4112
3126874154,519,7,-22,-38,-11,190,-4152
3126875154,519,5,-17,-40,-81,239,-4188
3126876154,519,7,-12,-39,-91,309,-4186
3126877154,518,3,-12,-41,-113,349,-4176
3126878154,518,3,0,-37,-132,314,-4198
3126879154,518,2,-11,-35,-231,328,-4223
3126880154,518,12,-3,-23,-271,412,-4061
3126881154,518,2,-3,-16,-313,412,-3997
3126882154,518,5,4,0,-238,317,-4113
3126883154,518,0,0,0,-129,242,-4066
3126884154,519,3,-12,9,-50,128,-4089
3126885154,519,-2,-7,-5,305,-83,-4100
3126886154,519,-22,-35,-2,212,-248,-4356
3126887154,519,-21,-53,-1,-150,-92,-4095
3126888154,519,-29,-59,6,-302,-12,-4013
3126889154,519,-44,-33,7,-438,-94,-4188
3126890154,519,-23,-18,10,-10,107,-4208
3126891154,519,-5,-20,3,131,283,-4220
3126892154,519,7,-28,3,124,191,-4298
3126893154,519,25,-35,-7,-49,-43,-4110
3126894154,519,30,-17,-6,-244,-244,-3983
3126895154,519,23,-4,-9,-122,-397,-3898
3126896154,519,4,5,-12,74,-351,-3908
3126897154,518,11,-2,-16,92,-293,-3910
3126898154,518,7,-7,-29,-4,-250,-3884
3126899154,518,-2,6,-23,-76,-196,-3861
3126900154,517,-12,14,-22,-23,-70,-3907
3126901154,517,-12,20,-18,70,31,-3939
3126902154,517,-5,9,-22,186,143,-3997
3126903154,516,0,1,-20,206,249,-4071
3126904154,516,3,3,-17,98,266,-4054
3126905154,515,13,-1,-11,53,216,-4096
3126906154,515,9,2,-16,19,208,-4084
3126907154,515,14,5,-12,201,182,-4065
3126908154,515,2,1,-11,214,95,-4207
3126909154,514,5,4,-9,228,143,-4271
3126910154,514,2,-7,-16,176,182,-4250
3126911154,514,6,-15,-11,67,243,-4176
3126912154,513,-4,-11,-7,1,207,-4186
3126913154,513,1,-12,-10,23,147,-4110
3126914154,513,1,-16,-7,-2,127,-4164
3126915154,513,-5,-10,-8,-16,138,-4186
3126916154,512,7,-24,-14,-20,138,-4196
3126917154,512,4,-14,-9,-40,127,-4133
3126918154,512,5,-8,-9,-67,92,-4091
3126919154,512,8,-15,-14,-74,54,-4082
3126920154,512,6,-10,-18,-63,32,-4061
3126921154,512,17,-13,-18,-71,-18,-4058
3126922154,511,2,-9,-18,-78,-58,-4074
3126923154,511,1,-5,-25,-44,-59,-4045
3126924154,511,2,-2,-21,-29,-53,-4040
3126925154,511,3,-1,-28,2,-44,-4045
3126926154,511,-1,3,-28,5,-20,-4053
3126927154,511,3,-3,-36,34,14,-4060
3126928154,511,-1,2,-33,42,36,-4051
3126929154,511,8,1,-34,70,15,-4061
3126930154,511,3,1,-33,87,-11,-4073
3126931154,511,5,4,-38,85,-28,-4074
3126932154,511,6,-1,-39,102,-8,-4091
3126933154,511,3,-1,-36,113,-10,-4092
3126934154,511,0,0,-37,105,29,-4102
3126935155,511,9,-10,-41,98,52,-4116
3126936156,511,2,-4,-37,84,59,-4117
3126937154,511,2,-5,-44,86,77,-4122
3126938154,511,8,-4,-40,85,92,-4125
3126939154,511,5,-5,-40,69,98,-4123
3126940154,511,3,-11,-38,86,94,-4108
3126941154,511,3,-8,-40,72,77,-4111
3126942154,512,3,-2,-39,71,80,-4108
3126943154,512,8,-9,-42,76,88,-4112
3126944154,512,2,-3,-40,64,75,-4087
3126945154,512,1,-5,-37,60,65,-4054
3126946154,512,1,-1,-40,70,54,-4078
3126947154,512,-1,-4,-41,71,61,-4068
3126948154,512,9,-6,-39,84,71,-4082
3126949154,512,8,-2,-38,102,69,-4060
3126950154,512,-1,-4,-38,92,56,-4070
3126951154,512,2,-7,-38,105,52,-4086
3126952154,512,2,1,-37,117,38,-4091
3126953154,512,5,-2,-40,106,38,-4090
3126954154,512,6,1,-36,131,38,-4100
3126955154,512,3,2,-34,134,18,-4118
3126956154,512,4,-1,-36,153,27,-4116
3126957154,512,0,-2,-34,137,38,-4105
3126958154,512,4,0,-34,185,34,-4106
3126959154,512,3,2,-32,182,38,-4096
3126960154,511,0,5,-34,209,38,-4099
3126961154,511,-2,10,-27,221,28,-4117
3126962154,511,6,1,-27,233,45,-4104
3126963154,511,4,6,-14,278,40,-4088
3126964154,511,4,9,-17,287,58,-4088
3126965154,511,-4,13,-9,302,43,-4089
3126966154,510,1,4,-10,324,32,-4059
3126967154,510,-1,3,-3,333,-8,-4051
3126968154,510,2,3,0,340,-49,-4040
3126969154,510,-2,-5,2,258,-36,-4033
3126970154,509,1,-11,-4,198,-10,-4025
3126971154,509,3,-18,2,132,-1,-3960
3126972154,508,4,-25,-4,19,-5,-4064
3126973154,508,5,-27,0,13,-8,-4104
3126974154,508,0,-25,-4,-27,-6,-4096
3126975154,507,7,-28,-5,-79,30,-4174
3126976154,506,1,-15,-1,-130,31,-4224
3126977154,506,2,-16,-4,-146,52,-4220
3126978154,505,2,-7,-2,-149,86,-4204
3126979154,505,1,-3,-5,-142,83,-4192
3126980154,504,5,-6,-3,-146,107,-4179
3126981154,503,6,-2,3,-137,92,-4125
3126982154,503,-1,2,1,-130,111,-4102
3126983154,502,-4,2,2,-98,136,-4055
3126984154,501,-8,8,8,-63,127,-4040
3126985154,500,-1,0,15,-19,174,-4057
3126986154,500,2,4,10,34,189,-4049
3126987154,499,5,12,20,100,228,-4100
3126988154,499,0,17,23,138,250,-4099
3126989154,498,-1,18,32,255,233,-4114
3126990154,498,8,21,42,358,182,-4053
3126991154,497,10,15,37,437,54,-3981
3126992154,497,9,6,38,495,-97,-3915
3126993154,496,1,5,40,482,-164,-3913
3126994154,496,2,1,40,445,-228,-4045
3126995154,495,1,-9,29,492,-319,-4011
3126996154,495,0,-25,1,373,-347,-3845
3126997154,495,-6,-26,-1,356,-282,-3916
3126998154,494,0,-34,-21,98,-163,-4146
3126999154,493,5,-37,-39,46,-13,-4220
3127000154,493,9,-23,-52,-96,157,-4250
3127001154,492,18,-13,-59,-158,255,-4278
3127002154,491,19,-10,-62,-180,234,-4271
3127003154,491,15,-11,-58,-185,180,-4239
3127004154,490,16,-9,-56,-224,116,-4225
3127005154,490,9,-1,-43,-245,114,-4156
3127006154,490,4,1,-41,-231,124,-4128
3127007154,489,0,-2,-32,-159,125,-4055
3127008154,489,-3,3,-23,-101,203,-4018
3127009154,489,-8,0,-21,-111,316,-4030
3127010154,489,-5,2,-10,-54,372,-4023
3127011154,488,-6,5,-13,-24,362,-4008
3127012154,488,4,13,-6,61,351,-4022
3127013154,488,6,26,-2,193,226,-4029
3127014154,488,9,26,2,372,59,-4028
3127015154,488,10,31,10,559,-133,-4014
3127016154,488,2,35,3,594,-212,-4034
3127017154,488,5,26,-3,635,-297,-4010
3127018154,488,-1,10,-9,553,-266,-3938
3127019154,488,-4,-6,-14,443,-147,-3857
3127020154,488,-2,-13,-23,382,-109,-3856
3127021154,488,0,-14,-29,299,-106,-4090
3127022154,488,7,-28,-41,164,85,-4152
3127023154,487,10,-40,-34,47,205,-4107
3127024154,487,16,-30,-30,-199,282,-4249
3127025154,487,12,-22,-21,-229,221,-4348
3127026154,487,19,-12,-10,-135,156,-4344
3127027154,486,20,-7,7,-14,-3,-4343
3127028154,486,7,-7,19,102,-129,-4243
3127029154,486,-3,-10,18,98,-187,-4256
3127030154,485,-4,-7,24,97,-178,-4227
3127031154,485,-4,4,28,173,-130,-4150
3127032154,484,-5,16,21,297,-15,-4016
3127033154,483,-3,9,3,311,-33,-3908
3127034154,483,-5,4,0,406,-114,-3897
3127035154,482,8,-9,-18,173,-107,-3693
3127036154,481,0,-9,-36,9,-84,-3834
3127037154,479,5,-9,-47,-75,10,-4030
3127038154,478,10,-11,-51,-29,70,-4027
3127039154,477,15,-14,-57,-48,244,-3996
3127040154,476,6,-14,-50,-122,322,-4165
3127041154,475,12,-6,-43,-178,340,-4354
3127042154,473,9,11,-36,33,335,-4357
3127043154,472,4,32,-25,140,357,-4354
3127044154,471,4,40,-17,368,282,-4359
3127045154,470,-2,34,-15,493,280,-4185
3127046154,469,10,15,-8,525,240,-3822
3127047154,468,2,12,-7,292,233,-3777
3127048154,467,-1,18,7,236,224,-3899
3127049154,467,-3,18,8,376,191,-3956
3127050154,466,6,12,18,578,178,-3876
3127051154,465,9,-7,19,517,152,-3893
3127052154,465,21,-22,23,437,73,-3941
3127053154,464,19,-25,28,255,-85,-4089
3127054154,463,14,-24,27,205,-226,-4166
3127055154,463,5,-20,30,228,-214,-4200
3127056154,462,8,-17,24,187,-208,-4242
3127057154,462,5,-21,27,180,-204,-4230
3127058154,461,1,-22,22,78,-209,-4230
3127059154,461,1,-8,19,38,-207,-4229
3127060154,460,6,-3,20,96,-138,-4218
3127061154,460,-2,0,17,165,-116,-4213
3127062154,459,6,-7,10,218,-103,-4155
3127063154,458,7,-6,9,108,-86,-4088
3127064154,458,8,9,8,102,-88,-4144
3127065154,457,9,-14,-8,227,-348,-4004
3127066154,456,15,-16,-13,-37,-86,-3876
3127067154,455,0,-23,-26,78,-228,-3908
3127068154,454,-5,-26,-18,-465,155,-4210
3127069154,453,12,-17,-19,-378,530,-3998
3127070154,452,7,-24,-12,-336,648,-3823
3127071154,451,19,-12,-3,-428,602,-4077
3127072154,450,9,-4,2,-104,250,-4190
3127073154,449,15,-17,2,-110,17,-4310
3127074154,448,-1,-18,9,-183,-41,-4119
3127075154,447,-4,-15,8,-283,-1,-4125
3127076154,446,-6,-9,19,-343,167,-4117
3127077154,445,-9,14,24,-73,296,-3970
3127078154,444,-3,18,15,100,341,-4054
3127079154,443,-3,19,14,214,344,-4142
3127080154,442,10,18,13,203,320,-4126
3127081154,441,15,11,0,228,161,-3925
3127082154,440,12,6,-2,139,-11,-3910
3127083154,439,16,2,-7,107,-81,-3932
3127084154,438,14,-7,-3,69,-102,-3963
3127085154,437,11,-14,3,-20,-66,-3999
3127086154,436,6,-16,13,-103,38,-4072
3127087154,435,6,-6,23,-44,125,-4161
3127088154,434,6,0,30,129,143,-4226
3127089154,434,4,2,37,199,114,-4218
3127090154,433,9,0,33,328,-17,-4202
3127091154,432,6,-5,30,370,-200,-4156
3127092154,431,12,-17,20,231,-295,-4215
3127093154,431,7,-5,21,179,-264,-4200
3127094154,430,2,-8,17,29,-251,-3998
3127095154,429,6,-16,4,-74,-108,-3872
3127096154,429,11,-19,-5,-98,-153,-3916
3127097154,428,10,-21,0,-285,-142,-4175
3127098154,427,10,-32,-5,-256,-102,-4226
3127099154,426,14,-28,-3,-272,29,-4147
3127100154,426,13,-17,2,-265,137,-4252
3127101154,425,7,3,2,-113,145,-4294
3127102154,424,3,11,2,19,103,-4288
3127103154,424,7,12,0,210,28,-4200
3127104154,423,0,26,-3,268,40,-4118
3127105154,422,1,17,0,251,77,-3993
3127106154,422,-4,18,-3,283,136,-3847
3127107154,421,-1,21,2,305,162,-3825
3127108154,420,8,8,2,302,254,-3869
3127109154,420,18,0,5,277,382,-3838
3127110154,419,17,-14,4,259,276,-3820
3127111154,418,18,-8,7,123,140,-4017
3127112154,418,14,-8,8,130,63,-4111
3127113154,417,13,-20,9,156,-25,-4168
3127114154,416,9,-21,8,156,-15,-4185
3127115154,415,6,-21,10,62,-3,-4212
3127116154,415,4,-21,9,-23,45,-4223
3127117154,414,-4,-8,5,-71,105,-4200
3127118154,413,-1,-2,6,-72,100,-4179
3127119154,412,-3,-2,2,-68,84,-4215
3127120154,411,5,3,4,17,58,-4178
3127121154,410,7,-2,-1,96,0,-4155
3127122154,409,7,-4,-7,181,-63,-4123
3127123154,408,12,1,-8,136,-71,-4132
3127124154,407,11,-16,-16,120,-29,-4053
3127125154,406,11,-7,-12,53,-43,-3971
3127126154,405,4,-6,-14,3,-50,-4003
3127127154,404,7,3,-18,11,-39,-4063
3127128154,403,5,6,-12,101,-14,-4026
3127129154,402,15,-5,-26,-25,-51,-4042
3127130154,401,2,-17,-30,62,-161,-4037
3127131154,400,12,-23,-33,-263,-86,-3900
3127132154,399,11,-31,-40,-388,-65,-4094
3127133154,398,2,-21,-35,-396,114,-4162
3127134154,397,7,-8,-33,-333,181,-4148
3127135154,396,5,1,-32,-198,418,-4100
3127136154,396,8,1,-24,-93,351,-4168
3127137154,395,15,-3,-23,-149,144,-4245
3127138154,394,9,-11,-19,-206,-42,-4192
3127139154,394,0,-8,-19,-291,-58,-4114
3127140154,393,7,-15,-7,-379,-12,-4060
3127141154,392,6,-9,-8,-366,17,-3995
3127142154,392,7,-10,-2,-329,87,-4016
3127143154,391,5,-14,-2,-265,96,-4109
3127144154,391,9,-3,-9,-222,93,-4135
3127145154,390,8,2,-8,-52,90,-4161
3127146154,390,2,17,-7,157,85,-4121
3127147154,390,1,22,-6,306,79,-4045
3127148154,389,6,18,-12,320,94,-3989
3127149154,389,8,11,-7,254,48,-3893
3127150154,389,10,2,-4,68,-103,-3910
3127151154,389,16,-13,4,-187,-209,-4013
3127152154,388,13,-29,10,-334,-166,-3868
3127153154,388,9,-46,5,-469,-143,-3820
3127154154,388,9,-46,7,-768,-24,-4042
3127155154,388,8,-40,7,-727,30,-4173
3127156154,388,9,-47,2,-732,41,-4330
3127157154,387,5,-34,0,-702,52,-4398
3127158154,387,11,-16,-5,-667,88,-4447
3127159154,386,4,-1,-6,-576,58,-4465
3127160154,386,-3,20,-2,-305,37,-4388
3127161154,385,-6,34,11,-63,83,-4306
3127162154,385,-6,38,5,71,118,-4239
3127163154,384,-7,41,14,314,140,-4049
3127164154,384,0,32,20,463,75,-3880
3127165154,384,8,19,19,529,30,-3782
3127166154,383,5,16,19,458,3,-3741
3127167154,383,18,-1,14,374,14,-3716
3127168154,383,11,-17,10,228,37,-3631
3127169154,382,18,-31,-3,36,31,-3784
3127170154,381,15,-30,-15,-33,-12,-3984
3127171154,381,10,-24,-15,-92,-12,-4059
3127172154,380,13,-43,-26,-283,38,-4197
3127173154,380,10,-28,-17,-401,68,-4249
3127174154,379,2,-13,-13,-539,140,-4407
3127175154,379,-3,-9,-13,-394,150,-4380
3127176154,378,-3,6,1,-314,179,-4331
3127177154,377,0,15,4,-216,208,-4348
3127178154,377,3,21,23,-129,251,-4276
3127179154,377,-3,29,30,12,208,-4167
3127180154,376,3,17,34,14,224,-4031
3127181154,376,5,19,37,136,131,-3902
3127182154,375,10,9,35,118,3,-3945
3127183154,375,7,2,44,120,-46,-3960
3127184154,375,8,-3,41,107,-73,-3914
3127185154,375,2,-7,36,128,-88,-3948
3127186154,374,4,-6,33,138,-88,-4011
3127187154,374,2,-8,32,140,-137,-4087
3127188154,374,6,-11,25,96,-151,-4115
3127189154,373,1,-5,28,67,-163,-4154
3127190154,373,1,-6,17,75,-147,-4167
3127191154,373,6,-2,9,113,-108,-4164
3127192154,372,4,-2,6,98,-22,-4131
3127193154,372,0,-5,-6,57,23,-4127
3127194154,372,8,-3,-6,41,52,-4118
3127195154,371,5,-3,-13,17,58,-4125
3127196154,371,11,-3,-22,33,20,-4081
3127197154,370,8,-6,-25,65,32,-4093
3127198154,370,9,-5,-27,3,37,-4061
3127199154,370,9,-15,-38,3,-6,-4141
3127200154,369,6,-9,-42,-125,68,-4163
3127201154,369,2,-10,-42,-60,149,-4051
3127202154,368,-7,-10,-35,-153,224,-4104
3127203154,368,-2,-8,-38,-172,307,-4158
3127204154,368,2,-7,-31,-151,358,-4062
3127205154,368,-3,-2,-23,-203,348,-4056
3127206154,367,5,-3,-17,-141,269,-4078
3127207154,367,2,0,-15,-43,176,-4009
3127208154,367,1,3,-6,-17,117,-4056
3127209154,367,8,-6,-1,5,93,-4028
3127210154,367,0,-8,2,-5,85,-4068
3127211154,367,5,2,8,-15,87,-4028
3127212154,367,10,4,8,-5,76,-4019
3127213154,368,5,2,12,27,33,-4012
3127214154,368,1,2,11,13,-18,-4029
3127215154,368,-2,0,12,-19,-88,-4069
3127216154,368,-1,-5,17,-6,-132,-4119
3127217154,368,2,-3,14,-8,-148,-4108
3127218154,368,-10,1,16,16,-150,-4106
3127219154,368,0,-9,13,25,-144,-4119
3127220154,368,6,-10,12,-4,-145,-4130
3127221154,368,3,-3,10,-1,-149,-4147
3127222154,368,-2,-8,10,-7,-141,-4147
3127223154,368,2,-15,4,-6,-114,-4131
3127224154,368,3,-4,-3,-5,-90,-4111
3127225154,368,0,-5,-3,-36,-42,-4129
3127226154,367,5,-12,-13,-44,-22,-4121
3127227154,367,9,-5,-15,-27,-14,-4122
3127228154,367,9,-4,-12,-34,6,-4112
3127229154,367,5,3,-11,14,48,-4077
3127230154,366,-1,4,-14,18,67,-4053
3127231154,366,8,-3,-13,68,113,-4033
3127232154,365,2,6,-13,118,116,-4052
3127233154,365,3,3,-18,137,138,-4058
3127234154,365,5,8,-20,215,120,-4038
3127235154,364,6,7,-27,277,106,-4042
3127236154,364,4,2,-33,323,95,-4049
3127237154,363,1,6,-37,249,150,-4069
3127238154,363,6,-3,-42,187,212,-4005
3127239154,362,4,-3,-39,134,233,-4050
3127240154,362,-6,10,-42,133,212,-4064
3127241154,362,3,2,-43,220,204,-4104
3127242154,362,8,-7,-44,241,169,-4124
3127243154,361,5,-11,-41,139,146,-4130
3127244154,361,2,-11,-41,96,146,-4158
3127245154,361,3,-2,-38,66,108,-4152
3127246154,361,6,-5,-42,135,91,-4125
3127247154,361,2,-10,-36,169,58,-4100
3127248154,361,-3,-4,-37,111,45,-4114
3127249154,361,3,-10,-35,115,38,-4118
3127250154,361,-1,-6,-33,90,10,-4093
3127251154,361,1,-1,-27,109,-5,-4102
3127252154,361,3,-5,-24,158,-22,-4122
3127253154,361,4,-3,-25,171,-41,-4111
3127254154,361,6,-9,-23,139,-42,-4124
3127255154,362,2,-2,-19,91,-69,-4113
3127256154,362,3,-4,-21,104,-89,-4089
3127257154,362,4,-10,-24,145,-94,-4106
3127258154,362,2,1,-20,138,-92,-4065
3127259154,362,1,-4,-23,139,-70,-4074
3127260154,362,2,-14,-26,133,-46,-4073
3127261154,362,0,-7,-28,109,-16,-4087
3127262154,362,-2,-4,-24,71,-36,-4088
3127263154,362,1,-1,-24,56,45,-4055
3127264154,362,4,-2,-19,92,50,-4031
3127265154,362,-1,-3,-14,106,72,-4105
3127266154,362,-3,-3,-9,164,64,-4081
3127267154,362,9,-9,-13,152,29,-4069
3127268154,362,8,-15,-8,78,60,-4088
3127269154,361,9,-13,-6,-4,86,-4087
3127270154,361,-3,-19,-12,-59,55,-4076
3127271154,361,0,-17,-8,-135,66,-4054
3127272154,360,-3,-12,-4,-138,61,-4091
3127273154,360,1,-18,-5,-269,93,-4148
3127274154,359,7,-11,-1,-216,131,-4104
3127275154,359,0,-8,0,-205,179,-4060
3127276154,358,3,-10,-2,-197,164,-4107
3127277154,357,6,-8,0,-139,138,-4142
3127278154,357,11,-10,-2,-109,62,-4124
3127279154,356,6,-8,0,-150,18,-4079
3127280154,355,4,-1,1,-130,27,-4050
3127281154,354,6,3,-3,-97,25,-4035
3127282154,354,4,2,-7,-2,-4,-4004
3127283154,353,2,5,-13,23,30,-4039
3127284154,352,4,3,-15,102,27,-4047
3127285154,351,3,5,-28,145,64,-4051
3127286154,351,11,9,-36,219,24,-4063
3127287154,350,8,6,-32,203,21,-4058
3127288154,349,6,3,-41,194,88,-4014
3127289154,349,-1,2,-42,166,136,-4035
3127290154,348,8,10,-37,161,132,-4072
3127291154,348,7,6,-36,257,139,-4075
3127292154,348,2,0,-33,322,132,-4072
3127293154,347,3,0,-24,363,114,-4099
3127294154,347,3,1,-25,291,127,-4133
3127295154,347,1,-11,-12,64,218,-4146
3127296154,347,8,-9,-1,67,224,-3974
3127297154,348,-1,-11,16,-8,184,-4098
3127298154,348,3,-15,21,126,77,-4179
3127299154,348,7,-14,26,199,18,-4116
3127300154,349,11,-24,29,145,-111,-4161
3127301154,349,2,-23,30,71,-144,-4163
3127302154,349,-1,-23,29,-10,-176,-4229
3127303154,350,6,-25,28,-13,-199,-4193
3127304154,350,4,-24,24,-164,-102,-4143
3127305154,350,1,-35,13,-194,-167,-4192
3127306154,350,5,-24,7,-387,-168,-4233
3127307154,350,-2,-14,7,-282,-114,-4087
3127308154,350,4,-15,-1,-224,-57,-4035
3127309154,350,-4,-8,2,-185,67,-4093
3127310154,350,0,-13,-11,-143,102,-4176
3127311154,350,3,-10,-8,-132,31,-4148
3127312154,349,1,-7,-8,-203,81,-4051
3127313154,349,1,-7,-8,-208,85,-4029
3127314154,348,4,1,-8,-163,108,-3982
3127315154,348,3,3,-2,-74,155,-3969
3127316154,347,2,1,-4,-56,211,-3982
3127317154,347,0,1,-6,-56,250,-4004
3127318154,346,2,-5,-8,-68,245,-4019
3127319154,346,9,-4,-7,-60,237,-4008
3127320154,345,1,4,-8,-41,221,-4002
3127321154,344,10,1,-8,22,213,-4039
3127322156,343,-2,6,-5,40,211,-4071
3127323154,343,8,2,-10,100,173,-4096
3127324154,342,-1,4,-2,138,125,-4093
3127325154,342,8,9,1,189,100,-4084
3127326154,341,7,7,-2,213,97,-4092
3127327154,341,6,6,3,264,59,-4098
3127328154,340,4,4,-1,344,18,-4073
3127329154,340,6,5,-9,392,-14,-4079
3127330154,339,9,4,-14,402,-51,-4060
3127331154,339,8,9,-15,381,-82,-4057
3127332154,339,13,0,-27,375,-113,-4064
3127333154,338,9,-2,-32,335,-117,-4082
3127334154,338,10,-6,-39,275,-81,-4094
3127335154,338,9,-4,-40,153,-80,-4138
3127336154,338,10,-6,-35,90,-65,-4158
3127337154,338,7,-20,-31,0,-46,-4160
3127338154,338,6,-20,-24,-86,-12,-4186
3127339154,338,5,-23,-22,-111,37,-4193
3127340154,338,9,-20,-19,-115,24,-4201
3127341154,338,8,-18,-16,-147,42,-4185
3127342154,338,10,-16,-16,-144,48,-4182
3127343154,338,3,-14,-9,-140,54,-4144
3127344154,338,2,-4,-13,-132,50,-4130
3127345154,338,1,-8,-15,-122,54,-4103
3127346154,339,2,-5,-18,-77,52,-4054
3127347154,339,5,-4,-18,-73,33,-4031
3127348154,339,5,-5,-23,-48,49,-4012
3127349154,339,3,0,-24,-30,50,-4006
3127350154,339,5,2,-29,18,37,-3995
3127351154,339,8,3,-34,107,46,-3996
3127352154,339,3,5,-47,204,51,-4005
3127353154,339,0,-2,-54,220,49,-4048
3127354154,339,8,2,-53,210,72,-4065
3127355154,339,8,-6,-66,141,128,-4035
3127356154,339,11,-2,-63,86,162,-4053
3127357154,338,3,-1,-62,119,198,-4125
3127358154,338,11,-2,-69,130,182,-4110
3127359154,338,11,-1,-66,178,157,-4099
3127360154,338,8,-10,-62,98,152,-4132
3127361154,338,6,-15,-59,-59,154,-4153
3127362154,338,8,-18,-51,-263,251,-4161
3127363154,337,14,-15,-46,-252,235,-4090
3127364154,337,-2,-15,-35,-323,242,-4051
3127365154,337,5,-8,-21,-315,230,-4197
3127366154,337,5,-9,-14,-183,142,-4048
3127367154,337,4,-9,-8,-193,-17,-4123
3127368154,337,-1,-6,1,-190,-56,-4106
3127369154,337,3,-7,3,-179,-90,-4125
3127370154,336,-1,2,12,-115,-72,-4101
3127371154,336,0,10,20,-29,-64,-4069
3127372154,336,2,8,14,8,-59,-4069
3127373154,336,1,15,23,61,-55,-4058
3127374154,336,4,18,31,156,-80,-4047
3127375154,336,1,14,38,295,-21,-4009
3127376154,335,0,18,49,369,1,-3994
3127377154,335,-1,10,45,416,-16,-4002
3127378154,335,2,-4,43,439,-92,-3972
3127379154,335,7,-9,49,344,-163,-4076
3127380154,335,13,-7,51,258,-195,-4149
3127381154,334,8,-8,53,282,-196,-4125
3127382154,334,9,-12,53,322,-149,-4077
3127383154,334,7,-23,37,322,-127,-4174
3127384154,333,14,-32,23,143,-158,-4204
3127385154,333,10,-32,7,-9,-192,-4345
3127386154,332,10,-28,6,-113,-150,-4345
3127387154,331,9,-17,-4,-40,-31,-4174
3127388154,330,5,-11,-11,-66,132,-4118
3127389154,330,9,-10,-20,17,212,-4188
3127390154,329,2,5,-18,54,227,-4178
3127391154,328,5,-1,-25,80,217,-4142
3127392154,327,4,6,-22,34,245,-4075
3127393154,326,8,7,-23,39,273,-3994
3127394154,325,2,5,-21,104,319,-3925
3127395154,325,-5,16,-17,135,347,-3896
3127396154,324,-6,10,-7,114,405,-3926
3127397154,323,2,2,-4,41,442,-3963
3127398154,323,4,-2,4,9,383,-3910
3127399154,322,-2,7,12,-25,340,-4021
3127400154,322,-1,9,27,61,300,-4022
3127401154,321,2,-4,38,170,226,-3998
3127402154,321,0,-6,46,166,96,-4114
3127403154,321,7,-12,56,128,-30,-4128
3127404154,321,8,-15,57,86,-62,-4144
3127405154,321,6,-22,49,41,-127,-4142
3127406154,320,6,-19,50,15,-229,-4156
3127407154,320,8,-18,38,-33,-293,-4203
3127408154,320,13,-27,29,-57,-328,-4249
3127409154,320,3,-20,24,-58,-350,-4264
3127410154,320,1,-21,13,-113,-320,-4255
3127411154,319,6,-12,0,-122,-278,-4232
3127412154,319,4,-2,-10,-37,-243,-4183
3127413154,319,1,2,-13,17,-215,-4169
3127414154,318,-1,10,-19,152,-136,-4165
3127415154,318,-2,14,-25,234,-18,-4090
3127416154,318,7,18,-23,286,67,-3990
3127417154,317,6,5,-22,340,133,-3875
3127418154,317,5,2,-22,246,158,-3869
3127419154,317,1,-4,-17,226,173,-3924
3127420154,317,14,-13,-17,214,215,-3930
3127421154,316,12,-15,-16,165,228,-3849
3127422154,316,3,-14,-15,124,240,-3949
3127423154,316,8,-12,-9,62,272,-4031
3127424154,316,10,-14,-11,80,249,-4089
3127425154,315,9,-18,-8,19,202,-4157
3127426154,315,2,-9,-2,-25,209,-4141
3127427154,315,7,-10,-2,-53,211,-4134
3127428154,315,3,-10,2,-41,181,-4178
3127429154,314,-1,-1,8,13,167,-4200
3127430154,314,5,-7,14,34,148,-4189
3127431154,314,3,-7,11,64,109,-4144
3127432154,313,5,-7,12,39,92,-4113
3127433154,313,1,-12,8,80,29,-4098
3127434154,313,8,-1,10,33,-15,-4076
3127435154,312,4,-4,13,29,6,-4090
3127436154,312,8,-9,11,72,16,-4067
3127437154,311,2,-9,8,33,-36,-4049
3127438154,311,8,-11,5,-25,-133,-4160
3127439154,310,7,-6,5,-30,-150,-4175
3127440154,310,1,-8,6,10,-92,-4046
3127441154,309,4,-5,4,24,-48,-4039
3127442154,309,3,-2,4,37,-16,-4088
3127443154,308,3,1,5,73,-26,-4131
3127444154,307,5,-2,2,85,-64,-4102
3127445154,307,-3,-1,4,-2,-29,-4092
3127446154,306,12,-9,5,-87,104,-4051
3127447154,305,3,-5,10,-19,54,-3963
3127448154,305,2,-1,13,14,96,-4124
3127449154,304,6,-3,11,214,95,-4054
3127450154,303,7,-5,10,220,73,-4032
3127451154,303,7,-18,6,141,16,-4104
3127452154,302,9,-17,8,-21,47,-4123
3127453154,301,-3,-4,18,-90,112,-4109
3127454154,301,1,2,19,-89,127,-4098
3127455154,300,2,-3,21,-31,153,-4098
3127456154,300,-2,-9,27,-72,186,-4120
3127457154,299,10,-12,32,-97,131,-4109
3127458154,299,9,-2,42,-124,95,-4092
3127459154,298,5,-10,41,-92,82,-4076
3127460154,298,3,-8,51,-24,88,-4073
3127461154,297,5,-13,50,12,48,-4099
3127462154,297,9,-14,42,-25,23,-4091
3127463154,297,10,-12,41,-44,-40,-4082
3127464154,296,11,-14,37,-94,-62,-4075
3127465154,296,15,-15,19,-120,-158,-4106
3127466154,295,10,-15,10,-198,-158,-4158
3127467154,295,12,-14,-3,-130,-87,-4130
3127468154,294,9,-13,-5,-132,-47,-4068
3127469154,294,6,-6,-13,-100,24,-4069
3127470154,293,11,-7,-25,-70,18,-4145
3127471154,293,6,-6,-33,-65,7,-4113
3127472154,292,8,3,-39,-51,23,-4087
3127473154,292,5,2,-51,-37,21,-4081
3127474154,291,8,-1,-47,-31,67,-4079
3127475154,291,5,-6,-56,-1,113,-4046
3127476154,290,9,-5,-59,-52,165,-4052
3127477154,290,5,0,-58,-86,203,-4049
3127478154,290,10,-8,-61,-163,255,-4038
3127479154,290,3,-3,-55,-179,287,-4052
3127480154,290,7,-7,-48,-210,300,-4059
3127481154,290,9,-13,-40,-209,281,-4060
3127482154,290,2,-3,-33,-218,277,-4077
3127483154,290,6,-11,-31,-230,224,-4106
3127484154,290,8,-10,-28,-210,183,-4092
3127485154,291,10,-9,-13,-191,119,-4083
3127486154,291,1,-9,-6,-197,81,-4091
3127487154,291,5,-12,-4,-197,17,-4101
3127488154,292,-1,-8,-1,-186,-45,-4117
3127489154,292,3,-14,5,-168,-82,-4116
3127490154,293,4,-7,-1,-172,-96,-4126
3127491154,293,-2,-8,-7,-166,-136,-4123
3127492154,294,8,-13,-5,-146,-154,-4117
3127493154,294,7,-4,-9,-153,-166,-4103
3127494154,295,3,-1,-8,-106,-162,-4112
3127495154,295,3,1,-14,-90,-175,-4098
3127496154,295,5,-2,-16,-71,-157,-4098
3127497154,295,8,-6,-17,-50,-145,-4087
3127498154,296,-1,-2,-16,-41,-87,-4099
3127499154,296,3,-1,-19,-16,-37,-4079
3127500154,296,5,-7,-18,13,-27,-4077
3127501154,296,9,0,-14,18,32,-4089
3127502154,296,4,0,-13,48,86,-4098
3127503154,296,4,-2,-7,75,113,-4091
3127504154,296,10,0,-9,78,126,-4074
3127505154,296,10,0,-8,73,136,-4076
3127506154,296,9,1,-3,79,139,-4059
3127507154,296,7,-3,-4,82,148,-4052
3127508154,296,7,-5,0,66,148,-4056
3127509154,296,2,-2,4,68,143,-4043
3127510154,295,6,-9,1,59,114,-4060
3127511154,295,7,-10,7,41,127,-4072
3127512154,295,2,-5,-1,31,129,-4071
3127513154,295,1,-7,3,12,102,-4079
3127514154,294,-2,-6,2,9,88,-4088
3127515154,294,5,-3,2,12,73,-4095
3127516154,293,11,0,-7,10,44,-4117
3127517154,293,3,-2,-6,4,26,-4130
3127518154,293,4,2,-4,9,16,-4121
3127519154,292,5,2,-6,18,32,-4144
3127520154,292,6,2,-4,44,30,-4130
3127521154,292,8,0,-6,57,25,-4116
3127522154,291,8,-1,-7,48,-4,-4104
3127523154,291,5,0,-5,48,20,-4098
3127524154,291,6,1,-9,50,0,-4094
3127525154,291,5,1,-7,43,10,-4085
3127526154,291,8,-6,-8,43,8,-4061
3127527154,290,0,1,-8,61,0,-4082
3127528154,290,-3,2,-5,54,-1,-4050
3127529154,290,6,-12,-9,57,-2,-4082
3127530154,290,8,-6,-7,51,4,-4054
3127531154,290,4,-6,-2,49,15,-4073
3127532154,291,1,-3,-5,40,20,-4066
3127533154,291,9,-12,-10,60,16,-4102
3127534154,291,3,-10,-4,47,19,-4097
3127535154,291,2,-9,-5,30,36,-4110
3127536154,291,2,-3,-8,12,45,-4097
3127537154,291,5,-5,-5,18,57,-4084
3127538154,292,-1,-3,-8,18,44,-4096
3127539154,292,4,-3,-10,23,56,-4085
3127540154,292,1,-4,-10,12,47,-4090
3127541154,293,-5,-5,-14,9,59,-4087
3127542154,293,8,-7,-5,-4,79,-4070
3127543154,293,3,-3,-10,1,80,-4078
3127544154,293,4,-7,-15,14,94,-4084
3127545154,294,1,-3,-8,35,100,-4083
3127546154,294,5,-3,-13,32,100,-4083
3127547154,294,4,-4,-9,39,77,-4086
3127548154,294,4,-6,-14,41,64,-4072
3127549154,295,6,-6,-11,55,60,-4071
3127550154,295,4,-5,-8,54,66,-4066
3127551154,295,8,-6,-8,56,47,-4080
3127552154,295,7,-2,-7,58,39,-4062
3127553154,295,6,-6,-8,48,36,-4083
3127554154,295,1,-8,-12,44,38,-4086
3127555154,295,1,-5,-6,52,46,-4072
3127556154,295,4,-5,-8,44,32,-4097
3127557154,295,1,-2,-8,37,35,-4103
3127558154,295,5,-3,-1,23,10,-4100
3127559154,295,-2,-5,-3,28,13,-4098
3127560154,295,1,1,1,28,27,-4108
3127561154,294,11,-7,-4,27,23,-4100
3127562154,294,0,-3,-6,30,5,-4088
3127563154,294,5,-3,-5,43,15,-4103
3127564154,294,5,0,-1,36,32,-4087
3127565154,294,-1,-3,-5,44,20,-4090
3127566154,293,5,-3,-8,29,46,-4096
3127567154,293,6,0,0,47,25,-4112
3127568154,293,7,-3,-6,47,57,-4110
3127569154,293,9,-8,-4,39,53,-4094
3127570154,292,4,-2,0,55,55,-4092
3127571154,292,3,-2,-7,30,74,-4082
3127572154,292,7,-7,0,46,71,-4089
3127573154,292,2,1,-2,41,62,-4089
3127574154,292,7,-6,-4,16,54,-4081
3127575154,291,6,-11,0,43,46,-4083
3127576154,291,5,-3,-6,47,51,-4080
3127577154,291,8,-6,-1,50,63,-4095
3127578154,291,2,-1,-8,45,76,-4083
3127579154,291,8,-5,-5,34,69,-4074
3127580154,291,5,-11,-8,25,57,-4079
3127581154,291,0,-2,-8,37,65,-4097
3127582154,291,2,-4,-7,40,64,-4095
3127583154,291,3,-2,-6,27,43,-4078
3127584154,291,7,-5,-12,46,61,-4079
3127585154,291,4,-6,-12,31,39,-4073
3127586154,291,0,-4,-10,33,36,-4084
3127587154,292,-2,-8,-6,18,38,-4083
3127588154,292,7,-10,-9,37,38,-4081
3127589154,292,6,-6,-11,38,53,-4109
3127590154,292,2,-6,-9,28,50,-4090
3127591154,292,3,-1,-9,24,51,-4089
3127592154,292,7,-2,-10,20,51,-4088
3127593154,293,8,-7,-7,26,47,-4078
3127594154,293,5,-4,-15,8,32,-4081
3127595154,293,4,-2,-11,43,47,-4096
3127596154,293,3,-3,-9,22,47,-4090
3127597154,293,4,-3,-10,29,28,-4092
3127598154,294,4,-4,-13,31,27,-4084
3127599154,294,5,-3,-10,35,28,-4082
3127600154,294,2,-1,-11,30,51,-4083
3127601154,294,5,-3,-11,50,49,-4091
3127602154,294,-1,-1,-7,31,57,-4097
3127603154,294,5,-4,-9,29,58,-4099
3127604154,294,8,-4,-10,45,39,-4096
3127605154,294,2,2,-5,32,48,-4085
3127606154,294,9,-5,-6,42,47,-4095
3127607154,294,9,-3,-7,25,53,-4083
3127608154,294,8,-2,-9,26,39,-4082
3127609154,294,1,-11,-8,33,32,-4093
3127610154,294,-1,-3,-5,40,49,-4085
3127611154,294,7,-8,-10,33,56,-4093
3127612154,294,0,-4,-6,46,64,-4096
3127613154,294,9,-5,-4,46,54,-4097
3127614154,294,5,-2,-3,40,57,-4088
3127615154,293,7,-8,-4,32,63,-4086
3127616154,293,3,-3,-4,34,68,-4077
3127617154,293,12,0,-3,30,56,-4092
3127618154,293,5,-3,-2,41,37,-4085
3127619154,293,8,-2,-2,40,59,-4079
3127620154,293,2,-5,-4,36,45,-4081
3127621154,292,5,4,-1,41,53,-4095
3127622154,292,9,-7,-5,49,62,-4088
3127623154,292,4,1,-9,54,49,-4080
3127624154,292,6,1,-5,49,51,-4090
3127625154,292,9,-7,-1,60,58,-4085
3127626154,292,0,1,-4,53,54,-4091
3127627154,292,7,-5,-4,64,60,-4088
3127628154,292,12,0,-5,39,50,-4079
3127629154,292,4,0,-5,49,44,-4077
3127630154,292,7,-3,-7,36,50,-4076
3127631154,292,5,-1,2,56,48,-4083
3127632154,292,4,-7,0,33,61,-4072
3127633154,292,5,-6,-3,44,40,-4077
3127634154,292,6,-2,-6,60,56,-4088
3127635154,292,7,-8,-5,71,48,-4094
3127636154,292,3,-8,-4,86,38,-4104
3127637154,292,2,-4,0,85,65,-4117
3127638154,292,6,-4,-3,98,84,-4092
3127639154,292,8,-10,-6,87,47,-4082
3127640154,292,11,-5,-7,49,50,-4112
3127641154,292,6,-8,-1,61,32,-4079
3127642154,292,0,-5,-4,68,27,-4071
3127643154,292,0,-7,2,53,31,-4098
3127644154,292,2,-4,-7,82,25,-4103
3127645154,292,2,-7,-6,141,56,-4102
3127646154,292,-3,-8,-6,121,72,-4093
3127647154,292,4,-13,-11,41,87,-4104
3127648154,292,4,-8,-12,50,60,-4061
3127649154,292,9,-7,-8,47,51,-4071
3127650154,292,6,-9,-6,48,65,-4103
3127651154,292,6,-7,-4,42,49,-4086
3127652154,292,11,-9,-9,36,60,-4101
3127653154,292,8,-9,-4,19,26,-4084
3127654154,292,10,-13,-7,5,48,-4097
3127655154,292,5,-7,-5,-4,43,-4079
3127656154,292,7,-8,-12,4,40,-4095
3127657154,292,7,-7,-5,4,44,-4079
3127658154,292,4,-4,-2,5,48,-4111
3127659154,292,5,-6,0,14,52,-4102
3127660154,292,10,-8,1,0,40,-4091
3127661154,292,-1,-3,6,21,46,-4109
3127662154,292,4,-6,5,34,33,-4088
3127663154,292,8,-7,3,59,47,-4116
3127664154,292,3,-1,0,32,31,-4079
3127665154,291,8,-14,1,34,38,-4075
3127666154,291,5,-5,4,54,25,-4085
3127667154,291,4,-6,3,42,22,-4066
3127668154,291,6,-9,-3,64,29,-4077
3127669154,291,7,-3,2,51,37,-4094
3127670154,291,5,-10,0,51,43,-4091
3127671154,291,8,-11,-5,59,58,-4098
3127672154,290,9,-7,-3,60,44,-4089
3127673154,290,3,-4,-3,67,50,-4084
3127674154,290,6,-5,0,54,56,-4085
3127675154,290,6,-6,2,77,50,-4085
3127676154,290,6,-6,3,68,44,-4083
3127677154,290,3,-6,6,79,39,-4083
3127678154,290,3,-9,11,88,47,-4099
3127679154,290,4,-4,13,98,47,-4085
3127680154,290,4,0,12,113,55,-4076
3127681154,290,6,-2,16,118,62,-4091
3127682154,290,-1,4,23,140,57,-4079
3127683154,290,6,2,18,166,59,-4082
3127684154,290,7,2,18,194,81,-4090
3127685154,290,-2,2,26,243,85,-4079
3127686154,290,2,3,28,278,84,-4048
3127687154,290,5,5,37,331,100,-4049
3127688154,289,1,7,36,341,101,-4060
3127689154,289,0,-2,43,377,78,-4067
3127690154,289,5,4,50,372,47,-4057
3127691154,289,0,-11,48,308,-27,-4069
3127692154,289,10,-10,52,265,-52,-4081
3127693154,289,9,-17,54,183,-98,-4079
3127694154,289,9,-22,47,86,-131,-4116
3127695154,289,8,-24,42,-5,-118,-4142
3127696154,288,6,-24,35,-59,-108,-4158
3127697154,288,12,-24,32,-63,-88,-4163
3127698154,287,12,-18,20,-103,-31,-4202
3127699154,287,8,-16,7,-104,25,-4180
3127700154,286,5,-9,8,-116,67,-4163
3127701154,286,2,-5,7,-122,88,-4171
3127702154,285,3,1,3,-72,95,-4126
3127703154,284,0,1,3,-45,119,-4104
3127704154,283,-1,8,3,6,154,-4066
3127705154,283,3,0,1,34,157,-4037
3127706154,282,2,4,2,64,185,-4034
3127707154,281,8,-4,8,103,198,-4009
3127708154,280,10,-3,4,173,158,-3997
3127709154,280,4,3,0,237,136,-4021
3127710154,279,5,10,-1,283,113,-4026
3127711154,278,8,7,-9,374,65,-4009
3127712154,278,3,6,-12,412,65,-3994
3127713154,277,-3,2,-21,460,84,-4031
3127714154,277,-1,11,-28,552,76,-4040
3127715154,276,-3,9,-24,570,90,-4062
3127716154,276,8,-1,-28,559,115,-4080
3127717154,276,-1,-7,-24,450,146,-4059
3127718154,275,8,-7,-27,394,129,-4091
3127719154,275,0,-9,-25,300,97,-4151
3127720154,275,4,-9,-14,230,135,-4160
3127721154,275,3,-28,-7,123,78,-4073
3127722154,275,1,-25,7,-183,80,-4204
3127723154,275,6,-24,8,-194,63,-4217
3127724154,276,1,-19,20,-162,40,-4151
3127725154,276,8,-20,16,-122,-83,-4206
3127726154,276,14,-36,11,-149,-158,-4221
3127727154,276,7,-30,15,-253,-208,-4250
3127728154,276,2,-24,12,-282,-188,-4194
3127729154,276,1,-15,11,-283,-183,-4176
3127730154,276,-6,-10,11,-201,-144,-4143
3127731154,276,-5,-7,6,-124,-72,-4109
3127732154,276,-2,-5,2,-85,-53,-4091
3127733154,276,-2,-2,3,-107,-34,-4074
3127734154,276,-4,-3,4,-52,12,-4030
3127735154,276,-1,7,8,24,27,-4003
3127736154,275,7,2,7,116,79,-3968
3127737154,275,7,-4,-1,172,109,-3969
3127738154,275,-1,3,5,204,137,-3961
3127739154,274,5,6,2,283,162,-3962
3127740154,274,1,13,3,422,190,-3951
3127741154,273,7,12,5,568,184,-3921
3127742154,273,9,16,1,590,182,-3894
3127743154,272,10,-6,-6,618,134,-3877
3127744154,271,5,-7,-5,472,64,-3958
3127745154,271,16,-11,-10,293,50,-4047
3127746154,270,6,-7,-7,208,94,-4024
3127747154,269,12,-12,-3,142,154,-4018
3127748154,269,8,-24,-2,41,195,-4093
3127749154,268,0,-17,7,-99,218,-4192
3127750154,267,10,-28,-6,-219,97,-4263
3127751154,266,4,-25,2,-306,65,-4171
3127752154,266,9,-28,1,-258,-58,-4234
3127753154,265,5,-17,-1,-312,-80,-4417
3127754154,264,11,-11,-4,-92,-18,-4371
3127755154,263,5,-8,-7,25,60,-4217
3127756154,262,6,3,-9,107,60,-4188
3127757154,261,2,13,-17,259,27,-4203
3127758154,260,8,6,-23,279,-42,-4189
3127759154,259,0,13,-15,287,-25,-4016
3127760154,258,-7,18,-11,228,77,-4004
3127761154,258,-3,23,-8,293,125,-4007
3127762154,257,-4,23,2,498,137,-3868
3127763154,256,2,7,3,577,115,-3802
3127764154,256,4,-9,-1,458,41,-3902
3127765154,256,2,-5,6,349,45,-3968
3127766154,255,6,-6,7,273,56,-3999
3127767154,255,-2,-7,16,347,59,-3933
3127768154,255,2,-11,16,347,76,-3988
3127769154,254,4,-18,12,269,56,-4133
3127770154,254,6,-13,10,223,14,-4189
3127771154,254,11,-14,11,157,-43,-4231
3127772154,253,1,-8,18,113,-47,-4253
3127773154,253,2,-4,23,178,-26,-4241
3127774154,253,2,0,18,207,-36,-4241
3127775154,252,4,-2,17,230,-38,-4205
3127776154,252,7,-12,11,159,-27,-4167
3127777154,252,4,-10,14,75,-26,-4176
3127778154,251,4,-6,4,68,-24,-4158
3127779154,251,-2,-8,9,74,-34,-4133
3127780154,250,1,-7,7,95,-7,-4086
3127781154,250,3,-4,3,88,51,-4087
3127782154,249,8,-7,1,86,79,-4058
3127783154,248,5,-6,1,82,101,-4016
3127784154,247,-3,-4,-4,-54,21,-4007
3127785154,246,8,-18,-17,-11,12,-3930
3127786154,245,0,-22,-21,-36,-81,-3941
3127787154,244,5,-22,-25,-204,-64,-4132
3127788154,243,2,-17,-27,-268,8,-4172
3127789154,242,1,-16,-17,-488,288,-4181
3127790154,241,5,-3,-7,-446,450,-3979
3127791154,240,-5,9,5,-512,542,-4208
3127792154,239,5,14,13,-68,377,-4186
3127793154,238,2,10,17,67,301,-3993
3127794154,236,5,-3,16,42,-14,-4090
3127795154,235,5,-11,22,-92,-151,-4040
3127796154,234,5,-9,22,-230,-135,-4085
3127797154,233,5,-4,22,-180,-43,-3992
3127798154,232,-3,5,15,-9,32,-3919
3127799154,231,2,1,3,41,53,-4050
3127800154,230,9,0,-3,9,111,-4051
3127801154,229,6,8,-2,4,81,-4014
3127802154,228,6,19,1,0,48,-4028
3127803154,228,9,23,4,113,88,-4055
3127804154,227,10,20,9,284,-59,-4037
3127805154,226,3,-7,13,55,-248,-4114
3127806154,226,11,-23,12,-120,-198,-4071
3127807154,225,5,-35,20,-471,-241,-3984
3127808154,225,1,-32,30,-715,-154,-4091
3127809154,224,1,-40,29,-550,-99,-4109
3127810154,224,3,-45,25,-491,25,-4180
3127811154,224,6,-46,12,-516,45,-4272
3127812154,223,11,-51,3,-667,90,-4282
3127813154,223,15,-32,-4,-793,59,-4341
3127814154,222,10,-9,-3,-727,10,-4289
3127815154,222,6,11,-6,-499,-4,-4207
3127816154,222,-1,18,-6,-440,7,-4174
3127817154,222,-1,16,-6,-355,38,-4171
3127818154,222,-1,30,3,-217,72,-4066
3127819154,222,-1,34,14,-85,144,-4006
3127820154,222,-9,37,26,7,218,-3938
3127821154,222,-4,32,34,170,338,-3852
3127822154,222,2,21,33,248,337,-3774
3127823154,222,10,9,31,251,209,-3702
3127824154,222,10,-4,28,170,44,-3778
3127825154,222,14,-4,34,104,-11,-3881
3127826154,222,8,-10,28,100,-33,-3966
3127827154,223,7,-18,23,86,-17,-3979
3127828154,223,8,-23,15,-19,27,-4089
3127829154,223,11,-19,16,-59,14,-4179
3127830154,223,12,-26,11,-145,-39,-4310
3127831154,223,5,-24,3,-208,-150,-4304
3127832154,223,5,-25,0,-333,-128,-4202
3127833154,223,4,-25,-16,-380,-131,-4314
3127834154,222,2,-17,-17,-466,-62,-4334
3127835154,222,15,-13,-27,-392,24,-4302
3127836154,222,9,-4,-32,-377,127,-4232
3127837154,221,4,9,-33,-313,164,-4271
3127838154,221,6,8,-36,-286,162,-4195
3127839154,221,8,14,-35,-177,86,-4163
3127840154,220,5,14,-34,-147,60,-4059
3127841154,220,5,9,-27,-106,58,-4028
3127842154,220,3,7,-20,-46,95,-3976
3127843154,219,1,7,-21,5,135,-3974
3127844154,219,1,2,-18,45,195,-3963
3127845154,219,4,3,-12,82,235,-3971
3127846154,219,1,-2,-3,106,204,-3989
3127847154,219,2,-2,-7,122,134,-4003
3127848154,219,0,2,-3,143,95,-4020
3127849154,219,6,-6,0,131,50,-4037
3127850154,219,3,-10,1,103,-19,-4061
3127851154,219,0,-13,8,69,-74,-4077
3127852154,219,-1,-4,2,29,-92,-4084
3127853154,219,-3,-9,4,23,-90,-4089
3127854154,219,3,-10,-4,6,-97,-4113
3127855154,219,0,-5,-2,15,-80,-4131
3127856154,219,5,-2,-8,-21,-66,-4137
3127857154,219,6,-6,-6,-27,-63,-4153
3127858154,220,1,4,-10,-48,-60,-4162
3127859154,220,8,-2,-9,-36,-46,-4155
3127860154,220,6,-1,-15,-50,-31,-4138
3127861154,220,4,5,-14,-26,-33,-4128
3127862154,220,6,-1,-18,-16,-5,-4138
3127863154,221,2,8,-14,26,23,-4123
3127864154,221,2,7,-11,70,55,-4094
3127865154,221,-2,-1,-6,87,94,-4099
3127866154,221,0,6,-8,87,108,-4078
3127867154,222,-2,-5,-8,84,143,-4062
3127868154,222,-2,-4,-9,72,132,-4051
3127869154,222,2,-4,-9,81,138,-4054
3127870154,222,-1,-4,-6,83,139,-4047
3127871154,222,-3,-2,-7,72,122,-4047
3127872154,223,8,-5,-4,51,99,-4055
3127873155,223,1,-5,-11,37,81,-4069
3127874156,223,0,0,-8,35,84,-4078
3127875154,223,-1,-6,-4,20,66,-4074
3127876154,223,3,0,-7,14,52,-4093
3127877154,223,-1,-1,-7,17,56,-4098
3127878154,223,1,0,-9,10,63,-4117
3127879154,223,3,9,-7,23,61,-4112
3127880154,223,3,6,-6,11,44,-4106
3127881154,223,0,1,-12,27,24,-4103
3127882154,222,5,9,-13,23,46,-4085
3127883154,222,7,6,-13,37,41,-4084
3127884154,222,-2,5,-16,38,30,-4082
3127885154,222,5,7,-12,41,27,-4091
3127886154,222,4,-4,-13,59,23,-4077
3127887154,221,-1,3,-14,54,30,-4083
3127888154,221,4,4,-11,65,26,-4094
3127889154,221,4,2,-10,77,25,-4090
3127890154,221,0,0,-4,58,25,-4078
3127891154,221,2,0,-4,66,20,-4081
3127892154,220,-1,-2,-3,42,24,-4093
3127893154,220,2,2,0,45,16,-4094
3127894154,220,4,-7,-1,37,28,-4087
3127895154,220,2,-1,-1,30,18,-4087
3127896154,220,1,-2,1,25,14,-4086
3127897154,220,3,-4,-4,35,37,-4084
3127898154,220,2,3,3,16,36,-4080
3127899154,220,0,-5,1,4,34,-4063
3127900154,220,4,-5,-7,35,37,-4087
3127901154,220,5,1,-12,29,46,-4070
3127902154,220,0,1,-10,59,71,-4080
3127903154,220,1,4,-16,52,64,-4081
3127904154,220,3,-6,-17,55,70,-4071
3127905154,220,1,-2,-14,52,81,-4072
3127906154,220,3,2,-13,52,87,-4071
3127907154,220,4,-2,-21,48,74,-4088
3127908154,220,4,-10,-10,43,88,-4069
3127909154,220,1,-6,-11,32,87,-4081
3127910154,220,2,-4,-9,54,86,-4084
3127911154,220,9,-5,-9,47,97,-4089
3127912154,221,6,-1,-8,47,75,-4099
3127913154,221,7,-6,-5,55,77,-4081
3127914154,221,1,-1,-6,36,81,-4088
3127915154,221,0,-4,-10,41,63,-4095
3127916154,221,6,-2,-10,20,64,-4098
3127917154,221,6,-2,-15,37,55,-4104
3127918154,222,2,-6,-16,36,37,-4101
3127919154,222,2,-4,-17,38,37,-4090
3127920154,222,3,-6,-15,66,21,-4101
3127921154,222,2,-1,-19,51,24,-4098
3127922154,222,1,3,-19,56,17,-4079
3127923154,222,5,-4,-15,46,28,-4082
3127924154,222,6,-3,-13,56,33,-4094
3127925154,222,4,2,-14,61,39,-4096
3127926154,222,11,-3,-15,54,41,-4080
3127927154,222,5,-2,-9,34,31,-4088
3127928154,222,5,-8,-7,42,40,-4092
3127929154,222,7,-6,-13,55,34,-4088
3127930154,222,5,6,-7,46,36,-4093
3127931154,222,5,-1,-10,62,24,-4088
3127932154,222,3,-2,-12,43,47,-4094
3127933154,222,6,-3,-13,30,44,-4103
3127934154,222,7,-6,-13,40,43,-4082
3127935154,222,4,-1,-7,37,51,-4079
3127936154,222,3,-11,-14,26,46,-4094
3127937154,222,3,-5,-17,80,45,-4109
3127938154,222,0,-5,-18,115,64,-4103
3127939154,222,4,-7,-16,70,59,-4098
3127940155,221,7,-10,-12,24,57,-4107
3127941154,221,3,-1,-11,17,48,-4068
3127942154,221,0,-5,-12,6,43,-4071
3127943154,221,4,-3,-12,26,61,-4068
3127944154,221,2,-4,-11,32,64,-4084
3127945154,221,0,-5,-14,76,6,-4133
3127946154,221,1,-5,-14,60,-4,-4154
3127947154,221,5,-3,-20,29,-13,-4156
3127948154,221,5,-3,-18,70,-12,-4141
3127949154,221,1,4,-21,83,-8,-4135
3127950154,221,1,0,-26,99,42,-4130
3127951154,221,1,1,-18,139,70,-4148
3127952154,221,-1,-2,-22,109,114,-4121
3127953154,221,-3,-1,-23,151,114,-4065
3127954154,221,1,-2,-18,120,127,-4089
3127955154,221,9,-5,-20,131,137,-4032
3127956154,221,6,-10,-20,133,137,-3989
3127957154,221,3,-8,-13,93,130,-3965
3127958154,221,12,-7,-11,77,96,-3937
3127959154,221,9,-5,-8,78,51,-3923
3127960154,221,12,-7,-10,105,32,-3920
3127961154,221,10,-5,-15,97,10,-3950
3127962154,221,14,0,-11,87,-3,-3977
3127963154,221,15,-3,-14,77,-35,-4015
3127964154,222,10,-2,-20,64,-59,-4051
3127965154,222,4,-6,-20,53,-48,-4082
3127966154,222,6,3,-20,68,-50,-4138
3127967154,222,3,6,-19,92,-43,-4160
3127968154,222,4,0,-26,106,-4,-4183
3127969154,222,-2,-3,-27,87,41,-4208
3127970154,222,4,5,-27,97,57,-4203
3127971154,222,0,2,-30,95,62,-4209
3127972154,222,8,1,-33,127,82,-4203
3127973154,222,5,3,-37,119,78,-4187
3127974154,221,8,-4,-33,94,77,-4171
3127975154,221,9,-3,-33,98,39,-4143
3127976154,221,9,-6,-40,82,67,-4108
3127977154,221,7,-9,-39,88,52,-4102
3127978154,221,2,-6,-30,103,64,-4108
3127979154,221,-4,-6,-37,107,81,-4097
3127980154,221,3,-8,-33,125,68,-4078
3127981154,221,6,-10,-34,131,65,-4053
3127982154,221,3,-8,-34,148,80,-4061
3127983154,221,3,-4,-33,188,87,-4026
3127984154,221,3,1,-35,238,57,-4023
3127985154,220,7,-1,-36,250,56,-4027
3127986154,220,2,8,-45,316,21,-4032
3127987154,220,11,4,-49,418,-20,-4033
3127988154,220,3,6,-59,459,-42,-4056
3127989154,220,6,7,-62,438,-12,-4077
3127990154,220,8,-1,-64,410,38,-4037
3127991154,220,5,2,-65,319,82,-4052
3127992154,220,-1,6,-63,332,120,-4119
3127993154,220,1,6,-57,417,178,-4117
3127994154,220,1,6,-55,424,148,-4133
3127995154,220,2,-5,-54,409,150,-4177
3127996154,220,2,-16,-42,145,248,-4233
3127997154,220,3,-8,-22,62,252,-4062
3127998154,220,-2,-4,-11,-28,226,-4126
3127999154,220,2,-11,7,10,199,-4214
3128000154,220,1,-13,15,174,154,-4090
3128001154,220,5,-23,21,226,22,-4143
3128002154,220,4,-16,27,157,-39,-4136
3128003154,220,3,-20,26,142,-100,-4144
3128004154,220,8,-18,25,107,-137,-4053
3128005154,220,4,-14,22,173,-217,-4063
3128006154,219,4,-25,15,75,-227,-4149
3128007154,219,10,-19,11,38,-189,-4113
3128008154,219,6,-17,-4,56,-167,-4059
3128009154,218,0,-8,-13,43,-165,-4063
3128010154,217,-2,0,-21,106,-116,-4108
3128011154,217,5,3,-35,206,-92,-4148
3128012154,216,0,6,-39,210,-41,-4138
3128013154,215,-5,4,-48,175,66,-4093
3128014154,214,0,11,-44,127,154,-4057
3128015154,213,-7,26,-41,238,228,-4069
3128016154,212,-4,28,-32,309,354,-4112
3128017154,211,2,22,-20,337,427,-4098
3128018154,210,7,17,-14,362,409,-3983
3128019154,209,3,8,-2,264,360,-3935
3128020154,208,9,-1,12,237,268,-3944
3128021154,207,0,2,20,212,239,-3978
3128022154,206,9,-7,32,273,156,-4050
3128023154,206,4,-11,32,384,119,-4037
3128024154,205,-3,-10,38,314,104,-4126
3128025154,204,12,-20,39,248,85,-4089
3128026154,203,5,-15,41,138,55,-4049
3128027154,202,6,-12,41,38,3,-4130
3128028154,202,7,-10,37,67,-40,-4207
3128029154,201,4,-2,41,131,-67,-4166
3128030154,200,5,-3,43,151,-150,-4178
3128031154,199,9,0,38,138,-180,-4193
3128032154,198,1,-9,41,43,-155,-4198
3128033154,198,5,1,42,15,-149,-4136
3128034154,197,5,2,35,33,-121,-4097
3128035154,196,3,5,38,55,-89,-4096
3128036154,195,2,-5,33,95,-54,-4094
3128037154,194,3,-1,31,102,-64,-4079
3128038154,193,7,-1,25,49,-19,-4047
3128039154,192,4,-4,24,74,-2,-4019
3128040154,191,-1,1,25,84,5,-4036
3128041154,190,8,-6,19,121,36,-4012
3128042154,190,6,-8,14,107,64,-4068
3128043154,189,6,-15,15,51,122,-4089
3128044154,188,6,-7,16,55,133,-4085
3128045154,187,4,-6,20,23,160,-4054
3128046154,186,11,-23,5,-2,-37,-4023
3128047154,185,7,-39,-3,-152,-85,-3858
3128048154,184,-7,-36,-6,-310,-48,-4092
3128049154,183,-2,-37,-18,-417,44,-4165
3128050154,182,4,-28,-30,-389,228,-4222
3128051154,181,4,-11,-28,-411,397,-4131
3128052154,180,13,-8,-29,-390,428,-4138
3128053154,179,10,0,-30,-353,374,-4121
3128054154,179,10,-1,-28,-333,182,-4240
3128055154,178,8,8,-25,-254,86,-4186
3128056154,177,7,7,-21,-209,92,-4047
3128057154,177,7,1,-10,-225,96,-4052
3128058154,176,-2,3,-9,-227,133,-4006
3128059154,176,1,-1,-2,-307,216,-4027
3128060154,176,-1,0,7,-299,337,-3997
3128061154,175,0,1,23,-262,335,-4021
3128062154,175,2,5,26,-180,284,-4013
3128063154,175,7,-2,39,-153,218,-3999
3128064154,175,6,-11,48,-144,21,-4003
3128065154,175,6,-16,56,-154,-171,-4029
3128066154,175,6,-17,68,-166,-334,-4028
3128067154,175,7,-21,63,-179,-376,-4043
3128068154,176,4,-27,62,-203,-355,-4046
3128069154,176,1,-29,55,-284,-302,-4062
3128070154,176,2,-24,46,-279,-221,-4154
3128071154,175,2,-15,42,-279,-150,-4223
3128072154,175,10,-14,30,-256,-95,-4240
3128073154,175,9,-5,22,-231,-33,-4266
3128074154,175,8,10,25,-133,13,-4281
3128075154,174,13,19,25,-37,6,-4252
3128076154,174,13,20,26,3,-43,-4236
3128077154,174,11,20,25,71,-109,-4076
3128078154,173,10,10,25,103,-150,-3955
3128079154,173,0,7,25,75,-84,-4016
3128080154,172,5,-1,30,124,100,-3990
3128081154,172,6,0,29,166,183,-3946
3128082154,171,7,-5,28,41,253,-3914
3128083154,171,16,-20,13,55,126,-3936
3128084154,170,17,-30,-8,31,-6,-3844
3128085154,169,14,-21,-10,50,-60,-3952
3128086154,168,1,-17,-25,-71,38,-4193
3128087154,168,6,-10,-41,-35,183,-4280
3128088154,167,12,-5,-45,-72,318,-4154
3128089154,166,4,11,-52,-37,306,-4260
3128090154,165,4,16,-55,-16,285,-4271
3128091154,164,14,11,-57,-9,202,-4299
3128092154,164,13,-1,-52,-110,242,-4080
3128093154,163,4,-1,-39,-221,223,-4020
3128094154,163,-1,-2,-34,-237,225,-4101
3128095154,162,3,0,-22,-182,258,-4069
3128096154,162,2,-7,-19,-165,272,-3995
3128097154,162,4,-16,-14,-211,224,-4071
3128098154,162,7,-7,-4,-247,161,-4083
3128099154,162,7,-4,-6,-230,101,-4097
3128100154,162,8,-8,4,-172,-25,-4083
3128101154,162,6,-9,5,-170,-105,-4090
3128102154,162,1,-6,7,-202,-156,-4101
3128103154,162,4,-1,6,-203,-201,-4127
3128104154,163,-2,-9,11,-203,-191,-4112
3128105154,163,0,-4,7,-187,-178,-4118
3128106154,163,1,3,7,-112,-162,-4106
3128107154,164,1,-4,0,-68,-172,-4112
3128108154,164,2,2,6,-60,-180,-4102
3128109154,165,2,-4,0,-51,-149,-4117
3128110154,165,7,-6,-11,-70,-129,-4116
3128111154,166,3,-5,-9,-51,-121,-4090
3128112154,166,10,-6,-9,-73,-101,-4055
3128113154,167,7,-2,-17,-71,-84,-4061
3128114154,167,4,2,-12,-65,-55,-4061
3128115154,167,8,0,-14,-1,-14,-4068
3128116154,168,1,0,-11,34,50,-4071
3128117154,168,8,-6,-21,42,88,-4070
3128118154,168,8,-10,-19,54,147,-4063
3128119154,169,3,-4,-14,60,167,-4053
3128120154,169,4,-8,-15,40,179,-4065
3128121154,169,7,-8,-13,67,181,-4053
3128122154,169,2,-2,-9,66,190,-4064
3128123154,169,12,-9,-8,66,182,-4060
3128124154,170,7,-5,-3,55,157,-4084
3128125154,170,2,-6,-6,55,150,-4082
3128126154,170,0,3,-1,31,127,-4087
3128127154,169,2,2,3,30,122,-4073
3128128154,169,6,-4,-2,19,113,-4065
3128129154,169,4,-7,0,20,79,-4071
3128130154,169,3,2,1,36,51,-4082
3128131154,169,8,-2,-5,48,49,-4078
3128132154,168,7,-3,-3,33,24,-4093
3128133154,168,2,0,-6,38,25,-4110
3128134154,168,3,-2,-3,28,-16,-4112
3128135154,167,5,3,-12,58,-15,-4136
3128136154,167,5,4,-3,48,-26,-4149
3128137154,167,3,-6,-5,48,-36,-4130
3128138154,166,1,1,-3,60,-21,-4133
3128139154,166,4,-2,1,51,-9,-4123
3128140154,165,1,-1,-2,45,-10,-4109
3128141154,165,4,0,-5,39,-4,-4092
3128142154,165,5,-3,-2,44,-1,-4090
3128143154,164,8,-2,-2,44,-3,-4078
3128144154,164,3,-6,-7,54,27,-4071
3128145154,164,0,-2,-6,49,23,-4064
3128146154,164,-2,-2,1,34,34,-4069
3128147154,164,5,-2,-5,39,47,-4071
3128148154,163,4,0,1,43,44,-4071
3128149154,163,3,-3,2,32,56,-4092
3128150154,163,9,-4,-2,37,55,-4075
3128151154,163,5,-1,-2,39,51,-4068
3128152154,163,10,-6,-4,29,62,-4095
3128153154,163,5,-4,-7,7,72,-4082
3128154154,164,0,2,-5,27,70,-4090
3128155154,164,8,-1,-8,24,70,-4095
3128156154,164,4,-6,-15,13,79,-4093
3128157154,164,7,-4,-12,23,82,-4084
3128158154,164,9,-3,-12,27,80,-4096
3128159154,165,2,-1,-6,27,79,-4096
3128160154,165,11,-6,-11,24,103,-4090
3128161154,165,9,-10,-12,42,66,-4081
3128162154,165,6,-2,-9,30,74,-4075
3128163154,166,1,-4,-11,47,88,-4074
3128164154,166,3,-8,-9,34,68,-4080
3128165154,166,8,-3,-12,37,44,-4096
3128166154,167,5,-7,-16,30,36,-4081
3128167154,167,12,-7,-15,33,30,-4092
3128168154,167,4,-3,-11,24,51,-4092
3128169154,167,5,-5,-15,29,51,-4086
3128170154,168,2,-5,-14,23,43,-4075
3128171154,168,0,-3,-14,34,40,-4080
3128172154,168,0,-6,-11,35,37,-4088
3128173154,168,8,-3,-12,31,29,-4078
3128174154,168,6,-4,-13,35,24,-4088
3128175154,168,7,-3,-9,52,40,-4089
3128176154,169,8,-4,-9,58,38,-4082
3128177154,169,7,1,-11,47,32,-4079
3128178154,169,8,-5,-11,55,30,-4092
3128179154,169,3,-6,-3,45,54,-4101
3128180154,168,2,-6,-10,46,50,-4092
3128181154,168,1,-5,-3,49,53,-4086
3128182154,168,7,-10,-4,49,50,-4076
3128183154,168,6,-6,2,41,66,-4080
3128184154,168,12,-4,-4,36,72,-4091
3128185154,168,6,-3,-3,36,56,-4066
3128186154,168,0,-5,1,28,58,-4088
3128187154,167,5,-6,-2,41,60,-4077
3128188154,167,6,-4,-5,45,49,-4080
3128189154,167,4,-3,-7,33,45,-4089
3128190154,167,6,-4,-4,25,48,-4091
3128191154,166,9,-1,-2,48,43,-4097
3128192154,166,9,-2,-4,34,52,-4075
3128193154,166,0,4,2,42,47,-4091
3128194154,166,2,-1,-3,14,48,-4083
3128195154,165,6,2,-1,32,56,-4092
3128196154,165,6,-2,2,34,44,-4090
3128197154,165,4,-5,3,54,47,-4079
3128198154,165,8,-9,-6,58,40,-4075
3128199154,165,0,-7,-1,38,40,-4086
3128200154,165,2,-2,-5,51,55,-4069
3128201154,165,9,-7,-9,41,55,-4066
3128202154,165,5,-5,-5,52,46,-4075
3128203154,164,3,-8,-7,27,40,-4078
3128204154,164,3,-5,-4,36,50,-4097
3128205154,164,6,-6,-8,41,53,-4072
3128206154,165,8,-6,-10,33,73,-4079
3128207154,165,3,0,-9,40,57,-4071
3128208154,165,8,-6,-7,33,42,-4074
3128209154,165,8,-5,-9,38,44,-4077
3128210154,165,6,-3,-6,27,46,-4082
3128211154,165,9,-10,-11,27,43,-4085
3128212154,165,7,-8,-10,50,51,-4109
3128213154,166,4,1,-7,38,51,-4103
3128214154,166,8,-12,-11,38,46,-4085
3128215154,166,9,-8,-11,33,56,-4082
3128216154,166,8,-8,-10,28,64,-4095
3128217154,166,1,-6,-12,24,50,-4088
3128218154,167,2,-4,-10,43,39,-4096
3128219154,167,9,-13,-14,28,54,-4069
3128220154,167,2,-3,-15,37,56,-4085
3128221154,167,4,-3,-10,38,56,-4067
3128222154,167,4,-6,-11,35,50,-4085
3128223154,167,6,-2,-7,40,47,-4077
3128224154,167,7,-5,-13,34,36,-4081
3128225154,168,6,-11,-12,43,41,-4088
3128226154,168,6,-6,-12,27,39,-4075
3128227154,168,5,-4,-8,42,58,-4091
3128228154,168,1,3,-6,46,33,-4080
3128229154,168,5,-4,-10,39,49,-4080
3128230154,168,1,0,-2,39,34,-4087
3128231154,168,7,-2,-11,51,44,-4089
3128232154,168,7,-2,-10,40,37,-4088
3128233154,168,7,-6,-4,41,28,-4081
3128234154,168,5,1,-5,34,44,-4086
3128235154,167,3,-2,-4,39,45,-4101
3128236154,167,7,-2,-6,44,45,-4089
3128237154,167,2,-2,-4,25,55,-4097
3128238154,167,8,-9,-4,37,40,-4120
3128239154,167,3,-1,-7,26,44,-4102
3128240154,167,9,-4,-3,28,32,-4101
3128241154,167,6,-3,-3,29,29,-4092
3128242154,167,3,-3,-6,24,33,-4084
3128243154,166,4,-3,-7,32,28,-4069
3128244154,166,6,0,-1,34,41,-4097
3128245154,166,7,-2,-9,34,37,-4080
3128246154,166,4,-3,-4,33,48,-4101
3128247154,166,8,1,-4,40,51,-4082
3128248154,166,7,-2,-9,28,49,-4086
3128249154,166,8,-2,-8,37,56,-4092
3128250154,165,4,1,-4,38,51,-4087
3128251154,165,8,-5,-5,29,45,-4081
3128252154,165,5,-4,-7,26,32,-4082
3128253154,165,-2,-7,-11,22,51,-4079
3128254154,165,-2,-6,-7,28,40,-4088
3128255154,165,5,-1,-5,29,38,-4092
3128256154,165,12,-5,-8,28,41,-4084
3128257154,165,4,-8,-4,31,26,-4087
3128258154,165,7,-4,-7,35,32,-4098
3128259154,165,1,-3,-3,24,48,-4098
3128260154,165,6,-3,-1,32,40,-4078
3128261154,165,4,-7,-8,35,44,-4095
3128262154,165,5,-6,-13,24,37,-4079
3128263154,166,9,-3,-12,38,42,-4091
3128264154,166,2,-5,-14,39,50,-4083
3128265154,166,12,-6,-16,31,36,-4078
3128266154,166,1,-2,-10,57,33,-4087
3128267154,166,5,-9,-11,32,54,-4088
3128268154,166,7,-5,-8,41,52,-4081
3128269154,166,10,-9,-6,49,28,-4094
3128270154,166,6,-5,-6,42,49,-4090
3128271154,167,0,-8,-7,52,30,-4096
3128272154,167,0,-7,-8,47,46,-4095
3128273154,167,5,-4,-12,30,50,-4096
3128274154,167,-1,-3,-11,29,51,-4083
3128275154,167,4,-7,-8,18,46,-4082
3128276154,167,12,-4,-6,39,49,-4088
3128277154,167,5,-3,-6,39,49,-4083
3128278154,167,4,-2,-5,47,24,-4080
3128279154,167,5,-3,-8,37,49,-4083
3128280154,167,9,-10,-5,36,40,-4098
3128281154,167,5,-6,-6,30,59,-4085
3128282154,167,0,0,-6,46,57,-4091
3128283154,167,9,-5,-7,17,53,-4086
3128284154,167,6,-3,-8,33,48,-4094
3128285154,167,5,-6,-10,34,35,-4090
3128286154,167,2,-3,-5,39,50,-4081
3128287154,167,2,-1,-5,28,55,-4086
3128288154,167,3,-10,-11,38,42,-4092
3128289154,167,8,-4,-13,42,43,-4100
3128290154,167,0,-1,-6,36,41,-4095
3128291154,167,3,1,-17,35,44,-4086
3128292154,167,4,-7,-11,36,35,-4098
3128293154,167,-1,-3,-6,44,43,-4105
3128294154,167,6,-5,-3,36,38,-4095
3128295154,166,4,-5,-6,28,40,-4089
3128296154,166,2,1,-5,40,55,-4090
3128297154,166,2,-6,-1,22,47,-4106
3128298154,166,5,-6,-2,29,67,-4099
3128299154,166,3,-5,-6,32,42,-4089
3128300154,166,0,-4,-5,43,47,-4098
3128301154,166,4,-9,-5,40,44,-4084
3128302154,166,9,-9,-6,42,38,-4096
3128303154,166,6,-2,-6,29,45,-4094
3128304154,166,6,-7,-7,31,46,-4088
3128305154,166,7,2,-8,46,55,-4086
3128306154,166,1,-2,-7,33,43,-4085
3128307154,166,2,-5,-9,40,50,-4076
3128308154,166,2,-5,-6,37,40,-4085
3128309154,166,6,-2,-10,36,56,-4084
3128310154,166,1,-9,-8,42,61,-4079
3128311154,166,-2,1,-4,39,45,-4097
3128312154,166,8,-4,-2,44,51,-4076
3128313154,166,5,-3,-4,53,56,-4074
3128314154,166,-4,3,-5,52,48,-4101
3128315154,166,1,-6,-4,51,41,-4089
3128316154,166,3,-8,-8,51,51,-4081
3128317154,166,3,-6,-10,44,48,-4078
3128318154,166,3,-6,-10,46,33,-4102
3128319154,166,-1,-3,-11,42,51,-4094
3128320154,166,6,-4,-13,30,34,-4076
3128321154,167,4,-4,-11,28,34,-4096
3128322154,167,3,-2,-18,30,61,-4079
3128323154,167,1,-7,-15,40,40,-4074
3128324154,167,2,-6,-7,36,38,-4082
3128325154,167,4,-5,-10,37,44,-4087
3128326154,167,5,-9,-5,39,46,-4100
3128327154,167,3,-8,-6,43,37,-4089
3128328154,167,4,-3,-9,24,38,-4088
3128329154,167,4,-6,-10,28,62,-4077
3128330154,167,1,-2,-8,50,36,-4090
3128331154,167,4,-10,-8,40,43,-4084
3128332154,167,1,-1,-9,39,37,-4097
3128333154,167,5,-5,-5,43,40,-4077
3128334154,167,2,-11,-9,51,34,-4096
3128335154,167,3,-6,-10,39,40,-4092
3128336154,167,2,-5,-11,39,40,-4092
3128337154,167,6,-7,-13,31,26,-4085
3128338154,167,4,-7,-11,33,44,-4103
3128339154,167,6,-5,-12,40,43,-4097
3128340154,167,2,-2,-9,39,32,-4103
3128341154,167,2,-1,-8,41,43,-4093
3128342154,167,6,-8,-7,43,39,-4093
3128343154,167,6,-6,-8,23,52,-4092
3128344154,167,5,-7,-5,25,46,-4092
3128345154,167,5,-6,-8,27,50,-4094
3128346154,167,-2,5,-9,38,43,-4075
3128347154,167,8,-5,-7,33,31,-4086
3128348154,167,3,-1,-3,30,48,-4092
3128349154,166,4,0,-7,37,33,-4095
3128350154,166,6,-3,-10,35,25,-4082
3128351154,166,2,2,-17,42,39,-4081
3128352154,166,7,-6,-14,50,39,-4086
3128353154,166,3,-3,-15,37,39,-4075
3128354154,166,2,-5,-8,37,54,-4087
3128355154,166,9,-8,-11,26,48,-4091
3128356154,166,3,-5,-13,21,45,-4076
3128357154,166,2,0,-10,30,41,-4098
3128358154,166,3,0,-6,39,34,-4085
3128359154,166,13,-2,-13,23,44,-4090
3128360154,166,9,-4,-8,35,38,-4081
3128361154,166,2,0,-7,21,23,-4091
3128362154,166,9,-2,-11,33,45,-4083
3128363154,166,5,-10,-14,36,64,-4098
3128364154,166,3,-2,-12,41,56,-4088
3128365154,167,1,-1,-12,43,55,-4087
3128366154,167,10,-7,-10,30,55,-4094
3128367154,167,9,-6,-12,22,44,-4093
3128368154,167,7,-9,-17,29,43,-4073
3128369154,167,7,-6,-10,34,30,-4087
3128370154,167,3,-5,-17,38,50,-4074
3128371154,167,6,-8,-14,25,48,-4083
3128372154,167,1,-8,-11,33,46,-4066
3128373154,167,2,-1,-8,25,40,-4070
3128374154,167,6,-12,-9,34,44,-4080
3128375154,167,6,-7,-14,38,49,-4080
3128376154,167,3,-9,-11,56,34,-4084
3128377154,167,2,-6,-9,35,37,-4076
3128378154,167,1,-3,-8,38,53,-4086
3128379154,167,5,-8,-10,42,41,-4091
3128380154,167,2,-6,-11,32,51,-4088
3128381154,167,-3,-4,-11,38,43,-4077
3128382154,167,0,-11,-11,40,37,-4080
3128383154,167,-2,-3,-11,54,51,-4062
3128384154,167,9,-9,-11,48,62,-4081
3128385154,167,-1,-6,-9,34,37,-4079
3128386154,167,2,-6,-10,18,42,-4089
3128387154,167,2,-11,-8,34,44,-4080
3128388154,167,3,-7,-5,25,54,-4075
3128389154,167,4,-10,-9,29,60,-4078
3128390154,167,11,-9,-13,46,55,-4077
3128391154,167,7,-6,-11,29,66,-4093
3128392154,167,6,-3,-15,37,50,-4083
3128393154,167,7,-8,-10,46,60,-4090
3128394154,167,1,4,-5,36,47,-4092
3128395154,167,5,-5,-10,28,56,-4099
3128396154,167,4,-2,-8,37,40,-4097
3128397154,167,6,-9,-11,46,42,-4082
3128398154,167,9,-6,-10,32,58,-4105
3128399154,167,1,-3,-7,25,47,-4089
3128400154,167,2,-7,-5,50,55,-4094
3128401154,167,7,-3,-9,22,41,-4087
3128402154,167,3,-7,-11,40,46,-4089
3128403154,167,7,-4,-9,44,52,-4099
3128404154,167,9,-5,-12,33,45,-4094
3128405154,167,-1,-3,-10,24,44,-4096
3128406154,167,-1,-5,-13,33,33,-4094
3128407154,167,1,-1,-13,30,44,-4087
3128408154,167,7,-2,-8,24,47,-4095
3128409154,167,1,-4,-10,26,63,-4089
3128410154,167,3,-4,-8,45,34,-4096
3128411154,167,5,-8,-13,40,53,-4102
3128412154,167,2,-6,-5,48,50,-4081
3128413154,167,4,-3,-8,28,44,-4104
3128414154,167,-1,-2,-4,36,52,-4082
3128415154,167,3,-2,-7,22,53,-4088
3128416154,167,6,-1,-13,39,26,-4078
3128417154,167,0,-7,-8,36,51,-4075
3128418154,167,2,-4,-9,34,39,-4093
3128419154,167,7,-3,-9,26,48,-4077
3128420154,167,3,-5,-12,31,55,-4104
3128421154,167,5,-5,-11,28,41,-4092
3128422154,167,7,-10,-12,41,50,-4092
3128423154,167,3,-6,-14,36,45,-4099
3128424154,167,-8,-3,-13,35,39,-4093
3128425154,167,5,-9,-7,21,38,-4073
3128426154,167,-1,-1,-8,48,50,-4090
3128427154,167,-1,1,-8,26,40,-4091
3128428154,167,3,-3,-10,36,42,-4095
3128429154,167,7,-2,-10,26,45,-4078
3128430154,167,7,-9,-13,42,42,-4089
3128431154,167,-1,-4,-7,26,44,-4091
3128432154,167,2,-7,-6,23,47,-4067
3128433154,167,3,-4,-10,25,51,-4080
3128434154,167,9,-4,-7,27,47,-4094
3128435154,167,6,-4,-5,29,39,-4095
3128436154,167,3,-2,-7,23,44,-4081
3128437154,167,10,-3,-8,20,41,-4095
3128438154,167,4,1,-4,17,28,-4092
3128439154,167,3,0,-7,40,28,-4092
3128440154,167,4,-7,-10,39,34,-4090
3128441154,167,3,-3,-11,36,39,-4076
3128442154,167,4,-1,-7,26,37,-4074
3128443154,167,4,-5,-11,43,55,-4088
3128444154,167,0,-6,-9,41,41,-4097
3128445154,167,5,-2,-8,39,40,-4076
3128446154,167,1,1,-5,39,56,-4080
3128447154,167,4,-5,-7,41,42,-4088
3128448154,167,7,-6,-4,45,36,-4081
3128449154,167,2,-4,-8,33,57,-4101
3128450154,167,1,-1,-7,31,53,-4082
3128451154,167,5,-1,-7,45,32,-4095
3128452154,167,3,-3,-7,31,51,-4084
3128453154,167,2,-2,-13,46,58,-4089
3128454154,167,5,-8,-8,35,62,-4090
3128455154,167,2,2,-7,48,50,-4098
3128456154,167,6,-3,-10,41,56,-4098
3128457154,167,6,-6,-6,47,43,-4088
3128458154,167,6,-7,-9,41,54,-4084
3128459154,167,0,-4,-7,37,50,-4081
3128460154,167,0,-3,-11,40,39,-4075
3128461154,167,7,-3,-7,41,45,-4074
3128462154,167,1,-2,-13,52,57,-4088
3128463154,167,4,2,-3,52,56,-4061
3128464154,167,1,-4,-3,40,38,-4069
3128465154,167,5,-3,-7,46,24,-4087
3128466154,167,6,-4,-9,38,43,-4097
3128467154,167,0,-8,-5,33,43,-4092
3128468154,167,2,-4,-10,35,37,-4091
3128469154,167,1,-5,-11,45,56,-4095
3128470154,167,5,-7,-7,43,48,-4096
3128471154,167,-2,-3,-11,34,45,-4102
3128472154,167,7,-10,-5,31,56,-4089
3128473154,167,1,-7,-12,29,46,-4081
3128474154,167,2,-4,-13,43,61,-4063
3128475154,167,9,-9,-12,43,55,-4075
3128476154,167,3,2,-10,36,44,-4078
3128477154,167,7,-2,-7,46,49,-4082
3128478154,167,3,-9,-12,27,28,-4074
3128479154,167,-1,-2,-8,36,42,-4096
3128480154,167,10,-4,-9,55,45,-4063
3128481154,167,2,-1,-6,31,48,-4083
3128482154,167,-3,-2,-5,50,40,-4096
3128483154,167,7,-4,-12,52,53,-4101
3128484154,167,-1,-6,-11,40,48,-4090
3128485154,167,2,-4,-6,45,41,-4106
3128486154,167,12,-3,-11,43,59,-4089
3128487154,167,2,-6,-13,40,46,-4086
3128488154,167,-1,-5,-12,41,38,-4098
3128489154,167,5,-2,-11,20,54,-4092
3128490154,167,5,-4,-10,19,33,-4085
3128491154,167,4,-8,-16,30,29,-4086
3128492154,167,5,-2,-10,40,46,-4080
3128493154,167,5,-3,-13,47,43,-4098
3128494154,167,5,-4,-5,37,54,-4091
3128495154,167,8,-3,-10,41,54,-4089
3128496154,167,3,-7,-4,32,43,-4096
3128497154,167,7,-6,-9,19,46,-4088
3128498154,167,2,-4,-11,43,39,-4091
3128499154,167,2,-11,-6,27,47,-4095
3128500154,167,5,-4,-10,32,30,-4102
3128501154,167,3,-3,-14,33,44,-4095
3128502154,167,7,-4,-13,46,46,-4082
3128503154,167,2,-3,-7,28,53,-4083
3128504154,167,5,-9,-11,31,48,-4100
3128505154,167,2,-7,-11,38,50,-4089
3128506154,167,2,3,-11,34,42,-4082
3128507154,167,9,-9,-11,25,56,-4098
3128508154,167,7,-1,-9,35,42,-4100
3128509154,167,5,-3,-9,40,46,-4095
3128510154,167,7,-1,-13,13,48,-4094
3128511154,167,-3,0,-12,25,43,-4086
3128512154,167,8,-8,-12,37,46,-4095
3128513154,167,5,-3,-6,36,41,-4091
3128514154,167,5,-1,-8,41,31,-4081
3128515154,167,6,-4,-14,45,45,-4077
3128516154,167,6,-4,-7,34,40,-4081
3128517154,167,4,-3,-10,43,21,-4085
3128518154,167,6,-2,-10,46,57,-4096
3128519154,167,8,-1,-15,35,39,-4088
3128520154,167,10,-2,-12,42,32,-4095
3128521154,167,5,-5,-13,34,49,-4093
3128522154,167,3,-1,-11,30,45,-4091
3128523154,167,4,-2,-12,36,47,-4087
3128524154,167,4,-5,-10,36,46,-4084
3128525154,167,5,-8,-14,35,55,-4087
3128526154,167,6,-7,-8,31,43,-4072
3128527154,167,3,-4,-11,50,50,-4083
3128528154,167,2,-4,-10,42,41,-4081
3128529154,167,1,-6,-16,27,37,-4079
3128530154,167,0,-6,-6,49,42,-4096
3128531154,168,6,-7,-12,38,35,-4087
3128532154,168,1,1,-9,30,47,-4098
3128533154,168,3,-6,-9,45,48,-4087
3128534154,168,7,-3,-12,42,35,-4080
3128535154,168,-3,2,-13,35,53,-4095
3128536154,168,6,-7,-8,37,38,-4095
3128537154,168,5,0,-12,19,38,-4087
3128538154,168,3,-1,-11,40,25,-4077
3128539154,168,9,-2,-11,46,58,-4073
3128540154,168,1,-5,-10,43,48,-4080
3128541154,168,4,-5,-1,26,52,-4083
3128542154,168,5,-3,-9,36,52,-4104
3128543154,168,5,-5,-11,40,47,-4110
3128544154,168,8,-7,-12,25,59,-4107
3128545154,168,3,-2,-11,31,57,-4082
3128546154,168,5,-5,-10,49,48,-4087
3128547154,168,5,-4,-15,46,56,-4082
3128548154,168,3,-1,-11,35,44,-4076
3128549154,168,4,-5,-10,29,43,-4101
3128550154,168,4,-2,-18,36,45,-4091
3128551154,168,8,-1,-13,40,45,-4085
3128552154,168,6,-10,-10,21,65,-4094
3128553154,168,6,-3,-11,28,63,-4105
3128554154,168,0,-3,-8,41,71,-4102
3128555154,168,5,-2,-9,32,59,-4086
3128556154,168,3,-4,-8,27,54,-4094
3128557154,168,6,-7,-8,30,51,-4092
3128558154,168,7,-12,-6,47,46,-4102
3128559154,168,2,-6,-6,25,42,-4080
3128560154,168,2,-5,-8,31,47,-4092
3128561154,168,0,-4,-10,29,70,-4094
3128562154,168,7,-6,-9,29,52,-4097
3128563154,168,6,-1,-8,47,39,-4087
3128564154,168,2,-3,-12,42,47,-4111
3128565154,168,3,-2,-11,42,50,-4104
3128566154,168,2,-3,-8,46,49,-4106
3128567154,168,0,0,-9,33,36,-4085
3128568154,168,6,-2,-7,33,52,-4101
3128569154,168,3,-3,-18,134,26,-4116
3128570154,168,-5,3,-12,98,26,-4097
3128571154,168,7,-6,-14,122,36,-4078
3128572154,168,3,-8,-9,45,66,-4098
3128573154,168,8,-8,-14,24,46,-4050
3128574154,168,7,-4,-14,4,48,-4053
3128575154,168,6,-4,-10,-15,51,-4082
3128576154,168,10,-6,-10,27,52,-4091
3128577154,168,3,-1,-11,14,61,-4088
3128578154,168,6,-5,-11,9,38,-4107
3128579154,168,6,-2,-11,-1,36,-4096
3128580154,168,5,-4,-13,-2,27,-4098
3128581154,168,4,-2,-16,10,48,-4094
3128582154,168,4,-2,-11,28,42,-4080
3128583154,168,0,0,-14,38,48,-4095
3128584154,168,3,-2,-11,30,42,-4089
3128585154,168,3,-2,-8,67,44,-4101
3128586154,168,-1,-3,-10,60,42,-4100
3128587154,168,9,-7,-11,68,48,-4081
3128588154,168,6,3,-7,49,55,-4080
3128589154,168,6,-6,-12,59,61,-4086
3128590154,168,6,-8,-8,59,33,-4078
3128591154,168,3,-3,-8,48,33,-4079
3128592154,168,7,-2,-8,20,28,-4086
3128593154,168,3,0,-9,32,26,-4086
3128594154,168,5,-6,-8,41,26,-4083
3128595154,168,3,-6,-12,41,43,-4097
3128596154,168,3,-2,-11,34,54,-4101
3128597154,168,2,-1,-9,44,44,-4085
3128598154,168,1,-5,-13,44,37,-4105
3128599154,168,0,-3,-10,27,49,-4105
3128600154,168,4,-3,-16,54,46,-4088
3128601154,168,-1,0,-15,38,35,-4096
3128602154,168,-1,0,-12,28,49,-4106
3128603154,168,0,-4,-13,28,47,-4084
3128604154,168,9,0,-8,31,41,-4080
3128605154,168,7,-4,-12,33,44,-4082
3128606154,168,0,0,-9,33,35,-4092
3128607154,168,-3,1,-12,40,48,-4100
3128608154,168,7,-5,-11,26,37,-4092
3128609154,168,2,-1,-10,28,41,-4102
3128610154,168,3,-5,-12,35,46,-4102
3128611154,168,3,-5,-12,30,54,-4107
3128612154,168,3,-4,-13,38,45,-4104
3128613154,168,4,-4,-16,27,53,-4100
3128614154,168,9,-5,-10,39,43,-4091
3128615154,168,9,-5,-11,20,37,-4088
3128616154,168,6,1,-12,38,34,-4087
3128617154,168,5,-4,-9,24,40,-4081
3128618154,168,10,-2,-14,32,44,-4090
3128619154,168,1,-4,-12,30,24,-4071
3128620154,168,0,1,-13,45,33,-4082
3128621154,168,7,-2,-12,22,61,-4077
3128622154,168,2,-5,-13,31,52,-4093
3128623154,168,-1,2,-10,20,52,-4082
3128624154,168,0,-3,-11,18,49,-4098
3128625154,168,3,-3,-7,42,33,-4087
3128626154,168,2,-4,-12,35,59,-4093
3128627154,168,3,-8,-9,38,52,-4080
3128628154,168,7,-3,-14,37,47,-4077
3128629154,168,7,1,-10,25,51,-4076
3128630154,168,3,-6,-11,36,47,-4076
3128631154,168,2,-2,-14,41,34,-4091
3128632154,168,5,-3,-13,28,34,-4083
3128633154,168,2,-4,-8,42,46,-4099
3128634154,168,5,0,-16,22,35,-4097
3128635154,168,5,-3,-9,41,49,-4102
3128636154,168,1,-3,-12,22,54,-4083
3128637154,168,7,-2,-12,23,47,-4102
3128638154,169,-4,-4,-8,29,57,-4077
3128639154,169,6,0,-10,27,36,-4068
3128640154,169,4,-7,-8,36,45,-4077
3128641154,169,5,-1,-7,32,51,-4077
3128642154,169,1,0,-10,36,46,-4075
3128643154,169,4,-3,-13,42,37,-4082
3128644154,169,1,-2,-12,34,51,-4083
3128645154,169,5,3,-11,33,48,-4098
3128646154,169,6,2,-4,34,63,-4083
3128647154,169,0,-2,-2,29,62,-4078
3128648154,169,10,2,-11,36,68,-4092
3128649154,169,10,-3,-5,22,62,-4075
3128650154,169,4,-5,-9,27,53,-4086
3128651154,169,4,-9,-7,41,49,-4079
3128652154,169,2,-2,-8,44,34,-4082
3128653154,169,3,-6,-7,40,52,-4087
3128654154,169,2,-5,-11,36,45,-4098
3128655154,169,2,-3,-16,39,38,-4104
3128656154,169,7,-5,-14,22,50,-4100
3128657154,169,2,2,-9,33,43,-4093
3128658154,169,4,-9,-13,43,47,-4092
3128659154,169,0,-2,-10,59,71,-4095
3128660154,169,6,-2,-9,37,55,-4086
3128661154,169,6,-3,-11,36,52,-4099
3128662154,169,1,-4,-14,13,48,-4089
3128663154,169,-1,-1,-13,48,47,-4085
3128664154,169,9,-6,-7,29,59,-4098
3128665154,169,8,1,-10,51,60,-4077
3128666154,169,1,-4,-10,44,38,-4088
3128667154,169,2,-5,-10,45,59,-4095
3128668154,169,2,1,-6,48,53,-4102
3128669154,169,3,-4,-6,34,55,-4089
3128670154,169,1,-3,-8,41,60,-4098
3128671154,169,2,-3,-10,38,50,-4099
3128672154,169,0,-3,-9,34,49,-4097
3128673154,169,1,-2,-9,35,34,-4088
3128674154,169,4,-5,-18,60,29,-4082
3128675154,169,4,-2,-13,43,36,-4081
3128676154,169,2,-3,-14,42,31,-4088
3128677154,169,9,-8,-15,52,48,-4078
3128678154,169,4,-4,-7,67,39,-4101
3128679154,169,5,-2,-9,65,53,-4094
3128680154,169,5,-8,-11,71,52,-4089
3128681154,169,4,-3,-11,69,54,-4094
3128682154,169,9,-3,-12,30,41,-4082
3128683154,169,6,2,-8,31,43,-4069
3128684154,169,6,1,-13,34,32,-4080
3128685154,169,2,-9,-11,14,48,-4082
3128686154,169,6,-4,-14,21,62,-4080
3128687154,169,4,-4,-11,44,46,-4083
3128688154,169,4,-5,-15,23,40,-4096
3128689154,169,-4,-1,-14,85,68,-4105
3128690154,169,4,0,-6,94,73,-4100
3128691154,169,2,2,-12,85,47,-4108
3128692154,169,-2,0,-12,83,63,-4129
3128693154,169,4,0,-14,95,53,-4114
3128694154,169,6,-3,-13,146,39,-4054
3128695154,169,2,-2,-16,93,26,-4101
3128696154,169,8,-5,-16,94,22,-4072
3128697154,169,1,-3,-16,63,12,-4044
3128698154,169,-3,-4,-21,44,26,-4043
3128699154,169,6,-8,-21,24,46,-4063
3128700154,169,3,-1,-23,67,45,-4076
3128701154,169,1,-4,-20,66,68,-4098
3128702154,169,2,-6,-26,86,72,-4104
3128703154,169,5,-1,-24,80,80,-4116
3128704154,169,7,-2,-27,89,44,-4124
3128705154,169,5,3,-28,121,35,-4117
3128706154,169,5,0,-32,117,26,-4098
3128707154,169,3,0,-30,127,35,-4118
3128708154,169,1,4,-31,178,16,-4102
3128709154,169,1,6,-38,197,25,-4073
3128710154,169,-1,6,-40,199,45,-4072
3128711154,169,3,0,-43,189,56,-4072
3128712154,169,-1,0,-45,175,86,-4069
3128713154,169,-2,2,-47,133,109,-4057
3128714154,169,2,-2,-40,103,122,-4083
3128715154,169,8,-3,-36,67,122,-4074
3128716154,169,1,-3,-38,47,119,-4086
3128717154,169,4,-8,-34,20,103,-4102
3128718154,169,6,-11,-30,-5,89,-4104
3128719154,169,1,-13,-25,-18,59,-4126
3128720154,169,6,-10,-23,-41,60,-4113
3128721154,169,0,-13,-18,-52,46,-4105
3128722154,170,5,-12,-13,-63,43,-4110
3128723154,170,2,-12,-15,-72,27,-4114
3128724154,170,3,-8,-13,-83,7,-4126
3128725154,170,-1,-3,-9,-87,17,-4100
3128726154,170,0,-6,-10,-79,-42,-4100
3128727154,170,-2,-6,-10,-73,-35,-4104
3128728154,170,-1,-5,-5,-84,-29,-4094
3128729154,170,0,-6,-8,-84,-19,-4085
3128730154,170,4,-4,-18,-86,-24,-4070
3128731154,170,3,-9,-12,-83,-14,-4077
3128732154,170,8,-6,-12,-47,22,-4058
3128733154,170,3,-5,-13,-41,32,-4055
3128734154,170,8,-4,-11,-40,18,-4055
3128735154,169,9,-4,-18,-48,20,-4057
3128736154,169,7,-10,-9,-42,32,-4072
3128737154,169,1,-3,-13,-40,46,-4065
3128738154,169,7,-1,-14,-27,64,-4084
3128739154,169,1,-1,-10,-33,86,-4065
3128740154,169,4,-3,-9,-28,80,-4074
3128741154,169,1,-2,-2,-4,86,-4077
3128742154,169,2,3,-6,2,95,-4071
3128743154,168,3,-4,-7,31,93,-4076
3128744154,168,8,-3,-4,33,88,-4080
3128745154,168,6,-2,-9,47,93,-4082
3128746154,168,0,-5,-8,46,92,-4084
3128747154,168,5,-3,-7,33,78,-4093
3128748154,168,4,0,-8,31,62,-4094
3128749154,168,5,-5,-9,45,62,-4101
3128750154,168,7,-5,-9,34,40,-4108
3128751154,168,8,-3,-7,27,45,-4115
3128752154,168,5,-3,-7,35,25,-4091
3128753154,168,2,1,-7,18,40,-4098
3128754154,168,4,-2,-9,37,33,-4109
3128755154,168,5,-3,-6,37,35,-4105
3128756154,168,3,-1,-6,32,37,-4106
3128757154,168,9,1,-6,30,26,-4101
3128758154,168,4,-2,-6,25,30,-4095
3128759154,168,8,-6,-6,38,36,-4091
3128760154,168,9,-6,-7,48,44,-4097
3128761154,168,6,-3,-6,25,47,-4103
3128762154,168,4,-1,0,27,51,-4095
3128763154,168,5,-3,-9,57,42,-4088
3128764154,169,5,0,-12,64,49,-4083
3128765154,169,3,-4,-7,49,46,-4067
3128766154,169,9,-2,-9,54,56,-4082
3128767154,169,5,-1,-12,53,48,-4082
3128768154,169,7,-8,-9,53,50,-4089
3128769154,169,5,-6,-13,47,49,-4098
3128770154,169,7,-8,-8,29,52,-4111
3128771154,169,3,-1,-7,30,48,-4105
3128772154,169,7,-8,-9,25,35,-4088
3128773154,169,6,-5,-6,30,48,-4091
3128774154,169,3,-5,-6,6,36,-4089
3128775154,169,3,6,-7,9,47,-4088
3128776154,169,1,-3,-7,-4,47,-4088
3128777154,169,5,-5,-8,16,53,-4083
3128778154,169,4,-1,-7,21,47,-4091
3128779154,169,5,-6,-8,32,43,-4092
3128780154,169,-1,-7,-10,32,39,-4086
3128781154,169,2,-1,-6,34,48,-4068
3128782154,169,9,-3,-10,27,48,-4084
3128783154,169,5,1,-9,35,52,-4083
3128784154,169,6,-5,-5,35,32,-4072
3128785154,169,9,-2,-4,25,53,-4070
3128786154,169,4,-5,-11,35,36,-4085
3128787154,169,5,-1,-7,33,35,-4078
3128788154,169,3,-1,-6,45,43,-4084
3128789154,169,1,-9,-8,29,34,-4086
3128790154,169,1,-3,-4,35,48,-4085
3128791154,169,2,1,0,43,42,-4085
3128792154,169,5,-6,-7,35,44,-4101
3128793154,169,-1,0,-5,28,37,-4103
3128794154,169,2,5,-5,16,38,-4098
3128795154,169,5,-4,0,31,42,-4101
3128796154,168,2,-1,-7,14,44,-4094
3128797154,168,0,-8,-7,32,48,-4084
3128798154,168,-2,-2,-6,34,44,-4081
3128799154,168,2,0,-10,35,53,-4080
3128800154,168,8,3,-4,39,43,-4078
3128801154,168,8,-8,-2,40,39,-4074
3128802154,168,2,0,-5,26,46,-4070
3128803154,168,4,-1,-4,34,36,-4083
3128804154,168,5,4,-3,28,38,-4086
3128805154,168,6,-6,-6,30,57,-4086
3128806154,168,3,-1,-5,28,48,-4085
3128807154,168,7,-2,-5,29,43,-4085
3128808154,168,6,0,-7,27,61,-4098
3128809154,168,1,-2,-8,27,48,-4090
3128810154,168,8,-7,-5,36,39,-4077
3128811154,169,3,-5,-9,28,47,-4086
3128812154,169,1,-1,-11,37,27,-4075
3128813154,169,5,-3,-8,38,57,-4083
3128814154,169,0,-2,-9,41,37,-4097
3128815154,169,7,4,-7,30,43,-4089
3128816154,169,4,-6,-3,36,54,-4090
3128817154,169,1,-1,-9,37,44,-4085
3128818154,169,2,-3,-9,61,55,-4084
3128819154,169,7,-2,-8,34,47,-4080
3128820154,169,3,-6,-8,24,38,-4076
3128821154,169,8,0,-5,33,38,-4081
3128822154,169,6,-1,-3,46,26,-4080
3128823154,169,1,-2,-4,45,45,-4065
3128824154,169,6,-6,-7,40,34,-4088
3128825154,169,2,-6,-9,51,49,-4087
3128826154,169,5,-9,-7,46,54,-4089
3128827154,169,6,-3,-5,32,46,-4092
3128828155,169,4,-4,-9,32,37,-4088
3128829154,169,7,-3,-13,32,47,-4097
3128830155,169,5,-4,-10,30,26,-4080
3128831156,169,6,4,-4,32,47,-4083
3128832154,169,9,-6,-9,38,52,-4075
3128833154,169,5,-1,-3,22,38,-4094
3128834154,169,10,-4,-3,51,42,-4072
3128835154,169,6,-4,-8,44,41,-4073
3128836154,169,4,1,-6,38,48,-4072
3128837154,169,6,-9,-6,54,50,-4080
3128838154,169,3,-6,-7,48,58,-4071
3128839154,169,3,-3,-5,31,54,-4095
3128840154,169,5,-6,-3,41,62,-4083
3128841154,169,5,-7,-3,45,67,-4088
3128842154,169,4,-2,-4,38,46,-4085
3128843154,169,5,-8,-7,30,51,-4074
3128844154,169,3,-2,-7,34,45,-4079
3128845154,169,5,-6,-3,37,47,-4086
3128846154,169,7,2,-7,18,52,-4076
3128847154,169,1,1,-2,48,63,-4088
3128848154,169,11,-6,-7,34,60,-4113
3128849154,169,4,-3,-3,28,47,-4097
3128850154,169,7,-8,-7,28,49,-4097
3128851154,169,5,-8,-6,33,60,-4112
3128852154,169,8,-5,-8,47,58,-4099
3128853154,169,1,-5,-6,21,58,-4104
3128854154,169,3,-5,-6,28,60,-4103
3128855154,169,0,1,-5,23,62,-4076
3128856154,169,7,-5,-6,42,63,-4088
3128857154,169,4,0,-2,37,60,-4093
3128858154,169,3,-5,-9,42,46,-4081
3128859154,169,5,-4,-5,36,66,-4081
3128860154,169,6,-3,-7,47,56,-4075
3128861154,169,6,-4,-7,45,50,-4086
3128862154,169,2,-1,-4,34,44,-4099
3128863154,169,4,0,-7,57,52,-4085
3128864154,169,11,-2,-6,28,53,-4090
3128865154,169,7,-1,1,38,63,-4082
3128866154,169,4,-7,-7,29,48,-4097
3128867154,169,11,-8,-4,34,59,-4080
3128868154,169,5,-5,-6,37,43,-4084
3128869154,169,5,-2,-10,24,43,-4083
3128870154,169,9,-7,-3,40,55,-4092
3128871154,169,8,-6,-10,34,40,-4089
3128872154,169,5,-6,-6,40,40,-4090
3128873154,169,0,-4,-6,45,31,-4079
3128874154,169,10,-8,-2,48,41,-4082
3128875154,169,7,-4,-9,40,48,-4091
3128876154,169,1,-2,-2,32,35,-4086
3128877154,169,7,-9,-9,23,43,-4096
3128878154,169,7,-11,-4,35,29,-4085
3128879154,169,4,-3,-7,27,48,-4087
3128880154,169,0,-6,-3,37,43,-4063
3128881154,169,10,-7,-9,36,44,-4091
3128882154,169,5,-5,-10,40,44,-4089
3128883154,169,7,-6,-9,46,39,-4096
3128884154,169,2,0,-10,21,39,-4100
3128885154,168,3,-3,-4,27,45,-4093
3128886154,168,6,-5,-6,46,54,-4084
3128887154,168,1,-5,-4,24,41,-4093
3128888154,168,5,-4,-6,42,47,-4097
3128889154,168,10,-4,-8,25,46,-4076
3128890154,168,6,-4,-5,36,56,-4079
3128891154,168,7,0,1,46,50,-4071
3128892154,168,4,-10,-5,37,33,-4074
3128893154,168,9,-7,-4,45,54,-4085
3128894154,168,6,-4,-7,33,39,-4079
3128895154,168,4,3,-6,26,39,-4079
3128896154,168,6,-6,-5,28,41,-4083
3128897154,168,3,-6,-8,35,43,-4103
3128898154,168,9,-8,-7,43,47,-4088
3128899154,168,5,-4,-6,44,47,-4082
3128900154,168,5,-3,-5,24,45,-4084
3128901154,168,5,-2,-4,44,39,-4082
3128902154,168,10,-5,-3,31,38,-4102
3128903154,168,3,-4,-2,41,45,-4076
3128904154,168,4,-5,-6,41,46,-4089
3128905154,168,8,-1,-9,42,46,-4091
3128906154,168,6,-4,-7,30,42,-4096
3128907154,168,5,0,-6,16,28,-4088
3128908154,168,1,1,-10,30,51,-4084
3128909154,168,6,-1,-4,35,59,-4094
3128910154,168,3,-3,-8,45,50,-4085
3128911154,168,0,-4,-7,38,47,-4073
3128912154,168,9,-5,-3,51,53,-4086
3128913154,168,7,1,-7,48,52,-4071
3128914154,168,3,-5,-1,67,44,-4070
3128915154,168,7,-5,-7,37,41,-4075
3128916154,168,11,-1,-7,50,31,-4083
3128917154,168,7,-3,-8,43,29,-4077
3128918154,168,-1,-5,0,38,34,-4083
3128919154,168,6,-6,-2,33,56,-4076
3128920154,168,8,-5,-5,38,55,-4088
3128921154,168,4,-6,-3,37,53,-4078
3128922154,168,8,-4,-3,41,48,-4094
3128923154,168,9,-6,-5,42,40,-4093
3128924154,168,3,-8,-5,57,65,-4080
3128925154,168,1,-6,-3,33,40,-4083
3128926154,168,7,-7,-2,51,50,-4096
3128927154,168,0,-2,-10,25,46,-4085
3128928154,168,4,-8,-6,16,32,-4074
3128929154,168,1,-5,-7,29,38,-4100
3128930154,168,4,-4,-7,52,56,-4092
3128931154,168,7,-3,-9,49,39,-4084
3128932154,168,6,-9,-7,50,52,-4103
3128933154,168,4,-4,-5,39,57,-4095
3128934154,168,6,-3,-8,55,41,-4088
3128935154,168,4,-6,-5,52,36,-4078
3128936154,168,10,-1,-2,70,53,-4096
3128937154,168,7,-6,-3,94,54,-4089
3128938154,168,5,-7,-2,93,41,-4069
3128939154,168,5,-9,-4,51,56,-4101
3128940154,168,4,-1,3,54,47,-4075
3128941154,168,9,-14,-7,21,31,-4065
3128942154,168,4,-12,-1,18,51,-4080
3128943154,168,3,-5,-1,22,29,-4078
3128944154,168,2,-7,-9,13,43,-4077
3128945154,168,1,-6,-7,24,40,-4082
3128946154,168,7,-9,-1,20,59,-4097
3128947154,168,8,-7,-2,27,46,-4094
3128948154,168,6,-5,-3,23,33,-4095
3128949154,168,2,-5,1,26,27,-4097
3128950154,168,7,-5,0,39,28,-4104
3128951154,167,-1,-5,-1,34,12,-4112
3128952154,167,4,-6,-6,54,38,-4094
3128953154,167,8,0,-5,52,31,-4097
3128954154,167,2,-4,-6,57,31,-4106
3128955154,167,4,-2,-6,66,43,-4104
3128956154,167,0,1,-1,72,64,-4090
3128957154,167,11,-5,-5,56,43,-4070
3128958154,167,7,-1,-7,148,22,-4114
3128959154,167,3,-2,-8,104,26,-4089
3128960154,167,3,-9,-10,144,43,-4096
3128961154,167,6,-12,-3,65,79,-4109
3128962154,167,3,-4,-7,78,50,-4060
3128963154,167,9,-11,-6,60,45,-4041
3128964154,167,-2,-2,-3,49,43,-4067
3128965154,167,7,-10,-3,69,80,-4088
3128966154,167,6,-11,-4,56,74,-4064
3128967154,167,8,-8,-4,14,52,-4068
3128968154,167,9,-5,-3,9,46,-4076
3128969154,167,9,-2,-4,15,44,-4085
3128970154,167,-2,-1,-4,21,36,-4092
3128971154,167,9,-13,-6,29,62,-4092
3128972154,167,2,1,-3,33,64,-4095
3128973154,167,-2,-1,6,36,45,-4102
3128974154,167,4,-8,8,42,35,-4098
3128975154,167,2,0,6,51,67,-4089
3128976154,167,8,-3,4,50,67,-4113
3128977154,167,4,-3,6,64,80,-4104
3128978154,167,13,-5,11,89,93,-4100
3128979154,167,7,-2,12,100,93,-4115
3128980154,167,8,3,15,143,95,-4119
3128981154,166,2,4,16,166,121,-4117
3128982154,166,11,2,22,194,110,-4094
3128983154,166,7,6,25,250,80,-4101
3128984154,166,11,3,26,275,52,-4054
3128985154,166,7,-1,35,275,-11,-4011
3128986154,166,5,-6,32,273,-25,-4025
3128987154,166,7,-16,30,239,-26,-4072
3128988154,166,3,-7,31,220,-8,-4050
3128989154,166,2,-12,35,183,17,-4053
3128990154,165,8,-10,34,141,25,-4092
3128991154,165,5,-19,33,123,10,-4103
3128992154,165,6,-17,26,102,5,-4130
3128993156,164,14,-13,24,71,21,-4128
3128994154,164,9,-9,29,47,9,-4153
3128995154,164,11,-8,23,37,5,-4129
3128996154,163,7,-4,29,26,21,-4134
3128997154,163,7,-7,29,20,40,-4128
3128998154,162,10,-5,27,-15,4,-4118
3128999154,162,8,-7,18,-3,-24,-4026
3129000154,161,6,-11,12,-17,-27,-3999
3129001154,160,2,-10,7,-64,13,-4095
3129002154,160,3,-11,7,-86,123,-4141
3129003154,159,5,-8,7,-32,223,-4085
3129004154,159,7,-1,12,-9,217,-4072
3129005154,158,9,-2,13,17,204,-4109
3129006154,157,14,1,13,66,108,-4106
3129007154,157,5,1,13,102,76,-4056
3129008154,156,5,3,17,111,61,-4066
3129009154,156,2,6,9,103,66,-4043
3129010154,155,6,-3,8,163,86,-4052
3129011154,155,9,0,10,208,116,-4037
3129012154,154,5,1,8,237,130,-4078
3129013154,154,7,4,-1,257,118,-4063
3129014154,154,6,9,-1,376,37,-4110
3129015154,153,4,15,-12,484,-52,-4087
3129016154,153,8,3,-11,446,-46,-4065
3129017154,153,10,-4,-24,311,24,-4014
3129018154,153,9,-4,-27,255,41,-4018
3129019154,152,6,0,-31,309,12,-4057
3129020154,152,-2,-8,-30,367,-14,-4133
3129021154,152,3,-19,-33,321,28,-4084
3129022154,152,2,-19,-26,201,22,-4153
3129023154,152,0,-18,-31,151,22,-4200
3129024154,152,2,-17,-30,170,106,-4182
3129025154,152,3,-21,-29,184,136,-4165
3129026154,152,15,-27,-31,178,98,-4164
3129027154,153,-3,-22,-25,-38,131,-4183
3129028154,153,11,-22,-19,-256,267,-4151
3129029154,153,7,-20,-6,-280,228,-3946
3129030154,153,12,-14,-4,-338,75,-4125
3129031154,153,4,-17,6,-92,-51,-3953
3129032154,153,5,-22,0,-101,-147,-3945
3129033154,153,-1,-22,0,-183,-170,-4176
3129034154,153,-2,-20,-5,-191,-48,-4226
3129035154,153,1,-12,2,-150,90,-4134
3129036154,153,0,0,6,-124,158,-4097
3129037154,153,4,6,3,-10,168,-4098
3129038154,153,13,12,-8,59,96,-4129
3129039154,153,9,11,-9,127,27,-4103
3129040154,152,10,14,-6,189,-6,-4102
3129041154,152,7,22,2,223,-12,-4079
3129042154,151,8,11,-5,321,-20,-4013
3129043154,151,9,4,2,366,-20,-3928
3129044154,151,3,0,7,285,-12,-3932
3129045154,150,2,-2,8,273,-3,-3991
3129046154,150,2,-10,11,238,65,-3990
3129047154,149,8,-14,14,248,122,-4004
3129048154,148,10,-21,16,176,117,-4075
3129049154,148,14,-18,11,124,92,-4134
3129050154,147,10,-25,8,94,73,-4152
3129051154,146,12,-21,14,26,32,-4172
3129052154,145,9,-14,14,-13,26,-4209
3129053154,145,3,-6,16,35,52,-4195
3129054154,144,8,-6,21,84,54,-4170
3129055154,143,3,-2,22,96,51,-4153
3129056154,142,9,-11,22,2,-54,-4121
3129057154,141,8,-14,20,34,-150,-4015
3129058154,140,5,-22,12,-51,-164,-3946
3129059154,140,-2,-15,9,-62,-138,-4048
3129060154,139,-4,-22,3,-210,47,-4149
3129061154,138,5,-20,-2,-124,123,-4106
3129062154,137,6,-11,-4,-151,177,-4138
3129063154,136,9,-1,-7,-89,191,-4193
3129064154,135,12,2,-11,-28,180,-4207
3129065154,135,9,11,-7,90,116,-4206
3129066154,134,10,12,1,84,151,-4125
3129067154,133,5,15,7,132,162,-4064
3129068154,133,5,22,13,160,142,-4016
3129069154,132,5,11,22,289,65,-3979
3129070154,132,-1,4,26,308,40,-3933
3129071154,132,6,-7,30,216,11,-3894
3129072154,132,7,-21,26,114,-20,-3881
3129073154,132,5,-26,32,66,-51,-3895
3129074154,132,8,-34,18,-27,-64,-3948
3129075154,131,7,-36,11,-125,-51,-4035
3129076154,131,6,-36,1,-226,-25,-4155
3129077154,131,9,-38,0,-282,-40,-4263
3129078154,131,9,-29,-10,-347,-36,-4276
3129079154,131,11,-19,-14,-336,-46,-4300
3129080154,131,12,-12,-19,-280,-29,-4310
3129081154,130,10,1,-24,-275,-10,-4290
3129082154,130,4,4,-19,-257,4,-4267
3129083154,130,6,7,-19,-200,29,-4185
3129084154,130,1,17,-23,-161,101,-4110
3129085154,130,-1,14,-19,-88,159,-4050
3129086154,130,-1,17,-15,-18,243,-4007
3129087154,130,7,19,-12,20,261,-3996
3129088154,130,2,17,-1,95,288,-3977
3129089154,130,4,21,6,151,268,-3948
3129090154,130,12,9,12,213,154,-3862
3129091154,130,8,8,18,235,67,-3834
3129092154,130,4,-5,22,188,-34,-3885
3129093154,130,0,-12,32,97,-61,-3989
3129094154,130,4,-19,39,62,-9,-4021
3129095154,130,4,-23,39,-85,-76,-4057
3129096154,130,4,-29,31,-60,-115,-4042
3129097154,130,3,-37,23,-194,-169,-3990
3129098154,129,5,-37,19,-301,-195,-4222
3129099154,129,13,-30,10,-445,-74,-4359
3129100154,128,0,-20,10,-388,-47,-4348
3129101154,128,11,-19,0,-371,-14,-4295
3129102154,127,10,-7,-5,-311,-60,-4372
3129103154,127,12,-2,-16,-238,-146,-4292
3129104154,126,3,9,-21,-201,-223,-4260
3129105154,126,3,12,-25,-224,-214,-4206
3129106154,125,2,12,-27,-228,-27,-4085
3129107154,124,3,13,-26,-225,102,-3940
3129108154,124,-1,13,-30,-197,209,-3930
3129109154,123,6,10,-28,-196,277,-3896
3129110154,122,5,5,-24,-206,340,-3876
3129111154,122,14,-3,-31,-214,290,-3876
3129112154,121,8,-3,-23,-185,270,-3880
3129113154,121,10,5,-14,-153,211,-3933
3129114154,121,9,6,-18,-113,192,-3979
3129115154,120,5,-1,-10,-90,172,-4026
3129116154,120,1,4,0,-70,167,-4087
3129117154,120,4,-2,3,-26,142,-4149
3129118154,120,8,6,-1,47,100,-4176
3129119154,120,0,6,6,71,79,-4169
3129120154,121,1,-4,4,98,34,-4170
3129121154,121,6,-3,0,118,-16,-4175
3129122154,121,5,-5,-5,106,-75,-4162
3129123154,122,3,-6,-6,70,-81,-4165
3129124154,122,9,-10,-11,28,-118,-4148
3129125154,122,7,-10,-19,9,-168,-4155
3129126154,123,1,-10,-22,9,-174,-4130
3129127154,123,3,-5,-19,3,-158,-4137
3129128154,124,6,-9,-16,21,-150,-4142
3129129154,124,0,-8,-23,16,-98,-4148
3129130154,125,2,-7,-23,28,-52,-4134
3129131154,125,5,-7,-21,0,-6,-4099
3129132154,126,2,5,-18,8,8,-4092
3129133154,126,8,1,-26,24,27,-4078
3129134154,127,2,-2,-20,18,61,-4050
3129135154,127,3,8,-15,36,83,-4054
3129136154,127,8,0,-20,59,87,-4072
3129137154,128,1,-1,-11,71,106,-4054
3129138154,128,6,1,-18,88,132,-4065
3129139154,128,7,-5,-13,65,122,-4060
3129140154,129,-4,0,-12,84,136,-4044
3129141154,129,0,-2,-5,85,127,-4035
3129142154,129,3,2,-9,76,108,-4048
3129143154,129,1,-8,-6,68,128,-4045
3129144154,129,2,-7,-9,51,124,-4070
3129145154,129,-2,-4,-7,35,105,-4077
3129146154,129,3,-6,-9,34,108,-4116
3129147154,128,3,-4,-12,20,97,-4115
3129148154,128,-2,-1,-7,8,70,-4124
3129149154,128,3,4,-4,-11,71,-4141
3129150154,128,1,-2,-9,-12,40,-4130
3129151154,127,-1,1,-8,-4,44,-4118
3129152154,127,3,0,-6,-18,23,-4126
3129153154,126,3,1,-1,2,14,-4121
3129154154,126,10,2,-11,17,21,-4108
3129155154,126,-1,2,-4,34,12,-4089
3129156154,125,-4,5,-7,31,2,-4105
3129157154,125,2,2,-10,34,2,-4084
3129158154,124,1,2,-8,48,12,-4090
3129159154,124,4,1,-4,57,11,-4069
3129160154,124,4,0,-2,69,4,-4074
3129161154,123,0,4,-7,62,-16,-4085
3129162154,123,4,-3,-2,52,-3,-4081
3129163154,123,-5,-5,1,53,7,-4066
3129164154,123,1,-1,4,44,14,-4067
3129165154,123,2,-5,-1,57,17,-4074
3129166154,123,0,-1,-1,32,30,-4109
3129167154,123,0,-6,-1,32,47,-4087
3129168154,123,7,-3,-1,6,50,-4102
3129169154,123,-4,0,-8,18,43,-4110
3129170154,123,7,-6,-7,5,56,-4101
3129171154,123,0,-2,-6,11,70,-4095
3129172154,123,6,3,-6,14,90,-4098
3129173154,123,5,-3,-12,10,85,-4089
3129174154,124,0,0,-8,14,93,-4077
3129175154,124,2,1,-11,38,80,-4092
3129176154,124,-1,-4,-11,29,84,-4087
3129177154,124,-1,-5,-11,43,85,-4078
3129178154,125,0,3,-9,46,99,-4070
3129179154,125,2,-7,-10,40,93,-4074
3129180154,125,-4,-2,-6,42,84,-4083
3129181154,126,4,-6,-11,15,56,-4083
3129182154,126,2,-4,-4,35,61,-4084
3129183154,126,1,-1,-13,28,75,-4097
3129184154,126,3,-4,-13,25,76,-4102
3129185154,127,-3,-2,-15,38,57,-4083
3129186154,127,7,-9,-10,23,50,-4094
3129187154,127,2,-3,-11,39,49,-4102
3129188154,127,-1,-3,-12,38,22,-4102
3129189154,127,5,-4,-10,32,23,-4087
3129190154,127,4,-6,-13,28,28,-4088
3129191154,127,0,-3,-14,43,40,-4080
3129192154,127,3,-1,-15,46,21,-4072
3129193154,127,2,-3,-10,58,15,-4079
3129194154,127,-1,-4,-2,63,31,-4080
3129195154,127,3,-3,-4,42,27,-4095
3129196154,127,0,3,-2,79,25,-4072
3129197154,127,2,-3,0,59,18,-4075
3129198154,127,6,3,1,65,22,-4076
3129199154,127,-1,1,-3,73,20,-4074
3129200154,126,6,-4,-6,73,38,-4072
3129201154,126,0,1,-1,55,19,-4078
3129202154,126,1,-3,-6,50,23,-4087
3129203154,126,6,-5,-7,50,8,-4092
3129204154,126,-2,-2,2,26,37,-4086
3129205154,126,-3,-2,4,42,23,-4084
3129206154,125,2,-2,3,39,31,-4098
3129207154,125,6,1,-2,36,52,-4094
3129208154,125,8,-5,-5,9,56,-4092
3129209154,125,-2,-1,-1,30,37,-4093
3129210154,125,-1,-3,2,17,36,-4084
3129211154,125,-5,0,1,27,61,-4076
3129212154,124,-1,-2,-7,29,69,-4079
3129213154,124,5,-1,-6,38,64,-4074
3129214154,124,2,3,-8,30,53,-4080
3129215154,124,4,3,-7,23,77,-4088
3129216154,124,5,-4,-9,24,60,-4092
3129217154,124,8,4,-9,42,72,-4064
3129218154,124,3,-4,-12,35,66,-4075
3129219154,124,2,-2,-7,30,61,-4074
3129220154,124,5,-3,-11,26,55,-4078
3129221154,124,2,-6,-6,24,52,-4087
3129222154,125,7,0,-3,20,56,-4072
3129223154,125,-1,-6,-3,39,35,-4077
3129224154,125,5,-6,-4,38,44,-4095
3129225154,125,4,1,-3,23,38,-4085
3129226154,125,2,-5,0,29,48,-4103
3129227154,125,7,1,-4,38,35,-4088
3129228154,125,5,-2,-6,36,35,-4098
3129229154,126,0,-6,-5,34,35,-4089
3129230154,126,6,-3,-7,28,32,-4080
3129231154,126,1,-4,-7,32,29,-4087
3129232154,126,9,-4,-12,26,34,-4089
3129233154,126,3,-1,-5,40,35,-4100
3129234154,126,-2,-8,-9,35,32,-4072
3129235154,126,3,-1,-6,40,32,-4084
3129236154,126,0,1,-10,41,23,-4073
3129237154,126,7,-2,-7,28,37,-4078
3129238154,126,-2,6,-1,57,32,-4089
3129239154,126,2,-5,-4,28,43,-4083
3129240154,126,5,-10,-6,48,57,-4091
3129241154,126,4,4,1,32,50,-4091
3129242154,126,3,-7,-7,29,56,-4073
3129243154,126,2,-2,0,40,60,-4089
3129244154,126,3,0,-2,42,44,-4070
3129245154,126,4,-1,-2,53,43,-4091
3129246154,126,3,1,-4,42,52,-4086
3129247154,126,7,-2,-2,50,46,-4080
3129248154,126,9,-8,-7,33,56,-4092
3129249154,126,1,1,-7,24,51,-4088
3129250154,126,8,-8,-11,40,57,-4082
3129251154,126,6,2,-5,40,64,-4090
3129252154,125,1,2,-3,46,55,-4092
3129253154,125,5,-9,-6,49,56,-4082
3129254154,125,4,-2,-5,42,46,-4073
3129255154,125,5,-2,-5,57,46,-4091
3129256154,125,3,-1,-9,56,44,-4080
3129257154,125,6,-1,-6,53,41,-4084
3129258154,125,10,-4,-8,49,59,-4087
3129259154,125,6,-1,-8,37,53,-4089
3129260154,125,5,-1,-1,40,52,-4093
3129261154,125,7,-3,-4,40,40,-4102
3129262154,125,1,-4,-1,47,46,-4089
3129263154,125,1,-5,-7,36,40,-4093
3129264154,125,7,-6,0,38,40,-4101
3129265154,125,1,-1,-8,37,39,-4087
3129266154,125,7,-5,-7,23,46,-4086
3129267154,125,4,-6,-10,43,47,-4081
3129268154,125,5,-2,-13,23,45,-4084
3129269154,125,-2,-4,-7,46,41,-4096
3129270154,125,6,-3,-7,54,49,-4103
3129271154,125,7,0,-11,43,56,-4092
3129272154,125,3,-3,-10,45,57,-4097
3129273154,125,6,-4,-12,45,54,-4084
3129274154,125,10,-3,-8,55,65,-4091
3129275154,125,2,0,-4,45,53,-4092
3129276154,125,5,-4,-6,50,58,-4087
3129277154,125,6,-2,-6,38,50,-4081
3129278154,126,9,-5,-11,50,33,-4088
3129279154,126,6,-5,-7,61,51,-4088
3129280154,126,3,-2,-5,28,61,-4092
3129281154,126,2,-3,-8,39,48,-4088
3129282154,126,6,-3,-12,47,48,-4090
3129283154,126,7,-3,-9,31,46,-4083
3129284154,126,4,-2,-13,31,49,-4091
3129285154,126,6,-10,-9,45,58,-4094
3129286154,126,1,1,-14,29,42,-4090
3129287154,126,6,-3,-8,28,49,-4090
3129288154,126,5,-4,-10,40,46,-4073
3129289154,126,4,-2,-8,29,40,-4087
3129290154,126,5,-9,-8,22,42,-4091
3129291154,126,7,-6,-11,32,26,-4081
3129292154,126,4,-1,-5,44,49,-4093
3129293154,126,4,0,-11,43,48,-4090
3129294154,126,5,-2,-8,36,45,-4107
3129295154,126,6,2,-7,53,33,-4092
3129296154,126,1,-7,-2,33,43,-4084
3129297154,126,1,-6,-7,30,30,-4108
3129298154,125,8,-8,-6,47,40,-4104
3129299154,125,2,-6,-5,45,49,-4082
3129300154,125,1,3,-4,41,34,-4085
3129301154,125,8,-2,-9,32,28,-4087
3129302154,125,2,4,-6,36,38,-4100
3129303154,125,4,-3,-9,30,25,-4074
3129304154,125,7,1,-6,42,50,-4088
3129305154,125,3,-3,-10,46,34,-4098
3129306154,125,-1,-2,-10,32,56,-4098
3129307154,125,5,-5,-9,38,45,-4098
3129308154,125,3,-3,-7,35,47,-4097
3129309154,125,3,-3,-13,21,49,-4101
3129310154,125,2,2,-6,21,38,-4095
3129311154,125,-5,-6,-5,26,29,-4088
3129312154,125,4,-5,-4,40,39,-4077
3129313154,125,5,-1,-10,38,47,-4087
3129314154,125,2,-2,-6,37,54,-4087
3129315154,125,0,-3,-7,31,53,-4086
3129316154,125,-3,0,-7,39,43,-4091
3129317154,125,2,-8,-10,37,41,-4094
3129318154,125,3,-2,-4,37,53,-4101
3129319154,125,3,1,-8,25,53,-4090
3129320154,125,0,0,-9,20,53,-4101
3129321154,125,4,-1,-10,21,51,-4070
3129322154,125,6,-11,-8,39,49,-4063
3129323154,125,2,-5,-8,40,47,-4078
3129324154,126,4,1,-7,42,45,-4084
3129325154,126,6,-9,-9,44,44,-4102
3129326154,126,0,-4,-6,38,33,-4093
3129327154,126,2,0,-3,40,47,-4093
3129328154,126,2,-6,-6,48,50,-4092
3129329154,126,-2,-5,-4,40,43,-4091
3129330154,126,8,-6,-7,32,48,-4099
3129331154,126,5,-3,-7,36,56,-4102
3129332154,126,1,0,-7,34,48,-4109
3129333154,126,-1,0,-6,47,44,-4093
3129334154,126,3,6,-2,29,45,-4095
3129335154,126,2,-2,-5,22,41,-4085
3129336154,126,5,-4,-2,32,42,-4071
3129337154,126,4,-5,-6,30,45,-4077
3129338154,126,0,-1,2,46,48,-4096
3129339154,126,4,-10,-5,52,46,-4085
3129340154,126,2,-6,-8,43,52,-4088
3129341154,125,3,-3,-5,33,55,-4096
3129342154,125,6,-2,-7,40,53,-4088
3129343154,125,5,-1,-4,36,50,-4093
3129344154,125,7,-6,-1,40,49,-4096
3129345154,125,1,0,-1,11,54,-4083
3129346154,125,2,-6,-6,39,57,-4074
3129347154,125,1,0,0,45,43,-4080
3129348154,125,-1,-2,-3,25,48,-4086
3129349154,125,4,-11,-7,23,56,-4077
3129350154,125,2,-7,-5,35,51,-4077
3129351154,125,3,-4,-3,41,48,-4092
3129352154,125,5,-8,-6,35,64,-4087
3129353154,125,4,-9,-2,30,50,-4086
3129354154,125,1,-4,-6,30,50,-4087
3129355154,125,1,-6,-8,32,37,-4066
3129356154,125,0,-1,-8,31,39,-4077
3129357154,125,0,-12,-5,26,49,-4097
3129358154,125,2,-7,-7,50,36,-4090
3129359154,125,-1,-8,-8,32,52,-4062
3129360154,125,7,-3,-2,36,53,-4067
3129361154,125,2,-3,-6,26,47,-4084
3129362154,125,1,-7,1,29,35,-4068
3129363154,125,1,-8,-3,47,38,-4099
3129364154,125,7,-5,-6,17,57,-4093
3129365154,125,2,-3,-2,33,50,-4087
3129366154,125,5,-7,2,37,61,-4086
3129367154,125,7,-8,-2,52,36,-4091
3129368154,125,7,-6,-6,34,48,-4092
3129369154,125,5,1,-7,43,41,-4089
3129370154,125,9,-4,-5,51,55,-4087
3129371154,125,-1,-6,-4,36,39,-4072
3129372154,125,6,-4,-5,35,65,-4085
3129373154,125,9,-6,-8,31,53,-4091
3129374154,125,0,0,-4,46,28,-4080
3129375154,125,5,-5,-8,28,38,-4091
3129376154,125,7,-6,-5,48,48,-4086
3129377154,125,4,3,-4,46,56,-4096
3129378154,125,6,-6,-7,38,49,-4088
3129379154,125,4,-4,-4,30,48,-4089
3129380154,125,2,-4,-11,32,51,-4091
3129381154,125,8,-7,-10,29,44,-4070
3129382154,125,1,-10,-7,39,41,-4086
3129383154,125,1,-5,-6,41,46,-4094
3129384154,125,5,-5,-2,43,46,-4095
3129385154,125,1,2,-4,31,37,-4094
3129386154,125,4,-8,-8,29,40,-4090
3129387154,125,-3,-1,-6,35,33,-4076
3129388154,125,3,1,-7,37,44,-4097
3129389154,125,10,-7,-10,25,42,-4079
3129390154,125,1,-4,-8,40,62,-4092
3129391154,125,5,-2,-4,30,42,-4087
3129392154,125,-1,-4,-5,41,55,-4098
3129393154,125,5,4,-4,26,29,-4104
3129394154,125,1,-7,-7,29,53,-4097
3129395154,125,5,-5,-7,45,45,-4088
3129396154,125,8,-3,-8,45,48,-4095
3129397154,125,2,-5,-13,46,49,-4102
3129398154,125,-1,-2,-2,40,46,-4087
3129399154,125,3,-11,-8,43,59,-4095
3129400154,125,8,-7,-7,29,38,-4084
3129401154,125,3,-3,-5,40,44,-4099
3129402154,125,1,-5,-5,19,42,-4114
3129403154,125,6,-7,-4,34,37,-4071
3129404154,125,0,-10,-9,50,37,-4068
3129405154,125,9,-9,-6,27,39,-4087
3129406154,125,2,-4,-8,22,42,-4080
3129407154,125,2,-5,-12,36,42,-4084
3129408154,125,7,-6,-2,34,44,-4086
3129409154,125,3,-6,-6,32,38,-4094
3129410154,125,8,-6,-8,43,34,-4093
3129411154,125,3,-3,-4,38,39,-4089
3129412154,125,2,-1,-6,50,49,-4082
3129413154,125,8,-4,-8,37,66,-4088
3129414154,125,3,-2,-5,45,58,-4092
3129415154,125,7,-4,-7,29,54,-4088
3129416154,125,3,-1,-4,25,47,-4074
3129417154,125,1,-3,-5,45,42,-4081
3129418154,125,4,-2,-6,61,59,-4097
3129419154,125,3,-4,-7,40,55,-4096
3129420154,125,5,-4,-10,33,61,-4102
3129421154,125,9,-12,-8,27,50,-4092
3129422154,125,7,-5,-9,33,54,-4110
3129423154,125,7,0,-12,29,57,-4090
3129424154,125,0,-5,-8,27,42,-4086
3129425154,125,2,-2,-7,32,46,-4102
3129426154,125,6,-7,-9,21,46,-4081
3129427154,125,7,0,-5,32,45,-4090
3129428154,125,0,-1,-6,38,46,-4095
3129429154,125,5,-1,-11,42,42,-4074
3129430154,125,5,6,-9,43,53,-4091
3129431154,125,0,0,-2,48,27,-4089
3129432154,125,5,0,-3,39,59,-4086
3129433154,125,7,-3,-9,32,72,-4097
3129434154,125,3,-4,-3,36,53,-4103
3129435154,125,6,-8,-6,39,47,-4098
3129436154,125,-2,0,-9,44,30,-4095
3129437154,125,4,-2,-11,33,69,-4081
3129438154,125,7,-3,-7,31,43,-4072
3129439154,125,-3,-2,-7,39,47,-4083
3129440154,125,6,-10,-7,37,32,-4081
3129441154,125,7,-1,-13,57,49,-4098
3129442154,125,10,-3,-8,33,55,-4081
3129443154,125,9,-5,-11,35,72,-4092
3129444154,125,-1,0,-12,33,47,-4100
3129445154,125,6,-9,-6,16,58,-4098
3129446154,125,6,-3,-6,32,57,-4099
3129447154,125,8,-5,-4,36,53,-4093
3129448154,125,13,-8,-8,32,60,-4088
3129449154,125,0,-5,-7,41,50,-4081
3129450154,125,7,-9,-11,37,41,-4073
3129451154,125,6,-4,-5,33,46,-4098
3129452154,125,4,-4,-5,39,39,-4094
3129453154,125,1,-4,1,39,44,-4080
3129454154,125,2,-2,-8,22,55,-4078
3129455154,125,-1,-9,-10,38,31,-4099
3129456154,125,4,-3,-13,34,54,-4085
3129457154,125,0,-3,-7,37,45,-4090
3129458154,125,3,-3,-6,44,46,-4097
3129459154,125,9,-6,-8,25,44,-4095
3129460154,125,4,-1,-7,12,30,-4085
3129461154,125,7,-6,-9,45,36,-4082
3129462154,125,3,-4,-5,30,28,-4094
3129463154,125,5,-6,-7,37,37,-4090
3129464154,125,3,-2,0,42,28,-4089
3129465154,125,3,-1,-10,41,32,-4097
3129466154,125,4,4,-3,37,40,-4072
3129467154,125,4,-3,-3,41,25,-4085
3129468154,125,4,-3,-9,29,48,-4091
3129469154,125,0,-9,-8,25,37,-4088
3129470154,125,3,-5,-11,36,36,-4087
3129471154,125,-1,-4,-9,36,36,-4083
3129472154,125,7,-5,-10,31,35,-4075
3129473154,125,3,1,-8,32,14,-4078
3129474154,125,5,-1,-10,37,31,-4088
3129475154,125,4,-2,-8,45,35,-4084
3129476154,125,7,0,1,37,33,-4098
3129477154,125,3,2,-4,32,46,-4086
3129478154,125,2,-1,-4,41,50,-4096
3129479154,125,5,-3,-6,22,56,-4103
3129480154,125,7,-6,-2,24,43,-4084
3129481154,125,7,-2,-6,25,37,-4096
3129482154,125,5,-7,-9,25,45,-4076
3129483154,125,6,-3,-12,44,52,-4064
3129484154,125,-2,0,-8,41,38,-4064
3129485154,125,5,-9,-7,44,35,-4083
3129486154,125,3,-3,-8,33,42,-4084
3129487154,125,0,-2,-10,31,40,-4074
3129488154,125,9,-2,-10,37,56,-4087
3129489154,125,0,-1,-7,40,45,-4079
3129490154,125,10,-9,-10,52,39,-4093
3129491154,125,-1,1,-6,34,39,-4094
3129492154,125,3,-3,-5,38,38,-4099
3129493154,125,7,-4,-6,29,35,-4096
3129494154,125,6,-2,-10,22,41,-4082
3129495154,125,9,-8,-7,39,50,-4093
3129496154,125,5,-3,-6,36,42,-4102
3129497154,125,6,-1,-7,22,46,-4098
3129498154,125,-1,1,-3,40,37,-4098
3129499154,125,2,-3,-7,30,37,-4103
3129500154,125,1,-7,-8,25,34,-4119
3129501154,125,4,-1,-12,14,50,-4100
3129502154,125,1,-2,-8,30,58,-4094
3129503154,125,6,-3,-8,40,50,-4103
3129504154,125,8,0,-8,34,47,-4100
3129505154,125,0,-4,-11,39,50,-4104
3129506154,125,10,-5,-5,38,49,-4080
3129507154,125,3,-1,-14,48,43,-4073
3129508154,125,3,-3,-7,38,47,-4090
3129509154,125,0,-6,-8,34,30,-4076
3129510154,125,7,-4,-5,15,41,-4081
3129511154,125,2,-10,-10,3,50,-4081
3129512154,125,1,-5,-6,24,68,-4095
3129513154,125,-1,0,-9,28,79,-4079
3129514154,125,4,-6,-8,26,68,-4083
3129515154,126,3,0,-15,41,54,-4076
3129516154,126,-1,-1,-10,24,60,-4077
3129517154,126,3,-2,-8,35,54,-4104
3129518154,126,-3,2,-6,34,47,-4096
3129519154,126,4,-8,-15,55,53,-4082
3129520154,126,5,-5,-12,53,73,-4088
3129521154,126,-1,0,-10,73,48,-4075
3129522154,126,4,-5,-8,62,50,-4085
3129523154,126,2,-2,-9,40,73,-4077
3129524154,126,3,-8,-6,42,69,-4082
3129525154,126,-1,-3,-6,37,61,-4068
3129526154,126,1,-6,-5,41,60,-4087
3129527154,126,7,-6,-3,37,55,-4070
3129528154,126,3,-6,-9,46,45,-4075
3129529154,126,7,-1,-8,49,49,-4075
3129530154,126,3,-1,-6,39,46,-4087
3129531154,126,4,-5,-6,25,58,-4092
3129532154,126,-3,-3,-2,50,68,-4101
3129533154,126,4,-6,-10,21,53,-4090
3129534154,126,-3,-3,-9,21,55,-4094
3129535154,126,4,-2,-6,38,55,-4093
3129536154,126,2,-4,-9,24,41,-4093
3129537154,126,3,1,-7,30,51,-4074
3129538154,126,3,-13,-8,30,70,-4092
3129539154,126,-1,-1,-9,53,53,-4088
3129540154,126,5,-5,-7,50,53,-4095
3129541154,126,6,-13,-8,54,49,-4097
3129542154,126,7,-2,-9,45,52,-4103
3129543154,126,3,-6,-11,55,66,-4085
3129544154,126,2,-1,-7,45,42,-4092
3129545154,126,4,-5,-8,46,78,-4081
3129546154,126,5,-4,-6,46,64,-4104
3129547154,126,6,0,-6,45,60,-4093
3129548154,126,2,-3,-7,44,60,-4098
3129549154,126,5,-1,-7,37,61,-4092
3129550154,126,0,-3,-9,46,40,-4097
3129551154,126,5,-10,-12,40,25,-4092
3129552154,126,2,-1,-4,40,40,-4089
3129553154,126,-1,-1,-7,48,34,-4089
3129554154,126,7,-14,-6,31,36,-4087
3129555154,126,3,-3,-10,35,40,-4097
3129556154,126,5,-2,-8,39,57,-4090
3129557154,126,4,-3,-8,32,59,-4090
3129558154,126,2,-4,-6,35,42,-4101
3129559154,126,1,-7,-9,42,41,-4087
3129560154,126,3,-6,-6,20,30,-4090
3129561154,126,2,0,-4,49,53,-4102
3129562154,126,9,-6,-7,42,35,-4082
3129563154,126,-1,-1,-9,39,55,-4087
3129564154,126,3,-5,-7,26,53,-4085
3129565154,126,3,-5,-6,27,61,-4080
3129566154,126,-1,-4,-14,48,42,-4090
3129567154,126,0,-2,-8,47,55,-4096
3129568154,126,0,-7,-10,34,59,-4085
3129569154,126,6,-5,-10,25,54,-4078
3129570154,126,8,-4,-5,46,60,-4066
3129571154,126,3,-3,-3,26,57,-4075
3129572154,126,5,-5,-10,26,37,-4069
3129573154,126,3,-4,-8,38,44,-4073
3129574154,126,4,-2,-4,29,47,-4077
3129575154,126,3,-1,-1,25,45,-4082
3129576154,126,-3,-5,-9,48,47,-4080
3129577154,126,5,0,-6,39,53,-4085
3129578154,126,4,-6,-7,40,56,-4090
3129579154,126,5,-4,-11,36,37,-4104
3129580154,126,5,-4,-11,41,53,-4095
3129581154,126,8,-7,-9,23,42,-4100
3129582154,126,2,-1,-3,36,53,-4094
3129583154,126,5,-9,-5,43,52,-4085
3129584154,126,3,-3,0,29,31,-4077
3129585154,126,1,-1,-3,33,42,-4105
3129586154,126,4,-5,-4,40,51,-4089
3129587154,126,4,-3,-4,40,37,-4084
3129588154,126,4,-4,-7,33,33,-4070
3129589154,126,3,-3,-10,27,59,-4097
3129590154,126,-3,1,-11,38,49,-4098
3129591154,126,3,-4,-8,37,52,-4097
3129592154,126,3,0,-9,43,41,-4087
3129593154,126,4,-4,-8,33,45,-4086
3129594154,126,3,0,-11,36,51,-4093
3129595154,126,8,-4,-10,34,36,-4081
3129596154,126,6,-2,-11,40,32,-4094
3129597154,126,4,-10,-14,39,55,-4079
3129598154,126,1,-1,-6,36,60,-4096
3129599154,126,4,-4,-5,25,53,-4094
3129600154,126,0,-6,-5,41,39,-4101
3129601154,126,4,0,-1,28,58,-4092
3129602154,126,7,-4,-6,18,48,-4102
3129603154,126,8,-1,-4,11,49,-4088
3129604154,126,5,-3,-4,25,50,-4088
3129605154,126,6,-5,-10,31,49,-4092
3129606154,126,6,6,-9,38,59,-4081
3129607154,126,3,-3,-7,37,50,-4086
3129608154,126,5,-6,-9,38,61,-4092
3129609154,126,1,-3,-5,25,42,-4077
3129610154,126,2,2,-10,38,34,-4080
3129611154,126,0,-1,-7,33,34,-4091
3129612154,126,0,-2,-9,30,41,-4081
3129613154,126,7,-10,-6,39,40,-4095
3129614154,126,3,-4,-10,49,39,-4088
3129615154,126,1,-8,-6,45,38,-4098
3129616154,126,4,-5,-7,38,48,-4095
3129617154,126,3,-1,-3,39,35,-4096
3129618154,126,-1,-6,-5,43,38,-4098
3129619154,126,3,-6,-4,42,16,-4099
3129620154,126,6,-7,-4,28,29,-4095
3129621154,126,2,-4,-10,38,34,-4107
3129622154,126,1,4,-12,35,28,-4090
3129623154,126,3,-7,-7,45,27,-4089
3129624154,126,3,-2,-10,40,38,-4078
3129625154,126,3,-4,-7,37,38,-4087
3129626154,126,3,-1,-13,39,30,-4080
3129627154,126,4,-3,-11,29,49,-4093
3129628154,126,-2,-1,-12,32,51,-4090
3129629154,126,2,-6,-12,22,39,-4085
3129630154,126,-1,-5,-9,46,40,-4084
3129631154,126,1,-3,-12,36,35,-4078
3129632154,126,3,-1,-4,34,33,-4088
3129633154,126,3,4,-7,35,44,-4089
3129634154,126,0,-1,-7,34,40,-4086
3129635154,126,-2,-2,-6,39,47,-4080
3129636154,126,5,0,-7,15,36,-4087
3129637154,126,-1,-4,-7,35,53,-4107
3129638154,126,6,-3,-12,44,50,-4105
3129639154,126,13,-6,-11,32,50,-4083
3129640154,126,2,-1,-10,32,38,-4102
3129641154,126,2,-4,-8,35,51,-4087
3129642154,126,2,-7,-14,27,49,-4079
3129643154,126,-1,-3,-12,34,61,-4099
3129644154,126,3,1,-11,40,47,-4092
3129645154,126,1,-2,-14,32,45,-4090
3129646154,126,-2,2,-16,36,43,-4089
3129647154,126,1,-5,-8,43,46,-4072
3129648154,126,-1,-8,-10,25,37,-4078
3129649154,126,-2,1,-7,29,59,-4088
3129650154,126,7,-1,-4,43,53,-4100
3129651154,126,5,-6,-7,35,54,-4092
3129652154,126,1,1,-9,43,63,-4094
3129653154,126,0,-8,-7,39,54,-4096
3129654154,126,3,4,-9,27,41,-4096
3129655154,126,8,-10,-9,47,38,-4084
3129656154,126,4,-4,-11,42,30,-4085
3129657154,126,3,-7,-11,31,51,-4074
3129658154,126,2,-5,-17,40,46,-4077
3129659154,126,-1,-4,-17,27,52,-4081
3129660154,126,1,0,-11,27,52,-4089
3129661154,126,4,-5,-16,47,64,-4079
3129662154,126,5,-3,-9,50,58,-4089
3129663154,126,2,0,-5,40,58,-4081
3129664154,126,-1,-2,-7,26,49,-4088
3129665154,126,1,-5,-8,32,43,-4105
3129666154,126,-1,-8,-12,43,36,-4088
3129667154,126,1,1,-6,34,39,-4091
3129668154,126,4,-2,-5,51,44,-4079
3129669154,126,5,-2,-7,48,39,-4089
3129670154,126,6,4,-6,49,63,-4087
3129671154,126,-1,-2,-11,55,58,-4078
3129672154,126,2,2,-13,61,47,-4098
3129673154,126,0,-2,-7,54,52,-4081
3129674154,126,2,-4,-13,39,54,-4092
3129675154,126,5,-6,-16,32,45,-4086
3129676154,126,6,-3,-14,38,60,-4086
3129677154,126,5,-5,-9,38,50,-4069
3129678154,126,8,-7,-7,47,53,-4079
3129679154,126,7,-10,-11,49,53,-4081
3129680154,126,5,-1,-11,53,55,-4079
3129681154,126,-3,2,-7,48,50,-4086
3129682154,126,7,-9,-9,45,56,-4093
3129683154,126,0,-5,-11,21,45,-4084
3129684154,126,-3,-3,-6,32,44,-4094
3129685154,126,6,-6,-4,22,39,-4094
3129686154,126,1,5,-5,33,49,-4088
3129687154,126,4,-6,-5,31,33,-4089
3129688154,126,3,-5,-8,31,41,-4082
3129689154,126,1,-3,-9,16,44,-4111
3129690154,126,5,0,-9,10,39,-4084
3129691154,126,3,1,-15,34,49,-4097
3129692154,126,6,-4,-13,27,59,-4095
3129693154,126,5,-5,-6,35,54,-4092
3129694154,126,-1,-2,-6,30,42,-4089
3129695154,126,3,-4,-8,37,50,-4116
3129696154,126,3,-2,-8,30,56,-4091
3129697154,126,9,-7,-10,39,55,-4091
3129698154,126,5,-8,-7,43,37,-4080
3129699154,126,6,-2,-2,67,33,-4089
3129700154,126,0,-4,-8,61,61,-4076
3129701154,126,4,0,-6,40,48,-4076
3129702154,126,8,-4,-10,50,53,-4078
3129703154,126,6,-4,-6,50,65,-4093
3129704154,126,1,-3,-9,38,63,-4100
3129705154,126,7,-1,-11,34,44,-4099
3129706154,126,3,-3,-9,30,52,-4096
3129707154,126,4,-5,-7,30,53,-4097
3129708154,126,3,-4,-9,33,56,-4100
3129709154,126,10,-7,-6,33,52,-4098
3129710154,126,-1,-4,-3,48,48,-4091
3129711154,126,3,-13,-8,35,37,-4073
3129712154,126,4,1,-7,32,45,-4096
3129713154,126,-2,-2,-6,38,33,-4096
3129714154,126,3,-6,-4,42,47,-4092
3129715154,126,1,-3,-7,25,42,-4091
3129716154,126,2,-4,-6,43,56,-4098
3129717154,126,1,-3,-9,33,47,-4097
3129718154,126,2,-2,-7,37,48,-4108
3129719154,126,9,-7,-9,35,56,-4071
3129720154,126,3,1,-4,33,48,-4079
3129721154,126,6,-5,-5,44,32,-4079
3129722154,126,5,-8,-6,51,47,-4079
3129723154,126,6,-4,-7,30,44,-4087
3129724154,126,7,-7,-6,31,47,-4092
3129725154,126,8,-9,-4,40,56,-4103
3129726154,126,4,-5,-7,30,47,-4091
3129727154,126,0,-7,-6,28,40,-4086
3129728154,126,6,-5,-7,31,46,-4081
3129729154,126,3,-11,-5,35,47,-4094
3129730154,126,8,-7,-4,43,56,-4087
3129731154,126,3,2,-2,33,59,-4072
3129732154,126,2,-3,-4,39,60,-4074
3129733154,126,9,-2,-5,39,53,-4093
3129734154,126,3,-3,-6,42,55,-4082
3129735154,126,6,-4,-7,40,46,-4088
3129736154,126,6,-5,-3,44,40,-4088
3129737154,126,7,-1,-5,50,50,-4088
3129738154,126,2,-4,-5,31,63,-4094
3129739154,126,3,-4,-6,45,57,-4112
3129740154,126,2,-3,-1,32,39,-4108
3129741154,126,9,-4,-3,36,61,-4093
3129742154,126,2,-3,-6,40,47,-4082
3129743154,126,4,-7,-3,16,47,-4088
3129744154,126,5,-5,-3,38,44,-4086
3129745154,126,-1,2,-4,36,53,-4080
3129746154,126,-1,-6,-9,30,62,-4081
3129747154,126,5,-8,-9,31,65,-4086
3129748154,126,3,-6,-4,44,59,-4089
3129749154,126,2,-4,-4,47,63,-4088
3129750154,126,0,-4,-6,27,56,-4097
3129751154,126,5,-10,-6,42,38,-4099
3129752154,126,5,-2,-6,42,52,-4092
3129753154,126,2,-3,-7,33,44,-4101
3129754154,126,4,-6,-5,45,55,-4086
3129755154,126,2,-2,-1,54,53,-4082
3129756154,126,7,-4,-7,41,52,-4081
3129757154,126,5,1,-5,62,46,-4097
3129758154,126,7,-4,-5,33,54,-4099
3129759154,126,8,-8,-6,41,54,-4088
3129760154,126,5,-1,-4,34,48,-4104
3129761154,126,5,-2,-1,38,46,-4093
3129762154,126,1,-10,-3,31,53,-4089
3129763154,126,6,-2,-3,19,45,-4084
3129764154,126,7,-6,-4,36,54,-4089
3129765154,126,5,-2,-6,36,53,-4102
3129766154,126,-1,-2,3,36,46,-4084
3129767154,126,5,-2,-4,28,22,-4086
3129768154,126,4,-3,-11,40,39,-4074
3129769154,126,4,-5,-4,30,40,-4078
3129770154,126,3,-4,-9,38,35,-4091
3129771154,126,5,-1,-10,39,55,-4087
3129772154,126,8,-5,-10,39,45,-4084
3129773154,126,11,-3,-6,37,46,-4102
3129774154,126,1,1,-6,46,33,-4098
3129775154,126,4,-5,0,38,64,-4098
3129776154,126,6,-4,-7,44,40,-4071
3129777154,126,1,3,-2,27,34,-4086
3129778155,126,10,-2,-4,32,38,-4084
3129779156,126,1,-2,-4,46,47,-4072
3129780154,126,6,-1,-7,36,33,-4083
3129781154,126,3,-7,-4,66,50,-4084
3129782154,126,1,-1,-7,40,36,-4082
3129783154,126,2,-3,-5,38,47,-4086
3129784154,126,3,-5,-7,41,41,-4080
3129785154,126,9,4,-9,42,36,-4082
3129786154,126,11,-1,-7,33,46,-4072
3129787154,126,5,-1,-7,39,32,-4104
3129788154,126,8,-7,-6,30,38,-4074
3129789154,126,7,-9,-6,39,53,-4080
3129790154,126,5,-3,-7,48,42,-4081
3129791154,126,-2,-3,-8,44,48,-4085
3129792154,126,9,-4,-7,33,49,-4067
3129793154,126,6,-2,-7,42,35,-4091
3129794154,126,6,-8,-6,34,47,-4085
3129795154,126,5,-1,-8,45,43,-4093
3129796154,126,8,-8,-13,41,47,-4093
3129797154,126,3,-2,-8,44,44,-4093
3129798154,126,0,-5,-8,27,44,-4087
3129799154,126,8,1,-9,37,47,-4090
3129800154,126,3,-6,-7,35,58,-4081
3129801154,126,6,-7,-7,23,53,-4090
3129802154,126,9,-5,-6,31,39,-4093
3129803154,126,3,1,-7,21,44,-4081
3129804154,126,5,0,-10,29,44,-4075
3129805154,126,5,-7,-9,31,60,-4080
3129806154,126,-4,0,-7,32,51,-4080
3129807154,126,4,-4,-6,50,39,-4087
3129808154,126,7,-2,2,43,55,-4097
3129809154,126,0,-1,-7,34,62,-4099
3129810154,126,5,-12,-10,28,57,-4087
3129811154,126,3,-7,-10,38,50,-4087
3129812154,126,5,-4,-6,30,45,-4079
3129813154,126,2,-4,-1,28,35,-4093
3129814154,126,0,1,-6,26,47,-4098
3129815154,126,4,-6,-10,28,36,-4104
3129816154,126,3,-5,-8,44,40,-4097
3129817154,126,7,-1,-7,36,40,-4094
3129818154,126,4,-4,-7,38,54,-4084
3129819154,126,4,-2,-5,37,47,-4081
3129820154,126,8,-7,-7,26,44,-4075
3129821154,126,6,-7,-7,37,47,-4096
3129822154,126,2,-5,2,43,47,-4087
3129823154,126,6,-1,-11,32,37,-4084
3129824154,126,4,-7,-8,41,56,-4079
3129825154,126,-5,-5,-9,43,39,-4088
3129826154,126,5,-1,-7,24,53,-4093
3129827154,126,7,0,-10,38,44,-4104
3129828154,126,5,-6,-6,43,33,-4093
3129829154,126,9,-4,-8,32,55,-4090
3129830154,126,3,-6,-7,40,46,-4091
3129831154,126,7,-7,-7,33,47,-4082
3129832154,126,1,-5,-9,39,43,-4090
3129833154,126,6,-5,-5,24,53,-4081
3129834154,126,2,-6,-5,30,46,-4098
3129835154,126,2,3,-5,27,44,-4082
3129836154,126,1,-2,-9,18,25,-4078
3129837154,126,6,-4,-13,36,38,-4069
3129838154,126,3,0,-7,25,41,-4095
3129839154,126,2,-4,-6,31,41,-4070
3129840154,126,2,-6,-8,37,27,-4072
3129841154,126,3,1,-9,39,58,-4098
3129842154,126,8,-5,-2,42,59,-4086
3129843154,126,1,-8,-9,43,46,-4094
3129844154,126,5,-3,-11,45,42,-4086
3129845154,126,-1,-1,-7,36,36,-4080
3129846154,126,3,0,-5,36,47,-4091
3129847154,126,3,-2,-6,31,40,-4067
3129848154,126,4,-6,-7,32,41,-4094
3129849154,126,5,0,-8,34,57,-4067
3129850154,126,1,-4,-10,35,53,-4084
3129851154,126,-1,-1,-4,31,49,-4097
3129852154,126,5,-5,-4,45,48,-4101
3129853154,126,8,-7,-7,50,58,-4111
3129854154,126,3,-1,-8,29,53,-4091
3129855154,126,3,0,-3,24,33,-4108
3129856154,126,6,-4,-8,38,53,-4108
3129857154,126,4,-2,-8,41,42,-4099
3129858154,126,12,-3,-8,26,50,-4071
3129859154,126,6,-5,-7,26,46,-4085
3129860154,126,10,-9,-11,33,41,-4081
3129861154,126,3,0,-6,27,51,-4079
3129862154,126,0,3,-6,47,39,-4094
3129863154,126,13,-2,-9,36,48,-4095
3129864154,126,3,-3,-9,24,54,-4089
3129865154,126,-2,-1,-9,33,50,-4095
3129866154,126,3,-11,-8,39,60,-4102
3129867154,126,4,-3,-3,43,41,-4094
3129868154,126,5,0,-8,47,49,-4089
3129869154,126,2,-6,-6,50,32,-4080
3129870154,126,-1,1,-3,33,40,-4084
3129871154,126,-4,0,-6,37,46,-4074
3129872154,126,0,-3,-8,36,59,-4098
3129873154,126,2,-4,-10,50,38,-4093
3129874154,126,6,-5,-11,47,49,-4080
3129875154,126,6,-3,-12,38,45,-4081
3129876154,126,0,-7,-11,38,40,-4097
3129877154,126,0,-8,-8,32,48,-4089
3129878154,126,0,-1,-4,19,41,-4072
3129879154,126,9,-5,-6,31,49,-4089
3129880154,126,2,-3,-8,26,51,-4076
3129881154,126,3,-2,-7,36,50,-4078
3129882154,126,3,-2,-3,20,42,-4086
3129883154,126,-1,-5,-4,35,47,-4087
3129884154,126,1,-5,-5,35,40,-4103
3129885154,126,2,-7,-8,38,37,-4070
3129886154,126,1,-5,-12,32,31,-4086
3129887154,126,3,-2,-11,55,47,-4096
3129888154,126,3,-5,-11,28,42,-4078
3129889154,126,5,-3,-11,16,33,-4089
3129890154,126,3,-4,-7,36,41,-4083
3129891154,126,5,-5,-10,33,59,-4086
3129892154,126,3,0,-5,50,63,-4083
3129893154,126,9,-4,-4,32,43,-4073
3129894154,126,1,1,0,35,40,-4081
3129895154,126,9,-9,-7,44,44,-4094
3129896154,126,10,-1,-5,35,58,-4082
3129897154,126,6,0,-4,35,40,-4100
3129898154,126,13,-4,-8,53,50,-4089
3129899154,126,-1,-7,-4,50,56,-4114
3129900154,126,10,-7,-8,37,45,-4089
3129901154,126,7,-4,-8,50,49,-4088
3129902154,126,5,-5,-8,43,58,-4105
3129903154,126,11,-4,-7,42,39,-4084
3129904154,126,-2,2,-10,34,42,-4083
3129905154,126,0,-3,-9,38,48,-4092
3129906154,126,9,-9,-12,37,51,-4075
3129907154,126,0,-4,-8,29,55,-4091
3129908154,126,4,-3,-8,30,48,-4100
3129909154,126,5,-1,-12,37,48,-4108
3129910154,126,7,2,-6,29,61,-4102
3129911154,126,7,-7,-9,30,35,-4084
3129912154,126,10,-6,-9,32,52,-4080
3129913154,126,3,-5,-4,44,42,-4097
3129914154,126,5,-5,-5,38,44,-4107
3129915154,126,3,-5,-5,52,50,-4094
3129916154,126,6,-4,-8,36,46,-4100
3129917154,126,5,-5,-8,37,42,-4087
3129918154,126,-1,-1,-9,45,49,-4110
3129919154,126,0,-7,-9,56,57,-4097
3129920154,126,1,-5,-10,44,37,-4098
3129921154,126,4,-7,-10,34,55,-4092
3129922154,126,7,-3,-7,31,38,-4096
3129923154,126,3,-1,-6,39,29,-4080
3129924154,126,6,-5,-12,35,40,-4082
3129925154,126,8,-6,-10,47,49,-4074
3129926154,126,7,2,-5,38,51,-4091
3129927154,126,9,-7,-6,37,59,-4086
3129928154,126,2,-1,-6,23,28,-4095
3129929154,126,6,-7,-6,42,57,-4082
3129930154,126,8,-3,-8,37,43,-4088
3129931154,126,3,-7,-14,41,42,-4088
3129932154,126,0,-2,-4,38,42,-4099
3129933154,126,6,-3,-3,33,67,-4092
3129934154,126,5,-2,-4,46,51,-4090
3129935154,126,9,-4,-10,44,41,-4087
3129936154,126,14,-6,-11,31,34,-4084
3129937154,126,1,-2,-6,27,46,-4076
3129938154,126,8,-7,-10,41,51,-4080
3129939154,126,3,0,-6,46,39,-4076
3129940154,126,11,-2,-7,51,41,-4072
3129941154,126,4,-3,-10,41,47,-4080
3129942154,126,-4,-1,-6,48,57,-4093
3129943154,126,3,-3,-7,37,50,-4085
3129944154,126,3,-6,-6,27,43,-4097
3129945154,126,3,-9,-5,35,32,-4086
3129946154,126,7,0,-6,35,39,-4088
3129947154,126,8,-4,-9,25,53,-4093
3129948154,126,7,-1,-11,36,51,-4089
3129949154,126,5,-4,-10,40,34,-4093
3129950154,126,2,-5,-3,42,49,-4093
3129951154,126,4,-4,-8,39,39,-4095
3129952154,126,1,-1,-10,46,34,-4081
3129953154,126,4,1,-8,40,33,-4089
3129954154,126,1,1,-5,26,41,-4085
3129955154,126,6,2,-7,35,42,-4082
3129956154,126,0,-4,-6,46,55,-4103
3129957154,126,-2,-3,-9,33,57,-4104
3129958154,126,6,-3,-8,42,48,-4109
3129959154,126,-3,-1,-4,24,32,-4093
3129960154,126,4,-3,-8,20,47,-4093
3129961154,126,3,-1,-9,33,40,-4078
3129962154,126,2,-8,-14,45,41,-4098
3129963154,126,6,-7,-9,25,41,-4090
3129964154,126,4,-6,-7,29,53,-4082
3129965154,126,5,-10,-6,29,34,-4080
3129966154,126,3,-1,-10,48,44,-4093
3129967154,126,7,-3,-7,43,55,-4084
3129968154,126,1,-1,-10,45,56,-4091
3129969154,126,1,-3,-3,33,49,-4083
3129970154,126,2,-5,-5,28,49,-4075
3129971154,126,-1,-4,-5,39,50,-4078
3129972154,126,2,-3,-8,39,38,-4096
3129973154,126,12,-6,-11,32,41,-4102
3129974154,126,3,1,-10,29,40,-4096
3129975154,126,6,-6,-12,24,33,-4097
3129976154,126,1,-4,-9,42,39,-4093
3129977154,126,5,-10,-10,43,51,-4083
3129978154,126,5,-5,-11,41,44,-4085
3129979154,126,5,-6,-11,37,61,-4101
3129980154,126,5,-2,-1,27,38,-4089
3129981154,126,1,-7,-5,20,51,-4082
3129982154,126,4,-5,-11,24,46,-4087
3129983154,126,9,-2,-4,31,49,-4092
3129984154,126,1,-4,-5,31,34,-4095
3129985154,126,2,3,-9,39,31,-4081
3129986154,126,7,-2,-7,35,48,-4069
3129987154,126,-1,0,-6,36,37,-4073
3129988154,126,5,-3,-9,46,45,-4075
3129989154,126,1,-2,-11,39,51,-4076
3129990154,126,3,-4,-6,46,55,-4091
3129991154,126,-6,-1,-5,38,39,-4091
3129992154,126,4,-1,-8,40,54,-4087
3129993154,126,2,-2,-10,43,49,-4104
3129994154,126,4,-7,-4,14,45,-4083
3129995154,126,5,-5,-10,30,43,-4072
3129996154,126,2,-7,-2,39,41,-4076
3129997154,126,-1,-5,-3,39,52,-4078
3129998154,126,7,1,-5,32,55,-4081
3129999154,126,7,-2,-4,28,39,-4075
3130000154,126,3,0,-6,33,62,-4078
3130001154,126,1,-2,-4,40,59,-4084
3130002154,126,7,-7,-8,45,50,-4103
3130003154,126,5,-6,-4,34,58,-4094
3130004154,126,-1,-9,-6,37,51,-4113
3130005154,126,0,-5,-8,48,46,-4094
3130006154,126,5,0,-9,41,55,-4079
3130007154,126,11,-6,-10,47,45,-4085
3130008154,126,5,-7,-9,61,56,-4086
3130009154,126,3,-6,-11,40,42,-4092
3130010154,126,5,-2,-5,43,53,-4096
3130011154,126,8,0,-8,53,49,-4106
3130012154,126,7,-3,-10,28,33,-4110
3130013154,126,-2,0,-3,32,54,-4096
3130014154,126,4,2,-12,25,45,-4097
3130015154,126,3,-10,-8,30,56,-4098
3130016154,126,4,-4,-5,33,36,-4096
3130017154,126,4,1,-7,24,48,-4086
3130018154,126,3,-2,-8,26,46,-4084
3130019154,126,6,0,-8,35,40,-4078
3130020154,126,2,-5,-9,39,36,-4079
3130021154,126,6,-2,-4,49,34,-4073
3130022154,126,5,-2,-7,53,41,-4090
3130023154,126,2,-4,-7,40,49,-4106
3130024154,126,5,1,-12,50,53,-4097
3130025154,126,6,-3,-7,34,57,-4095
3130026154,126,5,-11,-8,28,49,-4100
3130027154,126,1,0,-7,34,54,-4090
3130028154,126,2,-4,-9,42,38,-4081
3130029154,126,5,-6,-6,31,45,-4100
3130030154,126,6,0,-10,31,43,-4097
3130031154,126,9,-8,-12,24,54,-4086
3130032154,126,-1,-2,-8,33,46,-4090
3130033154,126,2,-4,-5,32,40,-4084
3130034154,126,7,-4,-4,23,35,-4095
3130035154,126,-2,-8,-9,42,58,-4093
3130036154,126,9,-10,-8,38,57,-4094
3130037154,126,0,-1,-7,43,56,-4069
3130038154,126,2,1,-6,37,54,-4094
3130039154,126,11,-7,-11,35,54,-4079
3130040154,126,3,-5,-7,30,38,-4063
3130041154,126,4,0,-8,44,52,-4074
3130042154,126,4,-5,-7,47,42,-4071
3130043154,126,2,-2,-9,38,26,-4076
3130044154,126,5,-6,-7,50,34,-4088
3130045154,126,6,1,-10,46,56,-4089
3130046154,126,3,-2,-5,47,32,-4102
3130047154,126,2,-5,-12,35,45,-4086
3130048154,126,5,-7,-13,43,42,-4087
3130049154,126,10,-1,-9,40,55,-4093
3130050154,126,11,-3,-11,36,51,-4102
3130051154,126,7,3,-7,37,55,-4085
3130052154,126,6,-10,-13,38,40,-4092
3130053154,126,0,1,-6,14,40,-4078
3130054154,126,4,-4,-5,44,32,-4078
3130055154,126,4,-2,-4,46,37,-4088
3130056154,126,1,-1,-9,22,38,-4085
3130057154,126,7,-6,-9,51,45,-4100
3130058154,126,2,-2,-7,43,49,-4086
3130059154,126,0,4,-2,43,43,-4091
3130060154,126,0,-1,-5,43,50,-4093
3130061154,126,11,-5,-9,43,55,-4090
3130062154,126,6,0,-13,34,53,-4092
3130063154,126,5,-1,-4,46,45,-4090
3130064154,126,7,-1,-8,29,51,-4091
3130065154,126,1,0,-7,40,49,-4079
3130066154,126,5,-4,-9,34,36,-4096
3130067154,126,3,-6,-7,39,47,-4079
3130068154,126,2,-5,-8,49,39,-4088
3130069154,126,3,-2,-8,31,43,-4092
3130070154,126,0,-4,-9,33,51,-4080
3130071154,126,8,-6,-7,7,74,-4099
3130072154,126,3,-6,-6,28,58,-4091
3130073154,127,-1,-7,-6,23,58,-4082
3130074154,127,2,-6,-9,24,45,-4103
3130075154,127,4,-5,-6,31,38,-4081
3130076154,127,3,-4,-10,26,41,-4101
3130077154,127,3,-2,-9,32,45,-4092
3130078154,127,3,-2,-14,38,43,-4089
3130079154,127,8,-1,-8,40,42,-4103
3130080154,127,1,-5,-8,40,42,-4096
3130081154,127,9,-5,-7,29,47,-4089
3130082154,127,6,-4,-3,25,46,-4100
3130083154,127,-1,2,-4,37,43,-4107
3130084154,127,2,-5,-9,42,54,-4088
3130085154,127,6,-3,-4,36,62,-4092
3130086154,127,3,5,-5,25,28,-4085
3130087154,127,5,-5,-6,42,49,-4091
3130088154,127,1,0,-8,45,46,-4091
3130089154,127,5,-7,-13,35,33,-4090
3130090154,127,8,-7,-9,39,23,-4084
3130091154,127,2,-2,-11,42,35,-4094
3130092154,127,0,-1,-9,47,33,-4100
3130093154,127,4,-3,-8,42,37,-4084
3130094154,127,-1,1,-7,30,49,-4095
3130095154,127,6,-9,-7,48,35,-4071
3130096154,127,4,0,-5,31,44,-4090
3130097154,127,0,3,-5,29,39,-4095
3130098154,127,0,-6,-7,43,39,-4069
3130099154,127,2,1,-3,30,43,-4075
3130100154,127,3,-7,-4,31,43,-4071
3130101154,127,5,-3,-7,40,31,-4075
3130102154,127,-1,0,-10,40,50,-4080
3130103154,127,7,-2,-8,47,45,-4091
3130104154,127,7,-5,-4,50,59,-4091
3130105154,127,5,-4,-10,41,32,-4077
3130106154,127,2,-3,-1,31,62,-4082
3130107154,127,4,1,-3,46,55,-4089
3130108154,127,1,-4,-7,30,51,-4091
3130109154,127,3,1,-6,33,38,-4079
3130110154,127,-1,-4,-8,39,32,-4084
3130111154,127,7,-4,-5,39,62,-4086
3130112154,127,5,-8,-11,50,33,-4081
3130113154,127,2,-2,-6,37,45,-4107
3130114154,127,4,-8,-5,24,47,-4093
3130115154,127,-3,2,-3,42,47,-4094
3130116154,127,6,-5,-7,30,48,-4105
3130117154,127,6,-3,-8,33,33,-4084
3130118154,127,8,-3,-1,32,55,-4079
3130119154,127,3,-6,-5,25,46,-4091
3130120154,127,7,-3,-4,30,38,-4093
3130121154,127,7,-4,-6,40,47,-4100
3130122154,127,7,-2,-8,35,46,-4071
3130123154,127,4,-5,-9,33,39,-4080
3130124154,127,8,-6,-13,33,46,-4089
3130125154,127,8,-2,-7,42,44,-4096
3130126154,127,3,0,-12,44,35,-4078
3130127154,127,5,-8,-8,48,50,-4096
3130128154,127,1,-5,-12,39,51,-4118
3130129154,127,3,1,-5,40,47,-4099
3130130154,127,7,-2,-6,50,47,-4091
3130131154,127,6,0,-9,37,41,-4078
3130132154,127,2,-3,-5,38,46,-4085
3130133154,127,6,-3,-5,35,38,-4080
3130134154,127,-6,2,-7,26,44,-4076
3130135154,127,4,-8,-8,38,40,-4092
3130136154,127,1,1,-7,48,51,-4099
3130137154,127,6,-6,-9,25,56,-4095
3130138154,127,5,-2,-3,38,43,-4080
3130139154,127,11,0,-5,26,58,-4078
3130140154,127,1,-3,-5,32,55,-4085
3130141154,127,3,0,-8,28,48,-4084
3130142154,127,11,-2,-6,36,46,-4076
3130143154,127,3,-6,-6,32,53,-4076
3130144154,127,3,0,-6,31,58,-4076
3130145154,127,5,-4,-8,41,56,-4084
3130146154,127,4,-4,-8,42,47,-4093
3130147154,127,-3,4,-2,43,60,-4096
3130148154,127,1,2,-5,49,50,-4081
3130149154,127,4,-5,-13,21,52,-4090
3130150154,127,5,-2,-6,30,56,-4101
3130151154,127,11,-1,-6,25,46,-4094
3130152154,127,0,-2,-6,42,44,-4080
3130153154,127,3,-2,-8,20,51,-4082
3130154154,127,9,-2,-3,31,55,-4076
3130155154,127,2,1,-1,47,52,-4076
3130156154,127,-1,-3,-5,44,44,-4090
3130157154,127,7,-2,-9,44,56,-4099
3130158154,127,7,2,-8,46,42,-4082
3130159154,127,6,-6,-8,42,45,-4081
3130160154,127,2,-1,-6,40,49,-4084
3130161154,127,-3,1,-1,58,50,-4089
3130162154,127,7,-6,-5,48,60,-4083
3130163154,127,-2,0,-11,38,47,-4083
3130164154,127,3,0,-8,28,60,-4085
3130165154,127,5,-3,-10,37,52,-4092
3130166154,127,0,4,-11,34,52,-4078
3130167154,127,8,-2,-7,35,43,-4089
3130168154,127,-2,-3,-5,66,38,-4068
3130169154,127,4,-12,-4,39,56,-4087
3130170154,127,4,2,-7,36,42,-4094
3130171154,127,7,-2,-6,63,43,-4102
3130172154,127,3,-8,-6,29,42,-4094
3130173154,127,1,-4,-7,27,41,-4106
3130174154,127,7,-4,-5,29,35,-4093
3130175154,127,3,-2,-3,19,38,-4091
3130176154,127,5,1,-12,22,59,-4098
3130177154,127,2,0,-9,34,50,-4108
3130178154,127,3,2,-7,35,57,-4084
3130179154,127,2,-4,-9,50,60,-4089
3130180154,127,3,-4,-6,32,53,-4095
3130181154,127,5,-4,-3,36,42,-4110
3130182154,126,2,-5,-7,37,65,-4115
3130183154,126,7,-2,-9,22,51,-4094
3130184154,126,-3,-6,-4,26,54,-4090
3130185154,126,4,-3,-11,32,40,-4091
3130186154,126,1,-3,-8,35,64,-4075
3130187154,126,6,1,-11,45,64,-4070
3130188154,126,4,2,-6,46,62,-4083
3130189154,126,5,3,-5,43,60,-4081
3130190154,126,8,2,-6,31,67,-4078
3130191154,126,3,-5,-6,33,52,-4076
3130192154,126,4,-1,-7,43,47,-4081
3130193154,126,5,-3,-9,49,36,-4082
3130194154,126,4,-8,-7,45,44,-4087
3130195154,126,7,3,-2,49,60,-4097
3130196154,126,7,-4,-6,56,64,-4097
3130197154,126,5,-6,-12,45,55,-4088
3130198154,126,1,2,-5,35,48,-4083
3130199154,126,6,-9,-12,35,45,-4077
3130200154,126,1,0,-4,51,57,-4085
3130201154,126,2,0,-3,43,33,-4087
3130202154,126,3,-3,-7,39,46,-4100
3130203154,126,-1,2,-5,19,39,-4087
3130204154,126,8,-9,-10,27,44,-4087
3130205154,126,-3,-3,-5,31,35,-4099
3130206154,126,1,-1,-11,30,28,-4098
3130207154,126,0,-2,-12,37,45,-4104
3130208154,126,0,1,-12,36,44,-4092
3130209154,126,3,-4,-9,32,40,-4098
3130210154,126,1,0,-7,44,47,-4087
3130211154,126,-2,4,-7,22,32,-4077
3130212154,126,3,-5,-10,25,36,-4071
3130213154,126,3,1,-6,28,45,-4078
3130214154,126,4,1,-8,33,47,-4084
3130215154,126,6,-5,-13,28,33,-4070
3130216154,126,-6,-4,-9,-14,27,-4084
3130217154,126,-1,-3,-10,-26,49,-4109
3130218154,126,4,-4,-13,-6,9,-4116
3130219154,126,1,1,-8,26,10,-4092
3130220154,126,-1,6,-10,45,21,-4104
3130221154,126,0,-2,-11,89,54,-4041
3130222154,126,0,1,-13,86,64,-4066
3130223154,126,6,0,-13,69,50,-4094
3130224154,126,-2,3,-8,110,45,-4127
3130225154,126,2,-1,-10,88,52,-4130
3130226154,126,1,-7,-11,79,29,-4090
3130227154,126,1,1,-9,45,40,-4064
3130228154,126,6,-4,-3,50,24,-4074
3130229154,126,0,-2,-6,43,67,-4097
3130230154,127,-1,5,-5,44,58,-4112
3130231154,127,1,-4,-5,41,83,-4105
3130232154,127,9,-7,-7,24,66,-4082
3130233154,127,7,-4,-11,14,54,-4088
3130234154,127,3,0,-8,10,48,-4090
3130235154,127,0,2,-7,12,53,-4104
3130236154,127,4,-1,-10,40,56,-4112
3130237154,127,-2,4,-8,39,68,-4104
3130238154,127,1,4,-10,27,53,-4112
3130239154,127,1,-2,-14,25,58,-4123
3130240154,127,-4,-2,-12,34,56,-4092
3130241154,127,4,3,-12,45,69,-4091
3130242154,127,3,1,-11,40,61,-4074
3130243154,127,-2,1,-12,39,66,-4081
3130244154,127,8,-2,-14,40,50,-4061
3130245154,127,0,5,-10,15,54,-4072
3130246154,127,-2,0,-6,35,43,-4069
3130247154,127,-2,6,-11,39,38,-4083
3130248154,127,3,8,-12,34,27,-4083
3130249154,126,1,2,-4,40,37,-4080
3130250154,126,0,0,-8,35,50,-4094
3130251154,126,2,1,-10,27,33,-4077
3130252154,126,1,-1,-6,41,41,-4074
3130253154,126,4,2,-10,39,39,-4080
3130254154,126,2,4,-10,35,33,-4096
3130255154,126,5,-1,-10,23,17,-4085
3130256154,126,-2,-1,-6,43,19,-4081
3130257154,126,-1,2,-11,42,13,-4077
3130258154,126,-1,0,-9,41,18,-4085
3130259154,127,-3,-1,-3,48,32,-4099
3130260154,127,3,-6,-6,48,43,-4092
3130261154,127,1,-3,-9,41,38,-4103
3130262154,127,-3,6,-3,28,35,-4100
3130263154,127,2,-5,-8,38,20,-4086
3130264154,127,-2,5,-2,34,24,-4085
3130265154,127,0,-1,-7,20,44,-4076
3130266154,127,-8,-2,-6,32,40,-4084
3130267154,127,-1,0,-9,35,61,-4070
3130268154,127,6,-1,-10,30,49,-4074
3130269154,127,0,3,-11,41,38,-4083
3130270154,127,-7,1,-9,41,50,-4074
3130271154,127,0,-4,-11,30,55,-4083
3130272154,127,-4,3,-8,18,58,-4068
3130273154,127,0,-1,-11,38,77,-4085
3130274154,127,-2,1,-5,19,78,-4095
3130275154,127,-1,4,-10,40,81,-4086
3130276154,127,4,0,-6,53,83,-4095
3130277154,127,3,6,-6,56,70,-4099
3130278154,127,5,0,-12,61,59,-4102
3130279154,127,6,-4,-9,59,56,-4097
3130280154,127,-2,3,-11,67,59,-4089
3130281154,127,4,-2,-6,52,47,-4097
3130282154,127,0,-4,-11,59,53,-4086
3130283154,127,3,-2,-7,65,44,-4101
3130284154,127,0,0,-11,53,38,-4083
3130285154,127,2,-2,-14,38,74,-4085
3130286154,127,9,-6,-14,37,54,-4062
3130287154,127,1,-2,-11,34,51,-4068
3130288154,127,-4,1,-6,48,44,-4073
3130289154,127,3,-2,-16,35,33,-4093
3130290154,127,8,-2,-17,40,37,-4074
3130291154,127,6,6,-15,33,29,-4077
3130292154,127,0,-1,-13,35,28,-4091
3130293154,127,3,1,-14,27,41,-4091
3130294154,127,-4,1,-12,36,38,-4111
3130295154,127,1,0,-4,31,38,-4103
3130296154,127,-1,1,-11,27,66,-4119
3130297154,127,1,4,-5,41,79,-4120
3130298154,127,-3,0,-7,24,84,-4116
3130299154,127,-4,7,-4,38,83,-4117
3130300154,127,1,-5,-4,25,82,-4115
3130301154,127,5,-7,-8,29,72,-4110
3130302154,127,-1,-4,-8,29,70,-4105
3130303154,127,3,-3,-7,27,61,-4094
3130304154,127,-1,2,-4,45,69,-4103
3130305154,127,-3,0,0,37,62,-4095
3130306154,127,4,-4,-2,40,60,-4096
3130307154,127,-6,1,-9,43,54,-4083
3130308154,127,3,-5,-9,30,52,-4085
3130309154,127,3,0,-6,48,48,-4080
3130310154,127,-3,-5,-8,40,38,-4064
3130311154,127,1,-4,-6,25,52,-4067
3130312154,127,-2,4,-12,36,58,-4076
3130313154,127,5,-5,-10,34,40,-4065
3130314154,127,2,4,-9,40,46,-4065
3130315154,127,2,2,-11,45,46,-4070
3130316154,127,4,-1,-9,37,50,-4075
3130317154,127,1,-2,-11,49,60,-4095
3130318154,127,-3,4,-8,44,49,-4089
3130319154,127,1,3,-6,53,38,-4088
3130320154,127,7,-2,-2,32,47,-4084
3130321154,127,-2,3,-8,45,52,-4081
3130322154,127,-1,-1,-5,35,61,-4098
3130323154,127,-1,3,2,37,51,-4095
3130324154,127,2,1,-8,35,55,-4075
3130325154,127,-5,1,-9,24,43,-4099
3130326154,127,-8,4,-11,36,45,-4100
3130327154,127,3,0,-11,45,36,-4087
3130328154,127,-1,-2,-6,31,44,-4085
3130329154,127,6,-3,-8,43,67,-4069
3130330154,127,1,-4,-11,21,71,-4068
3130331154,127,4,-1,-8,40,54,-4105
3130332154,127,8,-6,-8,38,37,-4095
3130333154,127,2,-8,-2,44,63,-4072
3130334154,127,16,-5,-7,83,-32,-4023
3130335154,127,11,-7,-7,53,-57,-4062
3130336154,127,6,-4,-13,89,-213,-4104
3130337154,127,1,0,-11,24,-69,-4114
3130338154,127,2,5,-10,50,12,-4093
3130339154,127,0,-2,-6,80,1,-4080
3130340154,127,-4,-6,-10,103,8,-4071
3130341154,127,3,-5,-13,26,23,-4125
3130342154,127,1,-1,-16,-14,44,-4139
3130343154,127,-3,1,-10,3,89,-4097
3130344154,127,-2,2,-11,11,108,-4090
3130345154,127,2,-5,-15,55,106,-4088
3130346154,127,5,-2,-7,28,123,-4070
3130347154,127,1,-3,-5,-7,129,-4075
3130348154,127,8,-7,-4,6,127,-4080
3130349154,127,-3,-2,-4,29,125,-4078
3130350154,127,-1,-3,-1,54,131,-4070
3130351154,127,0,-6,-7,62,125,-4085
3130352154,127,7,-2,-2,40,112,-4112
3130353154,127,7,-3,-8,49,112,-4105
3130354154,127,2,-5,-9,45,103,-4105
3130355154,127,1,-5,-14,43,108,-4099
3130356154,127,4,-8,-8,53,118,-4101
3130357154,127,-2,-1,-9,45,97,-4098
3130358154,127,-1,0,-11,24,122,-4082
3130359154,127,4,-4,-11,31,105,-4104
3130360154,127,5,4,-4,43,104,-4087
3130361154,127,4,-4,-8,43,73,-4089
3130362154,127,1,2,-10,39,114,-4107
3130363154,127,7,2,-8,0,89,-4178
3130364154,127,8,3,-7,120,-11,-4079
3130365154,127,2,-1,-5,-3,22,-4084
3130366154,127,9,2,-4,16,55,-4085
3130367154,127,4,0,-1,27,25,-4079
3130368154,127,6,3,-3,38,0,-4066
3130369154,127,2,2,-7,72,7,-4081
3130370154,127,-3,0,-6,53,26,-4084
3130371154,127,-3,7,-8,49,21,-4077
3130372154,127,2,-3,-3,66,27,-4072
3130373154,127,5,-2,-2,77,-18,-4087
3130374154,127,8,3,-4,76,-9,-4099
3130375154,127,3,1,-3,65,7,-4091
3130376154,127,8,-2,-10,56,-12,-4097
3130377154,127,-5,-5,-10,56,-18,-4086
3130378154,127,-1,0,-1,26,-17,-4089
3130379154,127,2,-4,-10,34,10,-4074
3130380154,127,0,1,-4,30,3,-4099
3130381154,127,1,-2,-7,17,1,-4098
3130382154,127,5,-3,-14,20,12,-4081
3130383154,127,4,0,-13,31,9,-4078
3130384154,127,5,1,-6,23,34,-4104
3130385154,127,0,3,-2,34,56,-4100
3130386154,127,0,0,-7,40,55,-4107
3130387154,127,-2,6,4,55,71,-4115
3130388154,127,3,-4,-4,55,73,-4112
3130389154,127,4,-1,0,41,75,-4113
3130390154,127,-1,2,0,33,71,-4096
3130391154,127,10,-5,-3,55,99,-4097
3130392154,127,-1,-5,-5,39,91,-4102
3130393154,127,-1,-1,-3,44,92,-4086
3130394154,127,5,0,-5,37,100,-4085
3130395154,127,3,-5,-8,47,105,-4073
3130396154,127,-5,1,-6,47,86,-4080
3130397154,127,3,0,-8,45,96,-4079
3130398154,127,4,1,-11,44,107,-4096
3130399154,127,3,0,-10,50,95,-4084
3130400154,127,-5,-2,-11,43,95,-4076
3130401154,127,2,-1,-8,46,90,-4083
3130402154,127,3,-2,-4,35,71,-4064
3130403154,127,-3,1,-7,28,67,-4088
3130404154,127,9,-7,-6,32,53,-4089
3130405154,127,7,2,-5,45,46,-4088
3130406154,127,1,1,-1,32,39,-4087
3130407154,127,7,0,-1,39,15,-4085
3130408154,127,2,5,-3,39,23,-4072
3130409154,127,3,-3,-2,32,22,-4091
3130410154,127,6,-1,-8,48,11,-4103
3130411154,127,-1,2,-12,39,8,-4093
3130412154,127,-2,-2,-8,46,6,-4083
3130413154,127,1,-1,-10,48,2,-4075
3130414154,127,0,2,-10,46,-10,-4095
3130415154,127,1,0,-7,40,0,-4069
3130416154,127,-2,0,-11,48,13,-4086
3130417154,127,1,-2,-10,35,1,-4078
3130418154,127,0,-3,-7,32,5,-4083
3130419154,127,-2,-3,-5,52,5,-4089
3130420154,127,1,-6,-7,63,12,-4095
3130421154,127,1,3,-7,50,16,-4105
3130422154,127,-1,-2,-4,38,35,-4112
3130423154,127,4,-4,-6,39,50,-4095
3130424154,127,3,3,-8,39,41,-4103
3130425154,127,-4,-2,-8,34,42,-4106
3130426154,127,-2,3,-6,35,50,-4072
3130427154,127,2,-2,-5,24,36,-4070
3130428154,127,4,-8,-10,4,15,-4066
3130429154,127,-4,-5,-8,-19,57,-4062
3130430154,127,1,-2,-7,17,36,-4117
3130431154,127,3,-9,-11,34,49,-4114
3130432154,127,-5,1,-3,54,91,-4112
3130433154,127,-3,-4,-11,53,129,-4091
3130434154,127,0,-2,-11,62,116,-4099
3130435154,127,-4,1,-12,83,116,-4105
3130436154,127,1,-5,-7,97,77,-4120
3130437154,127,-3,1,-5,93,75,-4103
3130438154,127,1,-3,-7,92,59,-4079
3130439154,127,5,-6,-13,58,55,-4050
3130440154,127,-4,2,-5,61,44,-4051
3130441154,127,1,-8,-9,49,65,-4046
3130442154,127,-4,-9,-9,40,46,-4064
3130443154,127,-5,-9,-13,49,27,-4032
3130444154,127,1,-13,-11,16,51,-3999
3130445154,127,-3,-12,-12,-16,40,-4072
3130446154,127,-3,-6,-14,-47,49,-4123
3130447154,127,-2,-6,-14,8,65,-4141
3130448154,127,2,-4,-12,39,96,-4119
3130449154,127,1,3,-11,32,97,-4129
3130450154,127,2,-1,-6,56,72,-4165
3130451154,127,-5,1,-9,73,26,-4146
3130452154,127,5,-3,-10,60,11,-4124
3130453154,127,-3,-1,-10,63,19,-4086
3130454154,127,-2,-5,-6,63,22,-4083
3130455154,127,-2,-10,-13,58,23,-4052
3130456154,127,-1,-6,-13,60,50,-4068
3130457154,127,-4,-3,-14,53,88,-4061
3130458154,127,2,-3,-10,60,80,-4073
3130459154,127,-5,-5,-6,50,88,-4056
3130460154,127,0,-10,-7,61,65,-4052
3130461154,128,0,-2,-6,37,57,-4064
3130462154,128,-1,-6,-8,36,33,-4087
3130463154,128,-6,-10,-4,35,35,-4068
3130464154,128,-3,-8,-4,27,32,-4089
3130465154,128,-1,-11,-6,48,36,-4098
3130466154,128,-8,-6,-5,60,59,-4091
3130467154,128,-7,-1,-4,48,49,-4104
3130468154,128,0,-8,-6,41,53,-4100
3130469154,128,-6,-6,-8,46,68,-4096
3130470154,128,-1,-4,-8,31,68,-4096
3130471154,128,-1,-2,-14,25,63,-4095
3130472154,128,-4,0,-10,29,54,-4088
3130473154,128,-1,-4,-14,14,62,-4080
3130474154,128,-3,-3,-13,38,48,-4058
3130475154,128,-6,0,-6,37,57,-4069
3130476154,128,1,-2,-6,50,55,-4064
3130477154,128,4,-8,-3,54,72,-4083
3130478154,128,-5,-5,-4,51,73,-4082
3130479154,128,0,-7,-9,49,62,-4094
3130480154,128,-1,-6,-2,51,84,-4079
3130481154,128,-4,-4,-8,42,84,-4085
3130482154,128,0,-9,-6,69,60,-4095
3130483154,128,-2,-5,-6,52,57,-4051
3130484154,128,4,-3,-9,80,53,-4046
3130485154,128,-1,-3,-10,115,47,-4009
3130486154,128,3,-5,-9,87,36,-4018
3130487154,128,2,-7,-18,68,9,-4040
3130488154,128,9,-5,-14,53,20,-4076
3130489154,128,0,-6,-15,41,10,-4084
3130490154,128,3,-8,-14,60,21,-4075
3130491154,128,-3,-3,-13,35,22,-4086
3130492154,128,-1,-5,-13,21,33,-4099
3130493154,128,1,-4,-12,24,62,-4130
3130494154,128,-2,-3,-17,18,87,-4120
3130495154,128,0,-4,-13,13,95,-4118
3130496154,128,2,-1,-14,5,102,-4146
3130497154,128,2,-5,-8,-1,78,-4124
3130498154,128,3,-3,-5,-1,84,-4128
3130499154,128,1,3,-7,2,75,-4114
3130500154,128,3,-4,-8,25,58,-4112
3130501154,128,3,-6,-7,29,43,-4108
3130502154,128,-1,-5,-3,19,45,-4099
3130503154,128,-3,-3,-7,26,58,-4082
3130504154,128,-3,-2,-5,30,69,-4073
3130505154,128,1,-4,-12,53,61,-4075
3130506154,128,5,-10,-7,68,69,-4065
3130507154,128,2,-2,-8,73,37,-4065
3130508154,128,0,-4,-4,65,55,-4067
3130509154,128,-2,-4,-7,57,54,-4068
3130510154,128,4,-8,-4,58,49,-4043
3130511154,128,-1,-6,-5,66,38,-4067
3130512154,128,4,-6,-9,70,51,-4065
3130513154,128,4,-5,-5,70,42,-4067
3130514154,128,6,-6,-10,69,42,-4080
3130515154,128,4,2,-12,47,56,-4076
3130516154,128,6,-6,-13,34,53,-4080
3130517154,128,1,-8,-14,33,50,-4075
3130518154,128,-3,1,-10,40,55,-4101
3130519154,128,6,-5,-12,30,41,-4102
3130520154,128,4,-2,-10,22,67,-4095
3130521154,128,7,-6,-7,31,52,-4100
3130522154,128,5,-4,-10,34,59,-4096
3130523154,128,1,1,-6,48,66,-4094
3130524154,128,7,-11,-11,34,65,-4092
3130525154,128,8,-2,-7,21,55,-4077
3130526154,128,2,-4,-9,35,63,-4096
3130527154,128,-1,-1,-5,41,72,-4091
3130528154,128,-1,2,-8,31,61,-4075
3130529154,128,-1,-2,-2,36,64,-4086
3130530154,128,6,-5,-9,38,42,-4092
3130531154,128,2,1,-4,46,49,-4076
3130532154,128,5,-6,-5,54,48,-4083
3130533154,128,1,2,-9,43,43,-4100
3130534154,128,5,0,-9,61,45,-4091
3130535154,128,5,-4,-6,60,53,-4071
3130536154,128,4,2,-10,56,36,-4065
3130537154,128,4,-4,-6,62,41,-4088
3130538154,128,3,-8,-11,52,61,-4093
3130539154,128,5,-7,-9,35,41,-4088
3130540154,128,8,-5,-8,37,48,-4080
3130541154,128,2,-8,-8,34,56,-4094
3130542154,128,1,-3,-7,50,64,-4080
3130543154,128,3,-2,-11,22,54,-4078
3130544154,128,4,-3,-11,31,50,-4075
3130545154,128,1,-1,-7,44,46,-4093
3130546154,128,3,-4,-6,44,52,-4078
3130547154,128,4,3,-6,38,62,-4104
3130548154,128,6,0,-4,30,59,-4101
3130549154,128,2,-5,-5,41,62,-4108
3130550154,128,-2,-3,-6,45,57,-4112
3130551154,128,4,-12,-8,38,46,-4114
3130552154,128,3,-5,-11,30,51,-4084
3130553154,128,6,-6,-9,40,59,-4084
3130554154,128,5,-4,-6,44,50,-4087
3130555154,128,1,-6,-7,35,57,-4083
3130556154,128,-1,-8,-4,32,67,-4074
3130557154,128,4,4,-4,47,39,-4099
3130558154,128,6,-5,-5,52,44,-4094
3130559154,128,5,-8,-11,42,41,-4079
3130560154,128,2,-3,-5,50,53,-4075
3130561154,128,0,-3,-6,44,43,-4078
3130562154,128,-4,-4,-1,38,52,-4085
3130563154,128,7,-4,-6,26,54,-4089
3130564154,128,10,-7,-9,43,46,-4086
3130565154,128,3,-5,-5,50,59,-4089
3130566154,128,6,-5,-5,30,41,-4101
3130567154,128,6,-7,-7,52,54,-4096
3130568154,128,-1,5,-5,57,59,-4086
3130569154,128,8,-7,-5,35,46,-4090
3130570154,128,3,-8,-5,47,63,-4088
3130571154,128,1,-9,-14,37,42,-4094
3130572154,128,1,-1,-11,39,65,-4097
3130573154,128,2,1,-4,30,49,-4087
3130574154,128,2,-1,-8,23,57,-4063
3130575154,128,9,-8,-10,34,60,-4074
3130576154,128,1,-2,-8,34,47,-4083
3130577154,128,4,-3,-10,24,44,-4086
3130578154,128,5,-3,-7,48,45,-4070
3130579154,128,6,0,-6,54,38,-4098
3130580154,128,3,-2,-9,42,60,-4101
3130581154,128,5,-1,-7,49,62,-4115
3130582154,128,5,-3,-12,49,70,-4105
3130583154,128,7,-5,-8,49,63,-4101
3130584154,128,5,-9,-10,34,53,-4107
3130585154,128,5,-6,-8,44,64,-4102
3130586154,128,9,-1,-5,30,45,-4090
3130587154,128,0,-7,-4,33,49,-4084
3130588154,128,4,-7,-7,30,46,-4055
3130589154,128,10,-2,-7,48,54,-4060
3130590154,128,5,-4,-8,34,46,-4063
3130591154,128,7,-4,-6,30,64,-4078
3130592154,128,4,-7,-10,33,56,-4083
3130593154,128,2,-4,-12,33,58,-4083
3130594154,128,-2,-2,-9,51,64,-4078
3130595154,128,1,0,-6,46,56,-4091
3130596154,128,5,-3,-9,41,60,-4081
3130597154,128,9,-4,-9,40,66,-4077
3130598154,128,0,1,-12,59,69,-4066
3130599154,128,3,-6,-4,49,56,-4090
3130600154,128,4,-4,-7,36,59,-4078
3130601154,128,7,-10,-12,58,53,-4089
3130602154,128,6,-7,-7,50,57,-4092
3130603154,128,2,0,-4,35,56,-4094
3130604154,128,5,-3,-7,51,55,-4083
3130605154,128,2,-3,-7,50,63,-4117
3130606154,128,6,-3,-9,36,61,-4093
3130607154,128,5,-5,-10,38,56,-4086
3130608154,128,3,-1,-4,26,63,-4107
3130609154,128,3,-5,-8,30,48,-4101
3130610154,128,5,-7,-8,30,50,-4101
3130611154,128,4,-8,-10,16,58,-4099
3130612154,128,2,-7,-11,25,55,-4092
3130613154,128,7,0,-9,28,39,-4080
3130614154,128,5,-4,-10,36,41,-4091
3130615154,128,2,-8,-5,33,45,-4086
3130616154,128,4,-1,-5,50,48,-4092
3130617154,128,2,-10,-5,52,65,-4099
3130618154,128,-3,-4,-3,53,67,-4086
3130619154,128,1,2,-7,50,53,-4091
3130620154,128,0,-6,-7,52,48,-4101
3130621154,128,2,-6,-9,52,39,-4088
3130622154,128,7,-5,-4,46,46,-4093
3130623154,128,5,0,-2,40,55,-4094
3130624154,128,2,-3,1,41,45,-4085
3130625154,128,9,-7,-13,38,50,-4075
3130626154,128,1,-5,-10,43,51,-4081
3130627154,128,-1,-2,-7,33,52,-4075
3130628154,128,2,-10,-4,35,69,-4080
3130629154,128,2,-6,-9,16,48,-4076
3130630154,128,-1,-2,-5,20,61,-4065
3130631154,128,5,-2,-7,36,62,-4103
3130632154,128,-5,-3,-7,40,68,-4090
3130633154,128,5,-3,-10,44,65,-4095
3130634154,128,3,-3,-5,53,63,-4091
3130635154,128,7,-3,-3,37,44,-4077
3130636154,128,7,-6,-5,50,60,-4076
3130637154,128,1,4,-3,53,48,-4090
3130638154,128,5,0,-8,45,56,-4091
3130639154,128,3,-10,-11,34,52,-4080
3130640154,128,7,-4,-9,50,45,-4083
3130641154,128,-1,-7,-12,36,42,-4079
3130642154,128,4,-6,-8,42,56,-4089
3130643154,128,8,-6,-10,37,70,-4099
3130644154,128,7,-7,-7,39,45,-4097
3130645154,128,6,-8,-6,44,52,-4083
3130646154,128,1,-2,-5,41,48,-4091
3130647154,128,5,-11,-8,44,57,-4085
3130648154,128,3,-3,-7,37,53,-4081
3130649154,128,7,-2,-10,36,51,-4090
3130650154,128,1,-6,-6,37,50,-4086
3130651154,128,0,-8,-3,31,42,-4084
3130652154,128,9,-10,-13,44,47,-4094
3130653154,128,3,5,-7,48,68,-4093
3130654154,128,7,-6,-9,45,64,-4083
3130655154,128,5,-1,-9,35,55,-4083
3130656154,128,11,-4,-10,46,49,-4096
3130657154,128,2,-8,-5,43,63,-4071
3130658154,128,4,-5,-7,45,48,-4092
3130659154,128,2,-4,-12,31,56,-4096
3130660154,128,5,-14,-8,41,47,-4089
3130661154,128,4,-5,-5,29,46,-4069
3130662154,128,3,-4,-10,48,46,-4079
3130663154,128,1,0,-8,51,58,-4083
3130664154,128,-4,-3,-2,39,54,-4091
3130665154,128,7,-11,-9,38,61,-4092
3130666154,128,-1,-5,-8,31,58,-4079
3130667154,128,5,0,-9,55,53,-4079
3130668154,128,5,-2,-7,50,52,-4078
3130669154,128,4,2,-7,43,56,-4069
3130670154,128,2,-3,-9,52,60,-4069
3130671154,128,5,-6,-8,53,50,-4062
3130672154,128,7,1,-7,34,56,-4088
3130673154,128,2,-3,-11,31,39,-4079
3130674154,128,1,-8,-6,61,53,-4100
3130675154,128,5,-5,-12,30,62,-4096
3130676154,128,3,-4,-9,43,52,-4088
3130677154,128,0,-1,-5,35,45,-4095
3130678154,128,8,-11,-10,33,52,-4106
3130679154,128,7,-6,-4,46,48,-4101
3130680154,128,4,0,-6,53,52,-4089
3130681154,128,3,3,-7,40,49,-4093
3130682154,128,5,-2,-9,64,50,-4084
3130683154,128,1,-9,-13,53,61,-4073
3130684154,128,4,-7,-6,37,50,-4082
3130685154,128,2,-2,-8,36,63,-4090
3130686154,128,7,-10,-8,34,60,-4090
3130687154,128,9,-9,-7,37,42,-4096
3130688154,128,5,-1,-10,43,47,-4102
3130689154,128,7,-4,-8,43,57,-4102
3130690154,128,8,-6,-10,28,48,-4090
3130691154,128,1,1,-4,29,42,-4089
3130692154,128,9,-6,-7,36,41,-4087
3130693154,128,1,-1,-3,34,44,-4098
3130694154,128,1,-4,-8,41,39,-4071
3130695154,128,3,-5,-4,55,53,-4098
3130696154,128,3,-8,-6,41,53,-4100
3130697154,128,1,-6,-4,55,57,-4091
3130698154,128,1,-1,-9,42,50,-4090
3130699154,128,4,-2,-8,40,58,-4097
3130700154,128,4,-6,-8,38,64,-4098
3130701154,128,5,-3,-8,45,59,-4091
3130702154,128,6,-4,-13,45,53,-4109
3130703154,128,7,-3,-9,36,60,-4098
3130704154,128,5,-3,-5,45,52,-4090
3130705154,128,3,-4,-10,39,47,-4078
3130706154,128,-1,-2,-8,37,54,-4093
3130707154,128,0,-2,-7,29,57,-4095
3130708154,128,3,-4,-7,43,54,-4078
3130709154,128,3,-2,-6,41,53,-4085
3130710154,128,3,-2,-5,51,53,-4099
3130711154,128,6,-11,-10,42,52,-4085
3130712154,128,1,-2,-10,38,68,-4082
3130713154,128,8,-8,-13,53,56,-4080
3130714154,128,1,-1,-6,32,57,-4086
3130715154,128,5,-1,-11,38,51,-4083
3130716154,128,3,-4,-9,42,55,-4079
3130717154,128,3,4,-7,35,54,-4070
3130718154,128,4,2,-13,34,52,-4086
3130719154,128,1,-3,-3,37,52,-4086
3130720154,128,2,-5,-9,38,62,-4085
3130721154,128,5,-12,-6,36,62,-4089
3130722154,128,2,1,-7,47,43,-4076
3130723154,128,3,1,-8,22,52,-4074
3130724154,128,9,-6,-7,37,52,-4083
3130725154,128,4,-3,-6,41,48,-4087
3130726154,128,7,-1,-9,33,47,-4093
3130727154,128,5,-8,-5,24,52,-4083
3130728154,128,2,-2,1,41,56,-4084
3130729154,128,7,-11,-7,33,46,-4077
3130730154,128,2,-1,-6,41,48,-4071
3130731154,128,-1,-1,-8,31,57,-4085
3130732155,128,4,1,-5,40,66,-4098
3130733154,128,4,3,-6,54,69,-4081
3130734155,128,2,-4,-7,29,57,-4080
3130735156,128,0,-4,-7,48,56,-4084
3130736154,128,2,-3,-8,40,58,-4085
3130737154,128,4,-2,-5,39,48,-4096
3130738154,128,2,-8,-9,50,63,-4101
3130739154,128,-3,-9,-10,33,50,-4090
3130740154,128,3,-5,-7,47,57,-4094
3130741154,128,9,-5,-6,43,53,-4079
3130742154,128,2,-9,-9,32,41,-4095
3130743154,128,4,-2,-5,46,51,-4083
3130744154,128,-1,-3,-3,46,51,-4084
3130745154,128,3,-1,-5,39,41,-4095
3130746154,128,-2,1,-6,36,61,-4097
3130747154,128,6,-5,-10,36,57,-4090
3130748154,128,4,-9,-10,38,60,-4091
3130749154,128,5,-7,-7,49,59,-4094
3130750154,128,3,-7,-6,36,49,-4101
3130751154,128,2,-1,-11,47,66,-4093
3130752154,128,6,3,-6,40,69,-4101
3130753154,128,0,-6,-7,51,48,-4092
3130754154,128,10,-6,-7,36,65,-4082
3130755154,128,1,-2,-8,52,54,-4080
3130756154,128,8,-10,-13,59,49,-4085
3130757154,128,4,-2,-11,43,42,-4112
3130758154,128,6,0,-4,31,53,-4087
3130759154,128,1,-5,-7,34,50,-4097
3130760154,128,-1,-4,-12,27,52,-4106
3130761154,128,3,-4,-12,31,52,-4080
3130762154,128,3,-4,-6,44,68,-4088
3130763154,128,10,-4,-7,39,42,-4089
3130764154,128,4,-6,-7,39,63,-4094
3130765154,128,6,-2,-7,33,55,-4100
3130766154,128,6,-7,-8,39,62,-4096
3130767154,128,3,-2,-4,27,58,-4098
3130768154,128,-1,-5,-9,48,62,-4085
3130769154,128,7,-3,-9,29,47,-4080
3130770154,128,1,0,-6,40,51,-4082
3130771154,128,4,-5,-4,53,63,-4091
3130772154,128,1,-2,-8,29,64,-4082
3130773154,128,0,3,-7,38,50,-4073
3130774154,128,3,-8,-8,39,61,-4080
3130775154,128,7,-9,-12,43,54,-4088
3130776154,128,2,0,-7,45,64,-4072
3130777154,128,8,-4,-12,34,63,-4070
3130778154,128,4,-4,-8,52,71,-4086
3130779154,128,2,-2,-8,42,45,-4083
3130780154,128,6,-8,-6,33,54,-4078
3130781154,128,-1,1,-4,43,70,-4064
3130782154,128,2,-4,-8,42,54,-4076
3130783154,128,5,-5,-10,52,37,-4085
3130784154,128,3,-3,-4,50,39,-4100
3130785154,128,-2,-3,-3,48,49,-4089
3130786154,128,4,1,-7,50,58,-4092
3130787154,128,5,-2,-5,40,65,-4082
3130788154,128,8,-6,-7,34,46,-4086
3130789154,128,2,-2,-10,33,42,-4078
3130790154,128,-1,-7,-3,43,57,-4081
3130791154,128,3,-8,-10,37,46,-4095
3130792154,128,0,1,-7,38,47,-4092
3130793154,128,3,-7,-8,34,60,-4080
3130794154,128,3,-1,-7,39,55,-4086
3130795154,128,3,-3,-5,36,48,-4093
3130796154,128,5,-6,-13,34,74,-4084
3130797154,128,1,-2,-7,42,57,-4079
3130798154,128,0,-8,-7,40,46,-4077
3130799154,128,1,-6,-12,52,57,-4087
3130800154,128,4,-7,-7,34,56,-4090
3130801154,128,2,-6,-8,44,56,-4086
3130802154,128,4,2,-7,56,52,-4102
3130803154,128,4,-1,-7,38,60,-4106
3130804154,128,5,-6,-2,45,51,-4103
3130805154,128,0,-2,-7,40,56,-4090
3130806154,128,8,-3,-5,27,64,-4093
3130807154,128,5,-2,-9,28,63,-4098
3130808154,128,3,-6,-9,47,62,-4081
3130809154,128,1,-5,-7,39,48,-4071
3130810154,128,4,-5,-6,38,48,-4093
3130811154,128,3,-5,-10,32,44,-4084
3130812154,128,3,-6,-9,36,40,-4086
3130813154,128,7,0,-7,34,47,-4098
3130814154,128,4,-5,-13,46,45,-4094
3130815154,128,5,-6,-8,48,48,-4085
3130816154,128,1,-4,-12,49,45,-4081
3130817154,128,6,-3,-7,41,41,-4099
3130818154,128,4,-1,-8,46,48,-4085
3130819154,128,1,-3,-5,51,49,-4096
3130820154,128,9,-10,-8,47,61,-4084
3130821154,128,2,-3,-4,38,59,-4096
3130822154,128,4,-4,-4,44,51,-4091
3130823154,128,5,-7,-2,45,58,-4100
3130824154,128,-2,9,-2,35,61,-4087
3130825154,128,6,-7,-7,36,56,-4090
3130826154,128,6,-1,-8,31,58,-4075
3130827154,128,5,-1,-4,34,64,-4078
3130828154,128,5,-8,-6,38,40,-4067
3130829154,128,0,1,-13,45,49,-4074
3130830154,128,-1,-4,-7,39,54,-4068
3130831154,128,5,-4,-9,55,42,-4073
3130832154,128,4,-5,-11,48,53,-4088
3130833154,128,6,-1,-9,48,52,-4079
3130834154,128,5,-5,-10,39,52,-4080
3130835154,128,5,-4,-6,41,61,-4101
3130836154,128,6,-5,-3,40,50,-4087
3130837154,128,11,-3,-9,68,59,-4078
3130838154,128,6,1,-5,43,59,-4089
3130839154,128,2,-6,-7,46,61,-4082
3130840154,128,7,-8,-6,31,54,-4086
3130841154,128,5,-6,-6,29,50,-4082
3130842154,128,3,1,-9,29,40,-4082
3130843154,128,3,1,-9,53,60,-4101
3130844154,128,5,-11,-10,40,70,-4082
3130845154,128,2,-3,-7,33,55,-4097
3130846154,128,7,-5,-5,34,71,-4095
3130847154,128,5,-6,-7,33,58,-4085
3130848154,128,2,-4,-8,36,60,-4090
3130849154,128,8,-8,-6,54,50,-4086
3130850154,128,8,-6,-5,40,54,-4082
3130851154,128,3,0,-3,45,44,-4099
3130852154,128,7,-5,-3,39,53,-4080
3130853154,128,5,-4,-9,47,46,-4081
3130854154,128,8,-2,-3,43,55,-4091
3130855154,128,2,-3,-12,32,56,-4115
3130856154,128,-1,0,-6,44,55,-4106
3130857154,128,7,-8,-14,43,55,-4089
3130858154,128,6,2,-12,43,63,-4086
3130859154,128,2,-3,-6,33,65,-4081
3130860154,128,3,-4,-11,46,57,-4096
3130861154,128,0,-1,-8,33,42,-4094
3130862154,128,9,-7,-8,20,36,-4086
3130863154,128,3,-4,-11,26,55,-4105
3130864154,128,4,-3,1,49,43,-4076
3130865154,128,5,-4,-8,50,46,-4081
3130866154,128,4,1,-8,32,38,-4089
3130867154,128,5,-1,-10,49,50,-4085
3130868154,128,11,-4,-14,45,52,-4103
3130869154,128,1,-2,-3,57,70,-4097
3130870154,128,4,-5,-9,36,69,-4091
3130871154,128,7,1,-4,33,56,-4100
3130872154,128,5,-6,-8,59,50,-4096
3130873154,128,7,-2,-11,43,46,-4087
3130874154,128,3,-3,-10,46,60,-4074
3130875154,128,1,-7,-11,50,48,-4085
3130876154,128,1,-4,-8,34,57,-4083
3130877154,128,2,-1,-11,41,61,-4087
3130878154,128,7,-2,-6,45,59,-4092
3130879154,128,5,-3,-6,38,65,-4101
3130880154,128,2,-2,-8,34,49,-4075
3130881154,128,3,-8,-10,38,48,-4072
3130882154,128,6,-4,-12,39,52,-4088
3130883154,128,1,-1,-6,40,45,-4082
3130884154,128,4,-7,-4,35,64,-4089
3130885154,128,3,-2,-4,36,42,-4085
3130886154,128,7,-8,-9,39,50,-4072
3130887154,128,3,0,-8,38,41,-4086
3130888154,128,5,-2,-6,42,45,-4082
3130889154,128,6,-6,-11,54,55,-4103
3130890154,128,4,-9,-9,41,50,-4081
3130891154,128,4,-1,-6,48,53,-4093
3130892154,128,10,-9,-4,39,49,-4086
3130893154,128,1,-1,-6,33,41,-4083
3130894154,128,4,-4,-8,29,57,-4104
3130895154,128,3,-3,-7,41,60,-4087
3130896154,128,7,-8,-11,36,46,-4081
3130897154,128,1,-2,-3,37,44,-4081
3130898154,128,6,-5,-7,27,61,-4097
3130899154,128,4,-10,-5,33,45,-4088
3130900154,128,5,-7,-9,35,57,-4087
3130901154,128,1,-3,-8,59,40,-4107
3130902154,128,4,-7,-7,44,52,-4091
3130903154,128,6,-5,-11,35,54,-4093
3130904154,128,3,-7,-8,51,63,-4084
3130905154,128,4,-7,-7,57,54,-4100
3130906154,128,1,-7,-9,47,65,-4098
3130907154,128,3,-4,-6,38,51,-4085
3130908154,128,6,-9,-7,40,62,-4106
3130909154,128,0,1,-9,42,46,-4094
3130910154,128,5,3,1,39,57,-4094
3130911154,128,3,-8,-7,46,62,-4091
3130912154,128,3,-3,-9,42,60,-4094
3130913154,128,7,1,-7,35,42,-4100
3130914154,128,2,-4,-7,22,61,-4077
3130915154,128,7,-7,-6,36,67,-4093
3130916154,128,3,0,-7,45,49,-4098
3130917154,128,-1,-1,-5,32,63,-4085
3130918154,128,10,-2,-11,44,39,-4083
3130919154,128,8,-4,-8,43,60,-4073
3130920154,128,5,-1,-6,38,45,-4087
3130921154,128,4,-3,-7,41,39,-4094
3130922154,128,4,-5,-4,50,50,-4085
3130923154,128,-3,-4,-8,36,57,-4091
3130924154,128,4,-6,-10,43,44,-4097
3130925154,128,2,0,-7,62,51,-4092
3130926154,128,3,1,-2,50,68,-4089
3130927154,128,-2,-4,-7,29,46,-4082
3130928154,128,-1,-8,-2,28,55,-4095
3130929154,128,5,-8,-8,34,43,-4079
3130930154,128,2,-4,-4,38,53,-4082
3130931154,128,6,-4,-6,44,46,-4081
3130932154,128,2,-5,-4,34,41,-4064
3130933154,128,7,-3,-6,35,51,-4078
3130934154,128,5,-4,-9,50,38,-4085
3130935154,128,4,-6,-6,59,49,-4099
3130936154,128,3,0,-7,37,57,-4082
3130937154,128,4,-7,-11,50,63,-4075
3130938154,128,3,-1,-1,38,60,-4075
3130939154,128,2,-4,-10,48,57,-4089
3130940154,128,7,-6,-10,20,53,-4086
3130941154,128,7,-5,-7,39,50,-4084
3130942154,128,11,-8,-8,44,57,-4083
3130943154,128,3,0,-5,45,68,-4076
3130944154,128,4,-4,-7,38,71,-4097
3130945154,128,4,-5,-7,50,56,-4084
3130946154,128,0,0,-5,44,53,-4086
3130947154,128,6,-2,-6,45,59,-4083
3130948154,128,10,-7,-8,38,47,-4088
3130949154,128,1,-2,-6,43,57,-4080
3130950154,128,4,-2,-4,31,61,-4086
3130951154,128,7,-7,-5,28,48,-4072
3130952154,128,1,3,-2,35,65,-4081
3130953154,128,4,-1,-2,40,65,-4077
3130954154,128,4,-4,-5,45,54,-4070
3130955154,128,5,-4,-8,54,51,-4106
3130956154,128,5,-3,-10,42,52,-4085
3130957154,128,2,-2,-8,52,62,-4086
3130958154,128,5,-6,-9,40,55,-4093
3130959154,128,-1,-6,-6,47,59,-4085
3130960154,128,3,2,-6,44,43,-4077
3130961154,128,12,-8,-10,56,50,-4080
3130962154,128,12,-2,-12,30,62,-4089
3130963154,128,4,-5,-6,34,47,-4079
3130964154,128,4,-11,-8,36,43,-4102
3130965154,128,3,-1,-3,20,53,-4090
3130966154,128,2,-1,-5,38,53,-4099
3130967154,128,3,-5,-5,38,52,-4082
3130968154,128,-2,-1,-7,29,50,-4088
3130969154,128,4,-9,-7,30,64,-4092
3130970154,128,1,-3,-10,46,56,-4089
3130971154,128,7,-8,-10,36,56,-4088
3130972154,128,6,-6,-13,40,49,-4091
3130973154,128,4,-3,-6,48,65,-4091
3130974154,128,3,-4,-5,43,57,-4086
3130975154,128,1,-6,-4,47,51,-4088
3130976154,128,4,-1,0,50,67,-4091
3130977154,128,5,-2,-5,44,42,-4086
3130978154,128,4,-5,-9,35,56,-4088
3130979154,128,4,-1,-4,42,52,-4082
3130980154,128,4,-8,-6,48,47,-4087
3130981154,128,5,-1,-10,45,56,-4084
3130982154,128,3,-2,-2,71,103,-4035
3130983154,128,0,2,-5,-34,108,-3984
3130984154,128,2,8,-4,-45,127,-3998
3130985154,128,10,6,-3,25,122,-3946
3130986154,128,9,7,-10,55,82,-4052
3130987154,128,7,2,-7,94,57,-4052
3130988154,128,0,7,-10,64,60,-4082
3130989154,128,1,8,-10,59,59,-4091
3130990154,128,3,-4,-6,77,41,-4114
3130991154,128,2,-4,-11,65,15,-4157
3130992154,128,2,-3,-11,44,29,-4193
3130993154,128,2,-2,-8,28,40,-4184
3130994154,128,2,4,-7,2,30,-4181
3130995154,128,2,7,-9,24,62,-4148
3130996154,128,0,-1,-8,19,89,-4137
3130997154,128,4,4,-10,11,67,-4123
3130998154,128,6,2,-12,25,62,-4117
3130999154,128,5,5,-6,18,43,-4101
3131000154,128,7,6,-9,30,20,-4069
3131001154,128,3,1,-9,44,12,-4043
3131002154,128,0,0,-10,31,18,-4052
3131003154,128,-1,-6,-9,60,11,-4050
3131004154,128,-2,0,-9,74,22,-4070
3131005154,128,-4,0,-7,69,29,-4076
3131006154,128,-3,-1,-9,77,52,-4052
3131007154,128,5,2,-8,96,48,-4070
3131008154,128,5,2,-5,91,57,-4079
3131009154,128,1,-5,-6,80,55,-4059
3131010154,128,-2,2,-3,76,37,-4074
3131011154,128,-1,3,-7,47,46,-4069
3131012154,128,7,-8,-8,34,38,-4059
3131013154,128,1,-2,-6,51,48,-4074
3131014154,128,5,-3,-9,35,33,-4093
3131015154,128,2,0,-5,37,43,-4090
3131016154,128,3,0,-10,29,38,-4107
3131017154,128,8,-5,-6,19,49,-4116
3131018154,128,4,-3,-7,26,62,-4124
3131019154,128,4,-9,-5,16,68,-4125
3131020154,128,0,-2,-6,36,54,-4128
3131021154,128,2,1,-7,33,60,-4119
3131022154,128,-1,-4,-7,26,73,-4107
3131023154,128,4,-6,-11,33,61,-4111
3131024154,128,3,-5,-3,37,63,-4113
3131025154,128,4,-4,-5,43,75,-4117
3131026154,128,-2,0,-6,-76,21,-3965
3131027154,128,-4,0,-4,38,45,-4097
3131028154,128,-2,-4,-7,142,86,-4083
3131029154,128,3,-3,-6,87,76,-4097
3131030154,128,3,-4,-6,71,70,-4064
3131031154,128,4,-6,-9,17,65,-4044
3131032154,128,1,-1,-3,47,26,-4056
3131033154,128,-2,-7,-10,67,41,-4068
3131034154,128,-2,3,-7,74,46,-4076
3131035154,128,4,-3,-11,52,69,-4094
3131036154,128,4,-6,-9,47,54,-4077
3131037154,128,0,-1,-7,72,49,-4096
3131038154,128,1,-5,-11,61,54,-4100
3131039154,128,1,-3,-4,54,59,-4102
3131040154,128,7,-8,-5,40,58,-4114
3131041154,128,9,-7,-5,29,66,-4092
3131042154,128,1,-7,-4,34,54,-4096
3131043154,128,0,-5,-6,27,47,-4098
3131044154,128,0,-4,-8,29,44,-4090
3131045154,128,2,-2,-5,15,60,-4106
3131046154,128,5,-1,-6,22,76,-4108
3131047154,128,5,-4,-6,24,57,-4101
3131048154,128,2,-9,-13,25,77,-4100
3131049154,128,6,-7,-11,8,73,-4109
3131050154,128,2,2,-3,14,67,-4089
3131051154,128,4,-7,-6,23,53,-4090
3131052154,128,2,2,-7,37,50,-4083
3131053154,128,3,4,-6,28,51,-4084
3131054154,128,4,-7,-10,50,55,-4083
3131055154,128,6,-5,-8,44,63,-4075
3131056154,128,3,-2,-2,53,59,-4082
3131057154,128,5,-3,-9,45,60,-4079
3131058154,128,0,2,-8,40,46,-4093
3131059154,128,4,1,-3,42,60,-4082
3131060154,128,1,-4,-13,39,47,-4089
3131061154,128,2,-4,-7,45,54,-4082
3131062154,128,5,1,-6,34,65,-4081
3131063154,128,7,-8,-9,44,67,-4092
3131064154,128,8,-4,-7,54,65,-4092
3131065154,128,6,-6,-7,40,55,-4111
3131066154,128,2,0,-10,50,63,-4089
3131067154,128,2,-5,-7,35,59,-4090
3131068154,128,9,-10,-9,47,54,-4096
3131069154,128,4,2,-7,32,60,-4105
3131070154,128,9,-2,-8,33,72,-4098
3131071154,128,2,-2,-7,40,67,-4091
3131072154,128,4,0,-9,32,60,-4108
3131073154,128,7,-6,-11,43,56,-4087
3131074154,128,7,-3,-3,17,69,-4080
3131075154,128,6,-3,-11,35,49,-4077
3131076154,128,7,-4,-9,36,57,-4092
3131077154,128,3,-1,-10,35,53,-4077
3131078154,128,6,-4,-5,38,61,-4091
3131079154,128,7,-2,-8,43,48,-4094
3131080154,128,2,2,-1,40,70,-4090
3131081154,128,4,-6,-10,34,42,-4072
3131082154,128,4,0,-11,34,52,-4075
3131083154,128,4,-7,-12,45,57,-4089
3131084154,128,7,-4,-9,33,40,-4086
3131085154,128,7,5,-13,45,41,-4075
3131086154,128,10,-6,-12,32,42,-4096
3131087154,128,11,-5,-11,34,68,-4089
3131088154,128,0,0,-4,41,34,-4090
3131089154,128,4,-11,-9,46,39,-4088
3131090154,128,9,-3,-6,50,52,-4078
3131091154,128,6,-2,-5,60,61,-4078
3131092154,128,4,-5,-2,76,62,-4079
3131093154,128,2,-2,0,78,70,-4092
3131094154,128,4,-9,-6,68,60,-4107
3131095154,128,6,-7,-9,100,52,-4069
3131096154,128,5,-12,-11,78,50,-4077
3131097154,128,5,-19,-13,77,35,-4072
3131098154,128,-1,-8,-7,72,45,-4069
3131099154,128,8,-12,-6,30,48,-4069
3131100154,128,6,-12,-12,7,29,-4080
3131101154,128,4,-6,-7,-3,38,-4057
3131102154,128,5,-11,-4,104,54,-4103
3131103154,128,3,-14,-10,78,73,-4112
3131104154,128,6,-12,-8,6,78,-4098
3131105154,128,9,-12,-13,-8,57,-4087
3131106154,128,7,-2,-3,-30,46,-4080
3131107154,128,4,-6,-6,-25,33,-4071
3131108154,128,5,-10,-5,23,43,-4088
3131109154,128,4,1,-7,42,76,-4101
3131110154,128,6,-4,-6,25,64,-4106
3131111154,128,7,-3,-7,26,40,-4094
3131112154,128,3,-3,-5,23,49,-4089
3131113154,128,3,-4,-4,65,50,-4086
3131114154,128,6,-4,-5,45,55,-4078
3131115154,128,3,-2,-10,47,42,-4064
3131116154,128,4,-2,-9,68,45,-4083
3131117154,128,-1,-1,-3,49,66,-4101
3131118154,128,3,-2,-5,49,62,-4063
3131119154,128,6,-6,-7,45,48,-4081
3131120154,128,5,-7,-7,49,62,-4078
3131121154,128,6,-7,-10,40,88,-4091
3131122154,128,3,-7,-11,73,79,-4090
3131123154,128,7,-9,-7,52,61,-4090
3131124154,128,3,-7,-4,-14,42,-4074
3131125154,128,5,3,-2,10,33,-4081
3131126154,128,5,-4,-8,25,37,-4102
3131127154,128,2,-4,-7,45,63,-4097
3131128154,128,6,-3,-9,29,67,-4098
3131129154,128,4,-5,-7,18,69,-4090
3131130154,128,2,-2,-5,2,59,-4096
3131131154,128,5,0,-6,45,58,-4082
3131132154,128,7,0,-9,72,59,-4090
3131133154,128,3,-2,-4,53,63,-4101
3131134154,128,2,-3,-8,31,56,-4070
3131135154,128,5,1,-9,47,49,-4068
3131136154,128,1,1,-3,54,40,-4086
3131137154,128,7,-7,-9,32,35,-4080
3131138154,128,8,0,-1,60,39,-4096
3131139154,128,-1,-2,-3,48,44,-4110
3131140154,128,7,-9,-13,59,74,-4092
3131141154,128,3,-2,-9,44,51,-4087
3131142154,128,7,-4,-7,35,40,-4073
3131143154,128,1,-6,-8,54,66,-4088
3131144154,128,5,-8,-4,43,44,-4098
3131145154,128,2,-8,-8,16,46,-4084
3131146154,128,0,-3,-5,13,52,-4083
3131147154,128,5,-1,-8,66,49,-4100
3131148154,128,4,-3,-8,32,30,-4081
3131149154,128,2,-2,-8,49,34,-4092
3131150154,128,3,-9,-12,24,50,-4099
3131151154,128,7,-6,-5,8,33,-4074
3131152154,128,3,-3,-8,39,78,-4086
3131153154,128,2,-5,-10,36,56,-4084
3131154154,128,2,-4,-7,40,41,-4095
3131155154,128,10,-4,-10,35,59,-4094
3131156154,128,6,6,-9,48,52,-4092
3131157154,128,3,-1,-4,30,60,-4095
3131158154,128,9,-5,-7,78,36,-4083
3131159154,128,8,-5,-6,70,52,-4096
3131160154,128,1,-1,-6,64,53,-4112
3131161154,128,3,7,-7,-237,91,-3941
3131162154,128,-2,11,-4,-198,-59,-4010
3131163154,128,1,21,-4,34,-2,-4061
3131164154,128,-5,10,-6,187,114,-4189
3131165154,128,5,-1,-7,66,152,-4142
3131166154,128,8,0,-5,-113,73,-4062
3131167154,128,4,12,-5,-57,-2,-4011
3131168154,128,-6,15,-6,74,-8,-4082
3131169154,128,4,7,-9,125,104,-4126
3131170154,128,4,2,-6,80,92,-4106
3131171154,128,5,2,-11,25,114,-4085
3131172154,128,4,7,-8,24,10,-4051
3131173154,128,-2,9,-7,74,22,-4091
3131174154,128,4,7,-6,81,112,-4109
3131175154,128,6,5,-5,83,49,-4097
3131176154,128,0,3,-8,85,44,-4092
3131177154,128,1,-5,-10,67,61,-4108
3131178154,128,5,3,-7,54,47,-4109
3131179154,128,4,3,-2,7,23,-4078
3131180154,128,3,2,-4,12,15,-4076
3131181154,128,-4,9,-4,49,38,-4107
3131182154,128,0,5,-4,60,65,-4097
3131183154,128,4,4,-7,46,57,-4110
3131184154,128,5,0,-7,44,53,-4089
3131185154,128,8,-1,-7,58,26,-4089
3131186154,128,-3,4,-3,35,49,-4088
3131187154,128,2,0,-8,4,49,-4058
3131188154,128,7,6,-8,48,32,-4084
3131189154,128,2,7,-7,55,36,-4090
3131190154,128,4,3,-3,84,35,-4079
3131191154,128,4,0,-7,74,59,-4084
3131192154,128,-1,0,-11,34,56,-4085
3131193154,128,3,0,-7,53,32,-4077
3131194154,128,5,0,-6,76,42,-4062
3131195154,128,-2,4,-10,33,58,-4092
3131196154,128,5,-2,-7,59,41,-4111
3131197154,128,0,3,-4,53,44,-4096
3131198154,128,3,1,-8,50,57,-4091
3131199154,128,-2,8,-4,39,47,-4085
3131200154,128,2,-1,-7,59,44,-4105
3131201154,128,7,-8,-8,42,49,-4093
3131202154,128,5,1,-7,36,50,-4078
3131203154,128,-2,0,-8,19,41,-4088
3131204154,128,6,0,-7,26,47,-4069
3131205154,128,5,1,-9,35,61,-4074
3131206154,128,0,-3,-7,54,39,-4096
3131207154,128,1,-4,-9,55,64,-4084
3131208154,128,-2,-1,-7,49,62,-4106
3131209154,128,3,-9,-5,53,71,-4087
3131210154,128,1,-1,-10,44,46,-4097
3131211154,128,3,-8,-8,39,45,-4097
3131212154,128,1,-1,-7,11,48,-4053
3131213154,128,-8,12,-6,-135,21,-3972
3131214154,128,-5,8,-6,43,29,-4120
3131215154,128,1,-1,-5,166,84,-4102
3131216154,128,2,-9,-11,90,76,-4138
3131217154,128,2,-9,-13,48,72,-4114
3131218154,128,-2,-2,-12,-14,43,-4080
3131219154,128,1,-3,-8,29,28,-4084
3131220154,128,-3,-2,-6,62,40,-4095
3131221154,128,5,-1,-10,42,75,-4134
3131222154,128,4,-3,-6,55,75,-4101
3131223154,128,6,-1,-9,54,42,-4082
3131224154,128,1,1,-5,54,40,-4076
3131225154,128,-5,1,-7,44,35,-4093
3131226154,128,0,-5,-8,39,41,-4082
3131227154,128,2,-2,-10,57,51,-4076
3131228154,128,-2,-4,-11,29,48,-4070
3131229154,128,-1,3,-2,48,47,-4097
3131230154,128,5,-5,-6,52,63,-4074
3131231154,128,2,2,-6,41,59,-4068
3131232154,128,1,0,-2,45,58,-4093
3131233154,128,-2,-8,-8,47,64,-4091
3131234154,128,1,0,-8,49,83,-4079
3131235154,128,3,1,-8,43,55,-4070
3131236154,128,2,-2,-14,37,57,-4084
3131237154,128,2,4,-4,47,45,-4069
3131238154,128,1,-1,-12,31,53,-4072
3131239154,128,2,-1,-8,57,57,-4086
3131240154,128,-3,1,-7,65,63,-4078
3131241154,128,4,-8,-10,55,55,-4081
3131242154,128,-3,0,-3,13,76,-4016
3131243154,128,2,-2,-9,53,63,-4115
3131244154,128,5,-3,2,85,51,-4106
3131245154,128,-1,-2,-6,49,61,-4109
3131246154,128,5,-4,-9,2,56,-4080
3131247154,128,1,2,-8,27,61,-4070
3131248154,128,-6,-3,-5,45,63,-4082
3131249154,128,2,-6,-7,43,66,-4097
3131250154,128,-2,5,-3,11,75,-4097
3131251154,128,0,-5,-4,18,58,-4076
3131252154,128,1,4,-7,64,54,-4081
3131253154,128,-2,1,-7,32,50,-4076
3131254154,128,2,3,-9,23,51,-4080
3131255154,128,0,1,-7,31,52,-4091
3131256154,128,0,2,-8,42,76,-4088
3131257154,128,3,3,-4,43,49,-4083
3131258154,128,1,4,-4,43,58,-4088
3131259154,128,-2,-5,-5,60,66,-4085
3131260154,128,1,3,-6,42,57,-4080
3131261154,128,-2,5,-7,51,37,-4062
3131262154,128,3,1,-10,68,82,-4062
3131263154,128,-1,6,-4,46,84,-4065
3131264154,128,3,-4,-10,54,46,-4088
3131265154,128,3,-3,-6,67,49,-4115
3131266154,128,4,8,-1,31,77,-4087
3131267154,128,1,1,-10,26,81,-4104
3131268154,128,1,0,-6,39,87,-4094
3131269154,128,6,-3,-3,3,83,-4083
3131270154,128,7,4,-6,0,85,-4086
3131271154,128,5,14,-5,-46,117,-4061
3131272154,128,-3,12,-15,-64,25,-4064
3131273154,128,5,6,-10,36,157,-4162
3131274154,128,20,-4,-13,312,240,-4307
3131275154,128,-8,-32,-23,541,-278,-4095
3131276154,128,4,-37,-13,-300,354,-3897
3131277154,128,2,5,-13,-629,337,-3988
3131278154,128,8,19,-16,-29,-202,-4024
3131279154,128,-10,18,-8,330,-104,-4058
3131280154,128,-4,-3,-6,130,160,-4185
3131281154,128,2,-4,-6,-28,228,-4164
3131282154,128,3,12,-6,-78,174,-3965
3131283154,128,0,11,-10,9,20,-3991
3131284154,128,-3,15,-7,78,-93,-4053
3131285154,128,-5,6,-8,55,66,-4145
3131286154,128,-2,6,-12,-42,115,-4126
3131287154,128,6,15,-7,-104,65,-4080
3131288154,128,-3,20,-8,-28,-35,-4075
3131289154,128,-11,26,-8,46,16,-4086
3131290154,128,-7,32,-6,72,84,-4093
3131291154,128,0,22,-8,56,159,-4148
3131292154,128,-4,28,-16,-5,139,-4107
3131293154,128,1,26,-11,131,48,-4195
3131294154,128,16,14,-14,131,204,-4164
3131295154,128,3,16,-7,149,-200,-4077
3131296154,128,-9,-5,-17,255,-95,-4094
3131297154,128,-4,5,-10,-189,253,-4001
3131298154,128,1,9,-9,62,-6,-4104
3131299154,128,-1,15,-6,212,-126,-4078
3131300154,128,-10,5,-5,176,-8,-4050
3131301154,128,-3,3,-4,51,142,-4158
3131302154,128,0,3,-8,35,159,-4051
3131303154,128,2,6,-2,56,82,-4054
3131304154,128,5,-1,-9,44,30,-4090
3131305154,128,0,0,-9,11,24,-4092
3131306154,128,-5,7,-11,-23,77,-4088
3131307154,128,4,6,-8,-14,46,-4072
3131308154,128,0,11,-7,28,-1,-4094
3131309154,128,-1,17,-6,17,9,-4086
3131310154,128,1,9,-8,54,69,-4075
3131311154,128,-1,10,-6,56,72,-4105
3131312154,128,0,4,-3,72,80,-4100
3131313154,128,-1,12,-2,60,84,-4084
3131314154,128,-1,16,-6,31,75,-4081
3131315154,128,3,6,-6,46,80,-4085
3131316154,128,0,20,-9,50,72,-4066
3131317154,128,2,15,-11,19,58,-4056
3131318154,128,3,16,-11,4,47,-4075
3131319154,128,-5,14,-9,94,19,-4102
3131320154,128,-4,14,-9,31,100,-4091
3131321154,128,1,22,-18,-136,271,-4113
3131322154,128,4,23,-16,-114,252,-4144
3131323154,128,-16,-4,-9,678,-373,-4234
3131324154,128,-2,-17,-8,23,405,-4034
3131325154,128,10,6,-8,-403,193,-4011
3131326154,128,1,14,-8,202,-128,-3955
3131327154,128,-16,28,-1,226,-92,-3940
3131328154,128,-5,16,-3,-77,170,-4130
3131329154,128,21,-7,-9,300,252,-4428
3131330154,128,69,-106,-23,1559,546,-4852
3131331154,128,88,-226,-12,2757,-366,-5254
3131332154,128,-65,-1,-42,-5085,89,-1448
3131333154,128,-38,127,2,-1068,58,-4448
3131334154,128,-48,80,2,2291,471,-3967
3131335154,128,0,-29,-13,560,141,-4379
3131336154,128,11,-46,-16,-131,319,-4514
3131337154,128,7,-22,-14,-474,450,-4073
3131338154,128,18,8,-4,-140,-112,-4064
3131339154,128,-9,6,-7,144,-257,-3855
3131340154,128,-19,7,-12,-141,119,-4183
3131341154,128,-6,5,-4,-243,300,-4281
3131342154,128,12,11,-12,20,103,-4156
3131343154,128,6,17,-11,84,-103,-4135
3131344154,128,1,16,0,114,-58,-4110
3131345154,128,-4,16,1,168,-32,-4093
3131346154,128,-8,6,-2,174,43,-4094
3131347154,128,5,-10,-10,158,164,-4169
3131348154,128,6,-4,-13,66,141,-4195
3131349154,128,10,-2,-12,16,-22,-4101
3131350154,128,8,-2,-12,28,-34,-4028
3131351154,128,-2,1,-9,-17,26,-4003
3131352154,128,1,1,-7,73,79,-4074
3131353154,128,1,-3,-7,138,116,-4104
3131354154,128,1,0,-7,112,140,-4134
3131355154,128,14,-14,-6,75,136,-4113
3131356154,128,6,-8,-4,35,107,-4083
3131357154,128,6,-6,-7,-10,88,-4029
3131358154,128,10,-11,-9,57,56,-4097
3131359154,128,2,-7,-5,58,62,-4095
3131360154,128,11,-5,-4,65,50,-4096
3131361154,128,2,-5,-7,81,70,-4091
3131362154,128,3,-6,-11,49,106,-4089
3131363154,128,-1,-8,-15,25,105,-4083
3131364154,128,9,-5,-13,39,98,-4075
3131365154,128,6,1,-4,70,61,-4075
3131366154,128,3,-5,-9,56,46,-4096
3131367154,128,7,-4,-10,41,103,-4052
3131368154,127,6,-6,-10,12,90,-4053
3131369154,127,8,-10,-16,75,44,-4109
3131370154,127,10,-8,-10,110,74,-4122
3131371154,127,5,-11,-10,25,58,-4108
3131372154,127,13,-14,-14,24,46,-4092
3131373154,127,6,-8,-12,37,18,-4091
3131374154,127,9,-9,-11,50,11,-4113
3131375154,127,7,-11,-14,29,53,-4089
3131376154,127,9,-1,-8,8,40,-4089
3131377154,128,6,-5,-10,40,18,-4107
3131378154,128,4,-5,-7,62,66,-4104
3131379154,128,13,-12,-8,28,37,-4094
3131380154,128,2,-5,-9,50,37,-4061
3131381154,128,6,-3,-6,18,22,-4053
3131382154,128,4,-9,-4,28,-1,-4081
3131383154,128,11,-5,-7,47,28,-4054
3131384154,128,3,-3,-7,38,46,-4103
3131385154,128,4,-8,-9,74,32,-4065
3131386154,128,2,-7,-5,82,28,-4077
3131387154,128,6,-14,-13,58,20,-4089
3131388154,128,6,-10,-9,52,48,-4074
3131389154,128,3,-2,-3,42,45,-4097
3131390154,128,4,-7,-5,59,68,-4103
3131391154,128,1,-7,-9,50,66,-4090
3131392154,128,13,-10,-14,66,61,-4121
3131393154,128,1,-13,-11,44,60,-4091
3131394154,128,7,-8,-13,0,86,-4083
3131395154,128,4,2,-9,-9,73,-4052
3131396154,128,3,-2,-8,58,64,-4089
3131397154,128,2,-2,-7,59,57,-4082
3131398154,128,3,-2,-10,28,85,-4074
3131399154,128,5,-5,-5,8,70,-4073
3131400154,128,0,1,-2,17,53,-4074
3131401154,128,4,0,-7,47,56,-4069
3131402154,128,7,-3,-9,37,65,-4077
3131403154,128,7,-2,-7,33,79,-4082
3131404154,128,0,3,-6,45,76,-4088
3131405154,128,4,5,-4,51,67,-4079
3131406154,128,3,0,-7,56,50,-4101
3131407154,128,1,2,-5,63,50,-4097
3131408154,128,-3,2,-6,48,48,-4075
3131409154,128,2,5,-5,58,34,-4082
3131410154,128,0,1,-4,59,54,-4090
3131411154,128,2,-3,-5,56,35,-4112
3131412154,128,-1,3,-9,61,46,-4100
3131413154,128,1,5,-9,46,46,-4096
3131414154,128,3,8,-9,59,53,-4116
3131415154,128,7,-4,-7,69,46,-4106
3131416154,128,5,-4,-9,45,48,-4103
3131417154,128,0,-12,-11,58,40,-4103
3131418154,128,0,5,-12,37,60,-4115
3131419154,128,3,-6,-10,12,58,-4096
3131420154,128,2,-3,-3,49,32,-4089
3131421154,128,-1,0,-9,52,45,-4071
3131422154,128,4,-4,-9,43,77,-4072
3131423154,128,2,6,-6,35,65,-4073
3131424154,128,8,-5,-9,73,54,-4081
3131425154,128,5,-5,-11,54,74,-4088
3131426154,128,2,-1,-11,32,53,-4101
3131427154,128,4,-3,-10,32,59,-4090
3131428154,128,7,-4,-12,16,53,-4074
3131429154,128,7,0,-4,27,63,-4064
3131430154,128,1,-3,-8,69,88,-4106
3131431154,128,0,2,-8,52,67,-4105
3131432154,128,6,4,-12,54,64,-4114
3131433154,128,2,-2,-7,46,100,-4069
3131434154,128,2,-3,-9,40,75,-4112
3131435154,128,2,0,-11,75,63,-4085
3131436154,128,5,-2,-10,42,56,-4095
3131437154,128,3,3,-7,33,71,-4090
3131438154,128,8,-3,-9,-7,65,-4088
3131439154,128,4,4,-11,18,66,-4087
3131440154,128,5,-1,-8,77,71,-4109
3131441154,128,5,2,-7,57,61,-4116
3131442154,128,8,-4,-11,67,85,-4104
3131443154,128,7,-13,-11,135,50,-4159
3131444154,128,8,-10,-9,88,57,-4101
3131445154,128,9,-6,-9,-35,70,-4059
3131446154,128,9,-3,-9,-32,65,-4066
3131447154,128,0,3,-8,-19,16,-3995
3131448154,128,-3,9,-5,28,20,-4102
3131449154,128,3,3,-8,67,100,-4061
3131450154,128,-4,17,-3,30,81,-4074
3131451154,128,3,8,-10,51,51,-4065
3131452154,128,5,3,-11,69,64,-4090
3131453154,128,2,-1,-12,51,6,-4127
3131454154,128,5,0,-12,20,28,-4064
3131455154,128,-2,8,-9,3,25,-4065
3131456154,128,-1,7,-10,-15,-9,-4067
3131457154,128,-7,15,-10,11,10,-4063
3131458154,128,-7,20,-7,72,19,-4145
3131459154,128,-5,21,-1,84,62,-4058
3131460154,128,-7,18,-9,10,-40,-4088
3131461154,128,2,22,-10,1,180,-4006
3131462154,128,-10,29,-8,-22,24,-4093
3131463154,128,-5,18,-10,183,44,-4116
3131464154,128,-5,16,-8,162,63,-4084
3131465154,128,1,9,-6,73,71,-4149
3131466154,128,0,11,-6,67,52,-4107
3131467154,127,-3,9,-8,44,30,-4053
3131468154,127,1,10,-9,54,37,-4064
3131469154,127,-1,15,-6,71,43,-4066
3131470154,127,-4,6,-5,99,52,-4134
3131471154,127,-1,10,-8,115,99,-4098
3131472154,127,-1,11,-4,-3,65,-4080
3131473154,127,-4,14,-5,61,75,-4106
3131474154,127,1,9,-7,61,60,-4044
3131475154,127,3,7,-4,53,52,-4109
3131476154,127,-1,7,-5,27,73,-4077
3131477154,127,-1,9,-4,15,71,-4061
3131478154,127,1,10,-7,-6,75,-4064
3131479154,127,0,15,-8,42,27,-4081
3131480154,127,0,14,-6,66,57,-4081
3131481154,127,-1,4,-12,96,51,-4152
3131482154,127,-6,10,0,95,66,-4147
3131483154,127,-2,12,0,4,121,-4054
3131484154,127,0,5,-7,76,44,-4101
3131485154,127,-4,10,-8,83,43,-4078
3131486154,127,-1,9,-9,27,73,-4089
3131487154,127,-1,16,-8,27,54,-4115
3131488154,127,4,9,-10,79,53,-4085
3131489154,127,1,7,-6,75,50,-4103
3131490154,127,3,5,-10,95,70,-4101
3131491154,127,3,5,-8,110,68,-4106
3131492154,127,8,-3,-6,50,74,-4104
3131493154,127,6,4,-9,55,65,-4117
3131494154,127,2,-3,-10,42,37,-4103
3131495154,127,-2,-2,-13,21,64,-4079
3131496154,127,-2,-1,-10,12,86,-4060
3131497154,127,7,0,-6,83,53,-4095
3131498154,127,0,-1,-8,102,50,-4077
3131499154,127,1,-6,-4,75,93,-4128
3131500154,127,3,-11,-3,69,85,-4108
3131501154,127,9,-6,-5,47,70,-4100
3131502154,127,7,-6,-13,77,34,-4103
3131503154,127,13,-5,-10,66,63,-4098
3131504154,127,9,-10,-7,49,67,-4116
3131505154,127,9,-5,-10,53,81,-4097
3131506154,127,11,-4,-8,40,70,-4092
3131507154,127,13,-7,-10,80,84,-4078
3131508154,127,12,-17,-13,73,76,-4118
3131509154,127,16,-17,-11,87,59,-4120
3131510154,127,7,-18,-1,101,47,-4118
3131511154,127,9,-22,-12,39,135,-4073
3131512154,127,9,-13,-8,-19,83,-4076
3131513154,127,15,-12,-11,164,102,-4131
3131514154,127,16,-18,-9,206,130,-4109
3131515154,127,10,-14,-9,-135,-24,-4061
3131516154,127,7,-8,-8,106,71,-4148
3131517154,127,13,-14,-9,137,113,-4113
3131518154,127,14,-27,-13,118,40,-4113
3131519154,127,13,-17,-4,57,45,-4082
3131520154,127,11,-22,-6,-36,38,-4041
3131521154,127,9,-18,-4,-24,10,-4048
3131522154,127,3,-5,-7,14,28,-4049
3131523154,127,5,-5,-8,42,40,-4075
3131524154,127,6,-13,-8,46,69,-4073
3131525154,127,9,-11,-7,29,94,-4085
3131526154,127,13,-14,-13,27,74,-4110
3131527154,127,10,-8,-8,33,35,-4090
3131528154,127,9,-6,-6,21,22,-4084
3131529154,127,13,-9,-4,4,43,-4086
3131530154,127,4,1,-9,20,34,-4085
3131531154,127,9,0,-8,25,31,-4098
3131532154,127,5,2,-8,76,35,-4105
3131533154,127,3,2,-10,78,33,-4085
3131534154,127,7,-8,-11,83,41,-4110
3131535154,127,3,-2,-7,72,50,-4086
3131536154,127,5,-7,-8,61,60,-4093
3131537154,127,7,-9,-11,70,49,-4084
3131538154,127,4,-2,-9,38,30,-4071
3131539154,127,9,-9,-12,13,25,-4078
3131540154,127,3,-5,-8,30,43,-4086
3131541154,127,7,-6,-10,14,59,-4059
3131542154,127,2,1,-10,22,46,-4069
3131543154,127,1,0,-6,21,48,-4064
3131544154,127,4,0,-5,45,54,-4102
3131545154,127,4,-2,-4,55,73,-4084
3131546154,127,0,3,-7,23,75,-4072
3131547154,127,5,2,-9,42,58,-4088
3131548154,127,2,1,-4,55,36,-4080
3131549154,127,-1,1,-3,42,54,-4081
3131550154,127,8,-2,-8,71,53,-4090
3131551154,127,1,3,-5,77,58,-4094
3131552154,127,2,-3,-7,93,51,-4070
3131553154,127,0,-5,-9,90,64,-4090
3131554154,127,1,-4,-6,82,68,-4091
3131555154,127,1,-6,-7,69,67,-4065
3131556154,127,8,-4,-6,84,50,-4067
3131557154,127,-1,-2,-7,80,50,-4089
3131558154,127,6,-11,-6,51,62,-4077
3131559154,127,-2,-2,-3,47,51,-4075
3131560154,127,0,-2,-6,50,67,-4083
3131561154,127,-5,-5,-7,20,59,-4109
3131562154,127,-3,-2,-9,33,36,-4095
3131563154,127,2,-5,-3,27,60,-4075
3131564154,127,3,0,-2,33,47,-4090
3131565154,127,5,1,-4,26,52,-4101
3131566154,127,-2,-2,-7,37,36,-4088
3131567154,127,-4,6,-7,23,49,-4088
3131568154,127,-1,3,-6,-15,111,-4057
3131569154,127,3,6,-12,41,90,-4094
3131570154,127,1,-3,-13,146,55,-4113
3131571154,127,6,-10,-9,103,73,-4115
3131572154,127,11,-6,-8,43,87,-4096
3131573154,127,5,-5,-5,22,51,-4063
3131574154,127,9,-9,-3,61,61,-4065
3131575154,127,1,-6,-7,81,38,-4063
3131576154,127,3,-10,-8,90,70,-4087
3131577154,127,3,-17,-8,62,77,-4102
3131578154,127,6,-12,-6,65,91,-4099
3131579154,127,12,-14,-12,56,79,-4091
3131580154,127,16,-14,-14,73,86,-4080
3131581154,127,9,-11,-12,32,84,-4092
3131582154,127,12,-16,-10,24,73,-4091
3131583154,127,4,-10,-11,42,70,-4102
3131584154,127,9,-7,-4,25,81,-4078
3131585154,127,8,-14,-12,20,78,-4093
3131586154,127,10,-3,-8,42,64,-4072
3131587154,127,11,-5,-10,24,78,-4077
3131588154,127,11,-4,-4,39,78,-4093
3131589154,127,5,0,-1,28,76,-4088
3131590154,127,9,-11,-5,24,62,-4070
3131591154,127,3,-5,-6,64,68,-4084
3131592154,127,4,-2,-10,49,70,-4088
3131593154,127,0,-4,-9,41,56,-4101
3131594154,127,3,-6,-10,47,59,-4089
3131595154,127,9,-5,-9,21,56,-4080
3131596154,127,6,-1,-10,64,37,-4091
3131597154,127,4,-1,-7,71,35,-4096
3131598154,127,7,-8,-8,57,62,-4092
3131599154,127,11,-6,-9,54,56,-4088
3131600154,127,5,-6,-8,64,37,-4077
3131601154,127,11,-6,-10,62,41,-4068
3131602154,127,-1,-4,-9,49,45,-4077
3131603154,127,8,-10,-5,45,42,-4088
3131604154,127,10,-10,-11,54,37,-4069
3131605154,127,7,-2,-9,47,45,-4072
3131606154,127,6,-6,-8,46,77,-4071
3131607154,127,9,-10,-12,56,61,-4094
3131608154,127,9,-9,-10,77,47,-4081
3131609154,127,11,-10,-6,60,68,-4084
3131610154,127,8,-7,-11,59,58,-4122
3131611154,127,14,-16,-6,195,57,-4147
3131612154,127,14,-27,-10,216,28,-4145
3131613154,127,13,-26,-11,28,33,-4055
3131614154,127,5,-19,-11,-138,17,-4016
3131615154,127,5,-7,-7,-120,24,-4006
3131616154,127,10,-1,-8,17,25,-4033
3131617154,127,4,1,-9,56,48,-4076
3131618154,127,7,0,-7,96,119,-4151
3131619154,127,3,-6,-8,68,132,-4099
3131620154,127,8,-6,-4,6,98,-4080
3131621154,127,14,-4,-8,7,48,-4077
3131622154,127,5,-8,-9,-8,32,-4051
3131623154,127,-2,0,-9,-21,42,-4069
3131624154,127,0,-1,-4,-5,44,-4049
3131625154,127,8,-2,-7,84,36,-4100
3131626154,127,4,0,-13,93,61,-4076
3131627154,127,-3,-2,-7,60,77,-4068
3131628154,127,0,8,-9,95,74,-4069
3131629154,127,-8,2,-4,72,64,-4058
3131630154,127,3,-3,-11,96,50,-4082
3131631154,127,-2,3,-6,39,64,-4051
3131632154,127,1,1,-8,30,55,-4063
3131633154,127,-1,3,-4,56,43,-4072
3131634154,127,-3,5,-1,87,15,-4061
3131635154,127,-2,4,-5,42,30,-4086
3131636154,127,-1,-3,-5,38,36,-4105
3131637154,127,-8,4,-6,8,55,-4076
3131638154,127,-6,4,-4,18,26,-4076
3131639154,127,-3,3,-7,26,32,-4105
3131640154,127,-3,8,-7,6,55,-4102
3131641154,127,-4,6,-8,-10,43,-4109
3131642154,127,-7,18,-10,15,35,-4113
3131643154,127,-1,6,-15,45,41,-4118
3131644154,127,-1,5,-5,22,47,-4118
3131645154,127,-3,8,-6,68,26,-4111
3131646154,127,-2,3,-2,55,31,-4095
3131647154,127,-9,15,-6,45,27,-4099
3131648154,127,-10,5,-1,31,3,-4093
3131649154,127,0,10,-7,23,112,-4075
3131650154,127,-5,17,-3,-32,109,-4034
3131651154,127,-7,16,-8,45,33,-4113
3131652154,127,0,12,-9,181,85,-4136
3131653154,127,8,-6,-12,76,116,-4144
3131654154,127,5,-5,-10,62,82,-4106
3131655154,127,2,-3,-5,56,61,-4057
3131656154,127,2,-1,-10,61,45,-4065
3131657154,127,3,-2,-7,26,36,-4064
3131658154,127,6,3,-5,53,61,-4076
3131659154,127,-1,9,-1,49,66,-4108
3131660154,127,-2,6,-2,41,65,-4068
3131661154,127,-2,4,-3,45,75,-4076
3131662154,127,4,0,-8,37,88,-4070
3131663154,127,2,2,-4,34,78,-4086
3131664154,127,1,5,1,43,85,-4108
3131665154,127,-1,2,-7,37,70,-4106
3131666154,127,0,6,-9,8,53,-4085
3131667154,127,3,3,-11,22,44,-4106
3131668154,127,1,4,-6,67,57,-4099
3131669154,127,0,0,-7,57,46,-4090
3131670154,127,0,3,-10,64,42,-4101
3131671154,127,2,6,-9,54,54,-4072
3131672154,127,3,-2,-8,67,54,-4087
3131673154,127,-6,4,-10,71,56,-4071
3131674154,127,-5,1,-6,40,72,-4070
3131675154,127,4,3,-13,33,52,-4072
3131676154,127,-6,7,-5,73,34,-4088
3131677154,127,3,6,-10,55,53,-4085
3131678154,127,3,3,-4,30,51,-4081
3131679154,127,-2,2,-6,10,46,-4078
3131680154,127,-5,11,-6,26,47,-4055
3131681154,127,1,10,-7,34,39,-4066
3131682154,127,-3,11,-6,57,37,-4075
3131683154,127,-2,11,-12,52,48,-4090
3131684155,127,0,13,-8,47,53,-4097
3131685154,127,-2,18,-9,32,60,-4093
3131686155,127,-6,16,-6,53,45,-4091
3131687156,127,-8,18,-7,34,54,-4074
3131688154,127,-7,16,-5,30,52,-4080
3131689154,127,-4,24,-9,29,43,-4084
3131690154,127,-7,26,-7,20,43,-4081
3131691154,127,-5,25,-8,42,47,-4083
3131692154,127,-11,25,-5,39,44,-4080
3131693154,127,-4,24,-5,52,53,-4088
3131694154,127,-4,19,-10,47,45,-4084
3131695154,127,-8,22,-1,46,30,-4097
3131696154,127,-8,19,-9,36,60,-4098
3131697154,127,-7,23,-9,50,64,-4092
3131698154,127,-7,25,-5,47,38,-4099
3131699154,127,-9,23,-13,45,27,-4071
3131700154,127,-7,25,-9,72,74,-4109
3131701154,127,-5,29,-8,41,52,-4079
3131702154,127,-14,25,-6,49,44,-4074
3131703154,127,-12,32,-6,41,63,-4059
3131704154,127,-7,26,-12,28,92,-4070
3131705154,127,-7,22,-7,80,47,-4093
3131706154,127,-8,23,-7,58,55,-4077
3131707154,127,0,22,-6,54,59,-4091
3131708154,127,-10,23,-7,46,65,-4093
3131709154,127,-15,24,-8,56,68,-4099
3131710154,127,-8,21,-8,48,70,-4106
3131711154,127,-7,28,-7,62,69,-4112
3131712154,127,-12,24,-3,64,74,-4107
3131713154,127,-4,30,-4,62,51,-4079
3131714154,127,-5,25,-4,48,58,-4079
3131715154,127,-12,22,-3,62,54,-4074
3131716154,127,-10,25,-6,82,66,-4091
3131717154,127,-8,21,-8,96,50,-4093
3131718154,127,-5,23,-8,39,72,-4087
3131719154,127,-9,23,-9,61,68,-4070
3131720154,127,-12,20,-8,79,52,-4087
3131721154,127,-6,20,-2,56,62,-4067
3131722154,127,-11,24,-9,46,56,-4069
3131723154,127,-4,22,-6,62,63,-4097
3131724154,127,-9,19,-3,76,50,-4103
3131725154,127,-7,20,-5,74,59,-4104
3131726154,127,-2,14,-6,40,50,-4093
3131727154,127,-8,14,-11,34,61,-4076
3131728154,127,-10,15,-14,57,58,-4088
3131729154,127,-9,22,-6,78,43,-4097
3131730154,127,-8,27,-8,63,66,-4079
3131731154,127,-3,17,-10,47,70,-4084
3131732154,126,-4,25,-2,54,53,-4098
3131733154,126,-9,22,-9,54,67,-4091
3131734154,126,-5,19,-5,75,56,-4105
3131735154,126,-8,18,-5,68,58,-4108
3131736154,126,-1,15,-7,52,69,-4098
3131737154,126,5,17,-7,44,64,-4081
3131738154,126,-10,24,-4,78,52,-4082
3131739154,126,-7,16,-11,77,57,-4104
3131740154,126,-5,19,-5,64,67,-4098
3131741154,126,-7,19,-8,58,75,-4100
3131742154,126,-4,15,-2,60,78,-4085
3131743154,126,-7,23,-5,70,84,-4086
3131744154,126,0,18,-6,79,64,-4098
3131745154,126,-1,13,-4,78,70,-4095
3131746154,126,-4,15,-4,104,75,-4085
3131747154,126,1,13,-7,103,78,-4101
3131748154,126,0,7,-8,77,83,-4083
3131749154,126,-3,11,-2,55,63,-4086
3131750154,126,2,7,-9,95,65,-4086
3131751154,126,-5,11,-6,99,68,-4101
3131752154,126,-1,7,-6,83,67,-4101
3131753154,126,-1,3,-6,63,68,-4089
3131754154,126,2,7,-12,80,63,-4079
3131755154,126,4,6,-6,78,67,-4086
3131756154,126,0,5,-7,62,62,-4086
3131757154,126,-2,13,-8,56,61,-4085
3131758154,126,1,3,-4,52,61,-4069
3131759154,126,2,6,-5,58,73,-4079
3131760154,126,2,6,-11,49,53,-4084
3131761154,126,-4,6,-9,53,49,-4067
3131762154,126,-4,7,-9,94,72,-4094
3131763154,126,1,0,-10,78,66,-4081
3131764154,126,1,2,-10,78,66,-4103
3131765154,126,-3,-1,-5,63,68,-4104
3131766154,126,5,3,-9,66,77,-4099
3131767154,126,3,5,-7,57,69,-4098
3131768154,126,3,8,-2,72,56,-4108
3131769154,126,3,6,-5,71,61,-4091
3131770154,126,2,2,-6,43,66,-4087
3131771154,126,2,-3,-7,72,69,-4107
3131772154,126,7,3,-4,78,57,-4106
3131773154,126,2,-5,-11,72,75,-4087
3131774154,126,5,-3,-9,64,83,-4096
3131775154,126,7,0,-5,66,67,-4095
3131776154,126,5,-6,-8,71,75,-4102
3131777154,126,7,-3,-5,36,61,-4078
3131778154,126,4,1,-10,47,82,-4095
3131779154,126,3,-2,-13,44,78,-4080
3131780154,126,10,-4,-13,69,67,-4097
3131781154,126,3,-2,-8,72,78,-4085
3131782154,126,5,-3,-9,74,65,-4084
3131783154,126,4,-4,-9,44,62,-4086
3131784154,126,4,-4,-5,46,78,-4088
3131785154,126,7,-2,-5,71,50,-4087
3131786154,126,-4,2,-2,67,81,-4088
3131787154,126,3,-1,-3,47,75,-4085
3131788154,126,4,2,-3,71,58,-4102
3131789154,126,7,1,-7,70,61,-4106
3131790154,126,5,0,-2,78,73,-4101
3131791154,126,3,1,-8,76,63,-4068
3131792154,126,10,-6,-12,62,64,-4088
3131793154,126,7,-4,-9,65,59,-4084
3131794154,126,-2,-2,-7,51,55,-4066
3131795154,126,5,-2,-9,47,58,-4069
3131796154,126,9,2,-11,57,45,-4074
3131797154,126,0,-2,-9,78,68,-4075
3131798154,126,5,-5,-8,79,49,-4090
3131799154,126,0,-2,-5,58,57,-4073
3131800154,126,7,-2,-4,62,62,-4091
3131801154,126,0,-2,-9,103,60,-4078
3131802154,126,1,-1,-6,80,53,-4098
3131803154,126,11,-6,-8,78,60,-4074
3131804154,126,3,1,-8,50,57,-4082
3131805154,126,2,-4,-7,56,48,-4073
3131806154,126,4,0,-10,70,38,-4083
3131807154,126,-2,4,-3,83,45,-4098
3131808154,126,1,2,-12,75,56,-4080
3131809154,126,6,-3,-12,69,50,-4089
3131810154,126,3,-8,-10,83,70,-4100
3131811154,126,2,-2,-7,74,47,-4090
3131812154,126,1,2,-8,57,63,-4086
3131813154,126,3,-1,-7,56,63,-4090
3131814154,126,6,-7,-2,59,72,-4088
3131815154,126,7,-3,-5,76,57,-4089
3131816154,126,3,-6,-5,75,52,-4088
3131817154,126,4,-6,-5,88,65,-4081
3131818154,126,1,-9,-4,109,56,-4084
3131819154,126,3,-13,-12,95,55,-4092
3131820154,126,3,-10,-12,72,73,-4095
3131821154,126,5,-12,-8,80,53,-4084
3131822154,126,5,-16,-12,70,67,-4086
3131823154,126,6,-6,-6,65,65,-4092
3131824154,126,2,-13,-3,45,80,-4085
3131825154,126,2,-11,-6,51,67,-4088
3131826154,126,2,-12,-4,52,63,-4106
3131827154,126,10,-14,-6,62,71,-4079
3131828154,126,5,-13,-8,62,45,-4072
3131829154,126,7,-9,-4,90,40,-4077
3131830154,126,1,-14,-8,80,44,-4090
3131831154,126,3,-18,-12,43,52,-4087
3131832154,126,10,-18,-15,71,36,-4087
3131833154,126,-2,-13,-6,69,54,-4080
3131834154,126,-1,-8,-14,57,67,-4085
3131835154,126,10,-19,-9,62,47,-4081
3131836154,126,2,-14,-9,54,58,-4076
3131837154,126,-1,-13,-1,66,59,-4074
3131838154,126,7,-14,-3,50,47,-4066
3131839154,126,4,-5,0,51,57,-4084
3131840154,126,5,-14,-2,32,46,-4062
3131841154,126,6,-9,-5,50,42,-4072
3131842154,126,2,-9,-10,36,53,-4076
3131843154,126,1,-8,-8,49,57,-4108
3131844154,126,3,-5,-7,48,61,-4121
3131845154,126,3,-17,-11,45,58,-4101
3131846154,126,0,-15,-15,47,39,-4082
3131847154,126,4,-11,-8,47,53,-4104
3131848154,126,-3,0,-8,58,62,-4115
3131849154,126,4,-10,-3,66,79,-4109
3131850154,126,5,-7,1,62,69,-4114
3131851154,126,5,-15,-6,57,61,-4094
3131852154,126,2,-9,-7,36,53,-4098
3131853154,126,3,-10,-7,56,50,-4084
3131854154,126,2,-7,-1,68,54,-4087
3131855154,126,-1,-4,-3,49,59,-4090
3131856154,126,2,-7,-5,68,66,-4100
3131857154,126,-1,-6,-8,58,60,-4099
3131858154,126,3,-7,-5,46,65,-4114
3131859154,126,6,-13,-11,38,58,-4106
3131860154,126,3,-6,-8,41,57,-4094
3131861154,126,3,-11,-10,18,51,-4097
3131862154,126,0,-5,-2,25,66,-4096
3131863154,126,-2,-7,-3,33,42,-4091
3131864154,126,5,-11,-5,46,58,-4087
3131865154,126,-3,-7,-1,55,57,-4080
3131866154,126,-5,0,-1,54,47,-4092
3131867154,126,2,-5,-3,58,54,-4079
3131868154,126,-4,-4,-2,47,59,-4088
3131869154,126,-2,-2,-4,52,48,-4105
3131870154,126,-1,-3,-7,55,71,-4085
3131871154,126,-1,4,-11,62,59,-4088
3131872154,126,0,-3,-9,70,65,-4085
3131873154,126,1,-1,-6,66,77,-4090
3131874154,126,4,-5,-10,47,65,-4091
3131875154,126,1,0,-9,59,58,-4085
3131876154,126,0,-1,-8,53,72,-4092
3131877154,126,2,-4,-3,47,75,-4083
3131878154,126,7,-8,-5,61,73,-4102
3131879154,126,-5,-4,-2,41,74,-4092
3131880154,126,1,-2,-6,58,68,-4091
3131881154,126,4,-6,-5,43,74,-4094
3131882154,126,3,-1,-8,53,71,-4105
3131883154,126,0,-5,-8,57,67,-4086
3131884154,126,0,0,-9,64,71,-4097
3131885154,126,2,2,-7,48,74,-4089
3131886154,126,1,1,-5,68,60,-4088
3131887154,126,-2,1,-9,45,70,-4083
3131888154,126,-2,-4,-9,56,69,-4094
3131889154,126,-2,1,-5,55,54,-4096
3131890154,126,2,1,-9,56,49,-4095
3131891154,126,0,-2,-1,43,62,-4106
3131892154,126,3,4,-1,-4,116,-4081
3131893154,126,1,5,-2,77,15,-4153
3131894154,126,-1,5,-6,67,57,-4117
3131895154,126,-9,11,-4,-58,28,-4052
3131896154,126,0,-1,-6,128,67,-4138
3131897154,126,2,1,-7,149,44,-4127
3131898154,126,2,-6,-7,124,48,-4150
3131899154,126,6,-8,-7,41,37,-4098
3131900154,126,-1,-1,-11,-4,21,-4089
3131901154,126,-1,2,-6,95,12,-4096
3131902154,126,0,-9,-9,181,39,-4133
3131903154,126,-3,0,-7,116,53,-4099
3131904154,126,2,-3,-1,-22,63,-4076
3131905154,126,-2,8,0,-6,36,-4041
3131906154,126,-4,5,-2,52,32,-4076
3131907154,126,-2,-1,-2,81,50,-4082
3131908154,126,-4,5,-4,79,71,-4098
3131909154,126,0,1,-5,33,75,-4066
3131910154,126,5,-3,-6,-11,55,-4067
3131911154,126,0,6,-6,4,30,-4085
3131912154,126,-4,8,-5,15,40,-4086
3131913154,126,-3,10,-3,49,61,-4079
3131914154,126,-7,8,-3,59,71,-4108
3131915154,126,0,6,-2,76,81,-4102
3131916154,126,-3,7,-3,82,94,-4108
3131917154,126,-7,7,-4,65,91,-4093
3131918154,126,-2,5,-3,98,75,-4099
3131919154,126,-1,3,-7,83,70,-4088
3131920154,126,3,-2,-5,82,75,-4094
3131921154,126,-2,-1,-8,87,62,-4100
3131922154,126,0,-5,-10,84,73,-4098
3131923154,126,-2,-6,-9,82,49,-4115
3131924154,126,0,-5,-3,81,77,-4108
3131925154,126,-6,-10,-9,73,66,-4128
3131926154,126,1,-6,-2,70,78,-4113
3131927154,126,0,-5,2,39,71,-4119
3131928154,126,2,-8,-5,27,52,-4107
3131929154,126,-3,-3,-6,16,50,-4108
3131930154,126,0,-5,1,43,64,-4103
3131931154,126,4,-2,-7,24,55,-4082
3131932154,126,-1,-5,-3,46,52,-4100
3131933154,126,-3,0,-7,42,43,-4078
3131934154,126,-1,0,-7,43,52,-4070
3131935154,126,0,0,-2,63,66,-4083
3131936154,126,7,-9,-8,52,52,-4100
3131937154,126,1,-9,-13,51,50,-4106
3131938154,126,0,-4,-3,57,58,-4085
3131939154,126,4,-4,-9,69,55,-4086
3131940154,126,6,-1,-7,75,62,-4089
3131941154,126,5,-1,-3,80,61,-4085
3131942154,126,-1,0,-4,63,53,-4089
3131943154,126,2,-2,-4,59,52,-4081
3131944154,126,0,-3,0,64,59,-4086
3131945154,126,3,-2,-1,70,59,-4104
3131946154,126,-2,-3,-6,59,65,-4091
3131947154,126,2,-4,-2,59,58,-4110
3131948154,126,-1,-2,-4,67,77,-4091
3131949154,126,-2,-2,-1,62,69,-4090
3131950154,126,1,-5,-5,53,83,-4089
3131951154,126,0,-1,-6,53,87,-4094
3131952154,126,1,-5,-2,58,85,-4076
3131953154,126,8,-8,-6,55,75,-4074
3131954154,126,7,-6,-6,79,67,-4074
3131955154,126,5,-4,0,67,90,-4073
3131956154,126,4,-6,0,65,88,-4076
3131957154,126,2,-5,-5,59,80,-4088
3131958154,126,3,-6,-5,52,77,-4092
3131959154,126,1,-7,-3,75,73,-4090
3131960154,126,-4,2,-5,69,74,-4078
3131961154,126,3,-4,-8,68,85,-4084
3131962154,126,-1,1,-4,54,74,-4073
3131963154,126,5,-4,-4,66,69,-4072
3131964154,126,0,1,-6,46,76,-4069
3131965154,126,-1,-4,-12,75,74,-4079
3131966154,126,7,-8,-6,45,77,-4067
3131967154,126,3,5,-12,51,89,-4070
3131968154,126,4,-7,-10,73,78,-4068
3131969154,126,2,1,-5,77,67,-4074
3131970154,126,2,-2,-6,65,71,-4063
3131971154,126,4,0,0,70,68,-4051
3131972154,126,2,-1,0,89,65,-4049
3131973154,126,7,-4,-3,80,77,-4063
3131974154,126,3,-2,-4,80,77,-4048
3131975154,126,6,-7,-6,83,69,-4067
3131976154,126,8,-3,-10,90,78,-4052
3131977154,126,3,-7,-13,97,67,-4044
3131978154,126,4,-6,-7,95,59,-4030
3131979154,126,14,-11,-10,72,84,-4040
3131980154,126,2,1,-12,85,73,-4053
3131981154,126,4,-9,-9,89,71,-4062
3131982154,126,9,-9,-10,87,92,-4075
3131983154,126,3,-12,-11,71,82,-4063
3131984154,126,9,-14,-5,84,86,-4071
3131985154,126,6,-7,-9,89,82,-4070
3131986154,126,10,-10,-8,80,78,-4070
3131987154,126,17,-11,-10,86,79,-4067
3131988154,126,10,-13,-10,80,67,-4091
3131989154,126,7,-12,-13,75,64,-4093
3131990154,126,10,-13,-13,78,77,-4090
3131991154,126,6,-11,-6,73,80,-4105
3131992154,126,14,-18,-9,78,88,-4104
3131993154,126,7,-15,-4,92,76,-4098
3131994154,126,14,-16,-10,66,81,-4096
3131995154,126,14,-16,-11,65,90,-4104
3131996154,126,11,-14,-9,81,73,-4103
3131997154,126,12,-22,-14,83,88,-4116
3131998154,126,15,-21,-14,79,51,-4092
3131999154,126,11,-16,-9,70,59,-4105
3132000154,126,19,-22,-12,66,61,-4096
3132001154,126,13,-22,-9,82,55,-4093
3132002154,126,13,-19,-11,79,65,-4088
3132003154,126,11,-24,-12,86,55,-4100
3132004154,126,9,-28,-10,81,62,-4096
3132005154,126,13,-32,-12,73,66,-4116
3132006154,126,18,-28,-7,79,52,-4088
3132007154,126,15,-25,-5,59,59,-4107
3132008154,126,20,-32,-8,60,48,-4098
3132009154,126,17,-32,-2,56,46,-4090
3132010154,126,12,-25,-3,48,57,-4087
3132011154,126,23,-33,-11,50,38,-4090
3132012154,126,12,-29,-5,59,60,-4095
3132013154,126,20,-34,-9,38,62,-4095
3132014154,126,15,-30,-9,35,58,-4099
3132015154,126,17,-33,-13,51,66,-4102
3132016154,126,14,-33,-9,61,63,-4087
3132017154,126,14,-33,-11,56,69,-4102
3132018154,126,12,-29,-10,40,77,-4088
3132019154,126,15,-29,-11,34,58,-4089
3132020154,126,16,-32,-7,57,51,-4088
3132021154,126,15,-30,-8,19,83,-4079
3132022154,126,14,-25,-2,23,69,-4088
3132023154,126,14,-27,-2,68,65,-4111
3132024154,126,16,-29,-4,73,62,-4097
3132025154,126,19,-30,-3,52,71,-4076
3132026154,126,17,-23,-6,43,86,-4089
3132027154,126,19,-33,-7,32,68,-4094
3132028154,126,18,-26,-11,55,60,-4083
3132029154,126,18,-26,-7,56,75,-4101
3132030154,126,16,-28,-5,43,68,-4109
3132031154,126,16,-28,-7,55,62,-4080
3132032154,126,18,-33,-7,43,70,-4090
3132033154,126,17,-27,-10,58,61,-4075
3132034154,126,14,-31,-13,57,61,-4077
3132035154,126,16,-29,-13,53,43,-4095
3132036154,126,17,-29,-8,61,48,-4093
3132037154,126,17,-29,-9,57,34,-4101
3132038154,126,14,-31,-5,63,41,-4122
3132039154,126,17,-36,-5,60,41,-4106
3132040154,126,19,-36,-7,77,37,-4115
3132041154,126,16,-29,-8,56,28,-4114
3132042154,126,23,-38,-11,66,42,-4119
3132043154,126,21,-41,-6,64,22,-4125
3132044154,126,21,-37,-8,48,29,-4121
3132045154,126,16,-30,-6,51,25,-4097
3132046154,126,17,-42,-6,63,14,-4096
3132047154,126,19,-41,-3,77,44,-4099
3132048154,126,18,-43,-8,52,32,-4101
3132049154,126,15,-35,-7,38,35,-4088
3132050154,126,19,-33,-12,53,32,-4095
3132051154,126,16,-35,-2,43,44,-4081
3132052154,126,17,-36,-5,48,51,-4086
3132053154,126,12,-36,-5,47,43,-4091
3132054154,126,17,-35,-6,48,37,-4082
3132055154,126,15,-30,0,27,67,-4080
3132056154,126,14,-34,-7,42,67,-4072
3132057154,127,16,-30,-3,21,88,-4071
3132058154,127,15,-22,-6,22,78,-4087
3132059154,127,13,-29,-8,64,34,-4050
3132060154,127,13,-24,-11,94,34,-4075
3132061154,127,6,-28,-8,31,58,-4067
3132062154,127,11,-30,-7,12,102,-4078
3132063154,127,11,-17,-4,19,68,-4048
3132064154,127,5,-14,-3,5,32,-4023
3132065154,127,-1,-10,-4,23,42,-4049
3132066154,127,1,-11,-10,57,82,-4074
3132067154,127,-4,-13,-4,23,82,-4059
3132068154,127,7,-13,-5,16,70,-4042
3132069154,127,6,-12,-5,42,43,-4057
3132070154,127,6,-15,-8,43,80,-4065
3132071154,127,-1,-13,-7,0,34,-4046
3132072154,127,-5,-7,-3,-8,32,-4066
3132073154,127,-3,-1,-2,36,64,-4056
3132074154,127,2,-6,-5,60,49,-4106
3132075154,127,4,-7,-6,67,44,-4086
3132076154,127,0,-5,-10,37,58,-4089
3132077154,127,-4,2,-2,45,46,-4060
3132078154,127,4,-10,-5,56,37,-4063
3132079154,127,1,2,-7,49,49,-4076
3132080154,127,-3,-3,-8,21,41,-4058
3132081154,127,-4,0,-4,57,40,-4073
3132082154,127,1,-2,-4,38,47,-4059
3132083154,127,2,0,-5,38,50,-4048
3132084154,127,-4,6,3,50,32,-4070
3132085154,127,-1,-3,-4,83,54,-4063
3132086154,127,-1,-2,-5,53,52,-4063
3132087154,127,-4,3,-7,49,66,-4081
3132088154,127,1,-2,-6,34,59,-4050
3132089154,127,0,5,-5,46,58,-4061
3132090154,127,0,10,-2,40,54,-4067
3132091154,127,-4,3,-3,26,77,-4080
3132092154,127,-3,9,-6,33,92,-4066
3132093154,127,-4,8,-6,55,83,-4061
3132094154,127,-2,10,-5,52,81,-4094
3132095154,127,-7,15,-4,55,79,-4080
3132096154,127,-2,1,-3,43,76,-4075
3132097154,127,1,5,-8,67,79,-4082
3132098154,127,0,4,-6,62,91,-4089
3132099154,127,-1,3,-8,77,81,-4082
3132100154,127,-5,6,-2,77,87,-4096
3132101154,127,-5,-2,-7,83,90,-4091
3132102154,127,2,-1,-5,69,99,-4096
3132103154,127,3,3,-7,80,89,-4100
3132104154,127,3,2,-7,69,80,-4090
3132105154,127,2,-4,-7,96,74,-4099
3132106154,127,3,-4,-5,81,89,-4098
3132107154,127,7,-8,-7,67,72,-4095
3132108154,127,5,-3,-9,68,75,-4112
3132109154,127,3,-10,-10,67,77,-4124
3132110154,127,1,-8,-7,73,56,-4114
3132111154,127,6,-10,-6,54,62,-4121
3132112154,127,9,-14,-5,45,65,-4103
3132113154,127,10,-11,-6,37,52,-4104
3132114154,127,8,-15,-6,58,54,-4107
3132115154,127,5,-16,-5,50,60,-4091
3132116154,127,10,-11,-8,36,65,-4099
3132117154,127,13,-14,-11,30,54,-4094
3132118154,127,7,-12,-4,40,61,-4109
3132119154,127,10,-12,-7,37,51,-4105
3132120154,127,7,-13,-8,51,47,-4107
3132121154,127,5,-13,-9,47,42,-4091
3132122154,127,7,-5,-10,39,50,-4082
3132123154,127,9,-15,-7,37,45,-4087
3132124154,127,8,-11,-7,50,50,-4091
3132125154,127,10,-7,-7,42,57,-4092
3132126154,127,5,-11,-8,29,57,-4085
3132127154,127,9,-10,-3,46,46,-4083
3132128154,127,9,-12,-9,33,49,-4064
3132129154,127,8,-6,-7,33,56,-4069
3132130154,127,7,-3,-10,20,38,-4068
3132131154,127,8,-9,-8,18,47,-4065
3132132154,127,2,-6,-12,42,61,-4052
3132133154,127,5,-2,-7,27,66,-4052
3132134154,127,8,0,-8,20,58,-4072
3132135154,127,3,-1,-5,36,63,-4067
3132136154,127,1,1,-8,18,59,-4054
3132137154,127,3,2,-9,40,67,-4077
3132138154,127,6,0,-8,42,51,-4072
3132139154,127,3,-1,-5,48,85,-4086
3132140154,127,1,-1,-7,63,64,-4084
3132141154,127,7,0,-3,72,76,-4094
3132142154,127,7,1,-6,63,64,-4090
3132143154,127,4,3,-4,54,78,-4092
3132144154,127,-1,-2,-7,71,53,-4089
3132145154,127,9,5,-2,64,63,-4105
3132146154,127,6,-2,-8,46,50,-4093
3132147154,127,1,-2,-12,49,49,-4078
3132148154,127,5,-1,-5,48,57,-4086
3132149154,127,0,1,-8,58,75,-4086
3132150154,127,10,-2,-13,49,68,-4078
3132151154,127,4,-2,-8,57,51,-4083
3132152154,127,8,2,-13,44,58,-4101
3132153154,127,7,-3,-12,40,48,-4083
3132154154,127,1,7,-4,34,64,-4097
3132155154,127,1,2,-9,54,44,-4080
3132156154,127,3,5,-9,38,42,-4079
3132157154,127,11,-2,-10,47,56,-4081
3132158154,127,7,0,-1,43,44,-4083
3132159154,127,-1,5,-9,64,42,-4091
3132160154,127,5,0,-7,52,45,-4063
3132161154,127,-5,6,-7,56,47,-4088
3132162154,127,2,4,-6,45,53,-4072
3132163154,127,1,-2,-8,56,53,-4092
3132164154,127,1,1,-7,46,64,-4087
3132165154,127,4,2,-11,50,55,-4100
3132166154,127,4,2,-7,43,59,-4067
3132167154,127,1,3,-6,49,56,-4086
3132168154,127,5,-1,-4,60,71,-4088
3132169154,127,-3,1,-10,61,54,-4099
3132170154,127,3,1,-5,49,50,-4095
3132171154,127,1,-4,-12,68,54,-4098
3132172154,127,8,-2,-10,61,50,-4084
3132173154,127,2,-2,-8,70,76,-4076
3132174154,127,5,-1,-13,60,70,-4070
3132175154,127,5,-5,-6,63,69,-4082
3132176154,127,4,-6,-10,60,76,-4094
3132177154,127,8,-1,-7,70,65,-4097
3132178154,127,4,-5,-11,61,78,-4087
3132179154,127,11,-6,-4,62,67,-4097
3132180154,127,3,-3,-4,63,73,-4090
3132181154,127,6,-2,-7,55,58,-4084
3132182154,127,12,-4,-8,53,54,-4080
3132183154,127,4,-1,-10,69,67,-4091
3132184154,127,9,-4,-8,63,65,-4073
3132185154,127,6,-9,-7,39,76,-4096
3132186154,127,4,-1,-9,48,72,-4093
3132187154,127,6,-10,-10,45,77,-4108
3132188154,127,9,-5,-8,23,76,-4104
3132189154,127,5,0,-9,20,68,-4091
3132190154,127,9,-6,-10,34,58,-4085
3132191154,127,8,2,-9,51,60,-4065
3132192154,127,7,-6,-9,46,65,-4075
3132193154,127,1,-8,-3,58,60,-4093
3132194154,127,10,-9,-7,63,62,-4081
3132195154,127,3,-5,1,41,56,-4066
3132196154,127,7,-3,-4,47,53,-4057
3132197154,127,3,-6,-2,70,55,-4081
3132198154,127,7,-9,-7,63,60,-4076
3132199154,127,8,-7,-12,56,56,-4076
3132200154,127,5,0,-5,61,64,-4073
3132201154,127,6,2,-11,67,59,-4091
3132202154,127,11,-7,-7,63,53,-4084
3132203154,127,9,-7,-12,51,63,-4079
3132204154,127,5,-4,-7,38,76,-4101
3132205154,127,7,-6,-11,50,51,-4087
3132206154,127,8,-3,-10,41,50,-4084
3132207154,127,-1,2,-9,23,34,-4085
3132208154,127,7,-2,-9,37,46,-4097
3132209154,127,3,2,-8,51,43,-4095
3132210154,127,5,2,-4,53,46,-4086
3132211154,127,3,-3,-3,36,58,-4089
3132212154,127,2,3,-6,30,55,-4083
3132213154,127,3,1,-7,19,48,-4076
3132214154,127,0,1,-4,29,49,-4074
3132215154,127,-1,5,-6,20,67,-4091
3132216154,127,0,8,-6,28,54,-4092
3132217154,127,-2,10,-7,27,65,-4079
3132218154,127,1,11,-9,27,46,-4076
3132219154,127,5,14,-11,21,41,-4074
3132220154,127,-2,15,-7,35,52,-4068
3132221154,127,-2,13,-7,33,71,-4069
3132222154,127,1,14,-6,46,44,-4075
3132223154,127,-1,20,-2,67,51,-4066
3132224154,127,-4,11,0,43,61,-4099
3132225154,127,4,16,-9,57,58,-4080
3132226154,127,-2,23,-8,54,65,-4084
3132227154,127,-1,17,-6,58,62,-4069
3132228154,127,-2,25,-5,66,60,-4064
3132229154,127,-4,18,-10,55,56,-4077
3132230154,127,-6,22,-8,82,67,-4064
3132231154,127,-8,25,-5,76,53,-4062
3132232154,127,-4,17,-9,73,69,-4075
3132233154,127,-2,14,-7,83,72,-4068
3132234154,127,-6,15,-7,71,71,-4072
3132235154,127,-9,20,-7,78,72,-4084
3132236154,127,-7,17,-10,71,76,-4091
3132237154,126,-7,19,-9,56,70,-4084
3132238154,126,1,13,-11,61,65,-4090
3132239154,126,-6,15,-6,55,56,-4090
3132240154,126,-4,15,-11,61,60,-4086
3132241154,126,1,18,-11,57,63,-4103
3132242154,126,2,14,-9,59,55,-4075
3132243154,126,-3,13,-10,51,66,-4091
3132244154,126,-5,15,-5,54,68,-4096
3132245154,126,-4,10,-9,53,66,-4087
3132246154,126,-4,13,-6,56,59,-4087
3132247154,126,1,8,-7,52,59,-4089
3132248154,126,2,12,-6,38,53,-4078
3132249154,126,-3,11,-5,43,44,-4098
3132250154,126,-7,15,-9,41,60,-4097
3132251154,126,-3,9,-7,62,44,-4077
3132252154,126,-3,14,-6,52,54,-4084
3132253154,126,-4,9,-8,61,50,-4097
3132254154,126,-1,6,-11,60,50,-4084
3132255154,126,-5,13,-11,77,64,-4073
3132256154,126,5,4,-10,62,49,-4072
3132257154,126,-1,6,-10,69,55,-4087
3132258154,126,-1,11,-9,72,41,-4098
3132259154,126,-2,6,-5,58,55,-4082
3132260154,126,-2,10,-3,73,63,-4072
3132261154,126,-6,6,-1,66,78,-4097
3132262154,126,-2,8,-8,68,61,-4102
3132263154,126,-1,8,-13,71,59,-4084
3132264154,126,1,1,-9,61,51,-4091
3132265154,126,-2,0,-10,52,43,-4084
3132266154,126,-4,4,-4,52,61,-4094
3132267154,126,2,4,-9,64,59,-4117
3132268154,126,5,-2,-9,66,57,-4134
3132269154,126,2,1,-11,58,72,-4097
3132270154,126,-1,5,-6,25,46,-4082
3132271154,126,-3,4,-9,32,53,-4089
3132272154,126,-1,5,-3,62,76,-4121
3132273154,126,1,7,-6,53,73,-4119
3132274154,126,0,4,-1,58,57,-4102
3132275154,126,1,3,-6,58,70,-4089
3132276154,126,-3,9,-11,52,61,-4080
3132277154,126,-2,5,-2,59,75,-4083
3132278154,126,0,5,-11,60,59,-4062
3132279154,126,0,5,-6,65,67,-4083
3132280154,126,-1,1,-6,80,68,-4078
3132281154,126,2,3,-11,77,69,-4074
3132282154,126,-4,4,-9,55,55,-4081
3132283154,126,5,4,-13,71,48,-4079
3132284154,126,-2,2,-4,87,50,-4078
3132285154,126,7,0,-7,85,62,-4085
3132286154,126,6,3,-6,69,53,-4088
3132287154,126,3,-1,-6,63,58,-4083
3132288154,126,6,-5,-11,75,38,-4060
3132289154,126,3,-1,-6,80,54,-4092
3132290154,126,8,-13,-10,75,65,-4086
3132291154,126,-3,-2,-8,56,38,-4096
3132292154,126,-3,2,-8,68,58,-4098
3132293154,126,2,-8,-11,62,59,-4086
3132294154,126,0,-4,-7,60,51,-4087
3132295154,126,1,-7,-11,66,61,-4100
3132296154,126,3,-5,-9,57,58,-4089
3132297154,126,5,-6,-9,54,58,-4108
3132298154,126,8,-3,-6,80,72,-4097
3132299154,126,1,-7,-7,56,60,-4115
3132300154,126,7,-10,-7,91,55,-4136
3132301154,126,5,-10,-11,96,57,-4128
3132302154,126,6,-43,-7,24,-4,-4719
3132303154,126,130,63,-46,931,1630,-3037
3132304154,126,-61,37,-14,-1163,-1262,-3428
3132305154,126,-20,65,3,-517,-30,-5675
3132306154,126,-47,43,-20,1231,807,-3832
3132307154,126,9,-14,-12,168,121,-4155
3132308154,126,-15,-2,-1,-323,-33,-3699
3132309154,126,-6,12,-3,4,82,-4051
3132310154,126,3,5,-3,147,-21,-4172
3132311154,126,-13,-5,-13,233,-46,-3855
3132312154,126,-14,-11,-8,-73,93,-4121
3132313154,126,2,10,-7,59,104,-4135
3132314154,126,4,7,0,192,42,-4095
3132315154,126,-4,3,-12,162,47,-4078
3132316154,126,-11,4,-9,89,80,-4089
3132317154,126,5,-4,2,87,-4,-4088
3132318154,126,-2,2,-8,119,48,-4085
3132319154,126,-5,3,7,113,119,-4110
3132320154,126,0,-9,-11,47,114,-4155
3132321154,126,-3,0,-10,10,-5,-4101
3132322154,126,-7,-2,-2,21,22,-4048
3132323154,126,-5,2,-11,10,68,-4105
3132324154,126,-7,2,-3,14,81,-4139
3132325154,126,-4,-5,-11,36,81,-4127
3132326154,126,-4,-1,-10,33,65,-4120
3132327154,126,3,-3,-8,31,82,-4128
3132328154,126,2,-4,-8,38,73,-4113
3132329154,126,-3,-3,-6,39,70,-4107
3132330154,126,-1,-2,-14,47,47,-4077
